version 1.00
738
[1.164,-0.775966,-0.257996][1,0,0][30.0161,-61.0485,0][1.164,-0.775966,0.257996][1,0,0][29.9839,-61.0485,0][1.164,-0.775986,-0.257996][1,0,0][30.0161,-61.0485,0][1.164,-0.775986,-0.257996][1,0,0][30.0161,-61.0485,0][1.164,-0.775966,0.257996][1,0,0][29.9839,-61.0485,0][1.164,-0.775986,0.257996][1,0,0][29.9839,-61.0485,0][1.164,-0.775966,0.257996][0.992126,0.125984,0][29.9839,-61.0485,0][1.164,-0.775966,-0.257996][0.992126,0.125984,0][30.0161,-61.0485,0][1.067,3.31866e-05,-0.257996][0.992126,0.125984,0][30.0161,-61,0][1.067,3.31866e-05,0.257996][0.992126,0.125984,0][29.9839,-61,0][1.164,-0.775966,0.257996][0.992126,0.125984,0][29.9839,-61.0485,0][1.067,3.31866e-05,-0.257996][0.992126,0.125984,0][30.0161,-61,0][1.07864,-1.21247,0.257996][1,0,0][29.9839,-61.0758,0][1.07864,-1.21247,-0.257996][1,0,0][30.0161,-61.0758,0][1.07864,-1.21247,-0.257996][1,0,0][30.0161,-61.0758,0][1.07864,-1.21247,0.257996][1,0,0][29.9839,-61.0758,0][1.07864,-1.21247,-0.257996][1,0,0][30.0161,-61.0758,0][1.07864,-1.21247,0.257996][1,0,0][29.9839,-61.0758,0][1.261,-1.21247,0.257996][0.976378,0.220472,0][29.9839,-61.0758,0][1.261,-1.21247,-0.257996][0.976378,0.220472,0][30.0161,-61.0758,0][1.164,-0.775986,-0.257996][0.976378,0.220472,0][30.0161,-61.0485,0][1.164,-0.775986,0.257996][0.976378,0.220472,0][29.9839,-61.0485,0][1.261,-1.21247,0.257996][0.976378,0.220472,0][29.9839,-61.0758,0][1.164,-0.775986,-0.257996][0.976378,0.220472,0][30.0161,-61.0485,0][1.067,3.31866e-05,-0.257996][1,0,0][30.0161,-61,0][1.067,0.582034,-0.257996][1,0,0][30.0161,-60.9636,0][1.067,0.582034,0.257996][1,0,0][29.9839,-60.9636,0][1.067,3.31866e-05,0.257996][1,0,0][29.9839,-61,0][1.067,3.31866e-05,-0.257996][1,0,0][30.0161,-61,0][1.067,0.582034,0.257996][1,0,0][29.9839,-60.9636,0][1.067,-0.775966,0.257996][1,0,0][29.9839,-61.0485,0][1.067,3.31866e-05,-0.257996][1,0,0][30.0161,-61,0][1.067,3.31866e-05,0.257996][1,0,0][29.9839,-61,0][1.067,3.31866e-05,-0.257996][1,0,0][30.0161,-61,0][1.067,-0.775966,0.257996][1,0,0][29.9839,-61.0485,0][1.067,-0.775966,-0.257996][1,0,0][30.0161,-61.0485,0][1.067,0.582034,0.257996][1,0,0][29.9839,-60.9636,0][1.067,0.582034,-0.257996][1,0,0][30.0161,-60.9636,0][1.067,0.776034,0.257996][1,0,0][29.9839,-60.9515,0][1.067,0.582034,-0.257996][1,0,0][30.0161,-60.9636,0][1.067,0.776034,-0.257996][1,0,0][30.0161,-60.9515,0][1.067,0.776034,0.257996][1,0,0][29.9839,-60.9515,0][1.067,0.776034,0.257996][1,0,0][29.9839,-60.9515,0][1.067,0.776034,-0.257996][1,0,0][30.0161,-60.9515,0][1.067,1.16403,0.257996][1,0,0][29.9839,-60.9272,0][1.067,0.776034,-0.257996][1,0,0][30.0161,-60.9515,0][1.067,1.16403,-0.257996][1,0,0][30.0161,-60.9272,0][1.067,1.16403,0.257996][1,0,0][29.9839,-60.9272,0][1.067,1.35803,0.257996][1,0,0][29.9839,-60.9151,0][1.067,1.16403,0.257996][1,0,0][29.9839,-60.9272,0][1.067,1.35803,-0.257996][1,0,0][30.0161,-60.9151,0][1.067,1.16403,0.257996][1,0,0][29.9839,-60.9272,0][1.067,1.16403,-0.257996][1,0,0][30.0161,-60.9272,0][1.067,1.35803,-0.257996][1,0,0][30.0161,-60.9151,0][0.97,-0.775966,-0.257996][1,0,0][30.0161,-61.0485,0][0.97,-0.775966,0.257996][1,0,0][29.9839,-61.0485,0][0.97,-0.775966,0.257996][1,0,0][29.9839,-61.0485,0][0.97,-0.775966,0.257996][1,0,0][29.9839,-61.0485,0][0.97,-0.775966,-0.257996][1,0,0][30.0161,-61.0485,0][0.97,-0.775966,-0.257996][1,0,0][30.0161,-61.0485,0][-1.067,-1.16397,0.257996][0,-1,0][29.9839,-61.0728,0][-1.067,-1.16397,0.257996][0,-1,0][29.9839,-61.0728,0][-1.067,-1.16397,-0.257996][0,-1,0][30.0161,-61.0728,0][-1.067,-1.16397,0.257996][0,-1,0][29.9839,-61.0728,0][-1.067,-1.16397,-0.257996][0,-1,0][30.0161,-61.0728,0][-1.067,-1.16397,-0.257996][0,-1,0][30.0161,-61.0728,0][0.679,-0.581966,-0.257996][1,0,0][30.0161,-61.0364,0][0.679,-0.387966,-0.257996][1,0,0][30.0161,-61.0243,0][0.679,-0.581966,0.257996][1,0,0][29.9839,-61.0364,0][0.679,-0.581966,0.257996][1,0,0][29.9839,-61.0364,0][0.679,-1.16397,-0.257996][1,0,0][30.0161,-61.0728,0][0.679,-0.581966,-0.257996][1,0,0][30.0161,-61.0364,0][0.679,-0.581966,0.257996][1,0,0][29.9839,-61.0364,0][0.679,-0.387966,-0.257996][1,0,0][30.0161,-61.0243,0][0.679,-0.387966,0.257996][1,0,0][29.9839,-61.0243,0][0.679,-0.581966,0.257996][1,0,0][29.9839,-61.0364,0][0.679,-1.16397,0.257996][1,0,0][29.9839,-61.0728,0][0.679,-1.16397,-0.257996][1,0,0][30.0161,-61.0728,0][0.485,-0.193967,0.257996][1,0,0][29.9839,-61.0121,0][0.485,-0.193967,-0.257996][1,0,0][30.0161,-61.0121,0][0.485,0.388034,-0.257996][1,0,0][30.0161,-60.9757,0][0.485,0.388034,0.257996][1,0,0][29.9839,-60.9757,0][0.485,-0.193967,0.257996][1,0,0][29.9839,-61.0121,0][0.485,0.388034,-0.257996][1,0,0][30.0161,-60.9757,0][-0.0969986,-0.193967,-0.257996][1,0,0][30.0161,-61.0121,0][-0.0969986,-0.193967,0.257996][1,0,0][29.9839,-61.0121,0][-0.0969986,-0.387966,0.257996][1,0,0][29.9839,-61.0243,0][-0.0969986,-0.387966,0.257996][1,0,0][29.9839,-61.0243,0][-0.0969986,-0.387966,-0.257996][1,0,0][30.0161,-61.0243,0][-0.0969986,-0.193967,-0.257996][1,0,0][30.0161,-61.0121,0][-0.0969986,-1.35797,-0.257996][1,0,0][30.0161,-61.0849,0][-0.0969986,-0.581966,-0.257996][1,0,0][30.0161,-61.0364,0][-0.0969986,-0.581966,0.257996][1,0,0][29.9839,-61.0364,0][-0.0969986,-0.581966,0.257996][1,0,0][29.9839,-61.0364,0][-0.0969986,-1.35797,0.257996][1,0,0][29.9839,-61.0849,0][-0.0969986,-1.35797,-0.257996][1,0,0][30.0161,-61.0849,0][-0.679,-0.969966,-0.257996][0.968504,-0.244094,0][30.0161,-61.0606,0][-0.679,-0.969966,0.257996][0.968504,-0.244094,0][29.9839,-61.0606,0][-0.7275,-1.16396,0.257996][0.968504,-0.244094,0][29.9839,-61.0728,0][-0.7275,-1.16396,-0.257996][0.968504,-0.244094,0][30.0161,-61.0728,0][-0.679,-0.969966,-0.257996][0.968504,-0.244094,0][30.0161,-61.0606,0][-0.7275,-1.16396,0.257996][0.968504,-0.244094,0][29.9839,-61.0728,0][-0.7275,-1.16396,0.257996][1,0,0][29.9839,-61.0728,0][-0.7275,-1.16397,0.257996][1,0,0][29.9839,-61.0728,0][-0.7275,-1.16397,-0.257996][1,0,0][30.0161,-61.0728,0][-0.7275,-1.16396,-0.257996][1,0,0][30.0161,-61.0728,0][-0.7275,-1.16396,0.257996][1,0,0][29.9839,-61.0728,0][-0.7275,-1.16397,-0.257996][1,0,0][30.0161,-61.0728,0][-0.872998,0.194033,-0.257996][1,0,0][30.0161,-60.9879,0][-0.872998,0.194033,0.257996][1,0,0][29.9839,-60.9879,0][-0.872998,3.31866e-05,-0.257996][1,0,0][30.0161,-61,0][-0.872998,3.31866e-05,0.257996][1,0,0][29.9839,-61,0][-0.872998,3.31866e-05,-0.257996][1,0,0][30.0161,-61,0][-0.872998,0.194033,0.257996][1,0,0][29.9839,-60.9879,0][-0.970096,-0.969966,-0.257996][1,0,0][30.0161,-61.0606,0][-0.970096,-0.969966,-0.257996][1,0,0][30.0161,-61.0606,0][-0.970096,-0.969966,0.257996][1,0,0][29.9839,-61.0606,0][-0.970096,-0.969966,0.257996][1,0,0][29.9839,-61.0606,0][-0.970096,-0.969966,0.257996][1,0,0][29.9839,-61.0606,0][-0.970096,-0.969966,-0.257996][1,0,0][30.0161,-61.0606,0][-1.067,-0.775968,-0.257996][1,0,0][30.0161,-61.0485,0][-1.067,-0.775966,0.257996][1,0,0][29.9839,-61.0485,0][-1.067,-0.969966,0.257996][1,0,0][29.9839,-61.0606,0][-1.067,-0.969966,-0.257996][1,0,0][30.0161,-61.0606,0][-1.067,-0.775968,-0.257996][1,0,0][30.0161,-61.0485,0][-1.067,-0.969966,0.257996][1,0,0][29.9839,-61.0606,0][-1.067,-0.775968,-0.257996][1,0,0][30.0161,-61.0485,0][-1.067,-0.775966,-0.257996][1,0,0][30.0161,-61.0485,0][-1.067,-0.775966,0.257996][1,0,0][29.9839,-61.0485,0][-1.067,-0.775966,-0.257996][1,0,0][30.0161,-61.0485,0][-1.067,-0.581966,-0.257996][1,0,0][30.0161,-61.0364,0][-1.067,-0.581966,0.257996][1,0,0][29.9839,-61.0364,0][-1.067,-0.581966,0.257996][1,0,0][29.9839,-61.0364,0][-1.067,-0.775966,0.257996][1,0,0][29.9839,-61.0485,0][-1.067,-0.775966,-0.257996][1,0,0][30.0161,-61.0485,0][-1.067,1.16403,-0.257996][1,0,0][30.0161,-60.9272,0][-1.067,1.16403,0.257996][1,0,0][29.9839,-60.9272,0][-1.067,0.776034,0.257996][1,0,0][29.9839,-60.9515,0][-1.067,0.776034,0.257996][1,0,0][29.9839,-60.9515,0][-1.067,0.776034,-0.257996][1,0,0][30.0161,-60.9515,0][-1.067,1.16403,-0.257996][1,0,0][30.0161,-60.9272,0][-1.067,-0.87311,-0.257996][1,0,0][30.0161,-61.0546,0][-1.067,-0.87311,0.257996][1,0,0][29.9839,-61.0546,0][-1.0637,-0.898128,0.257996][0.968504,0.259843,0][29.9839,-61.0561,0][-1.0637,-0.898128,-0.257996][0.968504,0.259843,0][30.0161,-61.0561,0][-1.067,-0.87311,-0.257996][1,0,0][30.0161,-61.0546,0][-1.0637,-0.898128,0.257996][0.968504,0.259843,0][29.9839,-61.0561,0][-1.054,-0.92149,-0.257996][0.866142,0.496063,0][30.0161,-61.0576,0][-1.0637,-0.898128,-0.257996][0.968504,0.259843,0][30.0161,-61.0561,0][-1.0637,-0.898128,0.257996][0.968504,0.259843,0][29.9839,-61.0561,0][-1.0637,-0.898128,0.257996][0.968504,0.259843,0][29.9839,-61.0561,0][-1.054,-0.92149,0.257996][0.866142,0.496063,0][29.9839,-61.0576,0][-1.054,-0.92149,-0.257996][0.866142,0.496063,0][30.0161,-61.0576,0][-1.03858,-0.941574,-0.257996][0.708661,0.708661,0][30.0161,-61.0588,0][-1.054,-0.92149,-0.257996][0.866142,0.496063,0][30.0161,-61.0576,0][-1.054,-0.92149,0.257996][0.866142,0.496063,0][29.9839,-61.0576,0][-1.054,-0.92149,0.257996][0.866142,0.496063,0][29.9839,-61.0576,0][-1.03858,-0.941574,0.257996][0.708661,0.708661,0][29.9839,-61.0588,0][-1.03858,-0.941574,-0.257996][0.708661,0.708661,0][30.0161,-61.0588,0][-1.261,1.35803,-0.257996][0,1,0][30.0788,-61.0161,0][-1.261,1.35803,0.257996][0,1,0][30.0788,-60.9839,0][1.067,1.35803,-0.257996][0,1,0][29.9333,-61.0161,0][-1.261,1.35803,0.257996][0,1,0][30.0788,-60.9839,0][1.067,1.35803,0.257996][0,1,0][29.9333,-60.9839,0][1.067,1.35803,-0.257996][0,1,0][29.9333,-61.0161,0][0.873002,0.776034,-0.257996][0,1,0][29.9454,-61.0161,0][-1.067,0.776034,-0.257996][0,1,0][30.0667,-61.0161,0][0.873002,0.776034,0.257996][0,1,0][29.9454,-60.9839,0][-1.067,0.776034,-0.257996][0,1,0][30.0667,-61.0161,0][-1.067,0.776034,0.257996][0,1,0][30.0667,-60.9839,0][0.873002,0.776034,0.257996][0,1,0][29.9454,-60.9839,0][0.291,0.388034,-0.257996][0,1,0][29.9818,-61.0161,0][-1.067,0.388034,0.257996][0,1,0][30.0667,-60.9839,0][0.485,0.388034,0.257996][0,1,0][29.9697,-60.9839,0][-1.067,0.388034,0.257996][0,1,0][30.0667,-60.9839,0][0.291,0.388034,-0.257996][0,1,0][29.9818,-61.0161,0][-1.067,0.388034,-0.257996][0,1,0][30.0667,-61.0161,0][0.485,0.388034,-0.257996][0,1,0][29.9697,-61.0161,0][0.291,0.388034,-0.257996][0,1,0][29.9818,-61.0161,0][0.485,0.388034,0.257996][0,1,0][29.9697,-60.9839,0][-0.291,3.31866e-05,0.257996][0,1,0][30.0182,-60.9839,0][0.291,3.31866e-05,0.257996][0,1,0][29.9818,-60.9839,0][0.291,3.31866e-05,-0.257996][0,1,0][29.9818,-61.0161,0][-0.291,3.31866e-05,0.257996][0,1,0][30.0182,-60.9839,0][0.291,3.31866e-05,-0.257996][0,1,0][29.9818,-61.0161,0][-0.872998,3.31866e-05,-0.257996][0,1,0][30.0546,-61.0161,0][-0.291,3.31866e-05,0.257996][0,1,0][30.0182,-60.9839,0][-0.872998,3.31866e-05,-0.257996][0,1,0][30.0546,-61.0161,0][-0.872998,3.31866e-05,0.257996][0,1,0][30.0546,-60.9839,0][-0.0969986,-0.387966,-0.257996][0,1,0][30.0061,-61.0161,0][-0.0969986,-0.387966,0.257996][0,1,0][30.0061,-60.9839,0][0.679,-0.387966,-0.257996][0,1,0][29.9576,-61.0161,0][0.679,-0.387966,-0.257996][0,1,0][29.9576,-61.0161,0][-0.0969986,-0.387966,0.257996][0,1,0][30.0061,-60.9839,0][0.679,-0.387966,0.257996][0,1,0][29.9576,-60.9839,0][-0.291,-0.387966,-0.257996][0,1,0][30.0182,-61.0161,0][-1.261,-0.387966,-0.257996][0,1,0][30.0788,-61.0161,0][-0.291,-0.387966,0.257996][0,1,0][30.0182,-60.9839,0][-1.261,-0.387966,0.257996][0,1,0][30.0788,-60.9839,0][-0.291,-0.387966,0.257996][0,1,0][30.0182,-60.9839,0][-1.261,-0.387966,-0.257996][0,1,0][30.0788,-61.0161,0][0.97,-0.775966,0.257996][0,1,0][29.9394,-60.9839,0][1.0767,-0.775966,0.257996][0,1,0][29.9327,-60.9839,0][1.0767,-0.775966,-0.257996][0,1,0][29.9327,-61.0161,0][0.97,-0.775966,0.257996][0,1,0][29.9394,-60.9839,0][1.0767,-0.775966,-0.257996][0,1,0][29.9327,-61.0161,0][0.97,-0.775966,-0.257996][0,1,0][29.9394,-61.0161,0][-0.679,-0.969966,0.257996][0,1,0][30.0424,-60.9839,0][-0.679,-0.969966,-0.257996][0,1,0][30.0424,-61.0161,0][-0.7275,-0.969966,-0.257996][0,1,0][30.0455,-61.0161,0][-0.7275,-0.969966,0.257996][0,1,0][30.0455,-60.9839,0][-0.679,-0.969966,0.257996][0,1,0][30.0424,-60.9839,0][-0.7275,-0.969966,-0.257996][0,1,0][30.0455,-61.0161,0][-1.067,-0.969966,0.257996][0,1,0][30.0667,-60.9839,0][-0.872998,-0.969966,0.257996][0,1,0][30.0546,-60.9839,0][-1.067,-0.969966,-0.257996][0,1,0][30.0667,-61.0161,0][-0.7275,-0.969966,0.257996][0,1,0][30.0455,-60.9839,0][-0.7275,-0.969966,-0.257996][0,1,0][30.0455,-61.0161,0][-0.872998,-0.969966,0.257996][0,1,0][30.0546,-60.9839,0][-0.872998,-0.969966,0.257996][0,1,0][30.0546,-60.9839,0][-0.7275,-0.969966,-0.257996][0,1,0][30.0455,-61.0161,0][-1.067,-0.969966,-0.257996][0,1,0][30.0667,-61.0161,0][1.07864,-1.21247,-0.257996][0,1,0][29.9326,-61.0161,0][1.07864,-1.21247,0.257996][0,1,0][29.9326,-60.9839,0][1.261,-1.21247,-0.257996][0,1,0][29.9212,-61.0161,0][1.07864,-1.21247,0.257996][0,1,0][29.9326,-60.9839,0][1.261,-1.21247,0.257996][0,1,0][29.9212,-60.9839,0][1.261,-1.21247,-0.257996][0,1,0][29.9212,-61.0161,0][-0.970096,-0.969966,-0.257996][0,1,0][30.0606,-61.0161,0][-0.995122,-0.966664,-0.257996][0.259843,0.968504,0][30.0622,-61.0161,0][-0.970096,-0.969966,0.257996][0,1,0][30.0606,-60.9839,0][-0.995122,-0.966664,0.257996][0.259843,0.968504,0][30.0622,-60.9839,0][-0.970096,-0.969966,0.257996][0,1,0][30.0606,-60.9839,0][-0.995122,-0.966664,-0.257996][0.259843,0.968504,0][30.0622,-61.0161,0][-0.995122,-0.966664,-0.257996][0.259843,0.968504,0][30.0622,-61.0161,0][-1.0185,-0.95698,-0.257996][0.496063,0.866142,0][30.0637,-61.0161,0][-0.995122,-0.966664,0.257996][0.259843,0.968504,0][30.0622,-60.9839,0][-1.0185,-0.95698,0.257996][0.496063,0.866142,0][30.0637,-60.9839,0][-0.995122,-0.966664,0.257996][0.259843,0.968504,0][30.0622,-60.9839,0][-1.0185,-0.95698,-0.257996][0.496063,0.866142,0][30.0637,-61.0161,0][-1.0185,-0.95698,-0.257996][0.496063,0.866142,0][30.0637,-61.0161,0][-1.03858,-0.941574,-0.257996][0.708661,0.708661,0][30.0649,-61.0161,0][-1.03858,-0.941574,0.257996][0.708661,0.708661,0][30.0649,-60.9839,0][-1.03858,-0.941574,0.257996][0.708661,0.708661,0][30.0649,-60.9839,0][-1.0185,-0.95698,0.257996][0.496063,0.866142,0][30.0637,-60.9839,0][-1.0185,-0.95698,-0.257996][0.496063,0.866142,0][30.0637,-61.0161,0][1.164,-1.21247,0.257996][1,0,0][30.0728,-61.0758,0][1.164,-0.775986,0.257996][1,0,0][30.0728,-61.0485,0][1.164,-0.775966,0.257996][1,0,0][30.0728,-61.0485,0][1.164,-0.775986,0.257996][1,0,0][30.0728,-61.0485,0][1.164,-1.21247,0.257996][1,0,0][30.0728,-61.0758,0][1.164,-1.21247,0.257996][1,0,0][30.0728,-61.0758,0][1.164,-0.775966,-0.257996][0.992126,0.125984,0][30.0728,-61.0485,0][1.164,-0.775966,-0.257996][0.992126,0.125984,0][30.0728,-61.0485,0][1.164,-0.775966,-0.257996][0.992126,0.125984,0][30.0728,-61.0485,0][1.07864,-0.775966,-0.257996][1,0,0][30.0674,-61.0485,0][1.07864,-1.21247,-0.257996][1,0,0][30.0674,-61.0758,0][1.07864,-0.775966,-0.257996][1,0,0][30.0674,-61.0485,0][1.07864,-1.21247,-0.257996][1,0,0][30.0674,-61.0758,0][1.07864,-0.775966,-0.257996][1,0,0][30.0674,-61.0485,0][1.07864,-1.21247,-0.257996][1,0,0][30.0674,-61.0758,0][1.07864,-1.26096,0.257996][1,0,0][30.0674,-61.0788,0][1.07864,-1.21247,0.257996][1,0,0][30.0674,-61.0758,0][1.07864,-1.21247,0.257996][1,0,0][30.0674,-61.0758,0][1.07864,-1.21247,0.257996][1,0,0][30.0674,-61.0758,0][1.07864,-1.26096,0.257996][1,0,0][30.0674,-61.0788,0][1.07864,-1.26096,0.257996][1,0,0][30.0674,-61.0788,0][1.164,-0.775966,-0.257996][0.976378,0.220472,0][30.0728,-61.0485,0][1.164,-0.775966,-0.257996][0.976378,0.220472,0][30.0728,-61.0485,0][1.164,-0.775986,-0.257996][0.976378,0.220472,0][30.0728,-61.0485,0][1.261,-1.21247,-0.257996][0.976378,0.220472,0][30.0788,-61.0758,0][1.164,-0.775966,-0.257996][0.976378,0.220472,0][30.0728,-61.0485,0][1.164,-0.775986,-0.257996][0.976378,0.220472,0][30.0728,-61.0485,0][-1.067,0.582034,-0.257996][1,0,0][29.9333,-60.9636,0][-1.067,0.582034,0.257996][1,0,0][29.9333,-60.9636,0][-1.067,0.582034,-0.257996][1,0,0][29.9333,-60.9636,0][-1.067,0.582034,0.257996][1,0,0][29.9333,-60.9636,0][-1.067,0.582034,0.257996][1,0,0][29.9333,-60.9636,0][-1.067,0.582034,-0.257996][1,0,0][29.9333,-60.9636,0][1.067,3.31866e-05,-0.257996][1,0,0][30.0667,-61,0][1.067,3.31866e-05,-0.257996][1,0,0][30.0667,-61,0][1.067,3.31866e-05,-0.257996][1,0,0][30.0667,-61,0][1.067,3.31866e-05,-0.257996][1,0,0][30.0667,-61,0][1.067,3.31866e-05,-0.257996][1,0,0][30.0667,-61,0][1.067,3.31866e-05,-0.257996][1,0,0][30.0667,-61,0][1.067,3.31866e-05,-0.257996][1,0,0][30.0667,-61,0][1.067,3.31866e-05,-0.257996][1,0,0][30.0667,-61,0][1.067,-0.775966,-0.257996][1,0,0][30.0667,-61.0485,0][1.067,-0.775966,-0.257996][1,0,0][30.0667,-61.0485,0][1.067,3.31866e-05,-0.257996][1,0,0][30.0667,-61,0][1.067,3.31866e-05,-0.257996][1,0,0][30.0667,-61,0][1.067,3.31866e-05,-0.257996][1,0,0][30.0667,-61,0][1.067,3.31866e-05,0.257996][1,0,0][30.0667,-61,0][1.067,3.31866e-05,-0.257996][1,0,0][30.0667,-61,0][0.873002,3.31866e-05,-0.257996][-0.992126,-0.125984,0][30.0546,-61,0][0.873002,3.31866e-05,-0.257996][-0.992126,-0.125984,0][30.0546,-61,0][0.873002,3.31866e-05,0.257996][-0.992126,-0.125984,0][30.0546,-61,0][0.873002,3.31866e-05,-0.257996][-0.992126,-0.125984,0][30.0546,-61,0][0.873002,3.31866e-05,-0.257996][-0.992126,-0.125984,0][30.0546,-61,0][0.97,-0.775966,-0.257996][-0.992126,-0.125984,0][30.0606,-61.0485,0][0.97,-0.77593,-0.257996][-0.992126,-0.125984,0][30.0606,-61.0485,0][0.873002,3.31866e-05,-0.257996][-0.992126,-0.125984,0][30.0546,-61,0][0.97,-0.775966,-0.257996][-0.992126,-0.125984,0][30.0606,-61.0485,0][0.873002,3.31866e-05,-0.257996][-0.992126,-0.125984,0][30.0546,-61,0][0.97,-0.775966,-0.257996][-0.992126,-0.125984,0][30.0606,-61.0485,0][0.97,-0.775966,-0.257996][-0.992126,-0.125984,0][30.0606,-61.0485,0][0.97,-0.775966,-0.257996][-0.992126,-0.125984,0][30.0606,-61.0485,0][0.97,-0.775966,0.257996][-0.992126,-0.125984,0][30.0606,-61.0485,0][0.97,-0.775966,0.257996][-0.992126,-0.125984,0][30.0606,-61.0485,0][0.97,3.31866e-05,-0.257996][1,0,0][30.0606,-61,0][0.97,3.31866e-05,-0.257996][1,0,0][30.0606,-61,0][0.97,-0.775966,-0.257996][1,0,0][30.0606,-61.0485,0][0.97,3.31866e-05,-0.257996][1,0,0][30.0606,-61,0][0.97,-0.775966,-0.257996][1,0,0][30.0606,-61.0485,0][0.97,-0.775966,-0.257996][1,0,0][30.0606,-61.0485,0][0.97,-0.775966,0.257996][1,0,0][30.0606,-61.0485,0][0.97,-0.775966,0.257996][1,0,0][30.0606,-61.0485,0][0.97,-0.775966,-0.257996][1,0,0][30.0606,-61.0485,0][0.97,-0.775966,0.257996][1,0,0][30.0606,-61.0485,0][0.97,-0.775966,0.257996][1,0,0][30.0606,-61.0485,0][0.97,-0.775966,0.257996][1,0,0][30.0606,-61.0485,0][1.261,-1.21247,-0.257996][0.259843,-0.968504,0][30.0788,-61.0758,0][1.261,-1.21247,-0.257996][0.259843,-0.968504,0][30.0788,-61.0758,0][1.07864,-1.26097,-0.257996][0.259843,-0.968504,0][30.0674,-61.0788,0][1.07864,-1.26097,-0.257996][0.259843,-0.968504,0][30.0674,-61.0788,0][1.07864,-1.26097,-0.257996][0.259843,-0.968504,0][30.0674,-61.0788,0][1.261,-1.21247,-0.257996][0.259843,-0.968504,0][30.0788,-61.0758,0][-1.261,-0.9699,-0.257996][-1,0,0][29.9212,-61.0606,0][-1.261,-0.96996,-0.257996][-1,0,0][29.9212,-61.0606,0][-1.261,-0.969906,-0.257996][-1,0,0][29.9212,-61.0606,0][-1.261,-0.775966,0.257996][-1,0,0][29.9212,-61.0485,0][-1.261,-0.969906,0.257996][-1,0,0][29.9212,-61.0606,0][-1.261,-0.969966,0.257996][-1,0,0][29.9212,-61.0606,0][-1.261,-0.9699,-0.257996][-1,0,0][29.9212,-61.0606,0][-1.261,-0.9699,-0.257996][-1,0,0][29.9212,-61.0606,0][-1.261,-0.969906,-0.257996][-1,0,0][29.9212,-61.0606,0][-1.261,-0.935688,-0.257996][-1,0,0][29.9212,-61.0585,0][-1.261,-0.9699,-0.257996][-1,0,0][29.9212,-61.0606,0][-1.261,-0.9699,-0.257996][-1,0,0][29.9212,-61.0606,0][-1.261,-0.9699,-0.257996][-1,0,0][29.9212,-61.0606,0][-1.261,-0.935688,-0.257996][-1,0,0][29.9212,-61.0585,0][-1.261,-0.969966,-0.257996][-1,0,0][29.9212,-61.0606,0][-1.261,-0.9699,-0.257996][-1,0,0][29.9212,-61.0606,0][-1.261,-0.969966,-0.257996][-1,0,0][29.9212,-61.0606,0][-1.261,-0.969966,-0.257996][-1,0,0][29.9212,-61.0606,0][-1.261,-0.935688,-0.257996][-1,0,0][29.9212,-61.0585,0][-1.261,-0.906822,-0.257996][-1,0,0][29.9212,-61.0567,0][-1.261,-0.969966,-0.257996][-1,0,0][29.9212,-61.0606,0][-1.261,-0.775966,-0.257996][-1,0,0][29.9212,-61.0485,0][-1.261,-0.581966,-0.257996][-1,0,0][29.9212,-61.0364,0][-1.261,-0.969966,-0.257996][-1,0,0][29.9212,-61.0606,0][-1.261,-0.906822,-0.257996][-1,0,0][29.9212,-61.0567,0][-1.261,-0.775966,-0.257996][-1,0,0][29.9212,-61.0485,0][-1.261,-0.969966,-0.257996][-1,0,0][29.9212,-61.0606,0][-1.261,-0.387966,-0.257996][-1,0,0][29.9212,-61.0243,0][-1.261,-0.969966,-0.257996][-1,0,0][29.9212,-61.0606,0][-1.261,-0.581966,-0.257996][-1,0,0][29.9212,-61.0364,0][-1.261,-0.581966,-0.257996][-1,0,0][29.9212,-61.0364,0][-1.261,-0.387966,-0.257996][-1,0,0][29.9212,-61.0243,0][-1.261,-0.387966,-0.257996][-1,0,0][29.9212,-61.0243,0][-1.261,-0.969966,0.257996][-1,0,0][29.9212,-61.0606,0][-1.261,-0.775966,0.257996][-1,0,0][29.9212,-61.0485,0][-1.261,-0.969966,0.257996][-1,0,0][29.9212,-61.0606,0][-1.067,-1.16397,0.257996][0,-1,0][29.9333,-61.0728,0][-1.067,-1.16397,0.257996][0,-1,0][29.9333,-61.0728,0][-1.067,-1.16397,0.257996][0,-1,0][29.9333,-61.0728,0][-1.067,-1.16397,0.257996][0,-1,0][29.9333,-61.0728,0][-1.067,-1.16397,0.257996][0,-1,0][29.9333,-61.0728,0][-1.067,-1.16397,0.257996][0,-1,0][29.9333,-61.0728,0][-1.067,-0.193967,-0.257996][-1,0,0][29.9333,-61.0121,0][-1.067,3.31866e-05,-0.257996][-1,0,0][29.9333,-61,0][-1.067,3.31866e-05,-0.257996][-1,0,0][29.9333,-61,0][-1.067,0.388034,-0.257996][-1,0,0][29.9333,-60.9757,0][-1.067,3.31866e-05,-0.257996][-1,0,0][29.9333,-61,0][-1.067,0.194033,-0.257996][-1,0,0][29.9333,-60.9879,0][-1.067,3.31866e-05,-0.257996][-1,0,0][29.9333,-61,0][-1.067,3.31866e-05,-0.257996][-1,0,0][29.9333,-61,0][-1.067,3.31866e-05,0.257996][-1,0,0][29.9333,-61,0][-1.067,3.31866e-05,-0.257996][-1,0,0][29.9333,-61,0][-1.067,3.31866e-05,-0.257996][-1,0,0][29.9333,-61,0][-1.067,-0.193967,-0.257996][-1,0,0][29.9333,-61.0121,0][-1.067,3.31866e-05,-0.257996][-1,0,0][29.9333,-61,0][-1.067,-0.193967,-0.257996][-1,0,0][29.9333,-61.0121,0][-1.067,-0.193967,-0.257996][-1,0,0][29.9333,-61.0121,0][-1.067,-0.193967,-0.257996][-1,0,0][29.9333,-61.0121,0][-1.067,-0.193967,0.257996][-1,0,0][29.9333,-61.0121,0][-1.067,-0.193967,0.257996][-1,0,0][29.9333,-61.0121,0][-1.067,-0.193967,0.257996][-1,0,0][29.9333,-61.0121,0][-1.067,-0.193967,-0.257996][-1,0,0][29.9333,-61.0121,0][-1.067,-0.193967,-0.257996][-1,0,0][29.9333,-61.0121,0][-1.067,-0.193967,-0.257996][-1,0,0][29.9333,-61.0121,0][-1.067,-0.193967,-0.257996][-1,0,0][29.9333,-61.0121,0][-1.067,-0.193967,-0.257996][-1,0,0][29.9333,-61.0121,0][-1.067,0.194033,-0.257996][-1,0,0][29.9333,-60.9879,0][-1.067,0.388034,-0.257996][-1,0,0][29.9333,-60.9757,0][-1.067,0.388034,-0.257996][-1,0,0][29.9333,-60.9757,0][-1.067,-1.16397,0.257996][-1,0,0][29.9333,-61.0728,0][-1.067,-0.775966,0.257996][-1,0,0][29.9333,-61.0485,0][-1.067,-0.969966,0.257996][-1,0,0][29.9333,-61.0606,0][-1.067,-0.969966,0.257996][-1,0,0][29.9333,-61.0606,0][-1.067,-0.969966,0.257996][-1,0,0][29.9333,-61.0606,0][-1.067,-1.16397,0.257996][-1,0,0][29.9333,-61.0728,0][-1.067,-0.969966,0.257996][-1,0,0][29.9333,-61.0606,0][-1.067,-1.16397,0.257996][-1,0,0][29.9333,-61.0728,0][-1.067,-1.16397,0.257996][-1,0,0][29.9333,-61.0728,0][-1.067,-1.16397,0.257996][-1,0,0][29.9333,-61.0728,0][-1.067,-1.16397,0.257996][-1,0,0][29.9333,-61.0728,0][-1.067,-1.16397,0.257996][-1,0,0][29.9333,-61.0728,0][-1.067,-1.16397,0.257996][-1,0,0][29.9333,-61.0728,0][-1.067,-1.16397,0.257996][-1,0,0][29.9333,-61.0728,0][-1.067,-1.16397,-0.257996][-1,0,0][29.9333,-61.0728,0][-1.067,-1.16397,0.257996][-1,0,0][29.9333,-61.0728,0][-1.067,-1.16397,0.257996][-1,0,0][29.9333,-61.0728,0][-1.067,-1.16397,-0.257996][-1,0,0][29.9333,-61.0728,0][-1.067,-0.969966,0.257996][-1,0,0][29.9333,-61.0606,0][-1.067,-0.775966,0.257996][-1,0,0][29.9333,-61.0485,0][-1.067,-0.775966,0.257996][-1,0,0][29.9333,-61.0485,0][-1.067,-1.16397,-0.257996][-1,0,0][29.9333,-61.0728,0][-1.067,-1.16397,0.257996][-1,0,0][29.9333,-61.0728,0][-1.067,-1.16397,-0.257996][-1,0,0][29.9333,-61.0728,0][-1.067,-1.16397,0.257996][-1,0,0][29.9333,-61.0728,0][-1.067,-1.16397,0.257996][-1,0,0][29.9333,-61.0728,0][-1.067,-1.16397,0.257996][-1,0,0][29.9333,-61.0728,0][-1.067,-0.969966,-0.257996][-1,0,0][29.9333,-61.0606,0][-1.067,-1.16397,-0.257996][-1,0,0][29.9333,-61.0728,0][-1.067,-1.16397,-0.257996][-1,0,0][29.9333,-61.0728,0][-1.067,-0.969966,-0.257996][-1,0,0][29.9333,-61.0606,0][-1.067,-0.969966,-0.257996][-1,0,0][29.9333,-61.0606,0][-1.067,-1.16397,-0.257996][-1,0,0][29.9333,-61.0728,0][0.291,0.388034,-0.257996][0,1,0][30.0182,-60.9757,0][0.291,0.388034,-0.257996][0,1,0][30.0182,-60.9757,0][0.485,0.388034,-0.257996][0,1,0][30.0303,-60.9757,0][0.485,0.388034,-0.257996][0,1,0][30.0303,-60.9757,0][0.485,0.388034,-0.257996][0,1,0][30.0303,-60.9757,0][0.291,0.388034,-0.257996][0,1,0][30.0182,-60.9757,0][0.291,0.388034,-0.257996][0,1,0][30.0182,-60.9757,0][0.485,0.388034,-0.257996][0,1,0][30.0303,-60.9757,0][0.485,0.388034,-0.257996][0,1,0][30.0303,-60.9757,0][0.485,0.388034,-0.257996][0,1,0][30.0303,-60.9757,0][0.485,0.388034,0.257996][0,1,0][30.0303,-60.9757,0][0.485,0.388034,-0.257996][0,1,0][30.0303,-60.9757,0][0.485,0.388034,0.257996][0,1,0][30.0303,-60.9757,0][0.485,0.388034,0.257996][0,1,0][30.0303,-60.9757,0][0.485,0.388034,-0.257996][0,1,0][30.0303,-60.9757,0][1.0767,-1.21247,0.257996][0,-1,0][30.0673,-61.0758,0][1.0767,-1.21247,0.257996][0,-1,0][30.0673,-61.0758,0][1.07864,-1.21247,0.257996][0,-1,0][30.0674,-61.0758,0][1.164,-1.21247,0.257996][0,-1,0][30.0728,-61.0758,0][1.0767,-1.21247,0.257996][0,-1,0][30.0673,-61.0758,0][1.07864,-1.21247,0.257996][0,-1,0][30.0674,-61.0758,0][1.164,-1.21247,0.257996][0,-1,0][30.0728,-61.0758,0][1.164,-1.21247,0.257996][0,-1,0][30.0728,-61.0758,0][1.164,-1.21247,0.257996][0,-1,0][30.0728,-61.0758,0][1.164,-1.21247,-0.257996][0,-1,0][30.0728,-61.0758,0][1.164,-1.21247,0.257996][0,-1,0][30.0728,-61.0758,0][1.164,-1.21247,0.257996][0,-1,0][30.0728,-61.0758,0][1.164,-1.21247,0.257996][0,-1,0][30.0728,-61.0758,0][1.164,-1.21247,0.257996][0,-1,0][30.0728,-61.0758,0][1.164,-1.21247,0.257996][0,-1,0][30.0728,-61.0758,0][-0.872998,-1.16397,0.257996][0,-1,0][29.9454,-61.0728,0][-1.067,-1.16397,0.257996][0,-1,0][29.9333,-61.0728,0][-1.067,-1.16397,0.257996][0,-1,0][29.9333,-61.0728,0][-1.067,-1.16397,-0.257996][0,-1,0][29.9333,-61.0728,0][-1.067,-1.16397,0.257996][0,-1,0][29.9333,-61.0728,0][-1.067,-1.16397,-0.257996][0,-1,0][29.9333,-61.0728,0][-1.067,-1.16397,0.257996][0,-1,0][29.9333,-61.0728,0][-1.067,-1.16397,0.257996][0,-1,0][29.9333,-61.0728,0][-1.067,-1.16397,-0.257996][0,-1,0][29.9333,-61.0728,0][-1.067,-1.16397,0.257996][0,-1,0][29.9333,-61.0728,0][-1.067,-1.16397,-0.257996][0,-1,0][29.9333,-61.0728,0][-1.067,-1.16397,-0.257996][0,-1,0][29.9333,-61.0728,0][-1.067,-1.16397,-0.257996][0,-1,0][29.9333,-61.0728,0][-1.067,-1.16397,-0.257996][0,-1,0][29.9333,-61.0728,0][-1.067,-1.16397,-0.257996][0,-1,0][29.9333,-61.0728,0][-0.872998,-1.16397,-0.257996][0,-1,0][29.9454,-61.0728,0][-1.067,-1.16397,-0.257996][0,-1,0][29.9333,-61.0728,0][-1.067,-1.16397,-0.257996][0,-1,0][29.9333,-61.0728,0][-1.067,-1.16397,-0.257996][0,-1,0][29.9333,-61.0728,0][-0.7275,-1.16397,-0.257996][0,-1,0][29.9545,-61.0728,0][-0.872998,-1.16397,-0.257996][0,-1,0][29.9454,-61.0728,0][-0.872998,-1.16397,-0.257996][0,-1,0][29.9454,-61.0728,0][-0.7275,-1.16397,-0.257996][0,-1,0][29.9545,-61.0728,0][-0.872998,-1.16397,-0.257996][0,-1,0][29.9454,-61.0728,0][-0.7275,-1.16397,0.257996][0,-1,0][29.9545,-61.0728,0][-0.872998,-1.16397,0.257996][0,-1,0][29.9454,-61.0728,0][-0.7275,-1.16397,0.257996][0,-1,0][29.9545,-61.0728,0][0.291,3.31866e-05,0.257996][0,1,0][30.0182,-61,0][-0.291,3.31866e-05,0.257996][0,1,0][29.9818,-61,0][0.485,3.31866e-05,0.257996][0,1,0][30.0303,-61,0][0.485,3.31866e-05,0.257996][0,1,0][30.0303,-61,0][0.291,3.31866e-05,0.257996][0,1,0][30.0182,-61,0][0.485,3.31866e-05,0.257996][0,1,0][30.0303,-61,0][-0.872998,3.31866e-05,0.257996][0,1,0][29.9454,-61,0][-1.067,3.31866e-05,0.257996][0,1,0][29.9333,-61,0][-0.291,3.31866e-05,0.257996][0,1,0][29.9818,-61,0][-1.067,3.31866e-05,0.257996][0,1,0][29.9333,-61,0][-0.872998,3.31866e-05,0.257996][0,1,0][29.9454,-61,0][-1.067,3.31866e-05,0.257996][0,1,0][29.9333,-61,0][-1.067,3.31866e-05,-0.257996][0,1,0][29.9333,-61,0][-1.067,3.31866e-05,0.257996][0,1,0][29.9333,-61,0][-1.067,3.31866e-05,0.257996][0,1,0][29.9333,-61,0][-1.067,3.31866e-05,-0.257996][0,1,0][29.9333,-61,0][-1.067,3.31866e-05,-0.257996][0,1,0][29.9333,-61,0][-1.067,3.31866e-05,0.257996][0,1,0][29.9333,-61,0][1.0767,-0.775966,-0.257996][0,-1,0][30.0673,-61.0485,0][1.067,-0.775966,-0.257996][0,-1,0][30.0667,-61.0485,0][1.164,-0.775966,-0.257996][0,-1,0][30.0728,-61.0485,0][1.067,-0.775966,-0.257996][0,-1,0][30.0667,-61.0485,0][1.164,-0.775966,-0.257996][0,-1,0][30.0728,-61.0485,0][1.164,-0.775966,-0.257996][0,-1,0][30.0728,-61.0485,0][1.164,-0.775966,-0.257996][0,-1,0][30.0728,-61.0485,0][1.164,-0.775966,-0.257996][0,-1,0][30.0728,-61.0485,0][1.164,-0.775966,-0.257996][0,-1,0][30.0728,-61.0485,0][1.164,-0.775966,-0.257996][0,-1,0][30.0728,-61.0485,0][1.164,-0.775966,-0.257996][0,-1,0][30.0728,-61.0485,0][1.164,-0.775966,-0.257996][0,-1,0][30.0728,-61.0485,0][0.97,-0.775966,-0.257996][0,-1,0][30.0606,-61.0485,0][0.97,-0.775966,-0.257996][0,-1,0][30.0606,-61.0485,0][0.97,-0.775966,0.257996][0,-1,0][30.0606,-61.0485,0][0.97,-0.775966,0.257996][0,-1,0][30.0606,-61.0485,0][0.97,-0.775966,-0.257996][0,-1,0][30.0606,-61.0485,0][0.97,-0.775966,0.257996][0,-1,0][30.0606,-61.0485,0][0.97,-0.775966,0.257996][0,-1,0][30.0606,-61.0485,0][0.97,-0.775966,0.257996][0,-1,0][30.0606,-61.0485,0][1.067,-0.775966,0.257996][0,-1,0][30.0667,-61.0485,0][-0.291,-0.387966,0.257996][0,1,0][29.9818,-61.0243,0][0.679,-0.387966,0.257996][0,1,0][30.0424,-61.0243,0][-0.0969986,-0.387966,0.257996][0,1,0][29.9939,-61.0243,0][0.679,-0.387966,0.257996][0,1,0][30.0424,-61.0243,0][-0.291,-0.387966,0.257996][0,1,0][29.9818,-61.0243,0][-1.261,-0.387966,0.257996][0,1,0][29.9212,-61.0243,0][0.485,0.388034,-0.257996][1,0,0][30.0303,-60.9757,0][0.485,0.388034,-0.257996][1,0,0][30.0303,-60.9757,0][0.485,0.388034,0.257996][1,0,0][30.0303,-60.9757,0][0.485,0.388034,0.257996][1,0,0][30.0303,-60.9757,0][0.485,0.388034,-0.257996][1,0,0][30.0303,-60.9757,0][0.485,0.388034,-0.257996][1,0,0][30.0303,-60.9757,0][0.485,0.388034,-0.257996][1,0,0][30.0303,-60.9757,0][0.485,0.388034,0.257996][1,0,0][30.0303,-60.9757,0][0.485,0.388034,0.257996][1,0,0][30.0303,-60.9757,0][0.485,0.388034,0.257996][1,0,0][30.0303,-60.9757,0][0.485,0.388034,0.257996][1,0,0][30.0303,-60.9757,0][0.485,0.388034,0.257996][1,0,0][30.0303,-60.9757,0][0.485,0.388034,0.257996][1,0,0][30.0303,-60.9757,0][0.485,0.388034,0.257996][1,0,0][30.0303,-60.9757,0][0.485,0.194033,0.257996][1,0,0][30.0303,-60.9879,0][0.485,0.194033,0.257996][1,0,0][30.0303,-60.9879,0][0.485,0.388034,0.257996][1,0,0][30.0303,-60.9757,0][0.485,0.194033,0.257996][1,0,0][30.0303,-60.9879,0][0.485,-0.193967,0.257996][1,0,0][30.0303,-61.0121,0][0.485,3.31866e-05,0.257996][1,0,0][30.0303,-61,0][0.485,3.31866e-05,0.257996][1,0,0][30.0303,-61,0][0.485,3.31866e-05,0.257996][1,0,0][30.0303,-61,0][0.485,-0.193967,0.257996][1,0,0][30.0303,-61.0121,0][0.485,-0.193967,0.257996][1,0,0][30.0303,-61.0121,0][-1.067,-0.775966,0.257996][0,0,1][29.9333,-61.0485,0][-1.067,-0.969966,0.257996][0,0,1][29.9333,-61.0606,0][-1.067,-0.775966,0.257996][0,0,1][29.9333,-61.0485,0][-1.067,-0.969966,0.257996][0,0,1][29.9333,-61.0606,0][-1.067,-0.775966,0.257996][0,0,1][29.9333,-61.0485,0][-1.067,-1.16397,0.257996][0,0,1][29.9333,-61.0728,0][-1.067,-0.775966,0.257996][0,0,1][29.9333,-61.0485,0][-1.067,-0.775966,0.257996][0,0,1][29.9333,-61.0485,0][-1.067,-0.775966,0.257996][0,0,1][29.9333,-61.0485,0][-1.067,-0.775966,0.257996][0,0,1][29.9333,-61.0485,0][-1.261,-0.969966,0.257996][0,0,1][29.9212,-61.0606,0][-1.067,-0.969966,0.257996][0,0,1][29.9333,-61.0606,0][-1.261,-0.969966,0.257996][0,0,1][29.9212,-61.0606,0][-1.067,-0.775966,0.257996][0,0,1][29.9333,-61.0485,0][-1.261,-0.775966,0.257996][0,0,1][29.9212,-61.0485,0][-1.067,-0.775966,0.257996][0,0,1][29.9333,-61.0485,0][-1.067,-0.969966,0.257996][0,0,1][29.9333,-61.0606,0][-1.067,-0.775966,0.257996][0,0,1][29.9333,-61.0485,0][-1.261,-0.775966,0.257996][0,0,1][29.9212,-61.0485,0][-1.067,-0.775966,0.257996][0,0,1][29.9333,-61.0485,0][-1.261,-0.581966,0.257996][0,0,1][29.9212,-61.0364,0][-1.067,-0.775966,0.257996][0,0,1][29.9333,-61.0485,0][-1.261,-0.775966,0.257996][0,0,1][29.9212,-61.0485,0][-1.067,-0.775966,0.257996][0,0,1][29.9333,-61.0485,0][-1.261,-0.775966,0.257996][0,0,1][29.9212,-61.0485,0][-1.067,-0.775966,0.257996][0,0,1][29.9333,-61.0485,0][-1.067,-0.775966,0.257996][0,0,1][29.9333,-61.0485,0][-1.067,-0.775966,0.257996][0,0,1][29.9333,-61.0485,0][-1.067,-0.775966,0.257996][0,0,1][29.9333,-61.0485,0][-1.067,-0.775966,0.257996][0,0,1][29.9333,-61.0485,0][-1.067,-0.775966,0.257996][0,0,1][29.9333,-61.0485,0][-1.067,-0.775966,0.257996][0,0,1][29.9333,-61.0485,0][-1.067,-0.581966,0.257996][0,0,1][29.9333,-61.0364,0][-1.067,-0.775966,0.257996][0,0,1][29.9333,-61.0485,0][-1.067,-0.775966,0.257996][0,0,1][29.9333,-61.0485,0][-1.067,-0.775966,0.257996][0,0,1][29.9333,-61.0485,0][-1.067,-0.775966,0.257996][0,0,1][29.9333,-61.0485,0][-1.067,-0.775966,0.257996][0,0,1][29.9333,-61.0485,0][-1.067,-0.775966,0.257996][0,0,1][29.9333,-61.0485,0][-1.067,-0.581966,0.257996][0,0,1][29.9333,-61.0364,0][-1.261,-0.581966,0.257996][0,0,1][29.9212,-61.0364,0][-1.067,-0.775966,0.257996][0,0,1][29.9333,-61.0485,0][-1.261,-0.969966,0.257996][0,0,1][29.9212,-61.0606,0][-1.261,-0.969906,0.257996][0,0,1][29.9212,-61.0606,0][-1.261,-0.96996,0.257996][0,0,1][29.9212,-61.0606,0][-1.067,-0.969966,0.257996][0,0,1][29.9333,-61.0606,0][-1.261,-0.969966,0.257996][0,0,1][29.9212,-61.0606,0][-1.2544,-1.02019,0.257996][0,0,1][29.9216,-61.0638,0][-1.23501,-1.06697,0.257996][0,0,1][29.9228,-61.0667,0][-1.067,-0.969966,0.257996][0,0,1][29.9333,-61.0606,0][-1.2544,-1.02019,0.257996][0,0,1][29.9216,-61.0638,0][-1.067,-0.969966,0.257996][0,0,1][29.9333,-61.0606,0][-1.23501,-1.06697,0.257996][0,0,1][29.9228,-61.0667,0][-1.20416,-1.10714,0.257996][0,0,1][29.9247,-61.0692,0][-1.164,-1.13797,0.257996][0,0,1][29.9272,-61.0711,0][-1.067,-0.969966,0.257996][0,0,1][29.9333,-61.0606,0][-1.20416,-1.10714,0.257996][0,0,1][29.9247,-61.0692,0][-1.067,-1.16397,0.257996][0,0,1][29.9333,-61.0728,0][-1.067,-0.969966,0.257996][0,0,1][29.9333,-61.0606,0][-1.11724,-1.15736,0.257996][0,0,1][29.9302,-61.0723,0][-1.067,-0.969966,0.257996][0,0,1][29.9333,-61.0606,0][-1.164,-1.13797,0.257996][0,0,1][29.9272,-61.0711,0][-1.11724,-1.15736,0.257996][0,0,1][29.9302,-61.0723,0][-1.067,-1.16397,0.257996][0,0,1][29.9333,-61.0728,0][-1.067,-1.16397,0.257996][0,0,1][29.9333,-61.0728,0][-1.067,-1.16397,0.257996][0,0,1][29.9333,-61.0728,0][-1.067,-1.16397,0.257996][0,0,1][29.9333,-61.0728,0][-1.067,-1.16397,0.257996][0,0,1][29.9333,-61.0728,0][-1.11724,-1.15736,0.257996][0,0,1][29.9302,-61.0723,0][-1.067,-1.16397,0.257996][0,0,1][29.9333,-61.0728,0][-1.067,-1.16397,0.257996][0,0,1][29.9333,-61.0728,0][-1.067,-1.16397,0.257996][0,0,1][29.9333,-61.0728,0][-1.067,-1.16397,0.257996][0,0,1][29.9333,-61.0728,0][-0.872998,-1.16397,0.257996][0,0,1][29.9454,-61.0728,0][-0.872998,-0.969966,0.257996][0,0,1][29.9454,-61.0606,0][-1.067,-1.16397,0.257996][0,0,1][29.9333,-61.0728,0][-0.872998,-0.969966,0.257996][0,0,1][29.9454,-61.0606,0][-1.067,-0.969966,0.257996][0,0,1][29.9333,-61.0606,0][-0.872998,-0.969966,0.257996][0,0,1][29.9454,-61.0606,0][-0.872998,-1.16397,0.257996][0,0,1][29.9454,-61.0728,0][-0.7275,-1.16397,0.257996][0,0,1][29.9545,-61.0728,0][-0.7275,-1.16397,0.257996][0,0,1][29.9545,-61.0728,0][-0.7275,-0.969966,0.257996][0,0,1][29.9545,-61.0606,0][-0.872998,-0.969966,0.257996][0,0,1][29.9454,-61.0606,0][-0.7275,-1.16397,0.257996][0,0,1][29.9545,-61.0728,0][-0.872998,-0.969966,0.257996][0,0,1][29.9454,-61.0606,0][-0.872998,-0.969966,0.257996][0,0,1][29.9454,-61.0606,0][-0.872998,-0.969966,0.257996][0,0,1][29.9454,-61.0606,0][-0.7275,-1.16397,0.257996][0,0,1][29.9545,-61.0728,0][-0.872998,-0.969966,0.257996][0,0,1][29.9454,-61.0606,0][-0.7275,-0.969966,0.257996][0,0,1][29.9545,-61.0606,0][-0.7275,-0.969966,0.257996][0,0,1][29.9545,-61.0606,0][-0.872998,-0.969966,0.257996][0,0,1][29.9454,-61.0606,0][-0.679,-0.969966,0.257996][0,0,1][29.9576,-61.0606,0][-0.7275,-0.969966,0.257996][0,0,1][29.9545,-61.0606,0][-0.7275,-1.16396,0.257996][0,0,1][29.9545,-61.0728,0][-0.872998,-0.969966,0.257996][0,0,1][29.9454,-61.0606,0][-0.7275,-0.969966,0.257996][0,0,1][29.9545,-61.0606,0][-0.872998,-0.969966,0.257996][0,0,1][29.9454,-61.0606,0][-0.872998,-0.969966,0.257996][0,0,1][29.9454,-61.0606,0][-0.872998,-0.969966,0.257996][0,0,1][29.9454,-61.0606,0][-0.872998,-0.969966,0.257996][0,0,1][29.9454,-61.0606,0][-1.067,-0.969966,0.257996][0,0,1][29.9333,-61.0606,0][-0.872998,-0.969966,0.257996][0,0,1][29.9454,-61.0606,0][-1.067,-0.969966,0.257996][0,0,1][29.9333,-61.0606,0][-0.872998,-0.969966,0.257996][0,0,1][29.9454,-61.0606,0][-1.067,-0.969966,0.257996][0,0,1][29.9333,-61.0606,0][-0.872998,-0.969966,0.257996][0,0,1][29.9454,-61.0606,0][-0.872998,-0.969966,0.257996][0,0,1][29.9454,-61.0606,0][-0.872998,-0.969966,0.257996][0,0,1][29.9454,-61.0606,0][-0.872998,-0.969966,0.257996][0,0,1][29.9454,-61.0606,0][-0.872998,-0.969966,0.257996][0,0,1][29.9454,-61.0606,0][-0.872998,-0.969966,0.257996][0,0,1][29.9454,-61.0606,0][-0.872998,-0.969966,0.257996][0,0,1][29.9454,-61.0606,0][-0.872998,-0.969966,0.257996][0,0,1][29.9454,-61.0606,0][-0.872998,-0.969966,0.257996][0,0,1][29.9454,-61.0606,0][-0.872998,-0.969966,0.257996][0,0,1][29.9454,-61.0606,0][-1.067,0.582034,0.257996][0,0,1][29.9333,-60.9636,0][-1.067,0.776034,0.257996][0,0,1][29.9333,-60.9515,0][-1.261,0.776034,0.257996][0,0,1][29.9212,-60.9515,0][-1.261,0.776034,0.257996][0,0,1][29.9212,-60.9515,0][-1.261,0.582034,0.257996][0,0,1][29.9212,-60.9636,0][-1.067,0.582034,0.257996][0,0,1][29.9333,-60.9636,0][-1.261,0.582034,0.257996][0,0,1][29.9212,-60.9636,0][-1.261,0.582034,0.257996][0,0,1][29.9212,-60.9636,0][-1.067,0.582034,0.257996][0,0,1][29.9333,-60.9636,0][-1.067,0.582034,0.257996][0,0,1][29.9333,-60.9636,0][-1.067,0.582034,0.257996][0,0,1][29.9333,-60.9636,0][-1.261,0.582034,0.257996][0,0,1][29.9212,-60.9636,0][0.97,3.31866e-05,0.257996][0,0,1][30.0606,-61,0][0.97,-0.775966,0.257996][0,0,1][30.0606,-61.0485,0][1.067,3.31866e-05,0.257996][0,0,1][30.0667,-61,0][1.067,-0.775966,0.257996][0,0,1][30.0667,-61.0485,0][1.067,3.31866e-05,0.257996][0,0,1][30.0667,-61,0][0.97,-0.775966,0.257996][0,0,1][30.0606,-61.0485,0][1.067,3.31866e-05,0.257996][0,0,1][30.0667,-61,0][1.067,-0.775966,0.257996][0,0,1][30.0667,-61.0485,0][1.0767,-0.775966,0.257996][0,0,1][30.0673,-61.0485,0][1.067,3.31866e-05,0.257996][0,0,1][30.0667,-61,0][1.0767,-0.775966,0.257996][0,0,1][30.0673,-61.0485,0][1.164,-0.775966,0.257996][0,0,1][30.0728,-61.0485,0][1.0767,-0.775966,0.257996][0,0,1][30.0673,-61.0485,0][1.0767,-0.775966,0.257996][0,0,1][30.0673,-61.0485,0][1.067,-0.775966,0.257996][0,0,1][30.0667,-61.0485,0][1.0767,-0.775966,0.257996][0,0,1][30.0673,-61.0485,0][0.97,-0.775966,0.257996][0,0,1][30.0606,-61.0485,0][1.0767,-1.21247,0.257996][0,0,1][30.0673,-61.0758,0][0.97,-0.775966,0.257996][0,0,1][30.0606,-61.0485,0][0.97,-0.775966,0.257996][0,0,1][30.0606,-61.0485,0][0.97,-0.775966,0.257996][0,0,1][30.0606,-61.0485,0][0.97,-0.775966,0.257996][0,0,1][30.0606,-61.0485,0][1.0767,-1.25227,0.257996][0,0,1][30.0673,-61.0783,0][1.0767,-1.21247,0.257996][0,0,1][30.0673,-61.0758,0][1.0767,-1.21247,0.257996][0,0,1][30.0673,-61.0758,0][1.0767,-1.25227,0.257996][0,0,1][30.0673,-61.0783,0][1.07864,-1.21247,0.257996][0,0,1][30.0674,-61.0758,0][1.07864,-1.26096,0.257996][0,0,1][30.0674,-61.0788,0][1.07864,-1.21247,0.257996][0,0,1][30.0674,-61.0758,0][1.0767,-1.25227,0.257996][0,0,1][30.0673,-61.0783,0][1.261,-1.21247,0.257996][0,0,1][30.0788,-61.0758,0][1.07864,-1.21247,0.257996][0,0,1][30.0674,-61.0758,0][1.07864,-1.26096,0.257996][0,0,1][30.0674,-61.0788,0][1.07864,-1.26096,0.257996][0,0,1][30.0674,-61.0788,0][1.07864,-1.26094,0.257996][0,0,1][30.0674,-61.0788,0][1.07864,-1.26097,0.257996][0,0,1][30.0674,-61.0788,0][1.07864,-1.26097,0.257996][0,0,1][30.0674,-61.0788,0][1.261,-1.21247,0.257996][0,0,1][30.0788,-61.0758,0][1.07864,-1.26096,0.257996][0,0,1][30.0674,-61.0788,0][0.873002,0.582034,0.257996][0,0,1][30.0546,-60.9636,0][0.873002,3.31866e-05,0.257996][0,0,1][30.0546,-61,0][1.067,0.582034,0.257996][0,0,1][30.0667,-60.9636,0][-1.067,0.582034,0.257996][0,0,1][29.9333,-60.9636,0][0.873002,0.582034,0.257996][0,0,1][30.0546,-60.9636,0][0.873002,0.776034,0.257996][0,0,1][30.0546,-60.9515,0][0.873002,0.582034,0.257996][0,0,1][30.0546,-60.9636,0][1.067,0.582034,0.257996][0,0,1][30.0667,-60.9636,0][0.873002,0.776034,0.257996][0,0,1][30.0546,-60.9515,0][1.067,3.31866e-05,0.257996][0,0,1][30.0667,-61,0][1.067,0.582034,0.257996][0,0,1][30.0667,-60.9636,0][0.873002,3.31866e-05,0.257996][0,0,1][30.0546,-61,0][0.97,3.31866e-05,0.257996][0,0,1][30.0606,-61,0][0.873002,3.31866e-05,0.257996][0,0,1][30.0546,-61,0][0.97,-0.77593,0.257996][0,0,1][30.0606,-61.0485,0][1.067,0.776034,0.257996][0,0,1][30.0667,-60.9515,0][1.067,0.776034,0.257996][0,0,1][30.0667,-60.9515,0][1.067,0.582034,0.257996][0,0,1][30.0667,-60.9636,0][1.067,0.582034,0.257996][0,0,1][30.0667,-60.9636,0][1.067,0.776034,0.257996][0,0,1][30.0667,-60.9515,0][0.873002,0.776034,0.257996][0,0,1][30.0546,-60.9515,0][1.067,0.776034,0.257996][0,0,1][30.0667,-60.9515,0][1.067,0.582034,0.257996][0,0,1][30.0667,-60.9636,0][1.067,0.582034,0.257996][0,0,1][30.0667,-60.9636,0][0.873002,1.16403,0.257996][0,0,1][30.0546,-60.9272,0][0.873002,0.776034,0.257996][0,0,1][30.0546,-60.9515,0][1.067,0.776034,0.257996][0,0,1][30.0667,-60.9515,0][0.873002,0.776034,0.257996][0,0,1][30.0546,-60.9515,0][-1.067,0.776034,0.257996][0,0,1][29.9333,-60.9515,0][-1.067,0.582034,0.257996][0,0,1][29.9333,-60.9636,0][1.067,0.776034,0.257996][0,0,1][30.0667,-60.9515,0][1.067,1.16403,0.257996][0,0,1][30.0667,-60.9272,0][0.873002,1.16403,0.257996][0,0,1][30.0546,-60.9272,0][0.873002,1.16403,0.257996][0,0,1][30.0546,-60.9272,0][1.067,1.35803,0.257996][0,0,1][30.0667,-60.9151,0][-1.067,1.16403,0.257996][0,0,1][29.9333,-60.9272,0][1.067,1.35803,0.257996][0,0,1][30.0667,-60.9151,0][0.873002,1.16403,0.257996][0,0,1][30.0546,-60.9272,0][1.067,1.16403,0.257996][0,0,1][30.0667,-60.9272,0][1.067,1.16403,0.257996][0,0,1][30.0667,-60.9272,0][1.067,1.35803,0.257996][0,0,1][30.0667,-60.9151,0][1.067,1.16403,0.257996][0,0,1][30.0667,-60.9272,0][1.067,1.35803,0.257996][0,0,1][30.0667,-60.9151,0][-1.261,1.35803,0.257996][0,0,1][29.9212,-60.9151,0][-1.067,1.16403,0.257996][0,0,1][29.9333,-60.9272,0][-1.261,1.35803,0.257996][0,0,1][29.9212,-60.9151,0][-1.261,0.776034,0.257996][0,0,1][29.9212,-60.9515,0][-1.067,1.16403,0.257996][0,0,1][29.9333,-60.9272,0][-1.067,0.776034,0.257996][0,0,1][29.9333,-60.9515,0][-1.067,1.16403,0.257996][0,0,1][29.9333,-60.9272,0][-1.261,0.776034,0.257996][0,0,1][29.9212,-60.9515,0][-1.067,-0.87311,0.257996][0,0,1][29.9333,-61.0546,0][-1.067,-0.969966,0.257996][0,0,1][29.9333,-61.0606,0][-1.0637,-0.898128,0.257996][0,0,1][29.9335,-61.0561,0][-1.067,-0.969966,0.257996][0,0,1][29.9333,-61.0606,0][-0.970096,-0.969966,0.257996][0,0,1][29.9394,-61.0606,0][-0.970096,-0.969966,0.257996][0,0,1][29.9394,-61.0606,0][-1.0637,-0.898128,0.257996][0,0,1][29.9335,-61.0561,0][-1.067,-0.969966,0.257996][0,0,1][29.9333,-61.0606,0][-1.054,-0.92149,0.257996][0,0,1][29.9341,-61.0576,0][-1.054,-0.92149,0.257996][0,0,1][29.9341,-61.0576,0][-1.067,-0.969966,0.257996][0,0,1][29.9333,-61.0606,0][-1.03858,-0.941574,0.257996][0,0,1][29.9351,-61.0588,0][-1.03858,-0.941574,0.257996][0,0,1][29.9351,-61.0588,0][-1.067,-0.969966,0.257996][0,0,1][29.9333,-61.0606,0][-1.0185,-0.95698,0.257996][0,0,1][29.9363,-61.0598,0][-1.0185,-0.95698,0.257996][0,0,1][29.9363,-61.0598,0][-1.067,-0.969966,0.257996][0,0,1][29.9333,-61.0606,0][-0.995122,-0.966664,0.257996][0,0,1][29.9378,-61.0604,0][-0.995122,-0.966664,0.257996][0,0,1][29.9378,-61.0604,0][-1.067,-0.969966,0.257996][0,0,1][29.9333,-61.0606,0][-0.970096,-0.969966,0.257996][0,0,1][29.9394,-61.0606,0][-0.970096,-0.969966,0.257996][0,0,1][29.9394,-61.0606,0][-0.970096,-0.969966,0.257996][0,0,1][29.9394,-61.0606,0][-0.970096,-0.969966,0.257996][0,0,1][29.9394,-61.0606,0][-0.872998,0.194033,0.257996][0,0,1][29.9454,-60.9879,0][-1.067,0.194033,0.257996][0,0,1][29.9333,-60.9879,0][-1.067,3.31866e-05,0.257996][0,0,1][29.9333,-61,0][-1.067,3.31866e-05,0.257996][0,0,1][29.9333,-61,0][-0.872998,3.31866e-05,0.257996][0,0,1][29.9454,-61,0][-0.872998,0.194033,0.257996][0,0,1][29.9454,-60.9879,0][-0.872998,-0.193967,0.257996][0,0,1][29.9454,-61.0121,0][-1.067,-0.193967,0.257996][0,0,1][29.9333,-61.0121,0][-0.872998,-0.193967,0.257996][0,0,1][29.9454,-61.0121,0][-1.067,-0.193967,0.257996][0,0,1][29.9333,-61.0121,0][-1.067,-0.193967,0.257996][0,0,1][29.9333,-61.0121,0][-0.872998,-0.193967,0.257996][0,0,1][29.9454,-61.0121,0][0.679,-0.581966,0.257996][0,0,1][30.0424,-61.0364,0][0.679,-0.387966,0.257996][0,0,1][30.0424,-61.0243,0][0.485,-0.581966,0.257996][0,0,1][30.0303,-61.0364,0][0.679,-0.581966,0.257996][0,0,1][30.0424,-61.0364,0][0.679,-0.581966,0.257996][0,0,1][30.0424,-61.0364,0][0.485,-0.581966,0.257996][0,0,1][30.0303,-61.0364,0][-0.291,-0.581966,0.257996][0,0,1][29.9818,-61.0364,0][0.485,-0.581966,0.257996][0,0,1][30.0303,-61.0364,0][0.679,-0.387966,0.257996][0,0,1][30.0424,-61.0243,0][-0.291,-0.581966,0.257996][0,0,1][29.9818,-61.0364,0][0.679,-0.387966,0.257996][0,0,1][30.0424,-61.0243,0][-1.261,-0.387966,0.257996][0,0,1][29.9212,-61.0243,0][0.485,-0.581966,0.257996][0,0,1][30.0303,-61.0364,0][0.485,-1.16397,0.257996][0,0,1][30.0303,-61.0728,0][0.679,-0.581966,0.257996][0,0,1][30.0424,-61.0364,0][0.679,-1.16397,0.257996][0,0,1][30.0424,-61.0728,0][0.679,-0.581966,0.257996][0,0,1][30.0424,-61.0364,0][0.485,-1.16397,0.257996][0,0,1][30.0303,-61.0728,0][-1.261,-0.581966,0.257996][0,0,1][29.9212,-61.0364,0][-0.291,-0.581966,0.257996][0,0,1][29.9818,-61.0364,0][-1.261,-0.387966,0.257996][0,0,1][29.9212,-61.0243,0][-0.291,-1.35797,0.257996][0,0,1][29.9818,-61.0849,0][-0.0969986,-0.581966,0.257996][0,0,1][29.9939,-61.0364,0][-0.291,-0.581966,0.257996][0,0,1][29.9818,-61.0364,0][-0.0969986,-1.35797,0.257996][0,0,1][29.9939,-61.0849,0][-0.0969986,-0.581966,0.257996][0,0,1][29.9939,-61.0364,0][-0.291,-1.35797,0.257996][0,0,1][29.9818,-61.0849,0][0.291,0.194033,0.257996][0,0,1][30.0182,-60.9879,0][0.291,3.31866e-05,0.257996][0,0,1][30.0182,-61,0][0.485,3.31866e-05,0.257996][0,0,1][30.0303,-61,0][0.485,3.31866e-05,0.257996][0,0,1][30.0303,-61,0][0.485,0.194033,0.257996][0,0,1][30.0303,-60.9879,0][0.291,0.194033,0.257996][0,0,1][30.0182,-60.9879,0][0.485,0.194033,0.257996][0,0,1][30.0303,-60.9879,0][0.485,3.31866e-05,0.257996][0,0,1][30.0303,-61,0][0.485,-0.193967,0.257996][0,0,1][30.0303,-61.0121,0][0.485,-0.193967,0.257996][0,0,1][30.0303,-61.0121,0][0.485,3.31866e-05,0.257996][0,0,1][30.0303,-61,0][0.485,-0.193967,0.257996][0,0,1][30.0303,-61.0121,0][0.485,-0.193967,0.257996][0,0,1][30.0303,-61.0121,0][0.485,3.31866e-05,0.257996][0,0,1][30.0303,-61,0][-0.291,3.31866e-05,0.257996][0,0,1][29.9818,-61,0][0.485,0.388034,0.257996][0,0,1][30.0303,-60.9757,0][0.485,0.388034,0.257996][0,0,1][30.0303,-60.9757,0][0.485,0.194033,0.257996][0,0,1][30.0303,-60.9879,0][0.485,-0.193967,0.257996][0,0,1][30.0303,-61.0121,0][0.485,0.388034,0.257996][0,0,1][30.0303,-60.9757,0][0.485,0.194033,0.257996][0,0,1][30.0303,-60.9879,0][0.485,0.194033,0.257996][0,0,1][30.0303,-60.9879,0][0.485,0.388034,0.257996][0,0,1][30.0303,-60.9757,0][-1.067,0.194033,0.257996][0,0,1][29.9333,-60.9879,0][0.291,-0.193967,0.257996][0,0,1][30.0182,-61.0121,0][0.485,-0.193967,0.257996][0,0,1][30.0303,-61.0121,0][0.485,-0.193967,0.257996][0,0,1][30.0303,-61.0121,0][0.291,-0.193967,0.257996][0,0,1][30.0182,-61.0121,0][0.291,-0.193967,0.257996][0,0,1][30.0182,-61.0121,0][0.485,-0.193967,0.257996][0,0,1][30.0303,-61.0121,0][-0.291,3.31866e-05,0.257996][0,0,1][29.9818,-61,0][-0.291,-0.193967,0.257996][0,0,1][29.9818,-61.0121,0][0.485,-0.193967,0.257996][0,0,1][30.0303,-61.0121,0][-0.291,-0.193967,0.257996][0,0,1][29.9818,-61.0121,0][-0.291,3.31866e-05,0.257996][0,0,1][29.9818,-61,0][-1.067,-0.193967,0.257996][0,0,1][29.9333,-61.0121,0][-0.291,3.31866e-05,0.257996][0,0,1][29.9818,-61,0][-1.067,3.31866e-05,0.257996][0,0,1][29.9333,-61,0][-1.067,-0.193967,0.257996][0,0,1][29.9333,-61.0121,0][-0.0969986,-0.193967,0.257996][0,0,1][29.9939,-61.0121,0][-0.291,-0.193967,0.257996][0,0,1][29.9818,-61.0121,0][-0.0969986,-0.387966,0.257996][0,0,1][29.9939,-61.0243,0][-0.291,-0.387966,0.257996][0,0,1][29.9818,-61.0243,0][-0.0969986,-0.387966,0.257996][0,0,1][29.9939,-61.0243,0][-0.291,-0.193967,0.257996][0,0,1][29.9818,-61.0121,0][-1.067,0.194033,0.257996][0,0,1][29.9333,-60.9879,0][0.485,0.388034,0.257996][0,0,1][30.0303,-60.9757,0][-1.067,0.388034,0.257996][0,0,1][29.9333,-60.9757,0][0.485,0.388034,0.257996][0,0,1][30.0303,-60.9757,0][-1.067,0.388034,0.257996][0,0,1][29.9333,-60.9757,0][0.485,0.388034,0.257996][0,0,1][30.0303,-60.9757,0][1.164,-0.775986,0.257996][0,0,1][30.0728,-61.0485,0][1.164,-1.21247,0.257996][0,0,1][30.0728,-61.0758,0][1.261,-1.21247,0.257996][0,0,1][30.0788,-61.0758,0][1.0767,-1.21247,0.257996][0,0,1][30.0673,-61.0758,0][1.164,-1.21247,0.257996][0,0,1][30.0728,-61.0758,0][1.164,-0.775966,0.257996][0,0,1][30.0728,-61.0485,0][1.164,-1.21247,0.257996][0,0,1][30.0728,-61.0758,0][1.164,-1.21247,0.257996][0,0,1][30.0728,-61.0758,0][1.164,-0.775966,0.257996][0,0,1][30.0728,-61.0485,0][1.164,-1.21247,0.257996][0,0,1][30.0728,-61.0758,0][1.164,-1.21247,0.257996][0,0,1][30.0728,-61.0758,0][1.164,-1.21247,0.257996][0,0,1][30.0728,-61.0758,0][1.164,-1.21247,0.257996][0,0,1][30.0728,-61.0758,0][1.261,-1.21247,0.257996][0,0,1][30.0788,-61.0758,0][1.164,-1.21247,0.257996][0,0,1][30.0728,-61.0758,0][1.0767,-0.775966,0.257996][0,0,1][30.0673,-61.0485,0][1.0767,-1.21247,0.257996][0,0,1][30.0673,-61.0758,0][1.164,-0.775966,0.257996][0,0,1][30.0728,-61.0485,0][0.485,-0.581966,0.257996][0,-1,0][30.0303,-61.0364,0][-0.291,-0.581966,0.257996][0,-1,0][29.9818,-61.0364,0][-0.0969986,-0.581966,0.257996][0,-1,0][29.9939,-61.0364,0][-0.291,-0.581966,0.257996][0,-1,0][29.9818,-61.0364,0][-0.0969986,-0.581966,0.257996][0,-1,0][29.9939,-61.0364,0][-0.291,-0.581966,0.257996][0,-1,0][29.9818,-61.0364,0][-1.067,-0.581966,0.257996][0,-1,0][29.9333,-61.0364,0][-0.291,-0.581966,0.257996][0,-1,0][29.9818,-61.0364,0][-1.261,-0.581966,0.257996][0,-1,0][29.9212,-61.0364,0][-0.291,-0.581966,-0.257996][0,-1,0][29.9818,-61.0364,0][-0.291,-0.581966,0.257996][0,-1,0][29.9818,-61.0364,0][-0.291,-0.581966,0.257996][0,-1,0][29.9818,-61.0364,0][-1.261,-0.581966,0.257996][0,-1,0][29.9212,-61.0364,0][-1.067,-0.581966,0.257996][0,-1,0][29.9333,-61.0364,0][-1.261,-0.581966,0.257996][0,-1,0][29.9212,-61.0364,0][-1.261,-0.581966,0.257996][0,-1,0][29.9212,-61.0364,0][-1.261,-0.581966,-0.257996][0,-1,0][29.9212,-61.0364,0][-1.261,-0.581966,0.257996][0,-1,0][29.9212,-61.0364,0][-1.261,-0.581966,-0.257996][0,-1,0][29.9212,-61.0364,0][-1.261,-0.581966,-0.257996][0,-1,0][29.9212,-61.0364,0][-1.261,-0.581966,0.257996][0,-1,0][29.9212,-61.0364,0][-0.291,3.31866e-05,-0.257996][-1,0,0][29.9818,-61,0][-0.291,-1.35797,-0.257996][-1,0,0][29.9818,-61.0849,0][-0.291,-0.581966,-0.257996][-1,0,0][29.9818,-61.0364,0][-0.291,-0.193967,-0.257996][-1,0,0][29.9818,-61.0121,0][-0.291,3.31866e-05,-0.257996][-1,0,0][29.9818,-61,0][-0.291,3.31866e-05,-0.257996][-1,0,0][29.9818,-61,0][-0.291,-0.387966,-0.257996][-1,0,0][29.9818,-61.0243,0][-0.291,3.31866e-05,-0.257996][-1,0,0][29.9818,-61,0][-0.291,-0.581966,-0.257996][-1,0,0][29.9818,-61.0364,0][-0.291,3.31866e-05,-0.257996][-1,0,0][29.9818,-61,0][-0.291,-0.387966,-0.257996][-1,0,0][29.9818,-61.0243,0][-0.291,-0.193967,-0.257996][-1,0,0][29.9818,-61.0121,0][-0.0969986,3.31866e-05,-0.257996][1,0,0][29.9939,-61,0][-0.0969986,-0.193967,-0.257996][1,0,0][29.9939,-61.0121,0][-0.0969986,3.31866e-05,-0.257996][1,0,0][29.9939,-61,0][-0.0969986,3.31866e-05,-0.257996][1,0,0][29.9939,-61,0][-0.0969986,-0.193967,-0.257996][1,0,0][29.9939,-61.0121,0][-0.0969986,-0.387966,-0.257996][1,0,0][29.9939,-61.0243,0][-0.0969986,-0.387966,-0.257996][1,0,0][29.9939,-61.0243,0][-0.0969986,-0.581966,-0.257996][1,0,0][29.9939,-61.0364,0][-0.0969986,3.31866e-05,-0.257996][1,0,0][29.9939,-61,0][-0.0969986,-0.581966,-0.257996][1,0,0][29.9939,-61.0364,0][-0.0969986,-1.35797,-0.257996][1,0,0][29.9939,-61.0849,0][-0.0969986,3.31866e-05,-0.257996][1,0,0][29.9939,-61,0][-0.970096,-0.969966,-0.257996][0,0,-1][29.9394,-61.0606,0][-0.970096,-0.969966,-0.257996][0,0,-1][29.9394,-61.0606,0][-1.067,-0.969966,-0.257996][0,0,-1][29.9333,-61.0606,0][-0.970096,-0.969966,-0.257996][0,0,-1][29.9394,-61.0606,0][-0.970096,-0.969966,-0.257996][0,0,-1][29.9394,-61.0606,0][-0.970096,-0.969966,-0.257996][0,0,-1][29.9394,-61.0606,0][1.067,3.31866e-05,-0.257996][0,0,-1][30.0667,-61,0][1.067,0.582034,-0.257996][0,0,-1][30.0667,-60.9636,0][1.067,3.31866e-05,-0.257996][0,0,-1][30.0667,-61,0][1.067,3.31866e-05,-0.257996][0,0,-1][30.0667,-61,0][1.067,3.31866e-05,-0.257996][0,0,-1][30.0667,-61,0][1.067,0.582034,-0.257996][0,0,-1][30.0667,-60.9636,0][1.067,0.582034,-0.257996][0,0,-1][30.0667,-60.9636,0][1.067,0.776034,-0.257996][0,0,-1][30.0667,-60.9515,0][1.067,0.776034,-0.257996][0,0,-1][30.0667,-60.9515,0][1.067,0.582034,-0.257996][0,0,-1][30.0667,-60.9636,0][1.067,0.582034,-0.257996][0,0,-1][30.0667,-60.9636,0][1.067,0.776034,-0.257996][0,0,-1][30.0667,-60.9515,0][-1.261,0.582034,-0.257996][0,0,-1][29.9212,-60.9636,0][-1.261,0.582034,-0.257996][0,0,-1][29.9212,-60.9636,0][-1.067,0.582034,-0.257996][0,0,-1][29.9333,-60.9636,0][-1.067,0.582034,-0.257996][0,0,-1][29.9333,-60.9636,0][-1.261,0.582034,-0.257996][0,0,-1][29.9212,-60.9636,0][-1.067,0.582034,-0.257996][0,0,-1][29.9333,-60.9636,0][1.067,1.16403,-0.257996][0,0,-1][30.0667,-60.9272,0][1.067,1.16403,-0.257996][0,0,-1][30.0667,-60.9272,0][1.067,1.35803,-0.257996][0,0,-1][30.0667,-60.9151,0][1.067,3.31866e-05,-0.257996][0,0,-1][30.0667,-61,0][1.067,3.31866e-05,-0.257996][0,0,-1][30.0667,-61,0][1.067,3.31866e-05,-0.257996][0,0,-1][30.0667,-61,0][1.164,-0.775966,-0.257996][0,0,-1][30.0728,-61.0485,0][1.067,3.31866e-05,-0.257996][0,0,-1][30.0667,-61,0][1.164,-0.775966,-0.257996][0,0,-1][30.0728,-61.0485,0][0.97,-0.77593,-0.257996][0,0,-1][30.0606,-61.0485,0][0.97,-0.775966,-0.257996][0,0,-1][30.0606,-61.0485,0][0.97,-0.775966,-0.257996][0,0,-1][30.0606,-61.0485,0][1.0767,-0.775966,-0.257996][0,0,-1][30.0673,-61.0485,0][1.0767,-0.775966,-0.257996][0,0,-1][30.0673,-61.0485,0][1.164,-0.775966,-0.257996][0,0,-1][30.0728,-61.0485,0][1.07864,-0.775966,-0.257996][0,0,-1][30.0674,-61.0485,0][1.0767,-0.775966,-0.257996][0,0,-1][30.0673,-61.0485,0][1.164,-0.775966,-0.257996][0,0,-1][30.0728,-61.0485,0][1.164,-0.775966,-0.257996][0,0,-1][30.0728,-61.0485,0][1.164,-0.775966,-0.257996][0,0,-1][30.0728,-61.0485,0][1.164,-0.775986,-0.257996][0,0,-1][30.0728,-61.0485,0][1.164,-0.775966,-0.257996][0,0,-1][30.0728,-61.0485,0][1.164,-0.775966,-0.257996][0,0,-1][30.0728,-61.0485,0][1.164,-0.775986,-0.257996][0,0,-1][30.0728,-61.0485,0][1.07864,-0.775966,-0.257996][0,0,-1][30.0674,-61.0485,0][1.07864,-1.21247,-0.257996][0,0,-1][30.0674,-61.0758,0][1.07864,-1.21247,-0.257996][0,0,-1][30.0674,-61.0758,0][1.164,-0.775966,-0.257996][0,0,-1][30.0728,-61.0485,0][1.164,-0.775966,-0.257996][0,0,-1][30.0728,-61.0485,0][1.164,-0.775986,-0.257996][0,0,-1][30.0728,-61.0485,0][0.873002,3.31866e-05,-0.257996][0,0,-1][30.0546,-61,0][0.873002,0.582034,-0.257996][0,0,-1][30.0546,-60.9636,0][0.873002,3.31866e-05,-0.257996][0,0,-1][30.0546,-61,0][0.873002,3.31866e-05,-0.257996][0,0,-1][30.0546,-61,0][0.873002,3.31866e-05,-0.257996][0,0,-1][30.0546,-61,0][0.873002,3.31866e-05,-0.257996][0,0,-1][30.0546,-61,0][0.97,3.31866e-05,-0.257996][0,0,-1][30.0606,-61,0][0.97,3.31866e-05,-0.257996][0,0,-1][30.0606,-61,0][0.97,3.31866e-05,-0.257996][0,0,-1][30.0606,-61,0][0.97,3.31866e-05,-0.257996][0,0,-1][30.0606,-61,0][1.067,3.31866e-05,-0.257996][0,0,-1][30.0667,-61,0][0.97,3.31866e-05,-0.257996][0,0,-1][30.0606,-61,0][0.97,3.31866e-05,-0.257996][0,0,-1][30.0606,-61,0][0.97,3.31866e-05,-0.257996][0,0,-1][30.0606,-61,0][0.873002,3.31866e-05,-0.257996][0,0,-1][30.0546,-61,0][-1.261,-0.387966,-0.257996][0,0,-1][29.9212,-61.0243,0][-0.291,-0.387966,-0.257996][0,0,-1][29.9818,-61.0243,0][-1.067,-0.387966,-0.257996][0,0,-1][29.9333,-61.0243,0][-1.261,-0.387966,-0.257996][0,0,-1][29.9212,-61.0243,0][-1.067,-0.387966,-0.257996][0,0,-1][29.9333,-61.0243,0][-1.261,-0.387966,-0.257996][0,0,-1][29.9212,-61.0243,0][-1.261,-0.581966,-0.257996][0,0,-1][29.9212,-61.0364,0][-1.261,-0.387966,-0.257996][0,0,-1][29.9212,-61.0243,0][-1.261,-0.387966,-0.257996][0,0,-1][29.9212,-61.0243,0][-1.261,-0.581966,-0.257996][0,0,-1][29.9212,-61.0364,0][-1.261,-0.581966,-0.257996][0,0,-1][29.9212,-61.0364,0][-1.261,-0.387966,-0.257996][0,0,-1][29.9212,-61.0243,0][-1.067,-0.775968,-0.257996][0,0,-1][29.9333,-61.0485,0][-1.067,-0.775966,-0.257996][0,0,-1][29.9333,-61.0485,0][-1.067,-0.775966,-0.257996][0,0,-1][29.9333,-61.0485,0][-1.067,-0.969966,-0.257996][0,0,-1][29.9333,-61.0606,0][-1.067,-0.775966,-0.257996][0,0,-1][29.9333,-61.0485,0][-1.067,-0.969966,-0.257996][0,0,-1][29.9333,-61.0606,0][-1.261,-0.96996,-0.257996][0,0,-1][29.9212,-61.0606,0][-1.261,-0.9699,-0.257996][0,0,-1][29.9212,-61.0606,0][-1.261,-0.969966,-0.257996][0,0,-1][29.9212,-61.0606,0][-1.261,-0.969966,-0.257996][0,0,-1][29.9212,-61.0606,0][-1.067,-0.969966,-0.257996][0,0,-1][29.9333,-61.0606,0][-1.067,-0.969966,-0.257996][0,0,-1][29.9333,-61.0606,0][-1.2544,-1.02019,-0.257996][0,0,-1][29.9216,-61.0638,0][-1.261,-0.96996,-0.257996][0,0,-1][29.9212,-61.0606,0][-1.261,-0.969966,-0.257996][0,0,-1][29.9212,-61.0606,0][-1.067,-0.969966,-0.257996][0,0,-1][29.9333,-61.0606,0][-1.067,-0.969966,-0.257996][0,0,-1][29.9333,-61.0606,0][-1.067,-0.969966,-0.257996][0,0,-1][29.9333,-61.0606,0][-1.067,-0.969966,-0.257996][0,0,-1][29.9333,-61.0606,0][-1.067,-0.775968,-0.257996][0,0,-1][29.9333,-61.0485,0][-1.067,-0.775968,-0.257996][0,0,-1][29.9333,-61.0485,0][-1.067,-0.775968,-0.257996][0,0,-1][29.9333,-61.0485,0][-1.067,-0.969966,-0.257996][0,0,-1][29.9333,-61.0606,0][-1.067,-0.969966,-0.257996][0,0,-1][29.9333,-61.0606,0][-1.067,-0.969966,-0.257996][0,0,-1][29.9333,-61.0606,0][-1.067,-0.969966,-0.257996][0,0,-1][29.9333,-61.0606,0][-1.067,-0.969966,-0.257996][0,0,-1][29.9333,-61.0606,0][-1.067,-0.775966,-0.257996][0,0,-1][29.9333,-61.0485,0][-1.067,-0.775968,-0.257996][0,0,-1][29.9333,-61.0485,0][-1.067,-0.775968,-0.257996][0,0,-1][29.9333,-61.0485,0][-1.067,-0.969966,-0.257996][0,0,-1][29.9333,-61.0606,0][-0.7275,-0.969966,-0.257996][0,0,-1][29.9545,-61.0606,0][-0.7275,-0.969966,-0.257996][0,0,-1][29.9545,-61.0606,0][-1.067,-0.969966,-0.257996][0,0,-1][29.9333,-61.0606,0][-1.067,-1.16397,-0.257996][0,0,-1][29.9333,-61.0728,0][-1.067,-1.16397,-0.257996][0,0,-1][29.9333,-61.0728,0][-0.7275,-0.969966,-0.257996][0,0,-1][29.9545,-61.0606,0][-0.7275,-0.969966,-0.257996][0,0,-1][29.9545,-61.0606,0][-0.7275,-1.16397,-0.257996][0,0,-1][29.9545,-61.0728,0][-0.7275,-1.16397,-0.257996][0,0,-1][29.9545,-61.0728,0][-0.7275,-1.16397,-0.257996][0,0,-1][29.9545,-61.0728,0][-0.7275,-1.16396,-0.257996][0,0,-1][29.9545,-61.0728,0][-0.7275,-1.16397,-0.257996][0,0,-1][29.9545,-61.0728,0][-0.7275,-1.16397,-0.257996][0,0,-1][29.9545,-61.0728,0][-1.067,-1.16397,-0.257996][0,0,-1][29.9333,-61.0728,0][-1.067,-1.16397,-0.257996][0,0,-1][29.9333,-61.0728,0][-0.872998,-1.16397,-0.257996][0,0,-1][29.9454,-61.0728,0][-1.067,-1.16397,-0.257996][0,0,-1][29.9333,-61.0728,0][-1.067,-1.16397,-0.257996][0,0,-1][29.9333,-61.0728,0][-1.067,-1.16397,-0.257996][0,0,-1][29.9333,-61.0728,0][-1.067,-1.16397,-0.257996][0,0,-1][29.9333,-61.0728,0][-1.067,-1.16397,-0.257996][0,0,-1][29.9333,-61.0728,0][-1.067,-1.16397,-0.257996][0,0,-1][29.9333,-61.0728,0][-0.872998,-1.16397,-0.257996][0,0,-1][29.9454,-61.0728,0][-0.872998,-1.16397,-0.257996][0,0,-1][29.9454,-61.0728,0][-0.872998,-1.16397,-0.257996][0,0,-1][29.9454,-61.0728,0][-1.067,-1.16397,-0.257996][0,0,-1][29.9333,-61.0728,0][0.291,3.31866e-05,-0.257996][-1,0,0][30.0182,-61,0][0.291,3.31866e-05,-0.257996][-1,0,0][30.0182,-61,0][0.291,3.31866e-05,-0.257996][-1,0,0][30.0182,-61,0][0.291,3.31866e-05,-0.257996][-1,0,0][30.0182,-61,0][0.291,3.31866e-05,-0.257996][-1,0,0][30.0182,-61,0][0.291,3.31866e-05,0.257996][-1,0,0][30.0182,-61,0][0.291,0.194033,-0.257996][-1,0,0][30.0182,-60.9879,0][0.291,0.388034,-0.257996][-1,0,0][30.0182,-60.9757,0][0.291,3.31866e-05,-0.257996][-1,0,0][30.0182,-61,0][0.291,0.388034,-0.257996][-1,0,0][30.0182,-60.9757,0][0.291,0.388034,-0.257996][-1,0,0][30.0182,-60.9757,0][0.291,3.31866e-05,-0.257996][-1,0,0][30.0182,-61,0][0.291,3.31866e-05,-0.257996][-1,0,0][30.0182,-61,0][0.291,3.31866e-05,-0.257996][-1,0,0][30.0182,-61,0][0.291,3.31866e-05,-0.257996][-1,0,0][30.0182,-61,0][0.291,3.31866e-05,-0.257996][-1,0,0][30.0182,-61,0][0.291,3.31866e-05,-0.257996][-1,0,0][30.0182,-61,0][0.291,-0.193967,-0.257996][-1,0,0][30.0182,-61.0121,0][0.291,-0.193967,-0.257996][-1,0,0][30.0182,-61.0121,0][0.291,3.31866e-05,-0.257996][-1,0,0][30.0182,-61,0][0.291,-0.193967,-0.257996][-1,0,0][30.0182,-61.0121,0][0.291,-0.193967,-0.257996][-1,0,0][30.0182,-61.0121,0][0.291,-0.193967,-0.257996][-1,0,0][30.0182,-61.0121,0][0.291,3.31866e-05,-0.257996][-1,0,0][30.0182,-61,0][0.291,-0.193967,0.257996][-1,0,0][30.0182,-61.0121,0][0.291,-0.193967,0.257996][-1,0,0][30.0182,-61.0121,0][0.291,-0.193967,-0.257996][-1,0,0][30.0182,-61.0121,0][0.291,-0.193967,0.257996][-1,0,0][30.0182,-61.0121,0][0.291,-0.193967,-0.257996][-1,0,0][30.0182,-61.0121,0][0.291,-0.193967,-0.257996][-1,0,0][30.0182,-61.0121,0][0.291,0.388034,-0.257996][0,0,-1][30.0182,-60.9757,0][0.291,0.194033,-0.257996][0,0,-1][30.0182,-60.9879,0][0.291,0.388034,-0.257996][0,0,-1][30.0182,-60.9757,0][0.291,0.388034,-0.257996][0,0,-1][30.0182,-60.9757,0][0.291,0.388034,-0.257996][0,0,-1][30.0182,-60.9757,0][0.485,0.388034,-0.257996][0,0,-1][30.0303,-60.9757,0][0.291,0.388034,-0.257996][0,0,-1][30.0182,-60.9757,0][0.485,0.388034,-0.257996][0,0,-1][30.0303,-60.9757,0][0.485,0.388034,-0.257996][0,0,-1][30.0303,-60.9757,0][-1.067,0.388034,-0.257996][0,0,-1][29.9333,-60.9757,0][0.291,0.388034,-0.257996][0,0,-1][30.0182,-60.9757,0][-0.872998,0.388034,-0.257996][0,0,-1][29.9454,-60.9757,0][-1.067,0.388034,-0.257996][0,0,-1][29.9333,-60.9757,0][-1.067,0.388034,-0.257996][0,0,-1][29.9333,-60.9757,0][-0.872998,0.388034,-0.257996][0,0,-1][29.9454,-60.9757,0][-0.872998,0.388034,-0.257996][0,0,-1][29.9454,-60.9757,0][-0.872998,3.31866e-05,-0.257996][0,0,-1][29.9454,-61,0][-0.872998,3.31866e-05,-0.257996][0,0,-1][29.9454,-61,0][-1.067,0.388034,-0.257996][0,0,-1][29.9333,-60.9757,0][-1.067,0.388034,-0.257996][0,0,-1][29.9333,-60.9757,0][-1.067,0.194033,-0.257996][0,0,-1][29.9333,-60.9879,0][-1.067,0.388034,-0.257996][0,0,-1][29.9333,-60.9757,0][-1.067,0.194033,-0.257996][0,0,-1][29.9333,-60.9879,0][-1.067,0.194033,-0.257996][0,0,-1][29.9333,-60.9879,0][-0.291,3.31866e-05,-0.257996][0,0,-1][29.9818,-61,0][-0.872998,3.31866e-05,-0.257996][0,0,-1][29.9454,-61,0][0.291,3.31866e-05,-0.257996][0,0,-1][30.0182,-61,0][-0.872998,3.31866e-05,-0.257996][0,0,-1][29.9454,-61,0][-0.291,3.31866e-05,-0.257996][0,0,-1][29.9818,-61,0][-0.872998,3.31866e-05,-0.257996][0,0,-1][29.9454,-61,0][-1.067,-0.193967,-0.257996][0,0,-1][29.9333,-61.0121,0][-1.067,3.31866e-05,-0.257996][0,0,-1][29.9333,-61,0][-1.067,3.31866e-05,-0.257996][0,0,-1][29.9333,-61,0][-1.067,3.31866e-05,-0.257996][0,0,-1][29.9333,-61,0][-1.067,-0.193967,-0.257996][0,0,-1][29.9333,-61.0121,0][-1.067,-0.193967,-0.257996][0,0,-1][29.9333,-61.0121,0][-1.067,3.31866e-05,-0.257996][0,0,-1][29.9333,-61,0][-1.067,3.31866e-05,-0.257996][0,0,-1][29.9333,-61,0][-1.067,-0.193967,-0.257996][0,0,-1][29.9333,-61.0121,0][0.291,3.31866e-05,-0.257996][0,0,-1][30.0182,-61,0][-0.0969986,3.31866e-05,-0.257996][0,0,-1][29.9939,-61,0][-0.291,3.31866e-05,-0.257996][0,0,-1][29.9818,-61,0][0.291,3.31866e-05,-0.257996][0,0,-1][30.0182,-61,0][0.291,3.31866e-05,-0.257996][0,0,-1][30.0182,-61,0][0.291,-0.193967,-0.257996][0,0,-1][30.0182,-61.0121,0][0.291,3.31866e-05,-0.257996][0,0,-1][30.0182,-61,0][0.291,3.31866e-05,-0.257996][0,0,-1][30.0182,-61,0][0.291,-0.193967,-0.257996][0,0,-1][30.0182,-61.0121,0][0.485,-0.581966,-0.257996][0,0,-1][30.0303,-61.0364,0][0.679,-0.581966,-0.257996][0,0,-1][30.0424,-61.0364,0][0.679,-0.581966,-0.257996][0,0,-1][30.0424,-61.0364,0][-1.261,0.582034,-0.257996][-1,0,0][29.9212,-60.9636,0][-1.261,0.582034,-0.257996][-1,0,0][29.9212,-60.9636,0][-1.261,0.582034,0.257996][-1,0,0][29.9212,-60.9636,0][-1.261,0.582034,0.257996][-1,0,0][29.9212,-60.9636,0][-1.261,0.582034,0.257996][-1,0,0][29.9212,-60.9636,0][-1.261,0.582034,-0.257996][-1,0,0][29.9212,-60.9636,0][-1.067,-0.775968,-0.257996][0,1,0][29.9333,-61.0485,0][-1.067,-0.775968,-0.257996][0,1,0][29.9333,-61.0485,0][-1.067,-0.775968,-0.257996][0,1,0][29.9333,-61.0485,0][-1.067,-0.775968,-0.257996][0,1,0][29.9333,-61.0485,0][-1.067,-0.775968,-0.257996][0,1,0][29.9333,-61.0485,0][-1.067,-0.775968,-0.257996][0,1,0][29.9333,-61.0485,0][0.679,-0.581966,-0.257996][0,-1,0][30.0424,-61.0364,0][0.679,-0.581966,-0.257996][0,-1,0][30.0424,-61.0364,0][0.679,-0.581966,0.257996][0,-1,0][30.0424,-61.0364,0][0.679,-0.581966,0.257996][0,-1,0][30.0424,-61.0364,0][0.679,-0.581966,0.257996][0,-1,0][30.0424,-61.0364,0][0.679,-0.581966,-0.257996][0,-1,0][30.0424,-61.0364,0][-1.067,-0.387966,-0.257996][0,1,0][29.9333,-61.0243,0][-1.067,-0.387966,-0.257996][0,1,0][29.9333,-61.0243,0][-1.261,-0.387966,-0.257996][0,1,0][29.9212,-61.0243,0][-1.261,-0.387966,-0.257996][0,1,0][29.9212,-61.0243,0][-1.067,-0.387966,-0.257996][0,1,0][29.9333,-61.0243,0][-1.261,-0.387966,-0.257996][0,1,0][29.9212,-61.0243,0][-0.872998,-0.969966,0.257996][0,-1,0][29.9454,-61.0606,0][-0.872998,-0.969966,0.257996][0,-1,0][29.9454,-61.0606,0][-0.872998,-0.969966,0.257996][0,-1,0][29.9454,-61.0606,0][-0.872998,-0.969966,0.257996][0,-1,0][29.9454,-61.0606,0][-0.872998,-0.969966,0.257996][0,-1,0][29.9454,-61.0606,0][-0.872998,-0.969966,0.257996][0,-1,0][29.9454,-61.0606,0][-1.067,-0.775966,0.257996][0,1,0][29.9333,-61.0485,0][-1.067,-0.775966,0.257996][0,1,0][29.9333,-61.0485,0][-1.067,-0.775966,0.257996][0,1,0][29.9333,-61.0485,0][-1.067,-0.775966,0.257996][0,1,0][29.9333,-61.0485,0][-1.067,-0.775966,0.257996][0,1,0][29.9333,-61.0485,0][-1.067,-0.775966,0.257996][0,1,0][29.9333,-61.0485,0][-1.261,-0.775966,0.257996][0,1,0][29.9212,-61.0485,0][-1.261,-0.775966,0.257996][0,1,0][29.9212,-61.0485,0][-1.067,-0.775966,0.257996][0,1,0][29.9333,-61.0485,0][-1.067,-0.775966,0.257996][0,1,0][29.9333,-61.0485,0][-1.067,-0.775966,0.257996][0,1,0][29.9333,-61.0485,0][-1.067,-0.775966,0.257996][0,1,0][29.9333,-61.0485,0][-1.067,-0.775966,0.257996][0,1,0][29.9333,-61.0485,0][-1.067,-0.775966,0.257996][0,1,0][29.9333,-61.0485,0][-1.261,-0.775966,0.257996][0,1,0][29.9212,-61.0485,0][-1.067,-0.775966,0.257996][0,1,0][29.9333,-61.0485,0][-1.067,-0.775966,0.257996][0,1,0][29.9333,-61.0485,0][-1.067,-0.775966,0.257996][0,1,0][29.9333,-61.0485,0][-1.261,-0.775966,0.257996][0,1,0][29.9212,-61.0485,0][-1.261,-0.775966,0.257996][0,1,0][29.9212,-61.0485,0][-1.261,-0.775966,0.257996][0,1,0][29.9212,-61.0485,0][-1.261,-0.775966,0.257996][0,1,0][29.9212,-61.0485,0][-1.261,-0.775966,0.257996][0,1,0][29.9212,-61.0485,0][-1.067,-0.775966,0.257996][0,1,0][29.9333,-61.0485,0][-1.261,-0.775966,-0.257996][0,1,0][29.9212,-61.0485,0][-1.261,-0.775966,0.257996][0,1,0][29.9212,-61.0485,0][-1.261,-0.775966,0.257996][0,1,0][29.9212,-61.0485,0][-1.261,-0.775966,-0.257996][0,1,0][29.9212,-61.0485,0][-1.261,-0.775966,-0.257996][0,1,0][29.9212,-61.0485,0][-1.261,-0.775966,0.257996][0,1,0][29.9212,-61.0485,0][-1.067,-0.775966,0.257996][0,1,0][29.9333,-61.0485,0][-1.261,-0.775966,0.257996][0,1,0][29.9212,-61.0485,0][-1.067,-0.775966,0.257996][0,1,0][29.9333,-61.0485,0][-1.067,-0.775966,0.257996][0,1,0][29.9333,-61.0485,0][-1.067,-0.775966,0.257996][0,1,0][29.9333,-61.0485,0][-1.067,-0.775966,0.257996][0,1,0][29.9333,-61.0485,0][-1.067,-0.775966,0.257996][0,1,0][29.9333,-61.0485,0][-1.067,-0.775966,0.257996][0,1,0][29.9333,-61.0485,0][-1.067,-0.775966,0.257996][0,1,0][29.9333,-61.0485,0][-1.067,-0.775966,0.257996][0,1,0][29.9333,-61.0485,0][-1.067,-0.775966,0.257996][0,1,0][29.9333,-61.0485,0][-1.067,-0.775966,0.257996][0,1,0][29.9333,-61.0485,0][-1.067,-0.775966,0.257996][0,1,0][29.9333,-61.0485,0][-1.067,-0.775966,0.257996][0,1,0][29.9333,-61.0485,0][-1.067,-0.775966,0.257996][0,1,0][29.9333,-61.0485,0][-1.067,-0.775966,0.257996][0,1,0][29.9333,-61.0485,0][-1.067,-0.775966,0.257996][0,1,0][29.9333,-61.0485,0][-1.067,-0.775966,0.257996][0,1,0][29.9333,-61.0485,0][-1.067,-0.775966,-0.257996][0,1,0][29.9333,-61.0485,0][-1.067,-0.775966,0.257996][0,1,0][29.9333,-61.0485,0][-1.067,-0.775966,0.257996][0,1,0][29.9333,-61.0485,0][-1.067,-0.775966,0.257996][0,1,0][29.9333,-61.0485,0][-1.067,-0.775966,-0.257996][0,1,0][29.9333,-61.0485,0][-1.067,-0.775966,-0.257996][0,1,0][29.9333,-61.0485,0][-1.067,-0.775966,0.257996][0,1,0][29.9333,-61.0485,0][-1.067,-0.775966,0.257996][0,1,0][29.9333,-61.0485,0][-1.067,-0.775966,0.257996][0,1,0][29.9333,-61.0485,0][-1.067,-0.775966,0.257996][0,1,0][29.9333,-61.0485,0][-1.067,-0.775966,0.257996][0,1,0][29.9333,-61.0485,0][-1.067,-0.775966,0.257996][0,1,0][29.9333,-61.0485,0][-0.872998,-0.969966,0.257996][1,0,0][29.9454,-61.0606,0][-0.872998,-1.16397,0.257996][1,0,0][29.9454,-61.0728,0][-0.872998,-0.969966,0.257996][1,0,0][29.9454,-61.0606,0][-0.872998,-0.969966,0.257996][1,0,0][29.9454,-61.0606,0][-0.872998,-0.969966,0.257996][1,0,0][29.9454,-61.0606,0][-0.872998,-1.16397,0.257996][1,0,0][29.9454,-61.0728,0][-0.872998,-1.16397,0.257996][1,0,0][29.9454,-61.0728,0][-0.872998,-0.969966,0.257996][1,0,0][29.9454,-61.0606,0][-0.872998,-0.969966,0.257996][1,0,0][29.9454,-61.0606,0][-0.872998,-1.16397,0.257996][1,0,0][29.9454,-61.0728,0][-0.872998,-1.16397,0.257996][1,0,0][29.9454,-61.0728,0][-0.872998,-0.969966,0.257996][1,0,0][29.9454,-61.0606,0][-0.872998,-1.16397,0.257996][1,0,0][29.9454,-61.0728,0][-0.872998,-1.16397,0.257996][1,0,0][29.9454,-61.0728,0][-0.872998,-1.16397,-0.257996][1,0,0][29.9454,-61.0728,0][-0.872998,-0.969966,0.257996][1,0,0][29.9454,-61.0606,0][-0.872998,-0.969966,0.257996][1,0,0][29.9454,-61.0606,0][-0.872998,-0.969966,0.257996][1,0,0][29.9454,-61.0606,0][-0.872998,-0.969966,0.257996][1,0,0][29.9454,-61.0606,0][-0.872998,-0.969966,0.257996][1,0,0][29.9454,-61.0606,0][-0.872998,-0.969966,0.257996][1,0,0][29.9454,-61.0606,0][-0.872998,-1.16397,-0.257996][1,0,0][29.9454,-61.0728,0][-0.872998,-1.16397,-0.257996][1,0,0][29.9454,-61.0728,0][-0.872998,-1.16397,-0.257996][1,0,0][29.9454,-61.0728,0][-0.872998,-1.16397,-0.257996][1,0,0][29.9454,-61.0728,0][-0.872998,-1.16397,0.257996][1,0,0][29.9454,-61.0728,0][-0.872998,-1.16397,-0.257996][1,0,0][29.9454,-61.0728,0][1.0767,-0.775966,-0.257996][-1,0,0][30.0673,-61.0485,0][1.0767,-0.775966,0.257996][-1,0,0][30.0673,-61.0485,0][1.0767,-0.775966,0.257996][-1,0,0][30.0673,-61.0485,0][1.0767,-0.775966,0.257996][-1,0,0][30.0673,-61.0485,0][1.0767,-0.775966,-0.257996][-1,0,0][30.0673,-61.0485,0][1.0767,-0.775966,-0.257996][-1,0,0][30.0673,-61.0485,0][1.0767,-1.21247,0.257996][-1,0,0][30.0673,-61.0758,0][1.0767,-0.775966,0.257996][-1,0,0][30.0673,-61.0485,0][1.0767,-0.775966,0.257996][-1,0,0][30.0673,-61.0485,0][1.0767,-0.775966,0.257996][-1,0,0][30.0673,-61.0485,0][1.0767,-0.775966,0.257996][-1,0,0][30.0673,-61.0485,0][1.0767,-0.775966,0.257996][-1,0,0][30.0673,-61.0485,0][1.0767,-0.775966,0.257996][-1,0,0][30.0673,-61.0485,0][1.0767,-0.775966,0.257996][-1,0,0][30.0673,-61.0485,0][1.0767,-0.775966,0.257996][-1,0,0][30.0673,-61.0485,0][1.0767,-0.775966,0.257996][-1,0,0][30.0673,-61.0485,0][1.0767,-1.21247,0.257996][-1,0,0][30.0673,-61.0758,0][1.0767,-1.21247,0.257996][-1,0,0][30.0673,-61.0758,0][0.97,3.31866e-05,-0.257996][0,1,0][30.0606,-61,0][0.873002,3.31866e-05,-0.257996][0,1,0][30.0546,-61,0][0.97,3.31866e-05,-0.257996][0,1,0][30.0606,-61,0][0.97,3.31866e-05,-0.257996][0,1,0][30.0606,-61,0][0.97,3.31866e-05,-0.257996][0,1,0][30.0606,-61,0][0.97,3.31866e-05,-0.257996][0,1,0][30.0606,-61,0][0.873002,3.31866e-05,-0.257996][0,1,0][30.0546,-61,0][0.97,3.31866e-05,-0.257996][0,1,0][30.0606,-61,0][0.873002,3.31866e-05,-0.257996][0,1,0][30.0546,-61,0][0.97,3.31866e-05,-0.257996][0,1,0][30.0606,-61,0][0.97,3.31866e-05,-0.257996][0,1,0][30.0606,-61,0][0.873002,3.31866e-05,-0.257996][0,1,0][30.0546,-61,0][0.97,3.31866e-05,-0.257996][0,1,0][30.0606,-61,0][0.97,3.31866e-05,-0.257996][0,1,0][30.0606,-61,0][1.067,3.31866e-05,-0.257996][0,1,0][30.0667,-61,0][0.97,3.31866e-05,-0.257996][0,1,0][30.0606,-61,0][1.067,3.31866e-05,-0.257996][0,1,0][30.0667,-61,0][1.067,3.31866e-05,-0.257996][0,1,0][30.0667,-61,0][0.873002,3.31866e-05,0.257996][0,-1,0][30.0546,-61,0][0.873002,3.31866e-05,-0.257996][0,-1,0][30.0546,-61,0][0.873002,3.31866e-05,0.257996][0,-1,0][30.0546,-61,0][0.873002,3.31866e-05,0.257996][0,-1,0][30.0546,-61,0][0.97,3.31866e-05,0.257996][0,-1,0][30.0606,-61,0][0.97,3.31866e-05,0.257996][0,-1,0][30.0606,-61,0][0.97,3.31866e-05,0.257996][0,-1,0][30.0606,-61,0][0.873002,3.31866e-05,0.257996][0,-1,0][30.0546,-61,0][0.873002,3.31866e-05,0.257996][0,-1,0][30.0546,-61,0][1.067,3.31866e-05,0.257996][0,-1,0][30.0667,-61,0][0.873002,3.31866e-05,0.257996][0,-1,0][30.0546,-61,0][0.97,3.31866e-05,0.257996][0,-1,0][30.0606,-61,0][0.873002,3.31866e-05,-0.257996][0,-1,0][30.0546,-61,0][0.873002,3.31866e-05,-0.257996][0,-1,0][30.0546,-61,0][0.873002,3.31866e-05,0.257996][0,-1,0][30.0546,-61,0][1.067,3.31866e-05,0.257996][0,-1,0][30.0667,-61,0][1.067,3.31866e-05,0.257996][0,-1,0][30.0667,-61,0][0.97,3.31866e-05,0.257996][0,-1,0][30.0606,-61,0][1.067,3.31866e-05,-0.257996][0,-1,0][30.0667,-61,0][1.067,3.31866e-05,-0.257996][0,-1,0][30.0667,-61,0][1.067,3.31866e-05,0.257996][0,-1,0][30.0667,-61,0][1.067,3.31866e-05,-0.257996][0,-1,0][30.0667,-61,0][1.067,3.31866e-05,0.257996][0,-1,0][30.0667,-61,0][1.067,3.31866e-05,0.257996][0,-1,0][30.0667,-61,0][1.067,3.31866e-05,-0.257996][0,-1,0][30.0667,-61,0][1.067,3.31866e-05,-0.257996][0,-1,0][30.0667,-61,0][1.067,3.31866e-05,-0.257996][0,-1,0][30.0667,-61,0][1.067,3.31866e-05,-0.257996][0,-1,0][30.0667,-61,0][1.067,3.31866e-05,-0.257996][0,-1,0][30.0667,-61,0][1.067,3.31866e-05,-0.257996][0,-1,0][30.0667,-61,0][0.97,3.31866e-05,-0.257996][-1,0,0][30.0606,-61,0][0.97,3.31866e-05,-0.257996][-1,0,0][30.0606,-61,0][0.97,3.31866e-05,-0.257996][-1,0,0][30.0606,-61,0][0.97,3.31866e-05,-0.257996][-1,0,0][30.0606,-61,0][0.97,3.31866e-05,-0.257996][-1,0,0][30.0606,-61,0][0.97,3.31866e-05,-0.257996][-1,0,0][30.0606,-61,0][-1.261,-0.969966,0.257996][0,-1,0][29.9212,-61.0606,0][-1.067,-0.969966,0.257996][0,-1,0][29.9333,-61.0606,0][-1.261,-0.969966,0.257996][0,-1,0][29.9212,-61.0606,0][-1.067,-0.969966,0.257996][0,-1,0][29.9333,-61.0606,0][-1.067,-0.969966,0.257996][0,-1,0][29.9333,-61.0606,0][-1.261,-0.969966,0.257996][0,-1,0][29.9212,-61.0606,0][1.067,0.582034,0.257996][0,-1,0][30.0667,-60.9636,0][1.067,0.582034,-0.257996][0,-1,0][30.0667,-60.9636,0][1.067,0.582034,-0.257996][0,-1,0][30.0667,-60.9636,0][1.067,0.582034,0.257996][0,-1,0][30.0667,-60.9636,0][1.067,0.582034,-0.257996][0,-1,0][30.0667,-60.9636,0][1.067,0.582034,0.257996][0,-1,0][30.0667,-60.9636,0][1.067,0.776034,-0.257996][0,1,0][30.0667,-60.9515,0][1.067,0.776034,-0.257996][0,1,0][30.0667,-60.9515,0][1.067,0.776034,0.257996][0,1,0][30.0667,-60.9515,0][1.067,0.776034,0.257996][0,1,0][30.0667,-60.9515,0][1.067,0.776034,0.257996][0,1,0][30.0667,-60.9515,0][1.067,0.776034,-0.257996][0,1,0][30.0667,-60.9515,0][-1.067,0.388034,-0.257996][0,1,0][29.9333,-60.9757,0][-0.872998,0.388034,-0.257996][0,1,0][29.9454,-60.9757,0][-0.872998,0.388034,-0.257996][0,1,0][29.9454,-60.9757,0][-1.067,0.388034,-0.257996][0,1,0][29.9333,-60.9757,0][-1.067,0.388034,-0.257996][0,1,0][29.9333,-60.9757,0][-0.872998,0.388034,-0.257996][0,1,0][29.9454,-60.9757,0][-1.261,-0.935688,-0.257996][0,0,-1][29.9212,-61.0585,0][-1.261,-0.9699,-0.257996][0,0,-1][29.9212,-61.0606,0][-1.261,-0.969906,-0.257996][0,0,-1][29.9212,-61.0606,0][-1.261,-0.906822,-0.257996][0,0,-1][29.9212,-61.0567,0][-1.261,-0.935688,-0.257996][0,0,-1][29.9212,-61.0585,0][-1.261,-0.93569,-0.257996][0,0,-1][29.9212,-61.0585,0][-1.261,-0.969906,-0.257996][0,0,-1][29.9212,-61.0606,0][-1.261,-0.93569,-0.257996][0,0,-1][29.9212,-61.0585,0][-1.261,-0.935688,-0.257996][0,0,-1][29.9212,-61.0585,0][-1.261,-0.775966,-0.257996][0,0,-1][29.9212,-61.0485,0][-1.261,-0.906822,-0.257996][0,0,-1][29.9212,-61.0567,0][-1.261,-0.775966,-0.257996][0,0,-1][29.9212,-61.0485,0][-1.261,-0.93569,-0.257996][0,0,-1][29.9212,-61.0585,0][-1.261,-0.775966,-0.257996][0,0,-1][29.9212,-61.0485,0][-1.261,-0.906822,-0.257996][0,0,-1][29.9212,-61.0567,0][-0.7275,-0.969966,-0.257996][-1,0,0][29.9545,-61.0606,0][-0.7275,-0.969966,-0.257996][-1,0,0][29.9545,-61.0606,0][-0.7275,-1.16397,-0.257996][-1,0,0][29.9545,-61.0728,0][-0.7275,-0.969966,-0.257996][-1,0,0][29.9545,-61.0606,0][-0.7275,-1.16397,-0.257996][-1,0,0][29.9545,-61.0728,0][-0.7275,-1.16397,-0.257996][-1,0,0][29.9545,-61.0728,0][-1.261,-0.969966,-0.257996][0,-1,0][29.9212,-61.0606,0][-1.067,-0.969966,-0.257996][0,-1,0][29.9333,-61.0606,0][-1.261,-0.969966,-0.257996][0,-1,0][29.9212,-61.0606,0][-1.261,-0.969966,-0.257996][0,-1,0][29.9212,-61.0606,0][-1.067,-0.969966,-0.257996][0,-1,0][29.9333,-61.0606,0][-1.067,-0.969966,-0.257996][0,-1,0][29.9333,-61.0606,0][-1.067,-0.969966,-0.257996][0,-1,0][29.9333,-61.0606,0][-1.067,-0.969966,-0.257996][0,-1,0][29.9333,-61.0606,0][-1.067,-0.969966,-0.257996][0,-1,0][29.9333,-61.0606,0][-1.067,-0.969966,-0.257996][0,-1,0][29.9333,-61.0606,0][-1.067,-0.969966,-0.257996][0,-1,0][29.9333,-61.0606,0][-1.067,-0.969966,-0.257996][0,-1,0][29.9333,-61.0606,0][-1.067,-0.969966,-0.257996][0,-1,0][29.9333,-61.0606,0][-1.067,-0.969966,-0.257996][0,-1,0][29.9333,-61.0606,0][-1.067,-0.969966,-0.257996][0,-1,0][29.9333,-61.0606,0][-1.067,-0.969966,-0.257996][0,-1,0][29.9333,-61.0606,0][-1.067,-0.969966,-0.257996][0,-1,0][29.9333,-61.0606,0][-1.067,-0.969966,-0.257996][0,-1,0][29.9333,-61.0606,0][-1.067,-0.969966,-0.257996][0,-1,0][29.9333,-61.0606,0][-1.067,-0.969966,-0.257996][0,-1,0][29.9333,-61.0606,0][-1.067,-0.969966,-0.257996][0,-1,0][29.9333,-61.0606,0][1.164,-0.775966,0.257996][0,1,0][30.0728,-61.0485,0][1.164,-0.775966,-0.257996][0,1,0][30.0728,-61.0485,0][1.164,-0.775966,0.257996][0,1,0][30.0728,-61.0485,0][1.164,-0.775966,-0.257996][0,1,0][30.0728,-61.0485,0][1.164,-0.775966,0.257996][0,1,0][30.0728,-61.0485,0][1.164,-0.775966,-0.257996][0,1,0][30.0728,-61.0485,0][1.164,-0.775966,0.257996][0,1,0][30.0728,-61.0485,0][1.0767,-0.775966,0.257996][0,1,0][30.0673,-61.0485,0][1.164,-0.775966,0.257996][0,1,0][30.0728,-61.0485,0][1.0767,-0.775966,0.257996][0,1,0][30.0673,-61.0485,0][1.164,-0.775966,0.257996][0,1,0][30.0728,-61.0485,0][1.0767,-0.775966,0.257996][0,1,0][30.0673,-61.0485,0][0.291,-0.193967,-0.257996][0,-1,0][30.0182,-61.0121,0][0.291,-0.193967,-0.257996][0,-1,0][30.0182,-61.0121,0][0.485,-0.193967,-0.257996][0,-1,0][30.0303,-61.0121,0][-0.291,-0.193967,0.257996][0,-1,0][29.9818,-61.0121,0][0.291,-0.193967,0.257996][0,-1,0][30.0182,-61.0121,0][0.485,-0.193967,0.257996][0,-1,0][30.0303,-61.0121,0][0.291,-0.193967,0.257996][0,-1,0][30.0182,-61.0121,0][-0.291,-0.193967,0.257996][0,-1,0][29.9818,-61.0121,0][-0.0969986,-0.193967,0.257996][0,-1,0][29.9939,-61.0121,0][0.291,-0.193967,0.257996][0,-1,0][30.0182,-61.0121,0][0.485,-0.193967,0.257996][0,-1,0][30.0303,-61.0121,0][0.485,-0.193967,0.257996][0,-1,0][30.0303,-61.0121,0][-0.291,-0.193967,0.257996][0,-1,0][29.9818,-61.0121,0][-0.0969986,-0.193967,0.257996][0,-1,0][29.9939,-61.0121,0][-0.291,-0.193967,0.257996][0,-1,0][29.9818,-61.0121,0][-0.291,-0.193967,-0.257996][0,-1,0][29.9818,-61.0121,0][-0.291,-0.193967,0.257996][0,-1,0][29.9818,-61.0121,0][-0.291,-0.193967,0.257996][0,-1,0][29.9818,-61.0121,0][-0.291,-0.193967,0.257996][0,-1,0][29.9818,-61.0121,0][-1.067,-0.193967,0.257996][0,-1,0][29.9333,-61.0121,0][-0.872998,-0.193967,0.257996][0,-1,0][29.9454,-61.0121,0][-1.067,-0.193967,0.257996][0,-1,0][29.9333,-61.0121,0][-0.872998,-0.193967,0.257996][0,-1,0][29.9454,-61.0121,0][-1.067,-0.193967,0.257996][0,-1,0][29.9333,-61.0121,0][-1.067,-0.193967,0.257996][0,-1,0][29.9333,-61.0121,0][-1.067,-0.193967,-0.257996][0,-1,0][29.9333,-61.0121,0][-1.067,-0.193967,0.257996][0,-1,0][29.9333,-61.0121,0][-1.067,-0.193967,-0.257996][0,-1,0][29.9333,-61.0121,0][-1.067,-0.193967,-0.257996][0,-1,0][29.9333,-61.0121,0][-1.067,-0.193967,0.257996][0,-1,0][29.9333,-61.0121,0][-1.067,-0.193967,-0.257996][0,-1,0][29.9333,-61.0121,0][-1.067,-0.193967,-0.257996][0,-1,0][29.9333,-61.0121,0][-0.872998,-0.193967,-0.257996][0,-1,0][29.9454,-61.0121,0][-0.872998,-0.193967,-0.257996][0,-1,0][29.9454,-61.0121,0][-0.872998,-0.193967,-0.257996][0,-1,0][29.9454,-61.0121,0][-1.067,-0.193967,-0.257996][0,-1,0][29.9333,-61.0121,0][1.0767,-0.775966,0.257996][0,1,0][30.0673,-61.0485,0][1.0767,-0.775966,-0.257996][0,1,0][30.0673,-61.0485,0][1.0767,-0.775966,-0.257996][0,1,0][30.0673,-61.0485,0][1.0767,-0.775966,-0.257996][0,1,0][30.0673,-61.0485,0][1.0767,-0.775966,-0.257996][0,1,0][30.0673,-61.0485,0][1.07864,-0.775966,-0.257996][0,1,0][30.0674,-61.0485,0][1.07864,-0.775966,-0.257996][0,1,0][30.0674,-61.0485,0][1.07864,-0.775966,-0.257996][0,1,0][30.0674,-61.0485,0][1.0767,-0.775966,-0.257996][0,1,0][30.0673,-61.0485,0][-0.7275,-1.16397,-0.257996][0.968504,-0.244094,0][29.9545,-61.0728,0][-0.7275,-1.16397,-0.257996][0.968504,-0.244094,0][29.9545,-61.0728,0][-0.679,-0.969966,-0.257996][0.968504,-0.244094,0][29.9576,-61.0606,0][-0.7275,-1.16397,-0.257996][0.968504,-0.244094,0][29.9545,-61.0728,0][-0.679,-0.969966,-0.257996][0.968504,-0.244094,0][29.9576,-61.0606,0][-0.7275,-1.16396,-0.257996][0.968504,-0.244094,0][29.9545,-61.0728,0][1.067,1.16403,-0.257996][0,-1,0][30.0667,-60.9272,0][1.067,1.16403,-0.257996][0,-1,0][30.0667,-60.9272,0][1.067,1.16403,0.257996][0,-1,0][30.0667,-60.9272,0][1.067,1.16403,-0.257996][0,-1,0][30.0667,-60.9272,0][1.067,1.16403,0.257996][0,-1,0][30.0667,-60.9272,0][1.067,1.16403,0.257996][0,-1,0][30.0667,-60.9272,0][-0.679,-0.969966,-0.257996][0,1,0][29.9576,-61.0606,0][-0.7275,-0.969966,-0.257996][0,1,0][29.9545,-61.0606,0][-0.7275,-0.969966,-0.257996][0,1,0][29.9545,-61.0606,0][-0.7275,-0.969966,-0.257996][0,1,0][29.9545,-61.0606,0][-0.7275,-0.969966,-0.257996][0,1,0][29.9545,-61.0606,0][-0.7275,-0.969966,0.257996][0,1,0][29.9545,-61.0606,0][-1.067,-0.969966,0.257996][0,1,0][29.9333,-61.0606,0][-0.872998,-0.969966,0.257996][0,1,0][29.9454,-61.0606,0][-1.067,-0.969966,0.257996][0,1,0][29.9333,-61.0606,0][-0.872998,-0.969966,0.257996][0,1,0][29.9454,-61.0606,0][-0.872998,-0.969966,0.257996][0,1,0][29.9454,-61.0606,0][-0.872998,-0.969966,0.257996][0,1,0][29.9454,-61.0606,0][-0.872998,-0.969966,0.257996][0,1,0][29.9454,-61.0606,0][-0.872998,-0.969966,0.257996][0,1,0][29.9454,-61.0606,0][-0.872998,-0.969966,0.257996][0,1,0][29.9454,-61.0606,0][-0.872998,-0.969966,0.257996][0,1,0][29.9454,-61.0606,0][-0.872998,-0.969966,0.257996][0,1,0][29.9454,-61.0606,0][-0.872998,-0.969966,0.257996][0,1,0][29.9454,-61.0606,0][-0.872998,-0.969966,0.257996][0,1,0][29.9454,-61.0606,0][-0.872998,-0.969966,0.257996][0,1,0][29.9454,-61.0606,0][-1.067,-0.969966,0.257996][0,1,0][29.9333,-61.0606,0][-1.067,-0.969966,0.257996][0,1,0][29.9333,-61.0606,0][-0.872998,-0.969966,0.257996][0,1,0][29.9454,-61.0606,0][-1.067,-0.969966,0.257996][0,1,0][29.9333,-61.0606,0][-0.872998,-0.969966,0.257996][0,1,0][29.9454,-61.0606,0][-0.872998,-0.969966,0.257996][0,1,0][29.9454,-61.0606,0][-0.872998,-0.969966,0.257996][0,1,0][29.9454,-61.0606,0][-0.7275,-0.969966,-0.257996][0,1,0][29.9545,-61.0606,0][-1.067,-0.969966,-0.257996][0,1,0][29.9333,-61.0606,0][-1.067,-0.969966,-0.257996][0,1,0][29.9333,-61.0606,0][-1.067,-0.969966,-0.257996][0,1,0][29.9333,-61.0606,0][-1.067,-0.969966,-0.257996][0,1,0][29.9333,-61.0606,0][-1.067,-0.969966,-0.257996][0,1,0][29.9333,-61.0606,0][-0.7275,-0.969966,0.257996][1,0,0][29.9545,-61.0606,0][-0.7275,-0.969966,-0.257996][1,0,0][29.9545,-61.0606,0][-0.7275,-0.969966,0.257996][1,0,0][29.9545,-61.0606,0][-0.7275,-0.969966,0.257996][1,0,0][29.9545,-61.0606,0][-0.7275,-0.969966,0.257996][1,0,0][29.9545,-61.0606,0][-0.7275,-0.969966,0.257996][1,0,0][29.9545,-61.0606,0][-0.7275,-0.969966,0.257996][1,0,0][29.9545,-61.0606,0][-0.7275,-0.969966,0.257996][1,0,0][29.9545,-61.0606,0][-0.7275,-1.16397,0.257996][1,0,0][29.9545,-61.0728,0][-0.7275,-1.16396,0.257996][1,0,0][29.9545,-61.0728,0][-0.7275,-0.969966,0.257996][1,0,0][29.9545,-61.0606,0][-0.7275,-1.16397,0.257996][1,0,0][29.9545,-61.0728,0][-0.7275,-0.969966,0.257996][1,0,0][29.9545,-61.0606,0][-0.7275,-1.16397,0.257996][1,0,0][29.9545,-61.0728,0][-0.7275,-1.16397,0.257996][1,0,0][29.9545,-61.0728,0][-0.7275,-0.969966,-0.257996][1,0,0][29.9545,-61.0606,0][-0.7275,-0.969966,-0.257996][1,0,0][29.9545,-61.0606,0][-0.7275,-0.969966,0.257996][1,0,0][29.9545,-61.0606,0][0.485,0.194033,0.257996][0,-1,0][30.0303,-60.9879,0][0.291,0.194033,0.257996][0,-1,0][30.0182,-60.9879,0][0.485,0.194033,0.257996][0,-1,0][30.0303,-60.9879,0][0.291,0.194033,0.257996][0,-1,0][30.0182,-60.9879,0][0.485,0.194033,0.257996][0,-1,0][30.0303,-60.9879,0][-0.872998,0.194033,0.257996][0,-1,0][29.9454,-60.9879,0][0.485,0.194033,0.257996][0,-1,0][30.0303,-60.9879,0][-1.067,0.194033,0.257996][0,-1,0][29.9333,-60.9879,0][-0.872998,0.194033,0.257996][0,-1,0][29.9454,-60.9879,0][-1.067,0.194033,0.257996][0,-1,0][29.9333,-60.9879,0][-0.872998,0.194033,0.257996][0,-1,0][29.9454,-60.9879,0][-1.067,0.194033,0.257996][0,-1,0][29.9333,-60.9879,0][-1.067,0.194033,0.257996][0,-1,0][29.9333,-60.9879,0][-1.067,0.194033,-0.257996][0,-1,0][29.9333,-60.9879,0][-1.067,0.194033,0.257996][0,-1,0][29.9333,-60.9879,0][-1.067,0.194033,-0.257996][0,-1,0][29.9333,-60.9879,0][-1.067,0.194033,-0.257996][0,-1,0][29.9333,-60.9879,0][-1.067,0.194033,0.257996][0,-1,0][29.9333,-60.9879,0][-0.291,3.31866e-05,-0.257996][0,1,0][29.9818,-61,0][-0.0969986,3.31866e-05,-0.257996][0,1,0][29.9939,-61,0][-0.0969986,3.31866e-05,-0.257996][0,1,0][29.9939,-61,0][-0.291,3.31866e-05,-0.257996][0,1,0][29.9818,-61,0][-0.0969986,3.31866e-05,-0.257996][0,1,0][29.9939,-61,0][-0.291,3.31866e-05,-0.257996][0,1,0][29.9818,-61,0][-0.872998,0.388034,-0.257996][1,0,0][29.9454,-60.9757,0][-0.872998,0.194033,-0.257996][1,0,0][29.9454,-60.9879,0][-0.872998,3.31866e-05,-0.257996][1,0,0][29.9454,-61,0][-0.872998,0.388034,-0.257996][1,0,0][29.9454,-60.9757,0][-0.872998,0.388034,-0.257996][1,0,0][29.9454,-60.9757,0][-0.872998,3.31866e-05,-0.257996][1,0,0][29.9454,-61,0][-0.872998,3.31866e-05,-0.257996][1,0,0][29.9454,-61,0][-0.872998,3.31866e-05,0.257996][1,0,0][29.9454,-61,0][-0.872998,3.31866e-05,-0.257996][1,0,0][29.9454,-61,0][-0.872998,3.31866e-05,-0.257996][1,0,0][29.9454,-61,0][-0.872998,-0.193967,-0.257996][1,0,0][29.9454,-61.0121,0][-0.872998,-0.193967,-0.257996][1,0,0][29.9454,-61.0121,0][-0.872998,3.31866e-05,-0.257996][1,0,0][29.9454,-61,0][-0.872998,3.31866e-05,-0.257996][1,0,0][29.9454,-61,0][-0.872998,3.31866e-05,-0.257996][1,0,0][29.9454,-61,0][-0.872998,3.31866e-05,-0.257996][1,0,0][29.9454,-61,0][-0.872998,3.31866e-05,-0.257996][1,0,0][29.9454,-61,0][-0.872998,-0.193967,-0.257996][1,0,0][29.9454,-61.0121,0][-0.872998,3.31866e-05,-0.257996][1,0,0][29.9454,-61,0][-0.872998,3.31866e-05,-0.257996][1,0,0][29.9454,-61,0][-0.872998,3.31866e-05,-0.257996][1,0,0][29.9454,-61,0][-0.872998,-0.193967,-0.257996][1,0,0][29.9454,-61.0121,0][-0.872998,-0.193967,-0.257996][1,0,0][29.9454,-61.0121,0][-0.872998,3.31866e-05,-0.257996][1,0,0][29.9454,-61,0][-0.872998,-0.193967,-0.257996][1,0,0][29.9454,-61.0121,0][-0.872998,-0.193967,-0.257996][1,0,0][29.9454,-61.0121,0][-0.872998,-0.193967,0.257996][1,0,0][29.9454,-61.0121,0][-0.872998,-0.193967,0.257996][1,0,0][29.9454,-61.0121,0][-0.872998,-0.193967,0.257996][1,0,0][29.9454,-61.0121,0][-0.872998,-0.193967,-0.257996][1,0,0][29.9454,-61.0121,0][1.07864,-1.21247,-0.257996][0,1,0][30.0674,-61.0758,0][1.07864,-1.21247,-0.257996][0,1,0][30.0674,-61.0758,0][1.261,-1.21247,-0.257996][0,1,0][30.0788,-61.0758,0][1.261,-1.21247,-0.257996][0,1,0][30.0788,-61.0758,0][1.261,-1.21247,-0.257996][0,1,0][30.0788,-61.0758,0][1.07864,-1.21247,-0.257996][0,1,0][30.0674,-61.0758,0][1.07864,-1.21247,-0.257996][0,1,0][30.0674,-61.0758,0][1.07864,-1.21247,-0.257996][0,1,0][30.0674,-61.0758,0][1.261,-1.21247,-0.257996][0,1,0][30.0788,-61.0758,0][1.261,-1.21247,-0.257996][0,1,0][30.0788,-61.0758,0][1.07864,-1.21247,-0.257996][0,1,0][30.0674,-61.0758,0][1.07864,-1.21247,-0.257996][0,1,0][30.0674,-61.0758,0][-1.067,-0.775966,0.257996][1,0,0][29.9333,-61.0485,0][-1.067,-0.969966,0.257996][1,0,0][29.9333,-61.0606,0][-1.067,-0.969966,0.257996][1,0,0][29.9333,-61.0606,0][-1.067,-0.775966,0.257996][1,0,0][29.9333,-61.0485,0][-1.067,-0.775966,0.257996][1,0,0][29.9333,-61.0485,0][-1.067,-0.969966,0.257996][1,0,0][29.9333,-61.0606,0][-1.067,-0.775968,-0.257996][1,0,0][29.9333,-61.0485,0][-1.067,-0.775968,-0.257996][1,0,0][29.9333,-61.0485,0][-1.067,-0.969966,0.257996][1,0,0][29.9333,-61.0606,0][-1.067,-0.969966,0.257996][1,-0.00787402,0][29.9333,-61.0606,0][-1.067,-0.969966,0.257996][1,0,0][29.9333,-61.0606,0][-1.067,-0.969966,0.257996][1,-0.00787402,0][29.9333,-61.0606,0][-1.067,-0.969966,0.257996][1,0,0][29.9333,-61.0606,0][-1.067,-0.969966,0.257996][1,-0.00787402,0][29.9333,-61.0606,0][-1.067,-0.969966,-0.257996][1,0,0][29.9333,-61.0606,0][-1.067,-0.775966,-0.257996][1,0,0][29.9333,-61.0485,0][-1.067,-0.775966,0.257996][1,0,0][29.9333,-61.0485,0][-1.067,-0.775966,0.257996][1,0,0][29.9333,-61.0485,0][-1.067,-0.775966,0.257996][1,0,0][29.9333,-61.0485,0][-1.067,-0.775968,-0.257996][1,0,0][29.9333,-61.0485,0][-1.067,-0.775968,-0.257996][1,0,0][29.9333,-61.0485,0][-1.067,-0.969966,-0.257996][1,0,0][29.9333,-61.0606,0][-1.067,-0.775968,-0.257996][1,0,0][29.9333,-61.0485,0][-1.067,-0.775968,-0.257996][1,0,0][29.9333,-61.0485,0][-1.067,-0.969966,-0.257996][1,0,0][29.9333,-61.0606,0][-1.067,-0.969966,-0.257996][1,0,0][29.9333,-61.0606,0][-1.067,-0.969966,-0.257996][1,0,0][29.9333,-61.0606,0][-1.067,-0.775968,-0.257996][1,0,0][29.9333,-61.0485,0][-1.067,-0.969966,-0.257996][1,0,0][29.9333,-61.0606,0][-1.067,-0.969966,-0.257996][1,0,0][29.9333,-61.0606,0][-1.067,-0.775966,-0.257996][1,0,0][29.9333,-61.0485,0][-1.067,-0.775968,-0.257996][1,0,0][29.9333,-61.0485,0][-1.067,-0.775968,-0.257996][1,0,0][29.9333,-61.0485,0][-1.067,-0.775968,-0.257996][1,0,0][29.9333,-61.0485,0][-1.067,-0.775966,-0.257996][1,0,0][29.9333,-61.0485,0][-1.067,-0.775966,-0.257996][1,0,0][29.9333,-61.0485,0][-1.067,-0.969966,-0.257996][1,0,0][29.9333,-61.0606,0][-1.067,-0.775966,-0.257996][1,0,0][29.9333,-61.0485,0][-1.067,-0.775968,-0.257996][1,0,0][29.9333,-61.0485,0][-1.067,-0.775966,0.257996][1,0,0][29.9333,-61.0485,0][-1.067,-0.775966,-0.257996][1,0,0][29.9333,-61.0485,0][-1.067,-0.775966,-0.257996][1,0,0][29.9333,-61.0485,0][-1.067,-0.775966,-0.257996][1,0,0][29.9333,-61.0485,0][-1.067,-0.387966,-0.257996][1,0,0][29.9333,-61.0243,0][-1.067,-0.581966,-0.257996][1,0,0][29.9333,-61.0364,0][-1.067,-0.387966,-0.257996][1,0,0][29.9333,-61.0243,0][-1.067,-0.387966,-0.257996][1,0,0][29.9333,-61.0243,0][-1.067,-0.581966,-0.257996][1,0,0][29.9333,-61.0364,0][1.07864,-1.26096,0.257996][-0.976378,-0.220472,0][30.0674,-61.0788,0][1.07864,-1.26096,0.257996][-0.976378,-0.220472,0][30.0674,-61.0788,0][1.07864,-1.26094,0.257996][-0.976378,-0.220472,0][30.0674,-61.0788,0][0.97,3.31866e-05,0.257996][-1,0,0][30.0606,-61,0][0.97,-0.77593,0.257996][-1,0,0][30.0606,-61.0485,0][0.97,3.31866e-05,0.257996][-1,0,0][30.0606,-61,0][0.97,-0.775966,0.257996][-1,0,0][30.0606,-61.0485,0][0.97,3.31866e-05,0.257996][-1,0,0][30.0606,-61,0][0.97,-0.77593,0.257996][-1,0,0][30.0606,-61.0485,0][1.07864,-1.26094,-0.257996][-1,0,0][30.0674,-61.0788,0][1.07864,-1.21247,-0.257996][-1,0,0][30.0674,-61.0758,0][1.07864,-1.21247,-0.257996][-1,0,0][30.0674,-61.0758,0][1.07864,-1.21247,-0.257996][-1,0,0][30.0674,-61.0758,0][1.07864,-1.26097,-0.257996][-1,0,0][30.0674,-61.0788,0][1.07864,-1.26094,-0.257996][-1,0,0][30.0674,-61.0788,0][1.07864,-1.21247,-0.257996][-1,0,0][30.0674,-61.0758,0][1.07864,-1.21247,-0.257996][-1,0,0][30.0674,-61.0758,0][1.07864,-1.26097,-0.257996][-1,0,0][30.0674,-61.0788,0][1.07864,-1.26097,-0.257996][-1,0,0][30.0674,-61.0788,0][1.07864,-1.26097,-0.257996][-1,0,0][30.0674,-61.0788,0][1.07864,-1.21247,-0.257996][-1,0,0][30.0674,-61.0758,0][1.164,-1.21247,-0.257996][-1,0,0][30.0728,-61.0758,0][1.164,-0.775966,-0.257996][-1,0,0][30.0728,-61.0485,0][1.164,-1.21247,-0.257996][-1,0,0][30.0728,-61.0758,0][1.164,-0.775966,-0.257996][-1,0,0][30.0728,-61.0485,0][1.164,-0.775966,-0.257996][-1,0,0][30.0728,-61.0485,0][1.164,-1.21247,-0.257996][-1,0,0][30.0728,-61.0758,0][-1.2544,-1.02019,0.257996][-0.968504,-0.259843,0][30.0161,-61.0638,0][-1.2544,-1.02019,-0.257996][-0.968504,-0.259843,0][29.9839,-61.0638,0][-1.23501,-1.06697,0.257996][-0.866142,-0.496063,0][30.0161,-61.0667,0][-1.23501,-1.06697,-0.257996][-0.866142,-0.496063,0][29.9839,-61.0667,0][-1.23501,-1.06697,0.257996][-0.866142,-0.496063,0][30.0161,-61.0667,0][-1.2544,-1.02019,-0.257996][-0.968504,-0.259843,0][29.9839,-61.0638,0][-1.23501,-1.06697,0.257996][-0.866142,-0.496063,0][30.0161,-61.0667,0][-1.23501,-1.06697,-0.257996][-0.866142,-0.496063,0][29.9839,-61.0667,0][-1.20416,-1.10714,-0.257996][-0.708661,-0.708661,0][29.9839,-61.0692,0][-1.20416,-1.10714,-0.257996][-0.708661,-0.708661,0][29.9839,-61.0692,0][-1.20416,-1.10714,0.257996][-0.708661,-0.708661,0][30.0161,-61.0692,0][-1.23501,-1.06697,0.257996][-0.866142,-0.496063,0][30.0161,-61.0667,0][0.97,-0.77593,-0.257996][-0.992126,-0.125984,0][29.9839,-61.0485,0][0.873002,3.31866e-05,0.257996][-0.992126,-0.125984,0][30.0161,-61,0][0.873002,3.31866e-05,-0.257996][-0.992126,-0.125984,0][29.9839,-61,0][0.873002,3.31866e-05,0.257996][-0.992126,-0.125984,0][30.0161,-61,0][0.97,-0.77593,-0.257996][-0.992126,-0.125984,0][29.9839,-61.0485,0][0.97,-0.77593,0.257996][-0.992126,-0.125984,0][30.0161,-61.0485,0][0.97,-0.775966,-0.257996][-0.992126,-0.125984,0][29.9839,-61.0485,0][0.97,-0.775966,-0.257996][-0.992126,-0.125984,0][29.9839,-61.0485,0][0.97,-0.775966,0.257996][-0.992126,-0.125984,0][30.0161,-61.0485,0][0.97,-0.775966,0.257996][-0.992126,-0.125984,0][30.0161,-61.0485,0][0.97,-0.775966,0.257996][-0.992126,-0.125984,0][30.0161,-61.0485,0][0.97,-0.775966,-0.257996][-0.992126,-0.125984,0][29.9839,-61.0485,0][-1.261,-0.96996,-0.257996][-1,0,0][29.9839,-61.0606,0][-1.261,-0.969906,0.257996][-1,0,0][30.0161,-61.0606,0][-1.261,-0.969906,-0.257996][-1,0,0][29.9839,-61.0606,0][-1.261,-0.969906,0.257996][-1,0,0][30.0161,-61.0606,0][-1.261,-0.96996,-0.257996][-1,0,0][29.9839,-61.0606,0][-1.261,-0.96996,0.257996][-1,0,0][30.0161,-61.0606,0][-1.261,-0.96996,0.257996][-1,0,0][30.0161,-61.0606,0][-1.261,-0.96996,-0.257996][-1,0,0][29.9839,-61.0606,0][-1.2544,-1.02019,0.257996][-0.968504,-0.259843,0][30.0161,-61.0638,0][-1.261,-0.96996,-0.257996][-1,0,0][29.9839,-61.0606,0][-1.2544,-1.02019,-0.257996][-0.968504,-0.259843,0][29.9839,-61.0638,0][-1.2544,-1.02019,0.257996][-0.968504,-0.259843,0][30.0161,-61.0638,0][-1.261,-0.969906,0.257996][-1,0,0][30.0161,-61.0606,0][-1.261,-0.775966,0.257996][-1,0,0][30.0161,-61.0485,0][-1.261,-0.93569,-0.257996][-1,0,0][29.9839,-61.0585,0][-1.261,-0.969906,-0.257996][-1,0,0][29.9839,-61.0606,0][-1.261,-0.969906,0.257996][-1,0,0][30.0161,-61.0606,0][-1.261,-0.93569,-0.257996][-1,0,0][29.9839,-61.0585,0][-1.261,-0.581966,-0.257996][-1,0,0][29.9839,-61.0364,0][-1.261,-0.775966,-0.257996][-1,0,0][29.9839,-61.0485,0][-1.261,-0.581966,0.257996][-1,0,0][30.0161,-61.0364,0][-1.261,-0.775966,0.257996][-1,0,0][30.0161,-61.0485,0][-1.261,-0.581966,0.257996][-1,0,0][30.0161,-61.0364,0][-1.261,-0.775966,-0.257996][-1,0,0][29.9839,-61.0485,0][-1.261,-0.387966,-0.257996][-1,0,0][29.9839,-61.0243,0][-1.261,-0.581966,-0.257996][-1,0,0][29.9839,-61.0364,0][-1.261,-0.581966,0.257996][-1,0,0][30.0161,-61.0364,0][-1.261,-0.387966,-0.257996][-1,0,0][29.9839,-61.0243,0][-1.261,-0.581966,0.257996][-1,0,0][30.0161,-61.0364,0][-1.261,-0.387966,0.257996][-1,0,0][30.0161,-61.0243,0][-1.261,-0.775966,0.257996][-1,0,0][30.0161,-61.0485,0][-1.261,-0.775966,-0.257996][-1,0,0][29.9839,-61.0485,0][-1.261,-0.93569,-0.257996][-1,0,0][29.9839,-61.0585,0][-1.067,3.31866e-05,-0.257996][-1,0,0][29.9839,-61,0][-1.067,-0.193967,-0.257996][-1,0,0][29.9839,-61.0121,0][-1.067,-0.193967,0.257996][-1,0,0][30.0161,-61.0121,0][-1.067,0.194033,0.257996][-1,0,0][30.0161,-60.9879,0][-1.067,0.194033,-0.257996][-1,0,0][29.9839,-60.9879,0][-1.067,3.31866e-05,-0.257996][-1,0,0][29.9839,-61,0][-1.067,3.31866e-05,0.257996][-1,0,0][30.0161,-61,0][-1.067,0.194033,0.257996][-1,0,0][30.0161,-60.9879,0][-1.067,3.31866e-05,-0.257996][-1,0,0][29.9839,-61,0][-1.067,3.31866e-05,-0.257996][-1,0,0][29.9839,-61,0][-1.067,-0.193967,0.257996][-1,0,0][30.0161,-61.0121,0][-1.067,3.31866e-05,0.257996][-1,0,0][30.0161,-61,0][-1.067,0.194033,-0.257996][-1,0,0][29.9839,-60.9879,0][-1.067,0.194033,0.257996][-1,0,0][30.0161,-60.9879,0][-1.067,0.388034,-0.257996][-1,0,0][29.9839,-60.9757,0][-1.067,0.388034,0.257996][-1,0,0][30.0161,-60.9757,0][-1.067,0.388034,-0.257996][-1,0,0][29.9839,-60.9757,0][-1.067,0.194033,0.257996][-1,0,0][30.0161,-60.9879,0][-1.067,-0.87311,0.257996][-1,0,0][30.0161,-61.0546,0][-1.067,-0.87311,-0.257996][-1,0,0][29.9839,-61.0546,0][-1.067,-0.969966,0.257996][-1,0,0][30.0161,-61.0606,0][-1.067,-0.87311,-0.257996][-1,0,0][29.9839,-61.0546,0][-1.067,-0.969966,-0.257996][-1,0,0][29.9839,-61.0606,0][-1.067,-0.969966,0.257996][-1,0,0][30.0161,-61.0606,0][-1.067,-1.16397,0.257996][-1,0,0][30.0161,-61.0728,0][-1.067,-1.16397,0.257996][-1,0,0][30.0161,-61.0728,0][-1.067,-1.16397,-0.257996][-1,0,0][29.9839,-61.0728,0][-1.067,-1.16397,-0.257996][-1,0,0][29.9839,-61.0728,0][-1.067,-1.16397,0.257996][-1,0,0][30.0161,-61.0728,0][-1.067,-1.16397,-0.257996][-1,0,0][29.9839,-61.0728,0][-0.291,-1.35797,-0.257996][-1,0,0][29.9839,-61.0849,0][-0.291,-1.35797,0.257996][-1,0,0][30.0161,-61.0849,0][-0.291,-0.581966,0.257996][-1,0,0][30.0161,-61.0364,0][-0.291,-0.581966,-0.257996][-1,0,0][29.9839,-61.0364,0][-0.291,-1.35797,-0.257996][-1,0,0][29.9839,-61.0849,0][-0.291,-0.581966,0.257996][-1,0,0][30.0161,-61.0364,0][-0.291,-0.193967,0.257996][-1,0,0][30.0161,-61.0121,0][-0.291,-0.193967,-0.257996][-1,0,0][29.9839,-61.0121,0][-0.291,-0.387966,0.257996][-1,0,0][30.0161,-61.0243,0][-0.291,-0.193967,-0.257996][-1,0,0][29.9839,-61.0121,0][-0.291,-0.387966,-0.257996][-1,0,0][29.9839,-61.0243,0][-0.291,-0.387966,0.257996][-1,0,0][30.0161,-61.0243,0][0.873002,0.776034,0.257996][-1,0,0][30.0161,-60.9515,0][0.873002,1.16403,0.257996][-1,0,0][30.0161,-60.9272,0][0.873002,0.776034,-0.257996][-1,0,0][29.9839,-60.9515,0][0.873002,1.16403,-0.257996][-1,0,0][29.9839,-60.9272,0][0.873002,0.776034,-0.257996][-1,0,0][29.9839,-60.9515,0][0.873002,1.16403,0.257996][-1,0,0][30.0161,-60.9272,0][0.291,3.31866e-05,0.257996][-1,0,0][30.0161,-61,0][0.291,0.194033,0.257996][-1,0,0][30.0161,-60.9879,0][0.291,3.31866e-05,-0.257996][-1,0,0][29.9839,-61,0][0.291,0.194033,0.257996][-1,0,0][30.0161,-60.9879,0][0.291,0.194033,-0.257996][-1,0,0][29.9839,-60.9879,0][0.291,3.31866e-05,-0.257996][-1,0,0][29.9839,-61,0][-1.261,0.776034,-0.257996][-1,0,0][29.9839,-60.9515,0][-1.261,0.582034,-0.257996][-1,0,0][29.9839,-60.9636,0][-1.261,0.582034,0.257996][-1,0,0][30.0161,-60.9636,0][-1.261,0.776034,0.257996][-1,0,0][30.0161,-60.9515,0][-1.261,0.776034,-0.257996][-1,0,0][29.9839,-60.9515,0][-1.261,0.582034,0.257996][-1,0,0][30.0161,-60.9636,0][-1.261,0.776034,-0.257996][-1,0,0][29.9839,-60.9515,0][-1.261,0.776034,0.257996][-1,0,0][30.0161,-60.9515,0][-1.261,1.35803,-0.257996][-1,0,0][29.9839,-60.9151,0][-1.261,1.35803,0.257996][-1,0,0][30.0161,-60.9151,0][-1.261,1.35803,-0.257996][-1,0,0][29.9839,-60.9151,0][-1.261,0.776034,0.257996][-1,0,0][30.0161,-60.9515,0][0.485,-1.16397,0.257996][-1,0,0][30.0161,-61.0728,0][0.485,-0.581966,-0.257996][-1,0,0][29.9839,-61.0364,0][0.485,-1.16397,-0.257996][-1,0,0][29.9839,-61.0728,0][0.485,-0.581966,-0.257996][-1,0,0][29.9839,-61.0364,0][0.485,-1.16397,0.257996][-1,0,0][30.0161,-61.0728,0][0.485,-0.581966,0.257996][-1,0,0][30.0161,-61.0364,0][-0.970096,-0.969966,-0.257996][0,1,0][29.9839,-61.0606,0][-0.970096,-0.969966,-0.257996][0,1,0][29.9839,-61.0606,0][-0.970096,-0.969966,0.257996][0,1,0][30.0161,-61.0606,0][-0.970096,-0.969966,0.257996][0,1,0][30.0161,-61.0606,0][-0.970096,-0.969966,0.257996][0,1,0][30.0161,-61.0606,0][-0.970096,-0.969966,-0.257996][0,1,0][29.9839,-61.0606,0][0.873002,0.582034,-0.257996][-1,0,0][29.9839,-60.9636,0][0.873002,3.31866e-05,-0.257996][-1,0,0][29.9839,-61,0][0.873002,3.31866e-05,0.257996][-1,0,0][30.0161,-61,0][0.873002,0.582034,0.257996][-1,0,0][30.0161,-60.9636,0][0.873002,0.582034,-0.257996][-1,0,0][29.9839,-60.9636,0][0.873002,3.31866e-05,0.257996][-1,0,0][30.0161,-61,0][0.97,-0.775966,-0.257996][-0.976378,-0.220472,0][29.9839,-61.0485,0][1.06778,-1.21247,-0.257996][-0.976378,-0.220472,0][29.9839,-61.0758,0][0.97,-0.775966,0.257996][-0.976378,-0.220472,0][30.0161,-61.0485,0][1.0767,-1.25227,0.257996][-0.976378,-0.220472,0][30.0161,-61.0783,0][0.97,-0.775966,0.257996][-0.976378,-0.220472,0][30.0161,-61.0485,0][1.06778,-1.21247,-0.257996][-0.976378,-0.220472,0][29.9839,-61.0758,0][1.0767,-1.25227,0.257996][-0.976378,-0.220472,0][30.0161,-61.0783,0][1.06778,-1.21247,-0.257996][-0.976378,-0.220472,0][29.9839,-61.0758,0][1.07864,-1.26094,0.257996][-0.976378,-0.220472,0][30.0161,-61.0788,0][1.06778,-1.21247,-0.257996][-0.976378,-0.220472,0][29.9839,-61.0758,0][1.07864,-1.26094,-0.257996][-0.976378,-0.220472,0][29.9839,-61.0788,0][1.07864,-1.26094,0.257996][-0.976378,-0.220472,0][30.0161,-61.0788,0][0.97,-0.77593,0.257996][-1,0,0][30.0161,-61.0485,0][0.97,-0.77593,-0.257996][-1,0,0][29.9839,-61.0485,0][0.97,-0.775966,0.257996][-1,0,0][30.0161,-61.0485,0][0.97,-0.77593,-0.257996][-1,0,0][29.9839,-61.0485,0][0.97,-0.775966,-0.257996][-1,0,0][29.9839,-61.0485,0][0.97,-0.775966,0.257996][-1,0,0][30.0161,-61.0485,0][1.067,-0.775966,-0.257996][-1,0,0][29.9839,-61.0485,0][1.067,-0.775966,0.257996][-1,0,0][30.0161,-61.0485,0][1.067,3.31866e-05,0.257996][-1,0,0][30.0161,-61,0][1.067,3.31866e-05,-0.257996][-1,0,0][29.9839,-61,0][1.067,-0.775966,-0.257996][-1,0,0][29.9839,-61.0485,0][1.067,3.31866e-05,0.257996][-1,0,0][30.0161,-61,0][1.07864,-1.26094,0.257996][-1,0,0][30.0161,-61.0788,0][1.07864,-1.26094,-0.257996][-1,0,0][29.9839,-61.0788,0][1.07864,-1.26097,0.257996][-1,0,0][30.0161,-61.0788,0][1.07864,-1.26097,-0.257996][-1,0,0][29.9839,-61.0788,0][1.07864,-1.26097,0.257996][-1,0,0][30.0161,-61.0788,0][1.07864,-1.26094,-0.257996][-1,0,0][29.9839,-61.0788,0][1.164,-1.21247,0.257996][-1,0,0][30.0161,-61.0758,0][1.164,-1.21247,-0.257996][-1,0,0][29.9839,-61.0758,0][1.164,-1.21247,-0.257996][-1,0,0][29.9839,-61.0758,0][1.164,-1.21247,-0.257996][-1,0,0][29.9839,-61.0758,0][1.164,-1.21247,0.257996][-1,0,0][30.0161,-61.0758,0][1.164,-1.21247,0.257996][-1,0,0][30.0161,-61.0758,0][1.261,-1.21247,-0.257996][0.259843,-0.968504,0][30.0788,-61.0161,0][1.261,-1.21247,0.257996][0.259843,-0.968504,0][30.0788,-60.9839,0][1.07864,-1.26097,0.257996][0.259843,-0.968504,0][30.0674,-60.9839,0][1.07864,-1.26097,0.257996][0.259843,-0.968504,0][30.0674,-60.9839,0][1.07864,-1.26097,-0.257996][0.259843,-0.968504,0][30.0674,-61.0161,0][1.261,-1.21247,-0.257996][0.259843,-0.968504,0][30.0788,-61.0161,0][-1.11724,-1.15736,0.257996][-0.259843,-0.968504,0][29.9302,-60.9839,0][-1.11724,-1.15736,-0.257996][-0.259843,-0.968504,0][29.9302,-61.0161,0][-1.067,-1.16397,0.257996][0,-1,0][29.9333,-60.9839,0][-1.067,-1.16397,-0.257996][0,-1,0][29.9333,-61.0161,0][-1.067,-1.16397,0.257996][0,-1,0][29.9333,-60.9839,0][-1.11724,-1.15736,-0.257996][-0.259843,-0.968504,0][29.9302,-61.0161,0][-1.11724,-1.15736,-0.257996][-0.259843,-0.968504,0][29.9302,-61.0161,0][-1.11724,-1.15736,0.257996][-0.259843,-0.968504,0][29.9302,-60.9839,0][-1.164,-1.13797,0.257996][-0.503937,-0.866142,0][29.9272,-60.9839,0][-1.164,-1.13797,0.257996][-0.503937,-0.866142,0][29.9272,-60.9839,0][-1.164,-1.13797,-0.257996][-0.503937,-0.866142,0][29.9272,-61.0161,0][-1.11724,-1.15736,-0.257996][-0.259843,-0.968504,0][29.9302,-61.0161,0][-1.20416,-1.10714,0.257996][-0.708661,-0.708661,0][29.9247,-60.9839,0][-1.20416,-1.10714,-0.257996][-0.708661,-0.708661,0][29.9247,-61.0161,0][-1.164,-1.13797,0.257996][-0.503937,-0.866142,0][29.9272,-60.9839,0][-1.164,-1.13797,-0.257996][-0.503937,-0.866142,0][29.9272,-61.0161,0][-1.164,-1.13797,0.257996][-0.503937,-0.866142,0][29.9272,-60.9839,0][-1.20416,-1.10714,-0.257996][-0.708661,-0.708661,0][29.9247,-61.0161,0][-0.291,-1.35797,0.257996][0,-1,0][29.9818,-60.9839,0][-0.291,-1.35797,-0.257996][0,-1,0][29.9818,-61.0161,0][-0.0969986,-1.35797,-0.257996][0,-1,0][29.9939,-61.0161,0][-0.0969986,-1.35797,0.257996][0,-1,0][29.9939,-60.9839,0][-0.291,-1.35797,0.257996][0,-1,0][29.9818,-60.9839,0][-0.0969986,-1.35797,-0.257996][0,-1,0][29.9939,-61.0161,0][1.164,-1.21247,-0.257996][0,-1,0][30.0728,-61.0161,0][1.261,-1.21247,-0.257996][0,-1,0][30.0788,-61.0161,0][1.261,-1.21247,0.257996][0,-1,0][30.0788,-60.9839,0][1.261,-1.21247,0.257996][0,-1,0][30.0788,-60.9839,0][1.164,-1.21247,0.257996][0,-1,0][30.0728,-60.9839,0][1.164,-1.21247,-0.257996][0,-1,0][30.0728,-61.0161,0][1.164,-1.21247,0.257996][0,-1,0][30.0728,-60.9839,0][1.07864,-1.21247,0.257996][0,-1,0][30.0674,-60.9839,0][1.07864,-1.21247,-0.257996][0,-1,0][30.0674,-61.0161,0][1.07864,-1.21247,-0.257996][0,-1,0][30.0674,-61.0161,0][1.164,-1.21247,-0.257996][0,-1,0][30.0728,-61.0161,0][1.164,-1.21247,0.257996][0,-1,0][30.0728,-60.9839,0][-0.872998,-1.16397,0.257996][0,-1,0][29.9454,-60.9839,0][-1.067,-1.16397,0.257996][0,-1,0][29.9333,-60.9839,0][-1.067,-1.16397,-0.257996][0,-1,0][29.9333,-61.0161,0][-0.872998,-1.16397,-0.257996][0,-1,0][29.9454,-61.0161,0][-0.872998,-1.16397,0.257996][0,-1,0][29.9454,-60.9839,0][-1.067,-1.16397,-0.257996][0,-1,0][29.9333,-61.0161,0][-0.7275,-1.16397,0.257996][0,-1,0][29.9545,-60.9839,0][-0.872998,-1.16397,-0.257996][0,-1,0][29.9454,-61.0161,0][-0.7275,-1.16397,-0.257996][0,-1,0][29.9545,-61.0161,0][-0.7275,-1.16397,0.257996][0,-1,0][29.9545,-60.9839,0][-0.872998,-1.16397,0.257996][0,-1,0][29.9454,-60.9839,0][-0.872998,-1.16397,-0.257996][0,-1,0][29.9454,-61.0161,0][0.679,-1.16397,-0.257996][0,-1,0][30.0424,-61.0161,0][0.679,-1.16397,0.257996][0,-1,0][30.0424,-60.9839,0][0.485,-1.16397,0.257996][0,-1,0][30.0303,-60.9839,0][0.485,-1.16397,0.257996][0,-1,0][30.0303,-60.9839,0][0.485,-1.16397,-0.257996][0,-1,0][30.0303,-61.0161,0][0.679,-1.16397,-0.257996][0,-1,0][30.0424,-61.0161,0][-1.067,-0.969966,-0.257996][0,-1,0][29.9333,-61.0161,0][-0.970096,-0.969966,-0.257996][0,-1,0][29.9394,-61.0161,0][-1.067,-0.969966,0.257996][0,-1,0][29.9333,-60.9839,0][-0.970096,-0.969966,-0.257996][0,-1,0][29.9394,-61.0161,0][-0.970096,-0.969966,0.257996][0,-1,0][29.9394,-60.9839,0][-1.067,-0.969966,0.257996][0,-1,0][29.9333,-60.9839,0][1.0767,-0.775966,-0.257996][0,-1,0][30.0673,-61.0161,0][1.0767,-0.775966,0.257996][0,-1,0][30.0673,-60.9839,0][1.067,-0.775966,-0.257996][0,-1,0][30.0667,-61.0161,0][1.067,-0.775966,-0.257996][0,-1,0][30.0667,-61.0161,0][1.0767,-0.775966,0.257996][0,-1,0][30.0673,-60.9839,0][1.067,-0.775966,0.257996][0,-1,0][30.0667,-60.9839,0][0.97,-0.775966,-0.257996][0,-1,0][30.0606,-61.0161,0][1.067,-0.775966,-0.257996][0,-1,0][30.0667,-61.0161,0][0.97,-0.775966,0.257996][0,-1,0][30.0606,-60.9839,0][1.067,-0.775966,-0.257996][0,-1,0][30.0667,-61.0161,0][1.067,-0.775966,0.257996][0,-1,0][30.0667,-60.9839,0][0.97,-0.775966,0.257996][0,-1,0][30.0606,-60.9839,0][-0.0969986,-0.581966,-0.257996][0,-1,0][29.9939,-61.0161,0][0.485,-0.581966,-0.257996][0,-1,0][30.0303,-61.0161,0][0.485,-0.581966,0.257996][0,-1,0][30.0303,-60.9839,0][-0.0969986,-0.581966,0.257996][0,-1,0][29.9939,-60.9839,0][-0.0969986,-0.581966,-0.257996][0,-1,0][29.9939,-61.0161,0][0.485,-0.581966,0.257996][0,-1,0][30.0303,-60.9839,0][-0.291,-0.581966,0.257996][0,-1,0][29.9818,-60.9839,0][-1.067,-0.581966,0.257996][0,-1,0][29.9333,-60.9839,0][-1.067,-0.581966,-0.257996][0,-1,0][29.9333,-61.0161,0][-0.291,-0.581966,0.257996][0,-1,0][29.9818,-60.9839,0][-1.067,-0.581966,-0.257996][0,-1,0][29.9333,-61.0161,0][-0.291,-0.581966,-0.257996][0,-1,0][29.9818,-61.0161,0][0.291,-0.193967,-0.257996][0,-1,0][30.0182,-61.0161,0][0.291,-0.193967,0.257996][0,-1,0][30.0182,-60.9839,0][-0.0969986,-0.193967,-0.257996][0,-1,0][29.9939,-61.0161,0][0.291,-0.193967,0.257996][0,-1,0][30.0182,-60.9839,0][0.291,-0.193967,-0.257996][0,-1,0][30.0182,-61.0161,0][0.485,-0.193967,0.257996][0,-1,0][30.0303,-60.9839,0][0.485,-0.193967,-0.257996][0,-1,0][30.0303,-61.0161,0][0.485,-0.193967,0.257996][0,-1,0][30.0303,-60.9839,0][0.291,-0.193967,-0.257996][0,-1,0][30.0182,-61.0161,0][-0.0969986,-0.193967,0.257996][0,-1,0][29.9939,-60.9839,0][-0.0969986,-0.193967,-0.257996][0,-1,0][29.9939,-61.0161,0][0.291,-0.193967,0.257996][0,-1,0][30.0182,-60.9839,0][-0.872998,-0.193967,0.257996][0,-1,0][29.9454,-60.9839,0][-0.291,-0.193967,-0.257996][0,-1,0][29.9818,-61.0161,0][-0.291,-0.193967,0.257996][0,-1,0][29.9818,-60.9839,0][-0.291,-0.193967,-0.257996][0,-1,0][29.9818,-61.0161,0][-0.872998,-0.193967,0.257996][0,-1,0][29.9454,-60.9839,0][-0.872998,-0.193967,-0.257996][0,-1,0][29.9454,-61.0161,0][-1.067,-0.193967,0.257996][0,-1,0][29.9333,-60.9839,0][-1.067,-0.193967,-0.257996][0,-1,0][29.9333,-61.0161,0][-0.872998,-0.193967,0.257996][0,-1,0][29.9454,-60.9839,0][-0.872998,-0.193967,-0.257996][0,-1,0][29.9454,-61.0161,0][-0.872998,-0.193967,0.257996][0,-1,0][29.9454,-60.9839,0][-1.067,-0.193967,-0.257996][0,-1,0][29.9333,-61.0161,0][0.291,0.194033,-0.257996][0,-1,0][30.0182,-61.0161,0][0.291,0.194033,0.257996][0,-1,0][30.0182,-60.9839,0][-0.872998,0.194033,-0.257996][0,-1,0][29.9454,-61.0161,0][-0.872998,0.194033,0.257996][0,-1,0][29.9454,-60.9839,0][-0.872998,0.194033,-0.257996][0,-1,0][29.9454,-61.0161,0][0.291,0.194033,0.257996][0,-1,0][30.0182,-60.9839,0][0.873002,0.582034,-0.257996][0,-1,0][30.0546,-61.0161,0][0.873002,0.582034,0.257996][0,-1,0][30.0546,-60.9839,0][-1.067,0.582034,0.257996][0,-1,0][29.9333,-60.9839,0][-1.067,0.582034,-0.257996][0,-1,0][29.9333,-61.0161,0][0.873002,0.582034,-0.257996][0,-1,0][30.0546,-61.0161,0][-1.067,0.582034,0.257996][0,-1,0][29.9333,-60.9839,0][-1.261,0.582034,0.257996][0,-1,0][29.9212,-60.9839,0][-1.261,0.582034,-0.257996][0,-1,0][29.9212,-61.0161,0][-1.067,0.582034,0.257996][0,-1,0][29.9333,-60.9839,0][-1.261,0.582034,-0.257996][0,-1,0][29.9212,-61.0161,0][-1.067,0.582034,-0.257996][0,-1,0][29.9333,-61.0161,0][-1.067,0.582034,0.257996][0,-1,0][29.9333,-60.9839,0][-1.067,1.16403,-0.257996][0,-1,0][29.9333,-61.0161,0][0.873002,1.16403,-0.257996][0,-1,0][30.0546,-61.0161,0][-1.067,1.16403,0.257996][0,-1,0][29.9333,-60.9839,0][0.873002,1.16403,0.257996][0,-1,0][30.0546,-60.9839,0][-1.067,1.16403,0.257996][0,-1,0][29.9333,-60.9839,0][0.873002,1.16403,-0.257996][0,-1,0][30.0546,-61.0161,0][1.067,3.31866e-05,-0.257996][0.992126,0.125984,0][29.9333,-61,0][1.164,-0.775966,-0.257996][0.992126,0.125984,0][29.9272,-61.0485,0][1.164,-0.775966,-0.257996][0.992126,0.125984,0][29.9272,-61.0485,0][-1.261,-0.96996,0.257996][0,0,1][30.0788,-61.0606,0][-1.2544,-1.02019,0.257996][0,0,1][30.0784,-61.0638,0][-1.261,-0.969966,0.257996][0,0,1][30.0788,-61.0606,0][-1.067,-0.969966,-0.257996][0,0,-1][30.0667,-61.0606,0][-1.067,-0.87311,-0.257996][0,0,-1][30.0667,-61.0546,0][-1.0637,-0.898128,-0.257996][0,0,-1][30.0665,-61.0561,0][-0.995122,-0.966664,-0.257996][0,0,-1][30.0622,-61.0604,0][-0.970096,-0.969966,-0.257996][0,0,-1][30.0606,-61.0606,0][-1.067,-0.969966,-0.257996][0,0,-1][30.0667,-61.0606,0][-1.0185,-0.95698,-0.257996][0,0,-1][30.0637,-61.0598,0][-0.995122,-0.966664,-0.257996][0,0,-1][30.0622,-61.0604,0][-1.067,-0.969966,-0.257996][0,0,-1][30.0667,-61.0606,0][-1.03858,-0.941574,-0.257996][0,0,-1][30.0649,-61.0588,0][-1.0185,-0.95698,-0.257996][0,0,-1][30.0637,-61.0598,0][-1.067,-0.969966,-0.257996][0,0,-1][30.0667,-61.0606,0][-1.054,-0.92149,-0.257996][0,0,-1][30.0659,-61.0576,0][-1.03858,-0.941574,-0.257996][0,0,-1][30.0649,-61.0588,0][-1.067,-0.969966,-0.257996][0,0,-1][30.0667,-61.0606,0][-1.0637,-0.898128,-0.257996][0,0,-1][30.0665,-61.0561,0][-1.054,-0.92149,-0.257996][0,0,-1][30.0659,-61.0576,0][-1.067,-0.969966,-0.257996][0,0,-1][30.0667,-61.0606,0][1.067,0.582034,-0.257996][0,0,-1][29.9333,-60.9636,0][0.873002,0.582034,-0.257996][0,0,-1][29.9454,-60.9636,0][1.067,0.776034,-0.257996][0,0,-1][29.9333,-60.9515,0][0.873002,0.776034,-0.257996][0,0,-1][29.9454,-60.9515,0][1.067,0.776034,-0.257996][0,0,-1][29.9333,-60.9515,0][0.873002,0.582034,-0.257996][0,0,-1][29.9454,-60.9636,0][0.873002,0.582034,-0.257996][0,0,-1][29.9454,-60.9636,0][-1.067,0.582034,-0.257996][0,0,-1][30.0667,-60.9636,0][0.873002,0.776034,-0.257996][0,0,-1][29.9454,-60.9515,0][0.873002,1.16403,-0.257996][0,0,-1][29.9454,-60.9272,0][1.067,1.16403,-0.257996][0,0,-1][29.9333,-60.9272,0][1.067,0.776034,-0.257996][0,0,-1][29.9333,-60.9515,0][1.067,0.776034,-0.257996][0,0,-1][29.9333,-60.9515,0][0.873002,0.776034,-0.257996][0,0,-1][29.9454,-60.9515,0][0.873002,1.16403,-0.257996][0,0,-1][29.9454,-60.9272,0][-1.067,0.582034,-0.257996][0,0,-1][30.0667,-60.9636,0][-1.067,0.776034,-0.257996][0,0,-1][30.0667,-60.9515,0][0.873002,0.776034,-0.257996][0,0,-1][29.9454,-60.9515,0][-1.261,0.582034,-0.257996][0,0,-1][30.0788,-60.9636,0][-1.261,0.776034,-0.257996][0,0,-1][30.0788,-60.9515,0][-1.067,0.582034,-0.257996][0,0,-1][30.0667,-60.9636,0][-1.261,0.776034,-0.257996][0,0,-1][30.0788,-60.9515,0][-1.067,0.776034,-0.257996][0,0,-1][30.0667,-60.9515,0][-1.067,0.582034,-0.257996][0,0,-1][30.0667,-60.9636,0][-1.067,0.776034,-0.257996][0,0,-1][30.0667,-60.9515,0][-1.261,0.776034,-0.257996][0,0,-1][30.0788,-60.9515,0][-1.067,1.16403,-0.257996][0,0,-1][30.0667,-60.9272,0][-1.261,1.35803,-0.257996][0,0,-1][30.0788,-60.9151,0][-1.067,1.16403,-0.257996][0,0,-1][30.0667,-60.9272,0][-1.261,0.776034,-0.257996][0,0,-1][30.0788,-60.9515,0][-1.067,1.16403,-0.257996][0,0,-1][30.0667,-60.9272,0][-1.261,1.35803,-0.257996][0,0,-1][30.0788,-60.9151,0][1.067,1.35803,-0.257996][0,0,-1][29.9333,-60.9151,0][0.873002,1.16403,-0.257996][0,0,-1][29.9454,-60.9272,0][-1.067,1.16403,-0.257996][0,0,-1][30.0667,-60.9272,0][1.067,1.35803,-0.257996][0,0,-1][29.9333,-60.9151,0][1.067,1.16403,-0.257996][0,0,-1][29.9333,-60.9272,0][0.873002,1.16403,-0.257996][0,0,-1][29.9454,-60.9272,0][1.067,1.35803,-0.257996][0,0,-1][29.9333,-60.9151,0][1.067,3.31866e-05,-0.257996][0,0,-1][29.9333,-61,0][1.067,-0.775966,-0.257996][0,0,-1][29.9333,-61.0485,0][0.97,-0.775966,-0.257996][0,0,-1][29.9394,-61.0485,0][1.164,-0.775966,-0.257996][0,0,-1][29.9272,-61.0485,0][1.067,-0.775966,-0.257996][0,0,-1][29.9333,-61.0485,0][1.067,3.31866e-05,-0.257996][0,0,-1][29.9333,-61,0][1.164,-1.21247,-0.257996][0,0,-1][29.9272,-61.0758,0][1.07864,-0.775966,-0.257996][0,0,-1][29.9326,-61.0485,0][1.164,-0.775966,-0.257996][0,0,-1][29.9272,-61.0485,0][1.164,-0.775966,-0.257996][0,0,-1][29.9272,-61.0485,0][1.261,-1.21247,-0.257996][0,0,-1][29.9212,-61.0758,0][1.164,-1.21247,-0.257996][0,0,-1][29.9272,-61.0758,0][1.0767,-0.775966,-0.257996][0,0,-1][29.9327,-61.0485,0][1.06778,-1.21247,-0.257996][0,0,-1][29.9333,-61.0758,0][0.97,-0.775966,-0.257996][0,0,-1][29.9394,-61.0485,0][1.06778,-1.21247,-0.257996][0,0,-1][29.9333,-61.0758,0][1.0767,-0.775966,-0.257996][0,0,-1][29.9327,-61.0485,0][1.07864,-0.775966,-0.257996][0,0,-1][29.9326,-61.0485,0][1.07864,-1.21247,-0.257996][0,0,-1][29.9326,-61.0758,0][1.07864,-0.775966,-0.257996][0,0,-1][29.9326,-61.0485,0][1.164,-1.21247,-0.257996][0,0,-1][29.9272,-61.0758,0][1.06778,-1.21247,-0.257996][0,0,-1][29.9333,-61.0758,0][1.07864,-0.775966,-0.257996][0,0,-1][29.9326,-61.0485,0][1.07864,-1.21247,-0.257996][0,0,-1][29.9326,-61.0758,0][1.06778,-1.21247,-0.257996][0,0,-1][29.9333,-61.0758,0][1.07864,-1.21247,-0.257996][0,0,-1][29.9326,-61.0758,0][1.07864,-1.26094,-0.257996][0,0,-1][29.9326,-61.0788,0][1.07864,-1.21247,-0.257996][0,0,-1][29.9326,-61.0758,0][1.261,-1.21247,-0.257996][0,0,-1][29.9212,-61.0758,0][1.07864,-1.26097,-0.257996][0,0,-1][29.9326,-61.0788,0][0.873002,3.31866e-05,-0.257996][0,0,-1][29.9454,-61,0][0.97,3.31866e-05,-0.257996][0,0,-1][29.9394,-61,0][0.97,-0.775966,-0.257996][0,0,-1][29.9394,-61.0485,0][0.97,3.31866e-05,-0.257996][0,0,-1][29.9394,-61,0][1.067,3.31866e-05,-0.257996][0,0,-1][29.9333,-61,0][0.97,-0.775966,-0.257996][0,0,-1][29.9394,-61.0485,0][0.97,3.31866e-05,-0.257996][0,0,-1][29.9394,-61,0][0.873002,0.582034,-0.257996][0,0,-1][29.9454,-60.9636,0][1.067,0.582034,-0.257996][0,0,-1][29.9333,-60.9636,0][0.873002,0.582034,-0.257996][0,0,-1][29.9454,-60.9636,0][0.97,3.31866e-05,-0.257996][0,0,-1][29.9394,-61,0][0.873002,3.31866e-05,-0.257996][0,0,-1][29.9454,-61,0][1.067,0.582034,-0.257996][0,0,-1][29.9333,-60.9636,0][1.067,3.31866e-05,-0.257996][0,0,-1][29.9333,-61,0][0.97,3.31866e-05,-0.257996][0,0,-1][29.9394,-61,0][-0.291,-0.581966,-0.257996][0,0,-1][30.0182,-61.0364,0][-1.067,-0.387966,-0.257996][0,0,-1][30.0667,-61.0243,0][-0.291,-0.387966,-0.257996][0,0,-1][30.0182,-61.0243,0][-1.261,-0.387966,-0.257996][0,0,-1][30.0788,-61.0243,0][-1.067,-0.387966,-0.257996][0,0,-1][30.0667,-61.0243,0][-1.067,-0.775966,-0.257996][0,0,-1][30.0667,-61.0485,0][-1.067,-0.387966,-0.257996][0,0,-1][30.0667,-61.0243,0][-0.291,-0.581966,-0.257996][0,0,-1][30.0182,-61.0364,0][-1.067,-0.581966,-0.257996][0,0,-1][30.0667,-61.0364,0][-1.261,-0.969966,-0.257996][0,0,-1][30.0788,-61.0606,0][-1.261,-0.387966,-0.257996][0,0,-1][30.0788,-61.0243,0][-1.067,-0.775966,-0.257996][0,0,-1][30.0667,-61.0485,0][-1.067,-0.969966,-0.257996][0,0,-1][30.0667,-61.0606,0][-1.261,-0.969966,-0.257996][0,0,-1][30.0788,-61.0606,0][-1.067,-0.775966,-0.257996][0,0,-1][30.0667,-61.0485,0][-1.261,-0.969966,-0.257996][0,0,-1][30.0788,-61.0606,0][-1.067,-0.969966,-0.257996][0,0,-1][30.0667,-61.0606,0][-1.2544,-1.02019,-0.257996][0,0,-1][30.0784,-61.0638,0][-1.067,-1.16397,-0.257996][0,0,-1][30.0667,-61.0728,0][-1.067,-0.969966,-0.257996][0,0,-1][30.0667,-61.0606,0][-0.7275,-0.969966,-0.257996][0,0,-1][30.0455,-61.0606,0][-1.067,-0.969966,-0.257996][0,0,-1][30.0667,-61.0606,0][-1.067,-1.16397,-0.257996][0,0,-1][30.0667,-61.0728,0][-1.11724,-1.15736,-0.257996][0,0,-1][30.0698,-61.0723,0][-1.067,-0.969966,-0.257996][0,0,-1][30.0667,-61.0606,0][-1.11724,-1.15736,-0.257996][0,0,-1][30.0698,-61.0723,0][-1.164,-1.13797,-0.257996][0,0,-1][30.0728,-61.0711,0][-1.067,-0.969966,-0.257996][0,0,-1][30.0667,-61.0606,0][-1.164,-1.13797,-0.257996][0,0,-1][30.0728,-61.0711,0][-1.20416,-1.10714,-0.257996][0,0,-1][30.0753,-61.0692,0][-1.067,-0.969966,-0.257996][0,0,-1][30.0667,-61.0606,0][-1.20416,-1.10714,-0.257996][0,0,-1][30.0753,-61.0692,0][-1.23501,-1.06697,-0.257996][0,0,-1][30.0772,-61.0667,0][-1.067,-0.969966,-0.257996][0,0,-1][30.0667,-61.0606,0][-1.23501,-1.06697,-0.257996][0,0,-1][30.0772,-61.0667,0][-1.2544,-1.02019,-0.257996][0,0,-1][30.0784,-61.0638,0][-0.7275,-0.969966,-0.257996][0,0,-1][30.0455,-61.0606,0][-0.7275,-1.16397,-0.257996][0,0,-1][30.0455,-61.0728,0][-1.067,-1.16397,-0.257996][0,0,-1][30.0667,-61.0728,0][-0.7275,-0.969966,-0.257996][0,0,-1][30.0455,-61.0606,0][-0.679,-0.969966,-0.257996][0,0,-1][30.0424,-61.0606,0][-0.7275,-1.16397,-0.257996][0,0,-1][30.0455,-61.0728,0][0.291,3.31866e-05,-0.257996][0,0,-1][29.9818,-61,0][0.291,0.388034,-0.257996][0,0,-1][29.9818,-60.9757,0][0.485,0.388034,-0.257996][0,0,-1][29.9697,-60.9757,0][0.291,0.388034,-0.257996][0,0,-1][29.9818,-60.9757,0][0.291,0.194033,-0.257996][0,0,-1][29.9818,-60.9879,0][-0.872998,0.388034,-0.257996][0,0,-1][30.0546,-60.9757,0][-0.872998,0.388034,-0.257996][0,0,-1][30.0546,-60.9757,0][0.291,0.194033,-0.257996][0,0,-1][29.9818,-60.9879,0][-0.872998,0.194033,-0.257996][0,0,-1][30.0546,-60.9879,0][-1.067,0.388034,-0.257996][0,0,-1][30.0667,-60.9757,0][-0.872998,0.388034,-0.257996][0,0,-1][30.0546,-60.9757,0][-0.872998,3.31866e-05,-0.257996][0,0,-1][30.0546,-61,0][-1.067,3.31866e-05,-0.257996][0,0,-1][30.0667,-61,0][-1.067,0.388034,-0.257996][0,0,-1][30.0667,-60.9757,0][-0.872998,3.31866e-05,-0.257996][0,0,-1][30.0546,-61,0][-0.872998,3.31866e-05,-0.257996][0,0,-1][30.0546,-61,0][-0.291,3.31866e-05,-0.257996][0,0,-1][30.0182,-61,0][-0.872998,-0.193967,-0.257996][0,0,-1][30.0546,-61.0121,0][-0.872998,3.31866e-05,-0.257996][0,0,-1][30.0546,-61,0][-1.067,-0.193967,-0.257996][0,0,-1][30.0667,-61.0121,0][-1.067,3.31866e-05,-0.257996][0,0,-1][30.0667,-61,0][-1.067,-0.193967,-0.257996][0,0,-1][30.0667,-61.0121,0][-0.872998,3.31866e-05,-0.257996][0,0,-1][30.0546,-61,0][-0.872998,-0.193967,-0.257996][0,0,-1][30.0546,-61.0121,0][-0.291,3.31866e-05,-0.257996][0,0,-1][30.0182,-61,0][-0.291,-0.193967,-0.257996][0,0,-1][30.0182,-61.0121,0][-0.872998,-0.193967,-0.257996][0,0,-1][30.0546,-61.0121,0][-0.291,3.31866e-05,-0.257996][0,0,-1][30.0182,-61,0][-0.0969986,3.31866e-05,-0.257996][0,0,-1][30.0061,-61,0][-0.291,-1.35797,-0.257996][0,0,-1][30.0182,-61.0849,0][-0.0969986,3.31866e-05,-0.257996][0,0,-1][30.0061,-61,0][0.291,3.31866e-05,-0.257996][0,0,-1][29.9818,-61,0][-0.0969986,-0.193967,-0.257996][0,0,-1][30.0061,-61.0121,0][-0.0969986,-1.35797,-0.257996][0,0,-1][30.0061,-61.0849,0][-0.291,-1.35797,-0.257996][0,0,-1][30.0182,-61.0849,0][-0.0969986,3.31866e-05,-0.257996][0,0,-1][30.0061,-61,0][0.291,3.31866e-05,-0.257996][0,0,-1][29.9818,-61,0][0.291,-0.193967,-0.257996][0,0,-1][29.9818,-61.0121,0][-0.0969986,-0.193967,-0.257996][0,0,-1][30.0061,-61.0121,0][0.291,-0.193967,-0.257996][0,0,-1][29.9818,-61.0121,0][0.291,3.31866e-05,-0.257996][0,0,-1][29.9818,-61,0][0.485,-0.193967,-0.257996][0,0,-1][29.9697,-61.0121,0][0.291,3.31866e-05,-0.257996][0,0,-1][29.9818,-61,0][0.485,0.388034,-0.257996][0,0,-1][29.9697,-60.9757,0][0.485,-0.193967,-0.257996][0,0,-1][29.9697,-61.0121,0][-0.0969986,-0.387966,-0.257996][0,0,-1][30.0061,-61.0243,0][0.679,-0.387966,-0.257996][0,0,-1][29.9576,-61.0243,0][0.485,-0.581966,-0.257996][0,0,-1][29.9697,-61.0364,0][0.485,-0.581966,-0.257996][0,0,-1][29.9697,-61.0364,0][-0.0969986,-0.581966,-0.257996][0,0,-1][30.0061,-61.0364,0][-0.0969986,-0.387966,-0.257996][0,0,-1][30.0061,-61.0243,0][0.485,-0.581966,-0.257996][0,0,-1][29.9697,-61.0364,0][0.679,-0.387966,-0.257996][0,0,-1][29.9576,-61.0243,0][0.679,-0.581966,-0.257996][0,0,-1][29.9576,-61.0364,0][0.485,-1.16397,-0.257996][0,0,-1][29.9697,-61.0728,0][0.485,-0.581966,-0.257996][0,0,-1][29.9697,-61.0364,0][0.679,-1.16397,-0.257996][0,0,-1][29.9576,-61.0728,0][0.679,-0.581966,-0.257996][0,0,-1][29.9576,-61.0364,0][0.679,-1.16397,-0.257996][0,0,-1][29.9576,-61.0728,0][0.485,-0.581966,-0.257996][0,0,-1][29.9697,-61.0364,0][1.07864,-1.26096,0.257996][-0.976378,-0.220472,0][29.9326,-61.0788,0][1.0767,-1.25227,0.257996][-0.976378,-0.220472,0][29.9327,-61.0783,0][1.07864,-1.26094,0.257996][-0.976378,-0.220472,0][29.9326,-61.0788,0]