version 1.00
2640
[0.145292, -0.020012, -0.09623][0.66320, -0.59106, -0.45915][0.64309, 0.02764, 0][0.145382, -0.036052, -0.075452][0.66320, -0.59106, -0.45915][0.62879, 0.01986, 0][0.121682, -0.03612, -0.109597][0.66320, -0.59106, -0.45915][0.66139, 0.02063, 0][0.265792, 0.47397, 0.094995][0.77661, 0.50624, 0.37496][0.96561, 0.96266, 0][0.269162, 0.476141, 0.085084][0.77661, 0.50624, 0.37496][0.96898, 0.96482, 0][0.261782, 0.480756, 0.092325][0.72684, 0.57643, 0.37341][0.96161, 0.96943, 0][0.273842, 0.465909, 0.086643][0.82064, 0.43229, 0.37373][0.97365, 0.95461, 0][0.269162, 0.476141, 0.085084][0.77661, 0.50624, 0.37496][0.96898, 0.96482, 0][0.265792, 0.47397, 0.094995][0.77661, 0.50624, 0.37496][0.96561, 0.96266, 0][0.269162, 0.476141, 0.085084][0.70964, 0.62524, 0.32477][0.96898, 0.96482, 0][0.264002, 0.482892, 0.083362][0.70964, 0.62524, 0.32477][0.96382, 0.97157, 0][0.261782, 0.480756, 0.092325][0.70964, 0.62524, 0.32477][0.96161, 0.96943, 0][0.270542, 0.477027, 0.072924][0.83133, 0.53947, -0.13365][0.97035, 0.96571, 0][0.269162, 0.476141, 0.060764][0.83133, 0.53947, -0.13365][0.96898, 0.96482, 0][0.264862, 0.48372, 0.072924][0.75573, 0.64134, -0.13249][0.96468, 0.97239, 0][0.273842, 0.465909, 0.059205][0.89355, 0.42891, -0.13266][0.97365, 0.95461, 0][0.269162, 0.476141, 0.060764][0.83133, 0.53947, -0.13365][0.96898, 0.96482, 0][0.270542, 0.477027, 0.072924][0.83133, 0.53947, -0.13365][0.97035, 0.96571, 0][0.275852, 0.466555, 0.072924][0.88397, 0.44823, 0.13298][0.97566, 0.95525, 0][0.270542, 0.477027, 0.072924][0.83191, 0.53857, 0.13365][0.97035, 0.96571, 0][0.269162, 0.476141, 0.085084][0.83191, 0.53857, 0.13365][0.96898, 0.96482, 0][0.269162, 0.476141, 0.085084][0.83191, 0.53857, 0.13365][0.96898, 0.96482, 0][0.270542, 0.477027, 0.072924][0.83191, 0.53857, 0.13365][0.97035, 0.96571, 0][0.264002, 0.482892, 0.083362][0.77081, 0.62305, 0.13287][0.96382, 0.97157, 0][0.269162, 0.464404, 0.097245][0.86474, 0.27436, 0.42066][0.96898, 0.95310, 0][0.273842, 0.465909, 0.086643][0.86474, 0.27436, 0.42066][0.97365, 0.95461, 0][0.265792, 0.47397, 0.094995][0.82168, 0.38773, 0.41775][0.96561, 0.96266, 0][0.275852, 0.452667, 0.087312][0.89507, 0.15695, 0.41739][0.97566, 0.94138, 0][0.273842, 0.465909, 0.086643][0.86474, 0.27436, 0.42066][0.97365, 0.95461, 0][0.269162, 0.464404, 0.097245][0.86474, 0.27436, 0.42066][0.96898, 0.95310, 0][0.265792, 0.47397, 0.094995][0.64734, 0.57801, 0.49684][0.96561, 0.96266, 0][0.261782, 0.480756, 0.092325][0.64734, 0.57801, 0.49684][0.96161, 0.96943, 0][0.258952, 0.478022, 0.099193][0.64734, 0.57801, 0.49684][0.95878, 0.96670, 0][0.269162, 0.476141, 0.060764][0.77526, 0.62142, -0.11317][0.96898, 0.96482, 0][0.264002, 0.482892, 0.062486][0.77526, 0.62142, -0.11317][0.96382, 0.97157, 0][0.264862, 0.48372, 0.072924][0.77526, 0.62142, -0.11317][0.96468, 0.97239, 0][0.270542, 0.477027, 0.072924][0.75753, 0.64287, 0.11341][0.97035, 0.96571, 0][0.264862, 0.48372, 0.072924][0.75753, 0.64287, 0.11341][0.96468, 0.97239, 0][0.264002, 0.482892, 0.083362][0.75753, 0.64287, 0.11341][0.96382, 0.97157, 0][0.252422, -0.041931, 0.064973][0.80787, -0.40256, -0.43046][0.48835, 0.00871, 0][0.265802, 0.008868, 0.042577][0.80787, -0.40256, -0.43046][0.49144, 0.03868, 0][0.272372, 0.000513, 0.062721][0.80787, -0.40256, -0.43046][0.47582, 0.03402, 0][0.261782, 0.471393, 0.102026][0.69213, 0.45397, 0.56113][0.96161, 0.96008, 0][0.265792, 0.47397, 0.094995][0.69213, 0.45397, 0.56113][0.96561, 0.96266, 0][0.258952, 0.478022, 0.099193][0.64888, 0.51600, 0.55920][0.95878, 0.96670, 0][0.269162, 0.464404, 0.097245][0.73141, 0.38935, 0.55986][0.96898, 0.95310, 0][0.265792, 0.47397, 0.094995][0.69213, 0.45397, 0.56113][0.96561, 0.96266, 0][0.261782, 0.471393, 0.102026][0.69213, 0.45397, 0.56113][0.96161, 0.96008, 0][0.264002, 0.462742, 0.104239][0.75276, 0.24092, 0.61262][0.96382, 0.95144, 0][0.269162, 0.464404, 0.097245][0.75276, 0.24092, 0.61262][0.96898, 0.95310, 0][0.261782, 0.471393, 0.102026][0.71646, 0.33973, 0.60932][0.96161, 0.96008, 0][0.270542, 0.452667, 0.098163][0.78072, 0.13944, 0.60913][0.97035, 0.94138, 0][0.269162, 0.464404, 0.097245][0.75276, 0.24092, 0.61262][0.96898, 0.95310, 0][0.264002, 0.462742, 0.104239][0.75276, 0.24092, 0.61262][0.96382, 0.95144, 0][0.272372, 0.000513, 0.062721][0.87677, -0.27003, -0.39796][0.47582, 0.03402, 0][0.265802, 0.008868, 0.042577][0.87677, -0.27003, -0.39796][0.49144, 0.03868, 0][0.272812, 0.034173, 0.040851][0.87677, -0.27003, -0.39796][0.48715, 0.05647, 0][0.145382, -0.036052, -0.075452][0.84666, -0.41944, -0.32746][0.62879, 0.01986, 0][0.145292, -0.020012, -0.09623][0.84666, -0.41944, -0.32746][0.64309, 0.02764, 0][0.160222, -0.00571, -0.075947][0.84666, -0.41944, -0.32746][0.62281, 0.03778, 0][0.160222, -0.00571, -0.075947][0.89625, -0.43934, -0.06090][0.62281, 0.03778, 0][0.148482, -0.034401, -0.04174][0.89625, -0.43934, -0.06090][0.60529, 0.02689, 0][0.145382, -0.036052, -0.075452][0.89625, -0.43934, -0.06090][0.62879, 0.01986, 0][0.156472, 0.008438, -0.098607][0.85371, -0.36640, -0.37004][0.64021, 0.04547, 0][0.160222, -0.00571, -0.075947][0.85371, -0.36640, -0.37004][0.62281, 0.03778, 0][0.145292, -0.020012, -0.09623][0.85371, -0.36640, -0.37004][0.64309, 0.02764, 0][0.265792, 0.47397, 0.050853][0.75361, 0.57244, -0.32308][0.96561, 0.96266, 0][0.261782, 0.480756, 0.053523][0.75361, 0.57244, -0.32308][0.96161, 0.96943, 0][0.264002, 0.482892, 0.062486][0.75361, 0.57244, -0.32308][0.96382, 0.97157, 0][0.275852, 0.466555, 0.072924][0.94011, 0.30505, -0.15210][0.97566, 0.95525, 0][0.273842, 0.465909, 0.059205][0.94011, 0.30505, -0.15210][0.97365, 0.95461, 0][0.270542, 0.477027, 0.072924][0.88177, 0.44712, -0.15024][0.97035, 0.96571, 0][0.275852, 0.452667, 0.058536][0.97628, 0.15579, -0.15037][0.97566, 0.94138, 0][0.273842, 0.465909, 0.059205][0.94011, 0.30505, -0.15210][0.97365, 0.95461, 0][0.275852, 0.466555, 0.072924][0.94011, 0.30505, -0.15210][0.97566, 0.95525, 0][0.273842, 0.465909, 0.086643][0.94181, 0.29978, 0.15210][0.97365, 0.95461, 0][0.275852, 0.466555, 0.072924][0.94181, 0.29978, 0.15210][0.97566, 0.95525, 0][0.269162, 0.476141, 0.085084][0.89013, 0.43009, 0.15067][0.96898, 0.96482, 0][0.278182, 0.452667, 0.072924][0.97498, 0.16357, 0.15055][0.97799, 0.94138, 0][0.275852, 0.466555, 0.072924][0.94181, 0.29978, 0.15210][0.97566, 0.95525, 0][0.273842, 0.465909, 0.086643][0.94181, 0.29978, 0.15210][0.97365, 0.95461, 0][0.275852, 0.43878, 0.072924][0.94181, -0.29977, -0.15212][0.97566, 0.92751, 0][0.273842, 0.439427, 0.059205][0.94181, -0.29977, -0.15212][0.97365, 0.92816, 0][0.278182, 0.452667, 0.072924][0.97497, -0.16358, -0.15056][0.97799, 0.94138, 0][0.269162, 0.429194, 0.060764][0.89014, -0.43006, -0.15070][0.96898, 0.91794, 0][0.273842, 0.439427, 0.059205][0.94181, -0.29977, -0.15212][0.97365, 0.92816, 0][0.275852, 0.43878, 0.072924][0.94181, -0.29977, -0.15212][0.97566, 0.92751, 0][0.270542, 0.428308, 0.072924][0.88176, -0.44711, 0.15027][0.97035, 0.91705, 0][0.275852, 0.43878, 0.072924][0.94011, -0.30506, 0.15212][0.97566, 0.92751, 0][0.273842, 0.439427, 0.086643][0.94011, -0.30506, 0.15212][0.97365, 0.92816, 0][0.273842, 0.439427, 0.086643][0.94011, -0.30506, 0.15212][0.97365, 0.92816, 0][0.275852, 0.43878, 0.072924][0.94011, -0.30506, 0.15212][0.97566, 0.92751, 0][0.275852, 0.452667, 0.087312][0.97627, -0.15581, 0.15038][0.97566, 0.94138, 0][0.270542, 0.452667, 0.047685][0.77355, 0.01008, -0.63365][0.97035, 0.94138, 0][0.264862, 0.452667, 0.040751][0.77355, 0.01008, -0.63365][0.96468, 0.94138, 0][0.269162, 0.464404, 0.048603][0.76606, 0.13915, -0.62752][0.96898, 0.95310, 0][0.264002, 0.442593, 0.041609][0.76808, -0.11916, -0.62917][0.96382, 0.93132, 0][0.264862, 0.452667, 0.040751][0.77355, 0.01008, -0.63365][0.96468, 0.94138, 0][0.270542, 0.452667, 0.047685][0.77355, 0.01008, -0.63365][0.97035, 0.94138, 0][0.269162, 0.440931, 0.048603][0.88954, -0.13865, -0.43530][0.96898, 0.92966, 0][0.270542, 0.452667, 0.047685][0.89818, 0.00907, -0.43953][0.97035, 0.94138, 0][0.275852, 0.452667, 0.058536][0.89818, 0.00907, -0.43953][0.97566, 0.94138, 0][0.275852, 0.452667, 0.058536][0.89818, 0.00907, -0.43953][0.97566, 0.94138, 0][0.270542, 0.452667, 0.047685][0.89818, 0.00907, -0.43953][0.97035, 0.94138, 0][0.273842, 0.465909, 0.059205][0.88714, 0.15659, -0.43413][0.97365, 0.95461, 0][0.273842, 0.439427, 0.059205][0.97505, -0.15600, -0.15790][0.97365, 0.92816, 0][0.275852, 0.452667, 0.058536][0.98713, 0.00374, -0.15986][0.97566, 0.94138, 0][0.278182, 0.452667, 0.072924][0.98713, 0.00374, -0.15986][0.97799, 0.94138, 0][0.278182, 0.452667, 0.072924][0.98713, 0.00374, -0.15986][0.97799, 0.94138, 0][0.275852, 0.452667, 0.058536][0.98713, 0.00374, -0.15986][0.97566, 0.94138, 0][0.275852, 0.466555, 0.072924][0.97387, 0.16339, -0.15771][0.97566, 0.95525, 0][0.275852, 0.43878, 0.072924][0.97387, -0.16340, 0.15771][0.97566, 0.92751, 0][0.278182, 0.452667, 0.072924][0.98713, -0.00376, 0.15986][0.97799, 0.94138, 0][0.275852, 0.452667, 0.087312][0.98713, -0.00376, 0.15986][0.97566, 0.94138, 0][0.275852, 0.452667, 0.087312][0.98713, -0.00376, 0.15986][0.97566, 0.94138, 0][0.278182, 0.452667, 0.072924][0.98713, -0.00376, 0.15986][0.97799, 0.94138, 0][0.273842, 0.465909, 0.086643][0.97506, 0.15598, 0.15790][0.97365, 0.95461, 0][0.273842, 0.439427, 0.086643][0.88713, -0.15661, 0.43412][0.97365, 0.92816, 0][0.275852, 0.452667, 0.087312][0.89818, -0.00909, 0.43953][0.97566, 0.94138, 0][0.270542, 0.452667, 0.098163][0.89818, -0.00909, 0.43953][0.97035, 0.94138, 0][0.270542, 0.452667, 0.098163][0.89818, -0.00909, 0.43953][0.97035, 0.94138, 0][0.275852, 0.452667, 0.087312][0.89818, -0.00909, 0.43953][0.97566, 0.94138, 0][0.269162, 0.464404, 0.097245][0.88955, 0.13864, 0.43530][0.96898, 0.95310, 0][0.269162, 0.440931, 0.097245][0.76606, -0.13916, 0.62752][0.96898, 0.92966, 0][0.270542, 0.452667, 0.098163][0.77355, -0.01009, 0.63365][0.97035, 0.94138, 0][0.264862, 0.452667, 0.105097][0.77355, -0.01009, 0.63365][0.96468, 0.94138, 0][0.264862, 0.452667, 0.105097][0.77355, -0.01009, 0.63365][0.96468, 0.94138, 0][0.270542, 0.452667, 0.098163][0.77355, -0.01009, 0.63365][0.97035, 0.94138, 0][0.264002, 0.462742, 0.104239][0.76808, 0.11914, 0.62917][0.96382, 0.95144, 0][0.269162, 0.476141, 0.060764][0.77511, 0.50854, -0.37495][0.96898, 0.96482, 0][0.265792, 0.47397, 0.050853][0.77511, 0.50854, -0.37495][0.96561, 0.96266, 0][0.264002, 0.482892, 0.062486][0.68983, 0.62183, -0.37077][0.96382, 0.97157, 0][0.269162, 0.464404, 0.048603][0.84480, 0.38501, -0.37159][0.96898, 0.95310, 0][0.265792, 0.47397, 0.050853][0.77511, 0.50854, -0.37495][0.96561, 0.96266, 0][0.269162, 0.476141, 0.060764][0.77511, 0.50854, -0.37495][0.96898, 0.96482, 0][0.265802, 0.008868, 0.042577][0.81220, -0.26060, -0.52194][0.49144, 0.03868, 0][0.263632, 0.040448, 0.023433][0.81220, -0.26060, -0.52194][0.50333, 0.06112, 0][0.272812, 0.034173, 0.040851][0.81220, -0.26060, -0.52194][0.48715, 0.05647, 0][0.255382, 0.41301, 0.087833][0.81992, 0.00000, 0.57248][0.15413, 0.97948, 0][0.251822, 0.41301, 0.092175][0.77331, 0.00000, 0.63403][0.15026, 0.97948, 0][0.251822, -0.117831, 0.092175][0.77331, 0.00000, 0.63403][0.15026, 0.50605, 0][0.255382, -0.117831, 0.087833][0.86188, 0.00000, 0.50711][0.15413, 0.50605, 0][0.255382, 0.41301, 0.087833][0.81992, 0.00000, 0.57248][0.15413, 0.97948, 0][0.251822, -0.117831, 0.092175][0.77331, 0.00000, 0.63403][0.15026, 0.50605, 0][0.258702, 0.41301, 0.08104][0.93697, 0.00000, 0.34940][0.16019, 0.97948, 0][0.255382, 0.41301, 0.087833][0.81992, 0.00000, 0.57248][0.15413, 0.97948, 0][0.255382, -0.117831, 0.087833][0.86188, 0.00000, 0.50711][0.15413, 0.50605, 0][0.258702, -0.117831, 0.08104][0.96682, 0.00000, 0.25546][0.16019, 0.50605, 0][0.258702, 0.41301, 0.08104][0.93697, 0.00000, 0.34940][0.16019, 0.97948, 0][0.255382, -0.117831, 0.087833][0.86188, 0.00000, 0.50711][0.15413, 0.50605, 0][0.260162, 0.41301, 0.072031][0.99854, 0.00000, 0.05394][0.16822, 0.97948, 0][0.258702, 0.41301, 0.08104][0.93697, 0.00000, 0.34940][0.16019, 0.97948, 0][0.258702, -0.117831, 0.08104][0.96682, 0.00000, 0.25546][0.16019, 0.50605, 0][0.260162, -0.117831, 0.072031][0.99854, 0.00000, -0.05395][0.16822, 0.50605, 0][0.260162, 0.41301, 0.072031][0.99854, 0.00000, 0.05394][0.16822, 0.97948, 0][0.258702, -0.117831, 0.08104][0.96682, 0.00000, 0.25546][0.16019, 0.50605, 0][0.258702, 0.41301, 0.063023][0.96682, 0.00000, -0.25547][0.17626, 0.97948, 0][0.260162, 0.41301, 0.072031][0.99854, 0.00000, 0.05394][0.16822, 0.97948, 0][0.260162, -0.117831, 0.072031][0.99854, 0.00000, -0.05395][0.16822, 0.50605, 0][0.258702, -0.117831, 0.063023][0.93698, 0.00000, -0.34939][0.17626, 0.50605, 0][0.258702, 0.41301, 0.063023][0.96682, 0.00000, -0.25547][0.17626, 0.97948, 0][0.260162, -0.117831, 0.072031][0.99854, 0.00000, -0.05395][0.16822, 0.50605, 0][0.255382, 0.41301, 0.05623][0.86189, 0.00000, -0.50709][0.18232, 0.97948, 0][0.258702, 0.41301, 0.063023][0.96682, 0.00000, -0.25547][0.17626, 0.97948, 0][0.258702, -0.117831, 0.063023][0.93698, 0.00000, -0.34939][0.17626, 0.50605, 0][0.255382, -0.117831, 0.056229][0.81991, 0.00000, -0.57249][0.18232, 0.50605, 0][0.255382, 0.41301, 0.05623][0.86189, 0.00000, -0.50709][0.18232, 0.97948, 0][0.258702, -0.117831, 0.063023][0.93698, 0.00000, -0.34939][0.17626, 0.50605, 0][0.251822, 0.41301, 0.051888][0.77327, 0.00000, -0.63408][0.18619, 0.97948, 0][0.255382, 0.41301, 0.05623][0.86189, 0.00000, -0.50709][0.18232, 0.97948, 0][0.255382, -0.117831, 0.056229][0.81991, 0.00000, -0.57249][0.18232, 0.50605, 0][0.251822, -0.117831, 0.051888][0.77323, 0.00000, -0.63412][0.18619, 0.50605, 0][0.251822, 0.41301, 0.051888][0.77327, 0.00000, -0.63408][0.18619, 0.97948, 0][0.255382, -0.117831, 0.056229][0.81991, 0.00000, -0.57249][0.18232, 0.50605, 0][0.160222, -0.00571, -0.075947][0.90545, -0.27621, -0.32229][0.62281, 0.03778, 0][0.156472, 0.008438, -0.098607][0.90545, -0.27621, -0.32229][0.64021, 0.04547, 0][0.180962, 0.070755, -0.083211][0.90545, -0.27621, -0.32229][0.61826, 0.09091, 0][0.273842, 0.465909, 0.059205][0.86046, 0.28751, -0.42064][0.97365, 0.95461, 0][0.269162, 0.464404, 0.048603][0.86046, 0.28751, -0.42064][0.96898, 0.95310, 0][0.269162, 0.476141, 0.060764][0.80182, 0.42997, -0.41498][0.96898, 0.96482, 0][0.270542, 0.452667, 0.047685][0.89865, 0.13822, -0.41631][0.97035, 0.94138, 0][0.269162, 0.464404, 0.048603][0.86046, 0.28751, -0.42064][0.96898, 0.95310, 0][0.273842, 0.465909, 0.059205][0.86046, 0.28751, -0.42064][0.97365, 0.95461, 0][0.265202, 0.074107, 0.018468][0.98304, 0.10183, -0.15254][0.50430, 0.08765, 0][0.271102, 0.050246, 0.040561][0.98304, 0.10183, -0.15254][0.48780, 0.07005, 0][0.272812, 0.034173, 0.040851][0.98304, 0.10183, -0.15254][0.48715, 0.05647, 0][0.272812, 0.034173, 0.040851][0.86157, -0.11318, -0.49486][0.48715, 0.05647, 0][0.263632, 0.040448, 0.023433][0.86157, -0.11318, -0.49486][0.50333, 0.06112, 0][0.265202, 0.074107, 0.018468][0.86157, -0.11318, -0.49486][0.50430, 0.08765, 0][0.271102, 0.050246, 0.040561][0.99424, 0.10606, 0.01570][0.48780, 0.07005, 0][0.272302, 0.033605, 0.07698][0.99424, 0.10606, 0.01570][0.46642, 0.06287, 0][0.272812, 0.034173, 0.040851][0.99424, 0.10606, 0.01570][0.48715, 0.05647, 0][0.261782, 0.471393, 0.043822][0.70372, 0.51121, -0.49340][0.96161, 0.96008, 0][0.258952, 0.478022, 0.046654][0.70372, 0.51121, -0.49340][0.95878, 0.96670, 0][0.261782, 0.480756, 0.053523][0.70372, 0.51121, -0.49340][0.96161, 0.96943, 0][0.156472, 0.008438, -0.098607][0.84083, -0.20686, -0.50021][0.64021, 0.04547, 0][0.164312, 0.0531, -0.103898][0.84083, -0.20686, -0.50021][0.64064, 0.07766, 0][0.180962, 0.070755, -0.083211][0.84083, -0.20686, -0.50021][0.61826, 0.09091, 0][0.269162, 0.440931, 0.097245][0.86048, -0.28750, 0.42062][0.96898, 0.92966, 0][0.273842, 0.439427, 0.086643][0.86048, -0.28750, 0.42062][0.97365, 0.92816, 0][0.270542, 0.452667, 0.098163][0.89866, -0.13823, 0.41630][0.97035, 0.94138, 0][0.269162, 0.429194, 0.085084][0.80185, -0.42994, 0.41495][0.96898, 0.91794, 0][0.273842, 0.439427, 0.086643][0.86048, -0.28750, 0.42062][0.97365, 0.92816, 0][0.269162, 0.440931, 0.097245][0.86048, -0.28750, 0.42062][0.96898, 0.92966, 0][0.252422, -0.041931, 0.064973][0.92492, -0.07382, -0.37292][0.48835, 0.00871, 0][0.234682, -0.023657, 0.017357][0.92492, -0.07382, -0.37292][0.52602, 0.01844, 0][0.243312, -0.008546, 0.03577][0.92492, -0.07382, -0.37292][0.50955, 0.03107, 0][0.256102, 0.134671, 0.005198][0.98376, 0.11823, -0.13503][0.51641, 0.13927, 0][0.271102, 0.050246, 0.040561][0.98376, 0.11823, -0.13503][0.48780, 0.07005, 0][0.265202, 0.074107, 0.018468][0.98376, 0.11823, -0.13503][0.50430, 0.08765, 0][0.256542, 0.147615, 0.012927][0.97517, 0.08816, -0.20316][0.51071, 0.15117, 0][0.271102, 0.050246, 0.040561][0.97517, 0.08816, -0.20316][0.48780, 0.07005, 0][0.256102, 0.134671, 0.005198][0.97517, 0.08816, -0.20316][0.51641, 0.13927, 0][0.251662, 0.409506, 0.050293][0.97946, -0.19295, 0.05852][0.18761, 0.97636, 0][0.249222, 0.390257, 0.027665][0.97946, -0.19295, 0.05852][0.20779, 0.95920, 0][0.253042, 0.409506, 0.027196][0.97946, -0.19295, 0.05852][0.20821, 0.97636, 0][0.249222, 0.390257, 0.027665][0.97945, -0.19300, 0.05857][0.20779, 0.95920, 0][0.251662, 0.409506, 0.050293][0.97945, -0.19300, 0.05857][0.18761, 0.97636, 0][0.247852, 0.390256, 0.050572][0.97945, -0.19300, 0.05857][0.18736, 0.95919, 0][0.248862, 0.191761, -0.000618][0.96963, 0.10024, -0.22308][0.52284, 0.18948, 0][0.256542, 0.147615, 0.012927][0.96963, 0.10024, -0.22308][0.51071, 0.15117, 0][0.256102, 0.134671, 0.005198][0.96963, 0.10024, -0.22308][0.51641, 0.13927, 0][0.253042, 0.409506, 0.027196][0.98115, -0.19302, -0.00972][0.20821, 0.97636, 0][0.249012, 0.390257, 0.002652][0.98115, -0.19302, -0.00972][0.23010, 0.95920, 0][0.252792, 0.409506, 0.001966][0.98115, -0.19302, -0.00972][0.23071, 0.97636, 0][0.247512, 0.327002, 0.034973][0.90007, 0.42974, -0.07210][0.49604, 0.31003, 0][0.219452, 0.37799, -0.011407][0.90007, 0.42974, -0.07210][0.54228, 0.35741, 0][0.240262, 0.341494, 0.030845][0.90007, 0.42974, -0.07210][0.50277, 0.32286, 0][0.249012, 0.390257, 0.002652][0.98080, -0.19484, -0.00823][0.23010, 0.95920, 0][0.253042, 0.409506, 0.027196][0.98080, -0.19484, -0.00823][0.20821, 0.97636, 0][0.249222, 0.390257, 0.027665][0.98080, -0.19484, -0.00823][0.20779, 0.95920, 0][0.248022, 0.409506, -0.045646][0.97008, -0.18594, -0.15610][0.27318, 0.97636, 0][0.241402, 0.390257, -0.063857][0.97008, -0.18594, -0.15610][0.28942, 0.95920, 0][0.244892, 0.409506, -0.065097][0.97008, -0.18594, -0.15610][0.29052, 0.97636, 0][0.252792, 0.409506, 0.001966][0.97880, -0.19066, -0.07482][0.23071, 0.97636, 0][0.247142, 0.390257, -0.022899][0.97880, -0.19066, -0.07482][0.25289, 0.95920, 0][0.250822, 0.409506, -0.023807][0.97880, -0.19066, -0.07482][0.25370, 0.97636, 0][0.250822, 0.409506, -0.023807][0.97415, -0.18824, -0.12490][0.25370, 0.97636, 0][0.244442, 0.390257, -0.044557][0.97415, -0.18824, -0.12490][0.27220, 0.95920, 0][0.248022, 0.409506, -0.045646][0.97415, -0.18824, -0.12490][0.27318, 0.97636, 0][0.241402, 0.390257, -0.063857][0.97001, -0.18905, -0.15279][0.28942, 0.95920, 0][0.248022, 0.409506, -0.045646][0.97001, -0.18905, -0.15279][0.27318, 0.97636, 0][0.244442, 0.390257, -0.044557][0.97001, -0.18905, -0.15279][0.27220, 0.95920, 0][0.217802, 0.384643, -0.009256][0.93305, 0.29703, -0.20298][0.54159, 0.36314, 0][0.240262, 0.341494, 0.030845][0.93305, 0.29703, -0.20298][0.50277, 0.32286, 0][0.219452, 0.37799, -0.011407][0.93305, 0.29703, -0.20298][0.54228, 0.35741, 0][0.247142, 0.390257, -0.022899][0.97826, -0.19466, -0.07160][0.25289, 0.95920, 0][0.252792, 0.409506, 0.001966][0.97826, -0.19466, -0.07160][0.23071, 0.97636, 0][0.249012, 0.390257, 0.002652][0.97826, -0.19466, -0.07160][0.23010, 0.95920, 0][0.244442, 0.390257, -0.044557][0.97387, -0.19191, -0.12141][0.27220, 0.95920, 0][0.250822, 0.409506, -0.023807][0.97387, -0.19191, -0.12141][0.25370, 0.97636, 0][0.247142, 0.390257, -0.022899][0.97387, -0.19191, -0.12141][0.25289, 0.95920, 0][0.237782, 0.261195, -0.007466][0.98519, 0.09521, -0.14261][0.53202, 0.25170, 0][0.242782, 0.226899, 0.004179][0.98519, 0.09521, -0.14261][0.52227, 0.22124, 0][0.237892, 0.251396, -0.013248][0.98519, 0.09521, -0.14261][0.53615, 0.24283, 0][0.232182, 0.290299, -0.014373][0.96779, 0.13592, -0.21194][0.53922, 0.27807, 0][0.237782, 0.261195, -0.007466][0.96779, 0.13592, -0.21194][0.53202, 0.25170, 0][0.237892, 0.251396, -0.013248][0.96779, 0.13592, -0.21194][0.53615, 0.24283, 0][0.237782, 0.261195, -0.007466][0.97282, 0.14417, -0.18122][0.53202, 0.25170, 0][0.232182, 0.290299, -0.014373][0.97282, 0.14417, -0.18122][0.53922, 0.27807, 0][0.225682, 0.333827, -0.014636][0.97282, 0.14417, -0.18122][0.54204, 0.31757, 0][0.265792, 0.47397, 0.050853][0.68793, 0.46037, -0.56108][0.96561, 0.96266, 0][0.261782, 0.471393, 0.043822][0.68793, 0.46037, -0.56108][0.96161, 0.96008, 0][0.261782, 0.480756, 0.053523][0.60267, 0.57418, -0.55417][0.96161, 0.96943, 0][0.264002, 0.462742, 0.041609][0.75924, 0.33723, -0.55662][0.96382, 0.95144, 0][0.261782, 0.471393, 0.043822][0.68793, 0.46037, -0.56108][0.96161, 0.96008, 0][0.265792, 0.47397, 0.050853][0.68793, 0.46037, -0.56108][0.96561, 0.96266, 0][0.264002, 0.442593, 0.104239][0.74793, -0.25567, 0.61256][0.96382, 0.93132, 0][0.269162, 0.440931, 0.097245][0.74793, -0.25567, 0.61256][0.96898, 0.92966, 0][0.264862, 0.452667, 0.105097][0.78530, -0.11879, 0.60761][0.96468, 0.94138, 0][0.265792, 0.431366, 0.094995][0.69548, -0.38739, 0.60517][0.96561, 0.92011, 0][0.269162, 0.440931, 0.097245][0.74793, -0.25567, 0.61256][0.96898, 0.92966, 0][0.264002, 0.442593, 0.104239][0.74793, -0.25567, 0.61256][0.96382, 0.93132, 0][0.256542, 0.147615, 0.012927][0.98072, 0.18749, 0.05501][0.51071, 0.15117, 0][0.248862, 0.191761, -0.000618][0.98072, 0.18749, 0.05501][0.52284, 0.18948, 0][0.251042, 0.175757, 0.015063][0.98072, 0.18749, 0.05501][0.51180, 0.17647, 0][0.251042, 0.175757, 0.015063][0.98557, 0.16610, 0.03250][0.51180, 0.17647, 0][0.248862, 0.191761, -0.000618][0.98557, 0.16610, 0.03250][0.52284, 0.18948, 0][0.242782, 0.226899, 0.004179][0.98557, 0.16610, 0.03250][0.52227, 0.22124, 0][0.248862, 0.191761, -0.000618][0.98417, 0.17451, -0.03086][0.52284, 0.18948, 0][0.237892, 0.251396, -0.013248][0.98417, 0.17451, -0.03086][0.53615, 0.24283, 0][0.242782, 0.226899, 0.004179][0.98417, 0.17451, -0.03086][0.52227, 0.22124, 0][0.192692, 0.129994, -0.080144][0.98099, -0.19344, -0.01553][0.61001, 0.13796, 0][0.193752, 0.134224, -0.065874][0.98099, -0.19344, -0.01553][0.59912, 0.14297, 0][0.180962, 0.070755, -0.083211][0.98099, -0.19344, -0.01553][0.61826, 0.09091, 0][0.193752, 0.134224, -0.065874][0.97441, -0.14290, -0.17352][0.59912, 0.14297, 0][0.197822, 0.178817, -0.079743][0.97441, -0.14290, -0.17352][0.60667, 0.17918, 0][0.205062, 0.211668, -0.06614][0.97441, -0.14290, -0.17352][0.59257, 0.20808, 0][0.180962, 0.070755, -0.083211][0.82498, -0.13494, -0.54882][0.61826, 0.09091, 0][0.164312, 0.0531, -0.103898][0.82498, -0.13494, -0.54882][0.64064, 0.07766, 0][0.192692, 0.129994, -0.080144][0.82498, -0.13494, -0.54882][0.61001, 0.13796, 0][0.211232, 0.389663, -0.024807][0.97549, 0.17142, -0.13799][0.55604, 0.36851, 0][0.220342, 0.348353, -0.011723][0.97549, 0.17142, -0.13799][0.54277, 0.33032, 0][0.220272, 0.340101, -0.022469][0.97549, 0.17142, -0.13799][0.55045, 0.32344, 0][0.180962, 0.070755, -0.083211][0.96090, -0.24915, 0.12081][0.61826, 0.09091, 0][0.148482, -0.034401, -0.04174][0.96090, -0.24915, 0.12081][0.60529, 0.02689, 0][0.160222, -0.00571, -0.075947][0.96090, -0.24915, 0.12081][0.62281, 0.03778, 0][0.229912, 0.185538, 0.043004][0.95230, 0.10713, 0.28573][0.50684, 0.18955, 0][0.231562, 0.222017, 0.023828][0.95377, 0.09571, 0.28489][0.51652, 0.21874, 0][0.223292, 0.218837, 0.052583][0.95377, 0.09571, 0.28489][0.50392, 0.21793, 0][0.232142, 0.257912, 0.011226][0.95511, 0.08428, 0.28401][0.52312, 0.24924, 0][0.223292, 0.218837, 0.052583][0.95377, 0.09571, 0.28489][0.50392, 0.21793, 0][0.231562, 0.222017, 0.023828][0.95377, 0.09571, 0.28489][0.51652, 0.21874, 0][0.202822, 0.223221, -0.075422][0.94403, -0.07504, -0.32122][0.60040, 0.21812, 0][0.205062, 0.211668, -0.06614][0.94403, -0.07504, -0.32122][0.59257, 0.20808, 0][0.197822, 0.178817, -0.079743][0.94403, -0.07504, -0.32122][0.60667, 0.17918, 0][0.244892, 0.409506, -0.065097][0.84992, -0.18660, -0.49277][0.29052, 0.97636, 0][0.226372, 0.390257, -0.089751][0.84992, -0.18660, -0.49277][0.31251, 0.95920, 0][0.229522, 0.409506, -0.091607][0.84992, -0.18660, -0.49277][0.31417, 0.97636, 0][0.226372, 0.390257, -0.089751][0.84980, -0.18585, -0.49326][0.31251, 0.95920, 0][0.244892, 0.409506, -0.065097][0.84980, -0.18585, -0.49326][0.29052, 0.97636, 0][0.241402, 0.390257, -0.063857][0.84980, -0.18585, -0.49326][0.28942, 0.95920, 0][0.148482, -0.034401, -0.04174][0.95954, -0.23552, 0.15432][0.60529, 0.02689, 0][0.180962, 0.070755, -0.083211][0.95954, -0.23552, 0.15432][0.61826, 0.09091, 0][0.193752, 0.134224, -0.065874][0.95954, -0.23552, 0.15432][0.59912, 0.14297, 0][0.203832, 0.396075, -0.038946][0.89345, 0.24131, -0.37885][0.57009, 0.37498, 0][0.204222, 0.400407, -0.035267][0.89345, 0.24131, -0.37885][0.56714, 0.37867, 0][0.204912, 0.387101, -0.042115][0.89345, 0.24131, -0.37885][0.57198, 0.36708, 0][0.223292, 0.218837, 0.052583][0.93714, 0.13035, 0.32369][0.50392, 0.21793, 0][0.232142, 0.257912, 0.011226][0.93714, 0.13035, 0.32369][0.52312, 0.24924, 0][0.227022, 0.265648, 0.022934][0.93714, 0.13035, 0.32369][0.51842, 0.25622, 0][0.197822, 0.178817, -0.079743][0.99364, -0.10405, -0.04297][0.60667, 0.17918, 0][0.193752, 0.134224, -0.065874][0.99364, -0.10405, -0.04297][0.59912, 0.14297, 0][0.192692, 0.129994, -0.080144][0.99364, -0.10405, -0.04297][0.61001, 0.13796, 0][0.225682, 0.333827, -0.014636][0.93454, 0.18566, 0.30358][0.54204, 0.31757, 0][0.227022, 0.265648, 0.022934][0.93454, 0.18566, 0.30358][0.51842, 0.25622, 0][0.237782, 0.261195, -0.007466][0.93454, 0.18566, 0.30358][0.53202, 0.25170, 0][0.211232, 0.389663, -0.024807][0.91515, 0.14210, -0.37724][0.55604, 0.36851, 0][0.208202, 0.400424, -0.028104][0.91515, 0.14210, -0.37724][0.55982, 0.37846, 0][0.211732, 0.392894, -0.022377][0.91515, 0.14210, -0.37724][0.55397, 0.37132, 0][0.206692, 0.263224, -0.068001][0.97874, -0.06709, -0.19381][0.59229, 0.25415, 0][0.208032, 0.249574, -0.056509][0.97874, -0.06709, -0.19381][0.58337, 0.24193, 0][0.205062, 0.211668, -0.06614][0.98660, -0.03693, -0.15890][0.59257, 0.20808, 0][0.208032, 0.249574, -0.056509][0.97874, -0.06709, -0.19381][0.58337, 0.24193, 0][0.206692, 0.263224, -0.068001][0.97874, -0.06709, -0.19381][0.59229, 0.25415, 0][0.209572, 0.271544, -0.059319][0.96874, -0.09710, -0.22830][0.58423, 0.26166, 0][0.200992, 0.243265, -0.075753][0.98776, 0.08805, -0.12877][0.60128, 0.23624, 0][0.205062, 0.211668, -0.06614][0.98776, 0.08805, -0.12877][0.59257, 0.20808, 0][0.202822, 0.223221, -0.075422][0.98776, 0.08805, -0.12877][0.60040, 0.21812, 0][0.209572, 0.271544, -0.059319][0.93096, 0.05449, -0.36103][0.58423, 0.26166, 0][0.206692, 0.263224, -0.068001][0.93096, 0.05449, -0.36103][0.59229, 0.25415, 0][0.207772, 0.303829, -0.059088][0.93096, 0.05449, -0.36103][0.58444, 0.29119, 0][0.207772, 0.303829, -0.059088][0.99945, 0.00683, 0.03238][0.58444, 0.29119, 0][0.207362, 0.301319, -0.045902][0.99945, 0.00683, 0.03238][0.57510, 0.28853, 0][0.209572, 0.271544, -0.059319][0.99760, 0.05532, 0.04155][0.58423, 0.26166, 0][0.207362, 0.301319, -0.045902][0.99945, 0.00683, 0.03238][0.57510, 0.28853, 0][0.207772, 0.303829, -0.059088][0.99945, 0.00683, 0.03238][0.58444, 0.29119, 0][0.208772, 0.334428, -0.047119][0.99886, -0.04169, 0.02312][0.57456, 0.31891, 0][0.204912, 0.387101, -0.042115][0.99589, 0.07745, -0.04700][0.57198, 0.36708, 0][0.208772, 0.334428, -0.047119][0.99589, 0.07745, -0.04700][0.57456, 0.31891, 0][0.206792, 0.358083, -0.050095][0.99589, 0.07745, -0.04700][0.57734, 0.34091, 0][0.205062, 0.211668, -0.06614][0.85725, -0.04562, -0.51288][0.59257, 0.20808, 0][0.200992, 0.243265, -0.075753][0.85725, -0.04562, -0.51288][0.60128, 0.23624, 0][0.206692, 0.263224, -0.068001][0.85725, -0.04562, -0.51288][0.59229, 0.25415, 0][0.225682, 0.333827, -0.014636][0.87480, 0.38148, -0.29864][0.54204, 0.31757, 0][0.220272, 0.340101, -0.022469][0.87480, 0.38148, -0.29864][0.55045, 0.32344, 0][0.220342, 0.348353, -0.011723][0.87480, 0.38148, -0.29864][0.54277, 0.33032, 0][0.229522, 0.409506, -0.091607][0.77326, -0.18468, -0.60659][0.31417, 0.97636, 0][0.211712, 0.390257, -0.10845][0.77326, -0.18468, -0.60659][0.32919, 0.95920, 0][0.214742, 0.409506, -0.110448][0.77326, -0.18468, -0.60659][0.33097, 0.97636, 0][0.211712, 0.390257, -0.10845][0.77339, -0.18502, -0.60633][0.32919, 0.95920, 0][0.229522, 0.409506, -0.091607][0.77339, -0.18502, -0.60633][0.31417, 0.97636, 0][0.226372, 0.390257, -0.089751][0.77339, -0.18502, -0.60633][0.31251, 0.95920, 0][0.207962, 0.371835, -0.012299][0.99886, 0.03239, 0.03514][0.54966, 0.35058, 0][0.207952, 0.360885, -0.00192][0.99886, 0.03239, 0.03514][0.54294, 0.33991, 0][0.208752, 0.329048, 0.004689][0.99886, 0.03239, 0.03514][0.53895, 0.31143, 0][0.196872, 0.360868, -0.076172][0.92704, -0.09477, -0.36278][0.60206, 0.34466, 0][0.206792, 0.358083, -0.050095][0.92704, -0.09477, -0.36278][0.57734, 0.34091, 0][0.195312, 0.328308, -0.071653][0.92704, -0.09477, -0.36278][0.59988, 0.31381, 0][0.206792, 0.358083, -0.050095][0.92898, 0.15288, -0.33707][0.57734, 0.34091, 0][0.196872, 0.360868, -0.076172][0.92898, 0.15288, -0.33707][0.60206, 0.34466, 0][0.204912, 0.387101, -0.042115][0.92898, 0.15288, -0.33707][0.57198, 0.36708, 0][0.242782, 0.226899, 0.004179][0.91637, 0.24191, 0.31899][0.52227, 0.22124, 0][0.237782, 0.261195, -0.007466][0.91637, 0.24191, 0.31899][0.53202, 0.25170, 0][0.232142, 0.257912, 0.011226][0.91637, 0.24191, 0.31899][0.52312, 0.24924, 0][0.232142, 0.257912, 0.011226][0.93852, 0.15213, 0.30990][0.52312, 0.24924, 0][0.237782, 0.261195, -0.007466][0.93852, 0.15213, 0.30990][0.53202, 0.25170, 0][0.227022, 0.265648, 0.022934][0.93852, 0.15213, 0.30990][0.51842, 0.25622, 0][0.263632, 0.040448, 0.023433][0.78699, -0.12580, -0.60400][0.50333, 0.06112, 0][0.256602, 0.075483, 0.006976][0.78699, -0.12580, -0.60400][0.51685, 0.08924, 0][0.265202, 0.074107, 0.018468][0.78699, -0.12580, -0.60400][0.50430, 0.08765, 0][0.265202, 0.074107, 0.018468][0.79994, -0.01127, -0.59998][0.50430, 0.08765, 0][0.256602, 0.075483, 0.006976][0.79994, -0.01127, -0.59998][0.51685, 0.08924, 0][0.256102, 0.134671, 0.005198][0.79994, -0.01127, -0.59998][0.51641, 0.13927, 0][0.256542, 0.147615, 0.012927][0.92857, 0.22305, 0.29667][0.51071, 0.15117, 0][0.258242, 0.087052, 0.05314][0.92857, 0.22305, 0.29667][0.48701, 0.10542, 0][0.271102, 0.050246, 0.040561][0.92857, 0.22305, 0.29667][0.48780, 0.07005, 0][0.269162, 0.464404, 0.048603][0.74794, 0.25564, -0.61256][0.96898, 0.95310, 0][0.264002, 0.462742, 0.041609][0.74794, 0.25564, -0.61256][0.96382, 0.95144, 0][0.265792, 0.47397, 0.050853][0.69550, 0.38736, -0.60517][0.96561, 0.96266, 0][0.264862, 0.452667, 0.040751][0.78531, 0.11878, -0.60761][0.96468, 0.94138, 0][0.264002, 0.462742, 0.041609][0.74794, 0.25564, -0.61256][0.96382, 0.95144, 0][0.269162, 0.464404, 0.048603][0.74794, 0.25564, -0.61256][0.96898, 0.95310, 0][0.237712, 0.128482, 0.069824][0.94111, 0.24041, 0.23774][0.48837, 0.14480, 0][0.229912, 0.185538, 0.043004][0.94111, 0.24041, 0.23774][0.50684, 0.18955, 0][0.220842, 0.18908, 0.075326][0.94111, 0.24041, 0.23774][0.49314, 0.19543, 0][0.220842, 0.18908, 0.075326][0.95946, 0.11698, 0.25642][0.49314, 0.19543, 0][0.229912, 0.185538, 0.043004][0.95946, 0.11698, 0.25642][0.50684, 0.18955, 0][0.223292, 0.218837, 0.052583][0.95946, 0.11698, 0.25642][0.50392, 0.21793, 0][0.201882, 0.261556, 0.048005][0.97358, 0.00055, 0.22835][0.51762, 0.25377, 0][0.206912, 0.285727, 0.026501][0.97260, 0.06924, 0.22195][0.52722, 0.27364, 0][0.204132, 0.286792, 0.038351][0.97260, 0.06924, 0.22195][0.52144, 0.27441, 0][0.205252, 0.31031, 0.018214][0.96699, 0.13760, 0.21449][0.53270, 0.29460, 0][0.204132, 0.286792, 0.038351][0.97260, 0.06924, 0.22195][0.52144, 0.27441, 0][0.206912, 0.285727, 0.026501][0.97260, 0.06924, 0.22195][0.52722, 0.27364, 0][0.204132, 0.286792, 0.038351][0.99822, -0.05829, -0.01256][0.52144, 0.27441, 0][0.205252, 0.31031, 0.018214][0.99822, -0.05829, -0.01256][0.53270, 0.29460, 0][0.207952, 0.360885, -0.00192][0.99822, -0.05829, -0.01256][0.54294, 0.33991, 0][0.179732, 0.337024, -0.107497][0.76115, 0.18862, -0.62054][0.63515, 0.32300, 0][0.188552, 0.328893, -0.09915][0.76115, 0.18862, -0.62054][0.62442, 0.31543, 0][0.172932, 0.32114, -0.120666][0.76115, 0.18862, -0.62054][0.64889, 0.30843, 0][0.188552, 0.328893, -0.09915][0.75396, 0.16513, -0.63583][0.62442, 0.31543, 0][0.179732, 0.337024, -0.107497][0.75396, 0.16513, -0.63583][0.63515, 0.32300, 0][0.193582, 0.346926, -0.088502][0.75396, 0.16513, -0.63583][0.61342, 0.33213, 0][0.178242, 0.119405, -0.097778][0.79745, -0.09624, -0.59567][0.62976, 0.12984, 0][0.192692, 0.129994, -0.080144][0.79745, -0.09624, -0.59567][0.61001, 0.13796, 0][0.164312, 0.0531, -0.103898][0.80091, -0.11400, -0.58784][0.64064, 0.07766, 0][0.192692, 0.129994, -0.080144][0.79745, -0.09624, -0.59567][0.61001, 0.13796, 0][0.178242, 0.119405, -0.097778][0.79745, -0.09624, -0.59567][0.62976, 0.12984, 0][0.197822, 0.178817, -0.079743][0.79367, -0.07844, -0.60327][0.60667, 0.17918, 0][0.195312, 0.328308, -0.071653][0.86320, 0.09174, -0.49646][0.59988, 0.31381, 0][0.208772, 0.334428, -0.047119][0.86320, 0.09174, -0.49646][0.57456, 0.31891, 0][0.207772, 0.303829, -0.059088][0.84536, 0.17041, -0.50629][0.58444, 0.29119, 0][0.206792, 0.358083, -0.050095][0.87534, 0.01246, -0.48334][0.57734, 0.34091, 0][0.208772, 0.334428, -0.047119][0.86320, 0.09174, -0.49646][0.57456, 0.31891, 0][0.195312, 0.328308, -0.071653][0.86320, 0.09174, -0.49646][0.59988, 0.31381, 0][0.195312, 0.328308, -0.071653][0.98097, -0.07202, -0.18031][0.59988, 0.31381, 0][0.193582, 0.346926, -0.088502][0.98097, -0.07202, -0.18031][0.61342, 0.33213, 0][0.196872, 0.360868, -0.076172][0.98097, -0.07202, -0.18031][0.60206, 0.34466, 0][0.188132, 0.214866, -0.037232][0.98422, -0.17696, -0.00061][0.58059, 0.21387, 0][0.176502, 0.150142, -0.025641][0.98422, -0.17696, -0.00061][0.57964, 0.16301, 0][0.156672, 0.039829, -0.019274][0.98422, -0.17696, -0.00061][0.58650, 0.08294, 0][0.201432, 0.392688, -0.043922][0.76739, 0.29364, -0.56999][0.57507, 0.37202, 0][0.203832, 0.396075, -0.038946][0.76739, 0.29364, -0.56999][0.57009, 0.37498, 0][0.204912, 0.387101, -0.042115][0.76739, 0.29364, -0.56999][0.57198, 0.36708, 0][0.220342, 0.348353, -0.011723][0.88050, 0.24194, 0.40765][0.54277, 0.33032, 0][0.227022, 0.265648, 0.022934][0.88050, 0.24194, 0.40765][0.51842, 0.25622, 0][0.225682, 0.333827, -0.014636][0.88050, 0.24194, 0.40765][0.54204, 0.31757, 0][0.258242, 0.087052, 0.05314][0.93970, 0.24775, 0.23578][0.48701, 0.10542, 0][0.250912, 0.090267, 0.078975][0.93970, 0.24775, 0.23578][0.47654, 0.11320, 0][0.271102, 0.050246, 0.040561][0.93970, 0.24775, 0.23578][0.48780, 0.07005, 0][0.250912, 0.090267, 0.078975][0.90693, 0.36404, 0.21202][0.47654, 0.11320, 0][0.258242, 0.087052, 0.05314][0.90693, 0.36404, 0.21202][0.48701, 0.10542, 0][0.237712, 0.128482, 0.069824][0.90693, 0.36404, 0.21202][0.48837, 0.14480, 0][0.258242, 0.087052, 0.05314][0.96094, 0.17130, 0.21737][0.48701, 0.10542, 0][0.256542, 0.147615, 0.012927][0.96094, 0.17130, 0.21737][0.51071, 0.15117, 0][0.251042, 0.175757, 0.015063][0.96094, 0.17130, 0.21737][0.51180, 0.17647, 0][0.155322, 0.004054, -0.004769][0.93761, -0.17856, -0.29832][0.57868, 0.05944, 0][0.176502, 0.150142, -0.025641][0.93761, -0.17856, -0.29832][0.57964, 0.16301, 0][0.176442, 0.135908, -0.01731][0.93761, -0.17856, -0.29832][0.57448, 0.15249, 0][0.207962, 0.371835, -0.012299][0.96255, 0.01342, 0.27077][0.54966, 0.35058, 0][0.211232, 0.389663, -0.024807][0.96255, 0.01342, 0.27077][0.55604, 0.36851, 0][0.209072, 0.384488, -0.016872][0.96255, 0.01342, 0.27077][0.55186, 0.36265, 0][0.176502, 0.150142, -0.025641][0.90978, -0.18499, -0.37158][0.57964, 0.16301, 0][0.155322, 0.004054, -0.004769][0.90978, -0.18499, -0.37158][0.57868, 0.05944, 0][0.156672, 0.039829, -0.019274][0.90978, -0.18499, -0.37158][0.58650, 0.08294, 0][0.205252, 0.31031, 0.018214][0.91976, 0.10180, 0.37905][0.53270, 0.29460, 0][0.208752, 0.329048, 0.004689][0.91976, 0.10180, 0.37905][0.53895, 0.31143, 0][0.207952, 0.360885, -0.00192][0.91976, 0.10180, 0.37905][0.54294, 0.33991, 0][0.156672, 0.039829, -0.019274][0.72748, -0.28121, -0.62586][0.58650, 0.08294, 0][0.155322, 0.004054, -0.004769][0.72748, -0.28121, -0.62586][0.57868, 0.05944, 0][0.140182, -0.031737, -0.006286][0.72748, -0.28121, -0.62586][0.58677, 0.03800, 0][0.196522, 0.389284, -0.050382][0.66922, 0.50389, -0.54612][0.58248, 0.36886, 0][0.204912, 0.387101, -0.042115][0.66922, 0.50389, -0.54612][0.57198, 0.36708, 0][0.196872, 0.360868, -0.076172][0.66922, 0.50389, -0.54612][0.60206, 0.34466, 0][0.200392, 0.24832, 0.064804][0.94182, -0.29954, -0.15248][0.50898, 0.24341, 0][0.201882, 0.261556, 0.048005][0.94182, -0.29954, -0.15248][0.51762, 0.25377, 0][0.204532, 0.265149, 0.057315][0.94182, -0.29954, -0.15248][0.51050, 0.25665, 0][0.196362, 0.321931, -0.032399][0.98951, -0.11237, -0.09084][0.57101, 0.30625, 0][0.198012, 0.330595, -0.025143][0.98951, -0.11237, -0.09084][0.56492, 0.31369, 0][0.188082, 0.242664, -0.024539][0.98951, -0.11237, -0.09084][0.57149, 0.23770, 0][0.204912, 0.387101, -0.042115][0.98857, -0.13855, -0.05937][0.57198, 0.36708, 0][0.198012, 0.330595, -0.025143][0.98857, -0.13855, -0.05937][0.56492, 0.31369, 0][0.196362, 0.321931, -0.032399][0.98857, -0.13855, -0.05937][0.57101, 0.30625, 0][0.176442, 0.135908, -0.01731][0.97309, -0.11944, -0.19707][0.57448, 0.15249, 0][0.176502, 0.150142, -0.025641][0.97309, -0.11944, -0.19707][0.57964, 0.16301, 0][0.188082, 0.242664, -0.024539][0.97309, -0.11944, -0.19707][0.57149, 0.23770, 0][0.177502, 0.128929, -0.039672][0.96116, -0.17604, 0.21257][0.58882, 0.14450, 0][0.156672, 0.039829, -0.019274][0.96116, -0.17604, 0.21257][0.58650, 0.08294, 0][0.151662, -0.003062, -0.03214][0.96116, -0.17604, 0.21257][0.59743, 0.05057, 0][0.188552, 0.328893, -0.09915][0.94764, -0.21348, -0.23751][0.62442, 0.31543, 0][0.195312, 0.328308, -0.071653][0.94764, -0.21348, -0.23751][0.59988, 0.31381, 0][0.176822, 0.283956, -0.088277][0.92543, -0.29815, -0.23385][0.62194, 0.27353, 0][0.195312, 0.328308, -0.071653][0.94764, -0.21348, -0.23751][0.59988, 0.31381, 0][0.188552, 0.328893, -0.09915][0.94764, -0.21348, -0.23751][0.62442, 0.31543, 0][0.193582, 0.346926, -0.088502][0.96257, -0.12716, -0.23935][0.61342, 0.33213, 0][0.151662, -0.003062, -0.03214][0.95667, -0.16958, 0.23670][0.59743, 0.05057, 0][0.140182, -0.031737, -0.006286][0.95667, -0.16958, 0.23670][0.58677, 0.03800, 0][0.148482, -0.034401, -0.04174][0.95667, -0.16958, 0.23670][0.60529, 0.02689, 0][0.140182, -0.031737, -0.006286][0.95744, -0.17961, 0.22593][0.58677, 0.03800, 0][0.151662, -0.003062, -0.03214][0.95744, -0.17961, 0.22593][0.59743, 0.05057, 0][0.156672, 0.039829, -0.019274][0.95744, -0.17961, 0.22593][0.58650, 0.08294, 0][0.231562, 0.222017, 0.023828][0.83722, 0.16906, 0.52008][0.51652, 0.21874, 0][0.242782, 0.226899, 0.004179][0.83722, 0.16906, 0.52008][0.52227, 0.22124, 0][0.232142, 0.257912, 0.011226][0.83722, 0.16906, 0.52008][0.52312, 0.24924, 0][0.220272, 0.340101, -0.022469][0.82854, 0.01566, -0.55971][0.55045, 0.32344, 0][0.225682, 0.333827, -0.014636][0.82854, 0.01566, -0.55971][0.54204, 0.31757, 0][0.221322, 0.302625, -0.021963][0.82854, 0.01566, -0.55971][0.55044, 0.28931, 0][0.205062, 0.211668, -0.06614][0.95776, -0.13901, 0.25176][0.59257, 0.20808, 0][0.208032, 0.249574, -0.056509][0.95776, -0.13901, 0.25176][0.58337, 0.24193, 0][0.193752, 0.134224, -0.065874][0.95776, -0.13901, 0.25176][0.59912, 0.14297, 0][0.209572, 0.271544, -0.059319][0.96960, -0.03703, 0.24188][0.58423, 0.26166, 0][0.207362, 0.301319, -0.045902][0.96960, -0.03703, 0.24188][0.57510, 0.28853, 0][0.208032, 0.249574, -0.056509][0.96960, -0.03703, 0.24188][0.58337, 0.24193, 0][0.204532, 0.265149, 0.057315][0.96345, -0.16626, -0.21007][0.51050, 0.25665, 0][0.201882, 0.261556, 0.048005][0.96345, -0.16626, -0.21007][0.51762, 0.25377, 0][0.204132, 0.286792, 0.038351][0.96345, -0.16626, -0.21007][0.52144, 0.27441, 0][0.194032, 0.278403, -0.035314][0.98368, -0.12466, 0.12971][0.57510, 0.26800, 0][0.188082, 0.242664, -0.024539][0.98368, -0.12466, 0.12971][0.57149, 0.23770, 0][0.176502, 0.150142, -0.025641][0.98368, -0.12466, 0.12971][0.57964, 0.16301, 0][0.193752, 0.134224, -0.065874][0.91886, -0.19782, 0.34141][0.59912, 0.14297, 0][0.151662, -0.003062, -0.03214][0.91886, -0.19782, 0.34141][0.59743, 0.05057, 0][0.148482, -0.034401, -0.04174][0.91886, -0.19782, 0.34141][0.60529, 0.02689, 0][0.176822, 0.283956, -0.088277][0.76667, -0.37423, -0.52171][0.62194, 0.27353, 0][0.155172, 0.267264, -0.108119][0.76667, -0.37423, -0.52171][0.64679, 0.25917, 0][0.172932, 0.32114, -0.120666][0.76667, -0.37423, -0.52171][0.64889, 0.30843, 0][0.176822, 0.283956, -0.088277][0.81672, -0.32805, -0.47471][0.62194, 0.27353, 0][0.172932, 0.32114, -0.120666][0.81672, -0.32805, -0.47471][0.64889, 0.30843, 0][0.188552, 0.328893, -0.09915][0.81672, -0.32805, -0.47471][0.62442, 0.31543, 0][0.204912, 0.387101, -0.042115][0.71277, 0.22962, -0.66275][0.57198, 0.36708, 0][0.196522, 0.389284, -0.050382][0.71277, 0.22962, -0.66275][0.58248, 0.36886, 0][0.201432, 0.392688, -0.043922][0.71277, 0.22962, -0.66275][0.57507, 0.37202, 0][0.198012, 0.330595, -0.025143][0.97640, -0.05663, 0.20842][0.56492, 0.31369, 0][0.204912, 0.387101, -0.042115][0.97640, -0.05663, 0.20842][0.57198, 0.36708, 0][0.204222, 0.400407, -0.035267][0.97640, -0.05663, 0.20842][0.56714, 0.37867, 0][0.179412, 0.11509, -0.010171][0.91507, -0.10601, -0.38910][0.56884, 0.13639, 0][0.188082, 0.242664, -0.024539][0.91507, -0.10601, -0.38910][0.57149, 0.23770, 0][0.198012, 0.330595, -0.025143][0.91507, -0.10601, -0.38910][0.56492, 0.31369, 0][0.155322, 0.004054, -0.004769][0.69232, -0.26440, -0.67140][0.57868, 0.05944, 0][0.149222, -0.031771, 0.003049][0.69232, -0.26440, -0.67140][0.57725, 0.03702, 0][0.140182, -0.031737, -0.006286][0.69232, -0.26440, -0.67140][0.58677, 0.03800, 0][0.229912, 0.185538, 0.043004][0.88460, 0.29189, 0.36369][0.50684, 0.18955, 0][0.237712, 0.128482, 0.069824][0.88460, 0.29189, 0.36369][0.48837, 0.14480, 0][0.258242, 0.087052, 0.05314][0.88460, 0.29189, 0.36369][0.48701, 0.10542, 0][0.208592, 0.372781, -0.026602][0.79888, -0.06131, -0.59836][0.55919, 0.35275, 0][0.204222, 0.400407, -0.035267][0.79888, -0.06131, -0.59836][0.56714, 0.37867, 0][0.211232, 0.389663, -0.024807][0.79888, -0.06131, -0.59836][0.55604, 0.36851, 0][0.211232, 0.389663, -0.024807][0.86993, 0.09678, -0.48359][0.55604, 0.36851, 0][0.204222, 0.400407, -0.035267][0.86993, 0.09678, -0.48359][0.56714, 0.37867, 0][0.208202, 0.400424, -0.028104][0.86993, 0.09678, -0.48359][0.55982, 0.37846, 0][0.211732, 0.392894, -0.022377][0.96612, -0.23301, 0.11103][0.55397, 0.37132, 0][0.209072, 0.384488, -0.016872][0.96612, -0.23301, 0.11103][0.55186, 0.36265, 0][0.211232, 0.389663, -0.024807][0.96612, -0.23301, 0.11103][0.55604, 0.36851, 0][0.237892, 0.251396, -0.013248][0.82204, 0.03079, -0.56860][0.53615, 0.24283, 0][0.248862, 0.191761, -0.000618][0.82204, 0.03079, -0.56860][0.52284, 0.18948, 0][0.239602, 0.210843, -0.012972][0.82204, 0.03079, -0.56860][0.53610, 0.20659, 0][0.256102, 0.134671, 0.005198][0.83469, 0.04998, -0.54845][0.51641, 0.13927, 0][0.239602, 0.210843, -0.012972][0.83469, 0.04998, -0.54845][0.53610, 0.20659, 0][0.248862, 0.191761, -0.000618][0.83469, 0.04998, -0.54845][0.52284, 0.18948, 0][0.265792, 0.431366, 0.094995][0.77508, -0.50855, 0.37500][0.96561, 0.92011, 0][0.269162, 0.429194, 0.085084][0.77508, -0.50855, 0.37500][0.96898, 0.91794, 0][0.269162, 0.440931, 0.097245][0.84477, -0.38505, 0.37163][0.96898, 0.92966, 0][0.264002, 0.422443, 0.083362][0.68980, -0.62182, 0.37082][0.96382, 0.91120, 0][0.269162, 0.429194, 0.085084][0.77508, -0.50855, 0.37500][0.96898, 0.91794, 0][0.265792, 0.431366, 0.094995][0.77508, -0.50855, 0.37500][0.96561, 0.92011, 0][0.234682, -0.023657, 0.017357][0.77375, -0.34623, -0.53050][0.52602, 0.01844, 0][0.248032, -0.041278, 0.048329][0.77375, -0.34623, -0.53050][0.50046, 0.00706, 0][0.223922, -0.037943, 0.010987][0.77375, -0.34623, -0.53050][0.53619, 0.00989, 0][0.243312, -0.008546, 0.03577][0.77871, 0.25420, -0.57359][0.50955, 0.03107, 0][0.234682, -0.023657, 0.017357][0.77871, 0.25420, -0.57359][0.52602, 0.01844, 0][0.218152, -0.002942, 0.004096][0.77871, 0.25420, -0.57359][0.54266, 0.03721, 0][0.243312, -0.008546, 0.03577][0.78022, -0.02869, -0.62484][0.50955, 0.03107, 0][0.218152, -0.002942, 0.004096][0.78022, -0.02869, -0.62484][0.54266, 0.03721, 0][0.227592, 0.027107, 0.014504][0.78022, -0.02869, -0.62484][0.53031, 0.05963, 0][0.261782, 0.433942, 0.102026][0.68799, -0.46034, 0.56104][0.96161, 0.92268, 0][0.265792, 0.431366, 0.094995][0.68799, -0.46034, 0.56104][0.96561, 0.92011, 0][0.264002, 0.442593, 0.104239][0.75927, -0.33722, 0.55659][0.96382, 0.93132, 0][0.261782, 0.424579, 0.092325][0.60276, -0.57413, 0.55412][0.96161, 0.91333, 0][0.265792, 0.431366, 0.094995][0.68799, -0.46034, 0.56104][0.96561, 0.92011, 0][0.261782, 0.433942, 0.102026][0.68799, -0.46034, 0.56104][0.96161, 0.92268, 0][0.247512, 0.327002, 0.034973][0.82472, -0.05787, -0.56257][0.49604, 0.31003, 0][0.231252, 0.346049, 0.009177][0.82472, -0.05787, -0.56257][0.52227, 0.32768, 0][0.219452, 0.37799, -0.011407][0.82472, -0.05787, -0.56257][0.54228, 0.35741, 0][0.195312, 0.328308, -0.071653][0.71962, -0.04018, -0.69320][0.59988, 0.31381, 0][0.186852, 0.287239, -0.078055][0.71962, -0.04018, -0.69320][0.60942, 0.27631, 0][0.176822, 0.283956, -0.088277][0.71962, -0.04018, -0.69320][0.62194, 0.27353, 0][0.175922, 0.252755, -0.081378][0.73006, -0.16755, -0.66253][0.61747, 0.24591, 0][0.176822, 0.283956, -0.088277][0.73006, -0.16755, -0.66253][0.62194, 0.27353, 0][0.186852, 0.287239, -0.078055][0.73006, -0.16755, -0.66253][0.60942, 0.27631, 0][0.175922, 0.252755, -0.081378][0.73303, -0.16694, -0.65939][0.61747, 0.24591, 0][0.155172, 0.267264, -0.108119][0.73303, -0.16694, -0.65939][0.64679, 0.25917, 0][0.176822, 0.283956, -0.088277][0.73303, -0.16694, -0.65939][0.62194, 0.27353, 0][0.229912, 0.185538, 0.043004][0.80983, 0.28569, 0.51241][0.50684, 0.18955, 0][0.258242, 0.087052, 0.05314][0.80983, 0.28569, 0.51241][0.48701, 0.10542, 0][0.251042, 0.175757, 0.015063][0.80983, 0.28569, 0.51241][0.51180, 0.17647, 0][0.251042, 0.175757, 0.015063][0.81387, 0.24269, 0.52793][0.51180, 0.17647, 0][0.242782, 0.226899, 0.004179][0.81496, 0.24354, 0.52587][0.52227, 0.22124, 0][0.231562, 0.222017, 0.023828][0.81387, 0.24269, 0.52793][0.51652, 0.21874, 0][0.231562, 0.222017, 0.023828][0.81387, 0.24269, 0.52793][0.51652, 0.21874, 0][0.229912, 0.185538, 0.043004][0.81278, 0.24184, 0.53000][0.50684, 0.18955, 0][0.251042, 0.175757, 0.015063][0.81387, 0.24269, 0.52793][0.51180, 0.17647, 0][0.206912, 0.285727, 0.026501][0.81075, 0.23542, 0.53597][0.52722, 0.27364, 0][0.208752, 0.329048, 0.004689][0.81075, 0.23542, 0.53597][0.53895, 0.31143, 0][0.205252, 0.31031, 0.018214][0.81075, 0.23542, 0.53597][0.53270, 0.29460, 0][0.188082, 0.242664, -0.024539][0.95369, -0.07063, 0.29237][0.57149, 0.23770, 0][0.194032, 0.278403, -0.035314][0.95369, -0.07063, 0.29237][0.57510, 0.26800, 0][0.196362, 0.321931, -0.032399][0.95369, -0.07063, 0.29237][0.57101, 0.30625, 0][0.273842, 0.439427, 0.059205][0.86474, -0.27438, -0.42064][0.97365, 0.92816, 0][0.269162, 0.440931, 0.048603][0.86474, -0.27438, -0.42064][0.96898, 0.92966, 0][0.275852, 0.452667, 0.058536][0.89507, -0.15697, -0.41738][0.97566, 0.94138, 0][0.265792, 0.431366, 0.050853][0.82168, -0.38776, -0.41772][0.96561, 0.92011, 0][0.269162, 0.440931, 0.048603][0.86474, -0.27438, -0.42064][0.96898, 0.92966, 0][0.273842, 0.439427, 0.059205][0.86474, -0.27438, -0.42064][0.97365, 0.92816, 0][0.138912, 0.328394, -0.136779][0.64047, 0.50678, -0.57704][0.67602, 0.31421, 0][0.115682, 0.3477, -0.145607][0.64047, 0.50678, -0.57704][0.69188, 0.33059, 0][0.086708, 0.390591, -0.140097][0.64047, 0.50678, -0.57704][0.69776, 0.36499, 0][0.258952, 0.427313, 0.099193][0.70363, -0.51128, 0.49346][0.95878, 0.91606, 0][0.261782, 0.424579, 0.092325][0.70363, -0.51128, 0.49346][0.96161, 0.91333, 0][0.261782, 0.433942, 0.102026][0.70363, -0.51128, 0.49346][0.96161, 0.92268, 0][0.156672, 0.039829, -0.019274][0.91231, -0.12393, 0.39030][0.58650, 0.08294, 0][0.177502, 0.128929, -0.039672][0.91231, -0.12393, 0.39030][0.58882, 0.14450, 0][0.188132, 0.214866, -0.037232][0.91231, -0.12393, 0.39030][0.58059, 0.21387, 0][0.176502, 0.150142, -0.025641][0.91931, -0.09688, 0.38142][0.57964, 0.16301, 0][0.188132, 0.214866, -0.037232][0.91931, -0.09688, 0.38142][0.58059, 0.21387, 0][0.194032, 0.278403, -0.035314][0.91931, -0.09688, 0.38142][0.57510, 0.26800, 0][0.272302, 0.033605, 0.07698][0.92938, 0.34635, 0.12764][0.46642, 0.06287, 0][0.271102, 0.050246, 0.040561][0.92938, 0.34635, 0.12764][0.48780, 0.07005, 0][0.250912, 0.090267, 0.078975][0.92938, 0.34635, 0.12764][0.47654, 0.11320, 0][0.220842, 0.18908, 0.075326][0.75456, 0.35815, 0.54988][0.49314, 0.19543, 0][0.223292, 0.218837, 0.052583][0.75456, 0.35815, 0.54988][0.50392, 0.21793, 0][0.200392, 0.24832, 0.064804][0.75456, 0.35815, 0.54988][0.50898, 0.24341, 0][0.270542, 0.428308, 0.072924][0.83191, -0.53857, -0.13365][0.97035, 0.91705, 0][0.269162, 0.429194, 0.060764][0.83191, -0.53857, -0.13365][0.96898, 0.91794, 0][0.275852, 0.43878, 0.072924][0.88397, -0.44823, -0.13298][0.97566, 0.92751, 0][0.264002, 0.422443, 0.062486][0.77081, -0.62305, -0.13287][0.96382, 0.91120, 0][0.269162, 0.429194, 0.060764][0.83191, -0.53857, -0.13365][0.96898, 0.91794, 0][0.270542, 0.428308, 0.072924][0.83191, -0.53857, -0.13365][0.97035, 0.91705, 0][0.264862, 0.421615, 0.072924][0.75573, -0.64134, 0.13249][0.96468, 0.91037, 0][0.270542, 0.428308, 0.072924][0.83134, -0.53945, 0.13365][0.97035, 0.91705, 0][0.269162, 0.429194, 0.085084][0.83134, -0.53945, 0.13365][0.96898, 0.91794, 0][0.269162, 0.429194, 0.085084][0.83134, -0.53945, 0.13365][0.96898, 0.91794, 0][0.270542, 0.428308, 0.072924][0.83134, -0.53945, 0.13365][0.97035, 0.91705, 0][0.273842, 0.439427, 0.086643][0.89357, -0.42888, 0.13266][0.97365, 0.92816, 0][0.201882, 0.261556, 0.048005][0.79303, 0.44234, 0.41886][0.51762, 0.25377, 0][0.200392, 0.24832, 0.064804][0.79303, 0.44234, 0.41886][0.50898, 0.24341, 0][0.223292, 0.218837, 0.052583][0.79303, 0.44234, 0.41886][0.50392, 0.21793, 0][0.261782, 0.424579, 0.092325][0.75366, -0.57239, 0.32308][0.96161, 0.91333, 0][0.264002, 0.422443, 0.083362][0.75366, -0.57239, 0.32308][0.96382, 0.91120, 0][0.265792, 0.431366, 0.094995][0.75366, -0.57239, 0.32308][0.96561, 0.92011, 0][0.151662, -0.003062, -0.03214][0.85394, -0.13855, 0.50160][0.59743, 0.05057, 0][0.193752, 0.134224, -0.065874][0.85381, -0.14241, 0.50074][0.59912, 0.14297, 0][0.177502, 0.128929, -0.039672][0.85381, -0.14241, 0.50074][0.58882, 0.14450, 0][0.177502, 0.128929, -0.039672][0.85381, -0.14241, 0.50074][0.58882, 0.14450, 0][0.193752, 0.134224, -0.065874][0.85381, -0.14241, 0.50074][0.59912, 0.14297, 0][0.208032, 0.249574, -0.056509][0.85366, -0.14626, 0.49987][0.58337, 0.24193, 0][0.188082, 0.242664, -0.024539][0.73212, -0.12517, -0.66958][0.57149, 0.23770, 0][0.179412, 0.11509, -0.010171][0.73212, -0.12517, -0.66958][0.56884, 0.13639, 0][0.176442, 0.135908, -0.01731][0.73212, -0.12517, -0.66958][0.57448, 0.15249, 0][0.056683, 0.282718, -0.153226][0.70795, -0.04537, -0.70480][0.71634, 0.27391, 0][0.057148, 0.288529, -0.153133][0.70795, -0.04537, -0.70480][0.71619, 0.27859, 0][0.059197, 0.311289, -0.15254][0.70795, -0.04537, -0.70480][0.71538, 0.29709, 0][0.071009, 0.362896, -0.145376][0.74936, -0.00187, -0.66216][0.70675, 0.34017, 0][0.08187, 0.3641, -0.133088][0.74936, -0.00187, -0.66216][0.69374, 0.34124, 0][0.079454, 0.30235, -0.142748][0.74352, 0.07486, -0.66451][0.70151, 0.28988, 0][0.077109, 0.396745, -0.14245][0.75076, -0.07860, -0.65588][0.70282, 0.36935, 0][0.08187, 0.3641, -0.133088][0.74936, -0.00187, -0.66216][0.69374, 0.34124, 0][0.071009, 0.362896, -0.145376][0.74936, -0.00187, -0.66216][0.70675, 0.34017, 0][0.131982, 0.248715, -0.096357][0.71977, 0.23543, -0.65307][0.64753, 0.24426, 0][0.134652, 0.226899, -0.101279][0.71977, 0.23543, -0.65307][0.65015, 0.22578, 0][0.114702, 0.272146, -0.106955][0.71977, 0.23543, -0.65307][0.66204, 0.26427, 0][0.120352, 0.191486, -0.117429][0.70985, 0.13862, -0.69057][0.66767, 0.19711, 0][0.101571, 0.295989, -0.115348][0.70859, 0.14111, -0.69137][0.67316, 0.28425, 0][0.114702, 0.272146, -0.106955][0.70101, 0.13991, -0.69929][0.66204, 0.26427, 0][0.101571, 0.295989, -0.115348][0.70859, 0.14111, -0.69137][0.67316, 0.28425, 0][0.120352, 0.191486, -0.117429][0.70985, 0.13862, -0.69057][0.66767, 0.19711, 0][0.09305, 0.218115, -0.140493][0.71423, 0.13797, -0.68618][0.69473, 0.22029, 0][0.137802, 0.07366, -0.12224][0.71236, 0.13363, -0.68897][0.66466, 0.09822, 0][0.09305, 0.218115, -0.140493][0.71423, 0.13797, -0.68618][0.69473, 0.22029, 0][0.120352, 0.191486, -0.117429][0.70985, 0.13862, -0.69057][0.66767, 0.19711, 0][0.09305, 0.218115, -0.140493][0.78575, 0.11053, -0.60859][0.69473, 0.22029, 0][0.079454, 0.30235, -0.142748][0.78501, 0.08825, -0.61316][0.70151, 0.28988, 0][0.101571, 0.295989, -0.115348][0.78501, 0.08825, -0.61316][0.67316, 0.28425, 0][0.08187, 0.3641, -0.133088][0.78386, 0.06592, -0.61742][0.69374, 0.34124, 0][0.101571, 0.295989, -0.115348][0.78501, 0.08825, -0.61316][0.67316, 0.28425, 0][0.079454, 0.30235, -0.142748][0.78501, 0.08825, -0.61316][0.70151, 0.28988, 0][0.207952, 0.360885, -0.00192][0.63900, -0.52947, -0.55798][0.54294, 0.33991, 0][0.207962, 0.371835, -0.012299][0.63900, -0.52947, -0.55798][0.54966, 0.35058, 0][0.211432, 0.365028, -0.001866][0.63900, -0.52947, -0.55798][0.54081, 0.34393, 0][0.209072, 0.384488, -0.016872][0.86572, -0.23556, -0.44163][0.55186, 0.36265, 0][0.211432, 0.365028, -0.001866][0.86572, -0.23556, -0.44163][0.54081, 0.34393, 0][0.207962, 0.371835, -0.012299][0.86572, -0.23556, -0.44163][0.54966, 0.35058, 0][0.206912, 0.285727, 0.026501][0.65778, 0.41961, 0.62551][0.52722, 0.27364, 0][0.201882, 0.261556, 0.048005][0.65778, 0.41961, 0.62551][0.51762, 0.25377, 0][0.219862, 0.245156, 0.040099][0.65778, 0.41961, 0.62551][0.51260, 0.23944, 0][0.269162, 0.440931, 0.048603][0.75276, -0.24092, -0.61262][0.96898, 0.92966, 0][0.264002, 0.442593, 0.041609][0.75276, -0.24092, -0.61262][0.96382, 0.93132, 0][0.270542, 0.452667, 0.047685][0.78071, -0.13945, -0.60913][0.97035, 0.94138, 0][0.261782, 0.433942, 0.043822][0.71646, -0.33973, -0.60932][0.96161, 0.92268, 0][0.264002, 0.442593, 0.041609][0.75276, -0.24092, -0.61262][0.96382, 0.93132, 0][0.269162, 0.440931, 0.048603][0.75276, -0.24092, -0.61262][0.96898, 0.92966, 0][0.204532, 0.265149, 0.057315][0.74435, -0.43225, -0.50902][0.51050, 0.25665, 0][0.204132, 0.286792, 0.038351][0.74435, -0.43225, -0.50902][0.52144, 0.27441, 0][0.216392, 0.325575, 0.023345][0.74435, -0.43225, -0.50902][0.52259, 0.30791, 0][0.138912, 0.328394, -0.136779][0.73305, 0.66490, -0.14333][0.67602, 0.31421, 0][0.112232, 0.362501, -0.115013][0.73305, 0.66490, -0.14333][0.66911, 0.34120, 0][0.109702, 0.370409, -0.091268][0.73305, 0.66490, -0.14333][0.65230, 0.34598, 0][0.047327, 0.139518, -0.153712][0.81438, -0.04886, -0.57828][0.71782, 0.16317, 0][0.047278, 0.139364, -0.153768][0.81438, -0.04886, -0.57828][0.71788, 0.16306, 0][0.050194, 0.188701, -0.15383][0.81438, -0.04886, -0.57828][0.71764, 0.20024, 0][0.177502, 0.128929, -0.039672][0.78702, -0.11456, 0.60619][0.58882, 0.14450, 0][0.208032, 0.249574, -0.056509][0.78689, -0.11436, 0.60641][0.58337, 0.24193, 0][0.188132, 0.214866, -0.037232][0.78689, -0.11436, 0.60641][0.58059, 0.21387, 0][0.188132, 0.214866, -0.037232][0.78689, -0.11436, 0.60641][0.58059, 0.21387, 0][0.208032, 0.249574, -0.056509][0.78689, -0.11436, 0.60641][0.58337, 0.24193, 0][0.207362, 0.301319, -0.045902][0.78675, -0.11416, 0.60663][0.57510, 0.28853, 0][0.188132, 0.214866, -0.037232][0.70687, -0.08683, 0.70200][0.58059, 0.21387, 0][0.207362, 0.301319, -0.045902][0.70599, -0.08586, 0.70300][0.57510, 0.28853, 0][0.194032, 0.278403, -0.035314][0.70599, -0.08586, 0.70300][0.57510, 0.26800, 0][0.194032, 0.278403, -0.035314][0.70599, -0.08586, 0.70300][0.57510, 0.26800, 0][0.207362, 0.301319, -0.045902][0.70599, -0.08586, 0.70300][0.57510, 0.28853, 0][0.196362, 0.321931, -0.032399][0.70512, -0.08489, 0.70399][0.57101, 0.30625, 0][0.208772, 0.334428, -0.047119][0.76746, -0.00701, 0.64106][0.57456, 0.31891, 0][0.196362, 0.321931, -0.032399][0.76746, -0.00701, 0.64106][0.57101, 0.30625, 0][0.207362, 0.301319, -0.045902][0.76835, -0.00920, 0.63996][0.57510, 0.28853, 0][0.196362, 0.321931, -0.032399][0.76746, -0.00701, 0.64106][0.57101, 0.30625, 0][0.208772, 0.334428, -0.047119][0.76746, -0.00701, 0.64106][0.57456, 0.31891, 0][0.204912, 0.387101, -0.042115][0.76656, -0.00483, 0.64216][0.57198, 0.36708, 0][0.264862, 0.421615, 0.072924][0.75753, -0.64287, -0.11341][0.96468, 0.91037, 0][0.264002, 0.422443, 0.062486][0.75753, -0.64287, -0.11341][0.96382, 0.91120, 0][0.270542, 0.428308, 0.072924][0.75753, -0.64287, -0.11341][0.97035, 0.91705, 0][0.264002, 0.422443, 0.083362][0.77526, -0.62142, 0.11317][0.96382, 0.91120, 0][0.264862, 0.421615, 0.072924][0.77526, -0.62142, 0.11317][0.96468, 0.91037, 0][0.269162, 0.429194, 0.085084][0.77526, -0.62142, 0.11317][0.96898, 0.91794, 0][0.138912, 0.328394, -0.136779][0.76608, 0.63962, -0.06324][0.67602, 0.31421, 0][0.086708, 0.390591, -0.140097][0.76608, 0.63962, -0.06324][0.69776, 0.36499, 0][0.112232, 0.362501, -0.115013][0.76608, 0.63962, -0.06324][0.66911, 0.34120, 0][0.269162, 0.429194, 0.060764][0.77662, -0.50619, -0.37500][0.96898, 0.91794, 0][0.265792, 0.431366, 0.050853][0.77662, -0.50619, -0.37500][0.96561, 0.92011, 0][0.273842, 0.439427, 0.059205][0.82064, -0.43226, -0.37377][0.97365, 0.92816, 0][0.261782, 0.424579, 0.053523][0.72686, -0.57637, -0.37346][0.96161, 0.91333, 0][0.265792, 0.431366, 0.050853][0.77662, -0.50619, -0.37500][0.96561, 0.92011, 0][0.269162, 0.429194, 0.060764][0.77662, -0.50619, -0.37500][0.96898, 0.91794, 0][0.045635, 0.106512, -0.153681][0.88970, -0.04705, -0.45412][0.71792, 0.13880, 0][0.044169, 0.077614, -0.153559][0.88970, -0.04705, -0.45412][0.71793, 0.11781, 0][0.04503, 0.094908, -0.153664][0.88970, -0.04705, -0.45412][0.71795, 0.13034, 0][0.112232, 0.362501, -0.115013][0.72075, 0.69303, 0.01508][0.66911, 0.34120, 0][0.096168, 0.379348, -0.121473][0.72075, 0.69303, 0.01508][0.67998, 0.35469, 0][0.100372, 0.374707, -0.109117][0.72075, 0.69303, 0.01508][0.66908, 0.35014, 0][0.248032, -0.041278, 0.048329][0.92731, 0.29284, -0.23310][0.50046, 0.00706, 0][0.234682, -0.023657, 0.017357][0.92731, 0.29284, -0.23310][0.52602, 0.01844, 0][0.252422, -0.041931, 0.064973][0.92731, 0.29284, -0.23310][0.48835, 0.00871, 0][0.112232, 0.362501, -0.115013][0.71232, 0.69980, 0.05371][0.66911, 0.34120, 0][0.091608, 0.384849, -0.132672][0.71232, 0.69980, 0.05371][0.69025, 0.35991, 0][0.096168, 0.379348, -0.121473][0.71232, 0.69980, 0.05371][0.67998, 0.35469, 0][0.265792, 0.431366, 0.050853][0.69217, -0.45396, -0.56109][0.96561, 0.92011, 0][0.261782, 0.433942, 0.043822][0.69217, -0.45396, -0.56109][0.96161, 0.92268, 0][0.269162, 0.440931, 0.048603][0.73142, -0.38939, -0.55982][0.96898, 0.92966, 0][0.258952, 0.427313, 0.046654][0.64897, -0.51593, -0.55915][0.95878, 0.91606, 0][0.261782, 0.433942, 0.043822][0.69217, -0.45396, -0.56109][0.96161, 0.92268, 0][0.265792, 0.431366, 0.050853][0.69217, -0.45396, -0.56109][0.96561, 0.92011, 0][0.264002, 0.422443, 0.062486][0.70964, -0.62524, -0.32477][0.96382, 0.91120, 0][0.261782, 0.424579, 0.053523][0.70964, -0.62524, -0.32477][0.96161, 0.91333, 0][0.269162, 0.429194, 0.060764][0.70964, -0.62524, -0.32477][0.96898, 0.91794, 0][0.261782, 0.424579, 0.053523][0.64743, -0.57796, -0.49678][0.96161, 0.91333, 0][0.258952, 0.427313, 0.046654][0.64743, -0.57796, -0.49678][0.95878, 0.91606, 0][0.265792, 0.431366, 0.050853][0.64743, -0.57796, -0.49678][0.96561, 0.92011, 0][0.120692, 0.287807, -0.11064][0.70984, 0.45794, 0.53518][0.66252, 0.27738, 0][0.111772, 0.342233, -0.14538][0.70984, 0.45794, 0.53518][0.69304, 0.32544, 0][0.08908, 0.363137, -0.133169][0.70984, 0.45794, 0.53518][0.69137, 0.34104, 0][-0.198206, 0.47397, 0.094995][0.64758, 0.57763, 0.49697][0.96557, 0.96384, 0][-0.20221, 0.480756, 0.092325][0.64758, 0.57763, 0.49697][0.96158, 0.97062, 0][-0.205042, 0.478022, 0.099193][0.64758, 0.57763, 0.49697][0.95875, 0.96789, 0][0.077109, 0.396745, -0.14245][0.69552, 0.41057, 0.58964][0.70282, 0.36935, 0][0.08908, 0.363137, -0.133169][0.69552, 0.41057, 0.58964][0.69137, 0.34104, 0][0.111772, 0.342233, -0.14538][0.69552, 0.41057, 0.58964][0.69304, 0.32544, 0][-0.001812, 0.390257, -0.16499][1.00000, 0.00000, 0.00000][0.37961, 0.95920, 0][-0.001812, 0.406901, -0.132977][1.00000, 0.00000, 0.00000][0.35106, 0.97403, 0][-0.001812, 0.391022, -0.13061][1.00000, 0.00000, 0.00000][0.34895, 0.95987, 0][-0.194831, 0.476141, 0.085084][0.70951, 0.62565, 0.32428][0.96895, 0.96601, 0][-0.199997, 0.482892, 0.083362][0.70951, 0.62565, 0.32428][0.96379, 0.97275, 0][-0.20221, 0.480756, 0.092325][0.70951, 0.62565, 0.32428][0.96158, 0.97062, 0][-0.20221, 0.471393, 0.102026][0.69231, 0.45420, 0.56073][0.96158, 0.96127, 0][-0.198206, 0.47397, 0.094995][0.69231, 0.45420, 0.56073][0.96557, 0.96384, 0][-0.205042, 0.478022, 0.099193][0.64910, 0.51613, 0.55882][0.95875, 0.96789, 0][-0.194831, 0.464404, 0.097245][0.73156, 0.38969, 0.55943][0.96895, 0.95429, 0][-0.198206, 0.47397, 0.094995][0.69231, 0.45420, 0.56073][0.96557, 0.96384, 0][-0.20221, 0.471393, 0.102026][0.69231, 0.45420, 0.56073][0.96158, 0.96127, 0][-0.198206, 0.47397, 0.094995][0.77670, 0.50585, 0.37530][0.96557, 0.96384, 0][-0.194831, 0.476141, 0.085084][0.77670, 0.50585, 0.37530][0.96895, 0.96601, 0][-0.20221, 0.480756, 0.092325][0.72700, 0.57601, 0.37374][0.96158, 0.97062, 0][-0.190156, 0.465909, 0.086643][0.82066, 0.43196, 0.37408][0.97361, 0.95579, 0][-0.194831, 0.476141, 0.085084][0.77670, 0.50585, 0.37530][0.96895, 0.96601, 0][-0.198206, 0.47397, 0.094995][0.77670, 0.50585, 0.37530][0.96557, 0.96384, 0][-0.194831, 0.476141, 0.060764][0.77493, 0.62184, -0.11310][0.96895, 0.96601, 0][-0.199997, 0.482892, 0.062486][0.77493, 0.62184, -0.11310][0.96379, 0.97275, 0][-0.199138, 0.48372, 0.072924][0.77493, 0.62184, -0.11310][0.96465, 0.97358, 0][-0.193454, 0.477027, 0.072924][0.75731, 0.64314, 0.11334][0.97032, 0.96689, 0][-0.199138, 0.48372, 0.072924][0.75731, 0.64314, 0.11334][0.96465, 0.97358, 0][-0.199997, 0.482892, 0.083362][0.75731, 0.64314, 0.11334][0.96379, 0.97275, 0][-0.199997, 0.462742, 0.104239][0.75255, 0.24056, 0.61302][0.96379, 0.95263, 0][-0.194831, 0.464404, 0.097245][0.75255, 0.24056, 0.61302][0.96895, 0.95429, 0][-0.20221, 0.471393, 0.102026][0.71635, 0.33922, 0.60973][0.96158, 0.96127, 0][-0.193454, 0.452667, 0.098163][0.78043, 0.13924, 0.60954][0.97032, 0.94257, 0][-0.194831, 0.464404, 0.097245][0.75255, 0.24056, 0.61302][0.96895, 0.95429, 0][-0.199997, 0.462742, 0.104239][0.75255, 0.24056, 0.61302][0.96379, 0.95263, 0][-0.044407, 0.143579, -0.158136][0.99592, 0.06190, 0.06565][0.73062, 0.15895, 0][-0.045122, 0.155372, -0.158408][0.99592, 0.06190, 0.06565][0.73050, 0.16832, 0][-0.045869, 0.167526, -0.158535][0.99592, 0.06190, 0.06565][0.73049, 0.17806, 0][-0.198206, 0.47397, 0.050853][0.75424, 0.57193, -0.32252][0.96557, 0.96384, 0][-0.20221, 0.480756, 0.053523][0.75424, 0.57193, -0.32252][0.96158, 0.97062, 0][-0.199997, 0.482892, 0.062486][0.75424, 0.57193, -0.32252][0.96379, 0.97275, 0][-0.193454, 0.477027, 0.072924][0.83138, 0.53945, -0.13345][0.97032, 0.96689, 0][-0.194831, 0.476141, 0.060764][0.83138, 0.53945, -0.13345][0.96895, 0.96601, 0][-0.199138, 0.48372, 0.072924][0.75552, 0.64162, -0.13231][0.96465, 0.97358, 0][-0.190156, 0.465909, 0.059205][0.89376, 0.42854, -0.13243][0.97361, 0.95579, 0][-0.194831, 0.476141, 0.060764][0.83138, 0.53945, -0.13345][0.96895, 0.96601, 0][-0.193454, 0.477027, 0.072924][0.83138, 0.53945, -0.13345][0.97032, 0.96689, 0][-0.188147, 0.466555, 0.072924][0.88410, 0.44804, 0.13276][0.97562, 0.95644, 0][-0.193454, 0.477027, 0.072924][0.83186, 0.53870, 0.13345][0.97032, 0.96689, 0][-0.194831, 0.476141, 0.085084][0.83186, 0.53870, 0.13345][0.96895, 0.96601, 0][-0.194831, 0.476141, 0.085084][0.83186, 0.53870, 0.13345][0.96895, 0.96601, 0][-0.193454, 0.477027, 0.072924][0.83186, 0.53870, 0.13345][0.97032, 0.96689, 0][-0.199997, 0.482892, 0.083362][0.77052, 0.62346, 0.13268][0.96379, 0.97275, 0][-0.20221, 0.471393, 0.043822][0.70346, 0.51139, -0.49357][0.96158, 0.96127, 0][-0.205042, 0.478022, 0.046654][0.70346, 0.51139, -0.49357][0.95875, 0.96789, 0][-0.20221, 0.480756, 0.053523][0.70346, 0.51139, -0.49357][0.96158, 0.97062, 0][-0.187786, 0.369037, -0.060552][0.74681, 0.47504, -0.46542][0.87339, 0.35165, 0][-0.189359, 0.350901, -0.081587][0.74681, 0.47504, -0.46542][0.86263, 0.33589, 0][-0.19916, 0.392485, -0.05487][0.74681, 0.47504, -0.46542][0.88471, 0.37367, 0][-0.194831, 0.464404, 0.097245][0.86485, 0.27451, 0.42033][0.96895, 0.95429, 0][-0.190156, 0.465909, 0.086643][0.86485, 0.27451, 0.42033][0.97361, 0.95579, 0][-0.198206, 0.47397, 0.094995][0.82168, 0.38808, 0.41741][0.96557, 0.96384, 0][-0.188147, 0.452667, 0.087312][0.89525, 0.15689, 0.41703][0.97562, 0.94257, 0][-0.190156, 0.465909, 0.086643][0.86485, 0.27451, 0.42033][0.97361, 0.95579, 0][-0.194831, 0.464404, 0.097245][0.86485, 0.27451, 0.42033][0.96895, 0.95429, 0][-0.045869, 0.167526, -0.158535][0.97165, 0.06312, 0.22784][0.73049, 0.17806, 0][-0.049373, 0.222107, -0.158712][0.97165, 0.06312, 0.22784][0.73077, 0.22269, 0][-0.044407, 0.143579, -0.158136][0.97165, 0.06312, 0.22784][0.73062, 0.15895, 0][-0.194831, 0.476141, 0.060764][0.77470, 0.50891, -0.37529][0.96895, 0.96601, 0][-0.198206, 0.47397, 0.050853][0.77470, 0.50891, -0.37529][0.96557, 0.96384, 0][-0.199997, 0.482892, 0.062486][0.68938, 0.62217, -0.37104][0.96379, 0.97275, 0][-0.194831, 0.464404, 0.048603][0.84444, 0.38542, -0.37198][0.96895, 0.95429, 0][-0.198206, 0.47397, 0.050853][0.77470, 0.50891, -0.37529][0.96557, 0.96384, 0][-0.194831, 0.476141, 0.060764][0.77470, 0.50891, -0.37529][0.96895, 0.96601, 0][-0.198206, 0.47397, 0.050853][0.68855, 0.45992, -0.56069][0.96557, 0.96384, 0][-0.20221, 0.471393, 0.043822][0.68855, 0.45992, -0.56069][0.96158, 0.96127, 0][-0.20221, 0.480756, 0.053523][0.60325, 0.57386, -0.55387][0.96158, 0.97062, 0][-0.199997, 0.462742, 0.041609][0.75987, 0.33664, -0.55612][0.96379, 0.95263, 0][-0.20221, 0.471393, 0.043822][0.68855, 0.45992, -0.56069][0.96158, 0.96127, 0][-0.198206, 0.47397, 0.050853][0.68855, 0.45992, -0.56069][0.96557, 0.96384, 0][-0.189359, 0.350901, -0.081587][0.81790, 0.40410, -0.40957][0.86263, 0.33589, 0][-0.187786, 0.369037, -0.060552][0.81790, 0.40410, -0.40957][0.87339, 0.35165, 0][-0.176562, 0.336185, -0.070551][0.81790, 0.40410, -0.40957][0.85998, 0.32170, 0][-0.044407, 0.143579, -0.158136][0.91244, 0.05763, 0.40513][0.73062, 0.15895, 0][-0.040267, 0.068644, -0.156801][0.91244, 0.05763, 0.40513][0.73127, 0.10081, 0][-0.041681, 0.095187, -0.157392][0.91244, 0.05763, 0.40513][0.73094, 0.12111, 0][-0.176562, 0.336185, -0.070551][0.81632, 0.51754, -0.25646][0.85998, 0.32170, 0][-0.169298, 0.309041, -0.102206][0.81632, 0.51754, -0.25646][0.83693, 0.29733, 0][-0.189359, 0.350901, -0.081587][0.81632, 0.51754, -0.25646][0.86263, 0.33589, 0][-0.186498, 0.338971, -0.098154][0.83203, 0.50824, -0.22230][0.85104, 0.32520, 0][-0.189359, 0.350901, -0.081587][0.83203, 0.50824, -0.22230][0.86263, 0.33589, 0][-0.169298, 0.309041, -0.102206][0.83203, 0.50824, -0.22230][0.83693, 0.29733, 0][-0.199997, 0.442593, 0.104239][0.74757, -0.25578, 0.61296][0.96379, 0.93251, 0][-0.194831, 0.440931, 0.097245][0.74757, -0.25578, 0.61296][0.96895, 0.93085, 0][-0.199138, 0.452667, 0.105097][0.78499, -0.11872, 0.60803][0.96465, 0.94257, 0][-0.198206, 0.431366, 0.094995][0.69504, -0.38768, 0.60550][0.96557, 0.92129, 0][-0.194831, 0.440931, 0.097245][0.74757, -0.25578, 0.61296][0.96895, 0.93085, 0][-0.199997, 0.442593, 0.104239][0.74757, -0.25578, 0.61296][0.96379, 0.93251, 0][-0.226468, 0.190166, 0.062158][0.86648, -0.34935, 0.35661][0.95597, 0.20233, 0][-0.215419, 0.204452, 0.049307][0.86648, -0.34935, 0.35661][0.94338, 0.21325, 0][-0.207551, 0.249406, 0.074229][0.86648, -0.34935, 0.35661][0.94973, 0.25023, 0][-0.215419, 0.204452, 0.049307][0.84715, -0.22020, 0.48358][0.94338, 0.21325, 0][-0.226468, 0.190166, 0.062158][0.84715, -0.22020, 0.48358][0.95597, 0.20233, 0][-0.243917, 0.129569, 0.065133][0.84715, -0.22020, 0.48358][0.96752, 0.15430, 0][-0.214977, 0.290337, 0.02666][0.69647, 0.34892, 0.62704][0.93486, 0.28189, 0][-0.207791, 0.302371, 0.011982][0.69647, 0.34892, 0.62704][0.92332, 0.29188, 0][-0.216225, 0.328982, 0.006542][0.69647, 0.34892, 0.62704][0.92714, 0.31474, 0][-0.060864, 0.361473, -0.153438][0.81821, -0.11741, 0.56280][0.73679, 0.34325, 0][-0.084351, 0.308697, -0.130302][0.82302, -0.11492, 0.55626][0.76653, 0.29663, 0][-0.081079, 0.266906, -0.143777][0.82302, -0.11492, 0.55626][0.75699, 0.26019, 0][-0.100222, 0.262488, -0.115853][0.82777, -0.11243, 0.54968][0.78557, 0.25687, 0][-0.081079, 0.266906, -0.143777][0.82302, -0.11492, 0.55626][0.75699, 0.26019, 0][-0.084351, 0.308697, -0.130302][0.82302, -0.11492, 0.55626][0.76653, 0.29663, 0][-0.11739, 0.162884, -0.127635][0.82215, -0.20455, 0.53125][0.79015, 0.17105, 0][-0.081079, 0.266906, -0.143777][0.82215, -0.20455, 0.53125][0.75699, 0.26019, 0][-0.100222, 0.262488, -0.115853][0.82215, -0.20455, 0.53125][0.78557, 0.25687, 0][-0.194831, 0.464404, 0.048603][0.74757, 0.25576, -0.61296][0.96895, 0.95429, 0][-0.199997, 0.462742, 0.041609][0.74757, 0.25576, -0.61296][0.96379, 0.95263, 0][-0.198206, 0.47397, 0.050853][0.69505, 0.38764, -0.60550][0.96557, 0.96384, 0][-0.199138, 0.452667, 0.040751][0.78499, 0.11871, -0.60803][0.96465, 0.94257, 0][-0.199997, 0.462742, 0.041609][0.74757, 0.25576, -0.61296][0.96379, 0.95263, 0][-0.194831, 0.464404, 0.048603][0.74757, 0.25576, -0.61296][0.96895, 0.95429, 0][-0.211417, 0.253223, 0.012293][0.67304, -0.30736, -0.67272][0.92506, 0.25073, 0][-0.234606, 0.260907, -0.014418][0.67304, -0.30736, -0.67272][0.92884, 0.25548, 0][-0.211739, 0.271702, 0.003528][0.67304, -0.30736, -0.67272][0.92150, 0.26584, 0][-0.20221, 0.433942, 0.102026][0.68861, -0.45989, 0.56064][0.96158, 0.92387, 0][-0.198206, 0.431366, 0.094995][0.68861, -0.45989, 0.56064][0.96557, 0.92129, 0][-0.199997, 0.442593, 0.104239][0.75990, -0.33664, 0.55608][0.96379, 0.93251, 0][-0.20221, 0.424579, 0.092325][0.60334, -0.57381, 0.55382][0.96158, 0.91451, 0][-0.198206, 0.431366, 0.094995][0.68861, -0.45989, 0.56064][0.96557, 0.92129, 0][-0.20221, 0.433942, 0.102026][0.68861, -0.45989, 0.56064][0.96158, 0.92387, 0][-0.190156, 0.465909, 0.059205][0.86071, 0.28724, -0.42031][0.97361, 0.95579, 0][-0.194831, 0.464404, 0.048603][0.86071, 0.28724, -0.42031][0.96895, 0.95429, 0][-0.194831, 0.476141, 0.060764][0.80213, 0.42968, -0.41470][0.96895, 0.96601, 0][-0.193454, 0.452667, 0.047685][0.89886, 0.13799, -0.41594][0.97032, 0.94257, 0][-0.194831, 0.464404, 0.048603][0.86071, 0.28724, -0.42031][0.96895, 0.95429, 0][-0.190156, 0.465909, 0.059205][0.86071, 0.28724, -0.42031][0.97361, 0.95579, 0][-0.244036, 0.19106, 0.001138][0.69636, -0.24431, -0.67483][0.94142, 0.19671, 0][-0.234606, 0.260907, -0.014418][0.69636, -0.24431, -0.67483][0.92884, 0.25548, 0][-0.211417, 0.253223, 0.012293][0.69636, -0.24431, -0.67483][0.92506, 0.25073, 0][-0.136804, 0.342236, -0.135656][0.72785, -0.66002, 0.18601][0.79482, 0.32781, 0][-0.108126, 0.372682, -0.13984][0.72785, -0.66002, 0.18601][0.77354, 0.35506, 0][-0.117351, 0.374023, -0.098984][0.72785, -0.66002, 0.18601][0.80476, 0.35459, 0][-0.247611, 0.327418, 0.023978][0.69799, 0.53868, 0.47184][0.95783, 0.31369, 0][-0.258519, 0.319493, 0.049162][0.69799, 0.53868, 0.47184][0.97675, 0.30671, 0][-0.222582, 0.274797, 0.047028][0.69799, 0.53868, 0.47184][0.94888, 0.26934, 0][-0.20843, 0.271634, 0.030005][0.73702, 0.41132, 0.53629][0.93150, 0.26657, 0][-0.222582, 0.274797, 0.047028][0.73702, 0.41132, 0.53629][0.94888, 0.26934, 0][-0.205113, 0.252827, 0.039871][0.73702, 0.41132, 0.53629][0.93332, 0.25169, 0][-0.214977, 0.290337, 0.02666][0.74889, 0.36149, 0.55542][0.93486, 0.28189, 0][-0.222582, 0.274797, 0.047028][0.74889, 0.36149, 0.55542][0.94888, 0.26934, 0][-0.20843, 0.271634, 0.030005][0.74889, 0.36149, 0.55542][0.93150, 0.26657, 0][-0.117351, 0.374023, -0.098984][0.68839, -0.68762, 0.23086][0.80476, 0.35459, 0][-0.124, 0.37153, -0.086583][0.68839, -0.68762, 0.23086][0.81632, 0.35206, 0][-0.136804, 0.342236, -0.135656][0.68839, -0.68762, 0.23086][0.79482, 0.32781, 0][-0.110159, 0.378527, -0.115585][0.80930, -0.55199, 0.20085][0.79009, 0.35919, 0][-0.117351, 0.374023, -0.098984][0.80930, -0.55199, 0.20085][0.80476, 0.35459, 0][-0.108126, 0.372682, -0.13984][0.80930, -0.55199, 0.20085][0.77354, 0.35506, 0][-0.100704, 0.384372, -0.131395][0.74717, -0.62915, 0.21424][0.77420, 0.36493, 0][-0.110159, 0.378527, -0.115585][0.74717, -0.62915, 0.21424][0.79009, 0.35919, 0][-0.108126, 0.372682, -0.13984][0.74717, -0.62915, 0.21424][0.77354, 0.35506, 0][-0.211417, 0.253223, 0.012293][0.74315, -0.28098, -0.60727][0.92506, 0.25073, 0][-0.221142, 0.203352, 0.023467][0.74315, -0.28098, -0.60727][0.93585, 0.21016, 0][-0.244036, 0.19106, 0.001138][0.74315, -0.28098, -0.60727][0.94142, 0.19671, 0][-0.19916, 0.392485, -0.05487][0.90322, 0.40116, 0.15255][0.88471, 0.37367, 0][-0.202393, 0.397368, -0.048569][0.90322, 0.40116, 0.15255][0.89047, 0.37799, 0][-0.187786, 0.369037, -0.060552][0.90322, 0.40116, 0.15255][0.87339, 0.35165, 0][-0.169298, 0.309041, -0.102206][0.96822, 0.23763, -0.07794][0.83693, 0.29733, 0][-0.163927, 0.293466, -0.082971][0.96822, 0.23763, -0.07794][0.84448, 0.28348, 0][-0.158628, 0.272476, -0.081139][0.96822, 0.23763, -0.07794][0.84206, 0.26518, 0][-0.197945, 0.197558, -0.073341][0.94271, 0.09094, -0.32099][0.87230, 0.19898, 0][-0.20212, 0.246862, -0.071634][0.94271, 0.09094, -0.32099][0.87642, 0.24178, 0][-0.204149, 0.292486, -0.064667][0.94271, 0.09094, -0.32099][0.88198, 0.28257, 0][-0.204149, 0.292486, -0.064667][0.85797, 0.10208, -0.50345][0.88198, 0.28257, 0][-0.181205, 0.158312, -0.05277][0.85797, 0.10208, -0.50345][0.87177, 0.16961, 0][-0.197945, 0.197558, -0.073341][0.85797, 0.10208, -0.50345][0.87230, 0.19898, 0][-0.204149, 0.292486, -0.064667][0.91607, 0.12280, -0.38176][0.88198, 0.28257, 0][-0.188651, 0.228003, -0.04822][0.91607, 0.12280, -0.38176][0.87953, 0.22744, 0][-0.181205, 0.158312, -0.05277][0.91607, 0.12280, -0.38176][0.87177, 0.16961, 0][-0.188651, 0.228003, -0.04822][0.86273, 0.08000, -0.49929][0.87953, 0.22744, 0][-0.204149, 0.292486, -0.064667][0.86273, 0.08000, -0.49929][0.88198, 0.28257, 0][-0.204673, 0.317671, -0.061537][0.86273, 0.08000, -0.49929][0.88428, 0.30532, 0][-0.204549, 0.372475, -0.05313][0.90755, 0.06167, -0.41538][0.88929, 0.35530, 0][-0.197846, 0.313339, -0.047264][0.90854, 0.08209, -0.40965][0.88707, 0.30129, 0][-0.204673, 0.317671, -0.061537][0.90854, 0.08209, -0.40965][0.88428, 0.30532, 0][-0.204673, 0.317671, -0.061537][0.90854, 0.08209, -0.40965][0.88428, 0.30532, 0][-0.197846, 0.313339, -0.047264][0.90854, 0.08209, -0.40965][0.88707, 0.30129, 0][-0.188651, 0.228003, -0.04822][0.90912, 0.10248, -0.40374][0.87953, 0.22744, 0][-0.205042, 0.427313, 0.099193][0.70338, -0.51146, 0.49364][0.95875, 0.91724, 0][-0.20221, 0.424579, 0.092325][0.70338, -0.51146, 0.49364][0.96158, 0.91451, 0][-0.20221, 0.433942, 0.102026][0.70338, -0.51146, 0.49364][0.96158, 0.92387, 0][-0.163927, 0.293466, -0.082971][0.95602, 0.29170, -0.03075][0.84448, 0.28348, 0][-0.169298, 0.309041, -0.102206][0.95602, 0.29170, -0.03075][0.83693, 0.29733, 0][-0.176562, 0.336185, -0.070551][0.95602, 0.29170, -0.03075][0.85998, 0.32170, 0][-0.258519, 0.319493, 0.049162][0.72357, 0.56268, 0.39980][0.97675, 0.30671, 0][-0.210014, 0.252861, 0.055155][0.72357, 0.56268, 0.39980][0.94333, 0.25216, 0][-0.222582, 0.274797, 0.047028][0.72357, 0.56268, 0.39980][0.94888, 0.26934, 0][-0.255838, 0.091353, 0.055187][0.93513, -0.32712, 0.13608][0.97061, 0.12236, 0][-0.215419, 0.204452, 0.049307][0.93513, -0.32712, 0.13608][0.94338, 0.21325, 0][-0.243917, 0.129569, 0.065133][0.93513, -0.32712, 0.13608][0.96752, 0.15430, 0][-0.232413, 0.366167, -0.002396][0.85241, -0.38812, 0.35036][0.93528, 0.34837, 0][-0.222578, 0.377117, -0.014194][0.85241, -0.38812, 0.35036][0.92253, 0.35838, 0][-0.223534, 0.381776, -0.006707][0.85241, -0.38812, 0.35036][0.92702, 0.36222, 0][-0.216238, 0.388755, -0.023888][0.92142, -0.26605, 0.28321][0.91325, 0.36922, 0][-0.223534, 0.381776, -0.006707][0.92142, -0.26605, 0.28321][0.92702, 0.36222, 0][-0.222578, 0.377117, -0.014194][0.92142, -0.26605, 0.28321][0.92253, 0.35838, 0][-0.222578, 0.377117, -0.014194][0.85506, -0.03487, 0.51735][0.92253, 0.35838, 0][-0.210959, 0.39405, -0.032256][0.85506, -0.03487, 0.51735][0.90521, 0.37431, 0][-0.216238, 0.388755, -0.023888][0.85506, -0.03487, 0.51735][0.91325, 0.36922, 0][-0.187786, 0.369037, -0.060552][0.89863, 0.35335, 0.26001][0.87339, 0.35165, 0][-0.202393, 0.397368, -0.048569][0.89863, 0.35335, 0.26001][0.89047, 0.37799, 0][-0.193004, 0.377392, -0.053872][0.89863, 0.35335, 0.26001][0.88075, 0.35924, 0][-0.197945, 0.197558, -0.073341][0.89655, 0.14991, -0.41680][0.87230, 0.19898, 0][-0.166694, 0.065791, -0.053511][0.89655, 0.14991, -0.41680][0.86170, 0.09764, 0][-0.194758, 0.149699, -0.083699][0.89655, 0.14991, -0.41680][0.86429, 0.15738, 0][-0.166694, 0.065791, -0.053511][0.88294, 0.14206, -0.44747][0.86170, 0.09764, 0][-0.197945, 0.197558, -0.073341][0.88294, 0.14206, -0.44747][0.87230, 0.19898, 0][-0.181205, 0.158312, -0.05277][0.88294, 0.14206, -0.44747][0.87177, 0.16961, 0][-0.277319, 0.034692, 0.054417][0.93501, -0.35425, -0.01639][0.98362, 0.07598, 0][-0.267469, 0.061562, 0.035565][0.93501, -0.35425, -0.01639][0.96978, 0.09471, 0][-0.255838, 0.091353, 0.055187][0.93501, -0.35425, -0.01639][0.97061, 0.12236, 0][-0.222682, 0.319665, -0.022537][0.76372, -0.26085, -0.59051][0.91739, 0.30702, 0][-0.219854, 0.346225, -0.030612][0.77467, -0.19701, -0.60090][0.91173, 0.33095, 0][-0.207189, 0.346895, -0.014528][0.77199, -0.21260, -0.59903][0.91082, 0.33066, 0][-0.207189, 0.346895, -0.014528][0.77199, -0.21260, -0.59903][0.91082, 0.33066, 0][-0.219854, 0.346225, -0.030612][0.77467, -0.19701, -0.60090][0.91173, 0.33095, 0][-0.208028, 0.363364, -0.020057][0.77889, -0.16478, -0.60512][0.90890, 0.34555, 0][-0.210959, 0.39405, -0.032256][0.77943, -0.16574, -0.60417][0.90521, 0.37431, 0][-0.208028, 0.363364, -0.020057][0.77889, -0.16478, -0.60512][0.90890, 0.34555, 0][-0.219854, 0.346225, -0.030612][0.77467, -0.19701, -0.60090][0.91173, 0.33095, 0][-0.221142, 0.203352, 0.023467][0.82618, -0.30847, -0.47145][0.93585, 0.21016, 0][-0.248726, 0.123689, 0.027251][0.82618, -0.30847, -0.47145][0.95477, 0.14451, 0][-0.255166, 0.148943, -0.000558][0.82618, -0.30847, -0.47145][0.94761, 0.16069, 0][-0.244036, 0.19106, 0.001138][0.73292, -0.16713, -0.65946][0.94142, 0.19671, 0][-0.221142, 0.203352, 0.023467][0.73292, -0.16713, -0.65946][0.93585, 0.21016, 0][-0.255166, 0.148943, -0.000558][0.73292, -0.16713, -0.65946][0.94761, 0.16069, 0][-0.207791, 0.302371, 0.011982][0.82774, 0.16125, 0.53744][0.92332, 0.29188, 0][-0.214977, 0.290337, 0.02666][0.82774, 0.16125, 0.53744][0.93486, 0.28189, 0][-0.20555, 0.283891, 0.014075][0.82774, 0.16125, 0.53744][0.92243, 0.27640, 0][-0.194831, 0.440931, 0.097245][0.86073, -0.28723, 0.42029][0.96895, 0.93085, 0][-0.190156, 0.439427, 0.086643][0.86073, -0.28723, 0.42029][0.97361, 0.92934, 0][-0.193454, 0.452667, 0.098163][0.89886, -0.13800, 0.41593][0.97032, 0.94257, 0][-0.194831, 0.429194, 0.085084][0.80216, -0.42965, 0.41467][0.96895, 0.91912, 0][-0.190156, 0.439427, 0.086643][0.86073, -0.28723, 0.42029][0.97361, 0.92934, 0][-0.194831, 0.440931, 0.097245][0.86073, -0.28723, 0.42029][0.96895, 0.93085, 0][-0.100222, 0.262488, -0.115853][0.76206, -0.20404, 0.61451][0.78557, 0.25687, 0][-0.109726, 0.24889, -0.108582][0.76206, -0.20404, 0.61451][0.79578, 0.24530, 0][-0.11739, 0.162884, -0.127635][0.76206, -0.20404, 0.61451][0.79015, 0.17105, 0][-0.2189, 0.19443, 0.036655][0.93909, -0.34339, 0.01363][0.94000, 0.20418, 0][-0.215419, 0.204452, 0.049307][0.93909, -0.34339, 0.01363][0.94338, 0.21325, 0][-0.267469, 0.061562, 0.035565][0.93909, -0.34339, 0.01363][0.96978, 0.09471, 0][-0.215419, 0.204452, 0.049307][0.94005, -0.33822, -0.04371][0.94338, 0.21325, 0][-0.255838, 0.091353, 0.055187][0.94005, -0.33822, -0.04371][0.97061, 0.12236, 0][-0.267469, 0.061562, 0.035565][0.94005, -0.33822, -0.04371][0.96978, 0.09471, 0][-0.267469, 0.061562, 0.035565][0.86611, -0.31341, -0.38940][0.96978, 0.09471, 0][-0.248726, 0.123689, 0.027251][0.86611, -0.31341, -0.38940][0.95477, 0.14451, 0][-0.2189, 0.19443, 0.036655][0.86611, -0.31341, -0.38940][0.94000, 0.20418, 0][-0.221142, 0.203352, 0.023467][0.87421, -0.32005, -0.36514][0.93585, 0.21016, 0][-0.2189, 0.19443, 0.036655][0.87421, -0.32005, -0.36514][0.94000, 0.20418, 0][-0.248726, 0.123689, 0.027251][0.87421, -0.32005, -0.36514][0.95477, 0.14451, 0][-0.20843, 0.271634, 0.030005][0.82505, 0.36583, 0.43064][0.93150, 0.26657, 0][-0.20555, 0.283891, 0.014075][0.82505, 0.36583, 0.43064][0.92243, 0.27640, 0][-0.214977, 0.290337, 0.02666][0.82505, 0.36583, 0.43064][0.93486, 0.28189, 0][-0.158628, 0.272476, -0.081139][0.89902, 0.38382, 0.21084][0.84206, 0.26518, 0][-0.148544, 0.2536, -0.089775][0.89902, 0.38382, 0.21084][0.83072, 0.24880, 0][-0.169298, 0.309041, -0.102206][0.89902, 0.38382, 0.21084][0.83693, 0.29733, 0][-0.210014, 0.252861, 0.055155][0.79567, 0.54994, 0.25392][0.94333, 0.25216, 0][-0.205113, 0.252827, 0.039871][0.79567, 0.54994, 0.25392][0.93332, 0.25169, 0][-0.222582, 0.274797, 0.047028][0.79567, 0.54994, 0.25392][0.94888, 0.26934, 0][-0.267469, 0.061562, 0.035565][0.94662, -0.32006, 0.03841][0.96978, 0.09471, 0][-0.277319, 0.034692, 0.054417][0.94662, -0.32006, 0.03841][0.98362, 0.07598, 0][-0.272527, 0.044457, 0.017687][0.94662, -0.32006, 0.03841][0.96534, 0.07739, 0][-0.148544, 0.2536, -0.089775][0.71752, 0.32711, 0.61495][0.83072, 0.24880, 0][-0.157589, 0.253635, -0.07924][0.71752, 0.32711, 0.61495][0.84247, 0.24898, 0][-0.130827, 0.238284, -0.095728][0.64394, 0.53069, 0.55110][0.81626, 0.23611, 0][-0.157589, 0.253635, -0.07924][0.71752, 0.32711, 0.61495][0.84247, 0.24898, 0][-0.148544, 0.2536, -0.089775][0.71752, 0.32711, 0.61495][0.83072, 0.24880, 0][-0.158628, 0.272476, -0.081139][0.75455, 0.10687, 0.64748][0.84206, 0.26518, 0][-0.148169, 0.276653, -0.111116][0.63857, 0.51717, 0.56988][0.81792, 0.26822, 0][-0.148544, 0.2536, -0.089775][0.63857, 0.51717, 0.56988][0.83072, 0.24880, 0][-0.130827, 0.238284, -0.095728][0.63857, 0.51717, 0.56988][0.81626, 0.23611, 0][-0.158628, 0.272476, -0.081139][0.76242, 0.10638, 0.63828][0.84206, 0.26518, 0][-0.171272, 0.303437, -0.071196][0.76242, 0.10638, 0.63828][0.85596, 0.29238, 0][-0.157589, 0.253635, -0.07924][0.76242, 0.10638, 0.63828][0.84247, 0.24898, 0][-0.248726, 0.123689, 0.027251][0.90689, -0.31156, -0.28368][0.95477, 0.14451, 0][-0.267469, 0.061562, 0.035565][0.90689, -0.31156, -0.28368][0.96978, 0.09471, 0][-0.263847, 0.098608, 0.006457][0.90689, -0.31156, -0.28368][0.95571, 0.11968, 0][-0.187786, 0.369037, -0.060552][0.92339, 0.21966, 0.31482][0.87339, 0.35165, 0][-0.182127, 0.34803, -0.062493][0.92339, 0.21966, 0.31482][0.86829, 0.33235, 0][-0.176562, 0.336185, -0.070551][0.92339, 0.21966, 0.31482][0.85998, 0.32170, 0][-0.187786, 0.369037, -0.060552][0.87639, 0.19542, 0.44017][0.87339, 0.35165, 0][-0.193004, 0.377392, -0.053872][0.87639, 0.19542, 0.44017][0.88075, 0.35924, 0][-0.182127, 0.34803, -0.062493][0.87639, 0.19542, 0.44017][0.86829, 0.33235, 0][-0.148544, 0.2536, -0.089775][0.77060, 0.42615, 0.47388][0.83072, 0.24880, 0][-0.148169, 0.276653, -0.111116][0.77060, 0.42615, 0.47388][0.81792, 0.26822, 0][-0.170977, 0.326524, -0.118875][0.77060, 0.42615, 0.47388][0.82801, 0.31362, 0][-0.170977, 0.326524, -0.118875][0.85838, 0.39479, 0.32760][0.82801, 0.31362, 0][-0.169298, 0.309041, -0.102206][0.85838, 0.39479, 0.32760][0.83693, 0.29733, 0][-0.148544, 0.2536, -0.089775][0.85838, 0.39479, 0.32760][0.83072, 0.24880, 0][-0.169298, 0.309041, -0.102206][0.82799, 0.42655, 0.36398][0.83693, 0.29733, 0][-0.170977, 0.326524, -0.118875][0.82799, 0.42655, 0.36398][0.82801, 0.31362, 0][-0.186498, 0.338971, -0.098154][0.82799, 0.42655, 0.36398][0.85104, 0.32520, 0][-0.188516, 0.358362, -0.08549][0.98327, -0.01618, 0.18145][0.85984, 0.34297, 0][-0.189359, 0.350901, -0.081587][0.98327, -0.01618, 0.18145][0.86263, 0.33589, 0][-0.186498, 0.338971, -0.098154][0.98327, -0.01618, 0.18145][0.85104, 0.32520, 0][-0.182868, 0.331527, -0.063901][0.75324, -0.08942, 0.65164][0.86793, 0.31751, 0][-0.176562, 0.336185, -0.070551][0.75324, -0.08942, 0.65164][0.85998, 0.32170, 0][-0.182127, 0.34803, -0.062493][0.75324, -0.08942, 0.65164][0.86829, 0.33235, 0][-0.163927, 0.293466, -0.082971][0.90261, 0.25795, 0.34460][0.84448, 0.28348, 0][-0.171272, 0.303437, -0.071196][0.90261, 0.25795, 0.34460][0.85596, 0.29238, 0][-0.158628, 0.272476, -0.081139][0.90261, 0.25795, 0.34460][0.84206, 0.26518, 0][-0.171272, 0.303437, -0.071196][0.88795, 0.13477, 0.43976][0.85596, 0.29238, 0][-0.163927, 0.293466, -0.082971][0.88795, 0.13477, 0.43976][0.84448, 0.28348, 0][-0.176562, 0.336185, -0.070551][0.88795, 0.13477, 0.43976][0.85998, 0.32170, 0][-0.210504, 0.406901, -0.050159][0.82957, 0.18739, 0.52602][0.27720, 0.97403, 0][-0.19639, 0.391022, -0.066761][0.82957, 0.18739, 0.52602][0.29201, 0.95987, 0][-0.199093, 0.406901, -0.068155][0.82957, 0.18739, 0.52602][0.29325, 0.97403, 0][-0.181205, 0.158312, -0.05277][0.95694, 0.15207, -0.24725][0.87177, 0.16961, 0][-0.158067, 0.036927, -0.037874][0.95694, 0.15207, -0.24725][0.86412, 0.07965, 0][-0.166694, 0.065791, -0.053511][0.95694, 0.15207, -0.24725][0.86170, 0.09764, 0][-0.16964, 0.095479, -0.037697][0.96259, 0.11875, -0.24356][0.87165, 0.12278, 0][-0.181205, 0.158312, -0.05277][0.96259, 0.11875, -0.24356][0.87177, 0.16961, 0][-0.188651, 0.228003, -0.04822][0.96259, 0.11875, -0.24356][0.87953, 0.22744, 0][-0.198206, 0.431366, 0.094995][0.77467, -0.50893, 0.37533][0.96557, 0.92129, 0][-0.194831, 0.429194, 0.085084][0.77467, -0.50893, 0.37533][0.96895, 0.91912, 0][-0.194831, 0.440931, 0.097245][0.84441, -0.38546, 0.37202][0.96895, 0.93085, 0][-0.199997, 0.422443, 0.083362][0.68935, -0.62216, 0.37109][0.96379, 0.91238, 0][-0.194831, 0.429194, 0.085084][0.77467, -0.50893, 0.37533][0.96895, 0.91912, 0][-0.198206, 0.431366, 0.094995][0.77467, -0.50893, 0.37533][0.96557, 0.92129, 0][-0.19639, 0.391022, -0.066761][0.82868, 0.18383, 0.52867][0.29201, 0.95987, 0][-0.210504, 0.406901, -0.050159][0.82868, 0.18383, 0.52867][0.27720, 0.97403, 0][-0.207518, 0.391022, -0.049318][0.82868, 0.18383, 0.52867][0.27645, 0.95987, 0][-0.208794, 0.32759, -0.011082][0.88182, -0.14964, -0.44722][0.91335, 0.31366, 0][-0.206428, 0.302474, 0.001987][0.88182, -0.14964, -0.44722][0.91763, 0.29192, 0][-0.210317, 0.289323, -0.001281][0.88182, -0.14964, -0.44722][0.91853, 0.28067, 0][-0.234304, 0.267491, -0.027294][0.74537, -0.15463, 0.64847][0.92246, 0.26076, 0][-0.225026, 0.280796, -0.034786][0.74537, -0.15463, 0.64847][0.91227, 0.27246, 0][-0.229328, 0.298297, -0.025668][0.74537, -0.15463, 0.64847][0.92024, 0.28807, 0][-0.239379, 0.342683, 0.008172][0.80112, -0.09446, 0.59100][0.94488, 0.32726, 0][-0.228797, 0.356642, -0.003941][0.80112, -0.09446, 0.59100][0.93168, 0.33973, 0][-0.23796, 0.35752, 0.00862][0.80112, -0.09446, 0.59100][0.94441, 0.34038, 0][-0.232413, 0.366167, -0.002396][0.79672, 0.21058, 0.56647][0.93528, 0.34837, 0][-0.23796, 0.35752, 0.00862][0.79672, 0.21058, 0.56647][0.94441, 0.34038, 0][-0.228797, 0.356642, -0.003941][0.79672, 0.21058, 0.56647][0.93168, 0.33973, 0][-0.211417, 0.253223, 0.012293][0.86414, -0.20330, -0.46036][0.92506, 0.25073, 0][-0.211739, 0.271702, 0.003528][0.86414, -0.20330, -0.46036][0.92150, 0.26584, 0][-0.205953, 0.268144, 0.01596][0.86414, -0.20330, -0.46036][0.92330, 0.26335, 0][-0.205953, 0.268144, 0.01596][0.89561, -0.07540, -0.43841][0.92330, 0.26335, 0][-0.211739, 0.271702, 0.003528][0.89561, -0.07540, -0.43841][0.92150, 0.26584, 0][-0.20555, 0.283891, 0.014075][0.89561, -0.07540, -0.43841][0.92243, 0.27640, 0][-0.2189, 0.19443, 0.036655][0.91702, -0.24020, -0.31840][0.94000, 0.20418, 0][-0.221142, 0.203352, 0.023467][0.91702, -0.24020, -0.31840][0.93585, 0.21016, 0][-0.205638, 0.257417, 0.027334][0.91702, -0.24020, -0.31840][0.92812, 0.25492, 0][-0.211417, 0.253223, 0.012293][0.92395, -0.25698, -0.28334][0.92506, 0.25073, 0][-0.205638, 0.257417, 0.027334][0.92395, -0.25698, -0.28334][0.92812, 0.25492, 0][-0.221142, 0.203352, 0.023467][0.92594, -0.24497, -0.28745][0.93585, 0.21016, 0][-0.205953, 0.268144, 0.01596][0.92181, -0.26895, -0.27918][0.92330, 0.26335, 0][-0.205638, 0.257417, 0.027334][0.92395, -0.25698, -0.28334][0.92812, 0.25492, 0][-0.211417, 0.253223, 0.012293][0.92395, -0.25698, -0.28334][0.92506, 0.25073, 0][-0.210781, 0.352861, -0.007586][0.92165, 0.17163, 0.34800][0.91689, 0.33583, 0][-0.208028, 0.363364, -0.020057][0.92165, 0.17163, 0.34800][0.90890, 0.34555, 0][-0.210548, 0.367782, -0.015562][0.92165, 0.17163, 0.34800][0.91302, 0.34942, 0][-0.202689, 0.358499, -0.043746][0.96780, -0.03824, -0.24878][0.89281, 0.34194, 0][-0.204549, 0.372475, -0.05313][0.96780, -0.03824, -0.24878][0.88929, 0.35530, 0][-0.202393, 0.397368, -0.048569][0.96780, -0.03824, -0.24878][0.89047, 0.37799, 0][-0.188147, 0.466555, 0.072924][0.94017, 0.30491, -0.15204][0.97562, 0.95644, 0][-0.190156, 0.465909, 0.059205][0.94017, 0.30491, -0.15204][0.97361, 0.95579, 0][-0.193454, 0.477027, 0.072924][0.88188, 0.44692, -0.15019][0.97032, 0.96689, 0][-0.188147, 0.452667, 0.058536][0.97630, 0.15571, -0.15030][0.97562, 0.94257, 0][-0.190156, 0.465909, 0.059205][0.94017, 0.30491, -0.15204][0.97361, 0.95579, 0][-0.188147, 0.466555, 0.072924][0.94017, 0.30491, -0.15204][0.97562, 0.95644, 0][-0.190156, 0.465909, 0.086643][0.94182, 0.29975, 0.15204][0.97361, 0.95579, 0][-0.188147, 0.466555, 0.072924][0.94182, 0.29975, 0.15204][0.97562, 0.95644, 0][-0.194831, 0.476141, 0.085084][0.89031, 0.42973, 0.15061][0.96895, 0.96601, 0][-0.185812, 0.452667, 0.072924][0.97493, 0.16392, 0.15049][0.97795, 0.94257, 0][-0.188147, 0.466555, 0.072924][0.94182, 0.29975, 0.15204][0.97562, 0.95644, 0][-0.190156, 0.465909, 0.086643][0.94182, 0.29975, 0.15204][0.97361, 0.95579, 0][-0.188147, 0.43878, 0.072924][0.94182, -0.29974, -0.15206][0.97562, 0.92870, 0][-0.190156, 0.439427, 0.059205][0.94182, -0.29974, -0.15206][0.97361, 0.92934, 0][-0.185812, 0.452667, 0.072924][0.97492, -0.16393, -0.15050][0.97795, 0.94257, 0][-0.194831, 0.429194, 0.060764][0.89032, -0.42970, -0.15064][0.96895, 0.91912, 0][-0.190156, 0.439427, 0.059205][0.94182, -0.29974, -0.15206][0.97361, 0.92934, 0][-0.188147, 0.43878, 0.072924][0.94182, -0.29974, -0.15206][0.97562, 0.92870, 0][-0.193454, 0.428308, 0.072924][0.88187, -0.44692, 0.15022][0.97032, 0.91824, 0][-0.188147, 0.43878, 0.072924][0.94016, -0.30492, 0.15206][0.97562, 0.92870, 0][-0.190156, 0.439427, 0.086643][0.94016, -0.30492, 0.15206][0.97361, 0.92934, 0][-0.190156, 0.439427, 0.086643][0.94016, -0.30492, 0.15206][0.97361, 0.92934, 0][-0.188147, 0.43878, 0.072924][0.94016, -0.30492, 0.15206][0.97562, 0.92870, 0][-0.188147, 0.452667, 0.087312][0.97630, -0.15574, 0.15031][0.97562, 0.94257, 0][-0.136336, -0.030874, -0.035298][0.87150, 0.40223, -0.28054][0.85228, 0.03410, 0][-0.148144, -0.034759, -0.077549][0.87150, 0.40223, -0.28054][0.83795, 0.01966, 0][-0.154853, -0.011259, -0.064697][0.87150, 0.40223, -0.28054][0.84859, 0.03878, 0][-0.151111, 0.006946, -0.042711][0.93032, 0.18863, -0.31453][0.85743, 0.05753, 0][-0.154853, -0.011259, -0.064697][0.93032, 0.18863, -0.31453][0.84859, 0.03878, 0][-0.166694, 0.065791, -0.053511][0.93032, 0.18863, -0.31453][0.86170, 0.09764, 0][-0.166694, 0.065791, -0.053511][0.92553, 0.19086, -0.32706][0.86170, 0.09764, 0][-0.182347, 0.074386, -0.092791][0.92553, 0.19086, -0.32706][0.85099, 0.09523, 0][-0.194758, 0.149699, -0.083699][0.92541, 0.19195, -0.32677][0.86429, 0.15738, 0][-0.182347, 0.074386, -0.092791][0.92553, 0.19086, -0.32706][0.85099, 0.09523, 0][-0.166694, 0.065791, -0.053511][0.92553, 0.19086, -0.32706][0.86170, 0.09764, 0][-0.154853, -0.011259, -0.064697][0.92565, 0.18978, -0.32734][0.84859, 0.03878, 0][-0.193454, 0.452667, 0.047685][0.77333, 0.01002, -0.63392][0.97032, 0.94257, 0][-0.199138, 0.452667, 0.040751][0.77333, 0.01002, -0.63392][0.96465, 0.94257, 0][-0.194831, 0.464404, 0.048603][0.76587, 0.13896, -0.62780][0.96895, 0.95429, 0][-0.199997, 0.442593, 0.041609][0.76787, -0.11908, -0.62944][0.96379, 0.93251, 0][-0.199138, 0.452667, 0.040751][0.77333, 0.01002, -0.63392][0.96465, 0.94257, 0][-0.193454, 0.452667, 0.047685][0.77333, 0.01002, -0.63392][0.97032, 0.94257, 0][-0.194831, 0.440931, 0.048603][0.88967, -0.13842, -0.43512][0.96895, 0.93085, 0][-0.193454, 0.452667, 0.047685][0.89828, 0.00915, -0.43933][0.97032, 0.94257, 0][-0.188147, 0.452667, 0.058536][0.89828, 0.00915, -0.43933][0.97562, 0.94257, 0][-0.188147, 0.452667, 0.058536][0.89828, 0.00915, -0.43933][0.97562, 0.94257, 0][-0.193454, 0.452667, 0.047685][0.89828, 0.00915, -0.43933][0.97032, 0.94257, 0][-0.190156, 0.465909, 0.059205][0.88724, 0.15653, -0.43393][0.97361, 0.95579, 0][-0.190156, 0.439427, 0.059205][0.97501, -0.15594, -0.15823][0.97361, 0.92934, 0][-0.188147, 0.452667, 0.058536][0.98708, 0.00394, -0.16019][0.97562, 0.94257, 0][-0.185812, 0.452667, 0.072924][0.98708, 0.00394, -0.16019][0.97795, 0.94257, 0][-0.185812, 0.452667, 0.072924][0.98708, 0.00394, -0.16019][0.97795, 0.94257, 0][-0.188147, 0.452667, 0.058536][0.98708, 0.00394, -0.16019][0.97562, 0.94257, 0][-0.188147, 0.466555, 0.072924][0.97377, 0.16372, -0.15803][0.97562, 0.95644, 0][-0.188147, 0.43878, 0.072924][0.97377, -0.16373, 0.15803][0.97562, 0.92870, 0][-0.185812, 0.452667, 0.072924][0.98708, -0.00396, 0.16019][0.97795, 0.94257, 0][-0.188147, 0.452667, 0.087312][0.98708, -0.00396, 0.16019][0.97562, 0.94257, 0][-0.188147, 0.452667, 0.087312][0.98708, -0.00396, 0.16019][0.97562, 0.94257, 0][-0.185812, 0.452667, 0.072924][0.98708, -0.00396, 0.16019][0.97795, 0.94257, 0][-0.190156, 0.465909, 0.086643][0.97501, 0.15592, 0.15823][0.97361, 0.95579, 0][-0.190156, 0.439427, 0.086643][0.88724, -0.15655, 0.43393][0.97361, 0.92934, 0][-0.188147, 0.452667, 0.087312][0.89828, -0.00917, 0.43933][0.97562, 0.94257, 0][-0.193454, 0.452667, 0.098163][0.89828, -0.00917, 0.43933][0.97032, 0.94257, 0][-0.193454, 0.452667, 0.098163][0.89828, -0.00917, 0.43933][0.97032, 0.94257, 0][-0.188147, 0.452667, 0.087312][0.89828, -0.00917, 0.43933][0.97562, 0.94257, 0][-0.194831, 0.464404, 0.097245][0.88967, 0.13841, 0.43512][0.96895, 0.95429, 0][-0.194831, 0.440931, 0.097245][0.76587, -0.13897, 0.62780][0.96895, 0.93085, 0][-0.193454, 0.452667, 0.098163][0.77333, -0.01003, 0.63392][0.97032, 0.94257, 0][-0.199138, 0.452667, 0.105097][0.77333, -0.01003, 0.63392][0.96465, 0.94257, 0][-0.199138, 0.452667, 0.105097][0.77333, -0.01003, 0.63392][0.96465, 0.94257, 0][-0.193454, 0.452667, 0.098163][0.77333, -0.01003, 0.63392][0.97032, 0.94257, 0][-0.199997, 0.462742, 0.104239][0.76787, 0.11907, 0.62944][0.96379, 0.95263, 0][-0.20221, 0.424579, 0.092325][0.75428, -0.57187, 0.32252][0.96158, 0.91451, 0][-0.199997, 0.422443, 0.083362][0.75428, -0.57187, 0.32252][0.96379, 0.91238, 0][-0.198206, 0.431366, 0.094995][0.75428, -0.57187, 0.32252][0.96557, 0.92129, 0][-0.211097, 0.391022, -0.012115][0.97994, 0.19513, 0.04048][0.24327, 0.95987, 0][-0.215189, 0.406901, 0.010397][0.97994, 0.19513, 0.04048][0.22319, 0.97403, 0][-0.212047, 0.391022, 0.01088][0.97994, 0.19513, 0.04048][0.22276, 0.95987, 0][-0.209491, 0.391022, -0.031713][0.97773, 0.19399, 0.08012][0.26075, 0.95987, 0][-0.214196, 0.406901, -0.012744][0.97773, 0.19399, 0.08012][0.24383, 0.97403, 0][-0.211097, 0.391022, -0.012115][0.97773, 0.19399, 0.08012][0.24327, 0.95987, 0][-0.215189, 0.406901, 0.010397][0.98030, 0.19298, 0.04207][0.22319, 0.97403, 0][-0.211097, 0.391022, -0.012115][0.98030, 0.19298, 0.04207][0.24327, 0.95987, 0][-0.214196, 0.406901, -0.012744][0.98030, 0.19298, 0.04207][0.24383, 0.97403, 0][-0.214196, 0.406901, -0.012744][0.97805, 0.19136, 0.08240][0.24383, 0.97403, 0][-0.209491, 0.391022, -0.031713][0.97805, 0.19136, 0.08240][0.26075, 0.95987, 0][-0.212535, 0.406901, -0.032459][0.97805, 0.19136, 0.08240][0.26141, 0.97403, 0][-0.207518, 0.391022, -0.049318][0.97527, 0.19209, 0.10930][0.27645, 0.95987, 0][-0.212535, 0.406901, -0.032459][0.97527, 0.19209, 0.10930][0.26141, 0.97403, 0][-0.209491, 0.391022, -0.031713][0.97527, 0.19209, 0.10930][0.26075, 0.95987, 0][-0.205113, 0.252827, 0.039871][0.97044, -0.22419, -0.08942][0.93332, 0.25169, 0][-0.215419, 0.204452, 0.049307][0.97044, -0.22419, -0.08942][0.94338, 0.21325, 0][-0.2189, 0.19443, 0.036655][0.97044, -0.22419, -0.08942][0.94000, 0.20418, 0][-0.205638, 0.257417, 0.027334][0.96749, -0.22171, -0.12169][0.92812, 0.25492, 0][-0.205113, 0.252827, 0.039871][0.96749, -0.22171, -0.12169][0.93332, 0.25169, 0][-0.2189, 0.19443, 0.036655][0.96749, -0.22171, -0.12169][0.94000, 0.20418, 0][-0.212047, 0.391022, 0.01088][0.98083, 0.19472, -0.00689][0.22276, 0.95987, 0][-0.215044, 0.406901, 0.033012][0.98083, 0.19472, -0.00689][0.20302, 0.97403, 0][-0.211889, 0.391021, 0.033348][0.98083, 0.19472, -0.00689][0.20272, 0.95987, 0][-0.212535, 0.406901, -0.032459][0.97550, 0.18937, 0.11193][0.26141, 0.97403, 0][-0.207518, 0.391022, -0.049318][0.97550, 0.18937, 0.11193][0.27645, 0.95987, 0][-0.210504, 0.406901, -0.050159][0.97550, 0.18937, 0.11193][0.27720, 0.97403, 0][-0.215044, 0.406901, 0.033012][0.98100, 0.19392, -0.00629][0.20302, 0.97403, 0][-0.212047, 0.391022, 0.01088][0.98100, 0.19392, -0.00629][0.22276, 0.95987, 0][-0.215189, 0.406901, 0.010397][0.98100, 0.19392, -0.00629][0.22319, 0.97403, 0][-0.215419, 0.204452, 0.049307][0.97877, -0.19884, 0.04965][0.94338, 0.21325, 0][-0.205113, 0.252827, 0.039871][0.97877, -0.19884, 0.04965][0.93332, 0.25169, 0][-0.207551, 0.249406, 0.074229][0.97877, -0.19884, 0.04965][0.94973, 0.25023, 0][-0.205113, 0.252827, 0.039871][0.98185, 0.18764, 0.02758][0.93332, 0.25169, 0][-0.205638, 0.257417, 0.027334][0.98185, 0.18764, 0.02758][0.92812, 0.25492, 0][-0.20843, 0.271634, 0.030005][0.98185, 0.18764, 0.02758][0.93150, 0.26657, 0][-0.210317, 0.289323, -0.001281][0.92281, -0.16896, -0.34624][0.91853, 0.28067, 0][-0.20555, 0.283891, 0.014075][0.92281, -0.16896, -0.34624][0.92243, 0.27640, 0][-0.211739, 0.271702, 0.003528][0.92281, -0.16896, -0.34624][0.92150, 0.26584, 0][-0.211889, 0.391021, 0.033348][0.97973, 0.19279, -0.05441][0.20272, 0.95987, 0][-0.21388, 0.406901, 0.053765][0.97973, 0.19279, -0.05441][0.18451, 0.97403, 0][-0.210744, 0.391021, 0.053967][0.97973, 0.19279, -0.05441][0.18433, 0.95987, 0][-0.21388, 0.406901, 0.053765][0.97957, 0.19346, -0.05494][0.18451, 0.97403, 0][-0.211889, 0.391021, 0.033348][0.97957, 0.19346, -0.05494][0.20272, 0.95987, 0][-0.215044, 0.406901, 0.033012][0.97957, 0.19346, -0.05494][0.20302, 0.97403, 0][-0.255276, 0.1295, -0.016531][0.77085, -0.06575, 0.63362][0.93988, 0.14257, 0][-0.241314, 0.186161, -0.027637][0.76565, -0.05972, 0.64048][0.92578, 0.19012, 0][-0.252467, 0.163761, -0.016393][0.76565, -0.05972, 0.64048][0.93869, 0.17142, 0][-0.236942, 0.239367, -0.02836][0.76037, -0.05369, 0.64727][0.92331, 0.23605, 0][-0.252467, 0.163761, -0.016393][0.76565, -0.05972, 0.64048][0.93869, 0.17142, 0][-0.241314, 0.186161, -0.027637][0.76565, -0.05972, 0.64048][0.92578, 0.19012, 0][-0.149982, -0.007082, -0.023184][0.70560, 0.23524, 0.66842][0.86622, 0.05130, 0][-0.13829, -0.030633, -0.027238][0.70560, 0.23524, 0.66842][0.85732, 0.03561, 0][-0.158898, 0.035139, -0.028631][0.70560, 0.23524, 0.66842][0.86915, 0.07984, 0][-0.204549, 0.372475, -0.05313][0.99343, 0.10921, -0.03426][0.88929, 0.35530, 0][-0.202689, 0.358499, -0.043746][0.99343, 0.10921, -0.03426][0.89281, 0.34194, 0][-0.197846, 0.313339, -0.047264][0.99343, 0.10921, -0.03426][0.88707, 0.30129, 0][-0.178183, 0.133368, -0.031838][0.99412, 0.10743, -0.01385][0.88024, 0.15232, 0][-0.188651, 0.228003, -0.04822][0.99411, 0.10729, -0.01545][0.87953, 0.22744, 0][-0.197846, 0.313339, -0.047264][0.99412, 0.10743, -0.01385][0.88707, 0.30129, 0][-0.197846, 0.313339, -0.047264][0.99412, 0.10743, -0.01385][0.88707, 0.30129, 0][-0.202689, 0.358499, -0.043746][0.99412, 0.10756, -0.01224][0.89281, 0.34194, 0][-0.178183, 0.133368, -0.031838][0.99412, 0.10743, -0.01385][0.88024, 0.15232, 0][-0.241042, 0.23684, -0.018568][0.89817, -0.22207, -0.37945][0.93099, 0.23423, 0][-0.244036, 0.19106, 0.001138][0.89817, -0.22207, -0.37945][0.94142, 0.19671, 0][-0.255166, 0.148943, -0.000558][0.89817, -0.22207, -0.37945][0.94761, 0.16069, 0][-0.248726, 0.123689, 0.027251][0.89354, -0.20945, -0.39713][0.95477, 0.14451, 0][-0.263847, 0.098608, 0.006457][0.89354, -0.20945, -0.39713][0.95571, 0.11968, 0][-0.255166, 0.148943, -0.000558][0.89354, -0.20945, -0.39713][0.94761, 0.16069, 0][-0.174633, 0.087021, -0.112869][0.81151, 0.09711, 0.57621][0.83487, 0.10321, 0][-0.18702, 0.100516, -0.097698][0.81679, 0.08089, 0.57124][0.85138, 0.11515, 0][-0.168138, 0.053, -0.115373][0.81693, 0.11435, 0.56529][0.82944, 0.07593, 0][-0.180903, 0.112945, -0.107787][0.81637, 0.06412, 0.57396][0.84175, 0.12473, 0][-0.18702, 0.100516, -0.097698][0.81679, 0.08089, 0.57124][0.85138, 0.11515, 0][-0.174633, 0.087021, -0.112869][0.81151, 0.09711, 0.57621][0.83487, 0.10321, 0][-0.18702, 0.100516, -0.097698][0.81679, 0.08089, 0.57124][0.85138, 0.11515, 0][-0.180903, 0.112945, -0.107787][0.81637, 0.06412, 0.57396][0.84175, 0.12473, 0][-0.193759, 0.158501, -0.092768][0.82656, 0.04839, 0.56076][0.85869, 0.16383, 0][-0.194442, 0.197335, -0.091033][0.99258, 0.01205, 0.12103][0.86024, 0.19744, 0][-0.194758, 0.149699, -0.083699][0.99258, 0.01205, 0.12103][0.86429, 0.15738, 0][-0.193759, 0.158501, -0.092768][0.99258, 0.01205, 0.12103][0.85869, 0.16383, 0][-0.193759, 0.158501, -0.092768][0.97490, 0.09623, 0.20079][0.85869, 0.16383, 0][-0.194758, 0.149699, -0.083699][0.97490, 0.09623, 0.20079][0.86429, 0.15738, 0][-0.18702, 0.100516, -0.097698][0.97490, 0.09623, 0.20079][0.85138, 0.11515, 0][-0.19253, 0.236307, -0.087747][0.72194, -0.09323, 0.68565][0.86090, 0.23199, 0][-0.200772, 0.228708, -0.080102][0.72194, -0.09323, 0.68565][0.87075, 0.22535, 0][-0.194442, 0.197335, -0.091033][0.72194, -0.09323, 0.68565][0.86024, 0.19744, 0][-0.194758, 0.149699, -0.083699][0.92239, 0.05279, 0.38263][0.86429, 0.15738, 0][-0.194442, 0.197335, -0.091033][0.92239, 0.05279, 0.38263][0.86024, 0.19744, 0][-0.200772, 0.228708, -0.080102][0.92239, 0.05279, 0.38263][0.87075, 0.22535, 0][-0.200527, 0.276395, -0.077094][0.98103, -0.01722, 0.19308][0.87254, 0.26790, 0][-0.20212, 0.246862, -0.071634][0.98103, -0.01722, 0.19308][0.87642, 0.24178, 0][-0.200772, 0.228708, -0.080102][0.98103, -0.01722, 0.19308][0.87075, 0.22535, 0][-0.200527, 0.276395, -0.077094][0.96004, -0.00004, 0.27987][0.87254, 0.26790, 0][-0.204149, 0.292486, -0.064667][0.96004, -0.00004, 0.27987][0.88198, 0.28257, 0][-0.20212, 0.246862, -0.071634][0.96004, -0.00004, 0.27987][0.87642, 0.24178, 0][-0.19923, 0.31162, -0.071935][0.91872, -0.09014, 0.38449][0.87472, 0.29982, 0][-0.204149, 0.292486, -0.064667][0.91872, -0.09014, 0.38449][0.88198, 0.28257, 0][-0.200527, 0.276395, -0.077094][0.91872, -0.09014, 0.38449][0.87254, 0.26790, 0][-0.204149, 0.292486, -0.064667][0.87500, -0.04174, 0.48232][0.88198, 0.28257, 0][-0.19923, 0.31162, -0.071935][0.87184, -0.05254, 0.48696][0.87472, 0.29982, 0][-0.204673, 0.317671, -0.061537][0.87184, -0.05254, 0.48696][0.88428, 0.30532, 0][-0.200963, 0.333091, -0.066106][0.86856, -0.06333, 0.49152][0.87931, 0.31938, 0][-0.204673, 0.317671, -0.061537][0.87184, -0.05254, 0.48696][0.88428, 0.30532, 0][-0.19923, 0.31162, -0.071935][0.87184, -0.05254, 0.48696][0.87472, 0.29982, 0][-0.200963, 0.333091, -0.066106][0.88118, -0.07363, 0.46701][0.87931, 0.31938, 0][-0.204549, 0.372475, -0.05313][0.88118, -0.07363, 0.46701][0.88929, 0.35530, 0][-0.204673, 0.317671, -0.061537][0.88118, -0.07363, 0.46701][0.88428, 0.30532, 0][-0.207189, 0.346895, -0.014528][0.99655, -0.07758, 0.02955][0.91082, 0.33066, 0][-0.208713, 0.332266, -0.001539][0.99655, -0.07758, 0.02955][0.91803, 0.31758, 0][-0.208794, 0.32759, -0.011082][0.99655, -0.07758, 0.02955][0.91335, 0.31366, 0][-0.208713, 0.332266, -0.001539][0.92883, 0.18715, 0.31976][0.91803, 0.31758, 0][-0.207189, 0.346895, -0.014528][0.92883, 0.18715, 0.31976][0.91082, 0.33066, 0][-0.210781, 0.352861, -0.007586][0.92883, 0.18715, 0.31976][0.91689, 0.33583, 0][-0.208028, 0.363364, -0.020057][0.92627, 0.16150, 0.34049][0.90890, 0.34555, 0][-0.210781, 0.352861, -0.007586][0.92627, 0.16150, 0.34049][0.91689, 0.33583, 0][-0.207189, 0.346895, -0.014528][0.92627, 0.16150, 0.34049][0.91082, 0.33066, 0][-0.210959, 0.39405, -0.032256][0.92646, 0.21210, 0.31093][0.90521, 0.37431, 0][-0.210548, 0.367782, -0.015562][0.92646, 0.21210, 0.31093][0.91302, 0.34942, 0][-0.208028, 0.363364, -0.020057][0.92646, 0.21210, 0.31093][0.90890, 0.34555, 0][-0.20555, 0.283891, 0.014075][0.98461, -0.00428, 0.17471][0.92243, 0.27640, 0][-0.20843, 0.271634, 0.030005][0.98461, -0.00428, 0.17471][0.93150, 0.26657, 0][-0.205953, 0.268144, 0.01596][0.98461, -0.00428, 0.17471][0.92330, 0.26335, 0][-0.234606, 0.260907, -0.014418][0.90933, -0.23224, -0.34524][0.92884, 0.25548, 0][-0.229328, 0.298297, -0.025668][0.90933, -0.23224, -0.34524][0.92024, 0.28807, 0][-0.222682, 0.319665, -0.022537][0.90933, -0.23224, -0.34524][0.91739, 0.30702, 0][-0.207551, 0.249406, 0.074229][0.79256, 0.60975, 0.00811][0.94973, 0.25023, 0][-0.210014, 0.252861, 0.055155][0.79256, 0.60975, 0.00811][0.94333, 0.25216, 0][-0.228568, 0.276808, 0.067925][0.79256, 0.60975, 0.00811][0.96204, 0.27136, 0][-0.136336, -0.030874, -0.035298][0.88565, 0.27226, -0.37617][0.85228, 0.03410, 0][-0.154853, -0.011259, -0.064697][0.88565, 0.27226, -0.37617][0.84859, 0.03878, 0][-0.151111, 0.006946, -0.042711][0.88565, 0.27226, -0.37617][0.85743, 0.05753, 0][-0.189359, 0.350901, -0.081587][0.95722, 0.04164, 0.28634][0.86263, 0.33589, 0][-0.188516, 0.358362, -0.08549][0.95722, 0.04164, 0.28634][0.85984, 0.34297, 0][-0.19916, 0.392485, -0.05487][0.95722, 0.04164, 0.28634][0.88471, 0.37367, 0][-0.241042, 0.23684, -0.018568][0.90617, -0.29464, 0.30338][0.93099, 0.23423, 0][-0.236942, 0.239367, -0.02836][0.90617, -0.29464, 0.30338][0.92331, 0.23605, 0][-0.234606, 0.260907, -0.014418][0.90617, -0.29464, 0.30338][0.92884, 0.25548, 0][-0.188651, 0.228003, -0.04822][0.93163, 0.15957, 0.32650][0.87953, 0.22744, 0][-0.178183, 0.133368, -0.031838][0.93163, 0.15957, 0.32650][0.88024, 0.15232, 0][-0.16964, 0.095479, -0.037697][0.93163, 0.15957, 0.32650][0.87165, 0.12278, 0][-0.210366, 0.397162, -0.036883][0.92328, -0.12736, 0.36241][0.90241, 0.37749, 0][-0.219854, 0.346225, -0.030612][0.92328, -0.12736, 0.36241][0.91173, 0.33095, 0][-0.219269, 0.331768, -0.037183][0.92328, -0.12736, 0.36241][0.90772, 0.31802, 0][-0.202393, 0.397368, -0.048569][0.82715, 0.03471, 0.56091][0.89047, 0.37799, 0][-0.210366, 0.397162, -0.036883][0.82523, 0.03582, 0.56366][0.90241, 0.37749, 0][-0.202689, 0.358499, -0.043746][0.82386, 0.06361, 0.56321][0.89281, 0.34194, 0][-0.210366, 0.397162, -0.036883][0.82523, 0.03582, 0.56366][0.26536, 0.96535, 0][-0.202393, 0.397368, -0.048569][0.82715, 0.03471, 0.56091][0.27578, 0.96553, 0][-0.208341, 0.401511, -0.039912][0.82853, 0.02025, 0.55957][0.26806, 0.96923, 0][-0.204262, 0.401511, -0.046015][0.83096, 0.03250, 0.55538][0.27350, 0.96923, 0][-0.208341, 0.401511, -0.039912][0.82853, 0.02025, 0.55957][0.26806, 0.96923, 0][-0.202393, 0.397368, -0.048569][0.82715, 0.03471, 0.56091][0.27578, 0.96553, 0][-0.20555, 0.283891, 0.014075][0.95971, 0.08609, -0.26747][0.92243, 0.27640, 0][-0.210317, 0.289323, -0.001281][0.95971, 0.08609, -0.26747][0.91853, 0.28067, 0][-0.207791, 0.302371, 0.011982][0.95971, 0.08609, -0.26747][0.92332, 0.29188, 0][-0.206428, 0.302474, 0.001987][0.98482, -0.11138, 0.13315][0.91763, 0.29192, 0][-0.207791, 0.302371, 0.011982][0.98482, -0.11138, 0.13315][0.92332, 0.29188, 0][-0.210317, 0.289323, -0.001281][0.94249, -0.30986, 0.12533][0.91853, 0.28067, 0][-0.208713, 0.332266, -0.001539][0.98653, 0.09170, 0.13548][0.91803, 0.31758, 0][-0.207791, 0.302371, 0.011982][0.98482, -0.11138, 0.13315][0.92332, 0.29188, 0][-0.206428, 0.302474, 0.001987][0.98482, -0.11138, 0.13315][0.91763, 0.29192, 0][-0.205638, 0.257417, 0.027334][0.97719, 0.16734, 0.13076][0.92812, 0.25492, 0][-0.205953, 0.268144, 0.01596][0.97719, 0.16734, 0.13076][0.92330, 0.26335, 0][-0.20843, 0.271634, 0.030005][0.97719, 0.16734, 0.13076][0.93150, 0.26657, 0][-0.207869, 0.41301, 0.087833][0.81990, 0.00000, 0.57250][0.15413, 0.97948, 0][-0.211428, 0.41301, 0.092175][0.77339, 0.00000, 0.63393][0.15026, 0.97948, 0][-0.211428, -0.117831, 0.092175][0.77339, 0.00000, 0.63393][0.15026, 0.50605, 0][-0.207869, -0.117831, 0.087833][0.86178, 0.00000, 0.50728][0.15413, 0.50605, 0][-0.207869, 0.41301, 0.087833][0.81990, 0.00000, 0.57250][0.15413, 0.97948, 0][-0.211428, -0.117831, 0.092175][0.77339, 0.00000, 0.63393][0.15026, 0.50605, 0][-0.204546, 0.41301, 0.08104][0.93686, 0.00000, 0.34969][0.16019, 0.97948, 0][-0.207869, 0.41301, 0.087833][0.81990, 0.00000, 0.57250][0.15413, 0.97948, 0][-0.207869, -0.117831, 0.087833][0.86178, 0.00000, 0.50728][0.15413, 0.50605, 0][-0.204546, -0.117831, 0.08104][0.96675, -0.00000, 0.25572][0.16019, 0.50605, 0][-0.204546, 0.41301, 0.08104][0.93686, 0.00000, 0.34969][0.16019, 0.97948, 0][-0.207869, -0.117831, 0.087833][0.86178, 0.00000, 0.50728][0.15413, 0.50605, 0][-0.203084, 0.41301, 0.072031][0.99854, -0.00000, 0.05401][0.16822, 0.97948, 0][-0.204546, 0.41301, 0.08104][0.93686, 0.00000, 0.34969][0.16019, 0.97948, 0][-0.204546, -0.117831, 0.08104][0.96675, -0.00000, 0.25572][0.16019, 0.50605, 0][-0.203084, -0.117831, 0.072031][0.99854, -0.00000, -0.05403][0.16822, 0.50605, 0][-0.203084, 0.41301, 0.072031][0.99854, -0.00000, 0.05401][0.16822, 0.97948, 0][-0.204546, -0.117831, 0.08104][0.96675, -0.00000, 0.25572][0.16019, 0.50605, 0][-0.204546, 0.41301, 0.063023][0.96675, 0.00000, -0.25573][0.17626, 0.97948, 0][-0.203084, 0.41301, 0.072031][0.99854, -0.00000, 0.05401][0.16822, 0.97948, 0][-0.203084, -0.117831, 0.072031][0.99854, -0.00000, -0.05403][0.16822, 0.50605, 0][-0.204546, -0.117831, 0.063023][0.93687, 0.00000, -0.34968][0.17626, 0.50605, 0][-0.204546, 0.41301, 0.063023][0.96675, 0.00000, -0.25573][0.17626, 0.97948, 0][-0.203084, -0.117831, 0.072031][0.99854, -0.00000, -0.05403][0.16822, 0.50605, 0][-0.207869, 0.41301, 0.05623][0.86179, 0.00000, -0.50726][0.18232, 0.97948, 0][-0.204546, 0.41301, 0.063023][0.96675, 0.00000, -0.25573][0.17626, 0.97948, 0][-0.204546, -0.117831, 0.063023][0.93687, 0.00000, -0.34968][0.17626, 0.50605, 0][-0.207869, -0.117831, 0.056229][0.81989, 0.00000, -0.57252][0.18232, 0.50605, 0][-0.207869, 0.41301, 0.05623][0.86179, 0.00000, -0.50726][0.18232, 0.97948, 0][-0.204546, -0.117831, 0.063023][0.93687, 0.00000, -0.34968][0.17626, 0.50605, 0][-0.211428, 0.41301, 0.051888][0.77336, 0.00000, -0.63397][0.18619, 0.97948, 0][-0.207869, 0.41301, 0.05623][0.86179, 0.00000, -0.50726][0.18232, 0.97948, 0][-0.207869, -0.117831, 0.056229][0.81989, 0.00000, -0.57252][0.18232, 0.50605, 0][-0.211428, -0.117831, 0.051888][0.77332, 0.00000, -0.63401][0.18619, 0.50605, 0][-0.211428, 0.41301, 0.051888][0.77336, 0.00000, -0.63397][0.18619, 0.97948, 0][-0.207869, -0.117831, 0.056229][0.81989, 0.00000, -0.57252][0.18232, 0.50605, 0][-0.206428, 0.302474, 0.001987][0.99651, 0.07129, -0.04339][0.91763, 0.29192, 0][-0.208794, 0.32759, -0.011082][0.99651, 0.07129, -0.04339][0.91335, 0.31366, 0][-0.208713, 0.332266, -0.001539][0.99651, 0.07129, -0.04339][0.91803, 0.31758, 0][-0.244036, 0.19106, 0.001138][0.92999, -0.19496, -0.31163][0.94142, 0.19671, 0][-0.241042, 0.23684, -0.018568][0.92999, -0.19496, -0.31163][0.93099, 0.23423, 0][-0.234606, 0.260907, -0.014418][0.92999, -0.19496, -0.31163][0.92884, 0.25548, 0][-0.223603, 0.377478, 0.005571][0.72152, -0.57741, -0.38212][0.93293, 0.35767, 0][-0.219585, 0.371547, 0.02212][0.72152, -0.57741, -0.38212][0.93774, 0.35138, 0][-0.23796, 0.35752, 0.00862][0.72152, -0.57741, -0.38212][0.94441, 0.34038, 0][-0.239379, 0.342683, 0.008172][0.87996, 0.01703, 0.47474][0.94488, 0.32726, 0][-0.246433, 0.340844, 0.021313][0.87996, 0.01703, 0.47474][0.95612, 0.32549, 0][-0.247611, 0.327418, 0.023978][0.87996, 0.01703, 0.47474][0.95783, 0.31369, 0][-0.246433, 0.340844, 0.021313][0.88248, -0.09829, 0.45996][0.95612, 0.32549, 0][-0.239379, 0.342683, 0.008172][0.88248, -0.09829, 0.45996][0.94488, 0.32726, 0][-0.23796, 0.35752, 0.00862][0.88248, -0.09829, 0.45996][0.94441, 0.34038, 0][-0.181205, 0.158312, -0.05277][0.97958, 0.19345, 0.05482][0.87177, 0.16961, 0][-0.16964, 0.095479, -0.037697][0.97958, 0.19345, 0.05482][0.87165, 0.12278, 0][-0.158067, 0.036927, -0.037874][0.97958, 0.19345, 0.05482][0.86412, 0.07965, 0][-0.13829, -0.030633, -0.027238][0.95117, 0.24991, -0.18118][0.85732, 0.03561, 0][-0.151111, 0.006946, -0.042711][0.95117, 0.24991, -0.18118][0.85743, 0.05753, 0][-0.158067, 0.036927, -0.037874][0.95117, 0.24991, -0.18118][0.86412, 0.07965, 0][-0.176476, 0.000191, -0.014697][0.79572, 0.21026, 0.56800][0.88633, 0.05373, 0][-0.172125, -0.032232, -0.00879][0.79572, 0.21026, 0.56800][0.88613, 0.03215, 0][-0.161204, -0.031166, -0.024484][0.79572, 0.21026, 0.56800][0.87218, 0.03160, 0][-0.194831, 0.440931, 0.048603][0.75255, -0.24056, -0.61302][0.96895, 0.93085, 0][-0.199997, 0.442593, 0.041609][0.75255, -0.24056, -0.61302][0.96379, 0.93251, 0][-0.193454, 0.452667, 0.047685][0.78043, -0.13925, -0.60954][0.97032, 0.94257, 0][-0.20221, 0.433942, 0.043822][0.71635, -0.33922, -0.60973][0.96158, 0.92387, 0][-0.199997, 0.442593, 0.041609][0.75255, -0.24056, -0.61302][0.96379, 0.93251, 0][-0.194831, 0.440931, 0.048603][0.75255, -0.24056, -0.61302][0.96895, 0.93085, 0][-0.225819, 0.312015, -0.031963][0.88999, -0.01859, 0.45559][0.91479, 0.30027, 0][-0.229328, 0.298297, -0.025668][0.88999, -0.01859, 0.45559][0.92024, 0.28807, 0][-0.225026, 0.280796, -0.034786][0.88999, -0.01859, 0.45559][0.91227, 0.27246, 0][-0.225819, 0.312015, -0.031963][0.87508, -0.17047, 0.45296][0.91479, 0.30027, 0][-0.219269, 0.331768, -0.037183][0.87508, -0.17047, 0.45296][0.90772, 0.31802, 0][-0.219854, 0.346225, -0.030612][0.87508, -0.17047, 0.45296][0.91173, 0.33095, 0][-0.258519, 0.319493, 0.049162][0.80440, 0.59100, 0.06046][0.97675, 0.30671, 0][-0.228568, 0.276808, 0.067925][0.80440, 0.59100, 0.06046][0.96204, 0.27136, 0][-0.210014, 0.252861, 0.055155][0.80440, 0.59100, 0.06046][0.94333, 0.25216, 0][-0.256414, 0.324324, 0.057648][0.85055, -0.51906, 0.08451][0.97897, 0.31073, 0][-0.258519, 0.319493, 0.049162][0.85055, -0.51906, 0.08451][0.97675, 0.30671, 0][-0.247343, 0.33634, 0.040155][0.85055, -0.51906, 0.08451][0.96511, 0.32115, 0][-0.166694, 0.065791, -0.053511][0.96663, 0.23910, -0.09194][0.86170, 0.09764, 0][-0.158067, 0.036927, -0.037874][0.96663, 0.23910, -0.09194][0.86412, 0.07965, 0][-0.151111, 0.006946, -0.042711][0.96663, 0.23910, -0.09194][0.85743, 0.05753, 0][-0.219854, 0.346225, -0.030612][0.96819, -0.16126, -0.19134][0.91173, 0.33095, 0][-0.222682, 0.319665, -0.022537][0.96819, -0.16126, -0.19134][0.91739, 0.30702, 0][-0.225819, 0.312015, -0.031963][0.96819, -0.16126, -0.19134][0.91479, 0.30027, 0][-0.229328, 0.298297, -0.025668][0.95480, -0.28420, -0.08710][0.92024, 0.28807, 0][-0.225819, 0.312015, -0.031963][0.95480, -0.28420, -0.08710][0.91479, 0.30027, 0][-0.222682, 0.319665, -0.022537][0.95480, -0.28420, -0.08710][0.91739, 0.30702, 0][-0.247343, 0.33634, 0.040155][0.75789, -0.62317, -0.19304][0.96511, 0.32115, 0][-0.23796, 0.35752, 0.00862][0.75789, -0.62317, -0.19304][0.94441, 0.34038, 0][-0.237503, 0.352757, 0.02579][0.75789, -0.62317, -0.19304][0.95191, 0.33553, 0][-0.258519, 0.319493, 0.049162][0.91782, -0.00173, 0.39699][0.97675, 0.30671, 0][-0.247611, 0.327418, 0.023978][0.91782, -0.00173, 0.39699][0.95783, 0.31369, 0][-0.246433, 0.340844, 0.021313][0.91782, -0.00173, 0.39699][0.95612, 0.32549, 0][-0.158067, 0.036927, -0.037874][0.94364, 0.29868, 0.14262][0.86412, 0.07965, 0][-0.158898, 0.035139, -0.028631][0.94364, 0.29868, 0.14262][0.86915, 0.07984, 0][-0.13829, -0.030633, -0.027238][0.94364, 0.29868, 0.14262][0.85732, 0.03561, 0][-0.158898, 0.035139, -0.028631][0.97344, 0.19203, 0.12466][0.86915, 0.07984, 0][-0.158067, 0.036927, -0.037874][0.97344, 0.19203, 0.12466][0.86412, 0.07965, 0][-0.16964, 0.095479, -0.037697][0.97344, 0.19203, 0.12466][0.87165, 0.12278, 0][-0.158898, 0.035139, -0.028631][0.96910, 0.19518, 0.15082][0.86915, 0.07984, 0][-0.16964, 0.095479, -0.037697][0.96910, 0.19518, 0.15082][0.87165, 0.12278, 0][-0.178183, 0.133368, -0.031838][0.96910, 0.19518, 0.15082][0.88024, 0.15232, 0][-0.252467, 0.163761, -0.016393][0.92592, -0.13425, 0.35305][0.93869, 0.17142, 0][-0.236942, 0.239367, -0.02836][0.92592, -0.13425, 0.35305][0.92331, 0.23605, 0][-0.241042, 0.23684, -0.018568][0.92592, -0.13425, 0.35305][0.93099, 0.23423, 0][-0.148144, -0.034759, -0.077549][0.95296, 0.29905, -0.04936][0.83795, 0.01966, 0][-0.162417, 0.00729, -0.098349][0.95296, 0.29905, -0.04936][0.83545, 0.04419, 0][-0.154853, -0.011259, -0.064697][0.95296, 0.29905, -0.04936][0.84859, 0.03878, 0][-0.154853, -0.011259, -0.064697][0.95584, 0.28854, -0.05580][0.84859, 0.03878, 0][-0.162417, 0.00729, -0.098349][0.95584, 0.28854, -0.05580][0.83545, 0.04419, 0][-0.182347, 0.074386, -0.092791][0.95584, 0.28854, -0.05580][0.85099, 0.09523, 0][-0.18702, 0.100516, -0.097698][0.98482, 0.16770, -0.04483][0.85138, 0.11515, 0][-0.194758, 0.149699, -0.083699][0.98482, 0.16770, -0.04483][0.86429, 0.15738, 0][-0.182347, 0.074386, -0.092791][0.98482, 0.16770, -0.04483][0.85099, 0.09523, 0][-0.200772, 0.228708, -0.080102][0.99586, 0.08175, -0.03977][0.87075, 0.22535, 0][-0.197945, 0.197558, -0.073341][0.99586, 0.08175, -0.03977][0.87230, 0.19898, 0][-0.194758, 0.149699, -0.083699][0.99539, 0.07829, -0.05549][0.86429, 0.15738, 0][-0.197945, 0.197558, -0.073341][0.99586, 0.08175, -0.03977][0.87230, 0.19898, 0][-0.200772, 0.228708, -0.080102][0.99586, 0.08175, -0.03977][0.87075, 0.22535, 0][-0.20212, 0.246862, -0.071634][0.99608, 0.08518, -0.02405][0.87642, 0.24178, 0][-0.267469, 0.061562, 0.035565][0.97820, -0.17873, -0.10575][0.96978, 0.09471, 0][-0.272527, 0.044457, 0.017687][0.97820, -0.17873, -0.10575][0.96534, 0.07739, 0][-0.263847, 0.098608, 0.006457][0.97820, -0.17873, -0.10575][0.95571, 0.11968, 0][-0.246433, 0.340844, 0.021313][0.80314, -0.58708, -0.10155][0.95612, 0.32549, 0][-0.247343, 0.33634, 0.040155][0.80314, -0.58708, -0.10155][0.96511, 0.32115, 0][-0.258519, 0.319493, 0.049162][0.80314, -0.58708, -0.10155][0.97675, 0.30671, 0][-0.229328, 0.298297, -0.025668][0.98608, -0.15628, -0.05678][0.92024, 0.28807, 0][-0.234606, 0.260907, -0.014418][0.98608, -0.15628, -0.05678][0.92884, 0.25548, 0][-0.234304, 0.267491, -0.027294][0.98608, -0.15628, -0.05678][0.92246, 0.26076, 0][-0.219854, 0.346225, -0.030612][0.98315, -0.18275, 0.00309][0.91173, 0.33095, 0][-0.210366, 0.397162, -0.036883][0.98315, -0.18275, 0.00309][0.90241, 0.37749, 0][-0.210959, 0.39405, -0.032256][0.98315, -0.18275, 0.00309][0.90521, 0.37431, 0][-0.23796, 0.35752, 0.00862][0.80643, -0.58867, -0.05601][0.94441, 0.34038, 0][-0.232413, 0.366167, -0.002396][0.80643, -0.58867, -0.05601][0.93528, 0.34837, 0][-0.223603, 0.377478, 0.005571][0.80643, -0.58867, -0.05601][0.93293, 0.35767, 0][-0.271853, 0.024257, 0.016637][0.81680, 0.13144, 0.56175][0.96386, 0.06158, 0][-0.259603, 0.041861, -0.005294][0.81680, 0.13144, 0.56175][0.94607, 0.07309, 0][-0.267304, 0.058433, 0.002026][0.81680, 0.13144, 0.56175][0.95519, 0.08632, 0][-0.267304, 0.058433, 0.002026][0.94459, 0.01447, 0.32794][0.95519, 0.08632, 0][-0.272527, 0.044457, 0.017687][0.94459, 0.01447, 0.32794][0.96534, 0.07739, 0][-0.271853, 0.024257, 0.016637][0.94459, 0.01447, 0.32794][0.96386, 0.06158, 0][-0.272527, 0.044457, 0.017687][0.96804, -0.10825, 0.22624][0.96534, 0.07739, 0][-0.267304, 0.058433, 0.002026][0.96804, -0.10825, 0.22624][0.95519, 0.08632, 0][-0.263847, 0.098608, 0.006457][0.96804, -0.10825, 0.22624][0.95571, 0.11968, 0][-0.260427, 0.08183, -0.009861][0.87777, -0.01472, 0.47885][0.94553, 0.10399, 0][-0.267304, 0.058433, 0.002026][0.87777, -0.01472, 0.47885][0.95519, 0.08632, 0][-0.259603, 0.041861, -0.005294][0.77838, 0.08709, 0.62173][0.94607, 0.07309, 0][-0.267304, 0.058433, 0.002026][0.87777, -0.01472, 0.47885][0.95519, 0.08632, 0][-0.260427, 0.08183, -0.009861][0.87777, -0.01472, 0.47885][0.94553, 0.10399, 0][-0.263847, 0.098608, 0.006457][0.94148, -0.11592, 0.31651][0.95571, 0.11968, 0][-0.260104, 0.11989, -0.005079][0.96925, -0.03876, 0.24299][0.94839, 0.13569, 0][-0.263847, 0.098608, 0.006457][0.96925, -0.03876, 0.24299][0.95571, 0.11968, 0][-0.260427, 0.08183, -0.009861][0.96925, -0.03876, 0.24299][0.94553, 0.10399, 0][-0.260104, 0.11989, -0.005079][0.95161, -0.19828, 0.23480][0.94839, 0.13569, 0][-0.255276, 0.1295, -0.016531][0.95161, -0.19828, 0.23480][0.93988, 0.14257, 0][-0.255166, 0.148943, -0.000558][0.95161, -0.19828, 0.23480][0.94761, 0.16069, 0][-0.255276, 0.1295, -0.016531][0.93508, -0.05199, 0.35059][0.93988, 0.14257, 0][-0.260104, 0.11989, -0.005079][0.93508, -0.05199, 0.35059][0.94839, 0.13569, 0][-0.260427, 0.08183, -0.009861][0.93508, -0.05199, 0.35059][0.94553, 0.10399, 0][-0.223534, 0.381776, -0.006707][0.83325, -0.52329, -0.17850][0.92702, 0.36222, 0][-0.223603, 0.377478, 0.005571][0.83325, -0.52329, -0.17850][0.93293, 0.35767, 0][-0.232413, 0.366167, -0.002396][0.83325, -0.52329, -0.17850][0.93528, 0.34837, 0][-0.263847, 0.098608, 0.006457][0.98561, -0.16882, 0.00835][0.95571, 0.11968, 0][-0.260104, 0.11989, -0.005079][0.98561, -0.16882, 0.00835][0.94839, 0.13569, 0][-0.255166, 0.148943, -0.000558][0.98561, -0.16882, 0.00835][0.94761, 0.16069, 0][-0.241042, 0.23684, -0.018568][0.98781, -0.15370, 0.02454][0.93099, 0.23423, 0][-0.255166, 0.148943, -0.000558][0.98781, -0.15370, 0.02454][0.94761, 0.16069, 0][-0.252467, 0.163761, -0.016393][0.98781, -0.15370, 0.02454][0.93869, 0.17142, 0][-0.198206, 0.431366, 0.050853][0.69235, -0.45418, -0.56068][0.96557, 0.92129, 0][-0.20221, 0.433942, 0.043822][0.69235, -0.45418, -0.56068][0.96158, 0.92387, 0][-0.194831, 0.440931, 0.048603][0.73157, -0.38972, -0.55940][0.96895, 0.93085, 0][-0.205042, 0.427313, 0.046654][0.64919, -0.51606, -0.55877][0.95875, 0.91724, 0][-0.20221, 0.433942, 0.043822][0.69235, -0.45418, -0.56068][0.96158, 0.92387, 0][-0.198206, 0.431366, 0.050853][0.69235, -0.45418, -0.56068][0.96557, 0.92129, 0][-0.190156, 0.439427, 0.059205][0.86485, -0.27454, -0.42031][0.97361, 0.92934, 0][-0.194831, 0.440931, 0.048603][0.86485, -0.27454, -0.42031][0.96895, 0.93085, 0][-0.188147, 0.452667, 0.058536][0.89525, -0.15691, -0.41702][0.97562, 0.94257, 0][-0.198206, 0.431366, 0.050853][0.82168, -0.38811, -0.41738][0.96557, 0.92129, 0][-0.194831, 0.440931, 0.048603][0.86485, -0.27454, -0.42031][0.96895, 0.93085, 0][-0.190156, 0.439427, 0.059205][0.86485, -0.27454, -0.42031][0.97361, 0.92934, 0][-0.234304, 0.267491, -0.027294][0.99543, -0.09246, -0.02393][0.92246, 0.26076, 0][-0.234606, 0.260907, -0.014418][0.99543, -0.09246, -0.02393][0.92884, 0.25548, 0][-0.236942, 0.239367, -0.02836][0.99543, -0.09246, -0.02393][0.92331, 0.23605, 0][-0.199138, 0.421615, 0.072924][0.75731, -0.64314, -0.11334][0.96465, 0.91155, 0][-0.199997, 0.422443, 0.062486][0.75731, -0.64314, -0.11334][0.96379, 0.91238, 0][-0.193454, 0.428308, 0.072924][0.75731, -0.64314, -0.11334][0.97032, 0.91824, 0][-0.199997, 0.422443, 0.083362][0.77493, -0.62184, 0.11310][0.96379, 0.91238, 0][-0.199138, 0.421615, 0.072924][0.77493, -0.62184, 0.11310][0.96465, 0.91155, 0][-0.194831, 0.429194, 0.085084][0.77493, -0.62184, 0.11310][0.96895, 0.91912, 0][-0.20221, 0.424579, 0.053523][0.64767, -0.57758, -0.49692][0.96158, 0.91451, 0][-0.205042, 0.427313, 0.046654][0.64767, -0.57758, -0.49692][0.95875, 0.91724, 0][-0.198206, 0.431366, 0.050853][0.64767, -0.57758, -0.49692][0.96557, 0.92129, 0][-0.228568, 0.276808, 0.067925][0.81843, 0.38795, -0.42387][0.96204, 0.27136, 0][-0.258519, 0.319493, 0.049162][0.81843, 0.38795, -0.42387][0.97675, 0.30671, 0][-0.256414, 0.324324, 0.057648][0.81843, 0.38795, -0.42387][0.97897, 0.31073, 0][-0.193454, 0.428308, 0.072924][0.83186, -0.53870, -0.13345][0.97032, 0.91824, 0][-0.194831, 0.429194, 0.060764][0.83186, -0.53870, -0.13345][0.96895, 0.91912, 0][-0.188147, 0.43878, 0.072924][0.88410, -0.44804, -0.13276][0.97562, 0.92870, 0][-0.199997, 0.422443, 0.062486][0.77052, -0.62346, -0.13268][0.96379, 0.91238, 0][-0.194831, 0.429194, 0.060764][0.83186, -0.53870, -0.13345][0.96895, 0.91912, 0][-0.193454, 0.428308, 0.072924][0.83186, -0.53870, -0.13345][0.97032, 0.91824, 0][-0.199138, 0.421615, 0.072924][0.75552, -0.64162, 0.13231][0.96465, 0.91155, 0][-0.193454, 0.428308, 0.072924][0.83139, -0.53943, 0.13345][0.97032, 0.91824, 0][-0.194831, 0.429194, 0.085084][0.83139, -0.53943, 0.13345][0.96895, 0.91912, 0][-0.194831, 0.429194, 0.085084][0.83139, -0.53943, 0.13345][0.96895, 0.91912, 0][-0.193454, 0.428308, 0.072924][0.83139, -0.53943, 0.13345][0.97032, 0.91824, 0][-0.190156, 0.439427, 0.086643][0.89378, -0.42851, 0.13243][0.97361, 0.92934, 0][-0.23796, 0.35752, 0.00862][0.86388, -0.49774, -0.07726][0.94441, 0.34038, 0][-0.247343, 0.33634, 0.040155][0.86388, -0.49774, -0.07726][0.96511, 0.32115, 0][-0.246433, 0.340844, 0.021313][0.86388, -0.49774, -0.07726][0.95612, 0.32549, 0][-0.199997, 0.422443, 0.062486][0.70951, -0.62565, -0.32428][0.96379, 0.91238, 0][-0.20221, 0.424579, 0.053523][0.70951, -0.62565, -0.32428][0.96158, 0.91451, 0][-0.194831, 0.429194, 0.060764][0.70951, -0.62565, -0.32428][0.96895, 0.91912, 0][-0.194831, 0.429194, 0.060764][0.77671, -0.50581, -0.37534][0.96895, 0.91912, 0][-0.198206, 0.431366, 0.050853][0.77671, -0.50581, -0.37534][0.96557, 0.92129, 0][-0.190156, 0.439427, 0.059205][0.82066, -0.43192, -0.37411][0.97361, 0.92934, 0][-0.20221, 0.424579, 0.053523][0.72702, -0.57595, -0.37379][0.96158, 0.91451, 0][-0.198206, 0.431366, 0.050853][0.77671, -0.50581, -0.37534][0.96557, 0.92129, 0][-0.194831, 0.429194, 0.060764][0.77671, -0.50581, -0.37534][0.96895, 0.91912, 0][-0.252467, 0.163761, -0.016393][0.99234, -0.08173, 0.09265][0.93869, 0.17142, 0][-0.255166, 0.148943, -0.000558][0.99234, -0.08173, 0.09265][0.94761, 0.16069, 0][-0.255276, 0.1295, -0.016531][0.99234, -0.08173, 0.09265][0.93988, 0.14257, 0][-0.168138, 0.053, -0.115373][0.90791, 0.24129, 0.34276][0.82944, 0.07593, 0][-0.182347, 0.074386, -0.092791][0.90791, 0.24129, 0.34276][0.85099, 0.09523, 0][-0.162417, 0.00729, -0.098349][0.90791, 0.24129, 0.34276][0.83545, 0.04419, 0][-0.182347, 0.074386, -0.092791][0.90684, 0.22866, 0.35405][0.85099, 0.09523, 0][-0.168138, 0.053, -0.115373][0.90684, 0.22866, 0.35405][0.82944, 0.07593, 0][-0.18702, 0.100516, -0.097698][0.90684, 0.22866, 0.35405][0.85138, 0.11515, 0][-0.260936, -0.018857, 0.018765][0.76366, 0.22327, 0.60578][0.95602, 0.03115, 0][-0.259603, 0.041861, -0.005294][0.76366, 0.22327, 0.60578][0.94607, 0.07309, 0][-0.271853, 0.024257, 0.016637][0.76366, 0.22327, 0.60578][0.96386, 0.06158, 0][-0.151111, 0.006946, -0.042711][0.89716, 0.39083, 0.20581][0.85743, 0.05753, 0][-0.13829, -0.030633, -0.027238][0.89716, 0.39083, 0.20581][0.85732, 0.03561, 0][-0.136336, -0.030874, -0.035298][0.89716, 0.39083, 0.20581][0.85228, 0.03410, 0][-0.150593, -0.013734, -0.106127][0.80744, 0.25779, 0.53065][0.82408, 0.02847, 0][-0.14444, -0.000429, -0.121953][0.80744, 0.25779, 0.53065][0.81146, 0.03638, 0][-0.162417, 0.00729, -0.098349][0.80744, 0.25779, 0.53065][0.83545, 0.04419, 0][-0.168138, 0.053, -0.115373][0.80438, 0.29314, 0.51676][0.82944, 0.07593, 0][-0.162417, 0.00729, -0.098349][0.80438, 0.29314, 0.51676][0.83545, 0.04419, 0][-0.14444, -0.000429, -0.121953][0.80438, 0.29314, 0.51676][0.81146, 0.03638, 0][-0.272527, 0.044457, 0.017687][0.99035, 0.02597, 0.13611][0.96534, 0.07739, 0][-0.277319, 0.034692, 0.054417][0.99035, 0.02597, 0.13611][0.98362, 0.07598, 0][-0.271853, 0.024257, 0.016637][0.99035, 0.02597, 0.13611][0.96386, 0.06158, 0][-0.150593, -0.013734, -0.106127][0.88230, 0.41204, 0.22753][0.82408, 0.02847, 0][-0.162417, 0.00729, -0.098349][0.88230, 0.41204, 0.22753][0.83545, 0.04419, 0][-0.148144, -0.034759, -0.077549][0.88230, 0.41204, 0.22753][0.83795, 0.01966, 0][-0.260936, -0.018857, 0.018765][0.86346, 0.33669, 0.37561][0.95602, 0.03115, 0][-0.271819, -0.019098, 0.043999][0.86346, 0.33669, 0.37561][0.97399, 0.03445, 0][-0.255578, -0.041016, 0.032574][0.82929, 0.42594, 0.36173][0.95762, 0.01886, 0][-0.271819, -0.019098, 0.043999][0.86346, 0.33669, 0.37561][0.97399, 0.03445, 0][-0.260936, -0.018857, 0.018765][0.86346, 0.33669, 0.37561][0.95602, 0.03115, 0][-0.271853, 0.024257, 0.016637][0.88957, 0.24430, 0.38599][0.96386, 0.06158, 0][-0.259134, -0.040844, 0.067775][0.92441, 0.16144, -0.34553][0.97419, 0.02616, 0][-0.271819, -0.019098, 0.043999][0.92441, 0.16144, -0.34553][0.97399, 0.03445, 0][-0.277319, 0.034692, 0.054417][0.92441, 0.16144, -0.34553][0.98362, 0.07598, 0][-0.148144, -0.034759, -0.077549][0.76253, 0.55058, 0.33972][0.83795, 0.01966, 0][-0.132653, -0.035893, -0.110482][0.76253, 0.55058, 0.33972][0.81117, 0.01423, 0][-0.150593, -0.013734, -0.106127][0.76253, 0.55058, 0.33972][0.82408, 0.02847, 0][-0.255578, -0.041016, 0.032574][0.72506, 0.48191, 0.49199][0.95762, 0.01886, 0][-0.238726, -0.039349, 0.006106][0.72506, 0.48191, 0.49199][0.93508, 0.01737, 0][-0.260936, -0.018857, 0.018765][0.72506, 0.48191, 0.49199][0.95602, 0.03115, 0][-0.271819, -0.019098, 0.043999][0.82040, 0.56615, 0.08011][0.97399, 0.03445, 0][-0.259134, -0.040844, 0.067775][0.82040, 0.56615, 0.08011][0.97419, 0.02616, 0][-0.255578, -0.041016, 0.032574][0.82040, 0.56615, 0.08011][0.95762, 0.01886, 0][0.257002, 0.487878, 0.085084][0.60148, 0.76551, 0.22851][0.95683, 0.97655, 0][0.264002, 0.482892, 0.083362][0.60148, 0.76551, 0.22851][0.96382, 0.97157, 0][0.257922, 0.489207, 0.072924][0.59639, 0.79182, 0.13166][0.95775, 0.97787, 0][0.261782, 0.480756, 0.092325][0.60049, 0.73147, 0.32305][0.96161, 0.96943, 0][0.264002, 0.482892, 0.083362][0.60148, 0.76551, 0.22851][0.96382, 0.97157, 0][0.257002, 0.487878, 0.085084][0.60148, 0.76551, 0.22851][0.95683, 0.97655, 0][0.254752, 0.484621, 0.094995][0.55500, 0.70966, 0.43400][0.95459, 0.97329, 0][0.261782, 0.480756, 0.092325][0.55500, 0.70966, 0.43400][0.96161, 0.96943, 0][0.257002, 0.487878, 0.085084][0.55160, 0.74717, 0.37076][0.95683, 0.97655, 0][0.258952, 0.478022, 0.099193][0.55538, 0.66831, 0.49489][0.95878, 0.96670, 0][0.261782, 0.480756, 0.092325][0.55500, 0.70966, 0.43400][0.96161, 0.96943, 0][0.254752, 0.484621, 0.094995][0.55500, 0.70966, 0.43400][0.95459, 0.97329, 0][-0.262626, 0.482892, 0.083362][-0.60210, 0.76054, 0.24301][0.90124, 0.97275, 0][-0.255633, 0.487878, 0.085084][-0.60210, 0.76054, 0.24301][0.90822, 0.97773, 0][-0.263484, 0.48372, 0.072924][-0.59503, 0.79585, 0.11204][0.90038, 0.97358, 0][-0.253383, 0.484621, 0.094995][-0.59806, 0.71119, 0.36949][0.91047, 0.97448, 0][-0.255633, 0.487878, 0.085084][-0.60210, 0.76054, 0.24301][0.90822, 0.97773, 0][-0.262626, 0.482892, 0.083362][-0.60210, 0.76054, 0.24301][0.90124, 0.97275, 0][-0.260414, 0.480756, 0.092325][-0.55512, 0.70564, 0.44035][0.90345, 0.97062, 0][-0.253383, 0.484621, 0.094995][-0.55512, 0.70564, 0.44035][0.91047, 0.97448, 0][-0.262626, 0.482892, 0.083362][-0.54675, 0.77399, 0.31938][0.90124, 0.97275, 0][-0.250712, 0.480756, 0.102026][-0.55273, 0.62363, 0.55279][0.91314, 0.97062, 0][-0.253383, 0.484621, 0.094995][-0.55512, 0.70564, 0.44035][0.91047, 0.97448, 0][-0.260414, 0.480756, 0.092325][-0.55512, 0.70564, 0.44035][0.90345, 0.97062, 0][0.252082, 0.480756, 0.102026][0.49496, 0.66830, 0.55533][0.95192, 0.96943, 0][0.258952, 0.478022, 0.099193][0.49496, 0.66830, 0.55533][0.95878, 0.96670, 0][0.254752, 0.484621, 0.094995][0.49496, 0.66830, 0.55533][0.95459, 0.97329, 0][-0.257583, 0.478022, 0.099193][-0.48904, 0.72224, 0.48909][0.90627, 0.96789, 0][-0.250712, 0.480756, 0.102026][-0.48904, 0.72224, 0.48909][0.91314, 0.97062, 0][-0.260414, 0.480756, 0.092325][-0.48904, 0.72224, 0.48909][0.90345, 0.97062, 0][0.244842, 0.487878, 0.097245][0.37040, 0.79391, 0.48219][0.94469, 0.97655, 0][0.254752, 0.484621, 0.094995][0.37040, 0.79391, 0.48219][0.95459, 0.97329, 0][0.246402, 0.49239, 0.086643][0.36742, 0.83508, 0.40946][0.94625, 0.98105, 0][0.252082, 0.480756, 0.102026][0.37080, 0.74720, 0.55155][0.95192, 0.96943, 0][0.254752, 0.484621, 0.094995][0.37040, 0.79391, 0.48219][0.95459, 0.97329, 0][0.244842, 0.487878, 0.097245][0.37040, 0.79391, 0.48219][0.94469, 0.97655, 0][0.257002, 0.487878, 0.060764][0.60172, 0.76082, -0.24307][0.95683, 0.97655, 0][0.264002, 0.482892, 0.062486][0.60172, 0.76082, -0.24307][0.96382, 0.97157, 0][0.254752, 0.484621, 0.050853][0.59769, 0.71150, -0.36950][0.95459, 0.97329, 0][0.264862, 0.48372, 0.072924][0.59465, 0.79612, -0.11215][0.96468, 0.97239, 0][0.264002, 0.482892, 0.062486][0.60172, 0.76082, -0.24307][0.96382, 0.97157, 0][0.257002, 0.487878, 0.060764][0.60172, 0.76082, -0.24307][0.95683, 0.97655, 0][-0.253383, 0.484621, 0.094995][-0.37042, 0.79169, 0.48581][0.91047, 0.97448, 0][-0.243471, 0.487878, 0.097245][-0.37042, 0.79169, 0.48581][0.92037, 0.97773, 0][-0.255633, 0.487878, 0.085084][-0.36432, 0.85704, 0.36435][0.90822, 0.97773, 0][-0.241749, 0.482892, 0.104239][-0.36946, 0.71125, 0.59801][0.92209, 0.97275, 0][-0.243471, 0.487878, 0.097245][-0.37042, 0.79169, 0.48581][0.92037, 0.97773, 0][-0.253383, 0.484621, 0.094995][-0.37042, 0.79169, 0.48581][0.91047, 0.97448, 0][0.243122, 0.482892, 0.104239][0.32274, 0.73138, 0.60077][0.94297, 0.97157, 0][0.252082, 0.480756, 0.102026][0.32274, 0.73138, 0.60077][0.95192, 0.96943, 0][0.244842, 0.487878, 0.097245][0.32274, 0.73138, 0.60077][0.94469, 0.97655, 0][-0.262626, 0.482892, 0.062486][-0.60186, 0.76531, -0.22820][0.90124, 0.97275, 0][-0.255633, 0.487878, 0.060764][-0.60186, 0.76531, -0.22820][0.90822, 0.97773, 0][-0.260414, 0.480756, 0.053523][-0.60089, 0.73135, -0.32258][0.90345, 0.97062, 0][-0.25655, 0.489207, 0.072924][-0.59677, 0.79156, -0.13152][0.90731, 0.97906, 0][-0.255633, 0.487878, 0.060764][-0.60186, 0.76531, -0.22820][0.90822, 0.97773, 0][-0.262626, 0.482892, 0.062486][-0.60186, 0.76531, -0.22820][0.90124, 0.97275, 0][-0.250712, 0.480756, 0.102026][-0.31944, 0.77394, 0.54679][0.91314, 0.97062, 0][-0.241749, 0.482892, 0.104239][-0.31944, 0.77394, 0.54679][0.92209, 0.97275, 0][-0.253383, 0.484621, 0.094995][-0.31944, 0.77394, 0.54679][0.91047, 0.97448, 0][0.254752, 0.484621, 0.050853][0.55518, 0.70548, -0.44053][0.95459, 0.97329, 0][0.261782, 0.480756, 0.053523][0.55518, 0.70548, -0.44053][0.96161, 0.96943, 0][0.252082, 0.480756, 0.043822][0.55279, 0.62363, -0.55273][0.95192, 0.96943, 0][0.264002, 0.482892, 0.062486][0.54686, 0.77373, -0.31984][0.96382, 0.97157, 0][0.261782, 0.480756, 0.053523][0.55518, 0.70548, -0.44053][0.96161, 0.96943, 0][0.254752, 0.484621, 0.050853][0.55518, 0.70548, -0.44053][0.95459, 0.97329, 0][-0.260414, 0.480756, 0.053523][-0.55494, 0.70970, -0.43400][0.90345, 0.97062, 0][-0.253383, 0.484621, 0.050853][-0.55494, 0.70970, -0.43400][0.91047, 0.97448, 0][-0.257583, 0.478022, 0.046654][-0.55533, 0.66835, -0.49489][0.90627, 0.96789, 0][-0.255633, 0.487878, 0.060764][-0.55155, 0.74722, -0.37077][0.90822, 0.97773, 0][-0.253383, 0.484621, 0.050853][-0.55494, 0.70970, -0.43400][0.91047, 0.97448, 0][-0.260414, 0.480756, 0.053523][-0.55494, 0.70970, -0.43400][0.90345, 0.97062, 0][0.232682, 0.489207, 0.098163][0.13143, 0.84850, 0.51261][0.93254, 0.97787, 0][0.244842, 0.487878, 0.097245][0.13143, 0.84850, 0.51261][0.94469, 0.97655, 0][0.232682, 0.494329, 0.087312][0.12995, 0.89665, 0.42325][0.93254, 0.98299, 0][0.243122, 0.482892, 0.104239][0.13156, 0.79161, 0.59669][0.94297, 0.97157, 0][0.244842, 0.487878, 0.097245][0.13143, 0.84850, 0.51261][0.94469, 0.97655, 0][0.232682, 0.489207, 0.098163][0.13143, 0.84850, 0.51261][0.93254, 0.97787, 0][-0.243471, 0.487878, 0.097245][-0.13145, 0.84785, 0.51369][0.92037, 0.97773, 0][-0.231312, 0.489207, 0.098163][-0.13145, 0.84785, 0.51369][0.93251, 0.97906, 0][-0.245032, 0.49239, 0.086643][-0.12949, 0.90538, 0.40438][0.91881, 0.98224, 0][-0.231312, 0.48372, 0.105097][-0.13141, 0.77738, 0.61515][0.93251, 0.97358, 0][-0.231312, 0.489207, 0.098163][-0.13145, 0.84785, 0.51369][0.93251, 0.97906, 0][-0.243471, 0.487878, 0.097245][-0.13145, 0.84785, 0.51369][0.92037, 0.97773, 0][0.261782, 0.480756, 0.053523][0.48903, 0.72232, -0.48898][0.96161, 0.96943, 0][0.258952, 0.478022, 0.046654][0.48903, 0.72232, -0.48898][0.95878, 0.96670, 0][0.252082, 0.480756, 0.043822][0.48903, 0.72232, -0.48898][0.95192, 0.96943, 0][0.244842, 0.487878, 0.048603][0.37049, 0.79168, -0.48578][0.94469, 0.97655, 0][0.254752, 0.484621, 0.050853][0.37049, 0.79168, -0.48578][0.95459, 0.97329, 0][0.243122, 0.482892, 0.041609][0.36953, 0.71128, -0.59794][0.94297, 0.97157, 0][0.257002, 0.487878, 0.060764][0.36439, 0.85701, -0.36436][0.95683, 0.97655, 0][0.254752, 0.484621, 0.050853][0.37049, 0.79168, -0.48578][0.95459, 0.97329, 0][0.244842, 0.487878, 0.048603][0.37049, 0.79168, -0.48578][0.94469, 0.97655, 0][-0.253383, 0.484621, 0.050853][-0.49485, 0.66834, -0.55538][0.91047, 0.97448, 0][-0.250712, 0.480756, 0.043822][-0.49485, 0.66834, -0.55538][0.91314, 0.97062, 0][-0.257583, 0.478022, 0.046654][-0.49485, 0.66834, -0.55538][0.90627, 0.96789, 0][-0.253383, 0.484621, 0.050853][-0.37034, 0.79392, -0.48222][0.91047, 0.97448, 0][-0.243471, 0.487878, 0.048603][-0.37034, 0.79392, -0.48222][0.92037, 0.97773, 0][-0.250712, 0.480756, 0.043822][-0.37073, 0.74721, -0.55158][0.91314, 0.97062, 0][-0.245032, 0.49239, 0.059205][-0.36736, 0.83509, -0.40949][0.91881, 0.98224, 0][-0.243471, 0.487878, 0.048603][-0.37034, 0.79392, -0.48222][0.92037, 0.97773, 0][-0.253383, 0.484621, 0.050853][-0.37034, 0.79392, -0.48222][0.91047, 0.97448, 0][0.232682, 0.48372, 0.105097][0.11247, 0.77920, 0.61660][0.93254, 0.97239, 0][0.243122, 0.482892, 0.104239][0.11247, 0.77920, 0.61660][0.94297, 0.97157, 0][0.232682, 0.489207, 0.098163][0.11247, 0.77920, 0.61660][0.93254, 0.97787, 0][0.222252, 0.482892, 0.104239][-0.11213, 0.79581, 0.59507][0.92213, 0.97157, 0][0.232682, 0.48372, 0.105097][-0.11213, 0.79581, 0.59507][0.93254, 0.97239, 0][0.220522, 0.487878, 0.097245][-0.11213, 0.79581, 0.59507][0.92040, 0.97655, 0][-0.231312, 0.48372, 0.105097][0.11248, 0.77920, 0.61660][0.93251, 0.97358, 0][-0.220873, 0.482892, 0.104239][0.11248, 0.77920, 0.61660][0.94294, 0.97275, 0][-0.231312, 0.489207, 0.098163][0.11248, 0.77920, 0.61660][0.93251, 0.97906, 0][-0.241749, 0.482892, 0.104239][-0.11205, 0.79589, 0.59498][0.92209, 0.97275, 0][-0.231312, 0.48372, 0.105097][-0.11205, 0.79589, 0.59498][0.93251, 0.97358, 0][-0.243471, 0.487878, 0.097245][-0.11205, 0.79589, 0.59498][0.92037, 0.97773, 0][0.232682, 0.494329, 0.087312][0.14772, 0.94803, 0.28181][0.93254, 0.98299, 0][0.246402, 0.49239, 0.086643][0.14772, 0.94803, 0.28181][0.94625, 0.98105, 0][0.232682, 0.496583, 0.072924][0.14560, 0.97742, 0.15312][0.93254, 0.98524, 0][0.244842, 0.487878, 0.097245][0.14727, 0.90211, 0.40559][0.94469, 0.97655, 0][0.246402, 0.49239, 0.086643][0.14772, 0.94803, 0.28181][0.94625, 0.98105, 0][0.232682, 0.494329, 0.087312][0.14772, 0.94803, 0.28181][0.93254, 0.98299, 0][0.246402, 0.49239, 0.086643][0.41029, 0.87438, 0.25907][0.94625, 0.98105, 0][0.257002, 0.487878, 0.085084][0.41029, 0.87438, 0.25907][0.95683, 0.97655, 0][0.247072, 0.494329, 0.072924][0.40565, 0.90208, 0.14731][0.94691, 0.98299, 0][0.254752, 0.484621, 0.094995][0.40949, 0.83507, 0.36739][0.95459, 0.97329, 0][0.257002, 0.487878, 0.085084][0.41029, 0.87438, 0.25907][0.95683, 0.97655, 0][0.246402, 0.49239, 0.086643][0.41029, 0.87438, 0.25907][0.94625, 0.98105, 0][0.232682, 0.489207, 0.098163][-0.14700, 0.89449, 0.42223][0.93254, 0.97787, 0][0.232682, 0.494329, 0.087312][-0.14775, 0.94652, 0.28684][0.93254, 0.98299, 0][0.218962, 0.49239, 0.086643][-0.14775, 0.94652, 0.28684][0.91884, 0.98105, 0][0.218962, 0.49239, 0.086643][-0.14775, 0.94652, 0.28684][0.91884, 0.98105, 0][0.232682, 0.494329, 0.087312][-0.14775, 0.94652, 0.28684][0.93254, 0.98299, 0][0.218292, 0.494329, 0.072924][-0.14540, 0.97863, 0.14542][0.91817, 0.98299, 0][0.220522, 0.487878, 0.097245][-0.40774, 0.81702, 0.40771][0.92040, 0.97655, 0][0.218962, 0.49239, 0.086643][-0.41048, 0.87051, 0.27153][0.91884, 0.98105, 0][0.208362, 0.487878, 0.085084][-0.41048, 0.87051, 0.27153][0.90825, 0.97655, 0][0.208362, 0.487878, 0.085084][-0.41048, 0.87051, 0.27153][0.90825, 0.97655, 0][0.218962, 0.49239, 0.086643][-0.41048, 0.87051, 0.27153][0.91884, 0.98105, 0][0.207442, 0.489207, 0.072924][-0.40443, 0.90535, 0.12955][0.90734, 0.97787, 0][-0.231312, 0.494329, 0.087312][0.14773, 0.94803, 0.28180][0.93251, 0.98418, 0][-0.217593, 0.49239, 0.086643][0.14773, 0.94803, 0.28180][0.94621, 0.98224, 0][-0.231312, 0.496583, 0.072924][0.14561, 0.97742, 0.15312][0.93251, 0.98643, 0][-0.219151, 0.487878, 0.097245][0.14728, 0.90212, 0.40557][0.94466, 0.97773, 0][-0.217593, 0.49239, 0.086643][0.14773, 0.94803, 0.28180][0.94621, 0.98224, 0][-0.231312, 0.494329, 0.087312][0.14773, 0.94803, 0.28180][0.93251, 0.98418, 0][-0.217593, 0.49239, 0.086643][0.41023, 0.87441, 0.25907][0.94621, 0.98224, 0][-0.206991, 0.487878, 0.085084][0.41023, 0.87441, 0.25907][0.95680, 0.97773, 0][-0.216923, 0.494329, 0.072924][0.40558, 0.90211, 0.14731][0.94688, 0.98418, 0][-0.209241, 0.484621, 0.094995][0.40943, 0.83510, 0.36738][0.95455, 0.97448, 0][-0.206991, 0.487878, 0.085084][0.41023, 0.87441, 0.25907][0.95680, 0.97773, 0][-0.217593, 0.49239, 0.086643][0.41023, 0.87441, 0.25907][0.94621, 0.98224, 0][-0.231312, 0.489207, 0.098163][-0.14700, 0.89449, 0.42223][0.93251, 0.97906, 0][-0.231312, 0.494329, 0.087312][-0.14775, 0.94652, 0.28683][0.93251, 0.98418, 0][-0.245032, 0.49239, 0.086643][-0.14775, 0.94652, 0.28683][0.91881, 0.98224, 0][-0.245032, 0.49239, 0.086643][-0.14775, 0.94652, 0.28683][0.91881, 0.98224, 0][-0.231312, 0.494329, 0.087312][-0.14775, 0.94652, 0.28683][0.93251, 0.98418, 0][-0.2457, 0.494329, 0.072924][-0.14540, 0.97863, 0.14540][0.91814, 0.98418, 0][-0.243471, 0.487878, 0.097245][-0.40771, 0.81702, 0.40774][0.92037, 0.97773, 0][-0.245032, 0.49239, 0.086643][-0.41044, 0.87053, 0.27150][0.91881, 0.98224, 0][-0.255633, 0.487878, 0.085084][-0.41044, 0.87053, 0.27150][0.90822, 0.97773, 0][-0.255633, 0.487878, 0.085084][-0.41044, 0.87053, 0.27150][0.90822, 0.97773, 0][-0.245032, 0.49239, 0.086643][-0.41044, 0.87053, 0.27150][0.91881, 0.98224, 0][-0.25655, 0.489207, 0.072924][-0.40439, 0.90538, 0.12945][0.90731, 0.97906, 0][-0.219585, 0.371547, 0.02212][-0.68642, 0.69583, 0.21130][0.93774, 0.35138, 0][-0.23796, 0.35752, 0.00862][-0.68642, 0.69583, 0.21130][0.94441, 0.34038, 0][-0.237503, 0.352757, 0.02579][-0.68642, 0.69583, 0.21130][0.95191, 0.33553, 0][0.254752, 0.484621, 0.050853][0.31954, 0.77391, -0.54677][0.95459, 0.97329, 0][0.252082, 0.480756, 0.043822][0.31954, 0.77391, -0.54677][0.95192, 0.96943, 0][0.243122, 0.482892, 0.041609][0.31954, 0.77391, -0.54677][0.94297, 0.97157, 0][-0.206073, 0.489207, 0.072924][0.62045, 0.78419, -0.00950][0.95772, 0.97906, 0][-0.199138, 0.48372, 0.072924][0.62045, 0.78419, -0.00950][0.96465, 0.97358, 0][-0.206991, 0.487878, 0.060764][0.61510, 0.77742, -0.13140][0.95680, 0.97773, 0][-0.199997, 0.482892, 0.083362][0.61654, 0.77924, 0.11255][0.96379, 0.97275, 0][-0.199138, 0.48372, 0.072924][0.62045, 0.78419, -0.00950][0.96465, 0.97358, 0][-0.206073, 0.489207, 0.072924][0.62045, 0.78419, -0.00950][0.95772, 0.97906, 0][-0.206991, 0.487878, 0.085084][0.42328, 0.89663, 0.12995][0.95680, 0.97773, 0][-0.206073, 0.489207, 0.072924][0.42688, 0.90427, -0.00863][0.95772, 0.97906, 0][-0.216923, 0.494329, 0.072924][0.42688, 0.90427, -0.00863][0.94688, 0.98418, 0][-0.216923, 0.494329, 0.072924][0.42688, 0.90427, -0.00863][0.94688, 0.98418, 0][-0.206073, 0.489207, 0.072924][0.42688, 0.90427, -0.00863][0.95772, 0.97906, 0][-0.217593, 0.49239, 0.059205][0.42226, 0.89447, -0.14704][0.94621, 0.98224, 0][-0.217593, 0.49239, 0.086643][0.15311, 0.97742, 0.14562][0.94621, 0.98224, 0][-0.216923, 0.494329, 0.072924][0.15476, 0.98795, -0.00371][0.94688, 0.98418, 0][-0.231312, 0.496583, 0.072924][0.15476, 0.98795, -0.00371][0.93251, 0.98643, 0][-0.231312, 0.496583, 0.072924][0.15476, 0.98795, -0.00371][0.93251, 0.98643, 0][-0.216923, 0.494329, 0.072924][0.15476, 0.98795, -0.00371][0.94688, 0.98418, 0][-0.231312, 0.494329, 0.058536][0.15294, 0.97633, -0.15295][0.93251, 0.98418, 0][-0.231312, 0.494329, 0.087312][-0.15295, 0.97633, 0.15295][0.93251, 0.98418, 0][-0.231312, 0.496583, 0.072924][-0.15477, 0.98794, 0.00372][0.93251, 0.98643, 0][-0.2457, 0.494329, 0.072924][-0.15477, 0.98794, 0.00372][0.91814, 0.98418, 0][-0.2457, 0.494329, 0.072924][-0.15477, 0.98794, 0.00372][0.91814, 0.98418, 0][-0.231312, 0.496583, 0.072924][-0.15477, 0.98794, 0.00372][0.93251, 0.98643, 0][-0.245032, 0.49239, 0.059205][-0.15312, 0.97742, -0.14560][0.91881, 0.98224, 0][-0.245032, 0.49239, 0.086643][-0.42226, 0.89448, 0.14698][0.91881, 0.98224, 0][-0.2457, 0.494329, 0.072924][-0.42688, 0.90427, 0.00862][0.91814, 0.98418, 0][-0.25655, 0.489207, 0.072924][-0.42688, 0.90427, 0.00862][0.90731, 0.97906, 0][-0.25655, 0.489207, 0.072924][-0.42688, 0.90427, 0.00862][0.90731, 0.97906, 0][-0.2457, 0.494329, 0.072924][-0.42688, 0.90427, 0.00862][0.91814, 0.98418, 0][-0.255633, 0.487878, 0.060764][-0.42328, 0.89664, -0.12992][0.90822, 0.97773, 0][-0.255633, 0.487878, 0.085084][-0.61516, 0.77738, 0.13135][0.90822, 0.97773, 0][-0.25655, 0.489207, 0.072924][-0.62051, 0.78414, 0.00950][0.90731, 0.97906, 0][-0.263484, 0.48372, 0.072924][-0.62051, 0.78414, 0.00950][0.90038, 0.97358, 0][-0.263484, 0.48372, 0.072924][-0.62051, 0.78414, 0.00950][0.90038, 0.97358, 0][-0.25655, 0.489207, 0.072924][-0.62051, 0.78414, 0.00950][0.90731, 0.97906, 0][-0.262626, 0.482892, 0.062486][-0.61660, 0.77920, -0.11249][0.90124, 0.97275, 0][0.257922, 0.489207, 0.072924][0.62018, 0.78440, -0.00952][0.95775, 0.97787, 0][0.264862, 0.48372, 0.072924][0.62018, 0.78440, -0.00952][0.96468, 0.97239, 0][0.257002, 0.487878, 0.060764][0.61482, 0.77763, -0.13151][0.95683, 0.97655, 0][0.264002, 0.482892, 0.083362][0.61626, 0.77945, 0.11261][0.96382, 0.97157, 0][0.264862, 0.48372, 0.072924][0.62018, 0.78440, -0.00952][0.96468, 0.97239, 0][0.257922, 0.489207, 0.072924][0.62018, 0.78440, -0.00952][0.95775, 0.97787, 0][0.257002, 0.487878, 0.085084][0.42327, 0.89662, 0.13002][0.95683, 0.97655, 0][0.257922, 0.489207, 0.072924][0.42688, 0.90427, -0.00860][0.95775, 0.97787, 0][0.247072, 0.494329, 0.072924][0.42688, 0.90427, -0.00860][0.94691, 0.98299, 0][0.247072, 0.494329, 0.072924][0.42688, 0.90427, -0.00860][0.94691, 0.98299, 0][0.257922, 0.489207, 0.072924][0.42688, 0.90427, -0.00860][0.95775, 0.97787, 0][0.246402, 0.49239, 0.059205][0.42226, 0.89447, -0.14704][0.94625, 0.98105, 0][0.246402, 0.49239, 0.086643][0.15310, 0.97742, 0.14562][0.94625, 0.98105, 0][0.247072, 0.494329, 0.072924][0.15475, 0.98795, -0.00371][0.94691, 0.98299, 0][0.232682, 0.496583, 0.072924][0.15475, 0.98795, -0.00371][0.93254, 0.98524, 0][0.232682, 0.496583, 0.072924][0.15475, 0.98795, -0.00371][0.93254, 0.98524, 0][0.247072, 0.494329, 0.072924][0.15475, 0.98795, -0.00371][0.94691, 0.98299, 0][0.232682, 0.494329, 0.058536][0.15293, 0.97633, -0.15295][0.93254, 0.98299, 0][0.232682, 0.494329, 0.087312][-0.15293, 0.97633, 0.15295][0.93254, 0.98299, 0][0.232682, 0.496583, 0.072924][-0.15475, 0.98795, 0.00371][0.93254, 0.98524, 0][0.218292, 0.494329, 0.072924][-0.15475, 0.98795, 0.00371][0.91817, 0.98299, 0][0.218292, 0.494329, 0.072924][-0.15475, 0.98795, 0.00371][0.91817, 0.98299, 0][0.232682, 0.496583, 0.072924][-0.15475, 0.98795, 0.00371][0.93254, 0.98524, 0][0.218962, 0.49239, 0.059205][-0.15310, 0.97742, -0.14562][0.91884, 0.98105, 0][0.218962, 0.49239, 0.086643][-0.42226, 0.89447, 0.14704][0.91884, 0.98105, 0][0.218292, 0.494329, 0.072924][-0.42688, 0.90427, 0.00860][0.91817, 0.98299, 0][0.207442, 0.489207, 0.072924][-0.42688, 0.90427, 0.00860][0.90734, 0.97787, 0][0.207442, 0.489207, 0.072924][-0.42688, 0.90427, 0.00860][0.90734, 0.97787, 0][0.218292, 0.494329, 0.072924][-0.42688, 0.90427, 0.00860][0.91817, 0.98299, 0][0.208362, 0.487878, 0.060764][-0.42327, 0.89662, -0.13002][0.90825, 0.97655, 0][0.208362, 0.487878, 0.085084][-0.61536, 0.77720, 0.13150][0.90825, 0.97655, 0][0.207442, 0.489207, 0.072924][-0.62073, 0.78397, 0.00951][0.90734, 0.97787, 0][0.200512, 0.48372, 0.072924][-0.62073, 0.78397, 0.00951][0.90042, 0.97239, 0][0.200512, 0.48372, 0.072924][-0.62073, 0.78397, 0.00951][0.90042, 0.97239, 0][0.207442, 0.489207, 0.072924][-0.62073, 0.78397, 0.00951][0.90734, 0.97787, 0][0.201372, 0.482892, 0.062486][-0.61681, 0.77902, -0.11261][0.90127, 0.97157, 0][-0.156266, 0.347102, -0.095829][-0.37055, 0.79772, -0.47575][0.83188, 0.33171, 0][-0.157623, 0.327074, -0.128354][-0.37055, 0.79772, -0.47575][0.81320, 0.31403, 0][-0.170977, 0.326524, -0.118875][-0.37055, 0.79772, -0.47575][0.82801, 0.31362, 0][-0.237503, 0.352757, 0.02579][-0.58377, 0.65135, 0.48473][0.95191, 0.33553, 0][-0.207513, 0.363313, 0.047723][-0.58377, 0.65135, 0.48473][0.94077, 0.34269, 0][-0.219585, 0.371547, 0.02212][-0.58377, 0.65135, 0.48473][0.93774, 0.35138, 0][-0.231312, 0.489207, 0.098163][0.13142, 0.84850, 0.51262][0.93251, 0.97906, 0][-0.219151, 0.487878, 0.097245][0.13142, 0.84850, 0.51262][0.94466, 0.97773, 0][-0.231312, 0.494329, 0.087312][0.12994, 0.89665, 0.42325][0.93251, 0.98418, 0][-0.220873, 0.482892, 0.104239][0.13155, 0.79160, 0.59671][0.94294, 0.97275, 0][-0.219151, 0.487878, 0.097245][0.13142, 0.84850, 0.51262][0.94466, 0.97773, 0][-0.231312, 0.489207, 0.098163][0.13142, 0.84850, 0.51262][0.93251, 0.97906, 0][-0.243471, 0.487878, 0.048603][-0.32264, 0.73137, -0.60083][0.92037, 0.97773, 0][-0.241749, 0.482892, 0.041609][-0.32264, 0.73137, -0.60083][0.92209, 0.97275, 0][-0.250712, 0.480756, 0.043822][-0.32264, 0.73137, -0.60083][0.91314, 0.97062, 0][0.220522, 0.487878, 0.097245][-0.13144, 0.84785, 0.51368][0.92040, 0.97655, 0][0.232682, 0.489207, 0.098163][-0.13144, 0.84785, 0.51368][0.93254, 0.97787, 0][0.218962, 0.49239, 0.086643][-0.12948, 0.90539, 0.40437][0.91884, 0.98105, 0][0.232682, 0.48372, 0.105097][-0.13140, 0.77738, 0.61515][0.93254, 0.97239, 0][0.232682, 0.489207, 0.098163][-0.13144, 0.84785, 0.51368][0.93254, 0.97787, 0][0.220522, 0.487878, 0.097245][-0.13144, 0.84785, 0.51368][0.92040, 0.97655, 0][-0.237503, 0.352757, 0.02579][-0.56138, 0.70939, 0.42618][0.95191, 0.33553, 0][-0.247343, 0.33634, 0.040155][-0.56138, 0.70939, 0.42618][0.96511, 0.32115, 0][-0.207513, 0.363313, 0.047723][-0.56138, 0.70939, 0.42618][0.94077, 0.34269, 0][-0.247343, 0.33634, 0.040155][-0.57378, 0.76579, 0.29043][0.96511, 0.32115, 0][-0.202976, 0.360287, 0.064665][-0.57378, 0.76579, 0.29043][0.94507, 0.33937, 0][-0.207513, 0.363313, 0.047723][-0.57378, 0.76579, 0.29043][0.94077, 0.34269, 0][-0.256414, 0.324324, 0.057648][-0.56301, 0.78795, 0.24929][0.97897, 0.31073, 0][-0.202976, 0.360287, 0.064665][-0.56301, 0.78795, 0.24929][0.94507, 0.33937, 0][-0.247343, 0.33634, 0.040155][-0.56301, 0.78795, 0.24929][0.96511, 0.32115, 0][0.240262, 0.341494, 0.030845][0.51550, 0.71176, 0.47714][0.50277, 0.32286, 0][0.217802, 0.384643, -0.009256][0.51550, 0.71176, 0.47714][0.54159, 0.36314, 0][0.215932, 0.377406, 0.00356][0.51550, 0.71176, 0.47714][0.53423, 0.35510, 0][0.232682, 0.489207, 0.047685][0.13144, 0.84785, -0.51368][0.93254, 0.97787, 0][0.244842, 0.487878, 0.048603][0.13144, 0.84785, -0.51368][0.94469, 0.97655, 0][0.232682, 0.48372, 0.040751][0.13140, 0.77738, -0.61515][0.93254, 0.97239, 0][0.246402, 0.49239, 0.059205][0.12948, 0.90539, -0.40437][0.94625, 0.98105, 0][0.244842, 0.487878, 0.048603][0.13144, 0.84785, -0.51368][0.94469, 0.97655, 0][0.232682, 0.489207, 0.047685][0.13144, 0.84785, -0.51368][0.93254, 0.97787, 0][-0.217593, 0.49239, 0.059205][0.41041, 0.87056, -0.27147][0.94621, 0.98224, 0][-0.206991, 0.487878, 0.060764][0.41041, 0.87056, -0.27147][0.95680, 0.97773, 0][-0.219151, 0.487878, 0.048603][0.40768, 0.81708, -0.40764][0.94466, 0.97773, 0][-0.206073, 0.489207, 0.072924][0.40436, 0.90539, -0.12948][0.95772, 0.97906, 0][-0.206991, 0.487878, 0.060764][0.41041, 0.87056, -0.27147][0.95680, 0.97773, 0][-0.217593, 0.49239, 0.059205][0.41041, 0.87056, -0.27147][0.94621, 0.98224, 0][-0.216923, 0.494329, 0.072924][0.14541, 0.97863, -0.14542][0.94688, 0.98418, 0][-0.217593, 0.49239, 0.059205][0.14776, 0.94651, -0.28684][0.94621, 0.98224, 0][-0.231312, 0.494329, 0.058536][0.14776, 0.94651, -0.28684][0.93251, 0.98418, 0][-0.231312, 0.494329, 0.058536][0.14776, 0.94651, -0.28684][0.93251, 0.98418, 0][-0.217593, 0.49239, 0.059205][0.14776, 0.94651, -0.28684][0.94621, 0.98224, 0][-0.231312, 0.489207, 0.047685][0.14701, 0.89449, -0.42223][0.93251, 0.97906, 0][-0.245032, 0.49239, 0.059205][-0.14772, 0.94803, -0.28182][0.91881, 0.98224, 0][-0.231312, 0.494329, 0.058536][-0.14772, 0.94803, -0.28182][0.93251, 0.98418, 0][-0.243471, 0.487878, 0.048603][-0.14727, 0.90211, -0.40560][0.92037, 0.97773, 0][-0.231312, 0.496583, 0.072924][-0.14560, 0.97742, -0.15312][0.93251, 0.98643, 0][-0.231312, 0.494329, 0.058536][-0.14772, 0.94803, -0.28182][0.93251, 0.98418, 0][-0.245032, 0.49239, 0.059205][-0.14772, 0.94803, -0.28182][0.91881, 0.98224, 0][-0.2457, 0.494329, 0.072924][-0.40561, 0.90211, -0.14725][0.91814, 0.98418, 0][-0.245032, 0.49239, 0.059205][-0.41026, 0.87441, -0.25904][0.91881, 0.98224, 0][-0.255633, 0.487878, 0.060764][-0.41026, 0.87441, -0.25904][0.90822, 0.97773, 0][-0.255633, 0.487878, 0.060764][-0.41026, 0.87441, -0.25904][0.90822, 0.97773, 0][-0.245032, 0.49239, 0.059205][-0.41026, 0.87441, -0.25904][0.91881, 0.98224, 0][-0.253383, 0.484621, 0.050853][-0.40946, 0.83509, -0.36739][0.91047, 0.97448, 0][-0.108126, 0.372682, -0.13984][-0.63346, 0.67520, -0.37793][0.77354, 0.35506, 0][-0.100704, 0.384372, -0.131395][-0.63346, 0.67520, -0.37793][0.77420, 0.36493, 0][-0.089079, 0.390027, -0.140777][-0.63346, 0.67520, -0.37793][0.76096, 0.37001, 0][-0.243471, 0.487878, 0.048603][-0.13144, 0.84849, -0.51262][0.92037, 0.97773, 0][-0.231312, 0.489207, 0.047685][-0.13144, 0.84849, -0.51262][0.93251, 0.97906, 0][-0.241749, 0.482892, 0.041609][-0.13157, 0.79159, -0.59672][0.92209, 0.97275, 0][-0.231312, 0.494329, 0.058536][-0.12996, 0.89665, -0.42324][0.93251, 0.98418, 0][-0.231312, 0.489207, 0.047685][-0.13144, 0.84849, -0.51262][0.93251, 0.97906, 0][-0.243471, 0.487878, 0.048603][-0.13144, 0.84849, -0.51262][0.92037, 0.97773, 0][0.246402, 0.49239, 0.059205][0.41048, 0.87051, -0.27153][0.94625, 0.98105, 0][0.257002, 0.487878, 0.060764][0.41048, 0.87051, -0.27153][0.95683, 0.97655, 0][0.244842, 0.487878, 0.048603][0.40774, 0.81702, -0.40771][0.94469, 0.97655, 0][0.257922, 0.489207, 0.072924][0.40443, 0.90535, -0.12955][0.95775, 0.97787, 0][0.257002, 0.487878, 0.060764][0.41048, 0.87051, -0.27153][0.95683, 0.97655, 0][0.246402, 0.49239, 0.059205][0.41048, 0.87051, -0.27153][0.94625, 0.98105, 0][0.247072, 0.494329, 0.072924][0.14540, 0.97863, -0.14542][0.94691, 0.98299, 0][0.246402, 0.49239, 0.059205][0.14775, 0.94652, -0.28684][0.94625, 0.98105, 0][0.232682, 0.494329, 0.058536][0.14775, 0.94652, -0.28684][0.93254, 0.98299, 0][0.232682, 0.494329, 0.058536][0.14775, 0.94652, -0.28684][0.93254, 0.98299, 0][0.246402, 0.49239, 0.059205][0.14775, 0.94652, -0.28684][0.94625, 0.98105, 0][0.232682, 0.489207, 0.047685][0.14700, 0.89449, -0.42223][0.93254, 0.97787, 0][0.218962, 0.49239, 0.059205][-0.14772, 0.94803, -0.28181][0.91884, 0.98105, 0][0.232682, 0.494329, 0.058536][-0.14772, 0.94803, -0.28181][0.93254, 0.98299, 0][0.220522, 0.487878, 0.048603][-0.14727, 0.90211, -0.40559][0.92040, 0.97655, 0][0.232682, 0.496583, 0.072924][-0.14560, 0.97742, -0.15312][0.93254, 0.98524, 0][0.232682, 0.494329, 0.058536][-0.14772, 0.94803, -0.28181][0.93254, 0.98299, 0][0.218962, 0.49239, 0.059205][-0.14772, 0.94803, -0.28181][0.91884, 0.98105, 0][0.218292, 0.494329, 0.072924][-0.40565, 0.90208, -0.14731][0.91817, 0.98299, 0][0.218962, 0.49239, 0.059205][-0.41029, 0.87438, -0.25907][0.91884, 0.98105, 0][0.208362, 0.487878, 0.060764][-0.41029, 0.87438, -0.25907][0.90825, 0.97655, 0][0.208362, 0.487878, 0.060764][-0.41029, 0.87438, -0.25907][0.90825, 0.97655, 0][0.218962, 0.49239, 0.059205][-0.41029, 0.87438, -0.25907][0.91884, 0.98105, 0][0.210612, 0.484621, 0.050853][-0.40949, 0.83507, -0.36739][0.91050, 0.97329, 0][0.127472, 0.369326, -0.075012][0.20584, 0.79213, -0.57459][0.63328, 0.34547, 0][0.149042, 0.346238, -0.099114][0.20584, 0.79213, -0.57459][0.64217, 0.32876, 0][0.154382, 0.31875, -0.135096][0.20584, 0.79213, -0.57459][0.66851, 0.30604, 0][0.162592, 0.325489, -0.123099][0.19265, 0.79335, -0.57748][0.65533, 0.31209, 0][0.154382, 0.31875, -0.135096][0.19265, 0.79335, -0.57748][0.66851, 0.30604, 0][0.149042, 0.346238, -0.099114][0.19265, 0.79335, -0.57748][0.64217, 0.32876, 0][0.240262, 0.341494, 0.030845][0.45283, 0.72248, 0.52246][0.50277, 0.32286, 0][0.210752, 0.370684, 0.016057][0.45283, 0.72248, 0.52246][0.52924, 0.34749, 0][0.201602, 0.363017, 0.03459][0.45283, 0.72248, 0.52246][0.52298, 0.33861, 0][0.240262, 0.341494, 0.030845][0.42441, 0.71228, 0.55905][0.50277, 0.32286, 0][0.215932, 0.377406, 0.00356][0.42441, 0.71228, 0.55905][0.53423, 0.35510, 0][0.210752, 0.370684, 0.016057][0.42441, 0.71228, 0.55905][0.52924, 0.34749, 0][0.109702, 0.370409, -0.091268][0.51941, 0.76768, -0.37534][0.65230, 0.34598, 0][0.154382, 0.31875, -0.135096][0.51941, 0.76768, -0.37534][0.66851, 0.30604, 0][0.138912, 0.328394, -0.136779][0.51941, 0.76768, -0.37534][0.67602, 0.31421, 0][-0.136804, 0.342236, -0.135656][-0.62703, 0.72992, -0.27212][0.79482, 0.32781, 0][-0.157623, 0.327074, -0.128354][-0.62703, 0.72992, -0.27212][0.81320, 0.31403, 0][-0.124, 0.37153, -0.086583][-0.62703, 0.72992, -0.27212][0.81632, 0.35206, 0][-0.134372, 0.370326, -0.074882][-0.52389, 0.75917, -0.38627][0.82969, 0.35092, 0][-0.124, 0.37153, -0.086583][-0.52389, 0.75917, -0.38627][0.81632, 0.35206, 0][-0.157623, 0.327074, -0.128354][-0.52389, 0.75917, -0.38627][0.81320, 0.31403, 0][0.154382, 0.31875, -0.135096][0.45461, 0.77123, -0.44557][0.66851, 0.30604, 0][0.109702, 0.370409, -0.091268][0.45461, 0.77123, -0.44557][0.65230, 0.34598, 0][0.127472, 0.369326, -0.075012][0.45461, 0.77123, -0.44557][0.63328, 0.34547, 0][0.112232, 0.362501, -0.115013][0.66381, 0.72793, -0.17170][0.66911, 0.34120, 0][0.100372, 0.374707, -0.109117][0.66381, 0.72793, -0.17170][0.66908, 0.35014, 0][0.109702, 0.370409, -0.091268][0.66381, 0.72793, -0.17170][0.65230, 0.34598, 0][-0.157623, 0.327074, -0.128354][-0.38887, 0.79165, -0.47125][0.81320, 0.31403, 0][-0.156266, 0.347102, -0.095829][-0.38887, 0.79165, -0.47125][0.83188, 0.33171, 0][-0.134372, 0.370326, -0.074882][-0.38887, 0.79165, -0.47125][0.82969, 0.35092, 0][-0.220873, 0.482892, 0.104239][0.32267, 0.73136, 0.60083][0.94294, 0.97275, 0][-0.211911, 0.480756, 0.102026][0.32267, 0.73136, 0.60083][0.95189, 0.97062, 0][-0.219151, 0.487878, 0.097245][0.32267, 0.73136, 0.60083][0.94466, 0.97773, 0][0.213282, 0.480756, 0.102026][-0.31921, 0.77407, 0.54673][0.91317, 0.96943, 0][0.222252, 0.482892, 0.104239][-0.31921, 0.77407, 0.54673][0.92213, 0.97157, 0][0.210612, 0.484621, 0.094995][-0.31921, 0.77407, 0.54673][0.91050, 0.97329, 0][-0.156266, 0.347102, -0.095829][-0.20232, 0.75419, -0.62471][0.83188, 0.33171, 0][-0.156282, 0.372888, -0.064693][-0.20232, 0.75419, -0.62471][0.84972, 0.35378, 0][-0.134372, 0.370326, -0.074882][-0.20232, 0.75419, -0.62471][0.82969, 0.35092, 0][-0.219151, 0.487878, 0.097245][0.37040, 0.79393, 0.48216][0.94466, 0.97773, 0][-0.209241, 0.484621, 0.094995][0.37040, 0.79393, 0.48216][0.95455, 0.97448, 0][-0.217593, 0.49239, 0.086643][0.36742, 0.83510, 0.40940][0.94621, 0.98224, 0][-0.211911, 0.480756, 0.102026][0.37080, 0.74720, 0.55155][0.95189, 0.97062, 0][-0.209241, 0.484621, 0.094995][0.37040, 0.79393, 0.48216][0.95455, 0.97448, 0][-0.219151, 0.487878, 0.097245][0.37040, 0.79393, 0.48216][0.94466, 0.97773, 0][0.183662, 0.383594, -0.059111][0.10544, 0.75484, -0.64738][0.59563, 0.36281, 0][0.196522, 0.389284, -0.050382][0.10544, 0.75484, -0.64738][0.58248, 0.36886, 0][0.186542, 0.364701, -0.080671][0.10544, 0.75484, -0.64738][0.61064, 0.34759, 0][-0.219151, 0.487878, 0.048603][0.11203, 0.79590, -0.59498][0.94466, 0.97773, 0][-0.220873, 0.482892, 0.041609][0.11203, 0.79590, -0.59498][0.94294, 0.97275, 0][-0.231312, 0.48372, 0.040751][0.11203, 0.79590, -0.59498][0.93251, 0.97358, 0][-0.231312, 0.489207, 0.047685][-0.11251, 0.77920, -0.61659][0.93251, 0.97906, 0][-0.231312, 0.48372, 0.040751][-0.11251, 0.77920, -0.61659][0.93251, 0.97358, 0][-0.241749, 0.482892, 0.041609][-0.11251, 0.77920, -0.61659][0.92209, 0.97275, 0][0.086708, 0.390591, -0.140097][0.69268, 0.71487, 0.09571][0.69776, 0.36499, 0][0.091608, 0.384849, -0.132672][0.69268, 0.71487, 0.09571][0.69025, 0.35991, 0][0.112232, 0.362501, -0.115013][0.69268, 0.71487, 0.09571][0.66911, 0.34120, 0][0.244842, 0.487878, 0.048603][0.11202, 0.79592, -0.59495][0.94469, 0.97655, 0][0.243122, 0.482892, 0.041609][0.11202, 0.79592, -0.59495][0.94297, 0.97157, 0][0.232682, 0.48372, 0.040751][0.11202, 0.79592, -0.59495][0.93254, 0.97239, 0][0.232682, 0.489207, 0.047685][-0.11258, 0.77919, -0.61659][0.93254, 0.97787, 0][0.232682, 0.48372, 0.040751][-0.11258, 0.77919, -0.61659][0.93254, 0.97239, 0][0.222252, 0.482892, 0.041609][-0.11258, 0.77919, -0.61659][0.92213, 0.97157, 0][0.127472, 0.369326, -0.075012][0.11915, 0.76810, -0.62915][0.63328, 0.34547, 0][0.145882, 0.371922, -0.068356][0.11915, 0.76810, -0.62915][0.62047, 0.34896, 0][0.149042, 0.346238, -0.099114][0.11915, 0.76810, -0.62915][0.64217, 0.32876, 0][0.210612, 0.484621, 0.094995][-0.37049, 0.79157, 0.48596][0.91050, 0.97329, 0][0.220522, 0.487878, 0.097245][-0.37049, 0.79157, 0.48596][0.92040, 0.97655, 0][0.208362, 0.487878, 0.085084][-0.36439, 0.85701, 0.36436][0.90825, 0.97655, 0][0.222252, 0.482892, 0.104239][-0.36951, 0.71101, 0.59827][0.92213, 0.97157, 0][0.220522, 0.487878, 0.097245][-0.37049, 0.79157, 0.48596][0.92040, 0.97655, 0][0.210612, 0.484621, 0.094995][-0.37049, 0.79157, 0.48596][0.91050, 0.97329, 0][-0.251715, 0.41301, 0.051888][0.00000, 1.00000, 0.00000][0.47917, 0.84814, 0][-0.231572, 0.41301, 0.072031][0.00000, 1.00000, 0.00000][0.46121, 0.86611, 0][-0.247374, 0.41301, 0.048329][0.00000, 1.00000, 0.00000][0.47530, 0.84496, 0][-0.247374, 0.41301, 0.048329][0.00000, 1.00000, 0.00000][0.47530, 0.84496, 0][-0.231572, 0.41301, 0.072031][0.00000, 1.00000, 0.00000][0.46121, 0.86611, 0][-0.24058, 0.41301, 0.045006][0.00000, 1.00000, 0.00000][0.46924, 0.84200, 0][-0.255274, 0.41301, 0.05623][0.00000, 1.00000, 0.00000][0.48235, 0.85201, 0][-0.231572, 0.41301, 0.072031][0.00000, 1.00000, 0.00000][0.46121, 0.86611, 0][-0.251715, 0.41301, 0.051888][0.00000, 1.00000, 0.00000][0.47917, 0.84814, 0][-0.24058, 0.41301, 0.045006][0.00000, 1.00000, 0.00000][0.46924, 0.84200, 0][-0.231572, 0.41301, 0.072031][0.00000, 1.00000, 0.00000][0.46121, 0.86611, 0][-0.231572, 0.41301, 0.043544][0.00000, 1.00000, 0.00000][0.46121, 0.84069, 0][-0.258597, 0.41301, 0.063023][0.00000, 1.00000, 0.00000][0.48531, 0.85807, 0][-0.231572, 0.41301, 0.072031][0.00000, 1.00000, 0.00000][0.46121, 0.86611, 0][-0.255274, 0.41301, 0.05623][0.00000, 1.00000, 0.00000][0.48235, 0.85201, 0][-0.231572, 0.41301, 0.043544][0.00000, 1.00000, 0.00000][0.46121, 0.84069, 0][-0.231572, 0.41301, 0.072031][0.00000, 1.00000, 0.00000][0.46121, 0.86611, 0][-0.222563, 0.41301, 0.045006][0.00000, 1.00000, 0.00000][0.45317, 0.84200, 0][-0.260059, 0.41301, 0.072031][0.00000, 1.00000, 0.00000][0.48662, 0.86611, 0][-0.231572, 0.41301, 0.072031][0.00000, 1.00000, 0.00000][0.46121, 0.86611, 0][-0.258597, 0.41301, 0.063023][0.00000, 1.00000, 0.00000][0.48531, 0.85807, 0][-0.222563, 0.41301, 0.045006][0.00000, 1.00000, 0.00000][0.45317, 0.84200, 0][-0.231572, 0.41301, 0.072031][0.00000, 1.00000, 0.00000][0.46121, 0.86611, 0][-0.21577, 0.41301, 0.048329][0.00000, 1.00000, 0.00000][0.44712, 0.84496, 0][-0.258597, 0.41301, 0.08104][0.00000, 1.00000, 0.00000][0.48531, 0.87414, 0][-0.231572, 0.41301, 0.072031][0.00000, 1.00000, 0.00000][0.46121, 0.86611, 0][-0.260059, 0.41301, 0.072031][0.00000, 1.00000, 0.00000][0.48662, 0.86611, 0][-0.21577, 0.41301, 0.048329][0.00000, 1.00000, 0.00000][0.44712, 0.84496, 0][-0.231572, 0.41301, 0.072031][0.00000, 1.00000, 0.00000][0.46121, 0.86611, 0][-0.211428, 0.41301, 0.051888][0.00000, 1.00000, 0.00000][0.44324, 0.84814, 0][-0.255274, 0.41301, 0.087833][0.00000, 1.00000, 0.00000][0.48235, 0.88020, 0][-0.231572, 0.41301, 0.072031][0.00000, 1.00000, 0.00000][0.46121, 0.86611, 0][-0.258597, 0.41301, 0.08104][0.00000, 1.00000, 0.00000][0.48531, 0.87414, 0][-0.211428, 0.41301, 0.051888][0.00000, 1.00000, 0.00000][0.44324, 0.84814, 0][-0.231572, 0.41301, 0.072031][0.00000, 1.00000, 0.00000][0.46121, 0.86611, 0][-0.207869, 0.41301, 0.05623][0.00000, 1.00000, 0.00000][0.44007, 0.85201, 0][-0.251715, 0.41301, 0.092175][0.00000, 1.00000, 0.00000][0.47917, 0.88407, 0][-0.231572, 0.41301, 0.072031][0.00000, 1.00000, 0.00000][0.46121, 0.86611, 0][-0.255274, 0.41301, 0.087833][0.00000, 1.00000, 0.00000][0.48235, 0.88020, 0][-0.207869, 0.41301, 0.05623][0.00000, 1.00000, 0.00000][0.44007, 0.85201, 0][-0.231572, 0.41301, 0.072031][0.00000, 1.00000, 0.00000][0.46121, 0.86611, 0][-0.204546, 0.41301, 0.063023][0.00000, 1.00000, 0.00000][0.43711, 0.85807, 0][-0.247374, 0.41301, 0.095734][0.00000, 1.00000, 0.00000][0.47530, 0.88724, 0][-0.231572, 0.41301, 0.072031][0.00000, 1.00000, 0.00000][0.46121, 0.86611, 0][-0.251715, 0.41301, 0.092175][0.00000, 1.00000, 0.00000][0.47917, 0.88407, 0][-0.204546, 0.41301, 0.063023][0.00000, 1.00000, 0.00000][0.43711, 0.85807, 0][-0.231572, 0.41301, 0.072031][0.00000, 1.00000, 0.00000][0.46121, 0.86611, 0][-0.203084, 0.41301, 0.072031][0.00000, 1.00000, 0.00000][0.43580, 0.86611, 0][-0.24058, 0.41301, 0.099057][0.00000, 1.00000, 0.00000][0.46924, 0.89021, 0][-0.231572, 0.41301, 0.072031][0.00000, 1.00000, 0.00000][0.46121, 0.86611, 0][-0.247374, 0.41301, 0.095734][0.00000, 1.00000, 0.00000][0.47530, 0.88724, 0][-0.203084, 0.41301, 0.072031][0.00000, 1.00000, 0.00000][0.43580, 0.86611, 0][-0.231572, 0.41301, 0.072031][0.00000, 1.00000, 0.00000][0.46121, 0.86611, 0][-0.204546, 0.41301, 0.08104][0.00000, 1.00000, 0.00000][0.43711, 0.87414, 0][-0.231572, 0.41301, 0.100519][0.00000, 1.00000, 0.00000][0.46121, 0.89151, 0][-0.231572, 0.41301, 0.072031][0.00000, 1.00000, 0.00000][0.46121, 0.86611, 0][-0.24058, 0.41301, 0.099057][0.00000, 1.00000, 0.00000][0.46924, 0.89021, 0][-0.204546, 0.41301, 0.08104][0.00000, 1.00000, 0.00000][0.43711, 0.87414, 0][-0.231572, 0.41301, 0.072031][0.00000, 1.00000, 0.00000][0.46121, 0.86611, 0][-0.207869, 0.41301, 0.087833][0.00000, 1.00000, 0.00000][0.44007, 0.88020, 0][-0.222563, 0.41301, 0.099057][0.00000, 1.00000, 0.00000][0.45317, 0.89021, 0][-0.231572, 0.41301, 0.072031][0.00000, 1.00000, 0.00000][0.46121, 0.86611, 0][-0.231572, 0.41301, 0.100519][0.00000, 1.00000, 0.00000][0.46121, 0.89151, 0][-0.207869, 0.41301, 0.087833][0.00000, 1.00000, 0.00000][0.44007, 0.88020, 0][-0.231572, 0.41301, 0.072031][0.00000, 1.00000, 0.00000][0.46121, 0.86611, 0][-0.211428, 0.41301, 0.092175][0.00000, 1.00000, 0.00000][0.44324, 0.88407, 0][-0.21577, 0.41301, 0.095734][0.00000, 1.00000, 0.00000][0.44712, 0.88724, 0][-0.231572, 0.41301, 0.072031][0.00000, 1.00000, 0.00000][0.46121, 0.86611, 0][-0.222563, 0.41301, 0.099057][0.00000, 1.00000, 0.00000][0.45317, 0.89021, 0][-0.211428, 0.41301, 0.092175][0.00000, 1.00000, 0.00000][0.44324, 0.88407, 0][-0.231572, 0.41301, 0.072031][0.00000, 1.00000, 0.00000][0.46121, 0.86611, 0][-0.21577, 0.41301, 0.095734][0.00000, 1.00000, 0.00000][0.44712, 0.88724, 0][0.211532, 0.41301, 0.051888][0.00000, 1.00000, 0.00000][0.06602, 0.84814, 0][0.231672, 0.41301, 0.072031][0.00000, 1.00000, 0.00000][0.04806, 0.86611, 0][0.215872, 0.41301, 0.048329][0.00000, 1.00000, 0.00000][0.06215, 0.84496, 0][0.215872, 0.41301, 0.048329][0.00000, 1.00000, 0.00000][0.06215, 0.84496, 0][0.231672, 0.41301, 0.072031][0.00000, 1.00000, 0.00000][0.04806, 0.86611, 0][0.222672, 0.41301, 0.045006][0.00000, 1.00000, 0.00000][0.05609, 0.84200, 0][0.207972, 0.41301, 0.05623][0.00000, 1.00000, 0.00000][0.06920, 0.85201, 0][0.231672, 0.41301, 0.072031][0.00000, 1.00000, 0.00000][0.04806, 0.86611, 0][0.211532, 0.41301, 0.051888][0.00000, 1.00000, 0.00000][0.06602, 0.84814, 0][0.222672, 0.41301, 0.045006][0.00000, 1.00000, 0.00000][0.05609, 0.84200, 0][0.231672, 0.41301, 0.072031][0.00000, 1.00000, 0.00000][0.04806, 0.86611, 0][0.231672, 0.41301, 0.043544][0.00000, 1.00000, 0.00000][0.04806, 0.84069, 0][0.204652, 0.41301, 0.063023][0.00000, 1.00000, 0.00000][0.07216, 0.85807, 0][0.231672, 0.41301, 0.072031][0.00000, 1.00000, 0.00000][0.04806, 0.86611, 0][0.207972, 0.41301, 0.05623][0.00000, 1.00000, 0.00000][0.06920, 0.85201, 0][0.231672, 0.41301, 0.043544][0.00000, 1.00000, 0.00000][0.04806, 0.84069, 0][0.231672, 0.41301, 0.072031][0.00000, 1.00000, 0.00000][0.04806, 0.86611, 0][0.240682, 0.41301, 0.045006][0.00000, 1.00000, 0.00000][0.04002, 0.84200, 0][0.203192, 0.41301, 0.072031][0.00000, 1.00000, 0.00000][0.07346, 0.86611, 0][0.231672, 0.41301, 0.072031][0.00000, 1.00000, 0.00000][0.04806, 0.86611, 0][0.204652, 0.41301, 0.063023][0.00000, 1.00000, 0.00000][0.07216, 0.85807, 0][0.240682, 0.41301, 0.045006][0.00000, 1.00000, 0.00000][0.04002, 0.84200, 0][0.231672, 0.41301, 0.072031][0.00000, 1.00000, 0.00000][0.04806, 0.86611, 0][0.247482, 0.41301, 0.048329][0.00000, 1.00000, 0.00000][0.03396, 0.84496, 0][0.204652, 0.41301, 0.08104][0.00000, 1.00000, 0.00000][0.07216, 0.87414, 0][0.231672, 0.41301, 0.072031][0.00000, 1.00000, 0.00000][0.04806, 0.86611, 0][0.203192, 0.41301, 0.072031][0.00000, 1.00000, 0.00000][0.07346, 0.86611, 0][0.247482, 0.41301, 0.048329][0.00000, 1.00000, 0.00000][0.03396, 0.84496, 0][0.231672, 0.41301, 0.072031][0.00000, 1.00000, 0.00000][0.04806, 0.86611, 0][0.251822, 0.41301, 0.051888][0.00000, 1.00000, 0.00000][0.03009, 0.84814, 0][0.207972, 0.41301, 0.087833][0.00000, 1.00000, 0.00000][0.06920, 0.88020, 0][0.231672, 0.41301, 0.072031][0.00000, 1.00000, 0.00000][0.04806, 0.86611, 0][0.204652, 0.41301, 0.08104][0.00000, 1.00000, 0.00000][0.07216, 0.87414, 0][0.251822, 0.41301, 0.051888][0.00000, 1.00000, 0.00000][0.03009, 0.84814, 0][0.231672, 0.41301, 0.072031][0.00000, 1.00000, 0.00000][0.04806, 0.86611, 0][0.255382, 0.41301, 0.05623][0.00000, 1.00000, 0.00000][0.02692, 0.85201, 0][0.211532, 0.41301, 0.092175][0.00000, 1.00000, 0.00000][0.06602, 0.88407, 0][0.231672, 0.41301, 0.072031][0.00000, 1.00000, 0.00000][0.04806, 0.86611, 0][0.207972, 0.41301, 0.087833][0.00000, 1.00000, 0.00000][0.06920, 0.88020, 0][0.255382, 0.41301, 0.05623][0.00000, 1.00000, 0.00000][0.02692, 0.85201, 0][0.231672, 0.41301, 0.072031][0.00000, 1.00000, 0.00000][0.04806, 0.86611, 0][0.258702, 0.41301, 0.063023][0.00000, 1.00000, 0.00000][0.02395, 0.85807, 0][0.215872, 0.41301, 0.095734][0.00000, 1.00000, 0.00000][0.06215, 0.88724, 0][0.231672, 0.41301, 0.072031][0.00000, 1.00000, 0.00000][0.04806, 0.86611, 0][0.211532, 0.41301, 0.092175][0.00000, 1.00000, 0.00000][0.06602, 0.88407, 0][0.258702, 0.41301, 0.063023][0.00000, 1.00000, 0.00000][0.02395, 0.85807, 0][0.231672, 0.41301, 0.072031][0.00000, 1.00000, 0.00000][0.04806, 0.86611, 0][0.260162, 0.41301, 0.072031][0.00000, 1.00000, 0.00000][0.02265, 0.86611, 0][0.222672, 0.41301, 0.099057][0.00000, 1.00000, 0.00000][0.05609, 0.89021, 0][0.231672, 0.41301, 0.072031][0.00000, 1.00000, 0.00000][0.04806, 0.86611, 0][0.215872, 0.41301, 0.095734][0.00000, 1.00000, 0.00000][0.06215, 0.88724, 0][0.260162, 0.41301, 0.072031][0.00000, 1.00000, 0.00000][0.02265, 0.86611, 0][0.231672, 0.41301, 0.072031][0.00000, 1.00000, 0.00000][0.04806, 0.86611, 0][0.258702, 0.41301, 0.08104][0.00000, 1.00000, 0.00000][0.02395, 0.87414, 0][0.231672, 0.41301, 0.100519][0.00000, 1.00000, 0.00000][0.04806, 0.89151, 0][0.231672, 0.41301, 0.072031][0.00000, 1.00000, 0.00000][0.04806, 0.86611, 0][0.222672, 0.41301, 0.099057][0.00000, 1.00000, 0.00000][0.05609, 0.89021, 0][0.258702, 0.41301, 0.08104][0.00000, 1.00000, 0.00000][0.02395, 0.87414, 0][0.231672, 0.41301, 0.072031][0.00000, 1.00000, 0.00000][0.04806, 0.86611, 0][0.255382, 0.41301, 0.087833][0.00000, 1.00000, 0.00000][0.02692, 0.88020, 0][0.240682, 0.41301, 0.099057][0.00000, 1.00000, 0.00000][0.04002, 0.89021, 0][0.231672, 0.41301, 0.072031][0.00000, 1.00000, 0.00000][0.04806, 0.86611, 0][0.231672, 0.41301, 0.100519][0.00000, 1.00000, 0.00000][0.04806, 0.89151, 0][0.255382, 0.41301, 0.087833][0.00000, 1.00000, 0.00000][0.02692, 0.88020, 0][0.231672, 0.41301, 0.072031][0.00000, 1.00000, 0.00000][0.04806, 0.86611, 0][0.251822, 0.41301, 0.092175][0.00000, 1.00000, 0.00000][0.03009, 0.88407, 0][0.247482, 0.41301, 0.095734][0.00000, 1.00000, 0.00000][0.03396, 0.88724, 0][0.231672, 0.41301, 0.072031][0.00000, 1.00000, 0.00000][0.04806, 0.86611, 0][0.240682, 0.41301, 0.099057][0.00000, 1.00000, 0.00000][0.04002, 0.89021, 0][0.251822, 0.41301, 0.092175][0.00000, 1.00000, 0.00000][0.03009, 0.88407, 0][0.231672, 0.41301, 0.072031][0.00000, 1.00000, 0.00000][0.04806, 0.86611, 0][0.247482, 0.41301, 0.095734][0.00000, 1.00000, 0.00000][0.03396, 0.88724, 0][-0.231312, 0.489207, 0.047685][0.13143, 0.84786, -0.51367][0.93251, 0.97906, 0][-0.219151, 0.487878, 0.048603][0.13143, 0.84786, -0.51367][0.94466, 0.97773, 0][-0.231312, 0.48372, 0.040751][0.13139, 0.77738, -0.61515][0.93251, 0.97358, 0][-0.217593, 0.49239, 0.059205][0.12947, 0.90540, -0.40435][0.94621, 0.98224, 0][-0.219151, 0.487878, 0.048603][0.13143, 0.84786, -0.51367][0.94466, 0.97773, 0][-0.231312, 0.489207, 0.047685][0.13143, 0.84786, -0.51367][0.93251, 0.97906, 0][0.149042, 0.346238, -0.099114][0.05829, 0.77105, -0.63410][0.64217, 0.32876, 0][0.179732, 0.337024, -0.107497][0.05829, 0.77105, -0.63410][0.63515, 0.32300, 0][0.162592, 0.325489, -0.123099][0.05829, 0.77105, -0.63410][0.65533, 0.31209, 0][0.220522, 0.487878, 0.048603][-0.13143, 0.84846, -0.51268][0.92040, 0.97655, 0][0.232682, 0.489207, 0.047685][-0.13143, 0.84846, -0.51268][0.93254, 0.97787, 0][0.222252, 0.482892, 0.041609][-0.13156, 0.79152, -0.59681][0.92213, 0.97157, 0][0.232682, 0.494329, 0.058536][-0.12995, 0.89665, -0.42325][0.93254, 0.98299, 0][0.232682, 0.489207, 0.047685][-0.13143, 0.84846, -0.51268][0.93254, 0.97787, 0][0.220522, 0.487878, 0.048603][-0.13143, 0.84846, -0.51268][0.92040, 0.97655, 0][-0.170977, 0.326524, -0.118875][0.00449, 0.74448, -0.66762][0.82801, 0.31362, 0][-0.174179, 0.345812, -0.097388][0.00524, 0.74006, -0.67252][0.84300, 0.33117, 0][-0.156266, 0.347102, -0.095829][0.00524, 0.74006, -0.67252][0.83188, 0.33171, 0][-0.165542, 0.375931, -0.064605][0.00598, 0.73559, -0.67740][0.85596, 0.35701, 0][-0.156266, 0.347102, -0.095829][0.00524, 0.74006, -0.67252][0.83188, 0.33171, 0][-0.174179, 0.345812, -0.097388][0.00524, 0.74006, -0.67252][0.84300, 0.33117, 0][-0.146914, 0.406901, -0.107774][0.02207, 0.99793, 0.06044][0.38571, 0.70574, 0][-0.149777, 0.409506, -0.149742][0.02207, 0.99793, 0.06044][0.38826, 0.66831, 0][-0.179024, 0.409506, -0.139062][0.02207, 0.99793, 0.06044][0.41434, 0.67784, 0][-0.123558, 0.406901, -0.117037][0.01480, 0.99760, 0.06759][0.36488, 0.69748, 0][-0.109276, 0.409506, -0.158611][0.01480, 0.99760, 0.06759][0.35214, 0.66040, 0][-0.149777, 0.409506, -0.149742][0.01480, 0.99760, 0.06759][0.38826, 0.66831, 0][0.197482, 0.409506, -0.12612][-0.03078, 0.99823, 0.05083][0.07855, 0.68938, 0][0.143292, 0.406901, -0.107775][-0.03078, 0.99823, 0.05083][0.12688, 0.70574, 0][0.160562, 0.406901, -0.097318][-0.03078, 0.99823, 0.05083][0.11148, 0.71507, 0][0.143292, 0.406901, -0.107775][-0.02391, 0.99789, 0.06031][0.12688, 0.70574, 0][0.146152, 0.409506, -0.149742][-0.02391, 0.99789, 0.06031][0.12433, 0.66831, 0][0.119932, 0.406901, -0.117037][-0.02391, 0.99789, 0.06031][0.14771, 0.69748, 0][0.146152, 0.409506, -0.149742][-0.02207, 0.99793, 0.06044][0.12433, 0.66831, 0][0.143292, 0.406901, -0.107775][-0.02207, 0.99793, 0.06044][0.12688, 0.70574, 0][0.175402, 0.409506, -0.139062][-0.02207, 0.99793, 0.06044][0.09825, 0.67784, 0][0.119932, 0.406901, -0.117037][-0.01646, 0.99754, 0.06816][0.14771, 0.69748, 0][0.105652, 0.409506, -0.158611][-0.01646, 0.99754, 0.06816][0.16045, 0.66040, 0][0.086998, 0.406901, -0.124989][-0.01646, 0.99754, 0.06816][0.17709, 0.69039, 0][0.105652, 0.409506, -0.158611][-0.01480, 0.99760, 0.06759][0.16045, 0.66040, 0][0.119932, 0.406901, -0.117037][-0.01480, 0.99760, 0.06759][0.14771, 0.69748, 0][0.146152, 0.409506, -0.149742][-0.01480, 0.99760, 0.06759][0.12433, 0.66831, 0][0.086998, 0.406901, -0.124989][-0.00915, 0.99727, 0.07333][0.17709, 0.69039, 0][0.049873, 0.409506, -0.165048][-0.00915, 0.99727, 0.07333][0.21020, 0.65466, 0][0.039988, 0.406901, -0.130855][-0.00915, 0.99727, 0.07333][0.21902, 0.68516, 0][0.049873, 0.409506, -0.165048][-0.00838, 0.99732, 0.07262][0.21020, 0.65466, 0][0.086998, 0.406901, -0.124989][-0.00838, 0.99732, 0.07262][0.17709, 0.69039, 0][0.105652, 0.409506, -0.158611][-0.00838, 0.99732, 0.07262][0.16045, 0.66040, 0][0.039988, 0.406901, -0.130855][-0.00383, 0.99714, 0.07552][0.21902, 0.68516, 0][-0.001812, 0.409506, -0.167372][-0.00383, 0.99714, 0.07552][0.25629, 0.65259, 0][-0.001812, 0.406901, -0.132977][-0.00383, 0.99714, 0.07552][0.25629, 0.68327, 0][-0.001812, 0.409506, -0.167372][-0.00337, 0.99718, 0.07500][0.25629, 0.65259, 0][0.039988, 0.406901, -0.130855][-0.00337, 0.99718, 0.07500][0.21902, 0.68516, 0][0.049873, 0.409506, -0.165048][-0.00337, 0.99718, 0.07500][0.21020, 0.65466, 0][-0.164186, 0.406901, -0.097317][0.03800, 0.99842, 0.04128][0.40111, 0.71507, 0][-0.218363, 0.409506, -0.110447][0.03800, 0.99842, 0.04128][0.44943, 0.70336, 0][-0.178165, 0.406901, -0.084447][0.03800, 0.99842, 0.04128][0.41358, 0.72655, 0][-0.218363, 0.409506, -0.110447][0.03790, 0.99841, 0.04172][0.44943, 0.70336, 0][-0.164186, 0.406901, -0.097317][0.03790, 0.99841, 0.04172][0.40111, 0.71507, 0][-0.20111, 0.409506, -0.126119][0.03790, 0.99841, 0.04172][0.43404, 0.68938, 0][-0.146914, 0.406901, -0.107774][0.03078, 0.99823, 0.05083][0.38571, 0.70574, 0][-0.20111, 0.409506, -0.126119][0.03078, 0.99823, 0.05083][0.43404, 0.68938, 0][-0.164186, 0.406901, -0.097317][0.03078, 0.99823, 0.05083][0.40111, 0.71507, 0][-0.20111, 0.409506, -0.126119][0.03041, 0.99819, 0.05190][0.43404, 0.68938, 0][-0.146914, 0.406901, -0.107774][0.03041, 0.99819, 0.05190][0.38571, 0.70574, 0][-0.179024, 0.409506, -0.139062][0.03041, 0.99819, 0.05190][0.41434, 0.67784, 0][-0.149777, 0.409506, -0.149742][0.02392, 0.99789, 0.06031][0.38826, 0.66831, 0][-0.146914, 0.406901, -0.107774][0.02392, 0.99789, 0.06031][0.38571, 0.70574, 0][-0.123558, 0.406901, -0.117037][0.02392, 0.99789, 0.06031][0.36488, 0.69748, 0][-0.109276, 0.409506, -0.158611][0.01645, 0.99754, 0.06816][0.35214, 0.66040, 0][-0.123558, 0.406901, -0.117037][0.01645, 0.99754, 0.06816][0.36488, 0.69748, 0][-0.090623, 0.406901, -0.124988][0.01645, 0.99754, 0.06816][0.33550, 0.69039, 0][-0.053498, 0.409506, -0.165048][0.00915, 0.99727, 0.07333][0.30239, 0.65466, 0][-0.090623, 0.406901, -0.124988][0.00915, 0.99727, 0.07333][0.33550, 0.69039, 0][-0.043613, 0.406901, -0.130855][0.00915, 0.99727, 0.07333][0.29357, 0.68516, 0][-0.090623, 0.406901, -0.124988][0.00838, 0.99732, 0.07262][0.33550, 0.69039, 0][-0.053498, 0.409506, -0.165048][0.00838, 0.99732, 0.07262][0.30239, 0.65466, 0][-0.109276, 0.409506, -0.158611][0.00838, 0.99732, 0.07262][0.35214, 0.66040, 0][-0.001812, 0.409506, -0.167372][0.00383, 0.99714, 0.07552][0.25629, 0.65259, 0][-0.043613, 0.406901, -0.130855][0.00383, 0.99714, 0.07552][0.29357, 0.68516, 0][-0.001812, 0.406901, -0.132977][0.00383, 0.99714, 0.07552][0.25629, 0.68327, 0][-0.043613, 0.406901, -0.130855][0.00337, 0.99718, 0.07500][0.29357, 0.68516, 0][-0.001812, 0.409506, -0.167372][0.00337, 0.99718, 0.07500][0.25629, 0.65259, 0][-0.053498, 0.409506, -0.165048][0.00337, 0.99718, 0.07500][0.30239, 0.65466, 0][0.160562, 0.406901, -0.097318][-0.03789, 0.99841, 0.04173][0.11148, 0.71507, 0][0.214742, 0.409506, -0.110448][-0.03789, 0.99841, 0.04173][0.06316, 0.70335, 0][0.197482, 0.409506, -0.12612][-0.03789, 0.99841, 0.04173][0.07855, 0.68938, 0][0.214742, 0.409506, -0.110448][-0.03800, 0.99842, 0.04128][0.06316, 0.70335, 0][0.160562, 0.406901, -0.097318][-0.03800, 0.99842, 0.04128][0.11148, 0.71507, 0][0.174542, 0.406901, -0.084447][-0.03800, 0.99842, 0.04128][0.09901, 0.72655, 0][0.143292, 0.406901, -0.107775][-0.03042, 0.99819, 0.05189][0.12688, 0.70574, 0][0.197482, 0.409506, -0.12612][-0.03042, 0.99819, 0.05189][0.07855, 0.68938, 0][0.175402, 0.409506, -0.139062][-0.03042, 0.99819, 0.05189][0.09825, 0.67784, 0][-0.23314, 0.409506, -0.091606][0.04293, 0.99851, 0.03367][0.46261, 0.72016, 0][-0.178165, 0.406901, -0.084447][0.04293, 0.99851, 0.03367][0.41358, 0.72655, 0][-0.218363, 0.409506, -0.110447][0.04293, 0.99851, 0.03367][0.44943, 0.70336, 0][0.174542, 0.406901, -0.084447][-0.04292, 0.99851, 0.03367][0.09901, 0.72655, 0][0.229522, 0.409506, -0.091607][-0.04292, 0.99851, 0.03367][0.04998, 0.72016, 0][0.214742, 0.409506, -0.110448][-0.04292, 0.99851, 0.03367][0.06316, 0.70335, 0][-0.178165, 0.406901, -0.084447][0.04051, 0.99782, 0.05203][0.41358, 0.72655, 0][-0.23314, 0.409506, -0.091606][0.04051, 0.99782, 0.05203][0.46261, 0.72016, 0][-0.199093, 0.406901, -0.068155][0.04051, 0.99782, 0.05203][0.43224, 0.74108, 0][0.229522, 0.409506, -0.091607][-0.04050, 0.99782, 0.05203][0.04998, 0.72016, 0][0.174542, 0.406901, -0.084447][-0.04050, 0.99782, 0.05203][0.09901, 0.72655, 0][0.195472, 0.406901, -0.068156][-0.04050, 0.99782, 0.05203][0.08035, 0.74107, 0][-0.199093, 0.406901, -0.068155][0.05474, 0.99790, 0.03471][0.43224, 0.74108, 0][-0.248517, 0.409506, -0.065096][0.05474, 0.99790, 0.03471][0.47632, 0.74380, 0][-0.210504, 0.406901, -0.050159][0.05474, 0.99790, 0.03471][0.44242, 0.75713, 0][-0.248517, 0.409506, -0.065096][0.05456, 0.99801, 0.03165][0.47632, 0.74380, 0][-0.199093, 0.406901, -0.068155][0.05456, 0.99801, 0.03165][0.43224, 0.74108, 0][-0.23314, 0.409506, -0.091606][0.05456, 0.99801, 0.03165][0.46261, 0.72016, 0][0.181412, 0.351602, -0.0941][-0.02742, 0.76590, -0.64237][0.62366, 0.33590, 0][0.149042, 0.346238, -0.099114][-0.02742, 0.76590, -0.64237][0.64217, 0.32876, 0][0.145882, 0.371922, -0.068356][-0.02742, 0.76590, -0.64237][0.62047, 0.34896, 0][0.195472, 0.406901, -0.068156][-0.05456, 0.99801, 0.03164][0.08035, 0.74107, 0][0.244892, 0.409506, -0.065097][-0.05456, 0.99801, 0.03164][0.03627, 0.74380, 0][0.229522, 0.409506, -0.091607][-0.05456, 0.99801, 0.03164][0.04998, 0.72016, 0][-0.215044, 0.406901, 0.033012][0.06308, 0.99800, -0.00354][0.44647, 0.83130, 0][-0.255288, 0.409506, 0.050294][0.06308, 0.99800, -0.00354][0.48236, 0.84672, 0][-0.21388, 0.406901, 0.053765][0.06308, 0.99800, -0.00354][0.44543, 0.84981, 0][-0.255288, 0.409506, 0.050294][0.06299, 0.99801, -0.00376][0.48236, 0.84672, 0][-0.215044, 0.406901, 0.033012][0.06299, 0.99801, -0.00376][0.44647, 0.83130, 0][-0.256665, 0.409506, 0.027197][0.06299, 0.99801, -0.00376][0.48359, 0.82612, 0][-0.215189, 0.406901, 0.010397][0.06252, 0.99804, -0.00040][0.44660, 0.81113, 0][-0.256665, 0.409506, 0.027197][0.06252, 0.99804, -0.00040][0.48359, 0.82612, 0][-0.215044, 0.406901, 0.033012][0.06252, 0.99804, -0.00040][0.44647, 0.83130, 0][-0.256665, 0.409506, 0.027197][0.06294, 0.99802, 0.00063][0.48359, 0.82612, 0][-0.215189, 0.406901, 0.010397][0.06294, 0.99802, 0.00063][0.44660, 0.81113, 0][-0.256411, 0.409506, 0.001967][0.06294, 0.99802, 0.00063][0.48336, 0.80361, 0][-0.214196, 0.406901, -0.012744][0.06252, 0.99804, 0.00268][0.44571, 0.79050, 0][-0.256411, 0.409506, 0.001967][0.06252, 0.99804, 0.00268][0.48336, 0.80361, 0][-0.215189, 0.406901, 0.010397][0.06252, 0.99804, 0.00268][0.44660, 0.81113, 0][-0.256411, 0.409506, 0.001967][0.06326, 0.99799, 0.00482][0.48336, 0.80361, 0][-0.214196, 0.406901, -0.012744][0.06326, 0.99799, 0.00482][0.44571, 0.79050, 0][-0.254447, 0.409506, -0.023806][0.06326, 0.99799, 0.00482][0.48161, 0.78063, 0][-0.212535, 0.406901, -0.032459][0.06313, 0.99799, 0.00532][0.44423, 0.77291, 0][-0.254447, 0.409506, -0.023806][0.06313, 0.99799, 0.00532][0.48161, 0.78063, 0][-0.214196, 0.406901, -0.012744][0.06313, 0.99799, 0.00532][0.44571, 0.79050, 0][0.244892, 0.409506, -0.065097][-0.05475, 0.99790, 0.03471][0.03627, 0.74380, 0][0.195472, 0.406901, -0.068156][-0.05475, 0.99790, 0.03471][0.08035, 0.74107, 0][0.206882, 0.406901, -0.05016][-0.05475, 0.99790, 0.03471][0.07017, 0.75713, 0][-0.254447, 0.409506, -0.023806][0.06371, 0.99794, 0.00816][0.48161, 0.78063, 0][-0.212535, 0.406901, -0.032459][0.06371, 0.99794, 0.00816][0.44423, 0.77291, 0][-0.25165, 0.409506, -0.045645][0.06371, 0.99794, 0.00816][0.47912, 0.76115, 0][-0.210504, 0.406901, -0.050159][0.06398, 0.99792, 0.00734][0.44242, 0.75713, 0][-0.25165, 0.409506, -0.045645][0.06398, 0.99792, 0.00734][0.47912, 0.76115, 0][-0.212535, 0.406901, -0.032459][0.06398, 0.99792, 0.00734][0.44423, 0.77291, 0][-0.25165, 0.409506, -0.045645][0.06431, 0.99788, 0.01036][0.47912, 0.76115, 0][-0.210504, 0.406901, -0.050159][0.06431, 0.99788, 0.01036][0.44242, 0.75713, 0][-0.248517, 0.409506, -0.065096][0.06431, 0.99788, 0.01036][0.47632, 0.74380, 0][0.211422, 0.406901, 0.033011][-0.06299, 0.99801, -0.00376][0.06612, 0.83130, 0][0.251662, 0.409506, 0.050293][-0.06299, 0.99801, -0.00376][0.03023, 0.84672, 0][0.253042, 0.409506, 0.027196][-0.06299, 0.99801, -0.00376][0.02900, 0.82612, 0][0.251662, 0.409506, 0.050293][-0.06308, 0.99800, -0.00356][0.03023, 0.84672, 0][0.211422, 0.406901, 0.033011][-0.06308, 0.99800, -0.00356][0.06612, 0.83130, 0][0.210252, 0.406901, 0.053765][-0.06308, 0.99800, -0.00356][0.06716, 0.84981, 0][0.211562, 0.406901, 0.010396][-0.06293, 0.99802, 0.00062][0.06599, 0.81113, 0][0.253042, 0.409506, 0.027196][-0.06293, 0.99802, 0.00062][0.02900, 0.82612, 0][0.252792, 0.409506, 0.001966][-0.06293, 0.99802, 0.00062][0.02923, 0.80361, 0][0.253042, 0.409506, 0.027196][-0.06252, 0.99804, -0.00039][0.02900, 0.82612, 0][0.211562, 0.406901, 0.010396][-0.06252, 0.99804, -0.00039][0.06599, 0.81113, 0][0.211422, 0.406901, 0.033011][-0.06252, 0.99804, -0.00039][0.06612, 0.83130, 0][0.210572, 0.406901, -0.012745][-0.06326, 0.99799, 0.00484][0.06688, 0.79050, 0][0.252792, 0.409506, 0.001966][-0.06326, 0.99799, 0.00484][0.02923, 0.80361, 0][0.250822, 0.409506, -0.023807][-0.06326, 0.99799, 0.00484][0.03098, 0.78063, 0][0.252792, 0.409506, 0.001966][-0.06251, 0.99804, 0.00267][0.02923, 0.80361, 0][0.210572, 0.406901, -0.012745][-0.06251, 0.99804, 0.00267][0.06688, 0.79050, 0][0.211562, 0.406901, 0.010396][-0.06251, 0.99804, 0.00267][0.06599, 0.81113, 0][0.208912, 0.406901, -0.03246][-0.06372, 0.99793, 0.00817][0.06836, 0.77291, 0][0.250822, 0.409506, -0.023807][-0.06372, 0.99793, 0.00817][0.03098, 0.78063, 0][0.248022, 0.409506, -0.045646][-0.06372, 0.99793, 0.00817][0.03348, 0.76115, 0][0.250822, 0.409506, -0.023807][-0.06313, 0.99799, 0.00532][0.03098, 0.78063, 0][0.208912, 0.406901, -0.03246][-0.06313, 0.99799, 0.00532][0.06836, 0.77291, 0][0.210572, 0.406901, -0.012745][-0.06313, 0.99799, 0.00532][0.06688, 0.79050, 0][0.206882, 0.406901, -0.05016][-0.06432, 0.99788, 0.01035][0.07017, 0.75713, 0][0.248022, 0.409506, -0.045646][-0.06432, 0.99788, 0.01035][0.03348, 0.76115, 0][0.244892, 0.409506, -0.065097][-0.06432, 0.99788, 0.01035][0.03627, 0.74380, 0][0.248022, 0.409506, -0.045646][-0.06399, 0.99792, 0.00734][0.03348, 0.76115, 0][0.206882, 0.406901, -0.05016][-0.06399, 0.99792, 0.00734][0.07017, 0.75713, 0][0.208912, 0.406901, -0.03246][-0.06399, 0.99792, 0.00734][0.06836, 0.77291, 0][0.166492, 0.377526, -0.063969][-0.06498, 0.75226, -0.65565][0.60771, 0.35572, 0][0.186542, 0.364701, -0.080671][-0.06498, 0.75226, -0.65565][0.61064, 0.34759, 0][0.145882, 0.371922, -0.068356][-0.06498, 0.75226, -0.65565][0.62047, 0.34896, 0][0.181412, 0.351602, -0.0941][-0.07692, 0.72825, -0.68098][0.62366, 0.33590, 0][0.145882, 0.371922, -0.068356][-0.07692, 0.72825, -0.68098][0.62047, 0.34896, 0][0.186542, 0.364701, -0.080671][-0.07692, 0.72825, -0.68098][0.61064, 0.34759, 0][0.166492, 0.377526, -0.063969][-0.07570, 0.74490, -0.66287][0.60771, 0.35572, 0][0.183662, 0.383594, -0.059111][-0.07570, 0.74490, -0.66287][0.59563, 0.36281, 0][0.186542, 0.364701, -0.080671][-0.07570, 0.74490, -0.66287][0.61064, 0.34759, 0][-0.211911, 0.480756, 0.102026][0.49502, 0.66826, 0.55533][0.95189, 0.97062, 0][-0.205042, 0.478022, 0.099193][0.49502, 0.66826, 0.55533][0.95875, 0.96789, 0][-0.209241, 0.484621, 0.094995][0.49502, 0.66826, 0.55533][0.95455, 0.97448, 0][-0.170977, 0.326524, -0.118875][0.11127, 0.74772, -0.65462][0.82801, 0.31362, 0][-0.188516, 0.358362, -0.08549][0.11127, 0.74772, -0.65462][0.85984, 0.34297, 0][-0.174179, 0.345812, -0.097388][0.11127, 0.74772, -0.65462][0.84300, 0.33117, 0][0.206412, 0.478022, 0.099193][-0.48909, 0.72224, 0.48904][0.90631, 0.96670, 0][0.213282, 0.480756, 0.102026][-0.48909, 0.72224, 0.48904][0.91317, 0.96943, 0][0.203582, 0.480756, 0.092325][-0.48909, 0.72224, 0.48904][0.90348, 0.96943, 0][-0.209241, 0.484621, 0.094995][0.55494, 0.70967, 0.43407][0.95455, 0.97448, 0][-0.20221, 0.480756, 0.092325][0.55494, 0.70967, 0.43407][0.96158, 0.97062, 0][-0.206991, 0.487878, 0.085084][0.55154, 0.74722, 0.37077][0.95680, 0.97773, 0][-0.205042, 0.478022, 0.099193][0.55533, 0.66826, 0.49501][0.95875, 0.96789, 0][-0.20221, 0.480756, 0.092325][0.55494, 0.70967, 0.43407][0.96158, 0.97062, 0][-0.209241, 0.484621, 0.094995][0.55494, 0.70967, 0.43407][0.95455, 0.97448, 0][-0.156282, 0.372888, -0.064693][0.23984, 0.74775, -0.61915][0.84972, 0.35378, 0][-0.156266, 0.347102, -0.095829][0.23984, 0.74775, -0.61915][0.83188, 0.33171, 0][-0.165542, 0.375931, -0.064605][0.23984, 0.74775, -0.61915][0.85596, 0.35701, 0][0.203582, 0.480756, 0.092325][-0.55517, 0.70565, 0.44027][0.90348, 0.96943, 0][0.210612, 0.484621, 0.094995][-0.55517, 0.70565, 0.44027][0.91050, 0.97329, 0][0.201372, 0.482892, 0.083362][-0.54679, 0.77400, 0.31928][0.90127, 0.97157, 0][0.213282, 0.480756, 0.102026][-0.55279, 0.62363, 0.55273][0.91317, 0.96943, 0][0.210612, 0.484621, 0.094995][-0.55517, 0.70565, 0.44027][0.91050, 0.97329, 0][0.203582, 0.480756, 0.092325][-0.55517, 0.70565, 0.44027][0.90348, 0.96943, 0][-0.209241, 0.484621, 0.050853][0.31947, 0.77394, -0.54676][0.95455, 0.97448, 0][-0.211911, 0.480756, 0.043822][0.31947, 0.77394, -0.54676][0.95189, 0.97062, 0][-0.220873, 0.482892, 0.041609][0.31947, 0.77394, -0.54676][0.94294, 0.97275, 0][-0.219151, 0.487878, 0.048603][0.37049, 0.79166, -0.48581][0.94466, 0.97773, 0][-0.209241, 0.484621, 0.050853][0.37049, 0.79166, -0.48581][0.95455, 0.97448, 0][-0.220873, 0.482892, 0.041609][0.36952, 0.71122, -0.59801][0.94294, 0.97275, 0][-0.206991, 0.487878, 0.060764][0.36439, 0.85701, -0.36436][0.95680, 0.97773, 0][-0.209241, 0.484621, 0.050853][0.37049, 0.79166, -0.48581][0.95455, 0.97448, 0][-0.219151, 0.487878, 0.048603][0.37049, 0.79166, -0.48581][0.94466, 0.97773, 0][-0.206991, 0.487878, 0.085084][0.60180, 0.76533, 0.22825][0.95680, 0.97773, 0][-0.199997, 0.482892, 0.083362][0.60180, 0.76533, 0.22825][0.96379, 0.97275, 0][-0.206073, 0.489207, 0.072924][0.59672, 0.79159, 0.13156][0.95772, 0.97906, 0][-0.20221, 0.480756, 0.092325][0.60083, 0.73137, 0.32264][0.96158, 0.97062, 0][-0.199997, 0.482892, 0.083362][0.60180, 0.76533, 0.22825][0.96379, 0.97275, 0][-0.206991, 0.487878, 0.085084][0.60180, 0.76533, 0.22825][0.95680, 0.97773, 0][0.210612, 0.484621, 0.050853][-0.37040, 0.79391, -0.48219][0.91050, 0.97329, 0][0.220522, 0.487878, 0.048603][-0.37040, 0.79391, -0.48219][0.92040, 0.97655, 0][0.213282, 0.480756, 0.043822][-0.37080, 0.74720, -0.55155][0.91317, 0.96943, 0][0.218962, 0.49239, 0.059205][-0.36742, 0.83507, -0.40946][0.91884, 0.98105, 0][0.220522, 0.487878, 0.048603][-0.37040, 0.79391, -0.48219][0.92040, 0.97655, 0][0.210612, 0.484621, 0.050853][-0.37040, 0.79391, -0.48219][0.91050, 0.97329, 0][0.201372, 0.482892, 0.083362][-0.60227, 0.76039, 0.24306][0.90127, 0.97157, 0][0.208362, 0.487878, 0.085084][-0.60227, 0.76039, 0.24306][0.90825, 0.97655, 0][0.200512, 0.48372, 0.072924][-0.59521, 0.79570, 0.11216][0.90042, 0.97239, 0][0.210612, 0.484621, 0.094995][-0.59823, 0.71106, 0.36948][0.91050, 0.97329, 0][0.208362, 0.487878, 0.085084][-0.60227, 0.76039, 0.24306][0.90825, 0.97655, 0][0.201372, 0.482892, 0.083362][-0.60227, 0.76039, 0.24306][0.90127, 0.97157, 0][0.220522, 0.487878, 0.048603][-0.32243, 0.73127, -0.60107][0.92040, 0.97655, 0][0.222252, 0.482892, 0.041609][-0.32243, 0.73127, -0.60107][0.92213, 0.97157, 0][0.213282, 0.480756, 0.043822][-0.32243, 0.73127, -0.60107][0.91317, 0.96943, 0][-0.20221, 0.480756, 0.053523][0.48910, 0.72219, -0.48910][0.96158, 0.97062, 0][-0.205042, 0.478022, 0.046654][0.48910, 0.72219, -0.48910][0.95875, 0.96789, 0][-0.211911, 0.480756, 0.043822][0.48910, 0.72219, -0.48910][0.95189, 0.97062, 0][-0.206991, 0.487878, 0.060764][0.60205, 0.76057, -0.24304][0.95680, 0.97773, 0][-0.199997, 0.482892, 0.062486][0.60205, 0.76057, -0.24304][0.96379, 0.97275, 0][-0.209241, 0.484621, 0.050853][0.59801, 0.71124, -0.36949][0.95455, 0.97448, 0][-0.199138, 0.48372, 0.072924][0.59498, 0.79588, -0.11210][0.96465, 0.97358, 0][-0.199997, 0.482892, 0.062486][0.60205, 0.76057, -0.24304][0.96379, 0.97275, 0][-0.206991, 0.487878, 0.060764][0.60205, 0.76057, -0.24304][0.95680, 0.97773, 0][0.201372, 0.482892, 0.062486][-0.60202, 0.76517, -0.22821][0.90127, 0.97157, 0][0.208362, 0.487878, 0.060764][-0.60202, 0.76517, -0.22821][0.90825, 0.97655, 0][0.203582, 0.480756, 0.053523][-0.60105, 0.73126, -0.32247][0.90348, 0.96943, 0][0.207442, 0.489207, 0.072924][-0.59695, 0.79140, -0.13166][0.90734, 0.97787, 0][0.208362, 0.487878, 0.060764][-0.60202, 0.76517, -0.22821][0.90825, 0.97655, 0][0.201372, 0.482892, 0.062486][-0.60202, 0.76517, -0.22821][0.90127, 0.97157, 0][-0.209241, 0.484621, 0.050853][0.55512, 0.70565, -0.44035][0.95455, 0.97448, 0][-0.20221, 0.480756, 0.053523][0.55512, 0.70565, -0.44035][0.96158, 0.97062, 0][-0.211911, 0.480756, 0.043822][0.55273, 0.62367, -0.55273][0.95189, 0.97062, 0][-0.199997, 0.482892, 0.062486][0.54676, 0.77396, -0.31944][0.96379, 0.97275, 0][-0.20221, 0.480756, 0.053523][0.55512, 0.70565, -0.44035][0.96158, 0.97062, 0][-0.209241, 0.484621, 0.050853][0.55512, 0.70565, -0.44035][0.95455, 0.97448, 0][0.203582, 0.480756, 0.053523][-0.55499, 0.70968, -0.43397][0.90348, 0.96943, 0][0.210612, 0.484621, 0.050853][-0.55499, 0.70968, -0.43397][0.91050, 0.97329, 0][0.206412, 0.478022, 0.046654][-0.55538, 0.66835, -0.49483][0.90631, 0.96670, 0][0.208362, 0.487878, 0.060764][-0.55160, 0.74717, -0.37077][0.90825, 0.97655, 0][0.210612, 0.484621, 0.050853][-0.55499, 0.70968, -0.43397][0.91050, 0.97329, 0][0.203582, 0.480756, 0.053523][-0.55499, 0.70968, -0.43397][0.90348, 0.96943, 0][0.210612, 0.484621, 0.050853][-0.49490, 0.66835, -0.55533][0.91050, 0.97329, 0][0.213282, 0.480756, 0.043822][-0.49490, 0.66835, -0.55533][0.91317, 0.96943, 0][0.206412, 0.478022, 0.046654][-0.49490, 0.66835, -0.55533][0.90631, 0.96670, 0][-0.207551, 0.249406, 0.074229][0.37485, 0.91952, 0.11816][0.94973, 0.25023, 0][-0.205113, 0.252827, 0.039871][0.37485, 0.91952, 0.11816][0.93332, 0.25169, 0][-0.210014, 0.252861, 0.055155][0.37485, 0.91952, 0.11816][0.94333, 0.25216, 0][0.254752, 0.47397, 0.10603][0.56074, 0.46011, 0.68838][0.95459, 0.96266, 0][0.261782, 0.471393, 0.102026][0.56074, 0.46011, 0.68838][0.96161, 0.96008, 0][0.252082, 0.480756, 0.102026][0.55392, 0.57386, 0.60320][0.95192, 0.96943, 0][0.264002, 0.462742, 0.104239][0.55621, 0.33705, 0.75962][0.96382, 0.95144, 0][0.261782, 0.471393, 0.102026][0.56074, 0.46011, 0.68838][0.96161, 0.96008, 0][0.254752, 0.47397, 0.10603][0.56074, 0.46011, 0.68838][0.95459, 0.96266, 0][0.261782, 0.471393, 0.102026][0.49360, 0.51136, 0.70347][0.96161, 0.96008, 0][0.258952, 0.478022, 0.099193][0.49360, 0.51136, 0.70347][0.95878, 0.96670, 0][0.252082, 0.480756, 0.102026][0.49360, 0.51136, 0.70347][0.95192, 0.96943, 0][-0.253383, 0.47397, 0.10603][-0.49688, 0.57768, 0.64760][0.91047, 0.96384, 0][-0.250712, 0.480756, 0.102026][-0.49688, 0.57768, 0.64760][0.91314, 0.97062, 0][-0.257583, 0.478022, 0.099193][-0.49688, 0.57768, 0.64760][0.90627, 0.96789, 0][-0.260414, 0.471393, 0.102026][-0.56073, 0.45417, 0.69232][0.90345, 0.96127, 0][-0.253383, 0.47397, 0.10603][-0.56073, 0.45417, 0.69232][0.91047, 0.96384, 0][-0.257583, 0.478022, 0.099193][-0.55882, 0.51607, 0.64914][0.90627, 0.96789, 0][-0.255633, 0.464404, 0.109405][-0.55943, 0.38969, 0.73156][0.90822, 0.95429, 0][-0.253383, 0.47397, 0.10603][-0.56073, 0.45417, 0.69232][0.91047, 0.96384, 0][-0.260414, 0.471393, 0.102026][-0.56073, 0.45417, 0.69232][0.90345, 0.96127, 0][0.257002, 0.464404, 0.109405][0.61263, 0.25579, 0.74783][0.95683, 0.95310, 0][0.264002, 0.462742, 0.104239][0.61263, 0.25579, 0.74783][0.96382, 0.95144, 0][0.254752, 0.47397, 0.10603][0.60519, 0.38766, 0.69532][0.95459, 0.96266, 0][0.264862, 0.452667, 0.105097][0.60770, 0.11875, 0.78524][0.96468, 0.94138, 0][0.264002, 0.462742, 0.104239][0.61263, 0.25579, 0.74783][0.96382, 0.95144, 0][0.257002, 0.464404, 0.109405][0.61263, 0.25579, 0.74783][0.95683, 0.95310, 0][-0.262626, 0.462742, 0.104239][-0.61308, 0.24050, 0.75252][0.90124, 0.95263, 0][-0.255633, 0.464404, 0.109405][-0.61308, 0.24050, 0.75252][0.90822, 0.95429, 0][-0.260414, 0.471393, 0.102026][-0.60979, 0.33916, 0.71633][0.90345, 0.96127, 0][-0.25655, 0.452667, 0.110782][-0.60959, 0.13919, 0.78040][0.90731, 0.94257, 0][-0.255633, 0.464404, 0.109405][-0.61308, 0.24050, 0.75252][0.90822, 0.95429, 0][-0.262626, 0.462742, 0.104239][-0.61308, 0.24050, 0.75252][0.90124, 0.95263, 0][0.244842, 0.476141, 0.109405][0.37532, 0.50888, 0.77471][0.94469, 0.96482, 0][0.254752, 0.47397, 0.10603][0.37532, 0.50888, 0.77471][0.95459, 0.96266, 0][0.243122, 0.482892, 0.104239][0.37108, 0.62210, 0.68942][0.94297, 0.97157, 0][0.257002, 0.464404, 0.109405][0.37202, 0.38542, 0.84442][0.95683, 0.95310, 0][0.254752, 0.47397, 0.10603][0.37532, 0.50888, 0.77471][0.95459, 0.96266, 0][0.244842, 0.476141, 0.109405][0.37532, 0.50888, 0.77471][0.94469, 0.96482, 0][0.254752, 0.47397, 0.10603][0.32262, 0.57194, 0.75419][0.95459, 0.96266, 0][0.252082, 0.480756, 0.102026][0.32262, 0.57194, 0.75419][0.95192, 0.96943, 0][0.243122, 0.482892, 0.104239][0.32262, 0.57194, 0.75419][0.94297, 0.97157, 0][-0.243471, 0.476141, 0.109405][-0.32428, 0.62565, 0.70951][0.92037, 0.96601, 0][-0.241749, 0.482892, 0.104239][-0.32428, 0.62565, 0.70951][0.92209, 0.97275, 0][-0.250712, 0.480756, 0.102026][-0.32428, 0.62565, 0.70951][0.91314, 0.97062, 0][-0.253383, 0.47397, 0.10603][-0.37526, 0.50590, 0.77669][0.91047, 0.96384, 0][-0.243471, 0.476141, 0.109405][-0.37526, 0.50590, 0.77669][0.92037, 0.96601, 0][-0.250712, 0.480756, 0.102026][-0.37371, 0.57604, 0.72699][0.91314, 0.97062, 0][-0.245032, 0.465909, 0.11408][-0.37405, 0.43202, 0.82064][0.91881, 0.95579, 0][-0.243471, 0.476141, 0.109405][-0.37526, 0.50590, 0.77669][0.92037, 0.96601, 0][-0.253383, 0.47397, 0.10603][-0.37526, 0.50590, 0.77669][0.91047, 0.96384, 0][0.246402, 0.465909, 0.11408][0.42038, 0.28729, 0.86067][0.94625, 0.95461, 0][0.257002, 0.464404, 0.109405][0.42038, 0.28729, 0.86067][0.95683, 0.95310, 0][0.244842, 0.476141, 0.109405][0.41476, 0.42970, 0.80208][0.94469, 0.96482, 0][0.257922, 0.452667, 0.110782][0.41601, 0.13806, 0.89882][0.95775, 0.94138, 0][0.257002, 0.464404, 0.109405][0.42038, 0.28729, 0.86067][0.95683, 0.95310, 0][0.246402, 0.465909, 0.11408][0.42038, 0.28729, 0.86067][0.94625, 0.95461, 0][-0.255633, 0.464404, 0.109405][-0.42036, 0.27450, 0.86484][0.90822, 0.95429, 0][-0.245032, 0.465909, 0.11408][-0.42036, 0.27450, 0.86484][0.91881, 0.95579, 0][-0.253383, 0.47397, 0.10603][-0.41745, 0.38808, 0.82167][0.91047, 0.96384, 0][-0.2457, 0.452667, 0.116089][-0.41707, 0.15686, 0.89524][0.91814, 0.94257, 0][-0.245032, 0.465909, 0.11408][-0.42036, 0.27450, 0.86484][0.91881, 0.95579, 0][-0.255633, 0.464404, 0.109405][-0.42036, 0.27450, 0.86484][0.90822, 0.95429, 0][0.257002, 0.440931, 0.109405][0.61270, -0.24084, 0.75273][0.95683, 0.92966, 0][0.264002, 0.442593, 0.104239][0.61270, -0.24084, 0.75273][0.96382, 0.93132, 0][0.257922, 0.452667, 0.110782][0.60922, -0.13935, 0.78066][0.95775, 0.94138, 0][0.261782, 0.433942, 0.102026][0.60938, -0.33965, 0.71645][0.96161, 0.92268, 0][0.264002, 0.442593, 0.104239][0.61270, -0.24084, 0.75273][0.96382, 0.93132, 0][0.257002, 0.440931, 0.109405][0.61270, -0.24084, 0.75273][0.95683, 0.92966, 0][-0.262626, 0.442593, 0.104239][-0.61302, -0.25574, 0.74753][0.90124, 0.93251, 0][-0.255633, 0.440931, 0.109405][-0.61302, -0.25574, 0.74753][0.90822, 0.93085, 0][-0.263484, 0.452667, 0.105097][-0.60808, -0.11865, 0.78496][0.90038, 0.94257, 0][-0.253383, 0.431366, 0.10603][-0.60556, -0.38767, 0.69499][0.91047, 0.92129, 0][-0.255633, 0.440931, 0.109405][-0.61302, -0.25574, 0.74753][0.90822, 0.93085, 0][-0.262626, 0.442593, 0.104239][-0.61302, -0.25574, 0.74753][0.90124, 0.93251, 0][-0.219151, 0.476141, 0.109405][0.11302, 0.62184, 0.77495][0.94466, 0.96601, 0][-0.220873, 0.482892, 0.104239][0.11302, 0.62184, 0.77495][0.94294, 0.97275, 0][-0.231312, 0.48372, 0.105097][0.11302, 0.62184, 0.77495][0.93251, 0.97358, 0][-0.231312, 0.477027, 0.110782][-0.11328, 0.64321, 0.75726][0.93251, 0.96689, 0][-0.231312, 0.48372, 0.105097][-0.11328, 0.64321, 0.75726][0.93251, 0.97358, 0][-0.241749, 0.482892, 0.104239][-0.11328, 0.64321, 0.75726][0.92209, 0.97275, 0][0.244842, 0.476141, 0.109405][0.11301, 0.62181, 0.77497][0.94469, 0.96482, 0][0.243122, 0.482892, 0.104239][0.11301, 0.62181, 0.77497][0.94297, 0.97157, 0][0.232682, 0.48372, 0.105097][0.11301, 0.62181, 0.77497][0.93254, 0.97239, 0][0.232682, 0.477027, 0.110782][-0.11336, 0.64321, 0.75725][0.93254, 0.96571, 0][0.232682, 0.48372, 0.105097][-0.11336, 0.64321, 0.75725][0.93254, 0.97239, 0][0.222252, 0.482892, 0.104239][-0.11336, 0.64321, 0.75725][0.92213, 0.97157, 0][-0.231312, 0.477027, 0.110782][0.13344, 0.53948, 0.83136][0.93251, 0.96689, 0][-0.219151, 0.476141, 0.109405][0.13344, 0.53948, 0.83136][0.94466, 0.96601, 0][-0.231312, 0.48372, 0.105097][0.13229, 0.64169, 0.75547][0.93251, 0.97358, 0][-0.217593, 0.465909, 0.11408][0.13242, 0.42853, 0.89377][0.94621, 0.95579, 0][-0.219151, 0.476141, 0.109405][0.13344, 0.53948, 0.83136][0.94466, 0.96601, 0][-0.231312, 0.477027, 0.110782][0.13344, 0.53948, 0.83136][0.93251, 0.96689, 0][-0.231312, 0.466555, 0.116089][-0.13277, 0.44804, 0.88410][0.93251, 0.95644, 0][-0.231312, 0.477027, 0.110782][-0.13346, 0.53870, 0.83186][0.93251, 0.96689, 0][-0.243471, 0.476141, 0.109405][-0.13346, 0.53870, 0.83186][0.92037, 0.96601, 0][-0.243471, 0.476141, 0.109405][-0.13346, 0.53870, 0.83186][0.92037, 0.96601, 0][-0.231312, 0.477027, 0.110782][-0.13346, 0.53870, 0.83186][0.93251, 0.96689, 0][-0.241749, 0.482892, 0.104239][-0.13269, 0.62346, 0.77051][0.92209, 0.97275, 0][0.232682, 0.477027, 0.110782][0.13345, 0.53949, 0.83135][0.93254, 0.96571, 0][0.244842, 0.476141, 0.109405][0.13345, 0.53949, 0.83135][0.94469, 0.96482, 0][0.232682, 0.48372, 0.105097][0.13230, 0.64169, 0.75547][0.93254, 0.97239, 0][0.246402, 0.465909, 0.11408][0.13243, 0.42855, 0.89376][0.94625, 0.95461, 0][0.244842, 0.476141, 0.109405][0.13345, 0.53949, 0.83135][0.94469, 0.96482, 0][0.232682, 0.477027, 0.110782][0.13345, 0.53949, 0.83135][0.93254, 0.96571, 0][0.232682, 0.466555, 0.116089][-0.13276, 0.44804, 0.88410][0.93254, 0.95525, 0][0.232682, 0.477027, 0.110782][-0.13345, 0.53875, 0.83183][0.93254, 0.96571, 0][0.220522, 0.476141, 0.109405][-0.13345, 0.53875, 0.83183][0.92040, 0.96482, 0][0.220522, 0.476141, 0.109405][-0.13345, 0.53875, 0.83183][0.92040, 0.96482, 0][0.232682, 0.477027, 0.110782][-0.13345, 0.53875, 0.83183][0.93254, 0.96571, 0][0.222252, 0.482892, 0.104239][-0.13268, 0.62355, 0.77044][0.92213, 0.97157, 0][0.246402, 0.439427, 0.11408][0.42037, -0.27456, 0.86482][0.94625, 0.92816, 0][0.257002, 0.440931, 0.109405][0.42037, -0.27456, 0.86482][0.95683, 0.92966, 0][0.247072, 0.452667, 0.116089][0.41709, -0.15694, 0.89521][0.94691, 0.94138, 0][0.254752, 0.431366, 0.10603][0.41745, -0.38811, 0.82165][0.95459, 0.92011, 0][0.257002, 0.440931, 0.109405][0.42037, -0.27456, 0.86482][0.95683, 0.92966, 0][0.246402, 0.439427, 0.11408][0.42037, -0.27456, 0.86482][0.94625, 0.92816, 0][0.254752, 0.431366, 0.10603][0.56074, -0.45416, 0.69232][0.95459, 0.92011, 0][0.261782, 0.433942, 0.102026][0.56074, -0.45416, 0.69232][0.96161, 0.92268, 0][0.257002, 0.440931, 0.109405][0.55945, -0.38972, 0.73153][0.95683, 0.92966, 0][0.258952, 0.427313, 0.099193][0.55883, -0.51601, 0.64918][0.95878, 0.91606, 0][0.261782, 0.433942, 0.102026][0.56074, -0.45416, 0.69232][0.96161, 0.92268, 0][0.254752, 0.431366, 0.10603][0.56074, -0.45416, 0.69232][0.95459, 0.92011, 0][-0.255633, 0.440931, 0.109405][-0.42032, -0.28725, 0.86071][0.90822, 0.93085, 0][-0.245032, 0.439427, 0.11408][-0.42032, -0.28725, 0.86071][0.91881, 0.92934, 0][-0.25655, 0.452667, 0.110782][-0.41596, -0.13797, 0.89885][0.90731, 0.94257, 0][-0.243471, 0.429194, 0.109405][-0.41469, -0.42971, 0.80211][0.92037, 0.91912, 0][-0.245032, 0.439427, 0.11408][-0.42032, -0.28725, 0.86071][0.91881, 0.92934, 0][-0.255633, 0.440931, 0.109405][-0.42032, -0.28725, 0.86071][0.90822, 0.93085, 0][0.211232, 0.389663, -0.024807][0.64451, 0.35639, 0.67646][0.55604, 0.36851, 0][0.207962, 0.371835, -0.012299][0.64451, 0.35639, 0.67646][0.54966, 0.35058, 0][0.220342, 0.348353, -0.011723][0.64451, 0.35639, 0.67646][0.54277, 0.33032, 0][-0.260414, 0.433942, 0.102026][-0.56064, -0.45989, 0.68861][0.90345, 0.92387, 0][-0.253383, 0.431366, 0.10603][-0.56064, -0.45989, 0.68861][0.91047, 0.92129, 0][-0.262626, 0.442593, 0.104239][-0.55608, -0.33658, 0.75993][0.90124, 0.93251, 0][-0.250712, 0.424579, 0.102026][-0.55382, -0.57387, 0.60330][0.91314, 0.91451, 0][-0.253383, 0.431366, 0.10603][-0.56064, -0.45989, 0.68861][0.91047, 0.92129, 0][-0.260414, 0.433942, 0.102026][-0.56064, -0.45989, 0.68861][0.90345, 0.92387, 0][0.223292, 0.218837, 0.052583][0.64663, 0.39407, 0.65313][0.50392, 0.21793, 0][0.219862, 0.245156, 0.040099][0.64663, 0.39407, 0.65313][0.51260, 0.23944, 0][0.201882, 0.261556, 0.048005][0.64663, 0.39407, 0.65313][0.51762, 0.25377, 0][-0.210317, 0.289323, -0.001281][-0.66757, 0.24569, 0.70284][0.91853, 0.28067, 0][-0.234606, 0.260907, -0.014418][-0.66757, 0.24569, 0.70284][0.92884, 0.25548, 0][-0.211739, 0.271702, 0.003528][-0.66757, 0.24569, 0.70284][0.92150, 0.26584, 0][-0.222682, 0.319665, -0.022537][-0.68773, 0.19405, 0.69955][0.91739, 0.30702, 0][-0.210317, 0.289323, -0.001281][-0.68980, 0.20528, 0.69429][0.91853, 0.28067, 0][-0.208794, 0.32759, -0.011082][-0.68773, 0.19405, 0.69955][0.91335, 0.31366, 0][-0.222682, 0.319665, -0.022537][-0.68773, 0.19405, 0.69955][0.91739, 0.30702, 0][-0.208794, 0.32759, -0.011082][-0.68773, 0.19405, 0.69955][0.91335, 0.31366, 0][-0.207189, 0.346895, -0.014528][-0.68555, 0.18279, 0.70470][0.91082, 0.33066, 0][0.207962, 0.371835, -0.012299][0.56080, 0.31445, 0.76591][0.54966, 0.35058, 0][0.208752, 0.329048, 0.004689][0.56080, 0.31445, 0.76591][0.53895, 0.31143, 0][0.220342, 0.348353, -0.011723][0.56080, 0.31445, 0.76591][0.54277, 0.33032, 0][-0.257583, 0.427313, 0.099193][-0.49354, -0.51141, 0.70347][0.90627, 0.91724, 0][-0.250712, 0.424579, 0.102026][-0.49354, -0.51141, 0.70347][0.91314, 0.91451, 0][-0.260414, 0.433942, 0.102026][-0.49354, -0.51141, 0.70347][0.90345, 0.92387, 0][-0.234606, 0.260907, -0.014418][-0.65897, 0.23257, 0.71531][0.92884, 0.25548, 0][-0.210317, 0.289323, -0.001281][-0.65897, 0.23257, 0.71531][0.91853, 0.28067, 0][-0.222682, 0.319665, -0.022537][-0.65897, 0.23257, 0.71531][0.91739, 0.30702, 0][0.227022, 0.265648, 0.022934][0.54751, 0.41660, 0.72573][0.51842, 0.25622, 0][0.219862, 0.245156, 0.040099][0.54751, 0.41660, 0.72573][0.51260, 0.23944, 0][0.223292, 0.218837, 0.052583][0.54915, 0.41551, 0.72511][0.50392, 0.21793, 0][0.206912, 0.285727, 0.026501][0.54587, 0.41768, 0.72634][0.52722, 0.27364, 0][0.219862, 0.245156, 0.040099][0.54751, 0.41660, 0.72573][0.51260, 0.23944, 0][0.227022, 0.265648, 0.022934][0.54751, 0.41660, 0.72573][0.51842, 0.25622, 0][0.252082, 0.424579, 0.102026][0.49693, -0.57758, 0.64766][0.95192, 0.91333, 0][0.258952, 0.427313, 0.099193][0.49693, -0.57758, 0.64766][0.95878, 0.91606, 0][0.254752, 0.431366, 0.10603][0.49693, -0.57758, 0.64766][0.95459, 0.92011, 0][0.208752, 0.329048, 0.004689][0.50232, 0.36970, 0.78166][0.53895, 0.31143, 0][0.206912, 0.285727, 0.026501][0.50760, 0.37017, 0.77802][0.52722, 0.27364, 0][0.227022, 0.265648, 0.022934][0.50232, 0.36970, 0.78166][0.51842, 0.25622, 0][0.220342, 0.348353, -0.011723][0.49701, 0.36921, 0.78528][0.54277, 0.33032, 0][0.208752, 0.329048, 0.004689][0.50232, 0.36970, 0.78166][0.53895, 0.31143, 0][0.227022, 0.265648, 0.022934][0.50232, 0.36970, 0.78166][0.51842, 0.25622, 0][0.244842, 0.429194, 0.109405][0.37537, -0.50582, 0.77668][0.94469, 0.91794, 0][0.254752, 0.431366, 0.10603][0.37537, -0.50582, 0.77668][0.95459, 0.92011, 0][0.246402, 0.439427, 0.11408][0.37415, -0.43195, 0.82063][0.94625, 0.92816, 0][0.252082, 0.424579, 0.102026][0.37382, -0.57596, 0.72700][0.95192, 0.91333, 0][0.254752, 0.431366, 0.10603][0.37537, -0.50582, 0.77668][0.95459, 0.92011, 0][0.244842, 0.429194, 0.109405][0.37537, -0.50582, 0.77668][0.94469, 0.91794, 0][-0.231312, 0.466555, 0.116089][0.15204, 0.30491, 0.94017][0.93251, 0.95644, 0][-0.217593, 0.465909, 0.11408][0.15204, 0.30491, 0.94017][0.94621, 0.95579, 0][-0.231312, 0.477027, 0.110782][0.15019, 0.44692, 0.88188][0.93251, 0.96689, 0][-0.216923, 0.452667, 0.116089][0.15030, 0.15572, 0.97630][0.94688, 0.94257, 0][-0.217593, 0.465909, 0.11408][0.15204, 0.30491, 0.94017][0.94621, 0.95579, 0][-0.231312, 0.466555, 0.116089][0.15204, 0.30491, 0.94017][0.93251, 0.95644, 0][-0.245032, 0.465909, 0.11408][-0.15202, 0.29976, 0.94182][0.91881, 0.95579, 0][-0.231312, 0.466555, 0.116089][-0.15202, 0.29976, 0.94182][0.93251, 0.95644, 0][-0.243471, 0.476141, 0.109405][-0.15060, 0.42975, 0.89030][0.92037, 0.96601, 0][-0.231312, 0.452667, 0.118424][-0.15048, 0.16392, 0.97493][0.93251, 0.94257, 0][-0.231312, 0.466555, 0.116089][-0.15202, 0.29976, 0.94182][0.93251, 0.95644, 0][-0.245032, 0.465909, 0.11408][-0.15202, 0.29976, 0.94182][0.91881, 0.95579, 0][-0.231312, 0.43878, 0.116089][0.15206, -0.29973, 0.94183][0.93251, 0.92870, 0][-0.217593, 0.439427, 0.11408][0.15206, -0.29973, 0.94183][0.94621, 0.92934, 0][-0.231312, 0.452667, 0.118424][0.15050, -0.16393, 0.97492][0.93251, 0.94257, 0][-0.219151, 0.429194, 0.109405][0.15064, -0.42969, 0.89032][0.94466, 0.91912, 0][-0.217593, 0.439427, 0.11408][0.15206, -0.29973, 0.94183][0.94621, 0.92934, 0][-0.231312, 0.43878, 0.116089][0.15206, -0.29973, 0.94183][0.93251, 0.92870, 0][-0.231312, 0.428308, 0.110782][-0.15021, -0.44692, 0.88187][0.93251, 0.91824, 0][-0.231312, 0.43878, 0.116089][-0.15205, -0.30491, 0.94016][0.93251, 0.92870, 0][-0.245032, 0.439427, 0.11408][-0.15205, -0.30491, 0.94016][0.91881, 0.92934, 0][-0.245032, 0.439427, 0.11408][-0.15205, -0.30491, 0.94016][0.91881, 0.92934, 0][-0.231312, 0.43878, 0.116089][-0.15205, -0.30491, 0.94016][0.93251, 0.92870, 0][-0.2457, 0.452667, 0.116089][-0.15030, -0.15572, 0.97630][0.91814, 0.94257, 0][0.232682, 0.466555, 0.116089][0.15202, 0.30491, 0.94017][0.93254, 0.95525, 0][0.246402, 0.465909, 0.11408][0.15202, 0.30491, 0.94017][0.94625, 0.95461, 0][0.232682, 0.477027, 0.110782][0.15018, 0.44692, 0.88188][0.93254, 0.96571, 0][0.247072, 0.452667, 0.116089][0.15029, 0.15572, 0.97630][0.94691, 0.94138, 0][0.246402, 0.465909, 0.11408][0.15202, 0.30491, 0.94017][0.94625, 0.95461, 0][0.232682, 0.466555, 0.116089][0.15202, 0.30491, 0.94017][0.93254, 0.95525, 0][0.218962, 0.465909, 0.11408][-0.15202, 0.29976, 0.94182][0.91884, 0.95461, 0][0.232682, 0.466555, 0.116089][-0.15202, 0.29976, 0.94182][0.93254, 0.95525, 0][0.220522, 0.476141, 0.109405][-0.15060, 0.42974, 0.89030][0.92040, 0.96482, 0][0.232682, 0.452667, 0.118424][-0.15048, 0.16392, 0.97493][0.93254, 0.94138, 0][0.232682, 0.466555, 0.116089][-0.15202, 0.29976, 0.94182][0.93254, 0.95525, 0][0.218962, 0.465909, 0.11408][-0.15202, 0.29976, 0.94182][0.91884, 0.95461, 0][0.232682, 0.43878, 0.116089][0.15205, -0.29975, 0.94182][0.93254, 0.92751, 0][0.246402, 0.439427, 0.11408][0.15205, -0.29975, 0.94182][0.94625, 0.92816, 0][0.232682, 0.452667, 0.118424][0.15049, -0.16393, 0.97493][0.93254, 0.94138, 0][0.244842, 0.429194, 0.109405][0.15063, -0.42971, 0.89031][0.94469, 0.91794, 0][0.246402, 0.439427, 0.11408][0.15205, -0.29975, 0.94182][0.94625, 0.92816, 0][0.232682, 0.43878, 0.116089][0.15205, -0.29975, 0.94182][0.93254, 0.92751, 0][0.232682, 0.428308, 0.110782][-0.15021, -0.44692, 0.88187][0.93254, 0.91705, 0][0.232682, 0.43878, 0.116089][-0.15205, -0.30492, 0.94016][0.93254, 0.92751, 0][0.218962, 0.439427, 0.11408][-0.15205, -0.30492, 0.94016][0.91884, 0.92816, 0][0.218962, 0.439427, 0.11408][-0.15205, -0.30492, 0.94016][0.91884, 0.92816, 0][0.232682, 0.43878, 0.116089][-0.15205, -0.30492, 0.94016][0.93254, 0.92751, 0][0.218292, 0.452667, 0.116089][-0.15030, -0.15575, 0.97630][0.91817, 0.94138, 0][-0.206073, 0.452667, 0.110782][0.63393, 0.01003, 0.77332][0.95772, 0.94257, 0][-0.199138, 0.452667, 0.105097][0.63393, 0.01003, 0.77332][0.96465, 0.94257, 0][-0.206991, 0.464404, 0.109405][0.62782, 0.13896, 0.76586][0.95680, 0.95429, 0][-0.199997, 0.442593, 0.104239][0.62946, -0.11907, 0.76786][0.96379, 0.93251, 0][-0.199138, 0.452667, 0.105097][0.63393, 0.01003, 0.77332][0.96465, 0.94257, 0][-0.206073, 0.452667, 0.110782][0.63393, 0.01003, 0.77332][0.95772, 0.94257, 0][-0.206991, 0.440931, 0.109405][0.43515, -0.13842, 0.88965][0.95680, 0.93085, 0][-0.206073, 0.452667, 0.110782][0.43936, 0.00917, 0.89826][0.95772, 0.94257, 0][-0.216923, 0.452667, 0.116089][0.43936, 0.00917, 0.89826][0.94688, 0.94257, 0][-0.216923, 0.452667, 0.116089][0.43936, 0.00917, 0.89826][0.94688, 0.94257, 0][-0.206073, 0.452667, 0.110782][0.43936, 0.00917, 0.89826][0.95772, 0.94257, 0][-0.217593, 0.465909, 0.11408][0.43396, 0.15656, 0.88722][0.94621, 0.95579, 0][-0.217593, 0.439427, 0.11408][0.15822, -0.15595, 0.97501][0.94621, 0.92934, 0][-0.216923, 0.452667, 0.116089][0.16018, 0.00393, 0.98708][0.94688, 0.94257, 0][-0.231312, 0.452667, 0.118424][0.16018, 0.00393, 0.98708][0.93251, 0.94257, 0][-0.231312, 0.452667, 0.118424][0.16018, 0.00393, 0.98708][0.93251, 0.94257, 0][-0.216923, 0.452667, 0.116089][0.16018, 0.00393, 0.98708][0.94688, 0.94257, 0][-0.231312, 0.466555, 0.116089][0.15802, 0.16372, 0.97377][0.93251, 0.95644, 0][-0.231312, 0.43878, 0.116089][-0.15803, -0.16373, 0.97377][0.93251, 0.92870, 0][-0.231312, 0.452667, 0.118424][-0.16019, -0.00396, 0.98708][0.93251, 0.94257, 0][-0.2457, 0.452667, 0.116089][-0.16019, -0.00396, 0.98708][0.91814, 0.94257, 0][-0.2457, 0.452667, 0.116089][-0.16019, -0.00396, 0.98708][0.91814, 0.94257, 0][-0.231312, 0.452667, 0.118424][-0.16019, -0.00396, 0.98708][0.93251, 0.94257, 0][-0.245032, 0.465909, 0.11408][-0.15823, 0.15591, 0.97502][0.91881, 0.95579, 0][-0.245032, 0.439427, 0.11408][-0.43397, -0.15652, 0.88723][0.91881, 0.92934, 0][-0.2457, 0.452667, 0.116089][-0.43936, -0.00917, 0.89826][0.91814, 0.94257, 0][-0.25655, 0.452667, 0.110782][-0.43936, -0.00917, 0.89826][0.90731, 0.94257, 0][-0.25655, 0.452667, 0.110782][-0.43936, -0.00917, 0.89826][0.90731, 0.94257, 0][-0.2457, 0.452667, 0.116089][-0.43936, -0.00917, 0.89826][0.91814, 0.94257, 0][-0.255633, 0.464404, 0.109405][-0.43515, 0.13837, 0.88966][0.90822, 0.95429, 0][-0.255633, 0.440931, 0.109405][-0.62787, -0.13891, 0.76582][0.90822, 0.93085, 0][-0.25655, 0.452667, 0.110782][-0.63399, -0.01004, 0.77328][0.90731, 0.94257, 0][-0.263484, 0.452667, 0.105097][-0.63399, -0.01004, 0.77328][0.90038, 0.94257, 0][-0.263484, 0.452667, 0.105097][-0.63399, -0.01004, 0.77328][0.90038, 0.94257, 0][-0.25655, 0.452667, 0.110782][-0.63399, -0.01004, 0.77328][0.90731, 0.94257, 0][-0.262626, 0.462742, 0.104239][-0.62952, 0.11900, 0.76782][0.90124, 0.95263, 0][0.257922, 0.452667, 0.110782][0.63366, 0.01005, 0.77355][0.95775, 0.94138, 0][0.264862, 0.452667, 0.105097][0.63366, 0.01005, 0.77355][0.96468, 0.94138, 0][0.257002, 0.464404, 0.109405][0.62753, 0.13906, 0.76607][0.95683, 0.95310, 0][0.264002, 0.442593, 0.104239][0.62918, -0.11913, 0.76808][0.96382, 0.93132, 0][0.264862, 0.452667, 0.105097][0.63366, 0.01005, 0.77355][0.96468, 0.94138, 0][0.257922, 0.452667, 0.110782][0.63366, 0.01005, 0.77355][0.95775, 0.94138, 0][0.257002, 0.440931, 0.109405][0.43515, -0.13849, 0.88964][0.95683, 0.92966, 0][0.257922, 0.452667, 0.110782][0.43936, 0.00913, 0.89826][0.95775, 0.94138, 0][0.247072, 0.452667, 0.116089][0.43936, 0.00913, 0.89826][0.94691, 0.94138, 0][0.247072, 0.452667, 0.116089][0.43936, 0.00913, 0.89826][0.94691, 0.94138, 0][0.257922, 0.452667, 0.110782][0.43936, 0.00913, 0.89826][0.95775, 0.94138, 0][0.246402, 0.465909, 0.11408][0.43396, 0.15656, 0.88722][0.94625, 0.95461, 0][0.246402, 0.439427, 0.11408][0.15821, -0.15595, 0.97501][0.94625, 0.92816, 0][0.247072, 0.452667, 0.116089][0.16017, 0.00393, 0.98708][0.94691, 0.94138, 0][0.232682, 0.452667, 0.118424][0.16017, 0.00393, 0.98708][0.93254, 0.94138, 0][0.232682, 0.452667, 0.118424][0.16017, 0.00393, 0.98708][0.93254, 0.94138, 0][0.247072, 0.452667, 0.116089][0.16017, 0.00393, 0.98708][0.94691, 0.94138, 0][0.232682, 0.466555, 0.116089][0.15801, 0.16372, 0.97377][0.93254, 0.95525, 0][0.232682, 0.43878, 0.116089][-0.15801, -0.16373, 0.97377][0.93254, 0.92751, 0][0.232682, 0.452667, 0.118424][-0.16017, -0.00395, 0.98708][0.93254, 0.94138, 0][0.218292, 0.452667, 0.116089][-0.16017, -0.00395, 0.98708][0.91817, 0.94138, 0][0.218292, 0.452667, 0.116089][-0.16017, -0.00395, 0.98708][0.91817, 0.94138, 0][0.232682, 0.452667, 0.118424][-0.16017, -0.00395, 0.98708][0.93254, 0.94138, 0][0.218962, 0.465909, 0.11408][-0.15821, 0.15593, 0.97502][0.91884, 0.95461, 0][0.218962, 0.439427, 0.11408][-0.43396, -0.15658, 0.88722][0.91884, 0.92816, 0][0.218292, 0.452667, 0.116089][-0.43936, -0.00915, 0.89826][0.91817, 0.94138, 0][0.207442, 0.452667, 0.110782][-0.43936, -0.00915, 0.89826][0.90734, 0.94138, 0][0.207442, 0.452667, 0.110782][-0.43936, -0.00915, 0.89826][0.90734, 0.94138, 0][0.218292, 0.452667, 0.116089][-0.43936, -0.00915, 0.89826][0.91817, 0.94138, 0][0.208362, 0.464404, 0.109405][-0.43515, 0.13848, 0.88965][0.90825, 0.95310, 0][0.208362, 0.440931, 0.109405][-0.62808, -0.13907, 0.76562][0.90825, 0.92966, 0][0.207442, 0.452667, 0.110782][-0.63421, -0.01006, 0.77310][0.90734, 0.94138, 0][0.200512, 0.452667, 0.105097][-0.63421, -0.01006, 0.77310][0.90042, 0.94138, 0][0.200512, 0.452667, 0.105097][-0.63421, -0.01006, 0.77310][0.90042, 0.94138, 0][0.207442, 0.452667, 0.110782][-0.63421, -0.01006, 0.77310][0.90734, 0.94138, 0][0.201372, 0.462742, 0.104239][-0.62972, 0.11913, 0.76763][0.90127, 0.95144, 0][-0.253383, 0.431366, 0.10603][-0.37530, -0.50893, 0.77469][0.91047, 0.92129, 0][-0.243471, 0.429194, 0.109405][-0.37530, -0.50893, 0.77469][0.92037, 0.91912, 0][-0.255633, 0.440931, 0.109405][-0.37199, -0.38546, 0.84442][0.90822, 0.93085, 0][-0.241749, 0.422443, 0.104239][-0.37106, -0.62216, 0.68937][0.92209, 0.91238, 0][-0.243471, 0.429194, 0.109405][-0.37530, -0.50893, 0.77469][0.92037, 0.91912, 0][-0.253383, 0.431366, 0.10603][-0.37530, -0.50893, 0.77469][0.91047, 0.92129, 0][-0.209241, 0.47397, 0.10603][0.32255, 0.57193, 0.75422][0.95455, 0.96384, 0][-0.211911, 0.480756, 0.102026][0.32255, 0.57193, 0.75422][0.95189, 0.97062, 0][-0.220873, 0.482892, 0.104239][0.32255, 0.57193, 0.75422][0.94294, 0.97275, 0][0.220522, 0.476141, 0.109405][-0.32406, 0.62589, 0.70940][0.92040, 0.96482, 0][0.222252, 0.482892, 0.104239][-0.32406, 0.62589, 0.70940][0.92213, 0.97157, 0][0.213282, 0.480756, 0.102026][-0.32406, 0.62589, 0.70940][0.91317, 0.96943, 0][-0.247374, 0.41301, 0.095734][-0.57255, -0.00000, 0.81987][0.03328, 0.97948, 0][-0.251715, 0.41301, 0.092175][-0.63401, 0.00000, 0.77332][0.02941, 0.97948, 0][-0.251715, -0.117831, 0.092175][-0.63401, -0.00000, 0.77332][0.02941, 0.50605, 0][-0.247374, -0.117831, 0.095734][-0.50728, -0.00000, 0.86178][0.03328, 0.50605, 0][-0.247374, 0.41301, 0.095734][-0.57255, -0.00000, 0.81987][0.03328, 0.97948, 0][-0.251715, -0.117831, 0.092175][-0.63401, -0.00000, 0.77332][0.02941, 0.50605, 0][-0.24058, 0.41301, 0.099057][-0.34966, 0.00000, 0.93688][0.03934, 0.97948, 0][-0.247374, 0.41301, 0.095734][-0.57255, -0.00000, 0.81987][0.03328, 0.97948, 0][-0.247374, -0.117831, 0.095734][-0.50728, -0.00000, 0.86178][0.03328, 0.50605, 0][-0.24058, -0.117831, 0.099057][-0.25571, 0.00000, 0.96675][0.03934, 0.50605, 0][-0.24058, 0.41301, 0.099057][-0.34966, 0.00000, 0.93688][0.03934, 0.97948, 0][-0.247374, -0.117831, 0.095734][-0.50728, -0.00000, 0.86178][0.03328, 0.50605, 0][-0.231572, 0.41301, 0.100519][-0.05403, 0.00000, 0.99854][0.04738, 0.97948, 0][-0.24058, 0.41301, 0.099057][-0.34966, 0.00000, 0.93688][0.03934, 0.97948, 0][-0.24058, -0.117831, 0.099057][-0.25571, 0.00000, 0.96675][0.03934, 0.50605, 0][-0.231572, -0.117831, 0.100519][0.05401, 0.00000, 0.99854][0.04738, 0.50605, 0][-0.231572, 0.41301, 0.100519][-0.05403, 0.00000, 0.99854][0.04738, 0.97948, 0][-0.24058, -0.117831, 0.099057][-0.25571, 0.00000, 0.96675][0.03934, 0.50605, 0][-0.222563, 0.41301, 0.099057][0.25572, 0.00000, 0.96675][0.05541, 0.97948, 0][-0.231572, 0.41301, 0.100519][-0.05403, 0.00000, 0.99854][0.04738, 0.97948, 0][-0.231572, -0.117831, 0.100519][0.05401, 0.00000, 0.99854][0.04738, 0.50605, 0][-0.222563, -0.117831, 0.099057][0.34970, 0.00000, 0.93686][0.05541, 0.50605, 0][-0.222563, 0.41301, 0.099057][0.25572, 0.00000, 0.96675][0.05541, 0.97948, 0][-0.231572, -0.117831, 0.100519][0.05401, 0.00000, 0.99854][0.04738, 0.50605, 0][-0.21577, 0.41301, 0.095734][0.50728, 0.00000, 0.86178][0.06147, 0.97948, 0][-0.222563, 0.41301, 0.099057][0.25572, 0.00000, 0.96675][0.05541, 0.97948, 0][-0.222563, -0.117831, 0.099057][0.34970, 0.00000, 0.93686][0.05541, 0.50605, 0][-0.21577, -0.117831, 0.095734][0.57250, 0.00000, 0.81990][0.06147, 0.50605, 0][-0.21577, 0.41301, 0.095734][0.50728, 0.00000, 0.86178][0.06147, 0.97948, 0][-0.222563, -0.117831, 0.099057][0.34970, 0.00000, 0.93686][0.05541, 0.50605, 0][-0.211428, 0.41301, 0.092175][0.63393, 0.00000, 0.77339][0.06534, 0.97948, 0][-0.21577, 0.41301, 0.095734][0.50728, 0.00000, 0.86178][0.06147, 0.97948, 0][-0.21577, -0.117831, 0.095734][0.57250, 0.00000, 0.81990][0.06147, 0.50605, 0][-0.211428, -0.117831, 0.092175][0.63393, 0.00000, 0.77339][0.06534, 0.50605, 0][-0.211428, 0.41301, 0.092175][0.63393, 0.00000, 0.77339][0.06534, 0.97948, 0][-0.21577, -0.117831, 0.095734][0.57250, 0.00000, 0.81990][0.06147, 0.50605, 0][0.215872, 0.41301, 0.095734][-0.57251, 0.00000, 0.81990][0.44644, 0.97948, 0][0.211532, 0.41301, 0.092175][-0.63410, 0.00000, 0.77325][0.44257, 0.97948, 0][0.211532, -0.117831, 0.092175][-0.63410, 0.00000, 0.77325][0.44257, 0.50605, 0][0.215872, -0.117831, 0.095734][-0.50711, 0.00000, 0.86188][0.44644, 0.50605, 0][0.215872, 0.41301, 0.095734][-0.57251, 0.00000, 0.81990][0.44644, 0.97948, 0][0.211532, -0.117831, 0.092175][-0.63410, 0.00000, 0.77325][0.44257, 0.50605, 0][0.222672, 0.41301, 0.099057][-0.34949, 0.00000, 0.93694][0.45250, 0.97948, 0][0.215872, 0.41301, 0.095734][-0.57251, 0.00000, 0.81990][0.44644, 0.97948, 0][0.215872, -0.117831, 0.095734][-0.50711, 0.00000, 0.86188][0.44644, 0.50605, 0][0.222672, -0.117831, 0.099057][-0.25569, 0.00000, 0.96676][0.45250, 0.50605, 0][0.222672, 0.41301, 0.099057][-0.34949, 0.00000, 0.93694][0.45250, 0.97948, 0][0.215872, -0.117831, 0.095734][-0.50711, 0.00000, 0.86188][0.44644, 0.50605, 0][0.231672, 0.41301, 0.100519][-0.05413, -0.00000, 0.99853][0.46053, 0.97948, 0][0.222672, 0.41301, 0.099057][-0.34949, 0.00000, 0.93694][0.45250, 0.97948, 0][0.222672, -0.117831, 0.099057][-0.25569, 0.00000, 0.96676][0.45250, 0.50605, 0][0.231672, -0.117831, 0.100519][0.05395, -0.00000, 0.99854][0.46053, 0.50605, 0][0.231672, 0.41301, 0.100519][-0.05413, -0.00000, 0.99853][0.46053, 0.97948, 0][0.222672, -0.117831, 0.099057][-0.25569, 0.00000, 0.96676][0.45250, 0.50605, 0][0.240682, 0.41301, 0.099057][0.25558, 0.00000, 0.96679][0.46856, 0.97948, 0][0.231672, 0.41301, 0.100519][-0.05413, -0.00000, 0.99853][0.46053, 0.97948, 0][0.231672, -0.117831, 0.100519][0.05395, -0.00000, 0.99854][0.46053, 0.50605, 0][0.240682, -0.117831, 0.099057][0.34943, -0.00000, 0.93696][0.46856, 0.50605, 0][0.240682, 0.41301, 0.099057][0.25558, 0.00000, 0.96679][0.46856, 0.97948, 0][0.231672, -0.117831, 0.100519][0.05395, -0.00000, 0.99854][0.46053, 0.50605, 0][0.247482, 0.41301, 0.095734][0.50711, -0.00000, 0.86188][0.47462, 0.97948, 0][0.240682, 0.41301, 0.099057][0.25558, 0.00000, 0.96679][0.46856, 0.97948, 0][0.240682, -0.117831, 0.099057][0.34943, -0.00000, 0.93696][0.46856, 0.50605, 0][0.247482, -0.117831, 0.095734][0.57251, -0.00000, 0.81990][0.47462, 0.50605, 0][0.247482, 0.41301, 0.095734][0.50711, -0.00000, 0.86188][0.47462, 0.97948, 0][0.240682, -0.117831, 0.099057][0.34943, -0.00000, 0.93696][0.46856, 0.50605, 0][0.251822, 0.41301, 0.092175][0.63410, 0.00000, 0.77325][0.47850, 0.97948, 0][0.247482, 0.41301, 0.095734][0.50711, -0.00000, 0.86188][0.47462, 0.97948, 0][0.247482, -0.117831, 0.095734][0.57251, -0.00000, 0.81990][0.47462, 0.50605, 0][0.251822, -0.117831, 0.092175][0.63410, 0.00000, 0.77325][0.47850, 0.50605, 0][0.251822, 0.41301, 0.092175][0.63410, 0.00000, 0.77325][0.47850, 0.97948, 0][0.247482, -0.117831, 0.095734][0.57251, -0.00000, 0.81990][0.47462, 0.50605, 0][-0.219151, 0.476141, 0.109405][0.37532, 0.50891, 0.77469][0.94466, 0.96601, 0][-0.209241, 0.47397, 0.10603][0.37532, 0.50891, 0.77469][0.95455, 0.96384, 0][-0.220873, 0.482892, 0.104239][0.37107, 0.62216, 0.68936][0.94294, 0.97275, 0][-0.206991, 0.464404, 0.109405][0.37202, 0.38542, 0.84442][0.95680, 0.95429, 0][-0.209241, 0.47397, 0.10603][0.37532, 0.50891, 0.77469][0.95455, 0.96384, 0][-0.219151, 0.476141, 0.109405][0.37532, 0.50891, 0.77469][0.94466, 0.96601, 0][-0.250712, 0.424579, 0.102026][-0.32252, -0.57190, 0.75426][0.91314, 0.91451, 0][-0.241749, 0.422443, 0.104239][-0.32252, -0.57190, 0.75426][0.92209, 0.91238, 0][-0.253383, 0.431366, 0.10603][-0.32252, -0.57190, 0.75426][0.91047, 0.92129, 0][0.210612, 0.47397, 0.10603][-0.37533, 0.50587, 0.77668][0.91050, 0.96266, 0][0.220522, 0.476141, 0.109405][-0.37533, 0.50587, 0.77668][0.92040, 0.96482, 0][0.213282, 0.480756, 0.102026][-0.37377, 0.57601, 0.72698][0.91317, 0.96943, 0][0.218962, 0.465909, 0.11408][-0.37411, 0.43198, 0.82063][0.91884, 0.95461, 0][0.220522, 0.476141, 0.109405][-0.37533, 0.50587, 0.77668][0.92040, 0.96482, 0][0.210612, 0.47397, 0.10603][-0.37533, 0.50587, 0.77668][0.91050, 0.96266, 0][0.243122, 0.422443, 0.104239][0.32438, -0.62558, 0.70952][0.94297, 0.91119, 0][0.252082, 0.424579, 0.102026][0.32438, -0.62558, 0.70952][0.95192, 0.91333, 0][0.244842, 0.429194, 0.109405][0.32438, -0.62558, 0.70952][0.94469, 0.91794, 0][0.247852, 0.390256, 0.050572][0.08333, -0.00293, 0.99652][0.47496, 0.95919, 0][0.251662, 0.409506, 0.050293][0.08368, -0.00212, 0.99649][0.47836, 0.97636, 0][0.210252, 0.406901, 0.053765][0.08333, -0.00293, 0.99652][0.44143, 0.97403, 0][0.210252, 0.406901, 0.053765][0.08333, -0.00293, 0.99652][0.44143, 0.97403, 0][0.207122, 0.391021, 0.053966][0.08297, -0.00374, 0.99654][0.43863, 0.95987, 0][0.247852, 0.390256, 0.050572][0.08333, -0.00293, 0.99652][0.47496, 0.95919, 0][-0.255288, 0.409506, 0.050294][-0.08366, -0.00211, 0.99649][0.02623, 0.97636, 0][-0.251479, 0.390256, 0.050573][-0.08331, -0.00291, 0.99652][0.02962, 0.95919, 0][-0.21388, 0.406901, 0.053765][-0.08331, -0.00291, 0.99652][0.06316, 0.97403, 0][-0.210744, 0.391021, 0.053967][-0.08296, -0.00371, 0.99655][0.06595, 0.95987, 0][-0.21388, 0.406901, 0.053765][-0.08331, -0.00291, 0.99652][0.06316, 0.97403, 0][-0.251479, 0.390256, 0.050573][-0.08331, -0.00291, 0.99652][0.02962, 0.95919, 0][-0.20221, 0.471393, 0.102026][0.49366, 0.51148, 0.70334][0.96158, 0.96127, 0][-0.205042, 0.478022, 0.099193][0.49366, 0.51148, 0.70334][0.95875, 0.96789, 0][-0.211911, 0.480756, 0.102026][0.49366, 0.51148, 0.70334][0.95189, 0.97062, 0][0.210612, 0.47397, 0.10603][-0.49693, 0.57763, 0.64761][0.91050, 0.96266, 0][0.213282, 0.480756, 0.102026][-0.49693, 0.57763, 0.64761][0.91317, 0.96943, 0][0.206412, 0.478022, 0.099193][-0.49693, 0.57763, 0.64761][0.90631, 0.96670, 0][-0.217593, 0.465909, 0.11408][0.42031, 0.28723, 0.86072][0.94621, 0.95579, 0][-0.206991, 0.464404, 0.109405][0.42031, 0.28723, 0.86072][0.95680, 0.95429, 0][-0.219151, 0.476141, 0.109405][0.41470, 0.42964, 0.80214][0.94466, 0.96601, 0][-0.206073, 0.452667, 0.110782][0.41594, 0.13799, 0.89886][0.95772, 0.94257, 0][-0.206991, 0.464404, 0.109405][0.42031, 0.28723, 0.86072][0.95680, 0.95429, 0][-0.217593, 0.465909, 0.11408][0.42031, 0.28723, 0.86072][0.94621, 0.95579, 0][0.211432, 0.365028, -0.001866][0.07651, 0.55993, 0.82500][0.54081, 0.34393, 0][0.231252, 0.346049, 0.009177][0.07651, 0.55993, 0.82500][0.52227, 0.32768, 0][0.219452, 0.37799, -0.011407][0.07651, 0.55993, 0.82500][0.54228, 0.35741, 0][0.208362, 0.464404, 0.109405][-0.42039, 0.27453, 0.86481][0.90825, 0.95310, 0][0.218962, 0.465909, 0.11408][-0.42039, 0.27453, 0.86481][0.91884, 0.95461, 0][0.210612, 0.47397, 0.10603][-0.41748, 0.38808, 0.82165][0.91050, 0.96266, 0][0.218292, 0.452667, 0.116089][-0.41710, 0.15692, 0.89521][0.91817, 0.94138, 0][0.218962, 0.465909, 0.11408][-0.42039, 0.27453, 0.86481][0.91884, 0.95461, 0][0.208362, 0.464404, 0.109405][-0.42039, 0.27453, 0.86481][0.90825, 0.95310, 0][0.216392, 0.325575, 0.023345][0.05218, 0.54238, 0.83851][0.52259, 0.30791, 0][0.231252, 0.346049, 0.009177][0.05218, 0.54238, 0.83851][0.52227, 0.32768, 0][0.211432, 0.365028, -0.001866][0.05218, 0.54238, 0.83851][0.54081, 0.34393, 0][-0.209241, 0.47397, 0.10603][0.56069, 0.45992, 0.68855][0.95455, 0.96384, 0][-0.20221, 0.471393, 0.102026][0.56069, 0.45992, 0.68855][0.96158, 0.96127, 0][-0.211911, 0.480756, 0.102026][0.55387, 0.57386, 0.60325][0.95189, 0.97062, 0][-0.199997, 0.462742, 0.104239][0.55612, 0.33664, 0.75987][0.96379, 0.95263, 0][-0.20221, 0.471393, 0.102026][0.56069, 0.45992, 0.68855][0.96158, 0.96127, 0][-0.209241, 0.47397, 0.10603][0.56069, 0.45992, 0.68855][0.95455, 0.96384, 0][0.232682, 0.428308, 0.110782][0.13345, -0.53869, 0.83187][0.93254, 0.91705, 0][0.244842, 0.429194, 0.109405][0.13345, -0.53869, 0.83187][0.94469, 0.91794, 0][0.232682, 0.43878, 0.116089][0.13276, -0.44804, 0.88410][0.93254, 0.92751, 0][0.243122, 0.422443, 0.104239][0.13268, -0.62343, 0.77054][0.94297, 0.91119, 0][0.244842, 0.429194, 0.109405][0.13345, -0.53869, 0.83187][0.94469, 0.91794, 0][0.232682, 0.428308, 0.110782][0.13345, -0.53869, 0.83187][0.93254, 0.91705, 0][0.232682, 0.421615, 0.105097][-0.13230, -0.64169, 0.75547][0.93254, 0.91037, 0][0.232682, 0.428308, 0.110782][-0.13345, -0.53947, 0.83136][0.93254, 0.91705, 0][0.220522, 0.429194, 0.109405][-0.13345, -0.53947, 0.83136][0.92040, 0.91794, 0][0.220522, 0.429194, 0.109405][-0.13345, -0.53947, 0.83136][0.92040, 0.91794, 0][0.232682, 0.428308, 0.110782][-0.13345, -0.53947, 0.83136][0.93254, 0.91705, 0][0.218962, 0.439427, 0.11408][-0.13243, -0.42852, 0.89378][0.91884, 0.92816, 0][-0.231312, 0.428308, 0.110782][0.13344, -0.53870, 0.83186][0.93251, 0.91824, 0][-0.219151, 0.429194, 0.109405][0.13344, -0.53870, 0.83186][0.94466, 0.91912, 0][-0.231312, 0.43878, 0.116089][0.13275, -0.44804, 0.88410][0.93251, 0.92870, 0][-0.220873, 0.422443, 0.104239][0.13267, -0.62346, 0.77052][0.94294, 0.91238, 0][-0.219151, 0.429194, 0.109405][0.13344, -0.53870, 0.83186][0.94466, 0.91912, 0][-0.231312, 0.428308, 0.110782][0.13344, -0.53870, 0.83186][0.93251, 0.91824, 0][-0.231312, 0.421615, 0.105097][-0.13231, -0.64169, 0.75547][0.93251, 0.91155, 0][-0.231312, 0.428308, 0.110782][-0.13346, -0.53948, 0.83135][0.93251, 0.91824, 0][-0.243471, 0.429194, 0.109405][-0.13346, -0.53948, 0.83135][0.92037, 0.91912, 0][-0.243471, 0.429194, 0.109405][-0.13346, -0.53948, 0.83135][0.92037, 0.91912, 0][-0.231312, 0.428308, 0.110782][-0.13346, -0.53948, 0.83135][0.93251, 0.91824, 0][-0.245032, 0.439427, 0.11408][-0.13244, -0.42853, 0.89377][0.91881, 0.92934, 0][0.221322, 0.302625, -0.021963][0.20997, 0.07324, 0.97496][0.55044, 0.28931, 0][0.207952, 0.199085, -0.011306][0.20997, 0.07324, 0.97496][0.55317, 0.19996, 0][0.226782, 0.234532, -0.018024][0.20997, 0.07324, 0.97496][0.54635, 0.22840, 0][0.219452, 0.37799, -0.011407][-0.03758, 0.60736, 0.79354][0.54228, 0.35741, 0][0.209072, 0.384488, -0.016872][-0.03758, 0.60736, 0.79354][0.55186, 0.36265, 0][0.211432, 0.365028, -0.001866][-0.03758, 0.60736, 0.79354][0.54081, 0.34393, 0][0.203582, 0.471393, 0.102026][-0.56078, 0.45414, 0.69230][0.90348, 0.96008, 0][0.210612, 0.47397, 0.10603][-0.56078, 0.45414, 0.69230][0.91050, 0.96266, 0][0.206412, 0.478022, 0.099193][-0.55888, 0.51601, 0.64914][0.90631, 0.96670, 0][0.208362, 0.464404, 0.109405][-0.55949, 0.38968, 0.73152][0.90825, 0.95310, 0][0.210612, 0.47397, 0.10603][-0.56078, 0.45414, 0.69230][0.91050, 0.96266, 0][0.203582, 0.471393, 0.102026][-0.56078, 0.45414, 0.69230][0.90348, 0.96008, 0][0.232682, 0.421615, 0.105097][0.11325, -0.64322, 0.75726][0.93254, 0.91037, 0][0.243122, 0.422443, 0.104239][0.11325, -0.64322, 0.75726][0.94297, 0.91119, 0][0.232682, 0.428308, 0.110782][0.11325, -0.64322, 0.75726][0.93254, 0.91705, 0][0.222252, 0.422443, 0.104239][-0.11311, -0.62193, 0.77486][0.92213, 0.91119, 0][0.232682, 0.421615, 0.105097][-0.11311, -0.62193, 0.77486][0.93254, 0.91037, 0][0.220522, 0.429194, 0.109405][-0.11311, -0.62193, 0.77486][0.92040, 0.91794, 0][-0.231312, 0.421615, 0.105097][0.11326, -0.64321, 0.75726][0.93251, 0.91155, 0][-0.220873, 0.422443, 0.104239][0.11326, -0.64321, 0.75726][0.94294, 0.91238, 0][-0.231312, 0.428308, 0.110782][0.11326, -0.64321, 0.75726][0.93251, 0.91824, 0][-0.241749, 0.422443, 0.104239][-0.11304, -0.62184, 0.77495][0.92209, 0.91238, 0][-0.231312, 0.421615, 0.105097][-0.11304, -0.62184, 0.77495][0.93251, 0.91155, 0][-0.243471, 0.429194, 0.109405][-0.11304, -0.62184, 0.77495][0.92037, 0.91912, 0][0.220512, 0.088479, 0.002212][0.14096, 0.13586, 0.98065][0.54029, 0.10825, 0][0.242712, 0.106495, -0.003475][0.14096, 0.13586, 0.98065][0.53093, 0.11713, 0][0.207952, 0.199085, -0.011306][0.14096, 0.13586, 0.98065][0.55317, 0.19996, 0][-0.206991, 0.464404, 0.109405][0.61296, 0.25575, 0.74758][0.95680, 0.95429, 0][-0.199997, 0.462742, 0.104239][0.61296, 0.25575, 0.74758][0.96379, 0.95263, 0][-0.209241, 0.47397, 0.10603][0.60550, 0.38764, 0.69505][0.95455, 0.96384, 0][-0.199138, 0.452667, 0.105097][0.60803, 0.11869, 0.78499][0.96465, 0.94257, 0][-0.199997, 0.462742, 0.104239][0.61296, 0.25575, 0.74758][0.96379, 0.95263, 0][-0.206991, 0.464404, 0.109405][0.61296, 0.25575, 0.74758][0.95680, 0.95429, 0][0.242712, 0.106495, -0.003475][0.02089, 0.11545, 0.99309][0.53093, 0.11713, 0][0.243462, 0.136648, -0.006996][0.02089, 0.11545, 0.99309][0.53194, 0.14206, 0][0.226782, 0.234532, -0.018024][0.02089, 0.11545, 0.99309][0.54635, 0.22840, 0][0.226782, 0.234532, -0.018024][0.11407, 0.12617, 0.98543][0.54635, 0.22840, 0][0.207952, 0.199085, -0.011306][0.11407, 0.12617, 0.98543][0.55317, 0.19996, 0][0.242712, 0.106495, -0.003475][0.11407, 0.12617, 0.98543][0.53093, 0.11713, 0][-0.18192, 0.212463, -0.094026][-0.28974, -0.24857, 0.92426][0.85017, 0.21125, 0][-0.176791, 0.289908, -0.07159][-0.28974, -0.24857, 0.92426][0.85940, 0.28040, 0][-0.191877, 0.27949, -0.079121][-0.28974, -0.24857, 0.92426][0.86545, 0.27078, 0][0.201372, 0.462742, 0.104239][-0.61324, 0.24051, 0.75239][0.90127, 0.95144, 0][0.208362, 0.464404, 0.109405][-0.61324, 0.24051, 0.75239][0.90825, 0.95310, 0][0.203582, 0.471393, 0.102026][-0.60996, 0.33904, 0.71624][0.90348, 0.96008, 0][0.207442, 0.452667, 0.110782][-0.60977, 0.13933, 0.78024][0.90734, 0.94138, 0][0.208362, 0.464404, 0.109405][-0.61324, 0.24051, 0.75239][0.90825, 0.95310, 0][0.201372, 0.462742, 0.104239][-0.61324, 0.24051, 0.75239][0.90127, 0.95144, 0][-0.191877, 0.27949, -0.079121][-0.27479, -0.26932, 0.92302][0.86545, 0.27078, 0][-0.176791, 0.289908, -0.07159][-0.27479, -0.26932, 0.92302][0.85940, 0.28040, 0][-0.19923, 0.31162, -0.071935][-0.27479, -0.26932, 0.92302][0.87472, 0.29982, 0][-0.217593, 0.439427, 0.11408][0.42031, -0.27456, 0.86485][0.94621, 0.92934, 0][-0.206991, 0.440931, 0.109405][0.42031, -0.27456, 0.86485][0.95680, 0.93085, 0][-0.216923, 0.452667, 0.116089][0.41702, -0.15694, 0.89524][0.94688, 0.94257, 0][-0.209241, 0.431366, 0.10603][0.41738, -0.38811, 0.82168][0.95455, 0.92129, 0][-0.206991, 0.440931, 0.109405][0.42031, -0.27456, 0.86485][0.95680, 0.93085, 0][-0.217593, 0.439427, 0.11408][0.42031, -0.27456, 0.86485][0.94621, 0.92934, 0][0.134892, 0.296729, -0.126193][0.48266, 0.49331, 0.72366][0.66903, 0.28542, 0][0.120692, 0.287807, -0.11064][0.48266, 0.49331, 0.72366][0.66252, 0.27738, 0][0.131722, 0.259167, -0.098473][0.48266, 0.49331, 0.72366][0.64916, 0.25300, 0][-0.219269, 0.331768, -0.037183][-0.04002, 0.05145, 0.99787][0.90772, 0.31802, 0][-0.225026, 0.280796, -0.034786][-0.04002, 0.05145, 0.99787][0.91227, 0.27246, 0][-0.196326, 0.174987, -0.02818][-0.04002, 0.05145, 0.99787][0.89429, 0.18447, 0][-0.22626, 0.226095, -0.033207][-0.11346, 0.03122, 0.99305][0.91304, 0.22481, 0][-0.196326, 0.174987, -0.02818][-0.11346, 0.03122, 0.99305][0.89429, 0.18447, 0][-0.225026, 0.280796, -0.034786][-0.11346, 0.03122, 0.99305][0.91227, 0.27246, 0][-0.198704, 0.04468, -0.015532][-0.11882, 0.07839, 0.98982][0.90041, 0.08322, 0][-0.22626, 0.226095, -0.033207][-0.11882, 0.07839, 0.98982][0.91304, 0.22481, 0][-0.235497, 0.1519, -0.02844][-0.11882, 0.07839, 0.98982][0.92062, 0.16179, 0][-0.198704, 0.04468, -0.015532][-0.00214, 0.09665, 0.99532][0.90041, 0.08322, 0][-0.196326, 0.174987, -0.02818][-0.00214, 0.09665, 0.99532][0.89429, 0.18447, 0][-0.22626, 0.226095, -0.033207][-0.00214, 0.09665, 0.99532][0.91304, 0.22481, 0][-0.22626, 0.226095, -0.033207][0.28547, 0.02601, 0.95804][0.91304, 0.22481, 0][-0.241314, 0.186161, -0.027637][0.28547, 0.02601, 0.95804][0.92578, 0.19012, 0][-0.235497, 0.1519, -0.02844][0.28547, 0.02601, 0.95804][0.92062, 0.16179, 0][-0.19923, 0.31162, -0.071935][-0.21570, -0.20776, 0.95410][0.87472, 0.29982, 0][-0.176791, 0.289908, -0.07159][-0.21570, -0.20776, 0.95410][0.85940, 0.28040, 0][-0.182868, 0.331527, -0.063901][-0.21570, -0.20776, 0.95410][0.86793, 0.31751, 0][0.216392, 0.325575, 0.023345][-0.25410, 0.66826, 0.69919][0.52259, 0.30791, 0][0.237822, 0.31741, 0.038937][-0.25410, 0.66826, 0.69919][0.50006, 0.30096, 0][0.231252, 0.346049, 0.009177][-0.25410, 0.66826, 0.69919][0.52227, 0.32768, 0][0.120692, 0.287807, -0.11064][0.45121, 0.53152, 0.71686][0.66252, 0.27738, 0][0.134892, 0.296729, -0.126193][0.45121, 0.53152, 0.71686][0.66903, 0.28542, 0][0.111772, 0.342233, -0.14538][0.45121, 0.53152, 0.71686][0.69304, 0.32544, 0][0.208362, 0.440931, 0.109405][-0.42035, -0.28728, 0.86068][0.90825, 0.92966, 0][0.218962, 0.439427, 0.11408][-0.42035, -0.28728, 0.86068][0.91884, 0.92816, 0][0.207442, 0.452667, 0.110782][-0.41600, -0.13807, 0.89882][0.90734, 0.94138, 0][0.220522, 0.429194, 0.109405][-0.41473, -0.42967, 0.80211][0.92040, 0.91794, 0][0.218962, 0.439427, 0.11408][-0.42035, -0.28728, 0.86068][0.91884, 0.92816, 0][0.208362, 0.440931, 0.109405][-0.42035, -0.28728, 0.86068][0.90825, 0.92966, 0][-0.239379, 0.342683, 0.008172][0.27173, 0.50494, 0.81927][0.94488, 0.32726, 0][-0.210781, 0.352861, -0.007586][0.27173, 0.50494, 0.81927][0.91689, 0.33583, 0][-0.228797, 0.356642, -0.003941][0.27173, 0.50494, 0.81927][0.93168, 0.33973, 0][-0.210548, 0.367782, -0.015562][0.26697, 0.45107, 0.85163][0.91302, 0.34942, 0][-0.228797, 0.356642, -0.003941][0.26697, 0.45107, 0.85163][0.93168, 0.33973, 0][-0.210781, 0.352861, -0.007586][0.26697, 0.45107, 0.85163][0.91689, 0.33583, 0][-0.157589, 0.253635, -0.07924][-0.12520, -0.26897, 0.95498][0.84247, 0.24898, 0][-0.18192, 0.212463, -0.094026][-0.12520, -0.26897, 0.95498][0.85017, 0.21125, 0][-0.158178, 0.192178, -0.09667][-0.12404, -0.26964, 0.95494][0.83318, 0.19530, 0][-0.157589, 0.253635, -0.07924][-0.12520, -0.26897, 0.95498][0.84247, 0.24898, 0][-0.176791, 0.289908, -0.07159][-0.12635, -0.26830, 0.95501][0.85940, 0.28040, 0][-0.18192, 0.212463, -0.094026][-0.12520, -0.26897, 0.95498][0.85017, 0.21125, 0][-0.182868, 0.331527, -0.063901][-0.13881, -0.25794, 0.95614][0.86793, 0.31751, 0][-0.200963, 0.333091, -0.066106][-0.13881, -0.25794, 0.95614][0.87931, 0.31938, 0][-0.19923, 0.31162, -0.071935][-0.13943, -0.26991, 0.95274][0.87472, 0.29982, 0][-0.182868, 0.331527, -0.063901][-0.13881, -0.25794, 0.95614][0.86793, 0.31751, 0][-0.200869, 0.368814, -0.056935][-0.13816, -0.24594, 0.95939][0.88457, 0.35192, 0][-0.200963, 0.333091, -0.066106][-0.13881, -0.25794, 0.95614][0.87931, 0.31938, 0][-0.193004, 0.377392, -0.053872][-0.11732, -0.23682, 0.96445][0.88075, 0.35924, 0][-0.200869, 0.368814, -0.056935][-0.11732, -0.23682, 0.96445][0.88457, 0.35192, 0][-0.182868, 0.331527, -0.063901][-0.11732, -0.23682, 0.96445][0.86793, 0.31751, 0][0.207952, 0.199085, -0.011306][-0.05460, 0.11150, 0.99226][0.55317, 0.19996, 0][0.194872, 0.176582, -0.009497][-0.05460, 0.11150, 0.99226][0.55940, 0.18302, 0][0.220512, 0.088479, 0.002212][-0.05970, 0.11442, 0.99164][0.54029, 0.10825, 0][0.221322, 0.302625, -0.021963][-0.04949, 0.10858, 0.99285][0.55044, 0.28931, 0][0.194872, 0.176582, -0.009497][-0.05460, 0.11150, 0.99226][0.55940, 0.18302, 0][0.207952, 0.199085, -0.011306][-0.05460, 0.11150, 0.99226][0.55317, 0.19996, 0][0.194872, 0.176582, -0.009497][0.08320, 0.08078, 0.99325][0.55940, 0.18302, 0][0.221322, 0.302625, -0.021963][0.08320, 0.08078, 0.99325][0.55044, 0.28931, 0][0.208592, 0.372781, -0.026602][0.08320, 0.08078, 0.99325][0.55919, 0.35275, 0][0.220272, 0.340101, -0.022469][-0.32441, 0.00368, 0.94591][0.55045, 0.32344, 0][0.208592, 0.372781, -0.026602][-0.32441, 0.00368, 0.94591][0.55919, 0.35275, 0][0.221322, 0.302625, -0.021963][-0.32441, 0.00368, 0.94591][0.55044, 0.28931, 0][0.208592, 0.372781, -0.026602][-0.27776, 0.10270, 0.95514][0.55919, 0.35275, 0][0.198012, 0.330595, -0.025143][-0.27776, 0.10270, 0.95514][0.56492, 0.31369, 0][0.194872, 0.176582, -0.009497][-0.27776, 0.10270, 0.95514][0.55940, 0.18302, 0][0.226782, 0.234532, -0.018024][-0.40075, 0.00455, 0.91618][0.54635, 0.22840, 0][0.237892, 0.251396, -0.013248][-0.40075, 0.00455, 0.91618][0.53615, 0.24283, 0][0.221322, 0.302625, -0.021963][-0.41897, 0.01892, 0.90780][0.55044, 0.28931, 0][0.237892, 0.251396, -0.013248][-0.40075, 0.00455, 0.91618][0.53615, 0.24283, 0][0.226782, 0.234532, -0.018024][-0.40075, 0.00455, 0.91618][0.54635, 0.22840, 0][0.239602, 0.210843, -0.012972][-0.38229, -0.00983, 0.92399][0.53610, 0.20659, 0][0.239602, 0.210843, -0.012972][-0.26132, 0.06398, 0.96313][0.53610, 0.20659, 0][0.226782, 0.234532, -0.018024][-0.26132, 0.06398, 0.96313][0.54635, 0.22840, 0][0.243462, 0.136648, -0.006996][-0.26132, 0.06398, 0.96313][0.53194, 0.14206, 0][0.183422, -0.010025, 0.002229][-0.05070, 0.23124, 0.97157][0.56156, 0.04234, 0][0.188252, -0.034436, 0.008291][-0.05070, 0.23124, 0.97157][0.55602, 0.02407, 0][0.223922, -0.037943, 0.010987][-0.05070, 0.23124, 0.97157][0.53619, 0.00989, 0][0.159402, -0.03239, 0.002652][-0.06125, 0.08460, 0.99453][0.57294, 0.03348, 0][0.183422, -0.010025, 0.002229][-0.07372, 0.11587, 0.99052][0.56156, 0.04234, 0][0.181932, 0.077185, -0.005281][-0.06595, 0.08449, 0.99424][0.56524, 0.10715, 0][0.183422, -0.010025, 0.002229][-0.07372, 0.11587, 0.99052][0.56156, 0.04234, 0][0.218152, -0.002942, 0.004096][-0.07993, 0.13147, 0.98809][0.54266, 0.03721, 0][0.181932, 0.077185, -0.005281][-0.06595, 0.08449, 0.99424][0.56524, 0.10715, 0][0.218152, -0.002942, 0.004096][-0.07993, 0.13147, 0.98809][0.54266, 0.03721, 0][0.183422, -0.010025, 0.002229][-0.07372, 0.11587, 0.99052][0.56156, 0.04234, 0][0.223922, -0.037943, 0.010987][-0.08903, 0.17825, 0.97995][0.53619, 0.00989, 0][-0.198704, 0.04468, -0.015532][0.00229, 0.16700, 0.98595][0.90041, 0.08322, 0][-0.221042, -0.037406, -0.001576][0.00229, 0.16700, 0.98595][0.92009, 0.02058, 0][-0.184107, -0.033314, -0.002355][0.00229, 0.16700, 0.98595][0.89640, 0.03052, 0][-0.245397, 0.064106, -0.017747][0.00307, 0.12056, 0.99270][0.93094, 0.09068, 0][-0.198704, 0.04468, -0.015532][0.00307, 0.12056, 0.99270][0.90041, 0.08322, 0][-0.235497, 0.1519, -0.02844][0.00307, 0.12056, 0.99270][0.92062, 0.16179, 0][-0.221042, -0.037406, -0.001576][0.02065, 0.16211, 0.98656][0.92009, 0.02058, 0][-0.198704, 0.04468, -0.015532][0.02065, 0.16211, 0.98656][0.90041, 0.08322, 0][-0.245397, 0.064106, -0.017747][0.02065, 0.16211, 0.98656][0.93094, 0.09068, 0][-0.196326, 0.174987, -0.02818][0.04450, 0.09571, 0.99441][0.89429, 0.18447, 0][-0.198704, 0.04468, -0.015532][0.04450, 0.09571, 0.99441][0.90041, 0.08322, 0][-0.183435, 0.013548, -0.013219][0.04450, 0.09571, 0.99441][0.89146, 0.06270, 0][-0.208302, 0.371444, -0.039889][0.02544, 0.06102, 0.99781][0.89900, 0.35384, 0][-0.219269, 0.331768, -0.037183][0.02544, 0.06102, 0.99781][0.90772, 0.31802, 0][-0.196326, 0.174987, -0.02818][0.02544, 0.06102, 0.99781][0.89429, 0.18447, 0][0.210192, 0.070669, 0.002325][-0.14330, 0.08929, 0.98564][0.54621, 0.09655, 0][0.220512, 0.088479, 0.002212][-0.14330, 0.08929, 0.98564][0.54029, 0.10825, 0][0.194872, 0.176582, -0.009497][-0.14330, 0.08929, 0.98564][0.55940, 0.18302, 0][-0.210781, 0.352861, -0.007586][0.31376, 0.42949, 0.84682][0.91689, 0.33583, 0][-0.239379, 0.342683, 0.008172][0.31376, 0.42949, 0.84682][0.94488, 0.32726, 0][-0.216225, 0.328982, 0.006542][0.31376, 0.42949, 0.84682][0.92714, 0.31474, 0][-0.165542, 0.375931, -0.064605][-0.25931, -0.67620, 0.68957][0.85596, 0.35701, 0][-0.180456, 0.381793, -0.064465][-0.25931, -0.67620, 0.68957][0.86622, 0.36320, 0][-0.174179, 0.345812, -0.097388][-0.25931, -0.67620, 0.68957][0.84300, 0.33117, 0][-0.149982, -0.007082, -0.023184][0.12112, -0.10969, 0.98656][0.86622, 0.05130, 0][-0.161204, -0.031166, -0.024484][0.12112, -0.10969, 0.98656][0.87218, 0.03160, 0][-0.13829, -0.030633, -0.027238][0.12112, -0.10969, 0.98656][0.85732, 0.03561, 0][-0.161204, -0.031166, -0.024484][0.25758, -0.17135, 0.95094][0.87218, 0.03160, 0][-0.149982, -0.007082, -0.023184][0.25758, -0.17135, 0.95094][0.86622, 0.05130, 0][-0.176476, 0.000191, -0.014697][0.25758, -0.17135, 0.95094][0.88633, 0.05373, 0][-0.176476, 0.000191, -0.014697][0.31989, 0.06205, 0.94542][0.88633, 0.05373, 0][-0.149982, -0.007082, -0.023184][0.32615, 0.07364, 0.94245][0.86622, 0.05130, 0][-0.183435, 0.013548, -0.013219][0.32615, 0.07364, 0.94245][0.89146, 0.06270, 0][-0.167176, 0.033214, -0.020756][0.33235, 0.08521, 0.93930][0.87799, 0.07854, 0][-0.183435, 0.013548, -0.013219][0.32615, 0.07364, 0.94245][0.89146, 0.06270, 0][-0.149982, -0.007082, -0.023184][0.32615, 0.07364, 0.94245][0.86622, 0.05130, 0][0.247512, 0.327002, 0.034973][-0.34780, 0.63602, 0.68885][0.49604, 0.31003, 0][0.231252, 0.346049, 0.009177][-0.34780, 0.63602, 0.68885][0.52227, 0.32768, 0][0.237822, 0.31741, 0.038937][-0.34780, 0.63602, 0.68885][0.50006, 0.30096, 0][-0.219151, 0.429194, 0.109405][0.37537, -0.50579, 0.77670][0.94466, 0.91912, 0][-0.209241, 0.431366, 0.10603][0.37537, -0.50579, 0.77670][0.95455, 0.92129, 0][-0.217593, 0.439427, 0.11408][0.37415, -0.43189, 0.82066][0.94621, 0.92934, 0][-0.211911, 0.424579, 0.102026][0.37382, -0.57596, 0.72700][0.95189, 0.91451, 0][-0.209241, 0.431366, 0.10603][0.37537, -0.50579, 0.77670][0.95455, 0.92129, 0][-0.219151, 0.429194, 0.109405][0.37537, -0.50579, 0.77670][0.94466, 0.91912, 0][0.237822, 0.31741, 0.038937][-0.37092, 0.50934, 0.77652][0.50006, 0.30096, 0][0.216392, 0.325575, 0.023345][-0.37092, 0.50934, 0.77652][0.52259, 0.30791, 0][0.204532, 0.265149, 0.057315][-0.37092, 0.50934, 0.77652][0.51050, 0.25665, 0][0.149222, -0.031771, 0.003049][0.05057, 0.20471, 0.97752][0.57725, 0.03702, 0][0.159402, -0.03239, 0.002652][0.05057, 0.20471, 0.97752][0.57294, 0.03348, 0][0.155322, 0.004054, -0.004769][0.05057, 0.20471, 0.97752][0.57868, 0.05944, 0][0.136692, 0.322395, -0.143234][0.33355, 0.50511, 0.79599][0.68211, 0.30897, 0][0.111772, 0.342233, -0.14538][0.33355, 0.50511, 0.79599][0.69304, 0.32544, 0][0.134892, 0.296729, -0.126193][0.33355, 0.50511, 0.79599][0.66903, 0.28542, 0][-0.180456, 0.381793, -0.064465][-0.22388, -0.67890, 0.69927][0.86622, 0.36320, 0][-0.191445, 0.387139, -0.062793][-0.22388, -0.67890, 0.69927][0.87485, 0.36873, 0][-0.174179, 0.345812, -0.097388][-0.22388, -0.67890, 0.69927][0.84300, 0.33117, 0][0.210612, 0.431366, 0.10603][-0.37536, -0.50907, 0.77456][0.91050, 0.92011, 0][0.220522, 0.429194, 0.109405][-0.37536, -0.50907, 0.77456][0.92040, 0.91794, 0][0.208362, 0.440931, 0.109405][-0.37205, -0.38546, 0.84439][0.90825, 0.92966, 0][0.222252, 0.422443, 0.104239][-0.37110, -0.62242, 0.68911][0.92213, 0.91119, 0][0.220522, 0.429194, 0.109405][-0.37536, -0.50907, 0.77456][0.92040, 0.91794, 0][0.210612, 0.431366, 0.10603][-0.37536, -0.50907, 0.77456][0.91050, 0.92011, 0][0.213282, 0.424579, 0.102026][-0.32229, -0.57185, 0.75440][0.91317, 0.91333, 0][0.222252, 0.422443, 0.104239][-0.32229, -0.57185, 0.75440][0.92213, 0.91119, 0][0.210612, 0.431366, 0.10603][-0.32229, -0.57185, 0.75440][0.91050, 0.92011, 0][-0.228797, 0.356642, -0.003941][0.35548, 0.32995, 0.87451][0.93168, 0.33973, 0][-0.210548, 0.367782, -0.015562][0.35548, 0.32995, 0.87451][0.91302, 0.34942, 0][-0.222578, 0.377117, -0.014194][0.35548, 0.32995, 0.87451][0.92253, 0.35838, 0][0.256602, 0.075483, 0.006976][-0.02737, 0.27617, 0.96072][0.51685, 0.08924, 0][0.220512, 0.088479, 0.002212][-0.02737, 0.27617, 0.96072][0.54029, 0.10825, 0][0.237832, 0.027193, 0.020323][-0.02737, 0.27617, 0.96072][0.52096, 0.05771, 0][0.220512, 0.088479, 0.002212][-0.01205, 0.31448, 0.94919][0.54029, 0.10825, 0][0.256602, 0.075483, 0.006976][-0.01205, 0.31448, 0.94919][0.51685, 0.08924, 0][0.242712, 0.106495, -0.003475][-0.01205, 0.31448, 0.94919][0.53093, 0.11713, 0][-0.097531, 0.321384, -0.127288][-0.39545, 0.34199, 0.85244][0.77600, 0.30788, 0][-0.082271, 0.366906, -0.138472][-0.41042, 0.25109, 0.87664][0.75890, 0.34842, 0][-0.099314, 0.367541, -0.146633][-0.41042, 0.25109, 0.87664][0.76380, 0.35021, 0][-0.099314, 0.367541, -0.146633][-0.41042, 0.25109, 0.87664][0.76380, 0.35021, 0][-0.082271, 0.366906, -0.138472][-0.41042, 0.25109, 0.87664][0.75890, 0.34842, 0][-0.092915, 0.378561, -0.14556][-0.42167, 0.15791, 0.89289][0.76039, 0.35998, 0][-0.099314, 0.367541, -0.146633][-0.47123, 0.32538, 0.81979][0.76380, 0.35021, 0][-0.106558, 0.35415, -0.145482][-0.47123, 0.32538, 0.81979][0.76926, 0.33812, 0][-0.097531, 0.321384, -0.127288][-0.47123, 0.32538, 0.81979][0.77600, 0.30788, 0][-0.220873, 0.422443, 0.104239][0.32431, -0.62565, 0.70950][0.94294, 0.91238, 0][-0.211911, 0.424579, 0.102026][0.32431, -0.62565, 0.70950][0.95189, 0.91451, 0][-0.219151, 0.429194, 0.109405][0.32431, -0.62565, 0.70950][0.94466, 0.91912, 0][0.210192, 0.070669, 0.002325][-0.26097, -0.00499, 0.96534][0.54621, 0.09655, 0][0.181932, 0.077185, -0.005281][-0.26097, -0.00499, 0.96534][0.56524, 0.10715, 0][0.218152, -0.002942, 0.004096][-0.26097, -0.00499, 0.96534][0.54266, 0.03721, 0][0.181932, 0.077185, -0.005281][-0.24354, 0.07273, 0.96716][0.56524, 0.10715, 0][0.210192, 0.070669, 0.002325][-0.24354, 0.07273, 0.96716][0.54621, 0.09655, 0][0.194872, 0.176582, -0.009497][-0.24354, 0.07273, 0.96716][0.55940, 0.18302, 0][0.210192, 0.070669, 0.002325][-0.31242, 0.18694, 0.93137][0.54621, 0.09655, 0][0.237832, 0.027193, 0.020323][-0.31242, 0.18694, 0.93137][0.52096, 0.05771, 0][0.220512, 0.088479, 0.002212][-0.31242, 0.18694, 0.93137][0.54029, 0.10825, 0][-0.206991, 0.440931, 0.109405][0.61302, -0.24056, 0.75255][0.95680, 0.93085, 0][-0.199997, 0.442593, 0.104239][0.61302, -0.24056, 0.75255][0.96379, 0.93251, 0][-0.206073, 0.452667, 0.110782][0.60954, -0.13925, 0.78043][0.95772, 0.94257, 0][-0.20221, 0.433942, 0.102026][0.60973, -0.33922, 0.71635][0.96158, 0.92387, 0][-0.199997, 0.442593, 0.104239][0.61302, -0.24056, 0.75255][0.96379, 0.93251, 0][-0.206991, 0.440931, 0.109405][0.61302, -0.24056, 0.75255][0.95680, 0.93085, 0][-0.214977, 0.290337, 0.02666][0.42216, 0.42928, 0.79843][0.93486, 0.28189, 0][-0.216225, 0.328982, 0.006542][0.42216, 0.42928, 0.79843][0.92714, 0.31474, 0][-0.247611, 0.327418, 0.023978][0.42216, 0.42928, 0.79843][0.95783, 0.31369, 0][-0.247611, 0.327418, 0.023978][0.38177, 0.55746, 0.73721][0.95783, 0.31369, 0][-0.216225, 0.328982, 0.006542][0.38177, 0.55746, 0.73721][0.92714, 0.31474, 0][-0.239379, 0.342683, 0.008172][0.38177, 0.55746, 0.73721][0.94488, 0.32726, 0][0.204132, 0.286792, 0.038351][-0.45669, 0.44289, 0.77154][0.52144, 0.27441, 0][0.216392, 0.325575, 0.023345][-0.45669, 0.44289, 0.77154][0.52259, 0.30791, 0][0.207952, 0.360885, -0.00192][-0.45669, 0.44289, 0.77154][0.54294, 0.33991, 0][-0.111117, 0.276894, -0.113763][-0.32845, 0.33729, 0.88224][0.79317, 0.26905, 0][-0.108168, 0.306393, -0.123943][-0.32845, 0.33729, 0.88224][0.78475, 0.29470, 0][-0.12928, 0.335017, -0.142746][-0.32845, 0.33729, 0.88224][0.78557, 0.32107, 0][-0.184889, 0.16909, -0.100375][-0.01281, -0.14397, 0.98950][0.84853, 0.17289, 0][-0.158178, 0.192178, -0.09667][-0.01281, -0.14397, 0.98950][0.83318, 0.19530, 0][-0.18192, 0.212463, -0.094026][-0.01281, -0.14397, 0.98950][0.85017, 0.21125, 0][-0.158178, 0.192178, -0.09667][0.05351, -0.21827, 0.97442][0.83318, 0.19530, 0][-0.184889, 0.16909, -0.100375][0.05351, -0.21827, 0.97442][0.84853, 0.17289, 0][-0.166012, 0.12491, -0.111308][0.05351, -0.21827, 0.97442][0.83011, 0.13614, 0][-0.097531, 0.321384, -0.127288][-0.29265, 0.40131, 0.86793][0.77600, 0.30788, 0][-0.106558, 0.35415, -0.145482][-0.29265, 0.40131, 0.86793][0.76926, 0.33812, 0][-0.108168, 0.306393, -0.123943][-0.29265, 0.40131, 0.86793][0.78475, 0.29470, 0][0.155322, 0.004054, -0.004769][-0.27124, 0.10539, 0.95673][0.57868, 0.05944, 0][0.181932, 0.077185, -0.005281][-0.27124, 0.10539, 0.95673][0.56524, 0.10715, 0][0.179412, 0.11509, -0.010171][-0.27124, 0.10539, 0.95673][0.56884, 0.13639, 0][-0.106558, 0.35415, -0.145482][-0.23568, 0.40614, 0.88290][0.76926, 0.33812, 0][-0.12928, 0.335017, -0.142746][-0.23568, 0.40614, 0.88290][0.78557, 0.32107, 0][-0.108168, 0.306393, -0.123943][-0.23568, 0.40614, 0.88290][0.78475, 0.29470, 0][0.201372, 0.442593, 0.104239][-0.61318, -0.25580, 0.74738][0.90127, 0.93132, 0][0.208362, 0.440931, 0.109405][-0.61318, -0.25580, 0.74738][0.90825, 0.92966, 0][0.200512, 0.452667, 0.105097][-0.60825, -0.11877, 0.78481][0.90042, 0.94138, 0][0.210612, 0.431366, 0.10603][-0.60571, -0.38766, 0.69486][0.91050, 0.92011, 0][0.208362, 0.440931, 0.109405][-0.61318, -0.25580, 0.74738][0.90825, 0.92966, 0][0.201372, 0.442593, 0.104239][-0.61318, -0.25580, 0.74738][0.90127, 0.93132, 0][-0.082271, 0.366906, -0.138472][-0.15182, 0.40867, 0.89997][0.75890, 0.34842, 0][-0.075154, 0.374659, -0.140792][-0.15182, 0.40867, 0.89997][0.75303, 0.35519, 0][-0.092915, 0.378561, -0.14556][-0.15182, 0.40867, 0.89997][0.76039, 0.35998, 0][0.131722, 0.259167, -0.098473][0.12947, 0.58170, 0.80304][0.64916, 0.25300, 0][0.155172, 0.267264, -0.108119][0.12947, 0.58170, 0.80304][0.64679, 0.25917, 0][0.134892, 0.296729, -0.126193][0.12947, 0.58170, 0.80304][0.66903, 0.28542, 0][0.211432, 0.365028, -0.001866][-0.50853, 0.41734, 0.75314][0.54081, 0.34393, 0][0.207952, 0.360885, -0.00192][-0.50853, 0.41734, 0.75314][0.54294, 0.33991, 0][0.216392, 0.325575, 0.023345][-0.50853, 0.41734, 0.75314][0.52259, 0.30791, 0][-0.235497, 0.1519, -0.02844][0.20539, 0.09547, 0.97401][0.92062, 0.16179, 0][-0.249569, 0.107289, -0.0211][0.20539, 0.09547, 0.97401][0.93319, 0.12435, 0][-0.245397, 0.064106, -0.017747][0.20539, 0.09547, 0.97401][0.93094, 0.09068, 0][-0.204549, 0.372475, -0.05313][0.14350, -0.19037, 0.97117][0.88929, 0.35530, 0][-0.193004, 0.377392, -0.053872][0.14350, -0.19037, 0.97117][0.88075, 0.35924, 0][-0.202393, 0.397368, -0.048569][0.14350, -0.19037, 0.97117][0.89047, 0.37799, 0][0.155172, 0.267264, -0.108119][0.09523, 0.63624, 0.76559][0.64679, 0.25917, 0][0.131722, 0.259167, -0.098473][0.09523, 0.63624, 0.76559][0.64916, 0.25300, 0][0.155702, 0.242285, -0.087426][0.09523, 0.63624, 0.76559][0.63110, 0.23779, 0][-0.209241, 0.431366, 0.10603][0.56068, -0.45422, 0.69233][0.95455, 0.92129, 0][-0.20221, 0.433942, 0.102026][0.56068, -0.45422, 0.69233][0.96158, 0.92387, 0][-0.206991, 0.440931, 0.109405][0.55940, -0.38972, 0.73157][0.95680, 0.93085, 0][-0.205042, 0.427313, 0.099193][0.55877, -0.51613, 0.64914][0.95875, 0.91724, 0][-0.20221, 0.433942, 0.102026][0.56068, -0.45422, 0.69233][0.96158, 0.92387, 0][-0.209241, 0.431366, 0.10603][0.56068, -0.45422, 0.69233][0.95455, 0.92129, 0][0.159402, -0.03239, 0.002652][-0.17375, 0.20483, 0.96325][0.57294, 0.03348, 0][0.188252, -0.034436, 0.008291][-0.17375, 0.20483, 0.96325][0.55602, 0.02407, 0][0.183422, -0.010025, 0.002229][-0.17375, 0.20483, 0.96325][0.56156, 0.04234, 0][-0.19253, 0.236307, -0.087747][0.13424, -0.19606, 0.97136][0.86090, 0.23199, 0][-0.18192, 0.212463, -0.094026][0.13424, -0.19606, 0.97136][0.85017, 0.21125, 0][-0.191877, 0.27949, -0.079121][0.13424, -0.19606, 0.97136][0.86545, 0.27078, 0][-0.135372, 0.193553, -0.101035][0.21074, -0.23604, 0.94862][0.81635, 0.19779, 0][-0.166012, 0.12491, -0.111308][0.21074, -0.23604, 0.94862][0.83011, 0.13614, 0][-0.151008, 0.102304, -0.120266][0.21074, -0.23604, 0.94862][0.81563, 0.11799, 0][-0.166012, 0.12491, -0.111308][0.19631, -0.23027, 0.95312][0.83011, 0.13614, 0][-0.135372, 0.193553, -0.101035][0.19631, -0.23027, 0.95312][0.81635, 0.19779, 0][-0.158178, 0.192178, -0.09667][0.19631, -0.23027, 0.95312][0.83318, 0.19530, 0][-0.158178, 0.192178, -0.09667][0.19668, -0.26927, 0.94277][0.83318, 0.19530, 0][-0.135372, 0.193553, -0.101035][0.19668, -0.26927, 0.94277][0.81635, 0.19779, 0][-0.157589, 0.253635, -0.07924][0.19668, -0.26927, 0.94277][0.84247, 0.24898, 0][-0.176791, 0.289908, -0.07159][0.18932, -0.10566, 0.97621][0.85940, 0.28040, 0][-0.157589, 0.253635, -0.07924][0.18932, -0.10566, 0.97621][0.84247, 0.24898, 0][-0.171272, 0.303437, -0.071196][0.18932, -0.10566, 0.97621][0.85596, 0.29238, 0][-0.171272, 0.303437, -0.071196][0.26791, -0.13706, 0.95364][0.85596, 0.29238, 0][-0.182868, 0.331527, -0.063901][0.26791, -0.13706, 0.95364][0.86793, 0.31751, 0][-0.176791, 0.289908, -0.07159][0.26791, -0.13706, 0.95364][0.85940, 0.28040, 0][-0.183435, 0.013548, -0.013219][0.30330, 0.11191, 0.94630][0.89146, 0.06270, 0][-0.167176, 0.033214, -0.020756][0.30330, 0.11191, 0.94630][0.87799, 0.07854, 0][-0.196326, 0.174987, -0.02818][0.30330, 0.11191, 0.94630][0.89429, 0.18447, 0][0.206412, 0.427313, 0.099193][-0.49360, -0.51136, 0.70347][0.90631, 0.91606, 0][0.213282, 0.424579, 0.102026][-0.49360, -0.51136, 0.70347][0.91317, 0.91333, 0][0.203582, 0.433942, 0.102026][-0.49360, -0.51136, 0.70347][0.90348, 0.92268, 0][0.179732, 0.337024, -0.107497][-0.00196, -0.67653, 0.73641][0.63515, 0.32300, 0][0.181412, 0.351602, -0.0941][-0.00196, -0.67653, 0.73641][0.62366, 0.33590, 0][0.149042, 0.346238, -0.099114][-0.00196, -0.67653, 0.73641][0.64217, 0.32876, 0][0.136692, 0.322395, -0.143234][0.05556, 0.54957, 0.83360][0.68211, 0.30897, 0][0.134892, 0.296729, -0.126193][0.05556, 0.54957, 0.83360][0.66903, 0.28542, 0][0.155172, 0.267264, -0.108119][0.05556, 0.54957, 0.83360][0.64679, 0.25917, 0][-0.211911, 0.424579, 0.102026][0.49699, -0.57758, 0.64762][0.95189, 0.91451, 0][-0.205042, 0.427313, 0.099193][0.49699, -0.57758, 0.64762][0.95875, 0.91724, 0][-0.209241, 0.431366, 0.10603][0.49699, -0.57758, 0.64762][0.95455, 0.92129, 0][0.08908, 0.363137, -0.133169][0.04980, 0.29250, 0.95497][0.69137, 0.34104, 0][0.08187, 0.3641, -0.133088][0.04980, 0.29250, 0.95497][0.69374, 0.34124, 0][0.103898, 0.307404, -0.116214][0.05117, 0.30310, 0.95159][0.67299, 0.29383, 0][0.08187, 0.3641, -0.133088][0.04980, 0.29250, 0.95497][0.69374, 0.34124, 0][0.08908, 0.363137, -0.133169][0.04980, 0.29250, 0.95497][0.69137, 0.34104, 0][0.077109, 0.396745, -0.14245][0.04841, 0.28186, 0.95823][0.70282, 0.36935, 0][0.08908, 0.363137, -0.133169][0.03193, 0.29866, 0.95383][0.69137, 0.34104, 0][0.103898, 0.307404, -0.116214][0.03193, 0.29866, 0.95383][0.67299, 0.29383, 0][0.120692, 0.287807, -0.11064][0.03193, 0.29866, 0.95383][0.66252, 0.27738, 0][0.203582, 0.433942, 0.102026][-0.56070, -0.45981, 0.68862][0.90348, 0.92268, 0][0.210612, 0.431366, 0.10603][-0.56070, -0.45981, 0.68862][0.91050, 0.92011, 0][0.201372, 0.442593, 0.104239][-0.55612, -0.33647, 0.75994][0.90127, 0.93132, 0][0.213282, 0.424579, 0.102026][-0.55387, -0.57381, 0.60330][0.91317, 0.91333, 0][0.210612, 0.431366, 0.10603][-0.56070, -0.45981, 0.68862][0.91050, 0.92011, 0][0.203582, 0.433942, 0.102026][-0.56070, -0.45981, 0.68862][0.90348, 0.92268, 0][0.194872, 0.176582, -0.009497][-0.40129, 0.09090, 0.91143][0.55940, 0.18302, 0][0.179412, 0.11509, -0.010171][-0.40129, 0.09090, 0.91143][0.56884, 0.13639, 0][0.181932, 0.077185, -0.005281][-0.40129, 0.09090, 0.91143][0.56524, 0.10715, 0][0.179412, 0.11509, -0.010171][-0.43578, 0.09976, 0.89451][0.56884, 0.13639, 0][0.194872, 0.176582, -0.009497][-0.43578, 0.09976, 0.89451][0.55940, 0.18302, 0][0.198012, 0.330595, -0.025143][-0.43578, 0.09976, 0.89451][0.56492, 0.31369, 0][0.181932, 0.077185, -0.005281][-0.37794, 0.14392, 0.91458][0.56524, 0.10715, 0][0.155322, 0.004054, -0.004769][-0.37794, 0.14392, 0.91458][0.57868, 0.05944, 0][0.159402, -0.03239, 0.002652][-0.37794, 0.14392, 0.91458][0.57294, 0.03348, 0][-0.222582, 0.274797, 0.047028][0.56391, 0.54139, 0.62362][0.94888, 0.26934, 0][-0.214977, 0.290337, 0.02666][0.56391, 0.54139, 0.62362][0.93486, 0.28189, 0][-0.247611, 0.327418, 0.023978][0.56391, 0.54139, 0.62362][0.95783, 0.31369, 0][-0.202689, 0.358499, -0.043746][0.39372, 0.09124, 0.91469][0.89281, 0.34194, 0][-0.196326, 0.174987, -0.02818][0.39372, 0.09124, 0.91469][0.89429, 0.18447, 0][-0.178183, 0.133368, -0.031838][0.39372, 0.09124, 0.91469][0.88024, 0.15232, 0][-0.080439, 0.393947, -0.143899][-0.23972, 0.09003, 0.96666][0.75366, 0.37326, 0][-0.092915, 0.378561, -0.14556][-0.23972, 0.09003, 0.96666][0.76039, 0.35998, 0][-0.075154, 0.374659, -0.140792][-0.23972, 0.09003, 0.96666][0.75303, 0.35519, 0][-0.130827, 0.238284, -0.095728][-0.00794, 0.42652, 0.90444][0.81626, 0.23611, 0][-0.111117, 0.276894, -0.113763][-0.00794, 0.42652, 0.90444][0.79317, 0.26905, 0][-0.147735, 0.322123, -0.135414][-0.00794, 0.42652, 0.90444][0.80231, 0.30934, 0][-0.097531, 0.321384, -0.127288][-0.04683, 0.24908, 0.96735][0.77600, 0.30788, 0][-0.108168, 0.306393, -0.123943][-0.04683, 0.24908, 0.96735][0.78475, 0.29470, 0][-0.097415, 0.294686, -0.120408][-0.04683, 0.24908, 0.96735][0.78063, 0.28450, 0][0.211232, 0.389663, -0.024807][-0.41249, -0.03229, 0.91039][0.55604, 0.36851, 0][0.208592, 0.372781, -0.026602][-0.41249, -0.03229, 0.91039][0.55919, 0.35275, 0][0.220272, 0.340101, -0.022469][-0.41249, -0.03229, 0.91039][0.55045, 0.32344, 0][-0.001812, 0.406901, -0.132977][0.05047, 0.14725, 0.98781][0.25229, 0.97403, 0][-0.043111, 0.391022, -0.1285][0.05047, 0.14725, 0.98781][0.21546, 0.95987, 0][-0.001812, 0.391022, -0.13061][0.05047, 0.14725, 0.98781][0.25229, 0.95987, 0][-0.043111, 0.391022, -0.1285][0.05014, 0.14807, 0.98770][0.21546, 0.95987, 0][-0.001812, 0.406901, -0.132977][0.05014, 0.14807, 0.98770][0.25229, 0.97403, 0][-0.043613, 0.406901, -0.130855][0.05014, 0.14807, 0.98770][0.21501, 0.97403, 0][0.039487, 0.391022, -0.1285][-0.05047, 0.14725, 0.98781][0.28912, 0.95987, 0][-0.001812, 0.406901, -0.132977][-0.05047, 0.14725, 0.98781][0.25229, 0.97403, 0][-0.001812, 0.391022, -0.13061][-0.05047, 0.14725, 0.98781][0.25229, 0.95987, 0][-0.001812, 0.406901, -0.132977][-0.05014, 0.14807, 0.98771][0.25229, 0.97403, 0][0.039487, 0.391022, -0.1285][-0.05014, 0.14807, 0.98771][0.28912, 0.95987, 0][0.039988, 0.406901, -0.130855][-0.05014, 0.14807, 0.98771][0.28957, 0.97403, 0][-0.089669, 0.391022, -0.122674][0.12244, 0.15032, 0.98103][0.17393, 0.95987, 0][-0.043613, 0.406901, -0.130855][0.12244, 0.15032, 0.98103][0.21501, 0.97403, 0][-0.090623, 0.406901, -0.124988][0.12244, 0.15032, 0.98103][0.17308, 0.97403, 0][-0.043613, 0.406901, -0.130855][0.12277, 0.14939, 0.98113][0.21501, 0.97403, 0][-0.089669, 0.391022, -0.122674][0.12277, 0.14939, 0.98113][0.17393, 0.95987, 0][-0.043111, 0.391022, -0.1285][0.12277, 0.14939, 0.98113][0.21546, 0.95987, 0][0.086045, 0.391022, -0.122675][-0.12275, 0.14938, 0.98113][0.33065, 0.95987, 0][0.039988, 0.406901, -0.130855][-0.12275, 0.14938, 0.98113][0.28957, 0.97403, 0][0.039487, 0.391022, -0.1285][-0.12275, 0.14938, 0.98113][0.28912, 0.95987, 0][0.039988, 0.406901, -0.130855][-0.12241, 0.15031, 0.98103][0.28957, 0.97403, 0][0.086045, 0.391022, -0.122675][-0.12241, 0.15031, 0.98103][0.33065, 0.95987, 0][0.086998, 0.406901, -0.124989][-0.12241, 0.15031, 0.98103][0.33150, 0.97403, 0][-0.111117, 0.276894, -0.113763][0.04006, 0.32238, 0.94576][0.79317, 0.26905, 0][-0.097415, 0.294686, -0.120408][0.04006, 0.32238, 0.94576][0.78063, 0.28450, 0][-0.108168, 0.306393, -0.123943][0.04006, 0.32238, 0.94576][0.78475, 0.29470, 0][-0.12928, 0.335017, -0.142746][0.03571, 0.45488, 0.88984][0.78557, 0.32107, 0][-0.147735, 0.322123, -0.135414][0.03571, 0.45488, 0.88984][0.80231, 0.30934, 0][-0.111117, 0.276894, -0.113763][0.03571, 0.45488, 0.88984][0.79317, 0.26905, 0][-0.207791, 0.302371, 0.011982][0.61568, 0.34041, 0.71067][0.92332, 0.29188, 0][-0.208713, 0.332266, -0.001539][0.61568, 0.34041, 0.71067][0.91803, 0.31758, 0][-0.216225, 0.328982, 0.006542][0.61568, 0.34041, 0.71067][0.92714, 0.31474, 0][-0.210781, 0.352861, -0.007586][0.64633, 0.27400, 0.71217][0.91689, 0.33583, 0][-0.216225, 0.328982, 0.006542][0.64633, 0.27400, 0.71217][0.92714, 0.31474, 0][-0.208713, 0.332266, -0.001539][0.64633, 0.27400, 0.71217][0.91803, 0.31758, 0][-0.188516, 0.358362, -0.08549][0.12025, -0.60721, 0.78539][0.85984, 0.34297, 0][-0.174179, 0.345812, -0.097388][0.12025, -0.60721, 0.78539][0.84300, 0.33117, 0][-0.191445, 0.387139, -0.062793][0.12025, -0.60721, 0.78539][0.87485, 0.36873, 0][-0.191877, 0.27949, -0.079121][0.28844, -0.19175, 0.93810][0.86545, 0.27078, 0][-0.200527, 0.276395, -0.077094][0.28844, -0.19175, 0.93810][0.87254, 0.26790, 0][-0.19253, 0.236307, -0.087747][0.28844, -0.19175, 0.93810][0.86090, 0.23199, 0][-0.200527, 0.276395, -0.077094][0.27590, -0.14923, 0.94953][0.87254, 0.26790, 0][-0.191877, 0.27949, -0.079121][0.27590, -0.14923, 0.94953][0.86545, 0.27078, 0][-0.19923, 0.31162, -0.071935][0.27590, -0.14923, 0.94953][0.87472, 0.29982, 0][-0.090623, 0.406901, -0.124988][0.23261, 0.15392, 0.96031][0.17308, 0.97403, 0][-0.122143, 0.391022, -0.114808][0.23261, 0.15392, 0.96031][0.14497, 0.95987, 0][-0.089669, 0.391022, -0.122674][0.23261, 0.15392, 0.96031][0.17393, 0.95987, 0][-0.122143, 0.391022, -0.114808][0.23182, 0.15545, 0.96026][0.14497, 0.95987, 0][-0.090623, 0.406901, -0.124988][0.23182, 0.15545, 0.96026][0.17308, 0.97403, 0][-0.123558, 0.406901, -0.117037][0.23182, 0.15545, 0.96026][0.14371, 0.97403, 0][-0.225026, 0.280796, -0.034786][0.42993, 0.01636, 0.90271][0.91227, 0.27246, 0][-0.236942, 0.239367, -0.02836][0.42993, 0.01636, 0.90271][0.92331, 0.23605, 0][-0.22626, 0.226095, -0.033207][0.42993, 0.01636, 0.90271][0.91304, 0.22481, 0][0.045635, 0.106512, -0.153681][0.31886, -0.01546, 0.94768][0.71792, 0.13880, 0][0.046182, 0.116019, -0.15371][0.31886, -0.01546, 0.94768][0.71789, 0.14577, 0][0.047327, 0.139518, -0.153712][0.31886, -0.01546, 0.94768][0.71782, 0.16317, 0][-0.184107, -0.033314, -0.002355][0.29112, 0.21209, 0.93288][0.89640, 0.03052, 0][-0.183435, 0.013548, -0.013219][0.29112, 0.21209, 0.93288][0.89146, 0.06270, 0][-0.198704, 0.04468, -0.015532][0.29112, 0.21209, 0.93288][0.90041, 0.08322, 0][-0.174633, 0.087021, -0.112869][0.35387, -0.09678, 0.93027][0.83487, 0.10321, 0][-0.151008, 0.102304, -0.120266][0.35387, -0.09678, 0.93027][0.81563, 0.11799, 0][-0.180903, 0.112945, -0.107787][0.35387, -0.09678, 0.93027][0.84175, 0.12473, 0][-0.151008, 0.102304, -0.120266][0.34238, -0.24957, 0.90581][0.81563, 0.11799, 0][-0.139938, 0.085508, -0.129078][0.34238, -0.24957, 0.90581][0.80383, 0.10435, 0][-0.135372, 0.193553, -0.101035][0.34238, -0.24957, 0.90581][0.81635, 0.19779, 0][-0.180903, 0.112945, -0.107787][0.30662, -0.10315, 0.94623][0.84175, 0.12473, 0][-0.166012, 0.12491, -0.111308][0.30662, -0.10315, 0.94623][0.83011, 0.13614, 0][-0.184889, 0.16909, -0.100375][0.30662, -0.10315, 0.94623][0.84853, 0.17289, 0][-0.180903, 0.112945, -0.107787][0.33667, -0.14522, 0.93036][0.84175, 0.12473, 0][-0.151008, 0.102304, -0.120266][0.33667, -0.14522, 0.93036][0.81563, 0.11799, 0][-0.166012, 0.12491, -0.111308][0.33667, -0.14522, 0.93036][0.83011, 0.13614, 0][0.118522, 0.391022, -0.114809][-0.23259, 0.15390, 0.96032][0.35961, 0.95987, 0][0.086998, 0.406901, -0.124989][-0.23259, 0.15390, 0.96032][0.33150, 0.97403, 0][0.086045, 0.391022, -0.122675][-0.23259, 0.15390, 0.96032][0.33065, 0.95987, 0][0.086998, 0.406901, -0.124989][-0.23186, 0.15532, 0.96027][0.33150, 0.97403, 0][0.118522, 0.391022, -0.114809][-0.23186, 0.15532, 0.96027][0.35961, 0.95987, 0][0.119932, 0.406901, -0.117037][-0.23186, 0.15532, 0.96027][0.36087, 0.97403, 0][-0.241314, 0.186161, -0.027637][0.46561, 0.05836, 0.88307][0.92578, 0.19012, 0][-0.255276, 0.1295, -0.016531][0.46561, 0.05836, 0.88307][0.93988, 0.14257, 0][-0.235497, 0.1519, -0.02844][0.46561, 0.05836, 0.88307][0.92062, 0.16179, 0][-0.241314, 0.186161, -0.027637][0.39265, -0.01977, 0.91947][0.92578, 0.19012, 0][-0.22626, 0.226095, -0.033207][0.39265, -0.01977, 0.91947][0.91304, 0.22481, 0][-0.236942, 0.239367, -0.02836][0.39265, -0.01977, 0.91947][0.92331, 0.23605, 0][-0.085498, 0.333005, -0.131009][0.09862, 0.20498, 0.97378][0.76628, 0.31800, 0][-0.075154, 0.374659, -0.140792][0.09365, 0.20554, 0.97416][0.75303, 0.35519, 0][-0.082271, 0.366906, -0.138472][0.09862, 0.20498, 0.97378][0.75890, 0.34842, 0][-0.082271, 0.366906, -0.138472][0.09862, 0.20498, 0.97378][0.75890, 0.34842, 0][-0.097531, 0.321384, -0.127288][0.10358, 0.20442, 0.97339][0.77600, 0.30788, 0][-0.085498, 0.333005, -0.131009][0.09862, 0.20498, 0.97378][0.76628, 0.31800, 0][-0.074761, 0.397333, -0.144827][0.05694, 0.17396, 0.98310][0.74961, 0.37604, 0][-0.080439, 0.393947, -0.143899][0.05694, 0.17396, 0.98310][0.75366, 0.37326, 0][-0.075154, 0.374659, -0.140792][0.05694, 0.17396, 0.98310][0.75303, 0.35519, 0][0.242712, 0.106495, -0.003475][-0.41943, 0.11557, 0.90040][0.53093, 0.11713, 0][0.256602, 0.075483, 0.006976][-0.41943, 0.11557, 0.90040][0.51685, 0.08924, 0][0.243462, 0.136648, -0.006996][-0.41943, 0.11557, 0.90040][0.53194, 0.14206, 0][0.198012, 0.330595, -0.025143][-0.55567, 0.16752, 0.81435][0.56492, 0.31369, 0][0.208592, 0.372781, -0.026602][-0.55567, 0.16752, 0.81435][0.55919, 0.35275, 0][0.204222, 0.400407, -0.035267][-0.55567, 0.16752, 0.81435][0.56714, 0.37867, 0][-0.219269, 0.331768, -0.037183][0.45958, -0.06663, 0.88563][0.90772, 0.31802, 0][-0.208302, 0.371444, -0.039889][0.45730, -0.06695, 0.88679][0.89900, 0.35384, 0][-0.210366, 0.397162, -0.036883][0.45730, -0.06695, 0.88679][0.90241, 0.37749, 0][-0.208302, 0.371444, -0.039889][0.45730, -0.06695, 0.88679][0.89900, 0.35384, 0][-0.202689, 0.358499, -0.043746][0.45501, -0.06727, 0.88794][0.89281, 0.34194, 0][-0.210366, 0.397162, -0.036883][0.45730, -0.06695, 0.88679][0.90241, 0.37749, 0][-0.145069, 0.391022, -0.105693][0.36377, 0.16247, 0.91721][0.12453, 0.95987, 0][-0.123558, 0.406901, -0.117037][0.36377, 0.16247, 0.91721][0.14371, 0.97403, 0][-0.146914, 0.406901, -0.107774][0.36377, 0.16247, 0.91721][0.12288, 0.97403, 0][-0.193004, 0.377392, -0.053872][0.28134, -0.54097, 0.79259][0.88075, 0.35924, 0][-0.204549, 0.372475, -0.05313][0.28134, -0.54097, 0.79259][0.88929, 0.35530, 0][-0.200869, 0.368814, -0.056935][0.28134, -0.54097, 0.79259][0.88457, 0.35192, 0][-0.123558, 0.406901, -0.117037][0.36462, 0.16123, 0.91709][0.14371, 0.97403, 0][-0.145069, 0.391022, -0.105693][0.36462, 0.16123, 0.91709][0.12453, 0.95987, 0][-0.122143, 0.391022, -0.114808][0.36462, 0.16123, 0.91709][0.14497, 0.95987, 0][0.234682, -0.023657, 0.017357][-0.57228, 0.06658, 0.81735][0.52602, 0.01844, 0][0.218152, -0.002942, 0.004096][-0.57228, 0.06658, 0.81735][0.54266, 0.03721, 0][0.223922, -0.037943, 0.010987][-0.57228, 0.06658, 0.81735][0.53619, 0.00989, 0][0.227592, 0.027107, 0.014504][-0.65850, -0.05315, 0.75070][0.53031, 0.05963, 0][0.210192, 0.070669, 0.002325][-0.65850, -0.05315, 0.75070][0.54621, 0.09655, 0][0.218152, -0.002942, 0.004096][-0.65850, -0.05315, 0.75070][0.54266, 0.03721, 0][0.111772, 0.342233, -0.14538][0.07034, -0.00889, 0.99748][0.69304, 0.32544, 0][0.115682, 0.3477, -0.145607][0.07034, -0.00889, 0.99748][0.69188, 0.33059, 0][0.077109, 0.396745, -0.14245][0.07034, -0.00889, 0.99748][0.70282, 0.36935, 0][-0.182868, 0.331527, -0.063901][0.44621, -0.09595, 0.88977][0.86793, 0.31751, 0][-0.182127, 0.34803, -0.062493][0.44621, -0.09595, 0.88977][0.86829, 0.33235, 0][-0.193004, 0.377392, -0.053872][0.44621, -0.09595, 0.88977][0.88075, 0.35924, 0][0.141442, 0.391022, -0.105694][-0.36471, 0.16106, 0.91708][0.38006, 0.95987, 0][0.119932, 0.406901, -0.117037][-0.36471, 0.16106, 0.91708][0.36087, 0.97403, 0][0.118522, 0.391022, -0.114809][-0.36471, 0.16106, 0.91708][0.35961, 0.95987, 0][0.119932, 0.406901, -0.117037][-0.36367, 0.16258, 0.91723][0.36087, 0.97403, 0][0.141442, 0.391022, -0.105694][-0.36367, 0.16258, 0.91723][0.38006, 0.95987, 0][0.143292, 0.406901, -0.107775][-0.36367, 0.16258, 0.91723][0.38170, 0.97403, 0][-0.194442, 0.197335, -0.091033][0.33913, -0.09555, 0.93588][0.86024, 0.19744, 0][-0.18192, 0.212463, -0.094026][0.33913, -0.09555, 0.93588][0.85017, 0.21125, 0][-0.19253, 0.236307, -0.087747][0.33913, -0.09555, 0.93588][0.86090, 0.23199, 0][-0.18192, 0.212463, -0.094026][0.40762, -0.15952, 0.89911][0.85017, 0.21125, 0][-0.194442, 0.197335, -0.091033][0.40762, -0.15952, 0.89911][0.86024, 0.19744, 0][-0.184889, 0.16909, -0.100375][0.40762, -0.15952, 0.89911][0.84853, 0.17289, 0][-0.167176, 0.033214, -0.020756][0.51424, 0.14995, 0.84444][0.87799, 0.07854, 0][-0.178183, 0.133368, -0.031838][0.51424, 0.14995, 0.84444][0.88024, 0.15232, 0][-0.196326, 0.174987, -0.02818][0.51424, 0.14995, 0.84444][0.89429, 0.18447, 0][-0.249569, 0.107289, -0.0211][0.54283, -0.03315, 0.83919][0.93319, 0.12435, 0][-0.235497, 0.1519, -0.02844][0.54283, -0.03315, 0.83919][0.92062, 0.16179, 0][-0.255276, 0.1295, -0.016531][0.54283, -0.03315, 0.83919][0.93988, 0.14257, 0][-0.147735, 0.322123, -0.135414][0.24716, 0.45485, 0.85559][0.80231, 0.30934, 0][-0.148169, 0.276653, -0.111116][0.24716, 0.45485, 0.85559][0.81792, 0.26822, 0][-0.130827, 0.238284, -0.095728][0.24716, 0.45485, 0.85559][0.81626, 0.23611, 0][-0.145069, 0.391022, -0.105693][0.51041, 0.16982, 0.84299][0.12453, 0.95987, 0][-0.164186, 0.406901, -0.097317][0.51041, 0.16982, 0.84299][0.10748, 0.97403, 0][-0.161945, 0.391022, -0.095475][0.51041, 0.16982, 0.84299][0.10947, 0.95987, 0][-0.164186, 0.406901, -0.097317][0.51039, 0.16978, 0.84302][0.10748, 0.97403, 0][-0.145069, 0.391022, -0.105693][0.51039, 0.16978, 0.84302][0.12453, 0.95987, 0][-0.146914, 0.406901, -0.107774][0.51039, 0.16978, 0.84302][0.12288, 0.97403, 0][0.237832, 0.027193, 0.020323][-0.48816, 0.16737, 0.85656][0.52096, 0.05771, 0][0.227592, 0.027107, 0.014504][-0.48816, 0.16737, 0.85656][0.53031, 0.05963, 0][0.243312, -0.008546, 0.03577][-0.47514, 0.28670, 0.83189][0.50955, 0.03107, 0][0.227592, 0.027107, 0.014504][-0.48816, 0.16737, 0.85656][0.53031, 0.05963, 0][0.237832, 0.027193, 0.020323][-0.48816, 0.16737, 0.85656][0.52096, 0.05771, 0][0.210192, 0.070669, 0.002325][-0.49384, 0.04552, 0.86836][0.54621, 0.09655, 0][-0.085498, 0.333005, -0.131009][0.25946, 0.04031, 0.96491][0.76628, 0.31800, 0][-0.097531, 0.321384, -0.127288][0.25946, 0.04031, 0.96491][0.77600, 0.30788, 0][-0.084351, 0.308697, -0.130302][0.25946, 0.04031, 0.96491][0.76653, 0.29663, 0][-0.112241, 0.08513, -0.145247][0.69032, -0.11604, 0.71414][0.77768, 0.10536, 0][-0.097254, 0.164191, -0.146887][0.68997, -0.12311, 0.71329][0.76653, 0.17189, 0][-0.11739, 0.162884, -0.127635][0.68997, -0.12311, 0.71329][0.79015, 0.17105, 0][-0.081079, 0.266906, -0.143777][0.68958, -0.13016, 0.71241][0.75699, 0.26019, 0][-0.11739, 0.162884, -0.127635][0.68997, -0.12311, 0.71329][0.79015, 0.17105, 0][-0.097254, 0.164191, -0.146887][0.68997, -0.12311, 0.71329][0.76653, 0.17189, 0][-0.139938, 0.085508, -0.129078][0.67944, -0.21110, 0.70271][0.80383, 0.10435, 0][-0.11739, 0.162884, -0.127635][0.67944, -0.21110, 0.70271][0.79015, 0.17105, 0][-0.135372, 0.193553, -0.101035][0.67944, -0.21110, 0.70271][0.81635, 0.19779, 0][-0.109726, 0.24889, -0.108582][0.67469, -0.21645, 0.70565][0.79578, 0.24530, 0][-0.135372, 0.193553, -0.101035][0.67469, -0.21645, 0.70565][0.81635, 0.19779, 0][-0.11739, 0.162884, -0.127635][0.67469, -0.21645, 0.70565][0.79015, 0.17105, 0][-0.135372, 0.193553, -0.101035][0.56925, -0.15366, 0.80768][0.81635, 0.19779, 0][-0.109726, 0.24889, -0.108582][0.56925, -0.15366, 0.80768][0.79578, 0.24530, 0][-0.130827, 0.238284, -0.095728][0.56925, -0.15366, 0.80768][0.81626, 0.23611, 0][-0.135372, 0.193553, -0.101035][0.45463, -0.15035, 0.87790][0.81635, 0.19779, 0][-0.130827, 0.238284, -0.095728][0.45463, -0.15035, 0.87790][0.81626, 0.23611, 0][-0.157589, 0.253635, -0.07924][0.45463, -0.15035, 0.87790][0.84247, 0.24898, 0][-0.130827, 0.238284, -0.095728][0.44207, 0.18436, 0.87783][0.81626, 0.23611, 0][-0.109726, 0.24889, -0.108582][0.44207, 0.18436, 0.87783][0.79578, 0.24530, 0][-0.111117, 0.276894, -0.113763][0.44207, 0.18436, 0.87783][0.79317, 0.26905, 0][-0.109726, 0.24889, -0.108582][0.41590, 0.18538, 0.89031][0.79578, 0.24530, 0][-0.100222, 0.262488, -0.115853][0.41590, 0.18538, 0.89031][0.78557, 0.25687, 0][-0.111117, 0.276894, -0.113763][0.41590, 0.18538, 0.89031][0.79317, 0.26905, 0][-0.097415, 0.294686, -0.120408][0.31988, 0.10532, 0.94159][0.78063, 0.28450, 0][-0.111117, 0.276894, -0.113763][0.31988, 0.10532, 0.94159][0.79317, 0.26905, 0][-0.100222, 0.262488, -0.115853][0.31988, 0.10532, 0.94159][0.78557, 0.25687, 0][-0.097415, 0.294686, -0.120408][0.42042, 0.22813, 0.87818][0.78063, 0.28450, 0][-0.084351, 0.308697, -0.130302][0.42042, 0.22813, 0.87818][0.76653, 0.29663, 0][-0.097531, 0.321384, -0.127288][0.42042, 0.22813, 0.87818][0.77600, 0.30788, 0][0.263632, 0.040448, 0.023433][-0.28429, 0.34331, 0.89516][0.50333, 0.06112, 0][0.237832, 0.027193, 0.020323][-0.28429, 0.34331, 0.89516][0.52096, 0.05771, 0][0.243312, -0.008546, 0.03577][-0.28429, 0.34331, 0.89516][0.50955, 0.03107, 0][0.237832, 0.027193, 0.020323][-0.29101, 0.35830, 0.88709][0.52096, 0.05771, 0][0.263632, 0.040448, 0.023433][-0.29101, 0.35830, 0.88709][0.50333, 0.06112, 0][0.256602, 0.075483, 0.006976][-0.29101, 0.35830, 0.88709][0.51685, 0.08924, 0][0.141442, 0.391022, -0.105694][-0.51042, 0.16994, 0.84297][0.38006, 0.95987, 0][0.160562, 0.406901, -0.097318][-0.51042, 0.16994, 0.84297][0.39711, 0.97403, 0][0.143292, 0.406901, -0.107775][-0.51042, 0.16994, 0.84297][0.38170, 0.97403, 0][0.160562, 0.406901, -0.097318][-0.51033, 0.16979, 0.84305][0.39711, 0.97403, 0][0.141442, 0.391022, -0.105694][-0.51033, 0.16979, 0.84305][0.38006, 0.95987, 0][0.158322, 0.391022, -0.095476][-0.51033, 0.16979, 0.84305][0.39511, 0.95987, 0][-0.178165, 0.406901, -0.084447][0.60357, 0.17392, 0.77811][0.09501, 0.97403, 0][-0.19639, 0.391022, -0.066761][0.60357, 0.17392, 0.77811][0.07875, 0.95987, 0][-0.175647, 0.391022, -0.082851][0.60357, 0.17392, 0.77811][0.09725, 0.95987, 0][-0.19639, 0.391022, -0.066761][0.60521, 0.17127, 0.77742][0.07875, 0.95987, 0][-0.178165, 0.406901, -0.084447][0.60521, 0.17127, 0.77742][0.09501, 0.97403, 0][-0.199093, 0.406901, -0.068155][0.60521, 0.17127, 0.77742][0.07634, 0.97403, 0][-0.176476, 0.000191, -0.014697][0.44640, 0.21802, 0.86787][0.88633, 0.05373, 0][-0.184107, -0.033314, -0.002355][0.44640, 0.21802, 0.86787][0.89640, 0.03052, 0][-0.172125, -0.032232, -0.00879][0.44640, 0.21802, 0.86787][0.88613, 0.03215, 0][-0.238726, -0.039349, 0.006106][0.36799, 0.22137, 0.90310][0.93508, 0.01737, 0][-0.221042, -0.037406, -0.001576][0.36799, 0.22137, 0.90310][0.92009, 0.02058, 0][-0.259603, 0.041861, -0.005294][0.36799, 0.22137, 0.90310][0.94607, 0.07309, 0][-0.222578, 0.377117, -0.014194][0.68881, 0.14633, 0.71002][0.92253, 0.35838, 0][-0.232413, 0.366167, -0.002396][0.68881, 0.14633, 0.71002][0.93528, 0.34837, 0][-0.228797, 0.356642, -0.003941][0.68881, 0.14633, 0.71002][0.93168, 0.33973, 0][-0.210959, 0.39405, -0.032256][0.45871, 0.48171, 0.74668][0.90521, 0.37431, 0][-0.222578, 0.377117, -0.014194][0.45871, 0.48171, 0.74668][0.92253, 0.35838, 0][-0.210548, 0.367782, -0.015562][0.45871, 0.48171, 0.74668][0.91302, 0.34942, 0][-0.161945, 0.391022, -0.095475][0.66671, 0.17846, 0.72364][0.10947, 0.95987, 0][-0.178165, 0.406901, -0.084447][0.66671, 0.17846, 0.72364][0.09501, 0.97403, 0][-0.175647, 0.391022, -0.082851][0.66671, 0.17846, 0.72364][0.09725, 0.95987, 0][-0.178165, 0.406901, -0.084447][0.66650, 0.17804, 0.72393][0.09501, 0.97403, 0][-0.161945, 0.391022, -0.095475][0.66650, 0.17804, 0.72393][0.10947, 0.95987, 0][-0.164186, 0.406901, -0.097317][0.66650, 0.17804, 0.72393][0.10748, 0.97403, 0][0.155322, 0.004054, -0.004769][-0.62380, 0.17243, 0.76233][0.57868, 0.05944, 0][0.179412, 0.11509, -0.010171][-0.62380, 0.17243, 0.76233][0.56884, 0.13639, 0][0.176442, 0.135908, -0.01731][-0.62380, 0.17243, 0.76233][0.57448, 0.15249, 0][0.178242, 0.119405, -0.097778][-0.67098, -0.00395, 0.74146][0.62976, 0.12984, 0][0.197822, 0.178817, -0.079743][-0.67098, -0.00395, 0.74146][0.60667, 0.17918, 0][0.186972, 0.180811, -0.089551][-0.67098, -0.00395, 0.74146][0.61913, 0.18169, 0][0.202822, 0.223221, -0.075422][-0.67025, 0.00326, 0.74212][0.60040, 0.21812, 0][0.186972, 0.180811, -0.089551][-0.67025, 0.00326, 0.74212][0.61913, 0.18169, 0][0.197822, 0.178817, -0.079743][-0.67025, 0.00326, 0.74212][0.60667, 0.17918, 0][0.178242, 0.119405, -0.097778][-0.46326, -0.07133, 0.88335][0.62976, 0.12984, 0][0.137802, 0.07366, -0.12224][-0.48396, -0.03963, 0.87419][0.66466, 0.09822, 0][0.164312, 0.0531, -0.103898][-0.54841, 0.03811, 0.83534][0.64064, 0.07766, 0][0.137802, 0.07366, -0.12224][-0.48396, -0.03963, 0.87419][0.66466, 0.09822, 0][0.178242, 0.119405, -0.097778][-0.46326, -0.07133, 0.88335][0.62976, 0.12984, 0][0.141932, 0.136854, -0.112163][-0.40909, -0.13087, 0.90306][0.65553, 0.14974, 0][0.141932, 0.136854, -0.112163][-0.40909, -0.13087, 0.90306][0.65553, 0.14974, 0][0.178242, 0.119405, -0.097778][-0.46326, -0.07133, 0.88335][0.62976, 0.12984, 0][0.153082, 0.19654, -0.098033][-0.40668, -0.13783, 0.90312][0.64032, 0.19882, 0][0.134652, 0.226899, -0.101279][-0.39326, -0.14160, 0.90846][0.65015, 0.22578, 0][0.141932, 0.136854, -0.112163][-0.40909, -0.13087, 0.90306][0.65553, 0.14974, 0][0.153082, 0.19654, -0.098033][-0.40668, -0.13783, 0.90312][0.64032, 0.19882, 0][0.186972, 0.180811, -0.089551][-0.28019, -0.08823, 0.95588][0.61913, 0.18169, 0][0.153082, 0.19654, -0.098033][-0.28019, -0.08823, 0.95588][0.64032, 0.19882, 0][0.178242, 0.119405, -0.097778][-0.28019, -0.08823, 0.95588][0.62976, 0.12984, 0][0.155702, 0.242285, -0.087426][-0.39010, -0.18672, 0.90164][0.63110, 0.23779, 0][0.131982, 0.248715, -0.096357][-0.39010, -0.18672, 0.90164][0.64753, 0.24426, 0][0.153082, 0.19654, -0.098033][-0.39010, -0.18672, 0.90164][0.64032, 0.19882, 0][0.200992, 0.243265, -0.075753][-0.30134, -0.14071, 0.94308][0.60128, 0.23624, 0][0.153082, 0.19654, -0.098033][-0.30134, -0.14071, 0.94308][0.64032, 0.19882, 0][0.186972, 0.180811, -0.089551][-0.30134, -0.14071, 0.94308][0.61913, 0.18169, 0][0.153082, 0.19654, -0.098033][-0.24003, -0.20621, 0.94861][0.64032, 0.19882, 0][0.200992, 0.243265, -0.075753][-0.23871, -0.10321, 0.96559][0.60128, 0.23624, 0][0.155702, 0.242285, -0.087426][-0.24408, -0.14365, 0.95906][0.63110, 0.23779, 0][-0.183435, 0.013548, -0.013219][0.52967, 0.18434, 0.82793][0.89146, 0.06270, 0][-0.184107, -0.033314, -0.002355][0.52967, 0.18434, 0.82793][0.89640, 0.03052, 0][-0.176476, 0.000191, -0.014697][0.52967, 0.18434, 0.82793][0.88633, 0.05373, 0][0.192762, 0.391022, -0.066762][-0.60359, 0.17399, 0.77808][0.42583, 0.95987, 0][0.174542, 0.406901, -0.084447][-0.60359, 0.17399, 0.77808][0.40957, 0.97403, 0][0.172022, 0.391022, -0.082851][-0.60359, 0.17399, 0.77808][0.40733, 0.95987, 0][0.174542, 0.406901, -0.084447][-0.60512, 0.17152, 0.77744][0.40957, 0.97403, 0][0.192762, 0.391022, -0.066762][-0.60512, 0.17152, 0.77744][0.42583, 0.95987, 0][0.195472, 0.406901, -0.068156][-0.60512, 0.17152, 0.77744][0.42824, 0.97403, 0][-0.035822, 0.007789, -0.15672][0.17764, 0.03114, 0.98360][0.73062, 0.05538, 0][-0.037885, 0.031031, -0.156632][0.11739, 0.00926, 0.99304][0.73112, 0.07251, 0][-0.069234, 0.046778, -0.153073][0.16672, 0.03347, 0.98544][0.74948, 0.08017, 0][-0.040267, 0.068644, -0.156801][0.11434, 0.01788, 0.99328][0.73127, 0.10081, 0][-0.069234, 0.046778, -0.153073][0.16672, 0.03347, 0.98544][0.74948, 0.08017, 0][-0.037885, 0.031031, -0.156632][0.11739, 0.00926, 0.99304][0.73112, 0.07251, 0][-0.125087, 0.04009, -0.139551][0.22789, 0.06154, 0.97174][0.78931, 0.06817, 0][-0.069234, 0.046778, -0.153073][0.16672, 0.03347, 0.98544][0.74948, 0.08017, 0][-0.112241, 0.08513, -0.145247][0.19440, 0.02680, 0.98056][0.77768, 0.10536, 0][-0.044407, 0.143579, -0.158136][0.15490, 0.01546, 0.98781][0.73062, 0.15895, 0][-0.069234, 0.046778, -0.153073][0.16672, 0.03347, 0.98544][0.74948, 0.08017, 0][-0.040267, 0.068644, -0.156801][0.11434, 0.01788, 0.99328][0.73127, 0.10081, 0][-0.069234, 0.046778, -0.153073][0.16672, 0.03347, 0.98544][0.74948, 0.08017, 0][-0.044407, 0.143579, -0.158136][0.15490, 0.01546, 0.98781][0.73062, 0.15895, 0][-0.112241, 0.08513, -0.145247][0.19440, 0.02680, 0.98056][0.77768, 0.10536, 0][-0.112241, 0.08513, -0.145247][0.19440, 0.02680, 0.98056][0.77768, 0.10536, 0][-0.044407, 0.143579, -0.158136][0.15490, 0.01546, 0.98781][0.73062, 0.15895, 0][-0.049373, 0.222107, -0.158712][0.17158, 0.01808, 0.98500][0.73077, 0.22269, 0][-0.049373, 0.222107, -0.158712][0.27695, -0.03289, 0.96032][0.73077, 0.22269, 0][-0.097254, 0.164191, -0.146887][0.27695, -0.03289, 0.96032][0.76653, 0.17189, 0][-0.112241, 0.08513, -0.145247][0.27650, -0.03249, 0.96046][0.77768, 0.10536, 0][-0.076015, 0.248185, -0.150111][0.27740, -0.03329, 0.96018][0.75048, 0.24400, 0][-0.097254, 0.164191, -0.146887][0.27695, -0.03289, 0.96032][0.76653, 0.17189, 0][-0.049373, 0.222107, -0.158712][0.27695, -0.03289, 0.96032][0.73077, 0.22269, 0][-0.049373, 0.222107, -0.158712][0.32703, 0.02251, 0.94475][0.73077, 0.22269, 0][-0.051112, 0.246363, -0.158688][0.32672, 0.01728, 0.94496][0.73106, 0.24298, 0][-0.076015, 0.248185, -0.150111][0.32913, 0.01225, 0.94420][0.75048, 0.24400, 0][-0.052693, 0.268092, -0.158419][0.33017, 0.00712, 0.94390][0.73150, 0.26142, 0][-0.076015, 0.248185, -0.150111][0.32913, 0.01225, 0.94420][0.75048, 0.24400, 0][-0.051112, 0.246363, -0.158688][0.32672, 0.01728, 0.94496][0.73106, 0.24298, 0][-0.076015, 0.248185, -0.150111][0.32913, 0.01225, 0.94420][0.75048, 0.24400, 0][-0.052693, 0.268092, -0.158419][0.33017, 0.00712, 0.94390][0.73150, 0.26142, 0][-0.05449, 0.289426, -0.157832][0.33391, 0.00219, 0.94260][0.73229, 0.27975, 0][-0.056604, 0.313924, -0.156905][0.46306, 0.00642, 0.88630][0.73340, 0.30107, 0][-0.081079, 0.266906, -0.143777][0.46306, 0.00642, 0.88630][0.75699, 0.26019, 0][-0.05449, 0.289426, -0.157832][0.46306, 0.00642, 0.88630][0.73229, 0.27975, 0][-0.076015, 0.248185, -0.150111][0.54792, -0.13131, 0.82616][0.75048, 0.24400, 0][-0.05449, 0.289426, -0.157832][0.54792, -0.13131, 0.82616][0.73229, 0.27975, 0][-0.081079, 0.266906, -0.143777][0.54792, -0.13131, 0.82616][0.75699, 0.26019, 0][-0.097254, 0.164191, -0.146887][0.58027, -0.11579, 0.80615][0.76653, 0.17189, 0][-0.076015, 0.248185, -0.150111][0.58027, -0.11579, 0.80615][0.75048, 0.24400, 0][-0.081079, 0.266906, -0.143777][0.58027, -0.11579, 0.80615][0.75699, 0.26019, 0][-0.081079, 0.266906, -0.143777][0.49977, -0.01837, 0.86596][0.75699, 0.26019, 0][-0.056604, 0.313924, -0.156905][0.49977, -0.01837, 0.86596][0.73340, 0.30107, 0][-0.060864, 0.361473, -0.153438][0.49977, -0.01837, 0.86596][0.73679, 0.34325, 0][-0.064805, 0.401476, -0.149808][0.66119, -0.00294, 0.75021][0.74039, 0.37950, 0][-0.075154, 0.374659, -0.140792][0.66119, -0.00294, 0.75021][0.75303, 0.35519, 0][-0.060864, 0.361473, -0.153438][0.66119, -0.00294, 0.75021][0.73679, 0.34325, 0][-0.074761, 0.397333, -0.144827][0.48646, -0.13032, 0.86393][0.18723, 0.96550, 0][-0.064805, 0.401476, -0.149808][0.48646, -0.13032, 0.86393][0.19611, 0.96920, 0][-0.071301, 0.401511, -0.146145][0.48646, -0.13032, 0.86393][0.19032, 0.96923, 0][-0.075154, 0.374659, -0.140792][0.38976, 0.15480, 0.90781][0.18688, 0.94528, 0][-0.064805, 0.401476, -0.149808][0.38976, 0.15480, 0.90781][0.19611, 0.96920, 0][-0.074761, 0.397333, -0.144827][0.38976, 0.15480, 0.90781][0.18723, 0.96550, 0][-0.060864, 0.361473, -0.153438][0.67451, 0.02330, 0.73790][0.73679, 0.34325, 0][-0.075154, 0.374659, -0.140792][0.67451, 0.02330, 0.73790][0.75303, 0.35519, 0][-0.084351, 0.308697, -0.130302][0.67451, 0.02330, 0.73790][0.76653, 0.29663, 0][-0.075154, 0.374659, -0.140792][0.57070, 0.05077, 0.81959][0.75303, 0.35519, 0][-0.085498, 0.333005, -0.131009][0.57070, 0.05077, 0.81959][0.76628, 0.31800, 0][-0.084351, 0.308697, -0.130302][0.57070, 0.05077, 0.81959][0.76653, 0.29663, 0][-0.100222, 0.262488, -0.115853][0.55419, 0.06904, 0.82952][0.78557, 0.25687, 0][-0.084351, 0.308697, -0.130302][0.55419, 0.06904, 0.82952][0.76653, 0.29663, 0][-0.097415, 0.294686, -0.120408][0.55419, 0.06904, 0.82952][0.78063, 0.28450, 0][-0.191445, 0.387139, -0.062793][0.38430, -0.54729, 0.74349][0.87485, 0.36873, 0][-0.19916, 0.392485, -0.05487][0.38430, -0.54729, 0.74349][0.88471, 0.37367, 0][-0.188516, 0.358362, -0.08549][0.38430, -0.54729, 0.74349][0.85984, 0.34297, 0][-0.196326, 0.174987, -0.02818][0.68985, 0.08490, 0.71896][0.89429, 0.18447, 0][-0.202689, 0.358499, -0.043746][0.68985, 0.08490, 0.71896][0.89281, 0.34194, 0][-0.208302, 0.371444, -0.039889][0.68985, 0.08490, 0.71896][0.89900, 0.35384, 0][0.175922, 0.252755, -0.081378][-0.23707, -0.05126, 0.97014][0.61747, 0.24591, 0][0.155702, 0.242285, -0.087426][-0.24408, -0.14365, 0.95906][0.63110, 0.23779, 0][0.200992, 0.243265, -0.075753][-0.23871, -0.10321, 0.96559][0.60128, 0.23624, 0][0.175922, 0.252755, -0.081378][-0.23707, -0.05126, 0.97014][0.61747, 0.24591, 0][0.200992, 0.243265, -0.075753][-0.23871, -0.10321, 0.96559][0.60128, 0.23624, 0][0.186852, 0.287239, -0.078055][-0.22678, -0.02195, 0.97370][0.60942, 0.27631, 0][0.131982, 0.248715, -0.096357][-0.30294, 0.18186, 0.93550][0.64753, 0.24426, 0][0.155702, 0.242285, -0.087426][-0.30294, 0.18186, 0.93550][0.63110, 0.23779, 0][0.131722, 0.259167, -0.098473][-0.30294, 0.18186, 0.93550][0.64916, 0.25300, 0][0.131982, 0.248715, -0.096357][-0.32548, 0.17983, 0.92829][0.64753, 0.24426, 0][0.131722, 0.259167, -0.098473][-0.32548, 0.17983, 0.92829][0.64916, 0.25300, 0][0.114702, 0.272146, -0.106955][-0.32548, 0.17983, 0.92829][0.66204, 0.26427, 0][0.114702, 0.272146, -0.106955][-0.36569, 0.12335, 0.92253][0.66204, 0.26427, 0][0.131722, 0.259167, -0.098473][-0.36569, 0.12335, 0.92253][0.64916, 0.25300, 0][0.101571, 0.295989, -0.115348][-0.36569, 0.12335, 0.92253][0.67316, 0.28425, 0][0.103898, 0.307404, -0.116214][-0.34708, 0.14109, 0.92716][0.67299, 0.29383, 0][0.08187, 0.3641, -0.133088][-0.34708, 0.14109, 0.92716][0.69374, 0.34124, 0][0.101571, 0.295989, -0.115348][-0.34708, 0.14109, 0.92716][0.67316, 0.28425, 0][0.101571, 0.295989, -0.115348][-0.19168, 0.11304, 0.97493][0.67316, 0.28425, 0][0.120692, 0.287807, -0.11064][-0.19168, 0.11304, 0.97493][0.66252, 0.27738, 0][0.103898, 0.307404, -0.116214][-0.19168, 0.11304, 0.97493][0.67299, 0.29383, 0][0.120692, 0.287807, -0.11064][-0.07157, 0.36653, 0.92765][0.66252, 0.27738, 0][0.101571, 0.295989, -0.115348][-0.07157, 0.36653, 0.92765][0.67316, 0.28425, 0][0.131722, 0.259167, -0.098473][-0.07157, 0.36653, 0.92765][0.64916, 0.25300, 0][0.120352, 0.191486, -0.117429][-0.56195, -0.14451, 0.81445][0.66767, 0.19711, 0][0.134652, 0.226899, -0.101279][-0.56195, -0.14451, 0.81445][0.65015, 0.22578, 0][0.114702, 0.272146, -0.106955][-0.56102, -0.14513, 0.81498][0.66204, 0.26427, 0][0.120352, 0.191486, -0.117429][-0.56195, -0.14451, 0.81445][0.66767, 0.19711, 0][0.141932, 0.136854, -0.112163][-0.56288, -0.14389, 0.81392][0.65553, 0.14974, 0][0.134652, 0.226899, -0.101279][-0.56195, -0.14451, 0.81445][0.65015, 0.22578, 0][0.134652, 0.226899, -0.101279][-0.54816, -0.24735, 0.79896][0.65015, 0.22578, 0][0.153082, 0.19654, -0.098033][-0.54816, -0.24735, 0.79896][0.64032, 0.19882, 0][0.131982, 0.248715, -0.096357][-0.54816, -0.24735, 0.79896][0.64753, 0.24426, 0][0.158322, 0.391022, -0.095476][-0.66651, 0.17800, 0.72394][0.39511, 0.95987, 0][0.174542, 0.406901, -0.084447][-0.66651, 0.17800, 0.72394][0.40957, 0.97403, 0][0.160562, 0.406901, -0.097318][-0.66651, 0.17800, 0.72394][0.39711, 0.97403, 0][0.174542, 0.406901, -0.084447][-0.66678, 0.17854, 0.72355][0.40957, 0.97403, 0][0.158322, 0.391022, -0.095476][-0.66678, 0.17854, 0.72355][0.39511, 0.95987, 0][0.172022, 0.391022, -0.082851][-0.66678, 0.17854, 0.72355][0.40733, 0.95987, 0][-0.12928, 0.335017, -0.142746][0.20730, -0.10713, 0.97239][0.78557, 0.32107, 0][-0.106558, 0.35415, -0.145482][0.20730, -0.10713, 0.97239][0.76926, 0.33812, 0][-0.11352, 0.361301, -0.14321][0.20730, -0.10713, 0.97239][0.77491, 0.34493, 0][0.044169, 0.077614, -0.153559][-0.24207, 0.01289, 0.97017][0.71793, 0.11781, 0][0.089259, 0.089098, -0.142461][-0.28594, 0.01440, 0.95814][0.69656, 0.11858, 0][0.045635, 0.106512, -0.153681][-0.24347, 0.01492, 0.96979][0.71792, 0.13880, 0][0.045635, 0.106512, -0.153681][-0.24347, 0.01492, 0.96979][0.71792, 0.13880, 0][0.089259, 0.089098, -0.142461][-0.28594, 0.01440, 0.95814][0.69656, 0.11858, 0][0.047327, 0.139518, -0.153712][-0.24238, 0.01489, 0.97007][0.71782, 0.16317, 0][0.050194, 0.188701, -0.15383][-0.32062, -0.01765, 0.94704][0.71764, 0.20024, 0][0.047327, 0.139518, -0.153712][-0.24238, 0.01489, 0.97007][0.71782, 0.16317, 0][0.089259, 0.089098, -0.142461][-0.28594, 0.01440, 0.95814][0.69656, 0.11858, 0][0.075179, -0.009801, -0.142581][-0.38522, 0.05372, 0.92126][0.70029, 0.04808, 0][0.113412, 0.008954, -0.127688][-0.38522, 0.05372, 0.92126][0.67732, 0.05352, 0][0.089259, 0.089098, -0.142461][-0.38522, 0.05372, 0.92126][0.69656, 0.11858, 0][0.089259, 0.089098, -0.142461][-0.28594, 0.01440, 0.95814][0.69656, 0.11858, 0][0.137802, 0.07366, -0.12224][-0.38333, 0.00442, 0.92360][0.66466, 0.09822, 0][0.050194, 0.188701, -0.15383][-0.32062, -0.01765, 0.94704][0.71764, 0.20024, 0][0.137802, 0.07366, -0.12224][-0.38333, 0.00442, 0.92360][0.66466, 0.09822, 0][0.089259, 0.089098, -0.142461][-0.28594, 0.01440, 0.95814][0.69656, 0.11858, 0][0.113412, 0.008954, -0.127688][-0.36741, 0.06035, 0.92810][0.67732, 0.05352, 0][0.137802, 0.07366, -0.12224][-0.50205, 0.11709, 0.85688][0.66466, 0.09822, 0][0.113412, 0.008954, -0.127688][-0.50205, 0.11709, 0.85688][0.67732, 0.05352, 0][0.164312, 0.0531, -0.103898][-0.50205, 0.11709, 0.85688][0.64064, 0.07766, 0][0.137802, 0.07366, -0.12224][-0.48299, -0.10702, 0.86906][0.66466, 0.09822, 0][0.141932, 0.136854, -0.112163][-0.48299, -0.10702, 0.86906][0.65553, 0.14974, 0][0.120352, 0.191486, -0.117429][-0.48299, -0.10702, 0.86906][0.66767, 0.19711, 0][0.05369, 0.244262, -0.15396][-0.31410, 0.01771, 0.94922][0.71734, 0.24331, 0][0.050194, 0.188701, -0.15383][-0.31350, 0.02195, 0.94934][0.71764, 0.20024, 0][0.137802, 0.07366, -0.12224][-0.31130, 0.02316, 0.95003][0.66466, 0.09822, 0][0.09305, 0.218115, -0.140493][-0.31682, 0.01225, 0.94841][0.69473, 0.22029, 0][0.05369, 0.244262, -0.15396][-0.31410, 0.01771, 0.94922][0.71734, 0.24331, 0][0.137802, 0.07366, -0.12224][-0.31130, 0.02316, 0.95003][0.66466, 0.09822, 0][0.05369, 0.244262, -0.15396][-0.31410, 0.01771, 0.94922][0.71734, 0.24331, 0][0.09305, 0.218115, -0.140493][-0.31682, 0.01225, 0.94841][0.69473, 0.22029, 0][0.056683, 0.282718, -0.153226][-0.32065, 0.00618, 0.94718][0.71634, 0.27391, 0][0.056683, 0.282718, -0.153226][-0.32065, 0.00618, 0.94718][0.71634, 0.27391, 0][0.09305, 0.218115, -0.140493][-0.31682, 0.01225, 0.94841][0.69473, 0.22029, 0][0.059197, 0.311289, -0.15254][-0.32163, 0.00557, 0.94685][0.71538, 0.29709, 0][0.079454, 0.30235, -0.142748][-0.44777, -0.03604, 0.89342][0.70151, 0.28988, 0][0.059197, 0.311289, -0.15254][-0.44777, -0.03604, 0.89342][0.71538, 0.29709, 0][0.09305, 0.218115, -0.140493][-0.45218, -0.04914, 0.89057][0.69473, 0.22029, 0][0.059197, 0.311289, -0.15254][-0.44777, -0.03604, 0.89342][0.71538, 0.29709, 0][0.079454, 0.30235, -0.142748][-0.44777, -0.03604, 0.89342][0.70151, 0.28988, 0][0.071009, 0.362896, -0.145376][-0.44328, -0.02293, 0.89609][0.70675, 0.34017, 0][0.077109, 0.396745, -0.14245][-0.30788, -0.06954, 0.94888][0.70282, 0.36935, 0][0.066499, 0.400424, -0.145623][-0.30788, -0.06954, 0.94888][0.70871, 0.37147, 0][0.071009, 0.362896, -0.145376][-0.29569, -0.02925, 0.95484][0.70675, 0.34017, 0][0.073996, 0.400424, -0.143078][-0.31951, -0.10969, 0.94121][0.31990, 0.96826, 0][0.066499, 0.400424, -0.145623][-0.30788, -0.06954, 0.94888][0.31321, 0.96826, 0][0.077109, 0.396745, -0.14245][-0.30788, -0.06954, 0.94888][0.32268, 0.96498, 0][0.059197, 0.311289, -0.15254][-0.50920, -0.00293, 0.86064][0.71538, 0.29709, 0][0.071009, 0.362896, -0.145376][-0.48764, -0.02654, 0.87264][0.70675, 0.34017, 0][0.06285, 0.352977, -0.150237][-0.48764, -0.02654, 0.87264][0.71295, 0.33154, 0][0.06285, 0.352977, -0.150237][-0.48764, -0.02654, 0.87264][0.71295, 0.33154, 0][0.071009, 0.362896, -0.145376][-0.48764, -0.02654, 0.87264][0.70675, 0.34017, 0][0.066499, 0.400424, -0.145623][-0.46551, -0.05013, 0.88362][0.70871, 0.37147, 0][0.136692, 0.322395, -0.143234][-0.29918, 0.43925, 0.84708][0.68211, 0.30897, 0][0.155172, 0.267264, -0.108119][-0.29918, 0.43925, 0.84708][0.64679, 0.25917, 0][0.154382, 0.31875, -0.135096][-0.29918, 0.43925, 0.84708][0.66851, 0.30604, 0][0.115682, 0.3477, -0.145607][-0.03372, 0.06552, 0.99728][0.69188, 0.33059, 0][0.111772, 0.342233, -0.14538][-0.03372, 0.06552, 0.99728][0.69304, 0.32544, 0][0.136692, 0.322395, -0.143234][-0.03372, 0.06552, 0.99728][0.68211, 0.30897, 0][0.136692, 0.322395, -0.143234][-0.62116, -0.45596, 0.63738][0.68211, 0.30897, 0][0.138912, 0.328394, -0.136779][-0.62116, -0.45596, 0.63738][0.67602, 0.31421, 0][0.115682, 0.3477, -0.145607][-0.62116, -0.45596, 0.63738][0.69188, 0.33059, 0][0.136692, 0.322395, -0.143234][-0.43613, -0.57944, 0.68850][0.68211, 0.30897, 0][0.154382, 0.31875, -0.135096][-0.43613, -0.57944, 0.68850][0.66851, 0.30604, 0][0.138912, 0.328394, -0.136779][-0.43613, -0.57944, 0.68850][0.67602, 0.31421, 0][0.154382, 0.31875, -0.135096][-0.42012, -0.63764, 0.64569][0.66851, 0.30604, 0][0.172932, 0.32114, -0.120666][-0.42012, -0.63764, 0.64569][0.64889, 0.30843, 0][0.162592, 0.325489, -0.123099][-0.42012, -0.63764, 0.64569][0.65533, 0.31209, 0][-0.158898, 0.035139, -0.028631][0.64218, 0.22995, 0.73125][0.86915, 0.07984, 0][-0.167176, 0.033214, -0.020756][0.64218, 0.22995, 0.73125][0.87799, 0.07854, 0][-0.149982, -0.007082, -0.023184][0.64218, 0.22995, 0.73125][0.86622, 0.05130, 0][-0.167176, 0.033214, -0.020756][0.66201, 0.15392, 0.73352][0.87799, 0.07854, 0][-0.158898, 0.035139, -0.028631][0.66201, 0.15392, 0.73352][0.86915, 0.07984, 0][-0.178183, 0.133368, -0.031838][0.66201, 0.15392, 0.73352][0.88024, 0.15232, 0][-0.099314, 0.367541, -0.146633][0.25714, -0.05618, 0.96474][0.76380, 0.35021, 0][-0.11352, 0.361301, -0.14321][0.25714, -0.05618, 0.96474][0.77491, 0.34493, 0][-0.106558, 0.35415, -0.145482][0.25714, -0.05618, 0.96474][0.76926, 0.33812, 0][-0.245397, 0.064106, -0.017747][0.40294, 0.23748, 0.88388][0.93094, 0.09068, 0][-0.259603, 0.041861, -0.005294][0.40294, 0.23748, 0.88388][0.94607, 0.07309, 0][-0.221042, -0.037406, -0.001576][0.40294, 0.23748, 0.88388][0.92009, 0.02058, 0][-0.176562, 0.336185, -0.070551][0.68745, 0.09687, 0.71974][0.85998, 0.32170, 0][-0.182868, 0.331527, -0.063901][0.68745, 0.09687, 0.71974][0.86793, 0.31751, 0][-0.171272, 0.303437, -0.071196][0.68745, 0.09687, 0.71974][0.85596, 0.29238, 0][-0.14444, -0.000429, -0.121953][0.51379, 0.12333, 0.84900][0.81146, 0.03638, 0][-0.125087, 0.04009, -0.139551][0.51379, 0.12333, 0.84900][0.78931, 0.06817, 0][-0.168138, 0.053, -0.115373][0.51379, 0.12333, 0.84900][0.82944, 0.07593, 0][-0.112241, 0.08513, -0.145247][0.50076, -0.09764, 0.86006][0.77768, 0.10536, 0][-0.139938, 0.085508, -0.129078][0.50076, -0.09764, 0.86006][0.80383, 0.10435, 0][-0.125087, 0.04009, -0.139551][0.50351, -0.03443, 0.86330][0.78931, 0.06817, 0][-0.11739, 0.162884, -0.127635][0.49599, -0.16045, 0.85337][0.79015, 0.17105, 0][-0.139938, 0.085508, -0.129078][0.50076, -0.09764, 0.86006][0.80383, 0.10435, 0][-0.112241, 0.08513, -0.145247][0.50076, -0.09764, 0.86006][0.77768, 0.10536, 0][0.057291, -0.032356, -0.148517][-0.44991, 0.12405, 0.88442][0.70957, 0.03605, 0][0.103915, -0.035295, -0.124387][-0.44991, 0.12405, 0.88442][0.67802, 0.02406, 0][0.075179, -0.009801, -0.142581][-0.44991, 0.12405, 0.88442][0.70029, 0.04808, 0][0.156472, 0.008438, -0.098607][-0.48703, 0.07221, 0.87040][0.64021, 0.04547, 0][0.075179, -0.009801, -0.142581][-0.48703, 0.07221, 0.87040][0.70029, 0.04808, 0][0.103915, -0.035295, -0.124387][-0.48703, 0.07221, 0.87040][0.67802, 0.02406, 0][0.038764, 0.001871, -0.154726][-0.31831, -0.00027, 0.94799][0.71942, 0.06441, 0][0.034997, -0.031479, -0.156118][-0.32281, -0.00304, 0.94646][0.72105, 0.04180, 0][0.057291, -0.032356, -0.148517][-0.31945, -0.00102, 0.94760][0.70957, 0.03605, 0][0.057291, -0.032356, -0.148517][-0.31945, -0.00102, 0.94760][0.70957, 0.03605, 0][0.075179, -0.009801, -0.142581][-0.30076, 0.01171, 0.95363][0.70029, 0.04808, 0][0.038764, 0.001871, -0.154726][-0.31831, -0.00027, 0.94799][0.71942, 0.06441, 0][0.038764, 0.001871, -0.154726][-0.31831, -0.00027, 0.94799][0.71942, 0.06441, 0][0.075179, -0.009801, -0.142581][-0.30076, 0.01171, 0.95363][0.70029, 0.04808, 0][0.041079, 0.029342, -0.15399][-0.31227, 0.00485, 0.94998][0.71856, 0.08349, 0][0.041079, 0.029342, -0.15399][-0.31227, 0.00485, 0.94998][0.71856, 0.08349, 0][0.075179, -0.009801, -0.142581][-0.30076, 0.01171, 0.95363][0.70029, 0.04808, 0][0.042578, 0.050418, -0.153692][-0.27070, 0.01800, 0.96250][0.71817, 0.09835, 0][0.089259, 0.089098, -0.142461][-0.28594, 0.01440, 0.95814][0.69656, 0.11858, 0][0.042578, 0.050418, -0.153692][-0.27070, 0.01800, 0.96250][0.71817, 0.09835, 0][0.075179, -0.009801, -0.142581][-0.30076, 0.01171, 0.95363][0.70029, 0.04808, 0][0.042578, 0.050418, -0.153692][-0.27070, 0.01800, 0.96250][0.71817, 0.09835, 0][0.089259, 0.089098, -0.142461][-0.28594, 0.01440, 0.95814][0.69656, 0.11858, 0][0.044169, 0.077614, -0.153559][-0.24207, 0.01289, 0.97017][0.71793, 0.11781, 0][0.179732, 0.337024, -0.107497][-0.38813, -0.48405, 0.78426][0.63515, 0.32300, 0][0.162592, 0.325489, -0.123099][-0.38813, -0.48405, 0.78426][0.65533, 0.31209, 0][0.172932, 0.32114, -0.120666][-0.38813, -0.48405, 0.78426][0.64889, 0.30843, 0][-0.200869, 0.368814, -0.056935][0.60091, -0.20024, 0.77383][0.88457, 0.35192, 0][-0.204549, 0.372475, -0.05313][0.60091, -0.20024, 0.77383][0.88929, 0.35530, 0][-0.200963, 0.333091, -0.066106][0.60091, -0.20024, 0.77383][0.87931, 0.31938, 0][0.232182, 0.290299, -0.014373][-0.62284, -0.06888, 0.77931][0.53922, 0.27807, 0][0.221322, 0.302625, -0.021963][-0.62284, -0.06888, 0.77931][0.55044, 0.28931, 0][0.237892, 0.251396, -0.013248][-0.62284, -0.06888, 0.77931][0.53615, 0.24283, 0][0.221322, 0.302625, -0.021963][-0.63752, -0.09058, 0.76509][0.55044, 0.28931, 0][0.232182, 0.290299, -0.014373][-0.63752, -0.09058, 0.76509][0.53922, 0.27807, 0][0.225682, 0.333827, -0.014636][-0.63752, -0.09058, 0.76509][0.54204, 0.31757, 0][0.155702, 0.242285, -0.087426][-0.48777, 0.55075, 0.67731][0.63110, 0.23779, 0][0.175922, 0.252755, -0.081378][-0.48777, 0.55075, 0.67731][0.61747, 0.24591, 0][0.155172, 0.267264, -0.108119][-0.48777, 0.55075, 0.67731][0.64679, 0.25917, 0][-0.236942, 0.239367, -0.02836][0.70258, -0.09264, 0.70554][0.92331, 0.23605, 0][-0.225026, 0.280796, -0.034786][0.70258, -0.09264, 0.70554][0.91227, 0.27246, 0][-0.234304, 0.267491, -0.027294][0.70258, -0.09264, 0.70554][0.92246, 0.26076, 0][-0.219269, 0.331768, -0.037183][0.70406, -0.04619, 0.70864][0.90772, 0.31802, 0][-0.225819, 0.312015, -0.031963][0.70406, -0.04619, 0.70864][0.91479, 0.30027, 0][-0.225026, 0.280796, -0.034786][0.70406, -0.04619, 0.70864][0.91227, 0.27246, 0][-0.033917, -0.01064, -0.156749][0.22620, 0.03515, 0.97345][0.73011, 0.04201, 0][-0.066066, -0.032369, -0.148494][0.21548, 0.04993, 0.97523][0.75226, 0.02156, 0][-0.031155, -0.030581, -0.156393][0.21811, 0.04761, 0.97476][0.72944, 0.02794, 0][-0.066066, -0.032369, -0.148494][0.21548, 0.04993, 0.97523][0.75226, 0.02156, 0][-0.033917, -0.01064, -0.156749][0.22620, 0.03515, 0.97345][0.73011, 0.04201, 0][-0.035822, 0.007789, -0.15672][0.17764, 0.03114, 0.98360][0.73062, 0.05538, 0][-0.035822, 0.007789, -0.15672][0.17764, 0.03114, 0.98360][0.73062, 0.05538, 0][-0.069234, 0.046778, -0.153073][0.16672, 0.03347, 0.98544][0.74948, 0.08017, 0][-0.066066, -0.032369, -0.148494][0.21548, 0.04993, 0.97523][0.75226, 0.02156, 0][-0.066066, -0.032369, -0.148494][0.21548, 0.04993, 0.97523][0.75226, 0.02156, 0][-0.069234, 0.046778, -0.153073][0.16672, 0.03347, 0.98544][0.74948, 0.08017, 0][-0.125087, 0.04009, -0.139551][0.22789, 0.06154, 0.97174][0.78931, 0.06817, 0][0.209072, 0.384488, -0.016872][-0.60513, -0.37682, 0.70131][0.55186, 0.36265, 0][0.219452, 0.37799, -0.011407][-0.60513, -0.37682, 0.70131][0.54228, 0.35741, 0][0.217802, 0.384643, -0.009256][-0.60513, -0.37682, 0.70131][0.54159, 0.36314, 0][0.217802, 0.384643, -0.009256][-0.54439, 0.57329, 0.61235][0.54159, 0.36314, 0][0.211732, 0.392894, -0.022377][-0.54439, 0.57329, 0.61235][0.55397, 0.37132, 0][0.209072, 0.384488, -0.016872][-0.54439, 0.57329, 0.61235][0.55186, 0.36265, 0][-0.11352, 0.361301, -0.14321][0.38411, -0.42479, 0.81976][0.77491, 0.34493, 0][-0.099314, 0.367541, -0.146633][0.38411, -0.42479, 0.81976][0.76380, 0.35021, 0][-0.108126, 0.372682, -0.13984][0.38411, -0.42479, 0.81976][0.77354, 0.35506, 0][-0.136804, 0.342236, -0.135656][0.59815, -0.47468, 0.64568][0.79482, 0.32781, 0][-0.11352, 0.361301, -0.14321][0.59815, -0.47468, 0.64568][0.77491, 0.34493, 0][-0.108126, 0.372682, -0.13984][0.59815, -0.47468, 0.64568][0.77354, 0.35506, 0][-0.108126, 0.372682, -0.13984][0.48480, -0.49336, 0.72220][0.77354, 0.35506, 0][-0.080439, 0.393947, -0.143899][0.48480, -0.49336, 0.72220][0.75366, 0.37326, 0][-0.089079, 0.390027, -0.140777][0.48480, -0.49336, 0.72220][0.76096, 0.37001, 0][0.193582, 0.346926, -0.088502][-0.49534, -0.50697, 0.70542][0.61342, 0.33213, 0][0.196872, 0.360868, -0.076172][-0.49534, -0.50697, 0.70542][0.60206, 0.34466, 0][0.186542, 0.364701, -0.080671][-0.49534, -0.50697, 0.70542][0.61064, 0.34759, 0][0.196522, 0.389284, -0.050382][-0.49637, -0.58677, 0.63978][0.58248, 0.36886, 0][0.186542, 0.364701, -0.080671][-0.49637, -0.58677, 0.63978][0.61064, 0.34759, 0][0.196872, 0.360868, -0.076172][-0.49637, -0.58677, 0.63978][0.60206, 0.34466, 0][-0.092915, 0.378561, -0.14556][0.44292, -0.33804, 0.83039][0.76039, 0.35998, 0][-0.108126, 0.372682, -0.13984][0.44292, -0.33804, 0.83039][0.77354, 0.35506, 0][-0.099314, 0.367541, -0.146633][0.44292, -0.33804, 0.83039][0.76380, 0.35021, 0][-0.080439, 0.393947, -0.143899][0.46236, -0.45694, 0.75989][0.75366, 0.37326, 0][-0.108126, 0.372682, -0.13984][0.46236, -0.45694, 0.75989][0.77354, 0.35506, 0][-0.092915, 0.378561, -0.14556][0.46236, -0.45694, 0.75989][0.76039, 0.35998, 0][0.179732, 0.337024, -0.107497][-0.51408, -0.54753, 0.66026][0.63515, 0.32300, 0][0.193582, 0.346926, -0.088502][-0.51408, -0.54753, 0.66026][0.61342, 0.33213, 0][0.181412, 0.351602, -0.0941][-0.51408, -0.54753, 0.66026][0.62366, 0.33590, 0][0.186542, 0.364701, -0.080671][-0.51335, -0.50803, 0.69165][0.61064, 0.34759, 0][0.181412, 0.351602, -0.0941][-0.51335, -0.50803, 0.69165][0.62366, 0.33590, 0][0.193582, 0.346926, -0.088502][-0.51335, -0.50803, 0.69165][0.61342, 0.33213, 0][-0.157623, 0.327074, -0.128354][0.49644, -0.28714, 0.81920][0.81320, 0.31403, 0][-0.12928, 0.335017, -0.142746][0.49644, -0.28714, 0.81920][0.78557, 0.32107, 0][-0.136804, 0.342236, -0.135656][0.49644, -0.28714, 0.81920][0.79482, 0.32781, 0][-0.11352, 0.361301, -0.14321][0.49860, -0.28451, 0.81881][0.77491, 0.34493, 0][-0.136804, 0.342236, -0.135656][0.49860, -0.28451, 0.81881][0.79482, 0.32781, 0][-0.12928, 0.335017, -0.142746][0.49860, -0.28451, 0.81881][0.78557, 0.32107, 0][-0.147735, 0.322123, -0.135414][0.49026, -0.22252, 0.84269][0.80231, 0.30934, 0][-0.12928, 0.335017, -0.142746][0.49026, -0.22252, 0.84269][0.78557, 0.32107, 0][-0.157623, 0.327074, -0.128354][0.49026, -0.22252, 0.84269][0.81320, 0.31403, 0][-0.147735, 0.322123, -0.135414][0.58316, 0.37853, 0.71878][0.80231, 0.30934, 0][-0.170977, 0.326524, -0.118875][0.58316, 0.37853, 0.71878][0.82801, 0.31362, 0][-0.148169, 0.276653, -0.111116][0.58316, 0.37853, 0.71878][0.81792, 0.26822, 0][-0.170977, 0.326524, -0.118875][0.57899, -0.00628, 0.81531][0.82801, 0.31362, 0][-0.147735, 0.322123, -0.135414][0.57899, -0.00628, 0.81531][0.80231, 0.30934, 0][-0.157623, 0.327074, -0.128354][0.57899, -0.00628, 0.81531][0.81320, 0.31403, 0][0.086708, 0.390591, -0.140097][-0.45630, -0.40971, 0.78989][0.69776, 0.36499, 0][0.077109, 0.396745, -0.14245][-0.45630, -0.40971, 0.78989][0.70282, 0.36935, 0][0.115682, 0.3477, -0.145607][-0.45630, -0.40971, 0.78989][0.69188, 0.33059, 0][0.155172, 0.267264, -0.108119][-0.60068, 0.36381, 0.71192][0.64679, 0.25917, 0][0.172932, 0.32114, -0.120666][-0.60068, 0.36381, 0.71192][0.64889, 0.30843, 0][0.154382, 0.31875, -0.135096][-0.60068, 0.36381, 0.71192][0.66851, 0.30604, 0][-0.186498, 0.338971, -0.098154][0.61108, -0.38727, 0.69036][0.85104, 0.32520, 0][-0.170977, 0.326524, -0.118875][0.61108, -0.38727, 0.69036][0.82801, 0.31362, 0][-0.188516, 0.358362, -0.08549][0.61108, -0.38727, 0.69036][0.85984, 0.34297, 0][0.186972, 0.180811, -0.089551][-0.60046, -0.04163, 0.79857][0.61913, 0.18169, 0][0.202822, 0.223221, -0.075422][-0.60046, -0.04163, 0.79857][0.60040, 0.21812, 0][0.200992, 0.243265, -0.075753][-0.60046, -0.04163, 0.79857][0.60128, 0.23624, 0][0.200992, 0.243265, -0.075753][-0.58126, -0.14499, 0.80070][0.60128, 0.23624, 0][0.206692, 0.263224, -0.068001][-0.58648, -0.15140, 0.79569][0.59229, 0.25415, 0][0.186852, 0.287239, -0.078055][-0.58648, -0.15140, 0.79569][0.60942, 0.27631, 0][0.207772, 0.303829, -0.059088][-0.59165, -0.15780, 0.79060][0.58444, 0.29119, 0][0.186852, 0.287239, -0.078055][-0.58648, -0.15140, 0.79569][0.60942, 0.27631, 0][0.206692, 0.263224, -0.068001][-0.58648, -0.15140, 0.79569][0.59229, 0.25415, 0][0.186852, 0.287239, -0.078055][-0.68308, 0.02694, 0.72985][0.60942, 0.27631, 0][0.207772, 0.303829, -0.059088][-0.68308, 0.02694, 0.72985][0.58444, 0.29119, 0][0.195312, 0.328308, -0.071653][-0.68308, 0.02694, 0.72985][0.59988, 0.31381, 0][0.256102, 0.134671, 0.005198][-0.69264, 0.01894, 0.72104][0.51641, 0.13927, 0][0.243462, 0.136648, -0.006996][-0.69264, 0.01894, 0.72104][0.53194, 0.14206, 0][0.256602, 0.075483, 0.006976][-0.69293, 0.01580, 0.72083][0.51685, 0.08924, 0][0.243462, 0.136648, -0.006996][-0.69264, 0.01894, 0.72104][0.53194, 0.14206, 0][0.256102, 0.134671, 0.005198][-0.69264, 0.01894, 0.72104][0.51641, 0.13927, 0][0.239602, 0.210843, -0.012972][-0.69234, 0.02207, 0.72124][0.53610, 0.20659, 0][-0.14444, -0.000429, -0.121953][0.38787, 0.20503, 0.89862][0.81146, 0.03638, 0][-0.066066, -0.032369, -0.148494][0.38787, 0.20503, 0.89862][0.75226, 0.02156, 0][-0.125087, 0.04009, -0.139551][0.38787, 0.20503, 0.89862][0.78931, 0.06817, 0][-0.139938, 0.085508, -0.129078][0.41452, -0.13544, 0.89991][0.80383, 0.10435, 0][-0.174633, 0.087021, -0.112869][0.41452, -0.13544, 0.89991][0.83487, 0.10321, 0][-0.125087, 0.04009, -0.139551][0.41963, -0.07144, 0.90488][0.78931, 0.06817, 0][-0.151008, 0.102304, -0.120266][0.40768, -0.19887, 0.89120][0.81563, 0.11799, 0][-0.174633, 0.087021, -0.112869][0.41452, -0.13544, 0.89991][0.83487, 0.10321, 0][-0.139938, 0.085508, -0.129078][0.41452, -0.13544, 0.89991][0.80383, 0.10435, 0][-0.168138, 0.053, -0.115373][0.49648, 0.03093, 0.86750][0.82944, 0.07593, 0][-0.125087, 0.04009, -0.139551][0.49648, 0.03093, 0.86750][0.78931, 0.06817, 0][-0.174633, 0.087021, -0.112869][0.49648, 0.03093, 0.86750][0.83487, 0.10321, 0][-0.184889, 0.16909, -0.100375][0.68253, -0.04782, 0.72929][0.84853, 0.17289, 0][-0.193759, 0.158501, -0.092768][0.68253, -0.04782, 0.72929][0.85869, 0.16383, 0][-0.180903, 0.112945, -0.107787][0.68253, -0.04782, 0.72929][0.84175, 0.12473, 0][-0.193759, 0.158501, -0.092768][0.66559, -0.02162, 0.74600][0.85869, 0.16383, 0][-0.184889, 0.16909, -0.100375][0.66559, -0.02162, 0.74600][0.84853, 0.17289, 0][-0.194442, 0.197335, -0.091033][0.66559, -0.02162, 0.74600][0.86024, 0.19744, 0][-0.200772, 0.228708, -0.080102][0.70287, -0.04838, 0.70967][0.87075, 0.22535, 0][-0.19253, 0.236307, -0.087747][0.70287, -0.04838, 0.70967][0.86090, 0.23199, 0][-0.200527, 0.276395, -0.077094][0.70287, -0.04838, 0.70967][0.87254, 0.26790, 0][-0.109709, -0.035498, -0.131122][0.36027, 0.11475, 0.92576][0.78637, 0.01437, 0][-0.066066, -0.032369, -0.148494][0.36027, 0.11475, 0.92576][0.75226, 0.02156, 0][-0.14444, -0.000429, -0.121953][0.36027, 0.11475, 0.92576][0.81146, 0.03638, 0][-0.260427, 0.08183, -0.009861][0.68732, 0.02729, 0.72584][0.94553, 0.10399, 0][-0.249569, 0.107289, -0.0211][0.68732, 0.02729, 0.72584][0.93319, 0.12435, 0][-0.255276, 0.1295, -0.016531][0.68732, 0.02729, 0.72584][0.93988, 0.14257, 0][-0.259603, 0.041861, -0.005294][0.55683, 0.10562, 0.82388][0.94607, 0.07309, 0][-0.245397, 0.064106, -0.017747][0.56193, 0.11185, 0.81959][0.93094, 0.09068, 0][-0.260427, 0.08183, -0.009861][0.56193, 0.11185, 0.81959][0.94553, 0.10399, 0][-0.249569, 0.107289, -0.0211][0.56698, 0.11808, 0.81523][0.93319, 0.12435, 0][-0.260427, 0.08183, -0.009861][0.56193, 0.11185, 0.81959][0.94553, 0.10399, 0][-0.245397, 0.064106, -0.017747][0.56193, 0.11185, 0.81959][0.93094, 0.09068, 0][0.243312, -0.008546, 0.03577][-0.53949, 0.40907, 0.73595][0.50955, 0.03107, 0][0.265802, 0.008868, 0.042577][-0.53949, 0.40907, 0.73595][0.49144, 0.03868, 0][0.263632, 0.040448, 0.023433][-0.53949, 0.40907, 0.73595][0.50333, 0.06112, 0][-0.259603, 0.041861, -0.005294][0.65129, 0.26713, 0.71025][0.94607, 0.07309, 0][-0.260936, -0.018857, 0.018765][0.65129, 0.26713, 0.71025][0.95602, 0.03115, 0][-0.238726, -0.039349, 0.006106][0.65129, 0.26713, 0.71025][0.93508, 0.01737, 0][0.075179, -0.009801, -0.142581][-0.50244, 0.42746, 0.75155][0.70029, 0.04808, 0][0.156472, 0.008438, -0.098607][-0.52909, 0.31243, 0.78896][0.64021, 0.04547, 0][0.113412, 0.008954, -0.127688][-0.52909, 0.31243, 0.78896][0.67732, 0.05352, 0][0.164312, 0.0531, -0.103898][-0.54761, 0.19259, 0.81426][0.64064, 0.07766, 0][0.113412, 0.008954, -0.127688][-0.52909, 0.31243, 0.78896][0.67732, 0.05352, 0][0.156472, 0.008438, -0.098607][-0.52909, 0.31243, 0.78896][0.64021, 0.04547, 0][0.265802, 0.008868, 0.042577][-0.56067, 0.45320, 0.69301][0.49144, 0.03868, 0][0.243312, -0.008546, 0.03577][-0.56067, 0.45320, 0.69301][0.50955, 0.03107, 0][0.252422, -0.041931, 0.064973][-0.56067, 0.45320, 0.69301][0.48835, 0.00871, 0][0.121682, -0.03612, -0.109597][-0.60807, 0.27249, 0.74566][0.66139, 0.02063, 0][0.145292, -0.020012, -0.09623][-0.60807, 0.27249, 0.74566][0.64309, 0.02764, 0][0.103915, -0.035295, -0.124387][-0.60807, 0.27249, 0.74566][0.67802, 0.02406, 0][0.156472, 0.008438, -0.098607][-0.60999, 0.30095, 0.73304][0.64021, 0.04547, 0][0.103915, -0.035295, -0.124387][-0.60999, 0.30095, 0.73304][0.67802, 0.02406, 0][0.145292, -0.020012, -0.09623][-0.60999, 0.30095, 0.73304][0.64309, 0.02764, 0][-0.109709, -0.035498, -0.131122][0.61925, 0.36469, 0.69536][0.78637, 0.01437, 0][-0.150593, -0.013734, -0.106127][0.61925, 0.36469, 0.69536][0.82408, 0.02847, 0][-0.132653, -0.035893, -0.110482][0.61925, 0.36469, 0.69536][0.81117, 0.01423, 0][-0.150593, -0.013734, -0.106127][0.62827, 0.45774, 0.62909][0.82408, 0.02847, 0][-0.109709, -0.035498, -0.131122][0.62827, 0.45774, 0.62909][0.78637, 0.01437, 0][-0.14444, -0.000429, -0.121953][0.62827, 0.45774, 0.62909][0.81146, 0.03638, 0][-0.255578, -0.041016, 0.032574][-0.82040, -0.56615, -0.08011][0.95762, 0.01886, 0][-0.259134, -0.040844, 0.067775][-0.82040, -0.56615, -0.08011][0.97419, 0.02616, 0][-0.271819, -0.019098, 0.043999][-0.82040, -0.56615, -0.08011][0.97399, 0.03445, 0][-0.260936, -0.018857, 0.018765][-0.72506, -0.48191, -0.49199][0.95602, 0.03115, 0][-0.238726, -0.039349, 0.006106][-0.72506, -0.48191, -0.49199][0.93508, 0.01737, 0][-0.255578, -0.041016, 0.032574][-0.72506, -0.48191, -0.49199][0.95762, 0.01886, 0][-0.264418, 0.47397, 0.094995][-0.75428, 0.57192, 0.32244][0.89945, 0.96384, 0][-0.260414, 0.480756, 0.092325][-0.75428, 0.57192, 0.32244][0.90345, 0.97062, 0][-0.262626, 0.482892, 0.083362][-0.75428, 0.57192, 0.32244][0.90124, 0.97275, 0][-0.267792, 0.476141, 0.085084][-0.77476, 0.50888, 0.37522][0.89608, 0.96601, 0][-0.264418, 0.47397, 0.094995][-0.77476, 0.50888, 0.37522][0.89945, 0.96384, 0][-0.262626, 0.482892, 0.083362][-0.68940, 0.62217, 0.37098][0.90124, 0.97275, 0][-0.267792, 0.464404, 0.097245][-0.84451, 0.38534, 0.37190][0.89608, 0.95429, 0][-0.264418, 0.47397, 0.094995][-0.77476, 0.50888, 0.37522][0.89945, 0.96384, 0][-0.267792, 0.476141, 0.085084][-0.77476, 0.50888, 0.37522][0.89608, 0.96601, 0][-0.150593, -0.013734, -0.106127][-0.76253, -0.55058, -0.33972][0.82408, 0.02847, 0][-0.132653, -0.035893, -0.110482][-0.76253, -0.55058, -0.33972][0.81117, 0.01423, 0][-0.148144, -0.034759, -0.077549][-0.76253, -0.55058, -0.33972][0.83795, 0.01966, 0][-0.260414, 0.471393, 0.102026][-0.70350, 0.51136, 0.49355][0.90345, 0.96127, 0][-0.257583, 0.478022, 0.099193][-0.70350, 0.51136, 0.49355][0.90627, 0.96789, 0][-0.260414, 0.480756, 0.092325][-0.70350, 0.51136, 0.49355][0.90345, 0.97062, 0][-0.255578, -0.041016, 0.032574][-0.82929, -0.42594, -0.36173][0.95762, 0.01886, 0][-0.271819, -0.019098, 0.043999][-0.86346, -0.33669, -0.37561][0.97399, 0.03445, 0][-0.260936, -0.018857, 0.018765][-0.86346, -0.33669, -0.37561][0.95602, 0.03115, 0][-0.271853, 0.024257, 0.016637][-0.88957, -0.24430, -0.38599][0.96386, 0.06158, 0][-0.260936, -0.018857, 0.018765][-0.86346, -0.33669, -0.37561][0.95602, 0.03115, 0][-0.271819, -0.019098, 0.043999][-0.86346, -0.33669, -0.37561][0.97399, 0.03445, 0][-0.272468, 0.465909, 0.086643][-0.86065, 0.28735, 0.42038][0.89141, 0.95579, 0][-0.267792, 0.464404, 0.097245][-0.86065, 0.28735, 0.42038][0.89608, 0.95429, 0][-0.267792, 0.476141, 0.085084][-0.80206, 0.42974, 0.41475][0.89608, 0.96601, 0][-0.269171, 0.452667, 0.098163][-0.89880, 0.13814, 0.41603][0.89470, 0.94257, 0][-0.267792, 0.464404, 0.097245][-0.86065, 0.28735, 0.42038][0.89608, 0.95429, 0][-0.272468, 0.465909, 0.086643][-0.86065, 0.28735, 0.42038][0.89141, 0.95579, 0][-0.269171, 0.477027, 0.072924][-0.83126, 0.53959, 0.13359][0.89470, 0.96689, 0][-0.267792, 0.476141, 0.085084][-0.83126, 0.53959, 0.13359][0.89608, 0.96601, 0][-0.263484, 0.48372, 0.072924][-0.75534, 0.64181, 0.13242][0.90038, 0.97358, 0][-0.272468, 0.465909, 0.086643][-0.89370, 0.42862, 0.13258][0.89141, 0.95579, 0][-0.267792, 0.476141, 0.085084][-0.83126, 0.53959, 0.13359][0.89608, 0.96601, 0][-0.269171, 0.477027, 0.072924][-0.83126, 0.53959, 0.13359][0.89470, 0.96689, 0][-0.274477, 0.466555, 0.072924][-0.88412, 0.44797, -0.13290][0.88940, 0.95644, 0][-0.269171, 0.477027, 0.072924][-0.83186, 0.53867, -0.13359][0.89470, 0.96689, 0][-0.267792, 0.476141, 0.060764][-0.83186, 0.53867, -0.13359][0.89608, 0.96601, 0][-0.267792, 0.476141, 0.060764][-0.83186, 0.53867, -0.13359][0.89608, 0.96601, 0][-0.269171, 0.477027, 0.072924][-0.83186, 0.53867, -0.13359][0.89470, 0.96689, 0][-0.262626, 0.482892, 0.062486][-0.77049, 0.62347, -0.13280][0.90124, 0.97275, 0][-0.267792, 0.476141, 0.085084][-0.77495, 0.62184, 0.11303][0.89608, 0.96601, 0][-0.262626, 0.482892, 0.083362][-0.77495, 0.62184, 0.11303][0.90124, 0.97275, 0][-0.263484, 0.48372, 0.072924][-0.77495, 0.62184, 0.11303][0.90038, 0.97358, 0][-0.269171, 0.477027, 0.072924][-0.75715, 0.64335, -0.11327][0.89470, 0.96689, 0][-0.263484, 0.48372, 0.072924][-0.75715, 0.64335, -0.11327][0.90038, 0.97358, 0][-0.262626, 0.482892, 0.062486][-0.75715, 0.64335, -0.11327][0.90124, 0.97275, 0][-0.264418, 0.47397, 0.094995][-0.68858, 0.45988, 0.56069][0.89945, 0.96384, 0][-0.260414, 0.471393, 0.102026][-0.68858, 0.45988, 0.56069][0.90345, 0.96127, 0][-0.260414, 0.480756, 0.092325][-0.60325, 0.57386, 0.55387][0.90345, 0.97062, 0][-0.262626, 0.462742, 0.104239][-0.75991, 0.33656, 0.55611][0.90124, 0.95263, 0][-0.260414, 0.471393, 0.102026][-0.68858, 0.45988, 0.56069][0.90345, 0.96127, 0][-0.264418, 0.47397, 0.094995][-0.68858, 0.45988, 0.56069][0.89945, 0.96384, 0][-0.267792, 0.464404, 0.097245][-0.74760, 0.25569, 0.61296][0.89608, 0.95429, 0][-0.262626, 0.462742, 0.104239][-0.74760, 0.25569, 0.61296][0.90124, 0.95263, 0][-0.264418, 0.47397, 0.094995][-0.69508, 0.38758, 0.60551][0.89945, 0.96384, 0][-0.263484, 0.452667, 0.105097][-0.78501, 0.11863, 0.60802][0.90038, 0.94257, 0][-0.262626, 0.462742, 0.104239][-0.74760, 0.25569, 0.61296][0.90124, 0.95263, 0][-0.267792, 0.464404, 0.097245][-0.74760, 0.25569, 0.61296][0.89608, 0.95429, 0][-0.148144, -0.034759, -0.077549][-0.88230, -0.41204, -0.22753][0.83795, 0.01966, 0][-0.162417, 0.00729, -0.098349][-0.88230, -0.41204, -0.22753][0.83545, 0.04419, 0][-0.150593, -0.013734, -0.106127][-0.88230, -0.41204, -0.22753][0.82408, 0.02847, 0][-0.271853, 0.024257, 0.016637][-0.98952, -0.07760, -0.12173][0.96386, 0.06158, 0][-0.271819, -0.019098, 0.043999][-0.98952, -0.07760, -0.12173][0.97399, 0.03445, 0][-0.277319, 0.034692, 0.054417][-0.98952, -0.07760, -0.12173][0.98362, 0.07598, 0][-0.267792, 0.476141, 0.060764][-0.70954, 0.62565, -0.32421][0.89608, 0.96601, 0][-0.262626, 0.482892, 0.062486][-0.70954, 0.62565, -0.32421][0.90124, 0.97275, 0][-0.260414, 0.480756, 0.053523][-0.70954, 0.62565, -0.32421][0.90345, 0.97062, 0][-0.271853, 0.024257, 0.016637][-0.99035, -0.02597, -0.13611][0.96386, 0.06158, 0][-0.277319, 0.034692, 0.054417][-0.99035, -0.02597, -0.13611][0.98362, 0.07598, 0][-0.272527, 0.044457, 0.017687][-0.99035, -0.02597, -0.13611][0.96534, 0.07739, 0][-0.274477, 0.466555, 0.072924][-0.94018, 0.30487, 0.15204][0.88940, 0.95644, 0][-0.272468, 0.465909, 0.086643][-0.94018, 0.30487, 0.15204][0.89141, 0.95579, 0][-0.269171, 0.477027, 0.072924][-0.88191, 0.44685, 0.15019][0.89470, 0.96689, 0][-0.274477, 0.452667, 0.087312][-0.97630, 0.15571, 0.15030][0.88940, 0.94257, 0][-0.272468, 0.465909, 0.086643][-0.94018, 0.30487, 0.15204][0.89141, 0.95579, 0][-0.274477, 0.466555, 0.072924][-0.94018, 0.30487, 0.15204][0.88940, 0.95644, 0][-0.272468, 0.465909, 0.059205][-0.94181, 0.29979, -0.15204][0.89141, 0.95579, 0][-0.274477, 0.466555, 0.072924][-0.94181, 0.29979, -0.15204][0.88940, 0.95644, 0][-0.267792, 0.476141, 0.060764][-0.89027, 0.42980, -0.15061][0.89608, 0.96601, 0][-0.276812, 0.452667, 0.072924][-0.97493, 0.16391, -0.15049][0.88707, 0.94257, 0][-0.274477, 0.466555, 0.072924][-0.94181, 0.29979, -0.15204][0.88940, 0.95644, 0][-0.272468, 0.465909, 0.059205][-0.94181, 0.29979, -0.15204][0.89141, 0.95579, 0][-0.274477, 0.43878, 0.072924][-0.94181, -0.29978, 0.15206][0.88940, 0.92870, 0][-0.272468, 0.439427, 0.086643][-0.94181, -0.29978, 0.15206][0.89141, 0.92934, 0][-0.276812, 0.452667, 0.072924][-0.97492, -0.16393, 0.15050][0.88707, 0.94257, 0][-0.267792, 0.429194, 0.085084][-0.89028, -0.42977, 0.15064][0.89608, 0.91912, 0][-0.272468, 0.439427, 0.086643][-0.94181, -0.29978, 0.15206][0.89141, 0.92934, 0][-0.274477, 0.43878, 0.072924][-0.94181, -0.29978, 0.15206][0.88940, 0.92870, 0][-0.269171, 0.428308, 0.072924][-0.88191, -0.44685, -0.15022][0.89470, 0.91824, 0][-0.274477, 0.43878, 0.072924][-0.94017, -0.30488, -0.15206][0.88940, 0.92870, 0][-0.272468, 0.439427, 0.059205][-0.94017, -0.30488, -0.15206][0.89141, 0.92934, 0][-0.272468, 0.439427, 0.059205][-0.94017, -0.30488, -0.15206][0.89141, 0.92934, 0][-0.274477, 0.43878, 0.072924][-0.94017, -0.30488, -0.15206][0.88940, 0.92870, 0][-0.274477, 0.452667, 0.058536][-0.97630, -0.15574, -0.15031][0.88940, 0.94257, 0][-0.269171, 0.452667, 0.098163][-0.77317, 0.01012, 0.63412][0.89470, 0.94257, 0][-0.263484, 0.452667, 0.105097][-0.77317, 0.01012, 0.63412][0.90038, 0.94257, 0][-0.267792, 0.464404, 0.097245][-0.76569, 0.13908, 0.62799][0.89608, 0.95429, 0][-0.262626, 0.442593, 0.104239][-0.76771, -0.11901, 0.62965][0.90124, 0.93251, 0][-0.263484, 0.452667, 0.105097][-0.77317, 0.01012, 0.63412][0.90038, 0.94257, 0][-0.269171, 0.452667, 0.098163][-0.77317, 0.01012, 0.63412][0.89470, 0.94257, 0][-0.267792, 0.440931, 0.097245][-0.88968, -0.13857, 0.43504][0.89608, 0.93085, 0][-0.269171, 0.452667, 0.098163][-0.89831, 0.00908, 0.43926][0.89470, 0.94257, 0][-0.274477, 0.452667, 0.087312][-0.89831, 0.00908, 0.43926][0.88940, 0.94257, 0][-0.274477, 0.452667, 0.087312][-0.89831, 0.00908, 0.43926][0.88940, 0.94257, 0][-0.269171, 0.452667, 0.098163][-0.89831, 0.00908, 0.43926][0.89470, 0.94257, 0][-0.272468, 0.465909, 0.086643][-0.88728, 0.15653, 0.43387][0.89141, 0.95579, 0][-0.272468, 0.439427, 0.086643][-0.97501, -0.15594, 0.15823][0.89141, 0.92934, 0][-0.274477, 0.452667, 0.087312][-0.98708, 0.00394, 0.16019][0.88940, 0.94257, 0][-0.276812, 0.452667, 0.072924][-0.98708, 0.00394, 0.16019][0.88707, 0.94257, 0][-0.276812, 0.452667, 0.072924][-0.98708, 0.00394, 0.16019][0.88707, 0.94257, 0][-0.274477, 0.452667, 0.087312][-0.98708, 0.00394, 0.16019][0.88940, 0.94257, 0][-0.274477, 0.466555, 0.072924][-0.97377, 0.16372, 0.15803][0.88940, 0.95644, 0][-0.274477, 0.43878, 0.072924][-0.97377, -0.16373, -0.15803][0.88940, 0.92870, 0][-0.276812, 0.452667, 0.072924][-0.98708, -0.00396, -0.16019][0.88707, 0.94257, 0][-0.274477, 0.452667, 0.058536][-0.98708, -0.00396, -0.16019][0.88940, 0.94257, 0][-0.274477, 0.452667, 0.058536][-0.98708, -0.00396, -0.16019][0.88940, 0.94257, 0][-0.276812, 0.452667, 0.072924][-0.98708, -0.00396, -0.16019][0.88707, 0.94257, 0][-0.272468, 0.465909, 0.059205][-0.97501, 0.15592, -0.15823][0.89141, 0.95579, 0][-0.272468, 0.439427, 0.059205][-0.88727, -0.15655, -0.43387][0.89141, 0.92934, 0][-0.274477, 0.452667, 0.058536][-0.89831, -0.00910, -0.43926][0.88940, 0.94257, 0][-0.269171, 0.452667, 0.047685][-0.89831, -0.00910, -0.43926][0.89470, 0.94257, 0][-0.269171, 0.452667, 0.047685][-0.89831, -0.00910, -0.43926][0.89470, 0.94257, 0][-0.274477, 0.452667, 0.058536][-0.89831, -0.00910, -0.43926][0.88940, 0.94257, 0][-0.267792, 0.464404, 0.048603][-0.88968, 0.13856, -0.43504][0.89608, 0.95429, 0][-0.267792, 0.440931, 0.048603][-0.76569, -0.13909, -0.62799][0.89608, 0.93085, 0][-0.269171, 0.452667, 0.047685][-0.77317, -0.01013, -0.63412][0.89470, 0.94257, 0][-0.263484, 0.452667, 0.040751][-0.77317, -0.01013, -0.63412][0.90038, 0.94257, 0][-0.263484, 0.452667, 0.040751][-0.77317, -0.01013, -0.63412][0.90038, 0.94257, 0][-0.269171, 0.452667, 0.047685][-0.77317, -0.01013, -0.63412][0.89470, 0.94257, 0][-0.262626, 0.462742, 0.041609][-0.76771, 0.11900, -0.62965][0.90124, 0.95263, 0][-0.264418, 0.47397, 0.050853][-0.77671, 0.50588, -0.37523][0.89945, 0.96384, 0][-0.267792, 0.476141, 0.060764][-0.77671, 0.50588, -0.37523][0.89608, 0.96601, 0][-0.260414, 0.480756, 0.053523][-0.72704, 0.57600, -0.37368][0.90345, 0.97062, 0][-0.272468, 0.465909, 0.059205][-0.82065, 0.43202, -0.37401][0.89141, 0.95579, 0][-0.267792, 0.476141, 0.060764][-0.77671, 0.50588, -0.37523][0.89608, 0.96601, 0][-0.264418, 0.47397, 0.050853][-0.77671, 0.50588, -0.37523][0.89945, 0.96384, 0][-0.162417, 0.00729, -0.098349][-0.80606, -0.27551, -0.52380][0.83545, 0.04419, 0][-0.14444, -0.000429, -0.121953][-0.80606, -0.27551, -0.52380][0.81146, 0.03638, 0][-0.150593, -0.013734, -0.106127][-0.80744, -0.25779, -0.53065][0.82408, 0.02847, 0][-0.14444, -0.000429, -0.121953][-0.80606, -0.27551, -0.52380][0.81146, 0.03638, 0][-0.162417, 0.00729, -0.098349][-0.80606, -0.27551, -0.52380][0.83545, 0.04419, 0][-0.168138, 0.053, -0.115373][-0.80438, -0.29314, -0.51676][0.82944, 0.07593, 0][-0.136336, -0.030874, -0.035298][-0.89716, -0.39083, -0.20581][0.85228, 0.03410, 0][-0.13829, -0.030633, -0.027238][-0.89716, -0.39083, -0.20581][0.85732, 0.03561, 0][-0.151111, 0.006946, -0.042711][-0.89716, -0.39083, -0.20581][0.85743, 0.05753, 0][-0.255274, 0.41301, 0.05623][-0.81988, 0.00000, -0.57253][0.32627, 0.97948, 0][-0.251715, 0.41301, 0.051888][-0.77339, 0.00000, -0.63393][0.32240, 0.97948, 0][-0.251715, -0.117831, 0.051888][-0.77336, 0.00000, -0.63397][0.32240, 0.50605, 0][-0.255274, -0.117831, 0.056229][-0.86177, 0.00000, -0.50729][0.32627, 0.50605, 0][-0.255274, 0.41301, 0.05623][-0.81988, 0.00000, -0.57253][0.32627, 0.97948, 0][-0.251715, -0.117831, 0.051888][-0.77336, 0.00000, -0.63397][0.32240, 0.50605, 0][-0.258597, 0.41301, 0.063023][-0.93687, 0.00000, -0.34968][0.33233, 0.97948, 0][-0.255274, 0.41301, 0.05623][-0.81988, 0.00000, -0.57253][0.32627, 0.97948, 0][-0.255274, -0.117831, 0.056229][-0.86177, 0.00000, -0.50729][0.32627, 0.50605, 0][-0.258597, -0.117831, 0.063023][-0.96675, 0.00000, -0.25571][0.33233, 0.50605, 0][-0.258597, 0.41301, 0.063023][-0.93687, 0.00000, -0.34968][0.33233, 0.97948, 0][-0.255274, -0.117831, 0.056229][-0.86177, 0.00000, -0.50729][0.32627, 0.50605, 0][-0.260059, 0.41301, 0.072031][-0.99854, 0.00000, -0.05403][0.34036, 0.97948, 0][-0.258597, 0.41301, 0.063023][-0.93687, 0.00000, -0.34968][0.33233, 0.97948, 0][-0.258597, -0.117831, 0.063023][-0.96675, 0.00000, -0.25571][0.33233, 0.50605, 0][-0.260059, -0.117831, 0.072031][-0.99854, -0.00000, 0.05401][0.34036, 0.50605, 0][-0.260059, 0.41301, 0.072031][-0.99854, 0.00000, -0.05403][0.34036, 0.97948, 0][-0.258597, -0.117831, 0.063023][-0.96675, 0.00000, -0.25571][0.33233, 0.50605, 0][-0.258597, 0.41301, 0.08104][-0.96675, -0.00000, 0.25572][0.34840, 0.97948, 0][-0.260059, 0.41301, 0.072031][-0.99854, 0.00000, -0.05403][0.34036, 0.97948, 0][-0.260059, -0.117831, 0.072031][-0.99854, -0.00000, 0.05401][0.34036, 0.50605, 0][-0.258597, -0.117831, 0.08104][-0.93686, -0.00000, 0.34969][0.34840, 0.50605, 0][-0.258597, 0.41301, 0.08104][-0.96675, -0.00000, 0.25572][0.34840, 0.97948, 0][-0.260059, -0.117831, 0.072031][-0.99854, -0.00000, 0.05401][0.34036, 0.50605, 0][-0.255274, 0.41301, 0.087833][-0.86178, 0.00000, 0.50728][0.35445, 0.97948, 0][-0.258597, 0.41301, 0.08104][-0.96675, -0.00000, 0.25572][0.34840, 0.97948, 0][-0.258597, -0.117831, 0.08104][-0.93686, -0.00000, 0.34969][0.34840, 0.50605, 0][-0.255274, -0.117831, 0.087833][-0.81991, 0.00000, 0.57250][0.35445, 0.50605, 0][-0.255274, 0.41301, 0.087833][-0.86178, 0.00000, 0.50728][0.35445, 0.97948, 0][-0.258597, -0.117831, 0.08104][-0.93686, -0.00000, 0.34969][0.34840, 0.50605, 0][-0.251715, 0.41301, 0.092175][-0.77339, 0.00000, 0.63393][0.35833, 0.97948, 0][-0.255274, 0.41301, 0.087833][-0.86178, 0.00000, 0.50728][0.35445, 0.97948, 0][-0.255274, -0.117831, 0.087833][-0.81991, 0.00000, 0.57250][0.35445, 0.50605, 0][-0.251715, -0.117831, 0.092175][-0.77339, 0.00000, 0.63393][0.35833, 0.50605, 0][-0.251715, 0.41301, 0.092175][-0.77339, 0.00000, 0.63393][0.35833, 0.97948, 0][-0.255274, -0.117831, 0.087833][-0.81991, 0.00000, 0.57250][0.35445, 0.50605, 0][-0.162417, 0.00729, -0.098349][-0.90791, -0.24129, -0.34276][0.83545, 0.04419, 0][-0.182347, 0.074386, -0.092791][-0.90791, -0.24129, -0.34276][0.85099, 0.09523, 0][-0.168138, 0.053, -0.115373][-0.90791, -0.24129, -0.34276][0.82944, 0.07593, 0][-0.18702, 0.100516, -0.097698][-0.90684, -0.22866, -0.35405][0.85138, 0.11515, 0][-0.168138, 0.053, -0.115373][-0.90684, -0.22866, -0.35405][0.82944, 0.07593, 0][-0.182347, 0.074386, -0.092791][-0.90684, -0.22866, -0.35405][0.85099, 0.09523, 0][-0.267792, 0.464404, 0.048603][-0.86483, 0.27447, -0.42040][0.89608, 0.95429, 0][-0.272468, 0.465909, 0.059205][-0.86483, 0.27447, -0.42040][0.89141, 0.95579, 0][-0.264418, 0.47397, 0.050853][-0.82168, 0.38801, -0.41748][0.89945, 0.96384, 0][-0.274477, 0.452667, 0.058536][-0.89521, 0.15689, -0.41711][0.88940, 0.94257, 0][-0.272468, 0.465909, 0.059205][-0.86483, 0.27447, -0.42040][0.89141, 0.95579, 0][-0.267792, 0.464404, 0.048603][-0.86483, 0.27447, -0.42040][0.89608, 0.95429, 0][-0.264418, 0.47397, 0.050853][-0.64767, 0.57764, -0.49685][0.89945, 0.96384, 0][-0.260414, 0.480756, 0.053523][-0.64767, 0.57764, -0.49685][0.90345, 0.97062, 0][-0.257583, 0.478022, 0.046654][-0.64767, 0.57764, -0.49685][0.90627, 0.96789, 0][-0.272468, 0.439427, 0.086643][-0.86483, -0.27450, 0.42038][0.89141, 0.92934, 0][-0.267792, 0.440931, 0.097245][-0.86483, -0.27450, 0.42038][0.89608, 0.93085, 0][-0.274477, 0.452667, 0.087312][-0.89522, -0.15691, 0.41709][0.88940, 0.94257, 0][-0.264418, 0.431366, 0.094995][-0.82168, -0.38804, 0.41745][0.89945, 0.92129, 0][-0.267792, 0.440931, 0.097245][-0.86483, -0.27450, 0.42038][0.89608, 0.93085, 0][-0.272468, 0.439427, 0.086643][-0.86483, -0.27450, 0.42038][0.89141, 0.92934, 0][-0.255276, 0.1295, -0.016531][-0.99234, 0.08173, -0.09265][0.93988, 0.14257, 0][-0.255166, 0.148943, -0.000558][-0.99234, 0.08173, -0.09265][0.94761, 0.16069, 0][-0.252467, 0.163761, -0.016393][-0.99234, 0.08173, -0.09265][0.93869, 0.17142, 0][-0.271853, 0.024257, 0.016637][-0.76366, -0.22327, -0.60578][0.96386, 0.06158, 0][-0.259603, 0.041861, -0.005294][-0.76366, -0.22327, -0.60578][0.94607, 0.07309, 0][-0.260936, -0.018857, 0.018765][-0.76366, -0.22327, -0.60578][0.95602, 0.03115, 0][-0.259603, 0.041861, -0.005294][-0.77838, -0.08709, -0.62173][0.94607, 0.07309, 0][-0.267304, 0.058433, 0.002026][-0.77838, -0.08709, -0.62173][0.95519, 0.08632, 0][-0.260427, 0.08183, -0.009861][-0.77838, -0.08709, -0.62173][0.94553, 0.10399, 0][-0.260427, 0.08183, -0.009861][-0.93508, 0.05199, -0.35059][0.94553, 0.10399, 0][-0.260104, 0.11989, -0.005079][-0.93508, 0.05199, -0.35059][0.94839, 0.13569, 0][-0.255276, 0.1295, -0.016531][-0.93508, 0.05199, -0.35059][0.93988, 0.14257, 0][-0.267304, 0.058433, 0.002026][-0.81680, -0.13144, -0.56175][0.95519, 0.08632, 0][-0.259603, 0.041861, -0.005294][-0.81680, -0.13144, -0.56175][0.94607, 0.07309, 0][-0.271853, 0.024257, 0.016637][-0.81680, -0.13144, -0.56175][0.96386, 0.06158, 0][-0.271853, 0.024257, 0.016637][-0.94459, -0.01447, -0.32794][0.96386, 0.06158, 0][-0.272527, 0.044457, 0.017687][-0.94459, -0.01447, -0.32794][0.96534, 0.07739, 0][-0.267304, 0.058433, 0.002026][-0.94459, -0.01447, -0.32794][0.95519, 0.08632, 0][-0.263847, 0.098608, 0.006457][-0.94148, 0.11592, -0.31651][0.95571, 0.11968, 0][-0.260427, 0.08183, -0.009861][-0.94148, 0.11592, -0.31651][0.94553, 0.10399, 0][-0.267304, 0.058433, 0.002026][-0.94148, 0.11592, -0.31651][0.95519, 0.08632, 0][-0.263847, 0.098608, 0.006457][-0.96804, 0.10825, -0.22624][0.95571, 0.11968, 0][-0.267304, 0.058433, 0.002026][-0.96804, 0.10825, -0.22624][0.95519, 0.08632, 0][-0.272527, 0.044457, 0.017687][-0.96804, 0.10825, -0.22624][0.96534, 0.07739, 0][-0.260427, 0.08183, -0.009861][-0.96925, 0.03876, -0.24299][0.94553, 0.10399, 0][-0.263847, 0.098608, 0.006457][-0.96925, 0.03876, -0.24299][0.95571, 0.11968, 0][-0.260104, 0.11989, -0.005079][-0.96925, 0.03876, -0.24299][0.94839, 0.13569, 0][-0.255166, 0.148943, -0.000558][-0.95161, 0.19828, -0.23480][0.94761, 0.16069, 0][-0.255276, 0.1295, -0.016531][-0.95161, 0.19828, -0.23480][0.93988, 0.14257, 0][-0.260104, 0.11989, -0.005079][-0.95161, 0.19828, -0.23480][0.94839, 0.13569, 0][-0.154853, -0.011259, -0.064697][-0.95296, -0.29905, 0.04936][0.84859, 0.03878, 0][-0.162417, 0.00729, -0.098349][-0.95296, -0.29905, 0.04936][0.83545, 0.04419, 0][-0.148144, -0.034759, -0.077549][-0.95296, -0.29905, 0.04936][0.83795, 0.01966, 0][-0.182347, 0.074386, -0.092791][-0.95584, -0.28854, 0.05580][0.85099, 0.09523, 0][-0.162417, 0.00729, -0.098349][-0.95584, -0.28854, 0.05580][0.83545, 0.04419, 0][-0.154853, -0.011259, -0.064697][-0.95584, -0.28854, 0.05580][0.84859, 0.03878, 0][-0.267792, 0.440931, 0.097245][-0.75254, -0.24059, 0.61302][0.89608, 0.93085, 0][-0.262626, 0.442593, 0.104239][-0.75254, -0.24059, 0.61302][0.90124, 0.93251, 0][-0.269171, 0.452667, 0.098163][-0.78040, -0.13938, 0.60955][0.89470, 0.94257, 0][-0.260414, 0.433942, 0.102026][-0.71638, -0.33915, 0.60974][0.90345, 0.92387, 0][-0.262626, 0.442593, 0.104239][-0.75254, -0.24059, 0.61302][0.90124, 0.93251, 0][-0.267792, 0.440931, 0.097245][-0.75254, -0.24059, 0.61302][0.89608, 0.93085, 0][-0.252845, 0.390257, 0.027666][-0.97947, -0.19295, 0.05839][0.30079, 0.95920, 0][-0.255288, 0.409506, 0.050294][-0.97947, -0.19295, 0.05839][0.32098, 0.97636, 0][-0.256665, 0.409506, 0.027197][-0.97947, -0.19295, 0.05839][0.30038, 0.97636, 0][-0.255288, 0.409506, 0.050294][-0.97947, -0.19296, 0.05840][0.32098, 0.97636, 0][-0.252845, 0.390257, 0.027666][-0.97947, -0.19296, 0.05840][0.30079, 0.95920, 0][-0.251479, 0.390256, 0.050573][-0.97947, -0.19296, 0.05840][0.32122, 0.95919, 0][-0.246433, 0.340844, 0.021313][-0.86388, 0.49774, 0.07726][0.95612, 0.32549, 0][-0.247343, 0.33634, 0.040155][-0.86388, 0.49774, 0.07726][0.96511, 0.32115, 0][-0.23796, 0.35752, 0.00862][-0.86388, 0.49774, 0.07726][0.94441, 0.34038, 0][-0.252637, 0.390257, 0.002653][-0.98120, -0.19273, -0.00988][0.27849, 0.95920, 0][-0.256665, 0.409506, 0.027197][-0.98120, -0.19273, -0.00988][0.30038, 0.97636, 0][-0.256411, 0.409506, 0.001967][-0.98120, -0.19273, -0.00988][0.27788, 0.97636, 0][-0.256665, 0.409506, 0.027197][-0.98080, -0.19484, -0.00816][0.30038, 0.97636, 0][-0.252637, 0.390257, 0.002653][-0.98080, -0.19484, -0.00816][0.27849, 0.95920, 0][-0.252845, 0.390257, 0.027666][-0.98080, -0.19484, -0.00816][0.30079, 0.95920, 0][-0.245029, 0.390257, -0.063856][-0.97008, -0.18585, -0.15625][0.21917, 0.95920, 0][-0.25165, 0.409506, -0.045645][-0.97008, -0.18585, -0.15625][0.23541, 0.97636, 0][-0.248517, 0.409506, -0.065096][-0.97008, -0.18585, -0.15625][0.21806, 0.97636, 0][-0.250763, 0.390257, -0.022899][-0.97878, -0.19084, -0.07459][0.25570, 0.95920, 0][-0.256411, 0.409506, 0.001967][-0.97878, -0.19084, -0.07459][0.27788, 0.97636, 0][-0.254447, 0.409506, -0.023806][-0.97878, -0.19084, -0.07459][0.25489, 0.97636, 0][-0.248068, 0.390257, -0.044556][-0.97415, -0.18834, -0.12476][0.23638, 0.95920, 0][-0.254447, 0.409506, -0.023806][-0.97415, -0.18834, -0.12476][0.25489, 0.97636, 0][-0.25165, 0.409506, -0.045645][-0.97415, -0.18834, -0.12476][0.23541, 0.97636, 0][-0.25165, 0.409506, -0.045645][-0.97000, -0.18915, -0.15274][0.23541, 0.97636, 0][-0.245029, 0.390257, -0.063856][-0.97000, -0.18915, -0.15274][0.21917, 0.95920, 0][-0.248068, 0.390257, -0.044556][-0.97000, -0.18915, -0.15274][0.23638, 0.95920, 0][-0.256411, 0.409506, 0.001967][-0.97830, -0.19436, -0.07175][0.27788, 0.97636, 0][-0.250763, 0.390257, -0.022899][-0.97830, -0.19436, -0.07175][0.25570, 0.95920, 0][-0.252637, 0.390257, 0.002653][-0.97830, -0.19436, -0.07175][0.27849, 0.95920, 0][-0.254447, 0.409506, -0.023806][-0.97386, -0.19210, -0.12119][0.25489, 0.97636, 0][-0.248068, 0.390257, -0.044556][-0.97386, -0.19210, -0.12119][0.23638, 0.95920, 0][-0.250763, 0.390257, -0.022899][-0.97386, -0.19210, -0.12119][0.25570, 0.95920, 0][-0.260414, 0.471393, 0.043822][-0.69237, 0.45410, -0.56073][0.90345, 0.96127, 0][-0.264418, 0.47397, 0.050853][-0.69237, 0.45410, -0.56073][0.89945, 0.96384, 0][-0.257583, 0.478022, 0.046654][-0.64920, 0.51599, -0.55883][0.90627, 0.96789, 0][-0.267792, 0.464404, 0.048603][-0.73160, 0.38962, -0.55943][0.89608, 0.95429, 0][-0.264418, 0.47397, 0.050853][-0.69237, 0.45410, -0.56073][0.89945, 0.96384, 0][-0.260414, 0.471393, 0.043822][-0.69237, 0.45410, -0.56073][0.90345, 0.96127, 0][-0.252467, 0.163761, -0.016393][-0.98781, 0.15370, -0.02454][0.93869, 0.17142, 0][-0.255166, 0.148943, -0.000558][-0.98781, 0.15370, -0.02454][0.94761, 0.16069, 0][-0.241042, 0.23684, -0.018568][-0.98781, 0.15370, -0.02454][0.93099, 0.23423, 0][-0.232413, 0.366167, -0.002396][-0.83325, 0.52328, 0.17850][0.93528, 0.34837, 0][-0.223603, 0.377478, 0.005571][-0.83325, 0.52328, 0.17850][0.93293, 0.35767, 0][-0.223534, 0.381776, -0.006707][-0.83325, 0.52328, 0.17850][0.92702, 0.36222, 0][-0.236942, 0.239367, -0.02836][-0.99543, 0.09246, 0.02393][0.92331, 0.23605, 0][-0.234606, 0.260907, -0.014418][-0.99543, 0.09246, 0.02393][0.92884, 0.25548, 0][-0.234304, 0.267491, -0.027294][-0.99543, 0.09246, 0.02393][0.92246, 0.26076, 0][-0.234304, 0.267491, -0.027294][-0.98608, 0.15628, 0.05678][0.92246, 0.26076, 0][-0.234606, 0.260907, -0.014418][-0.98608, 0.15628, 0.05678][0.92884, 0.25548, 0][-0.229328, 0.298297, -0.025668][-0.98608, 0.15628, 0.05678][0.92024, 0.28807, 0][-0.222578, 0.377117, -0.014194][-0.92142, 0.26605, -0.28321][0.92253, 0.35838, 0][-0.223534, 0.381776, -0.006707][-0.92142, 0.26605, -0.28321][0.92702, 0.36222, 0][-0.216238, 0.388755, -0.023888][-0.92142, 0.26605, -0.28321][0.91325, 0.36922, 0][-0.223534, 0.381776, -0.006707][-0.85241, 0.38812, -0.35036][0.92702, 0.36222, 0][-0.222578, 0.377117, -0.014194][-0.85241, 0.38812, -0.35036][0.92253, 0.35838, 0][-0.232413, 0.366167, -0.002396][-0.85241, 0.38812, -0.35036][0.93528, 0.34837, 0][-0.255166, 0.148943, -0.000558][-0.98561, 0.16882, -0.00835][0.94761, 0.16069, 0][-0.260104, 0.11989, -0.005079][-0.98561, 0.16882, -0.00835][0.94839, 0.13569, 0][-0.263847, 0.098608, 0.006457][-0.98561, 0.16882, -0.00835][0.95571, 0.11968, 0][-0.223603, 0.377478, 0.005571][-0.80643, 0.58867, 0.05601][0.93293, 0.35767, 0][-0.232413, 0.366167, -0.002396][-0.80643, 0.58867, 0.05601][0.93528, 0.34837, 0][-0.23796, 0.35752, 0.00862][-0.80643, 0.58867, 0.05601][0.94441, 0.34038, 0][-0.210959, 0.39405, -0.032256][-0.98315, 0.18275, -0.00309][0.90521, 0.37431, 0][-0.210366, 0.397162, -0.036883][-0.98315, 0.18275, -0.00309][0.90241, 0.37749, 0][-0.219854, 0.346225, -0.030612][-0.98315, 0.18275, -0.00309][0.91173, 0.33095, 0][-0.229999, 0.390257, -0.08975][-0.84988, -0.18621, -0.49297][0.19608, 0.95920, 0][-0.248517, 0.409506, -0.065096][-0.84988, -0.18621, -0.49297][0.21806, 0.97636, 0][-0.23314, 0.409506, -0.091606][-0.84988, -0.18621, -0.49297][0.19442, 0.97636, 0][-0.248517, 0.409506, -0.065096][-0.84981, -0.18577, -0.49327][0.21806, 0.97636, 0][-0.229999, 0.390257, -0.08975][-0.84981, -0.18577, -0.49327][0.19608, 0.95920, 0][-0.245029, 0.390257, -0.063856][-0.84981, -0.18577, -0.49327][0.21917, 0.95920, 0][-0.263847, 0.098608, 0.006457][-0.97820, 0.17873, 0.10575][0.95571, 0.11968, 0][-0.272527, 0.044457, 0.017687][-0.97820, 0.17873, 0.10575][0.96534, 0.07739, 0][-0.267469, 0.061562, 0.035565][-0.97820, 0.17873, 0.10575][0.96978, 0.09471, 0][-0.258519, 0.319493, 0.049162][-0.80314, 0.58708, 0.10155][0.97675, 0.30671, 0][-0.247343, 0.33634, 0.040155][-0.80314, 0.58708, 0.10155][0.96511, 0.32115, 0][-0.246433, 0.340844, 0.021313][-0.80314, 0.58708, 0.10155][0.95612, 0.32549, 0][-0.241042, 0.23684, -0.018568][-0.92592, 0.13425, -0.35305][0.93099, 0.23423, 0][-0.236942, 0.239367, -0.02836][-0.92592, 0.13425, -0.35305][0.92331, 0.23605, 0][-0.252467, 0.163761, -0.016393][-0.92592, 0.13425, -0.35305][0.93869, 0.17142, 0][-0.13829, -0.030633, -0.027238][-0.94364, -0.29868, -0.14262][0.85732, 0.03561, 0][-0.158898, 0.035139, -0.028631][-0.94364, -0.29868, -0.14262][0.86915, 0.07984, 0][-0.158067, 0.036927, -0.037874][-0.94364, -0.29868, -0.14262][0.86412, 0.07965, 0][-0.16964, 0.095479, -0.037697][-0.97344, -0.19203, -0.12466][0.87165, 0.12278, 0][-0.158067, 0.036927, -0.037874][-0.97344, -0.19203, -0.12466][0.86412, 0.07965, 0][-0.158898, 0.035139, -0.028631][-0.97344, -0.19203, -0.12466][0.86915, 0.07984, 0][-0.178183, 0.133368, -0.031838][-0.96910, -0.19518, -0.15082][0.88024, 0.15232, 0][-0.16964, 0.095479, -0.037697][-0.96910, -0.19518, -0.15082][0.87165, 0.12278, 0][-0.158898, 0.035139, -0.028631][-0.96910, -0.19518, -0.15082][0.86915, 0.07984, 0][-0.246433, 0.340844, 0.021313][-0.91782, 0.00173, -0.39699][0.95612, 0.32549, 0][-0.247611, 0.327418, 0.023978][-0.91782, 0.00173, -0.39699][0.95783, 0.31369, 0][-0.258519, 0.319493, 0.049162][-0.91782, 0.00173, -0.39699][0.97675, 0.30671, 0][-0.237503, 0.352757, 0.02579][-0.75789, 0.62317, 0.19304][0.95191, 0.33553, 0][-0.23796, 0.35752, 0.00862][-0.75789, 0.62317, 0.19304][0.94441, 0.34038, 0][-0.247343, 0.33634, 0.040155][-0.75789, 0.62317, 0.19304][0.96511, 0.32115, 0][-0.215341, 0.390257, -0.108449][-0.77337, -0.18437, -0.60655][0.17940, 0.95920, 0][-0.23314, 0.409506, -0.091606][-0.77337, -0.18437, -0.60655][0.19442, 0.97636, 0][-0.218363, 0.409506, -0.110447][-0.77337, -0.18437, -0.60655][0.17762, 0.97636, 0][-0.23314, 0.409506, -0.091606][-0.77348, -0.18468, -0.60632][0.19442, 0.97636, 0][-0.215341, 0.390257, -0.108449][-0.77348, -0.18468, -0.60632][0.17940, 0.95920, 0][-0.229999, 0.390257, -0.08975][-0.77348, -0.18468, -0.60632][0.19608, 0.95920, 0][-0.222682, 0.319665, -0.022537][-0.95480, 0.28420, 0.08710][0.91739, 0.30702, 0][-0.225819, 0.312015, -0.031963][-0.95480, 0.28420, 0.08710][0.91479, 0.30027, 0][-0.229328, 0.298297, -0.025668][-0.95480, 0.28420, 0.08710][0.92024, 0.28807, 0][-0.151111, 0.006946, -0.042711][-0.96663, -0.23910, 0.09194][0.85743, 0.05753, 0][-0.158067, 0.036927, -0.037874][-0.96663, -0.23910, 0.09194][0.86412, 0.07965, 0][-0.166694, 0.065791, -0.053511][-0.96663, -0.23910, 0.09194][0.86170, 0.09764, 0][-0.182347, 0.074386, -0.092791][-0.98482, -0.16770, 0.04483][0.85099, 0.09523, 0][-0.194758, 0.149699, -0.083699][-0.98482, -0.16770, 0.04483][0.86429, 0.15738, 0][-0.18702, 0.100516, -0.097698][-0.98482, -0.16770, 0.04483][0.85138, 0.11515, 0][-0.225819, 0.312015, -0.031963][-0.96819, 0.16126, 0.19134][0.91479, 0.30027, 0][-0.222682, 0.319665, -0.022537][-0.96819, 0.16126, 0.19134][0.91739, 0.30702, 0][-0.219854, 0.346225, -0.030612][-0.96819, 0.16126, 0.19134][0.91173, 0.33095, 0][-0.225026, 0.280796, -0.034786][-0.88999, 0.01859, -0.45559][0.91227, 0.27246, 0][-0.229328, 0.298297, -0.025668][-0.88999, 0.01859, -0.45559][0.92024, 0.28807, 0][-0.225819, 0.312015, -0.031963][-0.88999, 0.01859, -0.45559][0.91479, 0.30027, 0][-0.219854, 0.346225, -0.030612][-0.87508, 0.17047, -0.45296][0.91173, 0.33095, 0][-0.219269, 0.331768, -0.037183][-0.87508, 0.17047, -0.45296][0.90772, 0.31802, 0][-0.225819, 0.312015, -0.031963][-0.87508, 0.17047, -0.45296][0.91479, 0.30027, 0][-0.210014, 0.252861, 0.055155][-0.80440, -0.59100, -0.06046][0.94333, 0.25216, 0][-0.228568, 0.276808, 0.067925][-0.80440, -0.59100, -0.06046][0.96204, 0.27136, 0][-0.258519, 0.319493, 0.049162][-0.80440, -0.59100, -0.06046][0.97675, 0.30671, 0][-0.247343, 0.33634, 0.040155][-0.85055, 0.51906, -0.08451][0.96511, 0.32115, 0][-0.258519, 0.319493, 0.049162][-0.85055, 0.51906, -0.08451][0.97675, 0.30671, 0][-0.256414, 0.324324, 0.057648][-0.85055, 0.51906, -0.08451][0.97897, 0.31073, 0][-0.161204, -0.031166, -0.024484][-0.79572, -0.21026, -0.56800][0.87218, 0.03160, 0][-0.172125, -0.032232, -0.00879][-0.79572, -0.21026, -0.56800][0.88613, 0.03215, 0][-0.176476, 0.000191, -0.014697][-0.79572, -0.21026, -0.56800][0.88633, 0.05373, 0][-0.158067, 0.036927, -0.037874][-0.95117, -0.24991, 0.18118][0.86412, 0.07965, 0][-0.151111, 0.006946, -0.042711][-0.95117, -0.24991, 0.18118][0.85743, 0.05753, 0][-0.13829, -0.030633, -0.027238][-0.95117, -0.24991, 0.18118][0.85732, 0.03561, 0][-0.208794, 0.32759, -0.011082][-0.99655, 0.07758, -0.02955][0.91335, 0.31366, 0][-0.208713, 0.332266, -0.001539][-0.99655, 0.07758, -0.02955][0.91803, 0.31758, 0][-0.207189, 0.346895, -0.014528][-0.99655, 0.07758, -0.02955][0.91082, 0.33066, 0][-0.158067, 0.036927, -0.037874][-0.97958, -0.19345, -0.05482][0.86412, 0.07965, 0][-0.16964, 0.095479, -0.037697][-0.97958, -0.19345, -0.05482][0.87165, 0.12278, 0][-0.181205, 0.158312, -0.05277][-0.97958, -0.19345, -0.05482][0.87177, 0.16961, 0][-0.23796, 0.35752, 0.00862][-0.72152, 0.57741, 0.38212][0.94441, 0.34038, 0][-0.219585, 0.371547, 0.02212][-0.72152, 0.57741, 0.38212][0.93774, 0.35138, 0][-0.223603, 0.377478, 0.005571][-0.72152, 0.57741, 0.38212][0.93293, 0.35767, 0][-0.247611, 0.327418, 0.023978][-0.87996, -0.01703, -0.47474][0.95783, 0.31369, 0][-0.246433, 0.340844, 0.021313][-0.88272, 0.04070, -0.46814][0.95612, 0.32549, 0][-0.239379, 0.342683, 0.008172][-0.88272, 0.04070, -0.46814][0.94488, 0.32726, 0][-0.23796, 0.35752, 0.00862][-0.88248, 0.09829, -0.45996][0.94441, 0.34038, 0][-0.239379, 0.342683, 0.008172][-0.88272, 0.04070, -0.46814][0.94488, 0.32726, 0][-0.246433, 0.340844, 0.021313][-0.88272, 0.04070, -0.46814][0.95612, 0.32549, 0][-0.262626, 0.462742, 0.041609][-0.75254, 0.24058, -0.61302][0.90124, 0.95263, 0][-0.267792, 0.464404, 0.048603][-0.75254, 0.24058, -0.61302][0.89608, 0.95429, 0][-0.260414, 0.471393, 0.043822][-0.71638, 0.33915, -0.60973][0.90345, 0.96127, 0][-0.269171, 0.452667, 0.047685][-0.78040, 0.13937, -0.60955][0.89470, 0.94257, 0][-0.267792, 0.464404, 0.048603][-0.75254, 0.24058, -0.61302][0.89608, 0.95429, 0][-0.262626, 0.462742, 0.041609][-0.75254, 0.24058, -0.61302][0.90124, 0.95263, 0][-0.234606, 0.260907, -0.014418][-0.92999, 0.19496, 0.31163][0.92884, 0.25548, 0][-0.241042, 0.23684, -0.018568][-0.92999, 0.19496, 0.31163][0.93099, 0.23423, 0][-0.244036, 0.19106, 0.001138][-0.92999, 0.19496, 0.31163][0.94142, 0.19671, 0][-0.208713, 0.332266, -0.001539][-0.99651, -0.07129, 0.04339][0.91803, 0.31758, 0][-0.208794, 0.32759, -0.011082][-0.99651, -0.07129, 0.04339][0.91335, 0.31366, 0][-0.206428, 0.302474, 0.001987][-0.99651, -0.07129, 0.04339][0.91763, 0.29192, 0][-0.20843, 0.271634, 0.030005][-0.97719, -0.16734, -0.13076][0.93150, 0.26657, 0][-0.205953, 0.268144, 0.01596][-0.97719, -0.16734, -0.13076][0.92330, 0.26335, 0][-0.205638, 0.257417, 0.027334][-0.97719, -0.16734, -0.13076][0.92812, 0.25492, 0][-0.207791, 0.302371, 0.011982][-0.95971, -0.08609, 0.26747][0.92332, 0.29188, 0][-0.210317, 0.289323, -0.001281][-0.95971, -0.08609, 0.26747][0.91853, 0.28067, 0][-0.20555, 0.283891, 0.014075][-0.95971, -0.08609, 0.26747][0.92243, 0.27640, 0][-0.210317, 0.289323, -0.001281][-0.94249, 0.30986, -0.12533][0.91853, 0.28067, 0][-0.207791, 0.302371, 0.011982][-0.98482, 0.11138, -0.13315][0.92332, 0.29188, 0][-0.206428, 0.302474, 0.001987][-0.98482, 0.11138, -0.13315][0.91763, 0.29192, 0][-0.206428, 0.302474, 0.001987][-0.98482, 0.11138, -0.13315][0.91763, 0.29192, 0][-0.207791, 0.302371, 0.011982][-0.98482, 0.11138, -0.13315][0.92332, 0.29188, 0][-0.208713, 0.332266, -0.001539][-0.98653, -0.09170, -0.13548][0.91803, 0.31758, 0][-0.16964, 0.095479, -0.037697][-0.93163, -0.15957, -0.32650][0.87165, 0.12278, 0][-0.178183, 0.133368, -0.031838][-0.93163, -0.15957, -0.32650][0.88024, 0.15232, 0][-0.188651, 0.228003, -0.04822][-0.93163, -0.15957, -0.32650][0.87953, 0.22744, 0][-0.219269, 0.331768, -0.037183][-0.92328, 0.12736, -0.36241][0.90772, 0.31802, 0][-0.219854, 0.346225, -0.030612][-0.92328, 0.12736, -0.36241][0.91173, 0.33095, 0][-0.210366, 0.397162, -0.036883][-0.92328, 0.12736, -0.36241][0.90241, 0.37749, 0][-0.202689, 0.358499, -0.043746][-0.82386, -0.06361, -0.56321][0.89281, 0.34194, 0][-0.210366, 0.397162, -0.036883][-0.82523, -0.03582, -0.56366][0.90241, 0.37749, 0][-0.202393, 0.397368, -0.048569][-0.82715, -0.03471, -0.56091][0.89047, 0.37799, 0][-0.208341, 0.401511, -0.039912][-0.82853, -0.02025, -0.55957][0.89942, 0.38162, 0][-0.202393, 0.397368, -0.048569][-0.82715, -0.03471, -0.56091][0.89047, 0.37799, 0][-0.210366, 0.397162, -0.036883][-0.82523, -0.03582, -0.56366][0.90241, 0.37749, 0][-0.202393, 0.397368, -0.048569][-0.82715, -0.03471, -0.56091][0.89047, 0.37799, 0][-0.208341, 0.401511, -0.039912][-0.82853, -0.02025, -0.55957][0.89942, 0.38162, 0][-0.204262, 0.401511, -0.046015][-0.83096, -0.03250, -0.55538][0.89323, 0.38179, 0][-0.194758, 0.149699, -0.083699][-0.99539, -0.07829, 0.05549][0.86429, 0.15738, 0][-0.197945, 0.197558, -0.073341][-0.99586, -0.08175, 0.03977][0.87230, 0.19898, 0][-0.200772, 0.228708, -0.080102][-0.99586, -0.08175, 0.03977][0.87075, 0.22535, 0][-0.20212, 0.246862, -0.071634][-0.99608, -0.08518, 0.02405][0.87642, 0.24178, 0][-0.200772, 0.228708, -0.080102][-0.99586, -0.08175, 0.03977][0.87075, 0.22535, 0][-0.197945, 0.197558, -0.073341][-0.99586, -0.08175, 0.03977][0.87230, 0.19898, 0][-0.234606, 0.260907, -0.014418][-0.90617, 0.29464, -0.30338][0.92884, 0.25548, 0][-0.236942, 0.239367, -0.02836][-0.90617, 0.29464, -0.30338][0.92331, 0.23605, 0][-0.241042, 0.23684, -0.018568][-0.90617, 0.29464, -0.30338][0.93099, 0.23423, 0][-0.19916, 0.392485, -0.05487][-0.95722, -0.04164, -0.28634][0.88471, 0.37367, 0][-0.188516, 0.358362, -0.08549][-0.95722, -0.04164, -0.28634][0.85984, 0.34297, 0][-0.189359, 0.350901, -0.081587][-0.95722, -0.04164, -0.28634][0.86263, 0.33589, 0][-0.151111, 0.006946, -0.042711][-0.88565, -0.27226, 0.37617][0.85743, 0.05753, 0][-0.154853, -0.011259, -0.064697][-0.88565, -0.27226, 0.37617][0.84859, 0.03878, 0][-0.136336, -0.030874, -0.035298][-0.88565, -0.27226, 0.37617][0.85228, 0.03410, 0][-0.186498, 0.338971, -0.098154][-0.98327, 0.01618, -0.18145][0.85104, 0.32520, 0][-0.189359, 0.350901, -0.081587][-0.98327, 0.01618, -0.18145][0.86263, 0.33589, 0][-0.188516, 0.358362, -0.08549][-0.98327, 0.01618, -0.18145][0.85984, 0.34297, 0][-0.222682, 0.319665, -0.022537][-0.90933, 0.23224, 0.34524][0.91739, 0.30702, 0][-0.229328, 0.298297, -0.025668][-0.90933, 0.23224, 0.34524][0.92024, 0.28807, 0][-0.234606, 0.260907, -0.014418][-0.90933, 0.23224, 0.34524][0.92884, 0.25548, 0][-0.205953, 0.268144, 0.01596][-0.98461, 0.00428, -0.17471][0.92330, 0.26335, 0][-0.20843, 0.271634, 0.030005][-0.98461, 0.00428, -0.17471][0.93150, 0.26657, 0][-0.20555, 0.283891, 0.014075][-0.98461, 0.00428, -0.17471][0.92243, 0.27640, 0][-0.168138, 0.053, -0.115373][-0.81693, -0.11435, -0.56529][0.82944, 0.07593, 0][-0.18702, 0.100516, -0.097698][-0.81679, -0.08089, -0.57124][0.85138, 0.11515, 0][-0.174633, 0.087021, -0.112869][-0.81151, -0.09711, -0.57621][0.83487, 0.10321, 0][-0.174633, 0.087021, -0.112869][-0.81151, -0.09711, -0.57621][0.83487, 0.10321, 0][-0.18702, 0.100516, -0.097698][-0.81679, -0.08089, -0.57124][0.85138, 0.11515, 0][-0.180903, 0.112945, -0.107787][-0.81637, -0.06412, -0.57396][0.84175, 0.12473, 0][-0.193759, 0.158501, -0.092768][-0.82656, -0.04839, -0.56076][0.85869, 0.16383, 0][-0.180903, 0.112945, -0.107787][-0.81637, -0.06412, -0.57396][0.84175, 0.12473, 0][-0.18702, 0.100516, -0.097698][-0.81679, -0.08089, -0.57124][0.85138, 0.11515, 0][-0.193759, 0.158501, -0.092768][-0.99258, -0.01205, -0.12103][0.85869, 0.16383, 0][-0.194758, 0.149699, -0.083699][-0.99258, -0.01205, -0.12103][0.86429, 0.15738, 0][-0.194442, 0.197335, -0.091033][-0.99258, -0.01205, -0.12103][0.86024, 0.19744, 0][-0.18702, 0.100516, -0.097698][-0.97490, -0.09623, -0.20079][0.85138, 0.11515, 0][-0.194758, 0.149699, -0.083699][-0.97490, -0.09623, -0.20079][0.86429, 0.15738, 0][-0.193759, 0.158501, -0.092768][-0.97490, -0.09623, -0.20079][0.85869, 0.16383, 0][-0.194442, 0.197335, -0.091033][-0.72194, 0.09323, -0.68565][0.86024, 0.19744, 0][-0.200772, 0.228708, -0.080102][-0.72194, 0.09323, -0.68565][0.87075, 0.22535, 0][-0.19253, 0.236307, -0.087747][-0.72194, 0.09323, -0.68565][0.86090, 0.23199, 0][-0.200772, 0.228708, -0.080102][-0.92239, -0.05279, -0.38263][0.87075, 0.22535, 0][-0.194442, 0.197335, -0.091033][-0.92239, -0.05279, -0.38263][0.86024, 0.19744, 0][-0.194758, 0.149699, -0.083699][-0.92239, -0.05279, -0.38263][0.86429, 0.15738, 0][-0.200772, 0.228708, -0.080102][-0.98103, 0.01722, -0.19308][0.87075, 0.22535, 0][-0.20212, 0.246862, -0.071634][-0.98103, 0.01722, -0.19308][0.87642, 0.24178, 0][-0.200527, 0.276395, -0.077094][-0.98103, 0.01722, -0.19308][0.87254, 0.26790, 0][-0.20212, 0.246862, -0.071634][-0.96004, 0.00004, -0.27987][0.87642, 0.24178, 0][-0.204149, 0.292486, -0.064667][-0.96004, 0.00004, -0.27987][0.88198, 0.28257, 0][-0.200527, 0.276395, -0.077094][-0.96004, 0.00004, -0.27987][0.87254, 0.26790, 0][-0.200527, 0.276395, -0.077094][-0.91872, 0.09014, -0.38449][0.87254, 0.26790, 0][-0.204149, 0.292486, -0.064667][-0.91872, 0.09014, -0.38449][0.88198, 0.28257, 0][-0.19923, 0.31162, -0.071935][-0.91872, 0.09014, -0.38449][0.87472, 0.29982, 0][-0.204673, 0.317671, -0.061537][-0.87500, 0.04174, -0.48232][0.88428, 0.30532, 0][-0.19923, 0.31162, -0.071935][-0.87500, 0.04174, -0.48232][0.87472, 0.29982, 0][-0.204149, 0.292486, -0.064667][-0.87500, 0.04174, -0.48232][0.88198, 0.28257, 0][-0.204673, 0.317671, -0.061537][-0.87497, 0.06849, -0.47932][0.88428, 0.30532, 0][-0.204549, 0.372475, -0.05313][-0.88118, 0.07363, -0.46701][0.88929, 0.35530, 0][-0.200963, 0.333091, -0.066106][-0.87497, 0.06849, -0.47932][0.87931, 0.31938, 0][-0.19923, 0.31162, -0.071935][-0.86856, 0.06333, -0.49152][0.87472, 0.29982, 0][-0.204673, 0.317671, -0.061537][-0.87497, 0.06849, -0.47932][0.88428, 0.30532, 0][-0.200963, 0.333091, -0.066106][-0.87497, 0.06849, -0.47932][0.87931, 0.31938, 0][-0.255166, 0.148943, -0.000558][-0.89354, 0.20945, 0.39713][0.94761, 0.16069, 0][-0.263847, 0.098608, 0.006457][-0.89354, 0.20945, 0.39713][0.95571, 0.11968, 0][-0.248726, 0.123689, 0.027251][-0.89354, 0.20945, 0.39713][0.95477, 0.14451, 0][-0.255166, 0.148943, -0.000558][-0.89817, 0.22207, 0.37945][0.94761, 0.16069, 0][-0.244036, 0.19106, 0.001138][-0.89817, 0.22207, 0.37945][0.94142, 0.19671, 0][-0.241042, 0.23684, -0.018568][-0.89817, 0.22207, 0.37945][0.93099, 0.23423, 0][-0.197846, 0.313339, -0.047264][-0.99412, -0.10743, 0.01385][0.88707, 0.30129, 0][-0.188651, 0.228003, -0.04822][-0.99411, -0.10729, 0.01545][0.87953, 0.22744, 0][-0.178183, 0.133368, -0.031838][-0.99412, -0.10743, 0.01385][0.88024, 0.15232, 0][-0.178183, 0.133368, -0.031838][-0.99412, -0.10743, 0.01385][0.88024, 0.15232, 0][-0.202689, 0.358499, -0.043746][-0.99412, -0.10756, 0.01224][0.89281, 0.34194, 0][-0.197846, 0.313339, -0.047264][-0.99412, -0.10743, 0.01385][0.88707, 0.30129, 0][-0.158898, 0.035139, -0.028631][-0.70560, -0.23524, -0.66842][0.86915, 0.07984, 0][-0.13829, -0.030633, -0.027238][-0.70560, -0.23524, -0.66842][0.85732, 0.03561, 0][-0.149982, -0.007082, -0.023184][-0.70560, -0.23524, -0.66842][0.86622, 0.05130, 0][-0.197846, 0.313339, -0.047264][-0.99343, -0.10921, 0.03426][0.88707, 0.30129, 0][-0.202689, 0.358499, -0.043746][-0.99343, -0.10921, 0.03426][0.89281, 0.34194, 0][-0.204549, 0.372475, -0.05313][-0.99343, -0.10921, 0.03426][0.88929, 0.35530, 0][-0.252467, 0.163761, -0.016393][-0.76565, 0.05972, -0.64048][0.93869, 0.17142, 0][-0.241314, 0.186161, -0.027637][-0.76565, 0.05972, -0.64048][0.92578, 0.19012, 0][-0.255276, 0.1295, -0.016531][-0.77085, 0.06575, -0.63362][0.93988, 0.14257, 0][-0.241314, 0.186161, -0.027637][-0.76565, 0.05972, -0.64048][0.92578, 0.19012, 0][-0.252467, 0.163761, -0.016393][-0.76565, 0.05972, -0.64048][0.93869, 0.17142, 0][-0.236942, 0.239367, -0.02836][-0.76037, 0.05369, -0.64727][0.92331, 0.23605, 0][-0.207551, 0.249406, 0.074229][-0.97877, 0.19884, -0.04965][0.94973, 0.25023, 0][-0.205113, 0.252827, 0.039871][-0.97877, 0.19884, -0.04965][0.93332, 0.25169, 0][-0.215419, 0.204452, 0.049307][-0.97877, 0.19884, -0.04965][0.94338, 0.21325, 0][-0.20843, 0.271634, 0.030005][-0.98185, -0.18764, -0.02758][0.93150, 0.26657, 0][-0.205638, 0.257417, 0.027334][-0.98185, -0.18764, -0.02758][0.92812, 0.25492, 0][-0.205113, 0.252827, 0.039871][-0.98185, -0.18764, -0.02758][0.93332, 0.25169, 0][-0.211739, 0.271702, 0.003528][-0.92281, 0.16896, 0.34624][0.92150, 0.26584, 0][-0.20555, 0.283891, 0.014075][-0.92281, 0.16896, 0.34624][0.92243, 0.27640, 0][-0.210317, 0.289323, -0.001281][-0.92281, 0.16896, 0.34624][0.91853, 0.28067, 0][-0.2189, 0.19443, 0.036655][-0.97044, 0.22419, 0.08942][0.94000, 0.20418, 0][-0.215419, 0.204452, 0.049307][-0.97044, 0.22419, 0.08942][0.94338, 0.21325, 0][-0.205113, 0.252827, 0.039871][-0.97044, 0.22419, 0.08942][0.93332, 0.25169, 0][-0.2189, 0.19443, 0.036655][-0.96749, 0.22171, 0.12169][0.94000, 0.20418, 0][-0.205113, 0.252827, 0.039871][-0.96749, 0.22171, 0.12169][0.93332, 0.25169, 0][-0.205638, 0.257417, 0.027334][-0.96749, 0.22171, 0.12169][0.92812, 0.25492, 0][-0.20555, 0.283891, 0.014075][-0.89561, 0.07540, 0.43841][0.92243, 0.27640, 0][-0.211739, 0.271702, 0.003528][-0.89561, 0.07540, 0.43841][0.92150, 0.26584, 0][-0.205953, 0.268144, 0.01596][-0.89561, 0.07540, 0.43841][0.92330, 0.26335, 0][-0.154853, -0.011259, -0.064697][-0.87150, -0.40223, 0.28054][0.84859, 0.03878, 0][-0.148144, -0.034759, -0.077549][-0.87150, -0.40223, 0.28054][0.83795, 0.01966, 0][-0.136336, -0.030874, -0.035298][-0.87150, -0.40223, 0.28054][0.85228, 0.03410, 0][-0.166694, 0.065791, -0.053511][-0.93032, -0.18863, 0.31453][0.86170, 0.09764, 0][-0.154853, -0.011259, -0.064697][-0.93032, -0.18863, 0.31453][0.84859, 0.03878, 0][-0.151111, 0.006946, -0.042711][-0.93032, -0.18863, 0.31453][0.85743, 0.05753, 0][-0.194758, 0.149699, -0.083699][-0.92541, -0.19195, 0.32677][0.86429, 0.15738, 0][-0.182347, 0.074386, -0.092791][-0.92553, -0.19086, 0.32706][0.85099, 0.09523, 0][-0.166694, 0.065791, -0.053511][-0.92553, -0.19086, 0.32706][0.86170, 0.09764, 0][-0.154853, -0.011259, -0.064697][-0.92565, -0.18978, 0.32734][0.84859, 0.03878, 0][-0.166694, 0.065791, -0.053511][-0.92553, -0.19086, 0.32706][0.86170, 0.09764, 0][-0.182347, 0.074386, -0.092791][-0.92553, -0.19086, 0.32706][0.85099, 0.09523, 0][-0.23796, 0.35752, 0.00862][-0.80112, 0.09446, -0.59100][0.94441, 0.34038, 0][-0.228797, 0.356642, -0.003941][-0.80112, 0.09446, -0.59100][0.93168, 0.33973, 0][-0.239379, 0.342683, 0.008172][-0.80112, 0.09446, -0.59100][0.94488, 0.32726, 0][-0.210781, 0.352861, -0.007586][-0.92883, -0.18715, -0.31976][0.91689, 0.33583, 0][-0.207189, 0.346895, -0.014528][-0.92883, -0.18715, -0.31976][0.91082, 0.33066, 0][-0.208713, 0.332266, -0.001539][-0.92883, -0.18715, -0.31976][0.91803, 0.31758, 0][-0.207189, 0.346895, -0.014528][-0.92627, -0.16150, -0.34049][0.91082, 0.33066, 0][-0.210781, 0.352861, -0.007586][-0.92627, -0.16150, -0.34049][0.91689, 0.33583, 0][-0.208028, 0.363364, -0.020057][-0.92627, -0.16150, -0.34049][0.90890, 0.34555, 0][-0.210548, 0.367782, -0.015562][-0.92165, -0.17163, -0.34800][0.91302, 0.34942, 0][-0.208028, 0.363364, -0.020057][-0.92165, -0.17163, -0.34800][0.90890, 0.34555, 0][-0.210781, 0.352861, -0.007586][-0.92165, -0.17163, -0.34800][0.91689, 0.33583, 0][-0.202393, 0.397368, -0.048569][-0.96780, 0.03824, 0.24878][0.89047, 0.37799, 0][-0.204549, 0.372475, -0.05313][-0.96780, 0.03824, 0.24878][0.88929, 0.35530, 0][-0.202689, 0.358499, -0.043746][-0.96780, 0.03824, 0.24878][0.89281, 0.34194, 0][-0.205638, 0.257417, 0.027334][-0.91702, 0.24020, 0.31840][0.92812, 0.25492, 0][-0.221142, 0.203352, 0.023467][-0.91702, 0.24020, 0.31840][0.93585, 0.21016, 0][-0.2189, 0.19443, 0.036655][-0.91702, 0.24020, 0.31840][0.94000, 0.20418, 0][-0.221142, 0.203352, 0.023467][-0.92594, 0.24497, 0.28745][0.93585, 0.21016, 0][-0.205638, 0.257417, 0.027334][-0.92395, 0.25698, 0.28334][0.92812, 0.25492, 0][-0.211417, 0.253223, 0.012293][-0.92395, 0.25698, 0.28334][0.92506, 0.25073, 0][-0.211417, 0.253223, 0.012293][-0.92395, 0.25698, 0.28334][0.92506, 0.25073, 0][-0.205638, 0.257417, 0.027334][-0.92395, 0.25698, 0.28334][0.92812, 0.25492, 0][-0.205953, 0.268144, 0.01596][-0.92181, 0.26895, 0.27918][0.92330, 0.26335, 0][-0.264418, 0.431366, 0.094995][-0.69238, -0.45415, 0.56068][0.89945, 0.92129, 0][-0.260414, 0.433942, 0.102026][-0.69238, -0.45415, 0.56068][0.90345, 0.92387, 0][-0.267792, 0.440931, 0.097245][-0.73161, -0.38966, 0.55939][0.89608, 0.93085, 0][-0.257583, 0.427313, 0.099193][-0.64920, -0.51605, 0.55877][0.90627, 0.91724, 0][-0.260414, 0.433942, 0.102026][-0.69238, -0.45415, 0.56068][0.90345, 0.92387, 0][-0.264418, 0.431366, 0.094995][-0.69238, -0.45415, 0.56068][0.89945, 0.92129, 0][-0.208028, 0.363364, -0.020057][-0.92646, -0.21210, -0.31093][0.90890, 0.34555, 0][-0.210548, 0.367782, -0.015562][-0.92646, -0.21210, -0.31093][0.91302, 0.34942, 0][-0.210959, 0.39405, -0.032256][-0.92646, -0.21210, -0.31093][0.90521, 0.37431, 0][-0.229328, 0.298297, -0.025668][-0.74537, 0.15463, -0.64847][0.92024, 0.28807, 0][-0.225026, 0.280796, -0.034786][-0.74537, 0.15463, -0.64847][0.91227, 0.27246, 0][-0.234304, 0.267491, -0.027294][-0.74537, 0.15463, -0.64847][0.92246, 0.26076, 0][-0.210317, 0.289323, -0.001281][-0.88182, 0.14964, 0.44722][0.91853, 0.28067, 0][-0.206428, 0.302474, 0.001987][-0.88182, 0.14964, 0.44722][0.91763, 0.29192, 0][-0.208794, 0.32759, -0.011082][-0.88182, 0.14964, 0.44722][0.91335, 0.31366, 0][-0.267792, 0.429194, 0.085084][-0.77672, -0.50584, 0.37527][0.89608, 0.91912, 0][-0.264418, 0.431366, 0.094995][-0.77672, -0.50584, 0.37527][0.89945, 0.92129, 0][-0.272468, 0.439427, 0.086643][-0.82066, -0.43199, 0.37404][0.89141, 0.92934, 0][-0.260414, 0.424579, 0.092325][-0.72705, -0.57595, 0.37373][0.90345, 0.91451, 0][-0.264418, 0.431366, 0.094995][-0.77672, -0.50584, 0.37527][0.89945, 0.92129, 0][-0.267792, 0.429194, 0.085084][-0.77672, -0.50584, 0.37527][0.89608, 0.91912, 0][-0.166694, 0.065791, -0.053511][-0.95694, -0.15207, 0.24725][0.86170, 0.09764, 0][-0.158067, 0.036927, -0.037874][-0.95694, -0.15207, 0.24725][0.86412, 0.07965, 0][-0.181205, 0.158312, -0.05277][-0.95694, -0.15207, 0.24725][0.87177, 0.16961, 0][-0.188651, 0.228003, -0.04822][-0.96259, -0.11875, 0.24356][0.87953, 0.22744, 0][-0.181205, 0.158312, -0.05277][-0.96259, -0.11875, 0.24356][0.87177, 0.16961, 0][-0.16964, 0.095479, -0.037697][-0.96259, -0.11875, 0.24356][0.87165, 0.12278, 0][-0.158628, 0.272476, -0.081139][-0.90261, -0.25795, -0.34460][0.84206, 0.26518, 0][-0.171272, 0.303437, -0.071196][-0.90261, -0.25795, -0.34460][0.85596, 0.29238, 0][-0.163927, 0.293466, -0.082971][-0.90261, -0.25795, -0.34460][0.84448, 0.28348, 0][-0.176562, 0.336185, -0.070551][-0.88795, -0.13477, -0.43976][0.85998, 0.32170, 0][-0.163927, 0.293466, -0.082971][-0.88795, -0.13477, -0.43976][0.84448, 0.28348, 0][-0.171272, 0.303437, -0.071196][-0.88795, -0.13477, -0.43976][0.85596, 0.29238, 0][-0.182127, 0.34803, -0.062493][-0.75324, 0.08942, -0.65164][0.86829, 0.33235, 0][-0.176562, 0.336185, -0.070551][-0.75324, 0.08942, -0.65164][0.85998, 0.32170, 0][-0.182868, 0.331527, -0.063901][-0.75324, 0.08942, -0.65164][0.86793, 0.31751, 0][-0.205953, 0.268144, 0.01596][-0.86414, 0.20330, 0.46036][0.92330, 0.26335, 0][-0.211739, 0.271702, 0.003528][-0.86414, 0.20330, 0.46036][0.92150, 0.26584, 0][-0.211417, 0.253223, 0.012293][-0.86414, 0.20330, 0.46036][0.92506, 0.25073, 0][-0.170977, 0.326524, -0.118875][-0.77060, -0.42615, -0.47388][0.82801, 0.31362, 0][-0.148169, 0.276653, -0.111116][-0.77060, -0.42615, -0.47388][0.81792, 0.26822, 0][-0.148544, 0.2536, -0.089775][-0.77060, -0.42615, -0.47388][0.83072, 0.24880, 0][-0.263847, 0.098608, 0.006457][-0.90689, 0.31156, 0.28368][0.95571, 0.11968, 0][-0.267469, 0.061562, 0.035565][-0.90689, 0.31156, 0.28368][0.96978, 0.09471, 0][-0.248726, 0.123689, 0.027251][-0.90689, 0.31156, 0.28368][0.95477, 0.14451, 0][-0.176562, 0.336185, -0.070551][-0.92339, -0.21966, -0.31482][0.85998, 0.32170, 0][-0.182127, 0.34803, -0.062493][-0.92339, -0.21966, -0.31482][0.86829, 0.33235, 0][-0.187786, 0.369037, -0.060552][-0.92339, -0.21966, -0.31482][0.87339, 0.35165, 0][-0.182127, 0.34803, -0.062493][-0.87639, -0.19542, -0.44017][0.86829, 0.33235, 0][-0.193004, 0.377392, -0.053872][-0.87639, -0.19542, -0.44017][0.88075, 0.35924, 0][-0.187786, 0.369037, -0.060552][-0.87639, -0.19542, -0.44017][0.87339, 0.35165, 0][-0.148544, 0.2536, -0.089775][-0.85838, -0.39479, -0.32760][0.83072, 0.24880, 0][-0.169298, 0.309041, -0.102206][-0.85838, -0.39479, -0.32760][0.83693, 0.29733, 0][-0.170977, 0.326524, -0.118875][-0.85838, -0.39479, -0.32760][0.82801, 0.31362, 0][-0.186498, 0.338971, -0.098154][-0.82799, -0.42655, -0.36398][0.85104, 0.32520, 0][-0.170977, 0.326524, -0.118875][-0.82799, -0.42655, -0.36398][0.82801, 0.31362, 0][-0.169298, 0.309041, -0.102206][-0.82799, -0.42655, -0.36398][0.83693, 0.29733, 0][-0.130827, 0.238284, -0.095728][-0.64394, -0.53069, -0.55110][0.81626, 0.23611, 0][-0.157589, 0.253635, -0.07924][-0.71752, -0.32711, -0.61495][0.84247, 0.24898, 0][-0.148544, 0.2536, -0.089775][-0.71752, -0.32711, -0.61495][0.83072, 0.24880, 0][-0.158628, 0.272476, -0.081139][-0.75455, -0.10687, -0.64748][0.84206, 0.26518, 0][-0.148544, 0.2536, -0.089775][-0.71752, -0.32711, -0.61495][0.83072, 0.24880, 0][-0.157589, 0.253635, -0.07924][-0.71752, -0.32711, -0.61495][0.84247, 0.24898, 0][-0.130827, 0.238284, -0.095728][-0.63857, -0.51717, -0.56988][0.81626, 0.23611, 0][-0.148544, 0.2536, -0.089775][-0.63857, -0.51717, -0.56988][0.83072, 0.24880, 0][-0.148169, 0.276653, -0.111116][-0.63857, -0.51717, -0.56988][0.81792, 0.26822, 0][-0.157589, 0.253635, -0.07924][-0.76242, -0.10638, -0.63828][0.84247, 0.24898, 0][-0.171272, 0.303437, -0.071196][-0.76242, -0.10638, -0.63828][0.85596, 0.29238, 0][-0.158628, 0.272476, -0.081139][-0.76242, -0.10638, -0.63828][0.84206, 0.26518, 0][-0.272527, 0.044457, 0.017687][-0.94662, 0.32006, -0.03841][0.96534, 0.07739, 0][-0.277319, 0.034692, 0.054417][-0.94662, 0.32006, -0.03841][0.98362, 0.07598, 0][-0.267469, 0.061562, 0.035565][-0.94662, 0.32006, -0.03841][0.96978, 0.09471, 0][-0.222582, 0.274797, 0.047028][-0.79567, -0.54994, -0.25392][0.94888, 0.26934, 0][-0.205113, 0.252827, 0.039871][-0.79567, -0.54994, -0.25392][0.93332, 0.25169, 0][-0.210014, 0.252861, 0.055155][-0.79567, -0.54994, -0.25392][0.94333, 0.25216, 0][-0.228797, 0.356642, -0.003941][-0.79672, -0.21058, -0.56647][0.93168, 0.33973, 0][-0.23796, 0.35752, 0.00862][-0.79672, -0.21058, -0.56647][0.94441, 0.34038, 0][-0.232413, 0.366167, -0.002396][-0.79672, -0.21058, -0.56647][0.93528, 0.34837, 0][-0.169298, 0.309041, -0.102206][-0.89902, -0.38382, -0.21084][0.83693, 0.29733, 0][-0.148544, 0.2536, -0.089775][-0.89902, -0.38382, -0.21084][0.83072, 0.24880, 0][-0.158628, 0.272476, -0.081139][-0.89902, -0.38382, -0.21084][0.84206, 0.26518, 0][-0.2189, 0.19443, 0.036655][-0.86611, 0.31341, 0.38940][0.94000, 0.20418, 0][-0.248726, 0.123689, 0.027251][-0.86611, 0.31341, 0.38940][0.95477, 0.14451, 0][-0.267469, 0.061562, 0.035565][-0.86611, 0.31341, 0.38940][0.96978, 0.09471, 0][-0.248726, 0.123689, 0.027251][-0.87421, 0.32005, 0.36514][0.95477, 0.14451, 0][-0.2189, 0.19443, 0.036655][-0.87421, 0.32005, 0.36514][0.94000, 0.20418, 0][-0.221142, 0.203352, 0.023467][-0.87421, 0.32005, 0.36514][0.93585, 0.21016, 0][-0.214977, 0.290337, 0.02666][-0.82505, -0.36583, -0.43064][0.93486, 0.28189, 0][-0.20555, 0.283891, 0.014075][-0.82505, -0.36583, -0.43064][0.92243, 0.27640, 0][-0.20843, 0.271634, 0.030005][-0.82505, -0.36583, -0.43064][0.93150, 0.26657, 0][-0.267792, 0.440931, 0.048603][-0.86066, -0.28734, -0.42036][0.89608, 0.93085, 0][-0.272468, 0.439427, 0.059205][-0.86066, -0.28734, -0.42036][0.89141, 0.92934, 0][-0.269171, 0.452667, 0.047685][-0.89880, -0.13815, -0.41602][0.89470, 0.94257, 0][-0.267792, 0.429194, 0.060764][-0.80210, -0.42971, -0.41472][0.89608, 0.91912, 0][-0.272468, 0.439427, 0.059205][-0.86066, -0.28734, -0.42036][0.89141, 0.92934, 0][-0.267792, 0.440931, 0.048603][-0.86066, -0.28734, -0.42036][0.89608, 0.93085, 0][-0.267469, 0.061562, 0.035565][-0.94005, 0.33822, 0.04371][0.96978, 0.09471, 0][-0.255838, 0.091353, 0.055187][-0.94005, 0.33822, 0.04371][0.97061, 0.12236, 0][-0.215419, 0.204452, 0.049307][-0.94005, 0.33822, 0.04371][0.94338, 0.21325, 0][-0.267469, 0.061562, 0.035565][-0.93909, 0.34339, -0.01363][0.96978, 0.09471, 0][-0.215419, 0.204452, 0.049307][-0.93909, 0.34339, -0.01363][0.94338, 0.21325, 0][-0.2189, 0.19443, 0.036655][-0.93909, 0.34339, -0.01363][0.94000, 0.20418, 0][-0.255166, 0.148943, -0.000558][-0.82618, 0.30847, 0.47145][0.94761, 0.16069, 0][-0.248726, 0.123689, 0.027251][-0.82618, 0.30847, 0.47145][0.95477, 0.14451, 0][-0.221142, 0.203352, 0.023467][-0.82618, 0.30847, 0.47145][0.93585, 0.21016, 0][-0.255166, 0.148943, -0.000558][-0.73292, 0.16713, 0.65946][0.94761, 0.16069, 0][-0.221142, 0.203352, 0.023467][-0.73292, 0.16713, 0.65946][0.93585, 0.21016, 0][-0.244036, 0.19106, 0.001138][-0.73292, 0.16713, 0.65946][0.94142, 0.19671, 0][-0.20555, 0.283891, 0.014075][-0.82774, -0.16125, -0.53744][0.92243, 0.27640, 0][-0.214977, 0.290337, 0.02666][-0.82774, -0.16125, -0.53744][0.93486, 0.28189, 0][-0.207791, 0.302371, 0.011982][-0.82774, -0.16125, -0.53744][0.92332, 0.29188, 0][-0.207189, 0.346895, -0.014528][-0.77199, 0.21260, 0.59903][0.91082, 0.33066, 0][-0.219854, 0.346225, -0.030612][-0.77467, 0.19701, 0.60090][0.91173, 0.33095, 0][-0.222682, 0.319665, -0.022537][-0.76372, 0.26085, 0.59051][0.91739, 0.30702, 0][-0.208028, 0.363364, -0.020057][-0.77889, 0.16478, 0.60512][0.90890, 0.34555, 0][-0.219854, 0.346225, -0.030612][-0.77467, 0.19701, 0.60090][0.91173, 0.33095, 0][-0.207189, 0.346895, -0.014528][-0.77199, 0.21260, 0.59903][0.91082, 0.33066, 0][-0.219854, 0.346225, -0.030612][-0.77467, 0.19701, 0.60090][0.91173, 0.33095, 0][-0.208028, 0.363364, -0.020057][-0.77889, 0.16478, 0.60512][0.90890, 0.34555, 0][-0.210959, 0.39405, -0.032256][-0.77943, 0.16574, 0.60417][0.90521, 0.37431, 0][-0.255838, 0.091353, 0.055187][-0.93501, 0.35425, 0.01639][0.97061, 0.12236, 0][-0.267469, 0.061562, 0.035565][-0.93501, 0.35425, 0.01639][0.96978, 0.09471, 0][-0.277319, 0.034692, 0.054417][-0.93501, 0.35425, 0.01639][0.98362, 0.07598, 0][-0.216238, 0.388755, -0.023888][-0.85506, 0.03487, -0.51735][0.91325, 0.36922, 0][-0.210959, 0.39405, -0.032256][-0.85506, 0.03487, -0.51735][0.90521, 0.37431, 0][-0.222578, 0.377117, -0.014194][-0.85506, 0.03487, -0.51735][0.92253, 0.35838, 0][-0.269171, 0.428308, 0.072924][-0.83186, -0.53867, 0.13359][0.89470, 0.91824, 0][-0.267792, 0.429194, 0.085084][-0.83186, -0.53867, 0.13359][0.89608, 0.91912, 0][-0.274477, 0.43878, 0.072924][-0.88412, -0.44797, 0.13290][0.88940, 0.92870, 0][-0.262626, 0.422443, 0.083362][-0.77049, -0.62347, 0.13280][0.90124, 0.91238, 0][-0.267792, 0.429194, 0.085084][-0.83186, -0.53867, 0.13359][0.89608, 0.91912, 0][-0.269171, 0.428308, 0.072924][-0.83186, -0.53867, 0.13359][0.89470, 0.91824, 0][-0.263484, 0.421615, 0.072924][-0.75534, -0.64181, -0.13242][0.90038, 0.91155, 0][-0.269171, 0.428308, 0.072924][-0.83127, -0.53957, -0.13359][0.89470, 0.91824, 0][-0.267792, 0.429194, 0.060764][-0.83127, -0.53957, -0.13359][0.89608, 0.91912, 0][-0.267792, 0.429194, 0.060764][-0.83127, -0.53957, -0.13359][0.89608, 0.91912, 0][-0.269171, 0.428308, 0.072924][-0.83127, -0.53957, -0.13359][0.89470, 0.91824, 0][-0.272468, 0.439427, 0.059205][-0.89372, -0.42859, -0.13258][0.89141, 0.92934, 0][-0.11739, 0.162884, -0.127635][-0.76206, 0.20404, -0.61451][0.79015, 0.17105, 0][-0.109726, 0.24889, -0.108582][-0.76206, 0.20404, -0.61451][0.79578, 0.24530, 0][-0.100222, 0.262488, -0.115853][-0.76206, 0.20404, -0.61451][0.78557, 0.25687, 0][-0.081079, 0.266906, -0.143777][-0.82302, 0.11492, -0.55626][0.75699, 0.26019, 0][-0.084351, 0.308697, -0.130302][-0.82302, 0.11492, -0.55626][0.76653, 0.29663, 0][-0.060864, 0.361473, -0.153438][-0.81821, 0.11741, -0.56280][0.73679, 0.34325, 0][-0.084351, 0.308697, -0.130302][-0.82302, 0.11492, -0.55626][0.76653, 0.29663, 0][-0.081079, 0.266906, -0.143777][-0.82302, 0.11492, -0.55626][0.75699, 0.26019, 0][-0.100222, 0.262488, -0.115853][-0.82777, 0.11243, -0.54968][0.78557, 0.25687, 0][-0.100222, 0.262488, -0.115853][-0.82215, 0.20455, -0.53125][0.78557, 0.25687, 0][-0.081079, 0.266906, -0.143777][-0.82215, 0.20455, -0.53125][0.75699, 0.26019, 0][-0.11739, 0.162884, -0.127635][-0.82215, 0.20455, -0.53125][0.79015, 0.17105, 0][-0.194758, 0.149699, -0.083699][-0.89655, -0.14991, 0.41680][0.86429, 0.15738, 0][-0.166694, 0.065791, -0.053511][-0.89655, -0.14991, 0.41680][0.86170, 0.09764, 0][-0.197945, 0.197558, -0.073341][-0.89655, -0.14991, 0.41680][0.87230, 0.19898, 0][-0.181205, 0.158312, -0.05277][-0.88294, -0.14206, 0.44747][0.87177, 0.16961, 0][-0.197945, 0.197558, -0.073341][-0.88294, -0.14206, 0.44747][0.87230, 0.19898, 0][-0.166694, 0.065791, -0.053511][-0.88294, -0.14206, 0.44747][0.86170, 0.09764, 0][-0.193004, 0.377392, -0.053872][-0.89863, -0.35335, -0.26001][0.88075, 0.35924, 0][-0.202393, 0.397368, -0.048569][-0.89863, -0.35335, -0.26001][0.89047, 0.37799, 0][-0.187786, 0.369037, -0.060552][-0.89863, -0.35335, -0.26001][0.87339, 0.35165, 0][-0.243917, 0.129569, 0.065133][-0.93513, 0.32712, -0.13609][0.96752, 0.15430, 0][-0.215419, 0.204452, 0.049307][-0.93513, 0.32712, -0.13609][0.94338, 0.21325, 0][-0.255838, 0.091353, 0.055187][-0.93513, 0.32712, -0.13609][0.97061, 0.12236, 0][-0.222582, 0.274797, 0.047028][-0.72357, -0.56268, -0.39980][0.94888, 0.26934, 0][-0.210014, 0.252861, 0.055155][-0.72357, -0.56268, -0.39980][0.94333, 0.25216, 0][-0.258519, 0.319493, 0.049162][-0.72357, -0.56268, -0.39980][0.97675, 0.30671, 0][-0.176562, 0.336185, -0.070551][-0.95602, -0.29170, 0.03075][0.85998, 0.32170, 0][-0.169298, 0.309041, -0.102206][-0.95602, -0.29170, 0.03075][0.83693, 0.29733, 0][-0.163927, 0.293466, -0.082971][-0.95602, -0.29170, 0.03075][0.84448, 0.28348, 0][-0.204149, 0.292486, -0.064667][-0.94271, -0.09094, 0.32099][0.88198, 0.28257, 0][-0.20212, 0.246862, -0.071634][-0.94271, -0.09094, 0.32099][0.87642, 0.24178, 0][-0.197945, 0.197558, -0.073341][-0.94271, -0.09094, 0.32099][0.87230, 0.19898, 0][-0.197945, 0.197558, -0.073341][-0.85797, -0.10208, 0.50345][0.87230, 0.19898, 0][-0.181205, 0.158312, -0.05277][-0.85797, -0.10208, 0.50345][0.87177, 0.16961, 0][-0.204149, 0.292486, -0.064667][-0.85797, -0.10208, 0.50345][0.88198, 0.28257, 0][-0.181205, 0.158312, -0.05277][-0.91607, -0.12280, 0.38176][0.87177, 0.16961, 0][-0.188651, 0.228003, -0.04822][-0.91607, -0.12280, 0.38176][0.87953, 0.22744, 0][-0.204149, 0.292486, -0.064667][-0.91607, -0.12280, 0.38176][0.88198, 0.28257, 0][-0.204673, 0.317671, -0.061537][-0.86273, -0.08000, 0.49929][0.88428, 0.30532, 0][-0.204149, 0.292486, -0.064667][-0.86273, -0.08000, 0.49929][0.88198, 0.28257, 0][-0.188651, 0.228003, -0.04822][-0.86273, -0.08000, 0.49929][0.87953, 0.22744, 0][-0.204673, 0.317671, -0.061537][-0.90854, -0.08209, 0.40965][0.88428, 0.30532, 0][-0.197846, 0.313339, -0.047264][-0.90854, -0.08209, 0.40965][0.88707, 0.30129, 0][-0.204549, 0.372475, -0.05313][-0.90755, -0.06167, 0.41538][0.88929, 0.35530, 0][-0.188651, 0.228003, -0.04822][-0.90912, -0.10248, 0.40374][0.87953, 0.22744, 0][-0.197846, 0.313339, -0.047264][-0.90854, -0.08209, 0.40965][0.88707, 0.30129, 0][-0.204673, 0.317671, -0.061537][-0.90854, -0.08209, 0.40965][0.88428, 0.30532, 0][-0.158628, 0.272476, -0.081139][-0.96822, -0.23763, 0.07794][0.84206, 0.26518, 0][-0.163927, 0.293466, -0.082971][-0.96822, -0.23763, 0.07794][0.84448, 0.28348, 0][-0.169298, 0.309041, -0.102206][-0.96822, -0.23763, 0.07794][0.83693, 0.29733, 0][-0.244036, 0.19106, 0.001138][-0.74315, 0.28098, 0.60727][0.94142, 0.19671, 0][-0.221142, 0.203352, 0.023467][-0.74315, 0.28098, 0.60727][0.93585, 0.21016, 0][-0.211417, 0.253223, 0.012293][-0.74315, 0.28098, 0.60727][0.92506, 0.25073, 0][-0.187786, 0.369037, -0.060552][-0.90322, -0.40116, -0.15255][0.87339, 0.35165, 0][-0.202393, 0.397368, -0.048569][-0.90322, -0.40116, -0.15255][0.89047, 0.37799, 0][-0.19916, 0.392485, -0.05487][-0.90322, -0.40116, -0.15255][0.88471, 0.37367, 0][-0.108126, 0.372682, -0.13984][-0.74717, 0.62915, -0.21424][0.77354, 0.35506, 0][-0.110159, 0.378527, -0.115585][-0.74717, 0.62915, -0.21424][0.79009, 0.35919, 0][-0.100704, 0.384372, -0.131395][-0.74717, 0.62915, -0.21424][0.77420, 0.36493, 0][-0.205113, 0.252827, 0.039871][-0.73702, -0.41132, -0.53629][0.93332, 0.25169, 0][-0.222582, 0.274797, 0.047028][-0.73702, -0.41132, -0.53629][0.94888, 0.26934, 0][-0.20843, 0.271634, 0.030005][-0.73702, -0.41132, -0.53629][0.93150, 0.26657, 0][-0.20843, 0.271634, 0.030005][-0.74889, -0.36149, -0.55542][0.93150, 0.26657, 0][-0.222582, 0.274797, 0.047028][-0.74889, -0.36149, -0.55542][0.94888, 0.26934, 0][-0.214977, 0.290337, 0.02666][-0.74889, -0.36149, -0.55542][0.93486, 0.28189, 0][-0.136804, 0.342236, -0.135656][-0.68839, 0.68762, -0.23086][0.79482, 0.32781, 0][-0.124, 0.37153, -0.086583][-0.68839, 0.68762, -0.23086][0.81632, 0.35206, 0][-0.117351, 0.374023, -0.098984][-0.68839, 0.68762, -0.23086][0.80476, 0.35459, 0][-0.260414, 0.424579, 0.092325][-0.64768, -0.57758, 0.49690][0.90345, 0.91451, 0][-0.257583, 0.427313, 0.099193][-0.64768, -0.57758, 0.49690][0.90627, 0.91724, 0][-0.264418, 0.431366, 0.094995][-0.64768, -0.57758, 0.49690][0.89945, 0.92129, 0][-0.222582, 0.274797, 0.047028][-0.69799, -0.53868, -0.47184][0.94888, 0.26934, 0][-0.258519, 0.319493, 0.049162][-0.69799, -0.53868, -0.47184][0.97675, 0.30671, 0][-0.247611, 0.327418, 0.023978][-0.69799, -0.53868, -0.47184][0.95783, 0.31369, 0][-0.117351, 0.374023, -0.098984][-0.72785, 0.66002, -0.18601][0.80476, 0.35459, 0][-0.108126, 0.372682, -0.13984][-0.72785, 0.66002, -0.18601][0.77354, 0.35506, 0][-0.136804, 0.342236, -0.135656][-0.72785, 0.66002, -0.18601][0.79482, 0.32781, 0][-0.108126, 0.372682, -0.13984][-0.80930, 0.55199, -0.20085][0.77354, 0.35506, 0][-0.117351, 0.374023, -0.098984][-0.80930, 0.55199, -0.20085][0.80476, 0.35459, 0][-0.110159, 0.378527, -0.115585][-0.80930, 0.55199, -0.20085][0.79009, 0.35919, 0][-0.211417, 0.253223, 0.012293][-0.69636, 0.24431, 0.67483][0.92506, 0.25073, 0][-0.234606, 0.260907, -0.014418][-0.69636, 0.24431, 0.67483][0.92884, 0.25548, 0][-0.244036, 0.19106, 0.001138][-0.69636, 0.24431, 0.67483][0.94142, 0.19671, 0][-0.262626, 0.422443, 0.083362][-0.70954, -0.62565, 0.32421][0.90124, 0.91238, 0][-0.260414, 0.424579, 0.092325][-0.70954, -0.62565, 0.32421][0.90345, 0.91451, 0][-0.267792, 0.429194, 0.085084][-0.70954, -0.62565, 0.32421][0.89608, 0.91912, 0][-0.211739, 0.271702, 0.003528][-0.67304, 0.30736, 0.67272][0.92150, 0.26584, 0][-0.234606, 0.260907, -0.014418][-0.67304, 0.30736, 0.67272][0.92884, 0.25548, 0][-0.211417, 0.253223, 0.012293][-0.67304, 0.30736, 0.67272][0.92506, 0.25073, 0][-0.216225, 0.328982, 0.006542][-0.69647, -0.34892, -0.62704][0.92714, 0.31474, 0][-0.207791, 0.302371, 0.011982][-0.69647, -0.34892, -0.62704][0.92332, 0.29188, 0][-0.214977, 0.290337, 0.02666][-0.69647, -0.34892, -0.62704][0.93486, 0.28189, 0][-0.243917, 0.129569, 0.065133][-0.84715, 0.22020, -0.48358][0.96752, 0.15430, 0][-0.226468, 0.190166, 0.062158][-0.84715, 0.22020, -0.48358][0.95597, 0.20233, 0][-0.215419, 0.204452, 0.049307][-0.84715, 0.22020, -0.48358][0.94338, 0.21325, 0][-0.262626, 0.442593, 0.041609][-0.74759, -0.25571, -0.61296][0.90124, 0.93251, 0][-0.267792, 0.440931, 0.048603][-0.74759, -0.25571, -0.61296][0.89608, 0.93085, 0][-0.263484, 0.452667, 0.040751][-0.78500, -0.11864, -0.60802][0.90038, 0.94257, 0][-0.264418, 0.431366, 0.050853][-0.69506, -0.38761, -0.60551][0.89945, 0.92129, 0][-0.267792, 0.440931, 0.048603][-0.74759, -0.25571, -0.61296][0.89608, 0.93085, 0][-0.262626, 0.442593, 0.041609][-0.74759, -0.25571, -0.61296][0.90124, 0.93251, 0][-0.207551, 0.249406, 0.074229][-0.86648, 0.34935, -0.35661][0.94973, 0.25023, 0][-0.215419, 0.204452, 0.049307][-0.86648, 0.34935, -0.35661][0.94338, 0.21325, 0][-0.226468, 0.190166, 0.062158][-0.86648, 0.34935, -0.35661][0.95597, 0.20233, 0][-0.263484, 0.421615, 0.072924][-0.75715, -0.64335, 0.11327][0.90038, 0.91155, 0][-0.262626, 0.422443, 0.083362][-0.75715, -0.64335, 0.11327][0.90124, 0.91238, 0][-0.269171, 0.428308, 0.072924][-0.75715, -0.64335, 0.11327][0.89470, 0.91824, 0][-0.262626, 0.422443, 0.062486][-0.77495, -0.62184, -0.11303][0.90124, 0.91238, 0][-0.263484, 0.421615, 0.072924][-0.77495, -0.62184, -0.11303][0.90038, 0.91155, 0][-0.267792, 0.429194, 0.060764][-0.77495, -0.62184, -0.11303][0.89608, 0.91912, 0][-0.264418, 0.431366, 0.050853][-0.77473, -0.50889, -0.37526][0.89945, 0.92129, 0][-0.267792, 0.429194, 0.060764][-0.77473, -0.50889, -0.37526][0.89608, 0.91912, 0][-0.267792, 0.440931, 0.048603][-0.84448, -0.38538, -0.37194][0.89608, 0.93085, 0][-0.262626, 0.422443, 0.062486][-0.68938, -0.62217, -0.37103][0.90124, 0.91238, 0][-0.267792, 0.429194, 0.060764][-0.77473, -0.50889, -0.37526][0.89608, 0.91912, 0][-0.264418, 0.431366, 0.050853][-0.77473, -0.50889, -0.37526][0.89945, 0.92129, 0][-0.169298, 0.309041, -0.102206][-0.83203, -0.50824, 0.22230][0.83693, 0.29733, 0][-0.189359, 0.350901, -0.081587][-0.83203, -0.50824, 0.22230][0.86263, 0.33589, 0][-0.186498, 0.338971, -0.098154][-0.83203, -0.50824, 0.22230][0.85104, 0.32520, 0][-0.189359, 0.350901, -0.081587][-0.81632, -0.51754, 0.25646][0.86263, 0.33589, 0][-0.169298, 0.309041, -0.102206][-0.81632, -0.51754, 0.25646][0.83693, 0.29733, 0][-0.176562, 0.336185, -0.070551][-0.81632, -0.51754, 0.25646][0.85998, 0.32170, 0][-0.041681, 0.095187, -0.157392][-0.91244, -0.05763, -0.40513][0.73094, 0.12111, 0][-0.040267, 0.068644, -0.156801][-0.91244, -0.05763, -0.40513][0.73127, 0.10081, 0][-0.044407, 0.143579, -0.158136][-0.91244, -0.05763, -0.40513][0.73062, 0.15895, 0][-0.260414, 0.424579, 0.053523][-0.75432, -0.57186, -0.32244][0.90345, 0.91451, 0][-0.262626, 0.422443, 0.062486][-0.75432, -0.57186, -0.32244][0.90124, 0.91238, 0][-0.264418, 0.431366, 0.050853][-0.75432, -0.57186, -0.32244][0.89945, 0.92129, 0][-0.176562, 0.336185, -0.070551][-0.81790, -0.40410, 0.40957][0.85998, 0.32170, 0][-0.187786, 0.369037, -0.060552][-0.81790, -0.40410, 0.40957][0.87339, 0.35165, 0][-0.189359, 0.350901, -0.081587][-0.81790, -0.40410, 0.40957][0.86263, 0.33589, 0][-0.260414, 0.433942, 0.043822][-0.68863, -0.45986, -0.56064][0.90345, 0.92387, 0][-0.264418, 0.431366, 0.050853][-0.68863, -0.45986, -0.56064][0.89945, 0.92129, 0][-0.262626, 0.442593, 0.041609][-0.75994, -0.33656, -0.55608][0.90124, 0.93251, 0][-0.260414, 0.424579, 0.053523][-0.60334, -0.57381, -0.55382][0.90345, 0.91451, 0][-0.264418, 0.431366, 0.050853][-0.68863, -0.45986, -0.56064][0.89945, 0.92129, 0][-0.260414, 0.433942, 0.043822][-0.68863, -0.45986, -0.56064][0.90345, 0.92387, 0][-0.257583, 0.427313, 0.046654][-0.70359, -0.51130, -0.49349][0.90627, 0.91724, 0][-0.260414, 0.424579, 0.053523][-0.70359, -0.51130, -0.49349][0.90345, 0.91451, 0][-0.260414, 0.433942, 0.043822][-0.70359, -0.51130, -0.49349][0.90345, 0.92387, 0][-0.044407, 0.143579, -0.158136][-0.97165, -0.06312, -0.22784][0.73062, 0.15895, 0][-0.049373, 0.222107, -0.158712][-0.97165, -0.06312, -0.22784][0.73077, 0.22269, 0][-0.045869, 0.167526, -0.158535][-0.97165, -0.06312, -0.22784][0.73049, 0.17806, 0][-0.19916, 0.392485, -0.05487][-0.74681, -0.47504, 0.46542][0.88471, 0.37367, 0][-0.189359, 0.350901, -0.081587][-0.74681, -0.47504, 0.46542][0.86263, 0.33589, 0][-0.187786, 0.369037, -0.060552][-0.74681, -0.47504, 0.46542][0.87339, 0.35165, 0][-0.045869, 0.167526, -0.158535][-0.99592, -0.06190, -0.06565][0.73049, 0.17806, 0][-0.045122, 0.155372, -0.158408][-0.99592, -0.06190, -0.06565][0.73050, 0.16832, 0][-0.044407, 0.143579, -0.158136][-0.99592, -0.06190, -0.06565][0.73062, 0.15895, 0][-0.001812, 0.390257, -0.16499][-1.00000, 0.00000, 0.00000][0.12897, 0.95920, 0][-0.001812, 0.406901, -0.132977][-1.00000, 0.00000, 0.00000][0.15752, 0.97403, 0][-0.001812, 0.409506, -0.167372][-1.00000, 0.00000, 0.00000][0.12685, 0.97636, 0][0.199582, 0.47397, 0.094995][-0.68892, 0.45969, 0.56042][0.89949, 0.96266, 0][0.203582, 0.471393, 0.102026][-0.68892, 0.45969, 0.56042][0.90348, 0.96008, 0][0.203582, 0.480756, 0.092325][-0.60363, 0.57365, 0.55367][0.90348, 0.96943, 0][0.201372, 0.462742, 0.104239][-0.76022, 0.33639, 0.55579][0.90127, 0.95144, 0][0.203582, 0.471393, 0.102026][-0.68892, 0.45969, 0.56042][0.90348, 0.96008, 0][0.199582, 0.47397, 0.094995][-0.68892, 0.45969, 0.56042][0.89949, 0.96266, 0][0.203582, 0.471393, 0.102026][-0.70363, 0.51127, 0.49346][0.90348, 0.96008, 0][0.206412, 0.478022, 0.099193][-0.70363, 0.51127, 0.49346][0.90631, 0.96670, 0][0.203582, 0.480756, 0.092325][-0.70363, 0.51127, 0.49346][0.90348, 0.96943, 0][0.111772, 0.342233, -0.14538][-0.69552, -0.41057, -0.58964][0.69304, 0.32544, 0][0.08908, 0.363137, -0.133169][-0.69552, -0.41057, -0.58964][0.69137, 0.34104, 0][0.077109, 0.396745, -0.14245][-0.69552, -0.41057, -0.58964][0.70282, 0.36935, 0][0.08908, 0.363137, -0.133169][-0.70984, -0.45794, -0.53518][0.69137, 0.34104, 0][0.111772, 0.342233, -0.14538][-0.70984, -0.45794, -0.53518][0.69304, 0.32544, 0][0.120692, 0.287807, -0.11064][-0.70984, -0.45794, -0.53518][0.66252, 0.27738, 0][0.199582, 0.47397, 0.094995][-0.75459, 0.57160, 0.32228][0.89949, 0.96266, 0][0.203582, 0.480756, 0.092325][-0.75459, 0.57160, 0.32228][0.90348, 0.96943, 0][0.201372, 0.482892, 0.083362][-0.75459, 0.57160, 0.32228][0.90127, 0.97157, 0][0.196202, 0.476141, 0.085084][-0.77434, 0.50922, 0.37562][0.89611, 0.96482, 0][0.199582, 0.47397, 0.094995][-0.77434, 0.50922, 0.37562][0.89949, 0.96266, 0][0.201372, 0.482892, 0.083362][-0.68903, 0.62238, 0.37132][0.90127, 0.97157, 0][0.196202, 0.464404, 0.097245][-0.84408, 0.38583, 0.37238][0.89611, 0.95310, 0][0.199582, 0.47397, 0.094995][-0.77434, 0.50922, 0.37562][0.89949, 0.96266, 0][0.196202, 0.476141, 0.085084][-0.77434, 0.50922, 0.37562][0.89611, 0.96482, 0][0.196202, 0.476141, 0.085084][-0.77469, 0.62213, 0.11318][0.89611, 0.96482, 0][0.201372, 0.482892, 0.083362][-0.77469, 0.62213, 0.11318][0.90127, 0.97157, 0][0.200512, 0.48372, 0.072924][-0.77469, 0.62213, 0.11318][0.90042, 0.97239, 0][0.194822, 0.477027, 0.072924][-0.75697, 0.64353, -0.11342][0.89473, 0.96571, 0][0.200512, 0.48372, 0.072924][-0.75697, 0.64353, -0.11342][0.90042, 0.97239, 0][0.201372, 0.482892, 0.062486][-0.75697, 0.64353, -0.11342][0.90127, 0.97157, 0][0.196202, 0.464404, 0.097245][-0.74729, 0.25595, 0.61322][0.89611, 0.95310, 0][0.201372, 0.462742, 0.104239][-0.74729, 0.25595, 0.61322][0.90127, 0.95144, 0][0.199582, 0.47397, 0.094995][-0.69471, 0.38793, 0.60572][0.89949, 0.96266, 0][0.200512, 0.452667, 0.105097][-0.78475, 0.11879, 0.60832][0.90042, 0.94138, 0][0.201372, 0.462742, 0.104239][-0.74729, 0.25595, 0.61322][0.90127, 0.95144, 0][0.196202, 0.464404, 0.097245][-0.74729, 0.25595, 0.61322][0.89611, 0.95310, 0][0.196202, 0.476141, 0.060764][-0.70937, 0.62591, -0.32407][0.89611, 0.96482, 0][0.201372, 0.482892, 0.062486][-0.70937, 0.62591, -0.32407][0.90127, 0.97157, 0][0.203582, 0.480756, 0.053523][-0.70937, 0.62591, -0.32407][0.90348, 0.96943, 0][0.199582, 0.47397, 0.050853][-0.64795, 0.57739, -0.49677][0.89949, 0.96266, 0][0.203582, 0.480756, 0.053523][-0.64795, 0.57739, -0.49677][0.90348, 0.96943, 0][0.206412, 0.478022, 0.046654][-0.64795, 0.57739, -0.49677][0.90631, 0.96670, 0][0.194822, 0.477027, 0.072924][-0.83131, 0.53950, 0.13365][0.89473, 0.96571, 0][0.196202, 0.476141, 0.085084][-0.83131, 0.53950, 0.13365][0.89611, 0.96482, 0][0.200512, 0.48372, 0.072924][-0.75517, 0.64200, 0.13248][0.90042, 0.97239, 0][0.191532, 0.465909, 0.086643][-0.89390, 0.42820, 0.13264][0.89145, 0.95461, 0][0.196202, 0.476141, 0.085084][-0.83131, 0.53950, 0.13365][0.89611, 0.96482, 0][0.194822, 0.477027, 0.072924][-0.83131, 0.53950, 0.13365][0.89473, 0.96571, 0][0.189522, 0.466555, 0.072924][-0.88431, 0.44756, -0.13297][0.88944, 0.95525, 0][0.194822, 0.477027, 0.072924][-0.83187, 0.53863, -0.13365][0.89473, 0.96571, 0][0.196202, 0.476141, 0.060764][-0.83187, 0.53863, -0.13365][0.89611, 0.96482, 0][0.196202, 0.476141, 0.060764][-0.83187, 0.53863, -0.13365][0.89611, 0.96482, 0][0.194822, 0.477027, 0.072924][-0.83187, 0.53863, -0.13365][0.89473, 0.96571, 0][0.201372, 0.482892, 0.062486][-0.77025, 0.62375, -0.13286][0.90127, 0.97157, 0][0.191532, 0.465909, 0.086643][-0.86089, 0.28719, 0.41998][0.89145, 0.95461, 0][0.196202, 0.464404, 0.097245][-0.86089, 0.28719, 0.41998][0.89611, 0.95310, 0][0.196202, 0.476141, 0.085084][-0.80243, 0.42938, 0.41441][0.89611, 0.96482, 0][0.194822, 0.452667, 0.098163][-0.89898, 0.13821, 0.41561][0.89473, 0.94138, 0][0.196202, 0.464404, 0.097245][-0.86089, 0.28719, 0.41998][0.89611, 0.95310, 0][0.191532, 0.465909, 0.086643][-0.86089, 0.28719, 0.41998][0.89145, 0.95461, 0][0.199582, 0.47397, 0.050853][-0.77674, 0.50555, -0.37564][0.89949, 0.96266, 0][0.196202, 0.476141, 0.060764][-0.77674, 0.50555, -0.37564][0.89611, 0.96482, 0][0.203582, 0.480756, 0.053523][-0.72705, 0.57574, -0.37407][0.90348, 0.96943, 0][0.191532, 0.465909, 0.059205][-0.82068, 0.43162, -0.37443][0.89145, 0.95461, 0][0.196202, 0.476141, 0.060764][-0.77674, 0.50555, -0.37564][0.89611, 0.96482, 0][0.199582, 0.47397, 0.050853][-0.77674, 0.50555, -0.37564][0.89949, 0.96266, 0][0.203582, 0.471393, 0.043822][-0.69249, 0.45424, -0.56046][0.90348, 0.96008, 0][0.199582, 0.47397, 0.050853][-0.69249, 0.45424, -0.56046][0.89949, 0.96266, 0][0.206412, 0.478022, 0.046654][-0.64948, 0.51590, -0.55859][0.90631, 0.96670, 0][0.196202, 0.464404, 0.048603][-0.73159, 0.39002, -0.55916][0.89611, 0.95310, 0][0.199582, 0.47397, 0.050853][-0.69249, 0.45424, -0.56046][0.89949, 0.96266, 0][0.203582, 0.471393, 0.043822][-0.69249, 0.45424, -0.56046][0.90348, 0.96008, 0][0.096168, 0.379348, -0.121473][-0.71231, -0.69980, -0.05371][0.67998, 0.35469, 0][0.091608, 0.384849, -0.132672][-0.71231, -0.69980, -0.05371][0.69025, 0.35991, 0][0.112232, 0.362501, -0.115013][-0.71231, -0.69980, -0.05371][0.66911, 0.34120, 0][0.252422, -0.041931, 0.064973][-0.92731, -0.29284, 0.23310][0.48835, 0.00871, 0][0.234682, -0.023657, 0.017357][-0.92731, -0.29284, 0.23310][0.52602, 0.01844, 0][0.248032, -0.041278, 0.048329][-0.92731, -0.29284, 0.23310][0.50046, 0.00706, 0][0.196202, 0.440931, 0.097245][-0.75234, -0.24055, 0.61329][0.89611, 0.92966, 0][0.201372, 0.442593, 0.104239][-0.75234, -0.24055, 0.61329][0.90127, 0.93132, 0][0.194822, 0.452667, 0.098163][-0.78016, -0.13944, 0.60984][0.89473, 0.94138, 0][0.203582, 0.433942, 0.102026][-0.71622, -0.33901, 0.61000][0.90348, 0.92268, 0][0.201372, 0.442593, 0.104239][-0.75234, -0.24055, 0.61329][0.90127, 0.93132, 0][0.196202, 0.440931, 0.097245][-0.75234, -0.24055, 0.61329][0.89611, 0.92966, 0][0.100372, 0.374707, -0.109117][-0.72075, -0.69303, -0.01508][0.66908, 0.35014, 0][0.096168, 0.379348, -0.121473][-0.72075, -0.69303, -0.01508][0.67998, 0.35469, 0][0.112232, 0.362501, -0.115013][-0.72075, -0.69303, -0.01508][0.66911, 0.34120, 0][0.04503, 0.094908, -0.153664][-0.88970, 0.04705, 0.45412][0.71795, 0.13034, 0][0.044169, 0.077614, -0.153559][-0.88970, 0.04705, 0.45412][0.71793, 0.11781, 0][0.045635, 0.106512, -0.153681][-0.88970, 0.04705, 0.45412][0.71792, 0.13880, 0][0.112232, 0.362501, -0.115013][-0.76608, -0.63962, 0.06324][0.66911, 0.34120, 0][0.086708, 0.390591, -0.140097][-0.76608, -0.63962, 0.06324][0.69776, 0.36499, 0][0.138912, 0.328394, -0.136779][-0.76608, -0.63962, 0.06324][0.67602, 0.31421, 0][0.188132, 0.214866, -0.037232][-0.78689, 0.11436, -0.60641][0.58059, 0.21387, 0][0.208032, 0.249574, -0.056509][-0.78689, 0.11436, -0.60641][0.58337, 0.24193, 0][0.177502, 0.128929, -0.039672][-0.78702, 0.11456, -0.60619][0.58882, 0.14450, 0][0.207362, 0.301319, -0.045902][-0.78675, 0.11416, -0.60663][0.57510, 0.28853, 0][0.208032, 0.249574, -0.056509][-0.78689, 0.11436, -0.60641][0.58337, 0.24193, 0][0.188132, 0.214866, -0.037232][-0.78689, 0.11436, -0.60641][0.58059, 0.21387, 0][0.194032, 0.278403, -0.035314][-0.70599, 0.08586, -0.70300][0.57510, 0.26800, 0][0.207362, 0.301319, -0.045902][-0.70599, 0.08586, -0.70300][0.57510, 0.28853, 0][0.188132, 0.214866, -0.037232][-0.70687, 0.08683, -0.70200][0.58059, 0.21387, 0][0.196362, 0.321931, -0.032399][-0.70512, 0.08489, -0.70399][0.57101, 0.30625, 0][0.207362, 0.301319, -0.045902][-0.70599, 0.08586, -0.70300][0.57510, 0.28853, 0][0.194032, 0.278403, -0.035314][-0.70599, 0.08586, -0.70300][0.57510, 0.26800, 0][0.207362, 0.301319, -0.045902][-0.76835, 0.00920, -0.63996][0.57510, 0.28853, 0][0.196362, 0.321931, -0.032399][-0.76746, 0.00701, -0.64106][0.57101, 0.30625, 0][0.208772, 0.334428, -0.047119][-0.76746, 0.00701, -0.64106][0.57456, 0.31891, 0][0.204912, 0.387101, -0.042115][-0.76656, 0.00483, -0.64216][0.57198, 0.36708, 0][0.208772, 0.334428, -0.047119][-0.76746, 0.00701, -0.64106][0.57456, 0.31891, 0][0.196362, 0.321931, -0.032399][-0.76746, 0.00701, -0.64106][0.57101, 0.30625, 0][0.050194, 0.188701, -0.15383][-0.81438, 0.04886, 0.57828][0.71764, 0.20024, 0][0.047278, 0.139364, -0.153768][-0.81438, 0.04886, 0.57828][0.71788, 0.16306, 0][0.047327, 0.139518, -0.153712][-0.81438, 0.04886, 0.57828][0.71782, 0.16317, 0][0.109702, 0.370409, -0.091268][-0.73305, -0.66490, 0.14333][0.65230, 0.34598, 0][0.112232, 0.362501, -0.115013][-0.73305, -0.66490, 0.14333][0.66911, 0.34120, 0][0.138912, 0.328394, -0.136779][-0.73305, -0.66490, 0.14333][0.67602, 0.31421, 0][0.216392, 0.325575, 0.023345][-0.74435, 0.43225, 0.50902][0.52259, 0.30791, 0][0.204132, 0.286792, 0.038351][-0.74435, 0.43225, 0.50902][0.52144, 0.27441, 0][0.204532, 0.265149, 0.057315][-0.74435, 0.43225, 0.50902][0.51050, 0.25665, 0][0.199582, 0.431366, 0.094995][-0.69250, -0.45429, 0.56041][0.89949, 0.92011, 0][0.203582, 0.433942, 0.102026][-0.69250, -0.45429, 0.56041][0.90348, 0.92268, 0][0.196202, 0.440931, 0.097245][-0.73160, -0.39005, 0.55912][0.89611, 0.92966, 0][0.206412, 0.427313, 0.099193][-0.64948, -0.51597, 0.55853][0.90631, 0.91606, 0][0.203582, 0.433942, 0.102026][-0.69250, -0.45429, 0.56041][0.90348, 0.92268, 0][0.199582, 0.431366, 0.094995][-0.69250, -0.45429, 0.56041][0.89949, 0.92011, 0][0.114702, 0.272146, -0.106955][-0.71977, -0.23543, 0.65307][0.66204, 0.26427, 0][0.134652, 0.226899, -0.101279][-0.71977, -0.23543, 0.65307][0.65015, 0.22578, 0][0.131982, 0.248715, -0.096357][-0.71977, -0.23543, 0.65307][0.64753, 0.24426, 0][0.201372, 0.462742, 0.041609][-0.75234, 0.24054, -0.61329][0.90127, 0.95144, 0][0.196202, 0.464404, 0.048603][-0.75234, 0.24054, -0.61329][0.89611, 0.95310, 0][0.203582, 0.471393, 0.043822][-0.71622, 0.33901, -0.61000][0.90348, 0.96008, 0][0.194822, 0.452667, 0.047685][-0.78017, 0.13943, -0.60984][0.89473, 0.94138, 0][0.196202, 0.464404, 0.048603][-0.75234, 0.24054, -0.61329][0.89611, 0.95310, 0][0.201372, 0.462742, 0.041609][-0.75234, 0.24054, -0.61329][0.90127, 0.95144, 0][0.219862, 0.245156, 0.040099][-0.65778, -0.41961, -0.62551][0.51260, 0.23944, 0][0.201882, 0.261556, 0.048005][-0.65778, -0.41961, -0.62551][0.51762, 0.25377, 0][0.206912, 0.285727, 0.026501][-0.65778, -0.41961, -0.62551][0.52722, 0.27364, 0][0.211432, 0.365028, -0.001866][-0.63900, 0.52947, 0.55798][0.54081, 0.34393, 0][0.207962, 0.371835, -0.012299][-0.63900, 0.52947, 0.55798][0.54966, 0.35058, 0][0.207952, 0.360885, -0.00192][-0.63900, 0.52947, 0.55798][0.54294, 0.33991, 0][0.207962, 0.371835, -0.012299][-0.86572, 0.23556, 0.44163][0.54966, 0.35058, 0][0.211432, 0.365028, -0.001866][-0.86572, 0.23556, 0.44163][0.54081, 0.34393, 0][0.209072, 0.384488, -0.016872][-0.86572, 0.23556, 0.44163][0.55186, 0.36265, 0][0.192692, 0.129994, -0.080144][-0.82498, 0.13494, 0.54882][0.61001, 0.13796, 0][0.164312, 0.0531, -0.103898][-0.82498, 0.13494, 0.54882][0.64064, 0.07766, 0][0.180962, 0.070755, -0.083211][-0.82498, 0.13494, 0.54882][0.61826, 0.09091, 0][0.164312, 0.0531, -0.103898][-0.80091, 0.11400, 0.58784][0.64064, 0.07766, 0][0.192692, 0.129994, -0.080144][-0.80091, 0.11400, 0.58784][0.61001, 0.13796, 0][0.178242, 0.119405, -0.097778][-0.80091, 0.11400, 0.58784][0.62976, 0.12984, 0][0.197822, 0.178817, -0.079743][-0.79367, 0.07844, 0.60327][0.60667, 0.17918, 0][0.178242, 0.119405, -0.097778][-0.79367, 0.07844, 0.60327][0.62976, 0.12984, 0][0.192692, 0.129994, -0.080144][-0.79367, 0.07844, 0.60327][0.61001, 0.13796, 0][0.079454, 0.30235, -0.142748][-0.74352, -0.07486, 0.66451][0.70151, 0.28988, 0][0.08187, 0.3641, -0.133088][-0.74936, 0.00187, 0.66216][0.69374, 0.34124, 0][0.071009, 0.362896, -0.145376][-0.74936, 0.00187, 0.66216][0.70675, 0.34017, 0][0.071009, 0.362896, -0.145376][-0.74936, 0.00187, 0.66216][0.70675, 0.34017, 0][0.08187, 0.3641, -0.133088][-0.74936, 0.00187, 0.66216][0.69374, 0.34124, 0][0.077109, 0.396745, -0.14245][-0.75076, 0.07860, 0.65588][0.70282, 0.36935, 0][0.203582, 0.424579, 0.092325][-0.64796, -0.57733, 0.49682][0.90348, 0.91333, 0][0.206412, 0.427313, 0.099193][-0.64796, -0.57733, 0.49682][0.90631, 0.91606, 0][0.199582, 0.431366, 0.094995][-0.64796, -0.57733, 0.49682][0.89949, 0.92011, 0][0.114702, 0.272146, -0.106955][-0.70101, -0.13991, 0.69929][0.66204, 0.26427, 0][0.101571, 0.295989, -0.115348][-0.70859, -0.14111, 0.69137][0.67316, 0.28425, 0][0.120352, 0.191486, -0.117429][-0.70985, -0.13862, 0.69057][0.66767, 0.19711, 0][0.09305, 0.218115, -0.140493][-0.71423, -0.13797, 0.68618][0.69473, 0.22029, 0][0.120352, 0.191486, -0.117429][-0.70985, -0.13862, 0.69057][0.66767, 0.19711, 0][0.101571, 0.295989, -0.115348][-0.70859, -0.14111, 0.69137][0.67316, 0.28425, 0][0.120352, 0.191486, -0.117429][-0.70985, -0.13862, 0.69057][0.66767, 0.19711, 0][0.09305, 0.218115, -0.140493][-0.71423, -0.13797, 0.68618][0.69473, 0.22029, 0][0.137802, 0.07366, -0.12224][-0.71236, -0.13363, 0.68897][0.66466, 0.09822, 0][0.101571, 0.295989, -0.115348][-0.78501, -0.08825, 0.61316][0.67316, 0.28425, 0][0.079454, 0.30235, -0.142748][-0.78501, -0.08825, 0.61316][0.70151, 0.28988, 0][0.09305, 0.218115, -0.140493][-0.78575, -0.11053, 0.60859][0.69473, 0.22029, 0][0.079454, 0.30235, -0.142748][-0.78501, -0.08825, 0.61316][0.70151, 0.28988, 0][0.101571, 0.295989, -0.115348][-0.78501, -0.08825, 0.61316][0.67316, 0.28425, 0][0.08187, 0.3641, -0.133088][-0.78386, -0.06592, 0.61742][0.69374, 0.34124, 0][0.196202, 0.464404, 0.048603][-0.86494, 0.27473, -0.41999][0.89611, 0.95310, 0][0.191532, 0.465909, 0.059205][-0.86494, 0.27473, -0.41999][0.89145, 0.95461, 0][0.199582, 0.47397, 0.050853][-0.82169, 0.38843, -0.41708][0.89949, 0.96266, 0][0.189522, 0.452667, 0.058536][-0.89540, 0.15696, -0.41669][0.88944, 0.94138, 0][0.191532, 0.465909, 0.059205][-0.86494, 0.27473, -0.41999][0.89145, 0.95461, 0][0.196202, 0.464404, 0.048603][-0.86494, 0.27473, -0.41999][0.89611, 0.95310, 0][0.059197, 0.311289, -0.15254][-0.70795, 0.04537, 0.70480][0.71538, 0.29709, 0][0.057148, 0.288529, -0.153133][-0.70795, 0.04537, 0.70480][0.71619, 0.27859, 0][0.056683, 0.282718, -0.153226][-0.70795, 0.04537, 0.70480][0.71634, 0.27391, 0][0.176442, 0.135908, -0.01731][-0.73212, 0.12517, 0.66958][0.57448, 0.15249, 0][0.179412, 0.11509, -0.010171][-0.73212, 0.12517, 0.66958][0.56884, 0.13639, 0][0.188082, 0.242664, -0.024539][-0.73212, 0.12517, 0.66958][0.57149, 0.23770, 0][0.177502, 0.128929, -0.039672][-0.85381, 0.14241, -0.50074][0.58882, 0.14450, 0][0.193752, 0.134224, -0.065874][-0.85381, 0.14241, -0.50074][0.59912, 0.14297, 0][0.151662, -0.003062, -0.03214][-0.85394, 0.13855, -0.50160][0.59743, 0.05057, 0][0.208032, 0.249574, -0.056509][-0.85366, 0.14626, -0.49987][0.58337, 0.24193, 0][0.193752, 0.134224, -0.065874][-0.85381, 0.14241, -0.50074][0.59912, 0.14297, 0][0.177502, 0.128929, -0.039672][-0.85381, 0.14241, -0.50074][0.58882, 0.14450, 0][0.223292, 0.218837, 0.052583][-0.79303, -0.44234, -0.41886][0.50392, 0.21793, 0][0.200392, 0.24832, 0.064804][-0.79303, -0.44234, -0.41886][0.50898, 0.24341, 0][0.201882, 0.261556, 0.048005][-0.79303, -0.44234, -0.41886][0.51762, 0.25377, 0][0.191532, 0.439427, 0.086643][-0.86495, -0.27476, 0.41997][0.89145, 0.92816, 0][0.196202, 0.440931, 0.097245][-0.86495, -0.27476, 0.41997][0.89611, 0.92966, 0][0.189522, 0.452667, 0.087312][-0.89540, -0.15699, 0.41668][0.88944, 0.94138, 0][0.199582, 0.431366, 0.094995][-0.82169, -0.38846, 0.41705][0.89949, 0.92011, 0][0.196202, 0.440931, 0.097245][-0.86495, -0.27476, 0.41997][0.89611, 0.92966, 0][0.191532, 0.439427, 0.086643][-0.86495, -0.27476, 0.41997][0.89145, 0.92816, 0][0.221322, 0.302625, -0.021963][-0.82854, -0.01566, 0.55971][0.55044, 0.28931, 0][0.225682, 0.333827, -0.014636][-0.82854, -0.01566, 0.55971][0.54204, 0.31757, 0][0.220272, 0.340101, -0.022469][-0.82854, -0.01566, 0.55971][0.55045, 0.32344, 0][0.200392, 0.24832, 0.064804][-0.75456, -0.35815, -0.54988][0.50898, 0.24341, 0][0.223292, 0.218837, 0.052583][-0.75456, -0.35815, -0.54988][0.50392, 0.21793, 0][0.220842, 0.18908, 0.075326][-0.75456, -0.35815, -0.54988][0.49314, 0.19543, 0][0.219452, 0.37799, -0.011407][-0.82472, 0.05787, 0.56257][0.54228, 0.35741, 0][0.231252, 0.346049, 0.009177][-0.82472, 0.05787, 0.56257][0.52227, 0.32768, 0][0.247512, 0.327002, 0.034973][-0.82472, 0.05787, 0.56257][0.49604, 0.31003, 0][0.250912, 0.090267, 0.078975][-0.92938, -0.34635, -0.12764][0.47654, 0.11320, 0][0.271102, 0.050246, 0.040561][-0.92938, -0.34635, -0.12764][0.48780, 0.07005, 0][0.272302, 0.033605, 0.07698][-0.92938, -0.34635, -0.12764][0.46642, 0.06287, 0][0.188132, 0.214866, -0.037232][-0.91231, 0.12393, -0.39030][0.58059, 0.21387, 0][0.177502, 0.128929, -0.039672][-0.91231, 0.12393, -0.39030][0.58882, 0.14450, 0][0.156672, 0.039829, -0.019274][-0.91231, 0.12393, -0.39030][0.58650, 0.08294, 0][0.194032, 0.278403, -0.035314][-0.91931, 0.09688, -0.38142][0.57510, 0.26800, 0][0.188132, 0.214866, -0.037232][-0.91931, 0.09688, -0.38142][0.58059, 0.21387, 0][0.176502, 0.150142, -0.025641][-0.91931, 0.09688, -0.38142][0.57964, 0.16301, 0][0.086708, 0.390591, -0.140097][-0.64047, -0.50678, 0.57704][0.69776, 0.36499, 0][0.115682, 0.3477, -0.145607][-0.64047, -0.50678, 0.57704][0.69188, 0.33059, 0][0.138912, 0.328394, -0.136779][-0.64047, -0.50678, 0.57704][0.67602, 0.31421, 0][0.192762, 0.391022, -0.066762][-0.82954, 0.18775, 0.52595][0.21658, 0.95987, 0][0.206882, 0.406901, -0.05016][-0.82954, 0.18775, 0.52595][0.23138, 0.97403, 0][0.195472, 0.406901, -0.068156][-0.82954, 0.18775, 0.52595][0.21533, 0.97403, 0][0.206882, 0.406901, -0.05016][-0.82861, 0.18403, 0.52872][0.23138, 0.97403, 0][0.192762, 0.391022, -0.066762][-0.82861, 0.18403, 0.52872][0.21658, 0.95987, 0][0.203892, 0.391022, -0.049319][-0.82861, 0.18403, 0.52872][0.23213, 0.95987, 0][0.196362, 0.321931, -0.032399][-0.95369, 0.07063, -0.29237][0.57101, 0.30625, 0][0.194032, 0.278403, -0.035314][-0.95369, 0.07063, -0.29237][0.57510, 0.26800, 0][0.188082, 0.242664, -0.024539][-0.95369, 0.07063, -0.29237][0.57149, 0.23770, 0][0.251042, 0.175757, 0.015063][-0.81271, -0.25708, -0.52288][0.51180, 0.17647, 0][0.258242, 0.087052, 0.05314][-0.80983, -0.28569, -0.51241][0.48701, 0.10542, 0][0.229912, 0.185538, 0.043004][-0.81153, -0.26384, -0.52135][0.50684, 0.18955, 0][0.251042, 0.175757, 0.015063][-0.81271, -0.25708, -0.52288][0.51180, 0.17647, 0][0.229912, 0.185538, 0.043004][-0.81153, -0.26384, -0.52135][0.50684, 0.18955, 0][0.231562, 0.222017, 0.023828][-0.81387, -0.24269, -0.52793][0.51652, 0.21874, 0][0.231562, 0.222017, 0.023828][-0.81387, -0.24269, -0.52793][0.51652, 0.21874, 0][0.242782, 0.226899, 0.004179][-0.81496, -0.24354, -0.52587][0.52227, 0.22124, 0][0.251042, 0.175757, 0.015063][-0.81271, -0.25708, -0.52288][0.51180, 0.17647, 0][0.205252, 0.31031, 0.018214][-0.81075, -0.23542, -0.53597][0.53270, 0.29460, 0][0.208752, 0.329048, 0.004689][-0.81075, -0.23542, -0.53597][0.53895, 0.31143, 0][0.206912, 0.285727, 0.026501][-0.81075, -0.23542, -0.53597][0.52722, 0.27364, 0][0.176822, 0.283956, -0.088277][-0.71962, 0.04018, 0.69320][0.62194, 0.27353, 0][0.186852, 0.287239, -0.078055][-0.71962, 0.04018, 0.69320][0.60942, 0.27631, 0][0.195312, 0.328308, -0.071653][-0.71962, 0.04018, 0.69320][0.59988, 0.31381, 0][0.186852, 0.287239, -0.078055][-0.73006, 0.16755, 0.66253][0.60942, 0.27631, 0][0.176822, 0.283956, -0.088277][-0.73155, 0.16725, 0.66096][0.62194, 0.27353, 0][0.175922, 0.252755, -0.081378][-0.73155, 0.16725, 0.66096][0.61747, 0.24591, 0][0.176822, 0.283956, -0.088277][-0.73155, 0.16725, 0.66096][0.62194, 0.27353, 0][0.155172, 0.267264, -0.108119][-0.73303, 0.16694, 0.65939][0.64679, 0.25917, 0][0.175922, 0.252755, -0.081378][-0.73155, 0.16725, 0.66096][0.61747, 0.24591, 0][0.196202, 0.429194, 0.085084][-0.77675, -0.50550, 0.37568][0.89611, 0.91794, 0][0.199582, 0.431366, 0.094995][-0.77675, -0.50550, 0.37568][0.89949, 0.92011, 0][0.191532, 0.439427, 0.086643][-0.82068, -0.43158, 0.37446][0.89145, 0.92816, 0][0.203582, 0.424579, 0.092325][-0.72707, -0.57568, 0.37412][0.90348, 0.91333, 0][0.199582, 0.431366, 0.094995][-0.77675, -0.50550, 0.37568][0.89949, 0.92011, 0][0.196202, 0.429194, 0.085084][-0.77675, -0.50550, 0.37568][0.89611, 0.91794, 0][0.223922, -0.037943, 0.010987][-0.77375, 0.34623, 0.53050][0.53619, 0.00989, 0][0.248032, -0.041278, 0.048329][-0.77375, 0.34623, 0.53050][0.50046, 0.00706, 0][0.234682, -0.023657, 0.017357][-0.77375, 0.34623, 0.53050][0.52602, 0.01844, 0][0.218152, -0.002942, 0.004096][-0.77871, -0.25420, 0.57359][0.54266, 0.03721, 0][0.234682, -0.023657, 0.017357][-0.77871, -0.25420, 0.57359][0.52602, 0.01844, 0][0.243312, -0.008546, 0.03577][-0.77871, -0.25420, 0.57359][0.50955, 0.03107, 0][0.227592, 0.027107, 0.014504][-0.78022, 0.02869, 0.62484][0.53031, 0.05963, 0][0.218152, -0.002942, 0.004096][-0.78022, 0.02869, 0.62484][0.54266, 0.03721, 0][0.243312, -0.008546, 0.03577][-0.78022, 0.02869, 0.62484][0.50955, 0.03107, 0][0.239602, 0.210843, -0.012972][-0.82204, -0.03079, 0.56860][0.53610, 0.20659, 0][0.248862, 0.191761, -0.000618][-0.82204, -0.03079, 0.56860][0.52284, 0.18948, 0][0.237892, 0.251396, -0.013248][-0.82204, -0.03079, 0.56860][0.53615, 0.24283, 0][0.248862, 0.191761, -0.000618][-0.83469, -0.04998, 0.54845][0.52284, 0.18948, 0][0.239602, 0.210843, -0.012972][-0.83469, -0.04998, 0.54845][0.53610, 0.20659, 0][0.256102, 0.134671, 0.005198][-0.83469, -0.04998, 0.54845][0.51641, 0.13927, 0][0.211232, 0.389663, -0.024807][-0.79888, 0.06131, 0.59836][0.55604, 0.36851, 0][0.204222, 0.400407, -0.035267][-0.79888, 0.06131, 0.59836][0.56714, 0.37867, 0][0.208592, 0.372781, -0.026602][-0.79888, 0.06131, 0.59836][0.55919, 0.35275, 0][0.208202, 0.400424, -0.028104][-0.86993, -0.09678, 0.48359][0.55982, 0.37846, 0][0.204222, 0.400407, -0.035267][-0.86993, -0.09678, 0.48359][0.56714, 0.37867, 0][0.211232, 0.389663, -0.024807][-0.86993, -0.09678, 0.48359][0.55604, 0.36851, 0][0.211232, 0.389663, -0.024807][-0.96612, 0.23301, -0.11103][0.55604, 0.36851, 0][0.209072, 0.384488, -0.016872][-0.96612, 0.23301, -0.11103][0.55186, 0.36265, 0][0.211732, 0.392894, -0.022377][-0.96612, 0.23301, -0.11103][0.55397, 0.37132, 0][0.258242, 0.087052, 0.05314][-0.88460, -0.29189, -0.36369][0.48701, 0.10542, 0][0.237712, 0.128482, 0.069824][-0.88460, -0.29189, -0.36369][0.48837, 0.14480, 0][0.229912, 0.185538, 0.043004][-0.88460, -0.29189, -0.36369][0.50684, 0.18955, 0][0.201372, 0.422443, 0.083362][-0.70938, -0.62591, 0.32407][0.90127, 0.91120, 0][0.203582, 0.424579, 0.092325][-0.70938, -0.62591, 0.32407][0.90348, 0.91333, 0][0.196202, 0.429194, 0.085084][-0.70938, -0.62591, 0.32407][0.89611, 0.91794, 0][0.140182, -0.031737, -0.006286][-0.69232, 0.26440, 0.67140][0.58677, 0.03800, 0][0.149222, -0.031771, 0.003049][-0.69232, 0.26440, 0.67140][0.57725, 0.03702, 0][0.155322, 0.004054, -0.004769][-0.69232, 0.26440, 0.67140][0.57868, 0.05944, 0][0.198012, 0.330595, -0.025143][-0.91507, 0.10601, 0.38910][0.56492, 0.31369, 0][0.188082, 0.242664, -0.024539][-0.91507, 0.10601, 0.38910][0.57149, 0.23770, 0][0.179412, 0.11509, -0.010171][-0.91507, 0.10601, 0.38910][0.56884, 0.13639, 0][0.211562, 0.406901, 0.010396][-0.97996, 0.19501, 0.04049][0.28539, 0.97403, 0][0.207472, 0.391022, -0.012115][-0.97996, 0.19501, 0.04049][0.26531, 0.95987, 0][0.208422, 0.391022, 0.010879][-0.97996, 0.19501, 0.04049][0.28582, 0.95987, 0][0.210572, 0.406901, -0.012745][-0.97770, 0.19406, 0.08031][0.26475, 0.97403, 0][0.205862, 0.391022, -0.031714][-0.97770, 0.19406, 0.08031][0.24784, 0.95987, 0][0.207472, 0.391022, -0.012115][-0.97770, 0.19406, 0.08031][0.26531, 0.95987, 0][0.204222, 0.400407, -0.035267][-0.97640, 0.05663, -0.20842][0.56714, 0.37867, 0][0.204912, 0.387101, -0.042115][-0.97640, 0.05663, -0.20842][0.57198, 0.36708, 0][0.198012, 0.330595, -0.025143][-0.97640, 0.05663, -0.20842][0.56492, 0.31369, 0][0.201432, 0.392688, -0.043922][-0.71277, -0.22962, 0.66275][0.57507, 0.37202, 0][0.196522, 0.389284, -0.050382][-0.71277, -0.22962, 0.66275][0.58248, 0.36886, 0][0.204912, 0.387101, -0.042115][-0.71277, -0.22962, 0.66275][0.57198, 0.36708, 0][0.207472, 0.391022, -0.012115][-0.98029, 0.19304, 0.04194][0.26531, 0.95987, 0][0.211562, 0.406901, 0.010396][-0.98029, 0.19304, 0.04194][0.28539, 0.97403, 0][0.210572, 0.406901, -0.012745][-0.98029, 0.19304, 0.04194][0.26475, 0.97403, 0][0.205862, 0.391022, -0.031714][-0.97799, 0.19172, 0.08235][0.24784, 0.95987, 0][0.210572, 0.406901, -0.012745][-0.97799, 0.19172, 0.08235][0.26475, 0.97403, 0][0.208912, 0.406901, -0.03246][-0.97799, 0.19172, 0.08235][0.24717, 0.97403, 0][0.208912, 0.406901, -0.03246][-0.97522, 0.19244, 0.10913][0.24717, 0.97403, 0][0.203892, 0.391022, -0.049319][-0.97522, 0.19244, 0.10913][0.23213, 0.95987, 0][0.205862, 0.391022, -0.031714][-0.97522, 0.19244, 0.10913][0.24784, 0.95987, 0][0.208422, 0.391022, 0.010879][-0.98102, 0.19381, -0.00607][0.28582, 0.95987, 0][0.211422, 0.406901, 0.033011][-0.98102, 0.19381, -0.00607][0.30556, 0.97403, 0][0.211562, 0.406901, 0.010396][-0.98102, 0.19381, -0.00607][0.28539, 0.97403, 0][0.211422, 0.406901, 0.033011][-0.98077, 0.19502, -0.00698][0.30556, 0.97403, 0][0.208422, 0.391022, 0.010879][-0.98077, 0.19502, -0.00698][0.28582, 0.95987, 0][0.208262, 0.391021, 0.033347][-0.98077, 0.19502, -0.00698][0.30586, 0.95987, 0][0.203892, 0.391022, -0.049319][-0.97547, 0.18960, 0.11188][0.23213, 0.95987, 0][0.208912, 0.406901, -0.03246][-0.97547, 0.18960, 0.11188][0.24717, 0.97403, 0][0.206882, 0.406901, -0.05016][-0.97547, 0.18960, 0.11188][0.23138, 0.97403, 0][0.208262, 0.391021, 0.033347][-0.97950, 0.19374, -0.05522][0.30586, 0.95987, 0][0.210252, 0.406901, 0.053765][-0.97950, 0.19374, -0.05522][0.32407, 0.97403, 0][0.211422, 0.406901, 0.033011][-0.97950, 0.19374, -0.05522][0.30556, 0.97403, 0][0.210252, 0.406901, 0.053765][-0.97981, 0.19244, -0.05417][0.32407, 0.97403, 0][0.208262, 0.391021, 0.033347][-0.97981, 0.19244, -0.05417][0.30586, 0.95987, 0][0.207122, 0.391021, 0.053966][-0.97981, 0.19244, -0.05417][0.32425, 0.95987, 0][0.148482, -0.034401, -0.04174][-0.91886, 0.19782, -0.34141][0.60529, 0.02689, 0][0.151662, -0.003062, -0.03214][-0.91886, 0.19782, -0.34141][0.59743, 0.05057, 0][0.193752, 0.134224, -0.065874][-0.91886, 0.19782, -0.34141][0.59912, 0.14297, 0][0.176502, 0.150142, -0.025641][-0.98368, 0.12466, -0.12971][0.57964, 0.16301, 0][0.188082, 0.242664, -0.024539][-0.98368, 0.12466, -0.12971][0.57149, 0.23770, 0][0.194032, 0.278403, -0.035314][-0.98368, 0.12466, -0.12971][0.57510, 0.26800, 0][0.188552, 0.328893, -0.09915][-0.81672, 0.32805, 0.47471][0.62442, 0.31543, 0][0.172932, 0.32114, -0.120666][-0.81672, 0.32805, 0.47471][0.64889, 0.30843, 0][0.176822, 0.283956, -0.088277][-0.81672, 0.32805, 0.47471][0.62194, 0.27353, 0][0.208032, 0.249574, -0.056509][-0.96960, 0.03703, -0.24188][0.58337, 0.24193, 0][0.207362, 0.301319, -0.045902][-0.96960, 0.03703, -0.24188][0.57510, 0.28853, 0][0.209572, 0.271544, -0.059319][-0.96960, 0.03703, -0.24188][0.58423, 0.26166, 0][0.204132, 0.286792, 0.038351][-0.96345, 0.16626, 0.21007][0.52144, 0.27441, 0][0.201882, 0.261556, 0.048005][-0.96345, 0.16626, 0.21007][0.51762, 0.25377, 0][0.204532, 0.265149, 0.057315][-0.96345, 0.16626, 0.21007][0.51050, 0.25665, 0][0.189522, 0.466555, 0.072924][-0.94023, 0.30469, 0.15210][0.88944, 0.95525, 0][0.191532, 0.465909, 0.086643][-0.94023, 0.30469, 0.15210][0.89145, 0.95461, 0][0.194822, 0.477027, 0.072924][-0.88211, 0.44644, 0.15026][0.89473, 0.96571, 0][0.189522, 0.452667, 0.087312][-0.97628, 0.15579, 0.15037][0.88944, 0.94138, 0][0.191532, 0.465909, 0.086643][-0.94023, 0.30469, 0.15210][0.89145, 0.95461, 0][0.189522, 0.466555, 0.072924][-0.94023, 0.30469, 0.15210][0.88944, 0.95525, 0][0.191532, 0.465909, 0.059205][-0.94182, 0.29973, -0.15210][0.89145, 0.95461, 0][0.189522, 0.466555, 0.072924][-0.94182, 0.29973, -0.15210][0.88944, 0.95525, 0][0.196202, 0.476141, 0.060764][-0.89047, 0.42938, -0.15068][0.89611, 0.96482, 0][0.187182, 0.452667, 0.072924][-0.97486, 0.16426, -0.15056][0.88710, 0.94138, 0][0.189522, 0.466555, 0.072924][-0.94182, 0.29973, -0.15210][0.88944, 0.95525, 0][0.191532, 0.465909, 0.059205][-0.94182, 0.29973, -0.15210][0.89145, 0.95461, 0][0.189522, 0.43878, 0.072924][-0.94182, -0.29972, 0.15212][0.88944, 0.92751, 0][0.191532, 0.439427, 0.086643][-0.94182, -0.29972, 0.15212][0.89145, 0.92816, 0][0.187182, 0.452667, 0.072924][-0.97486, -0.16427, 0.15058][0.88710, 0.94138, 0][0.196202, 0.429194, 0.085084][-0.89048, -0.42935, 0.15071][0.89611, 0.91794, 0][0.191532, 0.439427, 0.086643][-0.94182, -0.29972, 0.15212][0.89145, 0.92816, 0][0.189522, 0.43878, 0.072924][-0.94182, -0.29972, 0.15212][0.88944, 0.92751, 0][0.194822, 0.428308, 0.072924][-0.88210, -0.44644, -0.15029][0.89473, 0.91705, 0][0.189522, 0.43878, 0.072924][-0.94022, -0.30470, -0.15212][0.88944, 0.92751, 0][0.191532, 0.439427, 0.059205][-0.94022, -0.30470, -0.15212][0.89145, 0.92816, 0][0.191532, 0.439427, 0.059205][-0.94022, -0.30470, -0.15212][0.89145, 0.92816, 0][0.189522, 0.43878, 0.072924][-0.94022, -0.30470, -0.15212][0.88944, 0.92751, 0][0.189522, 0.452667, 0.058536][-0.97627, -0.15581, -0.15038][0.88944, 0.94138, 0][0.194822, 0.452667, 0.098163][-0.77300, 0.01007, 0.63432][0.89473, 0.94138, 0][0.200512, 0.452667, 0.105097][-0.77300, 0.01007, 0.63432][0.90042, 0.94138, 0][0.196202, 0.464404, 0.097245][-0.76552, 0.13914, 0.62818][0.89611, 0.95310, 0][0.201372, 0.442593, 0.104239][-0.76753, -0.11917, 0.62983][0.90127, 0.93132, 0][0.200512, 0.452667, 0.105097][-0.77300, 0.01007, 0.63432][0.90042, 0.94138, 0][0.194822, 0.452667, 0.098163][-0.77300, 0.01007, 0.63432][0.89473, 0.94138, 0][0.196202, 0.440931, 0.097245][-0.88987, -0.13863, 0.43464][0.89611, 0.92966, 0][0.194822, 0.452667, 0.098163][-0.89851, 0.00909, 0.43886][0.89473, 0.94138, 0][0.189522, 0.452667, 0.087312][-0.89851, 0.00909, 0.43886][0.88944, 0.94138, 0][0.189522, 0.452667, 0.087312][-0.89851, 0.00909, 0.43886][0.88944, 0.94138, 0][0.194822, 0.452667, 0.098163][-0.89851, 0.00909, 0.43886][0.89473, 0.94138, 0][0.191532, 0.465909, 0.086643][-0.88746, 0.15661, 0.43346][0.89145, 0.95461, 0][0.191532, 0.439427, 0.086643][-0.97494, -0.15602, 0.15856][0.89145, 0.92816, 0][0.189522, 0.452667, 0.087312][-0.98702, 0.00407, 0.16053][0.88944, 0.94138, 0][0.187182, 0.452667, 0.072924][-0.98702, 0.00407, 0.16053][0.88710, 0.94138, 0][0.187182, 0.452667, 0.072924][-0.98702, 0.00407, 0.16053][0.88710, 0.94138, 0][0.189522, 0.452667, 0.087312][-0.98702, 0.00407, 0.16053][0.88944, 0.94138, 0][0.189522, 0.466555, 0.072924][-0.97366, 0.16405, 0.15835][0.88944, 0.95525, 0][0.189522, 0.43878, 0.072924][-0.97366, -0.16406, -0.15835][0.88944, 0.92751, 0][0.187182, 0.452667, 0.072924][-0.98702, -0.00409, -0.16053][0.88710, 0.94138, 0][0.189522, 0.452667, 0.058536][-0.98702, -0.00409, -0.16053][0.88944, 0.94138, 0][0.189522, 0.452667, 0.058536][-0.98702, -0.00409, -0.16053][0.88944, 0.94138, 0][0.187182, 0.452667, 0.072924][-0.98702, -0.00409, -0.16053][0.88710, 0.94138, 0][0.191532, 0.465909, 0.059205][-0.97495, 0.15600, -0.15856][0.89145, 0.95461, 0][0.191532, 0.439427, 0.059205][-0.88746, -0.15663, -0.43346][0.89145, 0.92816, 0][0.189522, 0.452667, 0.058536][-0.89851, -0.00910, -0.43886][0.88944, 0.94138, 0][0.194822, 0.452667, 0.047685][-0.89851, -0.00910, -0.43886][0.89473, 0.94138, 0][0.194822, 0.452667, 0.047685][-0.89851, -0.00910, -0.43886][0.89473, 0.94138, 0][0.189522, 0.452667, 0.058536][-0.89851, -0.00910, -0.43886][0.88944, 0.94138, 0][0.196202, 0.464404, 0.048603][-0.88987, 0.13862, -0.43464][0.89611, 0.95310, 0][0.196202, 0.440931, 0.048603][-0.76552, -0.13915, -0.62818][0.89611, 0.92966, 0][0.194822, 0.452667, 0.047685][-0.77300, -0.01008, -0.63432][0.89473, 0.94138, 0][0.200512, 0.452667, 0.040751][-0.77300, -0.01008, -0.63432][0.90042, 0.94138, 0][0.200512, 0.452667, 0.040751][-0.77300, -0.01008, -0.63432][0.90042, 0.94138, 0][0.194822, 0.452667, 0.047685][-0.77300, -0.01008, -0.63432][0.89473, 0.94138, 0][0.201372, 0.462742, 0.041609][-0.76753, 0.11915, -0.62984][0.90127, 0.95144, 0][0.148482, -0.034401, -0.04174][-0.95667, 0.16958, -0.23670][0.60529, 0.02689, 0][0.140182, -0.031737, -0.006286][-0.95708, 0.17460, -0.23132][0.58677, 0.03800, 0][0.151662, -0.003062, -0.03214][-0.95708, 0.17460, -0.23132][0.59743, 0.05057, 0][0.156672, 0.039829, -0.019274][-0.95744, 0.17961, -0.22593][0.58650, 0.08294, 0][0.151662, -0.003062, -0.03214][-0.95708, 0.17460, -0.23132][0.59743, 0.05057, 0][0.140182, -0.031737, -0.006286][-0.95708, 0.17460, -0.23132][0.58677, 0.03800, 0][0.232142, 0.257912, 0.011226][-0.83722, -0.16906, -0.52008][0.52312, 0.24924, 0][0.242782, 0.226899, 0.004179][-0.83722, -0.16906, -0.52008][0.52227, 0.22124, 0][0.231562, 0.222017, 0.023828][-0.83722, -0.16906, -0.52008][0.51652, 0.21874, 0][0.172932, 0.32114, -0.120666][-0.76667, 0.37423, 0.52171][0.64889, 0.30843, 0][0.155172, 0.267264, -0.108119][-0.76667, 0.37423, 0.52171][0.64679, 0.25917, 0][0.176822, 0.283956, -0.088277][-0.76667, 0.37423, 0.52171][0.62194, 0.27353, 0][0.172932, 0.32114, -0.120666][-0.76115, -0.18862, 0.62054][0.64889, 0.30843, 0][0.188552, 0.328893, -0.09915][-0.76115, -0.18862, 0.62054][0.62442, 0.31543, 0][0.179732, 0.337024, -0.107497][-0.76115, -0.18862, 0.62054][0.63515, 0.32300, 0][0.193582, 0.346926, -0.088502][-0.75396, -0.16513, 0.63583][0.61342, 0.33213, 0][0.179732, 0.337024, -0.107497][-0.75396, -0.16513, 0.63583][0.63515, 0.32300, 0][0.188552, 0.328893, -0.09915][-0.75396, -0.16513, 0.63583][0.62442, 0.31543, 0][0.176822, 0.283956, -0.088277][-0.92543, 0.29815, 0.23385][0.62194, 0.27353, 0][0.195312, 0.328308, -0.071653][-0.94764, 0.21348, 0.23751][0.59988, 0.31381, 0][0.188552, 0.328893, -0.09915][-0.94764, 0.21348, 0.23751][0.62442, 0.31543, 0][0.193582, 0.346926, -0.088502][-0.96257, 0.12716, 0.23935][0.61342, 0.33213, 0][0.188552, 0.328893, -0.09915][-0.94764, 0.21348, 0.23751][0.62442, 0.31543, 0][0.195312, 0.328308, -0.071653][-0.94764, 0.21348, 0.23751][0.59988, 0.31381, 0][0.193752, 0.134224, -0.065874][-0.95776, 0.13901, -0.25176][0.59912, 0.14297, 0][0.208032, 0.249574, -0.056509][-0.95776, 0.13901, -0.25176][0.58337, 0.24193, 0][0.205062, 0.211668, -0.06614][-0.95776, 0.13901, -0.25176][0.59257, 0.20808, 0][0.151662, -0.003062, -0.03214][-0.96116, 0.17604, -0.21257][0.59743, 0.05057, 0][0.156672, 0.039829, -0.019274][-0.96116, 0.17604, -0.21257][0.58650, 0.08294, 0][0.177502, 0.128929, -0.039672][-0.96116, 0.17604, -0.21257][0.58882, 0.14450, 0][0.188082, 0.242664, -0.024539][-0.97309, 0.11944, 0.19707][0.57149, 0.23770, 0][0.176502, 0.150142, -0.025641][-0.97309, 0.11944, 0.19707][0.57964, 0.16301, 0][0.176442, 0.135908, -0.01731][-0.97309, 0.11944, 0.19707][0.57448, 0.15249, 0][0.188082, 0.242664, -0.024539][-0.98951, 0.11237, 0.09084][0.57149, 0.23770, 0][0.198012, 0.330595, -0.025143][-0.98951, 0.11237, 0.09084][0.56492, 0.31369, 0][0.196362, 0.321931, -0.032399][-0.98951, 0.11237, 0.09084][0.57101, 0.30625, 0][0.196362, 0.321931, -0.032399][-0.98857, 0.13855, 0.05937][0.57101, 0.30625, 0][0.198012, 0.330595, -0.025143][-0.98857, 0.13855, 0.05937][0.56492, 0.31369, 0][0.204912, 0.387101, -0.042115][-0.98857, 0.13855, 0.05937][0.57198, 0.36708, 0][0.204532, 0.265149, 0.057315][-0.94182, 0.29954, 0.15248][0.51050, 0.25665, 0][0.201882, 0.261556, 0.048005][-0.94182, 0.29954, 0.15248][0.51762, 0.25377, 0][0.200392, 0.24832, 0.064804][-0.94182, 0.29954, 0.15248][0.50898, 0.24341, 0][0.196872, 0.360868, -0.076172][-0.66922, -0.50389, 0.54612][0.60206, 0.34466, 0][0.204912, 0.387101, -0.042115][-0.66922, -0.50389, 0.54612][0.57198, 0.36708, 0][0.196522, 0.389284, -0.050382][-0.66922, -0.50389, 0.54612][0.58248, 0.36886, 0][0.140182, -0.031737, -0.006286][-0.72748, 0.28121, 0.62586][0.58677, 0.03800, 0][0.155322, 0.004054, -0.004769][-0.72748, 0.28121, 0.62586][0.57868, 0.05944, 0][0.156672, 0.039829, -0.019274][-0.72748, 0.28121, 0.62586][0.58650, 0.08294, 0][0.207952, 0.360885, -0.00192][-0.91976, -0.10180, -0.37905][0.54294, 0.33991, 0][0.208752, 0.329048, 0.004689][-0.91976, -0.10180, -0.37905][0.53895, 0.31143, 0][0.205252, 0.31031, 0.018214][-0.91976, -0.10180, -0.37905][0.53270, 0.29460, 0][0.156672, 0.039829, -0.019274][-0.90978, 0.18499, 0.37158][0.58650, 0.08294, 0][0.155322, 0.004054, -0.004769][-0.90978, 0.18499, 0.37158][0.57868, 0.05944, 0][0.176502, 0.150142, -0.025641][-0.90978, 0.18499, 0.37158][0.57964, 0.16301, 0][0.209072, 0.384488, -0.016872][-0.96255, -0.01342, -0.27077][0.55186, 0.36265, 0][0.211232, 0.389663, -0.024807][-0.96255, -0.01342, -0.27077][0.55604, 0.36851, 0][0.207962, 0.371835, -0.012299][-0.96255, -0.01342, -0.27077][0.54966, 0.35058, 0][0.176442, 0.135908, -0.01731][-0.93761, 0.17856, 0.29832][0.57448, 0.15249, 0][0.176502, 0.150142, -0.025641][-0.93761, 0.17856, 0.29832][0.57964, 0.16301, 0][0.155322, 0.004054, -0.004769][-0.93761, 0.17856, 0.29832][0.57868, 0.05944, 0][0.225682, 0.333827, -0.014636][-0.88050, -0.24194, -0.40765][0.54204, 0.31757, 0][0.227022, 0.265648, 0.022934][-0.88050, -0.24194, -0.40765][0.51842, 0.25622, 0][0.220342, 0.348353, -0.011723][-0.88050, -0.24194, -0.40765][0.54277, 0.33032, 0][0.204912, 0.387101, -0.042115][-0.76739, -0.29364, 0.56999][0.57198, 0.36708, 0][0.203832, 0.396075, -0.038946][-0.76739, -0.29364, 0.56999][0.57009, 0.37498, 0][0.201432, 0.392688, -0.043922][-0.76739, -0.29364, 0.56999][0.57507, 0.37202, 0][0.156672, 0.039829, -0.019274][-0.98422, 0.17696, 0.00061][0.58650, 0.08294, 0][0.176502, 0.150142, -0.025641][-0.98422, 0.17696, 0.00061][0.57964, 0.16301, 0][0.188132, 0.214866, -0.037232][-0.98422, 0.17696, 0.00061][0.58059, 0.21387, 0][0.196872, 0.360868, -0.076172][-0.98097, 0.07202, 0.18031][0.60206, 0.34466, 0][0.193582, 0.346926, -0.088502][-0.98097, 0.07202, 0.18031][0.61342, 0.33213, 0][0.195312, 0.328308, -0.071653][-0.98097, 0.07202, 0.18031][0.59988, 0.31381, 0][0.207772, 0.303829, -0.059088][-0.84536, -0.17041, 0.50629][0.58444, 0.29119, 0][0.208772, 0.334428, -0.047119][-0.86320, -0.09174, 0.49646][0.57456, 0.31891, 0][0.195312, 0.328308, -0.071653][-0.86320, -0.09174, 0.49646][0.59988, 0.31381, 0][0.195312, 0.328308, -0.071653][-0.86320, -0.09174, 0.49646][0.59988, 0.31381, 0][0.208772, 0.334428, -0.047119][-0.86320, -0.09174, 0.49646][0.57456, 0.31891, 0][0.206792, 0.358083, -0.050095][-0.87534, -0.01246, 0.48334][0.57734, 0.34091, 0][0.207952, 0.360885, -0.00192][-0.99822, 0.05829, 0.01256][0.54294, 0.33991, 0][0.205252, 0.31031, 0.018214][-0.99822, 0.05829, 0.01256][0.53270, 0.29460, 0][0.204132, 0.286792, 0.038351][-0.99822, 0.05829, 0.01256][0.52144, 0.27441, 0][0.204132, 0.286792, 0.038351][-0.97358, -0.00055, -0.22835][0.52144, 0.27441, 0][0.206912, 0.285727, 0.026501][-0.97358, -0.00055, -0.22835][0.52722, 0.27364, 0][0.201882, 0.261556, 0.048005][-0.97358, -0.00055, -0.22835][0.51762, 0.25377, 0][0.206912, 0.285727, 0.026501][-0.96699, -0.13760, -0.21449][0.52722, 0.27364, 0][0.204132, 0.286792, 0.038351][-0.96699, -0.13760, -0.21449][0.52144, 0.27441, 0][0.205252, 0.31031, 0.018214][-0.96699, -0.13760, -0.21449][0.53270, 0.29460, 0][0.207972, 0.41301, 0.05623][-0.81990, 0.00000, -0.57251][0.32627, 0.97948, 0][0.211532, 0.41301, 0.051888][-0.77331, 0.00000, -0.63403][0.32240, 0.97948, 0][0.211532, -0.117831, 0.051888][-0.77327, 0.00000, -0.63408][0.32240, 0.50605, 0][0.207972, -0.117831, 0.056229][-0.86187, 0.00000, -0.50713][0.32627, 0.50605, 0][0.207972, 0.41301, 0.05623][-0.81990, 0.00000, -0.57251][0.32627, 0.97948, 0][0.211532, -0.117831, 0.051888][-0.77327, 0.00000, -0.63408][0.32240, 0.50605, 0][0.204652, 0.41301, 0.063023][-0.93698, 0.00000, -0.34939][0.33233, 0.97948, 0][0.207972, 0.41301, 0.05623][-0.81990, 0.00000, -0.57251][0.32627, 0.97948, 0][0.207972, -0.117831, 0.056229][-0.86187, 0.00000, -0.50713][0.32627, 0.50605, 0][0.204652, -0.117831, 0.063023][-0.96682, 0.00000, -0.25546][0.33233, 0.50605, 0][0.204652, 0.41301, 0.063023][-0.93698, 0.00000, -0.34939][0.33233, 0.97948, 0][0.207972, -0.117831, 0.056229][-0.86187, 0.00000, -0.50713][0.32627, 0.50605, 0][0.203192, 0.41301, 0.072031][-0.99854, 0.00000, -0.05395][0.34036, 0.97948, 0][0.204652, 0.41301, 0.063023][-0.93698, 0.00000, -0.34939][0.33233, 0.97948, 0][0.204652, -0.117831, 0.063023][-0.96682, 0.00000, -0.25546][0.33233, 0.50605, 0][0.203192, -0.117831, 0.072031][-0.99854, 0.00000, 0.05394][0.34036, 0.50605, 0][0.203192, 0.41301, 0.072031][-0.99854, 0.00000, -0.05395][0.34036, 0.97948, 0][0.204652, -0.117831, 0.063023][-0.96682, 0.00000, -0.25546][0.33233, 0.50605, 0][0.204652, 0.41301, 0.08104][-0.96682, 0.00000, 0.25546][0.34840, 0.97948, 0][0.203192, 0.41301, 0.072031][-0.99854, 0.00000, -0.05395][0.34036, 0.97948, 0][0.203192, -0.117831, 0.072031][-0.99854, 0.00000, 0.05394][0.34036, 0.50605, 0][0.204652, -0.117831, 0.08104][-0.93697, 0.00000, 0.34941][0.34840, 0.50605, 0][0.204652, 0.41301, 0.08104][-0.96682, 0.00000, 0.25546][0.34840, 0.97948, 0][0.203192, -0.117831, 0.072031][-0.99854, 0.00000, 0.05394][0.34036, 0.50605, 0][0.207972, 0.41301, 0.087833][-0.86188, 0.00000, 0.50711][0.35445, 0.97948, 0][0.204652, 0.41301, 0.08104][-0.96682, 0.00000, 0.25546][0.34840, 0.97948, 0][0.204652, -0.117831, 0.08104][-0.93697, 0.00000, 0.34941][0.34840, 0.50605, 0][0.207972, -0.117831, 0.087833][-0.81992, 0.00000, 0.57248][0.35445, 0.50605, 0][0.207972, 0.41301, 0.087833][-0.86188, 0.00000, 0.50711][0.35445, 0.97948, 0][0.204652, -0.117831, 0.08104][-0.93697, 0.00000, 0.34941][0.34840, 0.50605, 0][0.211532, 0.41301, 0.092175][-0.77331, 0.00000, 0.63403][0.35833, 0.97948, 0][0.207972, 0.41301, 0.087833][-0.86188, 0.00000, 0.50711][0.35445, 0.97948, 0][0.207972, -0.117831, 0.087833][-0.81992, 0.00000, 0.57248][0.35445, 0.50605, 0][0.211532, -0.117831, 0.092175][-0.77331, 0.00000, 0.63403][0.35833, 0.50605, 0][0.211532, 0.41301, 0.092175][-0.77331, 0.00000, 0.63403][0.35833, 0.97948, 0][0.207972, -0.117831, 0.087833][-0.81992, 0.00000, 0.57248][0.35445, 0.50605, 0][0.271102, 0.050246, 0.040561][-0.92857, -0.22305, -0.29667][0.48780, 0.07005, 0][0.258242, 0.087052, 0.05314][-0.92857, -0.22305, -0.29667][0.48701, 0.10542, 0][0.256542, 0.147615, 0.012927][-0.92857, -0.22305, -0.29667][0.51071, 0.15117, 0][0.232142, 0.257912, 0.011226][-0.91637, -0.24191, -0.31899][0.52312, 0.24924, 0][0.237782, 0.261195, -0.007466][-0.91637, -0.24191, -0.31899][0.53202, 0.25170, 0][0.242782, 0.226899, 0.004179][-0.91637, -0.24191, -0.31899][0.52227, 0.22124, 0][0.227022, 0.265648, 0.022934][-0.93852, -0.15213, -0.30990][0.51842, 0.25622, 0][0.237782, 0.261195, -0.007466][-0.93852, -0.15213, -0.30990][0.53202, 0.25170, 0][0.232142, 0.257912, 0.011226][-0.93852, -0.15213, -0.30990][0.52312, 0.24924, 0][0.195312, 0.328308, -0.071653][-0.92704, 0.09477, 0.36278][0.59988, 0.31381, 0][0.206792, 0.358083, -0.050095][-0.92704, 0.09477, 0.36278][0.57734, 0.34091, 0][0.196872, 0.360868, -0.076172][-0.92704, 0.09477, 0.36278][0.60206, 0.34466, 0][0.204912, 0.387101, -0.042115][-0.92898, -0.15288, 0.33707][0.57198, 0.36708, 0][0.196872, 0.360868, -0.076172][-0.92898, -0.15288, 0.33707][0.60206, 0.34466, 0][0.206792, 0.358083, -0.050095][-0.92898, -0.15288, 0.33707][0.57734, 0.34091, 0][0.208752, 0.329048, 0.004689][-0.99886, -0.03239, -0.03514][0.53895, 0.31143, 0][0.207952, 0.360885, -0.00192][-0.99886, -0.03239, -0.03514][0.54294, 0.33991, 0][0.207962, 0.371835, -0.012299][-0.99886, -0.03239, -0.03514][0.54966, 0.35058, 0][0.220342, 0.348353, -0.011723][-0.87480, -0.38148, 0.29864][0.54277, 0.33032, 0][0.220272, 0.340101, -0.022469][-0.87480, -0.38148, 0.29864][0.55045, 0.32344, 0][0.225682, 0.333827, -0.014636][-0.87480, -0.38148, 0.29864][0.54204, 0.31757, 0][0.271102, 0.050246, 0.040561][-0.93970, -0.24775, -0.23578][0.48780, 0.07005, 0][0.250912, 0.090267, 0.078975][-0.93970, -0.24775, -0.23578][0.47654, 0.11320, 0][0.258242, 0.087052, 0.05314][-0.93970, -0.24775, -0.23578][0.48701, 0.10542, 0][0.237712, 0.128482, 0.069824][-0.90693, -0.36404, -0.21202][0.48837, 0.14480, 0][0.258242, 0.087052, 0.05314][-0.90693, -0.36404, -0.21202][0.48701, 0.10542, 0][0.250912, 0.090267, 0.078975][-0.90693, -0.36404, -0.21202][0.47654, 0.11320, 0][0.251042, 0.175757, 0.015063][-0.96094, -0.17130, -0.21737][0.51180, 0.17647, 0][0.256542, 0.147615, 0.012927][-0.96094, -0.17130, -0.21737][0.51071, 0.15117, 0][0.258242, 0.087052, 0.05314][-0.96094, -0.17130, -0.21737][0.48701, 0.10542, 0][0.220842, 0.18908, 0.075326][-0.94111, -0.24041, -0.23774][0.49314, 0.19543, 0][0.229912, 0.185538, 0.043004][-0.94111, -0.24041, -0.23774][0.50684, 0.18955, 0][0.237712, 0.128482, 0.069824][-0.94111, -0.24041, -0.23774][0.48837, 0.14480, 0][0.223292, 0.218837, 0.052583][-0.95946, -0.11698, -0.25642][0.50392, 0.21793, 0][0.229912, 0.185538, 0.043004][-0.95946, -0.11698, -0.25642][0.50684, 0.18955, 0][0.220842, 0.18908, 0.075326][-0.95946, -0.11698, -0.25642][0.49314, 0.19543, 0][0.231562, 0.222017, 0.023828][-0.95377, -0.09571, -0.28489][0.51652, 0.21874, 0][0.223292, 0.218837, 0.052583][-0.95377, -0.09571, -0.28489][0.50392, 0.21793, 0][0.232142, 0.257912, 0.011226][-0.95511, -0.08428, -0.28401][0.52312, 0.24924, 0][0.223292, 0.218837, 0.052583][-0.95377, -0.09571, -0.28489][0.50392, 0.21793, 0][0.231562, 0.222017, 0.023828][-0.95377, -0.09571, -0.28489][0.51652, 0.21874, 0][0.229912, 0.185538, 0.043004][-0.95230, -0.10713, -0.28573][0.50684, 0.18955, 0][0.206692, 0.263224, -0.068001][-0.85725, 0.04562, 0.51288][0.59229, 0.25415, 0][0.200992, 0.243265, -0.075753][-0.85725, 0.04562, 0.51288][0.60128, 0.23624, 0][0.205062, 0.211668, -0.06614][-0.85725, 0.04562, 0.51288][0.59257, 0.20808, 0][0.205062, 0.211668, -0.06614][-0.98660, 0.03693, 0.15890][0.59257, 0.20808, 0][0.208032, 0.249574, -0.056509][-0.97874, 0.06709, 0.19381][0.58337, 0.24193, 0][0.206692, 0.263224, -0.068001][-0.97874, 0.06709, 0.19381][0.59229, 0.25415, 0][0.209572, 0.271544, -0.059319][-0.96874, 0.09710, 0.22830][0.58423, 0.26166, 0][0.206692, 0.263224, -0.068001][-0.97874, 0.06709, 0.19381][0.59229, 0.25415, 0][0.208032, 0.249574, -0.056509][-0.97874, 0.06709, 0.19381][0.58337, 0.24193, 0][0.202822, 0.223221, -0.075422][-0.98776, -0.08805, 0.12877][0.60040, 0.21812, 0][0.205062, 0.211668, -0.06614][-0.98776, -0.08805, 0.12877][0.59257, 0.20808, 0][0.200992, 0.243265, -0.075753][-0.98776, -0.08805, 0.12877][0.60128, 0.23624, 0][0.207772, 0.303829, -0.059088][-0.93096, -0.05449, 0.36103][0.58444, 0.29119, 0][0.206692, 0.263224, -0.068001][-0.93096, -0.05449, 0.36103][0.59229, 0.25415, 0][0.209572, 0.271544, -0.059319][-0.93096, -0.05449, 0.36103][0.58423, 0.26166, 0][0.209572, 0.271544, -0.059319][-0.99760, -0.05532, -0.04155][0.58423, 0.26166, 0][0.207362, 0.301319, -0.045902][-0.99945, -0.00683, -0.03238][0.57510, 0.28853, 0][0.207772, 0.303829, -0.059088][-0.99945, -0.00683, -0.03238][0.58444, 0.29119, 0][0.208772, 0.334428, -0.047119][-0.99886, 0.04169, -0.02312][0.57456, 0.31891, 0][0.207772, 0.303829, -0.059088][-0.99945, -0.00683, -0.03238][0.58444, 0.29119, 0][0.207362, 0.301319, -0.045902][-0.99945, -0.00683, -0.03238][0.57510, 0.28853, 0][0.206792, 0.358083, -0.050095][-0.99589, -0.07745, 0.04700][0.57734, 0.34091, 0][0.208772, 0.334428, -0.047119][-0.99589, -0.07745, 0.04700][0.57456, 0.31891, 0][0.204912, 0.387101, -0.042115][-0.99589, -0.07745, 0.04700][0.57198, 0.36708, 0][0.201372, 0.442593, 0.041609][-0.74728, -0.25598, -0.61322][0.90127, 0.93132, 0][0.196202, 0.440931, 0.048603][-0.74728, -0.25598, -0.61322][0.89611, 0.92966, 0][0.200512, 0.452667, 0.040751][-0.78475, -0.11880, -0.60832][0.90042, 0.94138, 0][0.199582, 0.431366, 0.050853][-0.69469, -0.38797, -0.60571][0.89949, 0.92011, 0][0.196202, 0.440931, 0.048603][-0.74728, -0.25598, -0.61322][0.89611, 0.92966, 0][0.201372, 0.442593, 0.041609][-0.74728, -0.25598, -0.61322][0.90127, 0.93132, 0][0.237782, 0.261195, -0.007466][-0.93454, -0.18566, -0.30358][0.53202, 0.25170, 0][0.227022, 0.265648, 0.022934][-0.93454, -0.18566, -0.30358][0.51842, 0.25622, 0][0.225682, 0.333827, -0.014636][-0.93454, -0.18566, -0.30358][0.54204, 0.31757, 0][0.211732, 0.392894, -0.022377][-0.91515, -0.14210, 0.37724][0.55397, 0.37132, 0][0.208202, 0.400424, -0.028104][-0.91515, -0.14210, 0.37724][0.55982, 0.37846, 0][0.211232, 0.389663, -0.024807][-0.91515, -0.14210, 0.37724][0.55604, 0.36851, 0][0.227022, 0.265648, 0.022934][-0.93714, -0.13035, -0.32369][0.51842, 0.25622, 0][0.232142, 0.257912, 0.011226][-0.93714, -0.13035, -0.32369][0.52312, 0.24924, 0][0.223292, 0.218837, 0.052583][-0.93714, -0.13035, -0.32369][0.50392, 0.21793, 0][0.204912, 0.387101, -0.042115][-0.89345, -0.24131, 0.37885][0.57198, 0.36708, 0][0.204222, 0.400407, -0.035267][-0.89345, -0.24131, 0.37885][0.56714, 0.37867, 0][0.203832, 0.396075, -0.038946][-0.89345, -0.24131, 0.37885][0.57009, 0.37498, 0][0.193752, 0.134224, -0.065874][-0.95954, 0.23552, -0.15432][0.59912, 0.14297, 0][0.180962, 0.070755, -0.083211][-0.95954, 0.23552, -0.15432][0.61826, 0.09091, 0][0.148482, -0.034401, -0.04174][-0.95954, 0.23552, -0.15432][0.60529, 0.02689, 0][0.180962, 0.070755, -0.083211][-0.98099, 0.19344, 0.01553][0.61826, 0.09091, 0][0.193752, 0.134224, -0.065874][-0.98099, 0.19344, 0.01553][0.59912, 0.14297, 0][0.192692, 0.129994, -0.080144][-0.98099, 0.19344, 0.01553][0.61001, 0.13796, 0][0.192692, 0.129994, -0.080144][-0.99364, 0.10405, 0.04297][0.61001, 0.13796, 0][0.193752, 0.134224, -0.065874][-0.99364, 0.10405, 0.04297][0.59912, 0.14297, 0][0.197822, 0.178817, -0.079743][-0.99364, 0.10405, 0.04297][0.60667, 0.17918, 0][0.197822, 0.178817, -0.079743][-0.94403, 0.07504, 0.32122][0.60667, 0.17918, 0][0.205062, 0.211668, -0.06614][-0.94403, 0.07504, 0.32122][0.59257, 0.20808, 0][0.202822, 0.223221, -0.075422][-0.94403, 0.07504, 0.32122][0.60040, 0.21812, 0][0.160222, -0.00571, -0.075947][-0.96090, 0.24915, -0.12081][0.62281, 0.03778, 0][0.148482, -0.034401, -0.04174][-0.96090, 0.24915, -0.12081][0.60529, 0.02689, 0][0.180962, 0.070755, -0.083211][-0.96090, 0.24915, -0.12081][0.61826, 0.09091, 0][0.220272, 0.340101, -0.022469][-0.97549, -0.17142, 0.13799][0.55045, 0.32344, 0][0.220342, 0.348353, -0.011723][-0.97549, -0.17142, 0.13799][0.54277, 0.33032, 0][0.211232, 0.389663, -0.024807][-0.97549, -0.17142, 0.13799][0.55604, 0.36851, 0][0.272812, 0.034173, 0.040851][-0.98304, -0.10183, 0.15254][0.48715, 0.05647, 0][0.271102, 0.050246, 0.040561][-0.98304, -0.10183, 0.15254][0.48780, 0.07005, 0][0.265202, 0.074107, 0.018468][-0.98304, -0.10183, 0.15254][0.50430, 0.08765, 0][0.265202, 0.074107, 0.018468][-0.86157, 0.11318, 0.49486][0.50430, 0.08765, 0][0.263632, 0.040448, 0.023433][-0.86157, 0.11318, 0.49486][0.50333, 0.06112, 0][0.272812, 0.034173, 0.040851][-0.86157, 0.11318, 0.49486][0.48715, 0.05647, 0][0.256102, 0.134671, 0.005198][-0.79994, 0.01127, 0.59998][0.51641, 0.13927, 0][0.256602, 0.075483, 0.006976][-0.79994, 0.01127, 0.59998][0.51685, 0.08924, 0][0.265202, 0.074107, 0.018468][-0.79994, 0.01127, 0.59998][0.50430, 0.08765, 0][0.265202, 0.074107, 0.018468][-0.78699, 0.12580, 0.60400][0.50430, 0.08765, 0][0.256602, 0.075483, 0.006976][-0.78699, 0.12580, 0.60400][0.51685, 0.08924, 0][0.263632, 0.040448, 0.023433][-0.78699, 0.12580, 0.60400][0.50333, 0.06112, 0][0.203582, 0.433942, 0.043822][-0.68898, -0.45966, -0.56038][0.90348, 0.92268, 0][0.199582, 0.431366, 0.050853][-0.68898, -0.45966, -0.56038][0.89949, 0.92011, 0][0.201372, 0.442593, 0.041609][-0.76025, -0.33638, -0.55576][0.90127, 0.93132, 0][0.203582, 0.424579, 0.053523][-0.60372, -0.57361, -0.55362][0.90348, 0.91333, 0][0.199582, 0.431366, 0.050853][-0.68898, -0.45966, -0.56038][0.89949, 0.92011, 0][0.203582, 0.433942, 0.043822][-0.68898, -0.45966, -0.56038][0.90348, 0.92268, 0][0.205062, 0.211668, -0.06614][-0.97441, 0.14290, 0.17351][0.59257, 0.20808, 0][0.197822, 0.178817, -0.079743][-0.97441, 0.14290, 0.17351][0.60667, 0.17918, 0][0.193752, 0.134224, -0.065874][-0.97441, 0.14290, 0.17351][0.59912, 0.14297, 0][0.251042, 0.175757, 0.015063][-0.98327, -0.17682, -0.04376][0.51180, 0.17647, 0][0.248862, 0.191761, -0.000618][-0.98327, -0.17682, -0.04376][0.52284, 0.18948, 0][0.256542, 0.147615, 0.012927][-0.98072, -0.18749, -0.05501][0.51071, 0.15117, 0][0.242782, 0.226899, 0.004179][-0.98557, -0.16610, -0.03250][0.52227, 0.22124, 0][0.248862, 0.191761, -0.000618][-0.98327, -0.17682, -0.04376][0.52284, 0.18948, 0][0.251042, 0.175757, 0.015063][-0.98327, -0.17682, -0.04376][0.51180, 0.17647, 0][0.242782, 0.226899, 0.004179][-0.98417, -0.17451, 0.03086][0.52227, 0.22124, 0][0.237892, 0.251396, -0.013248][-0.98417, -0.17451, 0.03086][0.53615, 0.24283, 0][0.248862, 0.191761, -0.000618][-0.98417, -0.17451, 0.03086][0.52284, 0.18948, 0][0.237892, 0.251396, -0.013248][-0.98519, -0.09521, 0.14261][0.53615, 0.24283, 0][0.242782, 0.226899, 0.004179][-0.98519, -0.09521, 0.14261][0.52227, 0.22124, 0][0.237782, 0.261195, -0.007466][-0.98519, -0.09521, 0.14261][0.53202, 0.25170, 0][0.237892, 0.251396, -0.013248][-0.96779, -0.13592, 0.21194][0.53615, 0.24283, 0][0.237782, 0.261195, -0.007466][-0.96779, -0.13592, 0.21194][0.53202, 0.25170, 0][0.232182, 0.290299, -0.014373][-0.96779, -0.13592, 0.21194][0.53922, 0.27807, 0][0.225682, 0.333827, -0.014636][-0.97282, -0.14417, 0.18122][0.54204, 0.31757, 0][0.232182, 0.290299, -0.014373][-0.97282, -0.14417, 0.18122][0.53922, 0.27807, 0][0.237782, 0.261195, -0.007466][-0.97282, -0.14417, 0.18122][0.53202, 0.25170, 0][0.200512, 0.421615, 0.072924][-0.75697, -0.64353, 0.11342][0.90042, 0.91037, 0][0.201372, 0.422443, 0.083362][-0.75697, -0.64353, 0.11342][0.90127, 0.91120, 0][0.194822, 0.428308, 0.072924][-0.75697, -0.64353, 0.11342][0.89473, 0.91705, 0][0.201372, 0.422443, 0.062486][-0.77469, -0.62213, -0.11318][0.90127, 0.91120, 0][0.200512, 0.421615, 0.072924][-0.77469, -0.62213, -0.11318][0.90042, 0.91037, 0][0.196202, 0.429194, 0.060764][-0.77469, -0.62213, -0.11318][0.89611, 0.91794, 0][0.219452, 0.37799, -0.011407][-0.93305, -0.29703, 0.20298][0.54228, 0.35741, 0][0.240262, 0.341494, 0.030845][-0.93305, -0.29703, 0.20298][0.50277, 0.32286, 0][0.217802, 0.384643, -0.009256][-0.93305, -0.29703, 0.20298][0.54159, 0.36314, 0][0.240262, 0.341494, 0.030845][-0.90007, -0.42974, 0.07210][0.50277, 0.32286, 0][0.219452, 0.37799, -0.011407][-0.90007, -0.42974, 0.07210][0.54228, 0.35741, 0][0.247512, 0.327002, 0.034973][-0.90007, -0.42974, 0.07210][0.49604, 0.31003, 0][0.256102, 0.134671, 0.005198][-0.96963, -0.10024, 0.22308][0.51641, 0.13927, 0][0.256542, 0.147615, 0.012927][-0.96963, -0.10024, 0.22308][0.51071, 0.15117, 0][0.248862, 0.191761, -0.000618][-0.96963, -0.10024, 0.22308][0.52284, 0.18948, 0][0.196202, 0.440931, 0.048603][-0.86091, -0.28718, -0.41995][0.89611, 0.92966, 0][0.191532, 0.439427, 0.059205][-0.86091, -0.28718, -0.41995][0.89145, 0.92816, 0][0.194822, 0.452667, 0.047685][-0.89899, -0.13822, -0.41560][0.89473, 0.94138, 0][0.196202, 0.429194, 0.060764][-0.80246, -0.42935, -0.41438][0.89611, 0.91794, 0][0.191532, 0.439427, 0.059205][-0.86091, -0.28718, -0.41995][0.89145, 0.92816, 0][0.196202, 0.440931, 0.048603][-0.86091, -0.28718, -0.41995][0.89611, 0.92966, 0][0.194822, 0.428308, 0.072924][-0.83187, -0.53863, 0.13365][0.89473, 0.91705, 0][0.196202, 0.429194, 0.085084][-0.83187, -0.53863, 0.13365][0.89611, 0.91794, 0][0.189522, 0.43878, 0.072924][-0.88431, -0.44756, 0.13297][0.88944, 0.92751, 0][0.201372, 0.422443, 0.083362][-0.77025, -0.62375, 0.13286][0.90127, 0.91120, 0][0.196202, 0.429194, 0.085084][-0.83187, -0.53863, 0.13365][0.89611, 0.91794, 0][0.194822, 0.428308, 0.072924][-0.83187, -0.53863, 0.13365][0.89473, 0.91705, 0][0.200512, 0.421615, 0.072924][-0.75517, -0.64200, -0.13248][0.90042, 0.91037, 0][0.194822, 0.428308, 0.072924][-0.83132, -0.53948, -0.13365][0.89473, 0.91705, 0][0.196202, 0.429194, 0.060764][-0.83132, -0.53948, -0.13365][0.89611, 0.91794, 0][0.196202, 0.429194, 0.060764][-0.83132, -0.53948, -0.13365][0.89611, 0.91794, 0][0.194822, 0.428308, 0.072924][-0.83132, -0.53948, -0.13365][0.89473, 0.91705, 0][0.191532, 0.439427, 0.059205][-0.89391, -0.42816, -0.13264][0.89145, 0.92816, 0][0.206412, 0.427313, 0.046654][-0.70372, -0.51121, -0.49340][0.90631, 0.91606, 0][0.203582, 0.424579, 0.053523][-0.70372, -0.51121, -0.49340][0.90348, 0.91333, 0][0.203582, 0.433942, 0.043822][-0.70372, -0.51121, -0.49340][0.90348, 0.92268, 0][0.265202, 0.074107, 0.018468][-0.98376, -0.11823, 0.13503][0.50430, 0.08765, 0][0.271102, 0.050246, 0.040561][-0.98376, -0.11823, 0.13503][0.48780, 0.07005, 0][0.256102, 0.134671, 0.005198][-0.98376, -0.11823, 0.13503][0.51641, 0.13927, 0][0.256102, 0.134671, 0.005198][-0.97517, -0.08816, 0.20316][0.51641, 0.13927, 0][0.271102, 0.050246, 0.040561][-0.97517, -0.08816, 0.20316][0.48780, 0.07005, 0][0.256542, 0.147615, 0.012927][-0.97517, -0.08816, 0.20316][0.51071, 0.15117, 0][0.243312, -0.008546, 0.03577][-0.92492, 0.07382, 0.37292][0.50955, 0.03107, 0][0.234682, -0.023657, 0.017357][-0.92492, 0.07382, 0.37292][0.52602, 0.01844, 0][0.252422, -0.041931, 0.064973][-0.92492, 0.07382, 0.37292][0.48835, 0.00871, 0][0.199582, 0.431366, 0.050853][-0.77431, -0.50924, -0.37567][0.89949, 0.92011, 0][0.196202, 0.429194, 0.060764][-0.77431, -0.50924, -0.37567][0.89611, 0.91794, 0][0.196202, 0.440931, 0.048603][-0.84405, -0.38587, -0.37241][0.89611, 0.92966, 0][0.201372, 0.422443, 0.062486][-0.68901, -0.62238, -0.37137][0.90127, 0.91120, 0][0.196202, 0.429194, 0.060764][-0.77431, -0.50924, -0.37567][0.89611, 0.91794, 0][0.199582, 0.431366, 0.050853][-0.77431, -0.50924, -0.37567][0.89949, 0.92011, 0][0.203582, 0.424579, 0.053523][-0.75464, -0.57154, -0.32228][0.90348, 0.91333, 0][0.201372, 0.422443, 0.062486][-0.75464, -0.57154, -0.32228][0.90127, 0.91120, 0][0.199582, 0.431366, 0.050853][-0.75464, -0.57154, -0.32228][0.89949, 0.92011, 0][0.180962, 0.070755, -0.083211][-0.84083, 0.20686, 0.50021][0.61826, 0.09091, 0][0.164312, 0.0531, -0.103898][-0.84083, 0.20686, 0.50021][0.64064, 0.07766, 0][0.156472, 0.008438, -0.098607][-0.84083, 0.20686, 0.50021][0.64021, 0.04547, 0][0.180962, 0.070755, -0.083211][-0.90545, 0.27621, 0.32229][0.61826, 0.09091, 0][0.156472, 0.008438, -0.098607][-0.90545, 0.27621, 0.32229][0.64021, 0.04547, 0][0.160222, -0.00571, -0.075947][-0.90545, 0.27621, 0.32229][0.62281, 0.03778, 0][0.272372, 0.000513, 0.062721][-0.99989, 0.00394, -0.01405][0.47582, 0.03402, 0][0.272302, 0.033605, 0.07698][-0.99858, -0.05114, -0.01490][0.46642, 0.06287, 0][0.272812, 0.034173, 0.040851][-0.99858, -0.05114, -0.01490][0.48715, 0.05647, 0][0.272812, 0.034173, 0.040851][-0.99858, -0.05114, -0.01490][0.48715, 0.05647, 0][0.272302, 0.033605, 0.07698][-0.99858, -0.05114, -0.01490][0.46642, 0.06287, 0][0.271102, 0.050246, 0.040561][-0.99424, -0.10606, -0.01570][0.48780, 0.07005, 0][0.272812, 0.034173, 0.040851][-0.81220, 0.26060, 0.52194][0.48715, 0.05647, 0][0.263632, 0.040448, 0.023433][-0.81220, 0.26060, 0.52194][0.50333, 0.06112, 0][0.265802, 0.008868, 0.042577][-0.81220, 0.26060, 0.52194][0.49144, 0.03868, 0][0.145292, -0.020012, -0.09623][-0.85371, 0.36640, 0.37005][0.64309, 0.02764, 0][0.160222, -0.00571, -0.075947][-0.85371, 0.36640, 0.37005][0.62281, 0.03778, 0][0.156472, 0.008438, -0.098607][-0.85371, 0.36640, 0.37005][0.64021, 0.04547, 0][0.145382, -0.036052, -0.075452][-0.89625, 0.43934, 0.06090][0.62879, 0.01986, 0][0.148482, -0.034401, -0.04174][-0.89625, 0.43934, 0.06090][0.60529, 0.02689, 0][0.160222, -0.00571, -0.075947][-0.89625, 0.43934, 0.06090][0.62281, 0.03778, 0][0.160222, -0.00571, -0.075947][-0.84666, 0.41944, 0.32746][0.62281, 0.03778, 0][0.145292, -0.020012, -0.09623][-0.84666, 0.41944, 0.32746][0.64309, 0.02764, 0][0.145382, -0.036052, -0.075452][-0.84666, 0.41944, 0.32746][0.62879, 0.01986, 0][0.272812, 0.034173, 0.040851][-0.87677, 0.27003, 0.39796][0.48715, 0.05647, 0][0.265802, 0.008868, 0.042577][-0.87677, 0.27003, 0.39796][0.49144, 0.03868, 0][0.272372, 0.000513, 0.062721][-0.87677, 0.27003, 0.39796][0.47582, 0.03402, 0][0.272372, 0.000513, 0.062721][-0.80787, 0.40256, 0.43046][0.47582, 0.03402, 0][0.265802, 0.008868, 0.042577][-0.80787, 0.40256, 0.43046][0.49144, 0.03868, 0][0.252422, -0.041931, 0.064973][-0.80787, 0.40256, 0.43046][0.48835, 0.00871, 0][0.252422, -0.041931, 0.064973][-0.68571, 0.28681, -0.66899][0.48835, 0.00871, 0][0.272302, 0.033605, 0.07698][-0.68571, 0.28681, -0.66899][0.46642, 0.06287, 0][0.272372, 0.000513, 0.062721][-0.68571, 0.28681, -0.66899][0.47582, 0.03402, 0][0.121682, -0.03612, -0.109597][-0.66320, 0.59106, 0.45915][0.66139, 0.02063, 0][0.145382, -0.036052, -0.075452][-0.66320, 0.59106, 0.45915][0.62879, 0.01986, 0][0.145292, -0.020012, -0.09623][-0.66320, 0.59106, 0.45915][0.64309, 0.02764, 0][-0.251715, -0.117831, 0.092175][0.00000, -1.00000, 0.00000][0.02941, 0.88407, 0][-0.231572, -0.117831, 0.072031][0.00000, -1.00000, 0.00000][0.04738, 0.86611, 0][-0.247374, -0.117831, 0.095734][0.00000, -1.00000, 0.00000][0.03328, 0.88724, 0][-0.247374, -0.117831, 0.095734][0.00000, -1.00000, 0.00000][0.03328, 0.88724, 0][-0.231572, -0.117831, 0.072031][0.00000, -1.00000, 0.00000][0.04738, 0.86611, 0][-0.24058, -0.117831, 0.099057][0.00000, -1.00000, 0.00000][0.03934, 0.89021, 0][-0.255274, -0.117831, 0.087833][0.00000, -1.00000, 0.00000][0.02624, 0.88020, 0][-0.231572, -0.117831, 0.072031][0.00000, -1.00000, 0.00000][0.04738, 0.86611, 0][-0.251715, -0.117831, 0.092175][0.00000, -1.00000, 0.00000][0.02941, 0.88407, 0][-0.24058, -0.117831, 0.099057][0.00000, -1.00000, 0.00000][0.03934, 0.89021, 0][-0.231572, -0.117831, 0.072031][0.00000, -1.00000, 0.00000][0.04738, 0.86611, 0][-0.231572, -0.117831, 0.100519][0.00000, -1.00000, 0.00000][0.04738, 0.89151, 0][-0.258597, -0.117831, 0.08104][0.00000, -1.00000, 0.00000][0.02327, 0.87414, 0][-0.231572, -0.117831, 0.072031][0.00000, -1.00000, 0.00000][0.04738, 0.86611, 0][-0.255274, -0.117831, 0.087833][0.00000, -1.00000, 0.00000][0.02624, 0.88020, 0][-0.231572, -0.117831, 0.100519][0.00000, -1.00000, 0.00000][0.04738, 0.89151, 0][-0.231572, -0.117831, 0.072031][0.00000, -1.00000, 0.00000][0.04738, 0.86611, 0][-0.222563, -0.117831, 0.099057][0.00000, -1.00000, 0.00000][0.05541, 0.89021, 0][-0.260059, -0.117831, 0.072031][0.00000, -1.00000, 0.00000][0.02197, 0.86611, 0][-0.231572, -0.117831, 0.072031][0.00000, -1.00000, 0.00000][0.04738, 0.86611, 0][-0.258597, -0.117831, 0.08104][0.00000, -1.00000, 0.00000][0.02327, 0.87414, 0][-0.222563, -0.117831, 0.099057][0.00000, -1.00000, 0.00000][0.05541, 0.89021, 0][-0.231572, -0.117831, 0.072031][0.00000, -1.00000, 0.00000][0.04738, 0.86611, 0][-0.21577, -0.117831, 0.095734][0.00000, -1.00000, 0.00000][0.06147, 0.88724, 0][-0.258597, -0.117831, 0.063023][0.00000, -1.00000, 0.00000][0.02327, 0.85807, 0][-0.231572, -0.117831, 0.072031][0.00000, -1.00000, 0.00000][0.04738, 0.86611, 0][-0.260059, -0.117831, 0.072031][0.00000, -1.00000, 0.00000][0.02197, 0.86611, 0][-0.21577, -0.117831, 0.095734][0.00000, -1.00000, 0.00000][0.06147, 0.88724, 0][-0.231572, -0.117831, 0.072031][0.00000, -1.00000, 0.00000][0.04738, 0.86611, 0][-0.211428, -0.117831, 0.092175][0.00000, -1.00000, 0.00000][0.06534, 0.88407, 0][-0.255274, -0.117831, 0.056229][0.00000, -1.00000, 0.00000][0.02624, 0.85201, 0][-0.231572, -0.117831, 0.072031][0.00000, -1.00000, 0.00000][0.04738, 0.86611, 0][-0.258597, -0.117831, 0.063023][0.00000, -1.00000, 0.00000][0.02327, 0.85807, 0][-0.211428, -0.117831, 0.092175][0.00000, -1.00000, 0.00000][0.06534, 0.88407, 0][-0.231572, -0.117831, 0.072031][0.00000, -1.00000, 0.00000][0.04738, 0.86611, 0][-0.207869, -0.117831, 0.087833][0.00000, -1.00000, 0.00000][0.06852, 0.88020, 0][-0.251715, -0.117831, 0.051888][0.00000, -1.00000, 0.00000][0.02941, 0.84814, 0][-0.231572, -0.117831, 0.072031][0.00000, -1.00000, 0.00000][0.04738, 0.86611, 0][-0.255274, -0.117831, 0.056229][0.00000, -1.00000, 0.00000][0.02624, 0.85201, 0][-0.207869, -0.117831, 0.087833][0.00000, -1.00000, 0.00000][0.06852, 0.88020, 0][-0.231572, -0.117831, 0.072031][0.00000, -1.00000, 0.00000][0.04738, 0.86611, 0][-0.204546, -0.117831, 0.08104][0.00000, -1.00000, 0.00000][0.07148, 0.87414, 0][-0.247374, -0.117831, 0.048329][0.00000, -1.00000, 0.00000][0.03328, 0.84496, 0][-0.231572, -0.117831, 0.072031][0.00000, -1.00000, 0.00000][0.04738, 0.86611, 0][-0.251715, -0.117831, 0.051888][0.00000, -1.00000, 0.00000][0.02941, 0.84814, 0][-0.204546, -0.117831, 0.08104][0.00000, -1.00000, 0.00000][0.07148, 0.87414, 0][-0.231572, -0.117831, 0.072031][0.00000, -1.00000, 0.00000][0.04738, 0.86611, 0][-0.203084, -0.117831, 0.072031][0.00000, -1.00000, 0.00000][0.07278, 0.86611, 0][-0.24058, -0.117831, 0.045006][0.00000, -1.00000, 0.00000][0.03934, 0.84200, 0][-0.231572, -0.117831, 0.072031][0.00000, -1.00000, 0.00000][0.04738, 0.86611, 0][-0.247374, -0.117831, 0.048329][0.00000, -1.00000, 0.00000][0.03328, 0.84496, 0][-0.203084, -0.117831, 0.072031][0.00000, -1.00000, 0.00000][0.07278, 0.86611, 0][-0.231572, -0.117831, 0.072031][0.00000, -1.00000, 0.00000][0.04738, 0.86611, 0][-0.204546, -0.117831, 0.063023][0.00000, -1.00000, 0.00000][0.07148, 0.85807, 0][-0.231572, -0.117831, 0.043544][0.00000, -1.00000, 0.00000][0.04738, 0.84069, 0][-0.231572, -0.117831, 0.072031][0.00000, -1.00000, 0.00000][0.04738, 0.86611, 0][-0.24058, -0.117831, 0.045006][0.00000, -1.00000, 0.00000][0.03934, 0.84200, 0][-0.204546, -0.117831, 0.063023][0.00000, -1.00000, 0.00000][0.07148, 0.85807, 0][-0.231572, -0.117831, 0.072031][0.00000, -1.00000, 0.00000][0.04738, 0.86611, 0][-0.207869, -0.117831, 0.056229][0.00000, -1.00000, 0.00000][0.06852, 0.85201, 0][-0.222563, -0.117831, 0.045006][0.00000, -1.00000, 0.00000][0.05541, 0.84200, 0][-0.231572, -0.117831, 0.072031][0.00000, -1.00000, 0.00000][0.04738, 0.86611, 0][-0.231572, -0.117831, 0.043544][0.00000, -1.00000, 0.00000][0.04738, 0.84069, 0][-0.207869, -0.117831, 0.056229][0.00000, -1.00000, 0.00000][0.06852, 0.85201, 0][-0.231572, -0.117831, 0.072031][0.00000, -1.00000, 0.00000][0.04738, 0.86611, 0][-0.211428, -0.117831, 0.051888][0.00000, -1.00000, 0.00000][0.06534, 0.84814, 0][-0.21577, -0.117831, 0.048329][0.00000, -1.00000, 0.00000][0.06147, 0.84496, 0][-0.231572, -0.117831, 0.072031][0.00000, -1.00000, 0.00000][0.04738, 0.86611, 0][-0.222563, -0.117831, 0.045006][0.00000, -1.00000, 0.00000][0.05541, 0.84200, 0][-0.211428, -0.117831, 0.051888][0.00000, -1.00000, 0.00000][0.06534, 0.84814, 0][-0.231572, -0.117831, 0.072031][0.00000, -1.00000, 0.00000][0.04738, 0.86611, 0][-0.21577, -0.117831, 0.048329][0.00000, -1.00000, 0.00000][0.06147, 0.84496, 0][0.211532, -0.117831, 0.092175][0.00000, -1.00000, 0.00000][0.44257, 0.88407, 0][0.231672, -0.117831, 0.072031][0.00000, -1.00000, 0.00000][0.46053, 0.86611, 0][0.215872, -0.117831, 0.095734][0.00000, -1.00000, 0.00000][0.44644, 0.88724, 0][0.215872, -0.117831, 0.095734][0.00000, -1.00000, 0.00000][0.44644, 0.88724, 0][0.231672, -0.117831, 0.072031][0.00000, -1.00000, 0.00000][0.46053, 0.86611, 0][0.222672, -0.117831, 0.099057][0.00000, -1.00000, 0.00000][0.45250, 0.89021, 0][0.207972, -0.117831, 0.087833][0.00000, -1.00000, 0.00000][0.43939, 0.88020, 0][0.231672, -0.117831, 0.072031][0.00000, -1.00000, 0.00000][0.46053, 0.86611, 0][0.211532, -0.117831, 0.092175][0.00000, -1.00000, 0.00000][0.44257, 0.88407, 0][0.222672, -0.117831, 0.099057][0.00000, -1.00000, 0.00000][0.45250, 0.89021, 0][0.231672, -0.117831, 0.072031][0.00000, -1.00000, 0.00000][0.46053, 0.86611, 0][0.231672, -0.117831, 0.100519][0.00000, -1.00000, 0.00000][0.46053, 0.89151, 0][0.204652, -0.117831, 0.08104][0.00000, -1.00000, 0.00000][0.43643, 0.87414, 0][0.231672, -0.117831, 0.072031][0.00000, -1.00000, 0.00000][0.46053, 0.86611, 0][0.207972, -0.117831, 0.087833][0.00000, -1.00000, 0.00000][0.43939, 0.88020, 0][0.231672, -0.117831, 0.100519][0.00000, -1.00000, 0.00000][0.46053, 0.89151, 0][0.231672, -0.117831, 0.072031][0.00000, -1.00000, 0.00000][0.46053, 0.86611, 0][0.240682, -0.117831, 0.099057][0.00000, -1.00000, 0.00000][0.46856, 0.89021, 0][0.203192, -0.117831, 0.072031][0.00000, -1.00000, 0.00000][0.43512, 0.86611, 0][0.231672, -0.117831, 0.072031][0.00000, -1.00000, 0.00000][0.46053, 0.86611, 0][0.204652, -0.117831, 0.08104][0.00000, -1.00000, 0.00000][0.43643, 0.87414, 0][0.240682, -0.117831, 0.099057][0.00000, -1.00000, 0.00000][0.46856, 0.89021, 0][0.231672, -0.117831, 0.072031][0.00000, -1.00000, 0.00000][0.46053, 0.86611, 0][0.247482, -0.117831, 0.095734][0.00000, -1.00000, 0.00000][0.47462, 0.88724, 0][0.204652, -0.117831, 0.063023][0.00000, -1.00000, 0.00000][0.43643, 0.85807, 0][0.231672, -0.117831, 0.072031][0.00000, -1.00000, 0.00000][0.46053, 0.86611, 0][0.203192, -0.117831, 0.072031][0.00000, -1.00000, 0.00000][0.43512, 0.86611, 0][0.247482, -0.117831, 0.095734][0.00000, -1.00000, 0.00000][0.47462, 0.88724, 0][0.231672, -0.117831, 0.072031][0.00000, -1.00000, 0.00000][0.46053, 0.86611, 0][0.251822, -0.117831, 0.092175][0.00000, -1.00000, 0.00000][0.47850, 0.88407, 0][0.207972, -0.117831, 0.056229][0.00000, -1.00000, 0.00000][0.43939, 0.85201, 0][0.231672, -0.117831, 0.072031][0.00000, -1.00000, 0.00000][0.46053, 0.86611, 0][0.204652, -0.117831, 0.063023][0.00000, -1.00000, 0.00000][0.43643, 0.85807, 0][0.251822, -0.117831, 0.092175][0.00000, -1.00000, 0.00000][0.47850, 0.88407, 0][0.231672, -0.117831, 0.072031][0.00000, -1.00000, 0.00000][0.46053, 0.86611, 0][0.255382, -0.117831, 0.087833][0.00000, -1.00000, 0.00000][0.48167, 0.88020, 0][0.211532, -0.117831, 0.051888][0.00000, -1.00000, 0.00000][0.44257, 0.84814, 0][0.231672, -0.117831, 0.072031][0.00000, -1.00000, 0.00000][0.46053, 0.86611, 0][0.207972, -0.117831, 0.056229][0.00000, -1.00000, 0.00000][0.43939, 0.85201, 0][0.255382, -0.117831, 0.087833][0.00000, -1.00000, 0.00000][0.48167, 0.88020, 0][0.231672, -0.117831, 0.072031][0.00000, -1.00000, 0.00000][0.46053, 0.86611, 0][0.258702, -0.117831, 0.08104][0.00000, -1.00000, 0.00000][0.48463, 0.87414, 0][0.215872, -0.117831, 0.048329][0.00000, -1.00000, 0.00000][0.44644, 0.84496, 0][0.231672, -0.117831, 0.072031][0.00000, -1.00000, 0.00000][0.46053, 0.86611, 0][0.211532, -0.117831, 0.051888][0.00000, -1.00000, 0.00000][0.44257, 0.84814, 0][0.258702, -0.117831, 0.08104][0.00000, -1.00000, 0.00000][0.48463, 0.87414, 0][0.231672, -0.117831, 0.072031][0.00000, -1.00000, 0.00000][0.46053, 0.86611, 0][0.260162, -0.117831, 0.072031][0.00000, -1.00000, 0.00000][0.48594, 0.86611, 0][0.222672, -0.117831, 0.045006][0.00000, -1.00000, 0.00000][0.45250, 0.84200, 0][0.231672, -0.117831, 0.072031][0.00000, -1.00000, 0.00000][0.46053, 0.86611, 0][0.215872, -0.117831, 0.048329][0.00000, -1.00000, 0.00000][0.44644, 0.84496, 0][0.260162, -0.117831, 0.072031][0.00000, -1.00000, 0.00000][0.48594, 0.86611, 0][0.231672, -0.117831, 0.072031][0.00000, -1.00000, 0.00000][0.46053, 0.86611, 0][0.258702, -0.117831, 0.063023][0.00000, -1.00000, 0.00000][0.48463, 0.85807, 0][0.231672, -0.117831, 0.043544][0.00000, -1.00000, 0.00000][0.46053, 0.84069, 0][0.231672, -0.117831, 0.072031][0.00000, -1.00000, 0.00000][0.46053, 0.86611, 0][0.222672, -0.117831, 0.045006][0.00000, -1.00000, 0.00000][0.45250, 0.84200, 0][0.258702, -0.117831, 0.063023][0.00000, -1.00000, 0.00000][0.48463, 0.85807, 0][0.231672, -0.117831, 0.072031][0.00000, -1.00000, 0.00000][0.46053, 0.86611, 0][0.255382, -0.117831, 0.056229][0.00000, -1.00000, 0.00000][0.48167, 0.85201, 0][0.240682, -0.117831, 0.045006][0.00000, -1.00000, 0.00000][0.46856, 0.84200, 0][0.231672, -0.117831, 0.072031][0.00000, -1.00000, 0.00000][0.46053, 0.86611, 0][0.231672, -0.117831, 0.043544][0.00000, -1.00000, 0.00000][0.46053, 0.84069, 0][0.255382, -0.117831, 0.056229][0.00000, -1.00000, 0.00000][0.48167, 0.85201, 0][0.231672, -0.117831, 0.072031][0.00000, -1.00000, 0.00000][0.46053, 0.86611, 0][0.251822, -0.117831, 0.051888][0.00000, -1.00000, 0.00000][0.47850, 0.84814, 0][0.247482, -0.117831, 0.048329][0.00000, -1.00000, 0.00000][0.47462, 0.84496, 0][0.231672, -0.117831, 0.072031][0.00000, -1.00000, 0.00000][0.46053, 0.86611, 0][0.240682, -0.117831, 0.045006][0.00000, -1.00000, 0.00000][0.46856, 0.84200, 0][0.251822, -0.117831, 0.051888][0.00000, -1.00000, 0.00000][0.47850, 0.84814, 0][0.231672, -0.117831, 0.072031][0.00000, -1.00000, 0.00000][0.46053, 0.86611, 0][0.247482, -0.117831, 0.048329][0.00000, -1.00000, 0.00000][0.47462, 0.84496, 0][-0.210014, 0.252861, 0.055155][-0.37485, -0.91952, -0.11816][0.94333, 0.25216, 0][-0.205113, 0.252827, 0.039871][-0.37485, -0.91952, -0.11816][0.93332, 0.25169, 0][-0.207551, 0.249406, 0.074229][-0.37485, -0.91952, -0.11816][0.94973, 0.25023, 0][0.254752, 0.420715, 0.094995][0.55511, -0.70556, 0.44050][0.95459, 0.90947, 0][0.261782, 0.424579, 0.092325][0.55511, -0.70556, 0.44050][0.96161, 0.91333, 0][0.252082, 0.424579, 0.102026][0.55273, -0.62372, 0.55268][0.95192, 0.91333, 0][0.264002, 0.422443, 0.083362][0.54678, -0.77378, 0.31983][0.96382, 0.91120, 0][0.261782, 0.424579, 0.092325][0.55511, -0.70556, 0.44050][0.96161, 0.91333, 0][0.254752, 0.420715, 0.094995][0.55511, -0.70556, 0.44050][0.95459, 0.90947, 0][-0.253383, 0.420715, 0.094995][-0.49491, -0.66835, 0.55531][0.91047, 0.91066, 0][-0.250712, 0.424579, 0.102026][-0.49491, -0.66835, 0.55531][0.91314, 0.91451, 0][-0.257583, 0.427313, 0.099193][-0.49491, -0.66835, 0.55531][0.90627, 0.91724, 0][-0.260414, 0.424579, 0.092325][-0.55487, -0.70972, 0.43406][0.90345, 0.91451, 0][-0.253383, 0.420715, 0.094995][-0.55487, -0.70972, 0.43406][0.91047, 0.91066, 0][-0.257583, 0.427313, 0.099193][-0.55526, -0.66837, 0.49494][0.90627, 0.91724, 0][-0.255633, 0.417457, 0.085084][-0.55148, -0.74723, 0.37083][0.90822, 0.90740, 0][-0.253383, 0.420715, 0.094995][-0.55487, -0.70972, 0.43406][0.91047, 0.91066, 0][-0.260414, 0.424579, 0.092325][-0.55487, -0.70972, 0.43406][0.90345, 0.91451, 0][0.257002, 0.417457, 0.085084][0.60172, -0.76081, 0.24310][0.95683, 0.90622, 0][0.264002, 0.422443, 0.083362][0.60172, -0.76081, 0.24310][0.96382, 0.91120, 0][0.254752, 0.420715, 0.094995][0.59768, -0.71147, 0.36956][0.95459, 0.90947, 0][0.264862, 0.421615, 0.072924][0.59465, -0.79612, 0.11215][0.96468, 0.91037, 0][0.264002, 0.422443, 0.083362][0.60172, -0.76081, 0.24310][0.96382, 0.91120, 0][0.257002, 0.417457, 0.085084][0.60172, -0.76081, 0.24310][0.95683, 0.90622, 0][0.261782, 0.424579, 0.092325][0.48909, -0.72224, 0.48904][0.96161, 0.91333, 0][0.258952, 0.427313, 0.099193][0.48909, -0.72224, 0.48904][0.95878, 0.91606, 0][0.252082, 0.424579, 0.102026][0.48909, -0.72224, 0.48904][0.95192, 0.91333, 0][-0.262626, 0.422443, 0.083362][-0.60186, -0.76531, 0.22820][0.90124, 0.91238, 0][-0.255633, 0.417457, 0.085084][-0.60186, -0.76531, 0.22820][0.90822, 0.90740, 0][-0.260414, 0.424579, 0.092325][-0.60089, -0.73135, 0.32258][0.90345, 0.91451, 0][-0.25655, 0.416128, 0.072924][-0.59677, -0.79156, 0.13152][0.90731, 0.90607, 0][-0.255633, 0.417457, 0.085084][-0.60186, -0.76531, 0.22820][0.90822, 0.90740, 0][-0.262626, 0.422443, 0.083362][-0.60186, -0.76531, 0.22820][0.90124, 0.91238, 0][0.257002, 0.417457, 0.060764][0.60148, -0.76551, -0.22851][0.95683, 0.90622, 0][0.264002, 0.422443, 0.062486][0.60148, -0.76551, -0.22851][0.96382, 0.91120, 0][0.257922, 0.416128, 0.072924][0.59639, -0.79182, -0.13166][0.95775, 0.90489, 0][0.261782, 0.424579, 0.053523][0.60049, -0.73147, -0.32305][0.96161, 0.91333, 0][0.264002, 0.422443, 0.062486][0.60148, -0.76551, -0.22851][0.96382, 0.91120, 0][0.257002, 0.417457, 0.060764][0.60148, -0.76551, -0.22851][0.95683, 0.90622, 0][-0.243471, 0.417457, 0.097245][-0.32264, -0.73137, 0.60083][0.92037, 0.90740, 0][-0.241749, 0.422443, 0.104239][-0.32264, -0.73137, 0.60083][0.92209, 0.91238, 0][-0.250712, 0.424579, 0.102026][-0.32264, -0.73137, 0.60083][0.91314, 0.91451, 0][0.244842, 0.417457, 0.097245][0.37055, -0.79163, 0.48581][0.94469, 0.90622, 0][0.254752, 0.420715, 0.094995][0.37055, -0.79163, 0.48581][0.95459, 0.90947, 0][0.243122, 0.422443, 0.104239][0.36959, -0.71125, 0.59794][0.94297, 0.91119, 0][0.257002, 0.417457, 0.085084][0.36447, -0.85694, 0.36444][0.95683, 0.90622, 0][0.254752, 0.420715, 0.094995][0.37055, -0.79163, 0.48581][0.95459, 0.90947, 0][0.244842, 0.417457, 0.097245][0.37055, -0.79163, 0.48581][0.94469, 0.90622, 0][0.254752, 0.420715, 0.094995][0.31953, -0.77397, 0.54669][0.95459, 0.90947, 0][0.252082, 0.424579, 0.102026][0.31953, -0.77397, 0.54669][0.95192, 0.91333, 0][0.243122, 0.422443, 0.104239][0.31953, -0.77397, 0.54669][0.94297, 0.91119, 0][-0.262626, 0.422443, 0.062486][-0.60210, -0.76053, -0.24304][0.90124, 0.91238, 0][-0.255633, 0.417457, 0.060764][-0.60210, -0.76053, -0.24304][0.90822, 0.90740, 0][-0.263484, 0.421615, 0.072924][-0.59503, -0.79585, -0.11204][0.90038, 0.91155, 0][-0.253383, 0.420715, 0.050853][-0.59806, -0.71117, -0.36955][0.91047, 0.91066, 0][-0.255633, 0.417457, 0.060764][-0.60210, -0.76053, -0.24304][0.90822, 0.90740, 0][-0.262626, 0.422443, 0.062486][-0.60210, -0.76053, -0.24304][0.90124, 0.91238, 0][-0.253383, 0.420715, 0.094995][-0.37041, -0.79391, 0.48218][0.91047, 0.91066, 0][-0.243471, 0.417457, 0.097245][-0.37041, -0.79391, 0.48218][0.92037, 0.90740, 0][-0.250712, 0.424579, 0.102026][-0.37080, -0.74722, 0.55151][0.91314, 0.91451, 0][-0.245032, 0.412945, 0.086643][-0.36743, -0.83506, 0.40948][0.91881, 0.90289, 0][-0.243471, 0.417457, 0.097245][-0.37041, -0.79391, 0.48218][0.92037, 0.90740, 0][-0.253383, 0.420715, 0.094995][-0.37041, -0.79391, 0.48218][0.91047, 0.91066, 0][0.254752, 0.420715, 0.050853][0.55493, -0.70972, -0.43400][0.95459, 0.90947, 0][0.261782, 0.424579, 0.053523][0.55493, -0.70972, -0.43400][0.96161, 0.91333, 0][0.257002, 0.417457, 0.060764][0.55153, -0.74719, -0.37083][0.95683, 0.90622, 0][0.258952, 0.427313, 0.046654][0.55532, -0.66840, -0.49483][0.95878, 0.91606, 0][0.261782, 0.424579, 0.053523][0.55493, -0.70972, -0.43400][0.96161, 0.91333, 0][0.254752, 0.420715, 0.050853][0.55493, -0.70972, -0.43400][0.95459, 0.90947, 0][-0.260414, 0.424579, 0.053523][-0.55505, -0.70572, -0.44032][0.90345, 0.91451, 0][-0.253383, 0.420715, 0.050853][-0.55505, -0.70572, -0.44032][0.91047, 0.91066, 0][-0.262626, 0.422443, 0.062486][-0.54667, -0.77405, -0.31938][0.90124, 0.91238, 0][-0.250712, 0.424579, 0.043822][-0.55268, -0.62373, -0.55273][0.91314, 0.91451, 0][-0.253383, 0.420715, 0.050853][-0.55505, -0.70572, -0.44032][0.91047, 0.91066, 0][-0.260414, 0.424579, 0.053523][-0.55505, -0.70572, -0.44032][0.90345, 0.91451, 0][0.252082, 0.424579, 0.043822][0.49489, -0.66840, -0.55527][0.95192, 0.91333, 0][0.258952, 0.427313, 0.046654][0.49489, -0.66840, -0.55527][0.95878, 0.91606, 0][0.254752, 0.420715, 0.050853][0.49489, -0.66840, -0.55527][0.95459, 0.90947, 0][-0.257583, 0.427313, 0.046654][-0.48898, -0.72232, -0.48903][0.90627, 0.91724, 0][-0.250712, 0.424579, 0.043822][-0.48898, -0.72232, -0.48903][0.91314, 0.91451, 0][-0.260414, 0.424579, 0.053523][-0.48898, -0.72232, -0.48903][0.90345, 0.91451, 0][0.232682, 0.416128, 0.098163][0.13144, -0.84785, 0.51368][0.93254, 0.90489, 0][0.244842, 0.417457, 0.097245][0.13144, -0.84785, 0.51368][0.94469, 0.90622, 0][0.232682, 0.421615, 0.105097][0.13140, -0.77738, 0.61515][0.93254, 0.91037, 0][0.246402, 0.412945, 0.086643][0.12948, -0.90539, 0.40437][0.94625, 0.90171, 0][0.244842, 0.417457, 0.097245][0.13144, -0.84785, 0.51368][0.94469, 0.90622, 0][0.232682, 0.416128, 0.098163][0.13144, -0.84785, 0.51368][0.93254, 0.90489, 0][-0.243471, 0.417457, 0.097245][-0.13145, -0.84849, 0.51262][0.92037, 0.90740, 0][-0.231312, 0.416128, 0.098163][-0.13145, -0.84849, 0.51262][0.93251, 0.90607, 0][-0.241749, 0.422443, 0.104239][-0.13157, -0.79159, 0.59672][0.92209, 0.91238, 0][-0.231312, 0.411006, 0.087312][-0.12996, -0.89665, 0.42324][0.93251, 0.90096, 0][-0.231312, 0.416128, 0.098163][-0.13145, -0.84849, 0.51262][0.93251, 0.90607, 0][-0.243471, 0.417457, 0.097245][-0.13145, -0.84849, 0.51262][0.92037, 0.90740, 0][0.244842, 0.417457, 0.048603][0.37047, -0.79390, -0.48215][0.94469, 0.90622, 0][0.254752, 0.420715, 0.050853][0.37047, -0.79390, -0.48215][0.95459, 0.90947, 0][0.246402, 0.412945, 0.059205][0.36749, -0.83504, -0.40945][0.94625, 0.90171, 0][0.252082, 0.424579, 0.043822][0.37086, -0.74722, -0.55148][0.95192, 0.91333, 0][0.254752, 0.420715, 0.050853][0.37047, -0.79390, -0.48215][0.95459, 0.90947, 0][0.244842, 0.417457, 0.048603][0.37047, -0.79390, -0.48215][0.94469, 0.90622, 0][-0.219151, 0.417457, 0.097245][0.11203, -0.79590, 0.59497][0.94466, 0.90740, 0][-0.220873, 0.422443, 0.104239][0.11203, -0.79590, 0.59497][0.94294, 0.91238, 0][-0.231312, 0.421615, 0.105097][0.11203, -0.79590, 0.59497][0.93251, 0.91155, 0][-0.231312, 0.416128, 0.098163][-0.11251, -0.77920, 0.61659][0.93251, 0.90607, 0][-0.231312, 0.421615, 0.105097][-0.11251, -0.77920, 0.61659][0.93251, 0.91155, 0][-0.241749, 0.422443, 0.104239][-0.11251, -0.77920, 0.61659][0.92209, 0.91238, 0][0.244842, 0.417457, 0.097245][0.11202, -0.79592, 0.59495][0.94469, 0.90622, 0][0.243122, 0.422443, 0.104239][0.11202, -0.79592, 0.59495][0.94297, 0.91119, 0][0.232682, 0.421615, 0.105097][0.11202, -0.79592, 0.59495][0.93254, 0.91037, 0][0.232682, 0.416128, 0.098163][-0.11258, -0.77919, 0.61659][0.93254, 0.90489, 0][0.232682, 0.421615, 0.105097][-0.11258, -0.77919, 0.61659][0.93254, 0.91037, 0][0.222252, 0.422443, 0.104239][-0.11258, -0.77919, 0.61659][0.92213, 0.91119, 0][-0.253383, 0.420715, 0.050853][-0.37049, -0.79164, -0.48585][0.91047, 0.91066, 0][-0.243471, 0.417457, 0.048603][-0.37049, -0.79164, -0.48585][0.92037, 0.90740, 0][-0.255633, 0.417457, 0.060764][-0.36440, -0.85697, -0.36443][0.90822, 0.90740, 0][-0.241749, 0.422443, 0.041609][-0.36952, -0.71123, -0.59801][0.92209, 0.91238, 0][-0.243471, 0.417457, 0.048603][-0.37049, -0.79164, -0.48585][0.92037, 0.90740, 0][-0.253383, 0.420715, 0.050853][-0.37049, -0.79164, -0.48585][0.91047, 0.91066, 0][0.243122, 0.422443, 0.041609][0.32274, -0.73138, -0.60077][0.94297, 0.91120, 0][0.252082, 0.424579, 0.043822][0.32274, -0.73138, -0.60077][0.95192, 0.91333, 0][0.244842, 0.417457, 0.048603][0.32274, -0.73138, -0.60077][0.94469, 0.90622, 0][-0.250712, 0.424579, 0.043822][-0.31944, -0.77399, -0.54671][0.91314, 0.91451, 0][-0.241749, 0.422443, 0.041609][-0.31944, -0.77399, -0.54671][0.92209, 0.91238, 0][-0.253383, 0.420715, 0.050853][-0.31944, -0.77399, -0.54671][0.91047, 0.91066, 0][-0.165542, 0.375931, -0.064605][-0.23984, -0.74775, 0.61915][0.85596, 0.35701, 0][-0.156266, 0.347102, -0.095829][-0.23984, -0.74775, 0.61915][0.83188, 0.33171, 0][-0.156282, 0.372888, -0.064693][-0.23984, -0.74775, 0.61915][0.84972, 0.35378, 0][-0.174179, 0.345812, -0.097388][-0.11127, -0.74772, 0.65462][0.84300, 0.33117, 0][-0.188516, 0.358362, -0.08549][-0.11127, -0.74772, 0.65462][0.85984, 0.34297, 0][-0.170977, 0.326524, -0.118875][-0.11127, -0.74772, 0.65462][0.82801, 0.31362, 0][-0.231312, 0.416128, 0.098163][0.13143, -0.84786, 0.51367][0.93251, 0.90607, 0][-0.219151, 0.417457, 0.097245][0.13143, -0.84786, 0.51367][0.94466, 0.90740, 0][-0.231312, 0.421615, 0.105097][0.13139, -0.77738, 0.61515][0.93251, 0.91155, 0][-0.217593, 0.412945, 0.086643][0.12947, -0.90540, 0.40435][0.94621, 0.90289, 0][-0.219151, 0.417457, 0.097245][0.13143, -0.84786, 0.51367][0.94466, 0.90740, 0][-0.231312, 0.416128, 0.098163][0.13143, -0.84786, 0.51367][0.93251, 0.90607, 0][0.220522, 0.417457, 0.097245][-0.13143, -0.84846, 0.51268][0.92040, 0.90622, 0][0.232682, 0.416128, 0.098163][-0.13143, -0.84846, 0.51268][0.93254, 0.90489, 0][0.222252, 0.422443, 0.104239][-0.13156, -0.79152, 0.59681][0.92213, 0.91119, 0][0.232682, 0.411006, 0.087312][-0.12995, -0.89665, 0.42325][0.93254, 0.89977, 0][0.232682, 0.416128, 0.098163][-0.13143, -0.84846, 0.51268][0.93254, 0.90489, 0][0.220522, 0.417457, 0.097245][-0.13143, -0.84846, 0.51268][0.92040, 0.90622, 0][-0.217593, 0.412945, 0.086643][0.41041, -0.87056, 0.27147][0.94621, 0.90289, 0][-0.206991, 0.417457, 0.085084][0.41041, -0.87056, 0.27147][0.95680, 0.90740, 0][-0.219151, 0.417457, 0.097245][0.40768, -0.81708, 0.40765][0.94466, 0.90740, 0][-0.206073, 0.416128, 0.072924][0.40436, -0.90539, 0.12948][0.95772, 0.90607, 0][-0.206991, 0.417457, 0.085084][0.41041, -0.87056, 0.27147][0.95680, 0.90740, 0][-0.217593, 0.412945, 0.086643][0.41041, -0.87056, 0.27147][0.94621, 0.90289, 0][-0.216923, 0.411006, 0.072924][0.14541, -0.97863, 0.14542][0.94688, 0.90096, 0][-0.217593, 0.412945, 0.086643][0.14776, -0.94651, 0.28684][0.94621, 0.90289, 0][-0.231312, 0.411006, 0.087312][0.14776, -0.94651, 0.28684][0.93251, 0.90096, 0][-0.231312, 0.411006, 0.087312][0.14776, -0.94651, 0.28684][0.93251, 0.90096, 0][-0.217593, 0.412945, 0.086643][0.14776, -0.94651, 0.28684][0.94621, 0.90289, 0][-0.231312, 0.416128, 0.098163][0.14701, -0.89449, 0.42223][0.93251, 0.90607, 0][-0.245032, 0.412945, 0.086643][-0.14772, -0.94803, 0.28182][0.91881, 0.90289, 0][-0.231312, 0.411006, 0.087312][-0.14772, -0.94803, 0.28182][0.93251, 0.90096, 0][-0.243471, 0.417457, 0.097245][-0.14727, -0.90211, 0.40560][0.92037, 0.90740, 0][-0.231312, 0.408752, 0.072924][-0.14560, -0.97742, 0.15312][0.93251, 0.89871, 0][-0.231312, 0.411006, 0.087312][-0.14772, -0.94803, 0.28182][0.93251, 0.90096, 0][-0.245032, 0.412945, 0.086643][-0.14772, -0.94803, 0.28182][0.91881, 0.90289, 0][-0.2457, 0.411006, 0.072924][-0.40561, -0.90211, 0.14725][0.91814, 0.90096, 0][-0.245032, 0.412945, 0.086643][-0.41026, -0.87439, 0.25908][0.91881, 0.90289, 0][-0.255633, 0.417457, 0.085084][-0.41026, -0.87439, 0.25908][0.90822, 0.90740, 0][-0.255633, 0.417457, 0.085084][-0.41026, -0.87439, 0.25908][0.90822, 0.90740, 0][-0.245032, 0.412945, 0.086643][-0.41026, -0.87439, 0.25908][0.91881, 0.90289, 0][-0.253383, 0.420715, 0.094995][-0.40946, -0.83506, 0.36746][0.91047, 0.91066, 0][0.246402, 0.412945, 0.086643][0.41048, -0.87051, 0.27153][0.94625, 0.90171, 0][0.257002, 0.417457, 0.085084][0.41048, -0.87051, 0.27153][0.95683, 0.90622, 0][0.244842, 0.417457, 0.097245][0.40774, -0.81702, 0.40771][0.94469, 0.90622, 0][0.257922, 0.416128, 0.072924][0.40443, -0.90535, 0.12955][0.95775, 0.90489, 0][0.257002, 0.417457, 0.085084][0.41048, -0.87051, 0.27153][0.95683, 0.90622, 0][0.246402, 0.412945, 0.086643][0.41048, -0.87051, 0.27153][0.94625, 0.90171, 0][0.247072, 0.411006, 0.072924][0.14540, -0.97863, 0.14542][0.94691, 0.89977, 0][0.246402, 0.412945, 0.086643][0.14775, -0.94652, 0.28684][0.94625, 0.90171, 0][0.232682, 0.411006, 0.087312][0.14775, -0.94652, 0.28684][0.93254, 0.89977, 0][0.232682, 0.411006, 0.087312][0.14775, -0.94652, 0.28684][0.93254, 0.89977, 0][0.246402, 0.412945, 0.086643][0.14775, -0.94652, 0.28684][0.94625, 0.90171, 0][0.232682, 0.416128, 0.098163][0.14700, -0.89449, 0.42223][0.93254, 0.90489, 0][0.218962, 0.412945, 0.086643][-0.14772, -0.94803, 0.28181][0.91884, 0.90171, 0][0.232682, 0.411006, 0.087312][-0.14772, -0.94803, 0.28181][0.93254, 0.89977, 0][0.220522, 0.417457, 0.097245][-0.14727, -0.90211, 0.40559][0.92040, 0.90622, 0][0.232682, 0.408752, 0.072924][-0.14560, -0.97742, 0.15312][0.93254, 0.89752, 0][0.232682, 0.411006, 0.087312][-0.14772, -0.94803, 0.28181][0.93254, 0.89977, 0][0.218962, 0.412945, 0.086643][-0.14772, -0.94803, 0.28181][0.91884, 0.90171, 0][0.218292, 0.411006, 0.072924][-0.40565, -0.90208, 0.14731][0.91817, 0.89977, 0][0.218962, 0.412945, 0.086643][-0.41029, -0.87437, 0.25911][0.91884, 0.90171, 0][0.208362, 0.417457, 0.085084][-0.41029, -0.87437, 0.25911][0.90825, 0.90622, 0][0.208362, 0.417457, 0.085084][-0.41029, -0.87437, 0.25911][0.90825, 0.90622, 0][0.218962, 0.412945, 0.086643][-0.41029, -0.87437, 0.25911][0.91884, 0.90171, 0][0.210612, 0.420715, 0.094995][-0.40949, -0.83504, 0.36746][0.91050, 0.90947, 0][0.186542, 0.364701, -0.080671][0.07692, -0.72825, 0.68098][0.61064, 0.34759, 0][0.145882, 0.371922, -0.068356][0.07692, -0.72825, 0.68098][0.62047, 0.34896, 0][0.181412, 0.351602, -0.0941][0.07692, -0.72825, 0.68098][0.62366, 0.33590, 0][0.186542, 0.364701, -0.080671][0.07571, -0.74490, 0.66287][0.61064, 0.34759, 0][0.183662, 0.383594, -0.059111][0.07571, -0.74490, 0.66287][0.59563, 0.36281, 0][0.166492, 0.377526, -0.063969][0.07571, -0.74490, 0.66287][0.60771, 0.35572, 0][0.145882, 0.371922, -0.068356][0.06498, -0.75226, 0.65565][0.62047, 0.34896, 0][0.186542, 0.364701, -0.080671][0.06498, -0.75226, 0.65565][0.61064, 0.34759, 0][0.166492, 0.377526, -0.063969][0.06498, -0.75226, 0.65565][0.60771, 0.35572, 0][0.145882, 0.371922, -0.068356][0.02742, -0.76590, 0.64237][0.62047, 0.34896, 0][0.149042, 0.346238, -0.099114][0.02742, -0.76590, 0.64237][0.64217, 0.32876, 0][0.181412, 0.351602, -0.0941][0.02742, -0.76590, 0.64237][0.62366, 0.33590, 0][0.141442, 0.391022, -0.105694][-0.00660, -0.99982, 0.01793][0.38006, 0.70759, 0][0.143842, 0.390257, -0.147476][-0.00660, -0.99982, 0.01793][0.38219, 0.67033, 0][0.172732, 0.390257, -0.136846][-0.00660, -0.99982, 0.01793][0.40796, 0.67982, 0][0.103936, 0.390257, -0.156291][-0.00488, -0.99978, 0.02015][0.34660, 0.66247, 0][0.118522, 0.391022, -0.114809][-0.00488, -0.99978, 0.02015][0.35961, 0.69947, 0][0.086045, 0.391022, -0.122675][-0.00488, -0.99978, 0.02015][0.33065, 0.69245, 0][0.118522, 0.391022, -0.114809][-0.00442, -0.99979, 0.01999][0.35961, 0.69947, 0][0.103936, 0.390257, -0.156291][-0.00442, -0.99979, 0.01999][0.34660, 0.66247, 0][0.143842, 0.390257, -0.147476][-0.00442, -0.99979, 0.01999][0.38219, 0.67033, 0][0.048962, 0.390257, -0.162685][-0.00271, -0.99976, 0.02162][0.29757, 0.65677, 0][0.086045, 0.391022, -0.122675][-0.00271, -0.99976, 0.02162][0.33065, 0.69245, 0][0.039487, 0.391022, -0.1285][-0.00271, -0.99976, 0.02162][0.28912, 0.68726, 0][0.086045, 0.391022, -0.122675][-0.00249, -0.99977, 0.02143][0.33065, 0.69245, 0][0.048962, 0.390257, -0.162685][-0.00249, -0.99977, 0.02143][0.29757, 0.65677, 0][0.103936, 0.390257, -0.156291][-0.00249, -0.99977, 0.02143][0.34660, 0.66247, 0][-0.001812, 0.390257, -0.16499][-0.00114, -0.99975, 0.02225][0.25229, 0.65471, 0][0.039487, 0.391022, -0.1285][-0.00114, -0.99975, 0.02225][0.28912, 0.68726, 0][-0.001812, 0.391022, -0.13061][-0.00114, -0.99975, 0.02225][0.25229, 0.68537, 0][0.039487, 0.391022, -0.1285][-0.00100, -0.99976, 0.02209][0.28912, 0.68726, 0][-0.001812, 0.390257, -0.16499][-0.00100, -0.99976, 0.02209][0.25229, 0.65471, 0][0.048962, 0.390257, -0.162685][-0.00100, -0.99976, 0.02209][0.29757, 0.65677, 0][-0.215341, 0.390257, -0.108449][0.01134, -0.99986, 0.01230][0.06185, 0.70514, 0][-0.161945, 0.391022, -0.095475][0.01134, -0.99986, 0.01230][0.10947, 0.71671, 0][-0.175647, 0.391022, -0.082851][0.01134, -0.99986, 0.01230][0.09725, 0.72797, 0][-0.145069, 0.391022, -0.105693][0.00907, -0.99984, 0.01544][0.12453, 0.70760, 0][-0.19822, 0.390257, -0.123994][0.00907, -0.99984, 0.01544][0.07712, 0.69127, 0][-0.176356, 0.390257, -0.136846][0.00907, -0.99984, 0.01544][0.09662, 0.67982, 0][-0.19822, 0.390257, -0.123994][0.00917, -0.99984, 0.01515][0.07712, 0.69127, 0][-0.145069, 0.391022, -0.105693][0.00917, -0.99984, 0.01515][0.12453, 0.70760, 0][-0.161945, 0.391022, -0.095475][0.00917, -0.99984, 0.01515][0.10947, 0.71671, 0][-0.147466, 0.390257, -0.147476][0.00660, -0.99982, 0.01793][0.12239, 0.67033, 0][-0.145069, 0.391022, -0.105693][0.00660, -0.99982, 0.01793][0.12453, 0.70760, 0][-0.176356, 0.390257, -0.136846][0.00660, -0.99982, 0.01793][0.09662, 0.67982, 0][-0.145069, 0.391022, -0.105693][0.00712, -0.99981, 0.01790][0.12453, 0.70760, 0][-0.147466, 0.390257, -0.147476][0.00712, -0.99981, 0.01790][0.12239, 0.67033, 0][-0.122143, 0.391022, -0.114808][0.00712, -0.99981, 0.01790][0.14497, 0.69947, 0][-0.107561, 0.390257, -0.156291][0.00442, -0.99979, 0.01999][0.15798, 0.66247, 0][-0.122143, 0.391022, -0.114808][0.00442, -0.99979, 0.01999][0.14497, 0.69947, 0][-0.147466, 0.390257, -0.147476][0.00442, -0.99979, 0.01999][0.12239, 0.67033, 0][-0.122143, 0.391022, -0.114808][0.00488, -0.99979, 0.02015][0.14497, 0.69947, 0][-0.107561, 0.390257, -0.156291][0.00488, -0.99979, 0.02015][0.15798, 0.66247, 0][-0.089669, 0.391022, -0.122674][0.00488, -0.99979, 0.02015][0.17393, 0.69245, 0][-0.052586, 0.390257, -0.162684][0.00249, -0.99977, 0.02142][0.20701, 0.65677, 0][-0.089669, 0.391022, -0.122674][0.00249, -0.99977, 0.02142][0.17393, 0.69245, 0][-0.107561, 0.390257, -0.156291][0.00249, -0.99977, 0.02142][0.15798, 0.66247, 0][-0.089669, 0.391022, -0.122674][0.00271, -0.99976, 0.02162][0.17393, 0.69245, 0][-0.052586, 0.390257, -0.162684][0.00271, -0.99976, 0.02162][0.20701, 0.65677, 0][-0.043111, 0.391022, -0.1285][0.00271, -0.99976, 0.02162][0.21546, 0.68726, 0][-0.001812, 0.390257, -0.16499][0.00100, -0.99976, 0.02210][0.25229, 0.65471, 0][-0.043111, 0.391022, -0.1285][0.00100, -0.99976, 0.02210][0.21546, 0.68726, 0][-0.052586, 0.390257, -0.162684][0.00100, -0.99976, 0.02210][0.20701, 0.65677, 0][-0.043111, 0.391022, -0.1285][0.00114, -0.99975, 0.02225][0.21546, 0.68726, 0][-0.001812, 0.390257, -0.16499][0.00114, -0.99975, 0.02225][0.25229, 0.65471, 0][-0.001812, 0.391022, -0.13061][0.00114, -0.99975, 0.02225][0.25229, 0.68537, 0][0.226372, 0.390257, -0.089751][-0.01280, -0.99987, 0.01003][0.45580, 0.72182, 0][0.172022, 0.391022, -0.082851][-0.01280, -0.99987, 0.01003][0.40733, 0.72797, 0][0.211712, 0.390257, -0.10845][-0.01280, -0.99987, 0.01003][0.44273, 0.70514, 0][0.211712, 0.390257, -0.10845][-0.01130, -0.99986, 0.01245][0.44273, 0.70514, 0][0.158322, 0.391022, -0.095476][-0.01130, -0.99986, 0.01245][0.39511, 0.71671, 0][0.194592, 0.390257, -0.123995][-0.01130, -0.99986, 0.01245][0.42746, 0.69127, 0][0.158322, 0.391022, -0.095476][-0.01134, -0.99986, 0.01230][0.39511, 0.71671, 0][0.211712, 0.390257, -0.10845][-0.01134, -0.99986, 0.01230][0.44273, 0.70514, 0][0.172022, 0.391022, -0.082851][-0.01134, -0.99986, 0.01230][0.40733, 0.72797, 0][0.194592, 0.390257, -0.123995][-0.00908, -0.99984, 0.01544][0.42746, 0.69127, 0][0.141442, 0.391022, -0.105694][-0.00908, -0.99984, 0.01544][0.38006, 0.70759, 0][0.172732, 0.390257, -0.136846][-0.00908, -0.99984, 0.01544][0.40796, 0.67982, 0][0.141442, 0.391022, -0.105694][-0.00917, -0.99984, 0.01515][0.38006, 0.70759, 0][0.194592, 0.390257, -0.123995][-0.00917, -0.99984, 0.01515][0.42746, 0.69127, 0][0.158322, 0.391022, -0.095476][-0.00917, -0.99984, 0.01515][0.39511, 0.71671, 0][0.143842, 0.390257, -0.147476][-0.00712, -0.99981, 0.01790][0.38219, 0.67033, 0][0.141442, 0.391022, -0.105694][-0.00712, -0.99981, 0.01790][0.38006, 0.70759, 0][0.118522, 0.391022, -0.114809][-0.00712, -0.99981, 0.01790][0.35961, 0.69947, 0][-0.175647, 0.391022, -0.082851][0.01280, -0.99987, 0.01003][0.09725, 0.72797, 0][-0.229999, 0.390257, -0.08975][0.01280, -0.99987, 0.01003][0.04878, 0.72182, 0][-0.215341, 0.390257, -0.108449][0.01280, -0.99987, 0.01003][0.06185, 0.70514, 0][-0.229999, 0.390257, -0.08975][0.01209, -0.99981, 0.01559][0.04878, 0.72182, 0][-0.175647, 0.391022, -0.082851][0.01209, -0.99981, 0.01559][0.09725, 0.72797, 0][-0.19639, 0.391022, -0.066761][0.01209, -0.99981, 0.01559][0.07875, 0.74232, 0][-0.161945, 0.391022, -0.095475][0.01130, -0.99986, 0.01245][0.10947, 0.71671, 0][-0.215341, 0.390257, -0.108449][0.01130, -0.99986, 0.01245][0.06185, 0.70514, 0][-0.19822, 0.390257, -0.123994][0.01130, -0.99986, 0.01245][0.07712, 0.69127, 0][0.172022, 0.391022, -0.082851][-0.01209, -0.99981, 0.01559][0.40733, 0.72797, 0][0.226372, 0.390257, -0.089751][-0.01209, -0.99981, 0.01559][0.45580, 0.72182, 0][0.192762, 0.391022, -0.066762][-0.01209, -0.99981, 0.01559][0.42583, 0.74232, 0][-0.19639, 0.391022, -0.066761][0.01629, -0.99982, 0.00946][0.07875, 0.74232, 0][-0.245029, 0.390257, -0.063856][0.01629, -0.99982, 0.00946][0.03537, 0.74491, 0][-0.229999, 0.390257, -0.08975][0.01629, -0.99982, 0.00946][0.04878, 0.72182, 0][0.232682, 0.416128, 0.047685][0.13143, -0.84850, -0.51261][0.93254, 0.90489, 0][0.244842, 0.417457, 0.048603][0.13143, -0.84850, -0.51261][0.94469, 0.90622, 0][0.232682, 0.411006, 0.058536][0.12995, -0.89665, -0.42325][0.93254, 0.89977, 0][0.243122, 0.422443, 0.041609][0.13156, -0.79161, -0.59669][0.94297, 0.91120, 0][0.244842, 0.417457, 0.048603][0.13143, -0.84850, -0.51261][0.94469, 0.90622, 0][0.232682, 0.416128, 0.047685][0.13143, -0.84850, -0.51261][0.93254, 0.90489, 0][0.247852, 0.390256, 0.050572][-0.01881, -0.99982, -0.00117][0.47496, 0.84696, 0][0.208262, 0.391021, 0.033347][-0.01881, -0.99982, -0.00117][0.43965, 0.83160, 0][0.249222, 0.390257, 0.027665][-0.01881, -0.99982, -0.00117][0.47618, 0.82653, 0][0.208262, 0.391021, 0.033347][-0.01887, -0.99982, -0.00104][0.43965, 0.83160, 0][0.247852, 0.390256, 0.050572][-0.01887, -0.99982, -0.00104][0.47496, 0.84696, 0][0.207122, 0.391021, 0.053966][-0.01887, -0.99982, -0.00104][0.43863, 0.84999, 0][0.241402, 0.390257, -0.063857][-0.01629, -0.99982, 0.00946][0.46921, 0.74491, 0][0.192762, 0.391022, -0.066762][-0.01629, -0.99982, 0.00946][0.42583, 0.74232, 0][0.226372, 0.390257, -0.089751][-0.01629, -0.99982, 0.00946][0.45580, 0.72182, 0][0.192762, 0.391022, -0.066762][-0.01635, -0.99981, 0.01043][0.42583, 0.74232, 0][0.241402, 0.390257, -0.063857][-0.01635, -0.99981, 0.01043][0.46921, 0.74491, 0][0.203892, 0.391022, -0.049319][-0.01635, -0.99981, 0.01043][0.43575, 0.75787, 0][0.249222, 0.390257, 0.027665][-0.01881, -0.99982, 0.00016][0.47618, 0.82653, 0][0.208422, 0.391022, 0.010879][-0.01881, -0.99982, 0.00016][0.43979, 0.81156, 0][0.249012, 0.390257, 0.002652][-0.01881, -0.99982, 0.00016][0.47599, 0.80422, 0][0.208422, 0.391022, 0.010879][-0.01867, -0.99983, -0.00018][0.43979, 0.81156, 0][0.249222, 0.390257, 0.027665][-0.01867, -0.99983, -0.00018][0.47618, 0.82653, 0][0.208262, 0.391021, 0.033347][-0.01867, -0.99983, -0.00018][0.43965, 0.83160, 0][0.249012, 0.390257, 0.002652][-0.01890, -0.99982, 0.00138][0.47599, 0.80422, 0][0.207472, 0.391022, -0.012115][-0.01890, -0.99982, 0.00138][0.43894, 0.79106, 0][0.247142, 0.390257, -0.022899][-0.01890, -0.99982, 0.00138][0.47432, 0.78144, 0][0.207472, 0.391022, -0.012115][-0.01869, -0.99983, 0.00077][0.43894, 0.79106, 0][0.249012, 0.390257, 0.002652][-0.01869, -0.99983, 0.00077][0.47599, 0.80422, 0][0.208422, 0.391022, 0.010879][-0.01869, -0.99983, 0.00077][0.43979, 0.81156, 0][0.205862, 0.391022, -0.031714][-0.01886, -0.99982, 0.00155][0.43751, 0.77358, 0][0.247142, 0.390257, -0.022899][-0.01886, -0.99982, 0.00155][0.47432, 0.78144, 0][0.207472, 0.391022, -0.012115][-0.01886, -0.99982, 0.00155][0.43894, 0.79106, 0][-0.211889, 0.391021, 0.033348][0.01881, -0.99982, -0.00117][0.06493, 0.83160, 0][-0.251479, 0.390256, 0.050573][0.01881, -0.99982, -0.00117][0.02962, 0.84696, 0][-0.252845, 0.390257, 0.027666][0.01881, -0.99982, -0.00117][0.02840, 0.82653, 0][-0.251479, 0.390256, 0.050573][0.01886, -0.99982, -0.00105][0.02962, 0.84696, 0][-0.211889, 0.391021, 0.033348][0.01886, -0.99982, -0.00105][0.06493, 0.83160, 0][-0.210744, 0.391021, 0.053967][0.01886, -0.99982, -0.00105][0.06595, 0.84999, 0][-0.245029, 0.390257, -0.063856][0.01635, -0.99981, 0.01043][0.03537, 0.74491, 0][-0.19639, 0.391022, -0.066761][0.01635, -0.99981, 0.01043][0.07875, 0.74232, 0][-0.207518, 0.391022, -0.049318][0.01635, -0.99981, 0.01043][0.06883, 0.75787, 0][-0.212047, 0.391022, 0.01088][0.01881, -0.99982, 0.00016][0.06479, 0.81156, 0][-0.252845, 0.390257, 0.027666][0.01881, -0.99982, 0.00016][0.02840, 0.82653, 0][-0.252637, 0.390257, 0.002653][0.01881, -0.99982, 0.00016][0.02859, 0.80423, 0][-0.252845, 0.390257, 0.027666][0.01868, -0.99983, -0.00018][0.02840, 0.82653, 0][-0.212047, 0.391022, 0.01088][0.01868, -0.99983, -0.00018][0.06479, 0.81156, 0][-0.211889, 0.391021, 0.033348][0.01868, -0.99983, -0.00018][0.06493, 0.83160, 0][-0.211097, 0.391022, -0.012115][0.01891, -0.99982, 0.00139][0.06564, 0.79106, 0][-0.252637, 0.390257, 0.002653][0.01891, -0.99982, 0.00139][0.02859, 0.80423, 0][-0.250763, 0.390257, -0.022899][0.01891, -0.99982, 0.00139][0.03026, 0.78144, 0][-0.252637, 0.390257, 0.002653][0.01869, -0.99983, 0.00077][0.02859, 0.80423, 0][-0.211097, 0.391022, -0.012115][0.01869, -0.99983, 0.00077][0.06564, 0.79106, 0][-0.212047, 0.391022, 0.01088][0.01869, -0.99983, 0.00077][0.06479, 0.81156, 0][-0.209491, 0.391022, -0.031713][0.01904, -0.99982, 0.00237][0.06707, 0.77358, 0][-0.250763, 0.390257, -0.022899][0.01904, -0.99982, 0.00237][0.03026, 0.78144, 0][-0.248068, 0.390257, -0.044556][0.01904, -0.99982, 0.00237][0.03266, 0.76212, 0][-0.250763, 0.390257, -0.022899][0.01886, -0.99982, 0.00155][0.03026, 0.78144, 0][-0.209491, 0.391022, -0.031713][0.01886, -0.99982, 0.00155][0.06707, 0.77358, 0][-0.211097, 0.391022, -0.012115][0.01886, -0.99982, 0.00155][0.06564, 0.79106, 0][-0.207518, 0.391022, -0.049318][0.01922, -0.99981, 0.00303][0.06883, 0.75787, 0][-0.248068, 0.390257, -0.044556][0.01922, -0.99981, 0.00303][0.03266, 0.76212, 0][-0.245029, 0.390257, -0.063856][0.01922, -0.99981, 0.00303][0.03537, 0.74491, 0][-0.248068, 0.390257, -0.044556][0.01911, -0.99982, 0.00214][0.03266, 0.76212, 0][-0.207518, 0.391022, -0.049318][0.01911, -0.99982, 0.00214][0.06883, 0.75787, 0][-0.209491, 0.391022, -0.031713][0.01911, -0.99982, 0.00214][0.06707, 0.77358, 0][0.247142, 0.390257, -0.022899][-0.01904, -0.99982, 0.00237][0.47432, 0.78144, 0][0.205862, 0.391022, -0.031714][-0.01904, -0.99982, 0.00237][0.43751, 0.77358, 0][0.244442, 0.390257, -0.044557][-0.01904, -0.99982, 0.00237][0.47192, 0.76212, 0][0.244442, 0.390257, -0.044557][-0.01922, -0.99981, 0.00303][0.47192, 0.76212, 0][0.203892, 0.391022, -0.049319][-0.01922, -0.99981, 0.00303][0.43575, 0.75787, 0][0.241402, 0.390257, -0.063857][-0.01922, -0.99981, 0.00303][0.46921, 0.74491, 0][0.203892, 0.391022, -0.049319][-0.01911, -0.99982, 0.00214][0.43575, 0.75787, 0][0.244442, 0.390257, -0.044557][-0.01911, -0.99982, 0.00214][0.47192, 0.76212, 0][0.205862, 0.391022, -0.031714][-0.01911, -0.99982, 0.00214][0.43751, 0.77358, 0][-0.156266, 0.347102, -0.095829][-0.00449, -0.74448, 0.66762][0.83188, 0.33171, 0][-0.174179, 0.345812, -0.097388][-0.00449, -0.74448, 0.66762][0.84300, 0.33117, 0][-0.170977, 0.326524, -0.118875][-0.00449, -0.74448, 0.66762][0.82801, 0.31362, 0][-0.174179, 0.345812, -0.097388][-0.00598, -0.73559, 0.67740][0.84300, 0.33117, 0][-0.156266, 0.347102, -0.095829][-0.00598, -0.73559, 0.67740][0.83188, 0.33171, 0][-0.165542, 0.375931, -0.064605][-0.00598, -0.73559, 0.67740][0.85596, 0.35701, 0][-0.243471, 0.417457, 0.048603][-0.13145, -0.84785, -0.51369][0.92037, 0.90740, 0][-0.231312, 0.416128, 0.047685][-0.13145, -0.84785, -0.51369][0.93251, 0.90607, 0][-0.245032, 0.412945, 0.059205][-0.12949, -0.90538, -0.40438][0.91881, 0.90289, 0][-0.231312, 0.421615, 0.040751][-0.13141, -0.77738, -0.61515][0.93251, 0.91155, 0][-0.231312, 0.416128, 0.047685][-0.13145, -0.84785, -0.51369][0.93251, 0.90607, 0][-0.243471, 0.417457, 0.048603][-0.13145, -0.84785, -0.51369][0.92037, 0.90740, 0][0.220522, 0.417457, 0.097245][-0.32243, -0.73127, 0.60107][0.92040, 0.90622, 0][0.222252, 0.422443, 0.104239][-0.32243, -0.73127, 0.60107][0.92213, 0.91119, 0][0.213282, 0.424579, 0.102026][-0.32243, -0.73127, 0.60107][0.91317, 0.91333, 0][-0.209241, 0.420715, 0.094995][0.31947, -0.77400, 0.54668][0.95455, 0.91066, 0][-0.211911, 0.424579, 0.102026][0.31947, -0.77400, 0.54668][0.95189, 0.91451, 0][-0.220873, 0.422443, 0.104239][0.31947, -0.77400, 0.54668][0.94294, 0.91238, 0][0.162592, 0.325489, -0.123099][-0.05829, -0.77105, 0.63410][0.65533, 0.31209, 0][0.179732, 0.337024, -0.107497][-0.05829, -0.77105, 0.63410][0.63515, 0.32300, 0][0.149042, 0.346238, -0.099114][-0.05829, -0.77105, 0.63410][0.64217, 0.32876, 0][-0.206073, 0.416128, 0.072924][0.62045, -0.78419, 0.00950][0.95772, 0.90607, 0][-0.199138, 0.421615, 0.072924][0.62045, -0.78419, 0.00950][0.96465, 0.91155, 0][-0.206991, 0.417457, 0.085084][0.61510, -0.77742, 0.13140][0.95680, 0.90740, 0][-0.199997, 0.422443, 0.062486][0.61654, -0.77924, -0.11255][0.96379, 0.91238, 0][-0.199138, 0.421615, 0.072924][0.62045, -0.78419, 0.00950][0.96465, 0.91155, 0][-0.206073, 0.416128, 0.072924][0.62045, -0.78419, 0.00950][0.95772, 0.90607, 0][-0.206991, 0.417457, 0.060764][0.42328, -0.89663, -0.12995][0.95680, 0.90740, 0][-0.206073, 0.416128, 0.072924][0.42688, -0.90427, 0.00863][0.95772, 0.90607, 0][-0.216923, 0.411006, 0.072924][0.42688, -0.90427, 0.00863][0.94688, 0.90096, 0][-0.216923, 0.411006, 0.072924][0.42688, -0.90427, 0.00863][0.94688, 0.90096, 0][-0.206073, 0.416128, 0.072924][0.42688, -0.90427, 0.00863][0.95772, 0.90607, 0][-0.217593, 0.412945, 0.086643][0.42226, -0.89447, 0.14704][0.94621, 0.90289, 0][-0.217593, 0.412945, 0.059205][0.15311, -0.97742, -0.14562][0.94621, 0.90289, 0][-0.216923, 0.411006, 0.072924][0.15476, -0.98795, 0.00371][0.94688, 0.90096, 0][-0.231312, 0.408752, 0.072924][0.15476, -0.98795, 0.00371][0.93251, 0.89871, 0][-0.231312, 0.408752, 0.072924][0.15476, -0.98795, 0.00371][0.04761, 0.86690, 0][-0.216923, 0.411006, 0.072924][0.15476, -0.98795, 0.00371][0.06044, 0.86690, 0][-0.231312, 0.411006, 0.087312][0.15294, -0.97633, 0.15295][0.04761, 0.87973, 0][-0.231312, 0.411006, 0.058536][-0.15295, -0.97633, -0.15295][0.04761, 0.85407, 0][-0.231312, 0.408752, 0.072924][-0.15477, -0.98794, -0.00372][0.04761, 0.86690, 0][-0.2457, 0.411006, 0.072924][-0.15477, -0.98794, -0.00372][0.03478, 0.86690, 0][-0.2457, 0.411006, 0.072924][-0.15477, -0.98794, -0.00372][0.03478, 0.86690, 0][-0.231312, 0.408752, 0.072924][-0.15477, -0.98794, -0.00372][0.04761, 0.86690, 0][-0.245032, 0.412945, 0.086643][-0.15312, -0.97742, 0.14560][0.03537, 0.87913, 0][-0.245032, 0.412945, 0.059205][-0.42226, -0.89448, -0.14698][0.91881, 0.90289, 0][-0.2457, 0.411006, 0.072924][-0.42688, -0.90427, -0.00862][0.91814, 0.90096, 0][-0.25655, 0.416128, 0.072924][-0.42688, -0.90427, -0.00862][0.90731, 0.90607, 0][-0.25655, 0.416128, 0.072924][-0.42688, -0.90427, -0.00862][0.90731, 0.90607, 0][-0.2457, 0.411006, 0.072924][-0.42688, -0.90427, -0.00862][0.91814, 0.90096, 0][-0.255633, 0.417457, 0.085084][-0.42328, -0.89664, 0.12992][0.90822, 0.90740, 0][-0.255633, 0.417457, 0.060764][-0.61516, -0.77738, -0.13135][0.90822, 0.90740, 0][-0.25655, 0.416128, 0.072924][-0.62051, -0.78414, -0.00950][0.90731, 0.90607, 0][-0.263484, 0.421615, 0.072924][-0.62051, -0.78414, -0.00950][0.90038, 0.91155, 0][-0.263484, 0.421615, 0.072924][-0.62051, -0.78414, -0.00950][0.90038, 0.91155, 0][-0.25655, 0.416128, 0.072924][-0.62051, -0.78414, -0.00950][0.90731, 0.90607, 0][-0.262626, 0.422443, 0.083362][-0.61660, -0.77920, 0.11249][0.90124, 0.91238, 0][0.257922, 0.416128, 0.072924][0.62018, -0.78440, 0.00952][0.95775, 0.90489, 0][0.264862, 0.421615, 0.072924][0.62018, -0.78440, 0.00952][0.96468, 0.91037, 0][0.257002, 0.417457, 0.085084][0.61482, -0.77763, 0.13151][0.95683, 0.90622, 0][0.264002, 0.422443, 0.062486][0.61626, -0.77945, -0.11260][0.96382, 0.91120, 0][0.264862, 0.421615, 0.072924][0.62018, -0.78440, 0.00952][0.96468, 0.91037, 0][0.257922, 0.416128, 0.072924][0.62018, -0.78440, 0.00952][0.95775, 0.90489, 0][0.257002, 0.417457, 0.060764][0.42327, -0.89662, -0.13002][0.95683, 0.90622, 0][0.257922, 0.416128, 0.072924][0.42688, -0.90427, 0.00860][0.95775, 0.90489, 0][0.247072, 0.411006, 0.072924][0.42688, -0.90427, 0.00860][0.94691, 0.89977, 0][0.247072, 0.411006, 0.072924][0.42688, -0.90427, 0.00860][0.94691, 0.89977, 0][0.257922, 0.416128, 0.072924][0.42688, -0.90427, 0.00860][0.95775, 0.90489, 0][0.246402, 0.412945, 0.086643][0.42226, -0.89447, 0.14704][0.94625, 0.90171, 0][0.246402, 0.412945, 0.059205][0.15310, -0.97742, -0.14562][0.94625, 0.90171, 0][0.247072, 0.411006, 0.072924][0.15475, -0.98795, 0.00371][0.94691, 0.89977, 0][0.232682, 0.408752, 0.072924][0.15475, -0.98795, 0.00371][0.93254, 0.89752, 0][0.232682, 0.408752, 0.072924][0.15475, -0.98795, 0.00371][0.93254, 0.89752, 0][0.247072, 0.411006, 0.072924][0.15475, -0.98795, 0.00371][0.94691, 0.89977, 0][0.232682, 0.411006, 0.087312][0.15293, -0.97633, 0.15295][0.93254, 0.89977, 0][0.232682, 0.411006, 0.058536][-0.15293, -0.97633, -0.15295][0.46143, 0.85407, 0][0.232682, 0.408752, 0.072924][-0.15475, -0.98795, -0.00371][0.46143, 0.86690, 0][0.218292, 0.411006, 0.072924][-0.15475, -0.98795, -0.00371][0.44860, 0.86690, 0][0.218292, 0.411006, 0.072924][-0.15475, -0.98795, -0.00371][0.44860, 0.86690, 0][0.232682, 0.408752, 0.072924][-0.15475, -0.98795, -0.00371][0.46143, 0.86690, 0][0.218962, 0.412945, 0.086643][-0.15310, -0.97742, 0.14562][0.44919, 0.87913, 0][0.218962, 0.412945, 0.059205][-0.42226, -0.89447, -0.14704][0.91884, 0.90171, 0][0.218292, 0.411006, 0.072924][-0.42688, -0.90427, -0.00860][0.91817, 0.89977, 0][0.207442, 0.416128, 0.072924][-0.42688, -0.90427, -0.00860][0.90734, 0.90489, 0][0.207442, 0.416128, 0.072924][-0.42688, -0.90427, -0.00860][0.90734, 0.90489, 0][0.218292, 0.411006, 0.072924][-0.42688, -0.90427, -0.00860][0.91817, 0.89977, 0][0.208362, 0.417457, 0.085084][-0.42327, -0.89662, 0.13002][0.90825, 0.90622, 0][0.208362, 0.417457, 0.060764][-0.61536, -0.77720, -0.13150][0.90825, 0.90622, 0][0.207442, 0.416128, 0.072924][-0.62073, -0.78397, -0.00951][0.90734, 0.90489, 0][0.200512, 0.421615, 0.072924][-0.62073, -0.78397, -0.00951][0.90042, 0.91037, 0][0.200512, 0.421615, 0.072924][-0.62073, -0.78397, -0.00951][0.90042, 0.91037, 0][0.207442, 0.416128, 0.072924][-0.62073, -0.78397, -0.00951][0.90734, 0.90489, 0][0.201372, 0.422443, 0.083362][-0.61681, -0.77902, 0.11261][0.90127, 0.91120, 0][0.149042, 0.346238, -0.099114][-0.11915, -0.76810, 0.62915][0.64217, 0.32876, 0][0.145882, 0.371922, -0.068356][-0.11915, -0.76810, 0.62915][0.62047, 0.34896, 0][0.127472, 0.369326, -0.075012][-0.11915, -0.76810, 0.62915][0.63328, 0.34547, 0][0.112232, 0.362501, -0.115013][-0.69268, -0.71487, -0.09571][0.66911, 0.34120, 0][0.091608, 0.384849, -0.132672][-0.69268, -0.71487, -0.09571][0.69025, 0.35991, 0][0.086708, 0.390591, -0.140097][-0.69268, -0.71487, -0.09571][0.69776, 0.36499, 0][0.186542, 0.364701, -0.080671][-0.10544, -0.75484, 0.64738][0.61064, 0.34759, 0][0.196522, 0.389284, -0.050382][-0.10544, -0.75484, 0.64738][0.58248, 0.36886, 0][0.183662, 0.383594, -0.059111][-0.10544, -0.75484, 0.64738][0.59563, 0.36281, 0][-0.134372, 0.370326, -0.074882][0.20232, -0.75419, 0.62471][0.82969, 0.35092, 0][-0.156282, 0.372888, -0.064693][0.20232, -0.75419, 0.62471][0.84972, 0.35378, 0][-0.156266, 0.347102, -0.095829][0.20232, -0.75419, 0.62471][0.83188, 0.33171, 0][0.232682, 0.421615, 0.040751][0.11247, -0.77920, -0.61660][0.93254, 0.91037, 0][0.243122, 0.422443, 0.041609][0.11247, -0.77920, -0.61660][0.94297, 0.91120, 0][0.232682, 0.416128, 0.047685][0.11247, -0.77920, -0.61660][0.93254, 0.90489, 0][0.222252, 0.422443, 0.041609][-0.11213, -0.79581, -0.59507][0.92213, 0.91120, 0][0.232682, 0.421615, 0.040751][-0.11213, -0.79581, -0.59507][0.93254, 0.91037, 0][0.220522, 0.417457, 0.048603][-0.11213, -0.79581, -0.59507][0.92040, 0.90622, 0][-0.219151, 0.417457, 0.097245][0.37056, -0.79161, 0.48585][0.94466, 0.90740, 0][-0.209241, 0.420715, 0.094995][0.37056, -0.79161, 0.48585][0.95455, 0.91066, 0][-0.220873, 0.422443, 0.104239][0.36958, -0.71120, 0.59800][0.94294, 0.91238, 0][-0.206991, 0.417457, 0.085084][0.36447, -0.85694, 0.36444][0.95680, 0.90740, 0][-0.209241, 0.420715, 0.094995][0.37056, -0.79161, 0.48585][0.95455, 0.91066, 0][-0.219151, 0.417457, 0.097245][0.37056, -0.79161, 0.48585][0.94466, 0.90740, 0][-0.231312, 0.421615, 0.040751][0.11248, -0.77920, -0.61660][0.93251, 0.91155, 0][-0.220873, 0.422443, 0.041609][0.11248, -0.77920, -0.61660][0.94294, 0.91238, 0][-0.231312, 0.416128, 0.047685][0.11248, -0.77920, -0.61660][0.93251, 0.90607, 0][-0.241749, 0.422443, 0.041609][-0.11205, -0.79589, -0.59498][0.92209, 0.91238, 0][-0.231312, 0.421615, 0.040751][-0.11205, -0.79589, -0.59498][0.93251, 0.91155, 0][-0.243471, 0.417457, 0.048603][-0.11205, -0.79589, -0.59498][0.92037, 0.90740, 0][0.232682, 0.411006, 0.058536][0.14772, -0.94803, -0.28181][0.93254, 0.89977, 0][0.246402, 0.412945, 0.059205][0.14772, -0.94803, -0.28181][0.94625, 0.90171, 0][0.232682, 0.408752, 0.072924][0.14560, -0.97742, -0.15312][0.93254, 0.89752, 0][0.244842, 0.417457, 0.048603][0.14727, -0.90211, -0.40559][0.94469, 0.90622, 0][0.246402, 0.412945, 0.059205][0.14772, -0.94803, -0.28181][0.94625, 0.90171, 0][0.232682, 0.411006, 0.058536][0.14772, -0.94803, -0.28181][0.93254, 0.89977, 0][0.246402, 0.412945, 0.059205][0.41029, -0.87437, -0.25911][0.94625, 0.90171, 0][0.257002, 0.417457, 0.060764][0.41029, -0.87437, -0.25911][0.95683, 0.90622, 0][0.247072, 0.411006, 0.072924][0.40565, -0.90208, -0.14731][0.94691, 0.89977, 0][0.254752, 0.420715, 0.050853][0.40949, -0.83504, -0.36746][0.95459, 0.90947, 0][0.257002, 0.417457, 0.060764][0.41029, -0.87437, -0.25911][0.95683, 0.90622, 0][0.246402, 0.412945, 0.059205][0.41029, -0.87437, -0.25911][0.94625, 0.90171, 0][0.232682, 0.416128, 0.047685][-0.14700, -0.89449, -0.42223][0.93254, 0.90489, 0][0.232682, 0.411006, 0.058536][-0.14775, -0.94652, -0.28684][0.93254, 0.89977, 0][0.218962, 0.412945, 0.059205][-0.14775, -0.94652, -0.28684][0.91884, 0.90171, 0][0.218962, 0.412945, 0.059205][-0.14775, -0.94652, -0.28684][0.44919, 0.85466, 0][0.232682, 0.411006, 0.058536][-0.14775, -0.94652, -0.28684][0.46143, 0.85407, 0][0.218292, 0.411006, 0.072924][-0.14540, -0.97863, -0.14542][0.44860, 0.86690, 0][0.220522, 0.417457, 0.048603][-0.40774, -0.81702, -0.40771][0.92040, 0.90622, 0][0.218962, 0.412945, 0.059205][-0.41048, -0.87051, -0.27153][0.91884, 0.90171, 0][0.208362, 0.417457, 0.060764][-0.41048, -0.87051, -0.27153][0.90825, 0.90622, 0][0.208362, 0.417457, 0.060764][-0.41048, -0.87051, -0.27153][0.90825, 0.90622, 0][0.218962, 0.412945, 0.059205][-0.41048, -0.87051, -0.27153][0.91884, 0.90171, 0][0.207442, 0.416128, 0.072924][-0.40443, -0.90535, -0.12955][0.90734, 0.90489, 0][-0.231312, 0.411006, 0.058536][0.14773, -0.94803, -0.28180][0.93251, 0.90096, 0][-0.217593, 0.412945, 0.059205][0.14773, -0.94803, -0.28180][0.94621, 0.90289, 0][-0.231312, 0.408752, 0.072924][0.14561, -0.97742, -0.15312][0.93251, 0.89871, 0][-0.219151, 0.417457, 0.048603][0.14728, -0.90212, -0.40557][0.94466, 0.90740, 0][-0.217593, 0.412945, 0.059205][0.14773, -0.94803, -0.28180][0.94621, 0.90289, 0][-0.231312, 0.411006, 0.058536][0.14773, -0.94803, -0.28180][0.93251, 0.90096, 0][-0.217593, 0.412945, 0.059205][0.41023, -0.87440, -0.25910][0.94621, 0.90289, 0][-0.206991, 0.417457, 0.060764][0.41023, -0.87440, -0.25910][0.95680, 0.90740, 0][-0.216923, 0.411006, 0.072924][0.40558, -0.90211, -0.14731][0.94688, 0.90096, 0][-0.209241, 0.420715, 0.050853][0.40943, -0.83507, -0.36746][0.95455, 0.91066, 0][-0.206991, 0.417457, 0.060764][0.41023, -0.87440, -0.25910][0.95680, 0.90740, 0][-0.217593, 0.412945, 0.059205][0.41023, -0.87440, -0.25910][0.94621, 0.90289, 0][-0.231312, 0.416128, 0.047685][-0.14700, -0.89449, -0.42223][0.93251, 0.90607, 0][-0.231312, 0.411006, 0.058536][-0.14775, -0.94652, -0.28683][0.93251, 0.90096, 0][-0.245032, 0.412945, 0.059205][-0.14775, -0.94652, -0.28683][0.91881, 0.90289, 0][-0.245032, 0.412945, 0.059205][-0.14775, -0.94652, -0.28683][0.91881, 0.90289, 0][-0.231312, 0.411006, 0.058536][-0.14775, -0.94652, -0.28683][0.93251, 0.90096, 0][-0.2457, 0.411006, 0.072924][-0.14540, -0.97863, -0.14540][0.91814, 0.90096, 0][-0.243471, 0.417457, 0.048603][-0.40770, -0.81702, -0.40774][0.92037, 0.90740, 0][-0.245032, 0.412945, 0.059205][-0.41044, -0.87053, -0.27150][0.91881, 0.90289, 0][-0.255633, 0.417457, 0.060764][-0.41044, -0.87053, -0.27150][0.90822, 0.90740, 0][-0.255633, 0.417457, 0.060764][-0.41044, -0.87053, -0.27150][0.90822, 0.90740, 0][-0.245032, 0.412945, 0.059205][-0.41044, -0.87053, -0.27150][0.91881, 0.90289, 0][-0.25655, 0.416128, 0.072924][-0.40439, -0.90538, -0.12945][0.90731, 0.90607, 0][0.210612, 0.420715, 0.094995][-0.37047, -0.79390, 0.48215][0.91050, 0.90947, 0][0.220522, 0.417457, 0.097245][-0.37047, -0.79390, 0.48215][0.92040, 0.90622, 0][0.213282, 0.424579, 0.102026][-0.37086, -0.74722, 0.55148][0.91317, 0.91333, 0][0.218962, 0.412945, 0.086643][-0.36749, -0.83504, 0.40945][0.91884, 0.90171, 0][0.220522, 0.417457, 0.097245][-0.37047, -0.79390, 0.48215][0.92040, 0.90622, 0][0.210612, 0.420715, 0.094995][-0.37047, -0.79390, 0.48215][0.91050, 0.90947, 0][0.210612, 0.420715, 0.094995][-0.49496, -0.66836, 0.55526][0.91050, 0.90947, 0][0.213282, 0.424579, 0.102026][-0.49496, -0.66836, 0.55526][0.91317, 0.91333, 0][0.206412, 0.427313, 0.099193][-0.49496, -0.66836, 0.55526][0.90631, 0.91606, 0][-0.134372, 0.370326, -0.074882][0.38887, -0.79165, 0.47125][0.82969, 0.35092, 0][-0.156266, 0.347102, -0.095829][0.38887, -0.79165, 0.47125][0.83188, 0.33171, 0][-0.157623, 0.327074, -0.128354][0.38887, -0.79165, 0.47125][0.81320, 0.31403, 0][-0.20221, 0.424579, 0.092325][0.48916, -0.72211, 0.48916][0.96158, 0.91451, 0][-0.205042, 0.427313, 0.099193][0.48916, -0.72211, 0.48916][0.95875, 0.91724, 0][-0.211911, 0.424579, 0.102026][0.48916, -0.72211, 0.48916][0.95189, 0.91451, 0][0.109702, 0.370409, -0.091268][-0.66381, -0.72793, 0.17170][0.65230, 0.34598, 0][0.100372, 0.374707, -0.109117][-0.66381, -0.72793, 0.17170][0.66908, 0.35014, 0][0.112232, 0.362501, -0.115013][-0.66381, -0.72793, 0.17170][0.66911, 0.34120, 0][0.127472, 0.369326, -0.075012][-0.45461, -0.77123, 0.44557][0.63328, 0.34547, 0][0.109702, 0.370409, -0.091268][-0.45461, -0.77123, 0.44557][0.65230, 0.34598, 0][0.154382, 0.31875, -0.135096][-0.45461, -0.77123, 0.44557][0.66851, 0.30604, 0][-0.157623, 0.327074, -0.128354][0.52389, -0.75917, 0.38627][0.81320, 0.31403, 0][-0.124, 0.37153, -0.086583][0.52389, -0.75917, 0.38627][0.81632, 0.35206, 0][-0.134372, 0.370326, -0.074882][0.52389, -0.75917, 0.38627][0.82969, 0.35092, 0][0.138912, 0.328394, -0.136779][-0.51941, -0.76768, 0.37534][0.67602, 0.31421, 0][0.154382, 0.31875, -0.135096][-0.51941, -0.76768, 0.37534][0.66851, 0.30604, 0][0.109702, 0.370409, -0.091268][-0.51941, -0.76768, 0.37534][0.65230, 0.34598, 0][-0.124, 0.37153, -0.086583][0.62703, -0.72992, 0.27212][0.81632, 0.35206, 0][-0.157623, 0.327074, -0.128354][0.62703, -0.72992, 0.27212][0.81320, 0.31403, 0][-0.136804, 0.342236, -0.135656][0.62703, -0.72992, 0.27212][0.79482, 0.32781, 0][-0.231312, 0.416128, 0.047685][0.13142, -0.84850, -0.51262][0.93251, 0.90607, 0][-0.219151, 0.417457, 0.048603][0.13142, -0.84850, -0.51262][0.94466, 0.90740, 0][-0.231312, 0.411006, 0.058536][0.12994, -0.89665, -0.42325][0.93251, 0.90096, 0][-0.220873, 0.422443, 0.041609][0.13155, -0.79160, -0.59672][0.94294, 0.91238, 0][-0.219151, 0.417457, 0.048603][0.13142, -0.84850, -0.51262][0.94466, 0.90740, 0][-0.231312, 0.416128, 0.047685][0.13142, -0.84850, -0.51262][0.93251, 0.90607, 0][0.210752, 0.370684, 0.016057][-0.42441, -0.71228, -0.55905][0.52924, 0.34749, 0][0.215932, 0.377406, 0.00356][-0.42441, -0.71228, -0.55905][0.53423, 0.35510, 0][0.240262, 0.341494, 0.030845][-0.42441, -0.71228, -0.55905][0.50277, 0.32286, 0][-0.209241, 0.420715, 0.094995][0.55505, -0.70572, 0.44032][0.95455, 0.91066, 0][-0.20221, 0.424579, 0.092325][0.55505, -0.70572, 0.44032][0.96158, 0.91451, 0][-0.211911, 0.424579, 0.102026][0.55268, -0.62377, 0.55268][0.95189, 0.91451, 0][-0.199997, 0.422443, 0.083362][0.54668, -0.77402, 0.31943][0.96379, 0.91238, 0][-0.20221, 0.424579, 0.092325][0.55505, -0.70572, 0.44032][0.96158, 0.91451, 0][-0.209241, 0.420715, 0.094995][0.55505, -0.70572, 0.44032][0.95455, 0.91066, 0][0.220522, 0.417457, 0.048603][-0.13144, -0.84785, -0.51368][0.92040, 0.90622, 0][0.232682, 0.416128, 0.047685][-0.13144, -0.84785, -0.51368][0.93254, 0.90489, 0][0.218962, 0.412945, 0.059205][-0.12948, -0.90539, -0.40437][0.91884, 0.90171, 0][0.232682, 0.421615, 0.040751][-0.13140, -0.77738, -0.61515][0.93254, 0.91037, 0][0.232682, 0.416128, 0.047685][-0.13144, -0.84785, -0.51368][0.93254, 0.90489, 0][0.220522, 0.417457, 0.048603][-0.13144, -0.84785, -0.51368][0.92040, 0.90622, 0][0.201602, 0.363017, 0.03459][-0.45283, -0.72248, -0.52246][0.52298, 0.33861, 0][0.210752, 0.370684, 0.016057][-0.45283, -0.72248, -0.52246][0.52924, 0.34749, 0][0.240262, 0.341494, 0.030845][-0.45283, -0.72248, -0.52246][0.50277, 0.32286, 0][-0.089079, 0.390027, -0.140777][0.63346, -0.67520, 0.37793][0.76096, 0.37001, 0][-0.100704, 0.384372, -0.131395][0.63346, -0.67520, 0.37793][0.77420, 0.36493, 0][-0.108126, 0.372682, -0.13984][0.63346, -0.67520, 0.37793][0.77354, 0.35506, 0][0.203582, 0.424579, 0.092325][-0.55493, -0.70970, 0.43403][0.90348, 0.91333, 0][0.210612, 0.420715, 0.094995][-0.55493, -0.70970, 0.43403][0.91050, 0.90947, 0][0.206412, 0.427313, 0.099193][-0.55532, -0.66836, 0.49488][0.90631, 0.91606, 0][0.208362, 0.417457, 0.085084][-0.55153, -0.74719, 0.37083][0.90825, 0.90622, 0][0.210612, 0.420715, 0.094995][-0.55493, -0.70970, 0.43403][0.91050, 0.90947, 0][0.203582, 0.424579, 0.092325][-0.55493, -0.70970, 0.43403][0.90348, 0.91333, 0][0.154382, 0.31875, -0.135096][-0.20584, -0.79213, 0.57459][0.66851, 0.30604, 0][0.149042, 0.346238, -0.099114][-0.20584, -0.79213, 0.57459][0.64217, 0.32876, 0][0.127472, 0.369326, -0.075012][-0.20584, -0.79213, 0.57459][0.63328, 0.34547, 0][0.149042, 0.346238, -0.099114][-0.19265, -0.79335, 0.57748][0.64217, 0.32876, 0][0.154382, 0.31875, -0.135096][-0.19265, -0.79335, 0.57748][0.66851, 0.30604, 0][0.162592, 0.325489, -0.123099][-0.19265, -0.79335, 0.57748][0.65533, 0.31209, 0][0.215932, 0.377406, 0.00356][-0.51550, -0.71176, -0.47714][0.53423, 0.35510, 0][0.217802, 0.384643, -0.009256][-0.51550, -0.71176, -0.47714][0.54159, 0.36314, 0][0.240262, 0.341494, 0.030845][-0.51550, -0.71176, -0.47714][0.50277, 0.32286, 0][-0.247343, 0.33634, 0.040155][0.56301, -0.78795, -0.24929][0.96511, 0.32115, 0][-0.202976, 0.360287, 0.064665][0.56301, -0.78795, -0.24929][0.94507, 0.33937, 0][-0.256414, 0.324324, 0.057648][0.56301, -0.78795, -0.24929][0.97897, 0.31073, 0][-0.207513, 0.363313, 0.047723][0.57378, -0.76579, -0.29043][0.94077, 0.34269, 0][-0.202976, 0.360287, 0.064665][0.57378, -0.76579, -0.29043][0.94507, 0.33937, 0][-0.247343, 0.33634, 0.040155][0.57378, -0.76579, -0.29043][0.96511, 0.32115, 0][-0.207513, 0.363313, 0.047723][0.56138, -0.70939, -0.42618][0.94077, 0.34269, 0][-0.247343, 0.33634, 0.040155][0.56138, -0.70939, -0.42618][0.96511, 0.32115, 0][-0.237503, 0.352757, 0.02579][0.56138, -0.70939, -0.42618][0.95191, 0.33553, 0][-0.219585, 0.371547, 0.02212][0.58377, -0.65135, -0.48473][0.93774, 0.35138, 0][-0.207513, 0.363313, 0.047723][0.58377, -0.65135, -0.48473][0.94077, 0.34269, 0][-0.237503, 0.352757, 0.02579][0.58377, -0.65135, -0.48473][0.95191, 0.33553, 0][-0.220873, 0.422443, 0.041609][0.32267, -0.73136, -0.60083][0.94294, 0.91238, 0][-0.211911, 0.424579, 0.043822][0.32267, -0.73136, -0.60083][0.95189, 0.91451, 0][-0.219151, 0.417457, 0.048603][0.32267, -0.73136, -0.60083][0.94466, 0.90740, 0][-0.206991, 0.417457, 0.085084][0.60205, -0.76056, 0.24307][0.95680, 0.90740, 0][-0.199997, 0.422443, 0.083362][0.60205, -0.76056, 0.24307][0.96379, 0.91238, 0][-0.209241, 0.420715, 0.094995][0.59801, -0.71121, 0.36955][0.95455, 0.91066, 0][-0.199138, 0.421615, 0.072924][0.59498, -0.79588, 0.11210][0.96465, 0.91155, 0][-0.199997, 0.422443, 0.083362][0.60205, -0.76056, 0.24307][0.96379, 0.91238, 0][-0.206991, 0.417457, 0.085084][0.60205, -0.76056, 0.24307][0.95680, 0.90740, 0][-0.170977, 0.326524, -0.118875][0.37055, -0.79772, 0.47575][0.82801, 0.31362, 0][-0.157623, 0.327074, -0.128354][0.37055, -0.79772, 0.47575][0.81320, 0.31403, 0][-0.156266, 0.347102, -0.095829][0.37055, -0.79772, 0.47575][0.83188, 0.33171, 0][0.213282, 0.424579, 0.043822][-0.31921, -0.77413, -0.54665][0.91317, 0.91333, 0][0.222252, 0.422443, 0.041609][-0.31921, -0.77413, -0.54665][0.92213, 0.91120, 0][0.210612, 0.420715, 0.050853][-0.31921, -0.77413, -0.54665][0.91050, 0.90947, 0][-0.219151, 0.417457, 0.048603][0.37047, -0.79392, -0.48212][0.94466, 0.90740, 0][-0.209241, 0.420715, 0.050853][0.37047, -0.79392, -0.48212][0.95455, 0.91066, 0][-0.217593, 0.412945, 0.059205][0.36749, -0.83507, -0.40940][0.94621, 0.90289, 0][-0.211911, 0.424579, 0.043822][0.37086, -0.74722, -0.55148][0.95189, 0.91451, 0][-0.209241, 0.420715, 0.050853][0.37047, -0.79392, -0.48212][0.95455, 0.91066, 0][-0.219151, 0.417457, 0.048603][0.37047, -0.79392, -0.48212][0.94466, 0.90740, 0][-0.237503, 0.352757, 0.02579][0.68642, -0.69583, -0.21130][0.95191, 0.33553, 0][-0.23796, 0.35752, 0.00862][0.68642, -0.69583, -0.21130][0.94441, 0.34038, 0][-0.219585, 0.371547, 0.02212][0.68642, -0.69583, -0.21130][0.93774, 0.35138, 0][0.201372, 0.422443, 0.083362][-0.60202, -0.76517, 0.22821][0.90127, 0.91120, 0][0.208362, 0.417457, 0.085084][-0.60202, -0.76517, 0.22821][0.90825, 0.90622, 0][0.203582, 0.424579, 0.092325][-0.60105, -0.73126, 0.32247][0.90348, 0.91333, 0][0.207442, 0.416128, 0.072924][-0.59695, -0.79140, 0.13166][0.90734, 0.90489, 0][0.208362, 0.417457, 0.085084][-0.60202, -0.76517, 0.22821][0.90825, 0.90622, 0][0.201372, 0.422443, 0.083362][-0.60202, -0.76517, 0.22821][0.90127, 0.91120, 0][0.210612, 0.420715, 0.050853][-0.37056, -0.79152, -0.48599][0.91050, 0.90947, 0][0.220522, 0.417457, 0.048603][-0.37056, -0.79152, -0.48599][0.92040, 0.90622, 0][0.208362, 0.417457, 0.060764][-0.36447, -0.85694, -0.36444][0.90825, 0.90622, 0][0.222252, 0.422443, 0.041609][-0.36957, -0.71098, -0.59827][0.92213, 0.91120, 0][0.220522, 0.417457, 0.048603][-0.37056, -0.79152, -0.48599][0.92040, 0.90622, 0][0.210612, 0.420715, 0.050853][-0.37056, -0.79152, -0.48599][0.91050, 0.90947, 0][-0.211911, 0.424579, 0.043822][0.49495, -0.66836, -0.55526][0.95189, 0.91451, 0][-0.205042, 0.427313, 0.046654][0.49495, -0.66836, -0.55526][0.95875, 0.91724, 0][-0.209241, 0.420715, 0.050853][0.49495, -0.66836, -0.55526][0.95455, 0.91066, 0][-0.209241, 0.420715, 0.050853][0.55487, -0.70972, -0.43407][0.95455, 0.91066, 0][-0.20221, 0.424579, 0.053523][0.55487, -0.70972, -0.43407][0.96158, 0.91451, 0][-0.206991, 0.417457, 0.060764][0.55148, -0.74723, -0.37083][0.95680, 0.90740, 0][-0.205042, 0.427313, 0.046654][0.55526, -0.66836, -0.49495][0.95875, 0.91724, 0][-0.20221, 0.424579, 0.053523][0.55487, -0.70972, -0.43407][0.96158, 0.91451, 0][-0.209241, 0.420715, 0.050853][0.55487, -0.70972, -0.43407][0.95455, 0.91066, 0][0.206412, 0.427313, 0.046654][-0.48903, -0.72232, -0.48898][0.90631, 0.91606, 0][0.213282, 0.424579, 0.043822][-0.48903, -0.72232, -0.48898][0.91317, 0.91333, 0][0.203582, 0.424579, 0.053523][-0.48903, -0.72232, -0.48898][0.90348, 0.91333, 0][-0.206991, 0.417457, 0.060764][0.60180, -0.76533, -0.22825][0.95680, 0.90740, 0][-0.199997, 0.422443, 0.062486][0.60180, -0.76533, -0.22825][0.96379, 0.91238, 0][-0.206073, 0.416128, 0.072924][0.59672, -0.79159, -0.13156][0.95772, 0.90607, 0][-0.20221, 0.424579, 0.053523][0.60083, -0.73137, -0.32264][0.96158, 0.91451, 0][-0.199997, 0.422443, 0.062486][0.60180, -0.76533, -0.22825][0.96379, 0.91238, 0][-0.206991, 0.417457, 0.060764][0.60180, -0.76533, -0.22825][0.95680, 0.90740, 0][0.203582, 0.424579, 0.053523][-0.55510, -0.70573, -0.44024][0.90348, 0.91333, 0][0.210612, 0.420715, 0.050853][-0.55510, -0.70573, -0.44024][0.91050, 0.90947, 0][0.201372, 0.422443, 0.062486][-0.54672, -0.77406, -0.31927][0.90127, 0.91120, 0][0.213282, 0.424579, 0.043822][-0.55273, -0.62373, -0.55268][0.91317, 0.91333, 0][0.210612, 0.420715, 0.050853][-0.55510, -0.70573, -0.44024][0.91050, 0.90947, 0][0.203582, 0.424579, 0.053523][-0.55510, -0.70573, -0.44024][0.90348, 0.91333, 0][0.201372, 0.422443, 0.062486][-0.60227, -0.76038, -0.24309][0.90127, 0.91120, 0][0.208362, 0.417457, 0.060764][-0.60227, -0.76038, -0.24309][0.90825, 0.90622, 0][0.200512, 0.421615, 0.072924][-0.59521, -0.79570, -0.11216][0.90042, 0.91037, 0][0.210612, 0.420715, 0.050853][-0.59822, -0.71103, -0.36954][0.91050, 0.90947, 0][0.208362, 0.417457, 0.060764][-0.60227, -0.76038, -0.24309][0.90825, 0.90622, 0][0.201372, 0.422443, 0.062486][-0.60227, -0.76038, -0.24309][0.90127, 0.91120, 0][-0.14444, -0.000429, -0.121953][-0.62827, -0.45774, -0.62909][0.81146, 0.03638, 0][-0.109709, -0.035498, -0.131122][-0.62827, -0.45774, -0.62909][0.78637, 0.01437, 0][-0.150593, -0.013734, -0.106127][-0.62827, -0.45774, -0.62909][0.82408, 0.02847, 0][-0.132653, -0.035893, -0.110482][-0.61925, -0.36469, -0.69536][0.81117, 0.01423, 0][-0.150593, -0.013734, -0.106127][-0.61925, -0.36469, -0.69536][0.82408, 0.02847, 0][-0.109709, -0.035498, -0.131122][-0.61925, -0.36469, -0.69536][0.78637, 0.01437, 0][0.103915, -0.035295, -0.124387][0.60807, -0.27249, -0.74566][0.67802, 0.02406, 0][0.145292, -0.020012, -0.09623][0.60807, -0.27249, -0.74566][0.64309, 0.02764, 0][0.121682, -0.03612, -0.109597][0.60807, -0.27249, -0.74566][0.66139, 0.02063, 0][0.145292, -0.020012, -0.09623][0.60999, -0.30095, -0.73304][0.64309, 0.02764, 0][0.103915, -0.035295, -0.124387][0.60999, -0.30095, -0.73304][0.67802, 0.02406, 0][0.156472, 0.008438, -0.098607][0.60999, -0.30095, -0.73304][0.64021, 0.04547, 0][0.252422, -0.041931, 0.064973][0.56067, -0.45320, -0.69301][0.48835, 0.00871, 0][0.243312, -0.008546, 0.03577][0.56067, -0.45320, -0.69301][0.50955, 0.03107, 0][0.265802, 0.008868, 0.042577][0.56067, -0.45320, -0.69301][0.49144, 0.03868, 0][0.113412, 0.008954, -0.127688][0.52909, -0.31243, -0.78896][0.67732, 0.05352, 0][0.156472, 0.008438, -0.098607][0.52909, -0.31243, -0.78896][0.64021, 0.04547, 0][0.075179, -0.009801, -0.142581][0.50244, -0.42747, -0.75155][0.70029, 0.04808, 0][0.156472, 0.008438, -0.098607][0.52909, -0.31243, -0.78896][0.64021, 0.04547, 0][0.113412, 0.008954, -0.127688][0.52909, -0.31243, -0.78896][0.67732, 0.05352, 0][0.164312, 0.0531, -0.103898][0.54761, -0.19259, -0.81426][0.64064, 0.07766, 0][-0.238726, -0.039349, 0.006106][-0.65129, -0.26713, -0.71025][0.93508, 0.01737, 0][-0.260936, -0.018857, 0.018765][-0.65129, -0.26713, -0.71025][0.95602, 0.03115, 0][-0.259603, 0.041861, -0.005294][-0.65129, -0.26713, -0.71025][0.94607, 0.07309, 0][0.263632, 0.040448, 0.023433][0.53949, -0.40907, -0.73595][0.50333, 0.06112, 0][0.265802, 0.008868, 0.042577][0.53949, -0.40907, -0.73595][0.49144, 0.03868, 0][0.243312, -0.008546, 0.03577][0.53949, -0.40907, -0.73595][0.50955, 0.03107, 0][-0.255276, 0.1295, -0.016531][-0.68732, -0.02729, -0.72584][0.93988, 0.14257, 0][-0.249569, 0.107289, -0.0211][-0.68732, -0.02729, -0.72584][0.93319, 0.12435, 0][-0.260427, 0.08183, -0.009861][-0.68732, -0.02729, -0.72584][0.94553, 0.10399, 0][-0.125087, 0.04009, -0.139551][-0.38787, -0.20503, -0.89862][0.78931, 0.06817, 0][-0.066066, -0.032369, -0.148494][-0.38787, -0.20503, -0.89862][0.75226, 0.02156, 0][-0.14444, -0.000429, -0.121953][-0.38787, -0.20503, -0.89862][0.81146, 0.03638, 0][0.186972, 0.180811, -0.089551][0.67062, 0.00035, -0.74180][0.61913, 0.18169, 0][0.197822, 0.178817, -0.079743][0.67062, 0.00035, -0.74180][0.60667, 0.17918, 0][0.178242, 0.119405, -0.097778][0.67098, 0.00395, -0.74146][0.62976, 0.12984, 0][0.197822, 0.178817, -0.079743][0.67062, 0.00035, -0.74180][0.60667, 0.17918, 0][0.186972, 0.180811, -0.089551][0.67062, 0.00035, -0.74180][0.61913, 0.18169, 0][0.202822, 0.223221, -0.075422][0.67025, -0.00326, -0.74212][0.60040, 0.21812, 0][0.214742, 0.409506, -0.110448][0.66129, -0.17968, -0.72829][0.06316, 0.97636, 0][0.194592, 0.390257, -0.123995][0.66129, -0.17968, -0.72829][0.08113, 0.95920, 0][0.197482, 0.409506, -0.12612][0.66129, -0.17968, -0.72829][0.07855, 0.97636, 0][0.194592, 0.390257, -0.123995][0.66129, -0.17969, -0.72829][0.08113, 0.95920, 0][0.214742, 0.409506, -0.110448][0.66129, -0.17969, -0.72829][0.06316, 0.97636, 0][0.211712, 0.390257, -0.10845][0.66129, -0.17969, -0.72829][0.06586, 0.95920, 0][0.254752, 0.47397, 0.039818][0.49686, 0.57764, -0.64766][0.95459, 0.96266, 0][0.252082, 0.480756, 0.043822][0.49686, 0.57764, -0.64766][0.95192, 0.96943, 0][0.258952, 0.478022, 0.046654][0.49686, 0.57764, -0.64766][0.95878, 0.96670, 0][-0.19822, 0.390257, -0.123994][-0.66143, -0.17969, -0.72816][0.43146, 0.95920, 0][-0.218363, 0.409506, -0.110447][-0.66143, -0.17969, -0.72816][0.44943, 0.97636, 0][-0.20111, 0.409506, -0.126119][-0.66143, -0.17969, -0.72816][0.43404, 0.97636, 0][-0.218363, 0.409506, -0.110447][-0.66130, -0.17942, -0.72835][0.44943, 0.97636, 0][-0.19822, 0.390257, -0.123994][-0.66130, -0.17942, -0.72835][0.43146, 0.95920, 0][-0.215341, 0.390257, -0.108449][-0.66130, -0.17942, -0.72835][0.44673, 0.95920, 0][-0.14444, -0.000429, -0.121953][-0.36027, -0.11475, -0.92576][0.81146, 0.03638, 0][-0.066066, -0.032369, -0.148494][-0.36027, -0.11475, -0.92576][0.75226, 0.02156, 0][-0.109709, -0.035498, -0.131122][-0.36027, -0.11475, -0.92576][0.78637, 0.01437, 0][0.261782, 0.471393, 0.043822][0.56078, 0.45410, -0.69232][0.96161, 0.96008, 0][0.254752, 0.47397, 0.039818][0.56078, 0.45410, -0.69232][0.95459, 0.96266, 0][0.258952, 0.478022, 0.046654][0.55889, 0.51594, -0.64920][0.95878, 0.96670, 0][0.257002, 0.464404, 0.036443][0.55949, 0.38968, -0.73152][0.95683, 0.95310, 0][0.254752, 0.47397, 0.039818][0.56078, 0.45410, -0.69232][0.95459, 0.96266, 0][0.261782, 0.471393, 0.043822][0.56078, 0.45410, -0.69232][0.96161, 0.96008, 0][-0.174633, 0.087021, -0.112869][-0.49648, -0.03093, -0.86750][0.83487, 0.10321, 0][-0.125087, 0.04009, -0.139551][-0.49648, -0.03093, -0.86750][0.78931, 0.06817, 0][-0.168138, 0.053, -0.115373][-0.49648, -0.03093, -0.86750][0.82944, 0.07593, 0][-0.125087, 0.04009, -0.139551][-0.41963, 0.07144, -0.90488][0.78931, 0.06817, 0][-0.174633, 0.087021, -0.112869][-0.41452, 0.13544, -0.89991][0.83487, 0.10321, 0][-0.139938, 0.085508, -0.129078][-0.41452, 0.13544, -0.89991][0.80383, 0.10435, 0][-0.139938, 0.085508, -0.129078][-0.41452, 0.13544, -0.89991][0.80383, 0.10435, 0][-0.174633, 0.087021, -0.112869][-0.41452, 0.13544, -0.89991][0.83487, 0.10321, 0][-0.151008, 0.102304, -0.120266][-0.40768, 0.19887, -0.89120][0.81563, 0.11799, 0][-0.180903, 0.112945, -0.107787][-0.68253, 0.04782, -0.72929][0.84175, 0.12473, 0][-0.193759, 0.158501, -0.092768][-0.68253, 0.04782, -0.72929][0.85869, 0.16383, 0][-0.184889, 0.16909, -0.100375][-0.68253, 0.04782, -0.72929][0.84853, 0.17289, 0][-0.194442, 0.197335, -0.091033][-0.66559, 0.02162, -0.74600][0.86024, 0.19744, 0][-0.184889, 0.16909, -0.100375][-0.66559, 0.02162, -0.74600][0.84853, 0.17289, 0][-0.193759, 0.158501, -0.092768][-0.66559, 0.02162, -0.74600][0.85869, 0.16383, 0][-0.200527, 0.276395, -0.077094][-0.70287, 0.04838, -0.70967][0.87254, 0.26790, 0][-0.19253, 0.236307, -0.087747][-0.70287, 0.04838, -0.70967][0.86090, 0.23199, 0][-0.200772, 0.228708, -0.080102][-0.70287, 0.04838, -0.70967][0.87075, 0.22535, 0][0.256602, 0.075483, 0.006976][0.69293, -0.01580, -0.72083][0.51685, 0.08924, 0][0.243462, 0.136648, -0.006996][0.69264, -0.01894, -0.72104][0.53194, 0.14206, 0][0.256102, 0.134671, 0.005198][0.69264, -0.01894, -0.72104][0.51641, 0.13927, 0][0.239602, 0.210843, -0.012972][0.69234, -0.02207, -0.72124][0.53610, 0.20659, 0][0.256102, 0.134671, 0.005198][0.69264, -0.01894, -0.72104][0.51641, 0.13927, 0][0.243462, 0.136648, -0.006996][0.69264, -0.01894, -0.72104][0.53194, 0.14206, 0][0.197482, 0.409506, -0.12612][0.49857, -0.16708, -0.85060][0.07855, 0.97636, 0][0.172732, 0.390257, -0.136846][0.49857, -0.16708, -0.85060][0.10063, 0.95920, 0][0.175402, 0.409506, -0.139062][0.49857, -0.16708, -0.85060][0.09825, 0.97636, 0][0.172732, 0.390257, -0.136846][0.49952, -0.16880, -0.84970][0.10063, 0.95920, 0][0.197482, 0.409506, -0.12612][0.49952, -0.16880, -0.84970][0.07855, 0.97636, 0][0.194592, 0.390257, -0.123995][0.49952, -0.16880, -0.84970][0.08113, 0.95920, 0][0.200992, 0.243265, -0.075753][0.60046, 0.04163, -0.79857][0.60128, 0.23624, 0][0.202822, 0.223221, -0.075422][0.60046, 0.04163, -0.79857][0.60040, 0.21812, 0][0.186972, 0.180811, -0.089551][0.60046, 0.04163, -0.79857][0.61913, 0.18169, 0][0.186852, 0.287239, -0.078055][0.62183, 0.09242, -0.77768][0.60942, 0.27631, 0][0.206692, 0.263224, -0.068001][0.58648, 0.15140, -0.79569][0.59229, 0.25415, 0][0.200992, 0.243265, -0.075753][0.58126, 0.14499, -0.80070][0.60128, 0.23624, 0][0.206692, 0.263224, -0.068001][0.58648, 0.15140, -0.79569][0.59229, 0.25415, 0][0.186852, 0.287239, -0.078055][0.62183, 0.09242, -0.77768][0.60942, 0.27631, 0][0.207772, 0.303829, -0.059088][0.64107, 0.06581, -0.76465][0.58444, 0.29119, 0][0.195312, 0.328308, -0.071653][0.68308, -0.02694, -0.72985][0.59988, 0.31381, 0][0.207772, 0.303829, -0.059088][0.64107, 0.06581, -0.76465][0.58444, 0.29119, 0][0.186852, 0.287239, -0.078055][0.62183, 0.09242, -0.77768][0.60942, 0.27631, 0][-0.188516, 0.358362, -0.08549][-0.61108, 0.38727, -0.69036][0.85984, 0.34297, 0][-0.170977, 0.326524, -0.118875][-0.61108, 0.38727, -0.69036][0.82801, 0.31362, 0][-0.186498, 0.338971, -0.098154][-0.61108, 0.38727, -0.69036][0.85104, 0.32520, 0][0.154382, 0.31875, -0.135096][0.60068, -0.36381, -0.71192][0.66851, 0.30604, 0][0.172932, 0.32114, -0.120666][0.60068, -0.36381, -0.71192][0.64889, 0.30843, 0][0.155172, 0.267264, -0.108119][0.60068, -0.36381, -0.71192][0.64679, 0.25917, 0][0.115682, 0.3477, -0.145607][0.62116, 0.45596, -0.63738][0.69188, 0.33059, 0][0.138912, 0.328394, -0.136779][0.62116, 0.45596, -0.63738][0.67602, 0.31421, 0][0.136692, 0.322395, -0.143234][0.62116, 0.45596, -0.63738][0.68211, 0.30897, 0][0.115682, 0.3477, -0.145607][0.45630, 0.40971, -0.78989][0.69188, 0.33059, 0][0.077109, 0.396745, -0.14245][0.45630, 0.40971, -0.78989][0.70282, 0.36935, 0][0.086708, 0.390591, -0.140097][0.45630, 0.40971, -0.78989][0.69776, 0.36499, 0][-0.148169, 0.276653, -0.111116][-0.58316, -0.37853, -0.71878][0.81792, 0.26822, 0][-0.170977, 0.326524, -0.118875][-0.58316, -0.37853, -0.71878][0.82801, 0.31362, 0][-0.147735, 0.322123, -0.135414][-0.58316, -0.37853, -0.71878][0.80231, 0.30934, 0][-0.157623, 0.327074, -0.128354][-0.57899, 0.00628, -0.81531][0.81320, 0.31403, 0][-0.147735, 0.322123, -0.135414][-0.57899, 0.00628, -0.81531][0.80231, 0.30934, 0][-0.170977, 0.326524, -0.118875][-0.57899, 0.00628, -0.81531][0.82801, 0.31362, 0][-0.253383, 0.47397, 0.039818][-0.56069, 0.45992, -0.68855][0.91047, 0.96384, 0][-0.260414, 0.471393, 0.043822][-0.56069, 0.45992, -0.68855][0.90345, 0.96127, 0][-0.250712, 0.480756, 0.043822][-0.55386, 0.57392, -0.60320][0.91314, 0.97062, 0][-0.262626, 0.462742, 0.041609][-0.55611, 0.33658, -0.75990][0.90124, 0.95263, 0][-0.260414, 0.471393, 0.043822][-0.56069, 0.45992, -0.68855][0.90345, 0.96127, 0][-0.253383, 0.47397, 0.039818][-0.56069, 0.45992, -0.68855][0.91047, 0.96384, 0][-0.176356, 0.390257, -0.136846][-0.49850, -0.16702, -0.85065][0.41196, 0.95920, 0][-0.20111, 0.409506, -0.126119][-0.49850, -0.16702, -0.85065][0.43404, 0.97636, 0][-0.179024, 0.409506, -0.139062][-0.49850, -0.16702, -0.85065][0.41434, 0.97636, 0][-0.20111, 0.409506, -0.126119][-0.49948, -0.16880, -0.84972][0.43404, 0.97636, 0][-0.176356, 0.390257, -0.136846][-0.49948, -0.16880, -0.84972][0.41196, 0.95920, 0][-0.19822, 0.390257, -0.123994][-0.49948, -0.16880, -0.84972][0.43146, 0.95920, 0][-0.157623, 0.327074, -0.128354][-0.49026, 0.22252, -0.84269][0.81320, 0.31403, 0][-0.12928, 0.335017, -0.142746][-0.49026, 0.22252, -0.84269][0.78557, 0.32107, 0][-0.147735, 0.322123, -0.135414][-0.49026, 0.22252, -0.84269][0.80231, 0.30934, 0][-0.12928, 0.335017, -0.142746][-0.49752, 0.28583, -0.81901][0.78557, 0.32107, 0][-0.136804, 0.342236, -0.135656][-0.49752, 0.28583, -0.81901][0.79482, 0.32781, 0][-0.11352, 0.361301, -0.14321][-0.49860, 0.28451, -0.81881][0.77491, 0.34493, 0][-0.136804, 0.342236, -0.135656][-0.49752, 0.28583, -0.81901][0.79482, 0.32781, 0][-0.12928, 0.335017, -0.142746][-0.49752, 0.28583, -0.81901][0.78557, 0.32107, 0][-0.157623, 0.327074, -0.128354][-0.49644, 0.28714, -0.81920][0.81320, 0.31403, 0][0.181412, 0.351602, -0.0941][0.51408, 0.54753, -0.66026][0.62366, 0.33590, 0][0.193582, 0.346926, -0.088502][0.51408, 0.54753, -0.66026][0.61342, 0.33213, 0][0.179732, 0.337024, -0.107497][0.51408, 0.54753, -0.66026][0.63515, 0.32300, 0][0.193582, 0.346926, -0.088502][0.51335, 0.50803, -0.69165][0.61342, 0.33213, 0][0.181412, 0.351602, -0.0941][0.51335, 0.50803, -0.69165][0.62366, 0.33590, 0][0.186542, 0.364701, -0.080671][0.51335, 0.50803, -0.69165][0.61064, 0.34759, 0][-0.092915, 0.378561, -0.14556][-0.46236, 0.45694, -0.75989][0.76039, 0.35998, 0][-0.108126, 0.372682, -0.13984][-0.46236, 0.45694, -0.75989][0.77354, 0.35506, 0][-0.080439, 0.393947, -0.143899][-0.46236, 0.45694, -0.75989][0.75366, 0.37326, 0][0.186542, 0.364701, -0.080671][0.49534, 0.50697, -0.70542][0.61064, 0.34759, 0][0.196872, 0.360868, -0.076172][0.49534, 0.50697, -0.70542][0.60206, 0.34466, 0][0.193582, 0.346926, -0.088502][0.49534, 0.50697, -0.70542][0.61342, 0.33213, 0][0.196872, 0.360868, -0.076172][0.49637, 0.58677, -0.63978][0.60206, 0.34466, 0][0.186542, 0.364701, -0.080671][0.49637, 0.58677, -0.63978][0.61064, 0.34759, 0][0.196522, 0.389284, -0.050382][0.49637, 0.58677, -0.63978][0.58248, 0.36886, 0][-0.099314, 0.367541, -0.146633][-0.44292, 0.33804, -0.83039][0.76380, 0.35021, 0][-0.108126, 0.372682, -0.13984][-0.44292, 0.33804, -0.83039][0.77354, 0.35506, 0][-0.092915, 0.378561, -0.14556][-0.44292, 0.33804, -0.83039][0.76039, 0.35998, 0][-0.108126, 0.372682, -0.13984][-0.59815, 0.47468, -0.64568][0.77354, 0.35506, 0][-0.11352, 0.361301, -0.14321][-0.59815, 0.47468, -0.64568][0.77491, 0.34493, 0][-0.136804, 0.342236, -0.135656][-0.59815, 0.47468, -0.64568][0.79482, 0.32781, 0][-0.089079, 0.390027, -0.140777][-0.48480, 0.49336, -0.72220][0.76096, 0.37001, 0][-0.080439, 0.393947, -0.143899][-0.48480, 0.49336, -0.72220][0.75366, 0.37326, 0][-0.108126, 0.372682, -0.13984][-0.48480, 0.49336, -0.72220][0.77354, 0.35506, 0][-0.108126, 0.372682, -0.13984][-0.38411, 0.42479, -0.81976][0.77354, 0.35506, 0][-0.099314, 0.367541, -0.146633][-0.38411, 0.42479, -0.81976][0.76380, 0.35021, 0][-0.11352, 0.361301, -0.14321][-0.38411, 0.42479, -0.81976][0.77491, 0.34493, 0][-0.260414, 0.471393, 0.043822][-0.49346, 0.51132, -0.70360][0.90345, 0.96127, 0][-0.257583, 0.478022, 0.046654][-0.49346, 0.51132, -0.70360][0.90627, 0.96789, 0][-0.250712, 0.480756, 0.043822][-0.49346, 0.51132, -0.70360][0.91314, 0.97062, 0][-0.234304, 0.267491, -0.027294][-0.70258, 0.09264, -0.70554][0.92246, 0.26076, 0][-0.225026, 0.280796, -0.034786][-0.70258, 0.09264, -0.70554][0.91227, 0.27246, 0][-0.236942, 0.239367, -0.02836][-0.70258, 0.09264, -0.70554][0.92331, 0.23605, 0][-0.225026, 0.280796, -0.034786][-0.70406, 0.04619, -0.70864][0.91227, 0.27246, 0][-0.225819, 0.312015, -0.031963][-0.70406, 0.04619, -0.70864][0.91479, 0.30027, 0][-0.219269, 0.331768, -0.037183][-0.70406, 0.04619, -0.70864][0.90772, 0.31802, 0][-0.260427, 0.08183, -0.009861][-0.56193, -0.11185, -0.81959][0.94553, 0.10399, 0][-0.245397, 0.064106, -0.017747][-0.56193, -0.11185, -0.81959][0.93094, 0.09068, 0][-0.259603, 0.041861, -0.005294][-0.55683, -0.10562, -0.82388][0.94607, 0.07309, 0][-0.245397, 0.064106, -0.017747][-0.56193, -0.11185, -0.81959][0.93094, 0.09068, 0][-0.260427, 0.08183, -0.009861][-0.56193, -0.11185, -0.81959][0.94553, 0.10399, 0][-0.249569, 0.107289, -0.0211][-0.56698, -0.11808, -0.81523][0.93319, 0.12435, 0][0.146152, 0.409506, -0.149742][0.34140, -0.15020, -0.92784][0.12433, 0.97636, 0][0.172732, 0.390257, -0.136846][0.34140, -0.15020, -0.92784][0.10063, 0.95920, 0][0.143842, 0.390257, -0.147476][0.34140, -0.15020, -0.92784][0.12639, 0.95920, 0][0.155172, 0.267264, -0.108119][0.48777, -0.55075, -0.67731][0.64679, 0.25917, 0][0.175922, 0.252755, -0.081378][0.48777, -0.55075, -0.67731][0.61747, 0.24591, 0][0.155702, 0.242285, -0.087426][0.48777, -0.55075, -0.67731][0.63110, 0.23779, 0][0.172732, 0.390257, -0.136846][0.33890, -0.15386, -0.92816][0.10063, 0.95920, 0][0.146152, 0.409506, -0.149742][0.33890, -0.15386, -0.92816][0.12433, 0.97636, 0][0.175402, 0.409506, -0.139062][0.33890, -0.15386, -0.92816][0.09825, 0.97636, 0][-0.200963, 0.333091, -0.066106][-0.60091, 0.20024, -0.77383][0.87931, 0.31938, 0][-0.204549, 0.372475, -0.05313][-0.60091, 0.20024, -0.77383][0.88929, 0.35530, 0][-0.200869, 0.368814, -0.056935][-0.60091, 0.20024, -0.77383][0.88457, 0.35192, 0][-0.031155, -0.030581, -0.156393][-0.21811, -0.04761, -0.97476][0.72944, 0.02794, 0][-0.066066, -0.032369, -0.148494][-0.21548, -0.04993, -0.97523][0.75226, 0.02156, 0][-0.033917, -0.01064, -0.156749][-0.22620, -0.03515, -0.97345][0.73011, 0.04201, 0][-0.035822, 0.007789, -0.15672][-0.17764, -0.03114, -0.98360][0.73062, 0.05538, 0][-0.033917, -0.01064, -0.156749][-0.22620, -0.03515, -0.97345][0.73011, 0.04201, 0][-0.066066, -0.032369, -0.148494][-0.21548, -0.04993, -0.97523][0.75226, 0.02156, 0][-0.066066, -0.032369, -0.148494][-0.21548, -0.04993, -0.97523][0.75226, 0.02156, 0][-0.069234, 0.046778, -0.153073][-0.16672, -0.03347, -0.98544][0.74948, 0.08017, 0][-0.035822, 0.007789, -0.15672][-0.17764, -0.03114, -0.98360][0.73062, 0.05538, 0][-0.069234, 0.046778, -0.153073][-0.16672, -0.03347, -0.98544][0.74948, 0.08017, 0][-0.037885, 0.031031, -0.156632][-0.11739, -0.00926, -0.99304][0.73112, 0.07251, 0][-0.035822, 0.007789, -0.15672][-0.17764, -0.03114, -0.98360][0.73062, 0.05538, 0][0.172932, 0.32114, -0.120666][0.38813, 0.48405, -0.78426][0.64889, 0.30843, 0][0.162592, 0.325489, -0.123099][0.38813, 0.48405, -0.78426][0.65533, 0.31209, 0][0.179732, 0.337024, -0.107497][0.38813, 0.48405, -0.78426][0.63515, 0.32300, 0][-0.176356, 0.390257, -0.136846][-0.34140, -0.15021, -0.92784][0.41196, 0.95920, 0][-0.149777, 0.409506, -0.149742][-0.34140, -0.15021, -0.92784][0.38826, 0.97636, 0][-0.147466, 0.390257, -0.147476][-0.34140, -0.15021, -0.92784][0.38620, 0.95920, 0][0.075179, -0.009801, -0.142581][0.44991, -0.12405, -0.88442][0.70029, 0.04808, 0][0.103915, -0.035295, -0.124387][0.44991, -0.12405, -0.88442][0.67802, 0.02406, 0][0.057291, -0.032356, -0.148517][0.44991, -0.12405, -0.88442][0.70957, 0.03605, 0][0.103915, -0.035295, -0.124387][0.48703, -0.07221, -0.87040][0.67802, 0.02406, 0][0.075179, -0.009801, -0.142581][0.48703, -0.07221, -0.87040][0.70029, 0.04808, 0][0.156472, 0.008438, -0.098607][0.48703, -0.07221, -0.87040][0.64021, 0.04547, 0][0.057291, -0.032356, -0.148517][0.31945, 0.00102, -0.94760][0.70957, 0.03605, 0][0.034997, -0.031479, -0.156118][0.32281, 0.00304, -0.94646][0.72105, 0.04180, 0][0.038764, 0.001871, -0.154726][0.31831, 0.00027, -0.94799][0.71942, 0.06441, 0][0.038764, 0.001871, -0.154726][0.31831, 0.00027, -0.94799][0.71942, 0.06441, 0][0.075179, -0.009801, -0.142581][0.30076, -0.01171, -0.95363][0.70029, 0.04808, 0][0.057291, -0.032356, -0.148517][0.31945, 0.00102, -0.94760][0.70957, 0.03605, 0][0.041079, 0.029342, -0.15399][0.31227, -0.00485, -0.94998][0.71856, 0.08349, 0][0.075179, -0.009801, -0.142581][0.30076, -0.01171, -0.95363][0.70029, 0.04808, 0][0.038764, 0.001871, -0.154726][0.31831, 0.00027, -0.94799][0.71942, 0.06441, 0][0.042578, 0.050418, -0.153692][0.27070, -0.01800, -0.96250][0.71817, 0.09835, 0][0.075179, -0.009801, -0.142581][0.30076, -0.01171, -0.95363][0.70029, 0.04808, 0][0.041079, 0.029342, -0.15399][0.31227, -0.00485, -0.94998][0.71856, 0.08349, 0][0.075179, -0.009801, -0.142581][0.30076, -0.01171, -0.95363][0.70029, 0.04808, 0][0.042578, 0.050418, -0.153692][0.27070, -0.01800, -0.96250][0.71817, 0.09835, 0][0.089259, 0.089098, -0.142461][0.29859, -0.01934, -0.95419][0.69656, 0.11858, 0][0.044169, 0.077614, -0.153559][0.24207, -0.01289, -0.97017][0.71793, 0.11781, 0][0.089259, 0.089098, -0.142461][0.29859, -0.01934, -0.95419][0.69656, 0.11858, 0][0.042578, 0.050418, -0.153692][0.27070, -0.01800, -0.96250][0.71817, 0.09835, 0][0.045635, 0.106512, -0.153681][0.24347, -0.01492, -0.96979][0.71792, 0.13880, 0][0.089259, 0.089098, -0.142461][0.29859, -0.01934, -0.95419][0.69656, 0.11858, 0][0.044169, 0.077614, -0.153559][0.24207, -0.01289, -0.97017][0.71793, 0.11781, 0][0.138912, 0.328394, -0.136779][0.43613, 0.57944, -0.68850][0.67602, 0.31421, 0][0.154382, 0.31875, -0.135096][0.43613, 0.57944, -0.68850][0.66851, 0.30604, 0][0.136692, 0.322395, -0.143234][0.43613, 0.57944, -0.68850][0.68211, 0.30897, 0][-0.149777, 0.409506, -0.149742][-0.33893, -0.15383, -0.92815][0.38826, 0.97636, 0][-0.176356, 0.390257, -0.136846][-0.33893, -0.15383, -0.92815][0.41196, 0.95920, 0][-0.179024, 0.409506, -0.139062][-0.33893, -0.15383, -0.92815][0.41434, 0.97636, 0][-0.168138, 0.053, -0.115373][-0.51379, -0.12333, -0.84900][0.82944, 0.07593, 0][-0.125087, 0.04009, -0.139551][-0.51379, -0.12333, -0.84900][0.78931, 0.06817, 0][-0.14444, -0.000429, -0.121953][-0.51379, -0.12333, -0.84900][0.81146, 0.03638, 0][-0.125087, 0.04009, -0.139551][-0.50351, 0.03443, -0.86330][0.78931, 0.06817, 0][-0.139938, 0.085508, -0.129078][-0.50076, 0.09764, -0.86006][0.80383, 0.10435, 0][-0.112241, 0.08513, -0.145247][-0.50076, 0.09764, -0.86006][0.77768, 0.10536, 0][-0.112241, 0.08513, -0.145247][-0.50076, 0.09764, -0.86006][0.77768, 0.10536, 0][-0.139938, 0.085508, -0.129078][-0.50076, 0.09764, -0.86006][0.80383, 0.10435, 0][-0.11739, 0.162884, -0.127635][-0.49599, 0.16045, -0.85337][0.79015, 0.17105, 0][0.264002, 0.462742, 0.041609][0.61270, 0.24083, -0.75273][0.96382, 0.95144, 0][0.257002, 0.464404, 0.036443][0.61270, 0.24083, -0.75273][0.95683, 0.95310, 0][0.261782, 0.471393, 0.043822][0.60938, 0.33965, -0.71645][0.96161, 0.96008, 0][0.257922, 0.452667, 0.035066][0.60922, 0.13934, -0.78067][0.95775, 0.94138, 0][0.257002, 0.464404, 0.036443][0.61270, 0.24083, -0.75273][0.95683, 0.95310, 0][0.264002, 0.462742, 0.041609][0.61270, 0.24083, -0.75273][0.96382, 0.95144, 0][-0.171272, 0.303437, -0.071196][-0.68745, -0.09687, -0.71974][0.85596, 0.29238, 0][-0.182868, 0.331527, -0.063901][-0.68745, -0.09687, -0.71974][0.86793, 0.31751, 0][-0.176562, 0.336185, -0.070551][-0.68745, -0.09687, -0.71974][0.85998, 0.32170, 0][-0.221042, -0.037406, -0.001576][-0.40294, -0.23748, -0.88388][0.92009, 0.02058, 0][-0.259603, 0.041861, -0.005294][-0.40294, -0.23748, -0.88388][0.94607, 0.07309, 0][-0.245397, 0.064106, -0.017747][-0.40294, -0.23748, -0.88388][0.93094, 0.09068, 0][-0.149982, -0.007082, -0.023184][-0.64218, -0.22995, -0.73125][0.86622, 0.05130, 0][-0.167176, 0.033214, -0.020756][-0.64218, -0.22995, -0.73125][0.87799, 0.07854, 0][-0.158898, 0.035139, -0.028631][-0.64218, -0.22995, -0.73125][0.86915, 0.07984, 0][-0.178183, 0.133368, -0.031838][-0.66201, -0.15392, -0.73352][0.88024, 0.15232, 0][-0.158898, 0.035139, -0.028631][-0.66201, -0.15392, -0.73352][0.86915, 0.07984, 0][-0.167176, 0.033214, -0.020756][-0.66201, -0.15392, -0.73352][0.87799, 0.07854, 0][-0.106558, 0.35415, -0.145482][-0.25714, 0.05618, -0.96474][0.76926, 0.33812, 0][-0.11352, 0.361301, -0.14321][-0.25714, 0.05618, -0.96474][0.77491, 0.34493, 0][-0.099314, 0.367541, -0.146633][-0.25714, 0.05618, -0.96474][0.76380, 0.35021, 0][0.047327, 0.139518, -0.153712][0.24238, -0.01489, -0.97007][0.71782, 0.16317, 0][0.089259, 0.089098, -0.142461][0.29859, -0.01934, -0.95419][0.69656, 0.11858, 0][0.045635, 0.106512, -0.153681][0.24347, -0.01492, -0.96979][0.71792, 0.13880, 0][0.089259, 0.089098, -0.142461][0.29859, -0.01934, -0.95419][0.69656, 0.11858, 0][0.047327, 0.139518, -0.153712][0.24238, -0.01489, -0.97007][0.71782, 0.16317, 0][0.050194, 0.188701, -0.15383][0.32062, 0.01765, -0.94704][0.71764, 0.20024, 0][0.089259, 0.089098, -0.142461][0.29859, -0.01934, -0.95419][0.69656, 0.11858, 0][0.113412, 0.008954, -0.127688][0.37633, -0.05704, -0.92473][0.67732, 0.05352, 0][0.075179, -0.009801, -0.142581][0.38522, -0.05372, -0.92126][0.70029, 0.04808, 0][0.113412, 0.008954, -0.127688][0.37633, -0.05704, -0.92473][0.67732, 0.05352, 0][0.089259, 0.089098, -0.142461][0.29859, -0.01934, -0.95419][0.69656, 0.11858, 0][0.137802, 0.07366, -0.12224][0.38333, -0.00442, -0.92360][0.66466, 0.09822, 0][0.050194, 0.188701, -0.15383][0.32062, 0.01765, -0.94704][0.71764, 0.20024, 0][0.137802, 0.07366, -0.12224][0.38333, -0.00442, -0.92360][0.66466, 0.09822, 0][0.089259, 0.089098, -0.142461][0.29859, -0.01934, -0.95419][0.69656, 0.11858, 0][0.164312, 0.0531, -0.103898][0.50205, -0.11709, -0.85688][0.64064, 0.07766, 0][0.113412, 0.008954, -0.127688][0.50205, -0.11709, -0.85688][0.67732, 0.05352, 0][0.137802, 0.07366, -0.12224][0.50205, -0.11709, -0.85688][0.66466, 0.09822, 0][0.120352, 0.191486, -0.117429][0.48299, 0.10702, -0.86906][0.66767, 0.19711, 0][0.141932, 0.136854, -0.112163][0.48299, 0.10702, -0.86906][0.65553, 0.14974, 0][0.137802, 0.07366, -0.12224][0.48299, 0.10702, -0.86906][0.66466, 0.09822, 0][0.137802, 0.07366, -0.12224][0.31130, -0.02316, -0.95003][0.66466, 0.09822, 0][0.050194, 0.188701, -0.15383][0.31350, -0.02195, -0.94934][0.71764, 0.20024, 0][0.05369, 0.244262, -0.15396][0.31410, -0.01771, -0.94922][0.71734, 0.24331, 0][0.137802, 0.07366, -0.12224][0.31130, -0.02316, -0.95003][0.66466, 0.09822, 0][0.05369, 0.244262, -0.15396][0.31410, -0.01771, -0.94922][0.71734, 0.24331, 0][0.09305, 0.218115, -0.140493][0.31682, -0.01225, -0.94841][0.69473, 0.22029, 0][0.056683, 0.282718, -0.153226][0.32065, -0.00618, -0.94718][0.71634, 0.27391, 0][0.09305, 0.218115, -0.140493][0.31682, -0.01225, -0.94841][0.69473, 0.22029, 0][0.05369, 0.244262, -0.15396][0.31410, -0.01771, -0.94922][0.71734, 0.24331, 0][0.059197, 0.311289, -0.15254][0.32163, -0.00557, -0.94685][0.71538, 0.29709, 0][0.09305, 0.218115, -0.140493][0.31682, -0.01225, -0.94841][0.69473, 0.22029, 0][0.056683, 0.282718, -0.153226][0.32065, -0.00618, -0.94718][0.71634, 0.27391, 0][0.09305, 0.218115, -0.140493][0.45218, 0.04914, -0.89057][0.69473, 0.22029, 0][0.059197, 0.311289, -0.15254][0.44777, 0.03604, -0.89342][0.71538, 0.29709, 0][0.079454, 0.30235, -0.142748][0.44777, 0.03604, -0.89342][0.70151, 0.28988, 0][0.071009, 0.362896, -0.145376][0.44328, 0.02293, -0.89609][0.70675, 0.34017, 0][0.079454, 0.30235, -0.142748][0.44777, 0.03604, -0.89342][0.70151, 0.28988, 0][0.059197, 0.311289, -0.15254][0.44777, 0.03604, -0.89342][0.71538, 0.29709, 0][0.06285, 0.352977, -0.150237][0.48764, 0.02654, -0.87264][0.71295, 0.33154, 0][0.071009, 0.362896, -0.145376][0.48764, 0.02654, -0.87264][0.70675, 0.34017, 0][0.059197, 0.311289, -0.15254][0.50920, 0.00293, -0.86064][0.71538, 0.29709, 0][0.066499, 0.400424, -0.145623][0.46551, 0.05013, -0.88362][0.70871, 0.37147, 0][0.071009, 0.362896, -0.145376][0.48764, 0.02654, -0.87264][0.70675, 0.34017, 0][0.06285, 0.352977, -0.150237][0.48764, 0.02654, -0.87264][0.71295, 0.33154, 0][0.071009, 0.362896, -0.145376][0.29569, 0.02925, -0.95484][0.70675, 0.34017, 0][0.066499, 0.400424, -0.145623][0.30788, 0.06954, -0.94888][0.70871, 0.37147, 0][0.077109, 0.396745, -0.14245][0.30788, 0.06954, -0.94888][0.70282, 0.36935, 0][0.077109, 0.396745, -0.14245][0.30788, 0.06954, -0.94888][0.18591, 0.96498, 0][0.066499, 0.400424, -0.145623][0.30788, 0.06954, -0.94888][0.19537, 0.96826, 0][0.073996, 0.400424, -0.143078][0.31951, 0.10969, -0.94121][0.18868, 0.96826, 0][-0.11352, 0.361301, -0.14321][-0.20730, 0.10713, -0.97239][0.77491, 0.34493, 0][-0.106558, 0.35415, -0.145482][-0.20730, 0.10713, -0.97239][0.76926, 0.33812, 0][-0.12928, 0.335017, -0.142746][-0.20730, 0.10713, -0.97239][0.78557, 0.32107, 0][-0.255633, 0.464404, 0.036443][-0.61301, 0.25572, -0.74754][0.90822, 0.95429, 0][-0.262626, 0.462742, 0.041609][-0.61301, 0.25572, -0.74754][0.90124, 0.95263, 0][-0.253383, 0.47397, 0.039818][-0.60556, 0.38764, -0.69501][0.91047, 0.96384, 0][-0.263484, 0.452667, 0.040751][-0.60808, 0.11863, -0.78496][0.90038, 0.94257, 0][-0.262626, 0.462742, 0.041609][-0.61301, 0.25572, -0.74754][0.90124, 0.95263, 0][-0.255633, 0.464404, 0.036443][-0.61301, 0.25572, -0.74754][0.90822, 0.95429, 0][0.162592, 0.325489, -0.123099][0.42012, 0.63764, -0.64569][0.65533, 0.31209, 0][0.172932, 0.32114, -0.120666][0.42012, 0.63764, -0.64569][0.64889, 0.30843, 0][0.154382, 0.31875, -0.135096][0.42012, 0.63764, -0.64569][0.66851, 0.30604, 0][0.105652, 0.409506, -0.158611][0.21370, -0.13565, -0.96744][0.16045, 0.97636, 0][0.143842, 0.390257, -0.147476][0.21370, -0.13565, -0.96744][0.12639, 0.95920, 0][0.103936, 0.390257, -0.156291][0.21370, -0.13565, -0.96744][0.16198, 0.95920, 0][0.244842, 0.476141, 0.036443][0.32438, 0.62558, -0.70952][0.94469, 0.96482, 0][0.243122, 0.482892, 0.041609][0.32438, 0.62558, -0.70952][0.94297, 0.97157, 0][0.252082, 0.480756, 0.043822][0.32438, 0.62558, -0.70952][0.95192, 0.96943, 0][0.143842, 0.390257, -0.147476][0.21183, -0.13930, -0.96733][0.12639, 0.95920, 0][0.105652, 0.409506, -0.158611][0.21183, -0.13930, -0.96733][0.16045, 0.97636, 0][0.146152, 0.409506, -0.149742][0.21183, -0.13930, -0.96733][0.12433, 0.97636, 0][-0.208302, 0.371444, -0.039889][-0.68985, -0.08490, -0.71896][0.89900, 0.35384, 0][-0.202689, 0.358499, -0.043746][-0.68985, -0.08490, -0.71896][0.89281, 0.34194, 0][-0.196326, 0.174987, -0.02818][-0.68985, -0.08490, -0.71896][0.89429, 0.18447, 0][-0.188516, 0.358362, -0.08549][-0.38430, 0.54729, -0.74349][0.85984, 0.34297, 0][-0.19916, 0.392485, -0.05487][-0.38430, 0.54729, -0.74349][0.88471, 0.37367, 0][-0.191445, 0.387139, -0.062793][-0.38430, 0.54729, -0.74349][0.87485, 0.36873, 0][0.237892, 0.251396, -0.013248][0.62284, 0.06888, -0.77931][0.53615, 0.24283, 0][0.221322, 0.302625, -0.021963][0.62284, 0.06888, -0.77931][0.55044, 0.28931, 0][0.232182, 0.290299, -0.014373][0.62284, 0.06888, -0.77931][0.53922, 0.27807, 0][0.225682, 0.333827, -0.014636][0.63752, 0.09058, -0.76509][0.54204, 0.31757, 0][0.232182, 0.290299, -0.014373][0.63752, 0.09058, -0.76509][0.53922, 0.27807, 0][0.221322, 0.302625, -0.021963][0.63752, 0.09058, -0.76509][0.55044, 0.28931, 0][-0.147466, 0.390257, -0.147476][-0.21371, -0.13564, -0.96744][0.38620, 0.95920, 0][-0.109276, 0.409506, -0.158611][-0.21371, -0.13564, -0.96744][0.35214, 0.97636, 0][-0.107561, 0.390257, -0.156291][-0.21371, -0.13564, -0.96744][0.35061, 0.95920, 0][-0.228797, 0.356642, -0.003941][-0.68881, -0.14633, -0.71002][0.93168, 0.33973, 0][-0.232413, 0.366167, -0.002396][-0.68881, -0.14633, -0.71002][0.93528, 0.34837, 0][-0.222578, 0.377117, -0.014194][-0.68881, -0.14633, -0.71002][0.92253, 0.35838, 0][-0.109276, 0.409506, -0.158611][-0.21183, -0.13931, -0.96733][0.35214, 0.97636, 0][-0.147466, 0.390257, -0.147476][-0.21183, -0.13931, -0.96733][0.38620, 0.95920, 0][-0.149777, 0.409506, -0.149742][-0.21183, -0.13931, -0.96733][0.38826, 0.97636, 0][0.154382, 0.31875, -0.135096][0.29918, -0.43925, -0.84708][0.66851, 0.30604, 0][0.155172, 0.267264, -0.108119][0.29918, -0.43925, -0.84708][0.64679, 0.25917, 0][0.136692, 0.322395, -0.143234][0.29918, -0.43925, -0.84708][0.68211, 0.30897, 0][0.136692, 0.322395, -0.143234][0.03372, -0.06552, -0.99728][0.68211, 0.30897, 0][0.111772, 0.342233, -0.14538][0.03372, -0.06552, -0.99728][0.69304, 0.32544, 0][0.115682, 0.3477, -0.145607][0.03372, -0.06552, -0.99728][0.69188, 0.33059, 0][-0.125087, 0.04009, -0.139551][-0.22789, -0.06154, -0.97174][0.78931, 0.06817, 0][-0.069234, 0.046778, -0.153073][-0.16672, -0.03347, -0.98544][0.74948, 0.08017, 0][-0.066066, -0.032369, -0.148494][-0.21548, -0.04993, -0.97523][0.75226, 0.02156, 0][-0.037885, 0.031031, -0.156632][-0.11739, -0.00926, -0.99304][0.73112, 0.07251, 0][-0.069234, 0.046778, -0.153073][-0.16672, -0.03347, -0.98544][0.74948, 0.08017, 0][-0.040267, 0.068644, -0.156801][-0.11434, -0.01788, -0.99328][0.73127, 0.10081, 0][-0.112241, 0.08513, -0.145247][-0.19440, -0.02680, -0.98056][0.77768, 0.10536, 0][-0.069234, 0.046778, -0.153073][-0.16672, -0.03347, -0.98544][0.74948, 0.08017, 0][-0.125087, 0.04009, -0.139551][-0.22789, -0.06154, -0.97174][0.78931, 0.06817, 0][-0.040267, 0.068644, -0.156801][-0.11434, -0.01788, -0.99328][0.73127, 0.10081, 0][-0.069234, 0.046778, -0.153073][-0.16672, -0.03347, -0.98544][0.74948, 0.08017, 0][-0.044407, 0.143579, -0.158136][-0.15490, -0.01546, -0.98781][0.73062, 0.15895, 0][-0.112241, 0.08513, -0.145247][-0.19440, -0.02680, -0.98056][0.77768, 0.10536, 0][-0.044407, 0.143579, -0.158136][-0.15490, -0.01546, -0.98781][0.73062, 0.15895, 0][-0.069234, 0.046778, -0.153073][-0.16672, -0.03347, -0.98544][0.74948, 0.08017, 0][-0.049373, 0.222107, -0.158712][-0.17158, -0.01808, -0.98500][0.73077, 0.22269, 0][-0.044407, 0.143579, -0.158136][-0.15490, -0.01546, -0.98781][0.73062, 0.15895, 0][-0.112241, 0.08513, -0.145247][-0.19440, -0.02680, -0.98056][0.77768, 0.10536, 0][-0.112241, 0.08513, -0.145247][-0.27650, 0.03249, -0.96046][0.77768, 0.10536, 0][-0.097254, 0.164191, -0.146887][-0.27695, 0.03289, -0.96032][0.76653, 0.17189, 0][-0.049373, 0.222107, -0.158712][-0.27695, 0.03289, -0.96032][0.73077, 0.22269, 0][-0.049373, 0.222107, -0.158712][-0.27695, 0.03289, -0.96032][0.73077, 0.22269, 0][-0.097254, 0.164191, -0.146887][-0.27695, 0.03289, -0.96032][0.76653, 0.17189, 0][-0.076015, 0.248185, -0.150111][-0.27740, 0.03329, -0.96018][0.75048, 0.24400, 0][-0.076015, 0.248185, -0.150111][-0.32913, -0.01225, -0.94420][0.75048, 0.24400, 0][-0.051112, 0.246363, -0.158688][-0.32672, -0.01728, -0.94496][0.73106, 0.24298, 0][-0.049373, 0.222107, -0.158712][-0.32703, -0.02251, -0.94475][0.73077, 0.22269, 0][-0.051112, 0.246363, -0.158688][-0.32672, -0.01728, -0.94496][0.73106, 0.24298, 0][-0.076015, 0.248185, -0.150111][-0.32913, -0.01225, -0.94420][0.75048, 0.24400, 0][-0.052693, 0.268092, -0.158419][-0.33017, -0.00712, -0.94390][0.73150, 0.26142, 0][-0.05449, 0.289426, -0.157832][-0.33391, -0.00219, -0.94260][0.73229, 0.27975, 0][-0.052693, 0.268092, -0.158419][-0.33017, -0.00712, -0.94390][0.73150, 0.26142, 0][-0.076015, 0.248185, -0.150111][-0.32913, -0.01225, -0.94420][0.75048, 0.24400, 0][-0.05449, 0.289426, -0.157832][-0.46306, -0.00642, -0.88630][0.73229, 0.27975, 0][-0.081079, 0.266906, -0.143777][-0.46306, -0.00642, -0.88630][0.75699, 0.26019, 0][-0.056604, 0.313924, -0.156905][-0.46306, -0.00642, -0.88630][0.73340, 0.30107, 0][-0.081079, 0.266906, -0.143777][-0.56422, 0.12357, -0.81633][0.75699, 0.26019, 0][-0.05449, 0.289426, -0.157832][-0.54792, 0.13131, -0.82616][0.73229, 0.27975, 0][-0.076015, 0.248185, -0.150111][-0.56422, 0.12357, -0.81633][0.75048, 0.24400, 0][-0.081079, 0.266906, -0.143777][-0.56422, 0.12357, -0.81633][0.75699, 0.26019, 0][-0.076015, 0.248185, -0.150111][-0.56422, 0.12357, -0.81633][0.75048, 0.24400, 0][-0.097254, 0.164191, -0.146887][-0.58027, 0.11579, -0.80615][0.76653, 0.17189, 0][-0.060864, 0.361473, -0.153438][-0.49977, 0.01837, -0.86596][0.73679, 0.34325, 0][-0.056604, 0.313924, -0.156905][-0.49977, 0.01837, -0.86596][0.73340, 0.30107, 0][-0.081079, 0.266906, -0.143777][-0.49977, 0.01837, -0.86596][0.75699, 0.26019, 0][-0.060864, 0.361473, -0.153438][-0.66119, 0.00294, -0.75021][0.73679, 0.34325, 0][-0.075154, 0.374659, -0.140792][-0.66119, 0.00294, -0.75021][0.75303, 0.35519, 0][-0.064805, 0.401476, -0.149808][-0.66119, 0.00294, -0.75021][0.74039, 0.37950, 0][-0.071301, 0.401511, -0.146145][-0.48646, 0.13032, -0.86393][0.31827, 0.96923, 0][-0.064805, 0.401476, -0.149808][-0.48646, 0.13032, -0.86393][0.31248, 0.96920, 0][-0.074761, 0.397333, -0.144827][-0.48646, 0.13032, -0.86393][0.32136, 0.96550, 0][-0.074761, 0.397333, -0.144827][-0.38976, -0.15480, -0.90781][0.74961, 0.37604, 0][-0.064805, 0.401476, -0.149808][-0.38976, -0.15480, -0.90781][0.74039, 0.37950, 0][-0.075154, 0.374659, -0.140792][-0.38976, -0.15480, -0.90781][0.75303, 0.35519, 0][-0.084351, 0.308697, -0.130302][-0.67451, -0.02330, -0.73790][0.76653, 0.29663, 0][-0.075154, 0.374659, -0.140792][-0.67451, -0.02330, -0.73790][0.75303, 0.35519, 0][-0.060864, 0.361473, -0.153438][-0.67451, -0.02330, -0.73790][0.73679, 0.34325, 0][-0.084351, 0.308697, -0.130302][-0.57070, -0.05077, -0.81959][0.76653, 0.29663, 0][-0.085498, 0.333005, -0.131009][-0.57070, -0.05077, -0.81959][0.76628, 0.31800, 0][-0.075154, 0.374659, -0.140792][-0.57070, -0.05077, -0.81959][0.75303, 0.35519, 0][-0.097415, 0.294686, -0.120408][-0.55419, -0.06904, -0.82952][0.78063, 0.28450, 0][-0.084351, 0.308697, -0.130302][-0.55419, -0.06904, -0.82952][0.76653, 0.29663, 0][-0.100222, 0.262488, -0.115853][-0.55419, -0.06904, -0.82952][0.78557, 0.25687, 0][0.176442, 0.135908, -0.01731][0.62380, -0.17243, -0.76233][0.57448, 0.15249, 0][0.179412, 0.11509, -0.010171][0.62380, -0.17243, -0.76233][0.56884, 0.13639, 0][0.155322, 0.004054, -0.004769][0.62380, -0.17243, -0.76233][0.57868, 0.05944, 0][-0.176476, 0.000191, -0.014697][-0.52967, -0.18434, -0.82793][0.88633, 0.05373, 0][-0.184107, -0.033314, -0.002355][-0.52967, -0.18434, -0.82793][0.89640, 0.03052, 0][-0.183435, 0.013548, -0.013219][-0.52967, -0.18434, -0.82793][0.89146, 0.06270, 0][0.164312, 0.0531, -0.103898][0.54841, -0.03811, -0.83534][0.64064, 0.07766, 0][0.137802, 0.07366, -0.12224][0.48396, 0.03963, -0.87419][0.66466, 0.09822, 0][0.178242, 0.119405, -0.097778][0.46326, 0.07133, -0.88335][0.62976, 0.12984, 0][0.141932, 0.136854, -0.112163][0.40909, 0.13087, -0.90306][0.65553, 0.14974, 0][0.178242, 0.119405, -0.097778][0.46326, 0.07133, -0.88335][0.62976, 0.12984, 0][0.137802, 0.07366, -0.12224][0.48396, 0.03963, -0.87419][0.66466, 0.09822, 0][0.153082, 0.19654, -0.098033][0.40668, 0.13783, -0.90312][0.64032, 0.19882, 0][0.141932, 0.136854, -0.112163][0.40909, 0.13087, -0.90306][0.65553, 0.14974, 0][0.134652, 0.226899, -0.101279][0.39326, 0.14160, -0.90846][0.65015, 0.22578, 0][0.153082, 0.19654, -0.098033][0.40668, 0.13783, -0.90312][0.64032, 0.19882, 0][0.178242, 0.119405, -0.097778][0.46326, 0.07133, -0.88335][0.62976, 0.12984, 0][0.141932, 0.136854, -0.112163][0.40909, 0.13087, -0.90306][0.65553, 0.14974, 0][0.153082, 0.19654, -0.098033][0.39010, 0.18672, -0.90164][0.64032, 0.19882, 0][0.131982, 0.248715, -0.096357][0.39010, 0.18672, -0.90164][0.64753, 0.24426, 0][0.155702, 0.242285, -0.087426][0.39010, 0.18672, -0.90164][0.63110, 0.23779, 0][0.178242, 0.119405, -0.097778][0.28019, 0.08823, -0.95588][0.62976, 0.12984, 0][0.153082, 0.19654, -0.098033][0.28019, 0.08823, -0.95588][0.64032, 0.19882, 0][0.186972, 0.180811, -0.089551][0.28019, 0.08823, -0.95588][0.61913, 0.18169, 0][0.186972, 0.180811, -0.089551][0.30134, 0.14071, -0.94308][0.61913, 0.18169, 0][0.153082, 0.19654, -0.098033][0.30134, 0.14071, -0.94308][0.64032, 0.19882, 0][0.200992, 0.243265, -0.075753][0.30134, 0.14071, -0.94308][0.60128, 0.23624, 0][0.155702, 0.242285, -0.087426][0.24408, 0.14365, -0.95906][0.63110, 0.23779, 0][0.200992, 0.243265, -0.075753][0.24408, 0.14365, -0.95906][0.60128, 0.23624, 0][0.153082, 0.19654, -0.098033][0.24003, 0.20621, -0.94861][0.64032, 0.19882, 0][0.200992, 0.243265, -0.075753][0.24408, 0.14365, -0.95906][0.60128, 0.23624, 0][0.155702, 0.242285, -0.087426][0.24408, 0.14365, -0.95906][0.63110, 0.23779, 0][0.175922, 0.252755, -0.081378][0.24714, 0.08052, -0.96563][0.61747, 0.24591, 0][0.186852, 0.287239, -0.078055][0.22678, 0.02195, -0.97370][0.60942, 0.27631, 0][0.200992, 0.243265, -0.075753][0.22678, 0.02195, -0.97370][0.60128, 0.23624, 0][0.175922, 0.252755, -0.081378][0.22678, 0.02195, -0.97370][0.61747, 0.24591, 0][0.131722, 0.259167, -0.098473][0.30294, -0.18186, -0.93550][0.64916, 0.25300, 0][0.155702, 0.242285, -0.087426][0.30294, -0.18186, -0.93550][0.63110, 0.23779, 0][0.131982, 0.248715, -0.096357][0.30294, -0.18186, -0.93550][0.64753, 0.24426, 0][0.114702, 0.272146, -0.106955][0.32548, -0.17983, -0.92829][0.66204, 0.26427, 0][0.131722, 0.259167, -0.098473][0.32548, -0.17983, -0.92829][0.64916, 0.25300, 0][0.131982, 0.248715, -0.096357][0.32548, -0.17983, -0.92829][0.64753, 0.24426, 0][0.101571, 0.295989, -0.115348][0.36569, -0.12335, -0.92253][0.67316, 0.28425, 0][0.131722, 0.259167, -0.098473][0.36569, -0.12335, -0.92253][0.64916, 0.25300, 0][0.114702, 0.272146, -0.106955][0.36569, -0.12335, -0.92253][0.66204, 0.26427, 0][0.101571, 0.295989, -0.115348][0.34708, -0.14109, -0.92716][0.67316, 0.28425, 0][0.08187, 0.3641, -0.133088][0.34708, -0.14109, -0.92716][0.69374, 0.34124, 0][0.103898, 0.307404, -0.116214][0.34708, -0.14109, -0.92716][0.67299, 0.29383, 0][0.103898, 0.307404, -0.116214][0.19168, -0.11304, -0.97493][0.67299, 0.29383, 0][0.120692, 0.287807, -0.11064][0.19168, -0.11304, -0.97493][0.66252, 0.27738, 0][0.101571, 0.295989, -0.115348][0.19168, -0.11304, -0.97493][0.67316, 0.28425, 0][0.114702, 0.272146, -0.106955][0.56102, 0.14513, -0.81498][0.66204, 0.26427, 0][0.134652, 0.226899, -0.101279][0.56195, 0.14451, -0.81445][0.65015, 0.22578, 0][0.120352, 0.191486, -0.117429][0.56195, 0.14451, -0.81445][0.66767, 0.19711, 0][0.134652, 0.226899, -0.101279][0.56195, 0.14451, -0.81445][0.65015, 0.22578, 0][0.141932, 0.136854, -0.112163][0.56288, 0.14389, -0.81392][0.65553, 0.14974, 0][0.120352, 0.191486, -0.117429][0.56195, 0.14451, -0.81445][0.66767, 0.19711, 0][0.131982, 0.248715, -0.096357][0.54816, 0.24735, -0.79896][0.64753, 0.24426, 0][0.153082, 0.19654, -0.098033][0.54816, 0.24735, -0.79896][0.64032, 0.19882, 0][0.134652, 0.226899, -0.101279][0.54816, 0.24735, -0.79896][0.65015, 0.22578, 0][-0.259603, 0.041861, -0.005294][-0.36799, -0.22137, -0.90310][0.94607, 0.07309, 0][-0.221042, -0.037406, -0.001576][-0.36799, -0.22137, -0.90310][0.92009, 0.02058, 0][-0.238726, -0.039349, 0.006106][-0.36799, -0.22137, -0.90310][0.93508, 0.01737, 0][0.049873, 0.409506, -0.165048][0.11460, -0.12638, -0.98534][0.21020, 0.97636, 0][0.103936, 0.390257, -0.156291][0.11460, -0.12638, -0.98534][0.16198, 0.95920, 0][0.048962, 0.390257, -0.162685][0.11460, -0.12638, -0.98534][0.21101, 0.95920, 0][0.103936, 0.390257, -0.156291][0.11369, -0.12887, -0.98512][0.16198, 0.95920, 0][0.049873, 0.409506, -0.165048][0.11369, -0.12887, -0.98512][0.21020, 0.97636, 0][0.105652, 0.409506, -0.158611][0.11369, -0.12887, -0.98512][0.16045, 0.97636, 0][-0.172125, -0.032232, -0.00879][-0.44640, -0.21802, -0.86787][0.88613, 0.03215, 0][-0.184107, -0.033314, -0.002355][-0.44640, -0.21802, -0.86787][0.89640, 0.03052, 0][-0.176476, 0.000191, -0.014697][-0.44640, -0.21802, -0.86787][0.88633, 0.05373, 0][-0.107561, 0.390257, -0.156291][-0.11458, -0.12644, -0.98533][0.35061, 0.95920, 0][-0.053498, 0.409506, -0.165048][-0.11458, -0.12644, -0.98533][0.30239, 0.97636, 0][-0.052586, 0.390257, -0.162684][-0.11458, -0.12644, -0.98533][0.30158, 0.95920, 0][-0.053498, 0.409506, -0.165048][-0.11369, -0.12886, -0.98512][0.30239, 0.97636, 0][-0.107561, 0.390257, -0.156291][-0.11369, -0.12886, -0.98512][0.35061, 0.95920, 0][-0.109276, 0.409506, -0.158611][-0.11369, -0.12886, -0.98512][0.35214, 0.97636, 0][0.049873, 0.409506, -0.165048][0.04458, -0.12269, -0.99144][0.21020, 0.97636, 0][-0.001812, 0.390257, -0.16499][0.04458, -0.12269, -0.99144][0.25629, 0.95920, 0][-0.001812, 0.409506, -0.167372][0.04458, -0.12269, -0.99144][0.25629, 0.97636, 0][-0.001812, 0.390257, -0.16499][0.04500, -0.12382, -0.99128][0.25629, 0.95920, 0][0.049873, 0.409506, -0.165048][0.04500, -0.12382, -0.99128][0.21020, 0.97636, 0][0.048962, 0.390257, -0.162685][0.04500, -0.12382, -0.99128][0.21101, 0.95920, 0][-0.001812, 0.390257, -0.16499][-0.04458, -0.12269, -0.99144][0.25629, 0.95920, 0][-0.053498, 0.409506, -0.165048][-0.04458, -0.12269, -0.99144][0.30239, 0.97636, 0][-0.001812, 0.409506, -0.167372][-0.04458, -0.12269, -0.99144][0.25629, 0.97636, 0][-0.053498, 0.409506, -0.165048][-0.04502, -0.12387, -0.99128][0.30239, 0.97636, 0][-0.001812, 0.390257, -0.16499][-0.04502, -0.12387, -0.99128][0.25629, 0.95920, 0][-0.052586, 0.390257, -0.162684][-0.04502, -0.12387, -0.99128][0.30158, 0.95920, 0][0.254752, 0.47397, 0.039818][0.37533, 0.50587, -0.77668][0.95459, 0.96266, 0][0.244842, 0.476141, 0.036443][0.37533, 0.50587, -0.77668][0.94469, 0.96482, 0][0.252082, 0.480756, 0.043822][0.37377, 0.57601, -0.72698][0.95192, 0.96943, 0][0.246402, 0.465909, 0.031768][0.37411, 0.43198, -0.82063][0.94625, 0.95461, 0][0.244842, 0.476141, 0.036443][0.37533, 0.50587, -0.77668][0.94469, 0.96482, 0][0.254752, 0.47397, 0.039818][0.37533, 0.50587, -0.77668][0.95459, 0.96266, 0][0.243312, -0.008546, 0.03577][0.28429, -0.34331, -0.89516][0.50955, 0.03107, 0][0.237832, 0.027193, 0.020323][0.28429, -0.34331, -0.89516][0.52096, 0.05771, 0][0.263632, 0.040448, 0.023433][0.28429, -0.34331, -0.89516][0.50333, 0.06112, 0][-0.11739, 0.162884, -0.127635][-0.68997, 0.12311, -0.71329][0.79015, 0.17105, 0][-0.097254, 0.164191, -0.146887][-0.68997, 0.12311, -0.71329][0.76653, 0.17189, 0][-0.112241, 0.08513, -0.145247][-0.69032, 0.11604, -0.71414][0.77768, 0.10536, 0][-0.097254, 0.164191, -0.146887][-0.68997, 0.12311, -0.71329][0.76653, 0.17189, 0][-0.11739, 0.162884, -0.127635][-0.68997, 0.12311, -0.71329][0.79015, 0.17105, 0][-0.081079, 0.266906, -0.143777][-0.68958, 0.13016, -0.71241][0.75699, 0.26019, 0][-0.135372, 0.193553, -0.101035][-0.67944, 0.21110, -0.70271][0.81635, 0.19779, 0][-0.11739, 0.162884, -0.127635][-0.67944, 0.21110, -0.70271][0.79015, 0.17105, 0][-0.139938, 0.085508, -0.129078][-0.67944, 0.21110, -0.70271][0.80383, 0.10435, 0][-0.11739, 0.162884, -0.127635][-0.67469, 0.21645, -0.70565][0.79015, 0.17105, 0][-0.135372, 0.193553, -0.101035][-0.67469, 0.21645, -0.70565][0.81635, 0.19779, 0][-0.109726, 0.24889, -0.108582][-0.67469, 0.21645, -0.70565][0.79578, 0.24530, 0][-0.130827, 0.238284, -0.095728][-0.56925, 0.15366, -0.80768][0.81626, 0.23611, 0][-0.109726, 0.24889, -0.108582][-0.56925, 0.15366, -0.80768][0.79578, 0.24530, 0][-0.135372, 0.193553, -0.101035][-0.56925, 0.15366, -0.80768][0.81635, 0.19779, 0][-0.157589, 0.253635, -0.07924][-0.45463, 0.15035, -0.87790][0.84247, 0.24898, 0][-0.130827, 0.238284, -0.095728][-0.45463, 0.15035, -0.87790][0.81626, 0.23611, 0][-0.135372, 0.193553, -0.101035][-0.45463, 0.15035, -0.87790][0.81635, 0.19779, 0][-0.111117, 0.276894, -0.113763][-0.44207, -0.18436, -0.87783][0.79317, 0.26905, 0][-0.109726, 0.24889, -0.108582][-0.44207, -0.18436, -0.87783][0.79578, 0.24530, 0][-0.130827, 0.238284, -0.095728][-0.44207, -0.18436, -0.87783][0.81626, 0.23611, 0][-0.111117, 0.276894, -0.113763][-0.41590, -0.18538, -0.89031][0.79317, 0.26905, 0][-0.100222, 0.262488, -0.115853][-0.41590, -0.18538, -0.89031][0.78557, 0.25687, 0][-0.109726, 0.24889, -0.108582][-0.41590, -0.18538, -0.89031][0.79578, 0.24530, 0][-0.100222, 0.262488, -0.115853][-0.31988, -0.10532, -0.94159][0.78557, 0.25687, 0][-0.111117, 0.276894, -0.113763][-0.31988, -0.10532, -0.94159][0.79317, 0.26905, 0][-0.097415, 0.294686, -0.120408][-0.31988, -0.10532, -0.94159][0.78063, 0.28450, 0][-0.097531, 0.321384, -0.127288][-0.42042, -0.22813, -0.87818][0.77600, 0.30788, 0][-0.084351, 0.308697, -0.130302][-0.42042, -0.22813, -0.87818][0.76653, 0.29663, 0][-0.097415, 0.294686, -0.120408][-0.42042, -0.22813, -0.87818][0.78063, 0.28450, 0][0.243312, -0.008546, 0.03577][0.47514, -0.28670, -0.83189][0.50955, 0.03107, 0][0.227592, 0.027107, 0.014504][0.48816, -0.16737, -0.85656][0.53031, 0.05963, 0][0.237832, 0.027193, 0.020323][0.48816, -0.16737, -0.85656][0.52096, 0.05771, 0][0.210192, 0.070669, 0.002325][0.49384, -0.04552, -0.86836][0.54621, 0.09655, 0][0.237832, 0.027193, 0.020323][0.48816, -0.16737, -0.85656][0.52096, 0.05771, 0][0.227592, 0.027107, 0.014504][0.48816, -0.16737, -0.85656][0.53031, 0.05963, 0][-0.084351, 0.308697, -0.130302][-0.25946, -0.04031, -0.96491][0.76653, 0.29663, 0][-0.097531, 0.321384, -0.127288][-0.25946, -0.04031, -0.96491][0.77600, 0.30788, 0][-0.085498, 0.333005, -0.131009][-0.25946, -0.04031, -0.96491][0.76628, 0.31800, 0][-0.253383, 0.47397, 0.039818][-0.32252, 0.57196, -0.75421][0.91047, 0.96384, 0][-0.250712, 0.480756, 0.043822][-0.32252, 0.57196, -0.75421][0.91314, 0.97062, 0][-0.241749, 0.482892, 0.041609][-0.32252, 0.57196, -0.75421][0.92209, 0.97275, 0][-0.243471, 0.476141, 0.036443][-0.37526, 0.50892, -0.77472][0.92037, 0.96601, 0][-0.253383, 0.47397, 0.039818][-0.37526, 0.50892, -0.77472][0.91047, 0.96384, 0][-0.241749, 0.482892, 0.041609][-0.37101, 0.62217, -0.68939][0.92209, 0.97275, 0][-0.255633, 0.464404, 0.036443][-0.37195, 0.38542, -0.84446][0.90822, 0.95429, 0][-0.253383, 0.47397, 0.039818][-0.37526, 0.50892, -0.77472][0.91047, 0.96384, 0][-0.243471, 0.476141, 0.036443][-0.37526, 0.50892, -0.77472][0.92037, 0.96601, 0][-0.130827, 0.238284, -0.095728][-0.24716, -0.45485, -0.85559][0.81626, 0.23611, 0][-0.148169, 0.276653, -0.111116][-0.24716, -0.45485, -0.85559][0.81792, 0.26822, 0][-0.147735, 0.322123, -0.135414][-0.24716, -0.45485, -0.85559][0.80231, 0.30934, 0][-0.255276, 0.1295, -0.016531][-0.54283, 0.03315, -0.83919][0.93988, 0.14257, 0][-0.235497, 0.1519, -0.02844][-0.54283, 0.03315, -0.83919][0.92062, 0.16179, 0][-0.249569, 0.107289, -0.0211][-0.54283, 0.03315, -0.83919][0.93319, 0.12435, 0][-0.196326, 0.174987, -0.02818][-0.51424, -0.14995, -0.84444][0.89429, 0.18447, 0][-0.178183, 0.133368, -0.031838][-0.51424, -0.14995, -0.84444][0.88024, 0.15232, 0][-0.167176, 0.033214, -0.020756][-0.51424, -0.14995, -0.84444][0.87799, 0.07854, 0][-0.184889, 0.16909, -0.100375][-0.40762, 0.15952, -0.89911][0.84853, 0.17289, 0][-0.194442, 0.197335, -0.091033][-0.40762, 0.15952, -0.89911][0.86024, 0.19744, 0][-0.18192, 0.212463, -0.094026][-0.40762, 0.15952, -0.89911][0.85017, 0.21125, 0][0.217802, 0.384643, -0.009256][0.60513, 0.37682, -0.70131][0.54159, 0.36314, 0][0.219452, 0.37799, -0.011407][0.60513, 0.37682, -0.70131][0.54228, 0.35741, 0][0.209072, 0.384488, -0.016872][0.60513, 0.37682, -0.70131][0.55186, 0.36265, 0][0.209072, 0.384488, -0.016872][0.54439, -0.57329, -0.61235][0.55186, 0.36265, 0][0.211732, 0.392894, -0.022377][0.54439, -0.57329, -0.61235][0.55397, 0.37132, 0][0.217802, 0.384643, -0.009256][0.54439, -0.57329, -0.61235][0.54159, 0.36314, 0][-0.19253, 0.236307, -0.087747][-0.33913, 0.09555, -0.93588][0.86090, 0.23199, 0][-0.18192, 0.212463, -0.094026][-0.33913, 0.09555, -0.93588][0.85017, 0.21125, 0][-0.194442, 0.197335, -0.091033][-0.33913, 0.09555, -0.93588][0.86024, 0.19744, 0][-0.193004, 0.377392, -0.053872][-0.44621, 0.09595, -0.88977][0.88075, 0.35924, 0][-0.182127, 0.34803, -0.062493][-0.44621, 0.09595, -0.88977][0.86829, 0.33235, 0][-0.182868, 0.331527, -0.063901][-0.44621, 0.09595, -0.88977][0.86793, 0.31751, 0][0.077109, 0.396745, -0.14245][-0.07034, 0.00889, -0.99748][0.70282, 0.36935, 0][0.115682, 0.3477, -0.145607][-0.07034, 0.00889, -0.99748][0.69188, 0.33059, 0][0.111772, 0.342233, -0.14538][-0.07034, 0.00889, -0.99748][0.69304, 0.32544, 0][0.223922, -0.037943, 0.010987][0.57228, -0.06658, -0.81735][0.53619, 0.00989, 0][0.218152, -0.002942, 0.004096][0.57228, -0.06658, -0.81735][0.54266, 0.03721, 0][0.234682, -0.023657, 0.017357][0.57228, -0.06658, -0.81735][0.52602, 0.01844, 0][0.218152, -0.002942, 0.004096][0.65850, 0.05315, -0.75070][0.54266, 0.03721, 0][0.210192, 0.070669, 0.002325][0.65850, 0.05315, -0.75070][0.54621, 0.09655, 0][0.227592, 0.027107, 0.014504][0.65850, 0.05315, -0.75070][0.53031, 0.05963, 0][-0.200869, 0.368814, -0.056935][-0.28134, 0.54097, -0.79259][0.88457, 0.35192, 0][-0.204549, 0.372475, -0.05313][-0.28134, 0.54097, -0.79259][0.88929, 0.35530, 0][-0.193004, 0.377392, -0.053872][-0.28134, 0.54097, -0.79259][0.88075, 0.35924, 0][-0.210366, 0.397162, -0.036883][-0.45730, 0.06695, -0.88679][0.90241, 0.37749, 0][-0.208302, 0.371444, -0.039889][-0.45730, 0.06695, -0.88679][0.89900, 0.35384, 0][-0.219269, 0.331768, -0.037183][-0.45958, 0.06663, -0.88563][0.90772, 0.31802, 0][-0.210366, 0.397162, -0.036883][-0.45730, 0.06695, -0.88679][0.90241, 0.37749, 0][-0.202689, 0.358499, -0.043746][-0.45501, 0.06727, -0.88794][0.89281, 0.34194, 0][-0.208302, 0.371444, -0.039889][-0.45730, 0.06695, -0.88679][0.89900, 0.35384, 0][0.243462, 0.136648, -0.006996][0.41943, -0.11557, -0.90040][0.53194, 0.14206, 0][0.256602, 0.075483, 0.006976][0.41943, -0.11557, -0.90040][0.51685, 0.08924, 0][0.242712, 0.106495, -0.003475][0.41943, -0.11557, -0.90040][0.53093, 0.11713, 0][0.204222, 0.400407, -0.035267][0.55567, -0.16752, -0.81435][0.56714, 0.37867, 0][0.208592, 0.372781, -0.026602][0.55567, -0.16752, -0.81435][0.55919, 0.35275, 0][0.198012, 0.330595, -0.025143][0.55567, -0.16752, -0.81435][0.56492, 0.31369, 0][-0.075154, 0.374659, -0.140792][-0.05694, -0.17396, -0.98310][0.75303, 0.35519, 0][-0.080439, 0.393947, -0.143899][-0.05694, -0.17396, -0.98310][0.75366, 0.37326, 0][-0.074761, 0.397333, -0.144827][-0.05694, -0.17396, -0.98310][0.74961, 0.37604, 0][-0.082271, 0.366906, -0.138472][-0.09365, -0.20554, -0.97416][0.75890, 0.34842, 0][-0.075154, 0.374659, -0.140792][-0.09365, -0.20554, -0.97416][0.75303, 0.35519, 0][-0.085498, 0.333005, -0.131009][-0.09365, -0.20554, -0.97416][0.76628, 0.31800, 0][-0.085498, 0.333005, -0.131009][-0.10358, -0.20442, -0.97339][0.76628, 0.31800, 0][-0.097531, 0.321384, -0.127288][-0.10358, -0.20442, -0.97339][0.77600, 0.30788, 0][-0.082271, 0.366906, -0.138472][-0.10358, -0.20442, -0.97339][0.75890, 0.34842, 0][-0.235497, 0.1519, -0.02844][-0.46561, -0.05836, -0.88307][0.92062, 0.16179, 0][-0.255276, 0.1295, -0.016531][-0.46561, -0.05836, -0.88307][0.93988, 0.14257, 0][-0.241314, 0.186161, -0.027637][-0.46561, -0.05836, -0.88307][0.92578, 0.19012, 0][-0.236942, 0.239367, -0.02836][-0.39265, 0.01977, -0.91947][0.92331, 0.23605, 0][-0.22626, 0.226095, -0.033207][-0.39265, 0.01977, -0.91947][0.91304, 0.22481, 0][-0.241314, 0.186161, -0.027637][-0.39265, 0.01977, -0.91947][0.92578, 0.19012, 0][0.047327, 0.139518, -0.153712][-0.31886, 0.01546, -0.94768][0.71782, 0.16317, 0][0.046182, 0.116019, -0.15371][-0.31886, 0.01546, -0.94768][0.71789, 0.14577, 0][0.045635, 0.106512, -0.153681][-0.31886, 0.01546, -0.94768][0.71792, 0.13880, 0][-0.180903, 0.112945, -0.107787][-0.34538, 0.12104, -0.93062][0.84175, 0.12473, 0][-0.151008, 0.102304, -0.120266][-0.34538, 0.12104, -0.93062][0.81563, 0.11799, 0][-0.174633, 0.087021, -0.112869][-0.35387, 0.09678, -0.93027][0.83487, 0.10321, 0][-0.166012, 0.12491, -0.111308][-0.33667, 0.14522, -0.93036][0.83011, 0.13614, 0][-0.151008, 0.102304, -0.120266][-0.34538, 0.12104, -0.93062][0.81563, 0.11799, 0][-0.180903, 0.112945, -0.107787][-0.34538, 0.12104, -0.93062][0.84175, 0.12473, 0][-0.135372, 0.193553, -0.101035][-0.34238, 0.24957, -0.90581][0.81635, 0.19779, 0][-0.139938, 0.085508, -0.129078][-0.34238, 0.24957, -0.90581][0.80383, 0.10435, 0][-0.151008, 0.102304, -0.120266][-0.34238, 0.24957, -0.90581][0.81563, 0.11799, 0][-0.184889, 0.16909, -0.100375][-0.30662, 0.10315, -0.94623][0.84853, 0.17289, 0][-0.166012, 0.12491, -0.111308][-0.30662, 0.10315, -0.94623][0.83011, 0.13614, 0][-0.180903, 0.112945, -0.107787][-0.30662, 0.10315, -0.94623][0.84175, 0.12473, 0][-0.198704, 0.04468, -0.015532][-0.29112, -0.21209, -0.93288][0.90041, 0.08322, 0][-0.183435, 0.013548, -0.013219][-0.29112, -0.21209, -0.93288][0.89146, 0.06270, 0][-0.184107, -0.033314, -0.002355][-0.29112, -0.21209, -0.93288][0.89640, 0.03052, 0][-0.22626, 0.226095, -0.033207][-0.42993, -0.01636, -0.90271][0.91304, 0.22481, 0][-0.236942, 0.239367, -0.02836][-0.42993, -0.01636, -0.90271][0.92331, 0.23605, 0][-0.225026, 0.280796, -0.034786][-0.42993, -0.01636, -0.90271][0.91227, 0.27246, 0][-0.208713, 0.332266, -0.001539][-0.64633, -0.27400, -0.71217][0.91803, 0.31758, 0][-0.216225, 0.328982, 0.006542][-0.64633, -0.27400, -0.71217][0.92714, 0.31474, 0][-0.210781, 0.352861, -0.007586][-0.64633, -0.27400, -0.71217][0.91689, 0.33583, 0][-0.19253, 0.236307, -0.087747][-0.28844, 0.19175, -0.93810][0.86090, 0.23199, 0][-0.200527, 0.276395, -0.077094][-0.28844, 0.19175, -0.93810][0.87254, 0.26790, 0][-0.191877, 0.27949, -0.079121][-0.28844, 0.19175, -0.93810][0.86545, 0.27078, 0][-0.19923, 0.31162, -0.071935][-0.27590, 0.14923, -0.94953][0.87472, 0.29982, 0][-0.191877, 0.27949, -0.079121][-0.27590, 0.14923, -0.94953][0.86545, 0.27078, 0][-0.200527, 0.276395, -0.077094][-0.27590, 0.14923, -0.94953][0.87254, 0.26790, 0][-0.191445, 0.387139, -0.062793][-0.12025, 0.60721, -0.78539][0.87485, 0.36873, 0][-0.174179, 0.345812, -0.097388][-0.12025, 0.60721, -0.78539][0.84300, 0.33117, 0][-0.188516, 0.358362, -0.08549][-0.12025, 0.60721, -0.78539][0.85984, 0.34297, 0][0.257002, 0.464404, 0.036443][0.42039, 0.27453, -0.86481][0.95683, 0.95310, 0][0.246402, 0.465909, 0.031768][0.42039, 0.27453, -0.86481][0.94625, 0.95461, 0][0.254752, 0.47397, 0.039818][0.41748, 0.38808, -0.82165][0.95459, 0.96266, 0][0.247072, 0.452667, 0.029759][0.41710, 0.15692, -0.89521][0.94691, 0.94138, 0][0.246402, 0.465909, 0.031768][0.42039, 0.27453, -0.86481][0.94625, 0.95461, 0][0.257002, 0.464404, 0.036443][0.42039, 0.27453, -0.86481][0.95683, 0.95310, 0][-0.108168, 0.306393, -0.123943][-0.04006, -0.32238, -0.94576][0.78475, 0.29470, 0][-0.097415, 0.294686, -0.120408][-0.04006, -0.32238, -0.94576][0.78063, 0.28450, 0][-0.111117, 0.276894, -0.113763][-0.04006, -0.32238, -0.94576][0.79317, 0.26905, 0][-0.111117, 0.276894, -0.113763][-0.03571, -0.45488, -0.88984][0.79317, 0.26905, 0][-0.147735, 0.322123, -0.135414][-0.03571, -0.45488, -0.88984][0.80231, 0.30934, 0][-0.12928, 0.335017, -0.142746][-0.03571, -0.45488, -0.88984][0.78557, 0.32107, 0][0.131722, 0.259167, -0.098473][0.07157, -0.36653, -0.92765][0.64916, 0.25300, 0][0.101571, 0.295989, -0.115348][0.07157, -0.36653, -0.92765][0.67316, 0.28425, 0][0.120692, 0.287807, -0.11064][0.07157, -0.36653, -0.92765][0.66252, 0.27738, 0][-0.245032, 0.465909, 0.031768][-0.42034, 0.28726, -0.86069][0.91881, 0.95579, 0][-0.255633, 0.464404, 0.036443][-0.42034, 0.28726, -0.86069][0.90822, 0.95429, 0][-0.243471, 0.476141, 0.036443][-0.41472, 0.42974, -0.80208][0.92037, 0.96601, 0][-0.25655, 0.452667, 0.035066][-0.41597, 0.13795, -0.89885][0.90731, 0.94257, 0][-0.255633, 0.464404, 0.036443][-0.42034, 0.28726, -0.86069][0.90822, 0.95429, 0][-0.245032, 0.465909, 0.031768][-0.42034, 0.28726, -0.86069][0.91881, 0.95579, 0][-0.216225, 0.328982, 0.006542][-0.61568, -0.34041, -0.71067][0.92714, 0.31474, 0][-0.208713, 0.332266, -0.001539][-0.61568, -0.34041, -0.71067][0.91803, 0.31758, 0][-0.207791, 0.302371, 0.011982][-0.61568, -0.34041, -0.71067][0.92332, 0.29188, 0][-0.097415, 0.294686, -0.120408][0.04683, -0.24908, -0.96735][0.78063, 0.28450, 0][-0.108168, 0.306393, -0.123943][0.04683, -0.24908, -0.96735][0.78475, 0.29470, 0][-0.097531, 0.321384, -0.127288][0.04683, -0.24908, -0.96735][0.77600, 0.30788, 0][-0.147735, 0.322123, -0.135414][0.00794, -0.42652, -0.90444][0.80231, 0.30934, 0][-0.111117, 0.276894, -0.113763][0.00794, -0.42652, -0.90444][0.79317, 0.26905, 0][-0.130827, 0.238284, -0.095728][0.00794, -0.42652, -0.90444][0.81626, 0.23611, 0][-0.075154, 0.374659, -0.140792][0.23972, -0.09003, -0.96666][0.75303, 0.35519, 0][-0.092915, 0.378561, -0.14556][0.23972, -0.09003, -0.96666][0.76039, 0.35998, 0][-0.080439, 0.393947, -0.143899][0.23972, -0.09003, -0.96666][0.75366, 0.37326, 0][-0.178183, 0.133368, -0.031838][-0.39372, -0.09124, -0.91469][0.88024, 0.15232, 0][-0.196326, 0.174987, -0.02818][-0.39372, -0.09124, -0.91469][0.89429, 0.18447, 0][-0.202689, 0.358499, -0.043746][-0.39372, -0.09124, -0.91469][0.89281, 0.34194, 0][-0.247611, 0.327418, 0.023978][-0.56391, -0.54139, -0.62362][0.95783, 0.31369, 0][-0.214977, 0.290337, 0.02666][-0.56391, -0.54139, -0.62362][0.93486, 0.28189, 0][-0.222582, 0.274797, 0.047028][-0.56391, -0.54139, -0.62362][0.94888, 0.26934, 0][0.159402, -0.03239, 0.002652][0.37794, -0.14392, -0.91458][0.57294, 0.03348, 0][0.155322, 0.004054, -0.004769][0.37794, -0.14392, -0.91458][0.57868, 0.05944, 0][0.181932, 0.077185, -0.005281][0.37794, -0.14392, -0.91458][0.56524, 0.10715, 0][0.181932, 0.077185, -0.005281][0.40129, -0.09090, -0.91143][0.56524, 0.10715, 0][0.179412, 0.11509, -0.010171][0.40129, -0.09090, -0.91143][0.56884, 0.13639, 0][0.194872, 0.176582, -0.009497][0.40129, -0.09090, -0.91143][0.55940, 0.18302, 0][0.198012, 0.330595, -0.025143][0.43578, -0.09976, -0.89451][0.56492, 0.31369, 0][0.194872, 0.176582, -0.009497][0.43578, -0.09976, -0.89451][0.55940, 0.18302, 0][0.179412, 0.11509, -0.010171][0.43578, -0.09976, -0.89451][0.56884, 0.13639, 0][0.120692, 0.287807, -0.11064][-0.03193, -0.29866, -0.95383][0.66252, 0.27738, 0][0.103898, 0.307404, -0.116214][-0.03193, -0.29866, -0.95383][0.67299, 0.29383, 0][0.08908, 0.363137, -0.133169][-0.03193, -0.29866, -0.95383][0.69137, 0.34104, 0][0.103898, 0.307404, -0.116214][-0.05117, -0.30310, -0.95159][0.67299, 0.29383, 0][0.08187, 0.3641, -0.133088][-0.04980, -0.29250, -0.95497][0.69374, 0.34124, 0][0.08908, 0.363137, -0.133169][-0.04980, -0.29250, -0.95497][0.69137, 0.34104, 0][0.077109, 0.396745, -0.14245][-0.04841, -0.28186, -0.95823][0.70282, 0.36935, 0][0.08908, 0.363137, -0.133169][-0.04980, -0.29250, -0.95497][0.69137, 0.34104, 0][0.08187, 0.3641, -0.133088][-0.04980, -0.29250, -0.95497][0.69374, 0.34124, 0][0.155172, 0.267264, -0.108119][-0.05556, -0.54957, -0.83360][0.64679, 0.25917, 0][0.134892, 0.296729, -0.126193][-0.05556, -0.54957, -0.83360][0.66903, 0.28542, 0][0.136692, 0.322395, -0.143234][-0.05556, -0.54957, -0.83360][0.68211, 0.30897, 0][0.149042, 0.346238, -0.099114][0.00196, 0.67653, -0.73641][0.64217, 0.32876, 0][0.181412, 0.351602, -0.0941][0.00196, 0.67653, -0.73641][0.62366, 0.33590, 0][0.179732, 0.337024, -0.107497][0.00196, 0.67653, -0.73641][0.63515, 0.32300, 0][0.264002, 0.442593, 0.041609][0.61263, -0.25581, -0.74783][0.96382, 0.93132, 0][0.257002, 0.440931, 0.036443][0.61263, -0.25581, -0.74783][0.95683, 0.92966, 0][0.264862, 0.452667, 0.040751][0.60770, -0.11876, -0.78524][0.96468, 0.94138, 0][0.254752, 0.431366, 0.039818][0.60518, -0.38769, -0.69530][0.95459, 0.92011, 0][0.257002, 0.440931, 0.036443][0.61263, -0.25581, -0.74783][0.95683, 0.92966, 0][0.264002, 0.442593, 0.041609][0.61263, -0.25581, -0.74783][0.96382, 0.93132, 0][-0.196326, 0.174987, -0.02818][-0.30330, -0.11191, -0.94630][0.89429, 0.18447, 0][-0.167176, 0.033214, -0.020756][-0.30330, -0.11191, -0.94630][0.87799, 0.07854, 0][-0.183435, 0.013548, -0.013219][-0.30330, -0.11191, -0.94630][0.89146, 0.06270, 0][-0.151008, 0.102304, -0.120266][-0.21074, 0.23604, -0.94862][0.81563, 0.11799, 0][-0.166012, 0.12491, -0.111308][-0.21074, 0.23604, -0.94862][0.83011, 0.13614, 0][-0.135372, 0.193553, -0.101035][-0.21074, 0.23604, -0.94862][0.81635, 0.19779, 0][-0.158178, 0.192178, -0.09667][-0.19653, 0.24982, -0.94814][0.83318, 0.19530, 0][-0.135372, 0.193553, -0.101035][-0.19653, 0.24982, -0.94814][0.81635, 0.19779, 0][-0.166012, 0.12491, -0.111308][-0.19631, 0.23027, -0.95312][0.83011, 0.13614, 0][-0.157589, 0.253635, -0.07924][-0.19668, 0.26927, -0.94277][0.84247, 0.24898, 0][-0.135372, 0.193553, -0.101035][-0.19653, 0.24982, -0.94814][0.81635, 0.19779, 0][-0.158178, 0.192178, -0.09667][-0.19653, 0.24982, -0.94814][0.83318, 0.19530, 0][-0.171272, 0.303437, -0.071196][-0.18932, 0.10566, -0.97621][0.85596, 0.29238, 0][-0.157589, 0.253635, -0.07924][-0.18932, 0.10566, -0.97621][0.84247, 0.24898, 0][-0.176791, 0.289908, -0.07159][-0.18932, 0.10566, -0.97621][0.85940, 0.28040, 0][-0.176791, 0.289908, -0.07159][-0.26791, 0.13706, -0.95364][0.85940, 0.28040, 0][-0.182868, 0.331527, -0.063901][-0.26791, 0.13706, -0.95364][0.86793, 0.31751, 0][-0.171272, 0.303437, -0.071196][-0.26791, 0.13706, -0.95364][0.85596, 0.29238, 0][-0.191877, 0.27949, -0.079121][-0.13424, 0.19606, -0.97136][0.86545, 0.27078, 0][-0.18192, 0.212463, -0.094026][-0.13424, 0.19606, -0.97136][0.85017, 0.21125, 0][-0.19253, 0.236307, -0.087747][-0.13424, 0.19606, -0.97136][0.86090, 0.23199, 0][0.183422, -0.010025, 0.002229][0.17375, -0.20483, -0.96325][0.56156, 0.04234, 0][0.188252, -0.034436, 0.008291][0.17375, -0.20483, -0.96325][0.55602, 0.02407, 0][0.159402, -0.03239, 0.002652][0.17375, -0.20483, -0.96325][0.57294, 0.03348, 0][-0.255633, 0.440931, 0.036443][-0.61308, -0.24051, -0.75252][0.90822, 0.93085, 0][-0.262626, 0.442593, 0.041609][-0.61308, -0.24051, -0.75252][0.90124, 0.93251, 0][-0.25655, 0.452667, 0.035066][-0.60959, -0.13920, -0.78040][0.90731, 0.94257, 0][-0.260414, 0.433942, 0.043822][-0.60979, -0.33916, -0.71633][0.90345, 0.92387, 0][-0.262626, 0.442593, 0.041609][-0.61308, -0.24051, -0.75252][0.90124, 0.93251, 0][-0.255633, 0.440931, 0.036443][-0.61308, -0.24051, -0.75252][0.90822, 0.93085, 0][0.155702, 0.242285, -0.087426][-0.09523, -0.63624, -0.76559][0.63110, 0.23779, 0][0.131722, 0.259167, -0.098473][-0.09523, -0.63624, -0.76559][0.64916, 0.25300, 0][0.155172, 0.267264, -0.108119][-0.09523, -0.63624, -0.76559][0.64679, 0.25917, 0][-0.202393, 0.397368, -0.048569][-0.14350, 0.19037, -0.97117][0.89047, 0.37799, 0][-0.193004, 0.377392, -0.053872][-0.14350, 0.19037, -0.97117][0.88075, 0.35924, 0][-0.204549, 0.372475, -0.05313][-0.14350, 0.19037, -0.97117][0.88929, 0.35530, 0][0.134892, 0.296729, -0.126193][-0.12947, -0.58170, -0.80304][0.66903, 0.28542, 0][0.155172, 0.267264, -0.108119][-0.12947, -0.58170, -0.80304][0.64679, 0.25917, 0][0.131722, 0.259167, -0.098473][-0.12947, -0.58170, -0.80304][0.64916, 0.25300, 0][0.216392, 0.325575, 0.023345][0.50853, -0.41734, -0.75314][0.52259, 0.30791, 0][0.207952, 0.360885, -0.00192][0.50853, -0.41734, -0.75314][0.54294, 0.33991, 0][0.211432, 0.365028, -0.001866][0.50853, -0.41734, -0.75314][0.54081, 0.34393, 0][-0.245397, 0.064106, -0.017747][-0.20539, -0.09547, -0.97401][0.93094, 0.09068, 0][-0.249569, 0.107289, -0.0211][-0.20539, -0.09547, -0.97401][0.93319, 0.12435, 0][-0.235497, 0.1519, -0.02844][-0.20539, -0.09547, -0.97401][0.92062, 0.16179, 0][-0.092915, 0.378561, -0.14556][0.15182, -0.40867, -0.89997][0.76039, 0.35998, 0][-0.075154, 0.374659, -0.140792][0.15182, -0.40867, -0.89997][0.75303, 0.35519, 0][-0.082271, 0.366906, -0.138472][0.15182, -0.40867, -0.89997][0.75890, 0.34842, 0][-0.108168, 0.306393, -0.123943][0.23568, -0.40614, -0.88290][0.78475, 0.29470, 0][-0.12928, 0.335017, -0.142746][0.23568, -0.40614, -0.88290][0.78557, 0.32107, 0][-0.106558, 0.35415, -0.145482][0.23568, -0.40614, -0.88290][0.76926, 0.33812, 0][0.218152, -0.002942, 0.004096][0.26097, 0.00499, -0.96534][0.54266, 0.03721, 0][0.181932, 0.077185, -0.005281][0.26097, 0.00499, -0.96534][0.56524, 0.10715, 0][0.210192, 0.070669, 0.002325][0.26097, 0.00499, -0.96534][0.54621, 0.09655, 0][0.194872, 0.176582, -0.009497][0.24354, -0.07273, -0.96716][0.55940, 0.18302, 0][0.210192, 0.070669, 0.002325][0.24354, -0.07273, -0.96716][0.54621, 0.09655, 0][0.181932, 0.077185, -0.005281][0.24354, -0.07273, -0.96716][0.56524, 0.10715, 0][0.220512, 0.088479, 0.002212][0.31242, -0.18694, -0.93137][0.54029, 0.10825, 0][0.237832, 0.027193, 0.020323][0.31242, -0.18694, -0.93137][0.52096, 0.05771, 0][0.210192, 0.070669, 0.002325][0.31242, -0.18694, -0.93137][0.54621, 0.09655, 0][0.256602, 0.075483, 0.006976][0.29101, -0.35830, -0.88709][0.51685, 0.08924, 0][0.263632, 0.040448, 0.023433][0.29101, -0.35830, -0.88709][0.50333, 0.06112, 0][0.237832, 0.027193, 0.020323][0.29101, -0.35830, -0.88709][0.52096, 0.05771, 0][0.220522, 0.476141, 0.036443][-0.11311, 0.62193, -0.77486][0.92040, 0.96482, 0][0.222252, 0.482892, 0.041609][-0.11311, 0.62193, -0.77486][0.92213, 0.97157, 0][0.232682, 0.48372, 0.040751][-0.11311, 0.62193, -0.77486][0.93254, 0.97239, 0][0.232682, 0.477027, 0.035066][0.11325, 0.64322, -0.75726][0.93254, 0.96571, 0][0.232682, 0.48372, 0.040751][0.11325, 0.64322, -0.75726][0.93254, 0.97239, 0][0.243122, 0.482892, 0.041609][0.11325, 0.64322, -0.75726][0.94297, 0.97157, 0][-0.243471, 0.476141, 0.036443][-0.11304, 0.62184, -0.77495][0.92037, 0.96601, 0][-0.241749, 0.482892, 0.041609][-0.11304, 0.62184, -0.77495][0.92209, 0.97275, 0][-0.231312, 0.48372, 0.040751][-0.11304, 0.62184, -0.77495][0.93251, 0.97358, 0][-0.231312, 0.477027, 0.035066][0.11326, 0.64321, -0.75726][0.93251, 0.96689, 0][-0.231312, 0.48372, 0.040751][0.11326, 0.64321, -0.75726][0.93251, 0.97358, 0][-0.220873, 0.482892, 0.041609][0.11326, 0.64321, -0.75726][0.94294, 0.97275, 0][0.179412, 0.11509, -0.010171][0.27124, -0.10539, -0.95673][0.56884, 0.13639, 0][0.181932, 0.077185, -0.005281][0.27124, -0.10539, -0.95673][0.56524, 0.10715, 0][0.155322, 0.004054, -0.004769][0.27124, -0.10539, -0.95673][0.57868, 0.05944, 0][0.194872, 0.176582, -0.009497][0.27776, -0.10270, -0.95514][0.55940, 0.18302, 0][0.198012, 0.330595, -0.025143][0.27776, -0.10270, -0.95514][0.56492, 0.31369, 0][0.208592, 0.372781, -0.026602][0.27776, -0.10270, -0.95514][0.55919, 0.35275, 0][-0.108168, 0.306393, -0.123943][0.29265, -0.40131, -0.86793][0.78475, 0.29470, 0][-0.106558, 0.35415, -0.145482][0.29265, -0.40131, -0.86793][0.76926, 0.33812, 0][-0.097531, 0.321384, -0.127288][0.29265, -0.40131, -0.86793][0.77600, 0.30788, 0][-0.166012, 0.12491, -0.111308][-0.05351, 0.21827, -0.97442][0.83011, 0.13614, 0][-0.184889, 0.16909, -0.100375][-0.05351, 0.21827, -0.97442][0.84853, 0.17289, 0][-0.158178, 0.192178, -0.09667][-0.05351, 0.21827, -0.97442][0.83318, 0.19530, 0][-0.18192, 0.212463, -0.094026][0.01281, 0.14397, -0.98950][0.85017, 0.21125, 0][-0.158178, 0.192178, -0.09667][0.01281, 0.14397, -0.98950][0.83318, 0.19530, 0][-0.184889, 0.16909, -0.100375][0.01281, 0.14397, -0.98950][0.84853, 0.17289, 0][0.207952, 0.360885, -0.00192][0.45669, -0.44289, -0.77154][0.54294, 0.33991, 0][0.216392, 0.325575, 0.023345][0.45669, -0.44289, -0.77154][0.52259, 0.30791, 0][0.204132, 0.286792, 0.038351][0.45669, -0.44289, -0.77154][0.52144, 0.27441, 0][-0.12928, 0.335017, -0.142746][0.32845, -0.33729, -0.88224][0.78557, 0.32107, 0][-0.108168, 0.306393, -0.123943][0.32845, -0.33729, -0.88224][0.78475, 0.29470, 0][-0.111117, 0.276894, -0.113763][0.32845, -0.33729, -0.88224][0.79317, 0.26905, 0][-0.210548, 0.367782, -0.015562][-0.45871, -0.48171, -0.74668][0.91302, 0.34942, 0][-0.222578, 0.377117, -0.014194][-0.45871, -0.48171, -0.74668][0.92253, 0.35838, 0][-0.210959, 0.39405, -0.032256][-0.45871, -0.48171, -0.74668][0.90521, 0.37431, 0][-0.247611, 0.327418, 0.023978][-0.42216, -0.42928, -0.79843][0.95783, 0.31369, 0][-0.216225, 0.328982, 0.006542][-0.42216, -0.42928, -0.79843][0.92714, 0.31474, 0][-0.214977, 0.290337, 0.02666][-0.42216, -0.42928, -0.79843][0.93486, 0.28189, 0][-0.239379, 0.342683, 0.008172][-0.38177, -0.55746, -0.73721][0.94488, 0.32726, 0][-0.216225, 0.328982, 0.006542][-0.38177, -0.55746, -0.73721][0.92714, 0.31474, 0][-0.247611, 0.327418, 0.023978][-0.38177, -0.55746, -0.73721][0.95783, 0.31369, 0][0.220512, 0.088479, 0.002212][0.05970, -0.11442, -0.99164][0.54029, 0.10825, 0][0.194872, 0.176582, -0.009497][0.05460, -0.11150, -0.99226][0.55940, 0.18302, 0][0.207952, 0.199085, -0.011306][0.05460, -0.11150, -0.99226][0.55317, 0.19996, 0][0.207952, 0.199085, -0.011306][0.05460, -0.11150, -0.99226][0.55317, 0.19996, 0][0.194872, 0.176582, -0.009497][0.05460, -0.11150, -0.99226][0.55940, 0.18302, 0][0.221322, 0.302625, -0.021963][0.04949, -0.10858, -0.99285][0.55044, 0.28931, 0][0.221322, 0.302625, -0.021963][0.32441, -0.00368, -0.94591][0.55044, 0.28931, 0][0.208592, 0.372781, -0.026602][0.32441, -0.00368, -0.94591][0.55919, 0.35275, 0][0.220272, 0.340101, -0.022469][0.32441, -0.00368, -0.94591][0.55045, 0.32344, 0][0.220272, 0.340101, -0.022469][0.41249, 0.03229, -0.91039][0.55045, 0.32344, 0][0.208592, 0.372781, -0.026602][0.41249, 0.03229, -0.91039][0.55919, 0.35275, 0][0.211232, 0.389663, -0.024807][0.41249, 0.03229, -0.91039][0.55604, 0.36851, 0][0.221322, 0.302625, -0.021963][0.41897, -0.01892, -0.90780][0.55044, 0.28931, 0][0.237892, 0.251396, -0.013248][0.40075, -0.00455, -0.91618][0.53615, 0.24283, 0][0.226782, 0.234532, -0.018024][0.40075, -0.00455, -0.91618][0.54635, 0.22840, 0][0.239602, 0.210843, -0.012972][0.38229, 0.00983, -0.92399][0.53610, 0.20659, 0][0.226782, 0.234532, -0.018024][0.40075, -0.00455, -0.91618][0.54635, 0.22840, 0][0.237892, 0.251396, -0.013248][0.40075, -0.00455, -0.91618][0.53615, 0.24283, 0][0.243462, 0.136648, -0.006996][0.26132, -0.06398, -0.96313][0.53194, 0.14206, 0][0.226782, 0.234532, -0.018024][0.26132, -0.06398, -0.96313][0.54635, 0.22840, 0][0.239602, 0.210843, -0.012972][0.26132, -0.06398, -0.96313][0.53610, 0.20659, 0][-0.099314, 0.367541, -0.146633][0.41042, -0.25109, -0.87664][0.76380, 0.35021, 0][-0.082271, 0.366906, -0.138472][0.41042, -0.25109, -0.87664][0.75890, 0.34842, 0][-0.097531, 0.321384, -0.127288][0.39545, -0.34199, -0.85244][0.77600, 0.30788, 0][-0.092915, 0.378561, -0.14556][0.42167, -0.15791, -0.89289][0.76039, 0.35998, 0][-0.082271, 0.366906, -0.138472][0.41042, -0.25109, -0.87664][0.75890, 0.34842, 0][-0.099314, 0.367541, -0.146633][0.41042, -0.25109, -0.87664][0.76380, 0.35021, 0][-0.097531, 0.321384, -0.127288][0.47123, -0.32538, -0.81979][0.77600, 0.30788, 0][-0.106558, 0.35415, -0.145482][0.47123, -0.32538, -0.81979][0.76926, 0.33812, 0][-0.099314, 0.367541, -0.146633][0.47123, -0.32538, -0.81979][0.76380, 0.35021, 0][0.237832, 0.027193, 0.020323][0.02737, -0.27617, -0.96072][0.52096, 0.05771, 0][0.220512, 0.088479, 0.002212][0.02737, -0.27617, -0.96072][0.54029, 0.10825, 0][0.256602, 0.075483, 0.006976][0.02737, -0.27617, -0.96072][0.51685, 0.08924, 0][0.242712, 0.106495, -0.003475][0.01205, -0.31448, -0.94919][0.53093, 0.11713, 0][0.256602, 0.075483, 0.006976][0.01205, -0.31448, -0.94919][0.51685, 0.08924, 0][0.220512, 0.088479, 0.002212][0.01205, -0.31448, -0.94919][0.54029, 0.10825, 0][-0.222578, 0.377117, -0.014194][-0.35548, -0.32995, -0.87451][0.92253, 0.35838, 0][-0.210548, 0.367782, -0.015562][-0.35548, -0.32995, -0.87451][0.91302, 0.34942, 0][-0.228797, 0.356642, -0.003941][-0.35548, -0.32995, -0.87451][0.93168, 0.33973, 0][0.261782, 0.433942, 0.043822][0.56069, -0.46008, -0.68844][0.96161, 0.92268, 0][0.254752, 0.431366, 0.039818][0.56069, -0.46008, -0.68844][0.95459, 0.92011, 0][0.264002, 0.442593, 0.041609][0.55617, -0.33705, -0.75965][0.96382, 0.93132, 0][0.252082, 0.424579, 0.043822][0.55387, -0.57381, -0.60330][0.95192, 0.91333, 0][0.254752, 0.431366, 0.039818][0.56069, -0.46008, -0.68844][0.95459, 0.92011, 0][0.261782, 0.433942, 0.043822][0.56069, -0.46008, -0.68844][0.96161, 0.92268, 0][0.232682, 0.477027, 0.035066][-0.13345, 0.53949, -0.83135][0.93254, 0.96571, 0][0.220522, 0.476141, 0.036443][-0.13345, 0.53949, -0.83135][0.92040, 0.96482, 0][0.232682, 0.48372, 0.040751][-0.13230, 0.64169, -0.75547][0.93254, 0.97239, 0][0.218962, 0.465909, 0.031768][-0.13243, 0.42855, -0.89376][0.91884, 0.95461, 0][0.220522, 0.476141, 0.036443][-0.13345, 0.53949, -0.83135][0.92040, 0.96482, 0][0.232682, 0.477027, 0.035066][-0.13345, 0.53949, -0.83135][0.93254, 0.96571, 0][0.232682, 0.466555, 0.029759][0.13276, 0.44804, -0.88410][0.93254, 0.95525, 0][0.232682, 0.477027, 0.035066][0.13345, 0.53869, -0.83187][0.93254, 0.96571, 0][0.244842, 0.476141, 0.036443][0.13345, 0.53869, -0.83187][0.94469, 0.96482, 0][0.244842, 0.476141, 0.036443][0.13345, 0.53869, -0.83187][0.94469, 0.96482, 0][0.232682, 0.477027, 0.035066][0.13345, 0.53869, -0.83187][0.93254, 0.96571, 0][0.243122, 0.482892, 0.041609][0.13268, 0.62343, -0.77054][0.94297, 0.97157, 0][-0.231312, 0.477027, 0.035066][-0.13346, 0.53950, -0.83134][0.93251, 0.96689, 0][-0.243471, 0.476141, 0.036443][-0.13346, 0.53950, -0.83134][0.92037, 0.96601, 0][-0.231312, 0.48372, 0.040751][-0.13231, 0.64169, -0.75547][0.93251, 0.97358, 0][-0.245032, 0.465909, 0.031768][-0.13245, 0.42856, -0.89375][0.91881, 0.95579, 0][-0.243471, 0.476141, 0.036443][-0.13346, 0.53950, -0.83134][0.92037, 0.96601, 0][-0.231312, 0.477027, 0.035066][-0.13346, 0.53950, -0.83134][0.93251, 0.96689, 0][-0.231312, 0.466555, 0.029759][0.13275, 0.44804, -0.88410][0.93251, 0.95644, 0][-0.231312, 0.477027, 0.035066][0.13344, 0.53870, -0.83186][0.93251, 0.96689, 0][-0.219151, 0.476141, 0.036443][0.13344, 0.53870, -0.83186][0.94466, 0.96601, 0][-0.219151, 0.476141, 0.036443][0.13344, 0.53870, -0.83186][0.94466, 0.96601, 0][-0.231312, 0.477027, 0.035066][0.13344, 0.53870, -0.83186][0.93251, 0.96689, 0][-0.220873, 0.482892, 0.041609][0.13267, 0.62346, -0.77052][0.94294, 0.97275, 0][0.134892, 0.296729, -0.126193][-0.33355, -0.50511, -0.79599][0.66903, 0.28542, 0][0.111772, 0.342233, -0.14538][-0.33355, -0.50511, -0.79599][0.69304, 0.32544, 0][0.136692, 0.322395, -0.143234][-0.33355, -0.50511, -0.79599][0.68211, 0.30897, 0][-0.174179, 0.345812, -0.097388][0.22388, 0.67890, -0.69927][0.84300, 0.33117, 0][-0.191445, 0.387139, -0.062793][0.22388, 0.67890, -0.69927][0.87485, 0.36873, 0][-0.180456, 0.381793, -0.064465][0.22388, 0.67890, -0.69927][0.86622, 0.36320, 0][0.155322, 0.004054, -0.004769][-0.05057, -0.20471, -0.97752][0.57868, 0.05944, 0][0.159402, -0.03239, 0.002652][-0.05057, -0.20471, -0.97752][0.57294, 0.03348, 0][0.149222, -0.031771, 0.003049][-0.05057, -0.20471, -0.97752][0.57725, 0.03702, 0][0.204532, 0.265149, 0.057315][0.37092, -0.50934, -0.77652][0.51050, 0.25665, 0][0.216392, 0.325575, 0.023345][0.37092, -0.50934, -0.77652][0.52259, 0.30791, 0][0.237822, 0.31741, 0.038937][0.37092, -0.50934, -0.77652][0.50006, 0.30096, 0][-0.253383, 0.431366, 0.039818][-0.56068, -0.45415, -0.69237][0.91047, 0.92129, 0][-0.260414, 0.433942, 0.043822][-0.56068, -0.45415, -0.69237][0.90345, 0.92387, 0][-0.255633, 0.440931, 0.036443][-0.55940, -0.38972, -0.73157][0.90822, 0.93085, 0][-0.257583, 0.427313, 0.046654][-0.55878, -0.51600, -0.64924][0.90627, 0.91724, 0][-0.260414, 0.433942, 0.043822][-0.56068, -0.45415, -0.69237][0.90345, 0.92387, 0][-0.253383, 0.431366, 0.039818][-0.56068, -0.45415, -0.69237][0.91047, 0.92129, 0][0.237822, 0.31741, 0.038937][0.34780, -0.63602, -0.68885][0.50006, 0.30096, 0][0.231252, 0.346049, 0.009177][0.34780, -0.63602, -0.68885][0.52227, 0.32768, 0][0.247512, 0.327002, 0.034973][0.34780, -0.63602, -0.68885][0.49604, 0.31003, 0][-0.13829, -0.030633, -0.027238][-0.12112, 0.10969, -0.98656][0.85732, 0.03561, 0][-0.161204, -0.031166, -0.024484][-0.12112, 0.10969, -0.98656][0.87218, 0.03160, 0][-0.149982, -0.007082, -0.023184][-0.12112, 0.10969, -0.98656][0.86622, 0.05130, 0][-0.176476, 0.000191, -0.014697][-0.25758, 0.17135, -0.95094][0.88633, 0.05373, 0][-0.149982, -0.007082, -0.023184][-0.25758, 0.17135, -0.95094][0.86622, 0.05130, 0][-0.161204, -0.031166, -0.024484][-0.25758, 0.17135, -0.95094][0.87218, 0.03160, 0][-0.183435, 0.013548, -0.013219][-0.32615, -0.07364, -0.94245][0.89146, 0.06270, 0][-0.149982, -0.007082, -0.023184][-0.32615, -0.07364, -0.94245][0.86622, 0.05130, 0][-0.176476, 0.000191, -0.014697][-0.31989, -0.06205, -0.94542][0.88633, 0.05373, 0][-0.149982, -0.007082, -0.023184][-0.32615, -0.07364, -0.94245][0.86622, 0.05130, 0][-0.183435, 0.013548, -0.013219][-0.32615, -0.07364, -0.94245][0.89146, 0.06270, 0][-0.167176, 0.033214, -0.020756][-0.33235, -0.08521, -0.93930][0.87799, 0.07854, 0][-0.174179, 0.345812, -0.097388][0.25931, 0.67620, -0.68957][0.84300, 0.33117, 0][-0.180456, 0.381793, -0.064465][0.25931, 0.67620, -0.68957][0.86622, 0.36320, 0][-0.165542, 0.375931, -0.064605][0.25931, 0.67620, -0.68957][0.85596, 0.35701, 0][-0.216225, 0.328982, 0.006542][-0.31376, -0.42949, -0.84682][0.92714, 0.31474, 0][-0.239379, 0.342683, 0.008172][-0.31376, -0.42949, -0.84682][0.94488, 0.32726, 0][-0.210781, 0.352861, -0.007586][-0.31376, -0.42949, -0.84682][0.91689, 0.33583, 0][0.194872, 0.176582, -0.009497][0.14330, -0.08929, -0.98564][0.55940, 0.18302, 0][0.220512, 0.088479, 0.002212][0.14330, -0.08929, -0.98564][0.54029, 0.10825, 0][0.210192, 0.070669, 0.002325][0.14330, -0.08929, -0.98564][0.54621, 0.09655, 0][0.223922, -0.037943, 0.010987][0.05070, -0.23124, -0.97157][0.53619, 0.00989, 0][0.188252, -0.034436, 0.008291][0.05070, -0.23124, -0.97157][0.55602, 0.02407, 0][0.183422, -0.010025, 0.002229][0.05070, -0.23124, -0.97157][0.56156, 0.04234, 0][0.181932, 0.077185, -0.005281][0.06595, -0.08449, -0.99424][0.56524, 0.10715, 0][0.183422, -0.010025, 0.002229][0.07372, -0.11587, -0.99052][0.56156, 0.04234, 0][0.159402, -0.03239, 0.002652][0.06125, -0.08460, -0.99453][0.57294, 0.03348, 0][0.181932, 0.077185, -0.005281][0.06595, -0.08449, -0.99424][0.56524, 0.10715, 0][0.218152, -0.002942, 0.004096][0.07993, -0.13147, -0.98809][0.54266, 0.03721, 0][0.183422, -0.010025, 0.002229][0.07372, -0.11587, -0.99052][0.56156, 0.04234, 0][0.223922, -0.037943, 0.010987][0.08903, -0.17825, -0.97995][0.53619, 0.00989, 0][0.183422, -0.010025, 0.002229][0.07372, -0.11587, -0.99052][0.56156, 0.04234, 0][0.218152, -0.002942, 0.004096][0.07993, -0.13147, -0.98809][0.54266, 0.03721, 0][-0.19923, 0.31162, -0.071935][0.13943, 0.26991, -0.95274][0.87472, 0.29982, 0][-0.200963, 0.333091, -0.066106][0.13881, 0.25794, -0.95614][0.87931, 0.31938, 0][-0.182868, 0.331527, -0.063901][0.13881, 0.25794, -0.95614][0.86793, 0.31751, 0][-0.200963, 0.333091, -0.066106][0.13881, 0.25794, -0.95614][0.87931, 0.31938, 0][-0.200869, 0.368814, -0.056935][0.13816, 0.24594, -0.95939][0.88457, 0.35192, 0][-0.182868, 0.331527, -0.063901][0.13881, 0.25794, -0.95614][0.86793, 0.31751, 0][-0.182868, 0.331527, -0.063901][0.11732, 0.23682, -0.96445][0.86793, 0.31751, 0][-0.200869, 0.368814, -0.056935][0.11732, 0.23682, -0.96445][0.88457, 0.35192, 0][-0.193004, 0.377392, -0.053872][0.11732, 0.23682, -0.96445][0.88075, 0.35924, 0][-0.158178, 0.192178, -0.09667][0.12404, 0.26964, -0.95494][0.83318, 0.19530, 0][-0.18192, 0.212463, -0.094026][0.12520, 0.26897, -0.95498][0.85017, 0.21125, 0][-0.157589, 0.253635, -0.07924][0.12520, 0.26897, -0.95498][0.84247, 0.24898, 0][-0.18192, 0.212463, -0.094026][0.12520, 0.26897, -0.95498][0.85017, 0.21125, 0][-0.176791, 0.289908, -0.07159][0.12635, 0.26830, -0.95501][0.85940, 0.28040, 0][-0.157589, 0.253635, -0.07924][0.12520, 0.26897, -0.95498][0.84247, 0.24898, 0][0.257002, 0.440931, 0.036443][0.42035, -0.28728, -0.86068][0.95683, 0.92966, 0][0.246402, 0.439427, 0.031768][0.42035, -0.28728, -0.86068][0.94625, 0.92816, 0][0.257922, 0.452667, 0.035066][0.41600, -0.13807, -0.89882][0.95775, 0.94138, 0][0.244842, 0.429194, 0.036443][0.41473, -0.42967, -0.80211][0.94469, 0.91794, 0][0.246402, 0.439427, 0.031768][0.42035, -0.28728, -0.86068][0.94625, 0.92816, 0][0.257002, 0.440931, 0.036443][0.42035, -0.28728, -0.86068][0.95683, 0.92966, 0][-0.210781, 0.352861, -0.007586][-0.26697, -0.45107, -0.85163][0.91689, 0.33583, 0][-0.228797, 0.356642, -0.003941][-0.26697, -0.45107, -0.85163][0.93168, 0.33973, 0][-0.210548, 0.367782, -0.015562][-0.26697, -0.45107, -0.85163][0.91302, 0.34942, 0][-0.184107, -0.033314, -0.002355][-0.00229, -0.16700, -0.98595][0.89640, 0.03052, 0][-0.221042, -0.037406, -0.001576][-0.01147, -0.16457, -0.98630][0.92009, 0.02058, 0][-0.198704, 0.04468, -0.015532][-0.01147, -0.16457, -0.98630][0.90041, 0.08322, 0][-0.245397, 0.064106, -0.017747][-0.02065, -0.16211, -0.98656][0.93094, 0.09068, 0][-0.198704, 0.04468, -0.015532][-0.01147, -0.16457, -0.98630][0.90041, 0.08322, 0][-0.221042, -0.037406, -0.001576][-0.01147, -0.16457, -0.98630][0.92009, 0.02058, 0][-0.235497, 0.1519, -0.02844][-0.00307, -0.12056, -0.99270][0.92062, 0.16179, 0][-0.198704, 0.04468, -0.015532][-0.00307, -0.12056, -0.99270][0.90041, 0.08322, 0][-0.245397, 0.064106, -0.017747][-0.00307, -0.12056, -0.99270][0.93094, 0.09068, 0][-0.183435, 0.013548, -0.013219][-0.04450, -0.09571, -0.99441][0.89146, 0.06270, 0][-0.198704, 0.04468, -0.015532][-0.04450, -0.09571, -0.99441][0.90041, 0.08322, 0][-0.196326, 0.174987, -0.02818][-0.04450, -0.09571, -0.99441][0.89429, 0.18447, 0][-0.196326, 0.174987, -0.02818][-0.02544, -0.06102, -0.99781][0.89429, 0.18447, 0][-0.219269, 0.331768, -0.037183][-0.02544, -0.06102, -0.99781][0.90772, 0.31802, 0][-0.208302, 0.371444, -0.039889][-0.02544, -0.06102, -0.99781][0.89900, 0.35384, 0][-0.196326, 0.174987, -0.02818][0.04002, -0.05145, -0.99787][0.89429, 0.18447, 0][-0.225026, 0.280796, -0.034786][0.04002, -0.05145, -0.99787][0.91227, 0.27246, 0][-0.219269, 0.331768, -0.037183][0.04002, -0.05145, -0.99787][0.90772, 0.31802, 0][-0.225026, 0.280796, -0.034786][0.11346, -0.03122, -0.99305][0.91227, 0.27246, 0][-0.196326, 0.174987, -0.02818][0.11346, -0.03122, -0.99305][0.89429, 0.18447, 0][-0.22626, 0.226095, -0.033207][0.11346, -0.03122, -0.99305][0.91304, 0.22481, 0][-0.235497, 0.1519, -0.02844][0.11882, -0.07839, -0.98982][0.92062, 0.16179, 0][-0.22626, 0.226095, -0.033207][0.11882, -0.07839, -0.98982][0.91304, 0.22481, 0][-0.198704, 0.04468, -0.015532][0.11882, -0.07839, -0.98982][0.90041, 0.08322, 0][-0.22626, 0.226095, -0.033207][0.00214, -0.09665, -0.99532][0.91304, 0.22481, 0][-0.196326, 0.174987, -0.02818][0.00214, -0.09665, -0.99532][0.89429, 0.18447, 0][-0.198704, 0.04468, -0.015532][0.00214, -0.09665, -0.99532][0.90041, 0.08322, 0][-0.235497, 0.1519, -0.02844][-0.28547, -0.02601, -0.95804][0.92062, 0.16179, 0][-0.241314, 0.186161, -0.027637][-0.28547, -0.02601, -0.95804][0.92578, 0.19012, 0][-0.22626, 0.226095, -0.033207][-0.28547, -0.02601, -0.95804][0.91304, 0.22481, 0][-0.228797, 0.356642, -0.003941][-0.27173, -0.50494, -0.81927][0.93168, 0.33973, 0][-0.210781, 0.352861, -0.007586][-0.27173, -0.50494, -0.81927][0.91689, 0.33583, 0][-0.239379, 0.342683, 0.008172][-0.27173, -0.50494, -0.81927][0.94488, 0.32726, 0][0.258952, 0.427313, 0.046654][0.49351, -0.51127, -0.70360][0.95878, 0.91606, 0][0.252082, 0.424579, 0.043822][0.49351, -0.51127, -0.70360][0.95192, 0.91333, 0][0.261782, 0.433942, 0.043822][0.49351, -0.51127, -0.70360][0.96161, 0.92268, 0][-0.245032, 0.439427, 0.031768][-0.42034, -0.27453, -0.86484][0.91881, 0.92934, 0][-0.255633, 0.440931, 0.036443][-0.42034, -0.27453, -0.86484][0.90822, 0.93085, 0][-0.2457, 0.452667, 0.029759][-0.41705, -0.15688, -0.89524][0.91814, 0.94257, 0][-0.253383, 0.431366, 0.039818][-0.41741, -0.38811, -0.82167][0.91047, 0.92129, 0][-0.255633, 0.440931, 0.036443][-0.42034, -0.27453, -0.86484][0.90822, 0.93085, 0][-0.245032, 0.439427, 0.031768][-0.42034, -0.27453, -0.86484][0.91881, 0.92934, 0][0.111772, 0.342233, -0.14538][-0.45121, -0.53152, -0.71686][0.69304, 0.32544, 0][0.134892, 0.296729, -0.126193][-0.45121, -0.53152, -0.71686][0.66903, 0.28542, 0][0.120692, 0.287807, -0.11064][-0.45121, -0.53152, -0.71686][0.66252, 0.27738, 0][0.231252, 0.346049, 0.009177][0.25410, -0.66826, -0.69919][0.52227, 0.32768, 0][0.237822, 0.31741, 0.038937][0.25410, -0.66826, -0.69919][0.50006, 0.30096, 0][0.216392, 0.325575, 0.023345][0.25410, -0.66826, -0.69919][0.52259, 0.30791, 0][0.131722, 0.259167, -0.098473][-0.48266, -0.49331, -0.72366][0.64916, 0.25300, 0][0.120692, 0.287807, -0.11064][-0.48266, -0.49331, -0.72366][0.66252, 0.27738, 0][0.134892, 0.296729, -0.126193][-0.48266, -0.49331, -0.72366][0.66903, 0.28542, 0][-0.182868, 0.331527, -0.063901][0.21570, 0.20776, -0.95410][0.86793, 0.31751, 0][-0.176791, 0.289908, -0.07159][0.21570, 0.20776, -0.95410][0.85940, 0.28040, 0][-0.19923, 0.31162, -0.071935][0.21570, 0.20776, -0.95410][0.87472, 0.29982, 0][-0.250712, 0.424579, 0.043822][-0.49681, -0.57763, -0.64771][0.91314, 0.91451, 0][-0.257583, 0.427313, 0.046654][-0.49681, -0.57763, -0.64771][0.90627, 0.91724, 0][-0.253383, 0.431366, 0.039818][-0.49681, -0.57763, -0.64771][0.91047, 0.92129, 0][-0.191877, 0.27949, -0.079121][0.28974, 0.24857, -0.92426][0.86545, 0.27078, 0][-0.176791, 0.289908, -0.07159][0.28974, 0.24857, -0.92426][0.85940, 0.28040, 0][-0.18192, 0.212463, -0.094026][0.28974, 0.24857, -0.92426][0.85017, 0.21125, 0][-0.19923, 0.31162, -0.071935][0.27479, 0.26932, -0.92302][0.87472, 0.29982, 0][-0.176791, 0.289908, -0.07159][0.27479, 0.26932, -0.92302][0.85940, 0.28040, 0][-0.191877, 0.27949, -0.079121][0.27479, 0.26932, -0.92302][0.86545, 0.27078, 0][-0.219151, 0.476141, 0.036443][0.32431, 0.62565, -0.70950][0.94466, 0.96601, 0][-0.220873, 0.482892, 0.041609][0.32431, 0.62565, -0.70950][0.94294, 0.97275, 0][-0.211911, 0.480756, 0.043822][0.32431, 0.62565, -0.70950][0.95189, 0.97062, 0][0.254752, 0.431366, 0.039818][0.37536, -0.50889, -0.77468][0.95459, 0.92011, 0][0.244842, 0.429194, 0.036443][0.37536, -0.50889, -0.77468][0.94469, 0.91794, 0][0.257002, 0.440931, 0.036443][0.37205, -0.38546, -0.84439][0.95683, 0.92966, 0][0.243122, 0.422443, 0.041609][0.37113, -0.62209, -0.68939][0.94297, 0.91120, 0][0.244842, 0.429194, 0.036443][0.37536, -0.50889, -0.77468][0.94469, 0.91794, 0][0.254752, 0.431366, 0.039818][0.37536, -0.50889, -0.77468][0.95459, 0.92011, 0][-0.243471, 0.429194, 0.036443][-0.37531, -0.50585, -0.77669][0.92037, 0.91912, 0][-0.253383, 0.431366, 0.039818][-0.37531, -0.50585, -0.77669][0.91047, 0.92129, 0][-0.245032, 0.439427, 0.031768][-0.37408, -0.43198, -0.82064][0.91881, 0.92934, 0][-0.250712, 0.424579, 0.043822][-0.37376, -0.57599, -0.72701][0.91314, 0.91451, 0][-0.253383, 0.431366, 0.039818][-0.37531, -0.50585, -0.77669][0.91047, 0.92129, 0][-0.243471, 0.429194, 0.036443][-0.37531, -0.50585, -0.77669][0.92037, 0.91912, 0][0.207952, 0.199085, -0.011306][-0.14096, -0.13586, -0.98065][0.55317, 0.19996, 0][0.242712, 0.106495, -0.003475][-0.14096, -0.13586, -0.98065][0.53093, 0.11713, 0][0.220512, 0.088479, 0.002212][-0.14096, -0.13586, -0.98065][0.54029, 0.10825, 0][0.242712, 0.106495, -0.003475][-0.11407, -0.12617, -0.98543][0.53093, 0.11713, 0][0.207952, 0.199085, -0.011306][-0.11407, -0.12617, -0.98543][0.55317, 0.19996, 0][0.226782, 0.234532, -0.018024][-0.11407, -0.12617, -0.98543][0.54635, 0.22840, 0][0.226782, 0.234532, -0.018024][-0.02089, -0.11545, -0.99309][0.54635, 0.22840, 0][0.243462, 0.136648, -0.006996][-0.02089, -0.11545, -0.99309][0.53194, 0.14206, 0][0.242712, 0.106495, -0.003475][-0.02089, -0.11545, -0.99309][0.53093, 0.11713, 0][0.210612, 0.47397, 0.039818][-0.32229, 0.57191, -0.75435][0.91050, 0.96266, 0][0.213282, 0.480756, 0.043822][-0.32229, 0.57191, -0.75435][0.91317, 0.96943, 0][0.222252, 0.482892, 0.041609][-0.32229, 0.57191, -0.75435][0.92213, 0.97157, 0][0.226782, 0.234532, -0.018024][-0.20997, -0.07324, -0.97496][0.54635, 0.22840, 0][0.207952, 0.199085, -0.011306][-0.20997, -0.07324, -0.97496][0.55317, 0.19996, 0][0.221322, 0.302625, -0.021963][-0.20997, -0.07324, -0.97496][0.55044, 0.28931, 0][0.208592, 0.372781, -0.026602][-0.08320, -0.08078, -0.99325][0.55919, 0.35275, 0][0.221322, 0.302625, -0.021963][-0.08320, -0.08078, -0.99325][0.55044, 0.28931, 0][0.194872, 0.176582, -0.009497][-0.08320, -0.08078, -0.99325][0.55940, 0.18302, 0][0.252082, 0.424579, 0.043822][0.32262, -0.57188, -0.75423][0.95192, 0.91333, 0][0.243122, 0.422443, 0.041609][0.32262, -0.57188, -0.75423][0.94297, 0.91120, 0][0.254752, 0.431366, 0.039818][0.32262, -0.57188, -0.75423][0.95459, 0.92011, 0][-0.209241, 0.47397, 0.039818][0.37533, 0.50584, -0.77669][0.95455, 0.96384, 0][-0.219151, 0.476141, 0.036443][0.37533, 0.50584, -0.77669][0.94466, 0.96601, 0][-0.211911, 0.480756, 0.043822][0.37377, 0.57601, -0.72698][0.95189, 0.97062, 0][-0.217593, 0.465909, 0.031768][0.37411, 0.43192, -0.82066][0.94621, 0.95579, 0][-0.219151, 0.476141, 0.036443][0.37533, 0.50584, -0.77669][0.94466, 0.96601, 0][-0.209241, 0.47397, 0.039818][0.37533, 0.50584, -0.77669][0.95455, 0.96384, 0][0.211432, 0.365028, -0.001866][0.03758, -0.60736, -0.79354][0.54081, 0.34393, 0][0.209072, 0.384488, -0.016872][0.03758, -0.60736, -0.79354][0.55186, 0.36265, 0][0.219452, 0.37799, -0.011407][0.03758, -0.60736, -0.79354][0.54228, 0.35741, 0][-0.241749, 0.422443, 0.041609][-0.32428, -0.62565, -0.70951][0.92209, 0.91238, 0][-0.250712, 0.424579, 0.043822][-0.32428, -0.62565, -0.70951][0.91314, 0.91451, 0][-0.243471, 0.429194, 0.036443][-0.32428, -0.62565, -0.70951][0.92037, 0.91912, 0][-0.209241, 0.47397, 0.039818][0.49692, 0.57763, -0.64762][0.95455, 0.96384, 0][-0.211911, 0.480756, 0.043822][0.49692, 0.57763, -0.64762][0.95189, 0.97062, 0][-0.205042, 0.478022, 0.046654][0.49692, 0.57763, -0.64762][0.95875, 0.96789, 0][0.220522, 0.476141, 0.036443][-0.37532, 0.50906, -0.77459][0.92040, 0.96482, 0][0.210612, 0.47397, 0.039818][-0.37532, 0.50906, -0.77459][0.91050, 0.96266, 0][0.222252, 0.482892, 0.041609][-0.37105, 0.62243, -0.68914][0.92213, 0.97157, 0][0.208362, 0.464404, 0.036443][-0.37202, 0.38542, -0.84442][0.90825, 0.95310, 0][0.210612, 0.47397, 0.039818][-0.37532, 0.50906, -0.77459][0.91050, 0.96266, 0][0.220522, 0.476141, 0.036443][-0.37532, 0.50906, -0.77459][0.92040, 0.96482, 0][-0.231312, 0.466555, 0.029759][-0.15202, 0.30490, -0.94017][0.93251, 0.95644, 0][-0.245032, 0.465909, 0.031768][-0.15202, 0.30490, -0.94017][0.91881, 0.95579, 0][-0.231312, 0.477027, 0.035066][-0.15018, 0.44692, -0.88188][0.93251, 0.96689, 0][-0.2457, 0.452667, 0.029759][-0.15029, 0.15570, -0.97630][0.91814, 0.94257, 0][-0.245032, 0.465909, 0.031768][-0.15202, 0.30490, -0.94017][0.91881, 0.95579, 0][-0.231312, 0.466555, 0.029759][-0.15202, 0.30490, -0.94017][0.93251, 0.95644, 0][-0.217593, 0.465909, 0.031768][0.15203, 0.29975, -0.94183][0.94621, 0.95579, 0][-0.231312, 0.466555, 0.029759][0.15203, 0.29975, -0.94183][0.93251, 0.95644, 0][-0.219151, 0.476141, 0.036443][0.15061, 0.42972, -0.89031][0.94466, 0.96601, 0][-0.231312, 0.452667, 0.027424][0.15049, 0.16392, -0.97493][0.93251, 0.94257, 0][-0.231312, 0.466555, 0.029759][0.15203, 0.29975, -0.94183][0.93251, 0.95644, 0][-0.217593, 0.465909, 0.031768][0.15203, 0.29975, -0.94183][0.94621, 0.95579, 0][-0.231312, 0.43878, 0.029759][-0.15205, -0.29975, -0.94182][0.93251, 0.92870, 0][-0.245032, 0.439427, 0.031768][-0.15205, -0.29975, -0.94182][0.91881, 0.92934, 0][-0.231312, 0.452667, 0.027424][-0.15049, -0.16393, -0.97493][0.93251, 0.94257, 0][-0.243471, 0.429194, 0.036443][-0.15063, -0.42972, -0.89031][0.92037, 0.91912, 0][-0.245032, 0.439427, 0.031768][-0.15205, -0.29975, -0.94182][0.91881, 0.92934, 0][-0.231312, 0.43878, 0.029759][-0.15205, -0.29975, -0.94182][0.93251, 0.92870, 0][-0.231312, 0.428308, 0.035066][0.15022, -0.44692, -0.88187][0.93251, 0.91824, 0][-0.231312, 0.43878, 0.029759][0.15206, -0.30492, -0.94016][0.93251, 0.92870, 0][-0.217593, 0.439427, 0.031768][0.15206, -0.30492, -0.94016][0.94621, 0.92934, 0][-0.217593, 0.439427, 0.031768][0.15206, -0.30492, -0.94016][0.94621, 0.92934, 0][-0.231312, 0.43878, 0.029759][0.15206, -0.30492, -0.94016][0.93251, 0.92870, 0][-0.216923, 0.452667, 0.029759][0.15031, -0.15575, -0.97629][0.94688, 0.94257, 0][0.232682, 0.466555, 0.029759][-0.15202, 0.30491, -0.94017][0.93254, 0.95525, 0][0.218962, 0.465909, 0.031768][-0.15202, 0.30491, -0.94017][0.91884, 0.95461, 0][0.232682, 0.477027, 0.035066][-0.15018, 0.44692, -0.88188][0.93254, 0.96571, 0][0.218292, 0.452667, 0.029759][-0.15029, 0.15572, -0.97630][0.91817, 0.94138, 0][0.218962, 0.465909, 0.031768][-0.15202, 0.30491, -0.94017][0.91884, 0.95461, 0][0.232682, 0.466555, 0.029759][-0.15202, 0.30491, -0.94017][0.93254, 0.95525, 0][0.246402, 0.465909, 0.031768][0.15202, 0.29976, -0.94182][0.94625, 0.95461, 0][0.232682, 0.466555, 0.029759][0.15202, 0.29976, -0.94182][0.93254, 0.95525, 0][0.244842, 0.476141, 0.036443][0.15060, 0.42974, -0.89030][0.94469, 0.96482, 0][0.232682, 0.452667, 0.027424][0.15048, 0.16392, -0.97493][0.93254, 0.94138, 0][0.232682, 0.466555, 0.029759][0.15202, 0.29976, -0.94182][0.93254, 0.95525, 0][0.246402, 0.465909, 0.031768][0.15202, 0.29976, -0.94182][0.94625, 0.95461, 0][0.232682, 0.43878, 0.029759][-0.15204, -0.29975, -0.94182][0.93254, 0.92751, 0][0.218962, 0.439427, 0.031768][-0.15204, -0.29975, -0.94182][0.91884, 0.92816, 0][0.232682, 0.452667, 0.027424][-0.15049, -0.16393, -0.97493][0.93254, 0.94138, 0][0.220522, 0.429194, 0.036443][-0.15063, -0.42971, -0.89031][0.92040, 0.91794, 0][0.218962, 0.439427, 0.031768][-0.15204, -0.29975, -0.94182][0.91884, 0.92816, 0][0.232682, 0.43878, 0.029759][-0.15204, -0.29975, -0.94182][0.93254, 0.92751, 0][0.232682, 0.428308, 0.035066][0.15021, -0.44692, -0.88187][0.93254, 0.91705, 0][0.232682, 0.43878, 0.029759][0.15205, -0.30492, -0.94016][0.93254, 0.92751, 0][0.246402, 0.439427, 0.031768][0.15205, -0.30492, -0.94016][0.94625, 0.92816, 0][0.246402, 0.439427, 0.031768][0.15205, -0.30492, -0.94016][0.94625, 0.92816, 0][0.232682, 0.43878, 0.029759][0.15205, -0.30492, -0.94016][0.93254, 0.92751, 0][0.247072, 0.452667, 0.029759][0.15030, -0.15575, -0.97630][0.94691, 0.94138, 0][-0.25655, 0.452667, 0.035066][-0.63399, 0.01003, -0.77328][0.90731, 0.94257, 0][-0.263484, 0.452667, 0.040751][-0.63399, 0.01003, -0.77328][0.90038, 0.94257, 0][-0.255633, 0.464404, 0.036443][-0.62788, 0.13890, -0.76582][0.90822, 0.95429, 0][-0.262626, 0.442593, 0.041609][-0.62952, -0.11901, -0.76782][0.90124, 0.93251, 0][-0.263484, 0.452667, 0.040751][-0.63399, 0.01003, -0.77328][0.90038, 0.94257, 0][-0.25655, 0.452667, 0.035066][-0.63399, 0.01003, -0.77328][0.90731, 0.94257, 0][-0.255633, 0.440931, 0.036443][-0.43515, -0.13839, -0.88966][0.90822, 0.93085, 0][-0.25655, 0.452667, 0.035066][-0.43936, 0.00916, -0.89826][0.90731, 0.94257, 0][-0.2457, 0.452667, 0.029759][-0.43936, 0.00916, -0.89826][0.91814, 0.94257, 0][-0.2457, 0.452667, 0.029759][-0.43936, 0.00916, -0.89826][0.91814, 0.94257, 0][-0.25655, 0.452667, 0.035066][-0.43936, 0.00916, -0.89826][0.90731, 0.94257, 0][-0.245032, 0.465909, 0.031768][-0.43397, 0.15650, -0.88723][0.91881, 0.95579, 0][-0.245032, 0.439427, 0.031768][-0.15823, -0.15593, -0.97501][0.91881, 0.92934, 0][-0.2457, 0.452667, 0.029759][-0.16019, 0.00395, -0.98708][0.91814, 0.94257, 0][-0.231312, 0.452667, 0.027424][-0.16019, 0.00395, -0.98708][0.93251, 0.94257, 0][-0.231312, 0.452667, 0.027424][-0.16019, 0.00395, -0.98708][0.93251, 0.94257, 0][-0.2457, 0.452667, 0.029759][-0.16019, 0.00395, -0.98708][0.91814, 0.94257, 0][-0.231312, 0.466555, 0.029759][-0.15803, 0.16372, -0.97377][0.93251, 0.95644, 0][-0.231312, 0.43878, 0.029759][0.15802, -0.16373, -0.97377][0.93251, 0.92870, 0][-0.231312, 0.452667, 0.027424][0.16018, -0.00395, -0.98708][0.93251, 0.94257, 0][-0.216923, 0.452667, 0.029759][0.16018, -0.00395, -0.98708][0.94688, 0.94257, 0][-0.216923, 0.452667, 0.029759][0.16018, -0.00395, -0.98708][0.94688, 0.94257, 0][-0.231312, 0.452667, 0.027424][0.16018, -0.00395, -0.98708][0.93251, 0.94257, 0][-0.217593, 0.465909, 0.031768][0.15822, 0.15593, -0.97501][0.94621, 0.95579, 0][-0.217593, 0.439427, 0.031768][0.43396, -0.15658, -0.88722][0.94621, 0.92934, 0][-0.216923, 0.452667, 0.029759][0.43936, -0.00919, -0.89826][0.94688, 0.94257, 0][-0.206073, 0.452667, 0.035066][0.43936, -0.00919, -0.89826][0.95772, 0.94257, 0][-0.206073, 0.452667, 0.035066][0.43936, -0.00919, -0.89826][0.95772, 0.94257, 0][-0.216923, 0.452667, 0.029759][0.43936, -0.00919, -0.89826][0.94688, 0.94257, 0][-0.206991, 0.464404, 0.036443][0.43515, 0.13841, -0.88965][0.95680, 0.95429, 0][-0.206991, 0.440931, 0.036443][0.62781, -0.13897, -0.76586][0.95680, 0.93085, 0][-0.206073, 0.452667, 0.035066][0.63393, -0.01004, -0.77332][0.95772, 0.94257, 0][-0.199138, 0.452667, 0.040751][0.63393, -0.01004, -0.77332][0.96465, 0.94257, 0][-0.199138, 0.452667, 0.040751][0.63393, -0.01004, -0.77332][0.96465, 0.94257, 0][-0.206073, 0.452667, 0.035066][0.63393, -0.01004, -0.77332][0.95772, 0.94257, 0][-0.199997, 0.462742, 0.041609][0.62946, 0.11906, -0.76786][0.96379, 0.95263, 0][0.207442, 0.452667, 0.035066][-0.63421, 0.01004, -0.77310][0.90734, 0.94138, 0][0.200512, 0.452667, 0.040751][-0.63421, 0.01004, -0.77310][0.90042, 0.94138, 0][0.208362, 0.464404, 0.036443][-0.62808, 0.13906, -0.76562][0.90825, 0.95310, 0][0.201372, 0.442593, 0.041609][-0.62972, -0.11914, -0.76763][0.90127, 0.93132, 0][0.200512, 0.452667, 0.040751][-0.63421, 0.01004, -0.77310][0.90042, 0.94138, 0][0.207442, 0.452667, 0.035066][-0.63421, 0.01004, -0.77310][0.90734, 0.94138, 0][0.208362, 0.440931, 0.036443][-0.43515, -0.13849, -0.88964][0.90825, 0.92966, 0][0.207442, 0.452667, 0.035066][-0.43936, 0.00913, -0.89826][0.90734, 0.94138, 0][0.218292, 0.452667, 0.029759][-0.43936, 0.00913, -0.89826][0.91817, 0.94138, 0][0.218292, 0.452667, 0.029759][-0.43936, 0.00913, -0.89826][0.91817, 0.94138, 0][0.207442, 0.452667, 0.035066][-0.43936, 0.00913, -0.89826][0.90734, 0.94138, 0][0.218962, 0.465909, 0.031768][-0.43396, 0.15656, -0.88722][0.91884, 0.95461, 0][0.218962, 0.439427, 0.031768][-0.15821, -0.15595, -0.97501][0.91884, 0.92816, 0][0.218292, 0.452667, 0.029759][-0.16017, 0.00394, -0.98708][0.91817, 0.94138, 0][0.232682, 0.452667, 0.027424][-0.16017, 0.00394, -0.98708][0.93254, 0.94138, 0][0.232682, 0.452667, 0.027424][-0.16017, 0.00394, -0.98708][0.93254, 0.94138, 0][0.218292, 0.452667, 0.029759][-0.16017, 0.00394, -0.98708][0.91817, 0.94138, 0][0.232682, 0.466555, 0.029759][-0.15801, 0.16372, -0.97377][0.93254, 0.95525, 0][0.232682, 0.43878, 0.029759][0.15801, -0.16373, -0.97377][0.93254, 0.92751, 0][0.232682, 0.452667, 0.027424][0.16017, -0.00395, -0.98708][0.93254, 0.94138, 0][0.247072, 0.452667, 0.029759][0.16017, -0.00395, -0.98708][0.94691, 0.94138, 0][0.247072, 0.452667, 0.029759][0.16017, -0.00395, -0.98708][0.94691, 0.94138, 0][0.232682, 0.452667, 0.027424][0.16017, -0.00395, -0.98708][0.93254, 0.94138, 0][0.246402, 0.465909, 0.031768][0.15821, 0.15593, -0.97502][0.94625, 0.95461, 0][0.246402, 0.439427, 0.031768][0.43396, -0.15658, -0.88722][0.94625, 0.92816, 0][0.247072, 0.452667, 0.029759][0.43936, -0.00915, -0.89826][0.94691, 0.94138, 0][0.257922, 0.452667, 0.035066][0.43936, -0.00915, -0.89826][0.95775, 0.94138, 0][0.257922, 0.452667, 0.035066][0.43936, -0.00915, -0.89826][0.95775, 0.94138, 0][0.247072, 0.452667, 0.029759][0.43936, -0.00915, -0.89826][0.94691, 0.94138, 0][0.257002, 0.464404, 0.036443][0.43515, 0.13848, -0.88965][0.95683, 0.95310, 0][0.257002, 0.440931, 0.036443][0.62753, -0.13908, -0.76607][0.95683, 0.92966, 0][0.257922, 0.452667, 0.035066][0.63366, -0.01006, -0.77355][0.95775, 0.94138, 0][0.264862, 0.452667, 0.040751][0.63366, -0.01006, -0.77355][0.96468, 0.94138, 0][0.264862, 0.452667, 0.040751][0.63366, -0.01006, -0.77355][0.96468, 0.94138, 0][0.257922, 0.452667, 0.035066][0.63366, -0.01006, -0.77355][0.95775, 0.94138, 0][0.264002, 0.462742, 0.041609][0.62918, 0.11912, -0.76808][0.96382, 0.95144, 0][0.211432, 0.365028, -0.001866][-0.05218, -0.54238, -0.83851][0.54081, 0.34393, 0][0.231252, 0.346049, 0.009177][-0.05218, -0.54238, -0.83851][0.52227, 0.32768, 0][0.216392, 0.325575, 0.023345][-0.05218, -0.54238, -0.83851][0.52259, 0.30791, 0][-0.247374, -0.117831, 0.048329][-0.57255, 0.00000, -0.81987][0.47530, 0.50605, 0][-0.251715, -0.117831, 0.051888][-0.63401, 0.00000, -0.77332][0.47917, 0.50605, 0][-0.251715, 0.41301, 0.051888][-0.63401, 0.00000, -0.77332][0.47917, 0.97948, 0][-0.247374, 0.41301, 0.048329][-0.50728, 0.00000, -0.86178][0.47530, 0.97948, 0][-0.247374, -0.117831, 0.048329][-0.57255, 0.00000, -0.81987][0.47530, 0.50605, 0][-0.251715, 0.41301, 0.051888][-0.63401, 0.00000, -0.77332][0.47917, 0.97948, 0][-0.24058, -0.117831, 0.045006][-0.34966, 0.00000, -0.93688][0.46924, 0.50605, 0][-0.247374, -0.117831, 0.048329][-0.57255, 0.00000, -0.81987][0.47530, 0.50605, 0][-0.247374, 0.41301, 0.048329][-0.50728, 0.00000, -0.86178][0.47530, 0.97948, 0][-0.24058, 0.41301, 0.045006][-0.25571, 0.00000, -0.96675][0.46924, 0.97948, 0][-0.24058, -0.117831, 0.045006][-0.34966, 0.00000, -0.93688][0.46924, 0.50605, 0][-0.247374, 0.41301, 0.048329][-0.50728, 0.00000, -0.86178][0.47530, 0.97948, 0][-0.231572, -0.117831, 0.043544][-0.05403, 0.00000, -0.99854][0.46121, 0.50605, 0][-0.24058, -0.117831, 0.045006][-0.34966, 0.00000, -0.93688][0.46924, 0.50605, 0][-0.24058, 0.41301, 0.045006][-0.25571, 0.00000, -0.96675][0.46924, 0.97948, 0][-0.231572, 0.41301, 0.043544][0.05401, -0.00000, -0.99854][0.46121, 0.97948, 0][-0.231572, -0.117831, 0.043544][-0.05403, 0.00000, -0.99854][0.46121, 0.50605, 0][-0.24058, 0.41301, 0.045006][-0.25571, 0.00000, -0.96675][0.46924, 0.97948, 0][-0.222563, -0.117831, 0.045006][0.25572, -0.00000, -0.96675][0.45317, 0.50605, 0][-0.231572, -0.117831, 0.043544][-0.05403, 0.00000, -0.99854][0.46121, 0.50605, 0][-0.231572, 0.41301, 0.043544][0.05401, -0.00000, -0.99854][0.46121, 0.97948, 0][-0.222563, 0.41301, 0.045006][0.34970, -0.00000, -0.93686][0.45317, 0.97948, 0][-0.222563, -0.117831, 0.045006][0.25572, -0.00000, -0.96675][0.45317, 0.50605, 0][-0.231572, 0.41301, 0.043544][0.05401, -0.00000, -0.99854][0.46121, 0.97948, 0][-0.21577, -0.117831, 0.048329][0.50728, 0.00000, -0.86178][0.44712, 0.50605, 0][-0.222563, -0.117831, 0.045006][0.25572, -0.00000, -0.96675][0.45317, 0.50605, 0][-0.222563, 0.41301, 0.045006][0.34970, -0.00000, -0.93686][0.45317, 0.97948, 0][-0.21577, 0.41301, 0.048329][0.57250, -0.00000, -0.81990][0.44712, 0.97948, 0][-0.21577, -0.117831, 0.048329][0.50728, 0.00000, -0.86178][0.44712, 0.50605, 0][-0.222563, 0.41301, 0.045006][0.34970, -0.00000, -0.93686][0.45317, 0.97948, 0][-0.211428, -0.117831, 0.051888][0.63393, -0.00000, -0.77339][0.44324, 0.50605, 0][-0.21577, -0.117831, 0.048329][0.50728, 0.00000, -0.86178][0.44712, 0.50605, 0][-0.21577, 0.41301, 0.048329][0.57250, -0.00000, -0.81990][0.44712, 0.97948, 0][-0.211428, 0.41301, 0.051888][0.63393, -0.00000, -0.77339][0.44324, 0.97948, 0][-0.211428, -0.117831, 0.051888][0.63393, -0.00000, -0.77339][0.44324, 0.50605, 0][-0.21577, 0.41301, 0.048329][0.57250, -0.00000, -0.81990][0.44712, 0.97948, 0][0.215872, -0.117831, 0.048329][-0.57251, 0.00000, -0.81990][0.06215, 0.50605, 0][0.211532, -0.117831, 0.051888][-0.63410, 0.00000, -0.77325][0.06602, 0.50605, 0][0.211532, 0.41301, 0.051888][-0.63410, 0.00000, -0.77325][0.06602, 0.97948, 0][0.215872, 0.41301, 0.048329][-0.50711, 0.00000, -0.86188][0.06215, 0.97948, 0][0.215872, -0.117831, 0.048329][-0.57251, 0.00000, -0.81990][0.06215, 0.50605, 0][0.211532, 0.41301, 0.051888][-0.63410, 0.00000, -0.77325][0.06602, 0.97948, 0][0.222672, -0.117831, 0.045006][-0.34949, 0.00000, -0.93694][0.05609, 0.50605, 0][0.215872, -0.117831, 0.048329][-0.57251, 0.00000, -0.81990][0.06215, 0.50605, 0][0.215872, 0.41301, 0.048329][-0.50711, 0.00000, -0.86188][0.06215, 0.97948, 0][0.222672, 0.41301, 0.045006][-0.25569, 0.00000, -0.96676][0.05609, 0.97948, 0][0.222672, -0.117831, 0.045006][-0.34949, 0.00000, -0.93694][0.05609, 0.50605, 0][0.215872, 0.41301, 0.048329][-0.50711, 0.00000, -0.86188][0.06215, 0.97948, 0][0.231672, -0.117831, 0.043544][-0.05413, 0.00000, -0.99853][0.04806, 0.50605, 0][0.222672, -0.117831, 0.045006][-0.34949, 0.00000, -0.93694][0.05609, 0.50605, 0][0.222672, 0.41301, 0.045006][-0.25569, 0.00000, -0.96676][0.05609, 0.97948, 0][0.231672, 0.41301, 0.043544][0.05395, 0.00000, -0.99854][0.04806, 0.97948, 0][0.231672, -0.117831, 0.043544][-0.05413, 0.00000, -0.99853][0.04806, 0.50605, 0][0.222672, 0.41301, 0.045006][-0.25569, 0.00000, -0.96676][0.05609, 0.97948, 0][0.240682, -0.117831, 0.045006][0.25558, 0.00000, -0.96679][0.04002, 0.50605, 0][0.231672, -0.117831, 0.043544][-0.05413, 0.00000, -0.99853][0.04806, 0.50605, 0][0.231672, 0.41301, 0.043544][0.05395, 0.00000, -0.99854][0.04806, 0.97948, 0][0.240682, 0.41301, 0.045006][0.34943, 0.00000, -0.93696][0.04002, 0.97948, 0][0.240682, -0.117831, 0.045006][0.25558, 0.00000, -0.96679][0.04002, 0.50605, 0][0.231672, 0.41301, 0.043544][0.05395, 0.00000, -0.99854][0.04806, 0.97948, 0][0.247482, -0.117831, 0.048329][0.50711, 0.00000, -0.86188][0.03396, 0.50605, 0][0.240682, -0.117831, 0.045006][0.25558, 0.00000, -0.96679][0.04002, 0.50605, 0][0.240682, 0.41301, 0.045006][0.34943, 0.00000, -0.93696][0.04002, 0.97948, 0][0.247482, 0.41301, 0.048329][0.57251, 0.00000, -0.81989][0.03396, 0.97948, 0][0.247482, -0.117831, 0.048329][0.50711, 0.00000, -0.86188][0.03396, 0.50605, 0][0.240682, 0.41301, 0.045006][0.34943, 0.00000, -0.93696][0.04002, 0.97948, 0][0.251822, -0.117831, 0.051888][0.63410, 0.00000, -0.77325][0.03009, 0.50605, 0][0.247482, -0.117831, 0.048329][0.50711, 0.00000, -0.86188][0.03396, 0.50605, 0][0.247482, 0.41301, 0.048329][0.57251, 0.00000, -0.81989][0.03396, 0.97948, 0][0.251822, 0.41301, 0.051888][0.63410, 0.00000, -0.77325][0.03009, 0.97948, 0][0.251822, -0.117831, 0.051888][0.63410, 0.00000, -0.77325][0.03009, 0.50605, 0][0.247482, 0.41301, 0.048329][0.57251, 0.00000, -0.81989][0.03396, 0.97948, 0][0.219452, 0.37799, -0.011407][-0.07651, -0.55993, -0.82500][0.54228, 0.35741, 0][0.231252, 0.346049, 0.009177][-0.07651, -0.55993, -0.82500][0.52227, 0.32768, 0][0.211432, 0.365028, -0.001866][-0.07651, -0.55993, -0.82500][0.54081, 0.34393, 0][0.203582, 0.471393, 0.043822][-0.49351, 0.51127, -0.70360][0.90348, 0.96008, 0][0.206412, 0.478022, 0.046654][-0.49351, 0.51127, -0.70360][0.90631, 0.96670, 0][0.213282, 0.480756, 0.043822][-0.49351, 0.51127, -0.70360][0.91317, 0.96943, 0][-0.20221, 0.471393, 0.043822][0.56073, 0.45417, -0.69233][0.96158, 0.96127, 0][-0.209241, 0.47397, 0.039818][0.56073, 0.45417, -0.69233][0.95455, 0.96384, 0][-0.205042, 0.478022, 0.046654][0.55882, 0.51606, -0.64915][0.95875, 0.96789, 0][-0.206991, 0.464404, 0.036443][0.55943, 0.38969, -0.73156][0.95680, 0.95429, 0][-0.209241, 0.47397, 0.039818][0.56073, 0.45417, -0.69233][0.95455, 0.96384, 0][-0.20221, 0.471393, 0.043822][0.56073, 0.45417, -0.69233][0.96158, 0.96127, 0][0.210612, 0.47397, 0.039818][-0.56074, 0.45984, -0.68856][0.91050, 0.96266, 0][0.203582, 0.471393, 0.043822][-0.56074, 0.45984, -0.68856][0.90348, 0.96008, 0][0.213282, 0.480756, 0.043822][-0.55392, 0.57386, -0.60321][0.91317, 0.96943, 0][0.201372, 0.462742, 0.041609][-0.55616, 0.33647, -0.75992][0.90127, 0.95144, 0][0.203582, 0.471393, 0.043822][-0.56074, 0.45984, -0.68856][0.90348, 0.96008, 0][0.210612, 0.47397, 0.039818][-0.56074, 0.45984, -0.68856][0.91050, 0.96266, 0][-0.206991, 0.464404, 0.036443][0.42033, 0.27453, -0.86485][0.95680, 0.95429, 0][-0.217593, 0.465909, 0.031768][0.42033, 0.27453, -0.86485][0.94621, 0.95579, 0][-0.209241, 0.47397, 0.039818][0.41741, 0.38808, -0.82168][0.95455, 0.96384, 0][-0.216923, 0.452667, 0.029759][0.41704, 0.15692, -0.89524][0.94688, 0.94257, 0][-0.217593, 0.465909, 0.031768][0.42033, 0.27453, -0.86485][0.94621, 0.95579, 0][-0.206991, 0.464404, 0.036443][0.42033, 0.27453, -0.86485][0.95680, 0.95429, 0][0.218962, 0.465909, 0.031768][-0.42038, 0.28729, -0.86067][0.91884, 0.95461, 0][0.208362, 0.464404, 0.036443][-0.42038, 0.28729, -0.86067][0.90825, 0.95310, 0][0.220522, 0.476141, 0.036443][-0.41476, 0.42970, -0.80208][0.92040, 0.96482, 0][0.207442, 0.452667, 0.035066][-0.41601, 0.13806, -0.89882][0.90734, 0.94138, 0][0.208362, 0.464404, 0.036443][-0.42038, 0.28729, -0.86067][0.90825, 0.95310, 0][0.218962, 0.465909, 0.031768][-0.42038, 0.28729, -0.86067][0.91884, 0.95461, 0][-0.231312, 0.428308, 0.035066][-0.13346, -0.53870, -0.83186][0.93251, 0.91824, 0][-0.243471, 0.429194, 0.036443][-0.13346, -0.53870, -0.83186][0.92037, 0.91912, 0][-0.231312, 0.43878, 0.029759][-0.13277, -0.44804, -0.88410][0.93251, 0.92870, 0][-0.241749, 0.422443, 0.041609][-0.13269, -0.62346, -0.77051][0.92209, 0.91238, 0][-0.243471, 0.429194, 0.036443][-0.13346, -0.53870, -0.83186][0.92037, 0.91912, 0][-0.231312, 0.428308, 0.035066][-0.13346, -0.53870, -0.83186][0.93251, 0.91824, 0][-0.231312, 0.421615, 0.040751][0.13229, -0.64169, -0.75547][0.93251, 0.91155, 0][-0.231312, 0.428308, 0.035066][0.13344, -0.53946, -0.83137][0.93251, 0.91824, 0][-0.219151, 0.429194, 0.036443][0.13344, -0.53946, -0.83137][0.94466, 0.91912, 0][-0.219151, 0.429194, 0.036443][0.13344, -0.53946, -0.83137][0.94466, 0.91912, 0][-0.231312, 0.428308, 0.035066][0.13344, -0.53946, -0.83137][0.93251, 0.91824, 0][-0.217593, 0.439427, 0.031768][0.13242, -0.42849, -0.89379][0.94621, 0.92934, 0][0.232682, 0.428308, 0.035066][-0.13345, -0.53875, -0.83183][0.93254, 0.91705, 0][0.220522, 0.429194, 0.036443][-0.13345, -0.53875, -0.83183][0.92040, 0.91794, 0][0.232682, 0.43878, 0.029759][-0.13276, -0.44804, -0.88410][0.93254, 0.92751, 0][0.222252, 0.422443, 0.041609][-0.13268, -0.62355, -0.77044][0.92213, 0.91120, 0][0.220522, 0.429194, 0.036443][-0.13345, -0.53875, -0.83183][0.92040, 0.91794, 0][0.232682, 0.428308, 0.035066][-0.13345, -0.53875, -0.83183][0.93254, 0.91705, 0][0.232682, 0.421615, 0.040751][0.13230, -0.64169, -0.75547][0.93254, 0.91037, 0][0.232682, 0.428308, 0.035066][0.13345, -0.53947, -0.83136][0.93254, 0.91705, 0][0.244842, 0.429194, 0.036443][0.13345, -0.53947, -0.83136][0.94469, 0.91794, 0][0.244842, 0.429194, 0.036443][0.13345, -0.53947, -0.83136][0.94469, 0.91794, 0][0.232682, 0.428308, 0.035066][0.13345, -0.53947, -0.83136][0.93254, 0.91705, 0][0.246402, 0.439427, 0.031768][0.13243, -0.42852, -0.89378][0.94625, 0.92816, 0][-0.231312, 0.421615, 0.040751][-0.11328, -0.64321, -0.75726][0.93251, 0.91155, 0][-0.241749, 0.422443, 0.041609][-0.11328, -0.64321, -0.75726][0.92209, 0.91238, 0][-0.231312, 0.428308, 0.035066][-0.11328, -0.64321, -0.75726][0.93251, 0.91824, 0][-0.220873, 0.422443, 0.041609][0.11302, -0.62184, -0.77495][0.94294, 0.91238, 0][-0.231312, 0.421615, 0.040751][0.11302, -0.62184, -0.77495][0.93251, 0.91155, 0][-0.219151, 0.429194, 0.036443][0.11302, -0.62184, -0.77495][0.94466, 0.91912, 0][0.232682, 0.421615, 0.040751][-0.11336, -0.64321, -0.75725][0.93254, 0.91037, 0][0.222252, 0.422443, 0.041609][-0.11336, -0.64321, -0.75725][0.92213, 0.91120, 0][0.232682, 0.428308, 0.035066][-0.11336, -0.64321, -0.75725][0.93254, 0.91705, 0][0.243122, 0.422443, 0.041609][0.11301, -0.62181, -0.77497][0.94297, 0.91120, 0][0.232682, 0.421615, 0.040751][0.11301, -0.62181, -0.77497][0.93254, 0.91037, 0][0.244842, 0.429194, 0.036443][0.11301, -0.62181, -0.77497][0.94469, 0.91794, 0][-0.199997, 0.462742, 0.041609][0.61302, 0.24056, -0.75255][0.96379, 0.95263, 0][-0.206991, 0.464404, 0.036443][0.61302, 0.24056, -0.75255][0.95680, 0.95429, 0][-0.20221, 0.471393, 0.043822][0.60973, 0.33922, -0.71635][0.96158, 0.96127, 0][-0.206073, 0.452667, 0.035066][0.60954, 0.13924, -0.78043][0.95772, 0.94257, 0][-0.206991, 0.464404, 0.036443][0.61302, 0.24056, -0.75255][0.95680, 0.95429, 0][-0.199997, 0.462742, 0.041609][0.61302, 0.24056, -0.75255][0.96379, 0.95263, 0][0.208362, 0.464404, 0.036443][-0.61318, 0.25578, -0.74739][0.90825, 0.95310, 0][0.201372, 0.462742, 0.041609][-0.61318, 0.25578, -0.74739][0.90127, 0.95144, 0][0.210612, 0.47397, 0.039818][-0.60572, 0.38763, -0.69487][0.91050, 0.96266, 0][0.200512, 0.452667, 0.040751][-0.60825, 0.11876, -0.78481][0.90042, 0.94138, 0][0.201372, 0.462742, 0.041609][-0.61318, 0.25578, -0.74739][0.90127, 0.95144, 0][0.208362, 0.464404, 0.036443][-0.61318, 0.25578, -0.74739][0.90825, 0.95310, 0][0.227022, 0.265648, 0.022934][-0.50232, -0.36970, -0.78166][0.51842, 0.25622, 0][0.206912, 0.285727, 0.026501][-0.50760, -0.37017, -0.77802][0.52722, 0.27364, 0][0.208752, 0.329048, 0.004689][-0.50232, -0.36970, -0.78166][0.53895, 0.31143, 0][0.227022, 0.265648, 0.022934][-0.50232, -0.36970, -0.78166][0.51842, 0.25622, 0][0.208752, 0.329048, 0.004689][-0.50232, -0.36970, -0.78166][0.53895, 0.31143, 0][0.220342, 0.348353, -0.011723][-0.49701, -0.36921, -0.78528][0.54277, 0.33032, 0][0.223292, 0.218837, 0.052583][-0.54914, -0.41551, -0.72511][0.50392, 0.21793, 0][0.219862, 0.245156, 0.040099][-0.54751, -0.41660, -0.72573][0.51260, 0.23944, 0][0.227022, 0.265648, 0.022934][-0.54751, -0.41660, -0.72573][0.51842, 0.25622, 0][0.227022, 0.265648, 0.022934][-0.54751, -0.41660, -0.72573][0.51842, 0.25622, 0][0.219862, 0.245156, 0.040099][-0.54751, -0.41660, -0.72573][0.51260, 0.23944, 0][0.206912, 0.285727, 0.026501][-0.54587, -0.41768, -0.72634][0.52722, 0.27364, 0][-0.211739, 0.271702, 0.003528][0.66757, -0.24569, -0.70284][0.92150, 0.26584, 0][-0.234606, 0.260907, -0.014418][0.66757, -0.24569, -0.70284][0.92884, 0.25548, 0][-0.210317, 0.289323, -0.001281][0.66757, -0.24569, -0.70284][0.91853, 0.28067, 0][-0.222682, 0.319665, -0.022537][0.65897, -0.23257, -0.71531][0.91739, 0.30702, 0][-0.210317, 0.289323, -0.001281][0.65897, -0.23257, -0.71531][0.91853, 0.28067, 0][-0.234606, 0.260907, -0.014418][0.65897, -0.23257, -0.71531][0.92884, 0.25548, 0][0.220342, 0.348353, -0.011723][-0.56080, -0.31445, -0.76591][0.54277, 0.33032, 0][0.208752, 0.329048, 0.004689][-0.56080, -0.31445, -0.76591][0.53895, 0.31143, 0][0.207962, 0.371835, -0.012299][-0.56080, -0.31445, -0.76591][0.54966, 0.35058, 0][-0.208794, 0.32759, -0.011082][0.68773, -0.19405, -0.69955][0.91335, 0.31366, 0][-0.210317, 0.289323, -0.001281][0.68980, -0.20528, -0.69429][0.91853, 0.28067, 0][-0.222682, 0.319665, -0.022537][0.68773, -0.19405, -0.69955][0.91739, 0.30702, 0][-0.207189, 0.346895, -0.014528][0.68555, -0.18279, -0.70470][0.91082, 0.33066, 0][-0.208794, 0.32759, -0.011082][0.68773, -0.19405, -0.69955][0.91335, 0.31366, 0][-0.222682, 0.319665, -0.022537][0.68773, -0.19405, -0.69955][0.91739, 0.30702, 0][0.201882, 0.261556, 0.048005][-0.64663, -0.39407, -0.65313][0.51762, 0.25377, 0][0.219862, 0.245156, 0.040099][-0.64663, -0.39407, -0.65313][0.51260, 0.23944, 0][0.223292, 0.218837, 0.052583][-0.64663, -0.39407, -0.65313][0.50392, 0.21793, 0][0.220342, 0.348353, -0.011723][-0.64451, -0.35639, -0.67646][0.54277, 0.33032, 0][0.207962, 0.371835, -0.012299][-0.64451, -0.35639, -0.67646][0.54966, 0.35058, 0][0.211232, 0.389663, -0.024807][-0.64451, -0.35639, -0.67646][0.55604, 0.36851, 0][-0.206991, 0.440931, 0.036443][0.42029, -0.28721, -0.86073][0.95680, 0.93085, 0][-0.217593, 0.439427, 0.031768][0.42029, -0.28721, -0.86073][0.94621, 0.92934, 0][-0.206073, 0.452667, 0.035066][0.41593, -0.13800, -0.89886][0.95772, 0.94257, 0][-0.219151, 0.429194, 0.036443][0.41467, -0.42961, -0.80217][0.94466, 0.91912, 0][-0.217593, 0.439427, 0.031768][0.42029, -0.28721, -0.86073][0.94621, 0.92934, 0][-0.206991, 0.440931, 0.036443][0.42029, -0.28721, -0.86073][0.95680, 0.93085, 0][0.218962, 0.439427, 0.031768][-0.42037, -0.27456, -0.86482][0.91884, 0.92816, 0][0.208362, 0.440931, 0.036443][-0.42037, -0.27456, -0.86482][0.90825, 0.92966, 0][0.218292, 0.452667, 0.029759][-0.41709, -0.15694, -0.89521][0.91817, 0.94138, 0][0.210612, 0.431366, 0.039818][-0.41745, -0.38811, -0.82165][0.91050, 0.92011, 0][0.208362, 0.440931, 0.036443][-0.42037, -0.27456, -0.86482][0.90825, 0.92966, 0][0.218962, 0.439427, 0.031768][-0.42037, -0.27456, -0.86482][0.91884, 0.92816, 0][-0.211911, 0.424579, 0.043822][0.32255, -0.57187, -0.75427][0.95189, 0.91451, 0][-0.220873, 0.422443, 0.041609][0.32255, -0.57187, -0.75427][0.94294, 0.91238, 0][-0.209241, 0.431366, 0.039818][0.32255, -0.57187, -0.75427][0.95455, 0.92129, 0][-0.209241, 0.431366, 0.039818][0.37536, -0.50893, -0.77466][0.95455, 0.92129, 0][-0.219151, 0.429194, 0.036443][0.37536, -0.50893, -0.77466][0.94466, 0.91912, 0][-0.206991, 0.440931, 0.036443][0.37205, -0.38546, -0.84439][0.95680, 0.93085, 0][-0.220873, 0.422443, 0.041609][0.37112, -0.62216, -0.68934][0.94294, 0.91238, 0][-0.219151, 0.429194, 0.036443][0.37536, -0.50893, -0.77466][0.94466, 0.91912, 0][-0.209241, 0.431366, 0.039818][0.37536, -0.50893, -0.77466][0.95455, 0.92129, 0][0.220522, 0.429194, 0.036443][-0.37537, -0.50582, -0.77668][0.92040, 0.91794, 0][0.210612, 0.431366, 0.039818][-0.37537, -0.50582, -0.77668][0.91050, 0.92011, 0][0.218962, 0.439427, 0.031768][-0.37415, -0.43195, -0.82063][0.91884, 0.92816, 0][0.213282, 0.424579, 0.043822][-0.37382, -0.57596, -0.72700][0.91317, 0.91333, 0][0.210612, 0.431366, 0.039818][-0.37537, -0.50582, -0.77668][0.91050, 0.92011, 0][0.220522, 0.429194, 0.036443][-0.37537, -0.50582, -0.77668][0.92040, 0.91794, 0][0.222252, 0.422443, 0.041609][-0.32406, -0.62589, -0.70940][0.92213, 0.91120, 0][0.213282, 0.424579, 0.043822][-0.32406, -0.62589, -0.70940][0.91317, 0.91333, 0][0.220522, 0.429194, 0.036443][-0.32406, -0.62589, -0.70940][0.92040, 0.91794, 0][-0.199997, 0.442593, 0.041609][0.61296, -0.25578, -0.74757][0.96379, 0.93251, 0][-0.206991, 0.440931, 0.036443][0.61296, -0.25578, -0.74757][0.95680, 0.93085, 0][-0.199138, 0.452667, 0.040751][0.60803, -0.11870, -0.78499][0.96465, 0.94257, 0][-0.209241, 0.431366, 0.039818][0.60550, -0.38768, -0.69504][0.95455, 0.92129, 0][-0.206991, 0.440931, 0.036443][0.61296, -0.25578, -0.74757][0.95680, 0.93085, 0][-0.199997, 0.442593, 0.041609][0.61296, -0.25578, -0.74757][0.96379, 0.93251, 0][0.208362, 0.440931, 0.036443][-0.61324, -0.24052, -0.75239][0.90825, 0.92966, 0][0.201372, 0.442593, 0.041609][-0.61324, -0.24052, -0.75239][0.90127, 0.93132, 0][0.207442, 0.452667, 0.035066][-0.60977, -0.13935, -0.78023][0.90734, 0.94138, 0][0.203582, 0.433942, 0.043822][-0.60996, -0.33904, -0.71624][0.90348, 0.92268, 0][0.201372, 0.442593, 0.041609][-0.61324, -0.24052, -0.75239][0.90127, 0.93132, 0][0.208362, 0.440931, 0.036443][-0.61324, -0.24052, -0.75239][0.90825, 0.92966, 0][-0.205042, 0.427313, 0.046654][0.49357, -0.51139, -0.70346][0.95875, 0.91724, 0][-0.211911, 0.424579, 0.043822][0.49357, -0.51139, -0.70346][0.95189, 0.91451, 0][-0.20221, 0.433942, 0.043822][0.49357, -0.51139, -0.70346][0.96158, 0.92387, 0][-0.20221, 0.433942, 0.043822][0.56064, -0.45989, -0.68861][0.96158, 0.92387, 0][-0.209241, 0.431366, 0.039818][0.56064, -0.45989, -0.68861][0.95455, 0.92129, 0][-0.199997, 0.442593, 0.041609][0.55608, -0.33664, -0.75990][0.96379, 0.93251, 0][-0.211911, 0.424579, 0.043822][0.55382, -0.57381, -0.60334][0.95189, 0.91451, 0][-0.209241, 0.431366, 0.039818][0.56064, -0.45989, -0.68861][0.95455, 0.92129, 0][-0.20221, 0.433942, 0.043822][0.56064, -0.45989, -0.68861][0.96158, 0.92387, 0][0.210612, 0.431366, 0.039818][-0.56074, -0.45412, -0.69235][0.91050, 0.92011, 0][0.203582, 0.433942, 0.043822][-0.56074, -0.45412, -0.69235][0.90348, 0.92268, 0][0.208362, 0.440931, 0.036443][-0.55945, -0.38972, -0.73153][0.90825, 0.92966, 0][0.206412, 0.427313, 0.046654][-0.55883, -0.51594, -0.64924][0.90631, 0.91606, 0][0.203582, 0.433942, 0.043822][-0.56074, -0.45412, -0.69235][0.90348, 0.92268, 0][0.210612, 0.431366, 0.039818][-0.56074, -0.45412, -0.69235][0.91050, 0.92011, 0][0.213282, 0.424579, 0.043822][-0.49686, -0.57758, -0.64771][0.91317, 0.91333, 0][0.206412, 0.427313, 0.046654][-0.49686, -0.57758, -0.64771][0.90631, 0.91606, 0][0.210612, 0.431366, 0.039818][-0.49686, -0.57758, -0.64771][0.91050, 0.92011, 0]