version 1.00
1520
[-0.000268056, 0.0017, 1.5625][0.99702, 0.07713, -0.00181][0.57843, 0.92554, 0][0.0821779, 0.118839, 1.49528][0.90506, 0.33469, -0.26239][0.60061, 0.90993, 0][-0.000260054, 0.128788, 1.5166][0.93521, 0.34314, 0.08739][0.60249, 0.92554, 0][0.0821779, 0.118839, 1.49528][0.90506, 0.33469, -0.26239][0.60061, 0.90993, 0][-0.000268056, 0.0017, 1.5625][0.99702, 0.07713, -0.00181][0.57843, 0.92554, 0][0.08217, 0.001681, 1.53962][0.96366, -0.01234, -0.26686][0.57843, 0.90993, 0][-0.000260054, 0.128788, 1.5166][0.93521, 0.34314, 0.08739][0.60249, 0.92554, 0][-0.0826991, 0.001681, 1.53959][0.94806, 0.16528, 0.27179][0.57843, 0.94115, 0][-0.000268056, 0.0017, 1.5625][0.99702, 0.07713, -0.00181][0.57843, 0.92554, 0][-0.0826991, 0.001681, 1.53959][0.94806, 0.16528, 0.27179][0.57843, 0.94115, 0][-0.000260054, 0.128788, 1.5166][0.93521, 0.34314, 0.08739][0.60249, 0.92554, 0][-0.0826901, 0.118839, 1.49525][0.89945, 0.34043, 0.27405][0.60061, 0.94115, 0][-0.0826931, -0.149919, 1.50936][0.91544, -0.30112, 0.26703][0.54974, 0.94115, 0][-0.000268056, 0.0017, 1.5625][0.99702, 0.07713, -0.00181][0.57843, 0.92554, 0][-0.0826991, 0.001681, 1.53959][0.94806, 0.16528, 0.27179][0.57843, 0.94115, 0][-0.000262054, -0.159521, 1.53019][0.92730, -0.37431, -0.00376][0.54792, 0.92554, 0][0.08217, 0.001681, 1.53962][0.96366, -0.01234, -0.26686][0.57843, 0.90993, 0][-0.000268056, 0.0017, 1.5625][0.99702, 0.07713, -0.00181][0.57843, 0.92554, 0][-0.000268056, 0.0017, 1.5625][0.99702, 0.07713, -0.00181][0.57843, 0.92554, 0][-0.0826931, -0.149919, 1.50936][0.91544, -0.30112, 0.26703][0.54974, 0.94115, 0][-0.000262054, -0.159521, 1.53019][0.92730, -0.37431, -0.00376][0.54792, 0.92554, 0][-0.0826761, -0.297543, 1.41665][0.81582, -0.51996, 0.25314][0.52181, 0.94115, 0][-0.000262054, -0.159521, 1.53019][0.92730, -0.37431, -0.00376][0.54792, 0.92554, 0][-0.0826931, -0.149919, 1.50936][0.91544, -0.30112, 0.26703][0.54974, 0.94115, 0][0.08217, 0.001681, 1.53962][0.96366, -0.01234, -0.26686][0.57843, 0.90993, 0][-0.000262054, -0.159521, 1.53019][0.92730, -0.37431, -0.00376][0.54792, 0.92554, 0][0.0821759, -0.149919, 1.50938][0.87198, -0.41548, -0.25889][0.54974, 0.90993, 0][-0.000262054, -0.159521, 1.53019][0.92730, -0.37431, -0.00376][0.54792, 0.92554, 0][-0.0826761, -0.297543, 1.41665][0.81582, -0.51996, 0.25314][0.52181, 0.94115, 0][-0.000244051, -0.312206, 1.43146][0.83868, -0.53704, -0.09062][0.51904, 0.92554, 0][-0.000244051, -0.312206, 1.43146][0.83868, -0.53704, -0.09062][0.51904, 0.92554, 0][0.0821759, -0.149919, 1.50938][0.87198, -0.41548, -0.25889][0.54974, 0.90993, 0][-0.000262054, -0.159521, 1.53019][0.92730, -0.37431, -0.00376][0.54792, 0.92554, 0][0.0821759, -0.149919, 1.50938][0.87198, -0.41548, -0.25889][0.54974, 0.90993, 0][-0.000244051, -0.312206, 1.43146][0.83868, -0.53704, -0.09062][0.51904, 0.92554, 0][0.0821929, -0.297543, 1.41668][0.82229, -0.51633, -0.23927][0.52181, 0.90993, 0][0.000245043, -0.17458, -1.2003][-0.92387, -0.38233, 0.01680][0.13317, 0.71215, 0][0.163969, -0.382001, -1.04864][-0.86396, -0.44361, -0.23830][0.17245, 0.68115, 0][0.000220038, -0.428721, -1.06653][-0.88402, -0.45951, 0.08581][0.18129, 0.71215, 0][0.163969, -0.382001, -1.04864][-0.86396, -0.44361, -0.23830][0.17245, 0.68115, 0][0.000245043, -0.17458, -1.2003][-0.92387, -0.38233, 0.01680][0.13317, 0.71215, 0][0.125266, -0.147362, -1.1774][-0.90376, -0.33077, -0.27167][0.12802, 0.68848, 0][0.000220038, -0.428721, -1.06653][-0.88402, -0.45951, 0.08581][0.18129, 0.71215, 0][-0.124785, -0.147362, -1.17745][-0.89010, -0.38989, 0.23602][0.12802, 0.73583, 0][0.000245043, -0.17458, -1.2003][-0.92387, -0.38233, 0.01680][0.13317, 0.71215, 0][-0.124785, -0.147362, -1.17745][-0.89010, -0.38989, 0.23602][0.12802, 0.73583, 0][0.000220038, -0.428721, -1.06653][-0.88402, -0.45951, 0.08581][0.18129, 0.71215, 0][-0.163536, -0.382001, -1.0487][-0.87001, -0.44096, 0.22054][0.17245, 0.74316, 0][-0.086042, 0.103205, -1.26042][-0.91754, -0.28479, 0.27753][0.08058, 0.72849, 0][0.000245043, -0.17458, -1.2003][-0.92387, -0.38233, 0.01680][0.13317, 0.71215, 0][-0.124785, -0.147362, -1.17745][-0.89010, -0.38989, 0.23602][0.12802, 0.73583, 0][0.000245043, -0.17458, -1.2003][-0.92387, -0.38233, 0.01680][0.13317, 0.71215, 0][-0.086042, 0.103205, -1.26042][-0.91754, -0.28479, 0.27753][0.08058, 0.72849, 0][0.000261046, 0.09334, -1.2883][-0.95167, -0.29603, -0.08177][0.08244, 0.71215, 0][0.000261046, 0.09334, -1.2883][-0.95167, -0.29603, -0.08177][0.08244, 0.71215, 0][0.125266, -0.147362, -1.1774][-0.90376, -0.33077, -0.27167][0.12802, 0.68848, 0][0.000245043, -0.17458, -1.2003][-0.92387, -0.38233, 0.01680][0.13317, 0.71215, 0][0.125266, -0.147362, -1.1774][-0.90376, -0.33077, -0.27167][0.12802, 0.68848, 0][0.000261046, 0.09334, -1.2883][-0.95167, -0.29603, -0.08177][0.08244, 0.71215, 0][0.086555, 0.103205, -1.26038][-0.91194, -0.25197, -0.32386][0.08058, 0.69582, 0][-0.0546519, 0.328616, -1.51647][-0.78159, -0.19625, 0.59212][0.62803, 0.58587, 0][0.000311055, 0.319459, -1.55581][-0.78159, -0.19625, 0.59212][0.62631, 0.59628, 0][-0.0640999, 0.318491, -1.50677][-0.78159, -0.19625, 0.59212][0.62612, 0.58409, 0][-0.607075, -0.690707, 0.71979][0.59187, -0.61729, 0.51831][0.40041, 0.91060, 0][-0.368653, -0.58342, 0.978864][0.65814, -0.61071, 0.44033][0.46771, 0.92868, 0][-0.666699, -0.583579, 0.779305][0.51858, -0.61735, 0.59158][0.40024, 0.93640, 0][-0.368653, -0.58342, 0.978864][0.65814, -0.61071, 0.44033][0.46771, 0.92868, 0][-0.607075, -0.690707, 0.71979][0.59187, -0.61729, 0.51831][0.40041, 0.91060, 0][-0.335684, -0.690563, 0.901501][0.65814, -0.61071, 0.44033][0.46184, 0.90357, 0][-0.666699, -0.583579, 0.779305][0.51858, -0.61735, 0.59158][0.40024, 0.93640, 0][-0.788681, -0.690923, 0.448336][0.44057, -0.61088, 0.65782][0.34198, 0.90278, 0][-0.607075, -0.690707, 0.71979][0.59187, -0.61729, 0.51831][0.40041, 0.91060, 0][-0.788681, -0.690923, 0.448336][0.44057, -0.61088, 0.65782][0.34198, 0.90278, 0][-0.666699, -0.583579, 0.779305][0.51858, -0.61735, 0.59158][0.40024, 0.93640, 0][-0.866142, -0.583816, 0.48119][0.44057, -0.61088, 0.65781][0.33607, 0.92781, 0][0.606849, -0.690707, 0.720015][0.51880, -0.61735, -0.59138][0.86271, 0.53817, 0][0.86601, -0.583817, 0.481513][0.44083, -0.61088, -0.65764][0.93001, 0.55625, 0][0.66645, -0.583579, 0.779554][0.59207, -0.61729, -0.51808][0.86254, 0.56397, 0][0.86601, -0.583817, 0.481513][0.44083, -0.61088, -0.65764][0.93001, 0.55625, 0][0.606849, -0.690707, 0.720015][0.51880, -0.61735, -0.59138][0.86271, 0.53817, 0][0.788561, -0.690923, 0.44863][0.44083, -0.61088, -0.65764][0.92414, 0.53114, 0][0.66645, -0.583579, 0.779554][0.59207, -0.61729, -0.51808][0.86254, 0.56397, 0][0.335393, -0.690563, 0.901626][0.65830, -0.61071, -0.44009][0.80427, 0.53035, 0][0.606849, -0.690707, 0.720015][0.51880, -0.61735, -0.59138][0.86271, 0.53817, 0][0.335393, -0.690563, 0.901626][0.65830, -0.61071, -0.44009][0.80427, 0.53035, 0][0.66645, -0.583579, 0.779554][0.59207, -0.61729, -0.51808][0.86254, 0.56397, 0][0.368333, -0.58342, 0.979001][0.65830, -0.61070, -0.44009][0.79836, 0.55538, 0][0.520158, -0.805305, 0.633385][0.48690, -0.67452, -0.55493][0.86365, 0.50678, 0][0.711112, -0.763676, 0.415718][0.41425, -0.66829, -0.61789][0.91886, 0.51115, 0][0.547247, -0.763481, 0.66045][0.55566, -0.67446, -0.48616][0.86346, 0.51749, 0][0.711112, -0.763676, 0.415718][0.41425, -0.66829, -0.61789][0.91886, 0.51115, 0][0.520158, -0.805305, 0.633385][0.48690, -0.67452, -0.55493][0.86365, 0.50678, 0][0.675911, -0.80549, 0.400766][0.41425, -0.66829, -0.61789][0.91631, 0.50076, 0][0.547247, -0.763481, 0.66045][0.55566, -0.67446, -0.48616][0.86346, 0.51749, 0][0.287479, -0.805181, 0.78905][0.61858, -0.66812, -0.41349][0.81357, 0.50008, 0][0.520158, -0.805305, 0.633385][0.48690, -0.67452, -0.55493][0.86365, 0.50678, 0][0.287479, -0.805181, 0.78905][0.61858, -0.66812, -0.41349][0.81357, 0.50008, 0][0.547247, -0.763481, 0.66045][0.55566, -0.67446, -0.48616][0.86346, 0.51749, 0][0.302452, -0.763351, 0.824222][0.61858, -0.66813, -0.41348][0.81077, 0.51043, 0][-0.520348, -0.805305, 0.633191][0.55546, -0.67449, 0.48635][0.40136, 0.87921, 0][-0.302714, -0.763351, 0.82411][0.61842, -0.66814, 0.41371][0.45656, 0.88358, 0][-0.547452, -0.763481, 0.660247][0.48667, -0.67456, 0.55508][0.40116, 0.88992, 0][-0.302714, -0.763351, 0.82411][0.61842, -0.66814, 0.41371][0.45656, 0.88358, 0][-0.520348, -0.805305, 0.633191][0.55546, -0.67449, 0.48635][0.40136, 0.87921, 0][-0.287729, -0.805181, 0.788943][0.61842, -0.66812, 0.41372][0.45402, 0.87319, 0][-0.547452, -0.763481, 0.660247][0.48667, -0.67456, 0.55508][0.40116, 0.88992, 0][-0.676013, -0.80549, 0.400514][0.41400, -0.66833, 0.61801][0.35127, 0.87251, 0][-0.520348, -0.805305, 0.633191][0.55546, -0.67449, 0.48635][0.40136, 0.87921, 0][-0.676013, -0.80549, 0.400514][0.41400, -0.66833, 0.61801][0.35127, 0.87251, 0][-0.547452, -0.763481, 0.660247][0.48667, -0.67456, 0.55508][0.40116, 0.88992, 0][-0.711225, -0.763676, 0.415453][0.41399, -0.66834, 0.61801][0.34847, 0.88286, 0][-0.00013503, -0.805135, 0.845784][0.79869, -0.60173, 0.00378][0.73970, 0.82250, 0][0.302452, -0.763351, 0.824222][0.73137, -0.66657, -0.14416][0.68241, 0.81459, 0][-0.000142031, -0.763303, 0.883912][0.73819, -0.67283, 0.04869][0.73970, 0.81459, 0][0.302452, -0.763351, 0.824222][0.73137, -0.66657, -0.14416][0.68241, 0.81459, 0][-0.00013503, -0.805135, 0.845784][0.79869, -0.60173, 0.00378][0.73970, 0.82250, 0][0.287479, -0.805181, 0.78905][0.79101, -0.56240, -0.24086][0.68525, 0.82250, 0][-0.000142031, -0.763303, 0.883912][0.73819, -0.67283, 0.04869][0.73970, 0.81459, 0][-0.287729, -0.805181, 0.788943][0.75723, -0.58726, 0.28588][0.79415, 0.82250, 0][-0.00013503, -0.805135, 0.845784][0.79869, -0.60173, 0.00378][0.73970, 0.82250, 0][-0.287729, -0.805181, 0.788943][0.75723, -0.58726, 0.28588][0.79415, 0.82250, 0][-0.000142031, -0.763303, 0.883912][0.73819, -0.67283, 0.04869][0.73970, 0.81459, 0][-0.302714, -0.763351, 0.82411][0.73132, -0.66657, 0.14444][0.79698, 0.81459, 0][-0.00013203, -0.832062, 0.829204][0.85019, -0.52351, -0.05577][0.73970, 0.82760, 0][0.287479, -0.805181, 0.78905][0.79101, -0.56240, -0.24086][0.68525, 0.82250, 0][-0.00013503, -0.805135, 0.845784][0.79869, -0.60173, 0.00378][0.73970, 0.82250, 0][0.287479, -0.805181, 0.78905][0.79101, -0.56240, -0.24086][0.68525, 0.82250, 0][-0.00013203, -0.832062, 0.829204][0.85019, -0.52351, -0.05577][0.73970, 0.82760, 0][0.280967, -0.832106, 0.773754][0.76334, -0.52477, -0.37673][0.68648, 0.82760, 0][0.280967, -0.832106, 0.773754][0.76334, -0.52477, -0.37673][0.68648, 0.82760, 0][0.520158, -0.805305, 0.633385][0.71072, -0.51870, -0.47521][0.64120, 0.82250, 0][0.287479, -0.805181, 0.78905][0.79101, -0.56240, -0.24086][0.68525, 0.82250, 0][0.520158, -0.805305, 0.633385][0.71072, -0.51870, -0.47521][0.64120, 0.82250, 0][0.280967, -0.832106, 0.773754][0.76334, -0.52477, -0.37673][0.68648, 0.82760, 0][0.508373, -0.832227, 0.621616][0.71072, -0.51871, -0.47520][0.64343, 0.82760, 0][-0.00013503, -0.805135, 0.845784][0.79869, -0.60173, 0.00378][0.73970, 0.82250, 0][-0.28121, -0.832106, 0.77365][0.80681, -0.52422, 0.27251][0.79292, 0.82760, 0][-0.00013203, -0.832062, 0.829204][0.85019, -0.52351, -0.05577][0.73970, 0.82760, 0][-0.28121, -0.832106, 0.77365][0.80681, -0.52422, 0.27251][0.79292, 0.82760, 0][-0.00013503, -0.805135, 0.845784][0.79869, -0.60173, 0.00378][0.73970, 0.82250, 0][-0.287729, -0.805181, 0.788943][0.75723, -0.58726, 0.28588][0.79415, 0.82250, 0][-0.287729, -0.805181, 0.788943][0.75723, -0.58726, 0.28588][0.79415, 0.82250, 0][-0.508557, -0.832227, 0.621428][0.71054, -0.51870, 0.47547][0.83596, 0.82760, 0][-0.28121, -0.832106, 0.77365][0.80681, -0.52422, 0.27251][0.79292, 0.82760, 0][-0.508557, -0.832227, 0.621428][0.71054, -0.51870, 0.47547][0.83596, 0.82760, 0][-0.287729, -0.805181, 0.788943][0.75723, -0.58726, 0.28588][0.79415, 0.82250, 0][-0.520348, -0.805305, 0.633191][0.71054, -0.51870, 0.47547][0.83820, 0.82250, 0][0.000312056, 0.330193, -1.5625][-0.74813, -0.29581, -0.59397][0.64217, 0.60853, 0][0.0647041, 0.318491, -1.50675][-0.74813, -0.29581, -0.59397][0.64040, 0.62080, 0][0.000311055, 0.319459, -1.55581][-0.71523, -0.44582, -0.53822][0.64014, 0.60861, 0][0.0647041, 0.318491, -1.50675][-0.74813, -0.29581, -0.59397][0.64040, 0.62080, 0][0.000312056, 0.330193, -1.5625][-0.74813, -0.29581, -0.59397][0.64217, 0.60853, 0][0.0552601, 0.328616, -1.51645][-0.76106, -0.13789, -0.63386][0.64225, 0.61894, 0][-0.000213045, -0.454638, 1.26404][0.57025, -0.82143, -0.00802][0.95656, 0.39682, 0][0.0821929, -0.297543, 1.41668][0.63801, -0.73698, -0.22317][0.98548, 0.38121, 0][-0.000244051, -0.312206, 1.43146][0.65069, -0.75612, 0.06990][0.98828, 0.39682, 0][0.0821929, -0.297543, 1.41668][0.63801, -0.73698, -0.22317][0.98548, 0.38121, 0][-0.000213045, -0.454638, 1.26404][0.57025, -0.82143, -0.00802][0.95656, 0.39682, 0][0.082222, -0.436523, 1.25886][0.53379, -0.82023, -0.20564][0.95557, 0.38121, 0][-0.000244051, -0.312206, 1.43146][0.65069, -0.75612, 0.06990][0.98828, 0.39682, 0][-0.082646, -0.436523, 1.25883][0.58606, -0.77897, 0.22301][0.95557, 0.41242, 0][-0.000213045, -0.454638, 1.26404][0.57025, -0.82143, -0.00802][0.95656, 0.39682, 0][-0.082646, -0.436523, 1.25883][0.58606, -0.77897, 0.22301][0.95557, 0.41242, 0][-0.000244051, -0.312206, 1.43146][0.65069, -0.75612, 0.06990][0.98828, 0.39682, 0][-0.0826761, -0.297543, 1.41665][0.64079, -0.72771, 0.24457][0.98548, 0.41242, 0][-0.082604, -0.562189, 1.03322][0.47286, -0.85658, 0.20658][0.91284, 0.41242, 0][-0.000213045, -0.454638, 1.26404][0.57025, -0.82143, -0.00802][0.95656, 0.39682, 0][-0.082646, -0.436523, 1.25883][0.58606, -0.77897, 0.22301][0.95557, 0.41242, 0][-0.000213045, -0.454638, 1.26404][0.57025, -0.82143, -0.00802][0.95656, 0.39682, 0][-0.082604, -0.562189, 1.03322][0.47286, -0.85658, 0.20658][0.91284, 0.41242, 0][-0.000169037, -0.585101, 1.02562][0.48095, -0.87368, -0.07329][0.91140, 0.39682, 0][-0.000169037, -0.585101, 1.02562][0.48095, -0.87368, -0.07329][0.91140, 0.39682, 0][0.082222, -0.436523, 1.25886][0.53379, -0.82023, -0.20564][0.95557, 0.38121, 0][-0.000213045, -0.454638, 1.26404][0.57025, -0.82143, -0.00802][0.95656, 0.39682, 0][0.082222, -0.436523, 1.25886][0.53379, -0.82023, -0.20564][0.95557, 0.38121, 0][-0.000169037, -0.585101, 1.02562][0.48095, -0.87368, -0.07329][0.91140, 0.39682, 0][0.082264, -0.56219, 1.03325][0.47740, -0.85700, -0.19400][0.91284, 0.38121, 0][-0.60685, -0.691674, -0.494123][-0.51781, -0.61817, 0.59138][0.16860, 0.19932, 0][-0.866005, -0.584403, -0.255792][-0.43985, -0.61158, 0.65765][0.10130, 0.18124, 0][-0.66645, -0.58464, -0.553832][-0.59108, -0.61823, 0.51809][0.16877, 0.17352, 0][-0.866005, -0.584403, -0.255792][-0.43985, -0.61158, 0.65765][0.10130, 0.18124, 0][-0.60685, -0.691674, -0.494123][-0.51781, -0.61817, 0.59138][0.16860, 0.19932, 0][-0.788556, -0.691457, -0.222738][-0.43984, -0.61159, 0.65765][0.10716, 0.20635, 0][-0.66645, -0.58464, -0.553832][-0.59108, -0.61823, 0.51809][0.16877, 0.17352, 0][-0.335391, -0.691819, -0.675734][-0.65733, -0.61175, 0.44009][0.22703, 0.20714, 0][-0.60685, -0.691674, -0.494123][-0.51781, -0.61817, 0.59138][0.16860, 0.19932, 0][-0.335391, -0.691819, -0.675734][-0.65733, -0.61175, 0.44009][0.22703, 0.20714, 0][-0.66645, -0.58464, -0.553832][-0.59108, -0.61823, 0.51809][0.16877, 0.17352, 0][-0.368331, -0.5848, -0.75328][-0.65732, -0.61176, 0.44009][0.23294, 0.18211, 0][0.607074, -0.691674, -0.493898][-0.59089, -0.61823, -0.51831][0.16860, 0.12710, 0][0.368655, -0.584799, -0.753143][-0.65716, -0.61175, -0.44034][0.10130, 0.10902, 0][0.666698, -0.584641, -0.553584][-0.51760, -0.61817, -0.59157][0.16877, 0.10130, 0][0.368655, -0.584799, -0.753143][-0.65716, -0.61175, -0.44034][0.10130, 0.10902, 0][0.607074, -0.691674, -0.493898][-0.59089, -0.61823, -0.51831][0.16860, 0.12710, 0][0.335686, -0.691819, -0.675609][-0.65716, -0.61175, -0.44034][0.10716, 0.13413, 0][0.666698, -0.584641, -0.553584][-0.51760, -0.61817, -0.59157][0.16877, 0.10130, 0][0.788686, -0.691457, -0.222444][-0.43961, -0.61158, -0.65781][0.22703, 0.13492, 0][0.607074, -0.691674, -0.493898][-0.59089, -0.61823, -0.51831][0.16860, 0.12710, 0][0.788686, -0.691457, -0.222444][-0.43961, -0.61158, -0.65781][0.22703, 0.13492, 0][0.666698, -0.584641, -0.553584][-0.51760, -0.61817, -0.59157][0.16877, 0.10130, 0][0.866147, -0.584403, -0.255469][-0.43961, -0.61158, -0.65781][0.23294, 0.10989, 0][-0.520154, -0.806134, -0.40731][-0.48581, -0.67533, 0.55490][0.16765, 0.23071, 0][-0.711113, -0.764158, -0.189711][-0.41316, -0.66899, 0.61786][0.11244, 0.22634, 0][-0.547248, -0.764353, -0.434442][-0.55456, -0.67537, 0.48614][0.16784, 0.22000, 0][-0.711113, -0.764158, -0.189711][-0.41316, -0.66899, 0.61786][0.11244, 0.22634, 0][-0.520154, -0.806134, -0.40731][-0.48581, -0.67533, 0.55490][0.16765, 0.23071, 0][-0.675906, -0.805948, -0.174692][-0.41315, -0.66901, 0.61785][0.11499, 0.23673, 0][-0.547248, -0.764353, -0.434442][-0.55456, -0.67537, 0.48614][0.16784, 0.22000, 0][-0.287478, -0.806257, -0.562975][-0.61750, -0.66913, 0.41348][0.21773, 0.23741, 0][-0.520154, -0.806134, -0.40731][-0.48581, -0.67533, 0.55490][0.16765, 0.23071, 0][-0.287478, -0.806257, -0.562975][-0.61750, -0.66913, 0.41348][0.21773, 0.23741, 0][-0.547248, -0.764353, -0.434442][-0.55456, -0.67537, 0.48614][0.16784, 0.22000, 0][-0.30245, -0.764484, -0.598215][-0.61750, -0.66912, 0.41348][0.22054, 0.22705, 0][0.520352, -0.806134, -0.407116][-0.55439, -0.67535, -0.48636][0.16765, 0.15848, 0][0.302716, -0.764484, -0.598102][-0.61736, -0.66911, -0.41371][0.11244, 0.15412, 0][0.547451, -0.764353, -0.434239][-0.48562, -0.67529, -0.55511][0.16784, 0.14778, 0][0.302716, -0.764484, -0.598102][-0.61736, -0.66911, -0.41371][0.11244, 0.15412, 0][0.520352, -0.806134, -0.407116][-0.55439, -0.67535, -0.48636][0.16765, 0.15848, 0][0.287731, -0.806257, -0.562868][-0.61735, -0.66912, -0.41370][0.11499, 0.16451, 0][0.547451, -0.764353, -0.434239][-0.48562, -0.67529, -0.55511][0.16784, 0.14778, 0][0.676018, -0.805949, -0.174441][-0.41296, -0.66894, -0.61805][0.21773, 0.16519, 0][0.520352, -0.806134, -0.407116][-0.55439, -0.67535, -0.48636][0.16765, 0.15848, 0][0.676018, -0.805949, -0.174441][-0.41296, -0.66894, -0.61805][0.21773, 0.16519, 0][0.547451, -0.764353, -0.434239][-0.48562, -0.67529, -0.55511][0.16784, 0.14778, 0][0.711224, -0.764158, -0.189446][-0.41296, -0.66894, -0.61805][0.22054, 0.15483, 0][-0.732748, -0.805719, 0.112901][-0.00330, -0.60240, 0.79818][0.70640, 0.23616, 0][-0.711225, -0.763676, 0.415453][0.14469, -0.66710, 0.73079][0.64911, 0.22825, 0][-0.770915, -0.763917, 0.112861][-0.04815, -0.67351, 0.73760][0.70640, 0.22825, 0][-0.711225, -0.763676, 0.415453][0.14469, -0.66710, 0.73079][0.64911, 0.22825, 0][-0.732748, -0.805719, 0.112901][-0.00330, -0.60240, 0.79818][0.70640, 0.23616, 0][-0.676013, -0.80549, 0.400514][0.24131, -0.56285, 0.79055][0.65194, 0.23616, 0][-0.770915, -0.763917, 0.112861][-0.04815, -0.67351, 0.73760][0.70640, 0.22825, 0][-0.675906, -0.805948, -0.174692][-0.28541, -0.58811, 0.75675][0.76085, 0.23616, 0][-0.732748, -0.805719, 0.112901][-0.00330, -0.60240, 0.79818][0.70640, 0.23616, 0][-0.675906, -0.805948, -0.174692][-0.28541, -0.58811, 0.75675][0.76085, 0.23616, 0][-0.770915, -0.763917, 0.112861][-0.04815, -0.67351, 0.73760][0.70640, 0.22825, 0][-0.711113, -0.764158, -0.189711][-0.14389, -0.66733, 0.73073][0.76368, 0.22825, 0][-0.716146, -0.832632, 0.112925][0.05619, -0.52415, 0.84977][0.70640, 0.24126, 0][-0.676013, -0.80549, 0.400514][0.24131, -0.56285, 0.79055][0.65194, 0.23616, 0][-0.732748, -0.805719, 0.112901][-0.00330, -0.60240, 0.79818][0.70640, 0.23616, 0][-0.676013, -0.80549, 0.400514][0.24131, -0.56285, 0.79055][0.65194, 0.23616, 0][-0.716146, -0.832632, 0.112925][0.05619, -0.52415, 0.84977][0.70640, 0.24126, 0][-0.660696, -0.832409, 0.394023][0.37716, -0.52507, 0.76293][0.65318, 0.24126, 0][-0.660696, -0.832409, 0.394023][0.37716, -0.52507, 0.76293][0.65318, 0.24126, 0][-0.520348, -0.805305, 0.633191][0.47563, -0.51888, 0.71031][0.60790, 0.23616, 0][-0.676013, -0.80549, 0.400514][0.24131, -0.56285, 0.79055][0.65194, 0.23616, 0][-0.520348, -0.805305, 0.633191][0.47563, -0.51888, 0.71031][0.60790, 0.23616, 0][-0.660696, -0.832409, 0.394023][0.37716, -0.52507, 0.76293][0.65318, 0.24126, 0][-0.508557, -0.832227, 0.621428][0.47562, -0.51890, 0.71030][0.61013, 0.24126, 0][-0.732748, -0.805719, 0.112901][-0.00330, -0.60240, 0.79818][0.70640, 0.23616, 0][-0.660592, -0.832857, -0.168151][-0.27209, -0.52507, 0.80639][0.75961, 0.24126, 0][-0.716146, -0.832632, 0.112925][0.05619, -0.52415, 0.84977][0.70640, 0.24126, 0][-0.660592, -0.832857, -0.168151][-0.27209, -0.52507, 0.80639][0.75961, 0.24126, 0][-0.732748, -0.805719, 0.112901][-0.00330, -0.60240, 0.79818][0.70640, 0.23616, 0][-0.675906, -0.805948, -0.174692][-0.28541, -0.58811, 0.75675][0.76085, 0.23616, 0][-0.675906, -0.805948, -0.174692][-0.28541, -0.58811, 0.75675][0.76085, 0.23616, 0][-0.508369, -0.833037, -0.395499][-0.47507, -0.51963, 0.71014][0.80266, 0.24126, 0][-0.660592, -0.832857, -0.168151][-0.27209, -0.52507, 0.80639][0.75961, 0.24126, 0][-0.508369, -0.833037, -0.395499][-0.47507, -0.51963, 0.71014][0.80266, 0.24126, 0][-0.675906, -0.805948, -0.174692][-0.28541, -0.58811, 0.75675][0.76085, 0.23616, 0][-0.520154, -0.806134, -0.40731][-0.47506, -0.51964, 0.71013][0.80489, 0.23616, 0][0.732753, -0.805719, 0.113173][0.00426, -0.60237, -0.79820][0.86930, 0.72624, 0][0.711224, -0.764158, -0.189446][-0.14363, -0.66727, -0.73084][0.81201, 0.71833, 0][0.770915, -0.763917, 0.113147][0.04922, -0.67338, -0.73765][0.86930, 0.71833, 0][0.711224, -0.764158, -0.189446][-0.14363, -0.66727, -0.73084][0.81201, 0.71833, 0][0.732753, -0.805719, 0.113173][0.00426, -0.60237, -0.79820][0.86930, 0.72624, 0][0.676018, -0.805949, -0.174441][-0.24041, -0.56324, -0.79055][0.81485, 0.72624, 0][0.770915, -0.763917, 0.113147][0.04922, -0.67338, -0.73765][0.86930, 0.71833, 0][0.675911, -0.80549, 0.400766][0.28635, -0.58764, -0.75676][0.92375, 0.72624, 0][0.732753, -0.805719, 0.113173][0.00426, -0.60237, -0.79820][0.86930, 0.72624, 0][0.675911, -0.80549, 0.400766][0.28635, -0.58764, -0.75676][0.92375, 0.72624, 0][0.770915, -0.763917, 0.113147][0.04922, -0.67338, -0.73765][0.86930, 0.71833, 0][0.711112, -0.763676, 0.415718][0.14497, -0.66704, -0.73078][0.92659, 0.71833, 0][0.716151, -0.832632, 0.113192][-0.05535, -0.52425, -0.84976][0.86930, 0.73133, 0][0.676018, -0.805949, -0.174441][-0.24041, -0.56324, -0.79055][0.81485, 0.72624, 0][0.732753, -0.805719, 0.113173][0.00426, -0.60237, -0.79820][0.86930, 0.72624, 0][0.676018, -0.805949, -0.174441][-0.24041, -0.56324, -0.79055][0.81485, 0.72624, 0][0.716151, -0.832632, 0.113192][-0.05535, -0.52425, -0.84976][0.86930, 0.73133, 0][0.6607, -0.832857, -0.167905][-0.37632, -0.52569, -0.76291][0.81608, 0.73133, 0][0.6607, -0.832857, -0.167905][-0.37632, -0.52569, -0.76291][0.81608, 0.73133, 0][0.520352, -0.806134, -0.407116][-0.47480, -0.51965, -0.71030][0.77080, 0.72624, 0][0.676018, -0.805949, -0.174441][-0.24041, -0.56324, -0.79055][0.81485, 0.72624, 0][0.520352, -0.806134, -0.407116][-0.47480, -0.51965, -0.71030][0.77080, 0.72624, 0][0.6607, -0.832857, -0.167905][-0.37632, -0.52569, -0.76291][0.81608, 0.73133, 0][0.508562, -0.833038, -0.39531][-0.47480, -0.51963, -0.71032][0.77303, 0.73133, 0][0.732753, -0.805719, 0.113173][0.00426, -0.60237, -0.79820][0.86930, 0.72624, 0][0.660596, -0.832409, 0.394268][0.27293, -0.52465, -0.80638][0.92252, 0.73133, 0][0.716151, -0.832632, 0.113192][-0.05535, -0.52425, -0.84976][0.86930, 0.73133, 0][0.660596, -0.832409, 0.394268][0.27293, -0.52465, -0.80638][0.92252, 0.73133, 0][0.732753, -0.805719, 0.113173][0.00426, -0.60237, -0.79820][0.86930, 0.72624, 0][0.675911, -0.80549, 0.400766][0.28635, -0.58764, -0.75676][0.92375, 0.72624, 0][0.675911, -0.80549, 0.400766][0.28635, -0.58764, -0.75676][0.92375, 0.72624, 0][0.508373, -0.832227, 0.621616][0.47589, -0.51889, -0.71013][0.96557, 0.73133, 0][0.660596, -0.832409, 0.394268][0.27293, -0.52465, -0.80638][0.92252, 0.73133, 0][0.508373, -0.832227, 0.621616][0.47589, -0.51889, -0.71013][0.96557, 0.73133, 0][0.675911, -0.80549, 0.400766][0.28635, -0.58764, -0.75676][0.92375, 0.72624, 0][0.520158, -0.805305, 0.633385][0.47589, -0.51889, -0.71013][0.96780, 0.72624, 0][0.287731, -0.806257, -0.562868][-0.75630, -0.58846, -0.28588][0.92375, 0.76425, 0][0.000144023, -0.764532, -0.657904][-0.73712, -0.67401, -0.04869][0.86930, 0.75634, 0][0.302716, -0.764484, -0.598102][-0.73024, -0.66775, -0.14444][0.92659, 0.75634, 0][0.508562, -0.833038, -0.39531][-0.70973, -0.51981, -0.47548][0.96557, 0.76934, 0][0.287731, -0.806257, -0.562868][-0.75630, -0.58846, -0.28588][0.92375, 0.76425, 0][0.520352, -0.806134, -0.407116][-0.70973, -0.51981, -0.47548][0.96780, 0.76425, 0][0.287731, -0.806257, -0.562868][-0.75630, -0.58846, -0.28588][0.92375, 0.76425, 0][0.508562, -0.833038, -0.39531][-0.70973, -0.51981, -0.47548][0.96557, 0.76934, 0][0.281212, -0.833159, -0.547532][-0.80597, -0.52549, -0.27251][0.92252, 0.76934, 0][0.000144023, -0.764532, -0.657904][-0.73712, -0.67401, -0.04869][0.86930, 0.75634, 0][0.287731, -0.806257, -0.562868][-0.75630, -0.58846, -0.28588][0.92375, 0.76425, 0][0.000137022, -0.806303, -0.61971][-0.79773, -0.60301, -0.00378][0.86930, 0.76425, 0][0.281212, -0.833159, -0.547532][-0.80597, -0.52549, -0.27251][0.92252, 0.76934, 0][0.000137022, -0.806303, -0.61971][-0.79773, -0.60301, -0.00378][0.86930, 0.76425, 0][0.287731, -0.806257, -0.562868][-0.75630, -0.58846, -0.28588][0.92375, 0.76425, 0][0.000137022, -0.806303, -0.61971][-0.79773, -0.60301, -0.00378][0.86930, 0.76425, 0][-0.30245, -0.764484, -0.598215][-0.73030, -0.66774, 0.14416][0.81201, 0.75634, 0][0.000144023, -0.764532, -0.657904][-0.73712, -0.67401, -0.04869][0.86930, 0.75634, 0][0.000137022, -0.806303, -0.61971][-0.79773, -0.60301, -0.00378][0.86930, 0.76425, 0][0.281212, -0.833159, -0.547532][-0.80597, -0.52549, -0.27251][0.92252, 0.76934, 0][0.000134021, -0.833203, -0.603087][-0.84936, -0.52487, 0.05577][0.86930, 0.76934, 0][-0.30245, -0.764484, -0.598215][-0.73030, -0.66774, 0.14416][0.81201, 0.75634, 0][0.000137022, -0.806303, -0.61971][-0.79773, -0.60301, -0.00378][0.86930, 0.76425, 0][-0.287478, -0.806257, -0.562975][-0.79011, -0.56366, 0.24086][0.81485, 0.76425, 0][0.000134021, -0.833203, -0.603087][-0.84936, -0.52487, 0.05577][0.86930, 0.76934, 0][-0.287478, -0.806257, -0.562975][-0.79011, -0.56366, 0.24086][0.81485, 0.76425, 0][0.000137022, -0.806303, -0.61971][-0.79773, -0.60301, -0.00378][0.86930, 0.76425, 0][-0.287478, -0.806257, -0.562975][-0.79011, -0.56366, 0.24086][0.81485, 0.76425, 0][0.000134021, -0.833203, -0.603087][-0.84936, -0.52487, 0.05577][0.86930, 0.76934, 0][-0.280965, -0.833159, -0.547636][-0.76251, -0.52598, 0.37674][0.81608, 0.76934, 0][-0.280965, -0.833159, -0.547636][-0.76251, -0.52598, 0.37674][0.81608, 0.76934, 0][-0.520154, -0.806134, -0.40731][-0.70990, -0.51982, 0.47521][0.77080, 0.76425, 0][-0.287478, -0.806257, -0.562975][-0.79011, -0.56366, 0.24086][0.81485, 0.76425, 0][-0.520154, -0.806134, -0.40731][-0.70990, -0.51982, 0.47521][0.77080, 0.76425, 0][-0.280965, -0.833159, -0.547636][-0.76251, -0.52598, 0.37674][0.81608, 0.76934, 0][-0.508369, -0.833037, -0.395499][-0.70990, -0.51983, 0.47521][0.77303, 0.76934, 0][0.000311055, 0.319459, -1.55581][-0.69672, -0.43418, 0.57102][0.58979, 0.81807, 0][-0.0546519, 0.328616, -1.51647][-0.69672, -0.43418, 0.57102][0.60256, 0.81999, 0][0.000312056, 0.330193, -1.5625][-0.69672, -0.43418, 0.57102][0.58899, 0.82032, 0][0.24637, -0.856571, -0.465668][-0.16049, -0.98517, -0.06066][0.07637, 0.56780, 0][0.000134021, -0.833203, -0.603087][-0.25499, -0.96680, -0.01688][0.11716, 0.60224, 0][0.281212, -0.833159, -0.547532][-0.22837, -0.96697, -0.11319][0.06694, 0.58175, 0][0.000134021, -0.833203, -0.603087][-0.25499, -0.96680, -0.01688][0.11716, 0.60224, 0][0.24637, -0.856571, -0.465668][-0.16049, -0.98517, -0.06066][0.07637, 0.56780, 0][0.000118018, -0.856611, -0.514337][-0.17178, -0.98512, 0.00550][0.12037, 0.58575, 0][0.000118018, -0.856611, -0.514337][-0.17178, -0.98512, 0.00550][0.12037, 0.58575, 0][-0.280965, -0.833159, -0.547636][-0.24171, -0.96690, 0.08178][0.17141, 0.60210, 0][0.000134021, -0.833203, -0.603087][-0.25499, -0.96680, -0.01688][0.11716, 0.60224, 0][0.281212, -0.833159, -0.547532][-0.22837, -0.96697, -0.11319][0.06694, 0.58175, 0][0.44555, -0.856466, -0.332304][-0.12465, -0.98520, -0.11766][0.04418, 0.53581, 0][0.24637, -0.856571, -0.465668][-0.16049, -0.98517, -0.06066][0.07637, 0.56780, 0][0.44555, -0.856466, -0.332304][-0.12465, -0.98520, -0.11766][0.04418, 0.53581, 0][0.281212, -0.833159, -0.547532][-0.22837, -0.96697, -0.11319][0.06694, 0.58175, 0][0.508562, -0.833038, -0.39531][-0.16745, -0.96699, -0.19209][0.03019, 0.54524, 0][-0.280965, -0.833159, -0.547636][-0.24171, -0.96690, 0.08178][0.17141, 0.60210, 0][0.000118018, -0.856611, -0.514337][-0.17178, -0.98512, 0.00550][0.12037, 0.58575, 0][-0.246152, -0.856571, -0.465759][-0.15614, -0.98519, 0.07089][0.16790, 0.58563, 0][-0.246152, -0.856571, -0.465759][-0.15614, -0.98519, 0.07089][0.16790, 0.58563, 0][-0.508369, -0.833037, -0.395499][-0.19132, -0.96700, 0.16823][0.21917, 0.58205, 0][-0.280965, -0.833159, -0.547636][-0.24171, -0.96690, 0.08178][0.17141, 0.60210, 0][0.172709, -0.87304, -0.292619][-0.05453, -0.99833, -0.01908][0.09632, 0.53830, 0][0.000118018, -0.856611, -0.514337][-0.17178, -0.98512, 0.00550][0.12037, 0.58575, 0][0.24637, -0.856571, -0.465668][-0.16049, -0.98517, -0.06066][0.07637, 0.56780, 0][-0.508369, -0.833037, -0.395499][-0.19132, -0.96700, 0.16823][0.21917, 0.58205, 0][-0.246152, -0.856571, -0.465759][-0.15614, -0.98519, 0.07089][0.16790, 0.58563, 0][-0.445382, -0.856466, -0.332469][-0.11688, -0.98519, 0.12543][0.20975, 0.56806, 0][-0.445382, -0.856466, -0.332469][-0.11688, -0.98519, 0.12543][0.20975, 0.56806, 0][-0.660592, -0.832857, -0.168151][-0.11242, -0.96688, 0.22914][0.25568, 0.54530, 0][-0.508369, -0.833037, -0.395499][-0.19132, -0.96700, 0.16823][0.21917, 0.58205, 0][8.30116e-005, -0.873067, -0.326738][-0.05769, -0.99833, 0.00347][0.12717, 0.55089, 0][-0.246152, -0.856571, -0.465759][-0.15614, -0.98519, 0.07089][0.16790, 0.58563, 0][0.000118018, -0.856611, -0.514337][-0.17178, -0.98512, 0.00550][0.12037, 0.58575, 0][0.000118018, -0.856611, -0.514337][-0.17178, -0.98512, 0.00550][0.12037, 0.58575, 0][0.172709, -0.87304, -0.292619][-0.05453, -0.99833, -0.01908][0.09632, 0.53830, 0][8.30116e-005, -0.873067, -0.326738][-0.05769, -0.99833, 0.00347][0.12717, 0.55089, 0][-0.246152, -0.856571, -0.465759][-0.15614, -0.98519, 0.07089][0.16790, 0.58563, 0][8.30116e-005, -0.873067, -0.326738][-0.05769, -0.99833, 0.00347][0.12717, 0.55089, 0][-0.172557, -0.87304, -0.292683][-0.05174, -0.99833, 0.02551][0.16048, 0.55080, 0][-0.172557, -0.87304, -0.292683][-0.05174, -0.99833, 0.02551][0.16048, 0.55080, 0][-0.445382, -0.856466, -0.332469][-0.11688, -0.98519, 0.12543][0.20975, 0.56806, 0][-0.246152, -0.856571, -0.465759][-0.15614, -0.98519, 0.07089][0.16790, 0.58563, 0][0.006213, -0.879, 0.127702][0.00104, -1.00000, -0.00010][0.14246, 0.46621, 0][8.30116e-005, -0.873067, -0.326738][-0.05769, -0.99833, 0.00347][0.12717, 0.55089, 0][0.172709, -0.87304, -0.292619][-0.05453, -0.99833, -0.01908][0.09632, 0.53830, 0][0.006213, -0.879, 0.127702][0.00104, -1.00000, -0.00010][0.14246, 0.46621, 0][-0.172557, -0.87304, -0.292683][-0.05174, -0.99833, 0.02551][0.16048, 0.55080, 0][8.30116e-005, -0.873067, -0.326738][-0.05769, -0.99833, 0.00347][0.12717, 0.55089, 0][0.24637, -0.856571, -0.465668][-0.16049, -0.98517, -0.06066][0.07637, 0.56780, 0][0.312338, -0.872966, -0.199129][-0.04292, -0.99832, -0.03881][0.07375, 0.51588, 0][0.172709, -0.87304, -0.292619][-0.05453, -0.99833, -0.01908][0.09632, 0.53830, 0][0.312338, -0.872966, -0.199129][-0.04292, -0.99832, -0.03881][0.07375, 0.51588, 0][0.24637, -0.856571, -0.465668][-0.16049, -0.98517, -0.06066][0.07637, 0.56780, 0][0.44555, -0.856466, -0.332304][-0.12465, -0.98520, -0.11766][0.04418, 0.53581, 0][0.006213, -0.879, 0.127702][0.00104, -1.00000, -0.00010][0.14246, 0.46621, 0][0.172709, -0.87304, -0.292619][-0.05453, -0.99833, -0.01908][0.09632, 0.53830, 0][0.312338, -0.872966, -0.199129][-0.04292, -0.99832, -0.03881][0.07375, 0.51588, 0][-0.445382, -0.856466, -0.332469][-0.11688, -0.98519, 0.12543][0.20975, 0.56806, 0][-0.172557, -0.87304, -0.292683][-0.05174, -0.99833, 0.02551][0.16048, 0.55080, 0][-0.312221, -0.872966, -0.199245][-0.03794, -0.99833, 0.04364][0.18981, 0.53849, 0][0.006213, -0.879, 0.127702][0.00104, -1.00000, -0.00010][0.14246, 0.46621, 0][-0.312221, -0.872966, -0.199245][-0.03794, -0.99833, 0.04364][0.18981, 0.53849, 0][-0.172557, -0.87304, -0.292683][-0.05174, -0.99833, 0.02551][0.16048, 0.55080, 0][-0.660592, -0.832857, -0.168151][-0.11242, -0.96688, 0.22914][0.25568, 0.54530, 0][-0.445382, -0.856466, -0.332469][-0.11688, -0.98519, 0.12543][0.20975, 0.56806, 0][-0.578745, -0.856307, -0.133291][-0.05987, -0.98509, 0.16127][0.24173, 0.53587, 0][-0.312221, -0.872966, -0.199245][-0.03794, -0.99833, 0.04364][0.18981, 0.53849, 0][-0.578745, -0.856307, -0.133291][-0.05987, -0.98509, 0.16127][0.24173, 0.53587, 0][-0.445382, -0.856466, -0.332469][-0.11688, -0.98519, 0.12543][0.20975, 0.56806, 0][-0.578745, -0.856307, -0.133291][-0.05987, -0.98509, 0.16127][0.24173, 0.53587, 0][-0.716146, -0.832632, 0.112925][-0.01611, -0.96661, 0.25576][0.27617, 0.49507, 0][-0.660592, -0.832857, -0.168151][-0.11242, -0.96688, 0.22914][0.25568, 0.54530, 0][-0.578745, -0.856307, -0.133291][-0.05987, -0.98509, 0.16127][0.24173, 0.53587, 0][-0.312221, -0.872966, -0.199245][-0.03794, -0.99833, 0.04364][0.18981, 0.53849, 0][-0.40571, -0.872855, -0.059618][-0.01827, -0.99830, 0.05533][0.21224, 0.51592, 0][0.006213, -0.879, 0.127702][0.00104, -1.00000, -0.00010][0.14246, 0.46621, 0][-0.40571, -0.872855, -0.059618][-0.01827, -0.99830, 0.05533][0.21224, 0.51592, 0][-0.312221, -0.872966, -0.199245][-0.03794, -0.99833, 0.04364][0.18981, 0.53849, 0][-0.716146, -0.832632, 0.112925][-0.01611, -0.96661, 0.25576][0.27617, 0.49507, 0][-0.578745, -0.856307, -0.133291][-0.05987, -0.98509, 0.16127][0.24173, 0.53587, 0][-0.627415, -0.85611, 0.112961][0.00628, -0.98498, 0.17257][0.25968, 0.49186, 0][-0.40571, -0.872855, -0.059618][-0.01827, -0.99830, 0.05533][0.21224, 0.51592, 0][-0.627415, -0.85611, 0.112961][0.00628, -0.98498, 0.17257][0.25968, 0.49186, 0][-0.578745, -0.856307, -0.133291][-0.05987, -0.98509, 0.16127][0.24173, 0.53587, 0][-0.627415, -0.85611, 0.112961][0.00628, -0.98498, 0.17257][0.25968, 0.49186, 0][-0.660696, -0.832409, 0.394023][0.08255, -0.96664, 0.24247][0.27603, 0.44083, 0][-0.716146, -0.832632, 0.112925][-0.01611, -0.96661, 0.25576][0.27617, 0.49507, 0][-0.627415, -0.85611, 0.112961][0.00628, -0.98498, 0.17257][0.25968, 0.49186, 0][-0.40571, -0.872855, -0.059618][-0.01827, -0.99830, 0.05533][0.21224, 0.51592, 0][-0.43983, -0.872717, 0.113009][0.00428, -0.99827, 0.05859][0.22482, 0.48507, 0][0.006213, -0.879, 0.127702][0.00104, -1.00000, -0.00010][0.14246, 0.46621, 0][-0.43983, -0.872717, 0.113009][0.00428, -0.99827, 0.05859][0.22482, 0.48507, 0][-0.40571, -0.872855, -0.059618][-0.01827, -0.99830, 0.05533][0.21224, 0.51592, 0][-0.660696, -0.832409, 0.394023][0.08255, -0.96664, 0.24247][0.27603, 0.44083, 0][-0.627415, -0.85611, 0.112961][0.00628, -0.98498, 0.17257][0.25968, 0.49186, 0][-0.578837, -0.855914, 0.359229][0.07167, -0.98501, 0.15693][0.25956, 0.44434, 0][-0.43983, -0.872717, 0.113009][0.00428, -0.99827, 0.05859][0.22482, 0.48507, 0][-0.578837, -0.855914, 0.359229][0.07167, -0.98501, 0.15693][0.25956, 0.44434, 0][-0.627415, -0.85611, 0.112961][0.00628, -0.98498, 0.17257][0.25968, 0.49186, 0][-0.578837, -0.855914, 0.359229][0.07167, -0.98501, 0.15693][0.25956, 0.44434, 0][-0.508557, -0.832227, 0.621428][0.16900, -0.96672, 0.19209][0.25598, 0.39307, 0][-0.660696, -0.832409, 0.394023][0.08255, -0.96664, 0.24247][0.27603, 0.44083, 0][-0.578837, -0.855914, 0.359229][0.07167, -0.98501, 0.15693][0.25956, 0.44434, 0][-0.43983, -0.872717, 0.113009][0.00428, -0.99827, 0.05859][0.22482, 0.48507, 0][-0.405774, -0.87258, 0.285648][0.02639, -0.99826, 0.05271][0.22474, 0.45176, 0][0.006213, -0.879, 0.127702][0.00104, -1.00000, -0.00010][0.14246, 0.46621, 0][-0.405774, -0.87258, 0.285648][0.02639, -0.99826, 0.05271][0.22474, 0.45176, 0][-0.43983, -0.872717, 0.113009][0.00428, -0.99827, 0.05859][0.22482, 0.48507, 0][-0.508557, -0.832227, 0.621428][0.16900, -0.96672, 0.19209][0.25598, 0.39307, 0][-0.578837, -0.855914, 0.359229][0.07167, -0.98501, 0.15693][0.25956, 0.44434, 0][-0.445548, -0.855756, 0.558458][0.12622, -0.98500, 0.11766][0.24199, 0.40249, 0][-0.405774, -0.87258, 0.285648][0.02639, -0.99826, 0.05271][0.22474, 0.45176, 0][-0.445548, -0.855756, 0.558458][0.12622, -0.98500, 0.11766][0.24199, 0.40249, 0][-0.578837, -0.855914, 0.359229][0.07167, -0.98501, 0.15693][0.25956, 0.44434, 0][-0.445548, -0.855756, 0.558458][0.12622, -0.98500, 0.11766][0.24199, 0.40249, 0][-0.28121, -0.832106, 0.77365][0.22991, -0.96661, 0.11319][0.21924, 0.35656, 0][-0.508557, -0.832227, 0.621428][0.16900, -0.96672, 0.19209][0.25598, 0.39307, 0][-0.445548, -0.855756, 0.558458][0.12622, -0.98500, 0.11766][0.24199, 0.40249, 0][-0.405774, -0.87258, 0.285648][0.02639, -0.99826, 0.05271][0.22474, 0.45176, 0][-0.312337, -0.872468, 0.42531][0.04463, -0.99825, 0.03891][0.21242, 0.42242, 0][0.006213, -0.879, 0.127702][0.00104, -1.00000, -0.00010][0.14246, 0.46621, 0][-0.312337, -0.872468, 0.42531][0.04463, -0.99825, 0.03891][0.21242, 0.42242, 0][-0.405774, -0.87258, 0.285648][0.02639, -0.99826, 0.05271][0.22474, 0.45176, 0][-0.28121, -0.832106, 0.77365][0.22991, -0.96661, 0.11319][0.21924, 0.35656, 0][-0.445548, -0.855756, 0.558458][0.12622, -0.98500, 0.11766][0.24199, 0.40249, 0][-0.246368, -0.855649, 0.691822][0.16206, -0.98492, 0.06066][0.20980, 0.37051, 0][-0.312337, -0.872468, 0.42531][0.04463, -0.99825, 0.03891][0.21242, 0.42242, 0][-0.246368, -0.855649, 0.691822][0.16206, -0.98492, 0.06066][0.20980, 0.37051, 0][-0.445548, -0.855756, 0.558458][0.12622, -0.98500, 0.11766][0.24199, 0.40249, 0][-0.246368, -0.855649, 0.691822][0.16206, -0.98492, 0.06066][0.20980, 0.37051, 0][-0.00013203, -0.832062, 0.829204][0.25653, -0.96639, 0.01688][0.16901, 0.33607, 0][-0.28121, -0.832106, 0.77365][0.22991, -0.96661, 0.11319][0.21924, 0.35656, 0][-0.246368, -0.855649, 0.691822][0.16206, -0.98492, 0.06066][0.20980, 0.37051, 0][-0.312337, -0.872468, 0.42531][0.04463, -0.99825, 0.03891][0.21242, 0.42242, 0][-0.172708, -0.872394, 0.5188][0.05639, -0.99822, 0.01918][0.18985, 0.40000, 0][0.006213, -0.879, 0.127702][0.00104, -1.00000, -0.00010][0.14246, 0.46621, 0][-0.172708, -0.872394, 0.5188][0.05639, -0.99822, 0.01918][0.18985, 0.40000, 0][-0.312337, -0.872468, 0.42531][0.04463, -0.99825, 0.03891][0.21242, 0.42242, 0][-0.00013203, -0.832062, 0.829204][0.25653, -0.96639, 0.01688][0.16901, 0.33607, 0][-0.246368, -0.855649, 0.691822][0.16206, -0.98492, 0.06066][0.20980, 0.37051, 0][-0.000116026, -0.855611, 0.740492][0.17335, -0.98484, -0.00550][0.16580, 0.35256, 0][-0.172708, -0.872394, 0.5188][0.05639, -0.99822, 0.01918][0.18985, 0.40000, 0][-0.000116026, -0.855611, 0.740492][0.17335, -0.98484, -0.00550][0.16580, 0.35256, 0][-0.246368, -0.855649, 0.691822][0.16206, -0.98492, 0.06066][0.20980, 0.37051, 0][-0.000116026, -0.855611, 0.740492][0.17335, -0.98484, -0.00550][0.16580, 0.35256, 0][0.280967, -0.832106, 0.773754][0.24325, -0.96651, -0.08178][0.11476, 0.33621, 0][-0.00013203, -0.832062, 0.829204][0.25653, -0.96639, 0.01688][0.16901, 0.33607, 0][-0.000116026, -0.855611, 0.740492][0.17335, -0.98484, -0.00550][0.16580, 0.35256, 0][-0.172708, -0.872394, 0.5188][0.05639, -0.99822, 0.01918][0.18985, 0.40000, 0][-8.10197e-005, -0.872366, 0.552919][0.05966, -0.99821, -0.00348][0.15901, 0.38742, 0][0.006213, -0.879, 0.127702][0.00104, -1.00000, -0.00010][0.14246, 0.46621, 0][-8.10197e-005, -0.872366, 0.552919][0.05966, -0.99821, -0.00348][0.15901, 0.38742, 0][-0.172708, -0.872394, 0.5188][0.05639, -0.99822, 0.01918][0.18985, 0.40000, 0][0.280967, -0.832106, 0.773754][0.24325, -0.96651, -0.08178][0.11476, 0.33621, 0][-0.000116026, -0.855611, 0.740492][0.17335, -0.98484, -0.00550][0.16580, 0.35256, 0][0.246154, -0.855649, 0.691914][0.15771, -0.98494, -0.07089][0.11827, 0.35268, 0][-8.10197e-005, -0.872366, 0.552919][0.05966, -0.99821, -0.00348][0.15901, 0.38742, 0][0.246154, -0.855649, 0.691914][0.15771, -0.98494, -0.07089][0.11827, 0.35268, 0][-0.000116026, -0.855611, 0.740492][0.17335, -0.98484, -0.00550][0.16580, 0.35256, 0][0.246154, -0.855649, 0.691914][0.15771, -0.98494, -0.07089][0.11827, 0.35268, 0][0.508373, -0.832227, 0.621616][0.19286, -0.96670, -0.16823][0.06700, 0.35626, 0][0.280967, -0.832106, 0.773754][0.24325, -0.96651, -0.08178][0.11476, 0.33621, 0][0.246154, -0.855649, 0.691914][0.15771, -0.98494, -0.07089][0.11827, 0.35268, 0][-8.10197e-005, -0.872366, 0.552919][0.05966, -0.99821, -0.00348][0.15901, 0.38742, 0][0.172558, -0.872394, 0.518864][0.05371, -0.99823, -0.02567][0.12569, 0.38750, 0][0.006213, -0.879, 0.127702][0.00104, -1.00000, -0.00010][0.14246, 0.46621, 0][0.172558, -0.872394, 0.518864][0.05371, -0.99823, -0.02567][0.12569, 0.38750, 0][-8.10197e-005, -0.872366, 0.552919][0.05966, -0.99821, -0.00348][0.15901, 0.38742, 0][0.508373, -0.832227, 0.621616][0.19286, -0.96670, -0.16823][0.06700, 0.35626, 0][0.246154, -0.855649, 0.691914][0.15771, -0.98494, -0.07089][0.11827, 0.35268, 0][0.445384, -0.855756, 0.558624][0.11845, -0.98501, -0.12543][0.07643, 0.37024, 0][0.172558, -0.872394, 0.518864][0.05371, -0.99823, -0.02567][0.12569, 0.38750, 0][0.445384, -0.855756, 0.558624][0.11845, -0.98501, -0.12543][0.07643, 0.37024, 0][0.246154, -0.855649, 0.691914][0.15771, -0.98494, -0.07089][0.11827, 0.35268, 0][0.445384, -0.855756, 0.558624][0.11845, -0.98501, -0.12543][0.07643, 0.37024, 0][0.660596, -0.832409, 0.394268][0.11396, -0.96670, -0.22914][0.03049, 0.39300, 0][0.508373, -0.832227, 0.621616][0.19286, -0.96670, -0.16823][0.06700, 0.35626, 0][0.445384, -0.855756, 0.558624][0.11845, -0.98501, -0.12543][0.07643, 0.37024, 0][0.172558, -0.872394, 0.518864][0.05371, -0.99823, -0.02567][0.12569, 0.38750, 0][0.312222, -0.872469, 0.425426][0.03980, -0.99824, -0.04391][0.09636, 0.39982, 0][0.006213, -0.879, 0.127702][0.00104, -1.00000, -0.00010][0.14246, 0.46621, 0][0.312222, -0.872469, 0.425426][0.03980, -0.99824, -0.04391][0.09636, 0.39982, 0][0.172558, -0.872394, 0.518864][0.05371, -0.99823, -0.02567][0.12569, 0.38750, 0][0.660596, -0.832409, 0.394268][0.11396, -0.96670, -0.22914][0.03049, 0.39300, 0][0.445384, -0.855756, 0.558624][0.11845, -0.98501, -0.12543][0.07643, 0.37024, 0][0.578745, -0.855915, 0.359445][0.06144, -0.98500, -0.16127][0.04444, 0.40244, 0][0.312222, -0.872469, 0.425426][0.03980, -0.99824, -0.04391][0.09636, 0.39982, 0][0.578745, -0.855915, 0.359445][0.06144, -0.98500, -0.16127][0.04444, 0.40244, 0][0.445384, -0.855756, 0.558624][0.11845, -0.98501, -0.12543][0.07643, 0.37024, 0][0.578745, -0.855915, 0.359445][0.06144, -0.98500, -0.16127][0.04444, 0.40244, 0][0.716151, -0.832632, 0.113192][0.01765, -0.96658, -0.25575][0.01000, 0.44323, 0][0.660596, -0.832409, 0.394268][0.11396, -0.96670, -0.22914][0.03049, 0.39300, 0][0.006213, -0.879, 0.127702][0.00104, -1.00000, -0.00010][0.14246, 0.46621, 0][0.405712, -0.87258, 0.285799][0.01998, -0.99825, -0.05560][0.07393, 0.42238, 0][0.312222, -0.872469, 0.425426][0.03980, -0.99824, -0.04391][0.09636, 0.39982, 0][0.578745, -0.855915, 0.359445][0.06144, -0.98500, -0.16127][0.04444, 0.40244, 0][0.312222, -0.872469, 0.425426][0.03980, -0.99824, -0.04391][0.09636, 0.39982, 0][0.405712, -0.87258, 0.285799][0.01998, -0.99825, -0.05560][0.07393, 0.42238, 0][0.716151, -0.832632, 0.113192][0.01765, -0.96658, -0.25575][0.01000, 0.44323, 0][0.578745, -0.855915, 0.359445][0.06144, -0.98500, -0.16127][0.04444, 0.40244, 0][0.62742, -0.85611, 0.113194][-0.00471, -0.98499, -0.17256][0.02649, 0.44644, 0][0.405712, -0.87258, 0.285799][0.01998, -0.99825, -0.05560][0.07393, 0.42238, 0][0.62742, -0.85611, 0.113194][-0.00471, -0.98499, -0.17256][0.02649, 0.44644, 0][0.578745, -0.855915, 0.359445][0.06144, -0.98500, -0.16127][0.04444, 0.40244, 0][0.62742, -0.85611, 0.113194][-0.00471, -0.98499, -0.17256][0.02649, 0.44644, 0][0.6607, -0.832857, -0.167905][-0.08101, -0.96677, -0.24247][0.01014, 0.49747, 0][0.716151, -0.832632, 0.113192][0.01765, -0.96658, -0.25575][0.01000, 0.44323, 0][0.006213, -0.879, 0.127702][0.00104, -1.00000, -0.00010][0.14246, 0.46621, 0][0.439831, -0.872717, 0.113172][-0.00267, -0.99827, -0.05875][0.06135, 0.45323, 0][0.405712, -0.87258, 0.285799][0.01998, -0.99825, -0.05560][0.07393, 0.42238, 0][0.62742, -0.85611, 0.113194][-0.00471, -0.98499, -0.17256][0.02649, 0.44644, 0][0.405712, -0.87258, 0.285799][0.01998, -0.99825, -0.05560][0.07393, 0.42238, 0][0.439831, -0.872717, 0.113172][-0.00267, -0.99827, -0.05875][0.06135, 0.45323, 0][0.6607, -0.832857, -0.167905][-0.08101, -0.96677, -0.24247][0.01014, 0.49747, 0][0.62742, -0.85611, 0.113194][-0.00471, -0.98499, -0.17256][0.02649, 0.44644, 0][0.578837, -0.856307, -0.133075][-0.07010, -0.98512, -0.15692][0.02661, 0.49397, 0][0.439831, -0.872717, 0.113172][-0.00267, -0.99827, -0.05875][0.06135, 0.45323, 0][0.578837, -0.856307, -0.133075][-0.07010, -0.98512, -0.15692][0.02661, 0.49397, 0][0.62742, -0.85611, 0.113194][-0.00471, -0.98499, -0.17256][0.02649, 0.44644, 0][0.578837, -0.856307, -0.133075][-0.07010, -0.98512, -0.15692][0.02661, 0.49397, 0][0.508562, -0.833038, -0.39531][-0.16745, -0.96699, -0.19209][0.03019, 0.54524, 0][0.6607, -0.832857, -0.167905][-0.08101, -0.96677, -0.24247][0.01014, 0.49747, 0][0.508562, -0.833038, -0.39531][-0.16745, -0.96699, -0.19209][0.03019, 0.54524, 0][0.578837, -0.856307, -0.133075][-0.07010, -0.98512, -0.15692][0.02661, 0.49397, 0][0.44555, -0.856466, -0.332304][-0.12465, -0.98520, -0.11766][0.04418, 0.53581, 0][0.578837, -0.856307, -0.133075][-0.07010, -0.98512, -0.15692][0.02661, 0.49397, 0][0.439831, -0.872717, 0.113172][-0.00267, -0.99827, -0.05875][0.06135, 0.45323, 0][0.405776, -0.872855, -0.059467][-0.02479, -0.99830, -0.05272][0.06143, 0.48655, 0][0.405776, -0.872855, -0.059467][-0.02479, -0.99830, -0.05272][0.06143, 0.48655, 0][0.44555, -0.856466, -0.332304][-0.12465, -0.98520, -0.11766][0.04418, 0.53581, 0][0.578837, -0.856307, -0.133075][-0.07010, -0.98512, -0.15692][0.02661, 0.49397, 0][0.006213, -0.879, 0.127702][0.00104, -1.00000, -0.00010][0.14246, 0.46621, 0][0.405776, -0.872855, -0.059467][-0.02479, -0.99830, -0.05272][0.06143, 0.48655, 0][0.439831, -0.872717, 0.113172][-0.00267, -0.99827, -0.05875][0.06135, 0.45323, 0][0.44555, -0.856466, -0.332304][-0.12465, -0.98520, -0.11766][0.04418, 0.53581, 0][0.405776, -0.872855, -0.059467][-0.02479, -0.99830, -0.05272][0.06143, 0.48655, 0][0.312338, -0.872966, -0.199129][-0.04292, -0.99832, -0.03881][0.07375, 0.51588, 0][0.006213, -0.879, 0.127702][0.00104, -1.00000, -0.00010][0.14246, 0.46621, 0][0.312338, -0.872966, -0.199129][-0.04292, -0.99832, -0.03881][0.07375, 0.51588, 0][0.405776, -0.872855, -0.059467][-0.02479, -0.99830, -0.05272][0.06143, 0.48655, 0][0.000301053, 0.292448, -1.49988][-0.69278, -0.71252, -0.11122][0.43038, 0.73764, 0][0.086555, 0.103205, -1.26038][-0.65462, -0.66266, -0.36380][0.37337, 0.75650, 0][0.000261046, 0.09334, -1.2883][-0.68730, -0.71124, 0.14747][0.37541, 0.73935, 0][0.086555, 0.103205, -1.26038][-0.65462, -0.66266, -0.36380][0.37337, 0.75650, 0][0.000301053, 0.292448, -1.49988][-0.69278, -0.71252, -0.11122][0.43038, 0.73764, 0][0.068987, 0.292484, -1.45407][-0.64961, -0.62451, -0.43358][0.42451, 0.75200, 0][0.000261046, 0.09334, -1.2883][-0.68730, -0.71124, 0.14747][0.37541, 0.73935, 0][-0.0684029, 0.292484, -1.4541][-0.65369, -0.66730, 0.35692][0.42374, 0.72713, 0][0.000301053, 0.292448, -1.49988][-0.69278, -0.71252, -0.11122][0.43038, 0.73764, 0][-0.0684029, 0.292484, -1.4541][-0.65369, -0.66730, 0.35692][0.42374, 0.72713, 0][0.000261046, 0.09334, -1.2883][-0.68730, -0.71124, 0.14747][0.37541, 0.73935, 0][-0.086042, 0.103205, -1.26042][-0.68117, -0.66937, 0.29656][0.37240, 0.72526, 0][0.000220038, -0.428721, -1.06653][-0.40795, -0.90698, -0.10476][0.94573, 0.28183, 0][0.181511, -0.523499, -0.7176][-0.39085, -0.87130, -0.29676][0.98007, 0.34787, 0][0.000155026, -0.586489, -0.717584][-0.40830, -0.90719, 0.10148][0.94573, 0.34787, 0][0.181511, -0.523499, -0.7176][-0.39085, -0.87130, -0.29676][0.98007, 0.34787, 0][0.000220038, -0.428721, -1.06653][-0.40795, -0.90698, -0.10476][0.94573, 0.28183, 0][0.163969, -0.382001, -1.04864][-0.38896, -0.87382, -0.29181][0.97673, 0.28522, 0][0.000155026, -0.586489, -0.717584][-0.40830, -0.90719, 0.10148][0.94573, 0.34787, 0][-0.163536, -0.382001, -1.0487][-0.39120, -0.87110, 0.29690][0.91473, 0.28522, 0][0.000220038, -0.428721, -1.06653][-0.40795, -0.90698, -0.10476][0.94573, 0.28183, 0][-0.163536, -0.382001, -1.0487][-0.39120, -0.87110, 0.29690][0.91473, 0.28522, 0][0.000155026, -0.586489, -0.717584][-0.40830, -0.90719, 0.10148][0.94573, 0.34787, 0][-0.1812, -0.523499, -0.717668][-0.38826, -0.87059, 0.30220][0.91140, 0.34787, 0][0.045777, 0.314618, -1.31457][-0.56072, 0.66362, 0.49518][0.60318, 0.87660, 0][0.000258045, 0.32012, -1.26786][-0.56072, 0.66362, 0.49518][0.59093, 0.87469, 0][0.055222, 0.321692, -1.31389][-0.54579, 0.68905, 0.47678][0.60451, 0.87480, 0][0.000258045, 0.32012, -1.26786][-0.56072, 0.66362, 0.49518][0.59093, 0.87469, 0][0.045777, 0.314618, -1.31457][-0.56072, 0.66362, 0.49518][0.60318, 0.87660, 0][0.000259045, 0.313238, -1.27549][-0.57497, 0.63739, 0.51297][0.59182, 0.87642, 0][0.000259045, 0.313238, -1.27549][-0.55759, 0.66805, -0.49275][0.12557, 0.89289, 0][-0.05469, 0.321692, -1.31392][-0.55759, 0.66805, -0.49275][0.13826, 0.89451, 0][0.000258045, 0.32012, -1.26786][-0.57867, 0.64164, -0.50343][0.12469, 0.89462, 0][-0.05469, 0.321692, -1.31392][-0.55759, 0.66805, -0.49275][0.13826, 0.89451, 0][0.000259045, 0.313238, -1.27549][-0.55759, 0.66805, -0.49275][0.12557, 0.89289, 0][-0.045244, 0.314618, -1.31459][-0.53581, 0.69363, -0.48145][0.13693, 0.89271, 0][-0.085469, 0.794627, -0.597167][-0.70762, 0.49892, 0.50035][0.95319, 0.83003, 0][-0.129202, 0.671784, -0.652856][-0.70762, 0.49892, 0.50035][0.92897, 0.84284, 0][-0.18501, 0.694904, -0.597083][-0.70757, 0.49892, 0.50043][0.92360, 0.83133, 0][-0.126637, 0.670722, -0.655418][-0.70767, 0.49892, 0.50028][0.92921, 0.84336, 0][-0.129202, 0.671784, -0.652856][-0.70762, 0.49892, 0.50035][0.92897, 0.84284, 0][-0.085469, 0.794627, -0.597167][-0.70762, 0.49892, 0.50035][0.95319, 0.83003, 0][-0.126637, 0.670722, -0.655418][-0.70748, 0.49897, 0.50049][0.92921, 0.84336, 0][-0.043297, 0.752461, -0.656726][-0.70748, 0.49897, 0.50049][0.95374, 0.84254, 0][-0.125396, 0.670209, -0.656658][-0.70740, 0.49903, 0.50055][0.92933, 0.84362, 0][-0.085469, 0.794627, -0.597167][-0.70756, 0.49892, 0.50044][0.95319, 0.83003, 0][-0.043297, 0.752461, -0.656726][-0.70748, 0.49897, 0.50049][0.95374, 0.84254, 0][-0.126637, 0.670722, -0.655418][-0.70748, 0.49897, 0.50049][0.92921, 0.84336, 0][-0.085469, 0.794627, -0.597167][-0.70757, 0.49893, 0.50041][0.95319, 0.83003, 0][-0.00118898, 0.794644, -0.65676][-0.70757, 0.49893, 0.50041][0.96626, 0.84199, 0][-0.043297, 0.752461, -0.656726][-0.70756, 0.49895, 0.50041][0.95374, 0.84254, 0][-0.00125398, 0.879, -0.597235][-0.70758, 0.49891, 0.50042][0.97823, 0.82892, 0][-0.00118898, 0.794644, -0.65676][-0.70757, 0.49893, 0.50041][0.96626, 0.84199, 0][-0.085469, 0.794627, -0.597167][-0.70757, 0.49893, 0.50041][0.95319, 0.83003, 0][-0.00125398, 0.879, -0.597235][-0.70759, 0.49969, -0.49963][0.97823, 0.82892, 0][0.040984, 0.752525, -0.656726][-0.70759, 0.49969, -0.49963][0.96681, 0.85451, 0][-0.00118898, 0.794644, -0.65676][-0.70759, 0.49969, -0.49962][0.96626, 0.84199, 0][0.083092, 0.794759, -0.597167][-0.70758, 0.49969, -0.49964][0.97933, 0.85396, 0][0.040984, 0.752525, -0.656726][-0.70759, 0.49969, -0.49963][0.96681, 0.85451, 0][-0.00125398, 0.879, -0.597235][-0.70759, 0.49969, -0.49963][0.97823, 0.82892, 0][0.088475, 0.705091, -0.656689][-0.70757, 0.49969, -0.49966][0.96743, 0.86861, 0][0.040984, 0.752525, -0.656726][-0.70758, 0.49969, -0.49964][0.96681, 0.85451, 0][0.083092, 0.794759, -0.597167][-0.70757, 0.49969, -0.49965][0.97933, 0.85396, 0][0.083092, 0.794759, -0.597167][-0.70757, 0.49969, -0.49965][0.97933, 0.85396, 0][0.182787, 0.695187, -0.597083][-0.70757, 0.49969, -0.49966][0.98063, 0.88355, 0][0.088475, 0.705091, -0.656689][-0.70757, 0.49969, -0.49966][0.96743, 0.86861, 0][0.088475, 0.705091, -0.656689][-0.70757, 0.49969, -0.49966][0.96743, 0.86861, 0][0.182787, 0.695187, -0.597083][-0.70757, 0.49969, -0.49966][0.98063, 0.88355, 0][0.123211, 0.670401, -0.656658][-0.70756, 0.49969, -0.49966][0.96789, 0.87892, 0][0.302716, -0.764484, -0.598102][-0.61983, -0.75623, -0.20960][0.08689, 0.29007, 0][0.000160026, -0.691871, -0.741924][-0.65351, -0.75569, -0.04317][0.13792, 0.32773, 0][0.335686, -0.691819, -0.675609][-0.58606, -0.75664, -0.28989][0.07796, 0.30327, 0][0.000160026, -0.691871, -0.741924][-0.65351, -0.75569, -0.04317][0.13792, 0.32773, 0][0.302716, -0.764484, -0.598102][-0.61983, -0.75623, -0.20960][0.08689, 0.29007, 0][0.000144023, -0.764532, -0.657904][-0.65353, -0.75569, 0.04293][0.14096, 0.31213, 0][0.335686, -0.691819, -0.675609][-0.58606, -0.75664, -0.28989][0.07796, 0.30327, 0][0.547451, -0.764353, -0.434239][-0.49124, -0.75688, -0.43107][0.04734, 0.25077, 0][0.302716, -0.764484, -0.598102][-0.61983, -0.75623, -0.20960][0.08689, 0.29007, 0][0.000144023, -0.764532, -0.657904][-0.65353, -0.75569, 0.04293][0.14096, 0.31213, 0][-0.335391, -0.691819, -0.675734][-0.61991, -0.75623, 0.20937][0.20267, 0.32757, 0][0.000160026, -0.691871, -0.741924][-0.65351, -0.75569, -0.04317][0.13792, 0.32773, 0][0.547451, -0.764353, -0.434239][-0.49124, -0.75688, -0.43107][0.04734, 0.25077, 0][0.335686, -0.691819, -0.675609][-0.58606, -0.75664, -0.28989][0.07796, 0.30327, 0][0.607074, -0.691674, -0.493898][-0.43029, -0.75683, -0.49200][0.03410, 0.25969, 0][-0.335391, -0.691819, -0.675734][-0.61991, -0.75623, 0.20937][0.20267, 0.32757, 0][0.000144023, -0.764532, -0.657904][-0.65353, -0.75569, 0.04293][0.14096, 0.31213, 0][-0.30245, -0.764484, -0.598215][-0.58617, -0.75664, 0.28968][0.19936, 0.31198, 0][0.607074, -0.691674, -0.493898][-0.43029, -0.75683, -0.49200][0.03410, 0.25969, 0][0.711224, -0.764158, -0.189446][-0.28908, -0.75640, -0.58677][0.02575, 0.19936, 0][0.547451, -0.764353, -0.434239][-0.49124, -0.75688, -0.43107][0.04734, 0.25077, 0][-0.30245, -0.764484, -0.598215][-0.58617, -0.75664, 0.28968][0.19936, 0.31198, 0][-0.60685, -0.691674, -0.494123][-0.49140, -0.75688, 0.43089][0.25969, 0.30363, 0][-0.335391, -0.691819, -0.675734][-0.61991, -0.75623, 0.20937][0.20267, 0.32757, 0][0.711224, -0.764158, -0.189446][-0.28908, -0.75640, -0.58677][0.02575, 0.19936, 0][0.607074, -0.691674, -0.493898][-0.43029, -0.75683, -0.49200][0.03410, 0.25969, 0][0.788686, -0.691457, -0.222444][-0.20877, -0.75590, -0.62051][0.01017, 0.20267, 0][-0.60685, -0.691674, -0.494123][-0.49140, -0.75688, 0.43089][0.25969, 0.30363, 0][-0.30245, -0.764484, -0.598215][-0.58617, -0.75664, 0.28968][0.19936, 0.31198, 0][-0.547248, -0.764353, -0.434442][-0.43047, -0.75682, 0.49185][0.25077, 0.29040, 0][0.788686, -0.691457, -0.222444][-0.20877, -0.75590, -0.62051][0.01017, 0.20267, 0][0.770915, -0.763917, 0.113147][-0.04233, -0.75520, -0.65412][0.02560, 0.14096, 0][0.711224, -0.764158, -0.189446][-0.28908, -0.75640, -0.58677][0.02575, 0.19936, 0][-0.547248, -0.764353, -0.434442][-0.43047, -0.75682, 0.49185][0.25077, 0.29040, 0][-0.788556, -0.691457, -0.222738][-0.28930, -0.75638, 0.58668][0.30327, 0.25977, 0][-0.60685, -0.691674, -0.494123][-0.49140, -0.75688, 0.43089][0.25969, 0.30363, 0][0.770915, -0.763917, 0.113147][-0.04233, -0.75520, -0.65412][0.02560, 0.14096, 0][0.788686, -0.691457, -0.222444][-0.20877, -0.75590, -0.62051][0.01017, 0.20267, 0][0.854877, -0.69119, 0.113105][0.04378, -0.75513, -0.65411][0.01000, 0.13792, 0][-0.788556, -0.691457, -0.222738][-0.28930, -0.75638, 0.58668][0.30327, 0.25977, 0][-0.547248, -0.764353, -0.434442][-0.43047, -0.75682, 0.49185][0.25077, 0.29040, 0][-0.711113, -0.764158, -0.189711][-0.20901, -0.75588, 0.62046][0.29007, 0.25084, 0][0.854877, -0.69119, 0.113105][0.04378, -0.75513, -0.65411][0.01000, 0.13792, 0][0.711112, -0.763676, 0.415718][0.21020, -0.75557, -0.62043][0.04766, 0.08689, 0][0.770915, -0.763917, 0.113147][-0.04233, -0.75520, -0.65412][0.02560, 0.14096, 0][-0.711113, -0.764158, -0.189711][-0.20901, -0.75588, 0.62046][0.29007, 0.25084, 0][-0.854872, -0.69119, 0.112787][-0.04257, -0.75518, 0.65413][0.32773, 0.19981, 0][-0.788556, -0.691457, -0.222738][-0.28930, -0.75638, 0.58668][0.30327, 0.25977, 0][0.711112, -0.763676, 0.415718][0.21020, -0.75557, -0.62043][0.04766, 0.08689, 0][0.854877, -0.69119, 0.113105][0.04378, -0.75513, -0.65411][0.01000, 0.13792, 0][0.788561, -0.690923, 0.44863][0.29050, -0.75594, -0.58666][0.03446, 0.07796, 0][-0.854872, -0.69119, 0.112787][-0.04257, -0.75518, 0.65413][0.32773, 0.19981, 0][-0.711113, -0.764158, -0.189711][-0.20901, -0.75588, 0.62046][0.29007, 0.25084, 0][-0.770915, -0.763917, 0.112861][0.04353, -0.75511, 0.65415][0.31213, 0.19677, 0][0.788561, -0.690923, 0.44863][0.29050, -0.75594, -0.58666][0.03446, 0.07796, 0][0.547247, -0.763481, 0.66045][0.43167, -0.75614, -0.49184][0.08696, 0.04734, 0][0.711112, -0.763676, 0.415718][0.21020, -0.75557, -0.62043][0.04766, 0.08689, 0][-0.770915, -0.763917, 0.112861][0.04353, -0.75511, 0.65415][0.31213, 0.19677, 0][-0.788681, -0.690923, 0.448336][0.20997, -0.75555, 0.62053][0.32757, 0.13506, 0][-0.854872, -0.69119, 0.112787][-0.04257, -0.75518, 0.65413][0.32773, 0.19981, 0][0.547247, -0.763481, 0.66045][0.43167, -0.75614, -0.49184][0.08696, 0.04734, 0][0.788561, -0.690923, 0.44863][0.29050, -0.75594, -0.58666][0.03446, 0.07796, 0][0.606849, -0.690707, 0.720015][0.49261, -0.75609, -0.43088][0.07804, 0.03410, 0][-0.788681, -0.690923, 0.448336][0.20997, -0.75555, 0.62053][0.32757, 0.13506, 0][-0.770915, -0.763917, 0.112861][0.04353, -0.75511, 0.65415][0.31213, 0.19677, 0][-0.711225, -0.763676, 0.415453][0.29028, -0.75592, 0.58678][0.31198, 0.13838, 0][0.606849, -0.690707, 0.720015][0.49261, -0.75609, -0.43088][0.07804, 0.03410, 0][0.302452, -0.763351, 0.824222][0.58737, -0.75570, -0.28968][0.13838, 0.02575, 0][0.547247, -0.763481, 0.66045][0.43167, -0.75614, -0.49184][0.08696, 0.04734, 0][-0.711225, -0.763676, 0.415453][0.29028, -0.75592, 0.58678][0.31198, 0.13838, 0][-0.607075, -0.690707, 0.71979][0.43149, -0.75613, 0.49201][0.30363, 0.07804, 0][-0.788681, -0.690923, 0.448336][0.20997, -0.75555, 0.62053][0.32757, 0.13506, 0][0.302452, -0.763351, 0.824222][0.58737, -0.75570, -0.28968][0.13838, 0.02575, 0][0.606849, -0.690707, 0.720015][0.49261, -0.75609, -0.43088][0.07804, 0.03410, 0][0.335393, -0.690563, 0.901626][0.62111, -0.75524, -0.20937][0.13506, 0.01017, 0][-0.607075, -0.690707, 0.71979][0.43149, -0.75613, 0.49201][0.30363, 0.07804, 0][-0.711225, -0.763676, 0.415453][0.29028, -0.75592, 0.58678][0.31198, 0.13838, 0][-0.547452, -0.763481, 0.660247][0.49245, -0.75609, 0.43107][0.29040, 0.08696, 0][0.335393, -0.690563, 0.901626][0.62111, -0.75524, -0.20937][0.13506, 0.01017, 0][-0.000142031, -0.763303, 0.883912][0.65472, -0.75465, -0.04293][0.19677, 0.02560, 0][0.302452, -0.763351, 0.824222][0.58737, -0.75570, -0.28968][0.13838, 0.02575, 0][-0.547452, -0.763481, 0.660247][0.49245, -0.75609, 0.43107][0.29040, 0.08696, 0][-0.335684, -0.690563, 0.901501][0.58726, -0.75570, 0.28989][0.25977, 0.03446, 0][-0.607075, -0.690707, 0.71979][0.43149, -0.75613, 0.49201][0.30363, 0.07804, 0][-0.000142031, -0.763303, 0.883912][0.65472, -0.75465, -0.04293][0.19677, 0.02560, 0][0.335393, -0.690563, 0.901626][0.62111, -0.75524, -0.20937][0.13506, 0.01017, 0][-0.000158034, -0.690509, 0.967817][0.65471, -0.75465, 0.04317][0.19981, 0.01000, 0][-0.335684, -0.690563, 0.901501][0.58726, -0.75570, 0.28989][0.25977, 0.03446, 0][-0.547452, -0.763481, 0.660247][0.49245, -0.75609, 0.43107][0.29040, 0.08696, 0][-0.302714, -0.763351, 0.82411][0.62103, -0.75524, 0.20959][0.25084, 0.04766, 0][-0.000158034, -0.690509, 0.967817][0.65471, -0.75465, 0.04317][0.19981, 0.01000, 0][-0.302714, -0.763351, 0.82411][0.62103, -0.75524, 0.20959][0.25084, 0.04766, 0][-0.000142031, -0.763303, 0.883912][0.65472, -0.75465, -0.04293][0.19677, 0.02560, 0][-0.302714, -0.763351, 0.82411][0.62103, -0.75524, 0.20959][0.25084, 0.04766, 0][-0.000158034, -0.690509, 0.967817][0.65471, -0.75465, 0.04317][0.19981, 0.01000, 0][-0.335684, -0.690563, 0.901501][0.58726, -0.75570, 0.28989][0.25977, 0.03446, 0][-0.00013503, 0.294315, 0.84491][0.86759, 0.49727, 0.00280][0.46740, 0.50691, 0][0.277748, 0.330329, 0.765353][0.81339, 0.55917, -0.16040][0.41479, 0.50008, 0][-0.000131029, 0.330372, 0.820075][0.82233, 0.56641, 0.05440][0.46740, 0.50008, 0][0.277748, 0.330329, 0.765353][0.81339, 0.55917, -0.16040][0.41479, 0.50008, 0][-0.00013503, 0.294315, 0.84491][0.86759, 0.49727, 0.00280][0.46740, 0.50691, 0][0.28748, 0.29427, 0.788175][0.84981, 0.45961, -0.25802][0.41295, 0.50691, 0][-0.000131029, 0.330372, 0.820075][0.82233, 0.56641, 0.05440][0.46740, 0.50008, 0][-0.287729, 0.29427, 0.788067][0.81966, 0.48357, 0.30712][0.52185, 0.50691, 0][-0.00013503, 0.294315, 0.84491][0.86759, 0.49727, 0.00280][0.46740, 0.50691, 0][-0.287729, 0.29427, 0.788067][0.81966, 0.48357, 0.30712][0.52185, 0.50691, 0][-0.000131029, 0.330372, 0.820075][0.82233, 0.56641, 0.05440][0.46740, 0.50008, 0][-0.277988, 0.330329, 0.765156][0.81283, 0.55988, 0.16074][0.52001, 0.50008, 0][-0.000152033, 0.102556, 0.934745][0.91461, 0.40434, 0.00073][0.46740, 0.54322, 0][0.28748, 0.29427, 0.788175][0.84981, 0.45961, -0.25802][0.41295, 0.50691, 0][-0.00013503, 0.294315, 0.84491][0.86759, 0.49727, 0.00280][0.46740, 0.50691, 0][-0.322946, 0.102505, 0.870949][0.84447, 0.40512, 0.35035][0.52851, 0.54322, 0][-0.00013503, 0.294315, 0.84491][0.86759, 0.49727, 0.00280][0.46740, 0.50691, 0][-0.287729, 0.29427, 0.788067][0.81966, 0.48357, 0.30712][0.52185, 0.50691, 0][-0.00013503, 0.294315, 0.84491][0.86759, 0.49727, 0.00280][0.46740, 0.50691, 0][-0.322946, 0.102505, 0.870949][0.84447, 0.40512, 0.35035][0.52851, 0.54322, 0][-0.000152033, 0.102556, 0.934745][0.91461, 0.40434, 0.00073][0.46740, 0.54322, 0][-0.287729, 0.29427, 0.788067][0.81966, 0.48357, 0.30712][0.52185, 0.50691, 0][-0.584036, 0.102365, 0.696134][0.75937, 0.40573, 0.50866][0.57795, 0.54322, 0][-0.322946, 0.102505, 0.870949][0.84447, 0.40512, 0.35035][0.52851, 0.54322, 0][-0.584036, 0.102365, 0.696134][0.75937, 0.40573, 0.50866][0.57795, 0.54322, 0][-0.287729, 0.29427, 0.788067][0.81966, 0.48357, 0.30712][0.52185, 0.50691, 0][-0.520347, 0.294146, 0.632316][0.75443, 0.41887, 0.50536][0.56590, 0.50691, 0][-0.639595, -0.085985, 0.751821][0.77854, 0.34922, 0.52146][0.58847, 0.57888, 0][-0.322946, 0.102505, 0.870949][0.84447, 0.40512, 0.35035][0.52851, 0.54322, 0][-0.584036, 0.102365, 0.696134][0.75937, 0.40573, 0.50866][0.57795, 0.54322, 0][-0.322946, 0.102505, 0.870949][0.84447, 0.40512, 0.35035][0.52851, 0.54322, 0][-0.639595, -0.085985, 0.751821][0.77854, 0.34922, 0.52146][0.58847, 0.57888, 0][-0.353667, -0.085833, 0.943262][0.86866, 0.33939, 0.36089][0.53433, 0.57888, 0][-0.353667, -0.085833, 0.943262][0.86866, 0.33939, 0.36089][0.53433, 0.57888, 0][-0.000152033, 0.102556, 0.934745][0.91461, 0.40434, 0.00073][0.46740, 0.54322, 0][-0.322946, 0.102505, 0.870949][0.84447, 0.40512, 0.35035][0.52851, 0.54322, 0][-0.67889, -0.267478, 0.791247][0.80800, 0.23308, 0.54112][0.59591, 0.61323, 0][-0.353667, -0.085833, 0.943262][0.86866, 0.33939, 0.36089][0.53433, 0.57888, 0][-0.639595, -0.085985, 0.751821][0.77854, 0.34922, 0.52146][0.58847, 0.57888, 0][0.28748, 0.29427, 0.788175][0.84981, 0.45961, -0.25802][0.41295, 0.50691, 0][-0.000152033, 0.102556, 0.934745][0.91461, 0.40434, 0.00073][0.46740, 0.54322, 0][0.322665, 0.102505, 0.871069][0.84503, 0.40514, -0.34898][0.40628, 0.54322, 0][0.322665, 0.102505, 0.871069][0.84503, 0.40514, -0.34898][0.40628, 0.54322, 0][0.520158, 0.294145, 0.632509][0.75462, 0.41887, -0.50508][0.36890, 0.50691, 0][0.28748, 0.29427, 0.788175][0.84981, 0.45961, -0.25802][0.41295, 0.50691, 0][0.520158, 0.294145, 0.632509][0.75462, 0.41887, -0.50508][0.36890, 0.50691, 0][0.322665, 0.102505, 0.871069][0.84503, 0.40514, -0.34898][0.40628, 0.54322, 0][0.58382, 0.102365, 0.696351][0.76435, 0.39249, -0.51158][0.35684, 0.54322, 0][-0.000166036, -0.085777, 1.01313][0.94088, 0.33873, 0.00123][0.46740, 0.57888, 0][0.322665, 0.102505, 0.871069][0.84503, 0.40514, -0.34898][0.40628, 0.54322, 0][-0.000152033, 0.102556, 0.934745][0.91461, 0.40434, 0.00073][0.46740, 0.54322, 0][-0.000152033, 0.102556, 0.934745][0.91461, 0.40434, 0.00073][0.46740, 0.54322, 0][-0.353667, -0.085833, 0.943262][0.86866, 0.33939, 0.36089][0.53433, 0.57888, 0][-0.000166036, -0.085777, 1.01313][0.94088, 0.33873, 0.00123][0.46740, 0.57888, 0][0.35336, -0.085833, 0.943394][0.86959, 0.33944, -0.35859][0.40047, 0.57888, 0][0.58382, 0.102365, 0.696351][0.76435, 0.39249, -0.51158][0.35684, 0.54322, 0][0.322665, 0.102505, 0.871069][0.84503, 0.40514, -0.34898][0.40628, 0.54322, 0][0.322665, 0.102505, 0.871069][0.84503, 0.40514, -0.34898][0.40628, 0.54322, 0][-0.000166036, -0.085777, 1.01313][0.94088, 0.33873, 0.00123][0.46740, 0.57888, 0][0.35336, -0.085833, 0.943394][0.86959, 0.33944, -0.35859][0.40047, 0.57888, 0][0.58382, 0.102365, 0.696351][0.76435, 0.39249, -0.51158][0.35684, 0.54322, 0][0.35336, -0.085833, 0.943394][0.86959, 0.33944, -0.35859][0.40047, 0.57888, 0][0.639356, -0.085985, 0.752058][0.78768, 0.31887, -0.52714][0.34633, 0.57888, 0][-0.375397, -0.267316, 0.994453][0.90313, 0.20864, 0.37526][0.53844, 0.61323, 0][-0.000166036, -0.085777, 1.01313][0.94088, 0.33873, 0.00123][0.46740, 0.57888, 0][-0.353667, -0.085833, 0.943262][0.86866, 0.33939, 0.36089][0.53433, 0.57888, 0][-0.353667, -0.085833, 0.943262][0.86866, 0.33939, 0.36089][0.53433, 0.57888, 0][-0.67889, -0.267478, 0.791247][0.80800, 0.23308, 0.54112][0.59591, 0.61323, 0][-0.375397, -0.267316, 0.994453][0.90313, 0.20864, 0.37526][0.53844, 0.61323, 0][-0.693797, -0.438681, 0.806284][0.83094, -0.00319, 0.55635][0.59873, 0.64564, 0][-0.375397, -0.267316, 0.994453][0.90313, 0.20864, 0.37526][0.53844, 0.61323, 0][-0.67889, -0.267478, 0.791247][0.80800, 0.23308, 0.54112][0.59591, 0.61323, 0][-0.000166036, -0.085777, 1.01313][0.94088, 0.33873, 0.00123][0.46740, 0.57888, 0][-0.375397, -0.267316, 0.994453][0.90313, 0.20864, 0.37526][0.53844, 0.61323, 0][-0.000177038, -0.267257, 1.06861][0.97807, 0.20826, 0.00133][0.46740, 0.61323, 0][-0.000177038, -0.267257, 1.06861][0.97807, 0.20826, 0.00133][0.46740, 0.61323, 0][0.35336, -0.085833, 0.943394][0.86959, 0.33944, -0.35859][0.40047, 0.57888, 0][-0.000166036, -0.085777, 1.01313][0.94088, 0.33873, 0.00123][0.46740, 0.57888, 0][-0.375397, -0.267316, 0.994453][0.90313, 0.20864, 0.37526][0.53844, 0.61323, 0][-0.693797, -0.438681, 0.806284][0.83094, -0.00319, 0.55635][0.59873, 0.64564, 0][-0.383639, -0.438517, 1.01395][0.92217, -0.06737, 0.38088][0.54000, 0.64564, 0][-0.383639, -0.438517, 1.01395][0.92217, -0.06737, 0.38088][0.54000, 0.64564, 0][-0.000177038, -0.267257, 1.06861][0.97807, 0.20826, 0.00133][0.46740, 0.61323, 0][-0.375397, -0.267316, 0.994453][0.90313, 0.20864, 0.37526][0.53844, 0.61323, 0][-0.666699, -0.583579, 0.779305][0.80451, -0.25050, 0.53853][0.59360, 0.67306, 0][-0.383639, -0.438517, 1.01395][0.92217, -0.06737, 0.38088][0.54000, 0.64564, 0][-0.693797, -0.438681, 0.806284][0.83094, -0.00319, 0.55635][0.59873, 0.64564, 0][-0.383639, -0.438517, 1.01395][0.92217, -0.06737, 0.38088][0.54000, 0.64564, 0][-0.666699, -0.583579, 0.779305][0.80451, -0.25050, 0.53853][0.59360, 0.67306, 0][-0.368653, -0.58342, 0.978864][0.89581, -0.34944, 0.27463][0.53716, 0.67306, 0][0.37507, -0.267316, 0.994593][0.90415, 0.20874, -0.37276][0.39636, 0.61323, 0][0.639356, -0.085985, 0.752058][0.78768, 0.31887, -0.52714][0.34633, 0.57888, 0][0.35336, -0.085833, 0.943394][0.86959, 0.33944, -0.35859][0.40047, 0.57888, 0][0.35336, -0.085833, 0.943394][0.86959, 0.33944, -0.35859][0.40047, 0.57888, 0][-0.000177038, -0.267257, 1.06861][0.97807, 0.20826, 0.00133][0.46740, 0.61323, 0][0.37507, -0.267316, 0.994593][0.90415, 0.20874, -0.37276][0.39636, 0.61323, 0][0.639356, -0.085985, 0.752058][0.78768, 0.31887, -0.52714][0.34633, 0.57888, 0][0.37507, -0.267316, 0.994593][0.90415, 0.20874, -0.37276][0.39636, 0.61323, 0][0.678643, -0.267477, 0.791499][0.81798, 0.17700, -0.54733][0.33889, 0.61323, 0][-0.000177038, -0.267257, 1.06861][0.97807, 0.20826, 0.00133][0.46740, 0.61323, 0][-0.383639, -0.438517, 1.01395][0.92217, -0.06737, 0.38088][0.54000, 0.64564, 0][-0.000181039, -0.438456, 1.08974][0.99775, -0.06704, -0.00064][0.46740, 0.64564, 0][-0.000181039, -0.438456, 1.08974][0.99775, -0.06704, -0.00064][0.46740, 0.64564, 0][0.37507, -0.267316, 0.994593][0.90415, 0.20874, -0.37276][0.39636, 0.61323, 0][-0.000177038, -0.267257, 1.06861][0.97807, 0.20826, 0.00133][0.46740, 0.61323, 0][-0.368653, -0.58342, 0.978864][0.89581, -0.34944, 0.27463][0.53716, 0.67306, 0][-0.000181039, -0.438456, 1.08974][0.99775, -0.06704, -0.00064][0.46740, 0.64564, 0][-0.383639, -0.438517, 1.01395][0.92217, -0.06737, 0.38088][0.54000, 0.64564, 0][0.383306, -0.438517, 1.01409][0.92168, -0.06714, -0.38210][0.39480, 0.64564, 0][0.678643, -0.267477, 0.791499][0.81798, 0.17700, -0.54733][0.33889, 0.61323, 0][0.37507, -0.267316, 0.994593][0.90415, 0.20874, -0.37276][0.39636, 0.61323, 0][0.37507, -0.267316, 0.994593][0.90415, 0.20874, -0.37276][0.39636, 0.61323, 0][-0.000181039, -0.438456, 1.08974][0.99775, -0.06704, -0.00064][0.46740, 0.64564, 0][0.383306, -0.438517, 1.01409][0.92168, -0.06714, -0.38210][0.39480, 0.64564, 0][0.678643, -0.267477, 0.791499][0.81798, 0.17700, -0.54733][0.33889, 0.61323, 0][0.383306, -0.438517, 1.01409][0.92168, -0.06714, -0.38210][0.39480, 0.64564, 0][0.693539, -0.438682, 0.806542][0.82426, -0.12882, -0.55137][0.33607, 0.64564, 0][-0.000181039, -0.438456, 1.08974][0.99775, -0.06704, -0.00064][0.46740, 0.64564, 0][-0.368653, -0.58342, 0.978864][0.89581, -0.34944, 0.27463][0.53716, 0.67306, 0][-0.000174037, -0.583362, 1.05169][0.89556, -0.44491, -0.00571][0.46740, 0.67306, 0][-0.000174037, -0.583362, 1.05169][0.89556, -0.44491, -0.00571][0.46740, 0.67306, 0][0.383306, -0.438517, 1.01409][0.92168, -0.06714, -0.38210][0.39480, 0.64564, 0][-0.000181039, -0.438456, 1.08974][0.99775, -0.06704, -0.00064][0.46740, 0.64564, 0][-0.335684, -0.690563, 0.901501][0.77807, -0.60909, 0.15368][0.53092, 0.69333, 0][-0.000174037, -0.583362, 1.05169][0.89556, -0.44491, -0.00571][0.46740, 0.67306, 0][-0.368653, -0.58342, 0.978864][0.89581, -0.34944, 0.27463][0.53716, 0.67306, 0][-0.000174037, -0.583362, 1.05169][0.89556, -0.44491, -0.00571][0.46740, 0.67306, 0][-0.335684, -0.690563, 0.901501][0.77807, -0.60909, 0.15368][0.53092, 0.69333, 0][-0.000158034, -0.690509, 0.967817][0.78639, -0.61557, -0.05158][0.46740, 0.69333, 0][0.383306, -0.438517, 1.01409][0.92168, -0.06714, -0.38210][0.39480, 0.64564, 0][-0.000174037, -0.583362, 1.05169][0.89556, -0.44491, -0.00571][0.46740, 0.67306, 0][0.368333, -0.58342, 0.979001][0.85299, -0.40799, -0.32551][0.39763, 0.67306, 0][0.368333, -0.58342, 0.979001][0.85299, -0.40799, -0.32551][0.39763, 0.67306, 0][0.693539, -0.438682, 0.806542][0.82426, -0.12882, -0.55137][0.33607, 0.64564, 0][0.383306, -0.438517, 1.01409][0.92168, -0.06714, -0.38210][0.39480, 0.64564, 0][-0.000158034, -0.690509, 0.967817][0.78639, -0.61557, -0.05158][0.46740, 0.69333, 0][0.368333, -0.58342, 0.979001][0.85299, -0.40799, -0.32551][0.39763, 0.67306, 0][-0.000174037, -0.583362, 1.05169][0.89556, -0.44491, -0.00571][0.46740, 0.67306, 0][0.693539, -0.438682, 0.806542][0.82426, -0.12882, -0.55137][0.33607, 0.64564, 0][0.368333, -0.58342, 0.979001][0.85299, -0.40799, -0.32551][0.39763, 0.67306, 0][0.66645, -0.583579, 0.779554][0.80471, -0.25051, -0.53823][0.34120, 0.67306, 0][0.368333, -0.58342, 0.979001][0.85299, -0.40799, -0.32551][0.39763, 0.67306, 0][-0.000158034, -0.690509, 0.967817][0.78639, -0.61557, -0.05158][0.46740, 0.69333, 0][0.335393, -0.690563, 0.901626][0.77812, -0.60909, -0.15340][0.40387, 0.69333, 0][-0.732748, 0.293732, 0.112026][-0.00318, 0.49684, 0.86784][0.46740, 0.28866, 0][-0.653126, 0.33003, 0.389878][0.16000, 0.55937, 0.81333][0.41479, 0.28183, 0][-0.707942, 0.329808, 0.112002][-0.05476, 0.56571, 0.82278][0.46740, 0.28183, 0][-0.653126, 0.33003, 0.389878][0.16000, 0.55937, 0.81333][0.41479, 0.28183, 0][-0.732748, 0.293732, 0.112026][-0.00318, 0.49684, 0.86784][0.46740, 0.28866, 0][-0.676013, 0.293961, 0.399639][0.25762, 0.45954, 0.84998][0.41295, 0.28866, 0][-0.707942, 0.329808, 0.112002][-0.05476, 0.56571, 0.82278][0.46740, 0.28183, 0][-0.675906, 0.293502, -0.175566][-0.30750, 0.48267, 0.82004][0.52185, 0.28866, 0][-0.732748, 0.293732, 0.112026][-0.00318, 0.49684, 0.86784][0.46740, 0.28866, 0][-0.675906, 0.293502, -0.175566][-0.30750, 0.48267, 0.82004][0.52185, 0.28866, 0][-0.707942, 0.329808, 0.112002][-0.05476, 0.56571, 0.82278][0.46740, 0.28183, 0][-0.653023, 0.329588, -0.165854][-0.16119, 0.55910, 0.81328][0.52001, 0.28183, 0][-0.822432, 0.1019, 0.112162][-0.00105, 0.40363, 0.91492][0.46740, 0.32497, 0][-0.676013, 0.293961, 0.399639][0.25762, 0.45954, 0.84998][0.41295, 0.28866, 0][-0.732748, 0.293732, 0.112026][-0.00318, 0.49684, 0.86784][0.46740, 0.28866, 0][-0.758636, 0.101643, -0.210631][-0.35067, 0.40417, 0.84479][0.52851, 0.32497, 0][-0.732748, 0.293732, 0.112026][-0.00318, 0.49684, 0.86784][0.46740, 0.28866, 0][-0.675906, 0.293502, -0.175566][-0.30750, 0.48267, 0.82004][0.52185, 0.28866, 0][-0.732748, 0.293732, 0.112026][-0.00318, 0.49684, 0.86784][0.46740, 0.28866, 0][-0.758636, 0.101643, -0.210631][-0.35067, 0.40417, 0.84479][0.52851, 0.32497, 0][-0.822432, 0.1019, 0.112162][-0.00105, 0.40363, 0.91492][0.46740, 0.32497, 0][-0.675906, 0.293502, -0.175566][-0.30750, 0.48267, 0.82004][0.52185, 0.28866, 0][-0.58382, 0.101436, -0.471722][-0.50898, 0.40472, 0.75970][0.57795, 0.32497, 0][-0.758636, 0.101643, -0.210631][-0.35067, 0.40417, 0.84479][0.52851, 0.32497, 0][-0.58382, 0.101436, -0.471722][-0.50898, 0.40472, 0.75970][0.57795, 0.32497, 0][-0.675906, 0.293502, -0.175566][-0.30750, 0.48267, 0.82004][0.52185, 0.28866, 0][-0.520154, 0.293317, -0.408185][-0.50569, 0.41788, 0.75476][0.56590, 0.28866, 0][-0.639356, -0.087004, -0.527129][-0.52174, 0.34819, 0.77881][0.58847, 0.36062, 0][-0.758636, 0.101643, -0.210631][-0.35067, 0.40417, 0.84479][0.52851, 0.32497, 0][-0.58382, 0.101436, -0.471722][-0.50898, 0.40472, 0.75970][0.57795, 0.32497, 0][-0.758636, 0.101643, -0.210631][-0.35067, 0.40417, 0.84479][0.52851, 0.32497, 0][-0.639356, -0.087004, -0.527129][-0.52174, 0.34819, 0.77881][0.58847, 0.36062, 0][-0.830804, -0.086776, -0.241202][-0.36117, 0.33842, 0.86892][0.53433, 0.36062, 0][-0.830804, -0.086776, -0.241202][-0.36117, 0.33842, 0.86892][0.53433, 0.36062, 0][-0.822432, 0.1019, 0.112162][-0.00105, 0.40363, 0.91492][0.46740, 0.32497, 0][-0.758636, 0.101643, -0.210631][-0.35067, 0.40417, 0.84479][0.52851, 0.32497, 0][-0.678638, -0.268559, -0.56628][-0.54131, 0.23200, 0.80818][0.59591, 0.39498, 0][-0.830804, -0.086776, -0.241202][-0.36117, 0.33842, 0.86892][0.53433, 0.36062, 0][-0.639356, -0.087004, -0.527129][-0.52174, 0.34819, 0.77881][0.58847, 0.36062, 0][-0.676013, 0.293961, 0.399639][0.25762, 0.45954, 0.84998][0.41295, 0.28866, 0][-0.822432, 0.1019, 0.112162][-0.00105, 0.40363, 0.91492][0.46740, 0.32497, 0][-0.758756, 0.102158, 0.434978][0.34865, 0.40475, 0.84535][0.40628, 0.32497, 0][-0.758756, 0.102158, 0.434978][0.34865, 0.40475, 0.84535][0.40628, 0.32497, 0][-0.520347, 0.294146, 0.632316][0.50474, 0.41868, 0.75495][0.36890, 0.28866, 0][-0.676013, 0.293961, 0.399639][0.25762, 0.45954, 0.84998][0.41295, 0.28866, 0][-0.520347, 0.294146, 0.632316][0.50474, 0.41868, 0.75495][0.36890, 0.28866, 0][-0.758756, 0.102158, 0.434978][0.34865, 0.40475, 0.84535][0.40628, 0.32497, 0][-0.584036, 0.102365, 0.696134][0.51127, 0.39230, 0.76466][0.35684, 0.32497, 0][-0.900672, -0.086495, 0.112297][-0.00150, 0.33799, 0.94115][0.46740, 0.36062, 0][-0.758756, 0.102158, 0.434978][0.34865, 0.40475, 0.84535][0.40628, 0.32497, 0][-0.822432, 0.1019, 0.112162][-0.00105, 0.40363, 0.91492][0.46740, 0.32497, 0][-0.822432, 0.1019, 0.112162][-0.00105, 0.40363, 0.91492][0.46740, 0.32497, 0][-0.830804, -0.086776, -0.241202][-0.36117, 0.33842, 0.86892][0.53433, 0.36062, 0][-0.900672, -0.086495, 0.112297][-0.00150, 0.33799, 0.94115][0.46740, 0.36062, 0][-0.830935, -0.086213, 0.465822][0.35832, 0.33903, 0.86986][0.40047, 0.36062, 0][-0.584036, 0.102365, 0.696134][0.51127, 0.39230, 0.76466][0.35684, 0.32497, 0][-0.758756, 0.102158, 0.434978][0.34865, 0.40475, 0.84535][0.40628, 0.32497, 0][-0.758756, 0.102158, 0.434978][0.34865, 0.40475, 0.84535][0.40628, 0.32497, 0][-0.900672, -0.086495, 0.112297][-0.00150, 0.33799, 0.94115][0.46740, 0.36062, 0][-0.830935, -0.086213, 0.465822][0.35832, 0.33903, 0.86986][0.40047, 0.36062, 0][-0.584036, 0.102365, 0.696134][0.51127, 0.39230, 0.76466][0.35684, 0.32497, 0][-0.830935, -0.086213, 0.465822][0.35832, 0.33903, 0.86986][0.40047, 0.36062, 0][-0.639595, -0.085985, 0.751821][0.52689, 0.31866, 0.78794][0.34633, 0.36062, 0][-0.881846, -0.268317, -0.262787][-0.37543, 0.20762, 0.90330][0.53844, 0.39498, 0][-0.900672, -0.086495, 0.112297][-0.00150, 0.33799, 0.94115][0.46740, 0.36062, 0][-0.830804, -0.086776, -0.241202][-0.36117, 0.33842, 0.86892][0.53433, 0.36062, 0][-0.830804, -0.086776, -0.241202][-0.36117, 0.33842, 0.86892][0.53433, 0.36062, 0][-0.678638, -0.268559, -0.56628][-0.54131, 0.23200, 0.80818][0.59591, 0.39498, 0][-0.881846, -0.268317, -0.262787][-0.37543, 0.20762, 0.90330][0.53844, 0.39498, 0][-0.693539, -0.439787, -0.581051][-0.55636, -0.00429, 0.83093][0.59873, 0.42739, 0][-0.881846, -0.268317, -0.262787][-0.37543, 0.20762, 0.90330][0.53844, 0.39498, 0][-0.678638, -0.268559, -0.56628][-0.54131, 0.23200, 0.80818][0.59591, 0.39498, 0][-0.900672, -0.086495, 0.112297][-0.00150, 0.33799, 0.94115][0.46740, 0.36062, 0][-0.881846, -0.268317, -0.262787][-0.37543, 0.20762, 0.90330][0.53844, 0.39498, 0][-0.956006, -0.268018, 0.112431][-0.00149, 0.20748, 0.97824][0.46740, 0.39498, 0][-0.956006, -0.268018, 0.112431][-0.00149, 0.20748, 0.97824][0.46740, 0.39498, 0][-0.830935, -0.086213, 0.465822][0.35832, 0.33903, 0.86986][0.40047, 0.36062, 0][-0.900672, -0.086495, 0.112297][-0.00150, 0.33799, 0.94115][0.46740, 0.36062, 0][-0.881846, -0.268317, -0.262787][-0.37543, 0.20762, 0.90330][0.53844, 0.39498, 0][-0.693539, -0.439787, -0.581051][-0.55636, -0.00429, 0.83093][0.59873, 0.42739, 0][-0.901211, -0.439539, -0.270892][-0.38083, -0.06841, 0.92211][0.54000, 0.42739, 0][-0.901211, -0.439539, -0.270892][-0.38083, -0.06841, 0.92211][0.54000, 0.42739, 0][-0.956006, -0.268018, 0.112431][-0.00149, 0.20748, 0.97824][0.46740, 0.39498, 0][-0.881846, -0.268317, -0.262787][-0.37543, 0.20762, 0.90330][0.53844, 0.39498, 0][-0.66645, -0.58464, -0.553832][-0.53833, -0.25158, 0.80431][0.59360, 0.45481, 0][-0.901211, -0.439539, -0.270892][-0.38083, -0.06841, 0.92211][0.54000, 0.42739, 0][-0.693539, -0.439787, -0.581051][-0.55636, -0.00429, 0.83093][0.59873, 0.42739, 0][-0.901211, -0.439539, -0.270892][-0.38083, -0.06841, 0.92211][0.54000, 0.42739, 0][-0.66645, -0.58464, -0.553832][-0.53833, -0.25158, 0.80431][0.59360, 0.45481, 0][-0.866005, -0.584403, -0.255792][-0.27435, -0.35039, 0.89552][0.53716, 0.45481, 0][-0.881985, -0.267719, 0.487677][0.37260, 0.20832, 0.90431][0.39636, 0.39498, 0][-0.639595, -0.085985, 0.751821][0.52689, 0.31866, 0.78794][0.34633, 0.36062, 0][-0.830935, -0.086213, 0.465822][0.35832, 0.33903, 0.86986][0.40047, 0.36062, 0][-0.830935, -0.086213, 0.465822][0.35832, 0.33903, 0.86986][0.40047, 0.36062, 0][-0.956006, -0.268018, 0.112431][-0.00149, 0.20748, 0.97824][0.46740, 0.39498, 0][-0.881985, -0.267719, 0.487677][0.37260, 0.20832, 0.90431][0.39636, 0.39498, 0][-0.639595, -0.085985, 0.751821][0.52689, 0.31866, 0.78794][0.34633, 0.36062, 0][-0.881985, -0.267719, 0.487677][0.37260, 0.20832, 0.90431][0.39636, 0.39498, 0][-0.67889, -0.267478, 0.791247][0.54720, 0.17680, 0.81812][0.33889, 0.39498, 0][-0.956006, -0.268018, 0.112431][-0.00149, 0.20748, 0.97824][0.46740, 0.39498, 0][-0.901211, -0.439539, -0.270892][-0.38083, -0.06841, 0.92211][0.54000, 0.42739, 0][-0.977, -0.439234, 0.112564][0.00069, -0.06783, 0.99770][0.46740, 0.42739, 0][-0.977, -0.439234, 0.112564][0.00069, -0.06783, 0.99770][0.46740, 0.42739, 0][-0.881985, -0.267719, 0.487677][0.37260, 0.20832, 0.90431][0.39636, 0.39498, 0][-0.956006, -0.268018, 0.112431][-0.00149, 0.20748, 0.97824][0.46740, 0.39498, 0][-0.866005, -0.584403, -0.255792][-0.27435, -0.35039, 0.89552][0.53716, 0.45481, 0][-0.977, -0.439234, 0.112564][0.00069, -0.06783, 0.99770][0.46740, 0.42739, 0][-0.901211, -0.439539, -0.270892][-0.38083, -0.06841, 0.92211][0.54000, 0.42739, 0][-0.901354, -0.438929, 0.496049][0.38215, -0.06757, 0.92163][0.39480, 0.42739, 0][-0.67889, -0.267478, 0.791247][0.54720, 0.17680, 0.81812][0.33889, 0.39498, 0][-0.881985, -0.267719, 0.487677][0.37260, 0.20832, 0.90431][0.39636, 0.39498, 0][-0.881985, -0.267719, 0.487677][0.37260, 0.20832, 0.90431][0.39636, 0.39498, 0][-0.977, -0.439234, 0.112564][0.00069, -0.06783, 0.99770][0.46740, 0.42739, 0][-0.901354, -0.438929, 0.496049][0.38215, -0.06757, 0.92163][0.39480, 0.42739, 0][-0.67889, -0.267478, 0.791247][0.54720, 0.17680, 0.81812][0.33889, 0.39498, 0][-0.901354, -0.438929, 0.496049][0.38215, -0.06757, 0.92163][0.39480, 0.42739, 0][-0.693797, -0.438681, 0.806284][0.55148, -0.12904, 0.82415][0.33607, 0.42739, 0][-0.977, -0.439234, 0.112564][0.00069, -0.06783, 0.99770][0.46740, 0.42739, 0][-0.866005, -0.584403, -0.255792][-0.27435, -0.35039, 0.89552][0.53716, 0.45481, 0][-0.938833, -0.58411, 0.112686][0.00606, -0.44564, 0.89519][0.46740, 0.45481, 0][-0.938833, -0.58411, 0.112686][0.00606, -0.44564, 0.89519][0.46740, 0.45481, 0][-0.901354, -0.438929, 0.496049][0.38215, -0.06757, 0.92163][0.39480, 0.42739, 0][-0.977, -0.439234, 0.112564][0.00069, -0.06783, 0.99770][0.46740, 0.42739, 0][-0.788556, -0.691457, -0.222738][-0.15320, -0.60984, 0.77758][0.53092, 0.47508, 0][-0.938833, -0.58411, 0.112686][0.00606, -0.44564, 0.89519][0.46740, 0.45481, 0][-0.866005, -0.584403, -0.255792][-0.27435, -0.35039, 0.89552][0.53716, 0.45481, 0][-0.938833, -0.58411, 0.112686][0.00606, -0.44564, 0.89519][0.46740, 0.45481, 0][-0.788556, -0.691457, -0.222738][-0.15320, -0.60984, 0.77758][0.53092, 0.47508, 0][-0.854872, -0.69119, 0.112787][0.05207, -0.61617, 0.78589][0.46740, 0.47508, 0][-0.901354, -0.438929, 0.496049][0.38215, -0.06757, 0.92163][0.39480, 0.42739, 0][-0.938833, -0.58411, 0.112686][0.00606, -0.44564, 0.89519][0.46740, 0.45481, 0][-0.866142, -0.583816, 0.48119][0.32584, -0.40843, 0.85265][0.39763, 0.45481, 0][-0.866142, -0.583816, 0.48119][0.32584, -0.40843, 0.85265][0.39763, 0.45481, 0][-0.693797, -0.438681, 0.806284][0.55148, -0.12904, 0.82415][0.33607, 0.42739, 0][-0.901354, -0.438929, 0.496049][0.38215, -0.06757, 0.92163][0.39480, 0.42739, 0][-0.854872, -0.69119, 0.112787][0.05207, -0.61617, 0.78589][0.46740, 0.47508, 0][-0.866142, -0.583816, 0.48119][0.32584, -0.40843, 0.85265][0.39763, 0.45481, 0][-0.938833, -0.58411, 0.112686][0.00606, -0.44564, 0.89519][0.46740, 0.45481, 0][-0.693797, -0.438681, 0.806284][0.55148, -0.12904, 0.82415][0.33607, 0.42739, 0][-0.866142, -0.583816, 0.48119][0.32584, -0.40843, 0.85265][0.39763, 0.45481, 0][-0.666699, -0.583579, 0.779305][0.53843, -0.25071, 0.80451][0.34120, 0.45481, 0][-0.866142, -0.583816, 0.48119][0.32584, -0.40843, 0.85265][0.39763, 0.45481, 0][-0.854872, -0.69119, 0.112787][0.05207, -0.61617, 0.78589][0.46740, 0.47508, 0][-0.788681, -0.690923, 0.448336][0.15388, -0.60960, 0.77763][0.40387, 0.47508, 0][0.732753, 0.293731, 0.112298][0.00240, 0.49686, -0.86783][0.75506, 0.28866, 0][0.653131, 0.329588, -0.165611][-0.16087, 0.55914, -0.81331][0.70245, 0.28183, 0][0.707942, 0.329808, 0.112265][0.05384, 0.56554, -0.82296][0.75506, 0.28183, 0][0.653131, 0.329588, -0.165611][-0.16087, 0.55914, -0.81331][0.70245, 0.28183, 0][0.732753, 0.293731, 0.112298][0.00240, 0.49686, -0.86783][0.75506, 0.28866, 0][0.676018, 0.293502, -0.175315][-0.25835, 0.45911, -0.84998][0.70061, 0.28866, 0][0.707942, 0.329808, 0.112265][0.05384, 0.56554, -0.82296][0.75506, 0.28183, 0][0.675911, 0.293961, 0.39989][0.30671, 0.48298, -0.82016][0.80951, 0.28866, 0][0.732753, 0.293731, 0.112298][0.00240, 0.49686, -0.86783][0.75506, 0.28866, 0][0.675911, 0.293961, 0.39989][0.30671, 0.48298, -0.82016][0.80951, 0.28866, 0][0.707942, 0.329808, 0.112265][0.05384, 0.56554, -0.82296][0.75506, 0.28183, 0][0.653028, 0.330031, 0.390411][0.16024, 0.55846, -0.81391][0.80773, 0.28183, 0][0.822437, 0.1019, 0.112467][0.00041, 0.40362, -0.91493][0.75506, 0.32497, 0][0.676018, 0.293502, -0.175315][-0.25835, 0.45911, -0.84998][0.70061, 0.28866, 0][0.732753, 0.293731, 0.112298][0.00240, 0.49686, -0.86783][0.75506, 0.28866, 0][0.758635, 0.102157, 0.43526][0.35003, 0.40472, -0.84479][0.81618, 0.32497, 0][0.732753, 0.293731, 0.112298][0.00240, 0.49686, -0.86783][0.75506, 0.28866, 0][0.675911, 0.293961, 0.39989][0.30671, 0.48298, -0.82016][0.80951, 0.28866, 0][0.732753, 0.293731, 0.112298][0.00240, 0.49686, -0.86783][0.75506, 0.28866, 0][0.758635, 0.102157, 0.43526][0.35003, 0.40472, -0.84479][0.81618, 0.32497, 0][0.822437, 0.1019, 0.112467][0.00041, 0.40362, -0.91493][0.75506, 0.32497, 0][0.675911, 0.293961, 0.39989][0.30671, 0.48298, -0.82016][0.80951, 0.28866, 0][0.58382, 0.102365, 0.696351][0.50834, 0.40552, -0.75970][0.86562, 0.32497, 0][0.758635, 0.102157, 0.43526][0.35003, 0.40472, -0.84479][0.81618, 0.32497, 0][0.58382, 0.102365, 0.696351][0.50834, 0.40552, -0.75970][0.86562, 0.32497, 0][0.675911, 0.293961, 0.39989][0.30671, 0.48298, -0.82016][0.80951, 0.28866, 0][0.520158, 0.294145, 0.632509][0.50503, 0.41867, -0.75476][0.85356, 0.28866, 0][0.639356, -0.085985, 0.752058][0.52118, 0.34903, -0.77881][0.87613, 0.36062, 0][0.758635, 0.102157, 0.43526][0.35003, 0.40472, -0.84479][0.81618, 0.32497, 0][0.58382, 0.102365, 0.696351][0.50834, 0.40552, -0.75970][0.86562, 0.32497, 0][0.758635, 0.102157, 0.43526][0.35003, 0.40472, -0.84479][0.81618, 0.32497, 0][0.639356, -0.085985, 0.752058][0.52118, 0.34903, -0.77881][0.87613, 0.36062, 0][0.830804, -0.086213, 0.46613][0.36063, 0.33900, -0.86892][0.82199, 0.36062, 0][0.830804, -0.086213, 0.46613][0.36063, 0.33900, -0.86892][0.82199, 0.36062, 0][0.822437, 0.1019, 0.112467][0.00041, 0.40362, -0.91493][0.75506, 0.32497, 0][0.758635, 0.102157, 0.43526][0.35003, 0.40472, -0.84479][0.81618, 0.32497, 0][0.678643, -0.267477, 0.791499][0.54094, 0.23287, -0.80818][0.88357, 0.39498, 0][0.830804, -0.086213, 0.46613][0.36063, 0.33900, -0.86892][0.82199, 0.36062, 0][0.639356, -0.085985, 0.752058][0.52118, 0.34903, -0.77881][0.87613, 0.36062, 0][0.676018, 0.293502, -0.175315][-0.25835, 0.45911, -0.84998][0.70061, 0.28866, 0][0.822437, 0.1019, 0.112467][0.00041, 0.40362, -0.91493][0.75506, 0.32497, 0][0.758755, 0.101643, -0.210349][-0.34930, 0.40418, -0.84535][0.69395, 0.32497, 0][0.758755, 0.101643, -0.210349][-0.34930, 0.40418, -0.84535][0.69395, 0.32497, 0][0.520352, 0.293317, -0.407992][-0.50541, 0.41785, -0.75495][0.65656, 0.28866, 0][0.676018, 0.293502, -0.175315][-0.25835, 0.45911, -0.84998][0.70061, 0.28866, 0][0.520352, 0.293317, -0.407992][-0.50541, 0.41785, -0.75495][0.65656, 0.28866, 0][0.758755, 0.101643, -0.210349][-0.34930, 0.40418, -0.84535][0.69395, 0.32497, 0][0.584036, 0.101436, -0.471504][-0.51189, 0.39148, -0.76466][0.64451, 0.32497, 0][0.900672, -0.086495, 0.112632][0.00096, 0.33800, -0.94115][0.75506, 0.36062, 0][0.758755, 0.101643, -0.210349][-0.34930, 0.40418, -0.84535][0.69395, 0.32497, 0][0.822437, 0.1019, 0.112467][0.00041, 0.40362, -0.91493][0.75506, 0.32497, 0][0.822437, 0.1019, 0.112467][0.00041, 0.40362, -0.91493][0.75506, 0.32497, 0][0.830804, -0.086213, 0.46613][0.36063, 0.33900, -0.86892][0.82199, 0.36062, 0][0.900672, -0.086495, 0.112632][0.00096, 0.33800, -0.94115][0.75506, 0.36062, 0][0.830935, -0.086776, -0.240892][-0.35886, 0.33848, -0.86986][0.68813, 0.36062, 0][0.584036, 0.101436, -0.471504][-0.51189, 0.39148, -0.76466][0.64451, 0.32497, 0][0.758755, 0.101643, -0.210349][-0.34930, 0.40418, -0.84535][0.69395, 0.32497, 0][0.758755, 0.101643, -0.210349][-0.34930, 0.40418, -0.84535][0.69395, 0.32497, 0][0.900672, -0.086495, 0.112632][0.00096, 0.33800, -0.94115][0.75506, 0.36062, 0][0.830935, -0.086776, -0.240892][-0.35886, 0.33848, -0.86986][0.68813, 0.36062, 0][0.584036, 0.101436, -0.471504][-0.51189, 0.39148, -0.76466][0.64451, 0.32497, 0][0.830935, -0.086776, -0.240892][-0.35886, 0.33848, -0.86986][0.68813, 0.36062, 0][0.639595, -0.087004, -0.526892][-0.52740, 0.31783, -0.78793][0.63399, 0.36062, 0][0.881851, -0.267719, 0.488005][0.37510, 0.20821, -0.90330][0.82610, 0.39498, 0][0.900672, -0.086495, 0.112632][0.00096, 0.33800, -0.94115][0.75506, 0.36062, 0][0.830804, -0.086213, 0.46613][0.36063, 0.33900, -0.86892][0.82199, 0.36062, 0][0.830804, -0.086213, 0.46613][0.36063, 0.33900, -0.86892][0.82199, 0.36062, 0][0.678643, -0.267477, 0.791499][0.54094, 0.23287, -0.80818][0.88357, 0.39498, 0][0.881851, -0.267719, 0.488005][0.37510, 0.20821, -0.90330][0.82610, 0.39498, 0][0.693539, -0.438682, 0.806542][0.55636, -0.00342, -0.83093][0.88639, 0.42739, 0][0.881851, -0.267719, 0.488005][0.37510, 0.20821, -0.90330][0.82610, 0.39498, 0][0.678643, -0.267477, 0.791499][0.54094, 0.23287, -0.80818][0.88357, 0.39498, 0][0.900672, -0.086495, 0.112632][0.00096, 0.33800, -0.94115][0.75506, 0.36062, 0][0.881851, -0.267719, 0.488005][0.37510, 0.20821, -0.90330][0.82610, 0.39498, 0][0.956011, -0.268018, 0.112787][0.00116, 0.20748, -0.97824][0.75506, 0.39498, 0][0.956011, -0.268018, 0.112787][0.00116, 0.20748, -0.97824][0.75506, 0.39498, 0][0.830935, -0.086776, -0.240892][-0.35886, 0.33848, -0.86986][0.68813, 0.36062, 0][0.900672, -0.086495, 0.112632][0.00096, 0.33800, -0.94115][0.75506, 0.36062, 0][0.881851, -0.267719, 0.488005][0.37510, 0.20821, -0.90330][0.82610, 0.39498, 0][0.693539, -0.438682, 0.806542][0.55636, -0.00342, -0.83093][0.88639, 0.42739, 0][0.901211, -0.438929, 0.496383][0.38094, -0.06781, -0.92211][0.82766, 0.42739, 0][0.901211, -0.438929, 0.496383][0.38094, -0.06781, -0.92211][0.82766, 0.42739, 0][0.956011, -0.268018, 0.112787][0.00116, 0.20748, -0.97824][0.75506, 0.39498, 0][0.881851, -0.267719, 0.488005][0.37510, 0.20821, -0.90330][0.82610, 0.39498, 0][0.66645, -0.583579, 0.779554][0.53874, -0.25071, -0.80431][0.88126, 0.45481, 0][0.901211, -0.438929, 0.496383][0.38094, -0.06781, -0.92211][0.82766, 0.42739, 0][0.693539, -0.438682, 0.806542][0.55636, -0.00342, -0.83093][0.88639, 0.42739, 0][0.901211, -0.438929, 0.496383][0.38094, -0.06781, -0.92211][0.82766, 0.42739, 0][0.66645, -0.583579, 0.779554][0.53874, -0.25071, -0.80431][0.88126, 0.45481, 0][0.86601, -0.583817, 0.481513][0.27491, -0.34993, -0.89553][0.82483, 0.45481, 0][0.88199, -0.268317, -0.262459][-0.37293, 0.20773, -0.90431][0.68402, 0.39498, 0][0.639595, -0.087004, -0.526892][-0.52740, 0.31783, -0.78793][0.63399, 0.36062, 0][0.830935, -0.086776, -0.240892][-0.35886, 0.33848, -0.86986][0.68813, 0.36062, 0][0.830935, -0.086776, -0.240892][-0.35886, 0.33848, -0.86986][0.68813, 0.36062, 0][0.956011, -0.268018, 0.112787][0.00116, 0.20748, -0.97824][0.75506, 0.39498, 0][0.88199, -0.268317, -0.262459][-0.37293, 0.20773, -0.90431][0.68402, 0.39498, 0][0.639595, -0.087004, -0.526892][-0.52740, 0.31783, -0.78793][0.63399, 0.36062, 0][0.88199, -0.268317, -0.262459][-0.37293, 0.20773, -0.90431][0.68402, 0.39498, 0][0.678895, -0.268559, -0.566028][-0.54748, 0.17592, -0.81812][0.62655, 0.39498, 0][0.956011, -0.268018, 0.112787][0.00116, 0.20748, -0.97824][0.75506, 0.39498, 0][0.901211, -0.438929, 0.496383][0.38094, -0.06781, -0.92211][0.82766, 0.42739, 0][0.977, -0.439235, 0.112927][-0.00059, -0.06783, -0.99770][0.75506, 0.42739, 0][0.977, -0.439235, 0.112927][-0.00059, -0.06783, -0.99770][0.75506, 0.42739, 0][0.88199, -0.268317, -0.262459][-0.37293, 0.20773, -0.90431][0.68402, 0.39498, 0][0.956011, -0.268018, 0.112787][0.00116, 0.20748, -0.97824][0.75506, 0.39498, 0][0.86601, -0.583817, 0.481513][0.27491, -0.34993, -0.89553][0.82483, 0.45481, 0][0.977, -0.439235, 0.112927][-0.00059, -0.06783, -0.99770][0.75506, 0.42739, 0][0.901211, -0.438929, 0.496383][0.38094, -0.06781, -0.92211][0.82766, 0.42739, 0][0.901354, -0.43954, -0.270558][-0.38205, -0.06817, -0.92163][0.68246, 0.42739, 0][0.678895, -0.268559, -0.566028][-0.54748, 0.17592, -0.81812][0.62655, 0.39498, 0][0.88199, -0.268317, -0.262459][-0.37293, 0.20773, -0.90431][0.68402, 0.39498, 0][0.88199, -0.268317, -0.262459][-0.37293, 0.20773, -0.90431][0.68402, 0.39498, 0][0.977, -0.439235, 0.112927][-0.00059, -0.06783, -0.99770][0.75506, 0.42739, 0][0.901354, -0.43954, -0.270558][-0.38205, -0.06817, -0.92163][0.68246, 0.42739, 0][0.678895, -0.268559, -0.566028][-0.54748, 0.17592, -0.81812][0.62655, 0.39498, 0][0.901354, -0.43954, -0.270558][-0.38205, -0.06817, -0.92163][0.68246, 0.42739, 0][0.693797, -0.439787, -0.580793][-0.55128, -0.12992, -0.82415][0.62373, 0.42739, 0][0.977, -0.439235, 0.112927][-0.00059, -0.06783, -0.99770][0.75506, 0.42739, 0][0.86601, -0.583817, 0.481513][0.27491, -0.34993, -0.89553][0.82483, 0.45481, 0][0.938838, -0.584109, 0.113035][-0.00535, -0.44563, -0.89520][0.75506, 0.45481, 0][0.938838, -0.584109, 0.113035][-0.00535, -0.44563, -0.89520][0.75506, 0.45481, 0][0.901354, -0.43954, -0.270558][-0.38205, -0.06817, -0.92163][0.68246, 0.42739, 0][0.977, -0.439235, 0.112927][-0.00059, -0.06783, -0.99770][0.75506, 0.42739, 0][0.788561, -0.690923, 0.44863][0.15417, -0.60960, -0.77758][0.81859, 0.47508, 0][0.938838, -0.584109, 0.113035][-0.00535, -0.44563, -0.89520][0.75506, 0.45481, 0][0.86601, -0.583817, 0.481513][0.27491, -0.34993, -0.89553][0.82483, 0.45481, 0][0.938838, -0.584109, 0.113035][-0.00535, -0.44563, -0.89520][0.75506, 0.45481, 0][0.788561, -0.690923, 0.44863][0.15417, -0.60960, -0.77758][0.81859, 0.47508, 0][0.854877, -0.69119, 0.113105][-0.05109, -0.61625, -0.78589][0.75506, 0.47508, 0][0.901354, -0.43954, -0.270558][-0.38205, -0.06817, -0.92163][0.68246, 0.42739, 0][0.938838, -0.584109, 0.113035][-0.00535, -0.44563, -0.89520][0.75506, 0.45481, 0][0.866147, -0.584403, -0.255469][-0.32519, -0.40894, -0.85266][0.68530, 0.45481, 0][0.866147, -0.584403, -0.255469][-0.32519, -0.40894, -0.85266][0.68530, 0.45481, 0][0.693797, -0.439787, -0.580793][-0.55128, -0.12992, -0.82415][0.62373, 0.42739, 0][0.901354, -0.43954, -0.270558][-0.38205, -0.06817, -0.92163][0.68246, 0.42739, 0][0.854877, -0.69119, 0.113105][-0.05109, -0.61625, -0.78589][0.75506, 0.47508, 0][0.866147, -0.584403, -0.255469][-0.32519, -0.40894, -0.85266][0.68530, 0.45481, 0][0.938838, -0.584109, 0.113035][-0.00535, -0.44563, -0.89520][0.75506, 0.45481, 0][0.693797, -0.439787, -0.580793][-0.55128, -0.12992, -0.82415][0.62373, 0.42739, 0][0.866147, -0.584403, -0.255469][-0.32519, -0.40894, -0.85266][0.68530, 0.45481, 0][0.666698, -0.584641, -0.553584][-0.53804, -0.25157, -0.80450][0.62886, 0.45481, 0][0.866147, -0.584403, -0.255469][-0.32519, -0.40894, -0.85266][0.68530, 0.45481, 0][0.854877, -0.69119, 0.113105][-0.05109, -0.61625, -0.78589][0.75506, 0.47508, 0][0.788686, -0.691457, -0.222444][-0.15291, -0.60984, -0.77763][0.69154, 0.47508, 0][0.520158, 0.294145, 0.632509][0.54362, 0.56503, -0.62066][0.05891, 0.15068, 0][0.653028, 0.330031, 0.390411][0.46114, 0.55873, -0.68933][0.07310, 0.09991, 0][0.502547, 0.330209, 0.615121][0.62033, 0.56556, -0.54345][0.06719, 0.15077, 0][0.653028, 0.330031, 0.390411][0.46114, 0.55873, -0.68933][0.07310, 0.09991, 0][0.520158, 0.294145, 0.632509][0.54362, 0.56503, -0.62066][0.05891, 0.15068, 0][0.675911, 0.293961, 0.39989][0.46118, 0.55857, -0.68943][0.06504, 0.09804, 0][0.502547, 0.330209, 0.615121][0.62033, 0.56556, -0.54345][0.06719, 0.15077, 0][0.28748, 0.29427, 0.788175][0.68912, 0.55903, -0.46108][0.06446, 0.20066, 0][0.520158, 0.294145, 0.632509][0.54362, 0.56503, -0.62066][0.05891, 0.15068, 0][0.28748, 0.29427, 0.788175][0.68912, 0.55903, -0.46108][0.06446, 0.20066, 0][0.502547, 0.330209, 0.615121][0.62033, 0.56556, -0.54345][0.06719, 0.15077, 0][0.277748, 0.330329, 0.765353][0.68862, 0.56012, -0.46050][0.07256, 0.19903, 0][-0.520347, 0.294146, 0.632316][0.61885, 0.56782, 0.54278][0.04258, 0.73108, 0][-0.277988, 0.330329, 0.765156][0.68755, 0.56131, 0.46066][0.05679, 0.68026, 0][-0.50273, 0.33021, 0.614677][0.54209, 0.56776, 0.61950][0.05087, 0.73113, 0][-0.277988, 0.330329, 0.765156][0.68755, 0.56131, 0.46066][0.05679, 0.68026, 0][-0.520347, 0.294146, 0.632316][0.61885, 0.56782, 0.54278][0.04258, 0.73108, 0][-0.287729, 0.29427, 0.788067][0.68756, 0.56130, 0.46066][0.04870, 0.67844, 0][-0.50273, 0.33021, 0.614677][0.54209, 0.56776, 0.61950][0.05087, 0.73113, 0][-0.676013, 0.293961, 0.399639][0.45995, 0.56113, 0.68817][0.04817, 0.78106, 0][-0.520347, 0.294146, 0.632316][0.61885, 0.56782, 0.54278][0.04258, 0.73108, 0][-0.676013, 0.293961, 0.399639][0.45995, 0.56113, 0.68817][0.04817, 0.78106, 0][-0.50273, 0.33021, 0.614677][0.54209, 0.56776, 0.61950][0.05087, 0.73113, 0][-0.653126, 0.33003, 0.389878][0.45995, 0.56114, 0.68817][0.05628, 0.77941, 0][-0.043297, 0.752461, -0.656726][-1.00000, -0.00080, 0.00000][0.95374, 0.84254, 0][-0.00118898, 0.794644, -0.65676][-1.00000, -0.00081, -0.00000][0.96626, 0.84199, 0][0.040984, 0.752525, -0.656726][-1.00000, -0.00079, -0.00000][0.96681, 0.85451, 0][0.088475, 0.705091, -0.656689][-1.00000, -0.00082, -0.00002][0.96743, 0.86861, 0][-0.043297, 0.752461, -0.656726][-1.00000, -0.00080, 0.00000][0.95374, 0.84254, 0][0.040984, 0.752525, -0.656726][-1.00000, -0.00079, -0.00000][0.96681, 0.85451, 0][-0.043297, 0.752461, -0.656726][-1.00000, -0.00080, 0.00000][0.95374, 0.84254, 0][0.088475, 0.705091, -0.656689][-1.00000, -0.00082, -0.00002][0.96743, 0.86861, 0][-0.125396, 0.670209, -0.656658][-1.00000, -0.00081, 0.00001][0.92933, 0.84362, 0][0.088475, 0.705091, -0.656689][-1.00000, -0.00082, -0.00002][0.96743, 0.86861, 0][-0.125198, 0.413057, -0.65645][-1.00000, -0.00085, -0.00004][0.89283, 0.88349, 0][-0.125396, 0.670209, -0.656658][-1.00000, -0.00081, 0.00001][0.92933, 0.84362, 0][-0.125198, 0.413057, -0.65645][-1.00000, -0.00085, -0.00004][0.89283, 0.88349, 0][0.088475, 0.705091, -0.656689][-1.00000, -0.00082, -0.00002][0.96743, 0.86861, 0][-0.103925, 0.391809, -0.656429][-1.00000, -0.00089, -0.00010][0.89311, 0.88980, 0][0.123211, 0.670401, -0.656658][-1.00000, -0.00083, -0.00001][0.96789, 0.87892, 0][-0.103925, 0.391809, -0.656429][-1.00000, -0.00081, -0.00000][0.89311, 0.88980, 0][0.088475, 0.705091, -0.656689][-1.00000, -0.00085, -0.00004][0.96743, 0.86861, 0][0.123409, 0.413249, -0.65645][-1.00000, -0.00081, 0.00002][0.93138, 0.91879, 0][-0.103925, 0.391809, -0.656429][-1.00000, -0.00081, -0.00000][0.89311, 0.88980, 0][0.123211, 0.670401, -0.656658][-1.00000, -0.00083, -0.00001][0.96789, 0.87892, 0][0.123409, 0.413249, -0.65645][-1.00000, -0.00081, 0.00002][0.93138, 0.91879, 0][0.041309, 0.330998, -0.656382][-1.00000, -0.00082, 0.00000][0.90698, 0.91986, 0][-0.103925, 0.391809, -0.656429][-1.00000, -0.00081, -0.00000][0.89311, 0.88980, 0][0.041309, 0.330998, -0.656382][-1.00000, -0.00082, 0.00000][0.90698, 0.91986, 0][-0.042971, 0.330933, -0.656382][-1.00000, -0.00082, -0.00000][0.89391, 0.90790, 0][-0.103925, 0.391809, -0.656429][-1.00000, -0.00081, -0.00000][0.89311, 0.88980, 0][-0.042971, 0.330933, -0.656382][-1.00000, -0.00082, -0.00000][0.89391, 0.90790, 0][0.041309, 0.330998, -0.656382][-1.00000, -0.00082, 0.00000][0.90698, 0.91986, 0][-0.000797977, 0.288811, -0.656345][-1.00000, -0.00088, -0.00000][0.89446, 0.92041, 0][0.287731, 0.293193, -0.563744][-0.82043, 0.48226, -0.30711][0.79368, 0.01683, 0][0.000133021, 0.329245, -0.595808][-0.82324, 0.56509, -0.05431][0.73923, 0.01000, 0][0.27799, 0.329289, -0.540889][-0.81371, 0.55860, -0.16074][0.79184, 0.01000, 0][0.000133021, 0.329245, -0.595808][-0.82324, 0.56509, -0.05431][0.73923, 0.01000, 0][0.287731, 0.293193, -0.563744][-0.82043, 0.48226, -0.30711][0.79368, 0.01683, 0][0.000137022, 0.293148, -0.620585][-0.86824, 0.49614, -0.00279][0.73923, 0.01683, 0][0.000137022, 0.293148, -0.620585][-0.86824, 0.49614, -0.00279][0.73923, 0.01683, 0][-0.277746, 0.329289, -0.540993][-0.81379, 0.55858, 0.16044][0.68662, 0.01000, 0][0.000133021, 0.329245, -0.595808][-0.82324, 0.56509, -0.05431][0.73923, 0.01000, 0][-0.277746, 0.329289, -0.540993][-0.81379, 0.55858, 0.16044][0.68662, 0.01000, 0][0.000137022, 0.293148, -0.620585][-0.86824, 0.49614, -0.00279][0.73923, 0.01683, 0][-0.287477, 0.293193, -0.563851][-0.85035, 0.45865, 0.25798][0.68478, 0.01683, 0][0.322947, 0.101296, -0.646319][-0.84512, 0.40377, -0.35035][0.80035, 0.05314, 0][0.000137022, 0.293148, -0.620585][-0.86824, 0.49614, -0.00279][0.73923, 0.01683, 0][0.287731, 0.293193, -0.563744][-0.82043, 0.48226, -0.30711][0.79368, 0.01683, 0][0.000154025, 0.101245, -0.710116][-0.91525, 0.40289, -0.00073][0.73923, 0.05314, 0][-0.287477, 0.293193, -0.563851][-0.85035, 0.45865, 0.25798][0.68478, 0.01683, 0][0.000137022, 0.293148, -0.620585][-0.86824, 0.49614, -0.00279][0.73923, 0.01683, 0][0.000137022, 0.293148, -0.620585][-0.86824, 0.49614, -0.00279][0.73923, 0.01683, 0][0.322947, 0.101296, -0.646319][-0.84512, 0.40377, -0.35035][0.80035, 0.05314, 0][0.000154025, 0.101245, -0.710116][-0.91525, 0.40289, -0.00073][0.73923, 0.05314, 0][0.287731, 0.293193, -0.563744][-0.82043, 0.48226, -0.30711][0.79368, 0.01683, 0][0.584036, 0.101436, -0.471504][-0.76002, 0.40452, -0.50866][0.84978, 0.05314, 0][0.322947, 0.101296, -0.646319][-0.84512, 0.40377, -0.35035][0.80035, 0.05314, 0][0.584036, 0.101436, -0.471504][-0.76002, 0.40452, -0.50866][0.84978, 0.05314, 0][0.287731, 0.293193, -0.563744][-0.82043, 0.48226, -0.30711][0.79368, 0.01683, 0][0.520352, 0.293317, -0.407992][-0.75510, 0.41766, -0.50536][0.83773, 0.01683, 0][0.639595, -0.087004, -0.526892][-0.77909, 0.34799, -0.52146][0.86030, 0.08879, 0][0.322947, 0.101296, -0.646319][-0.84512, 0.40377, -0.35035][0.80035, 0.05314, 0][0.584036, 0.101436, -0.471504][-0.76002, 0.40452, -0.50866][0.84978, 0.05314, 0][0.322947, 0.101296, -0.646319][-0.84512, 0.40377, -0.35035][0.80035, 0.05314, 0][0.639595, -0.087004, -0.526892][-0.77909, 0.34799, -0.52146][0.86030, 0.08879, 0][0.353669, -0.087156, -0.718333][-0.86920, 0.33801, -0.36089][0.80616, 0.08879, 0][0.353669, -0.087156, -0.718333][-0.86920, 0.33801, -0.36089][0.80616, 0.08879, 0][0.000154025, 0.101245, -0.710116][-0.91525, 0.40289, -0.00073][0.73923, 0.05314, 0][0.322947, 0.101296, -0.646319][-0.84512, 0.40377, -0.35035][0.80035, 0.05314, 0][0.678895, -0.268559, -0.566028][-0.80837, 0.23179, -0.54112][0.86774, 0.12315, 0][0.353669, -0.087156, -0.718333][-0.86920, 0.33801, -0.36089][0.80616, 0.08879, 0][0.639595, -0.087004, -0.526892][-0.77909, 0.34799, -0.52146][0.86030, 0.08879, 0][-0.287477, 0.293193, -0.563851][-0.85035, 0.45865, 0.25798][0.68478, 0.01683, 0][0.000154025, 0.101245, -0.710116][-0.91525, 0.40289, -0.00073][0.73923, 0.05314, 0][-0.322664, 0.101296, -0.646439][-0.84568, 0.40379, 0.34897][0.67811, 0.05314, 0][-0.322664, 0.101296, -0.646439][-0.84568, 0.40379, 0.34897][0.67811, 0.05314, 0][-0.520154, 0.293317, -0.408185][-0.75528, 0.41767, 0.50507][0.64073, 0.01683, 0][-0.287477, 0.293193, -0.563851][-0.85035, 0.45865, 0.25798][0.68478, 0.01683, 0][-0.520154, 0.293317, -0.408185][-0.75528, 0.41767, 0.50507][0.64073, 0.01683, 0][-0.322664, 0.101296, -0.646439][-0.84568, 0.40379, 0.34897][0.67811, 0.05314, 0][-0.58382, 0.101436, -0.471722][-0.76498, 0.39128, 0.51157][0.62867, 0.05314, 0][0.000168028, -0.087212, -0.7882][-0.94142, 0.33724, -0.00123][0.73923, 0.08879, 0][-0.322664, 0.101296, -0.646439][-0.84568, 0.40379, 0.34897][0.67811, 0.05314, 0][0.000154025, 0.101245, -0.710116][-0.91525, 0.40289, -0.00073][0.73923, 0.05314, 0][0.000154025, 0.101245, -0.710116][-0.91525, 0.40289, -0.00073][0.73923, 0.05314, 0][0.353669, -0.087156, -0.718333][-0.86920, 0.33801, -0.36089][0.80616, 0.08879, 0][0.000168028, -0.087212, -0.7882][-0.94142, 0.33724, -0.00123][0.73923, 0.08879, 0][-0.353358, -0.087156, -0.718464][-0.87013, 0.33806, 0.35859][0.67230, 0.08879, 0][-0.58382, 0.101436, -0.471722][-0.76498, 0.39128, 0.51157][0.62867, 0.05314, 0][-0.322664, 0.101296, -0.646439][-0.84568, 0.40379, 0.34897][0.67811, 0.05314, 0][-0.322664, 0.101296, -0.646439][-0.84568, 0.40379, 0.34897][0.67811, 0.05314, 0][0.000168028, -0.087212, -0.7882][-0.94142, 0.33724, -0.00123][0.73923, 0.08879, 0][-0.353358, -0.087156, -0.718464][-0.87013, 0.33806, 0.35859][0.67230, 0.08879, 0][-0.58382, 0.101436, -0.471722][-0.76498, 0.39128, 0.51157][0.62867, 0.05314, 0][-0.353358, -0.087156, -0.718464][-0.87013, 0.33806, 0.35859][0.67230, 0.08879, 0][-0.639356, -0.087004, -0.527129][-0.78819, 0.31761, 0.52714][0.61816, 0.08879, 0][0.375398, -0.268721, -0.769235][-0.90346, 0.20721, -0.37526][0.81027, 0.12315, 0][0.000168028, -0.087212, -0.7882][-0.94142, 0.33724, -0.00123][0.73923, 0.08879, 0][0.353669, -0.087156, -0.718333][-0.86920, 0.33801, -0.36089][0.80616, 0.08879, 0][0.353669, -0.087156, -0.718333][-0.86920, 0.33801, -0.36089][0.80616, 0.08879, 0][0.678895, -0.268559, -0.566028][-0.80837, 0.23179, -0.54112][0.86774, 0.12315, 0][0.375398, -0.268721, -0.769235][-0.90346, 0.20721, -0.37526][0.81027, 0.12315, 0][0.693797, -0.439787, -0.580793][-0.83093, -0.00452, -0.55636][0.87056, 0.15556, 0][0.375398, -0.268721, -0.769235][-0.90346, 0.20721, -0.37526][0.81027, 0.12315, 0][0.678895, -0.268559, -0.566028][-0.80837, 0.23179, -0.54112][0.86774, 0.12315, 0][0.000168028, -0.087212, -0.7882][-0.94142, 0.33724, -0.00123][0.73923, 0.08879, 0][0.375398, -0.268721, -0.769235][-0.90346, 0.20721, -0.37526][0.81027, 0.12315, 0][0.00017903, -0.268779, -0.843395][-0.97840, 0.20671, -0.00133][0.73923, 0.12315, 0][0.00017903, -0.268779, -0.843395][-0.97840, 0.20671, -0.00133][0.73923, 0.12315, 0][-0.353358, -0.087156, -0.718464][-0.87013, 0.33806, 0.35859][0.67230, 0.08879, 0][0.000168028, -0.087212, -0.7882][-0.94142, 0.33724, -0.00123][0.73923, 0.08879, 0][0.375398, -0.268721, -0.769235][-0.90346, 0.20721, -0.37526][0.81027, 0.12315, 0][0.693797, -0.439787, -0.580793][-0.83093, -0.00452, -0.55636][0.87056, 0.15556, 0][0.383641, -0.439953, -0.788463][-0.92206, -0.06885, -0.38088][0.81183, 0.15556, 0][0.383641, -0.439953, -0.788463][-0.92206, -0.06885, -0.38088][0.81183, 0.15556, 0][0.00017903, -0.268779, -0.843395][-0.97840, 0.20671, -0.00133][0.73923, 0.12315, 0][0.375398, -0.268721, -0.769235][-0.90346, 0.20721, -0.37526][0.81027, 0.12315, 0][0.666698, -0.584641, -0.553584][-0.80410, -0.25179, -0.53853][0.86543, 0.18298, 0][0.383641, -0.439953, -0.788463][-0.92206, -0.06885, -0.38088][0.81183, 0.15556, 0][0.693797, -0.439787, -0.580793][-0.83093, -0.00452, -0.55636][0.87056, 0.15556, 0][0.383641, -0.439953, -0.788463][-0.92206, -0.06885, -0.38088][0.81183, 0.15556, 0][0.666698, -0.584641, -0.553584][-0.80410, -0.25179, -0.53853][0.86543, 0.18298, 0][0.368655, -0.584799, -0.753143][-0.89525, -0.35087, -0.27463][0.80900, 0.18298, 0][-0.375069, -0.268721, -0.769374][-0.90448, 0.20731, 0.37276][0.66819, 0.12315, 0][-0.639356, -0.087004, -0.527129][-0.78819, 0.31761, 0.52714][0.61816, 0.08879, 0][-0.353358, -0.087156, -0.718464][-0.87013, 0.33806, 0.35859][0.67230, 0.08879, 0][-0.353358, -0.087156, -0.718464][-0.87013, 0.33806, 0.35859][0.67230, 0.08879, 0][0.00017903, -0.268779, -0.843395][-0.97840, 0.20671, -0.00133][0.73923, 0.12315, 0][-0.375069, -0.268721, -0.769374][-0.90448, 0.20731, 0.37276][0.66819, 0.12315, 0][-0.639356, -0.087004, -0.527129][-0.78819, 0.31761, 0.52714][0.61816, 0.08879, 0][-0.375069, -0.268721, -0.769374][-0.90448, 0.20731, 0.37276][0.66819, 0.12315, 0][-0.678638, -0.268559, -0.56628][-0.81826, 0.17571, 0.54734][0.61072, 0.12315, 0][0.00017903, -0.268779, -0.843395][-0.97840, 0.20671, -0.00133][0.73923, 0.12315, 0][0.383641, -0.439953, -0.788463][-0.92206, -0.06885, -0.38088][0.81183, 0.15556, 0][0.000183031, -0.440013, -0.864248][-0.99764, -0.06862, 0.00064][0.73923, 0.15556, 0][0.000183031, -0.440013, -0.864248][-0.99764, -0.06862, 0.00064][0.73923, 0.15556, 0][-0.375069, -0.268721, -0.769374][-0.90448, 0.20731, 0.37276][0.66819, 0.12315, 0][0.00017903, -0.268779, -0.843395][-0.97840, 0.20671, -0.00133][0.73923, 0.12315, 0][0.368655, -0.584799, -0.753143][-0.89525, -0.35087, -0.27463][0.80900, 0.18298, 0][0.000183031, -0.440013, -0.864248][-0.99764, -0.06862, 0.00064][0.73923, 0.15556, 0][0.383641, -0.439953, -0.788463][-0.92206, -0.06885, -0.38088][0.81183, 0.15556, 0][-0.383304, -0.439952, -0.788606][-0.92157, -0.06860, 0.38209][0.66663, 0.15556, 0][-0.678638, -0.268559, -0.56628][-0.81826, 0.17571, 0.54734][0.61072, 0.12315, 0][-0.375069, -0.268721, -0.769374][-0.90448, 0.20731, 0.37276][0.66819, 0.12315, 0][-0.375069, -0.268721, -0.769374][-0.90448, 0.20731, 0.37276][0.66819, 0.12315, 0][0.000183031, -0.440013, -0.864248][-0.99764, -0.06862, 0.00064][0.73923, 0.15556, 0][-0.383304, -0.439952, -0.788606][-0.92157, -0.06860, 0.38209][0.66663, 0.15556, 0][-0.678638, -0.268559, -0.56628][-0.81826, 0.17571, 0.54734][0.61072, 0.12315, 0][-0.383304, -0.439952, -0.788606][-0.92157, -0.06860, 0.38209][0.66663, 0.15556, 0][-0.693539, -0.439787, -0.581051][-0.82405, -0.13013, 0.55138][0.60790, 0.15556, 0][0.000183031, -0.440013, -0.864248][-0.99764, -0.06862, 0.00064][0.73923, 0.15556, 0][0.368655, -0.584799, -0.753143][-0.89525, -0.35087, -0.27463][0.80900, 0.18298, 0][0.000175029, -0.584857, -0.82597][-0.89484, -0.44634, 0.00571][0.73923, 0.18298, 0][0.000175029, -0.584857, -0.82597][-0.89484, -0.44634, 0.00571][0.73923, 0.18298, 0][-0.383304, -0.439952, -0.788606][-0.92157, -0.06860, 0.38209][0.66663, 0.15556, 0][0.000183031, -0.440013, -0.864248][-0.99764, -0.06862, 0.00064][0.73923, 0.15556, 0][0.335686, -0.691819, -0.675609][-0.77709, -0.61033, -0.15368][0.80276, 0.20325, 0][0.000175029, -0.584857, -0.82597][-0.89484, -0.44634, 0.00571][0.73923, 0.18298, 0][0.368655, -0.584799, -0.753143][-0.89525, -0.35087, -0.27463][0.80900, 0.18298, 0][0.000175029, -0.584857, -0.82597][-0.89484, -0.44634, 0.00571][0.73923, 0.18298, 0][0.335686, -0.691819, -0.675609][-0.77709, -0.61033, -0.15368][0.80276, 0.20325, 0][0.000160026, -0.691871, -0.741924][-0.78540, -0.61683, 0.05158][0.73923, 0.20325, 0][-0.383304, -0.439952, -0.788606][-0.92157, -0.06860, 0.38209][0.66663, 0.15556, 0][0.000175029, -0.584857, -0.82597][-0.89484, -0.44634, 0.00571][0.73923, 0.18298, 0][-0.368331, -0.5848, -0.75328][-0.85233, -0.40936, 0.32551][0.66946, 0.18298, 0][-0.368331, -0.5848, -0.75328][-0.85233, -0.40936, 0.32551][0.66946, 0.18298, 0][-0.693539, -0.439787, -0.581051][-0.82405, -0.13013, 0.55138][0.60790, 0.15556, 0][-0.383304, -0.439952, -0.788606][-0.92157, -0.06860, 0.38209][0.66663, 0.15556, 0][0.000160026, -0.691871, -0.741924][-0.78540, -0.61683, 0.05158][0.73923, 0.20325, 0][-0.368331, -0.5848, -0.75328][-0.85233, -0.40936, 0.32551][0.66946, 0.18298, 0][0.000175029, -0.584857, -0.82597][-0.89484, -0.44634, 0.00571][0.73923, 0.18298, 0][-0.693539, -0.439787, -0.581051][-0.82405, -0.13013, 0.55138][0.60790, 0.15556, 0][-0.368331, -0.5848, -0.75328][-0.85233, -0.40936, 0.32551][0.66946, 0.18298, 0][-0.66645, -0.58464, -0.553832][-0.80431, -0.25179, 0.53823][0.61303, 0.18298, 0][-0.368331, -0.5848, -0.75328][-0.85233, -0.40936, 0.32551][0.66946, 0.18298, 0][0.000160026, -0.691871, -0.741924][-0.78540, -0.61683, 0.05158][0.73923, 0.20325, 0][-0.335391, -0.691819, -0.675734][-0.77715, -0.61034, 0.15339][0.67570, 0.20325, 0][-0.520154, 0.293317, -0.408185][-0.54322, 0.56691, 0.61929][0.21359, 0.73108, 0][-0.653023, 0.329588, -0.165854][-0.46110, 0.56040, 0.68799][0.22781, 0.68026, 0][-0.502543, 0.329408, -0.390596][-0.61995, 0.56685, 0.54254][0.22189, 0.73113, 0][-0.653023, 0.329588, -0.165854][-0.46110, 0.56040, 0.68799][0.22781, 0.68026, 0][-0.520154, 0.293317, -0.408185][-0.54322, 0.56691, 0.61929][0.21359, 0.73108, 0][-0.675906, 0.293502, -0.175566][-0.46111, 0.56038, 0.68801][0.21972, 0.67844, 0][-0.502543, 0.329408, -0.390596][-0.61995, 0.56685, 0.54254][0.22189, 0.73113, 0][-0.287477, 0.293193, -0.563851][-0.68861, 0.56022, 0.46040][0.21919, 0.78106, 0][-0.520154, 0.293317, -0.408185][-0.54322, 0.56691, 0.61929][0.21359, 0.73108, 0][-0.287477, 0.293193, -0.563851][-0.68861, 0.56022, 0.46040][0.21919, 0.78106, 0][-0.502543, 0.329408, -0.390596][-0.61995, 0.56685, 0.54254][0.22189, 0.73113, 0][-0.277746, 0.329289, -0.540993][-0.68862, 0.56020, 0.46041][0.22730, 0.77941, 0][0.520352, 0.293317, -0.407992][-0.61974, 0.56685, -0.54277][0.13051, 0.82838, 0][0.27799, 0.329289, -0.540889][-0.68844, 0.56023, -0.46065][0.07969, 0.81416, 0][0.502734, 0.329408, -0.39041][-0.54299, 0.56691, -0.61949][0.13055, 0.82008, 0][0.27799, 0.329289, -0.540889][-0.68844, 0.56023, -0.46065][0.07969, 0.81416, 0][0.520352, 0.293317, -0.407992][-0.61974, 0.56685, -0.54277][0.13051, 0.82838, 0][0.287731, 0.293193, -0.563744][-0.68845, 0.56022, -0.46065][0.07786, 0.82226, 0][0.502734, 0.329408, -0.39041][-0.54299, 0.56691, -0.61949][0.13055, 0.82008, 0][0.676018, 0.293502, -0.175315][-0.46084, 0.56041, -0.68816][0.18049, 0.82278, 0][0.520352, 0.293317, -0.407992][-0.61974, 0.56685, -0.54277][0.13051, 0.82838, 0][0.676018, 0.293502, -0.175315][-0.46084, 0.56041, -0.68816][0.18049, 0.82278, 0][0.502734, 0.329408, -0.39041][-0.54299, 0.56691, -0.61949][0.13055, 0.82008, 0][0.653131, 0.329588, -0.165611][-0.46085, 0.56039, -0.68817][0.17884, 0.81467, 0][0.041478, 0.292617, -1.28616][-0.60872, -0.63521, 0.47536][0.56147, 0.73516, 0][0.000259045, 0.313238, -1.27549][-0.60872, -0.63521, 0.47536][0.56664, 0.72786, 0][0.045777, 0.314618, -1.31457][-0.58154, -0.65728, 0.47936][0.56700, 0.73921, 0][0.000259045, 0.313238, -1.27549][-0.60872, -0.63521, 0.47536][0.56664, 0.72786, 0][0.041478, 0.292617, -1.28616][-0.60872, -0.63521, 0.47536][0.56147, 0.73516, 0][0.000255045, 0.292642, -1.25563][-0.63514, -0.61235, 0.47076][0.56179, 0.72547, 0][0.000255045, 0.292642, -1.25563][-0.60524, -0.63791, -0.47619][0.70702, 0.56628, 0][-0.045244, 0.314618, -1.31459][-0.60524, -0.63791, -0.47619][0.69326, 0.56109, 0][0.000259045, 0.313238, -1.27549][-0.61791, -0.59593, -0.51289][0.70462, 0.56142, 0][-0.045244, 0.314618, -1.31459][-0.60524, -0.63791, -0.47619][0.69326, 0.56109, 0][0.000255045, 0.292642, -1.25563][-0.60524, -0.63791, -0.47619][0.70702, 0.56628, 0][-0.040956, 0.292617, -1.28616][-0.59059, -0.67781, -0.43793][0.69732, 0.56660, 0][-0.184975, 0.648927, -0.597046][-0.70710, -0.00110, 0.70712][0.91513, 0.89784, 0][-0.18501, 0.694904, -0.597083][-0.70710, -0.00111, 0.70711][0.90860, 0.90496, 0][-0.129202, 0.671784, -0.652856][-0.70711, -0.00113, 0.70710][0.90323, 0.89346, 0][-0.129202, 0.671784, -0.652856][-0.70711, -0.00113, 0.70710][0.90323, 0.89346, 0][-0.184938, 0.600896, -0.597009][-0.70711, -0.00112, 0.70710][0.92195, 0.89039, 0][-0.184975, 0.648927, -0.597046][-0.70710, -0.00110, 0.70712][0.91513, 0.89784, 0][-0.184938, 0.600896, -0.597009][-0.70711, -0.00112, 0.70710][0.92195, 0.89039, 0][-0.129202, 0.671784, -0.652856][-0.70711, -0.00113, 0.70710][0.90323, 0.89346, 0][-0.184904, 0.556977, -0.596972][-0.70716, -0.00117, 0.70705][0.92818, 0.88358, 0][-0.184904, 0.556977, -0.596972][-0.70716, -0.00117, 0.70705][0.92818, 0.88358, 0][-0.129202, 0.671784, -0.652856][-0.70711, -0.00113, 0.70710][0.90323, 0.89346, 0][-0.184892, 0.541637, -0.596958][-0.70716, -0.00118, 0.70705][0.93036, 0.88120, 0][-0.18488, 0.526293, -0.596945][-0.70708, -0.00111, 0.70713][0.93254, 0.87882, 0][-0.184892, 0.541637, -0.596958][-0.70716, -0.00118, 0.70705][0.93036, 0.88120, 0][-0.129202, 0.671784, -0.652856][-0.70711, -0.00113, 0.70710][0.90323, 0.89346, 0][-0.18488, 0.526293, -0.596945][-0.70708, -0.00111, 0.70713][0.93254, 0.87882, 0][-0.129202, 0.671784, -0.652856][-0.70711, -0.00113, 0.70710][0.90323, 0.89346, 0][-0.184847, 0.482373, -0.596911][-0.70704, -0.00108, 0.70718][0.93877, 0.87201, 0][-0.184847, 0.482373, -0.596911][-0.70721, -0.00118, 0.70700][0.93877, 0.87201, 0][-0.126637, 0.670722, -0.655418][-0.70721, -0.00118, 0.70700][0.90298, 0.89293, 0][-0.125396, 0.670209, -0.656658][-0.70715, -0.00114, 0.70706][0.90286, 0.89267, 0][-0.184847, 0.482373, -0.596911][-0.70721, -0.00118, 0.70700][0.93877, 0.87201, 0][-0.129202, 0.671784, -0.652856][-0.70727, -0.00122, 0.70694][0.90323, 0.89346, 0][-0.126637, 0.670722, -0.655418][-0.70721, -0.00118, 0.70700][0.90298, 0.89293, 0][-0.18481, 0.434342, -0.596871][-0.70712, -0.00114, 0.70709][0.88661, 0.87173, 0][-0.184847, 0.482373, -0.596911][-0.70713, -0.00113, 0.70709][0.89343, 0.86428, 0][-0.125198, 0.413057, -0.656446][-0.70712, -0.00113, 0.70709][0.89283, 0.88349, 0][-0.125396, 0.670209, -0.656658][-0.70713, -0.00113, 0.70709][0.92933, 0.84362, 0][-0.125198, 0.413057, -0.656446][-0.70712, -0.00113, 0.70709][0.89283, 0.88349, 0][-0.184847, 0.482373, -0.596911][-0.70713, -0.00113, 0.70709][0.89343, 0.86428, 0][-0.125198, 0.413057, -0.656446][-0.70712, -0.00113, 0.70709][0.89283, 0.88349, 0][-0.184774, 0.388366, -0.596833][-0.70712, -0.00114, 0.70709][0.88008, 0.87885, 0][-0.18481, 0.434342, -0.596871][-0.70712, -0.00114, 0.70709][0.88661, 0.87173, 0][0.123211, 0.670401, -0.656658][-0.70711, -0.00002, -0.70710][0.93937, 0.85281, 0][0.182787, 0.695187, -0.597083][-0.70711, -0.00001, -0.70710][0.95211, 0.85744, 0][0.182823, 0.649214, -0.597046][-0.70711, -0.00001, -0.70710][0.94559, 0.86457, 0][0.182859, 0.60118, -0.597009][-0.70696, -0.00013, -0.70726][0.93877, 0.87201, 0][0.123211, 0.670401, -0.656658][-0.70711, -0.00002, -0.70710][0.93937, 0.85281, 0][0.182823, 0.649214, -0.597046][-0.70711, -0.00001, -0.70710][0.94559, 0.86457, 0][0.123211, 0.670401, -0.656658][-0.70711, -0.00002, -0.70710][0.93937, 0.85281, 0][0.182859, 0.60118, -0.597009][-0.70696, -0.00013, -0.70726][0.93877, 0.87201, 0][0.123409, 0.413249, -0.65645][-0.70662, -0.00034, -0.70760][0.90286, 0.89267, 0][0.182859, 0.60118, -0.597009][-0.70696, -0.00013, -0.70726][0.93877, 0.87201, 0][0.12465, 0.412737, -0.655205][-0.70680, -0.00024, -0.70741][0.90298, 0.89293, 0][0.123409, 0.413249, -0.65645][-0.70662, -0.00034, -0.70760][0.90286, 0.89267, 0][0.12465, 0.412737, -0.655205][-0.70680, -0.00024, -0.70741][0.90298, 0.89293, 0][0.182859, 0.60118, -0.597009][-0.70696, -0.00013, -0.70726][0.93877, 0.87201, 0][0.127215, 0.411678, -0.652643][-0.70748, 0.00018, -0.70673][0.90323, 0.89346, 0][0.127215, 0.411678, -0.652643][-0.70706, -0.00007, -0.70715][0.90323, 0.89346, 0][0.182893, 0.55726, -0.596972][-0.70706, -0.00007, -0.70715][0.93254, 0.87882, 0][0.182905, 0.54192, -0.596958][-0.70703, -0.00009, -0.70718][0.93036, 0.88120, 0][0.127215, 0.411678, -0.652643][-0.70706, -0.00007, -0.70715][0.90323, 0.89346, 0][0.182859, 0.60118, -0.597009][-0.70709, -0.00005, -0.70713][0.93877, 0.87201, 0][0.182893, 0.55726, -0.596972][-0.70706, -0.00007, -0.70715][0.93254, 0.87882, 0][0.182905, 0.54192, -0.596958][-0.70708, -0.00005, -0.70713][0.95888, 0.90731, 0][0.182917, 0.526576, -0.596945][-0.70711, -0.00002, -0.70711][0.95670, 0.90969, 0][0.127215, 0.411678, -0.652643][-0.70711, -0.00003, -0.70711][0.93175, 0.91957, 0][0.182917, 0.526576, -0.596945][-0.70711, -0.00002, -0.70711][0.95670, 0.90969, 0][0.182951, 0.482656, -0.596911][-0.70712, -0.00002, -0.70710][0.95047, 0.91650, 0][0.127215, 0.411678, -0.652643][-0.70711, -0.00003, -0.70711][0.93175, 0.91957, 0][0.182951, 0.482656, -0.596911][-0.70712, -0.00002, -0.70710][0.95047, 0.91650, 0][0.182988, 0.434626, -0.596871][-0.70710, -0.00005, -0.70711][0.94365, 0.92395, 0][0.127215, 0.411678, -0.652643][-0.70711, -0.00003, -0.70711][0.93175, 0.91957, 0][0.183023, 0.388649, -0.596833][-0.70710, -0.00005, -0.70711][0.93712, 0.93108, 0][0.127215, 0.411678, -0.652643][-0.70711, -0.00003, -0.70711][0.93175, 0.91957, 0][0.182988, 0.434626, -0.596871][-0.70710, -0.00005, -0.70711][0.94365, 0.92395, 0][-9.00398e-006, 0.660214, 0.111895][-0.00080, 1.00000, -0.00000][0.93008, 0.04452, 0][0.073127, 0.636029, -0.059499][-0.11913, 0.99168, -0.04876][0.93746, 0.07902, 0][2.50026e-005, 0.636017, -0.073844][-0.12918, 0.99162, -0.00002][0.92336, 0.07904, 0][-9.00398e-006, 0.660214, 0.111895][-0.00080, 1.00000, -0.00000][0.93008, 0.04452, 0][0.132076, 0.636061, -0.020122][-0.09108, 0.99174, -0.09032][0.94985, 0.07384, 0][0.073127, 0.636029, -0.059499][-0.11913, 0.99168, -0.04876][0.93746, 0.07902, 0][-9.00398e-006, 0.660214, 0.111895][-0.00080, 1.00000, -0.00000][0.93008, 0.04452, 0][2.50026e-005, 0.636017, -0.073844][-0.12918, 0.99162, -0.00002][0.92336, 0.07904, 0][-0.073082, 0.636029, -0.059526][-0.11915, 0.99168, 0.04871][0.91029, 0.07373, 0][-9.00398e-006, 0.660214, 0.111895][-0.00080, 1.00000, -0.00000][0.93008, 0.04452, 0][0.171431, 0.636108, 0.038842][-0.04950, 0.99174, -0.11835][0.95929, 0.06431, 0][0.132076, 0.636061, -0.020122][-0.09108, 0.99174, -0.09032][0.94985, 0.07384, 0][-9.00398e-006, 0.660214, 0.111895][-0.00080, 1.00000, -0.00000][0.93008, 0.04452, 0][-0.073082, 0.636029, -0.059526][-0.11915, 0.99168, 0.04871][0.91029, 0.07373, 0][-0.132046, 0.636061, -0.020171][-0.09111, 0.99174, 0.09028][0.90076, 0.06428, 0][-9.00398e-006, 0.660214, 0.111895][-0.00080, 1.00000, -0.00000][0.93008, 0.04452, 0][0.185749, 0.636165, 0.111949][-0.00076, 0.99172, -0.12839][0.96460, 0.05125, 0][0.171431, 0.636108, 0.038842][-0.04950, 0.99174, -0.11835][0.95929, 0.06431, 0][-9.00398e-006, 0.660214, 0.111895][-0.00080, 1.00000, -0.00000][0.93008, 0.04452, 0][-0.132046, 0.636061, -0.020171][-0.09111, 0.99174, 0.09028][0.90076, 0.06428, 0][-0.171423, 0.636108, 0.038778][-0.04954, 0.99174, 0.11834][0.89558, 0.05190, 0][-9.00398e-006, 0.660214, 0.111895][-0.00080, 1.00000, -0.00000][0.93008, 0.04452, 0][0.171404, 0.636224, 0.18505][0.04797, 0.99181, -0.11834][0.96459, 0.03714, 0][0.185749, 0.636165, 0.111949][-0.00076, 0.99172, -0.12839][0.96460, 0.05125, 0][-9.00398e-006, 0.660214, 0.111895][-0.00080, 1.00000, -0.00000][0.93008, 0.04452, 0][-0.171423, 0.636108, 0.038778][-0.04954, 0.99174, 0.11834][0.89558, 0.05190, 0][-0.185768, 0.636165, 0.11188][-0.00081, 0.99172, 0.12839][0.89556, 0.03780, 0][-9.00398e-006, 0.660214, 0.111895][-0.00080, 1.00000, -0.00000][0.93008, 0.04452, 0][0.132028, 0.636271, 0.243999][0.08953, 0.99188, -0.09029][0.95941, 0.02476, 0][0.171404, 0.636224, 0.18505][0.04797, 0.99181, -0.11834][0.96459, 0.03714, 0][-9.00398e-006, 0.660214, 0.111895][-0.00080, 1.00000, -0.00000][0.93008, 0.04452, 0][0.073063, 0.636302, 0.283354][0.11757, 0.99187, -0.04871][0.94987, 0.01531, 0][0.132028, 0.636271, 0.243999][0.08953, 0.99188, -0.09029][0.95941, 0.02476, 0][-9.00398e-006, 0.660214, 0.111895][-0.00080, 1.00000, -0.00000][0.93008, 0.04452, 0][-0.185768, 0.636165, 0.11188][-0.00081, 0.99172, 0.12839][0.89556, 0.03780, 0][-0.171451, 0.636224, 0.184986][0.04792, 0.99181, 0.11835][0.90087, 0.02473, 0][-9.00398e-006, 0.660214, 0.111895][-0.00080, 1.00000, -0.00000][0.93008, 0.04452, 0][-4.40106e-005, 0.636313, 0.297672][0.12760, 0.99183, 0.00002][0.93681, 0.01000, 0][0.073063, 0.636302, 0.283354][0.11757, 0.99187, -0.04871][0.94987, 0.01531, 0][-9.00398e-006, 0.660214, 0.111895][-0.00080, 1.00000, -0.00000][0.93008, 0.04452, 0][-0.171451, 0.636224, 0.184986][0.04792, 0.99181, 0.11835][0.90087, 0.02473, 0][-0.132095, 0.636271, 0.243951][0.08950, 0.99188, 0.09032][0.91032, 0.01520, 0][-9.00398e-006, 0.660214, 0.111895][-0.00080, 1.00000, -0.00000][0.93008, 0.04452, 0][-0.073146, 0.636302, 0.283327][0.11755, 0.99187, 0.04876][0.92270, 0.01002, 0][-4.40106e-005, 0.636313, 0.297672][0.12760, 0.99183, 0.00002][0.93681, 0.01000, 0][-9.00398e-006, 0.660214, 0.111895][-0.00080, 1.00000, -0.00000][0.93008, 0.04452, 0][-0.132095, 0.636271, 0.243951][0.08950, 0.99188, 0.09032][0.91032, 0.01520, 0][-0.073146, 0.636302, 0.283327][0.11755, 0.99187, 0.04876][0.92270, 0.01002, 0][0.00419396, 0.411813, 1.01189][0.78614, -0.61804, 0.00124][0.36860, 0.00257, 0][-0.101657, 0.134509, 0.793715][0.78614, -0.61804, 0.00124][0.50700, 0.00257, 0][0.109038, 0.134428, 0.793984][0.78614, -0.61804, 0.00124][0.48183, 0.07529, 0][0.643125, 0.41211, 0.747237][0.55724, -0.61779, -0.55482][0.36860, 0.00257, 0][0.413912, 0.134819, 0.668033][0.55724, -0.61779, -0.55482][0.50700, 0.00257, 0][0.563084, 0.134576, 0.51924][0.55724, -0.61779, -0.55482][0.48183, 0.07529, 0][-0.634737, 0.411085, 0.747238][0.55481, -0.61868, 0.55626][0.36860, 0.00257, 0][-0.555091, 0.133929, 0.518029][0.55481, -0.61868, 0.55626][0.50700, 0.00257, 0][-0.406294, 0.133915, 0.667198][0.55481, -0.61868, 0.55626][0.48183, 0.07529, 0][0.313064, 0.349549, 0.882934][0.74609, -0.61789, -0.24814][0.52423, 0.00323, 0][0.219777, 0.197057, 0.787671][0.74609, -0.61789, -0.24814][0.54816, 0.06463, 0][0.329695, 0.196989, 0.751057][0.74609, -0.61789, -0.24814][0.50317, 0.06692, 0][-0.34115, 0.349009, 0.867332][0.69523, -0.61842, 0.36635][0.52423, 0.00323, 0][-0.336822, 0.196571, 0.734015][0.69523, -0.61842, 0.36635][0.54816, 0.06463, 0][-0.234323, 0.196558, 0.788015][0.69523, -0.61842, 0.36635][0.50317, 0.06692, 0][0.00419396, 0.395033, 1.03312][0.73666, -0.67626, 0.00116][0.36860, 0.00257, 0][-0.101657, 0.114532, 0.775452][0.73666, -0.67626, 0.00116][0.50700, 0.00257, 0][0.109038, 0.114464, 0.775722][0.73666, -0.67626, 0.00116][0.48183, 0.07529, 0][0.907777, 0.411813, 0.108315][0.00220, -0.61804, -0.78615][0.36860, 0.00257, 0][0.689602, 0.13467, 0.214605][0.00220, -0.61804, -0.78615][0.50700, 0.00257, 0][0.689873, 0.134266, 0.00391402][0.00220, -0.61804, -0.78615][0.48183, 0.07529, 0][0.786017, 0.349535, 0.398479][0.31657, -0.61786, -0.71974][0.52423, 0.00323, 0][0.652744, 0.197097, 0.403965][0.31657, -0.61786, -0.71974][0.54816, 0.06463, 0][0.699262, 0.196922, 0.297861][0.31657, -0.61786, -0.71974][0.50317, 0.06692, 0][-0.899389, 0.41037, 0.108316][-0.00124, -0.61929, 0.78516][0.36860, 0.00257, 0][-0.680774, 0.133416, 0.00246698][-0.00124, -0.61929, 0.78516][0.50700, 0.00257, 0][-0.681044, 0.133335, 0.213158][-0.00124, -0.61929, 0.78516][0.48183, 0.07529, 0][-0.772068, 0.348308, 0.412804][0.24392, -0.61907, 0.74650][0.52423, 0.00323, 0][-0.676035, 0.195964, 0.320057][0.24392, -0.61907, 0.74650][0.54816, 0.06463, 0][-0.640042, 0.195951, 0.430179][0.24392, -0.61907, 0.74650][0.50317, 0.06692, 0][0.657989, 0.395545, 0.762314][0.52244, -0.67575, -0.52002][0.36860, 0.00257, 0][0.400959, 0.114842, 0.65508][0.52244, -0.67575, -0.52002][0.50700, 0.00257, 0][0.55013, 0.114599, 0.506285][0.52244, -0.67575, -0.52002][0.48183, 0.07529, 0][0.000311055, 0.319459, -1.55581][-0.44244, -0.89076, -0.10394][0.20886, 0.07817, 0][0.068987, 0.292484, -1.45407][-0.42894, -0.85175, -0.30090][0.19586, 0.05891, 0][0.000301053, 0.292448, -1.49988][-0.44155, -0.89041, 0.11049][0.20886, 0.06758, 0][0.068987, 0.292484, -1.45407][-0.42894, -0.85175, -0.30090][0.19586, 0.05891, 0][0.000311055, 0.319459, -1.55581][-0.44244, -0.89076, -0.10394][0.20886, 0.07817, 0][0.0647041, 0.318491, -1.50675][-0.43996, -0.83807, -0.32260][0.19667, 0.06888, 0][0.000301053, 0.292448, -1.49988][-0.44155, -0.89041, 0.11049][0.20886, 0.06758, 0][-0.0640999, 0.318491, -1.50677][-0.42846, -0.85267, 0.29897][0.22106, 0.06888, 0][0.000311055, 0.319459, -1.55581][-0.44244, -0.89076, -0.10394][0.20886, 0.07817, 0][-0.0640999, 0.318491, -1.50677][-0.42846, -0.85267, 0.29897][0.22106, 0.06888, 0][0.000301053, 0.292448, -1.49988][-0.44155, -0.89041, 0.11049][0.20886, 0.06758, 0][-0.0684029, 0.292484, -1.4541][-0.44229, -0.84691, 0.29516][0.22187, 0.05891, 0][-0.649814, 0.394305, 0.762102][0.51989, -0.67681, 0.52120][0.36860, 0.00257, 0][-0.542137, 0.113952, 0.505074][0.51989, -0.67681, 0.52120][0.50700, 0.00257, 0][-0.393341, 0.113952, 0.654245][0.51989, -0.67681, 0.52120][0.48183, 0.07529, 0][0.643125, 0.411085, -0.530604][-0.55386, -0.61867, -0.55721][0.36860, 0.00257, 0][0.56392, 0.134158, -0.300957][-0.55386, -0.61867, -0.55721][0.50700, 0.00257, 0][0.415123, 0.133686, -0.450126][-0.55386, -0.61867, -0.55721][0.48183, 0.07529, 0][0.777549, 0.349049, -0.20362][-0.25020, -0.61828, -0.74507][0.52423, 0.00323, 0][0.682669, 0.196706, -0.109702][-0.25020, -0.61828, -0.74507][0.54816, 0.06463, 0][0.645607, 0.196463, -0.219467][-0.25020, -0.61828, -0.74507][0.50317, 0.06692, 0][-0.634737, 0.410073, -0.530604][-0.55626, -0.61955, 0.55384][0.36860, 0.00257, 0][-0.405083, 0.133268, -0.450961][-0.55626, -0.61955, 0.55384][0.50700, 0.00257, 0][-0.554256, 0.133025, -0.302168][-0.55626, -0.61955, 0.55384][0.48183, 0.07529, 0][0.929013, 0.395033, 0.108315][0.00229, -0.67626, -0.73666][0.36860, 0.00257, 0][0.671339, 0.114707, 0.214605][0.00229, -0.67626, -0.73666][0.50700, 0.00257, 0][0.671609, 0.114289, 0.00391402][0.00229, -0.67626, -0.73666][0.48183, 0.07529, 0][-0.776889, 0.347835, -0.183473][-0.31719, -0.61947, 0.71808][0.52423, 0.00323, 0][-0.64336, 0.195586, -0.188423][-0.31719, -0.61947, 0.71808][0.54816, 0.06463, 0][-0.690114, 0.195505, -0.082421][-0.31719, -0.61947, 0.71808][0.50317, 0.06692, 0][-0.920625, 0.39359, 0.108316][-0.00116, -0.67735, 0.73566][0.36860, 0.00257, 0][-0.66251, 0.113439, 0.00246698][-0.00116, -0.67735, 0.73566][0.50700, 0.00257, 0][-0.66278, 0.113372, 0.213158][-0.00116, -0.67735, 0.73566][0.48183, 0.07529, 0][0.319861, 0.332984, 0.903107][0.66385, -0.71456, -0.22069][0.52423, 0.00323, 0][0.214043, 0.177079, 0.77047][0.66385, -0.71456, -0.22069][0.54816, 0.06463, 0][0.323961, 0.177012, 0.733856][0.66385, -0.71456, -0.22069][0.50317, 0.06692, 0][0.346074, 0.348348, -0.652214][-0.69595, -0.61894, -0.36409][0.52423, 0.00323, 0][0.342612, 0.196112, -0.518635][-0.69595, -0.61894, -0.36409][0.54816, 0.06463, 0][0.239862, 0.195856, -0.572162][-0.69595, -0.61894, -0.36409][0.50317, 0.06692, 0][-0.351132, 0.332229, 0.886019][0.61809, -0.71549, 0.32564][0.52423, 0.00323, 0][-0.328327, 0.176594, 0.717875][0.61809, -0.71549, 0.32564][0.54816, 0.06463, 0][-0.225829, 0.176594, 0.771876][0.61809, -0.71549, 0.32564][0.50317, 0.06692, 0][-0.303974, 0.347822, -0.66644][-0.74532, -0.61944, 0.24657][0.52423, 0.00323, 0][-0.210519, 0.195627, -0.570867][-0.74532, -0.61944, 0.24657][0.54816, 0.06463, 0][-0.320466, 0.195438, -0.534337][-0.74532, -0.61944, 0.24657][0.50317, 0.06692, 0][0.658202, 0.394304, -0.54547][-0.51879, -0.67681, -0.52230][0.36860, 0.00257, 0][0.550966, 0.114194, -0.288002][-0.51879, -0.67681, -0.52230][0.50700, 0.00257, 0][0.40217, 0.113709, -0.437173][-0.51879, -0.67681, -0.52230][0.48183, 0.07529, 0][-0.649602, 0.393293, -0.545682][-0.52126, -0.67757, 0.51884][0.36860, 0.00257, 0][-0.39213, 0.113304, -0.438008][-0.52126, -0.67757, 0.51884][0.50700, 0.00257, 0][-0.541301, 0.113061, -0.289213][-0.52126, -0.67757, 0.51884][0.48183, 0.07529, 0][0.805341, 0.332971, 0.406974][0.28194, -0.71444, -0.64037][0.52423, 0.00323, 0][0.635967, 0.17712, 0.396745][0.28194, -0.71444, -0.64037][0.54816, 0.06463, 0][0.682486, 0.176945, 0.290642][0.28194, -0.71444, -0.64037][0.50317, 0.06692, 0][-0.792243, 0.331527, 0.419387][0.21672, -0.71628, 0.66330][0.52423, 0.00323, 0][-0.658622, 0.176001, 0.314324][0.21672, -0.71628, 0.66330][0.54816, 0.06463, 0][-0.622627, 0.175987, 0.424447][0.21672, -0.71628, 0.66330][0.50317, 0.06692, 0][0.797722, 0.332269, -0.210415][-0.22206, -0.71553, -0.66235][0.52423, 0.00323, 0][0.665468, 0.176742, -0.103756][-0.22206, -0.71553, -0.66235][0.54816, 0.06463, 0][0.628406, 0.1765, -0.213522][-0.22206, -0.71553, -0.66235][0.50317, 0.06692, 0][-0.796214, 0.331042, -0.191968][-0.28201, -0.71641, 0.63814][0.52423, 0.00323, 0][-0.626584, 0.175623, -0.18099][-0.28201, -0.71641, 0.63814][0.54816, 0.06463, 0][-0.673337, 0.175542, -0.074989][-0.28201, -0.71641, 0.63814][0.50317, 0.06692, 0][-0.000732979, 0.204556, -0.596682][-0.70676, -0.50086, 0.49963][0.88249, 0.93348, 0][-0.042971, 0.330933, -0.656382][-0.70676, -0.50086, 0.49963][0.89391, 0.90790, 0][-0.000797977, 0.288811, -0.656345][-0.70676, -0.50086, 0.49963][0.89446, 0.92041, 0][-0.085079, 0.288794, -0.596753][-0.70677, -0.50086, 0.49962][0.88139, 0.90845, 0][-0.042971, 0.330933, -0.656382][-0.70676, -0.50086, 0.49963][0.89391, 0.90790, 0][-0.000732979, 0.204556, -0.596682][-0.70676, -0.50086, 0.49963][0.88249, 0.93348, 0][-0.184774, 0.388366, -0.596833][-0.70675, -0.50087, 0.49963][0.88008, 0.87885, 0][-0.125198, 0.413057, -0.65645][-0.70673, -0.50091, 0.49962][0.89283, 0.88349, 0][-0.103925, 0.391809, -0.656429][-0.70675, -0.50086, 0.49964][0.89311, 0.88980, 0][-0.184774, 0.388366, -0.596833][-0.70675, -0.50087, 0.49963][0.88008, 0.87885, 0][-0.103925, 0.391809, -0.656429][-0.70675, -0.50086, 0.49964][0.89311, 0.88980, 0][-0.085079, 0.288794, -0.596753][-0.70677, -0.50083, 0.49965][0.88139, 0.90845, 0][-0.042971, 0.330933, -0.656382][-0.70677, -0.50083, 0.49965][0.89391, 0.90790, 0][-0.085079, 0.288794, -0.596753][-0.70677, -0.50083, 0.49965][0.88139, 0.90845, 0][-0.103925, 0.391809, -0.656429][-0.70675, -0.50086, 0.49964][0.89311, 0.88980, 0][0.083482, 0.288926, -0.596753][-0.70676, -0.50008, -0.50041][0.90753, 0.93238, 0][-0.000797977, 0.288811, -0.656345][-0.70676, -0.50008, -0.50041][0.89446, 0.92041, 0][0.041309, 0.330998, -0.656382][-0.70676, -0.50008, -0.50041][0.90698, 0.91986, 0][-0.000732979, 0.204556, -0.596682][-0.70676, -0.50009, -0.50041][0.88249, 0.93348, 0][-0.000797977, 0.288811, -0.656345][-0.70676, -0.50008, -0.50041][0.89446, 0.92041, 0][0.083482, 0.288926, -0.596753][-0.70676, -0.50008, -0.50041][0.90753, 0.93238, 0][0.083482, 0.288926, -0.596753][-0.70696, -0.50007, -0.50014][0.90753, 0.93238, 0][0.12465, 0.412737, -0.655205][-0.70716, -0.50006, -0.49986][0.93150, 0.91904, 0][0.127215, 0.411678, -0.652643][-0.70696, -0.50007, -0.50014][0.93175, 0.91957, 0][0.083482, 0.288926, -0.596753][-0.70696, -0.50007, -0.50014][0.90753, 0.93238, 0][0.127215, 0.411678, -0.652643][-0.70696, -0.50007, -0.50014][0.93175, 0.91957, 0][0.183023, 0.388649, -0.596833][-0.70675, -0.50008, -0.50042][0.93712, 0.93108, 0][0.12465, 0.412737, -0.655205][-0.70618, -0.50047, -0.50083][0.93150, 0.91904, 0][0.041309, 0.330998, -0.656382][-0.70618, -0.50047, -0.50083][0.90698, 0.91986, 0][0.123409, 0.413249, -0.65645][-0.70561, -0.50089, -0.50122][0.93138, 0.91879, 0][0.083482, 0.288926, -0.596753][-0.70676, -0.50006, -0.50043][0.90753, 0.93238, 0][0.041309, 0.330998, -0.656382][-0.70618, -0.50047, -0.50083][0.90698, 0.91986, 0][0.12465, 0.412737, -0.655205][-0.70618, -0.50047, -0.50083][0.93150, 0.91904, 0][0.355842, 0.331568, -0.670902][-0.61888, -0.71547, -0.32418][0.52423, 0.00323, 0][0.33433, 0.176149, -0.502497][-0.61888, -0.71547, -0.32418][0.54816, 0.06463, 0][0.231579, 0.175893, -0.556023][-0.61888, -0.71547, -0.32418][0.50317, 0.06692, 0][-0.310557, 0.331042, -0.686614][-0.66274, -0.71612, 0.21897][0.52423, 0.00323, 0][-0.204785, 0.175663, -0.553666][-0.66274, -0.71612, 0.21897][0.54816, 0.06463, 0][-0.314732, 0.175475, -0.517136][-0.66274, -0.71612, 0.21897][0.50317, 0.06692, 0][-0.0640999, 0.318491, -1.50677][-0.12043, 0.61316, 0.78073][0.58210, 0.72090, 0][-0.0729899, 0.325156, -1.4152][-0.12043, 0.61316, 0.78073][0.59944, 0.72215, 0][-0.0546519, 0.328616, -1.51647][-0.12043, 0.61316, 0.78073][0.58026, 0.72282, 0][-0.772068, 0.348308, 0.412804][0.97623, 0.19438, -0.09584][0.52272, 0.00290, 0][-0.640042, 0.195951, 0.430179][0.97623, 0.19438, -0.09584][0.49858, 0.06653, 0][-0.61959, 0.215469, 0.424285][0.97623, 0.19438, -0.09584][0.48871, 0.06259, 0][-0.776889, 0.347835, -0.183473][0.79074, 0.19378, 0.58066][0.52272, 0.00290, 0][-0.690114, 0.195505, -0.082421][0.79074, 0.19378, 0.58066][0.49858, 0.06653, 0][-0.670968, 0.215024, -0.073145][0.79074, 0.19378, 0.58066][0.48871, 0.06259, 0][-0.34115, 0.349009, 0.867332][0.63404, 0.19457, -0.74843][0.52272, 0.00290, 0][-0.234323, 0.196558, 0.788015][0.63404, 0.19457, -0.74843][0.49858, 0.06653, 0][-0.223738, 0.216062, 0.769535][0.63404, 0.19457, -0.74843][0.48871, 0.06259, 0][-0.899389, 0.41037, 0.108316][0.95748, 0.19416, 0.21339][0.36863, 0.00491, 0][-0.681044, 0.133335, 0.213158][0.95748, 0.19416, 0.21339][0.47369, 0.07354, 0][-0.642369, 0.168838, 0.214578][0.95748, 0.19416, 0.21339][0.46590, 0.09300, 0][0.097693, 0.396623, -0.117408][-0.20789, 0.97486, -0.08023][0.47765, 0.18794, 0][1.09999e-005, 0.440239, 0.003001][-0.29804, 0.95435, -0.01962][0.46387, 0.16202, 0][0.042819, 0.440246, 0.011462][-0.26712, 0.95464, -0.13158][0.47213, 0.16200, 0][1.09999e-005, 0.440239, 0.003001][-0.29804, 0.95435, -0.01962][0.46387, 0.16202, 0][0.097693, 0.396623, -0.117408][-0.20789, 0.97486, -0.08023][0.47765, 0.18794, 0][3.70049e-005, 0.396608, -0.136709][-0.22330, 0.97474, 0.00493][0.45881, 0.18799, 0][3.70049e-005, 0.396608, -0.136709][-0.22330, 0.97474, 0.00493][0.45881, 0.18799, 0][-0.0428, 0.440246, 0.011446][-0.28261, 0.95451, 0.09507][0.45622, 0.15890, 0][1.09999e-005, 0.440239, 0.003001][-0.29804, 0.95435, -0.01962][0.46387, 0.16202, 0][0.042819, 0.440246, 0.011462][-0.26712, 0.95464, -0.13158][0.47213, 0.16200, 0][0.176682, 0.396666, -0.06452][-0.16101, 0.97498, -0.15326][0.49425, 0.18097, 0][0.097693, 0.396623, -0.117408][-0.20789, 0.97486, -0.08023][0.47765, 0.18794, 0][0.176682, 0.396666, -0.06452][-0.16101, 0.97498, -0.15326][0.49425, 0.18097, 0][0.042819, 0.440246, 0.011462][-0.26712, 0.95464, -0.13158][0.47213, 0.16200, 0][0.077444, 0.440264, 0.034645][-0.19631, 0.95478, -0.22329][0.47940, 0.15894, 0][-0.0428, 0.440246, 0.011446][-0.28261, 0.95451, 0.09507][0.45622, 0.15890, 0][3.70049e-005, 0.396608, -0.136709][-0.22330, 0.97474, 0.00493][0.45881, 0.18799, 0][-0.097627, 0.396623, -0.117444][-0.20400, 0.97488, 0.08940][0.44136, 0.18087, 0][-0.097627, 0.396623, -0.117444][-0.20400, 0.97488, 0.08940][0.44136, 0.18087, 0][-0.077434, 0.440264, 0.034617][-0.22406, 0.95476, 0.19555][0.45062, 0.15334, 0][-0.0428, 0.440246, 0.011446][-0.28261, 0.95451, 0.09507][0.45622, 0.15890, 0][0.176658, 0.366698, -0.30288][-0.14306, 0.98793, -0.05943][0.48561, 0.22527, 0][3.70049e-005, 0.396608, -0.136709][-0.22330, 0.97474, 0.00493][0.45881, 0.18799, 0][0.097693, 0.396623, -0.117408][-0.20789, 0.97486, -0.08023][0.47765, 0.18794, 0][-0.077434, 0.440264, 0.034617][-0.22406, 0.95476, 0.19555][0.45062, 0.15334, 0][-0.097627, 0.396623, -0.117444][-0.20400, 0.97488, 0.08940][0.44136, 0.18087, 0][-0.176635, 0.396666, -0.064586][-0.15404, 0.97499, 0.16023][0.42859, 0.16818, 0][-0.176635, 0.396666, -0.064586][-0.15404, 0.97499, 0.16023][0.42859, 0.16818, 0][-0.100618, 0.440292, 0.069242][-0.13234, 0.95475, 0.26636][0.44757, 0.14606, 0][-0.077434, 0.440264, 0.034617][-0.22406, 0.95476, 0.19555][0.45062, 0.15334, 0][7.4012e-005, 0.366671, -0.337781][-0.15535, 0.98786, -0.00056][0.45153, 0.22536, 0][-0.097627, 0.396623, -0.117444][-0.20400, 0.97488, 0.08940][0.44136, 0.18087, 0][3.70049e-005, 0.396608, -0.136709][-0.22330, 0.97474, 0.00493][0.45881, 0.18799, 0][3.70049e-005, 0.396608, -0.136709][-0.22330, 0.97474, 0.00493][0.45881, 0.18799, 0][0.176658, 0.366698, -0.30288][-0.14306, 0.98793, -0.05943][0.48561, 0.22527, 0][7.4012e-005, 0.366671, -0.337781][-0.15535, 0.98786, -0.00056][0.45153, 0.22536, 0][-0.176522, 0.366699, -0.302946][-0.14351, 0.98793, 0.05839][0.41998, 0.21249, 0][-0.176635, 0.396666, -0.064586][-0.15404, 0.97499, 0.16023][0.42859, 0.16818, 0][-0.097627, 0.396623, -0.117444][-0.20400, 0.97488, 0.08940][0.44136, 0.18087, 0][-0.097627, 0.396623, -0.117444][-0.20400, 0.97488, 0.08940][0.44136, 0.18087, 0][7.4012e-005, 0.366671, -0.337781][-0.15535, 0.98786, -0.00056][0.45153, 0.22536, 0][-0.176522, 0.366699, -0.302946][-0.14351, 0.98793, 0.05839][0.41998, 0.21249, 0][-0.100618, 0.440292, 0.069242][-0.13234, 0.95475, 0.26636][0.44757, 0.14606, 0][-0.176635, 0.396666, -0.064586][-0.15404, 0.97499, 0.16023][0.42859, 0.16818, 0][-0.229523, 0.396728, 0.014403][-0.08101, 0.97496, 0.20711][0.42162, 0.15159, 0][-0.229523, 0.396728, 0.014403][-0.08101, 0.97496, 0.20711][0.42162, 0.15159, 0][-0.109079, 0.440326, 0.11205][-0.02039, 0.95457, 0.29728][0.44755, 0.13780, 0][-0.100618, 0.440292, 0.069242][-0.13234, 0.95475, 0.26636][0.44757, 0.14606, 0][-0.176635, 0.396666, -0.064586][-0.15404, 0.97499, 0.16023][0.42859, 0.16818, 0][-0.176522, 0.366699, -0.302946][-0.14351, 0.98793, 0.05839][0.41998, 0.21249, 0][-0.319388, 0.366774, -0.207367][-0.11004, 0.98799, 0.10847][0.39689, 0.18955, 0][-0.319388, 0.366774, -0.207367][-0.11004, 0.98799, 0.10847][0.39689, 0.18955, 0][-0.229523, 0.396728, 0.014403][-0.08101, 0.97496, 0.20711][0.42162, 0.15159, 0][-0.176635, 0.396666, -0.064586][-0.15404, 0.97499, 0.16023][0.42859, 0.16818, 0][-0.109079, 0.440326, 0.11205][-0.02039, 0.95457, 0.29728][0.44755, 0.13780, 0][-0.229523, 0.396728, 0.014403][-0.08101, 0.97496, 0.20711][0.42162, 0.15159, 0][-0.248824, 0.396806, 0.112058][0.00415, 0.97492, 0.22252][0.42158, 0.13274, 0][-0.248824, 0.396806, 0.112058][0.00415, 0.97492, 0.22252][0.42158, 0.13274, 0][-0.100634, 0.440361, 0.154861][0.09430, 0.95481, 0.28186][0.45067, 0.13015, 0][-0.109079, 0.440326, 0.11205][-0.02039, 0.95457, 0.29728][0.44755, 0.13780, 0][-0.229523, 0.396728, 0.014403][-0.08101, 0.97496, 0.20711][0.42162, 0.15159, 0][-0.319388, 0.366774, -0.207367][-0.11004, 0.98799, 0.10847][0.39689, 0.18955, 0][-0.415021, 0.366888, -0.064538][-0.06022, 0.98799, 0.14227][0.38429, 0.15954, 0][-0.415021, 0.366888, -0.064538][-0.06022, 0.98799, 0.14227][0.38429, 0.15954, 0][-0.248824, 0.396806, 0.112058][0.00415, 0.97492, 0.22252][0.42158, 0.13274, 0][-0.229523, 0.396728, 0.014403][-0.08101, 0.97496, 0.20711][0.42162, 0.15159, 0][-0.100634, 0.440361, 0.154861][0.09430, 0.95481, 0.28186][0.45067, 0.13015, 0][-0.248824, 0.396806, 0.112058][0.00415, 0.97492, 0.22252][0.42158, 0.13274, 0][-0.229559, 0.396884, 0.209721][0.08863, 0.97511, 0.20322][0.42869, 0.11529, 0][-0.229559, 0.396884, 0.209721][0.08863, 0.97511, 0.20322][0.42869, 0.11529, 0][-0.077463, 0.440388, 0.189495][0.19481, 0.95509, 0.22329][0.45623, 0.12455, 0][-0.100634, 0.440361, 0.154861][0.09430, 0.95481, 0.28186][0.45067, 0.13015, 0][-0.248824, 0.396806, 0.112058][0.00415, 0.97492, 0.22252][0.42158, 0.13274, 0][-0.415021, 0.366888, -0.064538][-0.06022, 0.98799, 0.14227][0.38429, 0.15954, 0][-0.449921, 0.367029, 0.112045][-0.00135, 0.98798, 0.15457][0.38421, 0.12546, 0][-0.449921, 0.367029, 0.112045][-0.00135, 0.98798, 0.15457][0.38421, 0.12546, 0][-0.229559, 0.396884, 0.209721][0.08863, 0.97511, 0.20322][0.42869, 0.11529, 0][-0.248824, 0.396806, 0.112058][0.00415, 0.97492, 0.22252][0.42158, 0.13274, 0][-0.077463, 0.440388, 0.189495][0.19481, 0.95509, 0.22329][0.45623, 0.12455, 0][-0.229559, 0.396884, 0.209721][0.08863, 0.97511, 0.20322][0.42869, 0.11529, 0][-0.176701, 0.396947, 0.28873][0.15945, 0.97524, 0.15326][0.44138, 0.10252, 0][-0.176701, 0.396947, 0.28873][0.15945, 0.97524, 0.15326][0.44138, 0.10252, 0][-0.042838, 0.440406, 0.212677][0.26560, 0.95506, 0.13158][0.46350, 0.12150, 0][-0.077463, 0.440388, 0.189495][0.19481, 0.95509, 0.22329][0.45623, 0.12455, 0][-0.229559, 0.396884, 0.209721][0.08863, 0.97511, 0.20322][0.42869, 0.11529, 0][-0.449921, 0.367029, 0.112045][-0.00135, 0.98798, 0.15457][0.38421, 0.12546, 0][-0.415086, 0.367169, 0.28864][0.05760, 0.98809, 0.14272][0.39708, 0.09391, 0][-0.415086, 0.367169, 0.28864][0.05760, 0.98809, 0.14272][0.39708, 0.09391, 0][-0.176701, 0.396947, 0.28873][0.15945, 0.97524, 0.15326][0.44138, 0.10252, 0][-0.229559, 0.396884, 0.209721][0.08863, 0.97511, 0.20322][0.42869, 0.11529, 0][-0.042838, 0.440406, 0.212677][0.26560, 0.95506, 0.13158][0.46350, 0.12150, 0][-0.176701, 0.396947, 0.28873][0.15945, 0.97524, 0.15326][0.44138, 0.10252, 0][-0.097712, 0.39699, 0.341616][0.20633, 0.97519, 0.08023][0.45798, 0.09556, 0][-0.097712, 0.39699, 0.341616][0.20633, 0.97519, 0.08023][0.45798, 0.09556, 0][-3.00079e-005, 0.440413, 0.221139][0.29651, 0.95483, 0.01962][0.47176, 0.12148, 0][-0.042838, 0.440406, 0.212677][0.26560, 0.95506, 0.13158][0.46350, 0.12150, 0][-0.176701, 0.396947, 0.28873][0.15945, 0.97524, 0.15326][0.44138, 0.10252, 0][-0.415086, 0.367169, 0.28864][0.05760, 0.98809, 0.14272][0.39708, 0.09391, 0][-0.319506, 0.367283, 0.431504][0.10768, 0.98816, 0.10926][0.42002, 0.07082, 0][-0.319506, 0.367283, 0.431504][0.10768, 0.98816, 0.10926][0.42002, 0.07082, 0][-0.097712, 0.39699, 0.341616][0.20633, 0.97519, 0.08023][0.45798, 0.09556, 0][-0.176701, 0.396947, 0.28873][0.15945, 0.97524, 0.15326][0.44138, 0.10252, 0][-3.00079e-005, 0.440413, 0.221139][0.29651, 0.95483, 0.01962][0.47176, 0.12148, 0][-0.097712, 0.39699, 0.341616][0.20633, 0.97519, 0.08023][0.45798, 0.09556, 0][-5.60129e-005, 0.397005, 0.360918][0.22175, 0.97509, -0.00493][0.47682, 0.09551, 0][-5.60129e-005, 0.397005, 0.360918][0.22175, 0.97509, -0.00493][0.47682, 0.09551, 0][0.042782, 0.440406, 0.212694][0.28109, 0.95496, -0.09506][0.47941, 0.12460, 0][-3.00079e-005, 0.440413, 0.221139][0.29651, 0.95483, 0.01962][0.47176, 0.12148, 0][-0.097712, 0.39699, 0.341616][0.20633, 0.97519, 0.08023][0.45798, 0.09556, 0][-0.319506, 0.367283, 0.431504][0.10768, 0.98816, 0.10926][0.42002, 0.07082, 0][-0.176677, 0.367359, 0.527137][0.14149, 0.98815, 0.05943][0.45002, 0.05823, 0][-0.176677, 0.367359, 0.527137][0.14149, 0.98815, 0.05943][0.45002, 0.05823, 0][-5.60129e-005, 0.397005, 0.360918][0.22175, 0.97509, -0.00493][0.47682, 0.09551, 0][-0.097712, 0.39699, 0.341616][0.20633, 0.97519, 0.08023][0.45798, 0.09556, 0][0.042782, 0.440406, 0.212694][0.28109, 0.95496, -0.09506][0.47941, 0.12460, 0][-5.60129e-005, 0.397005, 0.360918][0.22175, 0.97509, -0.00493][0.47682, 0.09551, 0][0.097608, 0.39699, 0.341653][0.20244, 0.97520, -0.08941][0.49427, 0.10263, 0][0.097608, 0.39699, 0.341653][0.20244, 0.97520, -0.08941][0.49427, 0.10263, 0][0.077415, 0.440388, 0.189523][0.22254, 0.95511, -0.19555][0.48501, 0.13016, 0][0.042782, 0.440406, 0.212694][0.28109, 0.95496, -0.09506][0.47941, 0.12460, 0][-5.60129e-005, 0.397005, 0.360918][0.22175, 0.97509, -0.00493][0.47682, 0.09551, 0][-0.176677, 0.367359, 0.527137][0.14149, 0.98815, 0.05943][0.45002, 0.05823, 0][-9.302e-005, 0.367387, 0.562037][0.15378, 0.98810, 0.00056][0.48410, 0.05814, 0][-9.302e-005, 0.367387, 0.562037][0.15378, 0.98810, 0.00056][0.48410, 0.05814, 0][0.097608, 0.39699, 0.341653][0.20244, 0.97520, -0.08941][0.49427, 0.10263, 0][-5.60129e-005, 0.397005, 0.360918][0.22175, 0.97509, -0.00493][0.47682, 0.09551, 0][0.077415, 0.440388, 0.189523][0.22254, 0.95511, -0.19555][0.48501, 0.13016, 0][0.097608, 0.39699, 0.341653][0.20244, 0.97520, -0.08941][0.49427, 0.10263, 0][0.176616, 0.396947, 0.288795][0.15249, 0.97523, -0.16023][0.50704, 0.11531, 0][0.176616, 0.396947, 0.288795][0.15249, 0.97523, -0.16023][0.50704, 0.11531, 0][0.100599, 0.440361, 0.154898][0.13082, 0.95496, -0.26636][0.48806, 0.13744, 0][0.077415, 0.440388, 0.189523][0.22254, 0.95511, -0.19555][0.48501, 0.13016, 0][0.097608, 0.39699, 0.341653][0.20244, 0.97520, -0.08941][0.49427, 0.10263, 0][-9.302e-005, 0.367387, 0.562037][0.15378, 0.98810, 0.00056][0.48410, 0.05814, 0][0.176503, 0.367359, 0.527202][0.14193, 0.98815, -0.05839][0.51565, 0.07101, 0][0.176503, 0.367359, 0.527202][0.14193, 0.98815, -0.05839][0.51565, 0.07101, 0][0.176616, 0.396947, 0.288795][0.15249, 0.97523, -0.16023][0.50704, 0.11531, 0][0.097608, 0.39699, 0.341653][0.20244, 0.97520, -0.08941][0.49427, 0.10263, 0][0.100599, 0.440361, 0.154898][0.13082, 0.95496, -0.26636][0.48806, 0.13744, 0][0.176616, 0.396947, 0.288795][0.15249, 0.97523, -0.16023][0.50704, 0.11531, 0][0.229504, 0.396884, 0.209807][0.07945, 0.97508, -0.20712][0.51401, 0.13191, 0][0.229504, 0.396884, 0.209807][0.07945, 0.97508, -0.20712][0.51401, 0.13191, 0][0.10906, 0.440326, 0.11209][0.01886, 0.95460, -0.29728][0.48808, 0.14570, 0][0.100599, 0.440361, 0.154898][0.13082, 0.95496, -0.26636][0.48806, 0.13744, 0][0.176616, 0.396947, 0.288795][0.15249, 0.97523, -0.16023][0.50704, 0.11531, 0][0.176503, 0.367359, 0.527202][0.14193, 0.98815, -0.05839][0.51565, 0.07101, 0][0.319369, 0.367283, 0.431623][0.10847, 0.98816, -0.10846][0.53874, 0.09395, 0][0.319369, 0.367283, 0.431623][0.10847, 0.98816, -0.10846][0.53874, 0.09395, 0][0.229504, 0.396884, 0.209807][0.07945, 0.97508, -0.20712][0.51401, 0.13191, 0][0.176616, 0.396947, 0.288795][0.15249, 0.97523, -0.16023][0.50704, 0.11531, 0][0.10906, 0.440326, 0.11209][0.01886, 0.95460, -0.29728][0.48808, 0.14570, 0][0.229504, 0.396884, 0.209807][0.07945, 0.97508, -0.20712][0.51401, 0.13191, 0][0.248805, 0.396806, 0.112151][-0.00571, 0.97491, -0.22252][0.51405, 0.15076, 0][0.248805, 0.396806, 0.112151][-0.00571, 0.97491, -0.22252][0.51405, 0.15076, 0][0.100615, 0.440292, 0.069279][-0.09583, 0.95466, -0.28185][0.48496, 0.15335, 0][0.10906, 0.440326, 0.11209][0.01886, 0.95460, -0.29728][0.48808, 0.14570, 0][0.229504, 0.396884, 0.209807][0.07945, 0.97508, -0.20712][0.51401, 0.13191, 0][0.319369, 0.367283, 0.431623][0.10847, 0.98816, -0.10846][0.53874, 0.09395, 0][0.415001, 0.367169, 0.288795][0.05864, 0.98809, -0.14228][0.55134, 0.12395, 0][0.415001, 0.367169, 0.288795][0.05864, 0.98809, -0.14228][0.55134, 0.12395, 0][0.248805, 0.396806, 0.112151][-0.00571, 0.97491, -0.22252][0.51405, 0.15076, 0][0.229504, 0.396884, 0.209807][0.07945, 0.97508, -0.20712][0.51401, 0.13191, 0][0.100615, 0.440292, 0.069279][-0.09583, 0.95466, -0.28185][0.48496, 0.15335, 0][0.248805, 0.396806, 0.112151][-0.00571, 0.97491, -0.22252][0.51405, 0.15076, 0][0.229541, 0.396728, 0.014488][-0.09018, 0.97497, -0.20322][0.50694, 0.16821, 0][0.229541, 0.396728, 0.014488][-0.09018, 0.97497, -0.20322][0.50694, 0.16821, 0][0.077444, 0.440264, 0.034645][-0.19631, 0.95478, -0.22329][0.47940, 0.15894, 0][0.100615, 0.440292, 0.069279][-0.09583, 0.95466, -0.28185][0.48496, 0.15335, 0][0.077444, 0.440264, 0.034645][-0.19631, 0.95478, -0.22329][0.47940, 0.15894, 0][0.229541, 0.396728, 0.014488][-0.09018, 0.97497, -0.20322][0.50694, 0.16821, 0][0.176682, 0.396666, -0.06452][-0.16101, 0.97498, -0.15326][0.49425, 0.18097, 0][0.449902, 0.367029, 0.112212][-0.00023, 0.98798, -0.15457][0.55142, 0.15803, 0][0.229541, 0.396728, 0.014488][-0.09018, 0.97497, -0.20322][0.50694, 0.16821, 0][0.248805, 0.396806, 0.112151][-0.00571, 0.97491, -0.22252][0.51405, 0.15076, 0][0.248805, 0.396806, 0.112151][-0.00571, 0.97491, -0.22252][0.51405, 0.15076, 0][0.415001, 0.367169, 0.288795][0.05864, 0.98809, -0.14228][0.55134, 0.12395, 0][0.449902, 0.367029, 0.112212][-0.00023, 0.98798, -0.15457][0.55142, 0.15803, 0][0.415067, 0.366888, -0.064384][-0.05917, 0.98799, -0.14272][0.53855, 0.18959, 0][0.176682, 0.396666, -0.06452][-0.16101, 0.97498, -0.15326][0.49425, 0.18097, 0][0.229541, 0.396728, 0.014488][-0.09018, 0.97497, -0.20322][0.50694, 0.16821, 0][0.229541, 0.396728, 0.014488][-0.09018, 0.97497, -0.20322][0.50694, 0.16821, 0][0.449902, 0.367029, 0.112212][-0.00023, 0.98798, -0.15457][0.55142, 0.15803, 0][0.415067, 0.366888, -0.064384][-0.05917, 0.98799, -0.14272][0.53855, 0.18959, 0][-0.634737, 0.411085, 0.747238][0.82779, 0.19465, -0.52620][0.36863, 0.00491, 0][-0.406294, 0.133915, 0.667198][0.82779, 0.19465, -0.52620][0.47369, 0.07354, 0][-0.377936, 0.169391, 0.64083][0.82779, 0.19465, -0.52620][0.46590, 0.09300, 0][-0.792243, 0.331527, 0.419387][0.97832, 0.16637, -0.12338][0.52272, 0.00290, 0][-0.622627, 0.175987, 0.424447][0.97832, 0.16637, -0.12338][0.49858, 0.06653, 0][-0.602176, 0.195492, 0.418551][0.97832, 0.16637, -0.12338][0.48871, 0.06259, 0][-0.207195, 0.326159, 0.75926][0.35922, 0.93019, 0.07553][0.90021, 0.98339, 0][-0.533011, 0.325687, 0.498766][-0.00091, 1.00000, 0.00066][0.80671, 0.98840, 0][-0.549375, 0.325687, 0.510656][0.24314, 0.93004, 0.27551][0.80671, 0.98339, 0][-0.659848, 0.325282, 0.108405][-0.00081, 1.00000, 0.00066][0.71190, 0.98840, 0][-0.549375, 0.325687, 0.510656][0.24314, 0.93004, 0.27551][0.80671, 0.98339, 0][-0.533011, 0.325687, 0.498766][-0.00091, 1.00000, 0.00066][0.80671, 0.98840, 0][-0.510241, 0.261682, 0.474425][-0.44284, 0.44572, -0.77797][0.80671, 0.99405, 0][-0.659848, 0.325282, 0.108405][-0.09974, 0.44634, -0.88929][0.71190, 0.98840, 0][-0.533011, 0.325687, 0.498766][-0.59413, 0.46054, -0.65948][0.80671, 0.98840, 0][-0.533011, 0.325687, 0.498766][-0.59413, 0.46054, -0.65948][0.80671, 0.98840, 0][-0.184626, 0.262127, 0.710996][-0.81286, 0.45974, -0.35763][0.90021, 0.99405, 0][-0.510241, 0.261682, 0.474425][-0.44284, 0.44572, -0.77797][0.80671, 0.99405, 0][-0.659848, 0.325282, 0.108405][-0.09974, 0.44634, -0.88929][0.71190, 0.98840, 0][-0.510241, 0.261682, 0.474425][-0.44284, 0.44572, -0.77797][0.80671, 0.99405, 0][-0.626971, 0.261277, 0.114792][0.09158, 0.44586, -0.89041][0.71190, 0.99405, 0][-0.184626, 0.262127, 0.710996][-0.81286, 0.45974, -0.35763][0.90021, 0.99405, 0][-0.533011, 0.325687, 0.498766][-0.59413, 0.46054, -0.65948][0.80671, 0.98840, 0][-0.200945, 0.326145, 0.740023][-0.87056, 0.45920, -0.17681][0.90021, 0.98840, 0][-0.533011, 0.325687, 0.498766][-0.00091, 1.00000, 0.00066][0.80671, 0.98840, 0][-0.207195, 0.326159, 0.75926][0.35922, 0.93019, 0.07553][0.90021, 0.98339, 0][-0.200945, 0.326145, 0.740023][-0.00103, 1.00000, 0.00076][0.90021, 0.98840, 0][-0.200945, 0.326145, 0.740023][-0.87056, 0.45920, -0.17681][0.90021, 0.98840, 0][0.205541, 0.262451, 0.70696][-0.90040, 0.43504, 0.00507][0.99594, 0.99405, 0][-0.184626, 0.262127, 0.710996][-0.81286, 0.45974, -0.35763][0.90021, 0.99405, 0][0.205541, 0.262451, 0.70696][-0.90040, 0.43504, 0.00507][0.99594, 0.99405, 0][-0.200945, 0.326145, 0.740023][-0.87056, 0.45920, -0.17681][0.90021, 0.98840, 0][0.209511, 0.326469, 0.740023][-0.88849, 0.45890, 0.00036][0.99594, 0.98840, 0][-0.200945, 0.326145, 0.740023][-0.00103, 1.00000, 0.00076][0.90021, 0.98840, 0][0.215761, 0.326496, 0.759259][0.24431, 0.96970, 0.00077][0.99594, 0.98339, 0][0.209511, 0.326469, 0.740023][-0.00115, 1.00000, 0.00079][0.99594, 0.98840, 0][0.215761, 0.326496, 0.759259][0.24431, 0.96970, 0.00077][0.99594, 0.98339, 0][-0.200945, 0.326145, 0.740023][-0.00103, 1.00000, 0.00076][0.90021, 0.98840, 0][-0.207195, 0.326159, 0.75926][0.35922, 0.93019, 0.07553][0.90021, 0.98339, 0][-0.207195, 0.326159, 0.75926][0.35922, 0.93019, 0.07553][0.90021, 0.98339, 0][0.218901, 0.294959, 0.792463][0.71324, 0.70090, 0.00426][0.99594, 0.97813, 0][0.215761, 0.326496, 0.759259][0.24431, 0.96970, 0.00077][0.99594, 0.98339, 0][0.218901, 0.294959, 0.792463][0.71324, 0.70090, 0.00426][0.99594, 0.97813, 0][-0.207195, 0.326159, 0.75926][0.35922, 0.93019, 0.07553][0.90021, 0.98339, 0][-0.224109, 0.294622, 0.788004][0.63047, 0.72433, 0.27901][0.90021, 0.97813, 0][-0.549375, 0.325687, 0.510656][0.24314, 0.93004, 0.27551][0.80671, 0.98339, 0][-0.224109, 0.294622, 0.788004][0.63047, 0.72433, 0.27901][0.90021, 0.97813, 0][-0.207195, 0.326159, 0.75926][0.35922, 0.93019, 0.07553][0.90021, 0.98339, 0][-0.224109, 0.294622, 0.788004][0.95236, -0.22491, 0.20596][0.90021, 0.97813, 0][0.21579, 0.251511, 0.78286][0.97638, -0.21582, 0.00973][0.99594, 0.97330, 0][0.218901, 0.294959, 0.792463][0.97653, -0.21514, 0.00967][0.99594, 0.97813, 0][0.21579, 0.251511, 0.78286][0.97638, -0.21582, 0.00973][0.99594, 0.97330, 0][-0.224109, 0.294622, 0.788004][0.95236, -0.22491, 0.20596][0.90021, 0.97813, 0][-0.22097, 0.251174, 0.7784][0.88760, -0.22523, 0.40180][0.90021, 0.97330, 0][-0.22097, 0.251174, 0.7784][0.30411, -0.95065, 0.06154][0.90021, 0.97330, 0][0.209539, 0.237469, 0.740051][0.32800, -0.94468, 0.00086][0.99594, 0.96890, 0][0.21579, 0.251511, 0.78286][0.31200, -0.95008, 0.00245][0.99594, 0.97330, 0][-0.224109, 0.294622, 0.788004][0.63047, 0.72433, 0.27901][0.90021, 0.97813, 0][-0.549375, 0.325687, 0.510656][0.24314, 0.93004, 0.27551][0.80671, 0.98339, 0][-0.571347, 0.29415, 0.535726][0.34533, 0.70628, 0.61800][0.80671, 0.97813, 0][-0.571347, 0.29415, 0.535726][0.65444, -0.22550, 0.72171][0.80671, 0.97813, 0][-0.22097, 0.251174, 0.7784][0.88760, -0.22523, 0.40180][0.90021, 0.97330, 0][-0.224109, 0.294622, 0.788004][0.95236, -0.22491, 0.20596][0.90021, 0.97813, 0][-0.680076, 0.325268, 0.108405][0.04387, 0.92534, 0.37659][0.71190, 0.98339, 0][-0.571347, 0.29415, 0.535726][0.34533, 0.70628, 0.61800][0.80671, 0.97813, 0][-0.549375, 0.325687, 0.510656][0.24314, 0.93004, 0.27551][0.80671, 0.98339, 0][-0.549375, 0.325687, 0.510656][0.24314, 0.93004, 0.27551][0.80671, 0.98339, 0][-0.659848, 0.325282, 0.108405][-0.00081, 1.00000, 0.00066][0.71190, 0.98840, 0][-0.680076, 0.325268, 0.108405][0.04387, 0.92534, 0.37659][0.71190, 0.98339, 0][-0.22097, 0.251174, 0.7784][0.88760, -0.22523, 0.40180][0.90021, 0.97330, 0][-0.571347, 0.29415, 0.535726][0.65444, -0.22550, 0.72171][0.80671, 0.97813, 0][-0.563149, 0.250702, 0.529796][0.48482, -0.22560, 0.84502][0.80671, 0.97330, 0][-0.533011, 0.325066, -0.281956][-0.00088, 1.00000, 0.00088][0.61419, 0.98840, 0][-0.680076, 0.325268, 0.108405][0.04387, 0.92534, 0.37659][0.71190, 0.98339, 0][-0.659848, 0.325282, 0.108405][-0.00081, 1.00000, 0.00066][0.71190, 0.98840, 0][-0.626971, 0.261277, 0.114792][0.09158, 0.44586, -0.89041][0.71190, 0.99405, 0][-0.533011, 0.325066, -0.281956][0.43683, 0.46161, -0.77208][0.61419, 0.98840, 0][-0.659848, 0.325282, 0.108405][-0.09974, 0.44634, -0.88929][0.71190, 0.98840, 0][-0.533011, 0.325066, -0.281956][0.43683, 0.46161, -0.77208][0.61419, 0.98840, 0][-0.626971, 0.261277, 0.114792][0.09158, 0.44586, -0.89041][0.71190, 0.99405, 0][-0.510241, 0.261061, -0.257369][0.59546, 0.44518, -0.66876][0.61419, 0.99405, 0][0.209539, 0.237469, 0.740051][0.32800, -0.94468, 0.00086][0.99594, 0.96890, 0][-0.22097, 0.251174, 0.7784][0.30411, -0.95065, 0.06154][0.90021, 0.97330, 0][-0.200917, 0.237145, 0.740051][0.28425, -0.95099, 0.12171][0.90021, 0.96890, 0][-0.563149, 0.250702, 0.529796][0.20493, -0.95107, 0.23124][0.80671, 0.97330, 0][-0.200917, 0.237145, 0.740051][0.28425, -0.95099, 0.12171][0.90021, 0.96890, 0][-0.22097, 0.251174, 0.7784][0.30411, -0.95065, 0.06154][0.90021, 0.97330, 0][-0.184626, 0.262127, 0.710996][-0.56774, -0.80336, -0.17965][0.90021, 0.96446, 0][0.209539, 0.237469, 0.740051][-0.62725, -0.77881, 0.00248][0.99594, 0.96890, 0][-0.200917, 0.237145, 0.740051][-0.58073, -0.79365, -0.18132][0.90021, 0.96890, 0][0.209539, 0.237469, 0.740051][-0.62725, -0.77881, 0.00248][0.99594, 0.96890, 0][-0.184626, 0.262127, 0.710996][-0.56774, -0.80336, -0.17965][0.90021, 0.96446, 0][0.205541, 0.262451, 0.70696][-0.60209, -0.79841, 0.00557][0.99594, 0.96446, 0][-0.532982, 0.236687, 0.498794][-0.35036, -0.79426, -0.49638][0.80671, 0.96890, 0][-0.184626, 0.262127, 0.710996][-0.56774, -0.80336, -0.17965][0.90021, 0.96446, 0][-0.200917, 0.237145, 0.740051][-0.58073, -0.79365, -0.18132][0.90021, 0.96890, 0][-0.200917, 0.237145, 0.740051][0.28425, -0.95099, 0.12171][0.90021, 0.96890, 0][-0.563149, 0.250702, 0.529796][0.20493, -0.95107, 0.23124][0.80671, 0.97330, 0][-0.532982, 0.236687, 0.498794][0.15617, -0.94740, 0.27938][0.80671, 0.96890, 0][-0.184626, 0.262127, 0.710996][-0.56774, -0.80336, -0.17965][0.90021, 0.96446, 0][-0.532982, 0.236687, 0.498794][-0.35036, -0.79426, -0.49638][0.80671, 0.96890, 0][-0.510241, 0.261682, 0.474425][-0.35050, -0.79385, -0.49695][0.80671, 0.96446, 0][-0.532982, 0.236687, 0.498794][-0.35036, -0.79426, -0.49638][0.80671, 0.96890, 0][-0.626971, 0.261277, 0.114792][-0.07452, -0.78605, -0.61366][0.71190, 0.96446, 0][-0.510241, 0.261682, 0.474425][-0.35050, -0.79385, -0.49695][0.80671, 0.96446, 0][-0.626971, 0.261277, 0.114792][-0.07452, -0.78605, -0.61366][0.71190, 0.96446, 0][-0.532982, 0.236687, 0.498794][-0.35036, -0.79426, -0.49638][0.80671, 0.96890, 0][-0.65982, 0.236282, 0.108433][0.06163, -0.78713, -0.61370][0.71190, 0.96890, 0][-0.65982, 0.236282, 0.108433][0.06163, -0.78713, -0.61370][0.71190, 0.96890, 0][-0.510241, 0.261061, -0.257369][0.29257, -0.79922, -0.52503][0.61419, 0.96446, 0][-0.626971, 0.261277, 0.114792][-0.07452, -0.78605, -0.61366][0.71190, 0.96446, 0][-0.702558, 0.250284, 0.101213][0.03858, -0.94759, 0.31715][0.71190, 0.97330, 0][-0.532982, 0.236687, 0.498794][0.15617, -0.94740, 0.27938][0.80671, 0.96890, 0][-0.563149, 0.250702, 0.529796][0.20493, -0.95107, 0.23124][0.80671, 0.97330, 0][-0.532982, 0.236687, 0.498794][0.15617, -0.94740, 0.27938][0.80671, 0.96890, 0][-0.702558, 0.250284, 0.101213][0.03858, -0.94759, 0.31715][0.71190, 0.97330, 0][-0.65982, 0.236282, 0.108433][-0.03271, -0.94770, 0.31748][0.71190, 0.96890, 0][-0.510241, 0.261061, -0.257369][0.29257, -0.79922, -0.52503][0.61419, 0.96446, 0][-0.65982, 0.236282, 0.108433][0.06163, -0.78713, -0.61370][0.71190, 0.96890, 0][-0.532982, 0.236066, -0.281927][0.41070, -0.78648, -0.46128][0.61419, 0.96890, 0][-0.532982, 0.236066, -0.281927][0.41070, -0.78648, -0.46128][0.61419, 0.96890, 0][-0.196943, 0.261142, -0.490118][0.54615, -0.79841, -0.25349][0.51385, 0.96446, 0][-0.510241, 0.261061, -0.257369][0.29257, -0.79922, -0.52503][0.61419, 0.96446, 0][-0.563149, 0.250068, -0.31293][-0.15347, -0.95095, 0.26860][0.61419, 0.97330, 0][-0.65982, 0.236282, 0.108433][-0.03271, -0.94770, 0.31748][0.71190, 0.96890, 0][-0.702558, 0.250284, 0.101213][0.03858, -0.94759, 0.31715][0.71190, 0.97330, 0][-0.65982, 0.236282, 0.108433][-0.03271, -0.94770, 0.31748][0.71190, 0.96890, 0][-0.563149, 0.250068, -0.31293][-0.15347, -0.95095, 0.26860][0.61419, 0.97330, 0][-0.532982, 0.236066, -0.281927][-0.21345, -0.94766, 0.23746][0.61419, 0.96890, 0][-0.563149, 0.250702, 0.529796][0.48482, -0.22560, 0.84502][0.80671, 0.97330, 0][-0.712686, 0.293718, 0.101199][0.10206, -0.22588, 0.96879][0.71190, 0.97813, 0][-0.702558, 0.250284, 0.101213][-0.11156, -0.22621, 0.96767][0.71190, 0.97330, 0][-0.712686, 0.293718, 0.101199][0.10206, -0.22588, 0.96879][0.71190, 0.97813, 0][-0.563149, 0.250702, 0.529796][0.48482, -0.22560, 0.84502][0.80671, 0.97330, 0][-0.571347, 0.29415, 0.535726][0.65444, -0.22550, 0.72171][0.80671, 0.97813, 0][-0.571347, 0.29415, 0.535726][0.34533, 0.70628, 0.61800][0.80671, 0.97813, 0][-0.680076, 0.325268, 0.108405][0.04387, 0.92534, 0.37659][0.71190, 0.98339, 0][-0.712686, 0.293718, 0.101199][-0.07546, 0.70797, 0.70220][0.71190, 0.97813, 0][-0.571345, 0.293489, -0.318888][-0.49313, -0.22573, 0.84016][0.61419, 0.97813, 0][-0.702558, 0.250284, 0.101213][-0.11156, -0.22621, 0.96767][0.71190, 0.97330, 0][-0.712686, 0.293718, 0.101199][0.10206, -0.22588, 0.96879][0.71190, 0.97813, 0][-0.702558, 0.250284, 0.101213][-0.11156, -0.22621, 0.96767][0.71190, 0.97330, 0][-0.571345, 0.293489, -0.318888][-0.49313, -0.22573, 0.84016][0.61419, 0.97813, 0][-0.563149, 0.250068, -0.31293][-0.66151, -0.22625, 0.71500][0.61419, 0.97330, 0][-0.549375, 0.325039, -0.293845][-0.18310, 0.92964, 0.31974][0.61419, 0.98339, 0][-0.712686, 0.293718, 0.101199][-0.07546, 0.70797, 0.70220][0.71190, 0.97813, 0][-0.680076, 0.325268, 0.108405][0.04387, 0.92534, 0.37659][0.71190, 0.98339, 0][-0.712686, 0.293718, 0.101199][-0.07546, 0.70797, 0.70220][0.71190, 0.97813, 0][-0.549375, 0.325039, -0.293845][-0.18310, 0.92964, 0.31974][0.61419, 0.98339, 0][-0.571345, 0.293489, -0.318888][-0.47573, 0.70735, 0.52282][0.61419, 0.97813, 0][-0.680076, 0.325268, 0.108405][0.04387, 0.92534, 0.37659][0.71190, 0.98339, 0][-0.533011, 0.325066, -0.281956][-0.00088, 1.00000, 0.00088][0.61419, 0.98840, 0][-0.549375, 0.325039, -0.293845][-0.18310, 0.92964, 0.31974][0.61419, 0.98339, 0][-0.200945, 0.325147, -0.523213][-0.00106, 1.00000, 0.00092][0.51385, 0.98840, 0][-0.549375, 0.325039, -0.293845][-0.18310, 0.92964, 0.31974][0.61419, 0.98339, 0][-0.533011, 0.325066, -0.281956][-0.00088, 1.00000, 0.00088][0.61419, 0.98840, 0][-0.510241, 0.261061, -0.257369][0.59546, 0.44518, -0.66876][0.61419, 0.99405, 0][-0.200945, 0.325147, -0.523213][0.80783, 0.46057, -0.36782][0.51385, 0.98840, 0][-0.533011, 0.325066, -0.281956][0.43683, 0.46161, -0.77208][0.61419, 0.98840, 0][-0.200945, 0.325147, -0.523213][0.80783, 0.46057, -0.36782][0.51385, 0.98840, 0][-0.510241, 0.261061, -0.257369][0.59546, 0.44518, -0.66876][0.61419, 0.99405, 0][-0.196943, 0.261142, -0.490118][0.87515, 0.44466, -0.19077][0.51385, 0.99405, 0][-0.549375, 0.325039, -0.293845][-0.18310, 0.92964, 0.31974][0.61419, 0.98339, 0][-0.200945, 0.325147, -0.523213][-0.00106, 1.00000, 0.00092][0.51385, 0.98840, 0][-0.207195, 0.32512, -0.542449][-0.33585, 0.92962, 0.15171][0.51385, 0.98339, 0][-0.207195, 0.32512, -0.542449][-0.33585, 0.92962, 0.15171][0.51385, 0.98339, 0][-0.571345, 0.293489, -0.318888][-0.47573, 0.70735, 0.52282][0.61419, 0.97813, 0][-0.549375, 0.325039, -0.293845][-0.18310, 0.92964, 0.31974][0.61419, 0.98339, 0][-0.196943, 0.261142, -0.490118][0.87515, 0.44466, -0.19077][0.51385, 0.99405, 0][0.209511, 0.325471, -0.523213][0.86944, 0.46104, 0.17754][0.41217, 0.98840, 0][-0.200945, 0.325147, -0.523213][0.80783, 0.46057, -0.36782][0.51385, 0.98840, 0][0.209511, 0.325471, -0.523213][-0.00103, 1.00000, 0.00076][0.41217, 0.98840, 0][-0.207195, 0.32512, -0.542449][-0.33585, 0.92962, 0.15171][0.51385, 0.98339, 0][-0.200945, 0.325147, -0.523213][-0.00106, 1.00000, 0.00092][0.51385, 0.98840, 0][0.209511, 0.325471, -0.523213][0.86944, 0.46104, 0.17754][0.41217, 0.98840, 0][-0.196943, 0.261142, -0.490118][0.87515, 0.44466, -0.19077][0.51385, 0.99405, 0][0.193224, 0.261453, -0.493941][0.81999, 0.44478, 0.36026][0.41217, 0.99405, 0][-0.571345, 0.293489, -0.318888][-0.47573, 0.70735, 0.52282][0.61419, 0.97813, 0][-0.207195, 0.32512, -0.542449][-0.33585, 0.92962, 0.15171][0.51385, 0.98339, 0][-0.210307, 0.293569, -0.575629][-0.69180, 0.70763, 0.14378][0.51385, 0.97813, 0][-0.210307, 0.293569, -0.575629][-0.89276, -0.22576, 0.38988][0.51385, 0.97813, 0][-0.563149, 0.250068, -0.31293][-0.66151, -0.22625, 0.71500][0.61419, 0.97330, 0][-0.571345, 0.293489, -0.318888][-0.49313, -0.22573, 0.84016][0.61419, 0.97813, 0][-0.207195, 0.32512, -0.542449][-0.33585, 0.92962, 0.15171][0.51385, 0.98339, 0][0.209511, 0.325471, -0.523213][-0.00103, 1.00000, 0.00076][0.41217, 0.98840, 0][0.215761, 0.325457, -0.542449][-0.36057, 0.92978, -0.07410][0.41217, 0.98339, 0][0.215761, 0.325457, -0.542449][-0.36057, 0.92978, -0.07410][0.41217, 0.98339, 0][-0.210307, 0.293569, -0.575629][-0.69180, 0.70763, 0.14378][0.51385, 0.97813, 0][-0.207195, 0.32512, -0.542449][-0.33585, 0.92962, 0.15171][0.51385, 0.98339, 0][0.193224, 0.261453, -0.493941][0.81999, 0.44478, 0.36026][0.41217, 0.99405, 0][0.541577, 0.325929, -0.281957][0.59955, 0.45973, 0.65513][0.31150, 0.98840, 0][0.209511, 0.325471, -0.523213][0.86944, 0.46104, 0.17754][0.41217, 0.98840, 0][0.541577, 0.325929, -0.281957][-0.00091, 1.00000, 0.00066][0.31150, 0.98840, 0][0.215761, 0.325457, -0.542449][-0.36057, 0.92978, -0.07410][0.41217, 0.98339, 0][0.209511, 0.325471, -0.523213][-0.00103, 1.00000, 0.00076][0.41217, 0.98840, 0][-0.920625, 0.39359, 0.108316][0.96381, 0.17783, 0.19864][0.36863, 0.00491, 0][-0.66278, 0.113372, 0.213158][0.96381, 0.17783, 0.19864][0.47369, 0.07354, 0][-0.624107, 0.148874, 0.214578][0.96381, 0.17783, 0.19864][0.46590, 0.09300, 0][-0.796214, 0.331042, -0.191968][0.81052, 0.16584, 0.56175][0.52272, 0.00290, 0][-0.673337, 0.175542, -0.074989][0.81052, 0.16584, 0.56175][0.49858, 0.06653, 0][-0.654191, 0.19506, -0.065713][0.81052, 0.16584, 0.56175][0.48871, 0.06259, 0][0.907777, 0.411813, 0.108315][0.95746, 0.23015, -0.17410][0.36863, 0.00491, 0][0.650876, 0.170106, 0.213129][0.95746, 0.23015, -0.17410][0.47369, 0.07354, 0][0.689602, 0.13467, 0.214605][0.95746, 0.23015, -0.17410][0.46590, 0.09300, 0][-0.649814, 0.394305, 0.762102][0.82191, 0.17861, -0.54089][0.36863, 0.00491, 0][-0.393341, 0.113952, 0.654245][0.82191, 0.17861, -0.54089][0.47369, 0.07354, 0][-0.364982, 0.149414, 0.627876][0.82191, 0.17861, -0.54089][0.46590, 0.09300, 0][-0.351132, 0.332229, 0.886019][0.61674, 0.16701, -0.76925][0.52272, 0.00290, 0][-0.225829, 0.176594, 0.771876][0.61674, 0.16701, -0.76925][0.49858, 0.06653, 0][-0.215244, 0.196086, 0.753395][0.61674, 0.16701, -0.76925][0.48871, 0.06259, 0][-0.218127, -0.279219, -1.00944][-0.35798, -0.32678, 0.87468][0.66584, 0.73718, 0][-0.1812, -0.523499, -0.717668][-0.21468, -0.39167, 0.89471][0.73746, 0.74490, 0][-0.241653, -0.384924, -0.71779][-0.21385, -0.39076, 0.89531][0.71856, 0.76307, 0][-0.1812, -0.523499, -0.717668][-0.21468, -0.39167, 0.89471][0.73746, 0.74490, 0][-0.218127, -0.279219, -1.00944][-0.35798, -0.32678, 0.87468][0.66584, 0.73718, 0][-0.163536, -0.382001, -1.0487][-0.46164, -0.24268, 0.85323][0.67470, 0.71833, 0][-0.241653, -0.384924, -0.71779][0.06721, 0.42033, 0.90488][0.71856, 0.76307, 0][-0.16355, -0.176437, -0.970155][0.11855, 0.41150, 0.90367][0.65699, 0.75603, 0][-0.218127, -0.279219, -1.00944][0.18931, 0.41030, 0.89208][0.66584, 0.73718, 0][-0.16355, -0.176437, -0.970155][0.11855, 0.41150, 0.90367][0.65699, 0.75603, 0][-0.241653, -0.384924, -0.71779][0.06721, 0.42033, 0.90488][0.71856, 0.76307, 0][-0.1812, -0.246347, -0.717889][0.04664, 0.39944, 0.91557][0.69965, 0.78125, 0][-0.124803, -0.027602, -1.07679][0.27693, 0.36904, 0.88720][0.62269, 0.76103, 0][-0.218127, -0.279219, -1.00944][0.18931, 0.41030, 0.89208][0.66584, 0.73718, 0][-0.16355, -0.176437, -0.970155][0.11855, 0.41150, 0.90367][0.65699, 0.75603, 0][-0.16647, -0.087482, -1.12713][-0.58940, -0.11375, 0.79980][0.62425, 0.74630, 0][-0.163536, -0.382001, -1.0487][-0.46164, -0.24268, 0.85323][0.67470, 0.71833, 0][-0.218127, -0.279219, -1.00944][-0.35798, -0.32678, 0.87468][0.66584, 0.73718, 0][-0.218127, -0.279219, -1.00944][0.18931, 0.41030, 0.89208][0.66584, 0.73718, 0][-0.124803, -0.027602, -1.07679][0.27693, 0.36904, 0.88720][0.62269, 0.76103, 0][-0.16647, -0.087482, -1.12713][0.30539, 0.34574, 0.88724][0.62425, 0.74630, 0][-0.163536, -0.382001, -1.0487][-0.46164, -0.24268, 0.85323][0.67470, 0.71833, 0][-0.16647, -0.087482, -1.12713][-0.58940, -0.11375, 0.79980][0.62425, 0.74630, 0][-0.124785, -0.147362, -1.17745][-0.52638, -0.05652, 0.84837][0.62580, 0.73158, 0][-0.086065, 0.146608, -1.13765][0.31798, 0.32719, 0.88985][0.59095, 0.77560, 0][-0.16647, -0.087482, -1.12713][0.30539, 0.34574, 0.88724][0.62425, 0.74630, 0][-0.124803, -0.027602, -1.07679][0.27693, 0.36904, 0.88720][0.62269, 0.76103, 0][-0.11482, 0.124906, -1.19903][-0.47388, -0.07485, 0.87740][0.58585, 0.76438, 0][-0.124785, -0.147362, -1.17745][-0.52638, -0.05652, 0.84837][0.62580, 0.73158, 0][-0.16647, -0.087482, -1.12713][-0.58940, -0.11375, 0.79980][0.62425, 0.74630, 0][-0.16647, -0.087482, -1.12713][0.30539, 0.34574, 0.88724][0.62425, 0.74630, 0][-0.086065, 0.146608, -1.13765][0.31798, 0.32719, 0.88985][0.59095, 0.77560, 0][-0.11482, 0.124906, -1.19903][0.27114, 0.32871, 0.90467][0.58585, 0.76438, 0][-0.124785, -0.147362, -1.17745][-0.52638, -0.05652, 0.84837][0.62580, 0.73158, 0][-0.11482, 0.124906, -1.19903][-0.47388, -0.07485, 0.87740][0.58585, 0.76438, 0][-0.086042, 0.103205, -1.26042][-0.33612, -0.11277, 0.93505][0.58074, 0.75316, 0][-0.06844, 0.292644, -1.25258][0.23351, 0.39194, 0.88986][0.55594, 0.77910, 0][-0.11482, 0.124906, -1.19903][0.27114, 0.32871, 0.90467][0.58585, 0.76438, 0][-0.086065, 0.146608, -1.13765][0.31798, 0.32719, 0.88985][0.59095, 0.77560, 0][-0.09132, 0.292564, -1.35335][-0.26551, -0.17420, 0.94824][0.54272, 0.76535, 0][-0.086042, 0.103205, -1.26042][-0.33612, -0.11277, 0.93505][0.58074, 0.75316, 0][-0.11482, 0.124906, -1.19903][-0.47388, -0.07485, 0.87740][0.58585, 0.76438, 0][-0.11482, 0.124906, -1.19903][0.27114, 0.32871, 0.90467][0.58585, 0.76438, 0][-0.06844, 0.292644, -1.25258][0.23351, 0.39194, 0.88986][0.55594, 0.77910, 0][-0.09132, 0.292564, -1.35335][0.19267, 0.45662, 0.86855][0.54272, 0.76535, 0][-0.06414, 0.314234, -1.29097][0.18277, 0.52023, 0.83424][0.54796, 0.77670, 0][-0.09132, 0.292564, -1.35335][0.19267, 0.45662, 0.86855][0.54272, 0.76535, 0][-0.06844, 0.292644, -1.25258][0.23351, 0.39194, 0.88986][0.55594, 0.77910, 0][-0.086042, 0.103205, -1.26042][-0.33612, -0.11277, 0.93505][0.58074, 0.75316, 0][-0.09132, 0.292564, -1.35335][-0.26551, -0.17420, 0.94824][0.54272, 0.76535, 0][-0.0684029, 0.292484, -1.4541][-0.21078, -0.18568, 0.95974][0.52950, 0.75160, 0][-0.09132, 0.292564, -1.35335][0.19267, 0.45662, 0.86855][0.54272, 0.76535, 0][-0.06414, 0.314234, -1.29097][0.18277, 0.52023, 0.83424][0.54796, 0.77670, 0][-0.085587, 0.316362, -1.39888][0.17494, 0.53396, 0.82721][0.53350, 0.76227, 0][-0.085587, 0.316362, -1.39888][-0.20612, -0.21098, 0.95551][0.53350, 0.76227, 0][-0.0684029, 0.292484, -1.4541][-0.21078, -0.18568, 0.95974][0.52950, 0.75160, 0][-0.09132, 0.292564, -1.35335][-0.26551, -0.17420, 0.94824][0.54272, 0.76535, 0][-0.0684029, 0.292484, -1.4541][-0.21078, -0.18568, 0.95974][0.52950, 0.75160, 0][-0.085587, 0.316362, -1.39888][-0.20612, -0.21098, 0.95551][0.53350, 0.76227, 0][-0.0640999, 0.318491, -1.50677][-0.19428, -0.23593, 0.95215][0.51904, 0.74783, 0][0.218546, -0.279219, -1.00935][0.12328, 0.41242, -0.90261][0.15975, 0.92734, 0][0.181511, -0.246347, -0.717822][0.06687, 0.42432, -0.90304][0.19189, 0.88203, 0][0.241962, -0.384924, -0.7177][0.07117, 0.39888, -0.91424][0.21147, 0.89949, 0][0.181511, -0.246347, -0.717822][0.06687, 0.42432, -0.90304][0.19189, 0.88203, 0][0.218546, -0.279219, -1.00935][0.12328, 0.41242, -0.90261][0.15975, 0.92734, 0][0.163954, -0.176437, -0.970096][0.18200, 0.41478, -0.89153][0.15020, 0.90883, 0][0.241962, -0.384924, -0.7177][-0.21432, -0.39182, -0.89473][0.21147, 0.89949, 0][0.163969, -0.382001, -1.04864][-0.34613, -0.33259, -0.87726][0.16931, 0.94584, 0][0.218546, -0.279219, -1.00935][-0.46053, -0.23865, -0.85496][0.15975, 0.92734, 0][0.163969, -0.382001, -1.04864][-0.34613, -0.33259, -0.87726][0.16931, 0.94584, 0][0.241962, -0.384924, -0.7177][-0.21432, -0.39182, -0.89473][0.21147, 0.89949, 0][0.181511, -0.523499, -0.7176][-0.21443, -0.39067, -0.89521][0.23104, 0.91695, 0][0.125266, -0.147362, -1.1774][-0.57514, -0.12568, -0.80834][0.11995, 0.93443, 0][0.218546, -0.279219, -1.00935][-0.46053, -0.23865, -0.85496][0.15975, 0.92734, 0][0.163969, -0.382001, -1.04864][-0.34613, -0.33259, -0.87726][0.16931, 0.94584, 0][0.166931, -0.087482, -1.12707][0.27379, 0.37360, -0.88626][0.11784, 0.91977, 0][0.163954, -0.176437, -0.970096][0.18200, 0.41478, -0.89153][0.15020, 0.90883, 0][0.218546, -0.279219, -1.00935][0.12328, 0.41242, -0.90261][0.15975, 0.92734, 0][0.218546, -0.279219, -1.00935][-0.46053, -0.23865, -0.85496][0.15975, 0.92734, 0][0.125266, -0.147362, -1.1774][-0.57514, -0.12568, -0.80834][0.11995, 0.93443, 0][0.166931, -0.087482, -1.12707][-0.52887, -0.03896, -0.84781][0.11784, 0.91977, 0][0.163954, -0.176437, -0.970096][0.18200, 0.41478, -0.89153][0.15020, 0.90883, 0][0.166931, -0.087482, -1.12707][0.27379, 0.37360, -0.88626][0.11784, 0.91977, 0][0.125248, -0.027602, -1.07674][0.29961, 0.34832, -0.88820][0.11574, 0.90512, 0][0.086555, 0.103205, -1.26038][-0.46117, -0.08776, -0.88296][0.07412, 0.91454, 0][0.166931, -0.087482, -1.12707][-0.52887, -0.03896, -0.84781][0.11784, 0.91977, 0][0.125266, -0.147362, -1.1774][-0.57514, -0.12568, -0.80834][0.11995, 0.93443, 0][0.11531, 0.124906, -1.19899][-0.01229, 0.13857, -0.99028][0.07880, 0.90314, 0][0.125248, -0.027602, -1.07674][0.29961, 0.34832, -0.88820][0.11574, 0.90512, 0][0.166931, -0.087482, -1.12707][0.27379, 0.37360, -0.88626][0.11784, 0.91977, 0][0.166931, -0.087482, -1.12707][-0.52887, -0.03896, -0.84781][0.11784, 0.91977, 0][0.086555, 0.103205, -1.26038][-0.46117, -0.08776, -0.88296][0.07412, 0.91454, 0][0.11531, 0.124906, -1.19899][-0.01229, 0.13857, -0.99028][0.07880, 0.90314, 0][0.125248, -0.027602, -1.07674][0.29961, 0.34832, -0.88820][0.11574, 0.90512, 0][0.11531, 0.124906, -1.19899][-0.01229, 0.13857, -0.99028][0.07880, 0.90314, 0][0.086532, 0.146608, -1.13762][0.26850, 0.32366, -0.90728][0.08348, 0.89174, 0][0.068987, 0.292484, -1.45407][-0.25741, -0.20163, -0.94503][0.02297, 0.91802, 0][0.11531, 0.124906, -1.19899][-0.01229, 0.13857, -0.99028][0.07880, 0.90314, 0][0.086555, 0.103205, -1.26038][-0.46117, -0.08776, -0.88296][0.07412, 0.91454, 0][0.091867, 0.292564, -1.35332][0.00853, 0.13033, -0.99143][0.03567, 0.90378, 0][0.086532, 0.146608, -1.13762][0.26850, 0.32366, -0.90728][0.08348, 0.89174, 0][0.11531, 0.124906, -1.19899][-0.01229, 0.13857, -0.99028][0.07880, 0.90314, 0][0.11531, 0.124906, -1.19899][-0.01229, 0.13857, -0.99028][0.07880, 0.90314, 0][0.068987, 0.292484, -1.45407][-0.25741, -0.20163, -0.94503][0.02297, 0.91802, 0][0.091867, 0.292564, -1.35332][0.00853, 0.13033, -0.99143][0.03567, 0.90378, 0][0.086532, 0.146608, -1.13762][0.26850, 0.32366, -0.90728][0.08348, 0.89174, 0][0.091867, 0.292564, -1.35332][0.00853, 0.13033, -0.99143][0.03567, 0.90378, 0][0.06895, 0.292644, -1.25256][0.19397, 0.44305, -0.87526][0.04837, 0.88955, 0][0.0647041, 0.318491, -1.50675][-0.20058, 0.06502, -0.97752][0.01265, 0.92218, 0][0.091867, 0.292564, -1.35332][0.00853, 0.13033, -0.99143][0.03567, 0.90378, 0][0.068987, 0.292484, -1.45407][-0.25741, -0.20163, -0.94503][0.02297, 0.91802, 0][0.086151, 0.316362, -1.39885][0.18238, 0.51950, -0.83478][0.02657, 0.90721, 0][0.06895, 0.292644, -1.25256][0.19397, 0.44305, -0.87526][0.04837, 0.88955, 0][0.091867, 0.292564, -1.35332][0.00853, 0.13033, -0.99143][0.03567, 0.90378, 0][0.091867, 0.292564, -1.35332][0.00853, 0.13033, -0.99143][0.03567, 0.90378, 0][0.0647041, 0.318491, -1.50675][-0.20058, 0.06502, -0.97752][0.01265, 0.92218, 0][0.086151, 0.316362, -1.39885][-0.18426, 0.24644, -0.95148][0.02657, 0.90721, 0][0.06895, 0.292644, -1.25256][0.19397, 0.44305, -0.87526][0.04837, 0.88955, 0][0.086151, 0.316362, -1.39885][0.18238, 0.51950, -0.83478][0.02657, 0.90721, 0][0.064664, 0.314234, -1.29095][0.17964, 0.48888, -0.85365][0.04048, 0.89224, 0][0.0552601, 0.328616, -1.51645][-0.14505, 0.59699, -0.78902][0.01000, 0.92227, 0][0.086151, 0.316362, -1.39885][-0.18426, 0.24644, -0.95148][0.02657, 0.90721, 0][0.0647041, 0.318491, -1.50675][-0.20058, 0.06502, -0.97752][0.01265, 0.92218, 0][-0.634737, 0.410073, -0.530604][0.52621, 0.19332, 0.82809][0.36863, 0.00491, 0][-0.554256, 0.133025, -0.302168][0.52621, 0.19332, 0.82809][0.47369, 0.07354, 0][-0.527943, 0.168541, -0.273808][0.52621, 0.19332, 0.82809][0.46590, 0.09300, 0][-0.303974, 0.347822, -0.66644][0.10070, 0.19293, 0.97603][0.52272, 0.00290, 0][-0.320466, 0.195438, -0.534337][0.10070, 0.19293, 0.97603][0.49858, 0.06653, 0][-0.314501, 0.214956, -0.513916][0.10070, 0.19293, 0.97603][0.48871, 0.06259, 0][0.643125, 0.41211, 0.747237][0.80021, 0.22946, 0.55409][0.36863, 0.00491, 0][0.387543, 0.170241, 0.639617][0.80021, 0.22946, 0.55409][0.47369, 0.07354, 0][0.413912, 0.134819, 0.668033][0.80021, 0.22946, 0.55409][0.46590, 0.09300, 0][0.00419396, 0.411813, 1.01189][0.21306, 0.19453, -0.95748][0.36863, 0.00491, 0][0.109038, 0.134428, 0.793984][0.21306, 0.19453, -0.95748][0.47369, 0.07354, 0][0.110457, 0.169863, 0.755255][0.21306, 0.19453, -0.95748][0.46590, 0.09300, 0][0.313064, 0.349549, 0.882934][-0.10170, 0.19427, -0.97566][0.52272, 0.00290, 0][0.329695, 0.196989, 0.751057][-0.10170, 0.19427, -0.97566][0.49858, 0.06653, 0][0.323685, 0.216467, 0.730609][-0.10170, 0.19427, -0.97566][0.48871, 0.06259, 0][0.929013, 0.395033, 0.108315][0.96281, 0.21661, -0.16150][0.36863, 0.00491, 0][0.632613, 0.150142, 0.213129][0.96281, 0.21661, -0.16150][0.47369, 0.07354, 0][0.671339, 0.114707, 0.214605][0.96281, 0.21661, -0.16150][0.46590, 0.09300, 0][0.643125, 0.411085, -0.530604][0.55371, 0.23030, -0.80023][0.36863, 0.00491, 0][0.535503, 0.169634, -0.274644][0.55371, 0.23030, -0.80023][0.47369, 0.07354, 0][0.56392, 0.134158, -0.300957][0.55371, 0.23030, -0.80023][0.46590, 0.09300, 0][-0.649602, 0.393293, -0.545682][0.54088, 0.17726, 0.82221][0.36863, 0.00491, 0][-0.541301, 0.113061, -0.289213][0.54088, 0.17726, 0.82221][0.47369, 0.07354, 0][-0.514989, 0.148578, -0.260855][0.54088, 0.17726, 0.82221][0.46590, 0.09300, 0][-0.207195, 0.299181, 0.75926][-0.00093, 1.00000, 0.00074][0.90021, 0.98339, 0][-0.533011, 0.298709, 0.498766][-0.00090, 1.00000, 0.00067][0.80671, 0.98840, 0][-0.549375, 0.298709, 0.510656][-0.00087, 1.00000, 0.00065][0.80671, 0.98339, 0][-0.659848, 0.298304, 0.108405][-0.00081, 1.00000, 0.00063][0.71190, 0.98840, 0][-0.549375, 0.298709, 0.510656][-0.00087, 1.00000, 0.00065][0.80671, 0.98339, 0][-0.533011, 0.298709, 0.498766][-0.00090, 1.00000, 0.00067][0.80671, 0.98840, 0][-0.522558, 0.278664, 0.491201][-0.41933, 0.53908, -0.73045][0.80671, 0.99405, 0][-0.659848, 0.298304, 0.108405][-0.09114, 0.53937, -0.83713][0.71190, 0.98840, 0][-0.533011, 0.298709, 0.498766][-0.56605, 0.53898, -0.62377][0.80671, 0.98840, 0][-0.533011, 0.298709, 0.498766][-0.56605, 0.53898, -0.62377][0.80671, 0.98840, 0][-0.196943, 0.279123, 0.727772][-0.76884, 0.53863, -0.34461][0.90021, 0.99405, 0][-0.522558, 0.278664, 0.491201][-0.41933, 0.53908, -0.73045][0.80671, 0.99405, 0][-0.659848, 0.298304, 0.108405][-0.09114, 0.53937, -0.83713][0.71190, 0.98840, 0][-0.522558, 0.278664, 0.491201][-0.41933, 0.53908, -0.73045][0.80671, 0.99405, 0][-0.646934, 0.27826, 0.108421][0.09027, 0.53953, -0.83711][0.71190, 0.99405, 0][-0.196943, 0.279123, 0.727772][-0.76884, 0.53863, -0.34461][0.90021, 0.99405, 0][-0.533011, 0.298709, 0.498766][-0.56605, 0.53898, -0.62377][0.80671, 0.98840, 0][-0.200945, 0.299168, 0.740023][-0.82488, 0.53848, -0.17209][0.90021, 0.98840, 0][-0.533011, 0.298709, 0.498766][-0.00090, 1.00000, 0.00067][0.80671, 0.98840, 0][-0.207195, 0.299181, 0.75926][-0.00093, 1.00000, 0.00074][0.90021, 0.98339, 0][-0.200945, 0.299168, 0.740023][-0.00100, 1.00000, 0.00077][0.90021, 0.98840, 0][-0.200945, 0.299168, 0.740023][-0.82488, 0.53848, -0.17209][0.90021, 0.98840, 0][0.205541, 0.279433, 0.72777][-0.85331, 0.52140, 0.00041][0.99594, 0.99405, 0][-0.196943, 0.279123, 0.727772][-0.76884, 0.53863, -0.34461][0.90021, 0.99405, 0][0.205541, 0.279433, 0.72777][-0.85331, 0.52140, 0.00041][0.99594, 0.99405, 0][-0.200945, 0.299168, 0.740023][-0.82488, 0.53848, -0.17209][0.90021, 0.98840, 0][0.209511, 0.299491, 0.740023][-0.85333, 0.52137, 0.00041][0.99594, 0.98840, 0][-0.200945, 0.299168, 0.740023][-0.00100, 1.00000, 0.00077][0.90021, 0.98840, 0][0.215761, 0.299518, 0.759259][-0.00104, 1.00000, 0.00079][0.99594, 0.98339, 0][0.209511, 0.299491, 0.740023][-0.00115, 1.00000, 0.00079][0.99594, 0.98840, 0][0.215761, 0.299518, 0.759259][-0.00104, 1.00000, 0.00079][0.99594, 0.98339, 0][-0.200945, 0.299168, 0.740023][-0.00100, 1.00000, 0.00077][0.90021, 0.98840, 0][-0.207195, 0.299181, 0.75926][-0.00093, 1.00000, 0.00074][0.90021, 0.98339, 0][-0.207195, 0.299181, 0.75926][0.84859, 0.49819, 0.17806][0.90021, 0.98339, 0][0.218901, 0.28201, 0.768892][0.87623, 0.48189, 0.00039][0.99594, 0.97813, 0][0.215761, 0.299518, 0.759259][0.87617, 0.48200, 0.00038][0.99594, 0.98339, 0][0.218901, 0.28201, 0.768892][0.87623, 0.48189, 0.00039][0.99594, 0.97813, 0][-0.207195, 0.299181, 0.75926][0.84859, 0.49819, 0.17806][0.90021, 0.98339, 0][-0.210306, 0.281659, 0.768892][0.79088, 0.49799, 0.35569][0.90021, 0.97813, 0][-0.549375, 0.298709, 0.510656][0.58202, 0.49767, 0.64310][0.80671, 0.98339, 0][-0.210306, 0.281659, 0.768892][0.79088, 0.49799, 0.35569][0.90021, 0.97813, 0][-0.207195, 0.299181, 0.75926][0.84859, 0.49819, 0.17806][0.90021, 0.98339, 0][-0.210306, 0.281659, 0.768892][0.84933, -0.49721, 0.17723][0.90021, 0.97813, 0][0.21579, 0.264474, 0.759287][0.87698, -0.48052, -0.00039][0.99594, 0.97330, 0][0.218901, 0.28201, 0.768892][0.87703, -0.48044, -0.00039][0.99594, 0.97813, 0][0.21579, 0.264474, 0.759287][0.87698, -0.48052, -0.00039][0.99594, 0.97330, 0][-0.210306, 0.281659, 0.768892][0.84933, -0.49721, 0.17723][0.90021, 0.97813, 0][-0.207167, 0.264137, 0.759288][0.79160, -0.49743, 0.35487][0.90021, 0.97330, 0][-0.207167, 0.264137, 0.759288][0.00103, -1.00000, -0.00076][0.90021, 0.97330, 0][0.209539, 0.264447, 0.740051][0.00106, -1.00000, -0.00079][0.99594, 0.96890, 0][0.21579, 0.264474, 0.759287][0.00114, -1.00000, -0.00080][0.99594, 0.97330, 0][-0.210306, 0.281659, 0.768892][0.79088, 0.49799, 0.35569][0.90021, 0.97813, 0][-0.549375, 0.298709, 0.510656][0.58202, 0.49767, 0.64310][0.80671, 0.98339, 0][-0.557544, 0.281187, 0.516615][0.43089, 0.49747, 0.75290][0.80671, 0.97813, 0][-0.557544, 0.281187, 0.516615][0.58278, -0.49781, 0.64230][0.80671, 0.97813, 0][-0.207167, 0.264137, 0.759288][0.79160, -0.49743, 0.35487][0.90021, 0.97330, 0][-0.210306, 0.281659, 0.768892][0.84933, -0.49721, 0.17723][0.90021, 0.97813, 0][-0.680076, 0.298291, 0.108405][0.09299, 0.49705, 0.86272][0.71190, 0.98339, 0][-0.557544, 0.281187, 0.516615][0.43089, 0.49747, 0.75290][0.80671, 0.97813, 0][-0.549375, 0.298709, 0.510656][0.58202, 0.49767, 0.64310][0.80671, 0.98339, 0][-0.549375, 0.298709, 0.510656][-0.00087, 1.00000, 0.00065][0.80671, 0.98339, 0][-0.659848, 0.298304, 0.108405][-0.00081, 1.00000, 0.00063][0.71190, 0.98840, 0][-0.680076, 0.298291, 0.108405][-0.00083, 1.00000, 0.00076][0.71190, 0.98339, 0][-0.207167, 0.264137, 0.759288][0.79160, -0.49743, 0.35487][0.90021, 0.97330, 0][-0.557544, 0.281187, 0.516615][0.58278, -0.49781, 0.64230][0.80671, 0.97813, 0][-0.549346, 0.263665, 0.510684][0.43167, -0.49805, 0.75207][0.80671, 0.97330, 0][-0.533011, 0.298088, -0.281956][-0.00088, 1.00000, 0.00086][0.61419, 0.98840, 0][-0.680076, 0.298291, 0.108405][-0.00083, 1.00000, 0.00076][0.71190, 0.98339, 0][-0.659848, 0.298304, 0.108405][-0.00081, 1.00000, 0.00063][0.71190, 0.98840, 0][-0.646934, 0.27826, 0.108421][0.09027, 0.53953, -0.83711][0.71190, 0.99405, 0][-0.533011, 0.298088, -0.281956][0.41845, 0.53979, -0.73043][0.61419, 0.98840, 0][-0.659848, 0.298304, 0.108405][-0.09114, 0.53937, -0.83713][0.71190, 0.98840, 0][-0.533011, 0.298088, -0.281956][0.41845, 0.53979, -0.73043][0.61419, 0.98840, 0][-0.646934, 0.27826, 0.108421][0.09027, 0.53953, -0.83711][0.71190, 0.99405, 0][-0.522558, 0.278058, -0.274358][0.56523, 0.53982, -0.62378][0.61419, 0.99405, 0][0.209539, 0.264447, 0.740051][0.00106, -1.00000, -0.00079][0.99594, 0.96890, 0][-0.207167, 0.264137, 0.759288][0.00103, -1.00000, -0.00076][0.90021, 0.97330, 0][-0.200917, 0.264123, 0.740051][0.00096, -1.00000, -0.00072][0.90021, 0.96890, 0][-0.549346, 0.263665, 0.510684][0.00091, -1.00000, -0.00066][0.80671, 0.97330, 0][-0.200917, 0.264123, 0.740051][0.00096, -1.00000, -0.00072][0.90021, 0.96890, 0][-0.207167, 0.264137, 0.759288][0.00103, -1.00000, -0.00076][0.90021, 0.97330, 0][-0.196943, 0.279123, 0.727772][-0.72063, -0.65234, -0.23483][0.90021, 0.96446, 0][0.209539, 0.264447, 0.740051][-0.77363, -0.63364, -0.00049][0.99594, 0.96890, 0][-0.200917, 0.264123, 0.740051][-0.72073, -0.65221, -0.23486][0.90021, 0.96890, 0][0.209539, 0.264447, 0.740051][-0.77363, -0.63364, -0.00049][0.99594, 0.96890, 0][-0.196943, 0.279123, 0.727772][-0.72063, -0.65234, -0.23483][0.90021, 0.96446, 0][0.205541, 0.279433, 0.72777][-0.77352, -0.63377, -0.00048][0.99594, 0.96446, 0][-0.532982, 0.263665, 0.498794][-0.44514, -0.65193, -0.61387][0.80671, 0.96890, 0][-0.196943, 0.279123, 0.727772][-0.72063, -0.65234, -0.23483][0.90021, 0.96446, 0][-0.200917, 0.264123, 0.740051][-0.72073, -0.65221, -0.23486][0.90021, 0.96890, 0][-0.200917, 0.264123, 0.740051][0.00096, -1.00000, -0.00072][0.90021, 0.96890, 0][-0.549346, 0.263665, 0.510684][0.00091, -1.00000, -0.00066][0.80671, 0.97330, 0][-0.532982, 0.263665, 0.498794][0.00087, -1.00000, -0.00065][0.80671, 0.96890, 0][-0.196943, 0.279123, 0.727772][-0.72063, -0.65234, -0.23483][0.90021, 0.96446, 0][-0.532982, 0.263665, 0.498794][-0.44514, -0.65193, -0.61387][0.80671, 0.96890, 0][-0.522558, 0.278664, 0.491201][-0.44510, -0.65195, -0.61387][0.80671, 0.96446, 0][-0.532982, 0.263665, 0.498794][-0.44514, -0.65193, -0.61387][0.80671, 0.96890, 0][-0.646934, 0.27826, 0.108421][-0.08132, -0.64947, -0.75603][0.71190, 0.96446, 0][-0.522558, 0.278664, 0.491201][-0.44510, -0.65195, -0.61387][0.80671, 0.96446, 0][-0.646934, 0.27826, 0.108421][-0.08132, -0.64947, -0.75603][0.71190, 0.96446, 0][-0.532982, 0.263665, 0.498794][-0.44514, -0.65193, -0.61387][0.80671, 0.96890, 0][-0.65982, 0.26326, 0.108433][0.08236, -0.64931, -0.75605][0.71190, 0.96890, 0][-0.65982, 0.26326, 0.108433][0.08236, -0.64931, -0.75605][0.71190, 0.96890, 0][-0.522558, 0.278058, -0.274358][0.37846, -0.64908, -0.65990][0.61419, 0.96446, 0][-0.646934, 0.27826, 0.108421][-0.08132, -0.64947, -0.75603][0.71190, 0.96446, 0][-0.680047, 0.263247, 0.108433][0.00082, -1.00000, -0.00063][0.71190, 0.97330, 0][-0.532982, 0.263665, 0.498794][0.00087, -1.00000, -0.00065][0.80671, 0.96890, 0][-0.549346, 0.263665, 0.510684][0.00091, -1.00000, -0.00066][0.80671, 0.97330, 0][-0.532982, 0.263665, 0.498794][0.00087, -1.00000, -0.00065][0.80671, 0.96890, 0][-0.680047, 0.263247, 0.108433][0.00082, -1.00000, -0.00063][0.71190, 0.97330, 0][-0.65982, 0.26326, 0.108433][0.00083, -1.00000, -0.00076][0.71190, 0.96890, 0][-0.522558, 0.278058, -0.274358][0.37846, -0.64908, -0.65990][0.61419, 0.96446, 0][-0.65982, 0.26326, 0.108433][0.08236, -0.64931, -0.75605][0.71190, 0.96890, 0][-0.532982, 0.263044, -0.281927][0.51083, -0.64908, -0.56370][0.61419, 0.96890, 0][-0.532982, 0.263044, -0.281927][0.51083, -0.64908, -0.56370][0.61419, 0.96890, 0][-0.196943, 0.278125, -0.510929][0.69373, -0.64924, -0.31181][0.51385, 0.96446, 0][-0.522558, 0.278058, -0.274358][0.37846, -0.64908, -0.65990][0.61419, 0.96446, 0][-0.549346, 0.263017, -0.293817][0.00088, -1.00000, -0.00087][0.61419, 0.97330, 0][-0.65982, 0.26326, 0.108433][0.00083, -1.00000, -0.00076][0.71190, 0.96890, 0][-0.680047, 0.263247, 0.108433][0.00082, -1.00000, -0.00063][0.71190, 0.97330, 0][-0.65982, 0.26326, 0.108433][0.00083, -1.00000, -0.00076][0.71190, 0.96890, 0][-0.549346, 0.263017, -0.293817][0.00088, -1.00000, -0.00087][0.61419, 0.97330, 0][-0.532982, 0.263044, -0.281927][0.00098, -1.00000, -0.00099][0.61419, 0.96890, 0][-0.549346, 0.263665, 0.510684][0.43167, -0.49805, 0.75207][0.80671, 0.97330, 0][-0.690176, 0.280755, 0.108419][0.09378, -0.49846, 0.86183][0.71190, 0.97813, 0][-0.680047, 0.263247, 0.108433][-0.09301, -0.49851, 0.86188][0.71190, 0.97330, 0][-0.690176, 0.280755, 0.108419][0.09378, -0.49846, 0.86183][0.71190, 0.97813, 0][-0.549346, 0.263665, 0.510684][0.43167, -0.49805, 0.75207][0.80671, 0.97330, 0][-0.557544, 0.281187, 0.516615][0.58278, -0.49781, 0.64230][0.80671, 0.97813, 0][-0.557544, 0.281187, 0.516615][0.43089, 0.49747, 0.75290][0.80671, 0.97813, 0][-0.680076, 0.298291, 0.108405][0.09299, 0.49705, 0.86272][0.71190, 0.98339, 0][-0.690176, 0.280755, 0.108419][-0.09378, 0.49695, 0.86270][0.71190, 0.97813, 0][-0.557542, 0.280539, -0.299776][-0.43093, -0.49856, 0.75215][0.61419, 0.97813, 0][-0.680047, 0.263247, 0.108433][-0.09301, -0.49851, 0.86188][0.71190, 0.97330, 0][-0.690176, 0.280755, 0.108419][0.09378, -0.49846, 0.86183][0.71190, 0.97813, 0][-0.680047, 0.263247, 0.108433][-0.09301, -0.49851, 0.86188][0.71190, 0.97330, 0][-0.557542, 0.280539, -0.299776][-0.43093, -0.49856, 0.75215][0.61419, 0.97813, 0][-0.549346, 0.263017, -0.293817][-0.58203, -0.49859, 0.64238][0.61419, 0.97330, 0][-0.549375, 0.298061, -0.293845][-0.43165, 0.49687, 0.75286][0.61419, 0.98339, 0][-0.690176, 0.280755, 0.108419][-0.09378, 0.49695, 0.86270][0.71190, 0.97813, 0][-0.680076, 0.298291, 0.108405][0.09299, 0.49705, 0.86272][0.71190, 0.98339, 0][-0.690176, 0.280755, 0.108419][-0.09378, 0.49695, 0.86270][0.71190, 0.97813, 0][-0.549375, 0.298061, -0.293845][-0.43165, 0.49687, 0.75286][0.61419, 0.98339, 0][-0.557542, 0.280539, -0.299776][-0.58275, 0.49689, 0.64304][0.61419, 0.97813, 0][-0.680076, 0.298291, 0.108405][-0.00083, 1.00000, 0.00076][0.71190, 0.98339, 0][-0.533011, 0.298088, -0.281956][-0.00088, 1.00000, 0.00086][0.61419, 0.98840, 0][-0.549375, 0.298061, -0.293845][-0.00098, 1.00000, 0.00099][0.61419, 0.98339, 0][-0.200945, 0.298169, -0.523213][-0.00106, 1.00000, 0.00092][0.51385, 0.98840, 0][-0.549375, 0.298061, -0.293845][-0.00098, 1.00000, 0.00099][0.61419, 0.98339, 0][-0.533011, 0.298088, -0.281956][-0.00088, 1.00000, 0.00086][0.61419, 0.98840, 0][-0.522558, 0.278058, -0.274358][0.56523, 0.53982, -0.62378][0.61419, 0.99405, 0][-0.200945, 0.298169, -0.523213][0.76810, 0.53967, -0.34465][0.51385, 0.98840, 0][-0.533011, 0.298088, -0.281956][0.41845, 0.53979, -0.73043][0.61419, 0.98840, 0][-0.200945, 0.298169, -0.523213][0.76810, 0.53967, -0.34465][0.51385, 0.98840, 0][-0.522558, 0.278058, -0.274358][0.56523, 0.53982, -0.62378][0.61419, 0.99405, 0][-0.196943, 0.278125, -0.510929][0.82420, 0.53951, -0.17213][0.51385, 0.99405, 0][-0.549375, 0.298061, -0.293845][-0.00098, 1.00000, 0.00099][0.61419, 0.98339, 0][-0.200945, 0.298169, -0.523213][-0.00106, 1.00000, 0.00092][0.51385, 0.98840, 0][-0.207195, 0.298142, -0.542449][-0.00107, 1.00000, 0.00087][0.51385, 0.98339, 0][-0.207195, 0.298142, -0.542449][-0.79158, 0.49690, 0.35565][0.51385, 0.98339, 0][-0.557542, 0.280539, -0.299776][-0.58275, 0.49689, 0.64304][0.61419, 0.97813, 0][-0.549375, 0.298061, -0.293845][-0.43165, 0.49687, 0.75286][0.61419, 0.98339, 0][-0.196943, 0.278125, -0.510929][0.82420, 0.53951, -0.17213][0.51385, 0.99405, 0][0.209511, 0.298493, -0.523213][0.82418, 0.53926, 0.17297][0.41217, 0.98840, 0][-0.200945, 0.298169, -0.523213][0.76810, 0.53967, -0.34465][0.51385, 0.98840, 0][0.209511, 0.298493, -0.523213][-0.00103, 1.00000, 0.00076][0.41217, 0.98840, 0][-0.207195, 0.298142, -0.542449][-0.00107, 1.00000, 0.00087][0.51385, 0.98339, 0][-0.200945, 0.298169, -0.523213][-0.00106, 1.00000, 0.00092][0.51385, 0.98840, 0][0.209511, 0.298493, -0.523213][0.82418, 0.53926, 0.17297][0.41217, 0.98840, 0][-0.196943, 0.278125, -0.510929][0.82420, 0.53951, -0.17213][0.51385, 0.99405, 0][0.205541, 0.278448, -0.51093][0.76811, 0.53908, 0.34552][0.41217, 0.99405, 0][-0.557542, 0.280539, -0.299776][-0.58275, 0.49689, 0.64304][0.61419, 0.97813, 0][-0.207195, 0.298142, -0.542449][-0.79158, 0.49690, 0.35565][0.51385, 0.98339, 0][-0.210307, 0.280607, -0.552056][-0.84929, 0.49700, 0.17804][0.51385, 0.97813, 0][-0.210307, 0.280607, -0.552056][-0.79082, -0.49865, 0.35489][0.51385, 0.97813, 0][-0.549346, 0.263017, -0.293817][-0.58203, -0.49859, 0.64238][0.61419, 0.97330, 0][-0.557542, 0.280539, -0.299776][-0.43093, -0.49856, 0.75215][0.61419, 0.97813, 0][-0.207195, 0.298142, -0.542449][-0.00107, 1.00000, 0.00087][0.51385, 0.98339, 0][0.209511, 0.298493, -0.523213][-0.00103, 1.00000, 0.00076][0.41217, 0.98840, 0][0.215761, 0.298479, -0.542449][-0.00096, 1.00000, 0.00072][0.41217, 0.98339, 0][0.215761, 0.298479, -0.542449][-0.84926, 0.49735, -0.17721][0.41217, 0.98339, 0][-0.210307, 0.280607, -0.552056][-0.84929, 0.49700, 0.17804][0.51385, 0.97813, 0][-0.207195, 0.298142, -0.542449][-0.79158, 0.49690, 0.35565][0.51385, 0.98339, 0][0.205541, 0.278448, -0.51093][0.76811, 0.53908, 0.34552][0.41217, 0.99405, 0][0.541577, 0.298951, -0.281957][0.56528, 0.53869, 0.62472][0.31150, 0.98840, 0][0.209511, 0.298493, -0.523213][0.82418, 0.53926, 0.17297][0.41217, 0.98840, 0][0.541577, 0.298951, -0.281957][-0.00091, 1.00000, 0.00066][0.31150, 0.98840, 0][0.215761, 0.298479, -0.542449][-0.00096, 1.00000, 0.00072][0.41217, 0.98339, 0][0.209511, 0.298493, -0.523213][-0.00103, 1.00000, 0.00076][0.41217, 0.98840, 0][0.657989, 0.395545, 0.762314][0.79498, 0.21554, 0.56706][0.36863, 0.00491, 0][0.374589, 0.150277, 0.626663][0.79498, 0.21554, 0.56706][0.47369, 0.07354, 0][0.400959, 0.114842, 0.65508][0.79498, 0.21554, 0.56706][0.46590, 0.09300, 0][-0.000192041, 0.217825, 1.15016][0.05612, 0.99842, -0.00090][0.68443, 0.66141, 0][0.082301, 0.203833, 0.837245][0.00957, 0.97926, -0.20240][0.62518, 0.67702, 0][-0.00013203, 0.221006, 0.829582][0.00976, 0.99760, 0.06853][0.62373, 0.66141, 0][0.082301, 0.203833, 0.837245][0.00957, 0.97926, -0.20240][0.62518, 0.67702, 0][-0.000192041, 0.217825, 1.15016][0.05612, 0.99842, -0.00090][0.68443, 0.66141, 0][0.082244, 0.20091, 1.1434][0.06959, 0.97681, -0.20248][0.68314, 0.67702, 0][-0.00013203, 0.221006, 0.829582][0.00976, 0.99760, 0.06853][0.62373, 0.66141, 0][-0.082625, 0.20091, 1.14337][0.03886, 0.97812, 0.20438][0.68314, 0.64580, 0][-0.000192041, 0.217825, 1.15016][0.05612, 0.99842, -0.00090][0.68443, 0.66141, 0][-0.082625, 0.20091, 1.14337][0.03886, 0.97812, 0.20438][0.68314, 0.64580, 0][-0.00013203, 0.221006, 0.829582][0.00976, 0.99760, 0.06853][0.62373, 0.66141, 0][-0.082568, 0.203833, 0.837214][0.00931, 0.97911, 0.20311][0.62518, 0.64580, 0][-0.0826661, 0.178913, 1.36293][0.20238, 0.95479, 0.21778][0.72471, 0.64580, 0][-0.000192041, 0.217825, 1.15016][0.05612, 0.99842, -0.00090][0.68443, 0.66141, 0][-0.082625, 0.20091, 1.14337][0.03886, 0.97812, 0.20438][0.68314, 0.64580, 0][-0.000234049, 0.193957, 1.37916][0.26603, 0.96396, 0.00109][0.72778, 0.66141, 0][0.082244, 0.20091, 1.1434][0.06959, 0.97681, -0.20248][0.68314, 0.67702, 0][-0.000192041, 0.217825, 1.15016][0.05612, 0.99842, -0.00090][0.68443, 0.66141, 0][-0.000192041, 0.217825, 1.15016][0.05612, 0.99842, -0.00090][0.68443, 0.66141, 0][-0.0826661, 0.178913, 1.36293][0.20238, 0.95479, 0.21778][0.72471, 0.64580, 0][-0.000234049, 0.193957, 1.37916][0.26603, 0.96396, 0.00109][0.72778, 0.66141, 0][-0.0826901, 0.118839, 1.49525][0.40987, 0.88329, 0.22762][0.74975, 0.64580, 0][-0.000234049, 0.193957, 1.37916][0.26603, 0.96396, 0.00109][0.72778, 0.66141, 0][-0.0826661, 0.178913, 1.36293][0.20238, 0.95479, 0.21778][0.72471, 0.64580, 0][0.082244, 0.20091, 1.1434][0.06959, 0.97681, -0.20248][0.68314, 0.67702, 0][-0.000234049, 0.193957, 1.37916][0.26603, 0.96396, 0.00109][0.72778, 0.66141, 0][0.0822029, 0.178913, 1.36297][0.30960, 0.92517, -0.21956][0.72471, 0.67702, 0][-0.000234049, 0.193957, 1.37916][0.26603, 0.96396, 0.00109][0.72778, 0.66141, 0][-0.0826901, 0.118839, 1.49525][0.40987, 0.88329, 0.22762][0.74975, 0.64580, 0][-0.000260054, 0.128788, 1.5166][0.42204, 0.90292, -0.08135][0.75379, 0.66141, 0][-0.000260054, 0.128788, 1.5166][0.42204, 0.90292, -0.08135][0.75379, 0.66141, 0][0.0822029, 0.178913, 1.36297][0.30960, 0.92517, -0.21956][0.72471, 0.67702, 0][-0.000234049, 0.193957, 1.37916][0.26603, 0.96396, 0.00109][0.72778, 0.66141, 0][0.0822029, 0.178913, 1.36297][0.30960, 0.92517, -0.21956][0.72471, 0.67702, 0][-0.000260054, 0.128788, 1.5166][0.42204, 0.90292, -0.08135][0.75379, 0.66141, 0][0.0821779, 0.118839, 1.49528][0.40407, 0.88985, -0.21189][0.74975, 0.67702, 0][0.00419396, 0.395033, 1.03312][0.19835, 0.17819, -0.96380][0.36863, 0.00491, 0][0.109038, 0.114464, 0.775722][0.19835, 0.17819, -0.96380][0.47369, 0.07354, 0][0.110457, 0.149899, 0.736993][0.19835, 0.17819, -0.96380][0.46590, 0.09300, 0][0.176682, 0.396666, -0.06452][-0.16101, 0.97498, -0.15326][0.49425, 0.18097, 0][0.415067, 0.366888, -0.064384][-0.05917, 0.98799, -0.14272][0.53855, 0.18959, 0][0.319487, 0.366774, -0.207248][-0.10925, 0.98799, -0.10926][0.51561, 0.21267, 0][0.319487, 0.366774, -0.207248][-0.10925, 0.98799, -0.10926][0.51561, 0.21267, 0][0.097693, 0.396623, -0.117408][-0.20789, 0.97486, -0.08023][0.47765, 0.18794, 0][0.176682, 0.396666, -0.06452][-0.16101, 0.97498, -0.15326][0.49425, 0.18097, 0][0.097693, 0.396623, -0.117408][-0.20789, 0.97486, -0.08023][0.47765, 0.18794, 0][0.319487, 0.366774, -0.207248][-0.10925, 0.98799, -0.10926][0.51561, 0.21267, 0][0.176658, 0.366698, -0.30288][-0.14306, 0.98793, -0.05943][0.48561, 0.22527, 0][0.581725, 0.337054, -0.135233][-0.11594, 0.94456, -0.30718][0.56695, 0.20880, 0][0.319487, 0.366774, -0.207248][-0.10925, 0.98799, -0.10926][0.51561, 0.21267, 0][0.415067, 0.366888, -0.064384][-0.05917, 0.98799, -0.14272][0.53855, 0.18959, 0][0.44777, 0.336894, -0.335458][-0.22460, 0.94466, -0.23912][0.53481, 0.24115, 0][0.176658, 0.366698, -0.30288][-0.14306, 0.98793, -0.05943][0.48561, 0.22527, 0][0.319487, 0.366774, -0.207248][-0.10925, 0.98799, -0.10926][0.51561, 0.21267, 0][0.319487, 0.366774, -0.207248][-0.10925, 0.98799, -0.10926][0.51561, 0.21267, 0][0.581725, 0.337054, -0.135233][-0.11594, 0.94456, -0.30718][0.56695, 0.20880, 0][0.44777, 0.336894, -0.335458][-0.22460, 0.94466, -0.23912][0.53481, 0.24115, 0][0.415067, 0.366888, -0.064384][-0.05917, 0.98799, -0.14272][0.53855, 0.18959, 0][0.630547, 0.33725, 0.112269][0.01004, 0.94445, -0.32849][0.58499, 0.16457, 0][0.581725, 0.337054, -0.135233][-0.11594, 0.94456, -0.30718][0.56695, 0.20880, 0][0.630547, 0.33725, 0.112269][0.01004, 0.94445, -0.32849][0.58499, 0.16457, 0][0.415067, 0.366888, -0.064384][-0.05917, 0.98799, -0.14272][0.53855, 0.18959, 0][0.449902, 0.367029, 0.112212][-0.00023, 0.98798, -0.15457][0.55142, 0.15803, 0][0.654049, 0.29351, -0.165954][-0.21538, 0.87433, -0.43493][0.57928, 0.21713, 0][0.44777, 0.336894, -0.335458][-0.22460, 0.94466, -0.23912][0.53481, 0.24115, 0][0.581725, 0.337054, -0.135233][-0.11594, 0.94456, -0.30718][0.56695, 0.20880, 0][0.581725, 0.337054, -0.135233][-0.11594, 0.94456, -0.30718][0.56695, 0.20880, 0][0.70894, 0.293731, 0.112318][-0.03253, 0.87384, -0.48512][0.59956, 0.16741, 0][0.654049, 0.29351, -0.165954][-0.21538, 0.87433, -0.43493][0.57928, 0.21713, 0][0.70894, 0.293731, 0.112318][-0.03253, 0.87384, -0.48512][0.59956, 0.16741, 0][0.581725, 0.337054, -0.135233][-0.11594, 0.94456, -0.30718][0.56695, 0.20880, 0][0.630547, 0.33725, 0.112269][0.01004, 0.94445, -0.32849][0.58499, 0.16457, 0][0.44777, 0.336894, -0.335458][-0.22460, 0.94466, -0.23912][0.53481, 0.24115, 0][0.654049, 0.29351, -0.165954][-0.21538, 0.87433, -0.43493][0.57928, 0.21713, 0][0.503439, 0.29333, -0.391071][-0.36519, 0.87441, -0.31945][0.54314, 0.25351, 0][0.630547, 0.33725, 0.112269][0.01004, 0.94445, -0.32849][0.58499, 0.16457, 0][0.653946, 0.293953, 0.39057][0.15466, 0.87435, -0.46000][0.59943, 0.11371, 0][0.70894, 0.293731, 0.112318][-0.03253, 0.87384, -0.48512][0.59956, 0.16741, 0][0.449902, 0.367029, 0.112212][-0.00023, 0.98798, -0.15457][0.55142, 0.15803, 0][0.581634, 0.337448, 0.359753][0.13455, 0.94482, -0.29868][0.58487, 0.11681, 0][0.630547, 0.33725, 0.112269][0.01004, 0.94445, -0.32849][0.58499, 0.16457, 0][0.653946, 0.293953, 0.39057][0.15466, 0.87435, -0.46000][0.59943, 0.11371, 0][0.630547, 0.33725, 0.112269][0.01004, 0.94445, -0.32849][0.58499, 0.16457, 0][0.581634, 0.337448, 0.359753][0.13455, 0.94482, -0.29868][0.58487, 0.11681, 0][0.581634, 0.337448, 0.359753][0.13455, 0.94482, -0.29868][0.58487, 0.11681, 0][0.449902, 0.367029, 0.112212][-0.00023, 0.98798, -0.15457][0.55142, 0.15803, 0][0.415001, 0.367169, 0.288795][0.05864, 0.98809, -0.14228][0.55134, 0.12395, 0][0.581634, 0.337448, 0.359753][0.13455, 0.94482, -0.29868][0.58487, 0.11681, 0][0.503253, 0.294132, 0.615632][0.31875, 0.87495, -0.36449][0.57958, 0.06643, 0][0.653946, 0.293953, 0.39057][0.15466, 0.87435, -0.46000][0.59943, 0.11371, 0][0.415001, 0.367169, 0.288795][0.05864, 0.98809, -0.14228][0.55134, 0.12395, 0][0.447603, 0.337608, 0.559929][0.23837, 0.94503, -0.22384][0.56722, 0.07476, 0][0.581634, 0.337448, 0.359753][0.13455, 0.94482, -0.29868][0.58487, 0.11681, 0][0.503253, 0.294132, 0.615632][0.31875, 0.87495, -0.36449][0.57958, 0.06643, 0][0.581634, 0.337448, 0.359753][0.13455, 0.94482, -0.29868][0.58487, 0.11681, 0][0.447603, 0.337608, 0.559929][0.23837, 0.94503, -0.22384][0.56722, 0.07476, 0][0.447603, 0.337608, 0.559929][0.23837, 0.94503, -0.22384][0.56722, 0.07476, 0][0.415001, 0.367169, 0.288795][0.05864, 0.98809, -0.14228][0.55134, 0.12395, 0][0.319369, 0.367283, 0.431623][0.10847, 0.98816, -0.10846][0.53874, 0.09395, 0][0.447603, 0.337608, 0.559929][0.23837, 0.94503, -0.22384][0.56722, 0.07476, 0][0.278132, 0.294253, 0.766241][0.43423, 0.87485, -0.21468][0.54320, 0.03028, 0][0.503253, 0.294132, 0.615632][0.31875, 0.87495, -0.36449][0.57958, 0.06643, 0][0.319369, 0.367283, 0.431623][0.10847, 0.98816, -0.10846][0.53874, 0.09395, 0][0.247376, 0.337714, 0.693883][0.30642, 0.94490, -0.11519][0.53486, 0.04261, 0][0.447603, 0.337608, 0.559929][0.23837, 0.94503, -0.22384][0.56722, 0.07476, 0][0.278132, 0.294253, 0.766241][0.43423, 0.87485, -0.21468][0.54320, 0.03028, 0][0.447603, 0.337608, 0.559929][0.23837, 0.94503, -0.22384][0.56722, 0.07476, 0][0.247376, 0.337714, 0.693883][0.30642, 0.94490, -0.11519][0.53486, 0.04261, 0][0.247376, 0.337714, 0.693883][0.30642, 0.94490, -0.11519][0.53486, 0.04261, 0][0.319369, 0.367283, 0.431623][0.10847, 0.98816, -0.10846][0.53874, 0.09395, 0][0.176503, 0.367359, 0.527202][0.14193, 0.98815, -0.05839][0.51565, 0.07101, 0][0.247376, 0.337714, 0.693883][0.30642, 0.94490, -0.11519][0.53486, 0.04261, 0][-0.000141029, 0.294296, 0.821135][0.48443, 0.87425, -0.03184][0.49348, 0.01000, 0][0.278132, 0.294253, 0.766241][0.43423, 0.87485, -0.21468][0.54320, 0.03028, 0][0.176503, 0.367359, 0.527202][0.14193, 0.98815, -0.05839][0.51565, 0.07101, 0][-0.000127026, 0.337753, 0.742709][0.32774, 0.94471, 0.01080][0.49064, 0.02457, 0][0.247376, 0.337714, 0.693883][0.30642, 0.94490, -0.11519][0.53486, 0.04261, 0][-0.000141029, 0.294296, 0.821135][0.48443, 0.87425, -0.03184][0.49348, 0.01000, 0][0.247376, 0.337714, 0.693883][0.30642, 0.94490, -0.11519][0.53486, 0.04261, 0][-0.000127026, 0.337753, 0.742709][0.32774, 0.94471, 0.01080][0.49064, 0.02457, 0][-0.000127026, 0.337753, 0.742709][0.32774, 0.94471, 0.01080][0.49064, 0.02457, 0][0.176503, 0.367359, 0.527202][0.14193, 0.98815, -0.05839][0.51565, 0.07101, 0][-9.302e-005, 0.367387, 0.562037][0.15378, 0.98810, 0.00056][0.48410, 0.05814, 0][-0.000127026, 0.337753, 0.742709][0.32774, 0.94471, 0.01080][0.49064, 0.02457, 0][-0.278395, 0.294253, 0.766137][0.45929, 0.87459, 0.15536][0.43978, 0.01014, 0][-0.000141029, 0.294296, 0.821135][0.48443, 0.87425, -0.03184][0.49348, 0.01000, 0][-9.302e-005, 0.367387, 0.562037][0.15378, 0.98810, 0.00056][0.48410, 0.05814, 0][-0.247611, 0.337714, 0.69379][0.29792, 0.94495, 0.13530][0.44288, 0.02469, 0][-0.000127026, 0.337753, 0.742709][0.32774, 0.94471, 0.01080][0.49064, 0.02457, 0][-0.278395, 0.294253, 0.766137][0.45929, 0.87459, 0.15536][0.43978, 0.01014, 0][-0.000127026, 0.337753, 0.742709][0.32774, 0.94471, 0.01080][0.49064, 0.02457, 0][-0.247611, 0.337714, 0.69379][0.29792, 0.94495, 0.13530][0.44288, 0.02469, 0][-0.247611, 0.337714, 0.69379][0.29792, 0.94495, 0.13530][0.44288, 0.02469, 0][-9.302e-005, 0.367387, 0.562037][0.15378, 0.98810, 0.00056][0.48410, 0.05814, 0][-0.176677, 0.367359, 0.527137][0.14149, 0.98815, 0.05943][0.45002, 0.05823, 0][-0.247611, 0.337714, 0.69379][0.29792, 0.94495, 0.13530][0.44288, 0.02469, 0][-0.503459, 0.294133, 0.615444][0.36379, 0.87500, 0.31944][0.39249, 0.02999, 0][-0.278395, 0.294253, 0.766137][0.45929, 0.87459, 0.15536][0.43978, 0.01014, 0][-0.176677, 0.367359, 0.527137][0.14149, 0.98815, 0.05943][0.45002, 0.05823, 0][-0.447788, 0.337608, 0.559762][0.22309, 0.94502, 0.23912][0.40082, 0.04234, 0][-0.247611, 0.337714, 0.69379][0.29792, 0.94495, 0.13530][0.44288, 0.02469, 0][-0.503459, 0.294133, 0.615444][0.36379, 0.87500, 0.31944][0.39249, 0.02999, 0][-0.247611, 0.337714, 0.69379][0.29792, 0.94495, 0.13530][0.44288, 0.02469, 0][-0.447788, 0.337608, 0.559762][0.22309, 0.94502, 0.23912][0.40082, 0.04234, 0][-0.447788, 0.337608, 0.559762][0.22309, 0.94502, 0.23912][0.40082, 0.04234, 0][-0.176677, 0.367359, 0.527137][0.14149, 0.98815, 0.05943][0.45002, 0.05823, 0][-0.319506, 0.367283, 0.431504][0.10768, 0.98816, 0.10926][0.42002, 0.07082, 0][-0.447788, 0.337608, 0.559762][0.22309, 0.94502, 0.23912][0.40082, 0.04234, 0][-0.654069, 0.293953, 0.390327][0.21398, 0.87467, 0.43492][0.35635, 0.06636, 0][-0.503459, 0.294133, 0.615444][0.36379, 0.87500, 0.31944][0.39249, 0.02999, 0][-0.319506, 0.367283, 0.431504][0.10768, 0.98816, 0.10926][0.42002, 0.07082, 0][-0.581745, 0.337448, 0.359537][0.11444, 0.94475, 0.30717][0.36867, 0.07470, 0][-0.447788, 0.337608, 0.559762][0.22309, 0.94502, 0.23912][0.40082, 0.04234, 0][-0.654069, 0.293953, 0.390327][0.21398, 0.87467, 0.43492][0.35635, 0.06636, 0][-0.447788, 0.337608, 0.559762][0.22309, 0.94502, 0.23912][0.40082, 0.04234, 0][-0.581745, 0.337448, 0.359537][0.11444, 0.94475, 0.30717][0.36867, 0.07470, 0][-0.581745, 0.337448, 0.359537][0.11444, 0.94475, 0.30717][0.36867, 0.07470, 0][-0.319506, 0.367283, 0.431504][0.10768, 0.98816, 0.10926][0.42002, 0.07082, 0][-0.415086, 0.367169, 0.28864][0.05760, 0.98809, 0.14272][0.39708, 0.09391, 0][-0.581745, 0.337448, 0.359537][0.11444, 0.94475, 0.30717][0.36867, 0.07470, 0][-0.70896, 0.293732, 0.112055][0.03114, 0.87389, 0.48512][0.33607, 0.11609, 0][-0.654069, 0.293953, 0.390327][0.21398, 0.87467, 0.43492][0.35635, 0.06636, 0][-0.415086, 0.367169, 0.28864][0.05760, 0.98809, 0.14272][0.39708, 0.09391, 0][-0.630567, 0.33725, 0.112035][-0.01155, 0.94444, 0.32849][0.35063, 0.11892, 0][-0.581745, 0.337448, 0.359537][0.11444, 0.94475, 0.30717][0.36867, 0.07470, 0][-0.70896, 0.293732, 0.112055][0.03114, 0.87389, 0.48512][0.33607, 0.11609, 0][-0.581745, 0.337448, 0.359537][0.11444, 0.94475, 0.30717][0.36867, 0.07470, 0][-0.630567, 0.33725, 0.112035][-0.01155, 0.94444, 0.32849][0.35063, 0.11892, 0][-0.630567, 0.33725, 0.112035][-0.01155, 0.94444, 0.32849][0.35063, 0.11892, 0][-0.415086, 0.367169, 0.28864][0.05760, 0.98809, 0.14272][0.39708, 0.09391, 0][-0.449921, 0.367029, 0.112045][-0.00135, 0.98798, 0.15457][0.38421, 0.12546, 0][-0.630567, 0.33725, 0.112035][-0.01155, 0.94444, 0.32849][0.35063, 0.11892, 0][-0.653966, 0.29351, -0.166197][-0.15606, 0.87410, 0.45999][0.33621, 0.16979, 0][-0.70896, 0.293732, 0.112055][0.03114, 0.87389, 0.48512][0.33607, 0.11609, 0][-0.449921, 0.367029, 0.112045][-0.00135, 0.98798, 0.15457][0.38421, 0.12546, 0][-0.581654, 0.337054, -0.135449][-0.13606, 0.94461, 0.29868][0.35076, 0.16669, 0][-0.630567, 0.33725, 0.112035][-0.01155, 0.94444, 0.32849][0.35063, 0.11892, 0][-0.653966, 0.29351, -0.166197][-0.15606, 0.87410, 0.45999][0.33621, 0.16979, 0][-0.630567, 0.33725, 0.112035][-0.01155, 0.94444, 0.32849][0.35063, 0.11892, 0][-0.581654, 0.337054, -0.135449][-0.13606, 0.94461, 0.29868][0.35076, 0.16669, 0][-0.581654, 0.337054, -0.135449][-0.13606, 0.94461, 0.29868][0.35076, 0.16669, 0][-0.449921, 0.367029, 0.112045][-0.00135, 0.98798, 0.15457][0.38421, 0.12546, 0][-0.415021, 0.366888, -0.064538][-0.06022, 0.98799, 0.14227][0.38429, 0.15954, 0][-0.581654, 0.337054, -0.135449][-0.13606, 0.94461, 0.29868][0.35076, 0.16669, 0][-0.503273, 0.29333, -0.391258][-0.32015, 0.87445, 0.36449][0.35605, 0.21707, 0][-0.653966, 0.29351, -0.166197][-0.15606, 0.87410, 0.45999][0.33621, 0.16979, 0][-0.415021, 0.366888, -0.064538][-0.06022, 0.98799, 0.14227][0.38429, 0.15954, 0][-0.447623, 0.336894, -0.335625][-0.23987, 0.94465, 0.22385][0.36841, 0.20874, 0][-0.581654, 0.337054, -0.135449][-0.13606, 0.94461, 0.29868][0.35076, 0.16669, 0][-0.503273, 0.29333, -0.391258][-0.32015, 0.87445, 0.36449][0.35605, 0.21707, 0][-0.581654, 0.337054, -0.135449][-0.13606, 0.94461, 0.29868][0.35076, 0.16669, 0][-0.447623, 0.336894, -0.335625][-0.23987, 0.94465, 0.22385][0.36841, 0.20874, 0][-0.447623, 0.336894, -0.335625][-0.23987, 0.94465, 0.22385][0.36841, 0.20874, 0][-0.415021, 0.366888, -0.064538][-0.06022, 0.98799, 0.14227][0.38429, 0.15954, 0][-0.319388, 0.366774, -0.207367][-0.11004, 0.98799, 0.10847][0.39689, 0.18955, 0][-0.447623, 0.336894, -0.335625][-0.23987, 0.94465, 0.22385][0.36841, 0.20874, 0][-0.278152, 0.29321, -0.541872][-0.43563, 0.87415, 0.21468][0.39243, 0.25321, 0][-0.503273, 0.29333, -0.391258][-0.32015, 0.87445, 0.36449][0.35605, 0.21707, 0][-0.319388, 0.366774, -0.207367][-0.11004, 0.98799, 0.10847][0.39689, 0.18955, 0][-0.247395, 0.336788, -0.469583][-0.30793, 0.94441, 0.11520][0.40077, 0.24089, 0][-0.447623, 0.336894, -0.335625][-0.23987, 0.94465, 0.22385][0.36841, 0.20874, 0][-0.278152, 0.29321, -0.541872][-0.43563, 0.87415, 0.21468][0.39243, 0.25321, 0][-0.447623, 0.336894, -0.335625][-0.23987, 0.94465, 0.22385][0.36841, 0.20874, 0][-0.247395, 0.336788, -0.469583][-0.30793, 0.94441, 0.11520][0.40077, 0.24089, 0][-0.247395, 0.336788, -0.469583][-0.30793, 0.94441, 0.11520][0.40077, 0.24089, 0][-0.319388, 0.366774, -0.207367][-0.11004, 0.98799, 0.10847][0.39689, 0.18955, 0][-0.176522, 0.366699, -0.302946][-0.14351, 0.98793, 0.05839][0.41998, 0.21249, 0][-0.247395, 0.336788, -0.469583][-0.30793, 0.94441, 0.11520][0.40077, 0.24089, 0][0.000122021, 0.293166, -0.596762][-0.48583, 0.87347, 0.03184][0.44215, 0.27350, 0][-0.278152, 0.29321, -0.541872][-0.43563, 0.87415, 0.21468][0.39243, 0.25321, 0][-0.176522, 0.366699, -0.302946][-0.14351, 0.98793, 0.05839][0.41998, 0.21249, 0][0.000108018, 0.336749, -0.518404][-0.32925, 0.94418, -0.01080][0.44499, 0.25893, 0][-0.247395, 0.336788, -0.469583][-0.30793, 0.94441, 0.11520][0.40077, 0.24089, 0][0.000122021, 0.293166, -0.596762][-0.48583, 0.87347, 0.03184][0.44215, 0.27350, 0][-0.247395, 0.336788, -0.469583][-0.30793, 0.94441, 0.11520][0.40077, 0.24089, 0][0.000108018, 0.336749, -0.518404][-0.32925, 0.94418, -0.01080][0.44499, 0.25893, 0][0.000108018, 0.336749, -0.518404][-0.32925, 0.94418, -0.01080][0.44499, 0.25893, 0][-0.176522, 0.366699, -0.302946][-0.14351, 0.98793, 0.05839][0.41998, 0.21249, 0][7.4012e-005, 0.366671, -0.337781][-0.15535, 0.98786, -0.00056][0.45153, 0.22536, 0][0.000108018, 0.336749, -0.518404][-0.32925, 0.94418, -0.01080][0.44499, 0.25893, 0][0.278375, 0.29321, -0.541768][-0.46070, 0.87385, -0.15537][0.49585, 0.27336, 0][0.000122021, 0.293166, -0.596762][-0.48583, 0.87347, 0.03184][0.44215, 0.27350, 0][7.4012e-005, 0.366671, -0.337781][-0.15535, 0.98786, -0.00056][0.45153, 0.22536, 0][0.247593, 0.336788, -0.469491][-0.29943, 0.94447, -0.13531][0.49275, 0.25881, 0][0.000108018, 0.336749, -0.518404][-0.32925, 0.94418, -0.01080][0.44499, 0.25893, 0][0.278375, 0.29321, -0.541768][-0.46070, 0.87385, -0.15537][0.49585, 0.27336, 0][0.000108018, 0.336749, -0.518404][-0.32925, 0.94418, -0.01080][0.44499, 0.25893, 0][0.247593, 0.336788, -0.469491][-0.29943, 0.94447, -0.13531][0.49275, 0.25881, 0][0.247593, 0.336788, -0.469491][-0.29943, 0.94447, -0.13531][0.49275, 0.25881, 0][7.4012e-005, 0.366671, -0.337781][-0.15535, 0.98786, -0.00056][0.45153, 0.22536, 0][0.176658, 0.366698, -0.30288][-0.14306, 0.98793, -0.05943][0.48561, 0.22527, 0][0.247593, 0.336788, -0.469491][-0.29943, 0.94447, -0.13531][0.49275, 0.25881, 0][0.503439, 0.29333, -0.391071][-0.36519, 0.87441, -0.31945][0.54314, 0.25351, 0][0.278375, 0.29321, -0.541768][-0.46070, 0.87385, -0.15537][0.49585, 0.27336, 0][0.176658, 0.366698, -0.30288][-0.14306, 0.98793, -0.05943][0.48561, 0.22527, 0][0.44777, 0.336894, -0.335458][-0.22460, 0.94466, -0.23912][0.53481, 0.24115, 0][0.247593, 0.336788, -0.469491][-0.29943, 0.94447, -0.13531][0.49275, 0.25881, 0][0.503439, 0.29333, -0.391071][-0.36519, 0.87441, -0.31945][0.54314, 0.25351, 0][0.247593, 0.336788, -0.469491][-0.29943, 0.94447, -0.13531][0.49275, 0.25881, 0][0.44777, 0.336894, -0.335458][-0.22460, 0.94466, -0.23912][0.53481, 0.24115, 0][-0.310557, 0.331042, -0.686614][0.12763, 0.16529, 0.97795][0.52272, 0.00290, 0][-0.314732, 0.175475, -0.517136][0.12763, 0.16529, 0.97795][0.49858, 0.06653, 0][-0.308768, 0.194993, -0.496715][0.12763, 0.16529, 0.97795][0.48871, 0.06259, 0][0.658202, 0.394304, -0.54547][0.56669, 0.21655, -0.79496][0.36863, 0.00491, 0][0.52255, 0.149657, -0.261691][0.56669, 0.21655, -0.79496][0.47369, 0.07354, 0][0.550966, 0.114194, -0.288002][0.56669, 0.21655, -0.79496][0.46590, 0.09300, 0][0.27799, 0.329289, -0.540889][-0.44713, 0.88167, -0.15078][0.16956, 0.87356, 0][0.00012802, 0.341287, -0.573299][-0.47150, 0.88132, -0.03108][0.11675, 0.86951, 0][0.269149, 0.341329, -0.52013][-0.42272, 0.88195, -0.20850][0.16867, 0.86938, 0][0.00012802, 0.341287, -0.573299][-0.47150, 0.88132, -0.03108][0.11675, 0.86951, 0][0.27799, 0.329289, -0.540889][-0.44713, 0.88167, -0.15078][0.16956, 0.87356, 0][0.000133021, 0.329245, -0.595808][-0.47150, 0.88132, 0.03090][0.11594, 0.87370, 0][0.269149, 0.341329, -0.52013][-0.42272, 0.88195, -0.20850][0.16867, 0.86938, 0][0.502734, 0.329408, -0.39041][-0.35443, 0.88219, -0.31002][0.21678, 0.85374, 0][0.27799, 0.329289, -0.540889][-0.44713, 0.88167, -0.15078][0.16956, 0.87356, 0][0.000133021, 0.329245, -0.595808][-0.47150, 0.88132, 0.03090][0.11594, 0.87370, 0][-0.268911, 0.341329, -0.520229][-0.44716, 0.88168, 0.15060][0.06868, 0.84990, 0][0.00012802, 0.341287, -0.573299][-0.47150, 0.88132, -0.03108][0.11675, 0.86951, 0][0.502734, 0.329408, -0.39041][-0.35443, 0.88219, -0.31002][0.21678, 0.85374, 0][0.269149, 0.341329, -0.52013][-0.42272, 0.88195, -0.20850][0.16867, 0.86938, 0][0.486744, 0.341445, -0.374436][-0.31060, 0.88223, -0.35385][0.21438, 0.85019, 0][-0.268911, 0.341329, -0.520229][-0.44716, 0.88168, 0.15060][0.06868, 0.84990, 0][0.000133021, 0.329245, -0.595808][-0.47150, 0.88132, 0.03090][0.11594, 0.87370, 0][-0.277746, 0.329289, -0.540993][-0.42280, 0.88195, 0.20835][0.06628, 0.85344, 0][0.486744, 0.341445, -0.374436][-0.31060, 0.88223, -0.35385][0.21438, 0.85019, 0][0.653131, 0.329588, -0.165611][-0.20905, 0.88211, -0.42210][0.25287, 0.81741, 0][0.502734, 0.329408, -0.39041][-0.35443, 0.88219, -0.31002][0.21678, 0.85374, 0][-0.277746, 0.329289, -0.540993][-0.42280, 0.88195, 0.20835][0.06628, 0.85344, 0][-0.486561, 0.341446, -0.374617][-0.35457, 0.88218, 0.30991][0.03351, 0.81496, 0][-0.268911, 0.341329, -0.520229][-0.44716, 0.88168, 0.15060][0.06868, 0.84990, 0][0.653131, 0.329588, -0.165611][-0.20905, 0.88211, -0.42210][0.25287, 0.81741, 0][0.486744, 0.341445, -0.374436][-0.31060, 0.88223, -0.35385][0.21438, 0.85019, 0][0.632359, 0.341619, -0.156787][-0.15133, 0.88188, -0.44653][0.24933, 0.81502, 0][-0.486561, 0.341446, -0.374617][-0.35457, 0.88218, 0.30991][0.03351, 0.81496, 0][-0.277746, 0.329289, -0.540993][-0.42280, 0.88195, 0.20835][0.06628, 0.85344, 0][-0.502543, 0.329408, -0.390596][-0.31076, 0.88220, 0.35376][0.02996, 0.81735, 0][0.632359, 0.341619, -0.156787][-0.15133, 0.88188, -0.44653][0.24933, 0.81502, 0][0.707942, 0.329808, 0.112265][-0.03164, 0.88162, -0.47091][0.27312, 0.76776, 0][0.653131, 0.329588, -0.165611][-0.20905, 0.88211, -0.42210][0.25287, 0.81741, 0][-0.502543, 0.329408, -0.390596][-0.31076, 0.88220, 0.35376][0.02996, 0.81735, 0][-0.632254, 0.341619, -0.157022][-0.20922, 0.88210, 0.42204][0.01432, 0.76924, 0][-0.486561, 0.341446, -0.374617][-0.35457, 0.88218, 0.30991][0.03351, 0.81496, 0][0.707942, 0.329808, 0.112265][-0.03164, 0.88162, -0.47091][0.27312, 0.76776, 0][0.632359, 0.341619, -0.156787][-0.15133, 0.88188, -0.44653][0.24933, 0.81502, 0][0.68543, 0.341833, 0.112251][0.03052, 0.88046, -0.47315][0.26894, 0.76694, 0][-0.632254, 0.341619, -0.157022][-0.20922, 0.88210, 0.42204][0.01432, 0.76924, 0][-0.502543, 0.329408, -0.390596][-0.31076, 0.88220, 0.35376][0.02996, 0.81735, 0][-0.653023, 0.329588, -0.165854][-0.15149, 0.88190, 0.44644][0.01014, 0.77013, 0][0.68543, 0.341833, 0.112251][0.03052, 0.88046, -0.47315][0.26894, 0.76694, 0][0.653028, 0.330031, 0.390411][0.15388, 0.87750, -0.45421][0.27299, 0.71408, 0][0.707942, 0.329808, 0.112265][-0.03164, 0.88162, -0.47091][0.27312, 0.76776, 0][-0.653023, 0.329588, -0.165854][-0.15149, 0.88190, 0.44644][0.01014, 0.77013, 0][-0.685424, 0.341833, 0.111996][-0.03178, 0.88165, 0.47083][0.01418, 0.71732, 0][-0.632254, 0.341619, -0.157022][-0.20922, 0.88210, 0.42204][0.01432, 0.76924, 0][0.653028, 0.330031, 0.390411][0.15388, 0.87750, -0.45421][0.27299, 0.71408, 0][0.68543, 0.341833, 0.112251][0.03052, 0.88046, -0.47315][0.26894, 0.76694, 0][0.632258, 0.342049, 0.383588][0.21493, 0.87466, -0.43449][0.26889, 0.71460, 0][-0.685424, 0.341833, 0.111996][-0.03178, 0.88165, 0.47083][0.01418, 0.71732, 0][-0.653023, 0.329588, -0.165854][-0.15149, 0.88190, 0.44644][0.01014, 0.77013, 0][-0.707942, 0.329808, 0.112002][0.03020, 0.88170, 0.47084][0.01000, 0.71651, 0][0.632258, 0.342049, 0.383588][0.21493, 0.87466, -0.43449][0.26889, 0.71460, 0][0.502547, 0.330209, 0.615121][0.32365, 0.87136, -0.36876][0.25317, 0.66687, 0][0.653028, 0.330031, 0.390411][0.15388, 0.87750, -0.45421][0.27299, 0.71408, 0][-0.707942, 0.329808, 0.112002][0.03020, 0.88170, 0.47084][0.01000, 0.71651, 0][-0.632353, 0.342047, 0.381034][0.14991, 0.88214, 0.44649][0.03379, 0.66925, 0][-0.685424, 0.341833, 0.111996][-0.03178, 0.88165, 0.47083][0.01418, 0.71732, 0][0.502547, 0.330209, 0.615121][0.32365, 0.87136, -0.36876][0.25317, 0.66687, 0][0.632258, 0.342049, 0.383588][0.21493, 0.87466, -0.43449][0.26889, 0.71460, 0][0.486563, 0.342223, 0.600925][0.36682, 0.87327, -0.32069][0.24969, 0.66893, 0][-0.632353, 0.342047, 0.381034][0.14991, 0.88214, 0.44649][0.03379, 0.66925, 0][-0.707942, 0.329808, 0.112002][0.03020, 0.88170, 0.47084][0.01000, 0.71651, 0][-0.653126, 0.33003, 0.389878][0.20764, 0.88245, 0.42210][0.03025, 0.66686, 0][0.486563, 0.342223, 0.600925][0.36682, 0.87327, -0.32069][0.24969, 0.66893, 0][0.277748, 0.330329, 0.765353][0.43553, 0.87411, -0.21505][0.21684, 0.63081, 0][0.502547, 0.330209, 0.615121][0.32365, 0.87136, -0.36876][0.25317, 0.66687, 0][-0.653126, 0.33003, 0.389878][0.20764, 0.88245, 0.42210][0.03025, 0.66686, 0][-0.486742, 0.342221, 0.598684][0.30919, 0.88272, 0.35385][0.06874, 0.63408, 0][-0.632353, 0.342047, 0.381034][0.14991, 0.88214, 0.44649][0.03379, 0.66925, 0][0.277748, 0.330329, 0.765353][0.43553, 0.87411, -0.21505][0.21684, 0.63081, 0][0.486563, 0.342223, 0.600925][0.36682, 0.87327, -0.32069][0.24969, 0.66893, 0][0.268913, 0.342337, 0.745252][0.45256, 0.87867, -0.15204][0.21447, 0.63422, 0][-0.486742, 0.342221, 0.598684][0.30919, 0.88272, 0.35385][0.06874, 0.63408, 0][-0.653126, 0.33003, 0.389878][0.20764, 0.88245, 0.42210][0.03025, 0.66686, 0][-0.50273, 0.33021, 0.614677][0.35303, 0.88275, 0.31003][0.06635, 0.63053, 0][0.268913, 0.342337, 0.745252][0.45256, 0.87867, -0.15204][0.21447, 0.63422, 0][-0.000131029, 0.330372, 0.820075][0.47393, 0.88001, -0.03114][0.16719, 0.61057, 0][0.277748, 0.330329, 0.765353][0.43553, 0.87411, -0.21505][0.21684, 0.63081, 0][-0.50273, 0.33021, 0.614677][0.35303, 0.88275, 0.31003][0.06635, 0.63053, 0][-0.269146, 0.342337, 0.744377][0.42133, 0.88261, 0.20850][0.11445, 0.61489, 0][-0.486742, 0.342221, 0.598684][0.30919, 0.88272, 0.35385][0.06874, 0.63408, 0][-0.000131029, 0.330372, 0.820075][0.47393, 0.88001, -0.03114][0.16719, 0.61057, 0][0.268913, 0.342337, 0.745252][0.45256, 0.87867, -0.15204][0.21447, 0.63422, 0][-0.000126028, 0.342379, 0.797548][0.47013, 0.88204, 0.03152][0.16637, 0.61476, 0][-0.269146, 0.342337, 0.744377][0.42133, 0.88261, 0.20850][0.11445, 0.61489, 0][-0.50273, 0.33021, 0.614677][0.35303, 0.88275, 0.31003][0.06635, 0.63053, 0][-0.277988, 0.330329, 0.765156][0.44575, 0.88237, 0.15078][0.11356, 0.61071, 0][-0.000126028, 0.342379, 0.797548][0.47013, 0.88204, 0.03152][0.16637, 0.61476, 0][-0.277988, 0.330329, 0.765156][0.44575, 0.88237, 0.15078][0.11356, 0.61071, 0][-0.000131029, 0.330372, 0.820075][0.47393, 0.88001, -0.03114][0.16719, 0.61057, 0][-0.277988, 0.330329, 0.765156][0.44575, 0.88237, 0.15078][0.11356, 0.61071, 0][-0.000126028, 0.342379, 0.797548][0.47013, 0.88204, 0.03152][0.16637, 0.61476, 0][-0.269146, 0.342337, 0.744377][0.42133, 0.88261, 0.20850][0.11445, 0.61489, 0][0.319861, 0.332984, 0.903107][-0.12925, 0.16596, -0.97763][0.52272, 0.00290, 0][0.323961, 0.177012, 0.733856][-0.12925, 0.16596, -0.97763][0.49858, 0.06653, 0][0.317951, 0.19649, 0.713408][-0.12925, 0.16596, -0.97763][0.48871, 0.06259, 0][0.00419396, 0.411813, 1.01189][0.17409, 0.22864, 0.95782][0.36863, 0.00491, 0][-0.100237, 0.169944, 0.754989][0.17409, 0.22864, 0.95782][0.47369, 0.07354, 0][-0.101657, 0.134509, 0.793715][0.17409, 0.22864, 0.95782][0.46590, 0.09300, 0][0.346074, 0.348348, -0.652214][-0.63069, 0.19253, 0.75178][0.52272, 0.00290, 0][0.239862, 0.195856, -0.572162][-0.63069, 0.19253, 0.75178][0.49858, 0.06653, 0][0.229333, 0.215361, -0.553657][-0.63069, 0.19253, 0.75178][0.48871, 0.06259, 0][0.786017, 0.349535, 0.398479][-0.79230, 0.19341, -0.57867][0.52272, 0.00290, 0][0.699262, 0.196922, 0.297861][-0.79230, 0.19341, -0.57867][0.49858, 0.06653, 0][0.680071, 0.216386, 0.288596][-0.79230, 0.19341, -0.57867][0.48871, 0.06259, 0][0.643125, 0.41211, 0.747237][-0.52653, 0.19382, -0.82777][0.36863, 0.00491, 0][0.563084, 0.134576, 0.51924][-0.52653, 0.19382, -0.82777][0.47369, 0.07354, 0][0.536715, 0.169998, 0.490824][-0.52653, 0.19382, -0.82777][0.46590, 0.09300, 0][0.00419396, 0.395033, 1.03312][0.16154, 0.21506, 0.96315][0.36863, 0.00491, 0][-0.100237, 0.14998, 0.736726][0.16154, 0.21506, 0.96315][0.47369, 0.07354, 0][-0.101657, 0.114532, 0.775452][0.16154, 0.21506, 0.96315][0.46590, 0.09300, 0][0.777549, 0.349049, -0.20362][-0.97555, 0.19269, 0.10567][0.52272, 0.00290, 0][0.645607, 0.196463, -0.219467][-0.97555, 0.19269, 0.10567][0.49858, 0.06653, 0][0.625183, 0.215954, -0.213405][-0.97555, 0.19269, 0.10567][0.48871, 0.06259, 0][0.786017, 0.349535, 0.398479][0.94714, 0.22981, 0.22387][0.52272, 0.00290, 0][0.633546, 0.216575, 0.394701][0.94714, 0.22981, 0.22387][0.49858, 0.06653, 0][0.652744, 0.197097, 0.403965][0.94714, 0.22981, 0.22387][0.48871, 0.06259, 0][0.657989, 0.395545, 0.762314][-0.54119, 0.17764, -0.82192][0.36863, 0.00491, 0][0.55013, 0.114599, 0.506285][-0.54119, 0.17764, -0.82192][0.47369, 0.07354, 0][0.523762, 0.150034, 0.47787][-0.54119, 0.17764, -0.82192][0.46590, 0.09300, 0][0.777549, 0.349049, -0.20362][0.85078, 0.23031, -0.47237][0.52272, 0.00290, 0][0.662246, 0.216197, -0.103639][0.85078, 0.23031, -0.47237][0.49858, 0.06653, 0][0.682669, 0.196706, -0.109702][0.85078, 0.23031, -0.47237][0.48871, 0.06259, 0][0.355842, 0.331568, -0.670902][-0.61301, 0.16447, 0.77276][0.52272, 0.00290, 0][0.231579, 0.175893, -0.556023][-0.61301, 0.16447, 0.77276][0.49858, 0.06653, 0][0.22105, 0.195398, -0.537517][-0.61301, 0.16447, 0.77276][0.48871, 0.06259, 0][0.643125, 0.411085, -0.530604][-0.82808, 0.19252, 0.52652][0.36863, 0.00491, 0][0.415123, 0.133686, -0.450126][-0.82808, 0.19252, 0.52652][0.47369, 0.07354, 0][0.386708, 0.169148, -0.423814][-0.82808, 0.19252, 0.52652][0.46590, 0.09300, 0][0.907777, 0.411813, 0.108315][-0.95779, 0.19299, -0.21307][0.36863, 0.00491, 0][0.689873, 0.134266, 0.00391402][-0.95779, 0.19299, -0.21307][0.47369, 0.07354, 0][0.651143, 0.169701, 0.00243802][-0.95779, 0.19299, -0.21307][0.46590, 0.09300, 0][0.805341, 0.332971, 0.406974][-0.81221, 0.16499, -0.55954][0.52272, 0.00290, 0][0.682486, 0.176945, 0.290642][-0.81221, 0.16499, -0.55954][0.49858, 0.06653, 0][0.663294, 0.196422, 0.281377][-0.81221, 0.16499, -0.55954][0.48871, 0.06259, 0][-0.634737, 0.411085, 0.747238][-0.55411, 0.22820, 0.80055][0.36863, 0.00491, 0][-0.526731, 0.169391, 0.49166][-0.55411, 0.22820, 0.80055][0.47369, 0.07354, 0][-0.555091, 0.133929, 0.518029][-0.55411, 0.22820, 0.80055][0.46590, 0.09300, 0][0.658202, 0.394304, -0.54547][-0.82223, 0.17642, 0.54113][0.36863, 0.00491, 0][0.40217, 0.113709, -0.437173][-0.82223, 0.17642, 0.54113][0.47369, 0.07354, 0][0.373754, 0.149185, -0.41086][-0.82223, 0.17642, 0.54113][0.46590, 0.09300, 0][0.797722, 0.332269, -0.210415][-0.97733, 0.16445, 0.13335][0.52272, 0.00290, 0][0.628406, 0.1765, -0.213522][-0.97733, 0.16445, 0.13335][0.49858, 0.06653, 0][0.607982, 0.195977, -0.207458][-0.97733, 0.16445, 0.13335][0.48871, 0.06259, 0][-0.634737, 0.410073, -0.530604][-0.80058, 0.22906, -0.55372][0.36863, 0.00491, 0][-0.378772, 0.168784, -0.422601][-0.80058, 0.22906, -0.55372][0.47369, 0.07354, 0][-0.405083, 0.133268, -0.450961][-0.80058, 0.22906, -0.55372][0.46590, 0.09300, 0][0.805341, 0.332971, 0.406974][0.94671, 0.20650, 0.24719][0.52272, 0.00290, 0][0.61677, 0.196612, 0.387481][0.94671, 0.20650, 0.24719][0.49858, 0.06653, 0][0.635967, 0.17712, 0.396745][0.94671, 0.20650, 0.24719][0.48871, 0.06259, 0][0.929013, 0.395033, 0.108315][-0.96408, 0.17661, -0.19839][0.36863, 0.00491, 0][0.671609, 0.114289, 0.00391402][-0.96408, 0.17661, -0.19839][0.47369, 0.07354, 0][0.632879, 0.149738, 0.00243802][-0.96408, 0.17661, -0.19839][0.46590, 0.09300, 0][0.797722, 0.332269, -0.210415][0.86612, 0.20716, -0.45489][0.52272, 0.00290, 0][0.645045, 0.196234, -0.097692][0.86612, 0.20716, -0.45489][0.49858, 0.06653, 0][0.665468, 0.176742, -0.103756][0.86612, 0.20716, -0.45489][0.48871, 0.06259, 0][0.313064, 0.349549, 0.882934][0.46882, 0.22900, 0.85309][0.52272, 0.00290, 0][0.213767, 0.216534, 0.767221][0.46882, 0.22900, 0.85309][0.49858, 0.06653, 0][0.219777, 0.197057, 0.787671][0.46882, 0.22900, 0.85309][0.48871, 0.06259, 0][-0.649814, 0.394305, 0.762102][-0.56701, 0.21437, 0.79533][0.36863, 0.00491, 0][-0.513777, 0.149427, 0.478706][-0.56701, 0.21437, 0.79533][0.47369, 0.07354, 0][-0.542137, 0.113952, 0.505074][-0.56701, 0.21437, 0.79533][0.46590, 0.09300, 0][0.346074, 0.348348, -0.652214][0.28651, 0.23025, -0.93000][0.52272, 0.00290, 0][0.332083, 0.215617, -0.500133][0.28651, 0.23025, -0.93000][0.49858, 0.06653, 0][0.342612, 0.196112, -0.518635][0.28651, 0.23025, -0.93000][0.48871, 0.06259, 0][-0.899389, 0.41037, 0.108316][-0.95782, 0.22835, 0.17447][0.36863, 0.00491, 0][-0.642103, 0.168919, 0.00388698][-0.95782, 0.22835, 0.17447][0.47369, 0.07354, 0][-0.680774, 0.133416, 0.00246698][-0.95782, 0.22835, 0.17447][0.46590, 0.09300, 0][-0.649602, 0.393293, -0.545682][-0.79533, 0.21525, -0.56667][0.36863, 0.00491, 0][-0.365817, 0.14882, -0.409648][-0.79533, 0.21525, -0.56667][0.47369, 0.07354, 0][-0.39213, 0.113304, -0.438008][-0.79533, 0.21525, -0.56667][0.46590, 0.09300, 0][-0.920625, 0.39359, 0.108316][-0.96316, 0.21480, 0.16184][0.36863, 0.00491, 0][-0.623841, 0.148942, 0.00388698][-0.96316, 0.21480, 0.16184][0.47369, 0.07354, 0][-0.66251, 0.113439, 0.00246698][-0.96316, 0.21480, 0.16184][0.46590, 0.09300, 0][0.319861, 0.332984, 0.903107][0.45118, 0.20559, 0.86843][0.52272, 0.00290, 0][0.208033, 0.196571, 0.75002][0.45118, 0.20559, 0.86843][0.49858, 0.06653, 0][0.214043, 0.177079, 0.77047][0.45118, 0.20559, 0.86843][0.48871, 0.06259, 0][0.355842, 0.331568, -0.670902][0.30972, 0.20715, -0.92799][0.52272, 0.00290, 0][0.323801, 0.195654, -0.483995][0.30972, 0.20715, -0.92799][0.49858, 0.06653, 0][0.33433, 0.176149, -0.502497][0.30972, 0.20715, -0.92799][0.48871, 0.06259, 0][-0.34115, 0.349009, 0.867332][-0.29124, 0.22833, 0.92900][0.52272, 0.00290, 0][-0.326237, 0.216062, 0.715532][-0.29124, 0.22833, 0.92900][0.49858, 0.06653, 0][-0.336822, 0.196571, 0.734015][-0.29124, 0.22833, 0.92900][0.48871, 0.06259, 0][-0.303974, 0.347822, -0.66644][-0.46858, 0.22957, -0.85307][0.52272, 0.00290, 0][-0.204555, 0.215159, -0.55044][-0.46858, 0.22957, -0.85307][0.49858, 0.06653, 0][-0.210519, 0.195627, -0.570867][-0.46858, 0.22957, -0.85307][0.48871, 0.06259, 0][-0.1101, 0.163695, 1.12843][0.02080, 0.58740, 0.80903][0.64373, 0.55202, 0][-0.082568, 0.203833, 0.837214][0.00521, 0.59109, 0.80659][0.62373, 0.50008, 0][-0.11005, 0.166053, 0.854029][0.00492, 0.58967, 0.80763][0.63142, 0.50155, 0][-0.082568, 0.203833, 0.837214][0.00521, 0.59109, 0.80659][0.62373, 0.50008, 0][-0.1101, 0.163695, 1.12843][0.02080, 0.58740, 0.80903][0.64373, 0.55202, 0][-0.082625, 0.20091, 1.14337][0.03911, 0.59041, 0.80615][0.63751, 0.55638, 0][-0.11005, 0.166053, 0.854029][-0.00487, -0.59107, 0.80661][0.63142, 0.50155, 0][-0.082619, 0.12648, 1.11351][-0.01828, -0.58805, 0.80862][0.64994, 0.54766, 0][-0.1101, 0.163695, 1.12843][-0.03490, -0.59249, 0.80482][0.64373, 0.55202, 0][-0.082619, 0.12648, 1.11351][-0.01828, -0.58805, 0.80862][0.64994, 0.54766, 0][-0.11005, 0.166053, 0.854029][-0.00487, -0.59107, 0.80661][0.63142, 0.50155, 0][-0.082574, 0.128273, 0.870855][-0.00451, -0.58947, 0.80778][0.63911, 0.50301, 0][-0.082652, 0.112718, 1.29162][-0.09182, -0.56641, 0.81899][0.66018, 0.57990, 0][-0.1101, 0.163695, 1.12843][-0.03490, -0.59249, 0.80482][0.64373, 0.55202, 0][-0.082619, 0.12648, 1.11351][-0.01828, -0.58805, 0.80862][0.64994, 0.54766, 0][-0.110137, 0.145815, 1.32728][0.10364, 0.55834, 0.82312][0.65562, 0.58790, 0][-0.082625, 0.20091, 1.14337][0.03911, 0.59041, 0.80615][0.63751, 0.55638, 0][-0.1101, 0.163695, 1.12843][0.02080, 0.58740, 0.80903][0.64373, 0.55202, 0][-0.1101, 0.163695, 1.12843][-0.03490, -0.59249, 0.80482][0.64373, 0.55202, 0][-0.082652, 0.112718, 1.29162][-0.09182, -0.56641, 0.81899][0.66018, 0.57990, 0][-0.110137, 0.145815, 1.32728][-0.15038, -0.55436, 0.81858][0.65562, 0.58790, 0][-0.082625, 0.20091, 1.14337][0.03911, 0.59041, 0.80615][0.63751, 0.55638, 0][-0.110137, 0.145815, 1.32728][0.10364, 0.55834, 0.82312][0.65562, 0.58790, 0][-0.0826661, 0.178913, 1.36293][0.16550, 0.53919, 0.82576][0.65107, 0.59591, 0][-0.0826731, 0.075065, 1.40135][-0.27576, -0.43006, 0.85965][0.67186, 0.59849, 0][-0.110137, 0.145815, 1.32728][-0.15038, -0.55436, 0.81858][0.65562, 0.58790, 0][-0.082652, 0.112718, 1.29162][-0.09182, -0.56641, 0.81899][0.66018, 0.57990, 0][-0.11016, 0.096952, 1.4483][0.29348, 0.40607, 0.86544][0.66986, 0.60809, 0][-0.0826661, 0.178913, 1.36293][0.16550, 0.53919, 0.82576][0.65107, 0.59591, 0][-0.110137, 0.145815, 1.32728][0.10364, 0.55834, 0.82312][0.65562, 0.58790, 0][-0.110137, 0.145815, 1.32728][-0.15038, -0.55436, 0.81858][0.65562, 0.58790, 0][-0.0826731, 0.075065, 1.40135][-0.27576, -0.43006, 0.85965][0.67186, 0.59849, 0][-0.11016, 0.096952, 1.4483][-0.37612, -0.32585, 0.86738][0.66986, 0.60809, 0][-0.0826661, 0.178913, 1.36293][0.16550, 0.53919, 0.82576][0.65107, 0.59591, 0][-0.11016, 0.096952, 1.4483][0.29348, 0.40607, 0.86544][0.66986, 0.60809, 0][-0.0826901, 0.118839, 1.49525][0.38657, 0.30047, 0.87194][0.66786, 0.61769, 0][-0.0826801, 0.001602, 1.43884][-0.45941, -0.10859, 0.88156][0.68702, 0.60223, 0][-0.11016, 0.096952, 1.4483][-0.37612, -0.32585, 0.86738][0.66986, 0.60809, 0][-0.0826731, 0.075065, 1.40135][-0.27576, -0.43006, 0.85965][0.67186, 0.59849, 0][-0.110167, 0.001642, 1.48921][0.46344, 0.09059, 0.88149][0.68919, 0.61151, 0][-0.0826901, 0.118839, 1.49525][0.38657, 0.30047, 0.87194][0.66786, 0.61769, 0][-0.11016, 0.096952, 1.4483][0.29348, 0.40607, 0.86544][0.66986, 0.60809, 0][-0.11016, 0.096952, 1.4483][-0.37612, -0.32585, 0.86738][0.66986, 0.60809, 0][-0.0826801, 0.001602, 1.43884][-0.45941, -0.10859, 0.88156][0.68702, 0.60223, 0][-0.110167, 0.001642, 1.48921][-0.48004, -0.00501, 0.87723][0.68919, 0.61151, 0][-0.0826901, 0.118839, 1.49525][0.38657, 0.30047, 0.87194][0.66786, 0.61769, 0][-0.110167, 0.001642, 1.48921][0.46344, 0.09059, 0.88149][0.68919, 0.61151, 0][-0.0826991, 0.001681, 1.53959][0.47956, -0.00372, 0.87750][0.69137, 0.62080, 0][-0.0826761, -0.107671, 1.41776][-0.46127, 0.13702, 0.87661][0.70625, 0.59361, 0][-0.110167, 0.001642, 1.48921][-0.48004, -0.00501, 0.87723][0.68919, 0.61151, 0][-0.0826801, 0.001602, 1.43884][-0.45941, -0.10859, 0.88156][0.68702, 0.60223, 0][-0.110163, -0.128795, 1.46355][0.45813, -0.14404, 0.87714][0.71212, 0.60114, 0][-0.0826991, 0.001681, 1.53959][0.47956, -0.00372, 0.87750][0.69137, 0.62080, 0][-0.110167, 0.001642, 1.48921][0.46344, 0.09059, 0.88149][0.68919, 0.61151, 0][-0.110167, 0.001642, 1.48921][-0.48004, -0.00501, 0.87723][0.68919, 0.61151, 0][-0.0826761, -0.107671, 1.41776][-0.46127, 0.13702, 0.87661][0.70625, 0.59361, 0][-0.110163, -0.128795, 1.46355][-0.45430, 0.19492, 0.86926][0.71212, 0.60114, 0][-0.0826991, 0.001681, 1.53959][0.47956, -0.00372, 0.87750][0.69137, 0.62080, 0][-0.110163, -0.128795, 1.46355][0.45813, -0.14404, 0.87714][0.71212, 0.60114, 0][-0.0826931, -0.149919, 1.50936][0.44725, -0.20590, 0.87039][0.71799, 0.60867, 0][-0.082664, -0.233032, 1.35153][-0.41914, 0.28045, 0.86352][0.72648, 0.57599, 0][-0.110163, -0.128795, 1.46355][-0.45430, 0.19492, 0.86926][0.71212, 0.60114, 0][-0.0826761, -0.107671, 1.41776][-0.46127, 0.13702, 0.87661][0.70625, 0.59361, 0][-0.110148, -0.265288, 1.38409][0.40559, -0.29759, 0.86426][0.73383, 0.58059, 0][-0.0826931, -0.149919, 1.50936][0.44725, -0.20590, 0.87039][0.71799, 0.60867, 0][-0.110163, -0.128795, 1.46355][0.45813, -0.14404, 0.87714][0.71212, 0.60114, 0][-0.110163, -0.128795, 1.46355][-0.45430, 0.19492, 0.86926][0.71212, 0.60114, 0][-0.082664, -0.233032, 1.35153][-0.41914, 0.28045, 0.86352][0.72648, 0.57599, 0][-0.110148, -0.265288, 1.38409][-0.41697, 0.35056, 0.83859][0.73383, 0.58059, 0][-0.0826931, -0.149919, 1.50936][0.44725, -0.20590, 0.87039][0.71799, 0.60867, 0][-0.110148, -0.265288, 1.38409][0.40559, -0.29759, 0.86426][0.73383, 0.58059, 0][-0.0826761, -0.297543, 1.41665][0.39794, -0.36551, 0.84145][0.74119, 0.58520, 0][-0.082642, -0.356821, 1.23593][-0.36439, 0.42318, 0.82954][0.74429, 0.54932, 0][-0.110148, -0.265288, 1.38409][-0.41697, 0.35056, 0.83859][0.73383, 0.58059, 0][-0.082664, -0.233032, 1.35153][-0.41914, 0.28045, 0.86352][0.72648, 0.57599, 0][-0.110122, -0.396672, 1.24737][0.34448, -0.43507, 0.83189][0.75213, 0.54971, 0][-0.0826761, -0.297543, 1.41665][0.39794, -0.36551, 0.84145][0.74119, 0.58520, 0][-0.110148, -0.265288, 1.38409][0.40559, -0.29759, 0.86426][0.73383, 0.58059, 0][-0.110148, -0.265288, 1.38409][-0.41697, 0.35056, 0.83859][0.73383, 0.58059, 0][-0.082642, -0.356821, 1.23593][-0.36439, 0.42318, 0.82954][0.74429, 0.54932, 0][-0.110122, -0.396672, 1.24737][-0.34231, 0.48353, 0.80562][0.75213, 0.54971, 0][-0.082611, -0.46138, 1.06672][-0.30457, 0.50764, 0.80594][0.75624, 0.51362, 0][-0.110122, -0.396672, 1.24737][-0.34231, 0.48353, 0.80562][0.75213, 0.54971, 0][-0.082642, -0.356821, 1.23593][-0.36439, 0.42318, 0.82954][0.74429, 0.54932, 0][-0.0826761, -0.297543, 1.41665][0.39794, -0.36551, 0.84145][0.74119, 0.58520, 0][-0.110122, -0.396672, 1.24737][0.34448, -0.43507, 0.83189][0.75213, 0.54971, 0][-0.082646, -0.436523, 1.25883][0.32409, -0.48838, 0.81021][0.75997, 0.55010, 0][-0.110122, -0.396672, 1.24737][-0.34231, 0.48353, 0.80562][0.75213, 0.54971, 0][-0.082611, -0.46138, 1.06672][-0.30457, 0.50764, 0.80594][0.75624, 0.51362, 0][-0.110085, -0.511785, 1.04997][-0.31063, 0.53242, 0.78742][0.76480, 0.50835, 0][-0.110085, -0.511785, 1.04997][0.29003, -0.50953, 0.81010][0.76480, 0.50835, 0][-0.082646, -0.436523, 1.25883][0.32409, -0.48838, 0.81021][0.75997, 0.55010, 0][-0.110122, -0.396672, 1.24737][0.34448, -0.43507, 0.83189][0.75213, 0.54971, 0][-0.082646, -0.436523, 1.25883][0.32409, -0.48838, 0.81021][0.75997, 0.55010, 0][-0.110085, -0.511785, 1.04997][0.29003, -0.50953, 0.81010][0.76480, 0.50835, 0][-0.082604, -0.562189, 1.03322][0.29571, -0.53116, 0.79399][0.77336, 0.50308, 0][0.109725, 0.163695, 1.12847][-0.02037, -0.58753, -0.80895][0.46368, 0.77232, 0][0.082294, 0.128273, 0.870885][-0.00457, -0.59127, -0.80646][0.47022, 0.72353, 0][0.109776, 0.166053, 0.854069][-0.00492, -0.58967, -0.80763][0.47796, 0.72236, 0][0.082294, 0.128273, 0.870885][-0.00457, -0.59127, -0.80646][0.47022, 0.72353, 0][0.109725, 0.163695, 1.12847][-0.02037, -0.58753, -0.80895][0.46368, 0.77232, 0][0.082249, 0.12648, 1.11354][-0.03434, -0.59355, -0.80406][0.45765, 0.76772, 0][0.109776, 0.166053, 0.854069][0.00551, 0.59124, -0.80647][0.47796, 0.72236, 0][0.082244, 0.20091, 1.1434][0.02303, 0.58698, -0.80928][0.46972, 0.77692, 0][0.109725, 0.163695, 1.12847][0.03922, 0.59126, -0.80553][0.46368, 0.77232, 0][0.082244, 0.20091, 1.1434][0.02303, 0.58698, -0.80928][0.46972, 0.77692, 0][0.109776, 0.166053, 0.854069][0.00551, 0.59124, -0.80647][0.47796, 0.72236, 0][0.082301, 0.203833, 0.837245][0.00578, 0.58983, -0.80751][0.48570, 0.72120, 0][0.0822029, 0.178913, 1.36297][0.10998, 0.55455, -0.82485][0.45463, 0.81588, 0][0.109725, 0.163695, 1.12847][0.03922, 0.59126, -0.80553][0.46368, 0.77232, 0][0.082244, 0.20091, 1.1434][0.02303, 0.58698, -0.80928][0.46972, 0.77692, 0][0.109687, 0.145815, 1.32732][-0.09932, -0.56157, -0.82144][0.45039, 0.80770, 0][0.082249, 0.12648, 1.11354][-0.03434, -0.59355, -0.80406][0.45765, 0.76772, 0][0.109725, 0.163695, 1.12847][-0.02037, -0.58753, -0.80895][0.46368, 0.77232, 0][0.109725, 0.163695, 1.12847][0.03922, 0.59126, -0.80553][0.46368, 0.77232, 0][0.0822029, 0.178913, 1.36297][0.10998, 0.55455, -0.82485][0.45463, 0.81588, 0][0.109687, 0.145815, 1.32732][0.16423, 0.54339, -0.82326][0.45039, 0.80770, 0][0.082249, 0.12648, 1.11354][-0.03434, -0.59355, -0.80406][0.45765, 0.76772, 0][0.109687, 0.145815, 1.32732][-0.09932, -0.56157, -0.82144][0.45039, 0.80770, 0][0.082216, 0.112718, 1.29165][-0.14787, -0.55992, -0.81524][0.44615, 0.79953, 0][0.0821779, 0.118839, 1.49528][0.29766, 0.40333, -0.86528][0.43699, 0.83699, 0][0.109687, 0.145815, 1.32732][0.16423, 0.54339, -0.82326][0.45039, 0.80770, 0][0.0822029, 0.178913, 1.36297][0.10998, 0.55455, -0.82485][0.45463, 0.81588, 0][0.109665, 0.096952, 1.44834][-0.28109, -0.42563, -0.86013][0.43537, 0.82732, 0][0.082216, 0.112718, 1.29165][-0.14787, -0.55992, -0.81524][0.44615, 0.79953, 0][0.109687, 0.145815, 1.32732][-0.09932, -0.56157, -0.82144][0.45039, 0.80770, 0][0.109687, 0.145815, 1.32732][0.16423, 0.54339, -0.82326][0.45039, 0.80770, 0][0.0821779, 0.118839, 1.49528][0.29766, 0.40333, -0.86528][0.43699, 0.83699, 0][0.109665, 0.096952, 1.44834][0.38440, 0.31067, -0.86932][0.43537, 0.82732, 0][0.082216, 0.112718, 1.29165][-0.14787, -0.55992, -0.81524][0.44615, 0.79953, 0][0.109665, 0.096952, 1.44834][-0.28109, -0.42563, -0.86013][0.43537, 0.82732, 0][0.0821959, 0.075066, 1.40138][-0.37272, -0.34002, -0.86340][0.43375, 0.81765, 0][0.08217, 0.001681, 1.53962][0.46594, 0.09161, -0.88006][0.41338, 0.83917, 0][0.109665, 0.096952, 1.44834][0.38440, 0.31067, -0.86932][0.43537, 0.82732, 0][0.0821779, 0.118839, 1.49528][0.29766, 0.40333, -0.86528][0.43699, 0.83699, 0][0.109658, 0.001642, 1.48924][-0.46246, -0.11068, -0.87970][0.41592, 0.82998, 0][0.0821959, 0.075066, 1.40138][-0.37272, -0.34002, -0.86340][0.43375, 0.81765, 0][0.109665, 0.096952, 1.44834][-0.28109, -0.42563, -0.86013][0.43537, 0.82732, 0][0.109665, 0.096952, 1.44834][0.38440, 0.31067, -0.86932][0.43537, 0.82732, 0][0.08217, 0.001681, 1.53962][0.46594, 0.09161, -0.88006][0.41338, 0.83917, 0][0.109658, 0.001642, 1.48924][0.48001, 0.00396, -0.87726][0.41592, 0.82998, 0][0.0821959, 0.075066, 1.40138][-0.37272, -0.34002, -0.86340][0.43375, 0.81765, 0][0.109658, 0.001642, 1.48924][-0.46246, -0.11068, -0.87970][0.41592, 0.82998, 0][0.0821889, 0.001602, 1.43887][-0.47990, -0.01717, -0.87715][0.41845, 0.82078, 0][0.0821759, -0.149919, 1.50938][0.45650, -0.14902, -0.87715][0.38725, 0.82601, 0][0.109658, 0.001642, 1.48924][0.48001, 0.00396, -0.87726][0.41592, 0.82998, 0][0.08217, 0.001681, 1.53962][0.46594, 0.09161, -0.88006][0.41338, 0.83917, 0][0.109662, -0.128795, 1.46359][-0.45860, 0.14309, -0.87704][0.39342, 0.81872, 0][0.0821889, 0.001602, 1.43887][-0.47990, -0.01717, -0.87715][0.41845, 0.82078, 0][0.109658, 0.001642, 1.48924][-0.46246, -0.11068, -0.87970][0.41592, 0.82998, 0][0.109658, 0.001642, 1.48924][0.48001, 0.00396, -0.87726][0.41592, 0.82998, 0][0.0821759, -0.149919, 1.50938][0.45650, -0.14902, -0.87715][0.38725, 0.82601, 0][0.109662, -0.128795, 1.46359][0.44933, -0.20585, -0.86932][0.39342, 0.81872, 0][0.0821889, 0.001602, 1.43887][-0.47990, -0.01717, -0.87715][0.41845, 0.82078, 0][0.109662, -0.128795, 1.46359][-0.45860, 0.14309, -0.87704][0.39342, 0.81872, 0][0.0821929, -0.107671, 1.41779][-0.45619, 0.19468, -0.86833][0.39958, 0.81142, 0][0.0821929, -0.297543, 1.41668][0.40244, -0.30341, -0.86370][0.36500, 0.80165, 0][0.109662, -0.128795, 1.46359][0.44933, -0.20585, -0.86932][0.39342, 0.81872, 0][0.0821759, -0.149919, 1.50938][0.45650, -0.14902, -0.87715][0.38725, 0.82601, 0][0.109677, -0.265288, 1.38413][-0.41461, 0.28763, -0.86335][0.37253, 0.79733, 0][0.0821929, -0.107671, 1.41779][-0.45619, 0.19468, -0.86833][0.39958, 0.81142, 0][0.109662, -0.128795, 1.46359][-0.45860, 0.14309, -0.87704][0.39342, 0.81872, 0][0.109662, -0.128795, 1.46359][0.44933, -0.20585, -0.86932][0.39342, 0.81872, 0][0.0821929, -0.297543, 1.41668][0.40244, -0.30341, -0.86370][0.36500, 0.80165, 0][0.109677, -0.265288, 1.38413][0.40542, -0.36272, -0.83908][0.37253, 0.79733, 0][0.0821929, -0.107671, 1.41779][-0.45619, 0.19468, -0.86833][0.39958, 0.81142, 0][0.109677, -0.265288, 1.38413][-0.41461, 0.28763, -0.86335][0.37253, 0.79733, 0][0.082205, -0.233032, 1.35156][-0.42583, 0.34682, -0.83570][0.38005, 0.79302, 0][0.082222, -0.436523, 1.25886][0.34436, -0.43804, -0.83038][0.34761, 0.76584, 0][0.109677, -0.265288, 1.38413][0.40542, -0.36272, -0.83908][0.37253, 0.79733, 0][0.0821929, -0.297543, 1.41668][0.40244, -0.30341, -0.86370][0.36500, 0.80165, 0][0.109702, -0.396672, 1.24741][-0.36371, 0.42681, -0.82798][0.35546, 0.76576, 0][0.082205, -0.233032, 1.35156][-0.42583, 0.34682, -0.83570][0.38005, 0.79302, 0][0.109677, -0.265288, 1.38413][-0.41461, 0.28763, -0.86335][0.37253, 0.79733, 0][0.109677, -0.265288, 1.38413][0.40542, -0.36272, -0.83908][0.37253, 0.79733, 0][0.082222, -0.436523, 1.25886][0.34436, -0.43804, -0.83038][0.34761, 0.76584, 0][0.109702, -0.396672, 1.24741][0.33432, -0.48678, -0.80702][0.35546, 0.76576, 0][0.082264, -0.56219, 1.03325][0.29244, -0.51224, -0.80752][0.33607, 0.71833, 0][0.109702, -0.396672, 1.24741][0.33432, -0.48678, -0.80702][0.35546, 0.76576, 0][0.082222, -0.436523, 1.25886][0.34436, -0.43804, -0.83038][0.34761, 0.76584, 0][0.082205, -0.233032, 1.35156][-0.42583, 0.34682, -0.83570][0.38005, 0.79302, 0][0.109702, -0.396672, 1.24741][-0.36371, 0.42681, -0.82798][0.35546, 0.76576, 0][0.082227, -0.356821, 1.23596][-0.35487, 0.48138, -0.80146][0.36330, 0.76568, 0][0.109702, -0.396672, 1.24741][0.33432, -0.48678, -0.80702][0.35546, 0.76576, 0][0.082264, -0.56219, 1.03325][0.29244, -0.51224, -0.80752][0.33607, 0.71833, 0][0.109739, -0.511785, 1.05001][0.31066, -0.53248, -0.78737][0.34442, 0.72393, 0][0.109739, -0.511785, 1.05001][-0.30723, 0.51117, -0.80269][0.34442, 0.72393, 0][0.082227, -0.356821, 1.23596][-0.35487, 0.48138, -0.80146][0.36330, 0.76568, 0][0.109702, -0.396672, 1.24741][-0.36371, 0.42681, -0.82798][0.35546, 0.76576, 0][0.082227, -0.356821, 1.23596][-0.35487, 0.48138, -0.80146][0.36330, 0.76568, 0][0.109739, -0.511785, 1.05001][-0.30723, 0.51117, -0.80269][0.34442, 0.72393, 0][0.082258, -0.46138, 1.06675][-0.32982, 0.53398, -0.77851][0.35277, 0.72953, 0][-0.351132, 0.332229, 0.886019][-0.31496, 0.20447, 0.92682][0.52272, 0.00290, 0][-0.317743, 0.196099, 0.699392][-0.31496, 0.20447, 0.92682][0.49858, 0.06653, 0][-0.328327, 0.176594, 0.717875][-0.31496, 0.20447, 0.92682][0.48871, 0.06259, 0][-0.310557, 0.331042, -0.686614][-0.45044, 0.20596, -0.86873][0.52272, 0.00290, 0][-0.198821, 0.195182, -0.533239][-0.45044, 0.20596, -0.86873][0.49858, 0.06653, 0][-0.204785, 0.175663, -0.553666][-0.45044, 0.20596, -0.86873][0.48871, 0.06259, 0][-0.772068, 0.348308, 0.412804][-0.85572, 0.22822, 0.46439][0.52272, 0.00290, 0][-0.655582, 0.215483, 0.314163][-0.85572, 0.22822, 0.46439][0.49858, 0.06653, 0][-0.676035, 0.195964, 0.320057][-0.85572, 0.22822, 0.46439][0.48871, 0.06259, 0][-0.776889, 0.347835, -0.183473][-0.94702, 0.22863, -0.22558][0.52272, 0.00290, 0][-0.624214, 0.215118, -0.179147][-0.94702, 0.22863, -0.22558][0.49858, 0.06653, 0][-0.64336, 0.195586, -0.188423][-0.94702, 0.22863, -0.22558][0.48871, 0.06259, 0][-0.792243, 0.331527, 0.419387][-0.87104, 0.20483, 0.44647][0.52272, 0.00290, 0][-0.638169, 0.195519, 0.30843][-0.87104, 0.20483, 0.44647][0.49858, 0.06653, 0][-0.658622, 0.176001, 0.314324][-0.87104, 0.20483, 0.44647][0.48871, 0.06259, 0][-0.796214, 0.331042, -0.191968][-0.94646, 0.20517, -0.24924][0.52272, 0.00290, 0][-0.607438, 0.195155, -0.171714][-0.94646, 0.20517, -0.24924][0.49858, 0.06653, 0][-0.626584, 0.175623, -0.18099][-0.94646, 0.20517, -0.24924][0.48871, 0.06259, 0][0.069699, 0.577888, 0.275532][0.86089, -0.38375, -0.33407][0.92320, 0.44848, 0][0.132028, 0.636271, 0.243999][0.82335, -0.14194, -0.54950][0.91140, 0.43742, 0][0.073063, 0.636302, 0.283354][0.93802, -0.14373, -0.31536][0.92256, 0.43742, 0][0.132028, 0.636271, 0.243999][0.82335, -0.14194, -0.54950][0.91140, 0.43742, 0][0.069699, 0.577888, 0.275532][0.86089, -0.38375, -0.33407][0.92320, 0.44848, 0][0.12596, 0.577857, 0.237975][0.82332, -0.14199, -0.54953][0.91255, 0.44848, 0][0.073063, 0.636302, 0.283354][0.93802, -0.14373, -0.31536][0.92256, 0.43742, 0][-4.20103e-005, 0.577898, 0.289197][0.89701, -0.44192, -0.00882][0.93640, 0.44848, 0][0.069699, 0.577888, 0.275532][0.86089, -0.38375, -0.33407][0.92320, 0.44848, 0][-4.20103e-005, 0.577898, 0.289197][0.89701, -0.44192, -0.00882][0.93640, 0.44848, 0][0.073063, 0.636302, 0.283354][0.93802, -0.14373, -0.31536][0.92256, 0.43742, 0][-4.40106e-005, 0.636313, 0.297672][0.98756, -0.14332, 0.06474][0.93640, 0.43742, 0][-4.40106e-005, 0.636313, 0.297672][0.98756, -0.14332, 0.06474][0.93640, 0.43742, 0][-0.069778, 0.577888, 0.275506][0.91398, -0.29232, 0.28140][0.94960, 0.44848, 0][-4.20103e-005, 0.577898, 0.289197][0.89701, -0.44192, -0.00882][0.93640, 0.44848, 0][-0.069778, 0.577888, 0.275506][0.91398, -0.29232, 0.28140][0.94960, 0.44848, 0][-4.40106e-005, 0.636313, 0.297672][0.98756, -0.14332, 0.06474][0.93640, 0.43742, 0][-0.073146, 0.636302, 0.283327][0.88761, -0.14409, 0.43748][0.95024, 0.43742, 0][-0.073146, 0.636302, 0.283327][0.88761, -0.14409, 0.43748][0.95024, 0.43742, 0][-0.126025, 0.577857, 0.237929][0.82315, -0.14195, 0.54980][0.96025, 0.44848, 0][-0.069778, 0.577888, 0.275506][0.91398, -0.29232, 0.28140][0.94960, 0.44848, 0][-0.126025, 0.577857, 0.237929][0.82315, -0.14195, 0.54980][0.96025, 0.44848, 0][-0.073146, 0.636302, 0.283327][0.88761, -0.14409, 0.43748][0.95024, 0.43742, 0][-0.132095, 0.636271, 0.243951][0.82316, -0.14199, 0.54977][0.96140, 0.43742, 0][-0.042233, 0.505685, 0.211075][0.89296, -0.28552, 0.34799][0.94439, 0.46214, 0][-4.20103e-005, 0.577898, 0.289197][0.89701, -0.44192, -0.00882][0.93640, 0.44848, 0][-0.069778, 0.577888, 0.275506][0.91398, -0.29232, 0.28140][0.94960, 0.44848, 0][-2.90078e-005, 0.505692, 0.219383][0.93123, -0.36429, 0.01011][0.93640, 0.46214, 0][0.069699, 0.577888, 0.275532][0.86089, -0.38375, -0.33407][0.92320, 0.44848, 0][-4.20103e-005, 0.577898, 0.289197][0.89701, -0.44192, -0.00882][0.93640, 0.44848, 0][-4.20103e-005, 0.577898, 0.289197][0.89701, -0.44192, -0.00882][0.93640, 0.44848, 0][-0.042233, 0.505685, 0.211075][0.89296, -0.28552, 0.34799][0.94439, 0.46214, 0][-2.90078e-005, 0.505692, 0.219383][0.93123, -0.36429, 0.01011][0.93640, 0.46214, 0][0.069699, 0.577888, 0.275532][0.86089, -0.38375, -0.33407][0.92320, 0.44848, 0][-2.90078e-005, 0.505692, 0.219383][0.93123, -0.36429, 0.01011][0.93640, 0.46214, 0][0.042178, 0.505685, 0.211091][0.71171, -0.68845, -0.13971][0.92841, 0.46214, 0][-0.042838, 0.440406, 0.212677][0.94709, 0.02638, 0.31989][0.94450, 0.47449, 0][-2.90078e-005, 0.505692, 0.219383][0.93123, -0.36429, 0.01011][0.93640, 0.46214, 0][-0.042233, 0.505685, 0.211075][0.89296, -0.28552, 0.34799][0.94439, 0.46214, 0][-0.042233, 0.505685, 0.211075][0.89296, -0.28552, 0.34799][0.94439, 0.46214, 0][-0.077463, 0.440388, 0.189495][0.83085, 0.02535, 0.55592][0.95106, 0.47449, 0][-0.042838, 0.440406, 0.212677][0.94709, 0.02638, 0.31989][0.94450, 0.47449, 0][-0.077463, 0.440388, 0.189495][0.83085, 0.02535, 0.55592][0.95106, 0.47449, 0][-0.042233, 0.505685, 0.211075][0.89296, -0.28552, 0.34799][0.94439, 0.46214, 0][-0.07631, 0.505667, 0.18829][0.83103, 0.02515, 0.55566][0.95084, 0.46214, 0][-2.90078e-005, 0.505692, 0.219383][0.93123, -0.36429, 0.01011][0.93640, 0.46214, 0][-0.042838, 0.440406, 0.212677][0.94709, 0.02638, 0.31989][0.94450, 0.47449, 0][-3.00079e-005, 0.440413, 0.221139][0.99752, 0.02666, -0.06520][0.93640, 0.47449, 0][-3.00079e-005, 0.440413, 0.221139][0.99752, 0.02666, -0.06520][0.93640, 0.47449, 0][0.042178, 0.505685, 0.211091][0.94727, 0.02639, -0.31934][0.92841, 0.46214, 0][-2.90078e-005, 0.505692, 0.219383][0.93123, -0.36429, 0.01011][0.93640, 0.46214, 0][0.042178, 0.505685, 0.211091][0.94727, 0.02639, -0.31934][0.92841, 0.46214, 0][-3.00079e-005, 0.440413, 0.221139][0.99752, 0.02666, -0.06520][0.93640, 0.47449, 0][0.042782, 0.440406, 0.212694][0.89638, 0.02597, -0.44252][0.92829, 0.47449, 0][0.042782, 0.440406, 0.212694][0.89638, 0.02597, -0.44252][0.92829, 0.47449, 0][0.076263, 0.505667, 0.188319][0.83105, 0.02534, -0.55563][0.92196, 0.46214, 0][0.042178, 0.505685, 0.211091][0.94727, 0.02639, -0.31934][0.92841, 0.46214, 0][0.076263, 0.505667, 0.188319][0.83105, 0.02534, -0.55563][0.92196, 0.46214, 0][0.042782, 0.440406, 0.212694][0.89638, 0.02597, -0.44252][0.92829, 0.47449, 0][0.077415, 0.440388, 0.189523][0.83087, 0.02513, -0.55590][0.92174, 0.47449, 0][-0.163582, 0.577812, 0.181668][0.33438, -0.38417, 0.86058][0.16864, 0.78970, 0][-0.132095, 0.636271, 0.243951][0.54962, -0.14216, 0.82323][0.15758, 0.80150, 0][-0.171451, 0.636224, 0.184986][0.31548, -0.14423, 0.93791][0.15758, 0.79033, 0][-0.132095, 0.636271, 0.243951][0.54962, -0.14216, 0.82323][0.15758, 0.80150, 0][-0.163582, 0.577812, 0.181668][0.33438, -0.38417, 0.86058][0.16864, 0.78970, 0][-0.126025, 0.577857, 0.237929][0.54964, -0.14221, 0.82321][0.16864, 0.80035, 0][-0.171451, 0.636224, 0.184986][0.31548, -0.14423, 0.93791][0.15758, 0.79033, 0][-0.177248, 0.577757, 0.111928][0.00916, -0.44262, 0.89666][0.16864, 0.77649, 0][-0.163582, 0.577812, 0.181668][0.33438, -0.38417, 0.86058][0.16864, 0.78970, 0][-0.177248, 0.577757, 0.111928][0.00916, -0.44262, 0.89666][0.16864, 0.77649, 0][-0.171451, 0.636224, 0.184986][0.31548, -0.14423, 0.93791][0.15758, 0.79033, 0][-0.185768, 0.636165, 0.11188][-0.06464, -0.14414, 0.98744][0.15758, 0.77649, 0][-0.185768, 0.636165, 0.11188][-0.06464, -0.14414, 0.98744][0.15758, 0.77649, 0][-0.163555, 0.577701, 0.042192][-0.28118, -0.29327, 0.91375][0.16864, 0.76329, 0][-0.177248, 0.577757, 0.111928][0.00916, -0.44262, 0.89666][0.16864, 0.77649, 0][-0.163555, 0.577701, 0.042192][-0.28118, -0.29327, 0.91375][0.16864, 0.76329, 0][-0.185768, 0.636165, 0.11188][-0.06464, -0.14414, 0.98744][0.15758, 0.77649, 0][-0.171423, 0.636108, 0.038778][-0.43737, -0.14515, 0.88749][0.15758, 0.76265, 0][-0.171423, 0.636108, 0.038778][-0.43737, -0.14515, 0.88749][0.15758, 0.76265, 0][-0.125978, 0.577656, -0.014054][-0.54970, -0.14304, 0.82303][0.16864, 0.75264, 0][-0.163555, 0.577701, 0.042192][-0.28118, -0.29327, 0.91375][0.16864, 0.76329, 0][-0.125978, 0.577656, -0.014054][-0.54970, -0.14304, 0.82303][0.16864, 0.75264, 0][-0.171423, 0.636108, 0.038778][-0.43737, -0.14515, 0.88749][0.15758, 0.76265, 0][-0.132046, 0.636061, -0.020171][-0.54966, -0.14308, 0.82304][0.15758, 0.75149, 0][-0.099068, 0.505573, 0.069794][-0.34777, -0.28652, 0.89273][0.18230, 0.76850, 0][-0.177248, 0.577757, 0.111928][0.00916, -0.44262, 0.89666][0.16864, 0.77649, 0][-0.163555, 0.577701, 0.042192][-0.28118, -0.29327, 0.91375][0.16864, 0.76329, 0][-0.107375, 0.505606, 0.111998][-0.00981, -0.36504, 0.93094][0.18230, 0.77649, 0][-0.163582, 0.577812, 0.181668][0.33438, -0.38417, 0.86058][0.16864, 0.78970, 0][-0.177248, 0.577757, 0.111928][0.00916, -0.44262, 0.89666][0.16864, 0.77649, 0][-0.177248, 0.577757, 0.111928][0.00916, -0.44262, 0.89666][0.16864, 0.77649, 0][-0.099068, 0.505573, 0.069794][-0.34777, -0.28652, 0.89273][0.18230, 0.76850, 0][-0.107375, 0.505606, 0.111998][-0.00981, -0.36504, 0.93094][0.18230, 0.77649, 0][-0.163582, 0.577812, 0.181668][0.33438, -0.38417, 0.86058][0.16864, 0.78970, 0][-0.107375, 0.505606, 0.111998][-0.00981, -0.36504, 0.93094][0.18230, 0.77649, 0][-0.099083, 0.505639, 0.154205][0.14025, -0.68891, 0.71115][0.18230, 0.78448, 0][-0.100618, 0.440292, 0.069242][-0.31991, 0.02537, 0.94711][0.19465, 0.76839, 0][-0.107375, 0.505606, 0.111998][-0.00981, -0.36504, 0.93094][0.18230, 0.77649, 0][-0.099068, 0.505573, 0.069794][-0.34777, -0.28652, 0.89273][0.18230, 0.76850, 0][-0.099068, 0.505573, 0.069794][-0.34777, -0.28652, 0.89273][0.18230, 0.76850, 0][-0.077434, 0.440264, 0.034617][-0.55596, 0.02423, 0.83086][0.19465, 0.76183, 0][-0.100618, 0.440292, 0.069242][-0.31991, 0.02537, 0.94711][0.19465, 0.76839, 0][-0.077434, 0.440264, 0.034617][-0.55596, 0.02423, 0.83086][0.19465, 0.76183, 0][-0.099068, 0.505573, 0.069794][-0.34777, -0.28652, 0.89273][0.18230, 0.76850, 0][-0.076282, 0.505545, 0.035717][-0.55570, 0.02403, 0.83103][0.18230, 0.76205, 0][-0.107375, 0.505606, 0.111998][-0.00981, -0.36504, 0.93094][0.18230, 0.77649, 0][-0.100618, 0.440292, 0.069242][-0.31991, 0.02537, 0.94711][0.19465, 0.76839, 0][-0.109079, 0.440326, 0.11205][0.06519, 0.02592, 0.99754][0.19465, 0.77649, 0][-0.109079, 0.440326, 0.11205][0.06519, 0.02592, 0.99754][0.19465, 0.77649, 0][-0.099083, 0.505639, 0.154205][0.31933, 0.02589, 0.94729][0.18230, 0.78448, 0][-0.107375, 0.505606, 0.111998][-0.00981, -0.36504, 0.93094][0.18230, 0.77649, 0][-0.099083, 0.505639, 0.154205][0.31933, 0.02589, 0.94729][0.18230, 0.78448, 0][-0.109079, 0.440326, 0.11205][0.06519, 0.02592, 0.99754][0.19465, 0.77649, 0][-0.100634, 0.440361, 0.154861][0.44251, 0.02561, 0.89640][0.19465, 0.78460, 0][-0.100634, 0.440361, 0.154861][0.44251, 0.02561, 0.89640][0.19465, 0.78460, 0][-0.07631, 0.505667, 0.18829][0.55561, 0.02513, 0.83106][0.18230, 0.79094, 0][-0.099083, 0.505639, 0.154205][0.31933, 0.02589, 0.94729][0.18230, 0.78448, 0][-0.07631, 0.505667, 0.18829][0.55561, 0.02513, 0.83106][0.18230, 0.79094, 0][-0.100634, 0.440361, 0.154861][0.44251, 0.02561, 0.89640][0.19465, 0.78460, 0][-0.077463, 0.440388, 0.189495][0.55587, 0.02494, 0.83090][0.19465, 0.79116, 0][0.163563, 0.577701, 0.042253][-0.33377, -0.38470, -0.86059][0.15800, 0.07429, 0][0.132076, 0.636061, -0.020122][-0.54939, -0.14303, -0.82323][0.14695, 0.08609, 0][0.171431, 0.636108, 0.038842][-0.31525, -0.14472, -0.93791][0.14695, 0.07493, 0][0.132076, 0.636061, -0.020122][-0.54939, -0.14303, -0.82323][0.14695, 0.08609, 0][0.163563, 0.577701, 0.042253][-0.33377, -0.38470, -0.86059][0.15800, 0.07429, 0][0.126006, 0.577656, -0.014008][-0.54942, -0.14307, -0.82321][0.15800, 0.08494, 0][0.171431, 0.636108, 0.038842][-0.31525, -0.14472, -0.93791][0.14695, 0.07493, 0][0.177228, 0.577756, 0.111993][-0.00847, -0.44264, -0.89666][0.15800, 0.06109, 0][0.163563, 0.577701, 0.042253][-0.33377, -0.38470, -0.86059][0.15800, 0.07429, 0][0.177228, 0.577756, 0.111993][-0.00847, -0.44264, -0.89666][0.15800, 0.06109, 0][0.171431, 0.636108, 0.038842][-0.31525, -0.14472, -0.93791][0.14695, 0.07493, 0][0.185749, 0.636165, 0.111949][0.06485, -0.14404, -0.98744][0.14695, 0.06109, 0][0.185749, 0.636165, 0.111949][0.06485, -0.14404, -0.98744][0.14695, 0.06109, 0][0.163537, 0.577812, 0.181729][0.28164, -0.29282, -0.91375][0.15800, 0.04789, 0][0.177228, 0.577756, 0.111993][-0.00847, -0.44264, -0.89666][0.15800, 0.06109, 0][0.163537, 0.577812, 0.181729][0.28164, -0.29282, -0.91375][0.15800, 0.04789, 0][0.185749, 0.636165, 0.111949][0.06485, -0.14404, -0.98744][0.14695, 0.06109, 0][0.171404, 0.636224, 0.18505][0.43759, -0.14444, -0.88750][0.14695, 0.04725, 0][0.171404, 0.636224, 0.18505][0.43759, -0.14444, -0.88750][0.14695, 0.04725, 0][0.12596, 0.577857, 0.237975][0.54992, -0.14216, -0.82303][0.15800, 0.03723, 0][0.163537, 0.577812, 0.181729][0.28164, -0.29282, -0.91375][0.15800, 0.04789, 0][0.12596, 0.577857, 0.237975][0.54992, -0.14216, -0.82303][0.15800, 0.03723, 0][0.171404, 0.636224, 0.18505][0.43759, -0.14444, -0.88750][0.14695, 0.04725, 0][0.132028, 0.636271, 0.243999][0.54988, -0.14220, -0.82305][0.14695, 0.03608, 0][0.099049, 0.505639, 0.154242][0.34822, -0.28596, -0.89273][0.17166, 0.05310, 0][0.177228, 0.577756, 0.111993][-0.00847, -0.44264, -0.89666][0.15800, 0.06109, 0][0.163537, 0.577812, 0.181729][0.28164, -0.29282, -0.91375][0.15800, 0.04789, 0][0.107356, 0.505606, 0.112038][0.01040, -0.36502, -0.93094][0.17166, 0.06109, 0][0.163563, 0.577701, 0.042253][-0.33377, -0.38470, -0.86059][0.15800, 0.07429, 0][0.177228, 0.577756, 0.111993][-0.00847, -0.44264, -0.89666][0.15800, 0.06109, 0][0.177228, 0.577756, 0.111993][-0.00847, -0.44264, -0.89666][0.15800, 0.06109, 0][0.099049, 0.505639, 0.154242][0.34822, -0.28596, -0.89273][0.17166, 0.05310, 0][0.107356, 0.505606, 0.112038][0.01040, -0.36502, -0.93094][0.17166, 0.06109, 0][0.163563, 0.577701, 0.042253][-0.33377, -0.38470, -0.86059][0.15800, 0.07429, 0][0.107356, 0.505606, 0.112038][0.01040, -0.36502, -0.93094][0.17166, 0.06109, 0][0.099065, 0.505573, 0.069831][-0.13916, -0.68913, -0.71115][0.17166, 0.06908, 0][0.100599, 0.440361, 0.154898][0.31987, 0.02588, -0.94711][0.18402, 0.05298, 0][0.107356, 0.505606, 0.112038][0.01040, -0.36502, -0.93094][0.17166, 0.06109, 0][0.099049, 0.505639, 0.154242][0.34822, -0.28596, -0.89273][0.17166, 0.05310, 0][0.099049, 0.505639, 0.154242][0.34822, -0.28596, -0.89273][0.17166, 0.05310, 0][0.077415, 0.440388, 0.189523][0.55592, 0.02511, -0.83086][0.18402, 0.04643, 0][0.100599, 0.440361, 0.154898][0.31987, 0.02588, -0.94711][0.18402, 0.05298, 0][0.077415, 0.440388, 0.189523][0.55592, 0.02511, -0.83086][0.18402, 0.04643, 0][0.099049, 0.505639, 0.154242][0.34822, -0.28596, -0.89273][0.17166, 0.05310, 0][0.076263, 0.505667, 0.188319][0.55566, 0.02491, -0.83104][0.17166, 0.04665, 0][0.107356, 0.505606, 0.112038][0.01040, -0.36502, -0.93094][0.17166, 0.06109, 0][0.100599, 0.440361, 0.154898][0.31987, 0.02588, -0.94711][0.18402, 0.05298, 0][0.10906, 0.440326, 0.11209][-0.06522, 0.02581, -0.99754][0.18402, 0.06109, 0][0.10906, 0.440326, 0.11209][-0.06522, 0.02581, -0.99754][0.18402, 0.06109, 0][0.099065, 0.505573, 0.069831][-0.31937, 0.02537, -0.94729][0.17166, 0.06908, 0][0.107356, 0.505606, 0.112038][0.01040, -0.36502, -0.93094][0.17166, 0.06109, 0][0.099065, 0.505573, 0.069831][-0.31937, 0.02537, -0.94729][0.17166, 0.06908, 0][0.10906, 0.440326, 0.11209][-0.06522, 0.02581, -0.99754][0.18402, 0.06109, 0][0.100615, 0.440292, 0.069279][-0.44255, 0.02490, -0.89640][0.18402, 0.06919, 0][0.100615, 0.440292, 0.069279][-0.44255, 0.02490, -0.89640][0.18402, 0.06919, 0][0.076291, 0.505545, 0.035746][-0.55566, 0.02424, -0.83106][0.17166, 0.07553, 0][0.099065, 0.505573, 0.069831][-0.31937, 0.02537, -0.94729][0.17166, 0.06908, 0][0.076291, 0.505545, 0.035746][-0.55566, 0.02424, -0.83106][0.17166, 0.07553, 0][0.100615, 0.440292, 0.069279][-0.44255, 0.02490, -0.89640][0.18402, 0.06919, 0][0.077444, 0.440264, 0.034645][-0.55591, 0.02405, -0.83090][0.18402, 0.07575, 0][0.05523, 0.292564, -1.35333][-0.07272, 0.11978, 0.99013][0.02271, 0.94534, 0][0.045777, 0.314618, -1.31457][-0.18839, -0.08816, 0.97813][0.01554, 0.94089, 0][0.060963, 0.317652, -1.40056][0.05707, 0.32769, 0.94306][0.03183, 0.94094, 0][0.045777, 0.314618, -1.31457][-0.18839, -0.08816, 0.97813][0.01554, 0.94089, 0][0.05523, 0.292564, -1.35333][-0.07272, 0.11978, 0.99013][0.02271, 0.94534, 0][0.041478, 0.292617, -1.28616][-0.20007, -0.06735, 0.97746][0.01000, 0.94485, 0][0.060963, 0.317652, -1.40056][0.05707, 0.32769, 0.94306][0.03183, 0.94094, 0][0.0415031, 0.29251, -1.42049][0.16871, 0.51619, 0.83969][0.03541, 0.94584, 0][0.05523, 0.292564, -1.35333][-0.07272, 0.11978, 0.99013][0.02271, 0.94534, 0][0.0415031, 0.29251, -1.42049][0.16871, 0.51619, 0.83969][0.03541, 0.94584, 0][0.060963, 0.317652, -1.40056][0.05707, 0.32769, 0.94306][0.03183, 0.94094, 0][0.0458091, 0.320681, -1.48656][0.16611, 0.51786, 0.83919][0.04812, 0.94099, 0][-0.054683, 0.292564, -1.35335][0.04998, 0.31556, -0.94759][0.70258, 0.53195, 0][-0.0452129, 0.320681, -1.48658][0.16869, 0.51662, -0.83943][0.70697, 0.50655, 0][-0.060399, 0.317652, -1.40058][-0.07267, 0.11397, -0.99082][0.70700, 0.52284, 0][-0.0452129, 0.320681, -1.48658][0.16869, 0.51662, -0.83943][0.70697, 0.50655, 0][-0.054683, 0.292564, -1.35335][0.04998, 0.31556, -0.94759][0.70258, 0.53195, 0][-0.0409309, 0.29251, -1.42051][0.17022, 0.52588, -0.83335][0.70210, 0.51924, 0][-0.060399, 0.317652, -1.40058][-0.07267, 0.11397, -0.99082][0.70700, 0.52284, 0][-0.040956, 0.292617, -1.28616][-0.18652, -0.09290, -0.97805][0.70305, 0.54466, 0][-0.054683, 0.292564, -1.35335][0.04998, 0.31556, -0.94759][0.70258, 0.53195, 0][-0.040956, 0.292617, -1.28616][-0.18652, -0.09290, -0.97805][0.70305, 0.54466, 0][-0.060399, 0.317652, -1.40058][-0.07267, 0.11397, -0.99082][0.70700, 0.52284, 0][-0.045244, 0.314618, -1.31459][-0.17463, -0.03386, -0.98405][0.70702, 0.53913, 0][0.069759, 0.577626, -0.051585][-0.91351, -0.29377, -0.28141][0.67941, 0.93187, 0][2.50026e-005, 0.636017, -0.073844][-0.98733, -0.14488, -0.06474][0.66620, 0.92081, 0][0.073127, 0.636029, -0.059499][-0.88738, -0.14550, -0.43748][0.68004, 0.92081, 0][0.073127, 0.636029, -0.059499][-0.88738, -0.14550, -0.43748][0.68004, 0.92081, 0][0.126006, 0.577656, -0.014008][-0.82292, -0.14325, -0.54981][0.69006, 0.93187, 0][0.069759, 0.577626, -0.051585][-0.91351, -0.29377, -0.28141][0.67941, 0.93187, 0][0.126006, 0.577656, -0.014008][-0.82292, -0.14325, -0.54981][0.69006, 0.93187, 0][0.073127, 0.636029, -0.059499][-0.88738, -0.14550, -0.43748][0.68004, 0.92081, 0][0.132076, 0.636061, -0.020122][-0.82293, -0.14328, -0.54978][0.69121, 0.92081, 0][2.50026e-005, 0.636017, -0.073844][-0.98733, -0.14488, -0.06474][0.66620, 0.92081, 0][0.069759, 0.577626, -0.051585][-0.91351, -0.29377, -0.28141][0.67941, 0.93187, 0][2.30023e-005, 0.577615, -0.065277][-0.89631, -0.44334, 0.00882][0.66620, 0.93187, 0][2.30023e-005, 0.577615, -0.065277][-0.89631, -0.44334, 0.00882][0.66620, 0.93187, 0][-0.073082, 0.636029, -0.059526][-0.93779, -0.14522, 0.31537][0.65236, 0.92081, 0][2.50026e-005, 0.636017, -0.073844][-0.98733, -0.14488, -0.06474][0.66620, 0.92081, 0][0.042215, 0.505527, 0.012961][-0.89250, -0.28694, -0.34800][0.67419, 0.94552, 0][2.30023e-005, 0.577615, -0.065277][-0.89631, -0.44334, 0.00882][0.66620, 0.93187, 0][0.069759, 0.577626, -0.051585][-0.91351, -0.29377, -0.28141][0.67941, 0.93187, 0][-0.073082, 0.636029, -0.059526][-0.93779, -0.14522, 0.31537][0.65236, 0.92081, 0][2.30023e-005, 0.577615, -0.065277][-0.89631, -0.44334, 0.00882][0.66620, 0.93187, 0][-0.069717, 0.577626, -0.051611][-0.86027, -0.38512, 0.33408][0.65300, 0.93187, 0][-0.069717, 0.577626, -0.051611][-0.86027, -0.38512, 0.33408][0.65300, 0.93187, 0][-0.132046, 0.636061, -0.020171][-0.82312, -0.14326, 0.54950][0.64120, 0.92081, 0][-0.073082, 0.636029, -0.059526][-0.93779, -0.14522, 0.31537][0.65236, 0.92081, 0][-0.132046, 0.636061, -0.020171][-0.82312, -0.14326, 0.54950][0.64120, 0.92081, 0][-0.069717, 0.577626, -0.051611][-0.86027, -0.38512, 0.33408][0.65300, 0.93187, 0][-0.125978, 0.577656, -0.014054][-0.82309, -0.14330, 0.54953][0.64235, 0.93187, 0][9.99983e-006, 0.50552, 0.004653][-0.93065, -0.36577, -0.01011][0.66620, 0.94552, 0][-0.069717, 0.577626, -0.051611][-0.86027, -0.38512, 0.33408][0.65300, 0.93187, 0][2.30023e-005, 0.577615, -0.065277][-0.89631, -0.44334, 0.00882][0.66620, 0.93187, 0][2.30023e-005, 0.577615, -0.065277][-0.89631, -0.44334, 0.00882][0.66620, 0.93187, 0][0.042215, 0.505527, 0.012961][-0.89250, -0.28694, -0.34800][0.67419, 0.94552, 0][9.99983e-006, 0.50552, 0.004653][-0.93065, -0.36577, -0.01011][0.66620, 0.94552, 0][-0.069717, 0.577626, -0.051611][-0.86027, -0.38512, 0.33408][0.65300, 0.93187, 0][9.99983e-006, 0.50552, 0.004653][-0.93065, -0.36577, -0.01011][0.66620, 0.94552, 0][-0.042197, 0.505527, 0.012945][-0.71060, -0.68959, 0.13972][0.65821, 0.94552, 0][0.042819, 0.440246, 0.011462][-0.94713, 0.02488, -0.31989][0.67431, 0.95788, 0][9.99983e-006, 0.50552, 0.004653][-0.93065, -0.36577, -0.01011][0.66620, 0.94552, 0][0.042215, 0.505527, 0.012961][-0.89250, -0.28694, -0.34800][0.67419, 0.94552, 0][0.042215, 0.505527, 0.012961][-0.89250, -0.28694, -0.34800][0.67419, 0.94552, 0][0.077444, 0.440264, 0.034645][-0.83088, 0.02403, -0.55593][0.68086, 0.95788, 0][0.042819, 0.440246, 0.011462][-0.94713, 0.02488, -0.31989][0.67431, 0.95788, 0][0.077444, 0.440264, 0.034645][-0.83088, 0.02403, -0.55593][0.68086, 0.95788, 0][0.042215, 0.505527, 0.012961][-0.89250, -0.28694, -0.34800][0.67419, 0.94552, 0][0.076291, 0.505545, 0.035746][-0.83106, 0.02383, -0.55568][0.68065, 0.94552, 0][9.99983e-006, 0.50552, 0.004653][-0.93065, -0.36577, -0.01011][0.66620, 0.94552, 0][0.042819, 0.440246, 0.011462][-0.94713, 0.02488, -0.31989][0.67431, 0.95788, 0][1.09999e-005, 0.440239, 0.003001][-0.99756, 0.02507, 0.06521][0.66620, 0.95788, 0][1.09999e-005, 0.440239, 0.003001][-0.99756, 0.02507, 0.06521][0.66620, 0.95788, 0][-0.042197, 0.505527, 0.012945][-0.94731, 0.02488, 0.31934][0.65821, 0.94552, 0][9.99983e-006, 0.50552, 0.004653][-0.93065, -0.36577, -0.01011][0.66620, 0.94552, 0][-0.042197, 0.505527, 0.012945][-0.94731, 0.02488, 0.31934][0.65821, 0.94552, 0][1.09999e-005, 0.440239, 0.003001][-0.99756, 0.02507, 0.06521][0.66620, 0.95788, 0][-0.0428, 0.440246, 0.011446][-0.89642, 0.02453, 0.44252][0.65810, 0.95788, 0][-0.0428, 0.440246, 0.011446][-0.89642, 0.02453, 0.44252][0.65810, 0.95788, 0][-0.076282, 0.505545, 0.035717][-0.83109, 0.02401, 0.55562][0.65176, 0.94552, 0][-0.042197, 0.505527, 0.012945][-0.94731, 0.02488, 0.31934][0.65821, 0.94552, 0][-0.076282, 0.505545, 0.035717][-0.83109, 0.02401, 0.55562][0.65176, 0.94552, 0][-0.0428, 0.440246, 0.011446][-0.89642, 0.02453, 0.44252][0.65810, 0.95788, 0][-0.077434, 0.440264, 0.034617][-0.83091, 0.02381, 0.55589][0.65154, 0.95788, 0][-0.00125398, 0.879, -0.597235][0.70675, 0.50008, 0.50042][0.88249, 0.93348, 0][-0.043297, 0.752559, -0.537538][0.70675, 0.50008, 0.50042][0.89391, 0.90790, 0][-0.00118898, 0.794742, -0.537572][0.70677, 0.50008, 0.50040][0.89446, 0.92041, 0][-0.085469, 0.794627, -0.597167][0.70674, 0.50008, 0.50045][0.88139, 0.90845, 0][-0.043297, 0.752559, -0.537538][0.70675, 0.50008, 0.50042][0.89391, 0.90790, 0][-0.00125398, 0.879, -0.597235][0.70675, 0.50008, 0.50042][0.88249, 0.93348, 0][-0.18501, 0.694904, -0.597083][0.70676, 0.50008, 0.50041][0.88008, 0.87885, 0][-0.125396, 0.670307, -0.53747][0.70676, 0.50007, 0.50042][0.89283, 0.88349, 0][-0.090714, 0.705051, -0.537497][0.70675, 0.50008, 0.50042][0.89328, 0.89380, 0][-0.18501, 0.694904, -0.597083][0.70676, 0.50008, 0.50041][0.88008, 0.87885, 0][-0.090714, 0.705051, -0.537497][0.70675, 0.50008, 0.50042][0.89328, 0.89380, 0][-0.085469, 0.794627, -0.597167][0.70674, 0.50009, 0.50042][0.88139, 0.90845, 0][-0.043297, 0.752559, -0.537538][0.70674, 0.50009, 0.50044][0.89391, 0.90790, 0][-0.085469, 0.794627, -0.597167][0.70674, 0.50009, 0.50042][0.88139, 0.90845, 0][-0.090714, 0.705051, -0.537497][0.70675, 0.50008, 0.50042][0.89328, 0.89380, 0][0.083092, 0.794759, -0.597167][0.70678, 0.50085, -0.49962][0.90753, 0.93238, 0][0.127014, 0.672074, -0.541276][0.70678, 0.50085, -0.49962][0.93175, 0.91957, 0][0.182787, 0.695187, -0.597083][0.70676, 0.50085, -0.49964][0.93712, 0.93108, 0][0.12445, 0.671012, -0.538711][0.70679, 0.50085, -0.49960][0.93150, 0.91904, 0][0.127014, 0.672074, -0.541276][0.70678, 0.50085, -0.49962][0.93175, 0.91957, 0][0.083092, 0.794759, -0.597167][0.70678, 0.50085, -0.49962][0.90753, 0.93238, 0][0.12445, 0.671012, -0.538711][0.70653, 0.50101, -0.49981][0.93150, 0.91904, 0][0.040984, 0.752623, -0.537538][0.70653, 0.50101, -0.49981][0.90698, 0.91986, 0][0.123211, 0.670499, -0.53747][0.70630, 0.50118, -0.49996][0.93138, 0.91879, 0][0.083092, 0.794759, -0.597167][0.70675, 0.50085, -0.49965][0.90753, 0.93238, 0][0.040984, 0.752623, -0.537538][0.70653, 0.50101, -0.49981][0.90698, 0.91986, 0][0.12445, 0.671012, -0.538711][0.70653, 0.50101, -0.49981][0.93150, 0.91904, 0][0.083092, 0.794759, -0.597167][0.70676, 0.50085, -0.49965][0.90753, 0.93238, 0][-0.00118898, 0.794742, -0.537572][0.70676, 0.50085, -0.49965][0.89446, 0.92041, 0][0.040984, 0.752623, -0.537538][0.70675, 0.50086, -0.49964][0.90698, 0.91986, 0][-0.00125398, 0.879, -0.597235][0.70676, 0.50084, -0.49965][0.88249, 0.93348, 0][-0.00118898, 0.794742, -0.537572][0.70676, 0.50085, -0.49965][0.89446, 0.92041, 0][0.083092, 0.794759, -0.597167][0.70676, 0.50085, -0.49965][0.90753, 0.93238, 0][0.541577, 0.325929, -0.281957][0.59955, 0.45973, 0.65513][0.31150, 0.98840, 0][0.193224, 0.261453, -0.493941][0.81999, 0.44478, 0.36026][0.41217, 0.99405, 0][0.511407, 0.261911, -0.267988][0.45232, 0.44270, 0.77422][0.31150, 0.99405, 0][-0.563149, 0.250068, -0.31293][-0.66151, -0.22625, 0.71500][0.61419, 0.97330, 0][-0.210307, 0.293569, -0.575629][-0.89276, -0.22576, 0.38988][0.51385, 0.97813, 0][-0.207167, 0.250136, -0.565992][-0.95545, -0.22620, 0.18963][0.51385, 0.97330, 0][-0.207167, 0.250136, -0.565992][-0.28211, -0.95101, 0.12649][0.51385, 0.97330, 0][-0.532982, 0.236066, -0.281927][-0.21345, -0.94766, 0.23746][0.61419, 0.96890, 0][-0.563149, 0.250068, -0.31293][-0.15347, -0.95095, 0.26860][0.61419, 0.97330, 0][-0.210307, 0.293569, -0.575629][-0.69180, 0.70763, 0.14378][0.51385, 0.97813, 0][0.215761, 0.325457, -0.542449][-0.36057, 0.92978, -0.07410][0.41217, 0.98339, 0][0.232704, 0.293907, -0.571169][-0.64415, 0.70776, -0.29006][0.41217, 0.97813, 0][0.232704, 0.293907, -0.571169][-0.95145, -0.22559, -0.20941][0.41217, 0.97813, 0][-0.207167, 0.250136, -0.565992][-0.95545, -0.22620, 0.18963][0.51385, 0.97330, 0][-0.210307, 0.293569, -0.575629][-0.89276, -0.22576, 0.38988][0.51385, 0.97813, 0][-0.532982, 0.236066, -0.281927][-0.21345, -0.94766, 0.23746][0.61419, 0.96890, 0][-0.207167, 0.250136, -0.565992][-0.28211, -0.95101, 0.12649][0.51385, 0.97330, 0][-0.200917, 0.236148, -0.523185][-0.31199, -0.94780, 0.06592][0.51385, 0.96890, 0][-0.196943, 0.261142, -0.490118][0.54615, -0.79841, -0.25349][0.51385, 0.96446, 0][-0.532982, 0.236066, -0.281927][0.41070, -0.78648, -0.46128][0.61419, 0.96890, 0][-0.200917, 0.236148, -0.523185][0.60377, -0.78608, -0.13245][0.51385, 0.96890, 0][-0.200917, 0.236148, -0.523185][0.60377, -0.78608, -0.13245][0.51385, 0.96890, 0][0.193224, 0.261453, -0.493941][0.59024, -0.79899, 0.11506][0.41217, 0.96446, 0][-0.196943, 0.261142, -0.490118][0.54615, -0.79841, -0.25349][0.51385, 0.96446, 0][0.229593, 0.250472, -0.561533][-0.30243, -0.95102, -0.06399][0.41217, 0.97330, 0][-0.200917, 0.236148, -0.523185][-0.31199, -0.94780, 0.06592][0.51385, 0.96890, 0][-0.207167, 0.250136, -0.565992][-0.28211, -0.95101, 0.12649][0.51385, 0.97330, 0][-0.207167, 0.250136, -0.565992][-0.95545, -0.22620, 0.18963][0.51385, 0.97330, 0][0.232704, 0.293907, -0.571169][-0.95145, -0.22559, -0.20941][0.41217, 0.97813, 0][0.229593, 0.250472, -0.561533][-0.88444, -0.22593, -0.40832][0.41217, 0.97330, 0][0.193224, 0.261453, -0.493941][0.59024, -0.79899, 0.11506][0.41217, 0.96446, 0][-0.200917, 0.236148, -0.523185][0.60377, -0.78608, -0.13245][0.51385, 0.96890, 0][0.209539, 0.236471, -0.523185][0.56597, -0.78644, 0.24736][0.41217, 0.96890, 0][-0.200917, 0.236148, -0.523185][-0.31199, -0.94780, 0.06592][0.51385, 0.96890, 0][0.229593, 0.250472, -0.561533][-0.30243, -0.95102, -0.06399][0.41217, 0.97330, 0][0.209539, 0.236471, -0.523185][-0.29112, -0.94774, -0.13055][0.41217, 0.96890, 0][0.209539, 0.236471, -0.523185][0.56597, -0.78644, 0.24736][0.41217, 0.96890, 0][0.511407, 0.261911, -0.267988][0.41032, -0.79830, 0.44086][0.31150, 0.96446, 0][0.193224, 0.261453, -0.493941][0.59024, -0.79899, 0.11506][0.41217, 0.96446, 0][0.511407, 0.261911, -0.267988][0.41032, -0.79830, 0.44086][0.31150, 0.96446, 0][0.209539, 0.236471, -0.523185][0.56597, -0.78644, 0.24736][0.41217, 0.96890, 0][0.541605, 0.23693, -0.281929][0.31284, -0.78618, 0.53296][0.31150, 0.96890, 0][0.541605, 0.23693, -0.281929][0.31284, -0.78618, 0.53296][0.31150, 0.96890, 0][0.635782, 0.2621, 0.10205][0.07262, -0.79951, 0.59625][0.21013, 0.96446, 0][0.511407, 0.261911, -0.267988][0.41032, -0.79830, 0.44086][0.31150, 0.96446, 0][0.580479, 0.250945, -0.301038][-0.20715, -0.95094, -0.22978][0.31150, 0.97330, 0][0.209539, 0.236471, -0.523185][-0.29112, -0.94774, -0.13055][0.41217, 0.96890, 0][0.229593, 0.250472, -0.561533][-0.30243, -0.95102, -0.06399][0.41217, 0.97330, 0][0.209539, 0.236471, -0.523185][-0.29112, -0.94774, -0.13055][0.41217, 0.96890, 0][0.580479, 0.250945, -0.301038][-0.20715, -0.95094, -0.22978][0.31150, 0.97330, 0][0.541605, 0.23693, -0.281929][-0.15888, -0.94771, -0.27677][0.31150, 0.96890, 0][0.635782, 0.2621, 0.10205][0.07262, -0.79951, 0.59625][0.21013, 0.96446, 0][0.541605, 0.23693, -0.281929][0.31284, -0.78618, 0.53296][0.31150, 0.96890, 0][0.668443, 0.237334, 0.108432][-0.06027, -0.78854, 0.61202][0.21013, 0.96890, 0][0.668443, 0.237334, 0.108432][-0.06027, -0.78854, 0.61202][0.21013, 0.96890, 0][0.51884, 0.262302, 0.474424][-0.29106, -0.80096, 0.52321][0.10688, 0.96446, 0][0.635782, 0.2621, 0.10205][0.07262, -0.79951, 0.59625][0.21013, 0.96446, 0][0.71118, 0.251376, 0.115652][-0.03263, -0.95092, -0.30772][0.21013, 0.97330, 0][0.541605, 0.23693, -0.281929][-0.15888, -0.94771, -0.27677][0.31150, 0.96890, 0][0.580479, 0.250945, -0.301038][-0.20715, -0.95094, -0.22978][0.31150, 0.97330, 0][0.541605, 0.23693, -0.281929][-0.15888, -0.94771, -0.27677][0.31150, 0.96890, 0][0.71118, 0.251376, 0.115652][-0.03263, -0.95092, -0.30772][0.21013, 0.97330, 0][0.668443, 0.237334, 0.108432][0.03406, -0.94751, -0.31789][0.21013, 0.96890, 0][0.229593, 0.250472, -0.561533][-0.88444, -0.22593, -0.40832][0.41217, 0.97330, 0][0.588647, 0.294392, -0.306997][-0.64665, -0.22523, -0.72877][0.31150, 0.97813, 0][0.580479, 0.250945, -0.301038][-0.47558, -0.22558, -0.85026][0.31150, 0.97330, 0][0.588647, 0.294392, -0.306997][-0.64665, -0.22523, -0.72877][0.31150, 0.97813, 0][0.229593, 0.250472, -0.561533][-0.88444, -0.22593, -0.40832][0.41217, 0.97330, 0][0.232704, 0.293907, -0.571169][-0.95145, -0.22559, -0.20941][0.41217, 0.97813, 0][0.580479, 0.250945, -0.301038][-0.47558, -0.22558, -0.85026][0.31150, 0.97330, 0][0.721279, 0.294824, 0.115638][-0.09481, -0.22494, -0.96975][0.21013, 0.97813, 0][0.71118, 0.251376, 0.115652][0.11513, -0.22537, -0.96745][0.21013, 0.97330, 0][0.721279, 0.294824, 0.115638][-0.09481, -0.22494, -0.96975][0.21013, 0.97813, 0][0.580479, 0.250945, -0.301038][-0.47558, -0.22558, -0.85026][0.31150, 0.97330, 0][0.588647, 0.294392, -0.306997][-0.64665, -0.22523, -0.72877][0.31150, 0.97813, 0][0.232704, 0.293907, -0.571169][-0.64415, 0.70776, -0.29006][0.41217, 0.97813, 0][0.557941, 0.325929, -0.293847][-0.24798, 0.92998, -0.27136][0.31150, 0.98339, 0][0.588647, 0.294392, -0.306997][-0.35045, 0.70852, -0.61252][0.31150, 0.97813, 0][0.557941, 0.325929, -0.293847][-0.24798, 0.92998, -0.27136][0.31150, 0.98339, 0][0.232704, 0.293907, -0.571169][-0.64415, 0.70776, -0.29006][0.41217, 0.97813, 0][0.215761, 0.325457, -0.542449][-0.36057, 0.92978, -0.07410][0.41217, 0.98339, 0][0.215761, 0.325457, -0.542449][-0.36057, 0.92978, -0.07410][0.41217, 0.98339, 0][0.541577, 0.325929, -0.281957][-0.00091, 1.00000, 0.00066][0.31150, 0.98840, 0][0.557941, 0.325929, -0.293847][-0.24798, 0.92998, -0.27136][0.31150, 0.98339, 0][0.688642, 0.326347, 0.108404][-0.04072, 0.93033, -0.36447][0.21013, 0.98339, 0][0.588647, 0.294392, -0.306997][-0.35045, 0.70852, -0.61252][0.31150, 0.97813, 0][0.557941, 0.325929, -0.293847][-0.24798, 0.92998, -0.27136][0.31150, 0.98339, 0][0.588647, 0.294392, -0.306997][-0.35045, 0.70852, -0.61252][0.31150, 0.97813, 0][0.688642, 0.326347, 0.108404][-0.04072, 0.93033, -0.36447][0.21013, 0.98339, 0][0.721279, 0.294824, 0.115638][0.07709, 0.70865, -0.70133][0.21013, 0.97813, 0][0.668414, 0.326334, 0.108404][-0.00081, 1.00000, 0.00063][0.21013, 0.98840, 0][0.557941, 0.325929, -0.293847][-0.24798, 0.92998, -0.27136][0.31150, 0.98339, 0][0.541577, 0.325929, -0.281957][-0.00091, 1.00000, 0.00066][0.31150, 0.98840, 0][0.557941, 0.325929, -0.293847][-0.24798, 0.92998, -0.27136][0.31150, 0.98339, 0][0.668414, 0.326334, 0.108404][-0.00081, 1.00000, 0.00063][0.21013, 0.98840, 0][0.688642, 0.326347, 0.108404][-0.04072, 0.93033, -0.36447][0.21013, 0.98339, 0][0.511407, 0.261911, -0.267988][0.45232, 0.44270, 0.77422][0.31150, 0.99405, 0][0.668414, 0.326334, 0.108404][0.10004, 0.45812, 0.88324][0.21013, 0.98840, 0][0.541577, 0.325929, -0.281957][0.59955, 0.45973, 0.65513][0.31150, 0.98840, 0][0.668414, 0.326334, 0.108404][0.10004, 0.45812, 0.88324][0.21013, 0.98840, 0][0.511407, 0.261911, -0.267988][0.45232, 0.44270, 0.77422][0.31150, 0.99405, 0][0.635782, 0.2621, 0.10205][-0.08927, 0.44230, 0.89241][0.21013, 0.99405, 0][0.635782, 0.2621, 0.10205][-0.08927, 0.44230, 0.89241][0.21013, 0.99405, 0][0.541577, 0.32655, 0.498765][-0.43808, 0.45813, 0.77344][0.10688, 0.98840, 0][0.668414, 0.326334, 0.108404][0.10004, 0.45812, 0.88324][0.21013, 0.98840, 0][0.541577, 0.32655, 0.498765][-0.00059, 1.00000, 0.00050][0.10688, 0.98840, 0][0.688642, 0.326347, 0.108404][-0.04072, 0.93033, -0.36447][0.21013, 0.98339, 0][0.668414, 0.326334, 0.108404][-0.00081, 1.00000, 0.00063][0.21013, 0.98840, 0][0.541577, 0.32655, 0.498765][-0.43808, 0.45813, 0.77344][0.10688, 0.98840, 0][0.635782, 0.2621, 0.10205][-0.08927, 0.44230, 0.89241][0.21013, 0.99405, 0][0.51884, 0.262302, 0.474424][-0.59647, 0.44288, 0.66938][0.10688, 0.99405, 0][0.51884, 0.262302, 0.474424][-0.59647, 0.44288, 0.66938][0.10688, 0.99405, 0][0.209511, 0.326469, 0.740023][-0.72585, 0.43474, 0.53305][0.00166, 0.98840, 0][0.541577, 0.32655, 0.498765][-0.43808, 0.45813, 0.77344][0.10688, 0.98840, 0][0.209511, 0.326469, 0.740023][-0.72585, 0.43474, 0.53305][0.00166, 0.98840, 0][0.51884, 0.262302, 0.474424][-0.59647, 0.44288, 0.66938][0.10688, 0.99405, 0][0.205541, 0.262451, 0.70696][-0.73189, 0.41167, 0.54302][0.00166, 0.99405, 0][0.688642, 0.326347, 0.108404][-0.04072, 0.93033, -0.36447][0.21013, 0.98339, 0][0.541577, 0.32655, 0.498765][-0.00059, 1.00000, 0.00050][0.10688, 0.98840, 0][0.557941, 0.326563, 0.510654][0.18183, 0.93025, -0.31871][0.10688, 0.98339, 0][0.209511, 0.326469, 0.740023][-0.00073, 1.00000, 0.00075][0.00166, 0.98840, 0][0.557941, 0.326563, 0.510654][0.18183, 0.93025, -0.31871][0.10688, 0.98339, 0][0.541577, 0.32655, 0.498765][-0.00059, 1.00000, 0.00050][0.10688, 0.98840, 0][0.557941, 0.326563, 0.510654][0.18183, 0.93025, -0.31871][0.10688, 0.98339, 0][0.721279, 0.294824, 0.115638][0.07709, 0.70865, -0.70133][0.21013, 0.97813, 0][0.688642, 0.326347, 0.108404][-0.04072, 0.93033, -0.36447][0.21013, 0.98339, 0][0.557941, 0.326563, 0.510654][0.18183, 0.93025, -0.31871][0.10688, 0.98339, 0][0.209511, 0.326469, 0.740023][-0.00073, 1.00000, 0.00075][0.00166, 0.98840, 0][0.215761, 0.326496, 0.759259][0.41447, 0.86002, -0.29763][0.00166, 0.98339, 0][0.721279, 0.294824, 0.115638][0.07709, 0.70865, -0.70133][0.21013, 0.97813, 0][0.557941, 0.326563, 0.510654][0.18183, 0.93025, -0.31871][0.10688, 0.98339, 0][0.579941, 0.29504, 0.535725][0.47520, 0.70807, -0.52233][0.10688, 0.97813, 0][0.215761, 0.326496, 0.759259][0.41447, 0.86002, -0.29763][0.00166, 0.98339, 0][0.579941, 0.29504, 0.535725][0.47520, 0.70807, -0.52233][0.10688, 0.97813, 0][0.557941, 0.326563, 0.510654][0.18183, 0.93025, -0.31871][0.10688, 0.98339, 0][0.579941, 0.29504, 0.535725][0.49334, -0.22480, -0.84028][0.10688, 0.97813, 0][0.71118, 0.251376, 0.115652][0.11513, -0.22537, -0.96745][0.21013, 0.97330, 0][0.721279, 0.294824, 0.115638][-0.09481, -0.22494, -0.96975][0.21013, 0.97813, 0][0.579941, 0.29504, 0.535725][0.47520, 0.70807, -0.52233][0.10688, 0.97813, 0][0.215761, 0.326496, 0.759259][0.41447, 0.86002, -0.29763][0.00166, 0.98339, 0][0.218901, 0.294959, 0.792463][0.60107, 0.67539, -0.42728][0.00166, 0.97813, 0][0.71118, 0.251376, 0.115652][0.11513, -0.22537, -0.96745][0.21013, 0.97330, 0][0.579941, 0.29504, 0.535725][0.49334, -0.22480, -0.84028][0.10688, 0.97813, 0][0.571772, 0.251592, 0.529795][0.66168, -0.22526, -0.71515][0.10688, 0.97330, 0][0.218901, 0.294959, 0.792463][0.79579, -0.21571, -0.56585][0.00166, 0.97813, 0][0.571772, 0.251592, 0.529795][0.66168, -0.22526, -0.71515][0.10688, 0.97330, 0][0.579941, 0.29504, 0.535725][0.49334, -0.22480, -0.84028][0.10688, 0.97813, 0][0.571772, 0.251592, 0.529795][0.15436, -0.95068, -0.26905][0.10688, 0.97330, 0][0.668443, 0.237334, 0.108432][0.03406, -0.94751, -0.31789][0.21013, 0.96890, 0][0.71118, 0.251376, 0.115652][-0.03263, -0.95092, -0.30772][0.21013, 0.97330, 0][0.571772, 0.251592, 0.529795][0.66168, -0.22526, -0.71515][0.10688, 0.97330, 0][0.218901, 0.294959, 0.792463][0.79579, -0.21571, -0.56585][0.00166, 0.97813, 0][0.21579, 0.251511, 0.78286][0.79571, -0.21638, -0.56571][0.00166, 0.97330, 0][0.668443, 0.237334, 0.108432][0.03406, -0.94751, -0.31789][0.21013, 0.96890, 0][0.571772, 0.251592, 0.529795][0.15436, -0.95068, -0.26905][0.10688, 0.97330, 0][0.541605, 0.23755, 0.498793][0.21423, -0.94733, -0.23808][0.10688, 0.96890, 0][0.21579, 0.251511, 0.78286][0.26636, -0.94461, -0.19175][0.00166, 0.97330, 0][0.541605, 0.23755, 0.498793][0.21423, -0.94733, -0.23808][0.10688, 0.96890, 0][0.571772, 0.251592, 0.529795][0.15436, -0.95068, -0.26905][0.10688, 0.97330, 0][0.51884, 0.262302, 0.474424][-0.29106, -0.80096, 0.52321][0.10688, 0.96446, 0][0.668443, 0.237334, 0.108432][-0.06027, -0.78854, 0.61202][0.21013, 0.96890, 0][0.541605, 0.23755, 0.498793][-0.40942, -0.78806, 0.45970][0.10688, 0.96890, 0][0.541605, 0.23755, 0.498793][0.21423, -0.94733, -0.23808][0.10688, 0.96890, 0][0.21579, 0.251511, 0.78286][0.26636, -0.94461, -0.19175][0.00166, 0.97330, 0][0.209539, 0.237469, 0.740051][0.27840, -0.93888, -0.20249][0.00166, 0.96890, 0][0.541605, 0.23755, 0.498793][-0.40942, -0.78806, 0.45970][0.10688, 0.96890, 0][0.205541, 0.262451, 0.70696][-0.50387, -0.78055, 0.36995][0.00166, 0.96446, 0][0.51884, 0.262302, 0.474424][-0.29106, -0.80096, 0.52321][0.10688, 0.96446, 0][0.205541, 0.262451, 0.70696][-0.50387, -0.78055, 0.36995][0.00166, 0.96446, 0][0.541605, 0.23755, 0.498793][-0.40942, -0.78806, 0.45970][0.10688, 0.96890, 0][0.209539, 0.237469, 0.740051][-0.52681, -0.75903, 0.38256][0.00166, 0.96890, 0][0.082249, 0.12648, 1.11354][-0.02971, -0.97855, -0.20385][0.84430, 0.59730, 0][-0.000141031, 0.1111, 0.878517][-0.00692, -0.99763, -0.06842][0.79981, 0.61291, 0][0.082294, 0.128273, 0.870885][-0.00720, -0.97909, -0.20330][0.79836, 0.59730, 0][-0.000141031, 0.1111, 0.878517][-0.00692, -0.99763, -0.06842][0.79981, 0.61291, 0][0.082249, 0.12648, 1.11354][-0.02971, -0.97855, -0.20385][0.84430, 0.59730, 0][-0.000184039, 0.109564, 1.10674][-0.03978, -0.99921, 0.00182][0.84302, 0.61291, 0][-0.000184039, 0.109564, 1.10674][-0.03978, -0.99921, 0.00182][0.84302, 0.61291, 0][-0.082574, 0.128273, 0.870855][-0.00695, -0.97926, 0.20247][0.79836, 0.62852, 0][-0.000141031, 0.1111, 0.878517][-0.00692, -0.99763, -0.06842][0.79981, 0.61291, 0][0.082216, 0.112718, 1.29165][-0.15447, -0.96518, -0.21110][0.87803, 0.59730, 0][-0.000184039, 0.109564, 1.10674][-0.03978, -0.99921, 0.00182][0.84302, 0.61291, 0][0.082249, 0.12648, 1.11354][-0.02971, -0.97855, -0.20385][0.84430, 0.59730, 0][-0.082574, 0.128273, 0.870855][-0.00695, -0.97926, 0.20247][0.79836, 0.62852, 0][-0.000184039, 0.109564, 1.10674][-0.03978, -0.99921, 0.00182][0.84302, 0.61291, 0][-0.082619, 0.12648, 1.11351][-0.05060, -0.97841, 0.20040][0.84430, 0.62852, 0][-0.000184039, 0.109564, 1.10674][-0.03978, -0.99921, 0.00182][0.84302, 0.61291, 0][0.082216, 0.112718, 1.29165][-0.15447, -0.96518, -0.21110][0.87803, 0.59730, 0][-0.000215045, 0.097673, 1.27543][-0.19055, -0.98167, 0.00253][0.87495, 0.61291, 0][-0.000215045, 0.097673, 1.27543][-0.19055, -0.98167, 0.00253][0.87495, 0.61291, 0][-0.082619, 0.12648, 1.11351][-0.05060, -0.97841, 0.20040][0.84430, 0.62852, 0][-0.000184039, 0.109564, 1.10674][-0.03978, -0.99921, 0.00182][0.84302, 0.61291, 0][0.0821959, 0.075066, 1.40138][-0.30391, -0.92938, -0.20952][0.89880, 0.59730, 0][-0.000215045, 0.097673, 1.27543][-0.19055, -0.98167, 0.00253][0.87495, 0.61291, 0][0.082216, 0.112718, 1.29165][-0.15447, -0.96518, -0.21110][0.87803, 0.59730, 0][-0.082619, 0.12648, 1.11351][-0.05060, -0.97841, 0.20040][0.84430, 0.62852, 0][-0.000215045, 0.097673, 1.27543][-0.19055, -0.98167, 0.00253][0.87495, 0.61291, 0][-0.082652, 0.112718, 1.29162][-0.22928, -0.95130, 0.20605][0.87803, 0.62852, 0][-0.000215045, 0.097673, 1.27543][-0.19055, -0.98167, 0.00253][0.87495, 0.61291, 0][0.0821959, 0.075066, 1.40138][-0.30391, -0.92938, -0.20952][0.89880, 0.59730, 0][-0.000235049, 0.065116, 1.38003][-0.30542, -0.94895, 0.07880][0.89475, 0.61291, 0][-0.000235049, 0.065116, 1.38003][-0.30542, -0.94895, 0.07880][0.89475, 0.61291, 0][-0.082652, 0.112718, 1.29162][-0.22928, -0.95130, 0.20605][0.87803, 0.62852, 0][-0.000215045, 0.097673, 1.27543][-0.19055, -0.98167, 0.00253][0.87495, 0.61291, 0][-0.082652, 0.112718, 1.29162][-0.22928, -0.95130, 0.20605][0.87803, 0.62852, 0][-0.000235049, 0.065116, 1.38003][-0.30542, -0.94895, 0.07880][0.89475, 0.61291, 0][-0.0826731, 0.075065, 1.40135][-0.31841, -0.92782, 0.19432][0.89880, 0.62852, 0][0.541577, 0.298951, -0.281957][0.56528, 0.53869, 0.62472][0.31150, 0.98840, 0][0.205541, 0.278448, -0.51093][0.76811, 0.53908, 0.34552][0.41217, 0.99405, 0][0.531157, 0.278894, -0.27436][0.41850, 0.53852, 0.73134][0.31150, 0.99405, 0][-0.549346, 0.263017, -0.293817][-0.58203, -0.49859, 0.64238][0.61419, 0.97330, 0][-0.210307, 0.280607, -0.552056][-0.79082, -0.49865, 0.35489][0.51385, 0.97813, 0][-0.207167, 0.263098, -0.542421][-0.84850, -0.49864, 0.17722][0.51385, 0.97330, 0][-0.207167, 0.263098, -0.542421][0.00106, -1.00000, -0.00092][0.51385, 0.97330, 0][-0.532982, 0.263044, -0.281927][0.00098, -1.00000, -0.00099][0.61419, 0.96890, 0][-0.549346, 0.263017, -0.293817][0.00088, -1.00000, -0.00087][0.61419, 0.97330, 0][-0.210307, 0.280607, -0.552056][-0.84929, 0.49700, 0.17804][0.51385, 0.97813, 0][0.215761, 0.298479, -0.542449][-0.84926, 0.49735, -0.17721][0.41217, 0.98339, 0][0.218901, 0.280957, -0.552057][-0.79156, 0.49751, -0.35486][0.41217, 0.97813, 0][0.218901, 0.280957, -0.552057][-0.84852, -0.49831, -0.17804][0.41217, 0.97813, 0][-0.207167, 0.263098, -0.542421][-0.84850, -0.49864, 0.17722][0.51385, 0.97330, 0][-0.210307, 0.280607, -0.552056][-0.79082, -0.49865, 0.35489][0.51385, 0.97813, 0][-0.532982, 0.263044, -0.281927][0.00098, -1.00000, -0.00099][0.61419, 0.96890, 0][-0.207167, 0.263098, -0.542421][0.00106, -1.00000, -0.00092][0.51385, 0.97330, 0][-0.200917, 0.263125, -0.523185][0.00107, -1.00000, -0.00087][0.51385, 0.96890, 0][-0.196943, 0.278125, -0.510929][0.69373, -0.64924, -0.31181][0.51385, 0.96446, 0][-0.532982, 0.263044, -0.281927][0.51083, -0.64908, -0.56370][0.61419, 0.96890, 0][-0.200917, 0.263125, -0.523185][0.74426, -0.64938, -0.15614][0.51385, 0.96890, 0][-0.200917, 0.263125, -0.523185][0.74426, -0.64938, -0.15614][0.51385, 0.96890, 0][0.205541, 0.278448, -0.51093][0.74430, -0.64958, 0.15513][0.41217, 0.96446, 0][-0.196943, 0.278125, -0.510929][0.69373, -0.64924, -0.31181][0.51385, 0.96446, 0][0.21579, 0.263435, -0.542421][0.00103, -1.00000, -0.00076][0.41217, 0.97330, 0][-0.200917, 0.263125, -0.523185][0.00107, -1.00000, -0.00087][0.51385, 0.96890, 0][-0.207167, 0.263098, -0.542421][0.00106, -1.00000, -0.00092][0.51385, 0.97330, 0][-0.207167, 0.263098, -0.542421][-0.84850, -0.49864, 0.17722][0.51385, 0.97330, 0][0.218901, 0.280957, -0.552057][-0.84852, -0.49831, -0.17804][0.41217, 0.97813, 0][0.21579, 0.263435, -0.542421][-0.79083, -0.49808, -0.35567][0.41217, 0.97330, 0][0.205541, 0.278448, -0.51093][0.74430, -0.64958, 0.15513][0.41217, 0.96446, 0][-0.200917, 0.263125, -0.523185][0.74426, -0.64938, -0.15614][0.51385, 0.96890, 0][0.209539, 0.263449, -0.523185][0.69376, -0.64972, 0.31076][0.41217, 0.96890, 0][-0.200917, 0.263125, -0.523185][0.00107, -1.00000, -0.00087][0.51385, 0.96890, 0][0.21579, 0.263435, -0.542421][0.00103, -1.00000, -0.00076][0.41217, 0.97330, 0][0.209539, 0.263449, -0.523185][0.00096, -1.00000, -0.00072][0.41217, 0.96890, 0][0.209539, 0.263449, -0.523185][0.69376, -0.64972, 0.31076][0.41217, 0.96890, 0][0.531157, 0.278894, -0.27436][0.51077, -0.65010, 0.56257][0.31150, 0.96446, 0][0.205541, 0.278448, -0.51093][0.74430, -0.64958, 0.15513][0.41217, 0.96446, 0][0.531157, 0.278894, -0.27436][0.51077, -0.65010, 0.56257][0.31150, 0.96446, 0][0.209539, 0.263449, -0.523185][0.69376, -0.64972, 0.31076][0.41217, 0.96890, 0][0.541605, 0.263907, -0.281929][0.37838, -0.65026, 0.65878][0.31150, 0.96890, 0][0.541605, 0.263907, -0.281929][0.37838, -0.65026, 0.65878][0.31150, 0.96890, 0][0.655531, 0.279298, 0.10842][0.08234, -0.65053, 0.75500][0.21013, 0.96446, 0][0.531157, 0.278894, -0.27436][0.51077, -0.65010, 0.56257][0.31150, 0.96446, 0][0.557969, 0.263907, -0.293818][0.00091, -1.00000, -0.00066][0.31150, 0.97330, 0][0.209539, 0.263449, -0.523185][0.00096, -1.00000, -0.00072][0.41217, 0.96890, 0][0.21579, 0.263435, -0.542421][0.00103, -1.00000, -0.00076][0.41217, 0.97330, 0][0.209539, 0.263449, -0.523185][0.00096, -1.00000, -0.00072][0.41217, 0.96890, 0][0.557969, 0.263907, -0.293818][0.00091, -1.00000, -0.00066][0.31150, 0.97330, 0][0.541605, 0.263907, -0.281929][0.00087, -1.00000, -0.00066][0.31150, 0.96890, 0][0.655531, 0.279298, 0.10842][0.08234, -0.65053, 0.75500][0.21013, 0.96446, 0][0.541605, 0.263907, -0.281929][0.37838, -0.65026, 0.65878][0.31150, 0.96890, 0][0.668443, 0.264312, 0.108432][-0.08132, -0.65057, 0.75508][0.21013, 0.96890, 0][0.668443, 0.264312, 0.108432][-0.08132, -0.65057, 0.75508][0.21013, 0.96890, 0][0.531157, 0.279514, 0.4912][-0.37743, -0.65069, 0.65890][0.10688, 0.96446, 0][0.655531, 0.279298, 0.10842][0.08234, -0.65053, 0.75500][0.21013, 0.96446, 0][0.68867, 0.264326, 0.108432][0.00081, -1.00000, -0.00067][0.21013, 0.97330, 0][0.541605, 0.263907, -0.281929][0.00087, -1.00000, -0.00066][0.31150, 0.96890, 0][0.557969, 0.263907, -0.293818][0.00091, -1.00000, -0.00066][0.31150, 0.97330, 0][0.541605, 0.263907, -0.281929][0.00087, -1.00000, -0.00066][0.31150, 0.96890, 0][0.68867, 0.264326, 0.108432][0.00081, -1.00000, -0.00067][0.21013, 0.97330, 0][0.668443, 0.264312, 0.108432][0.00075, -1.00000, -0.00058][0.21013, 0.96890, 0][0.21579, 0.263435, -0.542421][-0.79083, -0.49808, -0.35567][0.41217, 0.97330, 0][0.566137, 0.281429, -0.299777][-0.58200, -0.49769, -0.64310][0.31150, 0.97813, 0][0.557969, 0.263907, -0.293818][-0.43090, -0.49744, -0.75291][0.31150, 0.97330, 0][0.566137, 0.281429, -0.299777][-0.58200, -0.49769, -0.64310][0.31150, 0.97813, 0][0.21579, 0.263435, -0.542421][-0.79083, -0.49808, -0.35567][0.41217, 0.97330, 0][0.218901, 0.280957, -0.552057][-0.84852, -0.49831, -0.17804][0.41217, 0.97813, 0][0.557969, 0.263907, -0.293818][-0.43090, -0.49744, -0.75291][0.31150, 0.97330, 0][0.698769, 0.281861, 0.108418][-0.09300, -0.49703, -0.86274][0.21013, 0.97813, 0][0.68867, 0.264326, 0.108432][0.09379, -0.49685, -0.86275][0.21013, 0.97330, 0][0.698769, 0.281861, 0.108418][-0.09300, -0.49703, -0.86274][0.21013, 0.97813, 0][0.557969, 0.263907, -0.293818][-0.43090, -0.49744, -0.75291][0.31150, 0.97330, 0][0.566137, 0.281429, -0.299777][-0.58200, -0.49769, -0.64310][0.31150, 0.97813, 0][0.218901, 0.280957, -0.552057][-0.79156, 0.49751, -0.35486][0.41217, 0.97813, 0][0.557941, 0.298951, -0.293847][-0.58278, 0.49781, -0.64231][0.31150, 0.98339, 0][0.566137, 0.281429, -0.299777][-0.43169, 0.49796, -0.75211][0.31150, 0.97813, 0][0.557941, 0.298951, -0.293847][-0.58278, 0.49781, -0.64231][0.31150, 0.98339, 0][0.218901, 0.280957, -0.552057][-0.79156, 0.49751, -0.35486][0.41217, 0.97813, 0][0.215761, 0.298479, -0.542449][-0.84926, 0.49735, -0.17721][0.41217, 0.98339, 0][0.215761, 0.298479, -0.542449][-0.00096, 1.00000, 0.00072][0.41217, 0.98339, 0][0.541577, 0.298951, -0.281957][-0.00091, 1.00000, 0.00066][0.31150, 0.98840, 0][0.557941, 0.298951, -0.293847][-0.00087, 1.00000, 0.00066][0.31150, 0.98339, 0][0.688642, 0.29937, 0.108404][-0.09379, 0.49837, -0.86188][0.21013, 0.98339, 0][0.566137, 0.281429, -0.299777][-0.43169, 0.49796, -0.75211][0.31150, 0.97813, 0][0.557941, 0.298951, -0.293847][-0.58278, 0.49781, -0.64231][0.31150, 0.98339, 0][0.566137, 0.281429, -0.299777][-0.43169, 0.49796, -0.75211][0.31150, 0.97813, 0][0.688642, 0.29937, 0.108404][-0.09379, 0.49837, -0.86188][0.21013, 0.98339, 0][0.698769, 0.281861, 0.108418][0.09300, 0.49854, -0.86186][0.21013, 0.97813, 0][0.668414, 0.299356, 0.108404][-0.00081, 1.00000, 0.00066][0.21013, 0.98840, 0][0.557941, 0.298951, -0.293847][-0.00087, 1.00000, 0.00066][0.31150, 0.98339, 0][0.541577, 0.298951, -0.281957][-0.00091, 1.00000, 0.00066][0.31150, 0.98840, 0][0.557941, 0.298951, -0.293847][-0.00087, 1.00000, 0.00066][0.31150, 0.98339, 0][0.668414, 0.299356, 0.108404][-0.00081, 1.00000, 0.00066][0.21013, 0.98840, 0][0.688642, 0.29937, 0.108404][-0.00075, 1.00000, 0.00059][0.21013, 0.98339, 0][0.531157, 0.278894, -0.27436][0.41850, 0.53852, 0.73134][0.31150, 0.99405, 0][0.668414, 0.299356, 0.108404][0.09029, 0.53822, 0.83795][0.21013, 0.98840, 0][0.541577, 0.298951, -0.281957][0.56528, 0.53869, 0.62472][0.31150, 0.98840, 0][0.668414, 0.299356, 0.108404][0.09029, 0.53822, 0.83795][0.21013, 0.98840, 0][0.531157, 0.278894, -0.27436][0.41850, 0.53852, 0.73134][0.31150, 0.99405, 0][0.655531, 0.279298, 0.10842][-0.09114, 0.53815, 0.83791][0.21013, 0.99405, 0][0.655531, 0.279298, 0.10842][-0.09114, 0.53815, 0.83791][0.21013, 0.99405, 0][0.541577, 0.299572, 0.498765][-0.41930, 0.53799, 0.73127][0.10688, 0.98840, 0][0.668414, 0.299356, 0.108404][0.09029, 0.53822, 0.83795][0.21013, 0.98840, 0][0.541577, 0.299572, 0.498765][-0.00062, 1.00000, 0.00054][0.10688, 0.98840, 0][0.688642, 0.29937, 0.108404][-0.00075, 1.00000, 0.00059][0.21013, 0.98339, 0][0.668414, 0.299356, 0.108404][-0.00081, 1.00000, 0.00066][0.21013, 0.98840, 0][0.541577, 0.299572, 0.498765][-0.41930, 0.53799, 0.73127][0.10688, 0.98840, 0][0.655531, 0.279298, 0.10842][-0.09114, 0.53815, 0.83791][0.21013, 0.99405, 0][0.531157, 0.279514, 0.4912][-0.56605, 0.53799, 0.62463][0.10688, 0.99405, 0][0.531157, 0.279514, 0.4912][-0.56605, 0.53799, 0.62463][0.10688, 0.99405, 0][0.209511, 0.299491, 0.740023][-0.69044, 0.52108, 0.50176][0.00166, 0.98840, 0][0.541577, 0.299572, 0.498765][-0.41930, 0.53799, 0.73127][0.10688, 0.98840, 0][0.209511, 0.299491, 0.740023][-0.69044, 0.52108, 0.50176][0.00166, 0.98840, 0][0.531157, 0.279514, 0.4912][-0.56605, 0.53799, 0.62463][0.10688, 0.99405, 0][0.205541, 0.279433, 0.72777][-0.69044, 0.52109, 0.50176][0.00166, 0.99405, 0][0.688642, 0.29937, 0.108404][-0.00075, 1.00000, 0.00059][0.21013, 0.98339, 0][0.541577, 0.299572, 0.498765][-0.00062, 1.00000, 0.00054][0.10688, 0.98840, 0][0.557941, 0.299586, 0.510654][-0.00072, 1.00000, 0.00064][0.10688, 0.98339, 0][0.209511, 0.299491, 0.740023][-0.00075, 1.00000, 0.00077][0.00166, 0.98840, 0][0.557941, 0.299586, 0.510654][-0.00072, 1.00000, 0.00064][0.10688, 0.98339, 0][0.541577, 0.299572, 0.498765][-0.00062, 1.00000, 0.00054][0.10688, 0.98840, 0][0.557941, 0.299586, 0.510654][0.43088, 0.49872, -0.75208][0.10688, 0.98339, 0][0.698769, 0.281861, 0.108418][0.09300, 0.49854, -0.86186][0.21013, 0.97813, 0][0.688642, 0.29937, 0.108404][-0.09379, 0.49837, -0.86188][0.21013, 0.98339, 0][0.557941, 0.299586, 0.510654][-0.00072, 1.00000, 0.00064][0.10688, 0.98339, 0][0.209511, 0.299491, 0.740023][-0.00075, 1.00000, 0.00077][0.00166, 0.98840, 0][0.215761, 0.299518, 0.759259][-0.00108, 1.00000, 0.00099][0.00166, 0.98339, 0][0.698769, 0.281861, 0.108418][0.09300, 0.49854, -0.86186][0.21013, 0.97813, 0][0.557941, 0.299586, 0.510654][0.43088, 0.49872, -0.75208][0.10688, 0.98339, 0][0.566137, 0.282077, 0.516613][0.58198, 0.49876, -0.64230][0.10688, 0.97813, 0][0.215761, 0.299518, 0.759259][0.70877, 0.48226, -0.51485][0.00166, 0.98339, 0][0.566137, 0.282077, 0.516613][0.58198, 0.49876, -0.64230][0.10688, 0.97813, 0][0.557941, 0.299586, 0.510654][0.43088, 0.49872, -0.75208][0.10688, 0.98339, 0][0.566137, 0.282077, 0.516613][0.43171, -0.49669, -0.75294][0.10688, 0.97813, 0][0.68867, 0.264326, 0.108432][0.09379, -0.49685, -0.86275][0.21013, 0.97330, 0][0.698769, 0.281861, 0.108418][-0.09300, -0.49703, -0.86274][0.21013, 0.97813, 0][0.566137, 0.282077, 0.516613][0.58198, 0.49876, -0.64230][0.10688, 0.97813, 0][0.215761, 0.299518, 0.759259][0.70877, 0.48226, -0.51485][0.00166, 0.98339, 0][0.218901, 0.28201, 0.768892][0.70875, 0.48229, -0.51484][0.00166, 0.97813, 0][0.68867, 0.264326, 0.108432][0.09379, -0.49685, -0.86275][0.21013, 0.97330, 0][0.566137, 0.282077, 0.516613][0.43171, -0.49669, -0.75294][0.10688, 0.97813, 0][0.557969, 0.264542, 0.510683][0.58283, -0.49668, -0.64313][0.10688, 0.97330, 0][0.218901, 0.28201, 0.768892][0.70961, -0.48016, -0.51565][0.00166, 0.97813, 0][0.557969, 0.264542, 0.510683][0.58283, -0.49668, -0.64313][0.10688, 0.97330, 0][0.566137, 0.282077, 0.516613][0.43171, -0.49669, -0.75294][0.10688, 0.97813, 0][0.557969, 0.264542, 0.510683][0.00063, -1.00000, -0.00053][0.10688, 0.97330, 0][0.668443, 0.264312, 0.108432][0.00075, -1.00000, -0.00058][0.21013, 0.96890, 0][0.68867, 0.264326, 0.108432][0.00081, -1.00000, -0.00067][0.21013, 0.97330, 0][0.557969, 0.264542, 0.510683][0.58283, -0.49668, -0.64313][0.10688, 0.97330, 0][0.218901, 0.28201, 0.768892][0.70961, -0.48016, -0.51565][0.00166, 0.97813, 0][0.21579, 0.264474, 0.759287][0.70961, -0.48016, -0.51565][0.00166, 0.97330, 0][0.668443, 0.264312, 0.108432][0.00075, -1.00000, -0.00058][0.21013, 0.96890, 0][0.557969, 0.264542, 0.510683][0.00063, -1.00000, -0.00053][0.10688, 0.97330, 0][0.541605, 0.264528, 0.498793][0.00073, -1.00000, -0.00064][0.10688, 0.96890, 0][0.21579, 0.264474, 0.759287][0.00076, -1.00000, -0.00077][0.00166, 0.97330, 0][0.541605, 0.264528, 0.498793][0.00073, -1.00000, -0.00064][0.10688, 0.96890, 0][0.557969, 0.264542, 0.510683][0.00063, -1.00000, -0.00053][0.10688, 0.97330, 0][0.531157, 0.279514, 0.4912][-0.37743, -0.65069, 0.65890][0.10688, 0.96446, 0][0.668443, 0.264312, 0.108432][-0.08132, -0.65057, 0.75508][0.21013, 0.96890, 0][0.541605, 0.264528, 0.498793][-0.50986, -0.65069, 0.56271][0.10688, 0.96890, 0][0.541605, 0.264528, 0.498793][0.00073, -1.00000, -0.00064][0.10688, 0.96890, 0][0.21579, 0.264474, 0.759287][0.00076, -1.00000, -0.00077][0.00166, 0.97330, 0][0.209539, 0.264447, 0.740051][0.00107, -1.00000, -0.00102][0.00166, 0.96890, 0][0.541605, 0.264528, 0.498793][-0.50986, -0.65069, 0.56271][0.10688, 0.96890, 0][0.205541, 0.279433, 0.72777][-0.62574, -0.63396, 0.45447][0.00166, 0.96446, 0][0.531157, 0.279514, 0.4912][-0.37743, -0.65069, 0.65890][0.10688, 0.96446, 0][0.205541, 0.279433, 0.72777][-0.62574, -0.63396, 0.45447][0.00166, 0.96446, 0][0.541605, 0.264528, 0.498793][-0.50986, -0.65069, 0.56271][0.10688, 0.96890, 0][0.209539, 0.264447, 0.740051][-0.62571, -0.63401, 0.45445][0.00166, 0.96890, 0][0.064664, 0.314234, -1.29095][0.28118, 0.89321, -0.35088][0.91280, 0.15360, 0][0.000246043, 0.292681, -1.20679][0.48857, 0.86510, -0.11357][0.89556, 0.16387, 0][0.06895, 0.292644, -1.25256][0.44300, 0.84639, -0.29558][0.90568, 0.15196, 0][0.000246043, 0.292681, -1.20679][0.48857, 0.86510, -0.11357][0.89556, 0.16387, 0][0.064664, 0.314234, -1.29095][0.28118, 0.89321, -0.35088][0.91280, 0.15360, 0][0.000253044, 0.313265, -1.2419][0.37187, 0.92806, 0.02025][0.90216, 0.16464, 0][0.000253044, 0.313265, -1.2419][0.37187, 0.92806, 0.02025][0.90216, 0.16464, 0][-0.06844, 0.292644, -1.25258][0.45814, 0.82922, 0.32015][0.90267, 0.17779, 0][0.000246043, 0.292681, -1.20679][0.48857, 0.86510, -0.11357][0.89556, 0.16387, 0][-0.06844, 0.292644, -1.25258][0.45814, 0.82922, 0.32015][0.90267, 0.17779, 0][0.000253044, 0.313265, -1.2419][0.37187, 0.92806, 0.02025][0.90216, 0.16464, 0][-0.06414, 0.314234, -1.29097][0.26210, 0.92264, 0.28292][0.90998, 0.17783, 0][0.000258045, 0.32012, -1.26786][0.25075, 0.96640, 0.05656][0.90705, 0.16521, 0][-0.06414, 0.314234, -1.29097][0.26210, 0.92264, 0.28292][0.90998, 0.17783, 0][0.000253044, 0.313265, -1.2419][0.37187, 0.92806, 0.02025][0.90216, 0.16464, 0][-0.06414, 0.314234, -1.29097][0.26210, 0.92264, 0.28292][0.90998, 0.17783, 0][0.000258045, 0.32012, -1.26786][0.25075, 0.96640, 0.05656][0.90705, 0.16521, 0][-0.05469, 0.321692, -1.31392][0.15481, 0.91800, 0.36512][0.91450, 0.17655, 0][0.000253044, 0.313265, -1.2419][0.37187, 0.92806, 0.02025][0.90216, 0.16464, 0][0.055222, 0.321692, -1.31389][0.20269, 0.94239, -0.26610][0.91690, 0.15588, 0][0.000258045, 0.32012, -1.26786][0.25075, 0.96640, 0.05656][0.90705, 0.16521, 0][0.055222, 0.321692, -1.31389][0.20269, 0.94239, -0.26610][0.91690, 0.15588, 0][0.000253044, 0.313265, -1.2419][0.37187, 0.92806, 0.02025][0.90216, 0.16464, 0][0.064664, 0.314234, -1.29095][0.28118, 0.89321, -0.35088][0.91280, 0.15360, 0][-0.05469, 0.321692, -1.31392][0.15481, 0.91800, 0.36512][0.91450, 0.17655, 0][-0.085587, 0.316362, -1.39888][0.03435, 0.84563, 0.53266][0.92980, 0.18422, 0][-0.06414, 0.314234, -1.29097][0.26210, 0.92264, 0.28292][0.90998, 0.17783, 0][-0.085587, 0.316362, -1.39888][0.03435, 0.84563, 0.53266][0.92980, 0.18422, 0][-0.05469, 0.321692, -1.31392][0.15481, 0.91800, 0.36512][0.91450, 0.17655, 0][-0.0729899, 0.325156, -1.4152][-0.00215, 0.81865, 0.57429][0.93315, 0.18221, 0][-0.0729899, 0.325156, -1.4152][-0.00215, 0.81865, 0.57429][0.93315, 0.18221, 0][-0.0640999, 0.318491, -1.50677][-0.11829, 0.73573, 0.66687][0.95056, 0.18255, 0][-0.085587, 0.316362, -1.39888][0.03435, 0.84563, 0.53266][0.92980, 0.18422, 0][-0.045244, 0.314618, -1.31459][-0.07584, 0.80936, -0.58240][0.91484, 0.17479, 0][-0.0729899, 0.325156, -1.4152][-0.01532, 0.84734, -0.53083][0.93315, 0.18221, 0][-0.05469, 0.321692, -1.31392][-0.07992, 0.80058, -0.59387][0.91450, 0.17655, 0][-0.0729899, 0.325156, -1.4152][-0.01532, 0.84734, -0.53083][0.93315, 0.18221, 0][-0.045244, 0.314618, -1.31459][-0.07584, 0.80936, -0.58240][0.91484, 0.17479, 0][-0.060399, 0.317652, -1.40058][0.04714, 0.88014, -0.47236][0.93068, 0.17952, 0][-0.060399, 0.317652, -1.40058][0.04714, 0.88014, -0.47236][0.93068, 0.17952, 0][-0.0546519, 0.328616, -1.51647][0.14207, 0.93272, -0.33143][0.95259, 0.18098, 0][-0.0729899, 0.325156, -1.4152][-0.01532, 0.84734, -0.53083][0.93315, 0.18221, 0][-0.0546519, 0.328616, -1.51647][0.14207, 0.93272, -0.33143][0.95259, 0.18098, 0][-0.060399, 0.317652, -1.40058][0.04714, 0.88014, -0.47236][0.93068, 0.17952, 0][-0.0452129, 0.320681, -1.48658][0.22489, 0.94064, -0.25420][0.94718, 0.17855, 0][-0.0452129, 0.320681, -1.48658][0.22489, 0.94064, -0.25420][0.94718, 0.17855, 0][0.000312056, 0.330193, -1.5625][0.21415, 0.97548, -0.05078][0.96245, 0.17165, 0][-0.0546519, 0.328616, -1.51647][0.14207, 0.93272, -0.33143][0.95259, 0.18098, 0][0.000312056, 0.330193, -1.5625][0.21415, 0.97548, -0.05078][0.96245, 0.17165, 0][-0.0452129, 0.320681, -1.48658][0.22489, 0.94064, -0.25420][0.94718, 0.17855, 0][0.000305054, 0.322061, -1.52566][0.29239, 0.95607, -0.02089][0.95553, 0.17085, 0][-0.0409309, 0.29251, -1.42051][0.35806, 0.89284, -0.27319][0.93485, 0.17630, 0][0.000305054, 0.322061, -1.52566][0.29239, 0.95607, -0.02089][0.95553, 0.17085, 0][-0.0452129, 0.320681, -1.48658][0.22489, 0.94064, -0.25420][0.94718, 0.17855, 0][0.000305054, 0.322061, -1.52566][0.29239, 0.95607, -0.02089][0.95553, 0.17085, 0][0.0552601, 0.328616, -1.51645][0.17796, 0.95366, 0.24262][0.95500, 0.16031, 0][0.000312056, 0.330193, -1.5625][0.21415, 0.97548, -0.05078][0.96245, 0.17165, 0][0.000305054, 0.322061, -1.52566][0.29239, 0.95607, -0.02089][0.95553, 0.17085, 0][-0.0409309, 0.29251, -1.42051][0.35806, 0.89284, -0.27319][0.93485, 0.17630, 0][0.000292052, 0.292486, -1.45103][0.36942, 0.92414, 0.09743][0.94150, 0.16922, 0][0.000292052, 0.292486, -1.45103][0.36942, 0.92414, 0.09743][0.94150, 0.16922, 0][0.0458091, 0.320681, -1.48656][0.23027, 0.92235, 0.31022][0.94917, 0.16143, 0][0.000305054, 0.322061, -1.52566][0.29239, 0.95607, -0.02089][0.95553, 0.17085, 0][0.0552601, 0.328616, -1.51645][0.17796, 0.95366, 0.24262][0.95500, 0.16031, 0][0.000305054, 0.322061, -1.52566][0.29239, 0.95607, -0.02089][0.95553, 0.17085, 0][0.0458091, 0.320681, -1.48656][0.23027, 0.92235, 0.31022][0.94917, 0.16143, 0][0.0458091, 0.320681, -1.48656][0.23027, 0.92235, 0.31022][0.94917, 0.16143, 0][0.000292052, 0.292486, -1.45103][0.36942, 0.92414, 0.09743][0.94150, 0.16922, 0][0.0415031, 0.29251, -1.42049][0.36281, 0.89208, 0.26938][0.93666, 0.16080, 0][0.0458091, 0.320681, -1.48656][0.23027, 0.92235, 0.31022][0.94917, 0.16143, 0][0.0735601, 0.325156, -1.41517][0.04557, 0.87972, 0.47331][0.93635, 0.15465, 0][0.0552601, 0.328616, -1.51645][0.17796, 0.95366, 0.24262][0.95500, 0.16031, 0][0.086151, 0.316362, -1.39885][0.00992, 0.82578, -0.56390][0.93356, 0.15193, 0][0.0552601, 0.328616, -1.51645][-0.09100, 0.75720, -0.64681][0.95500, 0.16031, 0][0.0735601, 0.325156, -1.41517][0.04361, 0.85098, -0.52338][0.93635, 0.15465, 0][0.0735601, 0.325156, -1.41517][0.04361, 0.85098, -0.52338][0.93635, 0.15465, 0][0.064664, 0.314234, -1.29095][0.28118, 0.89321, -0.35088][0.91280, 0.15360, 0][0.086151, 0.316362, -1.39885][0.00992, 0.82578, -0.56390][0.93356, 0.15193, 0][0.0735601, 0.325156, -1.41517][0.04557, 0.87972, 0.47331][0.93635, 0.15465, 0][0.0458091, 0.320681, -1.48656][0.23027, 0.92235, 0.31022][0.94917, 0.16143, 0][0.060963, 0.317652, -1.40056][-0.01598, 0.84643, 0.53225][0.93333, 0.15670, 0][0.064664, 0.314234, -1.29095][0.28118, 0.89321, -0.35088][0.91280, 0.15360, 0][0.0735601, 0.325156, -1.41517][0.04361, 0.85098, -0.52338][0.93635, 0.15465, 0][0.055222, 0.321692, -1.31389][0.20269, 0.94239, -0.26610][0.91690, 0.15588, 0][0.060963, 0.317652, -1.40056][-0.01598, 0.84643, 0.53225][0.93333, 0.15670, 0][0.055222, 0.321692, -1.31389][-0.07636, 0.80810, 0.58408][0.91690, 0.15588, 0][0.0735601, 0.325156, -1.41517][0.04557, 0.87972, 0.47331][0.93635, 0.15465, 0][0.055222, 0.321692, -1.31389][-0.07636, 0.80810, 0.58408][0.91690, 0.15588, 0][0.060963, 0.317652, -1.40056][-0.01598, 0.84643, 0.53225][0.93333, 0.15670, 0][0.045777, 0.314618, -1.31457][-0.07668, 0.80068, 0.59416][0.91683, 0.15767, 0][-0.07631, 0.505667, 0.18829][0.54000, -0.69657, 0.47243][0.77218, 0.60783, 0][-0.069778, 0.577888, 0.275506][0.60171, -0.69030, 0.40178][0.75507, 0.62080, 0][-0.126025, 0.577857, 0.237929][0.47286, -0.69664, 0.53952][0.75311, 0.60814, 0][-0.069778, 0.577888, 0.275506][0.60171, -0.69030, 0.40178][0.75507, 0.62080, 0][-0.07631, 0.505667, 0.18829][0.54000, -0.69657, 0.47243][0.77218, 0.60783, 0][-0.042233, 0.505685, 0.211075][0.60167, -0.69024, 0.40193][0.77336, 0.61550, 0][-0.126025, 0.577857, 0.237929][0.47286, -0.69664, 0.53952][0.75311, 0.60814, 0][-0.099083, 0.505639, 0.154205][0.40211, -0.69049, 0.60127][0.77311, 0.60043, 0][-0.07631, 0.505667, 0.18829][0.54000, -0.69657, 0.47243][0.77218, 0.60783, 0][-0.099083, 0.505639, 0.154205][0.40211, -0.69049, 0.60127][0.77311, 0.60043, 0][-0.126025, 0.577857, 0.237929][0.47286, -0.69664, 0.53952][0.75311, 0.60814, 0][-0.163582, 0.577812, 0.181668][0.40202, -0.69043, 0.60140][0.75466, 0.59593, 0][0.076263, 0.505667, 0.188319][0.47300, -0.69662, -0.53943][0.12519, 0.63712, 0][0.163537, 0.577812, 0.181729][0.40235, -0.69046, -0.60115][0.14231, 0.62414, 0][0.12596, 0.577857, 0.237975][0.54009, -0.69659, -0.47230][0.14426, 0.63680, 0][0.163537, 0.577812, 0.181729][0.40235, -0.69046, -0.60115][0.14231, 0.62414, 0][0.076263, 0.505667, 0.188319][0.47300, -0.69662, -0.53943][0.12519, 0.63712, 0][0.099049, 0.505639, 0.154242][0.40251, -0.69040, -0.60111][0.12401, 0.62945, 0][0.12596, 0.577857, 0.237975][0.54009, -0.69659, -0.47230][0.14426, 0.63680, 0][0.042178, 0.505685, 0.211091][0.60184, -0.69033, -0.40155][0.12426, 0.64451, 0][0.076263, 0.505667, 0.188319][0.47300, -0.69662, -0.53943][0.12519, 0.63712, 0][0.042178, 0.505685, 0.211091][0.60184, -0.69033, -0.40155][0.12426, 0.64451, 0][0.12596, 0.577857, 0.237975][0.54009, -0.69659, -0.47230][0.14426, 0.63680, 0][0.069699, 0.577888, 0.275532][0.60196, -0.69027, -0.40146][0.14271, 0.64901, 0][-0.076282, 0.505545, 0.035717][-0.47189, -0.69737, 0.53944][0.16591, 0.65612, 0][-0.163555, 0.577701, 0.042192][-0.40124, -0.69110, 0.60116][0.18302, 0.64315, 0][-0.125978, 0.577656, -0.014054][-0.53898, -0.69745, 0.47230][0.18498, 0.65580, 0][-0.163555, 0.577701, 0.042192][-0.40124, -0.69110, 0.60116][0.18302, 0.64315, 0][-0.076282, 0.505545, 0.035717][-0.47189, -0.69737, 0.53944][0.16591, 0.65612, 0][-0.099068, 0.505573, 0.069794][-0.40138, -0.69104, 0.60112][0.16473, 0.64845, 0][-0.125978, 0.577656, -0.014054][-0.53898, -0.69745, 0.47230][0.18498, 0.65580, 0][-0.042197, 0.505527, 0.012945][-0.60074, -0.69128, 0.40155][0.16498, 0.66352, 0][-0.076282, 0.505545, 0.035717][-0.47189, -0.69737, 0.53944][0.16591, 0.65612, 0][-0.042197, 0.505527, 0.012945][-0.60074, -0.69128, 0.40155][0.16498, 0.66352, 0][-0.125978, 0.577656, -0.014054][-0.53898, -0.69745, 0.47230][0.18498, 0.65580, 0][-0.069717, 0.577626, -0.051611][-0.60085, -0.69123, 0.40147][0.18343, 0.66801, 0][0.076291, 0.505545, 0.035746][-0.53888, -0.69743, -0.47244][0.07905, 0.65612, 0][0.069759, 0.577626, -0.051585][-0.60060, -0.69126, -0.40179][0.09616, 0.64315, 0][0.126006, 0.577656, -0.014008][-0.47175, -0.69740, -0.53953][0.09811, 0.65580, 0][0.069759, 0.577626, -0.051585][-0.60060, -0.69126, -0.40179][0.09616, 0.64315, 0][0.076291, 0.505545, 0.035746][-0.53888, -0.69743, -0.47244][0.07905, 0.65612, 0][0.042215, 0.505527, 0.012961][-0.60057, -0.69121, -0.40194][0.07786, 0.64845, 0][0.126006, 0.577656, -0.014008][-0.47175, -0.69740, -0.53953][0.09811, 0.65580, 0][0.099065, 0.505573, 0.069831][-0.40100, -0.69113, -0.60128][0.07811, 0.66352, 0][0.076291, 0.505545, 0.035746][-0.53888, -0.69743, -0.47244][0.07905, 0.65612, 0][0.099065, 0.505573, 0.069831][-0.40100, -0.69113, -0.60128][0.07811, 0.66352, 0][0.126006, 0.577656, -0.014008][-0.47175, -0.69740, -0.53953][0.09811, 0.65580, 0][0.163563, 0.577701, 0.042253][-0.40091, -0.69107, -0.60140][0.09657, 0.66801, 0][0.486744, 0.341445, -0.374436][0.55231, 0.67836, 0.48454][0.25833, 0.14503, 0][0.264802, 0.329313, -0.509912][0.61508, 0.67214, 0.41219][0.24959, 0.19354, 0][0.478885, 0.329427, -0.36657][0.48377, 0.67835, 0.55300][0.25523, 0.14508, 0][0.264802, 0.329313, -0.509912][0.61508, 0.67214, 0.41219][0.24959, 0.19354, 0][0.486744, 0.341445, -0.374436][0.55231, 0.67836, 0.48454][0.25833, 0.14503, 0][0.269149, 0.341329, -0.52013][0.61507, 0.67215, 0.41219][0.25260, 0.19428, 0][0.478885, 0.329427, -0.36657][0.48377, 0.67835, 0.55300][0.25523, 0.14508, 0][0.632359, 0.341619, -0.156787][0.41140, 0.67204, 0.61572][0.25101, 0.09804, 0][0.486744, 0.341445, -0.374436][0.55231, 0.67836, 0.48454][0.25833, 0.14503, 0][0.632359, 0.341619, -0.156787][0.41140, 0.67204, 0.61572][0.25101, 0.09804, 0][0.478885, 0.329427, -0.36657][0.48377, 0.67835, 0.55300][0.25523, 0.14508, 0][0.622143, 0.329598, -0.152436][0.41135, 0.67212, 0.61567][0.24803, 0.09885, 0][-0.486561, 0.341446, -0.374617][0.48403, 0.67826, -0.55289][0.38531, 0.98003, 0][-0.622046, 0.329598, -0.152667][0.41168, 0.67193, -0.61565][0.33681, 0.97130, 0][-0.478705, 0.329427, -0.366749][0.55252, 0.67832, -0.48436][0.38526, 0.97693, 0][-0.622046, 0.329598, -0.152667][0.41168, 0.67193, -0.61565][0.33681, 0.97130, 0][-0.486561, 0.341446, -0.374617][0.48403, 0.67826, -0.55289][0.38531, 0.98003, 0][-0.632254, 0.341619, -0.157022][0.41168, 0.67194, -0.61565][0.33607, 0.97430, 0][-0.478705, 0.329427, -0.366749][0.55252, 0.67832, -0.48436][0.38526, 0.97693, 0][-0.268911, 0.341329, -0.520229][0.61527, 0.67209, -0.41199][0.43231, 0.97272, 0][-0.486561, 0.341446, -0.374617][0.48403, 0.67826, -0.55289][0.38531, 0.98003, 0][-0.268911, 0.341329, -0.520229][0.61527, 0.67209, -0.41199][0.43231, 0.97272, 0][-0.478705, 0.329427, -0.366749][0.55252, 0.67832, -0.48436][0.38526, 0.97693, 0][-0.264569, 0.329313, -0.51001][0.61526, 0.67211, -0.41198][0.43150, 0.96973, 0][-0.310557, 0.331042, -0.686614][0.57081, 0.79921, -0.18825][0.52423, 0.00323, 0][-0.308768, 0.194993, -0.496715][0.57081, 0.79921, -0.18825][0.54816, 0.06463, 0][-0.198821, 0.195182, -0.533239][0.57081, 0.79921, -0.18825][0.50317, 0.06692, 0][0.355842, 0.331568, -0.670902][0.53286, 0.79869, 0.27955][0.52423, 0.00323, 0][0.22105, 0.195398, -0.537517][0.53286, 0.79869, 0.27955][0.54816, 0.06463, 0][0.323801, 0.195654, -0.483995][0.53286, 0.79869, 0.27955][0.50317, 0.06692, 0][-0.796214, 0.331042, -0.191968][0.24303, 0.79944, -0.54939][0.52423, 0.00323, 0][-0.654191, 0.19506, -0.065713][0.24303, 0.79944, -0.54939][0.54816, 0.06463, 0][-0.607438, 0.195155, -0.171714][0.24303, 0.79944, -0.54939][0.50317, 0.06692, 0][0.797722, 0.332269, -0.210415][0.19083, 0.79867, 0.57071][0.52423, 0.00323, 0][0.607982, 0.195977, -0.207458][0.19083, 0.79867, 0.57071][0.54816, 0.06463, 0][0.645045, 0.196234, -0.097692][0.19083, 0.79867, 0.57071][0.50317, 0.06692, 0][-0.649602, 0.393293, -0.545682][0.45097, 0.77163, -0.44857][0.36860, 0.00257, 0][-0.514989, 0.148578, -0.260855][0.45097, 0.77163, -0.44857][0.50700, 0.00257, 0][-0.365817, 0.14882, -0.409648][0.45097, 0.77163, -0.44857][0.48183, 0.07529, 0][-0.792243, 0.331527, 0.419387][-0.18652, 0.79930, -0.57125][0.52423, 0.00323, 0][-0.602176, 0.195492, 0.418551][-0.18652, 0.79930, -0.57125][0.54816, 0.06463, 0][-0.638169, 0.195519, 0.30843][-0.18652, 0.79930, -0.57125][0.50317, 0.06692, 0][-0.126438, 0.412639, -0.538499][0.70704, -0.00000, 0.70717][0.95773, 0.86948, 0][-0.184938, 0.600896, -0.597009][0.70708, 0.00001, 0.70714][0.92195, 0.89039, 0][-0.129001, 0.41157, -0.541061][0.70722, 0.00011, 0.70699][0.95749, 0.86895, 0][-0.125198, 0.413155, -0.537258][0.70698, -0.00004, 0.70723][0.95785, 0.86973, 0][-0.184938, 0.600896, -0.597009][0.70708, 0.00001, 0.70714][0.92195, 0.89039, 0][-0.126438, 0.412639, -0.538499][0.70704, -0.00000, 0.70717][0.95773, 0.86948, 0][-0.125198, 0.413155, -0.537258][0.70698, -0.00004, 0.70723][0.95785, 0.86973, 0][-0.125396, 0.670307, -0.53747][0.70712, 0.00002, 0.70710][0.92135, 0.90960, 0][-0.184938, 0.600896, -0.597009][0.70708, 0.00001, 0.70714][0.92195, 0.89039, 0][-0.125396, 0.670307, -0.53747][0.70712, 0.00002, 0.70710][0.92135, 0.90960, 0][-0.184975, 0.648927, -0.597046][0.70712, 0.00002, 0.70709][0.91513, 0.89784, 0][-0.184938, 0.600896, -0.597009][0.70708, 0.00001, 0.70714][0.92195, 0.89039, 0][-0.184975, 0.648927, -0.597046][0.70712, 0.00002, 0.70709][0.91513, 0.89784, 0][-0.125396, 0.670307, -0.53747][0.70712, 0.00002, 0.70710][0.92135, 0.90960, 0][-0.18501, 0.694904, -0.597083][0.70712, 0.00003, 0.70709][0.90860, 0.90496, 0][-0.184774, 0.388366, -0.596833][0.70711, 0.00003, 0.70711][0.92360, 0.83133, 0][-0.129001, 0.41157, -0.541061][0.70710, 0.00003, 0.70711][0.92897, 0.84284, 0][-0.18481, 0.434342, -0.596871][0.70711, 0.00004, 0.70711][0.91707, 0.83846, 0][-0.184847, 0.482373, -0.596911][0.70710, 0.00003, 0.70711][0.91025, 0.84590, 0][-0.18481, 0.434342, -0.596871][0.70711, 0.00004, 0.70711][0.91707, 0.83846, 0][-0.129001, 0.41157, -0.541061][0.70710, 0.00003, 0.70711][0.92897, 0.84284, 0][-0.184847, 0.482373, -0.596911][0.70710, 0.00003, 0.70711][0.91025, 0.84590, 0][-0.129001, 0.41157, -0.541061][0.70710, 0.00003, 0.70711][0.92897, 0.84284, 0][-0.18488, 0.526293, -0.596945][0.70709, 0.00002, 0.70712][0.90402, 0.85271, 0][-0.129001, 0.41157, -0.541061][0.70715, 0.00007, 0.70707][0.92897, 0.84284, 0][-0.184938, 0.600896, -0.597009][0.70712, 0.00005, 0.70709][0.89343, 0.86428, 0][-0.184904, 0.556977, -0.596972][0.70715, 0.00007, 0.70707][0.89966, 0.85747, 0][-0.129001, 0.41157, -0.541061][0.70715, 0.00007, 0.70707][0.92897, 0.84284, 0][-0.184904, 0.556977, -0.596972][0.70715, 0.00007, 0.70707][0.89966, 0.85747, 0][-0.184892, 0.541637, -0.596958][0.70718, 0.00009, 0.70704][0.90184, 0.85509, 0][-0.129001, 0.41157, -0.541061][0.70712, 0.00005, 0.70709][0.95749, 0.86895, 0][-0.184892, 0.541637, -0.596958][0.70712, 0.00005, 0.70709][0.93036, 0.88120, 0][-0.18488, 0.526293, -0.596945][0.70712, 0.00005, 0.70709][0.93254, 0.87882, 0][0.658202, 0.394304, -0.54547][0.44854, 0.77098, 0.45211][0.36860, 0.00257, 0][0.373754, 0.149185, -0.41086][0.44854, 0.77098, 0.45211][0.50700, 0.00257, 0][0.52255, 0.149657, -0.261691][0.44854, 0.77098, 0.45211][0.48183, 0.07529, 0][0.182905, 0.54192, -0.596958][0.70706, 0.00118, -0.70715][0.93036, 0.88120, 0][0.127014, 0.672074, -0.541276][0.70710, 0.00113, -0.70711][0.95749, 0.86895, 0][0.182917, 0.526576, -0.596945][0.70712, 0.00112, -0.70709][0.92818, 0.88358, 0][0.182951, 0.482656, -0.596911][0.70716, 0.00109, -0.70705][0.92195, 0.89039, 0][0.182917, 0.526576, -0.596945][0.70712, 0.00112, -0.70709][0.92818, 0.88358, 0][0.127014, 0.672074, -0.541276][0.70710, 0.00113, -0.70711][0.95749, 0.86895, 0][0.182905, 0.54192, -0.596958][0.70706, 0.00118, -0.70715][0.93036, 0.88120, 0][0.182893, 0.55726, -0.596972][0.70706, 0.00117, -0.70715][0.93254, 0.87882, 0][0.127014, 0.672074, -0.541276][0.70710, 0.00113, -0.70711][0.95749, 0.86895, 0][0.182893, 0.55726, -0.596972][0.70706, 0.00117, -0.70715][0.93254, 0.87882, 0][0.182859, 0.60118, -0.597009][0.70711, 0.00112, -0.70711][0.93877, 0.87201, 0][0.127014, 0.672074, -0.541276][0.70710, 0.00113, -0.70711][0.95749, 0.86895, 0][0.127014, 0.672074, -0.541276][0.70710, 0.00113, -0.70711][0.95749, 0.86895, 0][0.182859, 0.60118, -0.597009][0.70711, 0.00112, -0.70711][0.93877, 0.87201, 0][0.182822, 0.649214, -0.597046][0.70712, 0.00110, -0.70709][0.94559, 0.86457, 0][0.182822, 0.649214, -0.597046][0.70712, 0.00110, -0.70709][0.94559, 0.86457, 0][0.182787, 0.695187, -0.597083][0.70712, 0.00111, -0.70709][0.95211, 0.85744, 0][0.127014, 0.672074, -0.541276][0.70710, 0.00113, -0.70711][0.95749, 0.86895, 0][0.123409, 0.413344, -0.537258][0.70711, 0.00113, -0.70711][0.96789, 0.87892, 0][0.183023, 0.388649, -0.596833][0.70711, 0.00112, -0.70711][0.98063, 0.88355, 0][0.182988, 0.434626, -0.596871][0.70711, 0.00113, -0.70711][0.97411, 0.89068, 0][0.182951, 0.482656, -0.596911][0.70711, 0.00113, -0.70711][0.96729, 0.89813, 0][0.123409, 0.413344, -0.537258][0.70711, 0.00113, -0.70711][0.96789, 0.87892, 0][0.182988, 0.434626, -0.596871][0.70711, 0.00113, -0.70711][0.97411, 0.89068, 0][0.123409, 0.413344, -0.537258][0.70711, 0.00113, -0.70711][0.96789, 0.87892, 0][0.182951, 0.482656, -0.596911][0.70711, 0.00113, -0.70711][0.96729, 0.89813, 0][0.123211, 0.670499, -0.53747][0.70710, 0.00113, -0.70711][0.93138, 0.91879, 0][0.12445, 0.671012, -0.538711][0.70700, 0.00120, -0.70721][0.95773, 0.86948, 0][0.182951, 0.482656, -0.596911][0.70700, 0.00120, -0.70721][0.92195, 0.89039, 0][0.127014, 0.672074, -0.541276][0.70720, 0.00107, -0.70702][0.95749, 0.86895, 0][0.182951, 0.482656, -0.596911][0.70700, 0.00120, -0.70721][0.92195, 0.89039, 0][0.12445, 0.671012, -0.538711][0.70700, 0.00120, -0.70721][0.95773, 0.86948, 0][0.123211, 0.670499, -0.53747][0.70680, 0.00132, -0.70741][0.95785, 0.86973, 0][0.805341, 0.332971, 0.406974][-0.24334, 0.79775, 0.55171][0.52423, 0.00323, 0][0.663294, 0.196422, 0.281377][-0.24334, 0.79775, 0.55171][0.54816, 0.06463, 0][0.61677, 0.196612, 0.387481][-0.24334, 0.79775, 0.55171][0.50317, 0.06692, 0][-0.303974, 0.347822, -0.66644][0.64992, 0.72908, -0.21456][0.52423, 0.00323, 0][-0.314501, 0.214956, -0.513916][0.64992, 0.72908, -0.21456][0.54816, 0.06463, 0][-0.204555, 0.215159, -0.55044][0.64992, 0.72908, -0.21456][0.50317, 0.06692, 0][-0.486742, 0.342221, 0.598684][-0.55338, 0.67750, -0.48452][0.14503, 0.24803, 0][-0.264801, 0.330305, 0.734178][-0.61614, 0.67117, -0.41219][0.19354, 0.25676, 0][-0.478883, 0.330191, 0.590836][-0.48486, 0.67755, -0.55303][0.14508, 0.25113, 0][-0.264801, 0.330305, 0.734178][-0.61614, 0.67117, -0.41219][0.19354, 0.25676, 0][-0.486742, 0.342221, 0.598684][-0.55338, 0.67750, -0.48452][0.14503, 0.24803, 0][-0.269146, 0.342337, 0.744377][-0.61616, 0.67115, -0.41220][0.19428, 0.25376, 0][-0.478883, 0.330191, 0.590836][-0.48486, 0.67755, -0.55303][0.14508, 0.25113, 0][-0.632353, 0.342047, 0.381034][-0.41250, 0.67131, -0.61578][0.09804, 0.25535, 0][-0.486742, 0.342221, 0.598684][-0.55338, 0.67750, -0.48452][0.14503, 0.24803, 0][-0.632353, 0.342047, 0.381034][-0.41250, 0.67131, -0.61578][0.09804, 0.25535, 0][-0.478883, 0.330191, 0.590836][-0.48486, 0.67755, -0.55303][0.14508, 0.25113, 0][-0.622144, 0.33002, 0.376703][-0.41253, 0.67127, -0.61580][0.09885, 0.25833, 0][-0.351132, 0.332229, 0.886019][-0.53236, 0.79866, -0.28058][0.52423, 0.00323, 0][-0.215244, 0.196086, 0.753395][-0.53236, 0.79866, -0.28058][0.54816, 0.06463, 0][-0.317743, 0.196099, 0.699392][-0.53236, 0.79866, -0.28058][0.50317, 0.06692, 0][0.346074, 0.348348, -0.652214][0.60668, 0.72863, 0.31785][0.52423, 0.00323, 0][0.229333, 0.215361, -0.553657][0.60668, 0.72863, 0.31785][0.54816, 0.06463, 0][0.332083, 0.215617, -0.500133][0.60668, 0.72863, 0.31785][0.50317, 0.06692, 0][-0.920625, 0.39359, 0.108316][0.00105, 0.77144, -0.63630][0.36860, 0.00257, 0][-0.624107, 0.148874, 0.214578][0.00105, 0.77144, -0.63630][0.50700, 0.00257, 0][-0.623841, 0.148942, 0.00388698][0.00105, 0.77144, -0.63630][0.48183, 0.07529, 0][0.319861, 0.332984, 0.903107][-0.57215, 0.79784, 0.18999][0.52423, 0.00323, 0][0.317951, 0.19649, 0.713408][-0.57215, 0.79784, 0.18999][0.54816, 0.06463, 0][0.208033, 0.196571, 0.75002][-0.57215, 0.79784, 0.18999][0.50317, 0.06692, 0][-0.634737, 0.410073, -0.530604][0.48510, 0.72918, -0.48268][0.36860, 0.00257, 0][-0.527943, 0.168541, -0.273808][0.48510, 0.72918, -0.48268][0.50700, 0.00257, 0][-0.378772, 0.168784, -0.422601][0.48510, 0.72918, -0.48268][0.48183, 0.07529, 0][0.929013, 0.395033, 0.108315][-0.00228, 0.77051, 0.63742][0.36860, 0.00257, 0][0.632879, 0.149738, 0.00243802][-0.00228, 0.77051, 0.63742][0.50700, 0.00257, 0][0.632613, 0.150142, 0.213129][-0.00228, 0.77051, 0.63742][0.48183, 0.07529, 0][0.643125, 0.411085, -0.530604][0.48267, 0.72841, 0.48626][0.36860, 0.00257, 0][0.386708, 0.169148, -0.423814][0.48267, 0.72841, 0.48626][0.50700, 0.00257, 0][0.535503, 0.169634, -0.274644][0.48267, 0.72841, 0.48626][0.48183, 0.07529, 0][-0.776889, 0.347835, -0.183473][0.27674, 0.72911, -0.62596][0.52423, 0.00323, 0][-0.670968, 0.215024, -0.073145][0.27674, 0.72911, -0.62596][0.54816, 0.06463, 0][-0.624214, 0.215118, -0.179147][0.27674, 0.72911, -0.62596][0.50317, 0.06692, 0][0.777549, 0.349049, -0.20362][0.21785, 0.72806, 0.64997][0.52423, 0.00323, 0][0.625183, 0.215954, -0.213405][0.21785, 0.72806, 0.64997][0.54816, 0.06463, 0][0.662246, 0.216197, -0.103639][0.21785, 0.72806, 0.64997][0.50317, 0.06692, 0][-0.649814, 0.394305, 0.762102][-0.44973, 0.77098, -0.45093][0.36860, 0.00257, 0][-0.364982, 0.149414, 0.627876][-0.44973, 0.77098, -0.45093][0.50700, 0.00257, 0][-0.513777, 0.149427, 0.478706][-0.44973, 0.77098, -0.45093][0.48183, 0.07529, 0][0.657989, 0.395545, 0.762314][-0.45233, 0.77004, 0.44992][0.36860, 0.00257, 0][0.523762, 0.150034, 0.47787][-0.45233, 0.77004, 0.44992][0.50700, 0.00257, 0][0.374589, 0.150277, 0.626663][-0.45233, 0.77004, 0.44992][0.48183, 0.07529, 0][-0.899389, 0.41037, 0.108316][0.00114, 0.72896, -0.68456][0.36860, 0.00257, 0][-0.642369, 0.168838, 0.214578][0.00114, 0.72896, -0.68456][0.50700, 0.00257, 0][-0.642103, 0.168919, 0.00388698][0.00114, 0.72896, -0.68456][0.48183, 0.07529, 0][0.907777, 0.411813, 0.108315][-0.00227, 0.72785, 0.68573][0.36860, 0.00257, 0][0.651143, 0.169701, 0.00243802][-0.00227, 0.72785, 0.68573][0.50700, 0.00257, 0][0.650876, 0.170106, 0.213129][-0.00227, 0.72785, 0.68573][0.48183, 0.07529, 0][0.00419396, 0.395033, 1.03312][-0.63743, 0.77051, -0.00110][0.36860, 0.00257, 0][0.110457, 0.149899, 0.736993][-0.63743, 0.77051, -0.00110][0.50700, 0.00257, 0][-0.100237, 0.14998, 0.736726][-0.63743, 0.77051, -0.00110][0.48183, 0.07529, 0][-0.772068, 0.348308, 0.412804][-0.21265, 0.72876, -0.65091][0.52423, 0.00323, 0][-0.61959, 0.215469, 0.424285][-0.21265, 0.72876, -0.65091][0.54816, 0.06463, 0][-0.655582, 0.215483, 0.314163][-0.21265, 0.72876, -0.65091][0.50317, 0.06692, 0][0.786017, 0.349535, 0.398479][-0.27653, 0.72768, 0.62771][0.52423, 0.00323, 0][0.680071, 0.216386, 0.288596][-0.27653, 0.72768, 0.62771][0.54816, 0.06463, 0][0.633546, 0.216575, 0.394701][-0.27653, 0.72768, 0.62771][0.50317, 0.06692, 0][-0.634737, 0.411085, 0.747238][-0.48385, 0.72841, -0.48507][0.36860, 0.00257, 0][-0.377936, 0.169391, 0.64083][-0.48385, 0.72841, -0.48507][0.50700, 0.00257, 0][-0.526731, 0.169391, 0.49166][-0.48385, 0.72841, -0.48507][0.48183, 0.07529, 0][0.643125, 0.41211, 0.747237][-0.48626, 0.72763, 0.48384][0.36860, 0.00257, 0][0.536715, 0.169998, 0.490824][-0.48626, 0.72763, 0.48384][0.50700, 0.00257, 0][0.387543, 0.170241, 0.639617][-0.48626, 0.72763, 0.48384][0.48183, 0.07529, 0][-0.34115, 0.349009, 0.867332][-0.60637, 0.72819, -0.31947][0.52423, 0.00323, 0][-0.223738, 0.216062, 0.769535][-0.60637, 0.72819, -0.31947][0.54816, 0.06463, 0][-0.326237, 0.216062, 0.715532][-0.60637, 0.72819, -0.31947][0.50317, 0.06692, 0][0.313064, 0.349549, 0.882934][-0.65087, 0.72771, 0.21635][0.52423, 0.00323, 0][0.323685, 0.216467, 0.730609][-0.65087, 0.72771, 0.21635][0.54816, 0.06463, 0][0.213767, 0.216534, 0.767221][-0.65087, 0.72771, 0.21635][0.50317, 0.06692, 0][0.268913, 0.342337, 0.745252][-0.66160, 0.61511, 0.42887][0.09804, 0.27197, 0][0.478705, 0.330196, 0.59797][-0.66160, 0.61511, 0.42887][0.14395, 0.26935, 0][0.264571, 0.330307, 0.736882][-0.66160, 0.61511, 0.42887][0.09857, 0.27481, 0][0.00419396, 0.411813, 1.01189][-0.68573, 0.72785, -0.00115][0.36860, 0.00257, 0][0.110457, 0.169863, 0.755255][-0.68573, 0.72785, -0.00115][0.50700, 0.00257, 0][-0.100237, 0.169944, 0.754989][-0.68573, 0.72785, -0.00115][0.48183, 0.07529, 0][-0.541301, 0.113061, -0.289213][0.47840, -0.73640, -0.47838][0.57072, 0.00218, 0][-0.365817, 0.14882, -0.409648][0.47840, -0.73640, -0.47838][0.55147, 0.07055, 0][-0.514989, 0.148578, -0.260855][0.47841, -0.73639, -0.47839][0.55141, 0.00219, 0][-0.365817, 0.14882, -0.409648][0.47840, -0.73640, -0.47838][0.55147, 0.07055, 0][-0.541301, 0.113061, -0.289213][0.47840, -0.73640, -0.47838][0.57072, 0.00218, 0][-0.39213, 0.113304, -0.438008][0.47838, -0.73641, -0.47838][0.57079, 0.07053, 0][0.40217, 0.113709, -0.437173][0.47838, -0.73718, 0.47721][0.57072, 0.00218, 0][0.52255, 0.149657, -0.261691][0.47838, -0.73718, 0.47721][0.55147, 0.07055, 0][0.373754, 0.149185, -0.41086][0.47840, -0.73712, 0.47726][0.55141, 0.00219, 0][0.52255, 0.149657, -0.261691][0.47838, -0.73718, 0.47721][0.55147, 0.07055, 0][0.40217, 0.113709, -0.437173][0.47838, -0.73718, 0.47721][0.57072, 0.00218, 0][0.550966, 0.114194, -0.288002][0.47835, -0.73723, 0.47715][0.57079, 0.07053, 0][0.486563, 0.342223, 0.600925][-0.46440, 0.55380, 0.69111][0.14463, 0.26666, 0][0.622044, 0.330026, 0.384759][-0.46440, 0.55380, 0.69111][0.19227, 0.27497, 0][0.478705, 0.330196, 0.59797][-0.46184, 0.56187, 0.68630][0.14395, 0.26935, 0][0.622044, 0.330026, 0.384759][-0.46440, 0.55380, 0.69111][0.19227, 0.27497, 0][0.486563, 0.342223, 0.600925][-0.46440, 0.55380, 0.69111][0.14463, 0.26666, 0][0.632258, 0.342049, 0.383588][-0.46692, 0.54568, 0.69586][0.19383, 0.27242, 0][-0.66278, 0.113372, 0.213158][0.00062, -0.73665, -0.67627][0.55147, 0.07055, 0][-0.623841, 0.148942, 0.00388698][0.00062, -0.73665, -0.67627][0.57072, 0.00218, 0][-0.624107, 0.148874, 0.214578][0.00062, -0.73667, -0.67625][0.57079, 0.07053, 0][-0.623841, 0.148942, 0.00388698][0.00062, -0.73665, -0.67627][0.57072, 0.00218, 0][-0.66278, 0.113372, 0.213158][0.00062, -0.73665, -0.67627][0.55147, 0.07055, 0][-0.66251, 0.113439, 0.00246698][0.00063, -0.73663, -0.67630][0.55141, 0.00219, 0][-0.554256, 0.133025, -0.302168][0.47839, -0.73641, -0.47838][0.57072, 0.00218, 0][-0.378772, 0.168784, -0.422601][0.47839, -0.73641, -0.47838][0.55147, 0.07055, 0][-0.527943, 0.168541, -0.273808][0.47839, -0.73641, -0.47837][0.55141, 0.00219, 0][-0.378772, 0.168784, -0.422601][0.47839, -0.73641, -0.47838][0.55147, 0.07055, 0][-0.554256, 0.133025, -0.302168][0.47839, -0.73641, -0.47838][0.57072, 0.00218, 0][-0.405083, 0.133268, -0.450961][0.47840, -0.73640, -0.47838][0.57079, 0.07053, 0][0.415123, 0.133686, -0.450126][0.47837, -0.73719, 0.47720][0.57072, 0.00218, 0][0.535503, 0.169634, -0.274644][0.47837, -0.73719, 0.47720][0.55147, 0.07055, 0][0.386708, 0.169148, -0.423814][0.47834, -0.73724, 0.47714][0.55141, 0.00219, 0][0.535503, 0.169634, -0.274644][0.47837, -0.73719, 0.47720][0.55147, 0.07055, 0][0.415123, 0.133686, -0.450126][0.47837, -0.73719, 0.47720][0.57072, 0.00218, 0][0.56392, 0.134158, -0.300957][0.47840, -0.73713, 0.47726][0.57079, 0.07053, 0][0.671609, 0.114289, 0.00391402][0.00058, -0.73770, 0.67513][0.55147, 0.07055, 0][0.632613, 0.150142, 0.213129][0.00058, -0.73770, 0.67513][0.57072, 0.00218, 0][0.632879, 0.149738, 0.00243802][0.00056, -0.73765, 0.67518][0.57079, 0.07053, 0][0.632613, 0.150142, 0.213129][0.00058, -0.73770, 0.67513][0.57072, 0.00218, 0][0.671609, 0.114289, 0.00391402][0.00058, -0.73770, 0.67513][0.55147, 0.07055, 0][0.671339, 0.114707, 0.214605][0.00060, -0.73775, 0.67508][0.55141, 0.00219, 0][0.163954, -0.176437, -0.970096][0.22305, 0.92610, -0.30429][0.14592, 0.79924, 0][0.000155026, -0.183358, -0.717905][0.22931, 0.96816, -0.10040][0.11491, 0.75149, 0][0.181511, -0.246347, -0.717822][0.23242, 0.91881, -0.31902][0.14925, 0.75149, 0][0.000155026, -0.183358, -0.717905][0.22931, 0.96816, -0.10040][0.11491, 0.75149, 0][0.163954, -0.176437, -0.970096][0.22305, 0.92610, -0.30429][0.14592, 0.79924, 0][0.000199034, -0.129717, -0.952268][0.22976, 0.96681, 0.11170][0.11491, 0.79586, 0][0.000199034, -0.129717, -0.952268][0.22976, 0.96681, 0.11170][0.11491, 0.79586, 0][-0.1812, -0.246347, -0.717889][0.22400, 0.92544, 0.30559][0.08058, 0.75149, 0][0.000155026, -0.183358, -0.717905][0.22931, 0.96816, -0.10040][0.11491, 0.75149, 0][-0.1812, -0.246347, -0.717889][0.22400, 0.92544, 0.30559][0.08058, 0.75149, 0][0.000199034, -0.129717, -0.952268][0.22976, 0.96681, 0.11170][0.11491, 0.79586, 0][-0.16355, -0.176437, -0.970155][0.23663, 0.92719, 0.29039][0.08391, 0.79924, 0][-0.681044, 0.133335, 0.213158][0.00058, -0.73666, -0.67626][0.55147, 0.07055, 0][-0.642103, 0.168919, 0.00388698][0.00058, -0.73666, -0.67626][0.57072, 0.00218, 0][-0.642369, 0.168838, 0.214578][0.00057, -0.73668, -0.67624][0.57079, 0.07053, 0][-0.642103, 0.168919, 0.00388698][0.00058, -0.73666, -0.67626][0.57072, 0.00218, 0][-0.681044, 0.133335, 0.213158][0.00058, -0.73666, -0.67626][0.55147, 0.07055, 0][-0.680774, 0.133416, 0.00246698][0.00058, -0.73665, -0.67628][0.55141, 0.00219, 0][-0.393341, 0.113952, 0.654245][-0.47717, -0.73722, -0.47834][0.57072, 0.00218, 0][-0.513777, 0.149427, 0.478706][-0.47717, -0.73722, -0.47834][0.55147, 0.07055, 0][-0.364982, 0.149414, 0.627876][-0.47714, -0.73728, -0.47828][0.55141, 0.00219, 0][-0.513777, 0.149427, 0.478706][-0.47717, -0.73722, -0.47834][0.55147, 0.07055, 0][-0.393341, 0.113952, 0.654245][-0.47717, -0.73722, -0.47834][0.57072, 0.00218, 0][-0.542137, 0.113952, 0.505074][-0.47721, -0.73716, -0.47841][0.57079, 0.07053, 0][0.55013, 0.114599, 0.506285][-0.47726, -0.73787, 0.47725][0.57072, 0.00218, 0][0.374589, 0.150277, 0.626663][-0.47726, -0.73787, 0.47725][0.55147, 0.07055, 0][0.523762, 0.150034, 0.47787][-0.47727, -0.73786, 0.47726][0.55141, 0.00219, 0][0.374589, 0.150277, 0.626663][-0.47726, -0.73787, 0.47725][0.55147, 0.07055, 0][0.55013, 0.114599, 0.506285][-0.47726, -0.73787, 0.47725][0.57072, 0.00218, 0][0.400959, 0.114842, 0.65508][-0.47725, -0.73788, 0.47725][0.57079, 0.07053, 0][-0.314732, 0.175475, -0.517136][0.64140, -0.73665, -0.21435][0.55019, 0.00220, 0][-0.198821, 0.195182, -0.533239][0.64140, -0.73665, -0.21435][0.53960, 0.03566, 0][-0.308768, 0.194993, -0.496715][0.64144, -0.73662, -0.21435][0.53957, 0.00221, 0][-0.198821, 0.195182, -0.533239][0.64140, -0.73665, -0.21435][0.53960, 0.03566, 0][-0.314732, 0.175475, -0.517136][0.64140, -0.73665, -0.21435][0.55019, 0.00220, 0][-0.204785, 0.175663, -0.553666][0.64136, -0.73669, -0.21435][0.55022, 0.03565, 0][0.689873, 0.134266, 0.00391402][0.00055, -0.73776, 0.67506][0.55147, 0.07055, 0][0.650876, 0.170106, 0.213129][0.00055, -0.73776, 0.67506][0.57072, 0.00218, 0][0.651143, 0.169701, 0.00243802][0.00056, -0.73778, 0.67504][0.57079, 0.07053, 0][0.650876, 0.170106, 0.213129][0.00055, -0.73776, 0.67506][0.57072, 0.00218, 0][0.689873, 0.134266, 0.00391402][0.00055, -0.73776, 0.67506][0.55147, 0.07055, 0][0.689602, 0.13467, 0.214605][0.00055, -0.73774, 0.67508][0.55141, 0.00219, 0][0.231579, 0.175893, -0.556023][0.60012, -0.73708, 0.31077][0.53960, 0.03566, 0][0.323801, 0.195654, -0.483995][0.60012, -0.73708, 0.31077][0.55019, 0.00220, 0][0.22105, 0.195398, -0.537517][0.60010, -0.73710, 0.31075][0.55022, 0.03565, 0][0.323801, 0.195654, -0.483995][0.60012, -0.73708, 0.31077][0.55019, 0.00220, 0][0.231579, 0.175893, -0.556023][0.60012, -0.73708, 0.31077][0.53960, 0.03566, 0][0.33433, 0.176149, -0.502497][0.60014, -0.73705, 0.31079][0.53957, 0.00221, 0][0.478705, 0.330196, 0.59797][-0.72549, 0.49241, 0.48083][0.88491, 0.47508, 0][0.268913, 0.342337, 0.745252][-0.72549, 0.49241, 0.48083][0.84519, 0.47280, 0][0.486563, 0.342223, 0.600925][-0.72549, 0.49241, 0.48083][0.88639, 0.47280, 0][0.109038, 0.114464, 0.775722][-0.67510, -0.73772, -0.00060][0.55147, 0.07055, 0][-0.100237, 0.14998, 0.736726][-0.67510, -0.73772, -0.00060][0.57072, 0.00218, 0][0.110457, 0.149899, 0.736993][-0.67502, -0.73780, -0.00057][0.57079, 0.07053, 0][-0.100237, 0.14998, 0.736726][-0.67510, -0.73772, -0.00060][0.57072, 0.00218, 0][0.109038, 0.114464, 0.775722][-0.67510, -0.73772, -0.00060][0.55147, 0.07055, 0][-0.101657, 0.114532, 0.775452][-0.67519, -0.73765, -0.00063][0.55141, 0.00219, 0][-0.085079, 0.288794, -0.596753][0.70757, -0.49970, 0.49965][0.95319, 0.83003, 0][-0.000797981, 0.288909, -0.537157][0.70757, -0.49970, 0.49965][0.96626, 0.84199, 0][-0.042971, 0.331031, -0.53719][0.70757, -0.49970, 0.49965][0.95374, 0.84254, 0][-0.000732979, 0.204556, -0.596682][0.70757, -0.49969, 0.49965][0.97823, 0.82892, 0][-0.000797981, 0.288909, -0.537157][0.70757, -0.49970, 0.49965][0.96626, 0.84199, 0][-0.085079, 0.288794, -0.596753][0.70757, -0.49970, 0.49965][0.95319, 0.83003, 0][-0.085079, 0.288794, -0.596753][0.70773, -0.49970, 0.49943][0.95319, 0.83003, 0][-0.126438, 0.412639, -0.538499][0.70789, -0.49969, 0.49920][0.92921, 0.84336, 0][-0.129001, 0.41157, -0.541061][0.70773, -0.49970, 0.49943][0.92897, 0.84284, 0][-0.085079, 0.288794, -0.596753][0.70773, -0.49970, 0.49943][0.95319, 0.83003, 0][-0.129001, 0.41157, -0.541061][0.70773, -0.49970, 0.49943][0.92897, 0.84284, 0][-0.184774, 0.388366, -0.596833][0.70756, -0.49970, 0.49965][0.92360, 0.83133, 0][-0.126438, 0.412639, -0.538499][0.70744, -0.49979, 0.49975][0.92921, 0.84336, 0][-0.042971, 0.331031, -0.53719][0.70744, -0.49979, 0.49975][0.95374, 0.84254, 0][-0.125198, 0.413155, -0.537258][0.70730, -0.49988, 0.49984][0.92933, 0.84362, 0][-0.085079, 0.288794, -0.596753][0.70757, -0.49969, 0.49966][0.95319, 0.83003, 0][-0.042971, 0.331031, -0.53719][0.70744, -0.49979, 0.49975][0.95374, 0.84254, 0][-0.126438, 0.412639, -0.538499][0.70744, -0.49979, 0.49975][0.92921, 0.84336, 0][-0.673337, 0.175542, -0.074989][0.27245, -0.73653, -0.61911][0.53960, 0.03566, 0][-0.607438, 0.195155, -0.171714][0.27245, -0.73653, -0.61911][0.55019, 0.00220, 0][-0.654191, 0.19506, -0.065713][0.27236, -0.73665, -0.61901][0.55022, 0.03565, 0][-0.607438, 0.195155, -0.171714][0.27245, -0.73653, -0.61911][0.55019, 0.00220, 0][-0.673337, 0.175542, -0.074989][0.27245, -0.73653, -0.61911][0.53960, 0.03566, 0][-0.626584, 0.175623, -0.18099][0.27255, -0.73641, -0.61921][0.53957, 0.00221, 0][-0.000732979, 0.204556, -0.596682][0.70756, -0.49892, -0.50043][0.97823, 0.82892, 0][0.041309, 0.331095, -0.53719][0.70756, -0.49892, -0.50043][0.96681, 0.85451, 0][-0.000797981, 0.288909, -0.537157][0.70757, -0.49892, -0.50042][0.96626, 0.84199, 0][0.083482, 0.288926, -0.596753][0.70756, -0.49892, -0.50044][0.97933, 0.85396, 0][0.041309, 0.331095, -0.53719][0.70756, -0.49892, -0.50043][0.96681, 0.85451, 0][-0.000732979, 0.204556, -0.596682][0.70756, -0.49892, -0.50043][0.97823, 0.82892, 0][0.102169, 0.392065, -0.537241][0.70756, -0.49893, -0.50042][0.96761, 0.87260, 0][0.041309, 0.331095, -0.53719][0.70756, -0.49893, -0.50043][0.96681, 0.85451, 0][0.083482, 0.288926, -0.596753][0.70756, -0.49894, -0.50042][0.97933, 0.85396, 0][0.083482, 0.288926, -0.596753][0.70756, -0.49894, -0.50042][0.97933, 0.85396, 0][0.183023, 0.388649, -0.596833][0.70756, -0.49894, -0.50042][0.98063, 0.88355, 0][0.102169, 0.392065, -0.537241][0.70756, -0.49893, -0.50042][0.96761, 0.87260, 0][0.102169, 0.392065, -0.537241][0.70756, -0.49893, -0.50042][0.96761, 0.87260, 0][0.183023, 0.388649, -0.596833][0.70756, -0.49894, -0.50042][0.98063, 0.88355, 0][0.123409, 0.413344, -0.537258][0.70756, -0.49893, -0.50042][0.96789, 0.87892, 0][-0.406294, 0.133915, 0.667198][-0.47718, -0.73721, -0.47835][0.57072, 0.00218, 0][-0.526731, 0.169391, 0.49166][-0.47718, -0.73721, -0.47835][0.55147, 0.07055, 0][-0.377936, 0.169391, 0.64083][-0.47722, -0.73713, -0.47843][0.55141, 0.00219, 0][-0.526731, 0.169391, 0.49166][-0.47718, -0.73721, -0.47835][0.55147, 0.07055, 0][-0.406294, 0.133915, 0.667198][-0.47718, -0.73721, -0.47835][0.57072, 0.00218, 0][-0.555091, 0.133929, 0.518029][-0.47715, -0.73728, -0.47827][0.57079, 0.07053, 0][0.563084, 0.134576, 0.51924][-0.47717, -0.73799, 0.47716][0.57072, 0.00218, 0][0.387543, 0.170241, 0.639617][-0.47717, -0.73799, 0.47716][0.55147, 0.07055, 0][0.536715, 0.169998, 0.490824][-0.47717, -0.73799, 0.47716][0.55141, 0.00219, 0][0.387543, 0.170241, 0.639617][-0.47717, -0.73799, 0.47716][0.55147, 0.07055, 0][0.563084, 0.134576, 0.51924][-0.47717, -0.73799, 0.47716][0.57072, 0.00218, 0][0.413912, 0.134819, 0.668033][-0.47717, -0.73799, 0.47716][0.57079, 0.07053, 0][-0.320466, 0.195438, -0.534337][0.64150, -0.73654, -0.21444][0.55019, 0.00220, 0][-0.204555, 0.215159, -0.55044][0.64150, -0.73654, -0.21444][0.53960, 0.03566, 0][-0.314501, 0.214956, -0.513916][0.64141, -0.73662, -0.21444][0.53957, 0.00221, 0][-0.204555, 0.215159, -0.55044][0.64150, -0.73654, -0.21444][0.53960, 0.03566, 0][-0.320466, 0.195438, -0.534337][0.64150, -0.73654, -0.21444][0.55019, 0.00220, 0][-0.210519, 0.195627, -0.570867][0.64159, -0.73646, -0.21443][0.55022, 0.03565, 0][0.628406, 0.1765, -0.213522][0.21749, -0.73767, 0.63917][0.53960, 0.03566, 0][0.645045, 0.196234, -0.097692][0.21749, -0.73767, 0.63917][0.55019, 0.00220, 0][0.607982, 0.195977, -0.207458][0.21749, -0.73780, 0.63902][0.55022, 0.03565, 0][0.645045, 0.196234, -0.097692][0.21749, -0.73767, 0.63917][0.55019, 0.00220, 0][0.628406, 0.1765, -0.213522][0.21749, -0.73767, 0.63917][0.53960, 0.03566, 0][0.665468, 0.176742, -0.103756][0.21749, -0.73753, 0.63933][0.53957, 0.00221, 0][0.239862, 0.195856, -0.572162][0.60012, -0.73707, 0.31078][0.53960, 0.03566, 0][0.332083, 0.215617, -0.500133][0.60012, -0.73707, 0.31078][0.55019, 0.00220, 0][0.229333, 0.215361, -0.553657][0.60010, -0.73709, 0.31077][0.55022, 0.03565, 0][0.332083, 0.215617, -0.500133][0.60012, -0.73707, 0.31078][0.55019, 0.00220, 0][0.239862, 0.195856, -0.572162][0.60012, -0.73707, 0.31078][0.53960, 0.03566, 0][0.342612, 0.196112, -0.518635][0.60014, -0.73705, 0.31080][0.53957, 0.00221, 0][0.109038, 0.134428, 0.793984][-0.67504, -0.73778, -0.00057][0.55147, 0.07055, 0][-0.100237, 0.169944, 0.754989][-0.67504, -0.73778, -0.00057][0.57072, 0.00218, 0][0.110457, 0.169863, 0.755255][-0.67502, -0.73780, -0.00057][0.57079, 0.07053, 0][-0.100237, 0.169944, 0.754989][-0.67504, -0.73778, -0.00057][0.57072, 0.00218, 0][0.109038, 0.134428, 0.793984][-0.67504, -0.73778, -0.00057][0.55147, 0.07055, 0][-0.101657, 0.134509, 0.793715][-0.67505, -0.73777, -0.00058][0.55141, 0.00219, 0][-0.690114, 0.195505, -0.082421][0.27246, -0.73652, -0.61911][0.53960, 0.03566, 0][-0.624214, 0.215118, -0.179147][0.27246, -0.73652, -0.61911][0.55019, 0.00220, 0][-0.670968, 0.215024, -0.073145][0.27238, -0.73663, -0.61902][0.55022, 0.03565, 0][-0.624214, 0.215118, -0.179147][0.27246, -0.73652, -0.61911][0.55019, 0.00220, 0][-0.690114, 0.195505, -0.082421][0.27246, -0.73652, -0.61911][0.53960, 0.03566, 0][-0.64336, 0.195586, -0.188423][0.27255, -0.73641, -0.61921][0.53957, 0.00221, 0][-0.622627, 0.175987, 0.424447][-0.21013, -0.73693, -0.64248][0.53960, 0.03566, 0][-0.638169, 0.195519, 0.30843][-0.21013, -0.73693, -0.64248][0.55019, 0.00220, 0][-0.602176, 0.195492, 0.418551][-0.21014, -0.73703, -0.64236][0.55022, 0.03565, 0][-0.638169, 0.195519, 0.30843][-0.21013, -0.73693, -0.64248][0.55019, 0.00220, 0][-0.622627, 0.175987, 0.424447][-0.21013, -0.73693, -0.64248][0.53960, 0.03566, 0][-0.658622, 0.176001, 0.314324][-0.21013, -0.73683, -0.64259][0.53957, 0.00221, 0][0.645607, 0.196463, -0.219467][0.21750, -0.73755, 0.63931][0.53960, 0.03566, 0][0.662246, 0.216197, -0.103639][0.21750, -0.73755, 0.63931][0.55019, 0.00220, 0][0.625183, 0.215954, -0.213405][0.21750, -0.73755, 0.63931][0.55022, 0.03565, 0][0.662246, 0.216197, -0.103639][0.21750, -0.73755, 0.63931][0.55019, 0.00220, 0][0.645607, 0.196463, -0.219467][0.21750, -0.73755, 0.63931][0.53960, 0.03566, 0][0.682669, 0.196706, -0.109702][0.21750, -0.73754, 0.63932][0.53957, 0.00221, 0][0.682486, 0.176945, 0.290642][-0.26998, -0.73782, 0.61865][0.55019, 0.00220, 0][0.61677, 0.196612, 0.387481][-0.26998, -0.73782, 0.61865][0.53960, 0.03566, 0][0.663294, 0.196422, 0.281377][-0.26991, -0.73791, 0.61857][0.53957, 0.00221, 0][0.61677, 0.196612, 0.387481][-0.26998, -0.73782, 0.61865][0.53960, 0.03566, 0][0.682486, 0.176945, 0.290642][-0.26998, -0.73782, 0.61865][0.55019, 0.00220, 0][0.635967, 0.17712, 0.396745][-0.27006, -0.73772, 0.61874][0.55022, 0.03565, 0][-0.225829, 0.176594, 0.771876][-0.59763, -0.73737, -0.31482][0.53960, 0.03566, 0][-0.317743, 0.196099, 0.699392][-0.59763, -0.73737, -0.31482][0.55019, 0.00220, 0][-0.215244, 0.196086, 0.753395][-0.59755, -0.73748, -0.31474][0.55022, 0.03565, 0][-0.317743, 0.196099, 0.699392][-0.59763, -0.73737, -0.31482][0.55019, 0.00220, 0][-0.225829, 0.176594, 0.771876][-0.59763, -0.73737, -0.31482][0.53960, 0.03566, 0][-0.328327, 0.176594, 0.717875][-0.59771, -0.73727, -0.31491][0.53957, 0.00221, 0][-0.640042, 0.195951, 0.430179][-0.21012, -0.73681, -0.64261][0.53960, 0.03566, 0][-0.655582, 0.215483, 0.314163][-0.21012, -0.73681, -0.64261][0.55019, 0.00220, 0][-0.61959, 0.215469, 0.424285][-0.21012, -0.73682, -0.64261][0.55022, 0.03565, 0][-0.655582, 0.215483, 0.314163][-0.21012, -0.73681, -0.64261][0.55019, 0.00220, 0][-0.640042, 0.195951, 0.430179][-0.21012, -0.73681, -0.64261][0.53960, 0.03566, 0][-0.676035, 0.195964, 0.320057][-0.21012, -0.73681, -0.64262][0.53957, 0.00221, 0][0.323961, 0.177012, 0.733856][-0.64023, -0.73784, 0.21375][0.55019, 0.00220, 0][0.208033, 0.196571, 0.75002][-0.64023, -0.73784, 0.21375][0.53960, 0.03566, 0][0.317951, 0.19649, 0.713408][-0.64011, -0.73795, 0.21376][0.53957, 0.00221, 0][0.208033, 0.196571, 0.75002][-0.64023, -0.73784, 0.21375][0.53960, 0.03566, 0][0.323961, 0.177012, 0.733856][-0.64023, -0.73784, 0.21375][0.55019, 0.00220, 0][0.214043, 0.177079, 0.77047][-0.64036, -0.73774, 0.21375][0.55022, 0.03565, 0][0.264802, 0.329313, -0.509912][0.91610, -0.25479, 0.30959][0.84018, 0.65580, 0][0.00012802, 0.293186, -0.571733][0.96502, -0.25433, 0.06368][0.89030, 0.66263, 0][0.268549, 0.293229, -0.518682][0.86680, -0.25517, 0.42841][0.83947, 0.66263, 0][0.268549, 0.293229, -0.518682][0.86680, -0.25517, 0.42841][0.83947, 0.66263, 0][0.478885, 0.329427, -0.36657][0.80431, -0.25142, 0.53840][0.79965, 0.65580, 0][0.264802, 0.329313, -0.509912][0.91610, -0.25479, 0.30959][0.84018, 0.65580, 0][0.478885, 0.329427, -0.36657][0.80431, -0.25142, 0.53840][0.79965, 0.65580, 0][0.268549, 0.293229, -0.518682][0.86680, -0.25517, 0.42841][0.83947, 0.66263, 0][0.48566, 0.293344, -0.373315][0.80431, -0.25144, 0.53839][0.79836, 0.66263, 0][0.00012802, 0.293186, -0.571733][0.96502, -0.25433, 0.06368][0.89030, 0.66263, 0][0.264802, 0.329313, -0.509912][0.91610, -0.25479, 0.30959][0.84018, 0.65580, 0][0.00012602, 0.329272, -0.562223][0.96504, -0.25433, -0.06332][0.89030, 0.65580, 0][0.269149, 0.341329, -0.52013][0.72758, 0.67076, 0.14390][0.83936, 0.65352, 0][0.00012602, 0.329272, -0.562223][0.73438, 0.67700, 0.04850][0.89030, 0.65580, 0][0.264802, 0.329313, -0.509912][0.72758, 0.67076, 0.14390][0.84018, 0.65580, 0][0.00012602, 0.329272, -0.562223][0.96504, -0.25433, -0.06332][0.89030, 0.65580, 0][-0.268312, 0.293229, -0.518782][0.91621, -0.25480, -0.30925][0.94112, 0.66263, 0][0.00012802, 0.293186, -0.571733][0.96502, -0.25433, 0.06368][0.89030, 0.66263, 0][0.00012602, 0.329272, -0.562223][0.73438, 0.67700, 0.04850][0.89030, 0.65580, 0][0.269149, 0.341329, -0.52013][0.72758, 0.67076, 0.14390][0.83936, 0.65352, 0][0.00012802, 0.341287, -0.573299][0.73441, 0.67699, -0.04824][0.89030, 0.65352, 0][-0.268312, 0.293229, -0.518782][0.91621, -0.25480, -0.30925][0.94112, 0.66263, 0][0.00012602, 0.329272, -0.562223][0.96504, -0.25433, -0.06332][0.89030, 0.65580, 0][-0.264569, 0.329313, -0.51001][0.86696, -0.25517, -0.42809][0.94041, 0.65580, 0][0.00012802, 0.341287, -0.573299][0.73441, 0.67699, -0.04824][0.89030, 0.65352, 0][-0.264569, 0.329313, -0.51001][0.72765, 0.67074, -0.14364][0.94041, 0.65580, 0][0.00012602, 0.329272, -0.562223][0.73438, 0.67700, 0.04850][0.89030, 0.65580, 0][-0.264569, 0.329313, -0.51001][0.72765, 0.67074, -0.14364][0.94041, 0.65580, 0][0.00012802, 0.341287, -0.573299][0.73441, 0.67699, -0.04824][0.89030, 0.65352, 0][-0.268911, 0.341329, -0.520229][0.72765, 0.67074, -0.14364][0.94123, 0.65352, 0][-0.264569, 0.329313, -0.51001][0.86696, -0.25517, -0.42809][0.94041, 0.65580, 0][-0.485478, 0.293344, -0.373495][0.80451, -0.25141, -0.53810][0.98223, 0.66263, 0][-0.268312, 0.293229, -0.518782][0.91621, -0.25480, -0.30925][0.94112, 0.66263, 0][-0.485478, 0.293344, -0.373495][0.80451, -0.25141, -0.53810][0.98223, 0.66263, 0][-0.264569, 0.329313, -0.51001][0.86696, -0.25517, -0.42809][0.94041, 0.65580, 0][-0.478705, 0.329427, -0.366749][0.80451, -0.25142, -0.53810][0.98095, 0.65580, 0][0.699262, 0.196922, 0.297861][-0.26988, -0.73805, 0.61842][0.55019, 0.00220, 0][0.633546, 0.216575, 0.394701][-0.26988, -0.73805, 0.61842][0.53960, 0.03566, 0][0.680071, 0.216386, 0.288596][-0.26982, -0.73812, 0.61836][0.53957, 0.00221, 0][0.633546, 0.216575, 0.394701][-0.26988, -0.73805, 0.61842][0.53960, 0.03566, 0][0.699262, 0.196922, 0.297861][-0.26988, -0.73805, 0.61842][0.55019, 0.00220, 0][0.652744, 0.197097, 0.403965][-0.26994, -0.73798, 0.61848][0.55022, 0.03565, 0][0.123409, 0.413344, -0.537258][1.00000, 0.00082, 0.00000][0.96789, 0.87892, 0][-0.090714, 0.705051, -0.537497][1.00000, 0.00083, -0.00000][0.89328, 0.89380, 0][0.102169, 0.392065, -0.537241][1.00000, 0.00081, 0.00001][0.96761, 0.87260, 0][0.123211, 0.670499, -0.53747][1.00000, 0.00083, -0.00001][0.93138, 0.91879, 0][-0.090714, 0.705051, -0.537497][1.00000, 0.00083, -0.00000][0.89328, 0.89380, 0][0.123409, 0.413344, -0.537258][1.00000, 0.00082, 0.00000][0.96789, 0.87892, 0][0.123211, 0.670499, -0.53747][1.00000, 0.00083, -0.00001][0.93138, 0.91879, 0][0.040984, 0.752623, -0.537538][1.00000, 0.00084, -0.00000][0.90698, 0.91986, 0][-0.090714, 0.705051, -0.537497][1.00000, 0.00083, -0.00000][0.89328, 0.89380, 0][0.040984, 0.752623, -0.537538][1.00000, 0.00084, -0.00000][0.90698, 0.91986, 0][-0.043297, 0.752559, -0.537538][1.00000, 0.00084, 0.00000][0.89391, 0.90790, 0][-0.090714, 0.705051, -0.537497][1.00000, 0.00083, -0.00000][0.89328, 0.89380, 0][-0.043297, 0.752559, -0.537538][1.00000, 0.00084, 0.00000][0.89391, 0.90790, 0][0.040984, 0.752623, -0.537538][1.00000, 0.00084, -0.00000][0.90698, 0.91986, 0][-0.00118898, 0.794742, -0.537572][1.00000, 0.00081, 0.00000][0.89446, 0.92041, 0][-0.042971, 0.331031, -0.53719][1.00000, 0.00082, -0.00000][0.95374, 0.84254, 0][-0.000797981, 0.288909, -0.537157][1.00000, 0.00078, 0.00000][0.96626, 0.84199, 0][0.041309, 0.331095, -0.53719][1.00000, 0.00081, 0.00000][0.96681, 0.85451, 0][0.102169, 0.392065, -0.537241][1.00000, 0.00082, 0.00001][0.96761, 0.87260, 0][-0.042971, 0.331031, -0.53719][1.00000, 0.00082, -0.00000][0.95374, 0.84254, 0][0.041309, 0.331095, -0.53719][1.00000, 0.00081, 0.00000][0.96681, 0.85451, 0][-0.042971, 0.331031, -0.53719][1.00000, 0.00082, -0.00000][0.95374, 0.84254, 0][0.102169, 0.392065, -0.537241][1.00000, 0.00082, 0.00001][0.96761, 0.87260, 0][-0.125198, 0.413155, -0.537258][1.00000, 0.00083, -0.00000][0.92933, 0.84362, 0][0.102169, 0.392065, -0.537241][1.00000, 0.00082, 0.00001][0.96761, 0.87260, 0][-0.125396, 0.670307, -0.53747][1.00000, 0.00081, 0.00001][0.89283, 0.88349, 0][-0.125198, 0.413155, -0.537258][1.00000, 0.00083, -0.00000][0.92933, 0.84362, 0][-0.125396, 0.670307, -0.53747][1.00000, 0.00081, 0.00001][0.89283, 0.88349, 0][0.102169, 0.392065, -0.537241][1.00000, 0.00082, 0.00001][0.96761, 0.87260, 0][-0.090714, 0.705051, -0.537497][1.00000, 0.00080, 0.00003][0.89328, 0.89380, 0][-0.234323, 0.196558, 0.788015][-0.59762, -0.73739, -0.31481][0.53960, 0.03566, 0][-0.326237, 0.216062, 0.715532][-0.59762, -0.73739, -0.31481][0.55019, 0.00220, 0][-0.223738, 0.216062, 0.769535][-0.59773, -0.73726, -0.31492][0.55022, 0.03565, 0][-0.326237, 0.216062, 0.715532][-0.59762, -0.73739, -0.31481][0.55019, 0.00220, 0][-0.234323, 0.196558, 0.788015][-0.59762, -0.73739, -0.31481][0.53960, 0.03566, 0][-0.336822, 0.196571, 0.734015][-0.59752, -0.73752, -0.31470][0.53957, 0.00221, 0][0.329695, 0.196989, 0.751057][-0.64011, -0.73797, 0.21367][0.55019, 0.00220, 0][0.213767, 0.216534, 0.767221][-0.64011, -0.73797, 0.21367][0.53960, 0.03566, 0][0.323685, 0.216467, 0.730609][-0.64014, -0.73795, 0.21367][0.53957, 0.00221, 0][0.213767, 0.216534, 0.767221][-0.64011, -0.73797, 0.21367][0.53960, 0.03566, 0][0.329695, 0.196989, 0.751057][-0.64011, -0.73797, 0.21367][0.55019, 0.00220, 0][0.219777, 0.197057, 0.787671][-0.64008, -0.73799, 0.21367][0.55022, 0.03565, 0][-0.622144, 0.33002, 0.376703][-0.42789, -0.25618, -0.86677][0.78324, 0.85488, 0][-0.485658, 0.294118, 0.597638][-0.53790, -0.25245, -0.80432][0.82506, 0.86170, 0][-0.630944, 0.293945, 0.380473][-0.30905, -0.25580, -0.91600][0.78395, 0.86170, 0][-0.485658, 0.294118, 0.597638][-0.53790, -0.25245, -0.80432][0.82506, 0.86170, 0][-0.622144, 0.33002, 0.376703][-0.42789, -0.25618, -0.86677][0.78324, 0.85488, 0][-0.478883, 0.330191, 0.590836][-0.53790, -0.25249, -0.80431][0.82378, 0.85488, 0][-0.630944, 0.293945, 0.380473][-0.30905, -0.25580, -0.91600][0.78395, 0.86170, 0][-0.674357, 0.329808, 0.112008][-0.06313, -0.25524, -0.96482][0.73313, 0.85488, 0][-0.622144, 0.33002, 0.376703][-0.42789, -0.25618, -0.86677][0.78324, 0.85488, 0][-0.674357, 0.329808, 0.112008][-0.06313, -0.25524, -0.96482][0.73313, 0.85488, 0][-0.630944, 0.293945, 0.380473][-0.30905, -0.25580, -0.91600][0.78395, 0.86170, 0][-0.683901, 0.293732, 0.112035][0.06388, -0.25515, -0.96479][0.73313, 0.86170, 0][-0.685424, 0.341833, 0.111996][-0.04878, 0.67636, -0.73496][0.73313, 0.85260, 0][-0.622144, 0.33002, 0.376703][-0.14418, 0.67004, -0.72819][0.78324, 0.85488, 0][-0.674357, 0.329808, 0.112008][0.04797, 0.67643, -0.73494][0.73313, 0.85488, 0][-0.622144, 0.33002, 0.376703][-0.14418, 0.67004, -0.72819][0.78324, 0.85488, 0][-0.685424, 0.341833, 0.111996][-0.04878, 0.67636, -0.73496][0.73313, 0.85260, 0][-0.632353, 0.342047, 0.381034][-0.14418, 0.67004, -0.72819][0.78407, 0.85260, 0][-0.674357, 0.329808, 0.112008][0.04797, 0.67643, -0.73494][0.73313, 0.85488, 0][-0.632254, 0.341619, -0.157022][0.14338, 0.67027, -0.72814][0.68220, 0.85260, 0][-0.685424, 0.341833, 0.111996][-0.04878, 0.67636, -0.73496][0.73313, 0.85260, 0][-0.632254, 0.341619, -0.157022][0.14338, 0.67027, -0.72814][0.68220, 0.85260, 0][-0.674357, 0.329808, 0.112008][0.04797, 0.67643, -0.73494][0.73313, 0.85488, 0][-0.622046, 0.329598, -0.152667][0.14338, 0.67027, -0.72814][0.68302, 0.85488, 0][-0.683901, 0.293732, 0.112035][0.06388, -0.25515, -0.96479][0.73313, 0.86170, 0][-0.622046, 0.329598, -0.152667][0.30979, -0.25533, -0.91588][0.68302, 0.85488, 0][-0.674357, 0.329808, 0.112008][-0.06313, -0.25524, -0.96482][0.73313, 0.85488, 0][-0.622046, 0.329598, -0.152667][0.30979, -0.25533, -0.91588][0.68302, 0.85488, 0][-0.683901, 0.293732, 0.112035][0.06388, -0.25515, -0.96479][0.73313, 0.86170, 0][-0.630845, 0.293518, -0.156385][0.42862, -0.25552, -0.86660][0.68231, 0.86170, 0][-0.630845, 0.293518, -0.156385][0.42862, -0.25552, -0.86660][0.68231, 0.86170, 0][-0.478705, 0.329427, -0.366749][0.53860, -0.25162, -0.80411][0.64248, 0.85488, 0][-0.622046, 0.329598, -0.152667][0.30979, -0.25533, -0.91588][0.68302, 0.85488, 0][-0.478705, 0.329427, -0.366749][0.53860, -0.25162, -0.80411][0.64248, 0.85488, 0][-0.630845, 0.293518, -0.156385][0.42862, -0.25552, -0.86660][0.68231, 0.86170, 0][-0.485478, 0.293344, -0.373495][0.53860, -0.25163, -0.80411][0.64120, 0.86170, 0][0.622143, 0.329598, -0.152436][0.42829, -0.25561, 0.86673][0.15517, 0.98145, 0][0.48566, 0.293344, -0.373315][0.53829, -0.25168, 0.80430][0.19699, 0.98828, 0][0.630949, 0.293518, -0.156151][0.30945, -0.25538, 0.91598][0.15587, 0.98828, 0][0.48566, 0.293344, -0.373315][0.53829, -0.25168, 0.80430][0.19699, 0.98828, 0][0.622143, 0.329598, -0.152436][0.42829, -0.25561, 0.86673][0.15517, 0.98145, 0][0.478885, 0.329427, -0.36657][0.53829, -0.25164, 0.80431][0.19570, 0.98145, 0][0.630949, 0.293518, -0.156151][0.30945, -0.25538, 0.91598][0.15587, 0.98828, 0][0.674362, 0.329808, 0.112259][0.06526, -0.25508, 0.96472][0.10505, 0.98145, 0][0.622143, 0.329598, -0.152436][0.42829, -0.25561, 0.86673][0.15517, 0.98145, 0][0.674362, 0.329808, 0.112259][0.06526, -0.25508, 0.96472][0.10505, 0.98145, 0][0.630949, 0.293518, -0.156151][0.30945, -0.25538, 0.91598][0.15587, 0.98828, 0][0.683901, 0.293731, 0.112289][-0.05688, -0.27116, 0.96085][0.10505, 0.98828, 0][0.68543, 0.341833, 0.112251][0.04809, 0.67651, 0.73486][0.10505, 0.97918, 0][0.622143, 0.329598, -0.152436][0.14310, 0.67039, 0.72808][0.15517, 0.98145, 0][0.674362, 0.329808, 0.112259][-0.04938, 0.66387, 0.74621][0.10505, 0.98145, 0][0.622143, 0.329598, -0.152436][0.14310, 0.67039, 0.72808][0.15517, 0.98145, 0][0.68543, 0.341833, 0.112251][0.04809, 0.67651, 0.73486][0.10505, 0.97918, 0][0.632359, 0.341619, -0.156787][0.14307, 0.67048, 0.72800][0.15599, 0.97918, 0][0.674362, 0.329808, 0.112259][-0.04938, 0.66387, 0.74621][0.10505, 0.98145, 0][0.632258, 0.342049, 0.383588][-0.14496, 0.65136, 0.74479][0.05368, 0.97918, 0][0.68543, 0.341833, 0.112251][0.04809, 0.67651, 0.73486][0.10505, 0.97918, 0][0.632258, 0.342049, 0.383588][-0.14496, 0.65136, 0.74479][0.05368, 0.97918, 0][0.674362, 0.329808, 0.112259][-0.04938, 0.66387, 0.74621][0.10505, 0.98145, 0][0.622044, 0.330026, 0.384759][-0.14659, 0.63212, 0.76088][0.05346, 0.98145, 0][0.683901, 0.293731, 0.112289][-0.05688, -0.27116, 0.96085][0.10505, 0.98828, 0][0.622044, 0.330026, 0.384759][-0.29481, -0.31999, 0.90038][0.05346, 0.98145, 0][0.674362, 0.329808, 0.112259][0.06526, -0.25508, 0.96472][0.10505, 0.98145, 0][0.622044, 0.330026, 0.384759][-0.29481, -0.31999, 0.90038][0.05346, 0.98145, 0][0.683901, 0.293731, 0.112289][-0.05688, -0.27116, 0.96085][0.10505, 0.98828, 0][0.630846, 0.29396, 0.399256][-0.40854, -0.36292, 0.83749][0.05072, 0.98828, 0][0.630846, 0.29396, 0.399256][-0.40854, -0.36292, 0.83749][0.05072, 0.98828, 0][0.478705, 0.330196, 0.59797][-0.51554, -0.38559, 0.76520][0.01309, 0.98145, 0][0.622044, 0.330026, 0.384759][-0.29481, -0.31999, 0.90038][0.05346, 0.98145, 0][0.478705, 0.330196, 0.59797][-0.51554, -0.38559, 0.76520][0.01309, 0.98145, 0][0.630846, 0.29396, 0.399256][-0.40854, -0.36292, 0.83749][0.05072, 0.98828, 0][0.485477, 0.294131, 0.614304][-0.51812, -0.37867, 0.76692][0.01000, 0.98828, 0][0.264571, 0.330307, 0.736882][-0.84070, -0.37186, 0.39362][0.78324, 0.88898, 0][0.485477, 0.294131, 0.614304][-0.78027, -0.38168, 0.49547][0.82506, 0.89581, 0][0.268314, 0.294239, 0.74929][-0.90729, -0.31034, 0.28375][0.78395, 0.89581, 0][0.485477, 0.294131, 0.614304][-0.78027, -0.38168, 0.49547][0.82506, 0.89581, 0][0.264571, 0.330307, 0.736882][-0.84070, -0.37186, 0.39362][0.78324, 0.88898, 0][0.478705, 0.330196, 0.59797][-0.75559, -0.43429, 0.49039][0.82378, 0.88898, 0][0.268314, 0.294239, 0.74929][-0.90729, -0.31034, 0.28375][0.78395, 0.89581, 0][-0.000124028, 0.330345, 0.786489][-0.95724, -0.28470, 0.05142][0.73313, 0.88898, 0][0.264571, 0.330307, 0.736882][-0.84070, -0.37186, 0.39362][0.78324, 0.88898, 0][-0.000124028, 0.330345, 0.786489][-0.95724, -0.28470, 0.05142][0.73313, 0.88898, 0][0.268314, 0.294239, 0.74929][-0.90729, -0.31034, 0.28375][0.78395, 0.89581, 0][-0.000126028, 0.294277, 0.796057][-0.96415, -0.25576, -0.07075][0.73313, 0.89581, 0][-0.000126028, 0.342379, 0.797548][-0.75525, 0.65361, 0.04887][0.73313, 0.88670, 0][0.264571, 0.330307, 0.736882][-0.75779, 0.63626, 0.14466][0.78324, 0.88898, 0][-0.000124028, 0.330345, 0.786489][-0.73535, 0.67577, -0.05085][0.73313, 0.88898, 0][0.264571, 0.330307, 0.736882][-0.75779, 0.63626, 0.14466][0.78324, 0.88898, 0][-0.000126028, 0.342379, 0.797548][-0.75525, 0.65361, 0.04887][0.73313, 0.88670, 0][0.268913, 0.342337, 0.745252][-0.78463, 0.60093, 0.15242][0.78407, 0.88670, 0][-0.000124028, 0.330345, 0.786489][-0.73535, 0.67577, -0.05085][0.73313, 0.88898, 0][-0.269146, 0.342337, 0.744377][-0.72864, 0.66961, -0.14391][0.68220, 0.88670, 0][-0.000126028, 0.342379, 0.797548][-0.75525, 0.65361, 0.04887][0.73313, 0.88670, 0][-0.269146, 0.342337, 0.744377][-0.72864, 0.66961, -0.14391][0.68220, 0.88670, 0][-0.000124028, 0.330345, 0.786489][-0.73535, 0.67577, -0.05085][0.73313, 0.88898, 0][-0.264801, 0.330305, 0.734178][-0.72864, 0.66961, -0.14391][0.68302, 0.88898, 0][-0.000126028, 0.294277, 0.796057][-0.96415, -0.25576, -0.07075][0.73313, 0.89581, 0][-0.264801, 0.330305, 0.734178][-0.91569, -0.25626, -0.30959][0.68302, 0.88898, 0][-0.000124028, 0.330345, 0.786489][-0.95724, -0.28470, 0.05142][0.73313, 0.88898, 0][-0.264801, 0.330305, 0.734178][-0.91569, -0.25626, -0.30959][0.68302, 0.88898, 0][-0.000126028, 0.294277, 0.796057][-0.96415, -0.25576, -0.07075][0.73313, 0.89581, 0][-0.268547, 0.294234, 0.743006][-0.86640, -0.25655, -0.42841][0.68231, 0.89581, 0][-0.268547, 0.294234, 0.743006][-0.86640, -0.25655, -0.42841][0.68231, 0.89581, 0][-0.478883, 0.330191, 0.590836][-0.80391, -0.25268, -0.53840][0.64248, 0.88898, 0][-0.264801, 0.330305, 0.734178][-0.91569, -0.25626, -0.30959][0.68302, 0.88898, 0][-0.478883, 0.330191, 0.590836][-0.80391, -0.25268, -0.53840][0.64248, 0.88898, 0][-0.268547, 0.294234, 0.743006][-0.86640, -0.25655, -0.42841][0.68231, 0.89581, 0][-0.485658, 0.294118, 0.597638][-0.80391, -0.25271, -0.53840][0.64120, 0.89581, 0][-0.086065, 0.146608, -1.13765][0.67456, 0.58519, 0.45002][0.51904, 0.72992, 0][0.000246043, 0.292681, -1.20679][0.67456, 0.58519, 0.45002][0.55313, 0.72358, 0][-0.06844, 0.292644, -1.25258][0.67456, 0.58519, 0.45002][0.55313, 0.73921, 0][0.125248, -0.027602, -1.07674][0.80951, 0.52746, -0.25783][0.54722, 0.82192, 0][0.000199034, -0.129717, -0.952268][0.78056, 0.61818, -0.09256][0.52788, 0.84559, 0][0.163954, -0.176437, -0.970096][0.75340, 0.60613, -0.25495][0.51904, 0.81459, 0][0.000199034, -0.129717, -0.952268][0.78056, 0.61818, -0.09256][0.52788, 0.84559, 0][0.125248, -0.027602, -1.07674][0.80951, 0.52746, -0.25783][0.54722, 0.82192, 0][0.000218038, -0.000384, -1.05389][0.87042, 0.49213, -0.01315][0.55237, 0.84559, 0][0.000218038, -0.000384, -1.05389][0.87042, 0.49213, -0.01315][0.55237, 0.84559, 0][-0.16355, -0.176437, -0.970155][0.75453, 0.60198, 0.26135][0.51904, 0.87660, 0][0.000199034, -0.129717, -0.952268][0.78056, 0.61818, -0.09256][0.52788, 0.84559, 0][0.086532, 0.146608, -1.13762][0.84960, 0.43735, -0.29481][0.58021, 0.82925, 0][0.000218038, -0.000384, -1.05389][0.87042, 0.49213, -0.01315][0.55237, 0.84559, 0][0.125248, -0.027602, -1.07674][0.80951, 0.52746, -0.25783][0.54722, 0.82192, 0][-0.16355, -0.176437, -0.970155][0.75453, 0.60198, 0.26135][0.51904, 0.87660, 0][0.000218038, -0.000384, -1.05389][0.87042, 0.49213, -0.01315][0.55237, 0.84559, 0][-0.124803, -0.027602, -1.07679][0.85296, 0.44047, 0.28009][0.54722, 0.86926, 0][0.000218038, -0.000384, -1.05389][0.87042, 0.49213, -0.01315][0.55237, 0.84559, 0][0.086532, 0.146608, -1.13762][0.84960, 0.43735, -0.29481][0.58021, 0.82925, 0][0.00022804, 0.156473, -1.10974][0.87552, 0.48141, -0.04142][0.58207, 0.84559, 0][0.00022804, 0.156473, -1.10974][0.87552, 0.48141, -0.04142][0.58207, 0.84559, 0][-0.124803, -0.027602, -1.07679][0.85296, 0.44047, 0.28009][0.54722, 0.86926, 0][0.000218038, -0.000384, -1.05389][0.87042, 0.49213, -0.01315][0.55237, 0.84559, 0][0.06895, 0.292644, -1.25256][0.72649, 0.56345, -0.39337][0.60786, 0.83259, 0][0.00022804, 0.156473, -1.10974][0.87552, 0.48141, -0.04142][0.58207, 0.84559, 0][0.086532, 0.146608, -1.13762][0.84960, 0.43735, -0.29481][0.58021, 0.82925, 0][-0.124803, -0.027602, -1.07679][0.85296, 0.44047, 0.28009][0.54722, 0.86926, 0][0.00022804, 0.156473, -1.10974][0.87552, 0.48141, -0.04142][0.58207, 0.84559, 0][-0.086065, 0.146608, -1.13765][0.82509, 0.46560, 0.32009][0.58021, 0.86193, 0][0.00022804, 0.156473, -1.10974][0.87552, 0.48141, -0.04142][0.58207, 0.84559, 0][0.06895, 0.292644, -1.25256][0.72649, 0.56345, -0.39337][0.60786, 0.83259, 0][0.000246043, 0.292681, -1.20679][0.71577, 0.50993, -0.47712][0.60786, 0.84559, 0][0.000246043, 0.292681, -1.20679][0.77343, 0.55112, 0.31316][0.60786, 0.84559, 0][-0.086065, 0.146608, -1.13765][0.82509, 0.46560, 0.32009][0.58021, 0.86193, 0][0.00022804, 0.156473, -1.10974][0.87552, 0.48141, -0.04142][0.58207, 0.84559, 0][0.082258, -0.46138, 1.06675][-0.52116, 0.83008, -0.19838][0.26437, 0.91324, 0][-0.000207044, -0.338706, 1.23075][-0.53272, 0.84401, -0.06210][0.29544, 0.89764, 0][0.082227, -0.356821, 1.23596][-0.51334, 0.83081, -0.21502][0.29643, 0.91324, 0][-0.000207044, -0.338706, 1.23075][-0.53272, 0.84401, -0.06210][0.29544, 0.89764, 0][0.082258, -0.46138, 1.06675][-0.52116, 0.83008, -0.19838][0.26437, 0.91324, 0][-0.000178038, -0.438468, 1.07435][-0.53231, 0.84335, 0.07349][0.26582, 0.89764, 0][-0.000178038, -0.438468, 1.07435][-0.53231, 0.84335, 0.07349][0.26582, 0.89764, 0][-0.082642, -0.356821, 1.23593][-0.52107, 0.82992, 0.19930][0.29643, 0.88203, 0][-0.000207044, -0.338706, 1.23075][-0.53272, 0.84401, -0.06210][0.29544, 0.89764, 0][-0.082642, -0.356821, 1.23593][-0.52107, 0.82992, 0.19930][0.29643, 0.88203, 0][-0.000178038, -0.438468, 1.07435][-0.53231, 0.84335, 0.07349][0.26582, 0.89764, 0][-0.082611, -0.46138, 1.06672][-0.51666, 0.83606, 0.18456][0.26437, 0.88203, 0][0.0821889, 0.001602, 1.43887][-0.92782, -0.25656, -0.27077][0.96337, 0.11859, 0][-0.000235049, 0.065116, 1.38003][-0.87448, -0.47818, -0.08135][0.97540, 0.10298, 0][0.0821959, 0.075066, 1.40138][-0.85647, -0.43710, -0.27459][0.97728, 0.11859, 0][-0.000235049, 0.065116, 1.38003][-0.87448, -0.47818, -0.08135][0.97540, 0.10298, 0][0.0821889, 0.001602, 1.43887][-0.92782, -0.25656, -0.27077][0.96337, 0.11859, 0][-0.00024105, 0.001583, 1.41595][-0.98783, -0.15551, 0.00319][0.96337, 0.10298, 0][-0.00024105, 0.001583, 1.41595][-0.98783, -0.15551, 0.00319][0.96337, 0.10298, 0][-0.0826731, 0.075065, 1.40135][-0.85128, -0.45746, 0.25702][0.97728, 0.08738, 0][-0.000235049, 0.065116, 1.38003][-0.87448, -0.47818, -0.08135][0.97540, 0.10298, 0][0.0821929, -0.107671, 1.41779][-0.92419, 0.27370, -0.26640][0.94269, 0.11859, 0][-0.00024105, 0.001583, 1.41595][-0.98783, -0.15551, 0.00319][0.96337, 0.10298, 0][0.0821889, 0.001602, 1.43887][-0.92782, -0.25656, -0.27077][0.96337, 0.11859, 0][-0.0826731, 0.075065, 1.40135][-0.85128, -0.45746, 0.25702][0.97728, 0.08738, 0][-0.00024105, 0.001583, 1.41595][-0.98783, -0.15551, 0.00319][0.96337, 0.10298, 0][-0.0826801, 0.001602, 1.43884][-0.96342, -0.02711, 0.26661][0.96337, 0.08738, 0][-0.00024105, 0.001583, 1.41595][-0.98783, -0.15551, 0.00319][0.96337, 0.10298, 0][0.0821929, -0.107671, 1.41779][-0.92419, 0.27370, -0.26640][0.94269, 0.11859, 0][-0.00023805, -0.098069, 1.39695][-0.94593, 0.32433, 0.00509][0.94451, 0.10298, 0][-0.00023805, -0.098069, 1.39695][-0.94593, 0.32433, 0.00509][0.94451, 0.10298, 0][-0.0826801, 0.001602, 1.43884][-0.96342, -0.02711, 0.26661][0.96337, 0.08738, 0][-0.00024105, 0.001583, 1.41595][-0.98783, -0.15551, 0.00319][0.96337, 0.10298, 0][0.082205, -0.233032, 1.35156][-0.81659, 0.51986, -0.25084][0.91897, 0.11859, 0][-0.00023805, -0.098069, 1.39695][-0.94593, 0.32433, 0.00509][0.94451, 0.10298, 0][0.0821929, -0.107671, 1.41779][-0.92419, 0.27370, -0.26640][0.94269, 0.11859, 0][-0.0826801, 0.001602, 1.43884][-0.96342, -0.02711, 0.26661][0.96337, 0.08738, 0][-0.00023805, -0.098069, 1.39695][-0.94593, 0.32433, 0.00509][0.94451, 0.10298, 0][-0.0826761, -0.107671, 1.41776][-0.89734, 0.35908, 0.25658][0.94269, 0.08738, 0][-0.00023805, -0.098069, 1.39695][-0.94593, 0.32433, 0.00509][0.94451, 0.10298, 0][0.082205, -0.233032, 1.35156][-0.81659, 0.51986, -0.25084][0.91897, 0.11859, 0][-0.000227048, -0.21837, 1.33675][-0.82420, 0.56613, 0.01370][0.92175, 0.10298, 0][-0.000227048, -0.21837, 1.33675][-0.82420, 0.56613, 0.01370][0.92175, 0.10298, 0][-0.0826761, -0.107671, 1.41776][-0.89734, 0.35908, 0.25658][0.94269, 0.08738, 0][-0.00023805, -0.098069, 1.39695][-0.94593, 0.32433, 0.00509][0.94451, 0.10298, 0][0.082227, -0.356821, 1.23596][-0.72306, 0.65574, -0.21722][0.89556, 0.11859, 0][-0.000227048, -0.21837, 1.33675][-0.82420, 0.56613, 0.01370][0.92175, 0.10298, 0][0.082205, -0.233032, 1.35156][-0.81659, 0.51986, -0.25084][0.91897, 0.11859, 0][-0.0826761, -0.107671, 1.41776][-0.89734, 0.35908, 0.25658][0.94269, 0.08738, 0][-0.000227048, -0.21837, 1.33675][-0.82420, 0.56613, 0.01370][0.92175, 0.10298, 0][-0.082664, -0.233032, 1.35153][-0.77350, 0.59236, 0.22542][0.91897, 0.08738, 0][-0.000227048, -0.21837, 1.33675][-0.82420, 0.56613, 0.01370][0.92175, 0.10298, 0][0.082227, -0.356821, 1.23596][-0.72306, 0.65574, -0.21722][0.89556, 0.11859, 0][-0.000207044, -0.338706, 1.23075][-0.74130, 0.66588, 0.08409][0.89899, 0.10298, 0][-0.000207044, -0.338706, 1.23075][-0.74130, 0.66588, 0.08409][0.89899, 0.10298, 0][-0.082664, -0.233032, 1.35153][-0.77350, 0.59236, 0.22542][0.91897, 0.08738, 0][-0.000227048, -0.21837, 1.33675][-0.82420, 0.56613, 0.01370][0.92175, 0.10298, 0][-0.082664, -0.233032, 1.35153][-0.77350, 0.59236, 0.22542][0.91897, 0.08738, 0][-0.000207044, -0.338706, 1.23075][-0.74130, 0.66588, 0.08409][0.89899, 0.10298, 0][-0.082642, -0.356821, 1.23593][-0.71725, 0.66977, 0.19225][0.89556, 0.08738, 0]