version 1.00
858
[0.077534,-0.472962,2.74576][0.00787402,0,1][0.660671,0.826192,0][0.077534,-0.40975,2.74576][0.00787402,0,1][0.660671,0.820636,0][-0.04638,-0.40975,2.74646][0.00787402,0,1][0.671562,0.820636,0][-0.04638,-0.40975,2.74646][0.00787402,0,1][0.671562,0.820636,0][-0.04638,-0.472962,2.74646][0.00787402,0,1][0.671562,0.826192,0][0.077534,-0.472962,2.74576][0.00787402,0,1][0.660671,0.826192,0][1.12238,-0.472962,2.50708][0.385827,0,0.92126][0.794982,0.834014,0][1.12238,-0.40975,2.50708][0.385827,0,0.92126][0.794982,0.828458,0][1.00817,-0.40975,2.55516][0.385827,0,0.92126][0.805035,0.828458,0][1.00817,-0.40975,2.55516][0.385827,0,0.92126][0.805035,0.828458,0][1.00817,-0.472962,2.55516][0.385827,0,0.92126][0.805035,0.834014,0][1.12238,-0.472962,2.50708][0.385827,0,0.92126][0.794982,0.834014,0][-0.979114,-0.472962,2.56642][-0.377953,0,0.929134][0.794977,0.814851,0][-0.979114,-0.40975,2.56642][-0.377953,0,0.929134][0.794977,0.809295,0][-1.09386,-0.40975,2.51966][-0.377953,0,0.929134][0.805049,0.809295,0][-1.09386,-0.40975,2.51966][-0.377953,0,0.929134][0.805049,0.809295,0][-1.09386,-0.472962,2.51966][-0.377953,0,0.929134][0.805049,0.814851,0][-0.979114,-0.472962,2.56642][-0.377953,0,0.929134][0.794977,0.814851,0][-1.8867,-0.472962,1.99638][-0.700787,0,0.708661][0.765937,0.538623,0][-1.8867,-0.40975,1.99638][-0.700787,0,0.708661][0.765937,0.533067,0][-1.97482,-0.40975,1.90926][-0.700787,0,0.708661][0.776829,0.533067,0][-1.97482,-0.40975,1.90926][-0.700787,0,0.708661][0.776829,0.533067,0][-1.97482,-0.472962,1.90926][-0.700787,0,0.708661][0.776829,0.538623,0][-1.8867,-0.472962,1.99638][-0.700787,0,0.708661][0.765937,0.538623,0][1.99635,-0.472962,1.88673][0.708661,0,0.700787][0.267035,0.703359,0][1.99635,-0.40975,1.88673][0.708661,0,0.700787][0.267035,0.697803,0][1.90923,-0.40975,1.97485][0.708661,0,0.700787][0.277927,0.697803,0][1.90923,-0.40975,1.97485][0.708661,0,0.700787][0.277927,0.697803,0][1.90923,-0.472962,1.97485][0.708661,0,0.700787][0.277927,0.703359,0][1.99635,-0.472962,1.88673][0.708661,0,0.700787][0.267035,0.703359,0][-2.50706,-0.472962,1.12241][-0.92126,0,0.385827][0.862314,0.777107,0][-2.50706,-0.40975,1.12241][-0.92126,0,0.385827][0.862314,0.771551,0][-2.55512,-0.40975,1.0082][-0.92126,0,0.385827][0.872367,0.771551,0][-2.55512,-0.40975,1.0082][-0.92126,0,0.385827][0.872367,0.771551,0][-2.55512,-0.472962,1.0082][-0.92126,0,0.385827][0.872367,0.777107,0][-2.50706,-0.472962,1.12241][-0.92126,0,0.385827][0.862314,0.777107,0][2.5664,-0.472962,0.979146][0.929134,0,0.377953][0.891182,0.63262,0][2.5664,-0.40975,0.979146][0.929134,0,0.377953][0.891182,0.627064,0][2.51962,-0.40975,1.09389][0.929134,0,0.377953][0.901254,0.627064,0][2.51962,-0.40975,1.09389][0.929134,0,0.377953][0.901254,0.627064,0][2.51962,-0.472962,1.09389][0.929134,0,0.377953][0.901254,0.63262,0][2.5664,-0.472962,0.979146][0.929134,0,0.377953][0.891182,0.63262,0][-2.74574,-0.472962,0.0775654][-1,0,0.00787402][0.308341,0.654167,0][-2.74574,-0.40975,0.0775654][-1,0,0.00787402][0.308341,0.648611,0][-2.74644,-0.40975,-0.0463486][-1,0,0.00787402][0.319232,0.648611,0][-2.74644,-0.40975,-0.0463486][-1,0,0.00787402][0.319232,0.648611,0][-2.74644,-0.472962,-0.0463486][-1,0,0.00787402][0.319232,0.654167,0][-2.74574,-0.472962,0.0775654][-1,0,0.00787402][0.308341,0.654167,0][2.74574,-0.472962,-0.0775026][1,0,-0.00787402][0.581422,0.898702,0][2.74574,-0.40975,-0.0775026][1,0,-0.00787402][0.581422,0.893146,0][2.74644,-0.40975,0.0464114][1,0,-0.00787402][0.592314,0.893146,0][2.74644,-0.40975,0.0464114][1,0,-0.00787402][0.592314,0.893146,0][2.74644,-0.472962,0.0464114][1,0,-0.00787402][0.592314,0.898702,0][2.74574,-0.472962,-0.0775026][1,0,-0.00787402][0.581422,0.898702,0][0.582102,-0.78477,1.8805][0,-1,0][0.579427,0.193702,0][0.582102,-0.58792,1.8805][0,1,0][0.596729,0.193702,0][0.204056,-0.58792,1.95793][0.19685,0,0.976378][0.596729,0.226953,0][0.204056,-0.58792,1.95793][0.19685,0,0.976378][0.596729,0.226953,0][0.204056,-0.78477,1.95793][0.204724,0,0.976378][0.579427,0.226953,0][0.582102,-0.78477,1.8805][0,-1,0][0.579427,0.193702,0][-0.181832,-0.78477,1.96012][0,-1,0][0.18703,0.244514,0][-0.181832,-0.58792,1.96012][0,1,0][0.18703,0.261816,0][-0.560732,-0.58792,1.88698][-0.188976,0,0.984252][0.15375,0.261816,0][-0.560732,-0.58792,1.88698][-0.188976,0,0.984252][0.15375,0.261816,0][-0.560732,-0.78477,1.88698][-0.188976,0,0.984252][0.15375,0.244514,0][-0.181832,-0.78477,1.96012][0,-1,0][0.18703,0.244514,0][-0.560732,-0.58792,1.88698][-0.188976,0,0.984252][0.15375,0.261816,0][-0.181832,-0.58792,1.96012][0,1,0][0.18703,0.261816,0][-0.3106,0.120558,1.8601][0,1,0][0.175743,0.324086,0][-0.3106,0.120558,1.8601][0,1,0][0.175743,0.324086,0][-0.403988,0.120558,1.84206][0,1,0][0.16754,0.324086,0][-0.560732,-0.58792,1.88698][-0.188976,0,0.984252][0.15375,0.261816,0][0.204056,-0.58792,1.95793][0.19685,0,0.976378][0.596729,0.226953,0][0.582102,-0.58792,1.8805][0,1,0][0.596729,0.193702,0][0.424858,0.120558,1.83737][0,1,0][0.658999,0.20751,0][0.424858,0.120558,1.83737][0,1,0][0.658999,0.20751,0][0.331682,0.120558,1.85645][0,1,0][0.658999,0.215705,0][0.204056,-0.58792,1.95793][0.19685,0,0.976378][0.596729,0.226953,0][1.25741,-0.78477,1.5146][0,-1,0][0.005,0.764375,0][1.25741,-0.58792,1.5146][0,1,0][0.022302,0.764375,0][0.93778,-0.58792,1.73081][0,1,0][0.022302,0.798292,0][0.93778,-0.58792,1.73081][0,1,0][0.022302,0.798292,0][0.93778,-0.78477,1.73081][0,-1,0][0.005,0.798292,0][1.25741,-0.78477,1.5146][0,-1,0][0.005,0.764375,0][-0.918084,-0.78477,1.74134][0,-1,0][0.907597,0.005,0][-0.918084,-0.58792,1.74134][0,1,0][0.924899,0.005,0][-1.24015,-0.58792,1.52876][-0.551181,0,0.834646][0.924899,0.038917,0][-1.24015,-0.58792,1.52876][-0.551181,0,0.834646][0.924899,0.038917,0][-1.24015,-0.78477,1.52876][-0.551181,0,0.834646][0.907597,0.038917,0][-0.918084,-0.78477,1.74134][0,-1,0][0.907597,0.005,0][-0.998772,0.120558,1.59964][0,1,0][0.987169,0.017779,0][-1.07816,0.120558,1.54725][0,1,0][0.987169,0.026138,0][-1.24015,-0.58792,1.52876][-0.551181,0,0.834646][0.924899,0.038917,0][-1.24015,-0.58792,1.52876][-0.551181,0,0.834646][0.924899,0.038917,0][-0.918084,-0.58792,1.74134][0,1,0][0.924899,0.005,0][-0.998772,0.120558,1.59964][0,1,0][0.987169,0.017779,0][0.93778,-0.58792,1.73081][0,1,0][0.022302,0.798292,0][1.25741,-0.58792,1.5146][0,1,0][0.022302,0.764375,0][1.09563,0.120558,1.53492][0,1,0][0.084572,0.777154,0][1.09563,0.120558,1.53492][0,1,0][0.084572,0.777154,0][1.01685,0.120558,1.58821][0,1,0][0.084572,0.785513,0][0.93778,-0.58792,1.73081][0,1,0][0.022302,0.798292,0][-2.5664,-0.472962,-0.979084][-0.929134,0,-0.377953][0.77565,0.797923,0][-2.5664,-0.409752,-0.979084][-0.929134,0,-0.377953][0.77565,0.792367,0][-2.51962,-0.409752,-1.09383][-0.929134,0,-0.377953][0.785722,0.792367,0][-2.51962,-0.409752,-1.09383][-0.929134,0,-0.377953][0.785722,0.792367,0][-2.51962,-0.472962,-1.09383][-0.929134,0,-0.377953][0.785722,0.797923,0][-2.5664,-0.472962,-0.979084][-0.929134,0,-0.377953][0.77565,0.797923,0][2.50706,-0.472962,-1.12235][0.92126,0,-0.385827][0.855713,0.653438,0][2.50706,-0.409752,-1.12235][0.92126,0,-0.385827][0.855713,0.647883,0][2.55512,-0.409752,-1.00813][0.92126,0,-0.385827][0.865766,0.647883,0][2.55512,-0.409752,-1.00813][0.92126,0,-0.385827][0.865766,0.647883,0][2.55512,-0.472962,-1.00813][0.92126,0,-0.385827][0.865766,0.653438,0][2.50706,-0.472962,-1.12235][0.92126,0,-0.385827][0.855713,0.653438,0][-1.51457,-0.78477,1.25745][0,-1,0][0.484839,0.144768,0][-1.51457,-0.58792,1.25745][0,1,0][0.50214,0.144768,0][-1.73078,-0.58792,0.93781][-0.826772,0,0.559055][0.50214,0.178686,0][-1.73078,-0.58792,0.93781][-0.826772,0,0.559055][0.50214,0.178686,0][-1.73078,-0.78477,0.93781][-0.826772,0,0.559055][0.484839,0.178686,0][-1.51457,-0.78477,1.25745][0,-1,0][0.484839,0.144768,0][-1.53488,0.120558,1.09567][0,1,0][0.56441,0.157547,0][-1.58818,0.120558,1.01688][0,1,0][0.56441,0.165907,0][-1.73078,-0.58792,0.93781][-0.826772,0,0.559055][0.50214,0.178686,0][-1.73078,-0.58792,0.93781][-0.826772,0,0.559055][0.50214,0.178686,0][-1.51457,-0.58792,1.25745][0,1,0][0.50214,0.144768,0][-1.53488,0.120558,1.09567][0,1,0][0.56441,0.157547,0][1.74131,-0.78477,0.918116][0,-1,0][0.579427,0.144768,0][1.74131,-0.58792,0.918116][0,1,0][0.596729,0.144768,0][1.52873,-0.58792,1.24018][0.834646,0,0.551181][0.596729,0.178686,0][1.52873,-0.58792,1.24018][0.834646,0,0.551181][0.596729,0.178686,0][1.52873,-0.78477,1.24018][0.834646,0,0.551181][0.579427,0.178686,0][1.74131,-0.78477,0.918116][0,-1,0][0.579427,0.144768,0][1.59961,0.120558,0.998804][0,1,0][0.658999,0.157547,0][1.54722,0.120558,1.07819][0,1,0][0.658999,0.165907,0][1.52873,-0.58792,1.24018][0.834646,0,0.551181][0.596729,0.178686,0][1.52873,-0.58792,1.24018][0.834646,0,0.551181][0.596729,0.178686,0][1.74131,-0.58792,0.918116][0,1,0][0.596729,0.144768,0][1.59961,0.120558,0.998804][0,1,0][0.658999,0.157547,0][-1.99635,-0.472962,-1.88667][-0.708661,0,-0.700787][0.983668,0.423688,0][-1.99635,-0.40975,-1.88667][-0.708661,0,-0.700787][0.983668,0.418133,0][-1.90923,-0.40975,-1.97479][-0.708661,0,-0.700787][0.99456,0.418133,0][-1.90923,-0.40975,-1.97479][-0.708661,0,-0.700787][0.99456,0.418133,0][-1.90923,-0.472962,-1.97479][-0.708661,0,-0.700787][0.99456,0.423688,0][-1.99635,-0.472962,-1.88667][-0.708661,0,-0.700787][0.983668,0.423688,0][1.8867,-0.472962,-1.99632][0.700787,0,-0.708661][0.746874,0.132686,0][1.8867,-0.40975,-1.99632][0.700787,0,-0.708661][0.746874,0.12713,0][1.97482,-0.40975,-1.90919][0.700787,0,-0.708661][0.757765,0.12713,0][1.97482,-0.40975,-1.90919][0.700787,0,-0.708661][0.757765,0.12713,0][1.97482,-0.472962,-1.90919][0.700787,0,-0.708661][0.757765,0.132686,0][1.8867,-0.472962,-1.99632][0.700787,0,-0.708661][0.746874,0.132686,0][-1.88047,-0.78477,0.582134][0,-1,0][0.484839,0.242636,0][-1.88047,-0.58792,0.582134][0,1,0][0.50214,0.242636,0][-1.9579,-0.58792,0.204088][-0.976378,0,0.19685][0.50214,0.275887,0][-1.9579,-0.58792,0.204088][-0.976378,0,0.19685][0.50214,0.275887,0][-1.9579,-0.78477,0.204088][-0.976378,0,0.204724][0.484839,0.275887,0][-1.88047,-0.78477,0.582134][0,-1,0][0.484839,0.242636,0][1.96009,-0.78477,0.181863][0,-1,0][0.099588,0.715441,0][1.96009,-0.58792,0.181863][0,1,0][0.11689,0.715441,0][1.88695,-0.58792,0.560764][0.984252,0,0.188976][0.11689,0.748721,0][1.88695,-0.58792,0.560764][0.984252,0,0.188976][0.11689,0.748721,0][1.88695,-0.78477,0.560764][0.984252,0,0.188976][0.099588,0.748721,0][1.96009,-0.78477,0.181863][0,-1,0][0.099588,0.715441,0][-1.9579,-0.58792,0.204088][-0.976378,0,0.19685][0.50214,0.275887,0][-1.88047,-0.58792,0.582134][0,1,0][0.50214,0.242636,0][-1.83734,0.120558,0.42489][0,1,0][0.56441,0.256444,0][-1.83734,0.120558,0.42489][0,1,0][0.56441,0.256444,0][-1.85641,0.120558,0.331714][0,1,0][0.56441,0.264639,0][-1.9579,-0.58792,0.204088][-0.976378,0,0.19685][0.50214,0.275887,0][1.88695,-0.58792,0.560764][0.984252,0,0.188976][0.11689,0.748721,0][1.96009,-0.58792,0.181863][0,1,0][0.11689,0.715441,0][1.86007,0.120558,0.310632][0,1,0][0.17916,0.726728,0][1.86007,0.120558,0.310632][0,1,0][0.17916,0.726728,0][1.84203,0.120558,0.40402][0,1,0][0.17916,0.73493,0][1.88695,-0.58792,0.560764][0.984252,0,0.188976][0.11689,0.748721,0][-1.12238,-0.472962,-2.50702][-0.385827,0,-0.92126][0.63823,0.757197,0][-1.12238,-0.40975,-2.50702][-0.385827,0,-0.92126][0.63823,0.751641,0][-1.00817,-0.40975,-2.5551][-0.385827,0,-0.92126][0.649121,0.751641,0][-1.00817,-0.40975,-2.5551][-0.385827,0,-0.92126][0.649121,0.751641,0][-1.00817,-0.472962,-2.5551][-0.385827,0,-0.92126][0.649121,0.757197,0][-1.12238,-0.472962,-2.50702][-0.385827,0,-0.92126][0.63823,0.757197,0][0.979116,-0.472962,-2.56636][0.377953,0,-0.929134][0.686919,0.801542,0][0.979116,-0.40975,-2.56636][0.377953,0,-0.929134][0.686919,0.795986,0][1.09386,-0.40975,-2.5196][0.377953,0,-0.929134][0.69781,0.795986,0][1.09386,-0.40975,-2.5196][0.377953,0,-0.929134][0.69781,0.795986,0][1.09386,-0.472962,-2.5196][0.377953,0,-0.929134][0.69781,0.801542,0][0.979116,-0.472962,-2.56636][0.377953,0,-0.929134][0.686919,0.801542,0][-0.077534,-0.472962,-2.7457][-0.00787402,0,-1][0.788179,0.083494,0][-0.077534,-0.40975,-2.7457][-0.00787402,0,-1][0.788179,0.077939,0][0.04638,-0.40975,-2.7464][-0.00787402,0,-1][0.799071,0.077939,0][0.04638,-0.40975,-2.7464][-0.00787402,0,-1][0.799071,0.077939,0][0.04638,-0.472962,-2.7464][-0.00787402,0,-1][0.799071,0.083494,0][-0.077534,-0.472962,-2.7457][-0.00787402,0,-1][0.788179,0.083494,0][-1.96009,-0.78477,-0.181801][0,-1,0][0.586299,0.095834,0][-1.96009,-0.58792,-0.181801][0,1,0][0.603601,0.095834,0][-1.88695,-0.58792,-0.5607][-0.984252,0,-0.188976][0.603601,0.129114,0][-1.88695,-0.58792,-0.5607][-0.984252,0,-0.188976][0.603601,0.129114,0][-1.88695,-0.78477,-0.5607][-0.984252,0,-0.188976][0.586299,0.129114,0][-1.96009,-0.78477,-0.181801][0,-1,0][0.586299,0.095834,0][1.88047,-0.78477,-0.58207][0,-1,0][0.674015,0.144768,0][1.88047,-0.58792,-0.58207][0,1,0][0.691317,0.144768,0][1.9579,-0.58792,-0.204024][0.976378,0,-0.19685][0.691317,0.178019,0][1.9579,-0.58792,-0.204024][0.976378,0,-0.19685][0.691317,0.178019,0][1.9579,-0.78477,-0.204024][0.976378,0,-0.204724][0.674015,0.178019,0][1.88047,-0.78477,-0.58207][0,-1,0][0.674015,0.144768,0][-1.88695,-0.58792,-0.5607][-0.984252,0,-0.188976][0.603601,0.129114,0][-1.96009,-0.58792,-0.181801][0,1,0][0.603601,0.095834,0][-1.86007,0.120558,-0.310568][0,1,0][0.665871,0.107121,0][-1.86007,0.120558,-0.310568][0,1,0][0.665871,0.107121,0][-1.84203,0.120556,-0.403956][0,1,0][0.665871,0.115324,0][-1.88695,-0.58792,-0.5607][-0.984252,0,-0.188976][0.603601,0.129114,0][1.9579,-0.58792,-0.204024][0.976378,0,-0.19685][0.691317,0.178019,0][1.88047,-0.58792,-0.58207][0,1,0][0.691317,0.144768,0][1.83734,0.120556,-0.424826][0,1,0][0.753587,0.158576,0][1.83734,0.120556,-0.424826][0,1,0][0.753587,0.158576,0][1.85641,0.120558,-0.331648][0,1,0][0.753587,0.166771,0][1.9579,-0.58792,-0.204024][0.976378,0,-0.19685][0.691317,0.178019,0][0.112322,0.66835,-2.12044][0.015748,0.598425,-0.80315][0.446187,0.963818,0][-0.007612,0.60089,-2.18102][0,0.622047,-0.779528][0.43567,0.971819,0][-0.12458,0.66831,-2.11942][-0.165354,0.433071,-0.88189][0.425365,0.963823,0][-0.007018,0.78477,-2.0103][-0.370079,0.811024,-0.448819][0.768418,0.385814,0][0.112322,0.66835,-2.12044][0.015748,0.598425,-0.80315][0.77895,0.399868,0][-0.12458,0.66831,-2.11942][-0.165354,0.433071,-0.88189][0.758128,0.399873,0][-0.007612,0.60089,-2.18102][0,0.622047,-0.779528][0.622469,0.848037,0][-0.082866,0.57206,-2.18068][-0.00787402,0,-1][0.618368,0.853812,0][-0.12458,0.66831,-2.11942][-0.165354,0.433071,-0.88189][0.609426,0.847978,0][0.112322,0.66835,-2.12044][0.015748,0.598425,-0.80315][0.50115,0.00739199,0][0.06675,0.5719,-2.18128][0.00787402,-0.00787402,-1][0.491752,0.012702,0][-0.007612,0.60089,-2.18102][0,0.622047,-0.779528][0.487948,0.00680703,0][0.138398,0.54177,-2.18154][0.015748,0.023622,-1][0.530984,0.949861,0][0.06675,0.5719,-2.18128][0.00787402,-0.00787402,-1][0.53104,0.956693,0][0.112322,0.66835,-2.12044][0.015748,0.598425,-0.80315][0.52025,0.956392,0][-0.12458,0.66831,-2.11942][-0.165354,0.433071,-0.88189][0.244107,0.747048,0][-0.082866,0.57206,-2.18068][-0.00787402,0,-1][0.234958,0.752551,0][-0.153624,0.54177,-2.18052][-0.0393701,0.0314961,-1][0.231499,0.746737,0][-0.007018,0.78477,-2.0103][-0.370079,0.811024,-0.448819][0.074821,0.588034,0][0.155926,0.75855,-2.01096][0.11811,0.992126,-0.0314961][0.060464,0.590105,0][0.112322,0.66835,-2.12044][0.015748,0.598425,-0.80315][0.061097,0.577076,0][-0.164452,0.75863,-2.00974][-0.582677,0.818898,-0.015748][0.192987,0.487182,0][-0.007018,0.78477,-2.0103][-0.370079,0.811024,-0.448819][0.192682,0.501205,0][-0.12458,0.66831,-2.11942][-0.165354,0.433071,-0.88189][0.180158,0.489093,0][0.155926,0.75855,-2.01096][0.11811,0.992126,-0.0314961][0.913761,0.335211,0][0.279868,0.67373,-2.01088][0.393701,0.598425,-0.692913][0.900566,0.334823,0][0.112322,0.66835,-2.12044][0.015748,0.598425,-0.80315][0.912832,0.3222,0][-0.29133,0.67422,-2.009][-0.826772,0.307087,-0.464567][0.328753,0.953008,0][-0.164452,0.75863,-2.00974][-0.582677,0.818898,-0.015748][0.337867,0.943193,0][-0.12458,0.66831,-2.11942][-0.165354,0.433071,-0.88189][0.34634,0.953015,0][0.271432,0.51133,-2.1225][0.566929,0.0472441,-0.826772][0.798448,0.395962,0][0.138398,0.54177,-2.18154][0.015748,0.023622,-1][0.790213,0.385814,0][0.279868,0.67373,-2.01088][0.393701,0.598425,-0.692913][0.81288,0.386358,0][-0.12458,0.66831,-2.11942][-0.165354,0.433071,-0.88189][0.570222,0.647883,0][-0.153624,0.54177,-2.18052][-0.0393701,0.0314961,-1][0.560854,0.656325,0][-0.28589,0.51135,-2.12048][-0.417323,0.188976,-0.889764][0.550448,0.64846,0][-0.29133,0.67422,-2.009][-0.826772,0.307087,-0.464567][0.446065,0.854673,0][-0.12458,0.66831,-2.11942][-0.165354,0.433071,-0.88189][0.463651,0.854612,0][-0.28589,0.51135,-2.12048][-0.417323,0.188976,-0.889764][0.452351,0.870849,0][0.138398,0.54177,-2.18154][0.015748,0.023622,-1][0.255323,0.994368,0][0.112322,0.66835,-2.12044][0.015748,0.598425,-0.80315][0.262929,0.984367,0][0.279868,0.67373,-2.01088][0.393701,0.598425,-0.692913][0.27798,0.993491,0][-1.74131,-0.78477,-0.918052][0,-1,0][0.484839,0.193702,0][-1.74131,-0.58792,-0.918052][0,1,0][0.50214,0.193702,0][-1.52873,-0.58792,-1.24012][-0.834646,0,-0.551181][0.50214,0.22762,0][-1.52873,-0.58792,-1.24012][-0.834646,0,-0.551181][0.50214,0.22762,0][-1.52873,-0.78477,-1.24012][-0.834646,0,-0.551181][0.484839,0.22762,0][-1.74131,-0.78477,-0.918052][0,-1,0][0.484839,0.193702,0][-1.59961,0.120556,-0.99874][0,1,0][0.56441,0.206481,0][-1.54722,0.120556,-1.07812][0,1,0][0.56441,0.214841,0][-1.52873,-0.58792,-1.24012][-0.834646,0,-0.551181][0.50214,0.22762,0][-1.52873,-0.58792,-1.24012][-0.834646,0,-0.551181][0.50214,0.22762,0][-1.74131,-0.58792,-0.918052][0,1,0][0.50214,0.193702,0][-1.59961,0.120556,-0.99874][0,1,0][0.56441,0.206481,0][1.51457,-0.78477,-1.25738][0,-1,0][0.33317,0.575673,0][1.51457,-0.58792,-1.25738][0,1,0][0.350472,0.575673,0][1.73078,-0.58792,-0.937746][0.826772,0,-0.559055][0.350472,0.60959,0][1.73078,-0.58792,-0.937746][0.826772,0,-0.559055][0.350472,0.60959,0][1.73078,-0.78477,-0.937746][0.826772,0,-0.559055][0.33317,0.60959,0][1.51457,-0.78477,-1.25738][0,-1,0][0.33317,0.575673,0][1.53488,0.120556,-1.0956][0,1,0][0.412742,0.588452,0][1.58818,0.120556,-1.01682][0,1,0][0.412742,0.596811,0][1.73078,-0.58792,-0.937746][0.826772,0,-0.559055][0.350472,0.60959,0][1.73078,-0.58792,-0.937746][0.826772,0,-0.559055][0.350472,0.60959,0][1.51457,-0.58792,-1.25738][0,1,0][0.350472,0.575673,0][1.53488,0.120556,-1.0956][0,1,0][0.412742,0.588452,0][-0.153624,0.54177,-2.18052][-0.0393701,0.0314961,-1][0.713167,0.777351,0][-0.183864,0.47054,-2.18042][0,0,-1][0.71672,0.771551,0][-0.28589,0.51135,-2.12048][-0.417323,0.188976,-0.889764][0.726209,0.777119,0][0.198876,0.39777,-2.18176][0.0393701,-0.00787402,-1][0.880244,0.609402,0][0.16864,0.47049,-2.18136][0.0708661,-0.0944882,-0.992126][0.880215,0.60248,0][0.271432,0.51133,-2.1225][0.566929,0.0472441,-0.826772][0.891227,0.602562,0][0.271432,0.51133,-2.1225][0.566929,0.0472441,-0.826772][0.786422,0.694305,0][0.16864,0.47049,-2.18136][0.0708661,-0.0944882,-0.992126][0.775411,0.694221,0][0.138398,0.54177,-2.18154][0.015748,0.023622,-1][0.775317,0.687416,0][-0.28589,0.51135,-2.12048][-0.417323,0.188976,-0.889764][0.671886,0.805126,0][-0.183864,0.47054,-2.18042][0,0,-1][0.660896,0.805619,0][-0.214104,0.39777,-2.18032][-0.0472441,-0.00787402,-1][0.660671,0.798697,0][-0.951464,-0.359326,-1.8988][-0.425197,-0.015748,-0.905512][0.713167,0.840931,0][-0.994494,-0.303894,-1.84806][-0.968504,0,-0.259843][0.718039,0.835083,0][-0.951474,-0.248488,-1.8988][-0.425197,0.015748,-0.905512][0.722909,0.84093,0][0.936818,-0.359326,-1.90539][0.425197,-0.015748,-0.905512][0.660671,0.858322,0][0.936828,-0.248488,-1.90539][0.425197,0.015748,-0.905512][0.670413,0.858323,0][0.9802,-0.303894,-1.85495][0.96063,0,-0.267717][0.665543,0.86417,0][0.279868,0.67373,-2.01088][0.393701,0.598425,-0.692913][0.328753,0.964277,0][0.36433,0.54959,-2.01128][0.80315,0.590551,-0.023622][0.34195,0.964284,0][0.271432,0.51133,-2.1225][0.566929,0.0472441,-0.826772][0.340157,0.977335,0][-0.951474,-0.248488,-1.8988][-0.425197,0.015748,-0.905512][0.768384,0.875869,0][-0.942324,-0.167374,-1.86988][-0.748031,0.559055,-0.354331][0.766978,0.868388,0][-0.879176,-0.170104,-1.92904][-0.519685,0.566929,-0.637795][0.774587,0.868357,0][0.936828,-0.248488,-1.90539][0.425197,0.015748,-0.905512][0.619168,0.953993,0][0.86432,-0.170104,-1.93513][0.519685,0.566929,-0.645669][0.609426,0.953986,0][0.927882,-0.167374,-1.87641][0.748031,0.559055,-0.354331][0.6143,0.948142,0][-0.183864,0.47054,-2.18042][0,0,-1][0.269686,0.6498,0][0.16864,0.47049,-2.18136][0.0708661,-0.0944882,-0.992126][0.239066,0.654523,0][0.198876,0.39777,-2.18176][0.0393701,-0.00787402,-1][0.235464,0.648611,0][-0.376194,0.54992,-2.0087][-0.984252,0.181102,-0.015748][0.529053,0.678496,0][-0.29133,0.67422,-2.009][-0.826772,0.307087,-0.464567][0.52025,0.668622,0][-0.28589,0.51135,-2.12048][-0.417323,0.188976,-0.889764][0.537604,0.668602,0][-0.082866,0.57206,-2.18068][-0.00787402,0,-1][0.819228,0.081693,0][0.138398,0.54177,-2.18154][0.015748,0.023622,-1][0.838676,0.084355,0][-0.153624,0.54177,-2.18052][-0.0393701,0.0314961,-1][0.813009,0.084355,0][-0.153624,0.54177,-2.18052][-0.0393701,0.0314961,-1][0.450742,0.924151,0][0.138398,0.54177,-2.18154][0.015748,0.023622,-1][0.425549,0.919244,0][-0.183864,0.47054,-2.18042][0,0,-1][0.454548,0.918515,0][-0.183864,0.47054,-2.18042][0,0,-1][0.080333,0.472443,0][0.198876,0.39777,-2.18176][0.0393701,-0.00787402,-1][0.086728,0.438803,0][-0.214104,0.39777,-2.18032][-0.0472441,-0.00787402,-1][0.086728,0.475101,0][-0.214104,0.39777,-2.18032][-0.0472441,-0.00787402,-1][0.425169,0.475194,0][0.198876,0.39777,-2.18176][0.0393701,-0.00787402,-1][0.388871,0.475194,0][0.178696,0.27256,-2.18168][0,0,-1][0.390645,0.464189,0][-0.214104,0.39777,-2.18032][-0.0472441,-0.00787402,-1][0.3025,0.449099,0][0.178696,0.27256,-2.18168][0,0,-1][0.302582,0.412863,0][-0.190312,0.27216,-2.18038][-0.401575,0,-0.913386][0.312396,0.443776,0][-0.190312,0.27216,-2.18038][-0.401575,0,-0.913386][0.474953,0.321693,0][0.178696,0.27256,-2.18168][0,0,-1][0.471241,0.353914,0][-0.162568,0.058846,-2.18048][-0.0314961,-0.015748,-1][0.456048,0.321949,0][-0.162568,0.058846,-2.18048][-0.0314961,-0.015748,-1][0.186727,0.795671,0][0.178696,0.27256,-2.18168][0,0,-1][0.222113,0.796229,0][0.133926,0.0585018,-2.18152][0.023622,-0.0551181,-1][0.208576,0.809874,0][-0.162568,0.058846,-2.18048][-0.0314961,-0.015748,-1][0.761154,0.225513,0][0.07665,-0.0106661,-2.18112][0,-0.00787402,-1][0.783043,0.224998,0][-0.091792,-0.0107421,-2.18074][0.0314961,-0.0472441,-1][0.768929,0.229469,0][-0.091792,-0.0107421,-2.18074][0.0314961,-0.0472441,-1][0.250127,0.473577,0][0.07665,-0.0106661,-2.18112][0,-0.00787402,-1][0.235322,0.473584,0][-0.007614,-0.091026,-2.18104][0.00787402,-0.401575,-0.913386][0.242729,0.466521,0][-0.082866,0.57206,-2.18068][-0.00787402,0,-1][0.186094,0.142219,0][-0.007612,0.60089,-2.18102][0,0.622047,-0.779528][0.179479,0.144754,0][0.06675,0.5719,-2.18128][0.00787402,-0.00787402,-1][0.172943,0.142205,0][-0.082866,0.57206,-2.18068][-0.00787402,0,-1][0.820162,0.627498,0][0.06675,0.5719,-2.18128][0.00787402,-0.00787402,-1][0.807095,0.62898,0][0.138398,0.54177,-2.18154][0.015748,0.023622,-1][0.800538,0.627064,0][-0.183864,0.47054,-2.18042][0,0,-1][0.201049,0.704063,0][0.138398,0.54177,-2.18154][0.015748,0.023622,-1][0.229374,0.697803,0][0.16864,0.47049,-2.18136][0.0708661,-0.0944882,-0.992126][0.232032,0.704067,0][-0.162568,0.058846,-2.18048][-0.0314961,-0.015748,-1][0.194177,0.746737,0][0.133926,0.0585018,-2.18152][0.023622,-0.0551181,-1][0.220237,0.746767,0][0.07665,-0.0106661,-2.18112][0,-0.00787402,-1][0.215203,0.752846,0][-0.7769,-0.437684,-1.97183][-0.0866142,-0.566929,-0.818898][0.86069,0.226021,0][-0.879154,-0.437696,-1.92905][-0.409449,-0.0551181,-0.913386][0.869577,0.230011,0][-0.704602,-0.359302,-2.00208][-0.346457,-0.015748,-0.937008][0.851584,0.229483,0][-0.704602,-0.359302,-2.00208][-0.346457,-0.015748,-0.937008][0.856566,0.3222,0][-0.879154,-0.437696,-1.92905][-0.409449,-0.0551181,-0.913386][0.839936,0.32909,0][-0.951464,-0.359326,-1.8988][-0.425197,-0.015748,-0.905512][0.833047,0.322202,0][-0.704602,-0.359302,-2.00208][-0.346457,-0.015748,-0.937008][0.123108,0.993459,0][-0.951464,-0.359326,-1.8988][-0.425197,-0.015748,-0.905512][0.099588,0.993461,0][-0.704602,-0.248488,-2.00208][-0.346457,0.015748,-0.937008][0.123108,0.983719,0][-0.704602,-0.248488,-2.00208][-0.346457,0.015748,-0.937008][0.201734,0.143679,0][-0.951464,-0.359326,-1.8988][-0.425197,-0.015748,-0.905512][0.225253,0.133937,0][-0.951474,-0.248488,-1.8988][-0.425197,0.015748,-0.905512][0.225254,0.143679,0][-0.704602,-0.248488,-2.00208][-0.346457,0.015748,-0.937008][0.235944,0.993599,0][-0.951474,-0.248488,-1.8988][-0.425197,0.015748,-0.905512][0.212423,0.993599,0][-0.776922,-0.170094,-1.97182][-0.362205,0.0551181,-0.929134][0.229053,0.986708,0][-0.776922,-0.170094,-1.97182][-0.362205,0.0551181,-0.929134][0.384513,0.698825,0][-0.951474,-0.248488,-1.8988][-0.425197,0.015748,-0.905512][0.402506,0.699353,0][-0.879176,-0.170104,-1.92904][-0.519685,0.566929,-0.637795][0.3934,0.702816,0][0.761748,-0.437684,-1.9772][0.0787402,-0.566929,-0.818898][0.704007,0.647883,0][0.68924,-0.359302,-2.00694][0.338583,-0.015748,-0.944882][0.71297,0.6517,0][0.864298,-0.437696,-1.93514][0.401575,-0.0551181,-0.913386][0.69497,0.651521,0][0.68924,-0.359302,-2.00694][0.338583,-0.015748,-0.944882][0.441638,0.82343,0][0.936818,-0.359326,-1.90539][0.425197,-0.015748,-0.905512][0.465157,0.823432,0][0.864298,-0.437696,-1.93514][0.401575,-0.0551181,-0.913386][0.458268,0.83032,0][0.68924,-0.359302,-2.00694][0.338583,-0.015748,-0.944882][0.51967,0.559947,0][0.68924,-0.248488,-2.00694][0.338583,0.015748,-0.937008][0.51967,0.550207,0][0.936818,-0.359326,-1.90539][0.425197,-0.015748,-0.905512][0.54319,0.559949,0][0.68924,-0.248488,-2.00694][0.338583,0.015748,-0.937008][0.674015,0.221461,0][0.936828,-0.248488,-1.90539][0.425197,0.015748,-0.905512][0.697536,0.221461,0][0.936818,-0.359326,-1.90539][0.425197,-0.015748,-0.905512][0.697535,0.231203,0][0.68924,-0.248488,-2.00694][0.338583,0.015748,-0.937008][0.763278,0.48958,0][0.761772,-0.170094,-1.97719][0.354331,0.0551181,-0.929134][0.770168,0.48269,0][0.936828,-0.248488,-1.90539][0.425197,0.015748,-0.905512][0.786798,0.48958,0][0.761772,-0.170094,-1.97719][0.354331,0.0551181,-0.929134][0.7603,0.687595,0][0.86432,-0.170104,-1.93513][0.519685,0.566929,-0.645669][0.751263,0.691233,0][0.936828,-0.248488,-1.90539][0.425197,0.015748,-0.905512][0.7423,0.687416,0][-0.879154,-0.437696,-1.92905][-0.409449,-0.0551181,-0.913386][0.932136,0.687422,0][-0.942324,-0.440416,-1.86988][-0.748031,-0.559055,-0.354331][0.92726,0.693267,0][-0.951464,-0.359326,-1.8988][-0.425197,-0.015748,-0.905512][0.922394,0.687416,0][0.864298,-0.437696,-1.93514][0.401575,-0.0551181,-0.913386][0.835077,0.180037,0][0.936818,-0.359326,-1.90539][0.425197,-0.015748,-0.905512][0.841282,0.172527,0][0.927882,-0.440416,-1.87641][0.748031,-0.559055,-0.354331][0.842689,0.180005,0][-0.994494,-0.303894,-1.84806][-0.968504,0,-0.259843][0.861604,0.514252,0][-1.02026,-0.196302,-1.73686][-0.992126,-0.0393701,-0.149606][0.869269,0.525712,0][-0.942324,-0.167374,-1.86988][-0.748031,0.559055,-0.354331][0.855482,0.525707,0][-0.951474,-0.248488,-1.8988][-0.425197,0.015748,-0.905512][0.773501,0.832476,0][-0.994494,-0.303894,-1.84806][-0.968504,0,-0.259843][0.766978,0.828558,0][-0.942324,-0.167374,-1.86988][-0.748031,0.559055,-0.354331][0.779965,0.828458,0][0.9802,-0.303894,-1.85495][0.96063,0,-0.267717][0.877322,0.482912,0][0.927882,-0.167374,-1.87641][0.748031,0.559055,-0.354331][0.871022,0.494269,0][1.00674,-0.196302,-1.74393][0.984252,-0.0393701,-0.149606][0.863537,0.48269,0][0.936828,-0.248488,-1.90539][0.425197,0.015748,-0.905512][0.526622,0.971709,0][0.927882,-0.167374,-1.87641][0.748031,0.559055,-0.354331][0.533232,0.975483,0][0.9802,-0.303894,-1.85495][0.96063,0,-0.267717][0.52025,0.975869,0][-0.313196,0.195216,-2.11998][-0.456693,-0.102362,-0.88189][0.490176,0.587464,0][-0.190312,0.27216,-2.18038][-0.401575,0,-0.913386][0.484839,0.574732,0][-0.162568,0.058846,-2.18048][-0.0314961,-0.015748,-1][0.503745,0.574693,0][-0.942324,-0.440416,-1.86988][-0.748031,-0.559055,-0.354331][0.725463,0.574693,0][-1.02026,-0.411488,-1.73686][-0.732283,-0.629921,-0.251969][0.732947,0.586272,0][-0.994494,-0.303894,-1.84806][-0.968504,0,-0.259843][0.719162,0.58605,0][-0.951464,-0.359326,-1.8988][-0.425197,-0.015748,-0.905512][0.616034,0.894927,0][-0.942324,-0.440416,-1.86988][-0.748031,-0.559055,-0.354331][0.609426,0.891153,0][-0.994494,-0.303894,-1.84806][-0.968504,0,-0.259843][0.622409,0.890768,0][0.927882,-0.440416,-1.87641][0.748031,-0.559055,-0.354331][0.623213,0.687422,0][0.9802,-0.303894,-1.85495][0.96063,0,-0.267717][0.617091,0.698877,0][1.00674,-0.411488,-1.74393][0.732283,-0.637795,-0.251969][0.609426,0.687416,0][0.936818,-0.359326,-1.90539][0.425197,-0.015748,-0.905512][0.840772,0.771551,0][0.9802,-0.303894,-1.85495][0.96063,0,-0.267717][0.847297,0.77547,0][0.927882,-0.440416,-1.87641][0.748031,-0.559055,-0.354331][0.83431,0.77557,0][-0.879176,-0.170104,-1.92904][-0.519685,0.566929,-0.637795][0.771815,0.67445,0][-0.816378,-0.110824,-1.92256][-0.23622,0.787402,-0.566929][0.776687,0.668602,0][-0.776922,-0.170094,-1.97182][-0.362205,0.0551181,-0.929134][0.781557,0.674449,0][0.86432,-0.170104,-1.93513][0.519685,0.566929,-0.645669][0.473269,0.892778,0][0.761772,-0.170094,-1.97719][0.354331,0.0551181,-0.929134][0.463527,0.892777,0][0.80157,-0.110824,-1.92821][0.23622,0.787402,-0.566929][0.468397,0.88693,0][-0.214104,0.39777,-2.18032][-0.0472441,-0.00787402,-1][0.614223,0.655186,0][-0.190312,0.27216,-2.18038][-0.401575,0,-0.913386][0.622763,0.647883,0][-0.313196,0.195216,-2.11998][-0.456693,-0.102362,-0.88189][0.634735,0.654756,0][0.295924,0.195174,-2.12194][0.456693,-0.0787402,-0.889764][0.617134,0.675489,0][0.178696,0.27256,-2.18168][0,0,-1][0.628647,0.668602,0][0.198876,0.39777,-2.18176][0.0393701,-0.00787402,-1][0.637565,0.67529,0][0.133926,0.0585018,-2.18152][0.023622,-0.0551181,-1][0.346849,0.925369,0][0.178696,0.27256,-2.18168][0,0,-1][0.328783,0.931931,0][0.295924,0.195174,-2.12194][0.456693,-0.0787402,-0.889764][0.328753,0.918515,0][-0.7769,-0.437684,-1.97183][-0.0866142,-0.566929,-0.818898][0.844975,0.734594,0][-0.816378,-0.496964,-1.92256][-0.23622,-0.787402,-0.566929][0.840103,0.740442,0][-0.879154,-0.437696,-1.92905][-0.409449,-0.0551181,-0.913386][0.835233,0.734595,0][0.761748,-0.437684,-1.9772][0.0787402,-0.566929,-0.818898][0.63823,0.768459,0][0.864298,-0.437696,-1.93514][0.401575,-0.0551181,-0.913386][0.647972,0.76846,0][0.80157,-0.496964,-1.92821][0.23622,-0.787402,-0.566929][0.643102,0.774307,0][-0.14144,-0.231734,-2.11998][-0.259843,-0.102362,-0.96063][0.365483,0.48644,0][-0.091792,-0.0107421,-2.18074][0.0314961,-0.0472441,-1][0.3474,0.496331,0][-0.007614,-0.091026,-2.18104][0.00787402,-0.401575,-0.913386][0.347595,0.486108,0][0.07665,-0.0106661,-2.18112][0,-0.00787402,-1][0.541102,0.611386,0][0.12858,-0.231976,-2.12092][0.244094,-0.110236,-0.96063][0.520433,0.611454,0][-0.007614,-0.091026,-2.18104][0.00787402,-0.401575,-0.913386][0.536058,0.60248,0][-1.04,-0.303894,-1.7286][-0.905512,-0.228346,0.362205][0.609426,0.836716,0][-1.02026,-0.196302,-1.73686][-0.992126,-0.0393701,-0.149606][0.610146,0.827259,0][-0.994494,-0.303894,-1.84806][-0.968504,0,-0.259843][0.619912,0.836716,0][1.02655,-0.303894,-1.73581][0.905512,-0.228346,0.354331][0.563106,0.886819,0][0.9802,-0.303894,-1.85495][0.96063,0,-0.267717][0.55262,0.886819,0][1.00674,-0.196302,-1.74393][0.984252,-0.0393701,-0.149606][0.562386,0.877363,0][-0.28589,0.51135,-2.12048][-0.417323,0.188976,-0.889764][0.293165,0.349826,0][-0.214104,0.39777,-2.18032][-0.0472441,-0.00787402,-1][0.302504,0.340887,0][-0.313196,0.195216,-2.11998][-0.456693,-0.102362,-0.88189][0.321054,0.349651,0][0.12858,-0.231976,-2.12092][0.244094,-0.110236,-0.96063][0.697679,0.274116,0][0.07665,-0.0106661,-2.18112][0,-0.00787402,-1][0.677607,0.279046,0][0.133926,0.0585018,-2.18152][0.023622,-0.0551181,-1][0.671595,0.273932,0][-0.162568,0.058846,-2.18048][-0.0314961,-0.015748,-1][0.582264,0.60248,0][-0.091792,-0.0107421,-2.18074][0.0314961,-0.0472441,-1][0.576003,0.608555,0][-0.14144,-0.231734,-2.11998][-0.259843,-0.102362,-0.96063][0.556118,0.603129,0][-1.04,-0.303894,-1.7286][-0.905512,-0.228346,0.362205][0.63823,0.730922,0][-0.994494,-0.303894,-1.84806][-0.968504,0,-0.259843][0.648716,0.730922,0][-1.02026,-0.411488,-1.73686][-0.732283,-0.629921,-0.251969][0.63895,0.740378,0][1.02655,-0.303894,-1.73581][0.905512,-0.228346,0.354331][0.473446,0.666507,0][1.00674,-0.411488,-1.74393][0.732283,-0.637795,-0.251969][0.472727,0.675964,0][0.9802,-0.303894,-1.85495][0.96063,0,-0.267717][0.462961,0.666507,0][-1.25741,-0.78477,-1.51454][0,-1,0][0.005,0.715441,0][-1.25741,-0.58792,-1.51454][0,1,0][0.022302,0.715441,0][-0.937778,-0.58792,-1.73075][-0.559055,0,-0.826772][0.022302,0.749358,0][-0.937778,-0.58792,-1.73075][-0.559055,0,-0.826772][0.022302,0.749358,0][-0.937778,-0.78477,-1.73075][-0.559055,0,-0.826772][0.005,0.749358,0][-1.25741,-0.78477,-1.51454][0,-1,0][0.005,0.715441,0][-1.09563,0.120556,-1.53485][0,1,0][0.084572,0.72822,0][-1.01685,0.120556,-1.58815][0,1,0][0.084572,0.736579,0][-0.937778,-0.58792,-1.73075][-0.559055,0,-0.826772][0.022302,0.749358,0][-0.937778,-0.58792,-1.73075][-0.559055,0,-0.826772][0.022302,0.749358,0][-1.25741,-0.58792,-1.51454][0,1,0][0.022302,0.715441,0][-1.09563,0.120556,-1.53485][0,1,0][0.084572,0.72822,0][0.918084,-0.78477,-1.74127][0,-1,0][0.813009,0.005,0][0.918084,-0.58792,-1.74127][0,1,0][0.830311,0.005,0][1.24015,-0.58792,-1.5287][0.551181,0,-0.834646][0.830311,0.038917,0][1.24015,-0.58792,-1.5287][0.551181,0,-0.834646][0.830311,0.038917,0][1.24015,-0.78477,-1.5287][0.551181,0,-0.834646][0.813009,0.038917,0][0.918084,-0.78477,-1.74127][0,-1,0][0.813009,0.005,0][0.998772,0.120556,-1.59957][0,1,0][0.892581,0.017779,0][1.07816,0.120556,-1.54719][0,1,0][0.892581,0.026138,0][1.24015,-0.58792,-1.5287][0.551181,0,-0.834646][0.830311,0.038917,0][1.24015,-0.58792,-1.5287][0.551181,0,-0.834646][0.830311,0.038917,0][0.918084,-0.58792,-1.74127][0,1,0][0.830311,0.005,0][0.998772,0.120556,-1.59957][0,1,0][0.892581,0.017779,0][0.198876,0.39777,-2.18176][0.0393701,-0.00787402,-1][0.447126,0.080318,0][0.271432,0.51133,-2.1225][0.566929,0.0472441,-0.826772][0.456786,0.088924,0][0.295924,0.195174,-2.12194][0.456693,-0.0787402,-0.889764][0.428923,0.0896,0][-0.964034,-0.105088,-1.76037][-0.787402,0.527559,0.314961][0.581422,0.760146,0][-0.942324,-0.167374,-1.86988][-0.748031,0.559055,-0.354331][0.592654,0.760442,0][-1.02026,-0.196302,-1.73686][-0.992126,-0.0393701,-0.149606][0.582466,0.769732,0][0.950354,-0.105088,-1.76706][0.795276,0.527559,0.307087][0.638283,0.719659,0][1.00674,-0.196302,-1.74393][0.984252,-0.0393701,-0.149606][0.63823,0.710017,0][0.927882,-0.167374,-1.87641][0.748031,0.559055,-0.354331][0.649408,0.718088,0][-1.9579,-0.78477,0.204088][-0.976378,0,0.204724][0.293217,0.682786,0][-1.9579,-0.58792,0.204088][-0.976378,0,0.19685][0.299077,0.666507,0][-2.74574,-0.40975,0.0775654][-1,0,0.00787402][0.369496,0.675212,0][-2.74574,-0.40975,0.0775654][-1,0,0.00787402][0.369496,0.675212,0][-2.74574,-0.472962,0.0775654][-1,0,0.00787402][0.367614,0.68044,0][-1.9579,-0.78477,0.204088][-0.976378,0,0.204724][0.293217,0.682786,0][1.96009,-0.58792,0.181863][0,1,0][0.744674,0.193702,0][1.96009,-0.78477,0.181863][0,-1,0][0.749891,0.210199,0][2.74644,-0.472962,0.0464114][1,0,-0.00787402][0.675691,0.204922,0][2.74644,-0.472962,0.0464114][1,0,-0.00787402][0.675691,0.204922,0][2.74644,-0.40975,0.0464114][1,0,-0.00787402][0.674015,0.199625,0][1.96009,-0.58792,0.181863][0,1,0][0.744674,0.193702,0][-1.73078,-0.78477,0.93781][-0.826772,0,0.559055][0.761154,0.209981,0][-1.73078,-0.58792,0.93781][-0.826772,0,0.559055][0.767014,0.193702,0][-2.50706,-0.40975,1.12241][-0.92126,0,0.385827][0.836567,0.202096,0][-2.50706,-0.40975,1.12241][-0.92126,0,0.385827][0.836567,0.202096,0][-2.50706,-0.472962,1.12241][-0.92126,0,0.385827][0.834686,0.207324,0][-1.73078,-0.78477,0.93781][-0.826772,0,0.559055][0.761154,0.209981,0][1.74131,-0.58792,0.918116][0,1,0][0.011464,0.905501,0][1.74131,-0.78477,0.918116][0,-1,0][0.005,0.889452,0][2.51962,-0.472962,1.09389][0.929134,0,0.377953][0.078644,0.889336,0][2.51962,-0.472962,1.09389][0.929134,0,0.377953][0.078644,0.889336,0][2.51962,-0.40975,1.09389][0.929134,0,0.377953][0.08072,0.894489,0][1.74131,-0.58792,0.918116][0,1,0][0.011464,0.905501,0][-0.964034,-0.5027,-1.76037][-0.488189,-0.850394,0.188976][0.768354,0.60248,0][-1.02026,-0.411488,-1.73686][-0.732283,-0.629921,-0.251969][0.768407,0.612122,0][-0.942324,-0.440416,-1.86988][-0.748031,-0.559055,-0.354331][0.757229,0.604052,0][0.950354,-0.5027,-1.76706][0.496063,-0.850394,0.188976][0.978984,0.523838,0][0.927882,-0.440416,-1.87641][0.748031,-0.559055,-0.354331][0.967752,0.523541,0][1.00674,-0.411488,-1.74393][0.732283,-0.637795,-0.251969][0.97794,0.514252,0][-0.00702,-0.536258,-2.0109][0.606299,-0.377953,-0.700787][0.322072,0.15375,0][-0.14144,-0.231734,-2.11998][-0.259843,-0.102362,-0.96063][0.33385,0.182196,0][0.12858,-0.231976,-2.12092][0.244094,-0.110236,-0.96063][0.310118,0.182173,0][-0.942324,-0.167374,-1.86988][-0.748031,0.559055,-0.354331][0.59441,0.687416,0][-0.879886,-0.044142,-1.79558][-0.779528,0.574803,-0.228346][0.588038,0.699643,0][-0.816378,-0.110824,-1.92256][-0.23622,0.787402,-0.566929][0.581422,0.687546,0][-0.879176,-0.170104,-1.92904][-0.519685,0.566929,-0.637795][0.977646,0.60248,0][-0.942324,-0.167374,-1.86988][-0.748031,0.559055,-0.354331][0.984177,0.606385,0][-0.816378,-0.110824,-1.92256][-0.23622,0.787402,-0.566929][0.97119,0.606512,0][0.86432,-0.170104,-1.93513][0.519685,0.566929,-0.645669][0.616028,0.91409,0][0.80157,-0.110824,-1.92821][0.23622,0.787402,-0.566929][0.609426,0.910302,0][0.927882,-0.167374,-1.87641][0.748031,0.559055,-0.354331][0.622409,0.909944,0][0.927882,-0.167374,-1.87641][0.748031,0.559055,-0.354331][0.490915,0.802303,0][0.80157,-0.110824,-1.92821][0.23622,0.787402,-0.566929][0.484839,0.790824,0][0.865962,-0.044142,-1.80167][0.779528,0.574803,-0.23622][0.498625,0.790874,0][-0.409098,0.39777,-2.0095][-0.905512,-0.322835,-0.267717][0.469768,0.728208,0][-0.376194,0.54992,-2.0087][-0.984252,0.181102,-0.015748][0.456088,0.728435,0][-0.28589,0.51135,-2.12048][-0.417323,0.188976,-0.889764][0.457559,0.715441,0][0.36433,0.54959,-2.01128][0.80315,0.590551,-0.023622][0.605664,0.00634301,0][0.39506,0.39777,-2.01232][0.88189,0.409449,-0.244094][0.614858,0.016385,0][0.271432,0.51133,-2.1225][0.566929,0.0472441,-0.826772][0.597208,0.016445,0][-0.776922,-0.170094,-1.97182][-0.362205,0.0551181,-0.929134][0.713167,0.82006,0][-0.690432,-0.167374,-1.97525][0.0472441,0.629921,-0.771654][0.718043,0.814216,0][-0.704602,-0.248488,-2.00208][-0.346457,0.015748,-0.937008][0.722911,0.820066,0][0.761772,-0.170094,-1.97719][0.354331,0.0551181,-0.929134][0.473539,0.484839,0][0.68924,-0.248488,-2.00694][0.338583,0.015748,-0.937008][0.467333,0.492351,0][0.67526,-0.167374,-1.98002][-0.0551181,0.629921,-0.771654][0.465928,0.48487,0][-0.964034,-0.105088,-1.76037][-0.787402,0.527559,0.314961][0.620658,0.734776,0][-0.879886,-0.044142,-1.79558][-0.779528,0.574803,-0.228346][0.619633,0.744363,0][-0.942324,-0.167374,-1.86988][-0.748031,0.559055,-0.354331][0.609426,0.735095,0][0.950354,-0.105088,-1.76706][0.795276,0.527559,0.307087][0.168145,0.473903,0][0.927882,-0.167374,-1.87641][0.748031,0.559055,-0.354331][0.168904,0.462693,0][0.865962,-0.044142,-1.80167][0.779528,0.574803,-0.23622][0.177765,0.473256,0][0.271432,0.51133,-2.1225][0.566929,0.0472441,-0.826772][0.13713,0.473697,0][0.39506,0.39777,-2.01232][0.88189,0.409449,-0.244094][0.136942,0.456048,0][0.295924,0.195174,-2.12194][0.456693,-0.0787402,-0.889764][0.158981,0.456396,0][-0.409098,0.39777,-2.0095][-0.905512,-0.322835,-0.267717][0.172943,0.121649,0][-0.28589,0.51135,-2.12048][-0.417323,0.188976,-0.889764][0.186698,0.110564,0][-0.313196,0.195216,-2.11998][-0.456693,-0.102362,-0.88189][0.187085,0.138451,0][-0.816378,-0.496964,-1.92256][-0.23622,-0.787402,-0.566929][0.676544,0.613959,0][-0.879886,-0.563648,-1.79558][-0.165354,-0.858268,-0.488189][0.662757,0.61391,0][-0.942324,-0.440416,-1.86988][-0.748031,-0.559055,-0.354331][0.670468,0.60248,0][-0.879154,-0.437696,-1.92905][-0.409449,-0.0551181,-0.913386][0.949573,0.60248,0][-0.816378,-0.496964,-1.92256][-0.23622,-0.787402,-0.566929][0.956173,0.606268,0][-0.942324,-0.440416,-1.86988][-0.748031,-0.559055,-0.354331][0.94319,0.606626,0][-0.704602,-0.359302,-2.00208][-0.346457,-0.015748,-0.937008][0.953356,0.687416,0][-0.690432,-0.440416,-1.97525][0.275591,-0.559055,-0.779528][0.954762,0.694897,0][-0.7769,-0.437684,-1.97183][-0.0866142,-0.566929,-0.818898][0.947152,0.694928,0][0.80157,-0.496964,-1.92821][0.23622,-0.787402,-0.566929][0.497826,0.775678,0][0.927882,-0.440416,-1.87641][0.748031,-0.559055,-0.354331][0.484839,0.775808,0][0.865962,-0.563648,-1.80167][0.15748,-0.858268,-0.488189][0.49121,0.763582,0][0.864298,-0.437696,-1.93514][0.401575,-0.0551181,-0.913386][0.869712,0.631096,0][0.927882,-0.440416,-1.87641][0.748031,-0.559055,-0.354331][0.863178,0.627192,0][0.80157,-0.496964,-1.92821][0.23622,-0.787402,-0.566929][0.876165,0.627064,0][0.68924,-0.359302,-2.00694][0.338583,-0.015748,-0.944882][0.660671,0.837454,0][0.761748,-0.437684,-1.9772][0.0787402,-0.566929,-0.818898][0.670413,0.837461,0][0.67526,-0.440416,-1.98002][-0.283465,-0.559055,-0.779528][0.665539,0.843305,0][0.12858,-0.231976,-2.12092][0.244094,-0.110236,-0.96063][0.341594,0.148952,0][0.133926,0.0585018,-2.18152][0.023622,-0.0551181,-1][0.351496,0.173084,0][0.295924,0.195174,-2.12194][0.456693,-0.0787402,-0.889764][0.340887,0.189267,0][-0.14144,-0.231734,-2.11998][-0.259843,-0.102362,-0.96063][0.257525,0.96935,0][-0.007614,-0.091026,-2.18104][0.00787402,-0.401575,-0.913386][0.255323,0.951595,0][0.12858,-0.231976,-2.12092][0.244094,-0.110236,-0.96063][0.273342,0.951655,0][-0.582102,-0.78477,-1.88044][0,-1,0][0.005,0.813309,0][-0.582102,-0.58792,-1.88044][0,1,0][0.022302,0.813309,0][-0.204056,-0.58792,-1.95787][-0.19685,0,-0.976378][0.022302,0.84656,0][-0.204056,-0.58792,-1.95787][-0.19685,0,-0.976378][0.022302,0.84656,0][-0.204056,-0.78477,-1.95787][-0.204724,0,-0.976378][0.005,0.84656,0][-0.582102,-0.78477,-1.88044][0,-1,0][0.005,0.813309,0][0.181832,-0.78477,-1.96005][0,-1,0][0.106461,0.666507,0][0.181832,-0.58792,-1.96005][0,1,0][0.123763,0.666507,0][0.560732,-0.58792,-1.88692][0.188976,0,-0.984252][0.123763,0.699787,0][0.560732,-0.58792,-1.88692][0.188976,0,-0.984252][0.123763,0.699787,0][0.560732,-0.78477,-1.88692][0.188976,0,-0.984252][0.106461,0.699787,0][0.181832,-0.78477,-1.96005][0,-1,0][0.106461,0.666507,0][-0.964034,-0.5027,-1.76037][-0.488189,-0.850394,0.188976][0.620636,0.723513,0][-0.942324,-0.440416,-1.86988][-0.748031,-0.559055,-0.354331][0.609426,0.722754,0][-0.879886,-0.563648,-1.79558][-0.165354,-0.858268,-0.488189][0.619989,0.713893,0][0.950354,-0.5027,-1.76706][0.496063,-0.850394,0.188976][0.861856,0.58428,0][0.865962,-0.563648,-1.80167][0.15748,-0.858268,-0.488189][0.862881,0.574693,0][0.927882,-0.440416,-1.87641][0.748031,-0.559055,-0.354331][0.873088,0.583961,0][-0.704602,-0.248488,-2.00208][-0.346457,0.015748,-0.937008][0.619166,0.969009,0][-0.638264,-0.303894,-1.99707][0.370079,-0.204724,-0.905512][0.614296,0.974838,0][-0.704602,-0.359302,-2.00208][-0.346457,-0.015748,-0.937008][0.609426,0.969009,0][0.68924,-0.248488,-2.00694][0.338583,0.015748,-0.937008][0.748714,0.874203,0][0.68924,-0.359302,-2.00694][0.338583,-0.015748,-0.944882][0.738974,0.874203,0][0.62294,-0.303894,-2.00148][-0.377953,-0.204724,-0.905512][0.743844,0.868374,0][-0.204056,-0.58792,-1.95787][-0.19685,0,-0.976378][0.022302,0.84656,0][-0.582102,-0.58792,-1.88044][0,1,0][0.022302,0.813309,0][-0.424858,0.120556,-1.83731][0,1,0][0.084572,0.827116,0][-0.424858,0.120556,-1.83731][0,1,0][0.084572,0.827116,0][-0.331682,0.120556,-1.85638][0,1,0][0.084572,0.835312,0][-0.204056,-0.58792,-1.95787][-0.19685,0,-0.976378][0.022302,0.84656,0][0.560732,-0.58792,-1.88692][0.188976,0,-0.984252][0.123763,0.699787,0][0.181832,-0.58792,-1.96005][0,1,0][0.123763,0.666507,0][0.3106,0.120556,-1.86003][0,1,0][0.186033,0.677794,0][0.3106,0.120556,-1.86003][0,1,0][0.186033,0.677794,0][0.403988,0.120556,-1.842][0,1,0][0.186033,0.685996,0][0.560732,-0.58792,-1.88692][0.188976,0,-0.984252][0.123763,0.699787,0][-0.313196,0.195216,-2.11998][-0.456693,-0.102362,-0.88189][0.369132,0.21338,0][-0.162568,0.058846,-2.18048][-0.0314961,-0.015748,-1][0.360081,0.197092,0][-0.14144,-0.231734,-2.11998][-0.259843,-0.102362,-0.96063][0.370124,0.172943,0][-1.88695,-0.78477,-0.5607][-0.984252,0,-0.188976][0.579427,0.258915,0][-1.88695,-0.58792,-0.5607][-0.984252,0,-0.188976][0.585287,0.242636,0][-2.5664,-0.409752,-0.979084][-0.929134,0,-0.377953][0.656578,0.251655,0][-2.5664,-0.409752,-0.979084][-0.929134,0,-0.377953][0.656578,0.251655,0][-2.5664,-0.472962,-0.979084][-0.929134,0,-0.377953][0.654696,0.256883,0][-1.88695,-0.78477,-0.5607][-0.984252,0,-0.188976][0.579427,0.258915,0][1.88047,-0.58792,-0.58207][0,1,0][0.45125,0.106185,0][1.88047,-0.78477,-0.58207][0,-1,0][0.467746,0.100968,0][2.55512,-0.472962,-1.00813][0.92126,0,-0.385827][0.462764,0.176099,0][2.55512,-0.472962,-1.00813][0.92126,0,-0.385827][0.462764,0.176099,0][2.55512,-0.409752,-1.00813][0.92126,0,-0.385827][0.457467,0.177775,0][1.88047,-0.58792,-0.58207][0,1,0][0.45125,0.106185,0][1.25741,-0.58792,1.5146][0,1,0][0.005,0.106185,0][1.25741,-0.78477,1.5146][0,-1,0][0.021496,0.100968,0][1.90923,-0.472962,1.97485][0.708661,0,0.700787][0.016515,0.176099,0][1.90923,-0.472962,1.97485][0.708661,0,0.700787][0.016515,0.176099,0][1.90923,-0.40975,1.97485][0.708661,0,0.700787][0.011218,0.177775,0][1.25741,-0.58792,1.5146][0,1,0][0.005,0.106185,0][-1.24015,-0.78477,1.52876][-0.551181,0,0.834646][0.484839,0.307183,0][-1.24015,-0.58792,1.52876][-0.551181,0,0.834646][0.490699,0.290904,0][-1.8867,-0.40975,1.99638][-0.700787,0,0.708661][0.56199,0.299923,0][-1.8867,-0.40975,1.99638][-0.700787,0,0.708661][0.56199,0.299923,0][-1.8867,-0.472962,1.99638][-0.700787,0,0.708661][0.560108,0.305151,0][-1.24015,-0.78477,1.52876][-0.551181,0,0.834646][0.484839,0.307183,0][-0.780626,-0.02274,-1.83709][-0.220472,0.976378,0.0708661][0.620581,0.793623,0][-0.816378,-0.110824,-1.92256][-0.23622,0.787402,-0.566929][0.609426,0.792278,0][-0.879886,-0.044142,-1.79558][-0.779528,0.574803,-0.228346][0.620438,0.783982,0][0.766416,-0.02274,-1.84249][0.220472,0.976378,0.0708661][0.713167,0.719577,0][0.865962,-0.044142,-1.80167][0.779528,0.574803,-0.23622][0.714423,0.710017,0][0.80157,-0.110824,-1.92821][0.23622,0.787402,-0.566929][0.724403,0.71953,0][-0.780626,-0.585048,-1.83709][0.204724,-0.976378,-0.102362][0.586783,0.848745,0][-0.879886,-0.563648,-1.79558][-0.165354,-0.858268,-0.488189][0.593901,0.85497,0][-0.816378,-0.496964,-1.92256][-0.23622,-0.787402,-0.566929][0.581422,0.854874,0][0.766416,-0.585048,-1.84249][-0.204724,-0.976378,-0.102362][0.235322,0.144302,0][0.80157,-0.496964,-1.92821][0.23622,-0.787402,-0.566929][0.235402,0.13616,0][0.865962,-0.563648,-1.80167][0.15748,-0.858268,-0.488189][0.244779,0.144395,0][-0.164452,0.75863,-2.00974][-0.582677,0.818898,-0.015748][0.875214,0.471182,0][-0.164376,0.75863,-1.988][-0.11811,0.992126,0.023622][0.875214,0.469271,0][-0.007018,0.78477,-2.0103][-0.370079,0.811024,-0.448819][0.889051,0.471182,0][-0.006942,0.78476,-1.98856][0.11811,0.692913,0.708661][0.811431,0.792646,0][0.156002,0.75855,-1.98921][0.598425,0.80315,0.015748][0.797201,0.794266,0][0.155926,0.75855,-2.01096][0.11811,0.992126,-0.0314961][0.796984,0.792367,0][-0.007018,0.78477,-2.0103][-0.370079,0.811024,-0.448819][0.846238,0.753205,0][-0.006942,0.78476,-1.98856][0.11811,0.692913,0.708661][0.846455,0.755103,0][0.155926,0.75855,-2.01096][0.11811,0.992126,-0.0314961][0.832008,0.754825,0][-0.164376,0.75863,-1.988][-0.11811,0.992126,0.023622][0.297144,0.144117,0][-0.006942,0.78476,-1.98856][0.11811,0.692913,0.708661][0.283306,0.144116,0][-0.007018,0.78477,-2.0103][-0.370079,0.811024,-0.448819][0.283306,0.142205,0][-0.816378,-0.110824,-1.92256][-0.23622,0.787402,-0.566929][0.52025,0.748182,0][-0.681368,-0.044142,-1.87861][-0.23622,0.858268,-0.456693][0.534037,0.748232,0][-0.690432,-0.167374,-1.97525][0.0472441,0.629921,-0.771654][0.526326,0.759661,0][-0.776922,-0.170094,-1.97182][-0.362205,0.0551181,-0.929134][0.588022,0.914111,0][-0.816378,-0.110824,-1.92256][-0.23622,0.787402,-0.566929][0.581422,0.910323,0][-0.690432,-0.167374,-1.97525][0.0472441,0.629921,-0.771654][0.594405,0.909965,0][0.80157,-0.110824,-1.92821][0.23622,0.787402,-0.566929][0.932409,0.450581,0][0.67526,-0.167374,-1.98002][-0.0551181,0.629921,-0.771654][0.945396,0.450451,0][0.66687,-0.044142,-1.88332][0.228346,0.858268,-0.464567][0.939024,0.462677,0][0.761772,-0.170094,-1.97719][0.354331,0.0551181,-0.929134][0.773427,0.809295,0][0.67526,-0.167374,-1.98002][-0.0551181,0.629921,-0.771654][0.779961,0.8132,0][0.80157,-0.110824,-1.92821][0.23622,0.787402,-0.566929][0.766974,0.813327,0][-0.690432,-0.440416,-1.97525][0.275591,-0.559055,-0.779528][0.892339,0.494916,0][-0.681368,-0.563648,-1.87861][0.385827,-0.574803,-0.716535][0.898711,0.48269,0][-0.816378,-0.496964,-1.92256][-0.23622,-0.787402,-0.566929][0.905326,0.494786,0][-0.7769,-0.437684,-1.97183][-0.0866142,-0.566929,-0.818898][0.883677,0.714049,0][-0.690432,-0.440416,-1.97525][0.275591,-0.559055,-0.779528][0.877146,0.710145,0][-0.816378,-0.496964,-1.92256][-0.23622,-0.787402,-0.566929][0.890133,0.710017,0][0.67526,-0.440416,-1.98002][-0.283465,-0.559055,-0.779528][0.960739,0.3222,0][0.80157,-0.496964,-1.92821][0.23622,-0.787402,-0.566929][0.966815,0.333679,0][0.66687,-0.563648,-1.88332][-0.393701,-0.574803,-0.716535][0.953028,0.333629,0][0.761748,-0.437684,-1.9772][0.0787402,-0.566929,-0.818898][0.80609,0.647883,0][0.80157,-0.496964,-1.92821][0.23622,-0.787402,-0.566929][0.812692,0.651671,0][0.67526,-0.440416,-1.98002][-0.283465,-0.559055,-0.779528][0.799709,0.652029,0][-0.780626,-0.02274,-1.83709][-0.220472,0.976378,0.0708661][0.77967,0.61204,0][-0.681368,-0.044142,-1.87861][-0.23622,0.858268,-0.456693][0.780926,0.60248,0][-0.816378,-0.110824,-1.92256][-0.23622,0.787402,-0.566929][0.790905,0.611993,0][0.766416,-0.02274,-1.84249][0.220472,0.976378,0.0708661][0.592577,0.794389,0][0.80157,-0.110824,-1.92821][0.23622,0.787402,-0.566929][0.581422,0.793044,0][0.66687,-0.044142,-1.88332][0.228346,0.858268,-0.464567][0.592434,0.784748,0][-0.780626,-0.585048,-1.83709][0.204724,-0.976378,-0.102362][0.248534,0.704036,0][-0.816378,-0.496964,-1.92256][-0.23622,-0.787402,-0.566929][0.243294,0.697803,0][-0.681368,-0.563648,-1.87861][0.385827,-0.574803,-0.716535][0.255773,0.697951,0][0.766416,-0.585048,-1.84249][-0.204724,-0.976378,-0.102362][0.581502,0.869987,0][0.66687,-0.563648,-1.88332][-0.393701,-0.574803,-0.716535][0.590958,0.87008,0][0.80157,-0.496964,-1.92821][0.23622,-0.787402,-0.566929][0.581422,0.87813,0][-0.291256,0.67422,-1.98725][-0.385827,0.574803,0.724409][0.954141,0.276451,0][-0.164376,0.75863,-1.988][-0.11811,0.992126,0.023622][0.967451,0.274955,0][-0.164452,0.75863,-2.00974][-0.582677,0.818898,-0.015748][0.967668,0.276853,0][-0.29133,0.67422,-2.009][-0.826772,0.307087,-0.464567][0.485056,0.992838,0][-0.291256,0.67422,-1.98725][-0.385827,0.574803,0.724409][0.484839,0.990939,0][-0.164452,0.75863,-2.00974][-0.582677,0.818898,-0.015748][0.498366,0.991342,0][0.156002,0.75855,-1.98921][0.598425,0.80315,0.015748][0.857887,0.830325,0][0.279944,0.67373,-1.98915][0.574803,0.393701,0.724409][0.844687,0.830369,0][0.279868,0.67373,-2.01088][0.393701,0.598425,-0.692913][0.844687,0.828458,0][0.155926,0.75855,-2.01096][0.11811,0.992126,-0.0314961][0.92729,0.734594,0][0.156002,0.75855,-1.98921][0.598425,0.80315,0.015748][0.92729,0.736505,0][0.279868,0.67373,-2.01088][0.393701,0.598425,-0.692913][0.91409,0.734637,0][0.279812,-0.120364,-2.01168][0.984252,-0.110236,-0.149606][0.436063,0.243942,0][0.12858,-0.231976,-2.12092][0.244094,-0.110236,-0.96063][0.422459,0.230524,0][0.295924,0.195174,-2.12194][0.456693,-0.0787402,-0.889764][0.462767,0.231614,0][-0.291334,-0.120348,-2.0096][-0.76378,-0.629921,-0.133858][0.681548,0.290904,0][-0.313196,0.195216,-2.11998][-0.456693,-0.102362,-0.88189][0.707884,0.304077,0][-0.14144,-0.231734,-2.11998][-0.259843,-0.102362,-0.96063][0.667437,0.303726,0][-0.59722,-0.105088,-1.91381][0.480315,0.850394,-0.220472][0.982379,0.144768,0][-0.690432,-0.167374,-1.97525][0.0472441,0.629921,-0.771654][0.99359,0.145527,0][-0.681368,-0.044142,-1.87861][-0.23622,0.858268,-0.456693][0.983027,0.154388,0][0.582478,-0.105088,-1.91793][-0.480315,0.850394,-0.212598][0.563852,0.784879,0][0.66687,-0.044142,-1.88332][0.228346,0.858268,-0.464567][0.562828,0.794466,0][0.67526,-0.167374,-1.98002][-0.0551181,0.629921,-0.771654][0.55262,0.785198,0][-1.52873,-0.78477,-1.24012][-0.834646,0,-0.551181][0.680888,0.112113,0][-1.52873,-0.58792,-1.24012][-0.834646,0,-0.551181][0.686748,0.095834,0][-1.99635,-0.40975,-1.88667][-0.708661,0,-0.700787][0.758039,0.104853,0][-1.99635,-0.40975,-1.88667][-0.708661,0,-0.700787][0.758039,0.104853,0][-1.99635,-0.472962,-1.88667][-0.708661,0,-0.700787][0.756157,0.110081,0][-1.52873,-0.78477,-1.24012][-0.834646,0,-0.551181][0.680888,0.112113,0][-0.704602,-0.248488,-2.00208][-0.346457,0.015748,-0.937008][0.538536,0.012964,0][-0.690432,-0.167374,-1.97525][0.0472441,0.629921,-0.771654][0.542311,0.00635499,0][-0.540996,-0.196302,-1.93733][0.275591,0.393701,-0.874016][0.55466,0.012486,0][-0.638264,-0.303894,-1.99707][0.370079,-0.204724,-0.905512][0.410998,0.496716,0][-0.704602,-0.248488,-2.00208][-0.346457,0.015748,-0.937008][0.407339,0.490044,0][-0.540996,-0.196302,-1.93733][0.275591,0.393701,-0.874016][0.423451,0.4908,0][0.68924,-0.248488,-2.00694][0.338583,0.015748,-0.937008][0.297078,0.655075,0][0.52609,-0.196302,-1.94106][-0.283465,0.393701,-0.874016][0.280949,0.6552,0][0.67526,-0.167374,-1.98002][-0.0551181,0.629921,-0.771654][0.293059,0.648611,0][0.62294,-0.303894,-2.00148][-0.377953,-0.204724,-0.905512][0.402166,0.995,0][0.52609,-0.196302,-1.94106][-0.283465,0.393701,-0.874016][0.389954,0.988601,0][0.68924,-0.248488,-2.00694][0.338583,0.015748,-0.937008][0.406084,0.988477,0][1.51457,-0.58792,-1.25738][0,1,0][0.005,0.307717,0][1.51457,-0.78477,-1.25738][0,-1,0][0.021496,0.3025,0][1.97482,-0.472962,-1.90919][0.700787,0,-0.708661][0.016515,0.377632,0][1.97482,-0.472962,-1.90919][0.700787,0,-0.708661][0.016515,0.377632,0][1.97482,-0.40975,-1.90919][0.700787,0,-0.708661][0.011218,0.379307,0][1.51457,-0.58792,-1.25738][0,1,0][0.005,0.307717,0][0.844,-0.78477,1.55773][-0.385827,0,-0.92126][0.391771,0.196923,0][0.93778,-0.78477,1.73081][0,-1,0][0.408297,0.191799,0][0.582102,-0.78477,1.8805][0,-1,0][0.415119,0.225023,0][0.582102,-0.78477,1.8805][0,-1,0][0.415119,0.225023,0][0.523892,-0.78477,1.69245][-0.385827,0,-0.92126][0.397911,0.226825,0][0.844,-0.78477,1.55773][-0.385827,0,-0.92126][0.391771,0.196923,0][0.523892,-0.78477,1.69245][-0.385827,0,-0.92126][0.397911,0.226825,0][0.582102,-0.78477,1.8805][0,-1,0][0.415119,0.225023,0][0.204056,-0.78477,1.95793][0.204724,0,0.976378][0.415327,0.25894,0][0.93778,-0.78477,1.73081][0,-1,0][0.408297,0.191799,0][0.844,-0.78477,1.55773][-0.385827,0,-0.92126][0.391771,0.196923,0][1.13168,-0.78477,1.36314][-0.708661,0,-0.700787][0.379916,0.168794,0][0.582102,-0.78477,1.8805][0,-1,0][0.415119,0.225023,0][0.93778,-0.78477,1.73081][0,-1,0][0.408297,0.191799,0][1.12238,-0.472962,2.50708][0.385827,0,0.92126][0.47838,0.189163,0][-0.638264,-0.303894,-1.99707][0.370079,-0.204724,-0.905512][0.492503,0.825026,0][-0.540996,-0.411488,-1.93733][0.590551,0.0393701,-0.80315][0.484839,0.813566,0][-0.690432,-0.440416,-1.97525][0.275591,-0.559055,-0.779528][0.498626,0.813572,0][-0.704602,-0.359302,-2.00208][-0.346457,-0.015748,-0.937008][0.559085,0.980822,0][-0.638264,-0.303894,-1.99707][0.370079,-0.204724,-0.905512][0.565608,0.98474,0][-0.690432,-0.440416,-1.97525][0.275591,-0.559055,-0.779528][0.55262,0.98484,0][0.62294,-0.303894,-2.00148][-0.377953,-0.204724,-0.905512][0.484839,0.748343,0][0.67526,-0.440416,-1.98002][-0.283465,-0.559055,-0.779528][0.491139,0.736986,0][0.52609,-0.411488,-1.94106][-0.598425,0.0393701,-0.80315][0.498624,0.748565,0][0.68924,-0.359302,-2.00694][0.338583,-0.015748,-0.944882][0.960282,0.554366,0][0.67526,-0.440416,-1.98002][-0.283465,-0.559055,-0.779528][0.953672,0.550592,0][0.62294,-0.303894,-2.00148][-0.377953,-0.204724,-0.905512][0.966654,0.550207,0][0.39506,0.39777,-2.01232][0.88189,0.409449,-0.244094][0.696112,0.461901,0][0.364336,0.15134,-2.01188][0.992126,-0.102362,-0.00787402][0.674286,0.462097,0][0.295924,0.195174,-2.12194][0.456693,-0.0787402,-0.889764][0.677277,0.450451,0][-0.59722,-0.5027,-1.91381][0.779528,-0.527559,-0.338583][0.941504,0.52384,0][-0.681368,-0.563648,-1.87861][0.385827,-0.574803,-0.716535][0.942528,0.514252,0][-0.690432,-0.440416,-1.97525][0.275591,-0.559055,-0.779528][0.952735,0.52352,0][0.582478,-0.5027,-1.91793][-0.779528,-0.527559,-0.338583][0.592632,0.72428,0][0.67526,-0.440416,-1.98002][-0.283465,-0.559055,-0.779528][0.581422,0.72352,0][0.66687,-0.563648,-1.88332][-0.393701,-0.574803,-0.716535][0.591985,0.714659,0][0.582102,-0.58792,1.8805][0,1,0][0.307717,0.021496,0][0.582102,-0.78477,1.8805][0,-1,0][0.3025,0.005,0][1.00817,-0.472962,2.55516][0.385827,0,0.92126][0.377632,0.00998199,0][1.00817,-0.472962,2.55516][0.385827,0,0.92126][0.377632,0.00998199,0][1.00817,-0.40975,2.55516][0.385827,0,0.92126][0.379307,0.015279,0][0.582102,-0.58792,1.8805][0,1,0][0.307717,0.021496,0][-0.560732,-0.78477,1.88698][-0.188976,0,0.984252][0.907597,0.070213,0][-0.560732,-0.58792,1.88698][-0.188976,0,0.984252][0.913457,0.053934,0][-0.979114,-0.40975,2.56642][-0.377953,0,0.929134][0.984748,0.062953,0][-0.979114,-0.40975,2.56642][-0.377953,0,0.929134][0.984748,0.062953,0][-0.979114,-0.472962,2.56642][-0.377953,0,0.929134][0.982867,0.068181,0][-0.560732,-0.78477,1.88698][-0.188976,0,0.984252][0.907597,0.070213,0][-0.376196,0.151258,-2.0093][-0.96063,-0.283465,0.00787402][0.297047,0.83527,0][-0.409098,0.39777,-2.0095][-0.905512,-0.322835,-0.267717][0.276017,0.829308,0][-0.313196,0.195216,-2.11998][-0.456693,-0.102362,-0.88189][0.297177,0.82343,0][-0.59722,-0.105088,-1.91381][0.480315,0.850394,-0.220472][0.520302,0.807042,0][-0.540996,-0.196302,-1.93733][0.275591,0.393701,-0.874016][0.52025,0.797401,0][-0.690432,-0.167374,-1.97525][0.0472441,0.629921,-0.771654][0.531428,0.805471,0][0.582478,-0.105088,-1.91793][-0.480315,0.850394,-0.212598][0.609426,0.75938,0][0.67526,-0.167374,-1.98002][-0.0551181,0.629921,-0.771654][0.620658,0.759676,0][0.52609,-0.196302,-1.94106][-0.283465,0.393701,-0.874016][0.61047,0.768965,0][0.364336,0.15134,-2.01188][0.992126,-0.102362,-0.00787402][0.039858,0.168145,0][0.279812,-0.120364,-2.01168][0.984252,-0.110236,-0.149606][0.063172,0.177196,0][0.295924,0.195174,-2.12194][0.456693,-0.0787402,-0.889764][0.03379,0.178526,0][-0.59722,-0.5027,-1.91381][0.779528,-0.527559,-0.338583][0.899336,0.584278,0][-0.690432,-0.440416,-1.97525][0.275591,-0.559055,-0.779528][0.888104,0.583982,0][-0.540996,-0.411488,-1.93733][0.590551,0.0393701,-0.80315][0.898292,0.574693,0][0.582478,-0.5027,-1.91793][-0.779528,-0.527559,-0.338583][0.930189,0.514252,0][0.52609,-0.411488,-1.94106][-0.598425,0.0393701,-0.80315][0.930241,0.523894,0][0.67526,-0.440416,-1.98002][-0.283465,-0.559055,-0.779528][0.919063,0.515824,0][0.155812,-0.336876,-2.01118][0.88189,-0.464567,-0.015748][0.369304,0.277274,0][-0.00702,-0.536258,-2.0109][0.606299,-0.377953,-0.700787][0.360625,0.298169,0][0.12858,-0.231976,-2.12092][0.244094,-0.110236,-0.96063][0.360081,0.267339,0][-0.291334,-0.120348,-2.0096][-0.76378,-0.629921,-0.133858][0.412863,0.177915,0][-0.376196,0.151258,-2.0093][-0.96063,-0.283465,0.00787402][0.435886,0.168145,0][-0.313196,0.195216,-2.11998][-0.456693,-0.102362,-0.88189][0.442309,0.178093,0][-0.521252,-0.303894,-1.94559][0.889764,0.228346,-0.393701][0.821837,0.559761,0][-0.638264,-0.303894,-1.99707][0.370079,-0.204724,-0.905512][0.810602,0.559761,0][-0.540996,-0.196302,-1.93733][0.275591,0.393701,-0.874016][0.820541,0.550207,0][0.506288,-0.303894,-1.94918][-0.897638,0.228346,-0.385827][0.69265,0.636619,0][0.52609,-0.196302,-1.94106][-0.283465,0.393701,-0.874016][0.693946,0.627064,0][0.62294,-0.303894,-2.00148][-0.377953,-0.204724,-0.905512][0.703886,0.636619,0][-0.00702,-0.536258,-2.0109][0.606299,-0.377953,-0.700787][0.27681,0.368918,0][-0.164386,-0.336926,-2.01004][-0.80315,-0.590551,0.00787402][0.297308,0.360081,0][-0.14144,-0.231734,-2.11998][-0.259843,-0.102362,-0.96063][0.307597,0.368858,0][-0.521252,-0.303894,-1.94559][0.889764,0.228346,-0.393701][0.671906,0.759279,0][-0.540996,-0.411488,-1.93733][0.590551,0.0393701,-0.80315][0.67061,0.768833,0][-0.638264,-0.303894,-1.99707][0.370079,-0.204724,-0.905512][0.660671,0.759279,0][0.506288,-0.303894,-1.94918][-0.897638,0.228346,-0.385827][0.686919,0.734619,0][0.62294,-0.303894,-2.00148][-0.377953,-0.204724,-0.905512][0.698154,0.734619,0][0.52609,-0.411488,-1.94106][-0.598425,0.0393701,-0.80315][0.688215,0.744174,0][0.279812,-0.120364,-2.01168][0.984252,-0.110236,-0.149606][0.752733,0.429201,0][0.155812,-0.336876,-2.01118][0.88189,-0.464567,-0.015748][0.771665,0.418133,0][0.12858,-0.231976,-2.12092][0.244094,-0.110236,-0.96063][0.771678,0.431689,0][-0.164386,-0.336926,-2.01004][-0.80315,-0.590551,0.00787402][0.687161,0.335651,0][-0.291334,-0.120348,-2.0096][-0.76378,-0.629921,-0.133858][0.669511,0.32241,0][-0.14144,-0.231734,-2.11998][-0.259843,-0.102362,-0.96063][0.688576,0.3222,0][0.279944,0.67373,-1.98915][0.574803,0.393701,0.724409][0.805066,0.864814,0][0.364404,0.54959,-1.98954][0.984252,0.165354,0.00787402][0.791954,0.866307,0][0.36433,0.54959,-2.01128][0.80315,0.590551,-0.023622][0.791737,0.864408,0][0.279868,0.67373,-2.01088][0.393701,0.598425,-0.692913][0.83956,0.792367,0][0.279944,0.67373,-1.98915][0.574803,0.393701,0.724409][0.839778,0.794266,0][0.36433,0.54959,-2.01128][0.80315,0.590551,-0.023622][0.826448,0.79386,0][-0.29133,0.67422,-2.009][-0.826772,0.307087,-0.464567][0.920235,0.773462,0][-0.376194,0.54992,-2.0087][-0.984252,0.181102,-0.015748][0.907006,0.773462,0][-0.37612,0.54992,-1.98696][-0.80315,0.590551,0.015748][0.907006,0.771551,0][-0.291256,0.67422,-1.98725][-0.385827,0.574803,0.724409][0.854286,0.809295,0][-0.29133,0.67422,-2.009][-0.826772,0.307087,-0.464567][0.854286,0.811206,0][-0.37612,0.54992,-1.98696][-0.80315,0.590551,0.015748][0.841057,0.809295,0][-1.96009,-0.58792,-0.181801][0,1,0][0.178036,0.904152,0][-1.76408,-0.58792,-0.163617][0,1,0][0.178036,0.88693,0][-1.81175,0.120558,-0.306086][0,1,0][0.240306,0.891077,0][-1.81175,0.120558,-0.306086][0,1,0][0.240306,0.891077,0][-1.86007,0.120558,-0.310568][0,1,0][0.240306,0.895321,0][-1.96009,-0.58792,-0.181801][0,1,0][0.178036,0.904152,0][1.76211,-0.58792,-0.183619][-0.976378,0,0.19685][0.099588,0.968702,0][1.9579,-0.58792,-0.204024][0.976378,0,-0.19685][0.099588,0.951488,0][1.85641,0.120558,-0.331648][0,1,0][0.161858,0.960368,0][1.85641,0.120558,-0.331648][0,1,0][0.161858,0.960368,0][1.80816,0.120558,-0.32662][0,1,0][0.161858,0.964611,0][1.76211,-0.58792,-0.183619][-0.976378,0,0.19685][0.099588,0.968702,0][-0.937778,-0.78477,-1.73075][-0.559055,0,-0.826772][0.671595,0.258915,0][-0.937778,-0.58792,-1.73075][-0.559055,0,-0.826772][0.677455,0.242636,0][-1.12238,-0.40975,-2.50702][-0.385827,0,-0.92126][0.747008,0.25103,0][-1.12238,-0.40975,-2.50702][-0.385827,0,-0.92126][0.747008,0.25103,0][-1.12238,-0.472962,-2.50702][-0.385827,0,-0.92126][0.745127,0.256258,0][-0.937778,-0.78477,-1.73075][-0.559055,0,-0.826772][0.671595,0.258915,0][0.918084,-0.58792,-1.74127][0,1,0][0.106052,0.839595,0][0.918084,-0.78477,-1.74127][0,-1,0][0.099588,0.823546,0][1.09386,-0.472962,-2.5196][0.377953,0,-0.929134][0.173232,0.82343,0][1.09386,-0.472962,-2.5196][0.377953,0,-0.929134][0.173232,0.82343,0][1.09386,-0.40975,-2.5196][0.377953,0,-0.929134][0.175308,0.828583,0][0.918084,-0.58792,-1.74127][0,1,0][0.106052,0.839595,0][-1.88047,-0.58792,0.582134][0,1,0][0.640573,0.434678,0][-1.69242,-0.58792,0.523924][0,1,0][0.640573,0.418133,0][-1.79099,0.120558,0.410542][0,1,0][0.702843,0.426761,0][-1.79099,0.120558,0.410542][0,1,0][0.702843,0.426761,0][-1.83734,0.120558,0.42489][0,1,0][0.702843,0.430839,0][-1.88047,-0.58792,0.582134][0,1,0][0.640573,0.434678,0][1.69825,-0.58792,0.50469][-0.984252,0,-0.188976][0.255323,0.903498,0][1.88695,-0.58792,0.560764][0.984252,0,0.188976][0.255323,0.88693,0][1.84203,0.120558,0.40402][0,1,0][0.317593,0.89083,0][1.84203,0.120558,0.40402][0,1,0][0.317593,0.89083,0][1.79552,0.120558,0.390198][0,1,0][0.317593,0.894913,0][1.69825,-0.58792,0.50469][-0.984252,0,-0.188976][0.255323,0.903498,0][-0.181832,-0.58792,1.96012][0,1,0][0.839262,0.144768,0][-0.181832,-0.78477,1.96012][0,-1,0][0.84448,0.161265,0][-0.04638,-0.472962,2.74646][0.00787402,0,1][0.770279,0.155988,0][-0.04638,-0.472962,2.74646][0.00787402,0,1][0.770279,0.155988,0][-0.04638,-0.40975,2.74646][0.00787402,0,1][0.768604,0.150691,0][-0.181832,-0.58792,1.96012][0,1,0][0.839262,0.144768,0][0.204056,-0.78477,1.95793][0.204724,0,0.976378][0.773055,0.112113,0][0.204056,-0.58792,1.95793][0.19685,0,0.976378][0.778916,0.095834,0][0.077534,-0.40975,2.74576][0.00787402,0,1][0.849335,0.10454,0][0.077534,-0.40975,2.74576][0.00787402,0,1][0.849335,0.10454,0][0.077534,-0.472962,2.74576][0.00787402,0,1][0.847453,0.109767,0][0.204056,-0.78477,1.95793][0.204724,0,0.976378][0.773055,0.112113,0][-1.74131,-0.58792,-0.918052][0,1,0][0.099588,0.904232,0][-1.56717,-0.58792,-0.826244][0,1,0][0.099588,0.88693,0][-1.5567,0.120556,-0.97611][0,1,0][0.16302,0.892259,0][-1.5567,0.120556,-0.97611][0,1,0][0.16302,0.892259,0][-1.59961,0.120556,-0.99874][0,1,0][0.16302,0.896524,0][-1.74131,-0.58792,-0.918052][0,1,0][0.099588,0.904232,0][1.55769,-0.58792,-0.843968][-0.826772,0,0.559055][0.840473,0.259938,0][1.73078,-0.58792,-0.937746][0.826772,0,-0.559055][0.840473,0.242636,0][1.58818,0.120556,-1.01682][0,1,0][0.903904,0.250345,0][1.58818,0.120556,-1.01682][0,1,0][0.903904,0.250345,0][1.54552,0.120556,-0.993708][0,1,0][0.903904,0.254609,0][1.55769,-0.58792,-0.843968][-0.826772,0,0.559055][0.840473,0.259938,0][-1.02026,-0.196302,-1.73686][-0.992126,-0.0393701,-0.149606][0.807621,0.501876,0][-1.04,-0.303894,-1.7286][-0.905512,-0.228346,0.362205][0.798144,0.502236,0][-1.03653,-0.303894,-1.72029][-0.889764,0.228346,0.385827][0.79806,0.50151,0][-1.01678,-0.196302,-1.72855][-0.314961,0.614173,0.724409][0.969464,0.309724,0][-1.02026,-0.196302,-1.73686][-0.992126,-0.0393701,-0.149606][0.969547,0.310451,0][-1.03653,-0.303894,-1.72029][-0.889764,0.228346,0.385827][0.959987,0.310084,0][1.00674,-0.196302,-1.74393][0.984252,-0.0393701,-0.149606][0.877939,0.668602,0][1.02313,-0.303894,-1.72748][0.897638,0.228346,0.385827][0.868297,0.669393,0][1.02655,-0.303894,-1.73581][0.905512,-0.228346,0.354331][0.868297,0.668602,0][1.00333,-0.196302,-1.7356][0.314961,0.614173,0.724409][0.713252,0.954494,0][1.02313,-0.303894,-1.72748][0.897638,0.228346,0.385827][0.722728,0.954871,0][1.00674,-0.196302,-1.74393][0.984252,-0.0393701,-0.149606][0.713167,0.95522,0][-1.04,-0.303894,-1.7286][-0.905512,-0.228346,0.362205][0.748431,0.987623,0][-1.02026,-0.411488,-1.73686][-0.732283,-0.629921,-0.251969][0.738974,0.988343,0][-1.01678,-0.411488,-1.72855][-0.559055,0.0314961,0.826772][0.738974,0.987612,0][-1.03653,-0.303894,-1.72029][-0.889764,0.228346,0.385827][0.670127,0.977656,0][-1.04,-0.303894,-1.7286][-0.905512,-0.228346,0.362205][0.670127,0.978387,0][-1.01678,-0.411488,-1.72855][-0.559055,0.0314961,0.826772][0.660671,0.978375,0][1.02655,-0.303894,-1.73581][0.905512,-0.228346,0.354331][0.924309,0.878289,0][1.00333,-0.411488,-1.7356][0.566929,0.0314961,0.826772][0.914852,0.8783,0][1.00674,-0.411488,-1.74393][0.732283,-0.637795,-0.251969][0.914852,0.877569,0][1.02313,-0.303894,-1.72748][0.897638,0.228346,0.385827][0.89965,0.894108,0][1.00333,-0.411488,-1.7356][0.566929,0.0314961,0.826772][0.890193,0.893389,0][1.02655,-0.303894,-1.73581][0.905512,-0.228346,0.354331][0.89965,0.893377,0][-0.409024,0.39777,-1.98776][-0.677165,0.125984,0.724409][0.811691,0.668683,0][-0.37612,0.54992,-1.98696][-0.80315,0.590551,0.015748][0.825064,0.668602,0][-0.376194,0.54992,-2.0087][-0.984252,0.181102,-0.015748][0.825064,0.670513,0][-0.409098,0.39777,-2.0095][-0.905512,-0.322835,-0.267717][0.885701,0.736505,0][-0.409024,0.39777,-1.98776][-0.677165,0.125984,0.724409][0.885701,0.734594,0][-0.376194,0.54992,-2.0087][-0.984252,0.181102,-0.015748][0.899073,0.736424,0][-0.964034,-0.105088,-1.76037][-0.787402,0.527559,0.314961][0.27391,0.11061,0][-1.02026,-0.196302,-1.73686][-0.992126,-0.0393701,-0.149606][0.27391,0.100968,0][-1.01678,-0.196302,-1.72855][-0.314961,0.614173,0.724409][0.274701,0.100968,0][-0.960558,-0.105088,-1.75207][-0.480315,0.850394,0.212598][0.591064,0.99027,0][-0.964034,-0.105088,-1.76037][-0.787402,0.527559,0.314961][0.591064,0.991062,0][-1.01678,-0.196302,-1.72855][-0.314961,0.614173,0.724409][0.581422,0.99027,0][0.950354,-0.105088,-1.76706][0.795276,0.527559,0.307087][0.230524,0.055996,0][1.00333,-0.196302,-1.7356][0.314961,0.614173,0.724409][0.240166,0.055205,0][1.00674,-0.196302,-1.74393][0.984252,-0.0393701,-0.149606][0.240166,0.055996,0][0.364404,0.54959,-1.98954][0.984252,0.165354,0.00787402][0.890512,0.648345,0][0.395136,0.39777,-1.99057][0.700787,-0.11811,0.708661][0.877246,0.649781,0][0.39506,0.39777,-2.01232][0.88189,0.409449,-0.244094][0.877029,0.647883,0][0.36433,0.54959,-2.01128][0.80315,0.590551,-0.023622][0.622692,0.989855,0][0.364404,0.54959,-1.98954][0.984252,0.165354,0.00787402][0.62291,0.991754,0][0.39506,0.39777,-2.01232][0.88189,0.409449,-0.244094][0.609426,0.991291,0][0.946936,-0.105088,-1.75872][0.480315,0.850394,0.212598][0.928262,0.810086,0][1.00333,-0.196302,-1.7356][0.314961,0.614173,0.724409][0.91862,0.810086,0][0.950354,-0.105088,-1.76706][0.795276,0.527559,0.307087][0.928262,0.809295,0][1.37586,-0.58792,1.11617][-0.834646,0,-0.551181][0.864352,0.113136,0][1.52873,-0.58792,1.24018][0.834646,0,0.551181][0.864352,0.095834,0][1.54722,0.120558,1.07819][0,1,0][0.927783,0.103543,0][1.54722,0.120558,1.07819][0,1,0][0.927783,0.103543,0][1.50954,0.120558,1.04762][0,1,0][0.927783,0.107807,0][1.37586,-0.58792,1.11617][-0.834646,0,-0.551181][0.864352,0.113136,0][-1.51457,-0.58792,1.25745][0,1,0][0.762025,0.259938,0][-1.36311,-0.58792,1.13171][0,1,0][0.762025,0.242636,0][-1.49756,0.120558,1.06468][0,1,0][0.825456,0.247965,0][-1.49756,0.120558,1.06468][0,1,0][0.825456,0.247965,0][-1.53488,0.120558,1.09567][0,1,0][0.825456,0.252229,0][-1.51457,-0.58792,1.25745][0,1,0][0.762025,0.259938,0][-1.02026,-0.411488,-1.73686][-0.732283,-0.629921,-0.251969][0.92772,0.753996,0][-0.964034,-0.5027,-1.76037][-0.488189,-0.850394,0.188976][0.918078,0.753996,0][-0.960558,-0.5027,-1.75207][-0.779528,-0.527559,0.338583][0.918078,0.753205,0][-1.01678,-0.411488,-1.72855][-0.559055,0.0314961,0.826772][0.722809,0.891262,0][-1.02026,-0.411488,-1.73686][-0.732283,-0.629921,-0.251969][0.722809,0.892054,0][-0.960558,-0.5027,-1.75207][-0.779528,-0.527559,0.338583][0.713167,0.891262,0][1.00333,-0.411488,-1.7356][0.566929,0.0314961,0.826772][0.722809,0.907862,0][0.946936,-0.5027,-1.75872][0.779528,-0.527559,0.338583][0.713167,0.907862,0][1.00674,-0.411488,-1.74393][0.732283,-0.637795,-0.251969][0.722809,0.90707,0][1.00674,-0.411488,-1.74393][0.732283,-0.637795,-0.251969][0.878945,0.809295,0][0.946936,-0.5027,-1.75872][0.779528,-0.527559,0.338583][0.869303,0.810086,0][0.950354,-0.5027,-1.76706][0.496063,-0.850394,0.188976][0.869303,0.809295,0][0.204056,-0.78477,1.95793][0.204724,0,0.976378][0.415327,0.25894,0][0.18365,-0.78477,1.76214][-0.19685,0,-0.976378][0.398099,0.25735,0][0.523892,-0.78477,1.69245][-0.385827,0,-0.92126][0.397911,0.226825,0][-0.560732,-0.78477,1.88698][-0.188976,0,0.984252][0.396129,0.323661,0][-0.504658,-0.78477,1.69828][0.188976,0,-0.984252][0.38082,0.315599,0][-0.163648,-0.78477,1.76411][-0.00787402,0,-1][0.392328,0.287325,0][-1.24015,-0.78477,1.52876][-0.551181,0,0.834646][0.353625,0.376108,0][-1.11613,-0.78477,1.3759][0.551181,0,-0.834646][0.342567,0.362801,0][-0.826276,-0.78477,1.56721][0.377953,0,-0.929134][0.364018,0.341084,0][-1.73078,-0.78477,0.93781][-0.826772,0,0.559055][0.294285,0.408297,0][-1.55769,-0.78477,0.844032][0.826772,0,-0.559055][0.289161,0.391771,0][-1.36311,-0.78477,1.13171][0.700787,0,-0.708661][0.31729,0.379916,0][-1.9579,-0.78477,0.204088][-0.976378,0,0.204724][0.227144,0.415327,0][-1.76211,-0.78477,0.183681][0.976378,0,-0.19685][0.228734,0.398099,0][-1.69242,-0.78477,0.523924][0.92126,0,-0.385827][0.259259,0.397911,0][-1.88695,-0.78477,-0.5607][-0.984252,0,-0.188976][0.162424,0.396129,0][-1.69825,-0.78477,-0.504626][0.984252,0,0.188976][0.170486,0.380821,0][-1.76408,-0.78477,-0.163617][1,0,-0.00787402][0.198759,0.392328,0][-1.52873,-0.78477,-1.24012][-0.834646,0,-0.551181][0.109977,0.353625,0][-1.37586,-0.78477,-1.1161][0.834646,0,0.551181][0.123283,0.342567,0][-1.56717,-0.78477,-0.826244][0.929134,0,0.377953][0.145,0.364018,0][-0.937778,-0.78477,-1.73075][-0.559055,0,-0.826772][0.077787,0.294285,0][-0.844,-0.78477,-1.55766][0.559055,0,0.826772][0.094313,0.289161,0][-1.13168,-0.78477,-1.36308][0.708661,0,0.700787][0.106168,0.31729,0][-0.204056,-0.78477,-1.95787][-0.204724,0,-0.976378][0.070757,0.227144,0][-0.18365,-0.78477,-1.76208][0.19685,0,0.976378][0.087985,0.228734,0][-0.523892,-0.78477,-1.69239][0.385827,0,0.92126][0.088173,0.259259,0][0.560732,-0.78477,-1.88692][0.188976,0,-0.984252][0.089955,0.162424,0][0.504658,-0.78477,-1.69822][-0.188976,0,0.984252][0.105264,0.170486,0][0.163648,-0.78477,-1.76405][0.00787402,0,1][0.093756,0.198759,0][1.24015,-0.78477,-1.5287][0.551181,0,-0.834646][0.13246,0.109977,0][1.11613,-0.78477,-1.37583][-0.551181,0,0.834646][0.143518,0.123283,0][0.826276,-0.78477,-1.56714][-0.377953,0,0.929134][0.122066,0.145,0][1.73078,-0.78477,-0.937746][0.826772,0,-0.559055][0.191799,0.077787,0][1.55769,-0.78477,-0.843968][-0.826772,0,0.559055][0.196923,0.094313,0][1.36311,-0.78477,-1.13164][-0.700787,0,0.708661][0.168794,0.106168,0][1.9579,-0.78477,-0.204024][0.976378,0,-0.204724][0.25894,0.070757,0][1.76211,-0.78477,-0.183619][-0.976378,0,0.19685][0.25735,0.087985,0][1.69242,-0.78477,-0.52386][-0.92126,0,0.385827][0.226825,0.088173,0][1.88695,-0.78477,0.560764][0.984252,0,0.188976][0.323661,0.089955,0][1.69825,-0.78477,0.50469][-0.984252,0,-0.188976][0.315599,0.105264,0][1.76408,-0.78477,0.163679][-1,0,0.00787402][0.287325,0.093756,0][1.52873,-0.78477,1.24018][0.834646,0,0.551181][0.376108,0.13246,0][1.37586,-0.78477,1.11617][-0.834646,0,-0.551181][0.362801,0.143518,0][1.56717,-0.78477,0.826308][-0.929134,0,-0.377953][0.341084,0.122066,0][-0.879886,-0.044142,-1.79558][-0.779528,0.574803,-0.228346][0.670313,0.899408,0][-0.964034,-0.105088,-1.76037][-0.787402,0.527559,0.314961][0.660671,0.899408,0][-0.960558,-0.105088,-1.75207][-0.480315,0.850394,0.212598][0.660671,0.898616,0][-0.876412,-0.044142,-1.78727][0.244094,0.834646,0.488189][0.091886,0.398513,0][-0.879886,-0.044142,-1.79558][-0.779528,0.574803,-0.228346][0.091095,0.398513,0][-0.960558,-0.105088,-1.75207][-0.480315,0.850394,0.212598][0.091886,0.388871,0][0.865962,-0.044142,-1.80167][0.779528,0.574803,-0.23622][0.927256,0.668602,0][0.946936,-0.105088,-1.75872][0.480315,0.850394,0.212598][0.917615,0.669393,0][0.950354,-0.105088,-1.76706][0.795276,0.527559,0.307087][0.917615,0.668602,0][0.862546,-0.044142,-1.79334][-0.23622,0.834646,0.496063][0.27391,0.124006,0][0.946936,-0.105088,-1.75872][0.480315,0.850394,0.212598][0.27391,0.114364,0][0.865962,-0.044142,-1.80167][0.779528,0.574803,-0.23622][0.274701,0.124006,0][0.424858,0.120558,1.83737][0,1,0][0.721523,0.855948,0][0.410512,0.120558,1.79102][0,1,0][0.721237,0.860203,0][0.326652,0.120558,1.80819][0,1,0][0.713717,0.860437,0][0.326652,0.120558,1.80819][0,1,0][0.713717,0.860437,0][0.331682,0.120558,1.85645][0,1,0][0.713167,0.856209,0][0.424858,0.120558,1.83737][0,1,0][0.721523,0.855948,0][-0.3106,0.120558,1.8601][0,1,0][0.88363,0.77581,0][-0.306118,0.120558,1.81178][0,1,0][0.88404,0.771565,0][-0.390166,0.120558,1.79555][0,1,0][0.891564,0.771551,0][-0.390166,0.120558,1.79555][0,1,0][0.891564,0.771551,0][-0.403988,0.120558,1.84206][0,1,0][0.891989,0.775795,0][-0.3106,0.120558,1.8601][0,1,0][0.88363,0.77581,0][-0.998772,0.120558,1.59964][0,1,0][0.889199,0.226021,0][-0.976142,0.120558,1.55673][0,1,0][0.88883,0.230269,0][-1.04759,0.120558,1.50957][0,1,0][0.881307,0.230356,0][-1.04759,0.120558,1.50957][0,1,0][0.881307,0.230356,0][-1.07816,0.120558,1.54725][0,1,0][0.88084,0.226118,0][-0.998772,0.120558,1.59964][0,1,0][0.889199,0.226021,0][-1.53488,0.120558,1.09567][0,1,0][0.58978,0.970841,0][-1.49756,0.120558,1.06468][0,1,0][0.589453,0.975093,0][-1.54552,0.120558,0.993772][0,1,0][0.581931,0.975254,0][-1.54552,0.120558,0.993772][0,1,0][0.581931,0.975254,0][-1.58818,0.120558,1.01688][0,1,0][0.581422,0.97102,0][-1.53488,0.120558,1.09567][0,1,0][0.58978,0.970841,0][-1.83734,0.120558,0.42489][0,1,0][0.413769,0.703315,0][-1.79099,0.120558,0.410542][0,1,0][0.414054,0.69906,0][-1.80816,0.120558,0.326684][0,1,0][0.421574,0.698825,0][-1.80816,0.120558,0.326684][0,1,0][0.421574,0.698825,0][-1.85641,0.120558,0.331714][0,1,0][0.422124,0.703054,0][-1.83734,0.120558,0.42489][0,1,0][0.413769,0.703315,0][-1.86007,0.120558,-0.310568][0,1,0][0.934592,0.175951,0][-1.81175,0.120558,-0.306086][0,1,0][0.934182,0.180195,0][-1.79552,0.120556,-0.390134][0,1,0][0.926658,0.180209,0][-1.79552,0.120556,-0.390134][0,1,0][0.926658,0.180209,0][-1.84203,0.120556,-0.403956][0,1,0][0.926233,0.175966,0][-1.86007,0.120558,-0.310568][0,1,0][0.934592,0.175951,0][-1.59961,0.120556,-0.99874][0,1,0][0.991028,0.710017,0][-1.5567,0.120556,-0.97611][0,1,0][0.990659,0.714266,0][-1.50954,0.120556,-1.04755][0,1,0][0.983136,0.714353,0][-1.50954,0.120556,-1.04755][0,1,0][0.983136,0.714353,0][-1.54722,0.120556,-1.07812][0,1,0][0.982669,0.710114,0][-1.59961,0.120556,-0.99874][0,1,0][0.991028,0.710017,0][-1.09563,0.120556,-1.53485][0,1,0][0.406896,0.752172,0][-1.06464,0.120556,-1.49753][0,1,0][0.407223,0.74792,0][-0.99374,0.120556,-1.54549][0,1,0][0.414745,0.747759,0][-0.99374,0.120556,-1.54549][0,1,0][0.414745,0.747759,0][-1.01685,0.120556,-1.58815][0,1,0][0.415254,0.751993,0][-1.09563,0.120556,-1.53485][0,1,0][0.406896,0.752172,0][-0.424858,0.120556,-1.83731][0,1,0][0.686919,0.859026,0][-0.41051,0.120556,-1.79096][0,1,0][0.687204,0.854771,0][-0.326652,0.120556,-1.80813][0,1,0][0.694724,0.854537,0][-0.326652,0.120556,-1.80813][0,1,0][0.694724,0.854537,0][-0.331682,0.120556,-1.85638][0,1,0][0.695274,0.858765,0][-0.424858,0.120556,-1.83731][0,1,0][0.686919,0.859026,0][0.3106,0.120556,-1.86003][0,1,0][0.974384,0.687416,0][0.306118,0.120556,-1.81172][0,1,0][0.973973,0.691661,0][0.390166,0.120556,-1.79549][0,1,0][0.96645,0.691675,0][0.390166,0.120556,-1.79549][0,1,0][0.96645,0.691675,0][0.403988,0.120556,-1.842][0,1,0][0.966024,0.687432,0][0.3106,0.120556,-1.86003][0,1,0][0.974384,0.687416,0][0.998772,0.120556,-1.59957][0,1,0][0.875693,0.27929,0][0.976144,0.120556,-1.55667][0,1,0][0.876062,0.275042,0][1.04759,0.120556,-1.5095][0,1,0][0.883585,0.274955,0][1.04759,0.120556,-1.5095][0,1,0][0.883585,0.274955,0][1.07816,0.120556,-1.54719][0,1,0][0.884052,0.279193,0][0.998772,0.120556,-1.59957][0,1,0][0.875693,0.27929,0][1.53488,0.120556,-1.0956][0,1,0][0.660671,0.8836,0][1.49756,0.120556,-1.06461][0,1,0][0.660998,0.879348,0][1.54552,0.120556,-0.993708][0,1,0][0.66852,0.879187,0][1.54552,0.120556,-0.993708][0,1,0][0.66852,0.879187,0][1.58818,0.120556,-1.01682][0,1,0][0.669028,0.883421,0][1.53488,0.120556,-1.0956][0,1,0][0.660671,0.8836,0][1.83734,0.120556,-0.424826][0,1,0][0.909636,0.128153,0][1.79099,0.120556,-0.410478][0,1,0][0.909351,0.132408,0][1.80816,0.120558,-0.32662][0,1,0][0.901831,0.132642,0][1.80816,0.120558,-0.32662][0,1,0][0.901831,0.132642,0][1.85641,0.120558,-0.331648][0,1,0][0.901281,0.128414,0][1.83734,0.120556,-0.424826][0,1,0][0.909636,0.128153,0][1.86007,0.120558,0.310632][0,1,0][0.831644,0.229256,0][1.81175,0.120558,0.30615][0,1,0][0.832054,0.225012,0][1.79552,0.120558,0.390198][0,1,0][0.839578,0.224998,0][1.79552,0.120558,0.390198][0,1,0][0.839578,0.224998,0][1.84203,0.120558,0.40402][0,1,0][0.840004,0.229241,0][1.86007,0.120558,0.310632][0,1,0][0.831644,0.229256,0][1.59961,0.120558,0.998804][0,1,0][0.738974,0.893555,0][1.5567,0.120558,0.976176][0,1,0][0.739343,0.889307,0][1.50954,0.120558,1.04762][0,1,0][0.746866,0.88922,0][1.50954,0.120558,1.04762][0,1,0][0.746866,0.88922,0][1.54722,0.120558,1.07819][0,1,0][0.747333,0.893459,0][1.59961,0.120558,0.998804][0,1,0][0.738974,0.893555,0][1.09563,0.120558,1.53492][0,1,0][0.799638,0.274955,0][1.06464,0.120558,1.49759][0,1,0][0.799311,0.279206,0][0.99374,0.120558,1.54555][0,1,0][0.791789,0.279368,0][0.99374,0.120558,1.54555][0,1,0][0.791789,0.279368,0][1.01685,0.120558,1.58821][0,1,0][0.791281,0.275134,0][1.09563,0.120558,1.53492][0,1,0][0.799638,0.274955,0][-1.25741,-0.58792,-1.51454][0,1,0][0.384513,0.683809,0][-1.13168,-0.58792,-1.36308][0,1,0][0.384513,0.666507,0][-1.06464,0.120556,-1.49753][0,1,0][0.447944,0.671836,0][-1.06464,0.120556,-1.49753][0,1,0][0.447944,0.671836,0][-1.09563,0.120556,-1.53485][0,1,0][0.447944,0.6761,0][-1.25741,-0.58792,-1.51454][0,1,0][0.384513,0.683809,0][-0.964034,-0.5027,-1.76037][-0.488189,-0.850394,0.188976][0.816395,0.956927,0][-0.879886,-0.563648,-1.79558][-0.165354,-0.858268,-0.488189][0.824403,0.956549,0][-0.87641,-0.563648,-1.78727][-0.354331,-0.566929,0.740157][0.82444,0.957339,0][-0.960558,-0.5027,-1.75207][-0.779528,-0.527559,0.338583][0.895352,0.275745,0][-0.964034,-0.5027,-1.76037][-0.488189,-0.850394,0.188976][0.895314,0.274955,0][-0.87641,-0.563648,-1.78727][-0.354331,-0.566929,0.740157][0.90336,0.275367,0][1.11613,-0.58792,-1.37583][-0.551181,0,0.834646][0.484839,0.370797,0][1.24015,-0.58792,-1.5287][0.551181,0,-0.834646][0.484839,0.353496,0][1.07816,0.120556,-1.54719][0,1,0][0.54827,0.361204,0][1.07816,0.120556,-1.54719][0,1,0][0.54827,0.361204,0][1.04759,0.120556,-1.5095][0,1,0][0.54827,0.365469,0][1.11613,-0.58792,-1.37583][-0.551181,0,0.834646][0.484839,0.370797,0][0.950354,-0.5027,-1.76706][0.496063,-0.850394,0.188976][0.888616,0.925646,0][0.862546,-0.563648,-1.79334][0.362205,-0.566929,0.740157][0.89664,0.924933,0][0.865962,-0.563648,-1.80167][0.15748,-0.858268,-0.488189][0.896633,0.925725,0][0.946936,-0.5027,-1.75872][0.779528,-0.527559,0.338583][0.939333,0.877569,0][0.862546,-0.563648,-1.79334][0.362205,-0.566929,0.740157][0.947349,0.877648,0][0.950354,-0.5027,-1.76706][0.496063,-0.850394,0.188976][0.939325,0.878361,0][-0.204056,-0.78477,-1.95787][-0.204724,0,-0.976378][0.286345,0.73172,0][-0.204056,-0.58792,-1.95787][-0.19685,0,-0.976378][0.292205,0.715441,0][-0.077534,-0.40975,-2.7457][-0.00787402,0,-1][0.362624,0.724146,0][-0.077534,-0.40975,-2.7457][-0.00787402,0,-1][0.362624,0.724146,0][-0.077534,-0.472962,-2.7457][-0.00787402,0,-1][0.360742,0.729374,0][-0.204056,-0.78477,-1.95787][-0.204724,0,-0.976378][0.286345,0.73172,0][0.181832,-0.58792,-1.96005][0,1,0][0.075659,0.861577,0][0.181832,-0.78477,-1.96005][0,-1,0][0.080876,0.878073,0][0.04638,-0.472962,-2.7464][-0.00787402,0,-1][0.006675,0.872797,0][0.04638,-0.472962,-2.7464][-0.00787402,0,-1][0.006675,0.872797,0][0.04638,-0.40975,-2.7464][-0.00787402,0,-1][0.005,0.8675,0][0.181832,-0.58792,-1.96005][0,1,0][0.075659,0.861577,0][1.12238,-0.472962,2.50708][0.385827,0,0.92126][0.47838,0.189163,0][1.00817,-0.472962,2.55516][0.385827,0,0.92126][0.48057,0.199831,0][0.582102,-0.78477,1.8805][0,-1,0][0.415119,0.225023,0][1.13168,-0.78477,1.36314][-0.708661,0,-0.700787][0.379916,0.168794,0][1.25741,-0.78477,1.5146][0,-1,0][0.395125,0.160544,0][0.93778,-0.78477,1.73081][0,-1,0][0.408297,0.191799,0][1.25741,-0.78477,1.5146][0,-1,0][0.395125,0.160544,0][1.13168,-0.78477,1.36314][-0.708661,0,-0.700787][0.379916,0.168794,0][1.37586,-0.78477,1.11617][-0.834646,0,-0.551181][0.362801,0.143518,0][1.37586,-0.78477,1.11617][-0.834646,0,-0.551181][0.362801,0.143518,0][1.52873,-0.78477,1.24018][0.834646,0,0.551181][0.376108,0.13246,0][1.25741,-0.78477,1.5146][0,-1,0][0.395125,0.160544,0][1.99635,-0.472962,1.88673][0.708661,0,0.700787][0.439847,0.103204,0][1.90923,-0.472962,1.97485][0.708661,0,0.700787][0.445953,0.112223,0][1.25741,-0.78477,1.5146][0,-1,0][0.395125,0.160544,0][1.25741,-0.78477,1.5146][0,-1,0][0.395125,0.160544,0][1.52873,-0.78477,1.24018][0.834646,0,0.551181][0.376108,0.13246,0][1.99635,-0.472962,1.88673][0.708661,0,0.700787][0.439847,0.103204,0][1.56717,-0.78477,0.826308][-0.929134,0,-0.377953][0.341084,0.122066,0][1.74131,-0.78477,0.918116][0,-1,0][0.351977,0.108625,0][1.52873,-0.78477,1.24018][0.834646,0,0.551181][0.376108,0.13246,0][1.74131,-0.78477,0.918116][0,-1,0][0.351977,0.108625,0][1.56717,-0.78477,0.826308][-0.929134,0,-0.377953][0.341084,0.122066,0][1.69825,-0.78477,0.50469][-0.984252,0,-0.188976][0.315599,0.105264,0][1.69825,-0.78477,0.50469][-0.984252,0,-0.188976][0.315599,0.105264,0][1.88695,-0.78477,0.560764][0.984252,0,0.188976][0.323661,0.089955,0][1.74131,-0.78477,0.918116][0,-1,0][0.351977,0.108625,0][2.5664,-0.472962,0.979146][0.929134,0,0.377953][0.371352,0.038535,0][2.51962,-0.472962,1.09389][0.929134,0,0.377953][0.380445,0.04453,0][1.74131,-0.78477,0.918116][0,-1,0][0.351977,0.108625,0][1.74131,-0.78477,0.918116][0,-1,0][0.351977,0.108625,0][1.88695,-0.78477,0.560764][0.984252,0,0.188976][0.323661,0.089955,0][2.5664,-0.472962,0.979146][0.929134,0,0.377953][0.371352,0.038535,0][1.76408,-0.78477,0.163679][-1,0,0.00787402][0.287325,0.093756,0][1.96009,-0.78477,0.181863][0,-1,0][0.292246,0.077169,0][1.88695,-0.78477,0.560764][0.984252,0,0.188976][0.323661,0.089955,0][1.96009,-0.78477,0.181863][0,-1,0][0.292246,0.077169,0][1.76408,-0.78477,0.163679][-1,0,0.00787402][0.287325,0.093756,0][1.76211,-0.78477,-0.183619][-0.976378,0,0.19685][0.25735,0.087985,0][1.76211,-0.78477,-0.183619][-0.976378,0,0.19685][0.25735,0.087985,0][1.9579,-0.78477,-0.204024][0.976378,0,-0.204724][0.25894,0.070757,0][1.96009,-0.78477,0.181863][0,-1,0][0.292246,0.077169,0][2.74574,-0.472962,-0.0775026][1,0,-0.00787402][0.283324,0.005,0][2.74644,-0.472962,0.0464114][1,0,-0.00787402][0.294019,0.00705898,0][1.96009,-0.78477,0.181863][0,-1,0][0.292246,0.077169,0][1.96009,-0.78477,0.181863][0,-1,0][0.292246,0.077169,0][1.9579,-0.78477,-0.204024][0.976378,0,-0.204724][0.25894,0.070757,0][2.74574,-0.472962,-0.0775026][1,0,-0.00787402][0.283324,0.005,0][1.69242,-0.78477,-0.52386][-0.92126,0,0.385827][0.226825,0.088173,0][1.88047,-0.78477,-0.58207][0,-1,0][0.225023,0.070966,0][1.9579,-0.78477,-0.204024][0.976378,0,-0.204724][0.25894,0.070757,0][1.88047,-0.78477,-0.58207][0,-1,0][0.225023,0.070966,0][1.69242,-0.78477,-0.52386][-0.92126,0,0.385827][0.226825,0.088173,0][1.55769,-0.78477,-0.843968][-0.826772,0,0.559055][0.196923,0.094313,0][1.55769,-0.78477,-0.843968][-0.826772,0,0.559055][0.196923,0.094313,0][1.73078,-0.78477,-0.937746][0.826772,0,-0.559055][0.191799,0.077787,0][1.88047,-0.78477,-0.58207][0,-1,0][0.225023,0.070966,0][2.50706,-0.472962,-1.12235][0.92126,0,-0.385827][0.189163,0.00770497,0][2.55512,-0.472962,-1.00813][0.92126,0,-0.385827][0.199832,0.00551403,0][1.88047,-0.78477,-0.58207][0,-1,0][0.225023,0.070966,0][1.88047,-0.78477,-0.58207][0,-1,0][0.225023,0.070966,0][1.73078,-0.78477,-0.937746][0.826772,0,-0.559055][0.191799,0.077787,0][2.50706,-0.472962,-1.12235][0.92126,0,-0.385827][0.189163,0.00770497,0][1.36311,-0.78477,-1.13164][-0.700787,0,0.708661][0.168794,0.106168,0][1.51457,-0.78477,-1.25738][0,-1,0][0.160544,0.09096,0][1.73078,-0.78477,-0.937746][0.826772,0,-0.559055][0.191799,0.077787,0][1.51457,-0.78477,-1.25738][0,-1,0][0.160544,0.09096,0][1.36311,-0.78477,-1.13164][-0.700787,0,0.708661][0.168794,0.106168,0][1.11613,-0.78477,-1.37583][-0.551181,0,0.834646][0.143518,0.123283,0][1.11613,-0.78477,-1.37583][-0.551181,0,0.834646][0.143518,0.123283,0][1.24015,-0.78477,-1.5287][0.551181,0,-0.834646][0.13246,0.109977,0][1.51457,-0.78477,-1.25738][0,-1,0][0.160544,0.09096,0][1.8867,-0.472962,-1.99632][0.700787,0,-0.708661][0.103204,0.046238,0][1.97482,-0.472962,-1.90919][0.700787,0,-0.708661][0.112223,0.040131,0][1.51457,-0.78477,-1.25738][0,-1,0][0.160544,0.09096,0][1.51457,-0.78477,-1.25738][0,-1,0][0.160544,0.09096,0][1.24015,-0.78477,-1.5287][0.551181,0,-0.834646][0.13246,0.109977,0][1.8867,-0.472962,-1.99632][0.700787,0,-0.708661][0.103204,0.046238,0][0.826276,-0.78477,-1.56714][-0.377953,0,0.929134][0.122066,0.145,0][0.918084,-0.78477,-1.74127][0,-1,0][0.108625,0.134107,0][1.24015,-0.78477,-1.5287][0.551181,0,-0.834646][0.13246,0.109977,0][0.918084,-0.78477,-1.74127][0,-1,0][0.108625,0.134107,0][0.826276,-0.78477,-1.56714][-0.377953,0,0.929134][0.122066,0.145,0][0.504658,-0.78477,-1.69822][-0.188976,0,0.984252][0.105264,0.170486,0][0.504658,-0.78477,-1.69822][-0.188976,0,0.984252][0.105264,0.170486,0][0.560732,-0.78477,-1.88692][0.188976,0,-0.984252][0.089955,0.162424,0][0.918084,-0.78477,-1.74127][0,-1,0][0.108625,0.134107,0][0.979116,-0.472962,-2.56636][0.377953,0,-0.929134][0.038535,0.114732,0][1.09386,-0.472962,-2.5196][0.377953,0,-0.929134][0.04453,0.105639,0][0.918084,-0.78477,-1.74127][0,-1,0][0.108625,0.134107,0][0.918084,-0.78477,-1.74127][0,-1,0][0.108625,0.134107,0][0.560732,-0.78477,-1.88692][0.188976,0,-0.984252][0.089955,0.162424,0][0.979116,-0.472962,-2.56636][0.377953,0,-0.929134][0.038535,0.114732,0][0.163648,-0.78477,-1.76405][0.00787402,0,1][0.093756,0.198759,0][0.181832,-0.78477,-1.96005][0,-1,0][0.077169,0.193839,0][0.560732,-0.78477,-1.88692][0.188976,0,-0.984252][0.089955,0.162424,0][0.181832,-0.78477,-1.96005][0,-1,0][0.077169,0.193839,0][0.163648,-0.78477,-1.76405][0.00787402,0,1][0.093756,0.198759,0][-0.18365,-0.78477,-1.76208][0.19685,0,0.976378][0.087985,0.228734,0][-0.18365,-0.78477,-1.76208][0.19685,0,0.976378][0.087985,0.228734,0][-0.204056,-0.78477,-1.95787][-0.204724,0,-0.976378][0.070757,0.227144,0][0.181832,-0.78477,-1.96005][0,-1,0][0.077169,0.193839,0][-0.077534,-0.472962,-2.7457][-0.00787402,0,-1][0.005,0.202761,0][0.04638,-0.472962,-2.7464][-0.00787402,0,-1][0.007059,0.192066,0][0.181832,-0.78477,-1.96005][0,-1,0][0.077169,0.193839,0][0.181832,-0.78477,-1.96005][0,-1,0][0.077169,0.193839,0][-0.204056,-0.78477,-1.95787][-0.204724,0,-0.976378][0.070757,0.227144,0][-0.077534,-0.472962,-2.7457][-0.00787402,0,-1][0.005,0.202761,0][-0.523892,-0.78477,-1.69239][0.385827,0,0.92126][0.088173,0.259259,0][-0.582102,-0.78477,-1.88044][0,-1,0][0.070966,0.261061,0][-0.204056,-0.78477,-1.95787][-0.204724,0,-0.976378][0.070757,0.227144,0][-0.582102,-0.78477,-1.88044][0,-1,0][0.070966,0.261061,0][-0.523892,-0.78477,-1.69239][0.385827,0,0.92126][0.088173,0.259259,0][-0.844,-0.78477,-1.55766][0.559055,0,0.826772][0.094313,0.289161,0][-0.844,-0.78477,-1.55766][0.559055,0,0.826772][0.094313,0.289161,0][-0.937778,-0.78477,-1.73075][-0.559055,0,-0.826772][0.077787,0.294285,0][-0.582102,-0.78477,-1.88044][0,-1,0][0.070966,0.261061,0][-1.12238,-0.472962,-2.50702][-0.385827,0,-0.92126][0.007705,0.296922,0][-1.00817,-0.472962,-2.5551][-0.385827,0,-0.92126][0.005514,0.286253,0][-0.582102,-0.78477,-1.88044][0,-1,0][0.070966,0.261061,0][-0.582102,-0.78477,-1.88044][0,-1,0][0.070966,0.261061,0][-0.937778,-0.78477,-1.73075][-0.559055,0,-0.826772][0.077787,0.294285,0][-1.12238,-0.472962,-2.50702][-0.385827,0,-0.92126][0.007705,0.296922,0][-1.13168,-0.78477,-1.36308][0.708661,0,0.700787][0.106168,0.31729,0][-1.25741,-0.78477,-1.51454][0,-1,0][0.09096,0.32554,0][-0.937778,-0.78477,-1.73075][-0.559055,0,-0.826772][0.077787,0.294285,0][-1.25741,-0.78477,-1.51454][0,-1,0][0.09096,0.32554,0][-1.13168,-0.78477,-1.36308][0.708661,0,0.700787][0.106168,0.31729,0][-1.37586,-0.78477,-1.1161][0.834646,0,0.551181][0.123283,0.342567,0][-1.37586,-0.78477,-1.1161][0.834646,0,0.551181][0.123283,0.342567,0][-1.52873,-0.78477,-1.24012][-0.834646,0,-0.551181][0.109977,0.353625,0][-1.25741,-0.78477,-1.51454][0,-1,0][0.09096,0.32554,0][-1.99635,-0.472962,-1.88667][-0.708661,0,-0.700787][0.046238,0.38288,0][-1.90923,-0.472962,-1.97479][-0.708661,0,-0.700787][0.040131,0.373862,0][-1.25741,-0.78477,-1.51454][0,-1,0][0.09096,0.32554,0][-1.25741,-0.78477,-1.51454][0,-1,0][0.09096,0.32554,0][-1.52873,-0.78477,-1.24012][-0.834646,0,-0.551181][0.109977,0.353625,0][-1.99635,-0.472962,-1.88667][-0.708661,0,-0.700787][0.046238,0.38288,0][-1.56717,-0.78477,-0.826244][0.929134,0,0.377953][0.145,0.364018,0][-1.74131,-0.78477,-0.918052][0,-1,0][0.134107,0.37746,0][-1.52873,-0.78477,-1.24012][-0.834646,0,-0.551181][0.109977,0.353625,0][-1.74131,-0.78477,-0.918052][0,-1,0][0.134107,0.37746,0][-1.56717,-0.78477,-0.826244][0.929134,0,0.377953][0.145,0.364018,0][-1.69825,-0.78477,-0.504626][0.984252,0,0.188976][0.170486,0.380821,0][-1.69825,-0.78477,-0.504626][0.984252,0,0.188976][0.170486,0.380821,0][-1.88695,-0.78477,-0.5607][-0.984252,0,-0.188976][0.162424,0.396129,0][-1.74131,-0.78477,-0.918052][0,-1,0][0.134107,0.37746,0][-2.5664,-0.472962,-0.979084][-0.929134,0,-0.377953][0.114732,0.447549,0][-2.51962,-0.472962,-1.09383][-0.929134,0,-0.377953][0.105639,0.441554,0][-1.74131,-0.78477,-0.918052][0,-1,0][0.134107,0.37746,0][-1.74131,-0.78477,-0.918052][0,-1,0][0.134107,0.37746,0][-1.88695,-0.78477,-0.5607][-0.984252,0,-0.188976][0.162424,0.396129,0][-2.5664,-0.472962,-0.979084][-0.929134,0,-0.377953][0.114732,0.447549,0][-1.76408,-0.78477,-0.163617][1,0,-0.00787402][0.198759,0.392328,0][-1.96009,-0.78477,-0.181801][0,-1,0][0.193839,0.408916,0][-1.88695,-0.78477,-0.5607][-0.984252,0,-0.188976][0.162424,0.396129,0][-1.96009,-0.78477,-0.181801][0,-1,0][0.193839,0.408916,0][-1.76408,-0.78477,-0.163617][1,0,-0.00787402][0.198759,0.392328,0][-1.76211,-0.78477,0.183681][0.976378,0,-0.19685][0.228734,0.398099,0][-1.76211,-0.78477,0.183681][0.976378,0,-0.19685][0.228734,0.398099,0][-1.9579,-0.78477,0.204088][-0.976378,0,0.204724][0.227144,0.415327,0][-1.96009,-0.78477,-0.181801][0,-1,0][0.193839,0.408916,0][-2.74574,-0.472962,0.0775654][-1,0,0.00787402][0.202761,0.481084,0][-2.74644,-0.472962,-0.0463486][-1,0,0.00787402][0.192066,0.479025,0][-1.96009,-0.78477,-0.181801][0,-1,0][0.193839,0.408916,0][-1.96009,-0.78477,-0.181801][0,-1,0][0.193839,0.408916,0][-1.9579,-0.78477,0.204088][-0.976378,0,0.204724][0.227144,0.415327,0][-2.74574,-0.472962,0.0775654][-1,0,0.00787402][0.202761,0.481084,0][-1.69242,-0.78477,0.523924][0.92126,0,-0.385827][0.259259,0.397911,0][-1.88047,-0.78477,0.582134][0,-1,0][0.261061,0.415119,0][-1.9579,-0.78477,0.204088][-0.976378,0,0.204724][0.227144,0.415327,0][-1.88047,-0.78477,0.582134][0,-1,0][0.261061,0.415119,0][-1.69242,-0.78477,0.523924][0.92126,0,-0.385827][0.259259,0.397911,0][-1.55769,-0.78477,0.844032][0.826772,0,-0.559055][0.289161,0.391771,0][-1.55769,-0.78477,0.844032][0.826772,0,-0.559055][0.289161,0.391771,0][-1.73078,-0.78477,0.93781][-0.826772,0,0.559055][0.294285,0.408297,0][-1.88047,-0.78477,0.582134][0,-1,0][0.261061,0.415119,0][-2.50706,-0.472962,1.12241][-0.92126,0,0.385827][0.296922,0.47838,0][-2.55512,-0.472962,1.0082][-0.92126,0,0.385827][0.286253,0.48057,0][-1.88047,-0.78477,0.582134][0,-1,0][0.261061,0.415119,0][-1.88047,-0.78477,0.582134][0,-1,0][0.261061,0.415119,0][-1.73078,-0.78477,0.93781][-0.826772,0,0.559055][0.294285,0.408297,0][-2.50706,-0.472962,1.12241][-0.92126,0,0.385827][0.296922,0.47838,0][-1.36311,-0.78477,1.13171][0.700787,0,-0.708661][0.31729,0.379916,0][-1.51457,-0.78477,1.25745][0,-1,0][0.32554,0.395125,0][-1.73078,-0.78477,0.93781][-0.826772,0,0.559055][0.294285,0.408297,0][-1.51457,-0.78477,1.25745][0,-1,0][0.32554,0.395125,0][-1.36311,-0.78477,1.13171][0.700787,0,-0.708661][0.31729,0.379916,0][-1.11613,-0.78477,1.3759][0.551181,0,-0.834646][0.342567,0.362801,0][-1.11613,-0.78477,1.3759][0.551181,0,-0.834646][0.342567,0.362801,0][-1.24015,-0.78477,1.52876][-0.551181,0,0.834646][0.353625,0.376108,0][-1.51457,-0.78477,1.25745][0,-1,0][0.32554,0.395125,0][-1.8867,-0.472962,1.99638][-0.700787,0,0.708661][0.38288,0.439847,0][-1.97482,-0.472962,1.90926][-0.700787,0,0.708661][0.373862,0.445953,0][-1.51457,-0.78477,1.25745][0,-1,0][0.32554,0.395125,0][-1.51457,-0.78477,1.25745][0,-1,0][0.32554,0.395125,0][-1.24015,-0.78477,1.52876][-0.551181,0,0.834646][0.353625,0.376108,0][-1.8867,-0.472962,1.99638][-0.700787,0,0.708661][0.38288,0.439847,0][-0.826276,-0.78477,1.56721][0.377953,0,-0.929134][0.364018,0.341084,0][-0.918084,-0.78477,1.74134][0,-1,0][0.37746,0.351977,0][-1.24015,-0.78477,1.52876][-0.551181,0,0.834646][0.353625,0.376108,0][-0.918084,-0.78477,1.74134][0,-1,0][0.37746,0.351977,0][-0.826276,-0.78477,1.56721][0.377953,0,-0.929134][0.364018,0.341084,0][-0.504658,-0.78477,1.69828][0.188976,0,-0.984252][0.38082,0.315599,0][-0.504658,-0.78477,1.69828][0.188976,0,-0.984252][0.38082,0.315599,0][-0.560732,-0.78477,1.88698][-0.188976,0,0.984252][0.396129,0.323661,0][-0.918084,-0.78477,1.74134][0,-1,0][0.37746,0.351977,0][-0.979114,-0.472962,2.56642][-0.377953,0,0.929134][0.447549,0.371352,0][-1.09386,-0.472962,2.51966][-0.377953,0,0.929134][0.441554,0.380445,0][-0.918084,-0.78477,1.74134][0,-1,0][0.37746,0.351977,0][-0.918084,-0.78477,1.74134][0,-1,0][0.37746,0.351977,0][-0.560732,-0.78477,1.88698][-0.188976,0,0.984252][0.396129,0.323661,0][-0.979114,-0.472962,2.56642][-0.377953,0,0.929134][0.447549,0.371352,0][-0.163648,-0.78477,1.76411][-0.00787402,0,-1][0.392328,0.287325,0][-0.181832,-0.78477,1.96012][0,-1,0][0.408916,0.292246,0][-0.560732,-0.78477,1.88698][-0.188976,0,0.984252][0.396129,0.323661,0][-0.181832,-0.78477,1.96012][0,-1,0][0.408916,0.292246,0][-0.163648,-0.78477,1.76411][-0.00787402,0,-1][0.392328,0.287325,0][0.18365,-0.78477,1.76214][-0.19685,0,-0.976378][0.398099,0.25735,0][0.18365,-0.78477,1.76214][-0.19685,0,-0.976378][0.398099,0.25735,0][0.204056,-0.78477,1.95793][0.204724,0,0.976378][0.415327,0.25894,0][-0.181832,-0.78477,1.96012][0,-1,0][0.408916,0.292246,0][0.077534,-0.472962,2.74576][0.00787402,0,1][0.481084,0.283324,0][-0.04638,-0.472962,2.74646][0.00787402,0,1][0.479025,0.294019,0][-0.181832,-0.78477,1.96012][0,-1,0][0.408916,0.292246,0][-0.181832,-0.78477,1.96012][0,-1,0][0.408916,0.292246,0][0.204056,-0.78477,1.95793][0.204724,0,0.976378][0.415327,0.25894,0][0.077534,-0.472962,2.74576][0.00787402,0,1][0.481084,0.283324,0][-0.780626,-0.02274,-1.83709][-0.220472,0.976378,0.0708661][0.801378,0.878361,0][-0.879886,-0.044142,-1.79558][-0.779528,0.574803,-0.228346][0.791737,0.878361,0][-0.876412,-0.044142,-1.78727][0.244094,0.834646,0.488189][0.791737,0.877569,0][-0.777152,-0.02274,-1.82879][0.220472,0.976378,-0.0787402][0.833099,0.341142,0][-0.780626,-0.02274,-1.83709][-0.220472,0.976378,0.0708661][0.833047,0.340353,0][-0.876412,-0.044142,-1.78727][0.244094,0.834646,0.488189][0.842535,0.340511,0][0.766416,-0.02274,-1.84249][0.220472,0.976378,0.0708661][0.748616,0.908572,0][0.862546,-0.044142,-1.79334][-0.23622,0.834646,0.496063][0.738974,0.909364,0][0.865962,-0.044142,-1.80167][0.779528,0.574803,-0.23622][0.738974,0.908572,0][0.763,-0.02274,-1.83416][-0.220472,0.976378,-0.0708661][0.875354,0.878361,0][0.862546,-0.044142,-1.79334][-0.23622,0.834646,0.496063][0.865713,0.878361,0][0.766416,-0.02274,-1.84249][0.220472,0.976378,0.0708661][0.875354,0.877569,0][0.93778,-0.78477,1.73081][0,-1,0][0.577006,0.307183,0][0.93778,-0.58792,1.73081][0,1,0][0.582866,0.290904,0][1.12238,-0.40975,2.50708][0.385827,0,0.92126][0.65242,0.299298,0][1.12238,-0.40975,2.50708][0.385827,0,0.92126][0.65242,0.299298,0][1.12238,-0.472962,2.50708][0.385827,0,0.92126][0.650538,0.304525,0][0.93778,-0.78477,1.73081][0,-1,0][0.577006,0.307183,0][-0.918084,-0.58792,1.74134][0,1,0][0.862206,0.160934,0][-0.918084,-0.78477,1.74134][0,-1,0][0.855742,0.144885,0][-1.09386,-0.472962,2.51966][-0.377953,0,0.929134][0.929386,0.144768,0][-1.09386,-0.472962,2.51966][-0.377953,0,0.929134][0.929386,0.144768,0][-1.09386,-0.40975,2.51966][-0.377953,0,0.929134][0.931462,0.149922,0][-0.918084,-0.58792,1.74134][0,1,0][0.862206,0.160934,0][-0.879886,-0.563648,-1.79558][-0.165354,-0.858268,-0.488189][0.738974,0.97225,0][-0.780626,-0.585048,-1.83709][0.204724,-0.976378,-0.102362][0.74842,0.971805,0][-0.777152,-0.585048,-1.82879][-0.204724,-0.976378,0.102362][0.748457,0.972595,0][-0.87641,-0.563648,-1.78727][-0.354331,-0.566929,0.740157][0.94231,0.669392,0][-0.879886,-0.563648,-1.79558][-0.165354,-0.858268,-0.488189][0.942273,0.668602,0][-0.777152,-0.585048,-1.82879][-0.204724,-0.976378,0.102362][0.951757,0.668946,0][0.865962,-0.563648,-1.80167][0.15748,-0.858268,-0.488189][0.791737,0.9415,0][0.763,-0.585048,-1.83416][0.204724,-0.976378,0.102362][0.801201,0.940801,0][0.766416,-0.585048,-1.84249][-0.204724,-0.976378,-0.102362][0.801193,0.941593,0][0.862546,-0.563648,-1.79334][0.362205,-0.566929,0.740157][0.967945,0.809295,0][0.763,-0.585048,-1.83416][0.204724,-0.976378,0.102362][0.977401,0.809388,0][0.865962,-0.563648,-1.80167][0.15748,-0.858268,-0.488189][0.967937,0.810086,0][0.395136,0.39777,-1.99057][0.700787,-0.11811,0.708661][0.760634,0.79425,0][0.364412,0.15134,-1.99014][0.96063,-0.283465,-0.00787402][0.738974,0.794278,0][0.364336,0.15134,-2.01188][0.992126,-0.102362,-0.00787402][0.738974,0.792367,0][0.39506,0.39777,-2.01232][0.88189,0.409449,-0.244094][0.756798,0.668602,0][0.395136,0.39777,-1.99057][0.700787,-0.11811,0.708661][0.756798,0.670513,0][0.364336,0.15134,-2.01188][0.992126,-0.102362,-0.00787402][0.735138,0.66863,0][0.844,-0.58792,1.55773][0,1,0][0.563286,0.370797,0][0.93778,-0.58792,1.73081][0,1,0][0.563286,0.353496,0][1.01685,0.120558,1.58821][0,1,0][0.626718,0.361204,0][1.01685,0.120558,1.58821][0,1,0][0.626718,0.361204,0][0.99374,0.120558,1.54555][0,1,0][0.626718,0.365469,0][0.844,-0.58792,1.55773][0,1,0][0.563286,0.370797,0][-0.918084,-0.58792,1.74134][0,1,0][0.918921,0.259938,0][-0.826276,-0.58792,1.56721][0,1,0][0.918921,0.242636,0][-0.976142,0.120558,1.55673][0,1,0][0.982352,0.247965,0][-0.976142,0.120558,1.55673][0,1,0][0.982352,0.247965,0][-0.998772,0.120558,1.59964][0,1,0][0.982352,0.252229,0][-0.918084,-0.58792,1.74134][0,1,0][0.918921,0.259938,0][-0.37612,0.151258,-1.98756][-0.992126,-0.110236,0.00787402][0.950931,0.438582,0][-0.409024,0.39777,-1.98776][-0.677165,0.125984,0.724409][0.972536,0.436953,0][-0.409098,0.39777,-2.0095][-0.905512,-0.322835,-0.267717][0.972682,0.438858,0][-0.376196,0.151258,-2.0093][-0.96063,-0.283465,0.00787402][0.729591,0.538734,0][-0.37612,0.151258,-1.98756][-0.992126,-0.110236,0.00787402][0.729444,0.536829,0][-0.409098,0.39777,-2.0095][-0.905512,-0.322835,-0.267717][0.751196,0.537104,0][-0.681368,-0.044142,-1.87861][-0.23622,0.858268,-0.456693][0.713167,0.922878,0][-0.780626,-0.02274,-1.83709][-0.220472,0.976378,0.0708661][0.722809,0.922878,0][-0.777152,-0.02274,-1.82879][0.220472,0.976378,-0.0787402][0.722809,0.92367,0][-0.677894,-0.044142,-1.87031][0.779528,0.566929,0.267717][0.686919,0.874834,0][-0.681368,-0.044142,-1.87861][-0.23622,0.858268,-0.456693][0.686919,0.874043,0][-0.777152,-0.02274,-1.82879][0.220472,0.976378,-0.0787402][0.696561,0.874834,0][0.66687,-0.044142,-1.88332][0.228346,0.858268,-0.464567][0.738974,0.956788,0][0.763,-0.02274,-1.83416][-0.220472,0.976378,-0.0708661][0.748616,0.955996,0][0.766416,-0.02274,-1.84249][0.220472,0.976378,0.0708661][0.748616,0.956788,0][0.663454,-0.044142,-1.875][-0.779528,0.566929,0.275591][0.713167,0.875454,0][0.763,-0.02274,-1.83416][-0.220472,0.976378,-0.0708661][0.722809,0.875454,0][0.66687,-0.044142,-1.88332][0.228346,0.858268,-0.464567][0.713167,0.876246,0][0.364412,0.15134,-1.99014][0.96063,-0.283465,-0.00787402][0.86443,0.275041,0][0.279888,-0.120364,-1.98994][0.559055,-0.535433,0.629921][0.840619,0.27686,0][0.279812,-0.120364,-2.01168][0.984252,-0.110236,-0.149606][0.840473,0.274955,0][0.364336,0.15134,-2.01188][0.992126,-0.102362,-0.00787402][0.190839,0.110711,0][0.364412,0.15134,-1.99014][0.96063,-0.283465,-0.00787402][0.192745,0.110564,0][0.279812,-0.120364,-2.01168][0.984252,-0.110236,-0.149606][0.192658,0.134522,0][-0.291258,-0.12035,-1.98785][-0.88189,0.023622,0.464567][0.708941,0.273932,0][-0.37612,0.151258,-1.98756][-0.992126,-0.110236,0.00787402][0.732814,0.273932,0][-0.376196,0.151258,-2.0093][-0.96063,-0.283465,0.00787402][0.732814,0.275843,0][-0.291334,-0.120348,-2.0096][-0.76378,-0.629921,-0.133858][0.338264,0.699714,0][-0.291258,-0.12035,-1.98785][-0.88189,0.023622,0.464567][0.338264,0.697803,0][-0.376196,0.151258,-2.0093][-0.96063,-0.283465,0.00787402][0.362137,0.699714,0][-0.780626,-0.585048,-1.83709][0.204724,-0.976378,-0.102362][0.660671,0.962294,0][-0.681368,-0.563648,-1.87861][0.385827,-0.574803,-0.716535][0.670117,0.961848,0][-0.677894,-0.563648,-1.87031][0.181102,-0.834646,0.519685][0.670154,0.962639,0][-0.777152,-0.585048,-1.82879][-0.204724,-0.976378,0.102362][0.841091,0.909976,0][-0.780626,-0.585048,-1.83709][0.204724,-0.976378,-0.102362][0.841054,0.909185,0][-0.677894,-0.563648,-1.87031][0.181102,-0.834646,0.519685][0.850537,0.90953,0][0.766416,-0.585048,-1.84249][-0.204724,-0.976378,-0.102362][0.865713,0.894076,0][0.663454,-0.563648,-1.875][-0.173228,-0.834646,0.519685][0.875176,0.893377,0][0.66687,-0.563648,-1.88332][-0.393701,-0.574803,-0.716535][0.875169,0.894169,0][0.763,-0.585048,-1.83416][0.204724,-0.976378,0.102362][0.971546,0.828458,0][0.663454,-0.563648,-1.875][-0.173228,-0.834646,0.519685][0.981002,0.82855,0][0.766416,-0.585048,-1.84249][-0.204724,-0.976378,-0.102362][0.971538,0.829249,0][-0.582102,-0.58792,-1.88044][0,1,0][0.562125,0.466997,0][-0.523892,-0.58792,-1.69239][0,1,0][0.562125,0.450451,0][-0.41051,0.120556,-1.79096][0,1,0][0.624395,0.459079,0][-0.41051,0.120556,-1.79096][0,1,0][0.624395,0.459079,0][-0.424858,0.120556,-1.83731][0,1,0][0.624395,0.463157,0][-0.582102,-0.58792,-1.88044][0,1,0][0.562125,0.466997,0][0.504658,-0.58792,-1.69822][-0.188976,0,0.984252][0.178036,0.935737,0][0.560732,-0.58792,-1.88692][0.188976,0,-0.984252][0.178036,0.919169,0][0.403988,0.120556,-1.842][0,1,0][0.240306,0.923069,0][0.403988,0.120556,-1.842][0,1,0][0.240306,0.923069,0][0.390166,0.120556,-1.79549][0,1,0][0.240306,0.927152,0][0.504658,-0.58792,-1.69822][-0.188976,0,0.984252][0.178036,0.935737,0][0.279888,-0.120364,-1.98994][0.559055,-0.535433,0.629921][0.938655,0.552111,0][0.155888,-0.336876,-1.98943][0.80315,-0.598425,-0.00787402][0.916725,0.552118,0][0.155812,-0.336876,-2.01118][0.88189,-0.464567,-0.015748][0.916725,0.550207,0][0.279812,-0.120364,-2.01168][0.984252,-0.110236,-0.149606][0.928173,0.60248,0][0.279888,-0.120364,-1.98994][0.559055,-0.535433,0.629921][0.928173,0.604391,0][0.155812,-0.336876,-2.01118][0.88189,-0.464567,-0.015748][0.906243,0.602487,0][-0.16431,-0.336928,-1.9883][-0.88189,-0.472441,0.015748][0.741225,0.771552,0][-0.291258,-0.12035,-1.98785][-0.88189,0.023622,0.464567][0.76329,0.771551,0][-0.291334,-0.120348,-2.0096][-0.76378,-0.629921,-0.133858][0.76329,0.773462,0][-0.164386,-0.336926,-2.01004][-0.80315,-0.590551,0.00787402][0.763456,0.628975,0][-0.16431,-0.336928,-1.9883][-0.88189,-0.472441,0.015748][0.763456,0.627064,0][-0.291334,-0.120348,-2.0096][-0.76378,-0.629921,-0.133858][0.785521,0.628975,0][0.155888,-0.336876,-1.98943][0.80315,-0.598425,-0.00787402][0.785985,0.501044,0][-0.006944,-0.536258,-1.98917][-0.511811,-0.314961,0.795276][0.763424,0.502748,0][-0.00702,-0.536258,-2.0109][0.606299,-0.377953,-0.700787][0.763278,0.500843,0][0.155812,-0.336876,-2.01118][0.88189,-0.464567,-0.015748][0.99178,0.226474,0][0.155888,-0.336876,-1.98943][0.80315,-0.598425,-0.00787402][0.991926,0.228379,0][-0.00702,-0.536258,-2.0109][0.606299,-0.377953,-0.700787][0.969219,0.228179,0][-0.006944,-0.536258,-1.98917][-0.511811,-0.314961,0.795276][0.794306,0.225027,0][-0.16431,-0.336928,-1.9883][-0.88189,-0.472441,0.015748][0.816627,0.224998,0][-0.164386,-0.336926,-2.01004][-0.80315,-0.590551,0.00787402][0.816628,0.226909,0][-0.00702,-0.536258,-2.0109][0.606299,-0.377953,-0.700787][0.6978,0.670513,0][-0.006944,-0.536258,-1.98917][-0.511811,-0.314961,0.795276][0.6978,0.668602,0][-0.164386,-0.336926,-2.01004][-0.80315,-0.590551,0.00787402][0.720121,0.670485,0][-0.59722,-0.105088,-1.91381][0.480315,0.850394,-0.220472][0.369722,0.302715,0][-0.681368,-0.044142,-1.87861][-0.23622,0.858268,-0.456693][0.360081,0.302715,0][-0.677894,-0.044142,-1.87031][0.779528,0.566929,0.267717][0.360081,0.301923,0][-0.593746,-0.105088,-1.90551][0.787402,0.527559,-0.314961][0.841054,0.894169,0][-0.59722,-0.105088,-1.91381][0.480315,0.850394,-0.220472][0.841054,0.893377,0][-0.677894,-0.044142,-1.87031][0.779528,0.566929,0.267717][0.850696,0.894169,0][0.582478,-0.105088,-1.91793][-0.480315,0.850394,-0.212598][0.85104,0.793159,0][0.663454,-0.044142,-1.875][-0.779528,0.566929,0.275591][0.860682,0.792367,0][0.66687,-0.044142,-1.88332][0.228346,0.858268,-0.464567][0.860682,0.793159,0][0.579062,-0.105088,-1.9096][-0.795276,0.527559,-0.307087][0.686919,0.921467,0][0.663454,-0.044142,-1.875][-0.779528,0.566929,0.275591][0.696561,0.921467,0][0.582478,-0.105088,-1.91793][-0.480315,0.850394,-0.212598][0.686919,0.922259,0][0.560732,-0.78477,-1.88692][0.188976,0,-0.984252][0.194177,0.73172,0][0.560732,-0.58792,-1.88692][0.188976,0,-0.984252][0.200037,0.715441,0][0.979116,-0.40975,-2.56636][0.377953,0,-0.929134][0.271328,0.72446,0][0.979116,-0.40975,-2.56636][0.377953,0,-0.929134][0.271328,0.72446,0][0.979116,-0.472962,-2.56636][0.377953,0,-0.929134][0.269446,0.729688,0][0.560732,-0.78477,-1.88692][0.188976,0,-0.984252][0.194177,0.73172,0][-0.582102,-0.58792,-1.88044][0,1,0][0.786892,0.05018,0][-0.582102,-0.78477,-1.88044][0,-1,0][0.792109,0.066676,0][-1.00817,-0.472962,-2.5551][-0.385827,0,-0.92126][0.716978,0.061694,0][-1.00817,-0.472962,-2.5551][-0.385827,0,-0.92126][0.716978,0.061694,0][-1.00817,-0.40975,-2.5551][-0.385827,0,-0.92126][0.715302,0.056397,0][-0.582102,-0.58792,-1.88044][0,1,0][0.786892,0.05018,0][-0.681368,-0.563648,-1.87861][0.385827,-0.574803,-0.716535][0.914667,0.893755,0][-0.59722,-0.5027,-1.91381][0.779528,-0.527559,-0.338583][0.922675,0.893377,0][-0.593746,-0.5027,-1.90551][0.488189,-0.850394,-0.188976][0.922712,0.894168,0][-0.677894,-0.563648,-1.87031][0.181102,-0.834646,0.519685][0.713205,0.971027,0][-0.681368,-0.563648,-1.87861][0.385827,-0.574803,-0.716535][0.713167,0.970237,0][-0.593746,-0.5027,-1.90551][0.488189,-0.850394,-0.188976][0.721213,0.970649,0][0.66687,-0.563648,-1.88332][-0.393701,-0.574803,-0.716535][0.686919,0.985345,0][0.579062,-0.5027,-1.9096][-0.488189,-0.850394,-0.188976][0.694943,0.984633,0][0.582478,-0.5027,-1.91793][-0.779528,-0.527559,-0.338583][0.694935,0.985424,0][0.663454,-0.563648,-1.875][-0.173228,-0.834646,0.519685][0.816403,0.972356,0][0.579062,-0.5027,-1.9096][-0.488189,-0.850394,-0.188976][0.824419,0.972434,0][0.66687,-0.563648,-1.88332][-0.393701,-0.574803,-0.716535][0.816395,0.973147,0][-1.51457,-0.58792,1.25745][0,1,0][0.307054,0.620853,0][-1.51457,-0.78477,1.25745][0,-1,0][0.312271,0.637349,0][-1.97482,-0.472962,1.90926][-0.700787,0,0.708661][0.237139,0.632367,0][-1.97482,-0.472962,1.90926][-0.700787,0,0.708661][0.237139,0.632367,0][-1.97482,-0.40975,1.90926][-0.700787,0,0.708661][0.235464,0.62707,0][-1.51457,-0.58792,1.25745][0,1,0][0.307054,0.620853,0][1.52873,-0.78477,1.24018][0.834646,0,0.551181][0.201049,0.682786,0][1.52873,-0.58792,1.24018][0.834646,0,0.551181][0.206909,0.666507,0][1.99635,-0.40975,1.88673][0.708661,0,0.700787][0.2782,0.675526,0][1.99635,-0.40975,1.88673][0.708661,0,0.700787][0.2782,0.675526,0][1.99635,-0.472962,1.88673][0.708661,0,0.700787][0.276319,0.680754,0][1.52873,-0.78477,1.24018][0.834646,0,0.551181][0.201049,0.682786,0][-0.540996,-0.196302,-1.93733][0.275591,0.393701,-0.874016][0.943279,0.809295,0][-0.59722,-0.105088,-1.91381][0.480315,0.850394,-0.220472][0.952921,0.809295,0][-0.593746,-0.105088,-1.90551][0.787402,0.527559,-0.314961][0.952921,0.810086,0][-0.53752,-0.196302,-1.92902][0.913386,0.133858,0.377953][0.979337,0.648674,0][-0.540996,-0.196302,-1.93733][0.275591,0.393701,-0.874016][0.979337,0.647883,0][-0.593746,-0.105088,-1.90551][0.787402,0.527559,-0.314961][0.988979,0.648674,0][0.52609,-0.196302,-1.94106][-0.283465,0.393701,-0.874016][0.791737,0.925785,0][0.579062,-0.105088,-1.9096][-0.795276,0.527559,-0.307087][0.801378,0.924993,0][0.582478,-0.105088,-1.91793][-0.480315,0.850394,-0.212598][0.801378,0.925785,0][0.522674,-0.196302,-1.93272][-0.913386,0.133858,0.385827][0.660671,0.930232,0][0.579062,-0.105088,-1.9096][-0.795276,0.527559,-0.307087][0.670313,0.930232,0][0.52609,-0.196302,-1.94106][-0.283465,0.393701,-0.874016][0.660671,0.931024,0][0.18365,-0.58792,1.76214][-0.19685,0,-0.976378][0.641734,0.403029,0][0.204056,-0.58792,1.95793][0.19685,0,0.976378][0.641734,0.385814,0][0.331682,0.120558,1.85645][0,1,0][0.704004,0.394694,0][0.331682,0.120558,1.85645][0,1,0][0.704004,0.394694,0][0.326652,0.120558,1.80819][0,1,0][0.704004,0.398937,0][0.18365,-0.58792,1.76214][-0.19685,0,-0.976378][0.641734,0.403029,0][-0.181832,-0.58792,1.96012][0,1,0][0.099588,0.936471,0][-0.163648,-0.58792,1.76411][0,1,0][0.099588,0.919249,0][-0.306118,0.120558,1.81178][0,1,0][0.161858,0.923395,0][-0.306118,0.120558,1.81178][0,1,0][0.161858,0.923395,0][-0.3106,0.120558,1.8601][0,1,0][0.161858,0.92764,0][-0.181832,-0.58792,1.96012][0,1,0][0.099588,0.936471,0][-0.59722,-0.5027,-1.91381][0.779528,-0.527559,-0.338583][0.95991,0.771551,0][-0.540996,-0.411488,-1.93733][0.590551,0.0393701,-0.80315][0.969552,0.771551,0][-0.53752,-0.411488,-1.92902][0.732283,-0.614173,0.283465][0.969552,0.772343,0][-0.593746,-0.5027,-1.90551][0.488189,-0.850394,-0.188976][0.897562,0.829249,0][-0.59722,-0.5027,-1.91381][0.779528,-0.527559,-0.338583][0.897562,0.828458,0][-0.53752,-0.411488,-1.92902][0.732283,-0.614173,0.283465][0.907204,0.829249,0][0.582478,-0.5027,-1.91793][-0.779528,-0.527559,-0.338583][0.93002,0.648674,0][0.522674,-0.411488,-1.93272][-0.732283,-0.614173,0.291339][0.939662,0.647883,0][0.52609,-0.411488,-1.94106][-0.598425,0.0393701,-0.80315][0.939662,0.648674,0][0.579062,-0.5027,-1.9096][-0.488189,-0.850394,-0.188976][0.942737,0.753205,0][0.522674,-0.411488,-1.93272][-0.732283,-0.614173,0.291339][0.952379,0.753205,0][0.582478,-0.5027,-1.91793][-0.779528,-0.527559,-0.338583][0.942737,0.753996,0][-0.521252,-0.303894,-1.94559][0.889764,0.228346,-0.393701][0.816395,0.893377,0][-0.540996,-0.196302,-1.93733][0.275591,0.393701,-0.874016][0.826037,0.893377,0][-0.53752,-0.196302,-1.92902][0.913386,0.133858,0.377953][0.826037,0.894169,0][-0.517778,-0.303894,-1.93728][0.905512,-0.228346,-0.362205][0.875699,0.793159,0][-0.521252,-0.303894,-1.94559][0.889764,0.228346,-0.393701][0.875699,0.792367,0][-0.53752,-0.196302,-1.92902][0.913386,0.133858,0.377953][0.885341,0.793159,0][0.506288,-0.303894,-1.94918][-0.897638,0.228346,-0.385827][0.660671,0.915216,0][0.522674,-0.196302,-1.93272][-0.913386,0.133858,0.385827][0.670313,0.914424,0][0.52609,-0.196302,-1.94106][-0.283465,0.393701,-0.874016][0.670313,0.915216,0][0.502872,-0.303894,-1.94085][-0.905512,-0.228346,-0.354331][0.766978,0.916101,0][0.522674,-0.196302,-1.93272][-0.913386,0.133858,0.385827][0.77662,0.916101,0][0.506288,-0.303894,-1.94918][-0.897638,0.228346,-0.385827][0.766978,0.916892,0][-0.53752,-0.411488,-1.92902][0.732283,-0.614173,0.283465][0.968908,0.848224,0][-0.540996,-0.411488,-1.93733][0.590551,0.0393701,-0.80315][0.968908,0.847493,0][-0.517778,-0.303894,-1.93728][0.905512,-0.228346,-0.362205][0.978365,0.847504,0][0.52609,-0.411488,-1.94106][-0.598425,0.0393701,-0.80315][0.89511,0.848284,0][0.502872,-0.303894,-1.94085][-0.905512,-0.228346,-0.354331][0.904752,0.847493,0][0.506288,-0.303894,-1.94918][-0.897638,0.228346,-0.385827][0.904752,0.848284,0][0.522674,-0.411488,-1.93272][-0.732283,-0.614173,0.291339][0.686919,0.889851,0][0.502872,-0.303894,-1.94085][-0.905512,-0.228346,-0.354331][0.696561,0.889851,0][0.52609,-0.411488,-1.94106][-0.598425,0.0393701,-0.80315][0.686919,0.890643,0][-0.540996,-0.411488,-1.93733][0.590551,0.0393701,-0.80315][0.791737,0.893377,0][-0.521252,-0.303894,-1.94559][0.889764,0.228346,-0.393701][0.801378,0.893377,0][-0.517778,-0.303894,-1.93728][0.905512,-0.228346,-0.362205][0.801378,0.894169,0][-0.08597,0.58259,-1.79683][-0.291339,0.76378,0.574803][0.356132,0.891228,0][-0.006942,0.78476,-1.98856][0.11811,0.692913,0.708661][0.33261,0.900957,0][-0.164376,0.75863,-1.988][-0.11811,0.992126,0.023622][0.332664,0.88693,0][0.072808,0.58203,-1.79673][0.314961,0.755906,0.574803][0.743111,0.399904,0][0.156002,0.75855,-1.98921][0.598425,0.80315,0.015748][0.719021,0.400043,0][-0.006942,0.78476,-1.98856][0.11811,0.692913,0.708661][0.721843,0.385814,0][1.24015,-0.78477,-1.5287][0.551181,0,-0.834646][0.099588,0.780654,0][1.24015,-0.58792,-1.5287][0.551181,0,-0.834646][0.105448,0.764375,0][1.8867,-0.40975,-1.99632][0.700787,0,-0.708661][0.176739,0.773394,0][1.8867,-0.40975,-1.99632][0.700787,0,-0.708661][0.176739,0.773394,0][1.8867,-0.472962,-1.99632][0.700787,0,-0.708661][0.174858,0.778622,0][1.24015,-0.78477,-1.5287][0.551181,0,-0.834646][0.099588,0.780654,0][-1.25741,-0.58792,-1.51454][0,1,0][0.106185,0.021496,0][-1.25741,-0.78477,-1.51454][0,-1,0][0.100968,0.005,0][-1.90923,-0.472962,-1.97479][-0.708661,0,-0.700787][0.176099,0.00998199,0][-1.90923,-0.472962,-1.97479][-0.708661,0,-0.700787][0.176099,0.00998199,0][-1.90923,-0.40975,-1.97479][-0.708661,0,-0.700787][0.177775,0.015279,0][-1.25741,-0.58792,-1.51454][0,1,0][0.106185,0.021496,0][0.181832,-0.58792,-1.96005][0,1,0][0.484839,0.467673,0][0.163648,-0.58792,-1.76405][0,1,0][0.484839,0.450451,0][0.306118,0.120556,-1.81172][0,1,0][0.547109,0.454597,0][0.306118,0.120556,-1.81172][0,1,0][0.547109,0.454597,0][0.3106,0.120556,-1.86003][0,1,0][0.547109,0.458842,0][0.181832,-0.58792,-1.96005][0,1,0][0.484839,0.467673,0][-0.18365,-0.58792,-1.76208][0.19685,0,0.976378][0.563286,0.435347,0][-0.204056,-0.58792,-1.95787][-0.19685,0,-0.976378][0.563286,0.418133,0][-0.331682,0.120556,-1.85638][0,1,0][0.625556,0.427013,0][-0.331682,0.120556,-1.85638][0,1,0][0.625556,0.427013,0][-0.326652,0.120556,-1.80813][0,1,0][0.625556,0.431256,0][-0.18365,-0.58792,-1.76208][0.19685,0,0.976378][0.563286,0.435347,0][-1.88047,-0.58792,0.582134][0,1,0][0.884599,0.053934,0][-1.88047,-0.78477,0.582134][0,-1,0][0.889816,0.07043,0][-2.55512,-0.472962,1.0082][-0.92126,0,0.385827][0.814684,0.065449,0][-2.55512,-0.472962,1.0082][-0.92126,0,0.385827][0.814684,0.065449,0][-2.55512,-0.40975,1.0082][-0.92126,0,0.385827][0.813009,0.060151,0][-1.88047,-0.58792,0.582134][0,1,0][0.884599,0.053934,0][1.88695,-0.78477,0.560764][0.984252,0,0.188976][0.33317,0.640886,0][1.88695,-0.58792,0.560764][0.984252,0,0.188976][0.33903,0.624607,0][2.5664,-0.40975,0.979146][0.929134,0,0.377953][0.410321,0.633626,0][2.5664,-0.40975,0.979146][0.929134,0,0.377953][0.410321,0.633626,0][2.5664,-0.472962,0.979146][0.929134,0,0.377953][0.40844,0.638854,0][1.88695,-0.78477,0.560764][0.984252,0,0.188976][0.33317,0.640886,0][-0.08597,0.58259,-1.79683][-0.291339,0.76378,0.574803][0.746662,0.301196,0][-0.164376,0.75863,-1.988][-0.11811,0.992126,0.023622][0.723006,0.304298,0][-0.291256,0.67422,-1.98725][-0.385827,0.574803,0.724409][0.7229,0.290904,0][0.072808,0.58203,-1.79673][0.314961,0.755906,0.574803][0.261,0.825193,0][0.279944,0.67373,-1.98915][0.574803,0.393701,0.724409][0.237509,0.836619,0][0.156002,0.75855,-1.98921][0.598425,0.80315,0.015748][0.236974,0.82343,0][-0.005748,0.39647,-1.64619][0,0.716535,0.700787][0.136842,0.288847,0][0.072808,0.58203,-1.79673][0.314961,0.755906,0.574803][0.129758,0.267905,0][-0.006942,0.78476,-1.98856][0.11811,0.692913,0.708661][0.136672,0.243347,0][-0.08597,0.58259,-1.79683][-0.291339,0.76378,0.574803][0.117784,0.252067,0][-0.005748,0.39647,-1.64619][0,0.716535,0.700787][0.110564,0.273056,0][-0.006942,0.78476,-1.98856][0.11811,0.692913,0.708661][0.110912,0.227557,0][1.73078,-0.78477,-0.937746][0.826772,0,-0.559055][0.484839,0.338479,0][1.73078,-0.58792,-0.937746][0.826772,0,-0.559055][0.490699,0.3222,0][2.50706,-0.409752,-1.12235][0.92126,0,-0.385827][0.560252,0.330594,0][2.50706,-0.409752,-1.12235][0.92126,0,-0.385827][0.560252,0.330594,0][2.50706,-0.472962,-1.12235][0.92126,0,-0.385827][0.558371,0.335821,0][1.73078,-0.78477,-0.937746][0.826772,0,-0.559055][0.484839,0.338479,0][-1.74131,-0.58792,-0.918052][0,1,0][0.289516,0.780541,0][-1.74131,-0.78477,-0.918052][0,-1,0][0.283052,0.764492,0][-2.51962,-0.472962,-1.09383][-0.929134,0,-0.377953][0.356696,0.764375,0][-2.51962,-0.472962,-1.09383][-0.929134,0,-0.377953][0.356696,0.764375,0][-2.51962,-0.409752,-1.09383][-0.929134,0,-0.377953][0.358772,0.769529,0][-1.74131,-0.58792,-0.918052][0,1,0][0.289516,0.780541,0][-1.96009,-0.58792,-0.181801][0,1,0][0.170247,0.795671,0][-1.96009,-0.78477,-0.181801][0,-1,0][0.175464,0.812167,0][-2.74644,-0.472962,-0.0463486][-1,0,0.00787402][0.101264,0.806891,0][-2.74644,-0.472962,-0.0463486][-1,0,0.00787402][0.101264,0.806891,0][-2.74644,-0.40975,-0.0463486][-1,0,0.00787402][0.099588,0.801594,0][-1.96009,-0.58792,-0.181801][0,1,0][0.170247,0.795671,0][1.9579,-0.78477,-0.204024][0.976378,0,-0.204724][0.191756,0.780654,0][1.9579,-0.58792,-0.204024][0.976378,0,-0.19685][0.197616,0.764375,0][2.74574,-0.40975,-0.0775026][1,0,-0.00787402][0.268035,0.77308,0][2.74574,-0.40975,-0.0775026][1,0,-0.00787402][0.268035,0.77308,0][2.74574,-0.472962,-0.0775026][1,0,-0.00787402][0.266154,0.778308,0][1.9579,-0.78477,-0.204024][0.976378,0,-0.204724][0.191756,0.780654,0][0.204056,-0.58792,1.95793][0.19685,0,0.976378][0.022215,0.700424,0][0.18365,-0.58792,1.76214][-0.19685,0,-0.976378][0.005,0.698691,0][-0.163648,-0.58792,1.76411][0,1,0][0.005067,0.668165,0][-0.163648,-0.58792,1.76411][0,1,0][0.005067,0.668165,0][-0.181832,-0.58792,1.96012][0,1,0][0.022289,0.666507,0][0.204056,-0.58792,1.95793][0.19685,0,0.976378][0.022215,0.700424,0][-0.560732,-0.58792,1.88698][-0.188976,0,0.984252][0.406027,0.0389,0][-0.504658,-0.58792,1.69828][0.188976,0,-0.984252][0.388871,0.036661,0][-0.826276,-0.58792,1.56721][0,1,0][0.389835,0.00615102,0][-0.826276,-0.58792,1.56721][0,1,0][0.389835,0.00615102,0][-0.918084,-0.58792,1.74134][0,1,0][0.407098,0.005,0][-0.560732,-0.58792,1.88698][-0.188976,0,0.984252][0.406027,0.0389,0][-1.24015,-0.58792,1.52876][-0.551181,0,0.834646][0.458523,0.042655,0][-1.11613,-0.58792,1.3759][0.551181,0,-0.834646][0.475701,0.044725,0][-1.36311,-0.58792,1.13171][0,1,0][0.475036,0.075244,0][-1.36311,-0.58792,1.13171][0,1,0][0.475036,0.075244,0][-1.51457,-0.58792,1.25745][0,1,0][0.457784,0.076564,0][-1.24015,-0.58792,1.52876][-0.551181,0,0.834646][0.458523,0.042655,0][-1.73078,-0.58792,0.93781][-0.826772,0,0.559055][0.298518,0.191413,0][-1.55769,-0.58792,0.844032][0.826772,0,-0.559055][0.315715,0.193315,0][-1.69242,-0.58792,0.523924][0,1,0][0.315349,0.223839,0][-1.69242,-0.58792,0.523924][0,1,0][0.315349,0.223839,0][-1.88047,-0.58792,0.582134][0,1,0][0.298111,0.225328,0][-1.73078,-0.58792,0.93781][-0.826772,0,0.559055][0.298518,0.191413,0][-1.9579,-0.58792,0.204088][-0.976378,0,0.19685][0.304693,0.575673,0][-1.76211,-0.58792,0.183681][0.976378,0,-0.19685][0.321908,0.577406,0][-1.76408,-0.58792,-0.163617][0,1,0][0.321841,0.607932,0][-1.76408,-0.58792,-0.163617][0,1,0][0.321841,0.607932,0][-1.96009,-0.58792,-0.181801][0,1,0][0.304619,0.60959,0][-1.9579,-0.58792,0.204088][-0.976378,0,0.19685][0.304693,0.575673,0][-1.52873,-0.58792,-1.24012][-0.834646,0,-0.551181][0.458523,0.426525,0][-1.37586,-0.58792,-1.1161][0.834646,0,0.551181][0.475701,0.428596,0][-1.13168,-0.58792,-1.36308][0,1,0][0.475036,0.459114,0][-1.13168,-0.58792,-1.36308][0,1,0][0.475036,0.459114,0][-1.25741,-0.58792,-1.51454][0,1,0][0.457784,0.460435,0][-1.52873,-0.58792,-1.24012][-0.834646,0,-0.551181][0.458523,0.426525,0][-0.204056,-0.58792,-1.95787][-0.19685,0,-0.976378][0.554068,0.095834,0][-0.18365,-0.58792,-1.76208][0.19685,0,0.976378][0.571283,0.097568,0][0.163648,-0.58792,-1.76405][0,1,0][0.571216,0.128093,0][0.163648,-0.58792,-1.76405][0,1,0][0.571216,0.128093,0][0.181832,-0.58792,-1.96005][0,1,0][0.553994,0.129751,0][-0.204056,-0.58792,-1.95787][-0.19685,0,-0.976378][0.554068,0.095834,0][0.560732,-0.58792,-1.88692][0.188976,0,-0.984252][0.458725,0.388871,0][0.504658,-0.58792,-1.69822][-0.188976,0,0.984252][0.475881,0.39111,0][0.826276,-0.58792,-1.56714][0,1,0][0.474917,0.42162,0][0.826276,-0.58792,-1.56714][0,1,0][0.474917,0.42162,0][0.918084,-0.58792,-1.74127][0,1,0][0.457653,0.422771,0][0.560732,-0.58792,-1.88692][0.188976,0,-0.984252][0.458725,0.388871,0][1.9579,-0.58792,-0.204024][0.976378,0,-0.19685][0.732517,0.038917,0][1.76211,-0.58792,-0.183619][-0.976378,0,0.19685][0.715302,0.037184,0][1.76408,-0.58792,0.163679][0,1,0][0.715369,0.00665802,0][1.76408,-0.58792,0.163679][0,1,0][0.715369,0.00665802,0][1.96009,-0.58792,0.181863][0,1,0][0.732591,0.005,0][1.9579,-0.58792,-0.204024][0.976378,0,-0.19685][0.732517,0.038917,0][1.52873,-0.58792,1.24018][0.834646,0,0.551181][0.208582,0.187659,0][1.37586,-0.58792,1.11617][-0.834646,0,-0.551181][0.191405,0.185589,0][1.13168,-0.58792,1.36314][0,1,0][0.19207,0.15507,0][1.13168,-0.58792,1.36314][0,1,0][0.19207,0.15507,0][1.25741,-0.58792,1.5146][0,1,0][0.209321,0.15375,0][1.52873,-0.58792,1.24018][0.834646,0,0.551181][0.208582,0.187659,0][0.582102,-0.58792,1.8805][0,1,0][0.484839,0.499236,0][0.523892,-0.58792,1.69245][0,1,0][0.484839,0.48269,0][0.410512,0.120558,1.79102][0,1,0][0.547109,0.491318,0][0.410512,0.120558,1.79102][0,1,0][0.547109,0.491318,0][0.424858,0.120558,1.83737][0,1,0][0.547109,0.495396,0][0.582102,-0.58792,1.8805][0,1,0][0.484839,0.499236,0][-0.504658,-0.58792,1.69828][0.188976,0,-0.984252][0.333771,0.87118,0][-0.560732,-0.58792,1.88698][-0.188976,0,0.984252][0.333771,0.854612,0][-0.403988,0.120558,1.84206][0,1,0][0.396041,0.858512,0][-0.403988,0.120558,1.84206][0,1,0][0.396041,0.858512,0][-0.390166,0.120558,1.79555][0,1,0][0.396041,0.862595,0][-0.504658,-0.58792,1.69828][0.188976,0,-0.984252][0.333771,0.87118,0][-0.196008,0.47661,-1.7994][-0.740157,0.299213,0.598425][0.168145,0.434612,0][-0.005748,0.39647,-1.64619][0,0.716535,0.700787][0.174275,0.412863,0][-0.291256,0.67422,-1.98725][-0.385827,0.574803,0.724409][0.175393,0.458939,0][0.18454,0.47657,-1.80092][0.748031,0.291339,0.590551][0.087332,0.026567,0][0.279944,0.67373,-1.98915][0.574803,0.393701,0.724409][0.081118,0.051178,0][-0.005748,0.39647,-1.64619][0,0.716535,0.700787][0.080324,0.005,0][-0.196008,0.47661,-1.7994][-0.740157,0.299213,0.598425][0.508408,0.553095,0][-0.291256,0.67422,-1.98725][-0.385827,0.574803,0.724409][0.485223,0.56343,0][-0.37612,0.54992,-1.98696][-0.80315,0.590551,0.015748][0.484839,0.550207,0][0.18454,0.47657,-1.80092][0.748031,0.291339,0.590551][0.547633,0.527114,0][0.364404,0.54959,-1.98954][0.984252,0.165354,0.00787402][0.523845,0.527311,0][0.279944,0.67373,-1.98915][0.574803,0.393701,0.724409][0.52575,0.514252,0][0.279944,0.67373,-1.98915][0.574803,0.393701,0.724409][0.289411,0.340887,0][0.072808,0.58203,-1.79673][0.314961,0.755906,0.574803][0.264243,0.347886,0][-0.005748,0.39647,-1.64619][0,0.716535,0.700787][0.243227,0.341026,0][-0.005748,0.39647,-1.64619][0,0.716535,0.700787][0.11815,0.223803,0][-0.08597,0.58259,-1.79683][-0.291339,0.76378,0.574803][0.110564,0.202944,0][-0.291256,0.67422,-1.98725][-0.385827,0.574803,0.724409][0.116513,0.177742,0][0.918084,-0.58792,-1.74127][0,1,0][0.005,0.93782,0][0.826276,-0.58792,-1.56714][0,1,0][0.005,0.920518,0][0.976144,0.120556,-1.55667][0,1,0][0.068431,0.925847,0][0.976144,0.120556,-1.55667][0,1,0][0.068431,0.925847,0][0.998772,0.120556,-1.59957][0,1,0][0.068431,0.930111,0][0.918084,-0.58792,-1.74127][0,1,0][0.005,0.93782,0][-0.844,-0.58792,-1.55766][0.559055,0,0.826772][0.099588,0.871914,0][-0.937778,-0.58792,-1.73075][-0.559055,0,-0.826772][0.099588,0.854612,0][-1.01685,0.120556,-1.58815][0,1,0][0.16302,0.862321,0][-1.01685,0.120556,-1.58815][0,1,0][0.16302,0.862321,0][-0.99374,0.120556,-1.54549][0,1,0][0.16302,0.866585,0][-0.844,-0.58792,-1.55766][0.559055,0,0.826772][0.099588,0.871914,0][-0.937778,-0.58792,-1.73075][-0.559055,0,-0.826772][0.042663,0.406068,0][-0.844,-0.58792,-1.55766][0.559055,0,0.826772][0.044565,0.388871,0][-0.523892,-0.58792,-1.69239][0,1,0][0.075089,0.389237,0][-0.523892,-0.58792,-1.69239][0,1,0][0.075089,0.389237,0][-0.582102,-0.58792,-1.88044][0,1,0][0.076578,0.406474,0][-0.937778,-0.58792,-1.73075][-0.559055,0,-0.826772][0.042663,0.406068,0][-0.937778,-0.58792,-1.73075][-0.559055,0,-0.826772][0.042663,0.406068,0][-0.582102,-0.58792,-1.88044][0,1,0][0.076578,0.406474,0][-1.00817,-0.40975,-2.5551][-0.385827,0,-0.92126][0.064237,0.475512,0][1.24015,-0.58792,-1.5287][0.551181,0,-0.834646][0.005,0.406048,0][1.11613,-0.58792,-1.37583][-0.551181,0,0.834646][0.007071,0.388871,0][1.36311,-0.58792,-1.13164][0,1,0][0.037589,0.389536,0][1.36311,-0.58792,-1.13164][0,1,0][0.037589,0.389536,0][1.51457,-0.58792,-1.25738][0,1,0][0.038909,0.406787,0][1.24015,-0.58792,-1.5287][0.551181,0,-0.834646][0.005,0.406048,0][1.24015,-0.58792,-1.5287][0.551181,0,-0.834646][0.005,0.406048,0][1.51457,-0.58792,-1.25738][0,1,0][0.038909,0.406787,0][1.97482,-0.40975,-1.90919][0.700787,0,-0.708661][0.025892,0.475701,0][-0.196008,0.47661,-1.7994][-0.740157,0.299213,0.598425][0.411058,0.854822,0][-0.37612,0.54992,-1.98696][-0.80315,0.590551,0.015748][0.434802,0.854612,0][-0.409024,0.39777,-1.98776][-0.677165,0.125984,0.724409][0.433271,0.868208,0][-1.03653,-0.303894,-1.72029][-0.889764,0.228346,0.385827][0.821784,0.331657,0][-0.819036,-0.303894,-1.63355][-0.527559,0,0.850394][0.802695,0.331657,0][-1.01678,-0.196302,-1.72855][-0.314961,0.614173,0.724409][0.820046,0.3222,0][1.02313,-0.303894,-1.72748][0.897638,0.228346,0.385827][0.411286,0.832886,0][1.00333,-0.196302,-1.7356][0.314961,0.614173,0.724409][0.413024,0.82343,0][0.806246,-0.303894,-1.63921][0.535433,0,0.84252][0.430375,0.832886,0][-1.88695,-0.58792,-0.5607][-0.984252,0,-0.188976][0.0389,0.074854,0][-1.69825,-0.58792,-0.504626][0.984252,0,0.188976][0.036661,0.09201,0][-1.56717,-0.58792,-0.826244][0,1,0][0.006151,0.091046,0][-1.56717,-0.58792,-0.826244][0,1,0][0.006151,0.091046,0][-1.74131,-0.58792,-0.918052][0,1,0][0.005,0.073783,0][-1.88695,-0.58792,-0.5607][-0.984252,0,-0.188976][0.0389,0.074854,0][-1.88695,-0.58792,-0.5607][-0.984252,0,-0.188976][0.0389,0.074854,0][-1.74131,-0.58792,-0.918052][0,1,0][0.005,0.073783,0][-2.51962,-0.409752,-1.09383][-0.929134,0,-0.377953][0.018692,0.005,0][1.73078,-0.58792,-0.937746][0.826772,0,-0.559055][0.076569,0.074444,0][1.55769,-0.58792,-0.843968][-0.826772,0,0.559055][0.074667,0.091641,0][1.69242,-0.58792,-0.52386][0,1,0][0.044144,0.091275,0][1.69242,-0.58792,-0.52386][0,1,0][0.044144,0.091275,0][1.88047,-0.58792,-0.58207][0,1,0][0.042655,0.074038,0][1.73078,-0.58792,-0.937746][0.826772,0,-0.559055][0.076569,0.074444,0][1.73078,-0.58792,-0.937746][0.826772,0,-0.559055][0.076569,0.074444,0][1.88047,-0.58792,-0.58207][0,1,0][0.042655,0.074038,0][2.55512,-0.409752,-1.00813][0.92126,0,-0.385827][0.054996,0.005,0][0.18454,0.47657,-1.80092][0.748031,0.291339,0.590551][0.639412,0.461156,0][0.395136,0.39777,-1.99057][0.700787,-0.11811,0.708661][0.662946,0.450451,0][0.364404,0.54959,-1.98954][0.984252,0.165354,0.00787402][0.663023,0.464065,0][-1.03653,-0.303894,-1.72029][-0.889764,0.228346,0.385827][0.377201,0.963917,0][-1.01678,-0.411488,-1.72855][-0.559055,0.0314961,0.826772][0.375463,0.973374,0][-0.819036,-0.303894,-1.63355][-0.527559,0,0.850394][0.358112,0.963917,0][1.02313,-0.303894,-1.72748][0.897638,0.228346,0.385827][0.970947,0.353496,0][0.806246,-0.303894,-1.63921][0.535433,0,0.84252][0.990036,0.353496,0][1.00333,-0.411488,-1.7356][0.566929,0.0314961,0.826772][0.972684,0.362952,0][-0.204056,-0.58792,-1.95787][-0.19685,0,-0.976378][0.554068,0.095834,0][0.181832,-0.58792,-1.96005][0,1,0][0.553994,0.129751,0][0.04638,-0.40975,-2.7464][-0.00787402,0,-1][0.484839,0.118088,0][0.04638,-0.40975,-2.7464][-0.00787402,0,-1][0.484839,0.118088,0][-0.077534,-0.40975,-2.7457][-0.00787402,0,-1][0.484862,0.107196,0][-0.204056,-0.58792,-1.95787][-0.19685,0,-0.976378][0.554068,0.095834,0][-0.960558,-0.105088,-1.75207][-0.480315,0.850394,0.212598][0.505418,0.627064,0][-1.01678,-0.196302,-1.72855][-0.314961,0.614173,0.724409][0.504131,0.63662,0][-0.788238,-0.223294,-1.64643][-0.307087,0.574803,0.755906][0.484839,0.627185,0][0.946936,-0.105088,-1.75872][0.480315,0.850394,0.212598][0.686243,0.49233,0][0.775358,-0.223294,-1.65188][0.314961,0.574803,0.755906][0.665815,0.489833,0][1.00333,-0.196302,-1.7356][0.314961,0.614173,0.724409][0.686069,0.48269,0][-1.11613,-0.58792,1.3759][0.551181,0,-0.834646][0.178036,0.871914,0][-1.24015,-0.58792,1.52876][-0.551181,0,0.834646][0.178036,0.854612,0][-1.07816,0.120558,1.54725][0,1,0][0.241467,0.862321,0][-1.07816,0.120558,1.54725][0,1,0][0.241467,0.862321,0][-1.04759,0.120558,1.50957][0,1,0][0.241467,0.866585,0][-1.11613,-0.58792,1.3759][0.551181,0,-0.834646][0.178036,0.871914,0][1.25741,-0.58792,1.5146][0,1,0][0.377641,0.732743,0][1.13168,-0.58792,1.36314][0,1,0][0.377641,0.715441,0][1.06464,0.120558,1.49759][0,1,0][0.441072,0.72077,0][1.06464,0.120558,1.49759][0,1,0][0.441072,0.72077,0][1.09563,0.120558,1.53492][0,1,0][0.441072,0.725034,0][1.25741,-0.58792,1.5146][0,1,0][0.377641,0.732743,0][-1.00817,-0.40975,-2.5551][-0.385827,0,-0.92126][0.064237,0.475512,0][-1.12238,-0.40975,-2.50702][-0.385827,0,-0.92126][0.053346,0.475381,0][-0.937778,-0.58792,-1.73075][-0.559055,0,-0.826772][0.042663,0.406068,0][0.560732,-0.58792,-1.88692][0.188976,0,-0.984252][0.458725,0.388871,0][0.918084,-0.58792,-1.74127][0,1,0][0.457653,0.422771,0][1.09386,-0.40975,-2.5196][0.377953,0,-0.929134][0.388871,0.409079,0][1.09386,-0.40975,-2.5196][0.377953,0,-0.929134][0.388871,0.409079,0][0.979116,-0.40975,-2.56636][0.377953,0,-0.929134][0.389215,0.398193,0][0.560732,-0.58792,-1.88692][0.188976,0,-0.984252][0.458725,0.388871,0][-0.960558,-0.5027,-1.75207][-0.779528,-0.527559,0.338583][0.13437,0.983719,0][-0.788238,-0.384494,-1.64643][-0.307087,-0.574803,0.755906][0.154798,0.986216,0][-1.01678,-0.411488,-1.72855][-0.559055,0.0314961,0.826772][0.134545,0.993359,0][0.946936,-0.5027,-1.75872][0.779528,-0.527559,0.338583][0.344032,0.832985,0][1.00333,-0.411488,-1.7356][0.566929,0.0314961,0.826772][0.345319,0.82343,0][0.775358,-0.384494,-1.65188][0.314961,-0.574803,0.755906][0.364612,0.832865,0][-0.819036,-0.303894,-1.63355][-0.527559,0,0.850394][0.532809,0.917783,0][-0.675984,-0.303894,-1.58694][0.866142,0.259843,0.433071][0.52025,0.917783,0][-0.788238,-0.223294,-1.64643][-0.307087,0.574803,0.755906][0.530098,0.910698,0][-1.01678,-0.196302,-1.72855][-0.314961,0.614173,0.724409][0.884286,0.514259,0][-0.819036,-0.303894,-1.63355][-0.527559,0,0.850394][0.904047,0.514252,0][-0.788238,-0.223294,-1.64643][-0.307087,0.574803,0.755906][0.903039,0.52177,0][0.806246,-0.303894,-1.63921][0.535433,0,0.84252][0.713167,0.760289,0][0.775358,-0.223294,-1.65188][0.314961,0.574803,0.755906][0.715878,0.753205,0][0.663522,-0.303894,-1.59161][-0.858268,0.259843,0.440945][0.725726,0.760289,0][1.00333,-0.196302,-1.7356][0.314961,0.614173,0.724409][0.707435,0.60477,0][0.775358,-0.223294,-1.65188][0.314961,0.574803,0.755906][0.687939,0.610064,0][0.806246,-0.303894,-1.63921][0.535433,0,0.84252][0.687807,0.60248,0][-0.788238,-0.384494,-1.64643][-0.307087,-0.574803,0.755906][0.974939,0.581777,0][-0.675984,-0.303894,-1.58694][0.866142,0.259843,0.433071][0.965092,0.574693,0][-0.819036,-0.303894,-1.63355][-0.527559,0,0.850394][0.97765,0.574693,0][-1.01678,-0.411488,-1.72855][-0.559055,0.0314961,0.826772][0.63823,0.692711,0][-0.788238,-0.384494,-1.64643][-0.307087,-0.574803,0.755906][0.657726,0.687416,0][-0.819036,-0.303894,-1.63355][-0.527559,0,0.850394][0.657858,0.695001,0][0.775358,-0.384494,-1.65188][0.314961,-0.574803,0.755906][0.766617,0.717102,0][0.806246,-0.303894,-1.63921][0.535433,0,0.84252][0.763906,0.710017,0][0.663522,-0.303894,-1.59161][-0.858268,0.259843,0.440945][0.776465,0.710017,0][1.00333,-0.411488,-1.7356][0.566929,0.0314961,0.826772][0.742212,0.609992,0][0.806246,-0.303894,-1.63921][0.535433,0,0.84252][0.722451,0.609998,0][0.775358,-0.384494,-1.65188][0.314961,-0.574803,0.755906][0.723459,0.60248,0][-1.52873,-0.58792,-1.24012][-0.834646,0,-0.551181][0.458523,0.426525,0][-1.25741,-0.58792,-1.51454][0,1,0][0.457784,0.460435,0][-1.90923,-0.40975,-1.97479][-0.708661,0,-0.700787][0.388871,0.447417,0][-1.90923,-0.40975,-1.97479][-0.708661,0,-0.700787][0.388871,0.447417,0][-1.99635,-0.40975,-1.88667][-0.708661,0,-0.700787][0.389108,0.436528,0][-1.52873,-0.58792,-1.24012][-0.834646,0,-0.551181][0.458523,0.426525,0][1.97482,-0.40975,-1.90919][0.700787,0,-0.708661][0.025892,0.475701,0][1.8867,-0.40975,-1.99632][0.700787,0,-0.708661][0.015003,0.475463,0][1.24015,-0.58792,-1.5287][0.551181,0,-0.834646][0.005,0.406048,0][0.198946,0.25702,-1.79914][0.677165,-0.220472,0.700787][0.008846,0.520338,0][0.395136,0.39777,-1.99057][0.700787,-0.11811,0.708661][0.021312,0.496294,0][-0.005748,0.39647,-1.64619][0,0.716535,0.700787][0.021196,0.542745,0][-0.21086,0.25708,-1.7978][-0.677165,-0.220472,0.700787][0.24298,0.029081,0][-0.005748,0.39647,-1.64619][0,0.716535,0.700787][0.230639,0.051451,0][-0.409024,0.39777,-1.98776][-0.677165,0.125984,0.724409][0.230524,0.005,0][-0.960558,-0.105088,-1.75207][-0.480315,0.850394,0.212598][0.767275,0.3222,0][-0.788238,-0.223294,-1.64643][-0.307087,0.574803,0.755906][0.787678,0.324889,0][-0.876412,-0.044142,-1.78727][0.244094,0.834646,0.488189][0.767358,0.331841,0][0.946936,-0.105088,-1.75872][0.480315,0.850394,0.212598][0.920509,0.353496,0][0.862546,-0.044142,-1.79334][-0.23622,0.834646,0.496063][0.919312,0.363063,0][0.775358,-0.223294,-1.65188][0.314961,0.574803,0.755906][0.899932,0.35381,0][1.88695,-0.58792,0.560764][0.984252,0,0.188976][0.15375,0.170906,0][1.69825,-0.58792,0.50469][-0.984252,0,-0.188976][0.155989,0.15375,0][1.56717,-0.58792,0.826308][0,1,0][0.186499,0.154714,0][1.56717,-0.58792,0.826308][0,1,0][0.186499,0.154714,0][1.74131,-0.58792,0.918116][0,1,0][0.18765,0.171978,0][1.88695,-0.58792,0.560764][0.984252,0,0.188976][0.15375,0.170906,0][1.88695,-0.58792,0.560764][0.984252,0,0.188976][0.15375,0.170906,0][1.74131,-0.58792,0.918116][0,1,0][0.18765,0.171978,0][2.51962,-0.40975,1.09389][0.929134,0,0.377953][0.173958,0.24076,0][-0.960558,-0.5027,-1.75207][-0.779528,-0.527559,0.338583][0.358112,0.928082,0][-0.87641,-0.563648,-1.78727][-0.354331,-0.566929,0.740157][0.359309,0.918515,0][-0.788238,-0.384494,-1.64643][-0.307087,-0.574803,0.755906][0.37869,0.927768,0][0.946936,-0.5027,-1.75872][0.779528,-0.527559,0.338583][0.883895,0.395456,0][0.775358,-0.384494,-1.65188][0.314961,-0.574803,0.755906][0.863491,0.392767,0][0.862546,-0.563648,-1.79334][0.362205,-0.566929,0.740157][0.883811,0.385814,0][0.198946,0.25702,-1.79914][0.677165,-0.220472,0.700787][0.255323,0.925214,0][0.364412,0.15134,-1.99014][0.96063,-0.283465,-0.00787402][0.278448,0.918515,0][0.395136,0.39777,-1.99057][0.700787,-0.11811,0.708661][0.277794,0.940332,0][-0.21086,0.25708,-1.7978][-0.677165,-0.220472,0.700787][0.508828,0.514663,0][-0.409024,0.39777,-1.98776][-0.677165,0.125984,0.724409][0.491117,0.53519,0][-0.37612,0.151258,-1.98756][-0.992126,-0.110236,0.00787402][0.484839,0.514252,0][-2.51962,-0.409752,-1.09383][-0.929134,0,-0.377953][0.018692,0.005,0][-2.5664,-0.409752,-0.979084][-0.929134,0,-0.377953][0.029578,0.00534397,0][-1.88695,-0.58792,-0.5607][-0.984252,0,-0.188976][0.0389,0.074854,0][2.55512,-0.409752,-1.00813][0.92126,0,-0.385827][0.054996,0.005,0][2.50706,-0.409752,-1.12235][0.92126,0,-0.385827][0.065886,0.00513101,0][1.73078,-0.58792,-0.937746][0.826772,0,-0.559055][0.076569,0.074444,0][-1.37586,-0.58792,-1.1161][0.834646,0,0.551181][0.484839,0.435434,0][-1.52873,-0.58792,-1.24012][-0.834646,0,-0.551181][0.484839,0.418133,0][-1.54722,0.120556,-1.07812][0,1,0][0.54827,0.425841,0][-1.54722,0.120556,-1.07812][0,1,0][0.54827,0.425841,0][-1.50954,0.120556,-1.04755][0,1,0][0.54827,0.430106,0][-1.37586,-0.58792,-1.1161][0.834646,0,0.551181][0.484839,0.435434,0][1.51457,-0.58792,-1.25738][0,1,0][0.563286,0.403116,0][1.36311,-0.58792,-1.13164][0,1,0][0.563286,0.385814,0][1.49756,0.120556,-1.06461][0,1,0][0.626718,0.391143,0][1.49756,0.120556,-1.06461][0,1,0][0.626718,0.391143,0][1.53488,0.120556,-1.0956][0,1,0][0.626718,0.395407,0][1.51457,-0.58792,-1.25738][0,1,0][0.563286,0.403116,0][-0.788238,-0.223294,-1.64643][-0.307087,0.574803,0.755906][0.45961,0.963818,0][-0.675984,-0.303894,-1.58694][0.866142,0.259843,0.433071][0.470673,0.971062,0][-0.71388,-0.189908,-1.67754][0.220472,0.818898,0.535433][0.45745,0.971175,0][-0.876412,-0.044142,-1.78727][0.244094,0.834646,0.488189][0.574096,0.668721,0][-0.788238,-0.223294,-1.64643][-0.307087,0.574803,0.755906][0.553947,0.676154,0][-0.71388,-0.189908,-1.67754][0.220472,0.818898,0.535433][0.55262,0.668602,0][0.763,-0.02274,-1.83416][-0.220472,0.976378,-0.0708661][0.505233,0.657524,0][0.700784,-0.189908,-1.68247][-0.220472,0.818898,0.535433][0.484839,0.654765,0][0.862546,-0.044142,-1.79334][-0.23622,0.834646,0.496063][0.505182,0.647883,0][0.775358,-0.223294,-1.65188][0.314961,0.574803,0.755906][0.533473,0.892087,0][0.700784,-0.189908,-1.68247][-0.220472,0.818898,0.535433][0.531283,0.899436,0][0.663522,-0.303894,-1.59161][-0.858268,0.259843,0.440945][0.52025,0.892146,0][0.862546,-0.044142,-1.79334][-0.23622,0.834646,0.496063][0.597281,0.609829,0][0.700784,-0.189908,-1.68247][-0.220472,0.818898,0.535433][0.617461,0.60248,0][0.775358,-0.223294,-1.65188][0.314961,0.574803,0.755906][0.618756,0.610038,0][-0.777152,-0.02274,-1.82879][0.220472,0.976378,-0.0787402][0.782941,0.427704,0][-0.876412,-0.044142,-1.78727][0.244094,0.834646,0.488189][0.784105,0.418133,0][-0.71388,-0.189908,-1.67754][0.220472,0.818898,0.535433][0.803517,0.42732,0][-0.71388,-0.41788,-1.67754][0.220472,-0.818898,0.535433][0.720004,0.687416,0][-0.675984,-0.303894,-1.58694][0.866142,0.259843,0.433071][0.731037,0.694706,0][-0.788238,-0.384494,-1.64643][-0.307087,-0.574803,0.755906][0.717814,0.694765,0][-0.87641,-0.563648,-1.78727][-0.354331,-0.566929,0.740157][0.981462,0.291113,0][-0.71388,-0.41788,-1.67754][0.220472,-0.818898,0.535433][0.961282,0.298462,0][-0.788238,-0.384494,-1.64643][-0.307087,-0.574803,0.755906][0.959987,0.290904,0][0.700784,-0.41788,-1.68247][-0.220472,-0.818898,0.535433][0.62265,0.80864,0][0.775358,-0.384494,-1.65188][0.314961,-0.574803,0.755906][0.620489,0.815997,0][0.663522,-0.303894,-1.59161][-0.858268,0.259843,0.440945][0.609426,0.808753,0][0.862546,-0.563648,-1.79334][0.362205,-0.566929,0.740157][0.630019,0.609913,0][0.775358,-0.384494,-1.65188][0.314961,-0.574803,0.755906][0.650168,0.60248,0][0.700784,-0.41788,-1.68247][-0.220472,-0.818898,0.535433][0.651495,0.610032,0][-0.777152,-0.585048,-1.82879][-0.204724,-0.976378,0.102362][0.375875,0.82343,0][-0.71388,-0.41788,-1.67754][0.220472,-0.818898,0.535433][0.396269,0.826189,0][-0.87641,-0.563648,-1.78727][-0.354331,-0.566929,0.740157][0.375926,0.833071,0][0.763,-0.585048,-1.83416][0.204724,-0.976378,0.102362][0.884915,0.353496,0][0.862546,-0.563648,-1.79334][0.362205,-0.566929,0.740157][0.88375,0.363067,0][0.700784,-0.41788,-1.68247][-0.220472,-0.818898,0.535433][0.864338,0.35388,0][0.93778,-0.58792,1.73081][0,1,0][0.225319,0.260858,0][0.844,-0.58792,1.55773][0,1,0][0.223417,0.278055,0][0.523892,-0.58792,1.69245][0,1,0][0.192894,0.277689,0][0.523892,-0.58792,1.69245][0,1,0][0.192894,0.277689,0][0.582102,-0.58792,1.8805][0,1,0][0.191405,0.260451,0][0.93778,-0.58792,1.73081][0,1,0][0.225319,0.260858,0][0.93778,-0.58792,1.73081][0,1,0][0.225319,0.260858,0][0.582102,-0.58792,1.8805][0,1,0][0.191405,0.260451,0][1.00817,-0.40975,2.55516][0.385827,0,0.92126][0.203746,0.191413,0][1.00817,-0.40975,2.55516][0.385827,0,0.92126][0.203746,0.191413,0][1.12238,-0.40975,2.50708][0.385827,0,0.92126][0.214636,0.191544,0][0.93778,-0.58792,1.73081][0,1,0][0.225319,0.260858,0][-1.9579,-0.58792,0.204088][-0.976378,0,0.19685][0.304693,0.575673,0][-1.96009,-0.58792,-0.181801][0,1,0][0.304619,0.60959,0][-2.74644,-0.40975,-0.0463486][-1,0,0.00787402][0.235464,0.597926,0][-2.74644,-0.40975,-0.0463486][-1,0,0.00787402][0.235464,0.597926,0][-2.74574,-0.40975,0.0775654][-1,0,0.00787402][0.235487,0.587035,0][-1.9579,-0.58792,0.204088][-0.976378,0,0.19685][0.304693,0.575673,0][1.9579,-0.58792,-0.204024][0.976378,0,-0.19685][0.732517,0.038917,0][1.96009,-0.58792,0.181863][0,1,0][0.732591,0.005,0][2.74644,-0.40975,0.0464114][1,0,-0.00787402][0.801746,0.016664,0][2.74644,-0.40975,0.0464114][1,0,-0.00787402][0.801746,0.016664,0][2.74574,-0.40975,-0.0775026][1,0,-0.00787402][0.801723,0.027555,0][1.9579,-0.58792,-0.204024][0.976378,0,-0.19685][0.732517,0.038917,0][0.198946,0.25702,-1.79914][0.677165,-0.220472,0.700787][0.270129,0.100968,0][0.279888,-0.120364,-1.98994][0.559055,-0.535433,0.629921][0.270156,0.138811,0][0.364412,0.15134,-1.99014][0.96063,-0.283465,-0.00787402][0.254516,0.119294,0][-0.21086,0.25708,-1.7978][-0.677165,-0.220472,0.700787][0.192987,0.542745,0][-0.37612,0.151258,-1.98756][-0.992126,-0.110236,0.00787402][0.176795,0.525041,0][-0.291258,-0.12035,-1.98785][-0.88189,0.023622,0.464567][0.191703,0.504959,0][-1.55769,-0.58792,0.844032][0.826772,0,-0.559055][0.484839,0.403116,0][-1.73078,-0.58792,0.93781][-0.826772,0,0.559055][0.484839,0.385814,0][-1.58818,0.120558,1.01688][0,1,0][0.54827,0.393523,0][-1.58818,0.120558,1.01688][0,1,0][0.54827,0.393523,0][-1.54552,0.120558,0.993772][0,1,0][0.54827,0.397787,0][-1.55769,-0.58792,0.844032][0.826772,0,-0.559055][0.484839,0.403116,0][1.74131,-0.58792,0.918116][0,1,0][0.641734,0.370797,0][1.56717,-0.58792,0.826308][0,1,0][0.641734,0.353496,0][1.5567,0.120558,0.976176][0,1,0][0.705165,0.358824,0][1.5567,0.120558,0.976176][0,1,0][0.705165,0.358824,0][1.59961,0.120558,0.998804][0,1,0][0.705165,0.363089,0][1.74131,-0.58792,0.918116][0,1,0][0.641734,0.370797,0][-0.005748,0.39647,-1.64619][0,0.716535,0.700787][0.136822,0.239593,0][-0.196008,0.47661,-1.7994][-0.740157,0.299213,0.598425][0.129758,0.218129,0][-0.409024,0.39777,-1.98776][-0.677165,0.125984,0.724409][0.136707,0.193142,0][0.395136,0.39777,-1.99057][0.700787,-0.11811,0.708661][0.347837,0.239472,0][0.18454,0.47657,-1.80092][0.748031,0.291339,0.590551][0.340887,0.21457,0][-0.005748,0.39647,-1.64619][0,0.716535,0.700787][0.347952,0.193021,0][-0.777152,-0.02274,-1.82879][0.220472,0.976378,-0.0787402][0.684229,0.523894,0][-0.71388,-0.189908,-1.67754][0.220472,0.818898,0.535433][0.663835,0.521135,0][-0.677894,-0.044142,-1.87031][0.779528,0.566929,0.267717][0.684178,0.514252,0][0.763,-0.02274,-1.83416][-0.220472,0.976378,-0.0708661][0.792006,0.300475,0][0.663454,-0.044142,-1.875][-0.779528,0.566929,0.275591][0.793171,0.290904,0][0.700784,-0.189908,-1.68247][-0.220472,0.818898,0.535433][0.812583,0.300091,0][-0.21086,0.25708,-1.7978][-0.677165,-0.220472,0.700787][0.305673,0.18322,0][-0.291258,-0.12035,-1.98785][-0.88189,0.023622,0.464567][0.281989,0.15375,0][-0.099556,-0.055454,-1.79822][-0.606299,-0.322835,0.732283][0.306363,0.154069,0][-1.73078,-0.58792,0.93781][-0.826772,0,0.559055][0.298518,0.191413,0][-1.88047,-0.58792,0.582134][0,1,0][0.298111,0.225328,0][-2.55512,-0.40975,1.0082][-0.92126,0,0.385827][0.229074,0.212987,0][-2.55512,-0.40975,1.0082][-0.92126,0,0.385827][0.229074,0.212987,0][-2.50706,-0.40975,1.12241][-0.92126,0,0.385827][0.229204,0.202096,0][-1.73078,-0.58792,0.93781][-0.826772,0,0.559055][0.298518,0.191413,0][2.51962,-0.40975,1.09389][0.929134,0,0.377953][0.173958,0.24076,0][2.5664,-0.40975,0.979146][0.929134,0,0.377953][0.163072,0.240416,0][1.88695,-0.58792,0.560764][0.984252,0,0.188976][0.15375,0.170906,0][0.085088,-0.055268,-1.79909][0.598425,-0.314961,0.732283][0.201965,0.100968,0][0.279888,-0.120364,-1.98994][0.559055,-0.535433,0.629921][0.226598,0.101654,0][0.198946,0.25702,-1.79914][0.677165,-0.220472,0.700787][0.201734,0.130182,0][-0.777152,-0.585048,-1.82879][-0.204724,-0.976378,0.102362][0.650798,0.48269,0][-0.677894,-0.563648,-1.87031][0.181102,-0.834646,0.519685][0.649634,0.492261,0][-0.71388,-0.41788,-1.67754][0.220472,-0.818898,0.535433][0.630221,0.483074,0][0.763,-0.585048,-1.83416][0.204724,-0.976378,0.102362][0.365003,0.795671,0][0.700784,-0.41788,-1.68247][-0.220472,-0.818898,0.535433][0.385398,0.79843,0][0.663454,-0.563648,-1.875][-0.173228,-0.834646,0.519685][0.365054,0.805313,0][1.88047,-0.58792,-0.58207][0,1,0][0.005,0.970138,0][1.69242,-0.58792,-0.52386][0,1,0][0.005,0.952836,0][1.79099,0.120556,-0.410478][0,1,0][0.068431,0.958165,0][1.79099,0.120556,-0.410478][0,1,0][0.068431,0.958165,0][1.83734,0.120556,-0.424826][0,1,0][0.068431,0.96243,0][1.88047,-0.58792,-0.58207][0,1,0][0.005,0.970138,0][-1.69825,-0.58792,-0.504626][0.984252,0,0.188976][0.851584,0.211004,0][-1.88695,-0.58792,-0.5607][-0.984252,0,-0.188976][0.851584,0.193702,0][-1.84203,0.120556,-0.403956][0,1,0][0.915015,0.201411,0][-1.84203,0.120556,-0.403956][0,1,0][0.915015,0.201411,0][-1.79552,0.120556,-0.390134][0,1,0][0.915015,0.205675,0][-1.69825,-0.58792,-0.504626][0.984252,0,0.188976][0.851584,0.211004,0][-0.099556,-0.055454,-1.79822][-0.606299,-0.322835,0.732283][0.966969,0.114727,0][-0.291258,-0.12035,-1.98785][-0.88189,0.023622,0.464567][0.942799,0.117896,0][-0.16431,-0.336928,-1.9883][-0.88189,-0.472441,0.015748][0.943166,0.095834,0][0.085088,-0.055268,-1.79909][0.598425,-0.314961,0.732283][0.971117,0.145247,0][0.155888,-0.336876,-1.98943][0.80315,-0.598425,-0.00787402][0.949241,0.166523,0][0.279888,-0.120364,-1.98994][0.559055,-0.535433,0.629921][0.946479,0.144768,0][-1.76211,-0.58792,0.183681][0.976378,0,-0.19685][0.720182,0.37071,0][-1.9579,-0.58792,0.204088][-0.976378,0,0.19685][0.720182,0.353496,0][-1.85641,0.120558,0.331714][0,1,0][0.782452,0.362376,0][-1.85641,0.120558,0.331714][0,1,0][0.782452,0.362376,0][-1.80816,0.120558,0.326684][0,1,0][0.782452,0.366619,0][-1.76211,-0.58792,0.183681][0.976378,0,-0.19685][0.720182,0.37071,0][1.96009,-0.58792,0.181863][0,1,0][0.256484,0.871834,0][1.76408,-0.58792,0.163679][0,1,0][0.256484,0.854612,0][1.81175,0.120558,0.30615][0,1,0][0.318754,0.858758,0][1.81175,0.120558,0.30615][0,1,0][0.318754,0.858758,0][1.86007,0.120558,0.310632][0,1,0][0.318754,0.863003,0][1.96009,-0.58792,0.181863][0,1,0][0.256484,0.871834,0][-0.71388,-0.189908,-1.67754][0.220472,0.818898,0.535433][0.951639,0.582041,0][-0.675984,-0.303894,-1.58694][0.866142,0.259843,0.433071][0.940605,0.574752,0][-0.639524,-0.223294,-1.70864][0.574803,0.637795,0.503937][0.953829,0.574693,0][-0.677894,-0.044142,-1.87031][0.779528,0.566929,0.267717][0.950931,0.425482,0][-0.71388,-0.189908,-1.67754][0.220472,0.818898,0.535433][0.97111,0.418133,0][-0.639524,-0.223294,-1.70864][0.574803,0.637795,0.503937][0.972406,0.42569,0][0.700784,-0.189908,-1.68247][-0.220472,0.818898,0.535433][0.648827,0.675959,0][0.626212,-0.223294,-1.71305][-0.574803,0.637795,0.511811][0.650988,0.668602,0][0.663522,-0.303894,-1.59161][-0.858268,0.259843,0.440945][0.662051,0.675846,0][0.663454,-0.044142,-1.875][-0.779528,0.566929,0.275591][0.787414,0.514372,0][0.626212,-0.223294,-1.71305][-0.574803,0.637795,0.511811][0.767264,0.521805,0][0.700784,-0.189908,-1.68247][-0.220472,0.818898,0.535433][0.765937,0.514252,0][-1.24015,-0.58792,1.52876][-0.551181,0,0.834646][0.458523,0.042655,0][-1.51457,-0.58792,1.25745][0,1,0][0.457784,0.076564,0][-1.97482,-0.40975,1.90926][-0.700787,0,0.708661][0.388871,0.063546,0][-1.97482,-0.40975,1.90926][-0.700787,0,0.708661][0.388871,0.063546,0][-1.8867,-0.40975,1.99638][-0.700787,0,0.708661][0.389108,0.052658,0][-1.24015,-0.58792,1.52876][-0.551181,0,0.834646][0.458523,0.042655,0][1.52873,-0.58792,1.24018][0.834646,0,0.551181][0.208582,0.187659,0][1.25741,-0.58792,1.5146][0,1,0][0.209321,0.15375,0][1.90923,-0.40975,1.97485][0.708661,0,0.700787][0.278234,0.166767,0][1.90923,-0.40975,1.97485][0.708661,0,0.700787][0.278234,0.166767,0][1.99635,-0.40975,1.88673][0.708661,0,0.700787][0.277997,0.177656,0][1.52873,-0.58792,1.24018][0.834646,0,0.551181][0.208582,0.187659,0][-0.593746,-0.105088,-1.90551][0.787402,0.527559,-0.314961][0.613397,0.514252,0][-0.677894,-0.044142,-1.87031][0.779528,0.566929,0.267717][0.6122,0.52382,0][-0.639524,-0.223294,-1.70864][0.574803,0.637795,0.503937][0.592819,0.514566,0][0.579062,-0.105088,-1.9096][-0.795276,0.527559,-0.307087][0.697505,0.48269,0][0.626212,-0.223294,-1.71305][-0.574803,0.637795,0.511811][0.717909,0.485379,0][0.663454,-0.044142,-1.875][-0.779528,0.566929,0.275591][0.697589,0.492331,0][-0.639524,-0.384494,-1.70864][0.755906,-0.574803,0.314961][0.563684,0.8661,0][-0.675984,-0.303894,-1.58694][0.866142,0.259843,0.433071][0.55262,0.858856,0][-0.71388,-0.41788,-1.67754][0.220472,-0.818898,0.535433][0.565844,0.858743,0][-0.677894,-0.563648,-1.87031][0.181102,-0.834646,0.519685][0.425365,0.990514,0][-0.639524,-0.384494,-1.70864][0.755906,-0.574803,0.314961][0.445515,0.983082,0][-0.71388,-0.41788,-1.67754][0.220472,-0.818898,0.535433][0.446841,0.990634,0][0.626212,-0.384494,-1.71305][-0.755906,-0.574803,0.314961][0.8331,0.557555,0][0.700784,-0.41788,-1.68247][-0.220472,-0.818898,0.535433][0.83529,0.550207,0][0.663522,-0.303894,-1.59161][-0.858268,0.259843,0.440945][0.846324,0.557496,0][0.663454,-0.563648,-1.875][-0.173228,-0.834646,0.519685][0.819536,0.482898,0][0.700784,-0.41788,-1.68247][-0.220472,-0.818898,0.535433][0.799356,0.490247,0][0.626212,-0.384494,-1.71305][-0.755906,-0.574803,0.314961][0.79806,0.48269,0][-0.593746,-0.5027,-1.90551][0.488189,-0.850394,-0.188976][0.57476,0.584334,0][-0.639524,-0.384494,-1.70864][0.755906,-0.574803,0.314961][0.554357,0.581645,0][-0.677894,-0.563648,-1.87031][0.181102,-0.834646,0.519685][0.574677,0.574693,0][0.579062,-0.5027,-1.9096][-0.488189,-0.850394,-0.188976][0.484839,0.612048,0][0.663454,-0.563648,-1.875][-0.173228,-0.834646,0.519685][0.486036,0.60248,0][0.626212,-0.384494,-1.71305][-0.755906,-0.574803,0.314961][0.505416,0.611734,0][-0.560732,-0.58792,1.88698][-0.188976,0,0.984252][0.406027,0.0389,0][-0.918084,-0.58792,1.74134][0,1,0][0.407098,0.005,0][-1.09386,-0.40975,2.51966][-0.377953,0,0.929134][0.475881,0.018692,0][-1.09386,-0.40975,2.51966][-0.377953,0,0.929134][0.475881,0.018692,0][-0.979114,-0.40975,2.56642][-0.377953,0,0.929134][0.475537,0.029578,0][-0.560732,-0.58792,1.88698][-0.188976,0,0.984252][0.406027,0.0389,0][-0.099556,-0.055454,-1.79822][-0.606299,-0.322835,0.732283][0.659957,0.016718,0][-0.16431,-0.336928,-1.9883][-0.88189,-0.472441,0.015748][0.672826,0.044249,0][-0.006944,-0.536258,-1.98917][-0.511811,-0.314961,0.795276][0.660573,0.062907,0][0.204056,-0.58792,1.95793][0.19685,0,0.976378][0.022215,0.700424,0][-0.181832,-0.58792,1.96012][0,1,0][0.022289,0.666507,0][-0.04638,-0.40975,2.74646][0.00787402,0,1][0.091444,0.678171,0][-0.04638,-0.40975,2.74646][0.00787402,0,1][0.091444,0.678171,0][0.077534,-0.40975,2.74576][0.00787402,0,1][0.09142,0.689062,0][0.204056,-0.58792,1.95793][0.19685,0,0.976378][0.022215,0.700424,0][0.085088,-0.055268,-1.79909][0.598425,-0.314961,0.732283][0.251776,0.496576,0][-0.006944,-0.536258,-1.98917][-0.511811,-0.314961,0.795276][0.251385,0.542745,0][0.155888,-0.336876,-1.98943][0.80315,-0.598425,-0.00787402][0.23858,0.524092,0][-0.005748,0.39647,-1.64619][0,0.716535,0.700787][0.598089,0.020199,0][-0.21086,0.25708,-1.7978][-0.677165,-0.220472,0.700787][0.614858,0.039473,0][-0.099556,-0.055454,-1.79822][-0.606299,-0.322835,0.732283][0.597505,0.062907,0][-0.005748,0.39647,-1.64619][0,0.716535,0.700787][0.135019,0.590919,0][0.085088,-0.055268,-1.79909][0.598425,-0.314961,0.732283][0.134087,0.63358,0][0.198946,0.25702,-1.79914][0.677165,-0.220472,0.700787][0.117478,0.609545,0][0.579062,-0.105088,-1.9096][-0.795276,0.527559,-0.307087][0.414286,0.918515,0][0.522674,-0.196302,-1.93272][-0.913386,0.133858,0.385827][0.412999,0.92807,0][0.626212,-0.223294,-1.71305][-0.574803,0.637795,0.511811][0.393706,0.918635,0][-0.593746,-0.105088,-1.90551][0.787402,0.527559,-0.314961][0.57488,0.559847,0][-0.639524,-0.223294,-1.70864][0.574803,0.637795,0.503937][0.554452,0.55735,0][-0.53752,-0.196302,-1.92902][0.913386,0.133858,0.377953][0.574706,0.550207,0][-0.593746,-0.5027,-1.90551][0.488189,-0.850394,-0.188976][0.818534,0.427688,0][-0.53752,-0.411488,-1.92902][0.732283,-0.614173,0.283465][0.819821,0.418133,0][-0.639524,-0.384494,-1.70864][0.755906,-0.574803,0.314961][0.839114,0.427568,0][0.579062,-0.5027,-1.9096][-0.488189,-0.850394,-0.188976][0.803387,0.172527,0][0.626212,-0.384494,-1.71305][-0.755906,-0.574803,0.314961][0.823815,0.175024,0][0.522674,-0.411488,-1.93272][-0.732283,-0.614173,0.291339][0.803561,0.182167,0][0.502872,-0.303894,-1.94085][-0.905512,-0.228346,-0.354331][0.444302,0.952556,0][0.595324,-0.303894,-1.72573][-0.905512,-0.212598,0.377953][0.425365,0.952556,0][0.522674,-0.196302,-1.93272][-0.913386,0.133858,0.385827][0.443582,0.943099,0][-0.517778,-0.303894,-1.93728][0.905512,-0.228346,-0.362205][0.484839,0.681998,0][-0.53752,-0.196302,-1.92902][0.913386,0.133858,0.377953][0.485558,0.672541,0][-0.608724,-0.303894,-1.72152][0.905512,-0.212598,0.370079][0.503775,0.681998,0][-0.517778,-0.303894,-1.93728][0.905512,-0.228346,-0.362205][0.699246,0.514252,0][-0.608724,-0.303894,-1.72152][0.905512,-0.212598,0.370079][0.718182,0.514252,0][-0.53752,-0.411488,-1.92902][0.732283,-0.614173,0.283465][0.699965,0.523709,0][0.502872,-0.303894,-1.94085][-0.905512,-0.228346,-0.354331][0.644124,0.574693,0][0.522674,-0.411488,-1.93272][-0.732283,-0.614173,0.291339][0.643405,0.58415,0][0.595324,-0.303894,-1.72573][-0.905512,-0.212598,0.377953][0.625188,0.574693,0][-0.675984,-0.303894,-1.58694][0.866142,0.259843,0.433071][0.613212,0.273932,0][-0.608724,-0.303894,-1.72152][0.905512,-0.212598,0.370079][0.600603,0.27792,0][-0.53752,-0.196302,-1.92902][0.913386,0.133858,0.377953][0.579427,0.274343,0][-0.639524,-0.223294,-1.70864][0.574803,0.637795,0.503937][0.025251,0.352732,0][-0.675984,-0.303894,-1.58694][0.866142,0.259843,0.433071][0.028931,0.340031,0][-0.53752,-0.196302,-1.92902][0.913386,0.133858,0.377953][0.029341,0.373815,0][0.663522,-0.303894,-1.59161][-0.858268,0.259843,0.440945][0.472352,0.134744,0][0.522674,-0.196302,-1.93272][-0.913386,0.133858,0.385827][0.4715,0.100968,0][0.595324,-0.303894,-1.72573][-0.905512,-0.212598,0.377953][0.475865,0.121996,0][0.626212,-0.223294,-1.71305][-0.574803,0.637795,0.511811][0.122189,0.029402,0][0.522674,-0.196302,-1.93272][-0.913386,0.133858,0.385827][0.100968,0.026103,0][0.663522,-0.303894,-1.59161][-0.858268,0.259843,0.440945][0.134744,0.025251,0][-0.608724,-0.303894,-1.72152][0.905512,-0.212598,0.370079][0.670484,0.647883,0][-0.675984,-0.303894,-1.58694][0.866142,0.259843,0.433071][0.683708,0.647883,0][-0.639524,-0.384494,-1.70864][0.755906,-0.574803,0.314961][0.672707,0.655221,0][-0.53752,-0.411488,-1.92902][0.732283,-0.614173,0.283465][0.852275,0.482714,0][-0.608724,-0.303894,-1.72152][0.905512,-0.212598,0.370079][0.832159,0.490236,0][-0.639524,-0.384494,-1.70864][0.755906,-0.574803,0.314961][0.830798,0.48269,0][0.595324,-0.303894,-1.72573][-0.905512,-0.212598,0.377953][0.498062,0.953505,0][0.626212,-0.384494,-1.71305][-0.755906,-0.574803,0.314961][0.495839,0.960843,0][0.663522,-0.303894,-1.59161][-0.858268,0.259843,0.440945][0.484839,0.953505,0][0.522674,-0.411488,-1.93272][-0.732283,-0.614173,0.291339][0.964522,0.385814,0][0.626212,-0.384494,-1.71305][-0.755906,-0.574803,0.314961][0.985998,0.38583,0][0.595324,-0.303894,-1.72573][-0.905512,-0.212598,0.377953][0.984623,0.393374,0][-1.13168,-0.58792,-1.36308][0,1,0][0.70404,0.06727,0][-1.13168,-0.78477,-1.36308][0.708661,0,0.700787][0.70404,0.084572,0][-0.844,-0.78477,-1.55766][0.559055,0,0.826772][0.678696,0.084572,0][-0.844,-0.78477,-1.55766][0.559055,0,0.826772][0.678696,0.084572,0][-0.844,-0.58792,-1.55766][0.559055,0,0.826772][0.678696,0.06727,0][-1.13168,-0.58792,-1.36308][0,1,0][0.70404,0.06727,0][-0.844,-0.58792,-1.55766][0.559055,0,0.826772][0.678696,0.06727,0][-0.844,-0.78477,-1.55766][0.559055,0,0.826772][0.678696,0.084572,0][-0.523892,-0.78477,-1.69239][0.385827,0,0.92126][0.650519,0.084572,0][-0.523892,-0.78477,-1.69239][0.385827,0,0.92126][0.650519,0.084572,0][-0.523892,-0.58792,-1.69239][0,1,0][0.650519,0.06727,0][-0.844,-0.58792,-1.55766][0.559055,0,0.826772][0.678696,0.06727,0][-1.13168,-0.58792,-1.36308][0,1,0][0.70404,0.06727,0][-0.844,-0.58792,-1.55766][0.559055,0,0.826772][0.678696,0.06727,0][-0.99374,0.120556,-1.54549][0,1,0][0.69186,0.005,0][-0.99374,0.120556,-1.54549][0,1,0][0.69186,0.005,0][-1.06464,0.120556,-1.49753][0,1,0][0.698107,0.005,0][-1.13168,-0.58792,-1.36308][0,1,0][0.70404,0.06727,0][-0.523892,-0.58792,-1.69239][0,1,0][0.650519,0.06727,0][-0.523892,-0.78477,-1.69239][0.385827,0,0.92126][0.650519,0.084572,0][-0.18365,-0.78477,-1.76208][0.19685,0,0.976378][0.620593,0.084572,0][-0.18365,-0.78477,-1.76208][0.19685,0,0.976378][0.620593,0.084572,0][-0.18365,-0.58792,-1.76208][0.19685,0,0.976378][0.620593,0.06727,0][-0.523892,-0.58792,-1.69239][0,1,0][0.650519,0.06727,0][-0.18365,-0.58792,-1.76208][0.19685,0,0.976378][0.620593,0.06727,0][-0.18365,-0.78477,-1.76208][0.19685,0,0.976378][0.620593,0.084572,0][0.163648,-0.78477,-1.76405][0.00787402,0,1][0.590068,0.084572,0][0.163648,-0.78477,-1.76405][0.00787402,0,1][0.590068,0.084572,0][0.163648,-0.58792,-1.76405][0,1,0][0.590068,0.06727,0][-0.18365,-0.58792,-1.76208][0.19685,0,0.976378][0.620593,0.06727,0][-0.523892,-0.58792,-1.69239][0,1,0][0.650519,0.06727,0][-0.18365,-0.58792,-1.76208][0.19685,0,0.976378][0.620593,0.06727,0][-0.326652,0.120556,-1.80813][0,1,0][0.633148,0.005,0][-0.326652,0.120556,-1.80813][0,1,0][0.633148,0.005,0][-0.41051,0.120556,-1.79096][0,1,0][0.640524,0.005,0][-0.523892,-0.58792,-1.69239][0,1,0][0.650519,0.06727,0][0.163648,-0.58792,-1.76405][0,1,0][0.590068,0.06727,0][0.163648,-0.78477,-1.76405][0.00787402,0,1][0.590068,0.084572,0][0.504658,-0.78477,-1.69822][-0.188976,0,0.984252][0.560116,0.084572,0][0.504658,-0.78477,-1.69822][-0.188976,0,0.984252][0.560116,0.084572,0][0.504658,-0.58792,-1.69822][-0.188976,0,0.984252][0.560116,0.06727,0][0.163648,-0.58792,-1.76405][0,1,0][0.590068,0.06727,0][0.504658,-0.58792,-1.69822][-0.188976,0,0.984252][0.560116,0.06727,0][0.504658,-0.78477,-1.69822][-0.188976,0,0.984252][0.560116,0.084572,0][0.826276,-0.78477,-1.56714][-0.377953,0,0.929134][0.531888,0.084572,0][0.826276,-0.78477,-1.56714][-0.377953,0,0.929134][0.531888,0.084572,0][0.826276,-0.58792,-1.56714][0,1,0][0.531888,0.06727,0][0.504658,-0.58792,-1.69822][-0.188976,0,0.984252][0.560116,0.06727,0][0.163648,-0.58792,-1.76405][0,1,0][0.590068,0.06727,0][0.504658,-0.58792,-1.69822][-0.188976,0,0.984252][0.560116,0.06727,0][0.390166,0.120556,-1.79549][0,1,0][0.570149,0.005,0][0.390166,0.120556,-1.79549][0,1,0][0.570149,0.005,0][0.306118,0.120556,-1.81172][0,1,0][0.577531,0.005,0][0.163648,-0.58792,-1.76405][0,1,0][0.590068,0.06727,0][0.826276,-0.58792,-1.56714][0,1,0][0.531888,0.06727,0][0.826276,-0.78477,-1.56714][-0.377953,0,0.929134][0.531888,0.084572,0][1.11613,-0.78477,-1.37583][-0.551181,0,0.834646][0.50647,0.084572,0][1.11613,-0.78477,-1.37583][-0.551181,0,0.834646][0.50647,0.084572,0][1.11613,-0.58792,-1.37583][-0.551181,0,0.834646][0.50647,0.06727,0][0.826276,-0.58792,-1.56714][0,1,0][0.531888,0.06727,0][1.11613,-0.58792,-1.37583][-0.551181,0,0.834646][0.50647,0.06727,0][1.11613,-0.78477,-1.37583][-0.551181,0,0.834646][0.50647,0.084572,0][1.36311,-0.78477,-1.13164][-0.700787,0,0.708661][0.484839,0.084572,0][1.36311,-0.78477,-1.13164][-0.700787,0,0.708661][0.484839,0.084572,0][1.36311,-0.58792,-1.13164][0,1,0][0.484839,0.06727,0][1.11613,-0.58792,-1.37583][-0.551181,0,0.834646][0.50647,0.06727,0][0.826276,-0.58792,-1.56714][0,1,0][0.531888,0.06727,0][1.11613,-0.58792,-1.37583][-0.551181,0,0.834646][0.50647,0.06727,0][1.04759,0.120556,-1.5095][0,1,0][0.512455,0.005,0][1.04759,0.120556,-1.5095][0,1,0][0.512455,0.005,0][0.976144,0.120556,-1.55667][0,1,0][0.518719,0.005,0][0.826276,-0.58792,-1.56714][0,1,0][0.531888,0.06727,0][-0.099556,-0.055454,-1.79822][-0.606299,-0.322835,0.732283][0.423451,0.500486,0][-0.006944,-0.536258,-1.98917][-0.511811,-0.314961,0.795276][0.415253,0.542745,0][0.085088,-0.055268,-1.79909][0.598425,-0.314961,0.732283][0.407222,0.50047,0][-0.005748,0.39647,-1.64619][0,0.716535,0.700787][0.066623,0.593859,0][-0.099556,-0.055454,-1.79822][-0.606299,-0.322835,0.732283][0.074821,0.63358,0][0.085088,-0.055268,-1.79909][0.598425,-0.314961,0.732283][0.058592,0.633563,0][-1.76408,-0.58792,-0.163617][0,1,0][0.110229,0.637943,0][-1.76408,-0.78477,-0.163617][1,0,-0.00787402][0.110229,0.655244,0][-1.69825,-0.78477,-0.504626][0.984252,0,0.188976][0.080277,0.655244,0][-1.69825,-0.78477,-0.504626][0.984252,0,0.188976][0.080277,0.655244,0][-1.69825,-0.58792,-0.504626][0.984252,0,0.188976][0.080277,0.637943,0][-1.76408,-0.58792,-0.163617][0,1,0][0.110229,0.637943,0][-1.69825,-0.58792,-0.504626][0.984252,0,0.188976][0.080277,0.637943,0][-1.69825,-0.78477,-0.504626][0.984252,0,0.188976][0.080277,0.655244,0][-1.56717,-0.78477,-0.826244][0.929134,0,0.377953][0.05205,0.655244,0][-1.56717,-0.78477,-0.826244][0.929134,0,0.377953][0.05205,0.655244,0][-1.56717,-0.58792,-0.826244][0,1,0][0.05205,0.637943,0][-1.69825,-0.58792,-0.504626][0.984252,0,0.188976][0.080277,0.637943,0][-1.76408,-0.58792,-0.163617][0,1,0][0.110229,0.637943,0][-1.69825,-0.58792,-0.504626][0.984252,0,0.188976][0.080277,0.637943,0][-1.79552,0.120556,-0.390134][0,1,0][0.09031,0.575673,0][-1.79552,0.120556,-0.390134][0,1,0][0.09031,0.575673,0][-1.81175,0.120558,-0.306086][0,1,0][0.097693,0.575673,0][-1.76408,-0.58792,-0.163617][0,1,0][0.110229,0.637943,0][-1.56717,-0.58792,-0.826244][0,1,0][0.05205,0.637943,0][-1.56717,-0.78477,-0.826244][0.929134,0,0.377953][0.05205,0.655244,0][-1.37586,-0.78477,-1.1161][0.834646,0,0.551181][0.026632,0.655244,0][-1.37586,-0.78477,-1.1161][0.834646,0,0.551181][0.026632,0.655244,0][-1.37586,-0.58792,-1.1161][0.834646,0,0.551181][0.026632,0.637943,0][-1.56717,-0.58792,-0.826244][0,1,0][0.05205,0.637943,0][-1.37586,-0.58792,-1.1161][0.834646,0,0.551181][0.026632,0.637943,0][-1.37586,-0.78477,-1.1161][0.834646,0,0.551181][0.026632,0.655244,0][-1.13168,-0.78477,-1.36308][0.708661,0,0.700787][0.005,0.655244,0][-1.13168,-0.78477,-1.36308][0.708661,0,0.700787][0.005,0.655244,0][-1.13168,-0.58792,-1.36308][0,1,0][0.005,0.637943,0][-1.37586,-0.58792,-1.1161][0.834646,0,0.551181][0.026632,0.637943,0][-1.56717,-0.58792,-0.826244][0,1,0][0.05205,0.637943,0][-1.37586,-0.58792,-1.1161][0.834646,0,0.551181][0.026632,0.637943,0][-1.50954,0.120556,-1.04755][0,1,0][0.032616,0.575673,0][-1.50954,0.120556,-1.04755][0,1,0][0.032616,0.575673,0][-1.5567,0.120556,-0.97611][0,1,0][0.038881,0.575673,0][-1.56717,-0.58792,-0.826244][0,1,0][0.05205,0.637943,0][1.36311,-0.58792,-1.13164][0,1,0][0.224201,0.547109,0][1.36311,-0.78477,-1.13164][-0.700787,0,0.708661][0.224201,0.56441,0][1.55769,-0.78477,-0.843968][-0.826772,0,0.559055][0.198857,0.56441,0][1.55769,-0.78477,-0.843968][-0.826772,0,0.559055][0.198857,0.56441,0][1.55769,-0.58792,-0.843968][-0.826772,0,0.559055][0.198857,0.547109,0][1.36311,-0.58792,-1.13164][0,1,0][0.224201,0.547109,0][1.55769,-0.58792,-0.843968][-0.826772,0,0.559055][0.198857,0.547109,0][1.55769,-0.78477,-0.843968][-0.826772,0,0.559055][0.198857,0.56441,0][1.69242,-0.78477,-0.52386][-0.92126,0,0.385827][0.170681,0.56441,0][1.69242,-0.78477,-0.52386][-0.92126,0,0.385827][0.170681,0.56441,0][1.69242,-0.58792,-0.52386][0,1,0][0.170681,0.547109,0][1.55769,-0.58792,-0.843968][-0.826772,0,0.559055][0.198857,0.547109,0][1.36311,-0.58792,-1.13164][0,1,0][0.224201,0.547109,0][1.55769,-0.58792,-0.843968][-0.826772,0,0.559055][0.198857,0.547109,0][1.54552,0.120556,-0.993708][0,1,0][0.212022,0.484839,0][1.54552,0.120556,-0.993708][0,1,0][0.212022,0.484839,0][1.49756,0.120556,-1.06461][0,1,0][0.218268,0.484839,0][1.36311,-0.58792,-1.13164][0,1,0][0.224201,0.547109,0][1.69242,-0.58792,-0.52386][0,1,0][0.170681,0.547109,0][1.69242,-0.78477,-0.52386][-0.92126,0,0.385827][0.170681,0.56441,0][1.76211,-0.78477,-0.183619][-0.976378,0,0.19685][0.140755,0.56441,0][1.76211,-0.78477,-0.183619][-0.976378,0,0.19685][0.140755,0.56441,0][1.76211,-0.58792,-0.183619][-0.976378,0,0.19685][0.140755,0.547109,0][1.69242,-0.58792,-0.52386][0,1,0][0.170681,0.547109,0][1.76211,-0.58792,-0.183619][-0.976378,0,0.19685][0.140755,0.547109,0][1.76211,-0.78477,-0.183619][-0.976378,0,0.19685][0.140755,0.56441,0][1.76408,-0.78477,0.163679][-1,0,0.00787402][0.110229,0.56441,0][1.76408,-0.78477,0.163679][-1,0,0.00787402][0.110229,0.56441,0][1.76408,-0.58792,0.163679][0,1,0][0.110229,0.547109,0][1.76211,-0.58792,-0.183619][-0.976378,0,0.19685][0.140755,0.547109,0][1.69242,-0.58792,-0.52386][0,1,0][0.170681,0.547109,0][1.76211,-0.58792,-0.183619][-0.976378,0,0.19685][0.140755,0.547109,0][1.80816,0.120558,-0.32662][0,1,0][0.153309,0.484839,0][1.80816,0.120558,-0.32662][0,1,0][0.153309,0.484839,0][1.79099,0.120556,-0.410478][0,1,0][0.160685,0.484839,0][1.69242,-0.58792,-0.52386][0,1,0][0.170681,0.547109,0][-1.36311,-0.58792,1.13171][0,1,0][0.224201,0.637943,0][-1.36311,-0.78477,1.13171][0.700787,0,-0.708661][0.224201,0.655244,0][-1.55769,-0.78477,0.844032][0.826772,0,-0.559055][0.198857,0.655244,0][-1.55769,-0.78477,0.844032][0.826772,0,-0.559055][0.198857,0.655244,0][-1.55769,-0.58792,0.844032][0.826772,0,-0.559055][0.198857,0.637943,0][-1.36311,-0.58792,1.13171][0,1,0][0.224201,0.637943,0][-1.55769,-0.58792,0.844032][0.826772,0,-0.559055][0.198857,0.637943,0][-1.55769,-0.78477,0.844032][0.826772,0,-0.559055][0.198857,0.655244,0][-1.69242,-0.78477,0.523924][0.92126,0,-0.385827][0.170681,0.655244,0][-1.69242,-0.78477,0.523924][0.92126,0,-0.385827][0.170681,0.655244,0][-1.69242,-0.58792,0.523924][0,1,0][0.170681,0.637943,0][-1.55769,-0.58792,0.844032][0.826772,0,-0.559055][0.198857,0.637943,0][-1.36311,-0.58792,1.13171][0,1,0][0.224201,0.637943,0][-1.55769,-0.58792,0.844032][0.826772,0,-0.559055][0.198857,0.637943,0][-1.54552,0.120558,0.993772][0,1,0][0.212022,0.575673,0][-1.54552,0.120558,0.993772][0,1,0][0.212022,0.575673,0][-1.49756,0.120558,1.06468][0,1,0][0.218268,0.575673,0][-1.36311,-0.58792,1.13171][0,1,0][0.224201,0.637943,0][-1.69242,-0.58792,0.523924][0,1,0][0.170681,0.637943,0][-1.69242,-0.78477,0.523924][0.92126,0,-0.385827][0.170681,0.655244,0][-1.76211,-0.78477,0.183681][0.976378,0,-0.19685][0.140755,0.655244,0][-1.76211,-0.78477,0.183681][0.976378,0,-0.19685][0.140755,0.655244,0][-1.76211,-0.58792,0.183681][0.976378,0,-0.19685][0.140755,0.637943,0][-1.69242,-0.58792,0.523924][0,1,0][0.170681,0.637943,0][-1.76211,-0.58792,0.183681][0.976378,0,-0.19685][0.140755,0.637943,0][-1.76211,-0.78477,0.183681][0.976378,0,-0.19685][0.140755,0.655244,0][-1.76408,-0.78477,-0.163617][1,0,-0.00787402][0.110229,0.655244,0][-1.76408,-0.78477,-0.163617][1,0,-0.00787402][0.110229,0.655244,0][-1.76408,-0.58792,-0.163617][0,1,0][0.110229,0.637943,0][-1.76211,-0.58792,0.183681][0.976378,0,-0.19685][0.140755,0.637943,0][-1.69242,-0.58792,0.523924][0,1,0][0.170681,0.637943,0][-1.76211,-0.58792,0.183681][0.976378,0,-0.19685][0.140755,0.637943,0][-1.80816,0.120558,0.326684][0,1,0][0.153309,0.575673,0][-1.80816,0.120558,0.326684][0,1,0][0.153309,0.575673,0][-1.79099,0.120558,0.410542][0,1,0][0.160685,0.575673,0][-1.69242,-0.58792,0.523924][0,1,0][0.170681,0.637943,0][1.76408,-0.58792,0.163679][0,1,0][0.110229,0.547109,0][1.76408,-0.78477,0.163679][-1,0,0.00787402][0.110229,0.56441,0][1.69825,-0.78477,0.50469][-0.984252,0,-0.188976][0.080277,0.56441,0][1.69825,-0.78477,0.50469][-0.984252,0,-0.188976][0.080277,0.56441,0][1.69825,-0.58792,0.50469][-0.984252,0,-0.188976][0.080277,0.547109,0][1.76408,-0.58792,0.163679][0,1,0][0.110229,0.547109,0][1.69825,-0.58792,0.50469][-0.984252,0,-0.188976][0.080277,0.547109,0][1.69825,-0.78477,0.50469][-0.984252,0,-0.188976][0.080277,0.56441,0][1.56717,-0.78477,0.826308][-0.929134,0,-0.377953][0.05205,0.56441,0][1.56717,-0.78477,0.826308][-0.929134,0,-0.377953][0.05205,0.56441,0][1.56717,-0.58792,0.826308][0,1,0][0.05205,0.547109,0][1.69825,-0.58792,0.50469][-0.984252,0,-0.188976][0.080277,0.547109,0][1.76408,-0.58792,0.163679][0,1,0][0.110229,0.547109,0][1.69825,-0.58792,0.50469][-0.984252,0,-0.188976][0.080277,0.547109,0][1.79552,0.120558,0.390198][0,1,0][0.09031,0.484839,0][1.79552,0.120558,0.390198][0,1,0][0.09031,0.484839,0][1.81175,0.120558,0.30615][0,1,0][0.097693,0.484839,0][1.76408,-0.58792,0.163679][0,1,0][0.110229,0.547109,0][1.56717,-0.58792,0.826308][0,1,0][0.05205,0.547109,0][1.56717,-0.78477,0.826308][-0.929134,0,-0.377953][0.05205,0.56441,0][1.37586,-0.78477,1.11617][-0.834646,0,-0.551181][0.026632,0.56441,0][1.37586,-0.78477,1.11617][-0.834646,0,-0.551181][0.026632,0.56441,0][1.37586,-0.58792,1.11617][-0.834646,0,-0.551181][0.026632,0.547109,0][1.56717,-0.58792,0.826308][0,1,0][0.05205,0.547109,0][1.37586,-0.58792,1.11617][-0.834646,0,-0.551181][0.026632,0.547109,0][1.37586,-0.78477,1.11617][-0.834646,0,-0.551181][0.026632,0.56441,0][1.13168,-0.78477,1.36314][-0.708661,0,-0.700787][0.005,0.56441,0][1.13168,-0.78477,1.36314][-0.708661,0,-0.700787][0.005,0.56441,0][1.13168,-0.58792,1.36314][0,1,0][0.005,0.547109,0][1.37586,-0.58792,1.11617][-0.834646,0,-0.551181][0.026632,0.547109,0][1.56717,-0.58792,0.826308][0,1,0][0.05205,0.547109,0][1.37586,-0.58792,1.11617][-0.834646,0,-0.551181][0.026632,0.547109,0][1.50954,0.120558,1.04762][0,1,0][0.032616,0.484839,0][1.50954,0.120558,1.04762][0,1,0][0.032616,0.484839,0][1.5567,0.120558,0.976176][0,1,0][0.038881,0.484839,0][1.56717,-0.58792,0.826308][0,1,0][0.05205,0.547109,0][0.844,-0.58792,1.55773][0,1,0][0.429321,0.547109,0][0.844,-0.78477,1.55773][-0.385827,0,-0.92126][0.429321,0.56441,0][0.523892,-0.78477,1.69245][-0.385827,0,-0.92126][0.401145,0.56441,0][0.523892,-0.78477,1.69245][-0.385827,0,-0.92126][0.401145,0.56441,0][0.523892,-0.58792,1.69245][0,1,0][0.401145,0.547109,0][0.844,-0.58792,1.55773][0,1,0][0.429321,0.547109,0][1.13168,-0.58792,1.36314][0,1,0][0.454665,0.547109,0][1.13168,-0.78477,1.36314][-0.708661,0,-0.700787][0.454665,0.56441,0][0.844,-0.78477,1.55773][-0.385827,0,-0.92126][0.429321,0.56441,0][0.844,-0.78477,1.55773][-0.385827,0,-0.92126][0.429321,0.56441,0][0.844,-0.58792,1.55773][0,1,0][0.429321,0.547109,0][1.13168,-0.58792,1.36314][0,1,0][0.454665,0.547109,0][1.13168,-0.58792,1.36314][0,1,0][0.454665,0.547109,0][0.844,-0.58792,1.55773][0,1,0][0.429321,0.547109,0][0.99374,0.120558,1.54555][0,1,0][0.442486,0.484839,0][0.99374,0.120558,1.54555][0,1,0][0.442486,0.484839,0][1.06464,0.120558,1.49759][0,1,0][0.448732,0.484839,0][1.13168,-0.58792,1.36314][0,1,0][0.454665,0.547109,0][0.523892,-0.58792,1.69245][0,1,0][0.401145,0.547109,0][0.523892,-0.78477,1.69245][-0.385827,0,-0.92126][0.401145,0.56441,0][0.18365,-0.78477,1.76214][-0.19685,0,-0.976378][0.371219,0.56441,0][0.18365,-0.78477,1.76214][-0.19685,0,-0.976378][0.371219,0.56441,0][0.18365,-0.58792,1.76214][-0.19685,0,-0.976378][0.371219,0.547109,0][0.523892,-0.58792,1.69245][0,1,0][0.401145,0.547109,0][0.18365,-0.58792,1.76214][-0.19685,0,-0.976378][0.371219,0.547109,0][0.18365,-0.78477,1.76214][-0.19685,0,-0.976378][0.371219,0.56441,0][-0.163648,-0.78477,1.76411][-0.00787402,0,-1][0.340693,0.56441,0][-0.163648,-0.78477,1.76411][-0.00787402,0,-1][0.340693,0.56441,0][-0.163648,-0.58792,1.76411][0,1,0][0.340693,0.547109,0][0.18365,-0.58792,1.76214][-0.19685,0,-0.976378][0.371219,0.547109,0][0.523892,-0.58792,1.69245][0,1,0][0.401145,0.547109,0][0.18365,-0.58792,1.76214][-0.19685,0,-0.976378][0.371219,0.547109,0][0.326652,0.120558,1.80819][0,1,0][0.383773,0.484839,0][0.326652,0.120558,1.80819][0,1,0][0.383773,0.484839,0][0.410512,0.120558,1.79102][0,1,0][0.391149,0.484839,0][0.523892,-0.58792,1.69245][0,1,0][0.401145,0.547109,0][-0.163648,-0.58792,1.76411][0,1,0][0.340693,0.547109,0][-0.163648,-0.78477,1.76411][-0.00787402,0,-1][0.340693,0.56441,0][-0.504658,-0.78477,1.69828][0.188976,0,-0.984252][0.310741,0.56441,0][-0.504658,-0.78477,1.69828][0.188976,0,-0.984252][0.310741,0.56441,0][-0.504658,-0.58792,1.69828][0.188976,0,-0.984252][0.310741,0.547109,0][-0.163648,-0.58792,1.76411][0,1,0][0.340693,0.547109,0][-0.504658,-0.58792,1.69828][0.188976,0,-0.984252][0.310741,0.547109,0][-0.504658,-0.78477,1.69828][0.188976,0,-0.984252][0.310741,0.56441,0][-0.826276,-0.78477,1.56721][0.377953,0,-0.929134][0.282514,0.56441,0][-0.826276,-0.78477,1.56721][0.377953,0,-0.929134][0.282514,0.56441,0][-0.826276,-0.58792,1.56721][0,1,0][0.282514,0.547109,0][-0.504658,-0.58792,1.69828][0.188976,0,-0.984252][0.310741,0.547109,0][-0.163648,-0.58792,1.76411][0,1,0][0.340693,0.547109,0][-0.504658,-0.58792,1.69828][0.188976,0,-0.984252][0.310741,0.547109,0][-0.390166,0.120558,1.79555][0,1,0][0.320774,0.484839,0][-0.390166,0.120558,1.79555][0,1,0][0.320774,0.484839,0][-0.306118,0.120558,1.81178][0,1,0][0.328156,0.484839,0][-0.163648,-0.58792,1.76411][0,1,0][0.340693,0.547109,0][-0.826276,-0.58792,1.56721][0,1,0][0.282514,0.547109,0][-0.826276,-0.78477,1.56721][0.377953,0,-0.929134][0.282514,0.56441,0][-1.11613,-0.78477,1.3759][0.551181,0,-0.834646][0.257096,0.56441,0][-1.11613,-0.78477,1.3759][0.551181,0,-0.834646][0.257096,0.56441,0][-1.11613,-0.58792,1.3759][0.551181,0,-0.834646][0.257096,0.547109,0][-0.826276,-0.58792,1.56721][0,1,0][0.282514,0.547109,0][-1.11613,-0.58792,1.3759][0.551181,0,-0.834646][0.257096,0.547109,0][-1.11613,-0.78477,1.3759][0.551181,0,-0.834646][0.257096,0.56441,0][-1.36311,-0.78477,1.13171][0.700787,0,-0.708661][0.235464,0.56441,0][-1.36311,-0.78477,1.13171][0.700787,0,-0.708661][0.235464,0.56441,0][-1.36311,-0.58792,1.13171][0,1,0][0.235464,0.547109,0][-1.11613,-0.58792,1.3759][0.551181,0,-0.834646][0.257096,0.547109,0][-0.826276,-0.58792,1.56721][0,1,0][0.282514,0.547109,0][-1.11613,-0.58792,1.3759][0.551181,0,-0.834646][0.257096,0.547109,0][-1.04759,0.120558,1.50957][0,1,0][0.26308,0.484839,0][-1.04759,0.120558,1.50957][0,1,0][0.26308,0.484839,0][-0.976142,0.120558,1.55673][0,1,0][0.269345,0.484839,0][-0.826276,-0.58792,1.56721][0,1,0][0.282514,0.547109,0]