version 1.00
2166
[0.831126,-1.04613,-0.553504][0.535433,-0.76378,-0.354331][36.0346,-37.0654,0][0.811538,-0.945438,-0.70572][0.614173,-0.535433,-0.582677][36.0441,-37.0591,0][0.899336,-0.94381,-0.595752][0.692913,-0.559055,-0.456693][36.0372,-37.059,0][0.811538,-0.945438,-0.70572][0.614173,-0.535433,-0.582677][36.0441,-37.0591,0][0.959744,-0.815828,-0.63903][0.779528,-0.322835,-0.527559][36.0399,-37.051,0][0.899336,-0.94381,-0.595752][0.692913,-0.559055,-0.456693][36.0372,-37.059,0][0.959744,-0.815828,-0.63903][0.779528,-0.322835,-0.527559][36.0399,-37.051,0][0.811538,-0.945438,-0.70572][0.614173,-0.535433,-0.582677][36.0441,-37.0591,0][0.87123,-0.808158,-0.747268][0.677165,-0.322835,-0.661417][36.0467,-37.0505,0][0.87123,-0.808158,-0.747268][0.677165,-0.322835,-0.661417][36.0467,-37.0505,0][0.994028,-0.607898,-0.65919][0.826772,-0.110236,-0.551181][36.0412,-37.038,0][0.959744,-0.815828,-0.63903][0.779528,-0.322835,-0.527559][36.0399,-37.051,0][0.836754,1.04875,-0.556742][0.543307,0.76378,-0.354331][36.0348,-36.9345,0][0.971338,0.945456,-0.463604][0.771654,0.551181,-0.322835][36.029,-36.9409,0][0.898096,0.947812,-0.595462][0.708661,0.535433,-0.456693][36.0372,-36.9408,0][0.971338,0.945456,-0.463604][0.771654,0.551181,-0.322835][36.029,-36.9409,0][0.836754,1.04875,-0.556742][0.543307,0.76378,-0.354331][36.0348,-36.9345,0][0.897452,1.04615,-0.42739][0.606299,0.755906,-0.251969][36.0267,-36.9346,0][0.897452,1.04615,-0.42739][0.606299,0.755906,-0.251969][36.0267,-36.9346,0][1.05087,0.945802,-0.234226][0.811024,0.559055,-0.15748][36.0146,-36.9409,0][0.971338,0.945456,-0.463604][0.771654,0.551181,-0.322835][36.029,-36.9409,0][1.12843,0.810768,-0.251004][0.929134,0.330709,-0.181102][36.0157,-36.9493,0][0.971338,0.945456,-0.463604][0.771654,0.551181,-0.322835][36.029,-36.9409,0][1.05087,0.945802,-0.234226][0.811024,0.559055,-0.15748][36.0146,-36.9409,0][1.05087,0.945802,-0.234226][0.811024,0.559055,-0.15748][36.0146,-36.9409,0][0.897452,1.04615,-0.42739][0.606299,0.755906,-0.251969][36.0267,-36.9346,0][0.970088,1.04615,-0.2152][0.653543,0.748031,-0.125984][36.0134,-36.9346,0][1.19521,0.613976,0.0977182][0.992126,0.0472441,0.0787402][35.9939,-36.9616,0][1.12843,0.810768,-0.251004][0.929134,0.330709,-0.181102][36.0157,-36.9493,0][1.15631,0.810768,0.095548][0.944882,0.330709,0.0708661][35.994,-36.9493,0][1.15631,0.810768,0.095548][0.944882,0.330709,0.0708661][35.994,-36.9493,0][1.12843,0.810768,-0.251004][0.929134,0.330709,-0.181102][36.0157,-36.9493,0][1.05087,0.945802,-0.234226][0.811024,0.559055,-0.15748][36.0146,-36.9409,0][1.07655,0.946572,0.0912618][0.826772,0.559055,0.0629921][35.9943,-36.9408,0][1.05087,0.945802,-0.234226][0.811024,0.559055,-0.15748][36.0146,-36.9409,0][0.970088,1.04615,-0.2152][0.653543,0.748031,-0.125984][36.0134,-36.9346,0][1.05087,0.945802,-0.234226][0.811024,0.559055,-0.15748][36.0146,-36.9409,0][1.07655,0.946572,0.0912618][0.826772,0.559055,0.0629921][35.9943,-36.9408,0][1.15631,0.810768,0.095548][0.944882,0.330709,0.0708661][35.994,-36.9493,0][0.970088,1.04615,-0.2152][0.653543,0.748031,-0.125984][36.0134,-36.9346,0][0.992894,1.04615,0.084677][0.661417,0.748031,0.0472441][35.9947,-36.9346,0][1.07655,0.946572,0.0912618][0.826772,0.559055,0.0629921][35.9943,-36.9408,0][0.925642,1.04615,0.376464][0.622047,0.748031,0.244094][35.9765,-36.9346,0][1.07655,0.946572,0.0912618][0.826772,0.559055,0.0629921][35.9943,-36.9408,0][0.992894,1.04615,0.084677][0.661417,0.748031,0.0472441][35.9947,-36.9346,0][1.07655,0.946572,0.0912618][0.826772,0.559055,0.0629921][35.9943,-36.9408,0][0.925642,1.04615,0.376464][0.622047,0.748031,0.244094][35.9765,-36.9346,0][1.00179,0.944832,0.407148][0.771654,0.559055,0.307087][35.9745,-36.9409,0][1.00179,0.944832,0.407148][0.771654,0.559055,0.307087][35.9745,-36.9409,0][1.15631,0.810768,0.095548][0.944882,0.330709,0.0708661][35.994,-36.9493,0][1.07655,0.946572,0.0912618][0.826772,0.559055,0.0629921][35.9943,-36.9408,0][0.77686,1.04615,0.635054][0.519685,0.748031,0.417323][35.9603,-36.9346,0][1.00179,0.944832,0.407148][0.771654,0.559055,0.307087][35.9745,-36.9409,0][0.925642,1.04615,0.376464][0.622047,0.748031,0.244094][35.9765,-36.9346,0][1.00179,0.944832,0.407148][0.771654,0.559055,0.307087][35.9745,-36.9409,0][0.77686,1.04615,0.635054][0.519685,0.748031,0.417323][35.9603,-36.9346,0][0.839718,0.94314,0.686152][0.653543,0.551181,0.519685][35.9571,-36.9411,0][1.15631,0.810768,0.095548][0.944882,0.330709,0.0708661][35.994,-36.9493,0][1.00179,0.944832,0.407148][0.771654,0.559055,0.307087][35.9745,-36.9409,0][1.07518,0.810768,0.435774][0.874016,0.322835,0.354331][35.9728,-36.9493,0][0.839718,0.94314,0.686152][0.653543,0.551181,0.519685][35.9571,-36.9411,0][1.07518,0.810768,0.435774][0.874016,0.322835,0.354331][35.9728,-36.9493,0][1.00179,0.944832,0.407148][0.771654,0.559055,0.307087][35.9745,-36.9409,0][1.19521,0.613976,0.0977182][0.992126,0.0472441,0.0787402][35.9939,-36.9616,0][1.15631,0.810768,0.095548][0.944882,0.330709,0.0708661][35.994,-36.9493,0][1.07518,0.810768,0.435774][0.874016,0.322835,0.354331][35.9728,-36.9493,0][1.07518,0.810768,0.435774][0.874016,0.322835,0.354331][35.9728,-36.9493,0][0.839718,0.94314,0.686152][0.653543,0.551181,0.519685][35.9571,-36.9411,0][0.899844,0.810768,0.735496][0.740157,0.322835,0.590551][35.954,-36.9493,0][1.19521,0.613976,0.0977182][0.992126,0.0472441,0.0787402][35.9939,-36.9616,0][1.07518,0.810768,0.435774][0.874016,0.322835,0.354331][35.9728,-36.9493,0][1.11249,0.613976,0.446784][0.929134,0.0472441,0.370079][35.9721,-36.9616,0][1.11249,0.613976,0.446784][0.929134,0.0472441,0.370079][35.9721,-36.9616,0][1.07518,0.810768,0.435774][0.874016,0.322835,0.354331][35.9728,-36.9493,0][0.899844,0.810768,0.735496][0.740157,0.322835,0.590551][35.954,-36.9493,0][1.11249,0.613976,0.446784][0.929134,0.0472441,0.370079][35.9721,-36.9616,0][0.899844,0.810768,0.735496][0.740157,0.322835,0.590551][35.954,-36.9493,0][0.933144,0.613976,0.756022][0.779528,0.0472441,0.622047][35.9527,-36.9616,0][0.93659,-0.0791736,0.755864][0.787402,0,0.622047][35.9528,-37.0049,0][1.11249,0.613976,0.446784][0.929134,0.0472441,0.370079][35.9721,-36.9616,0][0.933144,0.613976,0.756022][0.779528,0.0472441,0.622047][35.9527,-36.9616,0][1.11249,0.613976,0.446784][0.929134,0.0472441,0.370079][35.9721,-36.9616,0][1.19784,-0.0791736,0.0986122][1,0,0.0787402][35.9938,-37.0049,0][1.19521,0.613976,0.0977182][0.992126,0.0472441,0.0787402][35.9939,-36.9616,0][1.11249,0.613976,0.446784][0.929134,0.0472441,0.370079][35.9721,-36.9616,0][0.93659,-0.0791736,0.755864][0.787402,0,0.622047][35.9528,-37.0049,0][1.11526,-0.0791726,0.446736][0.929134,0,0.370079][35.9721,-37.0049,0][1.19784,-0.0791736,0.0986122][1,0,0.0787402][35.9938,-37.0049,0][1.11249,0.613976,0.446784][0.929134,0.0472441,0.370079][35.9721,-36.9616,0][1.11526,-0.0791726,0.446736][0.929134,0,0.370079][35.9721,-37.0049,0][0.936374,-0.606454,0.755684][0.779528,-0.0551181,0.622047][35.9528,-37.0379,0][1.11526,-0.0791726,0.446736][0.929134,0,0.370079][35.9721,-37.0049,0][0.93659,-0.0791736,0.755864][0.787402,0,0.622047][35.9528,-37.0049,0][1.11526,-0.0791726,0.446736][0.929134,0,0.370079][35.9721,-37.0049,0][0.936374,-0.606454,0.755684][0.779528,-0.0551181,0.622047][35.9528,-37.0379,0][1.11499,-0.606454,0.446636][0.929134,-0.0551181,0.370079][35.9721,-37.0379,0][1.11499,-0.606454,0.446636][0.929134,-0.0551181,0.370079][35.9721,-37.0379,0][1.19784,-0.0791736,0.0986122][1,0,0.0787402][35.9938,-37.0049,0][1.11526,-0.0791726,0.446736][0.929134,0,0.370079][35.9721,-37.0049,0][1.11499,-0.606454,0.446636][0.929134,-0.0551181,0.370079][35.9721,-37.0379,0][0.936374,-0.606454,0.755684][0.779528,-0.0551181,0.622047][35.9528,-37.0379,0][0.902894,-0.81865,0.728662][0.740157,-0.330709,0.582677][35.9545,-37.0512,0][1.19784,-0.0791736,0.0986122][1,0,0.0787402][35.9938,-37.0049,0][1.11499,-0.606454,0.446636][0.929134,-0.0551181,0.370079][35.9721,-37.0379,0][1.19746,-0.606454,0.098612][0.992126,-0.0551181,0.0787402][35.9938,-37.0379,0][1.16887,-0.606454,-0.25717][0.984252,-0.0708661,-0.15748][36.0161,-37.0379,0][1.19784,-0.0791736,0.0986122][1,0,0.0787402][35.9938,-37.0049,0][1.19746,-0.606454,0.098612][0.992126,-0.0551181,0.0787402][35.9938,-37.0379,0][1.19746,-0.606454,0.098612][0.992126,-0.0551181,0.0787402][35.9938,-37.0379,0][1.12723,-0.81865,-0.246968][0.929134,-0.330709,-0.173228][36.0154,-37.0512,0][1.16887,-0.606454,-0.25717][0.984252,-0.0708661,-0.15748][36.0161,-37.0379,0][1.07512,-0.81865,0.430332][0.874016,-0.330709,0.346457][35.9731,-37.0512,0][1.11499,-0.606454,0.446636][0.929134,-0.0551181,0.370079][35.9721,-37.0379,0][0.902894,-0.81865,0.728662][0.740157,-0.330709,0.582677][35.9545,-37.0512,0][1.19746,-0.606454,0.098612][0.992126,-0.0551181,0.0787402][35.9938,-37.0379,0][1.11499,-0.606454,0.446636][0.929134,-0.0551181,0.370079][35.9721,-37.0379,0][1.07512,-0.81865,0.430332][0.874016,-0.330709,0.346457][35.9731,-37.0512,0][1.07512,-0.81865,0.430332][0.874016,-0.330709,0.346457][35.9731,-37.0512,0][0.902894,-0.81865,0.728662][0.740157,-0.330709,0.582677][35.9545,-37.0512,0][0.841674,-0.945522,0.67824][0.637795,-0.582677,0.503937][35.9576,-37.0591,0][1.12723,-0.81865,-0.246968][0.929134,-0.330709,-0.173228][36.0154,-37.0512,0][1.19746,-0.606454,0.098612][0.992126,-0.0551181,0.0787402][35.9938,-37.0379,0][1.1545,-0.81865,0.0945712][0.944882,-0.330709,0.0708661][35.9941,-37.0512,0][1.1545,-0.81865,0.0945712][0.944882,-0.330709,0.0708661][35.9941,-37.0512,0][1.19746,-0.606454,0.098612][0.992126,-0.0551181,0.0787402][35.9938,-37.0379,0][1.07512,-0.81865,0.430332][0.874016,-0.330709,0.346457][35.9731,-37.0512,0][1.1545,-0.81865,0.0945712][0.944882,-0.330709,0.0708661][35.9941,-37.0512,0][1.04946,-0.946,-0.229828][0.795276,-0.582677,-0.149606][36.0144,-37.0591,0][1.12723,-0.81865,-0.246968][0.929134,-0.330709,-0.173228][36.0154,-37.0512,0][0.841674,-0.945522,0.67824][0.637795,-0.582677,0.503937][35.9576,-37.0591,0][1.00133,-0.945522,0.401216][0.755906,-0.582677,0.299213][35.9749,-37.0591,0][1.07512,-0.81865,0.430332][0.874016,-0.330709,0.346457][35.9731,-37.0512,0][1.1545,-0.81865,0.0945712][0.944882,-0.330709,0.0708661][35.9941,-37.0512,0][1.07512,-0.81865,0.430332][0.874016,-0.330709,0.346457][35.9731,-37.0512,0][1.00133,-0.945522,0.401216][0.755906,-0.582677,0.299213][35.9749,-37.0591,0][1.00133,-0.945522,0.401216][0.755906,-0.582677,0.299213][35.9749,-37.0591,0][0.841674,-0.945522,0.67824][0.637795,-0.582677,0.503937][35.9576,-37.0591,0][0.77571,-1.04672,0.623898][0.519685,-0.748031,0.409449][35.961,-37.0654,0][0.77571,-1.04672,0.623898][0.519685,-0.748031,0.409449][35.961,-37.0654,0][0.922496,-1.04644,0.36912][0.614173,-0.748031,0.244094][35.9769,-37.0654,0][1.00133,-0.945522,0.401216][0.755906,-0.582677,0.299213][35.9749,-37.0591,0][1.00133,-0.945522,0.401216][0.755906,-0.582677,0.299213][35.9749,-37.0591,0][1.07499,-0.9459,0.089832][0.811024,-0.582677,0.0629921][35.9944,-37.0591,0][1.1545,-0.81865,0.0945712][0.944882,-0.330709,0.0708661][35.9941,-37.0512,0][1.04946,-0.946,-0.229828][0.795276,-0.582677,-0.149606][36.0144,-37.0591,0][1.1545,-0.81865,0.0945712][0.944882,-0.330709,0.0708661][35.9941,-37.0512,0][1.07499,-0.9459,0.089832][0.811024,-0.582677,0.0629921][35.9944,-37.0591,0][1.07499,-0.9459,0.089832][0.811024,-0.582677,0.0629921][35.9944,-37.0591,0][1.00133,-0.945522,0.401216][0.755906,-0.582677,0.299213][35.9749,-37.0591,0][0.922496,-1.04644,0.36912][0.614173,-0.748031,0.244094][35.9769,-37.0654,0][1.07499,-0.9459,0.089832][0.811024,-0.582677,0.0629921][35.9944,-37.0591,0][0.965886,-1.04712,-0.210108][0.645669,-0.755906,-0.11811][36.0131,-37.0654,0][1.04946,-0.946,-0.229828][0.795276,-0.582677,-0.149606][36.0144,-37.0591,0][0.922496,-1.04644,0.36912][0.614173,-0.748031,0.244094][35.9769,-37.0654,0][0.989034,-1.04722,0.083066][0.653543,-0.755906,0.0472441][35.9948,-37.0655,0][1.07499,-0.9459,0.089832][0.811024,-0.582677,0.0629921][35.9944,-37.0591,0][0.965886,-1.04712,-0.210108][0.645669,-0.755906,-0.11811][36.0131,-37.0654,0][1.07499,-0.9459,0.089832][0.811024,-0.582677,0.0629921][35.9944,-37.0591,0][0.989034,-1.04722,0.083066][0.653543,-0.755906,0.0472441][35.9948,-37.0655,0][0.970984,-0.947536,-0.45744][0.755906,-0.582677,-0.314961][36.0286,-37.0592,0][0.831126,-1.04613,-0.553504][0.535433,-0.76378,-0.354331][36.0346,-37.0654,0][0.899336,-0.94381,-0.595752][0.692913,-0.559055,-0.456693][36.0372,-37.059,0][0.831126,-1.04613,-0.553504][0.535433,-0.76378,-0.354331][36.0346,-37.0654,0][0.970984,-0.947536,-0.45744][0.755906,-0.582677,-0.314961][36.0286,-37.0592,0][0.89127,-1.04985,-0.417964][0.590551,-0.76378,-0.244094][36.0261,-37.0656,0][0.899336,-0.94381,-0.595752][0.692913,-0.559055,-0.456693][36.0372,-37.059,0][1.04287,-0.81865,-0.493894][0.866142,-0.322835,-0.370079][36.0309,-37.0512,0][0.970984,-0.947536,-0.45744][0.755906,-0.582677,-0.314961][36.0286,-37.0592,0][1.04287,-0.81865,-0.493894][0.866142,-0.322835,-0.370079][36.0309,-37.0512,0][0.899336,-0.94381,-0.595752][0.692913,-0.559055,-0.456693][36.0372,-37.059,0][0.959744,-0.815828,-0.63903][0.779528,-0.322835,-0.527559][36.0399,-37.051,0][1.04946,-0.946,-0.229828][0.795276,-0.582677,-0.149606][36.0144,-37.0591,0][0.89127,-1.04985,-0.417964][0.590551,-0.76378,-0.244094][36.0261,-37.0656,0][0.970984,-0.947536,-0.45744][0.755906,-0.582677,-0.314961][36.0286,-37.0592,0][0.89127,-1.04985,-0.417964][0.590551,-0.76378,-0.244094][36.0261,-37.0656,0][1.04946,-0.946,-0.229828][0.795276,-0.582677,-0.149606][36.0144,-37.0591,0][0.965886,-1.04712,-0.210108][0.645669,-0.755906,-0.11811][36.0131,-37.0654,0][1.12723,-0.81865,-0.246968][0.929134,-0.330709,-0.173228][36.0154,-37.0512,0][0.970984,-0.947536,-0.45744][0.755906,-0.582677,-0.314961][36.0286,-37.0592,0][1.04287,-0.81865,-0.493894][0.866142,-0.322835,-0.370079][36.0309,-37.0512,0][0.970984,-0.947536,-0.45744][0.755906,-0.582677,-0.314961][36.0286,-37.0592,0][1.12723,-0.81865,-0.246968][0.929134,-0.330709,-0.173228][36.0154,-37.0512,0][1.04946,-0.946,-0.229828][0.795276,-0.582677,-0.149606][36.0144,-37.0591,0][0.959744,-0.815828,-0.63903][0.779528,-0.322835,-0.527559][36.0399,-37.051,0][1.07982,-0.606454,-0.512072][0.905512,-0.125984,-0.409449][36.032,-37.0379,0][1.04287,-0.81865,-0.493894][0.866142,-0.322835,-0.370079][36.0309,-37.0512,0][1.07982,-0.606454,-0.512072][0.905512,-0.125984,-0.409449][36.032,-37.0379,0][0.959744,-0.815828,-0.63903][0.779528,-0.322835,-0.527559][36.0399,-37.051,0][0.994028,-0.607898,-0.65919][0.826772,-0.110236,-0.551181][36.0412,-37.038,0][1.04287,-0.81865,-0.493894][0.866142,-0.322835,-0.370079][36.0309,-37.0512,0][1.16887,-0.606454,-0.25717][0.984252,-0.0708661,-0.15748][36.0161,-37.0379,0][1.12723,-0.81865,-0.246968][0.929134,-0.330709,-0.173228][36.0154,-37.0512,0][1.16887,-0.606454,-0.25717][0.984252,-0.0708661,-0.15748][36.0161,-37.0379,0][1.04287,-0.81865,-0.493894][0.866142,-0.322835,-0.370079][36.0309,-37.0512,0][1.07982,-0.606454,-0.512072][0.905512,-0.125984,-0.409449][36.032,-37.0379,0][0.994028,-0.607898,-0.65919][0.826772,-0.110236,-0.551181][36.0412,-37.038,0][1.08223,-0.410528,-0.512644][0.92126,0,-0.377953][36.032,-37.0257,0][1.07982,-0.606454,-0.512072][0.905512,-0.125984,-0.409449][36.032,-37.0379,0][1.08223,-0.410528,-0.512644][0.92126,0,-0.377953][36.032,-37.0257,0][1.16887,-0.606454,-0.25717][0.984252,-0.0708661,-0.15748][36.0161,-37.0379,0][1.07982,-0.606454,-0.512072][0.905512,-0.125984,-0.409449][36.032,-37.0379,0][1.08223,-0.410528,-0.512644][0.92126,0,-0.377953][36.032,-37.0257,0][0.994028,-0.607898,-0.65919][0.826772,-0.110236,-0.551181][36.0412,-37.038,0][0.996754,-0.410254,-0.660762][0.834646,-0.00787402,-0.551181][36.0413,-37.0256,0][0.996754,-0.410254,-0.660762][0.834646,-0.00787402,-0.551181][36.0413,-37.0256,0][1.08223,-0.198531,-0.512656][0.92126,0,-0.377953][36.032,-37.0124,0][1.08223,-0.410528,-0.512644][0.92126,0,-0.377953][36.032,-37.0257,0][1.08223,-0.198531,-0.512656][0.92126,0,-0.377953][36.032,-37.0124,0][0.996754,-0.410254,-0.660762][0.834646,-0.00787402,-0.551181][36.0413,-37.0256,0][0.996754,-0.196834,-0.660762][0.834646,0,-0.543307][36.0413,-37.0123,0][0.996754,-0.196834,-0.660762][0.834646,0,-0.543307][36.0413,-37.0123,0][0.996756,-0.00191927,-0.660762][0.834646,0,-0.543307][36.0413,-37.0001,0][1.08223,-0.198531,-0.512656][0.92126,0,-0.377953][36.032,-37.0124,0][1.16934,-0.0791736,-0.257884][0.992126,0,-0.141732][36.0161,-37.0049,0][1.08223,-0.410528,-0.512644][0.92126,0,-0.377953][36.032,-37.0257,0][1.08223,-0.198531,-0.512656][0.92126,0,-0.377953][36.032,-37.0124,0][1.08223,-0.410528,-0.512644][0.92126,0,-0.377953][36.032,-37.0257,0][1.16934,-0.0791736,-0.257884][0.992126,0,-0.141732][36.0161,-37.0049,0][1.16887,-0.606454,-0.25717][0.984252,-0.0708661,-0.15748][36.0161,-37.0379,0][0.996756,-0.00191927,-0.660762][0.834646,0,-0.543307][36.0413,-37.0001,0][1.0822,0.00415658,-0.512692][0.905512,0,-0.425197][36.032,-36.9997,0][1.08223,-0.198531,-0.512656][0.92126,0,-0.377953][36.032,-37.0124,0][1.0822,0.00415658,-0.512692][0.905512,0,-0.425197][36.032,-36.9997,0][1.16934,-0.0791736,-0.257884][0.992126,0,-0.141732][36.0161,-37.0049,0][1.08223,-0.198531,-0.512656][0.92126,0,-0.377953][36.032,-37.0124,0][0.996756,-0.00191927,-0.660762][0.834646,0,-0.543307][36.0413,-37.0001,0][0.996756,0.20209,-0.66076][0.834646,0,-0.543307][36.0413,-36.9874,0][1.0822,0.00415658,-0.512692][0.905512,0,-0.425197][36.032,-36.9997,0][0.996756,0.20209,-0.66076][0.834646,0,-0.543307][36.0413,-36.9874,0][1.08213,0.20298,-0.512816][0.929134,0,-0.370079][36.032,-36.9873,0][1.0822,0.00415658,-0.512692][0.905512,0,-0.425197][36.032,-36.9997,0][1.08213,0.20298,-0.512816][0.929134,0,-0.370079][36.032,-36.9873,0][1.16934,-0.0791736,-0.257884][0.992126,0,-0.141732][36.0161,-37.0049,0][1.0822,0.00415658,-0.512692][0.905512,0,-0.425197][36.032,-36.9997,0][0.996756,0.20209,-0.66076][0.834646,0,-0.543307][36.0413,-36.9874,0][0.996756,0.402964,-0.66076][0.834646,0.00787402,-0.551181][36.0413,-36.9748,0][1.08213,0.20298,-0.512816][0.929134,0,-0.370079][36.032,-36.9873,0][1.19784,-0.0791736,0.0986122][1,0,0.0787402][35.9938,-37.0049,0][1.16887,-0.606454,-0.25717][0.984252,-0.0708661,-0.15748][36.0161,-37.0379,0][1.16934,-0.0791736,-0.257884][0.992126,0,-0.141732][36.0161,-37.0049,0][0.996756,0.402964,-0.66076][0.834646,0.00787402,-0.551181][36.0413,-36.9748,0][1.08187,0.41493,-0.513278][0.929134,0,-0.370079][36.0321,-36.9741,0][1.08213,0.20298,-0.512816][0.929134,0,-0.370079][36.032,-36.9873,0][0.996756,0.402964,-0.66076][0.834646,0.00787402,-0.551181][36.0413,-36.9748,0][0.996758,0.612084,-0.660758][0.826772,0.102362,-0.551181][36.0413,-36.9617,0][1.08187,0.41493,-0.513278][0.929134,0,-0.370079][36.0321,-36.9741,0][1.08213,0.20298,-0.512816][0.929134,0,-0.370079][36.032,-36.9873,0][1.16674,0.613976,-0.257522][0.984252,0.0551181,-0.149606][36.0161,-36.9616,0][1.16934,-0.0791736,-0.257884][0.992126,0,-0.141732][36.0161,-37.0049,0][1.16674,0.613976,-0.257522][0.984252,0.0551181,-0.149606][36.0161,-36.9616,0][1.08213,0.20298,-0.512816][0.929134,0,-0.370079][36.032,-36.9873,0][1.08187,0.41493,-0.513278][0.929134,0,-0.370079][36.0321,-36.9741,0][0.996758,0.612084,-0.660758][0.826772,0.102362,-0.551181][36.0413,-36.9617,0][1.07861,0.613976,-0.513678][0.905512,0.11811,-0.401575][36.0321,-36.9616,0][1.08187,0.41493,-0.513278][0.929134,0,-0.370079][36.0321,-36.9741,0][1.07861,0.613976,-0.513678][0.905512,0.11811,-0.401575][36.0321,-36.9616,0][1.16674,0.613976,-0.257522][0.984252,0.0551181,-0.149606][36.0161,-36.9616,0][1.08187,0.41493,-0.513278][0.929134,0,-0.370079][36.0321,-36.9741,0][0.961852,0.809934,-0.640246][0.787402,0.322835,-0.527559][36.04,-36.9494,0][1.07861,0.613976,-0.513678][0.905512,0.11811,-0.401575][36.0321,-36.9616,0][0.996758,0.612084,-0.660758][0.826772,0.102362,-0.551181][36.0413,-36.9617,0][1.19521,0.613976,0.0977182][0.992126,0.0472441,0.0787402][35.9939,-36.9616,0][1.16934,-0.0791736,-0.257884][0.992126,0,-0.141732][36.0161,-37.0049,0][1.16674,0.613976,-0.257522][0.984252,0.0551181,-0.149606][36.0161,-36.9616,0][1.16934,-0.0791736,-0.257884][0.992126,0,-0.141732][36.0161,-37.0049,0][1.19521,0.613976,0.0977182][0.992126,0.0472441,0.0787402][35.9939,-36.9616,0][1.19784,-0.0791736,0.0986122][1,0,0.0787402][35.9938,-37.0049,0][1.07861,0.613976,-0.513678][0.905512,0.11811,-0.401575][36.0321,-36.9616,0][0.961852,0.809934,-0.640246][0.787402,0.322835,-0.527559][36.04,-36.9494,0][1.04167,0.810768,-0.499954][0.866142,0.330709,-0.370079][36.0312,-36.9493,0][1.04167,0.810768,-0.499954][0.866142,0.330709,-0.370079][36.0312,-36.9493,0][1.16674,0.613976,-0.257522][0.984252,0.0551181,-0.149606][36.0161,-36.9616,0][1.07861,0.613976,-0.513678][0.905512,0.11811,-0.401575][36.0321,-36.9616,0][0.898096,0.947812,-0.595462][0.708661,0.535433,-0.456693][36.0372,-36.9408,0][1.04167,0.810768,-0.499954][0.866142,0.330709,-0.370079][36.0312,-36.9493,0][0.961852,0.809934,-0.640246][0.787402,0.322835,-0.527559][36.04,-36.9494,0][1.16674,0.613976,-0.257522][0.984252,0.0551181,-0.149606][36.0161,-36.9616,0][1.04167,0.810768,-0.499954][0.866142,0.330709,-0.370079][36.0312,-36.9493,0][1.12843,0.810768,-0.251004][0.929134,0.330709,-0.181102][36.0157,-36.9493,0][1.12843,0.810768,-0.251004][0.929134,0.330709,-0.181102][36.0157,-36.9493,0][1.19521,0.613976,0.0977182][0.992126,0.0472441,0.0787402][35.9939,-36.9616,0][1.16674,0.613976,-0.257522][0.984252,0.0551181,-0.149606][36.0161,-36.9616,0][1.04167,0.810768,-0.499954][0.866142,0.330709,-0.370079][36.0312,-36.9493,0][0.898096,0.947812,-0.595462][0.708661,0.535433,-0.456693][36.0372,-36.9408,0][0.971338,0.945456,-0.463604][0.771654,0.551181,-0.322835][36.029,-36.9409,0][0.971338,0.945456,-0.463604][0.771654,0.551181,-0.322835][36.029,-36.9409,0][1.12843,0.810768,-0.251004][0.929134,0.330709,-0.181102][36.0157,-36.9493,0][1.04167,0.810768,-0.499954][0.866142,0.330709,-0.370079][36.0312,-36.9493,0][0.81398,0.94774,-0.70777][0.622047,0.480315,-0.614173][36.0442,-36.9408,0][0.961852,0.809934,-0.640246][0.787402,0.322835,-0.527559][36.04,-36.9494,0][0.87345,0.805378,-0.748306][0.669291,0.307087,-0.677165][36.0468,-36.9497,0][0.961852,0.809934,-0.640246][0.787402,0.322835,-0.527559][36.04,-36.9494,0][0.81398,0.94774,-0.70777][0.622047,0.480315,-0.614173][36.0442,-36.9408,0][0.898096,0.947812,-0.595462][0.708661,0.535433,-0.456693][36.0372,-36.9408,0][0.996758,0.612084,-0.660758][0.826772,0.102362,-0.551181][36.0413,-36.9617,0][0.87345,0.805378,-0.748306][0.669291,0.307087,-0.677165][36.0468,-36.9497,0][0.961852,0.809934,-0.640246][0.787402,0.322835,-0.527559][36.04,-36.9494,0][0.747344,1.04875,-0.664036][0.480315,0.76378,-0.425197][36.0415,-36.9345,0][0.898096,0.947812,-0.595462][0.708661,0.535433,-0.456693][36.0372,-36.9408,0][0.81398,0.94774,-0.70777][0.622047,0.480315,-0.614173][36.0442,-36.9408,0][0.898096,0.947812,-0.595462][0.708661,0.535433,-0.456693][36.0372,-36.9408,0][0.747344,1.04875,-0.664036][0.480315,0.76378,-0.425197][36.0415,-36.9345,0][0.836754,1.04875,-0.556742][0.543307,0.76378,-0.354331][36.0348,-36.9345,0][0.87345,0.805378,-0.748306][0.669291,0.307087,-0.677165][36.0468,-36.9497,0][0.996758,0.612084,-0.660758][0.826772,0.102362,-0.551181][36.0413,-36.9617,0][0.906644,0.614014,-0.77004][0.716535,0.102362,-0.685039][36.0481,-36.9616,0][0.747344,1.04875,-0.664036][0.480315,0.76378,-0.425197][36.0415,-36.9345,0][0.705146,0.947748,-0.812954][0.543307,0.433071,-0.716535][36.0508,-36.9408,0][0.65642,1.04875,-0.76038][0.409449,0.755906,-0.503937][36.0475,-36.9345,0][0.996758,0.612084,-0.660758][0.826772,0.102362,-0.551181][36.0413,-36.9617,0][0.912332,0.406816,-0.773768][0.724409,0.00787402,-0.685039][36.0484,-36.9746,0][0.906644,0.614014,-0.77004][0.716535,0.102362,-0.685039][36.0481,-36.9616,0][0.912332,0.406816,-0.773768][0.724409,0.00787402,-0.685039][36.0484,-36.9746,0][0.996758,0.612084,-0.660758][0.826772,0.102362,-0.551181][36.0413,-36.9617,0][0.996756,0.402964,-0.66076][0.834646,0.00787402,-0.551181][36.0413,-36.9748,0][0.996756,0.402964,-0.66076][0.834646,0.00787402,-0.551181][36.0413,-36.9748,0][0.912438,0.202856,-0.77386][0.732283,0,-0.685039][36.0484,-36.9873,0][0.912332,0.406816,-0.773768][0.724409,0.00787402,-0.685039][36.0484,-36.9746,0][0.912438,0.202856,-0.77386][0.732283,0,-0.685039][36.0484,-36.9873,0][0.996756,0.402964,-0.66076][0.834646,0.00787402,-0.551181][36.0413,-36.9748,0][0.996756,0.20209,-0.66076][0.834646,0,-0.543307][36.0413,-36.9874,0][0.996756,0.20209,-0.66076][0.834646,0,-0.543307][36.0413,-36.9874,0][0.912394,-0.000498772,-0.773896][0.732283,0,-0.685039][36.0484,-37,0][0.912438,0.202856,-0.77386][0.732283,0,-0.685039][36.0484,-36.9873,0][0.912394,-0.000498772,-0.773896][0.732283,0,-0.685039][36.0484,-37,0][0.996756,0.20209,-0.66076][0.834646,0,-0.543307][36.0413,-36.9874,0][0.996756,-0.00191927,-0.660762][0.834646,0,-0.543307][36.0413,-37.0001,0][0.912394,-0.000498772,-0.773896][0.732283,0,-0.685039][36.0484,-37,0][0.996756,-0.00191927,-0.660762][0.834646,0,-0.543307][36.0413,-37.0001,0][0.996754,-0.196834,-0.660762][0.834646,0,-0.543307][36.0413,-37.0123,0][0.33726,0.685374,-1.14313][0.748031,0.574803,0.322835][36.0714,-36.9572,0][0.300484,0.733938,-1.14363][0.748031,0.574803,0.322835][36.0715,-36.9541,0][0.29755,0.731286,-1.13252][0.748031,0.574803,0.322835][36.0708,-36.9543,0][0.33726,0.685374,-1.14313][0.748031,0.574803,0.322835][36.0714,-36.9572,0][0.29755,0.731286,-1.13252][0.748031,0.574803,0.322835][36.0708,-36.9543,0][0.334024,0.683342,-1.13175][0.748031,0.574803,0.322835][36.0707,-36.9573,0][0.33074,0.589632,-1.15087][0.834646,0.472441,0.267717][36.0719,-36.9631,0][0.310492,0.623356,-1.14745][0.834646,0.472441,0.267717][36.0717,-36.961,0][0.329112,0.589158,-1.14504][0.834646,0.472441,0.267717][36.0716,-36.9632,0][0.310492,0.623356,-1.14745][0.834646,0.472441,0.267717][36.0717,-36.961,0][0.33074,0.589632,-1.15087][0.834646,0.472441,0.267717][36.0719,-36.9631,0][0.312,0.623936,-1.15319][0.834646,0.472441,0.267717][36.0721,-36.961,0][0.361818,0.62252,-1.14461][0.889764,0.338583,0.314961][36.0715,-36.9611,0][0.33726,0.685374,-1.14313][0.889764,0.338583,0.314961][36.0714,-36.9572,0][0.334024,0.683342,-1.13175][0.889764,0.338583,0.314961][36.0707,-36.9573,0][0.361818,0.62252,-1.14461][0.889764,0.338583,0.314961][36.0715,-36.9611,0][0.334024,0.683342,-1.13175][0.889764,0.338583,0.314961][36.0707,-36.9573,0][0.358364,0.621342,-1.13358][0.889764,0.338583,0.314961][36.0708,-36.9612,0][-0.116232,0.734022,-1.17656][0.811024,0.582677,0.0551181][36.0735,-36.9541,0][-0.080116,0.683356,-1.17732][0.811024,0.582677,0.0551181][36.0736,-36.9573,0][-0.080927,0.685436,-1.1891][0.811024,0.582677,0.0551181][36.0743,-36.9572,0][-0.115105,0.731292,-1.16497][0.811024,0.582677,0.0551181][36.0728,-36.9543,0][-0.080116,0.683356,-1.17732][0.811024,0.582677,0.0551181][36.0736,-36.9573,0][-0.116232,0.734022,-1.17656][0.811024,0.582677,0.0551181][36.0735,-36.9541,0][0.135625,0.402678,-1.20078][0.811024,0.582677,0.0866142][36.075,-36.9748,0][0.106518,0.4432,-1.20364][0.811024,0.582677,0.0866142][36.0752,-36.9723,0][0.105525,0.443098,-1.19213][0.811024,0.582677,0.0866142][36.0745,-36.9723,0][0.135625,0.402678,-1.20078][0.811024,0.582677,0.0866142][36.075,-36.9748,0][0.105525,0.443098,-1.19213][0.811024,0.582677,0.0866142][36.0745,-36.9723,0][0.134316,0.402636,-1.18915][0.811024,0.582677,0.0866142][36.0743,-36.9748,0][0.371246,0.551828,-1.14702][0.944882,0.11811,0.307087][36.0717,-36.9655,0][0.361818,0.62252,-1.14461][0.944882,0.11811,0.307087][36.0715,-36.9611,0][0.358364,0.621342,-1.13358][0.944882,0.11811,0.307087][36.0708,-36.9612,0][0.371246,0.551828,-1.14702][0.944882,0.11811,0.307087][36.0717,-36.9655,0][0.358364,0.621342,-1.13358][0.944882,0.11811,0.307087][36.0708,-36.9612,0][0.367788,0.551148,-1.13579][0.944882,0.11811,0.307087][36.071,-36.9656,0][0.337468,0.551484,-1.15148][0.944882,0.165354,0.283465][36.072,-36.9655,0][0.329112,0.589158,-1.14504][0.944882,0.165354,0.283465][36.0716,-36.9632,0][0.335784,0.551158,-1.14567][0.944882,0.165354,0.283465][36.0716,-36.9656,0][0.329112,0.589158,-1.14504][0.944882,0.165354,0.283465][36.0716,-36.9632,0][0.337468,0.551484,-1.15148][0.944882,0.165354,0.283465][36.072,-36.9655,0][0.33074,0.589632,-1.15087][0.944882,0.165354,0.283465][36.0719,-36.9631,0][-0.0886978,0.589166,-1.18832][0.88189,0.464567,-0.0314961][36.0743,-36.9632,0][-0.107145,0.62395,-1.18991][0.88189,0.464567,-0.0314961][36.0744,-36.961,0][-0.106659,0.623364,-1.18401][0.88189,0.464567,-0.0314961][36.074,-36.961,0][-0.107145,0.62395,-1.18991][0.88189,0.464567,-0.0314961][36.0744,-36.961,0][-0.0886978,0.589166,-1.18832][0.88189,0.464567,-0.0314961][36.0743,-36.9632,0][-0.0891592,0.589654,-1.19437][0.88189,0.464567,-0.0314961][36.0746,-36.9631,0][0.371246,0.551828,-1.14702][0.952756,-0.11811,0.291339][36.0717,-36.9655,0][0.360372,0.480638,-1.14058][0.952756,-0.11811,0.291339][36.0713,-36.97,0][0.363842,0.480822,-1.15162][0.952756,-0.11811,0.291339][36.072,-36.9699,0][0.360372,0.480638,-1.14058][0.952756,-0.11811,0.291339][36.0713,-36.97,0][0.371246,0.551828,-1.14702][0.952756,-0.11811,0.291339][36.0717,-36.9655,0][0.367788,0.551148,-1.13579][0.952756,-0.11811,0.291339][36.071,-36.9656,0][0.106518,0.4432,-1.20364][0.937008,0.338583,0.0787402][36.0752,-36.9723,0][0.0872978,0.494302,-1.19274][0.937008,0.338583,0.0787402][36.0745,-36.9691,0][0.105525,0.443098,-1.19213][0.937008,0.338583,0.0787402][36.0745,-36.9723,0][0.106518,0.4432,-1.20364][0.937008,0.338583,0.0787402][36.0752,-36.9723,0][0.0881998,0.494602,-1.20447][0.937008,0.338583,0.0787402][36.0753,-36.9691,0][0.0872978,0.494302,-1.19274][0.937008,0.338583,0.0787402][36.0745,-36.9691,0][0.341246,0.417172,-1.15902][0.779528,-0.590551,0.212598][36.0724,-36.9739,0][0.302944,0.366974,-1.15795][0.779528,-0.590551,0.212598][36.0724,-36.9771,0][0.30589,0.366996,-1.16909][0.779528,-0.590551,0.212598][36.0731,-36.9771,0][0.302944,0.366974,-1.15795][0.779528,-0.590551,0.212598][36.0724,-36.9771,0][0.341246,0.417172,-1.15902][0.779528,-0.590551,0.212598][36.0724,-36.9739,0][0.337988,0.417122,-1.14774][0.779528,-0.590551,0.212598][36.0717,-36.9739,0][0.33161,0.513276,-1.15473][0.952756,-0.165354,0.259843][36.0722,-36.9679,0][0.337468,0.551484,-1.15148][0.952756,-0.165354,0.259843][36.072,-36.9655,0][0.33001,0.513104,-1.14897][0.952756,-0.165354,0.259843][36.0718,-36.9679,0][0.335784,0.551158,-1.14567][0.952756,-0.165354,0.259843][36.0716,-36.9656,0][0.33001,0.513104,-1.14897][0.952756,-0.165354,0.259843][36.0718,-36.9679,0][0.337468,0.551484,-1.15148][0.952756,-0.165354,0.259843][36.072,-36.9655,0][0.363842,0.480822,-1.15162][0.897638,-0.346457,0.267717][36.072,-36.9699,0][0.337988,0.417122,-1.14774][0.897638,-0.346457,0.267717][36.0717,-36.9739,0][0.341246,0.417172,-1.15902][0.897638,-0.346457,0.267717][36.0724,-36.9739,0][0.337988,0.417122,-1.14774][0.897638,-0.346457,0.267717][36.0717,-36.9739,0][0.363842,0.480822,-1.15162][0.897638,-0.346457,0.267717][36.072,-36.9699,0][0.360372,0.480638,-1.14058][0.897638,-0.346457,0.267717][36.0713,-36.97,0][-0.287542,0.402676,-1.17359][0.787402,0.582677,-0.19685][36.0733,-36.9748,0][-0.316012,0.4432,-1.16616][0.787402,0.582677,-0.19685][36.0729,-36.9723,0][-0.284768,0.402636,-1.16221][0.787402,0.582677,-0.19685][36.0726,-36.9748,0][-0.313056,0.443096,-1.15493][0.787402,0.582677,-0.19685][36.0722,-36.9723,0][-0.284768,0.402636,-1.16221][0.787402,0.582677,-0.19685][36.0726,-36.9748,0][-0.316012,0.4432,-1.16616][0.787402,0.582677,-0.19685][36.0729,-36.9723,0][-0.058014,0.62135,-1.18756][0.944882,0.338583,-0.00787402][36.0742,-36.9612,0][-0.080927,0.685436,-1.1891][0.944882,0.338583,-0.00787402][36.0743,-36.9572,0][-0.080116,0.683356,-1.17732][0.944882,0.338583,-0.00787402][36.0736,-36.9573,0][-0.080927,0.685436,-1.1891][0.944882,0.338583,-0.00787402][36.0743,-36.9572,0][-0.058014,0.62135,-1.18756][0.944882,0.338583,-0.00787402][36.0742,-36.9612,0][-0.0585082,0.622544,-1.19914][0.944882,0.338583,-0.00787402][36.0749,-36.9611,0][0.313652,0.478734,-1.1606][0.850394,-0.480315,0.220472][36.0725,-36.9701,0][0.33161,0.513276,-1.15473][0.850394,-0.480315,0.220472][36.0722,-36.9679,0][0.312152,0.478634,-1.15487][0.850394,-0.480315,0.220472][36.0722,-36.9701,0][0.33001,0.513104,-1.14897][0.850394,-0.480315,0.220472][36.0718,-36.9679,0][0.312152,0.478634,-1.15487][0.850394,-0.480315,0.220472][36.0722,-36.9701,0][0.33161,0.513276,-1.15473][0.850394,-0.480315,0.220472][36.0722,-36.9679,0][0.0808798,0.551158,-1.19124][0.992126,0.110236,0.0787402][36.0744,-36.9656,0][0.0881998,0.494602,-1.20447][0.992126,0.110236,0.0787402][36.0753,-36.9691,0][0.0816628,0.55182,-1.20306][0.992126,0.110236,0.0787402][36.0752,-36.9655,0][0.0881998,0.494602,-1.20447][0.992126,0.110236,0.0787402][36.0753,-36.9691,0][0.0808798,0.551158,-1.19124][0.992126,0.110236,0.0787402][36.0744,-36.9656,0][0.0872978,0.494302,-1.19274][0.992126,0.110236,0.0787402][36.0745,-36.9691,0][-0.0891592,0.589654,-1.19437][0.984252,0.165354,-0.0629921][36.0746,-36.9631,0][-0.0826144,0.551168,-1.19121][0.984252,0.165354,-0.0629921][36.0744,-36.9656,0][-0.083026,0.551506,-1.19727][0.984252,0.165354,-0.0629921][36.0748,-36.9655,0][-0.0826144,0.551168,-1.19121][0.984252,0.165354,-0.0629921][36.0744,-36.9656,0][-0.0891592,0.589654,-1.19437][0.984252,0.165354,-0.0629921][36.0746,-36.9631,0][-0.0886978,0.589166,-1.18832][0.984252,0.165354,-0.0629921][36.0743,-36.9632,0][-0.058014,0.62135,-1.18756][0.992126,0.110236,-0.0314961][36.0742,-36.9612,0][-0.0506332,0.551862,-1.20476][0.992126,0.110236,-0.0314961][36.0753,-36.9655,0][-0.0585082,0.622544,-1.19914][0.992126,0.110236,-0.0314961][36.0749,-36.9611,0][-0.0506332,0.551862,-1.20476][0.992126,0.110236,-0.0314961][36.0753,-36.9655,0][-0.058014,0.62135,-1.18756][0.992126,0.110236,-0.0314961][36.0742,-36.9612,0][-0.0501426,0.551164,-1.19319][0.992126,0.110236,-0.0314961][36.0746,-36.9656,0][0.0871234,0.607732,-1.18696][0.992126,-0.11811,0.0629921][36.0742,-36.962,0][0.0816628,0.55182,-1.20306][0.992126,-0.11811,0.0629921][36.0752,-36.9655,0][0.0880574,0.608918,-1.19861][0.992126,-0.11811,0.0629921][36.0749,-36.9619,0][0.0816628,0.55182,-1.20306][0.992126,-0.11811,0.0629921][36.0752,-36.9655,0][0.0871234,0.607732,-1.18696][0.992126,-0.11811,0.0629921][36.0742,-36.962,0][0.0808798,0.551158,-1.19124][0.992126,-0.11811,0.0629921][36.0744,-36.9656,0][-0.316012,0.4432,-1.16616][0.905512,0.346457,-0.23622][36.0729,-36.9723,0][-0.334198,0.494586,-1.16033][0.905512,0.346457,-0.23622][36.0725,-36.9691,0][-0.313056,0.443096,-1.15493][0.905512,0.346457,-0.23622][36.0722,-36.9723,0][-0.331026,0.494298,-1.14894][0.905512,0.346457,-0.23622][36.0718,-36.9691,0][-0.313056,0.443096,-1.15493][0.905512,0.346457,-0.23622][36.0722,-36.9723,0][-0.334198,0.494586,-1.16033][0.905512,0.346457,-0.23622][36.0725,-36.9691,0][-0.117476,0.366994,-1.20281][0.811024,-0.582677,-0.0629921][36.0752,-36.9771,0][-0.0806192,0.417124,-1.19394][0.811024,-0.582677,-0.0629921][36.0746,-36.9739,0][-0.116418,0.366974,-1.19119][0.811024,-0.582677,-0.0629921][36.0744,-36.9771,0][-0.0806192,0.417124,-1.19394][0.811024,-0.582677,-0.0629921][36.0746,-36.9739,0][-0.117476,0.366994,-1.20281][0.811024,-0.582677,-0.0629921][36.0752,-36.9771,0][-0.0814354,0.417172,-1.20562][0.811024,-0.582677,-0.0629921][36.0753,-36.9739,0][0.10605,0.659968,-1.19122][0.937008,-0.338583,0.0314961][36.0744,-36.9588,0][0.0871234,0.607732,-1.18696][0.937008,-0.338583,0.0314961][36.0742,-36.962,0][0.0880574,0.608918,-1.19861][0.937008,-0.338583,0.0314961][36.0749,-36.9619,0][0.0871234,0.607732,-1.18696][0.937008,-0.338583,0.0314961][36.0742,-36.962,0][0.10605,0.659968,-1.19122][0.937008,-0.338583,0.0314961][36.0744,-36.9588,0][0.105066,0.658198,-1.17974][0.937008,-0.338583,0.0314961][36.0737,-36.9589,0][-0.11206,0.836572,-1.13211][0.952756,0.291339,0.0393701][36.0708,-36.9477,0][-0.11438,0.828378,-1.15795][0.346457,-0.370079,-0.866142][36.0724,-36.9482,0][-0.113921,0.84517,-1.15126][0.645669,0.488189,-0.590551][36.0719,-36.9472,0][-0.11438,0.828378,-1.15795][0.346457,-0.370079,-0.866142][36.0724,-36.9482,0][-0.11206,0.836572,-1.13211][0.952756,0.291339,0.0393701][36.0708,-36.9477,0][-0.112426,0.820714,-1.13846][0.519685,-0.771654,-0.362205][36.0711,-36.9487,0][0.134643,0.699908,-1.18167][0.818898,-0.582677,-0.023622][36.0739,-36.9563,0][0.105066,0.658198,-1.17974][0.818898,-0.582677,-0.023622][36.0737,-36.9589,0][0.10605,0.659968,-1.19122][0.818898,-0.582677,-0.023622][36.0744,-36.9588,0][0.105066,0.658198,-1.17974][0.818898,-0.582677,-0.023622][36.0737,-36.9589,0][0.134643,0.699908,-1.18167][0.818898,-0.582677,-0.023622][36.0739,-36.9563,0][0.133322,0.69757,-1.16997][0.818898,-0.582677,-0.023622][36.0731,-36.9564,0][-0.0501426,0.551164,-1.19319][0.992126,-0.110236,-0.0472441][36.0746,-36.9656,0][-0.0586638,0.480834,-1.20652][0.992126,-0.110236,-0.0472441][36.0754,-36.9699,0][-0.0506332,0.551862,-1.20476][0.992126,-0.110236,-0.0472441][36.0753,-36.9655,0][-0.0586638,0.480834,-1.20652][0.992126,-0.110236,-0.0472441][36.0754,-36.9699,0][-0.0501426,0.551164,-1.19319][0.992126,-0.110236,-0.0472441][36.0746,-36.9656,0][-0.058167,0.480644,-1.19489][0.992126,-0.110236,-0.0472441][36.0747,-36.97,0][-0.0814354,0.417172,-1.20562][0.937008,-0.338583,-0.0551181][36.0753,-36.9739,0][-0.058167,0.480644,-1.19489][0.937008,-0.338583,-0.0551181][36.0747,-36.97,0][-0.0806192,0.417124,-1.19394][0.937008,-0.338583,-0.0551181][36.0746,-36.9739,0][-0.058167,0.480644,-1.19489][0.937008,-0.338583,-0.0551181][36.0747,-36.97,0][-0.0814354,0.417172,-1.20562][0.937008,-0.338583,-0.0551181][36.0753,-36.9739,0][-0.0586638,0.480834,-1.20652][0.937008,-0.338583,-0.0551181][36.0754,-36.9699,0][-0.0826144,0.551168,-1.19121][0.984252,-0.15748,-0.0787402][36.0744,-36.9656,0][-0.089324,0.513282,-1.19834][0.984252,-0.15748,-0.0787402][36.0749,-36.9679,0][-0.083026,0.551506,-1.19727][0.984252,-0.15748,-0.0787402][36.0748,-36.9655,0][-0.089324,0.513282,-1.19834][0.984252,-0.15748,-0.0787402][36.0749,-36.9679,0][-0.0826144,0.551168,-1.19121][0.984252,-0.15748,-0.0787402][36.0744,-36.9656,0][-0.0888434,0.51311,-1.1924][0.984252,-0.15748,-0.0787402][36.0745,-36.9679,0][-0.107438,0.478736,-1.19757][0.88189,-0.464567,-0.0866142][36.0748,-36.9701,0][-0.089324,0.513282,-1.19834][0.88189,-0.464567,-0.0866142][36.0749,-36.9679,0][-0.0888434,0.51311,-1.1924][0.88189,-0.464567,-0.0866142][36.0745,-36.9679,0][-0.107438,0.478736,-1.19757][0.88189,-0.464567,-0.0866142][36.0748,-36.9701,0][-0.0888434,0.51311,-1.1924][0.88189,-0.464567,-0.0866142][36.0745,-36.9679,0][-0.10695,0.478636,-1.19167][0.88189,-0.464567,-0.0866142][36.0745,-36.9701,0][-0.334198,0.494586,-1.16033][0.952756,0.11811,-0.267717][36.0725,-36.9691,0][-0.340218,0.551806,-1.15663][0.952756,0.11811,-0.267717][36.0723,-36.9655,0][-0.331026,0.494298,-1.14894][0.952756,0.11811,-0.267717][36.0718,-36.9691,0][-0.33689,0.551148,-1.14527][0.952756,0.11811,-0.267717][36.0716,-36.9656,0][-0.331026,0.494298,-1.14894][0.952756,0.11811,-0.267717][36.0718,-36.9691,0][-0.340218,0.551806,-1.15663][0.952756,0.11811,-0.267717][36.0723,-36.9655,0][-0.329662,0.607734,-1.14339][0.952756,-0.110236,-0.283465][36.0715,-36.962,0][-0.340218,0.551806,-1.15663][0.952756,-0.110236,-0.283465][36.0723,-36.9655,0][-0.332804,0.608896,-1.15475][0.952756,-0.110236,-0.283465][36.0722,-36.9619,0][-0.340218,0.551806,-1.15663][0.952756,-0.110236,-0.283465][36.0723,-36.9655,0][-0.329662,0.607734,-1.14339][0.952756,-0.110236,-0.283465][36.0715,-36.962,0][-0.33689,0.551148,-1.14527][0.952756,-0.110236,-0.283465][36.0716,-36.9656,0][-0.281122,0.69755,-1.14351][0.76378,-0.566929,-0.299213][36.0715,-36.9564,0][-0.313332,0.659944,-1.15412][0.76378,-0.566929,-0.299213][36.0721,-36.9588,0][-0.283978,0.69988,-1.15494][0.76378,-0.566929,-0.299213][36.0722,-36.9563,0][-0.313332,0.659944,-1.15412][0.76378,-0.566929,-0.299213][36.0721,-36.9588,0][-0.281122,0.69755,-1.14351][0.76378,-0.566929,-0.299213][36.0715,-36.9564,0][-0.310384,0.658194,-1.14296][0.76378,-0.566929,-0.299213][36.0714,-36.9589,0][-0.332804,0.608896,-1.15475][0.897638,-0.338583,-0.283465][36.0722,-36.9619,0][-0.310384,0.658194,-1.14296][0.897638,-0.338583,-0.283465][36.0714,-36.9589,0][-0.329662,0.607734,-1.14339][0.897638,-0.338583,-0.283465][36.0715,-36.962,0][-0.310384,0.658194,-1.14296][0.897638,-0.338583,-0.283465][36.0714,-36.9589,0][-0.332804,0.608896,-1.15475][0.897638,-0.338583,-0.283465][36.0722,-36.9619,0][-0.313332,0.659944,-1.15412][0.897638,-0.338583,-0.283465][36.0721,-36.9588,0][-0.54658,-0.417488,-0.990628][0.897638,-0.00787402,-0.433071][36.0619,-37.0261,0][-0.447392,-0.551448,-0.780614][0.897638,0.125984,-0.425197][36.0488,-37.0345,0][-0.545354,-0.564728,-0.9878][0.897638,0.125984,-0.425197][36.0617,-37.0353,0][-0.415756,-0.681182,-0.77944][0.88189,0.244094,-0.409449][36.0487,-37.0426,0][-0.545354,-0.564728,-0.9878][0.897638,0.125984,-0.425197][36.0617,-37.0353,0][-0.447392,-0.551448,-0.780614][0.897638,0.125984,-0.425197][36.0488,-37.0345,0][-0.545354,-0.564728,-0.9878][0.897638,0.125984,-0.425197][36.0617,-37.0353,0][-0.415756,-0.681182,-0.77944][0.88189,0.244094,-0.409449][36.0487,-37.0426,0][-0.49093,-0.739066,-0.987836][0.88189,0.244094,-0.409449][36.0617,-37.0462,0][-0.447392,-0.551448,-0.780614][0.897638,0.125984,-0.425197][36.0488,-37.0345,0][-0.54658,-0.417488,-0.990628][0.897638,-0.00787402,-0.433071][36.0619,-37.0261,0][-0.446546,-0.415502,-0.784132][0.897638,-0.00787402,-0.433071][36.049,-37.026,0][-0.54619,-0.279094,-0.990922][0.88189,-0.220472,-0.425197][36.0619,-37.0174,0][-0.446546,-0.415502,-0.784132][0.897638,-0.00787402,-0.433071][36.049,-37.026,0][-0.54658,-0.417488,-0.990628][0.897638,-0.00787402,-0.433071][36.0619,-37.0261,0][-0.446546,-0.415502,-0.784132][0.897638,-0.00787402,-0.433071][36.049,-37.026,0][-0.54619,-0.279094,-0.990922][0.88189,-0.220472,-0.425197][36.0619,-37.0174,0][-0.445384,-0.279056,-0.784896][0.88189,-0.220472,-0.425197][36.0491,-37.0174,0][-0.54619,-0.279094,-0.990922][0.88189,-0.220472,-0.425197][36.0619,-37.0174,0][-0.39496,-0.145174,-0.811646][0.653543,-0.692913,-0.307087][36.0507,-37.0091,0][-0.445384,-0.279056,-0.784896][0.88189,-0.220472,-0.425197][36.0491,-37.0174,0][-0.39496,-0.145174,-0.811646][0.653543,-0.692913,-0.307087][36.0507,-37.0091,0][-0.54619,-0.279094,-0.990922][0.88189,-0.220472,-0.425197][36.0619,-37.0174,0][-0.490114,-0.144881,-1.01998][0.653543,-0.692913,-0.307087][36.0637,-37.0091,0][0.994028,-0.607898,-0.65919][0.826772,-0.110236,-0.551181][36.0412,-37.038,0][0.87123,-0.808158,-0.747268][0.677165,-0.322835,-0.661417][36.0467,-37.0505,0][0.905294,-0.613136,-0.769622][0.740157,-0.11811,-0.669291][36.0481,-37.0383,0][0.905294,-0.613136,-0.769622][0.740157,-0.11811,-0.669291][36.0481,-37.0383,0][0.91189,-0.410124,-0.773896][0.740157,-0.00787402,-0.669291][36.0484,-37.0256,0][0.994028,-0.607898,-0.65919][0.826772,-0.110236,-0.551181][36.0412,-37.038,0][0.91189,-0.410124,-0.773896][0.740157,-0.00787402,-0.669291][36.0484,-37.0256,0][0.996754,-0.410254,-0.660762][0.834646,-0.00787402,-0.551181][36.0413,-37.0256,0][0.994028,-0.607898,-0.65919][0.826772,-0.110236,-0.551181][36.0412,-37.038,0][0.91189,-0.410124,-0.773896][0.740157,-0.00787402,-0.669291][36.0484,-37.0256,0][0.9122,-0.2009,-0.774058][0.732283,0,-0.677165][36.0484,-37.0126,0][0.996754,-0.410254,-0.660762][0.834646,-0.00787402,-0.551181][36.0413,-37.0256,0][0.996754,-0.196834,-0.660762][0.834646,0,-0.543307][36.0413,-37.0123,0][0.996754,-0.410254,-0.660762][0.834646,-0.00787402,-0.551181][36.0413,-37.0256,0][0.9122,-0.2009,-0.774058][0.732283,0,-0.677165][36.0484,-37.0126,0][0.9122,-0.2009,-0.774058][0.732283,0,-0.677165][36.0484,-37.0126,0][0.912394,-0.000498772,-0.773896][0.732283,0,-0.685039][36.0484,-37,0][0.996754,-0.196834,-0.660762][0.834646,0,-0.543307][36.0413,-37.0123,0][0.320886,0.837358,-1.09144][0.889764,0.251969,0.377953][36.0682,-36.9477,0][0.320998,0.82168,-1.0979][0.488189,-0.850394,-0.212598][36.0686,-36.9486,0][0.32655,0.829466,-1.11687][0.543307,-0.472441,-0.692913][36.0698,-36.9482,0][0.326404,0.845932,-1.10989][0.84252,0.456693,-0.299213][36.0694,-36.9471,0][0.320886,0.837358,-1.09144][0.889764,0.251969,0.377953][36.0682,-36.9477,0][0.32655,0.829466,-1.11687][0.543307,-0.472441,-0.692913][36.0698,-36.9482,0][0.326404,0.845932,-1.10989][0.84252,0.456693,-0.299213][36.0694,-36.9471,0][0.30657,0.856182,-1.08709][0.637795,0.606299,0.480315][36.0679,-36.9465,0][0.320886,0.837358,-1.09144][0.889764,0.251969,0.377953][36.0682,-36.9477,0][0.30657,0.856182,-1.08709][0.637795,0.606299,0.480315][36.0679,-36.9465,0][0.326404,0.845932,-1.10989][0.84252,0.456693,-0.299213][36.0694,-36.9471,0][0.31151,0.864964,-1.10549][0.653543,0.740157,-0.165354][36.0691,-36.9459,0][-0.126249,0.865536,-1.1408][0.551181,0.732283,-0.401575][36.0713,-36.9459,0][-0.124205,0.85671,-1.12188][0.779528,0.598425,0.204724][36.0701,-36.9465,0][-0.11206,0.836572,-1.13211][0.952756,0.291339,0.0393701][36.0708,-36.9477,0][-0.150751,0.885592,-1.12792][0.370079,0.874016,-0.307087][36.0705,-36.9446,0][-0.124205,0.85671,-1.12188][0.779528,0.598425,0.204724][36.0701,-36.9465,0][-0.126249,0.865536,-1.1408][0.551181,0.732283,-0.401575][36.0713,-36.9459,0][-0.126249,0.865536,-1.1408][0.551181,0.732283,-0.401575][36.0713,-36.9459,0][-0.11206,0.836572,-1.13211][0.952756,0.291339,0.0393701][36.0708,-36.9477,0][-0.113921,0.84517,-1.15126][0.645669,0.488189,-0.590551][36.0719,-36.9472,0][0.705146,0.947748,-0.812954][0.543307,0.433071,-0.716535][35.9559,-37.0508,0][0.747344,1.04875,-0.664036][0.480315,0.76378,-0.425197][35.9533,-37.0415,0][0.81398,0.94774,-0.70777][0.622047,0.480315,-0.614173][35.9491,-37.0442,0][-0.747344,1.04875,-0.664034][-0.480315,0.76378,-0.425197][36.0467,-37.0415,0][-0.705146,0.947748,-0.812952][-0.543307,0.433071,-0.716535][36.0441,-37.0508,0][-0.813982,0.94774,-0.70777][-0.622047,0.480315,-0.614173][36.0509,-37.0442,0][-0.839722,0.943136,0.686154][-0.653543,0.551181,0.519685][36.0525,-36.9571,0][-0.559998,1.04615,0.838244][-0.377953,0.740157,0.551181][36.035,-36.9476,0][-0.77687,1.04615,0.63506][-0.519685,0.748031,0.417323][36.0486,-36.9603,0][-0.839722,0.943136,0.686154][-0.653543,0.551181,0.519685][36.0525,-36.9571,0][-0.605368,0.942148,0.90548][-0.472441,0.551181,0.692913][36.0378,-36.9434,0][-0.559998,1.04615,0.838244][-0.377953,0.740157,0.551181][36.035,-36.9476,0][-0.77687,1.04615,0.63506][-0.519685,0.748031,0.417323][36.0486,-36.9603,0][-0.559998,1.04615,0.838244][-0.377953,0.740157,0.551181][36.035,-36.9476,0][-0.469354,1.15603,0.69736][-0.228346,0.913386,0.330709][36.0293,-36.9564,0][-0.24543,1.15549,0.804796][-0.11811,0.913386,0.377953][36.0153,-36.9497,0][-0.469354,1.15603,0.69736][-0.228346,0.913386,0.330709][36.0293,-36.9564,0][-0.559998,1.04615,0.838244][-0.377953,0.740157,0.551181][36.035,-36.9476,0][-0.29196,1.04615,0.967578][-0.19685,0.740157,0.637795][36.0182,-36.9395,0][-0.24543,1.15549,0.804796][-0.11811,0.913386,0.377953][36.0153,-36.9497,0][-0.559998,1.04615,0.838244][-0.377953,0.740157,0.551181][36.035,-36.9476,0][-0.469354,1.15603,0.69736][-0.228346,0.913386,0.330709][36.0293,-36.9564,0][-0.650946,1.15517,0.528076][-0.314961,0.913386,0.251969][36.0407,-36.967,0][-0.77687,1.04615,0.63506][-0.519685,0.748031,0.417323][36.0486,-36.9603,0][-2.92792e-07,1.15493,0.841408][0,0.92126,0.401575][36,-36.9474,0][-0.24543,1.15549,0.804796][-0.11811,0.913386,0.377953][36.0153,-36.9497,0][-0.29196,1.04615,0.967578][-0.19685,0.740157,0.637795][36.0182,-36.9395,0][-2.92792e-07,1.15493,0.841408][0,0.92126,0.401575][36,-36.9474,0][-0.29196,1.04615,0.967578][-0.19685,0.740157,0.637795][36.0182,-36.9395,0][-3.21232e-07,1.04615,1.0111][0,0.740157,0.669291][36,-36.9368,0][-0.24543,1.15549,0.804796][-0.11811,0.913386,0.377953][36.0153,-36.9497,0][-0.338532,1.20212,0.505532][-0.0629921,0.992126,0.0866142][36.0212,-36.9684,0][-0.469354,1.15603,0.69736][-0.228346,0.913386,0.330709][36.0293,-36.9564,0][-0.469354,1.15603,0.69736][-0.228346,0.913386,0.330709][36.0293,-36.9564,0][-0.338532,1.20212,0.505532][-0.0629921,0.992126,0.0866142][36.0212,-36.9684,0][-0.650946,1.15517,0.528076][-0.314961,0.913386,0.251969][36.0407,-36.967,0][-2.92792e-07,1.15493,0.841408][0,0.92126,0.401575][36,-36.9474,0][-0.177146,1.20222,0.583278][-0.0314961,0.992126,0.102362][36.0111,-36.9635,0][-0.24543,1.15549,0.804796][-0.11811,0.913386,0.377953][36.0153,-36.9497,0][-0.338532,1.20212,0.505532][-0.0629921,0.992126,0.0866142][36.0212,-36.9684,0][-0.24543,1.15549,0.804796][-0.11811,0.913386,0.377953][36.0153,-36.9497,0][-0.177146,1.20222,0.583278][-0.0314961,0.992126,0.102362][36.0111,-36.9635,0][-0.177146,1.20222,0.583278][-0.0314961,0.992126,0.102362][36.0111,-36.9635,0][-2.92792e-07,1.15493,0.841408][0,0.92126,0.401575][36,-36.9474,0][-2.26364e-07,1.20174,0.609882][0,0.992126,0.110236][36,-36.9619,0][-0.338532,1.20212,0.505532][-0.0629921,0.992126,0.0866142][36.0212,-36.9684,0][-0.469888,1.20236,0.38372][-0.0866142,0.992126,0.0629921][36.0294,-36.976,0][-0.650946,1.15517,0.528076][-0.314961,0.913386,0.251969][36.0407,-36.967,0][-0.925642,1.04615,0.376462][-0.622047,0.748031,0.244094][36.0579,-36.9765,0][-0.77687,1.04615,0.63506][-0.519685,0.748031,0.417323][36.0486,-36.9603,0][-0.650946,1.15517,0.528076][-0.314961,0.913386,0.251969][36.0407,-36.967,0][-0.775032,1.15521,0.313202][-0.377953,0.913386,0.149606][36.0484,-36.9804,0][-0.650946,1.15517,0.528076][-0.314961,0.913386,0.251969][36.0407,-36.967,0][-0.469888,1.20236,0.38372][-0.0866142,0.992126,0.0629921][36.0294,-36.976,0][-0.925642,1.04615,0.376462][-0.622047,0.748031,0.244094][36.0579,-36.9765,0][-0.650946,1.15517,0.528076][-0.314961,0.913386,0.251969][36.0407,-36.967,0][-0.775032,1.15521,0.313202][-0.377953,0.913386,0.149606][36.0484,-36.9804,0][-0.775032,1.15521,0.313202][-0.377953,0.913386,0.149606][36.0484,-36.9804,0][-0.469888,1.20236,0.38372][-0.0866142,0.992126,0.0629921][36.0294,-36.976,0][-0.559406,1.20205,0.228546][-0.0944882,0.992126,0.0393701][36.035,-36.9857,0][-0.775032,1.15521,0.313202][-0.377953,0.913386,0.149606][36.0484,-36.9804,0][-0.992892,1.04615,0.0846766][-0.661417,0.748031,0.0472441][36.0621,-36.9947,0][-0.925642,1.04615,0.376462][-0.622047,0.748031,0.244094][36.0579,-36.9765,0][-0.599268,1.20206,0.0539126][-0.102362,0.992126,0.00787402][36.0375,-36.9966,0][-0.775032,1.15521,0.313202][-0.377953,0.913386,0.149606][36.0484,-36.9804,0][-0.559406,1.20205,0.228546][-0.0944882,0.992126,0.0393701][36.035,-36.9857,0][-0.992892,1.04615,0.0846766][-0.661417,0.748031,0.0472441][36.0621,-36.9947,0][-0.775032,1.15521,0.313202][-0.377953,0.913386,0.149606][36.0484,-36.9804,0][-0.83096,1.15625,0.071291][-0.401575,0.913386,0.0314961][36.0519,-36.9955,0][-0.775032,1.15521,0.313202][-0.377953,0.913386,0.149606][36.0484,-36.9804,0][-0.599268,1.20206,0.0539126][-0.102362,0.992126,0.00787402][36.0375,-36.9966,0][-0.83096,1.15625,0.071291][-0.401575,0.913386,0.0314961][36.0519,-36.9955,0][-0.812028,1.15568,-0.176375][-0.401575,0.913386,-0.0708661][36.0508,-37.011,0][-0.992892,1.04615,0.0846766][-0.661417,0.748031,0.0472441][36.0621,-36.9947,0][-0.83096,1.15625,0.071291][-0.401575,0.913386,0.0314961][36.0519,-36.9955,0][-0.599268,1.20206,0.0539126][-0.102362,0.992126,0.00787402][36.0375,-36.9966,0][-0.812028,1.15568,-0.176375][-0.401575,0.913386,-0.0708661][36.0508,-37.011,0][-0.83096,1.15625,0.071291][-0.401575,0.913386,0.0314961][36.0519,-36.9955,0][-0.992892,1.04615,0.0846766][-0.661417,0.748031,0.0472441][36.0621,-36.9947,0][-0.812028,1.15568,-0.176375][-0.401575,0.913386,-0.0708661][36.0508,-37.011,0][-0.970088,1.04615,-0.2152][-0.653543,0.748031,-0.125984][36.0606,-37.0134,0][-0.812028,1.15568,-0.176375][-0.401575,0.913386,-0.0708661][36.0508,-37.011,0][-0.599268,1.20206,0.0539126][-0.102362,0.992126,0.00787402][36.0375,-36.9966,0][-0.585828,1.20179,-0.124714][-0.102362,0.992126,-0.015748][36.0366,-37.0078,0][-0.749368,1.15743,-0.351922][-0.362205,0.92126,-0.149606][36.0468,-37.022,0][-0.970088,1.04615,-0.2152][-0.653543,0.748031,-0.125984][36.0606,-37.0134,0][-0.812028,1.15568,-0.176375][-0.401575,0.913386,-0.0708661][36.0508,-37.011,0][-0.749368,1.15743,-0.351922][-0.362205,0.92126,-0.149606][36.0468,-37.022,0][-0.812028,1.15568,-0.176375][-0.401575,0.913386,-0.0708661][36.0508,-37.011,0][-0.585828,1.20179,-0.124714][-0.102362,0.992126,-0.015748][36.0366,-37.0078,0][-0.970088,1.04615,-0.2152][-0.653543,0.748031,-0.125984][36.0606,-37.0134,0][-0.749368,1.15743,-0.351922][-0.362205,0.92126,-0.149606][36.0468,-37.022,0][-0.897452,1.04615,-0.42739][-0.606299,0.755906,-0.251969][36.0561,-37.0267,0][-0.539968,1.20232,-0.251038][-0.0944882,0.992126,-0.0393701][36.0337,-37.0157,0][-0.749368,1.15743,-0.351922][-0.362205,0.92126,-0.149606][36.0468,-37.022,0][-0.585828,1.20179,-0.124714][-0.102362,0.992126,-0.015748][36.0366,-37.0078,0][-0.749368,1.15743,-0.351922][-0.362205,0.92126,-0.149606][36.0468,-37.022,0][-0.836754,1.04875,-0.55674][-0.543307,0.76378,-0.354331][36.0523,-37.0348,0][-0.897452,1.04615,-0.42739][-0.606299,0.755906,-0.251969][36.0561,-37.0267,0][-0.539968,1.20232,-0.251038][-0.0944882,0.992126,-0.0393701][36.0337,-37.0157,0][-0.678194,1.15597,-0.466512][-0.307087,0.929134,-0.212598][36.0424,-37.0292,0][-0.749368,1.15743,-0.351922][-0.362205,0.92126,-0.149606][36.0468,-37.022,0][-0.749368,1.15743,-0.351922][-0.362205,0.92126,-0.149606][36.0468,-37.022,0][-0.678194,1.15597,-0.466512][-0.307087,0.929134,-0.212598][36.0424,-37.0292,0][-0.836754,1.04875,-0.55674][-0.543307,0.76378,-0.354331][36.0523,-37.0348,0][-0.48849,1.20234,-0.33528][-0.0787402,0.992126,-0.0551181][36.0305,-37.021,0][-0.678194,1.15597,-0.466512][-0.307087,0.929134,-0.212598][36.0424,-37.0292,0][-0.539968,1.20232,-0.251038][-0.0944882,0.992126,-0.0393701][36.0337,-37.0157,0][-0.678194,1.15597,-0.466512][-0.307087,0.929134,-0.212598][36.0424,-37.0292,0][-0.747344,1.04875,-0.664034][-0.480315,0.76378,-0.425197][36.0467,-37.0415,0][-0.836754,1.04875,-0.55674][-0.543307,0.76378,-0.354331][36.0523,-37.0348,0][-0.48849,1.20234,-0.33528][-0.0787402,0.992126,-0.0551181][36.0305,-37.021,0][-0.598394,1.15584,-0.56311][-0.275591,0.929134,-0.251969][36.0374,-37.0352,0][-0.678194,1.15597,-0.466512][-0.307087,0.929134,-0.212598][36.0424,-37.0292,0][-0.678194,1.15597,-0.466512][-0.307087,0.929134,-0.212598][36.0424,-37.0292,0][-0.598394,1.15584,-0.56311][-0.275591,0.929134,-0.251969][36.0374,-37.0352,0][-0.747344,1.04875,-0.664034][-0.480315,0.76378,-0.425197][36.0467,-37.0415,0][-0.598394,1.15584,-0.56311][-0.275591,0.929134,-0.251969][36.0374,-37.0352,0][-0.48849,1.20234,-0.33528][-0.0787402,0.992126,-0.0551181][36.0305,-37.021,0][-0.423054,1.20226,-0.414306][-0.0708661,0.992126,-0.0708661][36.0264,-37.0259,0][-0.598394,1.15584,-0.56311][-0.275591,0.929134,-0.251969][36.0374,-37.0352,0][-0.65642,1.04875,-0.76038][-0.409449,0.755906,-0.503937][36.041,-37.0475,0][-0.747344,1.04875,-0.664034][-0.480315,0.76378,-0.425197][36.0467,-37.0415,0][-0.423054,1.20226,-0.414306][-0.0708661,0.992126,-0.0708661][36.0264,-37.0259,0][-0.517108,1.15621,-0.63656][-0.228346,0.929134,-0.299213][36.0323,-37.0398,0][-0.598394,1.15584,-0.56311][-0.275591,0.929134,-0.251969][36.0374,-37.0352,0][-0.65642,1.04875,-0.76038][-0.409449,0.755906,-0.503937][36.041,-37.0475,0][-0.598394,1.15584,-0.56311][-0.275591,0.929134,-0.251969][36.0374,-37.0352,0][-0.517108,1.15621,-0.63656][-0.228346,0.929134,-0.299213][36.0323,-37.0398,0][-0.517108,1.15621,-0.63656][-0.228346,0.929134,-0.299213][36.0323,-37.0398,0][-0.423054,1.20226,-0.414306][-0.0708661,0.992126,-0.0708661][36.0264,-37.0259,0][-0.357528,1.20213,-0.471076][-0.0551181,0.992126,-0.0787402][36.0223,-37.0294,0][-0.517108,1.15621,-0.63656][-0.228346,0.929134,-0.299213][36.0323,-37.0398,0][-0.49688,1.04875,-0.867616][-0.314961,0.755906,-0.574803][36.0311,-37.0542,0][-0.65642,1.04875,-0.76038][-0.409449,0.755906,-0.503937][36.041,-37.0475,0][-0.357528,1.20213,-0.471076][-0.0551181,0.992126,-0.0787402][36.0223,-37.0294,0][-0.387378,1.15639,-0.725252][-0.181102,0.92126,-0.338583][36.0242,-37.0453,0][-0.517108,1.15621,-0.63656][-0.228346,0.929134,-0.299213][36.0323,-37.0398,0][-0.49688,1.04875,-0.867616][-0.314961,0.755906,-0.574803][36.0311,-37.0542,0][-0.517108,1.15621,-0.63656][-0.228346,0.929134,-0.299213][36.0323,-37.0398,0][-0.387378,1.15639,-0.725252][-0.181102,0.92126,-0.338583][36.0242,-37.0453,0][-0.387378,1.15639,-0.725252][-0.181102,0.92126,-0.338583][36.0242,-37.0453,0][-0.357528,1.20213,-0.471076][-0.0551181,0.992126,-0.0787402][36.0223,-37.0294,0][-0.26074,1.202,-0.532426][-0.0472441,0.992126,-0.0866142][36.0163,-37.0333,0][-0.387378,1.15639,-0.725252][-0.181102,0.92126,-0.338583][36.0242,-37.0453,0][-0.337904,1.04875,-0.932266][-0.212598,0.755906,-0.622047][36.0211,-37.0583,0][-0.49688,1.04875,-0.867616][-0.314961,0.755906,-0.574803][36.0311,-37.0542,0][-0.26074,1.202,-0.532426][-0.0472441,0.992126,-0.0866142][36.0163,-37.0333,0][-0.270894,1.15593,-0.775968][-0.11811,0.92126,-0.377953][36.0169,-37.0485,0][-0.387378,1.15639,-0.725252][-0.181102,0.92126,-0.338583][36.0242,-37.0453,0][-0.337904,1.04875,-0.932266][-0.212598,0.755906,-0.622047][36.0211,-37.0583,0][-0.387378,1.15639,-0.725252][-0.181102,0.92126,-0.338583][36.0242,-37.0453,0][-0.270894,1.15593,-0.775968][-0.11811,0.92126,-0.377953][36.0169,-37.0485,0][-0.270894,1.15593,-0.775968][-0.11811,0.92126,-0.377953][36.0169,-37.0485,0][-0.26074,1.202,-0.532426][-0.0472441,0.992126,-0.0866142][36.0163,-37.0333,0][-0.177143,1.20218,-0.565274][-0.0314961,0.992126,-0.0944882][36.0111,-37.0353,0][-0.270894,1.15593,-0.775968][-0.11811,0.92126,-0.377953][36.0169,-37.0485,0][-0.170902,1.04875,-0.97219][-0.110236,0.755906,-0.645669][36.0107,-37.0608,0][-0.337904,1.04875,-0.932266][-0.212598,0.755906,-0.622047][36.0211,-37.0583,0][-0.177143,1.20218,-0.565274][-0.0314961,0.992126,-0.0944882][36.0111,-37.0353,0][-0.139938,1.15555,-0.810338][-0.0629921,0.92126,-0.393701][36.0087,-37.0506,0][-0.270894,1.15593,-0.775968][-0.11811,0.92126,-0.377953][36.0169,-37.0485,0][-0.170902,1.04875,-0.97219][-0.110236,0.755906,-0.645669][36.0107,-37.0608,0][-0.270894,1.15593,-0.775968][-0.11811,0.92126,-0.377953][36.0169,-37.0485,0][-0.139938,1.15555,-0.810338][-0.0629921,0.92126,-0.393701][36.0087,-37.0506,0][-0.139938,1.15555,-0.810338][-0.0629921,0.92126,-0.393701][36.0087,-37.0506,0][-0.177143,1.20218,-0.565274][-0.0314961,0.992126,-0.0944882][36.0111,-37.0353,0][-0.0895612,1.20204,-0.585236][-0.015748,0.992126,-0.102362][36.0056,-37.0366,0][-0.139938,1.15555,-0.810338][-0.0629921,0.92126,-0.393701][36.0087,-37.0506,0][1.25143e-08,1.04875,-0.985664][0,0.755906,-0.653543][36,-37.0616,0][-0.170902,1.04875,-0.97219][-0.110236,0.755906,-0.645669][36.0107,-37.0608,0][-0.0895612,1.20204,-0.585236][-0.015748,0.992126,-0.102362][36.0056,-37.0366,0][4.59676e-07,1.15539,-0.823718][0,0.913386,-0.401575][36,-37.0515,0][-0.139938,1.15555,-0.810338][-0.0629921,0.92126,-0.393701][36.0087,-37.0506,0][1.25143e-08,1.04875,-0.985664][0,0.755906,-0.653543][36,-37.0616,0][-0.139938,1.15555,-0.810338][-0.0629921,0.92126,-0.393701][36.0087,-37.0506,0][4.59676e-07,1.15539,-0.823718][0,0.913386,-0.401575][36,-37.0515,0][4.59676e-07,1.15539,-0.823718][0,0.913386,-0.401575][36,-37.0515,0][-0.0895612,1.20204,-0.585236][-0.015748,0.992126,-0.102362][36.0056,-37.0366,0][3.26842e-07,1.20172,-0.591884][0,0.992126,-0.102362][36,-37.037,0][0.0895608,1.20203,-0.585234][0.015748,0.992126,-0.102362][35.9944,-37.0366,0][4.59676e-07,1.15539,-0.823718][0,0.913386,-0.401575][36,-37.0515,0][3.26842e-07,1.20172,-0.591884][0,0.992126,-0.102362][36,-37.037,0][0.139939,1.15555,-0.810338][0.0629921,0.92126,-0.393701][35.9913,-37.0506,0][1.25143e-08,1.04875,-0.985664][0,0.755906,-0.653543][36,-37.0616,0][4.59676e-07,1.15539,-0.823718][0,0.913386,-0.401575][36,-37.0515,0][4.59676e-07,1.15539,-0.823718][0,0.913386,-0.401575][36,-37.0515,0][0.0895608,1.20203,-0.585234][0.015748,0.992126,-0.102362][35.9944,-37.0366,0][0.139939,1.15555,-0.810338][0.0629921,0.92126,-0.393701][35.9913,-37.0506,0][1.25143e-08,1.04875,-0.985664][0,0.755906,-0.653543][36,-37.0616,0][0.139939,1.15555,-0.810338][0.0629921,0.92126,-0.393701][35.9913,-37.0506,0][0.170902,1.04875,-0.97219][0.110236,0.755906,-0.645669][35.9893,-37.0608,0][0.177144,1.20217,-0.565272][0.0314961,0.992126,-0.0944882][35.9889,-37.0353,0][0.139939,1.15555,-0.810338][0.0629921,0.92126,-0.393701][35.9913,-37.0506,0][0.0895608,1.20203,-0.585234][0.015748,0.992126,-0.102362][35.9944,-37.0366,0][0.270894,1.15593,-0.775966][0.11811,0.92126,-0.377953][35.9831,-37.0485,0][0.170902,1.04875,-0.97219][0.110236,0.755906,-0.645669][35.9893,-37.0608,0][0.139939,1.15555,-0.810338][0.0629921,0.92126,-0.393701][35.9913,-37.0506,0][0.139939,1.15555,-0.810338][0.0629921,0.92126,-0.393701][35.9913,-37.0506,0][0.177144,1.20217,-0.565272][0.0314961,0.992126,-0.0944882][35.9889,-37.0353,0][0.270894,1.15593,-0.775966][0.11811,0.92126,-0.377953][35.9831,-37.0485,0][0.170902,1.04875,-0.97219][0.110236,0.755906,-0.645669][35.9893,-37.0608,0][0.270894,1.15593,-0.775966][0.11811,0.92126,-0.377953][35.9831,-37.0485,0][0.337904,1.04875,-0.932266][0.212598,0.755906,-0.622047][35.9789,-37.0583,0][0.260738,1.20198,-0.53242][0.0472441,0.992126,-0.0866142][35.9837,-37.0333,0][0.270894,1.15593,-0.775966][0.11811,0.92126,-0.377953][35.9831,-37.0485,0][0.177144,1.20217,-0.565272][0.0314961,0.992126,-0.0944882][35.9889,-37.0353,0][0.387378,1.15639,-0.725252][0.181102,0.92126,-0.338583][35.9758,-37.0453,0][0.337904,1.04875,-0.932266][0.212598,0.755906,-0.622047][35.9789,-37.0583,0][0.270894,1.15593,-0.775966][0.11811,0.92126,-0.377953][35.9831,-37.0485,0][0.270894,1.15593,-0.775966][0.11811,0.92126,-0.377953][35.9831,-37.0485,0][0.260738,1.20198,-0.53242][0.0472441,0.992126,-0.0866142][35.9837,-37.0333,0][0.387378,1.15639,-0.725252][0.181102,0.92126,-0.338583][35.9758,-37.0453,0][0.337904,1.04875,-0.932266][0.212598,0.755906,-0.622047][35.9789,-37.0583,0][0.387378,1.15639,-0.725252][0.181102,0.92126,-0.338583][35.9758,-37.0453,0][0.49688,1.04875,-0.867616][0.314961,0.755906,-0.574803][35.9689,-37.0542,0][0.357524,1.20211,-0.471072][0.0629921,0.992126,-0.0787402][35.9777,-37.0294,0][0.387378,1.15639,-0.725252][0.181102,0.92126,-0.338583][35.9758,-37.0453,0][0.260738,1.20198,-0.53242][0.0472441,0.992126,-0.0866142][35.9837,-37.0333,0][0.517108,1.15621,-0.63656][0.228346,0.929134,-0.299213][35.9677,-37.0398,0][0.49688,1.04875,-0.867616][0.314961,0.755906,-0.574803][35.9689,-37.0542,0][0.387378,1.15639,-0.725252][0.181102,0.92126,-0.338583][35.9758,-37.0453,0][0.387378,1.15639,-0.725252][0.181102,0.92126,-0.338583][35.9758,-37.0453,0][0.357524,1.20211,-0.471072][0.0629921,0.992126,-0.0787402][35.9777,-37.0294,0][0.517108,1.15621,-0.63656][0.228346,0.929134,-0.299213][35.9677,-37.0398,0][0.49688,1.04875,-0.867616][0.314961,0.755906,-0.574803][35.9689,-37.0542,0][0.517108,1.15621,-0.63656][0.228346,0.929134,-0.299213][35.9677,-37.0398,0][0.65642,1.04875,-0.76038][0.409449,0.755906,-0.503937][35.959,-37.0475,0][0.423048,1.20221,-0.4143][0.0708661,0.992126,-0.0708661][35.9736,-37.0259,0][0.517108,1.15621,-0.63656][0.228346,0.929134,-0.299213][35.9677,-37.0398,0][0.357524,1.20211,-0.471072][0.0629921,0.992126,-0.0787402][35.9777,-37.0294,0][0.598396,1.15584,-0.56311][0.275591,0.929134,-0.251969][35.9626,-37.0352,0][0.65642,1.04875,-0.76038][0.409449,0.755906,-0.503937][35.959,-37.0475,0][0.517108,1.15621,-0.63656][0.228346,0.929134,-0.299213][35.9677,-37.0398,0][0.517108,1.15621,-0.63656][0.228346,0.929134,-0.299213][35.9677,-37.0398,0][0.423048,1.20221,-0.4143][0.0708661,0.992126,-0.0708661][35.9736,-37.0259,0][0.598396,1.15584,-0.56311][0.275591,0.929134,-0.251969][35.9626,-37.0352,0][0.65642,1.04875,-0.76038][0.409449,0.755906,-0.503937][35.959,-37.0475,0][0.598396,1.15584,-0.56311][0.275591,0.929134,-0.251969][35.9626,-37.0352,0][0.747344,1.04875,-0.664036][0.480315,0.76378,-0.425197][35.9533,-37.0415,0][0.488458,1.20212,-0.33525][0.0787402,0.992126,-0.0551181][35.9695,-37.021,0][0.598396,1.15584,-0.56311][0.275591,0.929134,-0.251969][35.9626,-37.0352,0][0.423048,1.20221,-0.4143][0.0708661,0.992126,-0.0708661][35.9736,-37.0259,0][0.678192,1.15596,-0.46651][0.307087,0.929134,-0.212598][35.9576,-37.0292,0][0.747344,1.04875,-0.664036][0.480315,0.76378,-0.425197][35.9533,-37.0415,0][0.598396,1.15584,-0.56311][0.275591,0.929134,-0.251969][35.9626,-37.0352,0][0.598396,1.15584,-0.56311][0.275591,0.929134,-0.251969][35.9626,-37.0352,0][0.488458,1.20212,-0.33525][0.0787402,0.992126,-0.0551181][35.9695,-37.021,0][0.678192,1.15596,-0.46651][0.307087,0.929134,-0.212598][35.9576,-37.0292,0][0.747344,1.04875,-0.664036][0.480315,0.76378,-0.425197][35.9533,-37.0415,0][0.678192,1.15596,-0.46651][0.307087,0.929134,-0.212598][35.9576,-37.0292,0][0.836754,1.04875,-0.556742][0.543307,0.76378,-0.354331][35.9477,-37.0348,0][0.539986,1.2024,-0.251046][0.0944882,0.992126,-0.0393701][35.9663,-37.0157,0][0.678192,1.15596,-0.46651][0.307087,0.929134,-0.212598][35.9576,-37.0292,0][0.488458,1.20212,-0.33525][0.0787402,0.992126,-0.0551181][35.9695,-37.021,0][0.749368,1.15743,-0.35192][0.362205,0.92126,-0.149606][35.9532,-37.022,0][0.836754,1.04875,-0.556742][0.543307,0.76378,-0.354331][35.9477,-37.0348,0][0.678192,1.15596,-0.46651][0.307087,0.929134,-0.212598][35.9576,-37.0292,0][0.678192,1.15596,-0.46651][0.307087,0.929134,-0.212598][35.9576,-37.0292,0][0.539986,1.2024,-0.251046][0.0944882,0.992126,-0.0393701][35.9663,-37.0157,0][0.749368,1.15743,-0.35192][0.362205,0.92126,-0.149606][35.9532,-37.022,0][0.836754,1.04875,-0.556742][0.543307,0.76378,-0.354331][35.9477,-37.0348,0][0.749368,1.15743,-0.35192][0.362205,0.92126,-0.149606][35.9532,-37.022,0][0.897452,1.04615,-0.42739][0.606299,0.755906,-0.251969][35.9439,-37.0267,0][0.585896,1.20214,-0.124731][0.102362,0.992126,-0.015748][35.9634,-37.0078,0][0.749368,1.15743,-0.35192][0.362205,0.92126,-0.149606][35.9532,-37.022,0][0.539986,1.2024,-0.251046][0.0944882,0.992126,-0.0393701][35.9663,-37.0157,0][0.749368,1.15743,-0.35192][0.362205,0.92126,-0.149606][35.9532,-37.022,0][0.970088,1.04615,-0.2152][0.653543,0.748031,-0.125984][35.9394,-37.0134,0][0.897452,1.04615,-0.42739][0.606299,0.755906,-0.251969][35.9439,-37.0267,0][0.749368,1.15743,-0.35192][0.362205,0.92126,-0.149606][35.9532,-37.022,0][0.585896,1.20214,-0.124731][0.102362,0.992126,-0.015748][35.9634,-37.0078,0][0.812026,1.15568,-0.176375][0.401575,0.913386,-0.0708661][35.9492,-37.011,0][0.970088,1.04615,-0.2152][0.653543,0.748031,-0.125984][35.9394,-37.0134,0][0.749368,1.15743,-0.35192][0.362205,0.92126,-0.149606][35.9532,-37.022,0][0.812026,1.15568,-0.176375][0.401575,0.913386,-0.0708661][35.9492,-37.011,0][0.59932,1.20232,0.0539126][0.102362,0.992126,0.00787402][35.9625,-36.9966,0][0.812026,1.15568,-0.176375][0.401575,0.913386,-0.0708661][35.9492,-37.011,0][0.585896,1.20214,-0.124731][0.102362,0.992126,-0.015748][35.9634,-37.0078,0][0.970088,1.04615,-0.2152][0.653543,0.748031,-0.125984][35.9394,-37.0134,0][0.812026,1.15568,-0.176375][0.401575,0.913386,-0.0708661][35.9492,-37.011,0][0.992894,1.04615,0.084677][0.661417,0.748031,0.0472441][35.9379,-36.9947,0][0.812026,1.15568,-0.176375][0.401575,0.913386,-0.0708661][35.9492,-37.011,0][0.59932,1.20232,0.0539126][0.102362,0.992126,0.00787402][35.9625,-36.9966,0][0.830962,1.15625,0.0712912][0.401575,0.913386,0.0314961][35.9481,-36.9955,0][0.812026,1.15568,-0.176375][0.401575,0.913386,-0.0708661][35.9492,-37.011,0][0.830962,1.15625,0.0712912][0.401575,0.913386,0.0314961][35.9481,-36.9955,0][0.992894,1.04615,0.084677][0.661417,0.748031,0.0472441][35.9379,-36.9947,0][0.830962,1.15625,0.0712912][0.401575,0.913386,0.0314961][35.9481,-36.9955,0][0.59932,1.20232,0.0539126][0.102362,0.992126,0.00787402][35.9625,-36.9966,0][0.775032,1.15521,0.313202][0.377953,0.913386,0.149606][35.9516,-36.9804,0][0.775032,1.15521,0.313202][0.377953,0.913386,0.149606][35.9516,-36.9804,0][0.992894,1.04615,0.084677][0.661417,0.748031,0.0472441][35.9379,-36.9947,0][0.830962,1.15625,0.0712912][0.401575,0.913386,0.0314961][35.9481,-36.9955,0][0.59932,1.20232,0.0539126][0.102362,0.992126,0.00787402][35.9625,-36.9966,0][0.559402,1.20204,0.22855][0.0944882,0.992126,0.0393701][35.965,-36.9857,0][0.775032,1.15521,0.313202][0.377953,0.913386,0.149606][35.9516,-36.9804,0][0.992894,1.04615,0.084677][0.661417,0.748031,0.0472441][35.9379,-36.9947,0][0.775032,1.15521,0.313202][0.377953,0.913386,0.149606][35.9516,-36.9804,0][0.925642,1.04615,0.376464][0.622047,0.748031,0.244094][35.9421,-36.9765,0][0.650944,1.15517,0.528076][0.314961,0.913386,0.251969][35.9593,-36.967,0][0.775032,1.15521,0.313202][0.377953,0.913386,0.149606][35.9516,-36.9804,0][0.559402,1.20204,0.22855][0.0944882,0.992126,0.0393701][35.965,-36.9857,0][0.650944,1.15517,0.528076][0.314961,0.913386,0.251969][35.9593,-36.967,0][0.925642,1.04615,0.376464][0.622047,0.748031,0.244094][35.9421,-36.9765,0][0.775032,1.15521,0.313202][0.377953,0.913386,0.149606][35.9516,-36.9804,0][0.650944,1.15517,0.528076][0.314961,0.913386,0.251969][35.9593,-36.967,0][0.559402,1.20204,0.22855][0.0944882,0.992126,0.0393701][35.965,-36.9857,0][0.469838,1.20204,0.38368][0.0866142,0.992126,0.0629921][35.9706,-36.976,0][0.925642,1.04615,0.376464][0.622047,0.748031,0.244094][35.9421,-36.9765,0][0.650944,1.15517,0.528076][0.314961,0.913386,0.251969][35.9593,-36.967,0][0.77686,1.04615,0.635054][0.519685,0.748031,0.417323][35.9514,-36.9603,0][0.338534,1.20213,0.505536][0.0629921,0.992126,0.0866142][35.9788,-36.9684,0][0.650944,1.15517,0.528076][0.314961,0.913386,0.251969][35.9593,-36.967,0][0.469838,1.20204,0.38368][0.0866142,0.992126,0.0629921][35.9706,-36.976,0][0.469354,1.15603,0.69736][0.228346,0.913386,0.330709][35.9707,-36.9564,0][0.77686,1.04615,0.635054][0.519685,0.748031,0.417323][35.9514,-36.9603,0][0.650944,1.15517,0.528076][0.314961,0.913386,0.251969][35.9593,-36.967,0][0.650944,1.15517,0.528076][0.314961,0.913386,0.251969][35.9593,-36.967,0][0.338534,1.20213,0.505536][0.0629921,0.992126,0.0866142][35.9788,-36.9684,0][0.469354,1.15603,0.69736][0.228346,0.913386,0.330709][35.9707,-36.9564,0][0.77686,1.04615,0.635054][0.519685,0.748031,0.417323][35.9514,-36.9603,0][0.469354,1.15603,0.69736][0.228346,0.913386,0.330709][35.9707,-36.9564,0][0.559998,1.04615,0.838244][0.377953,0.740157,0.551181][35.965,-36.9476,0][0.559998,1.04615,0.838244][0.377953,0.740157,0.551181][35.965,-36.9476,0][0.839718,0.94314,0.686152][0.653543,0.551181,0.519685][35.9475,-36.9571,0][0.77686,1.04615,0.635054][0.519685,0.748031,0.417323][35.9514,-36.9603,0][0.839718,0.94314,0.686152][0.653543,0.551181,0.519685][35.9475,-36.9571,0][0.559998,1.04615,0.838244][0.377953,0.740157,0.551181][35.965,-36.9476,0][0.605364,0.942154,0.905496][0.472441,0.551181,0.692913][35.9622,-36.9434,0][0.24543,1.15549,0.804798][0.11811,0.913386,0.377953][35.9847,-36.9497,0][0.559998,1.04615,0.838244][0.377953,0.740157,0.551181][35.965,-36.9476,0][0.469354,1.15603,0.69736][0.228346,0.913386,0.330709][35.9707,-36.9564,0][0.338534,1.20213,0.505536][0.0629921,0.992126,0.0866142][35.9788,-36.9684,0][0.24543,1.15549,0.804798][0.11811,0.913386,0.377953][35.9847,-36.9497,0][0.469354,1.15603,0.69736][0.228346,0.913386,0.330709][35.9707,-36.9564,0][0.559998,1.04615,0.838244][0.377953,0.740157,0.551181][35.965,-36.9476,0][0.24543,1.15549,0.804798][0.11811,0.913386,0.377953][35.9847,-36.9497,0][0.291958,1.04615,0.967578][0.19685,0.740157,0.637795][35.9818,-36.9395,0][0.24543,1.15549,0.804798][0.11811,0.913386,0.377953][35.9847,-36.9497,0][0.338534,1.20213,0.505536][0.0629921,0.992126,0.0866142][35.9788,-36.9684,0][0.177146,1.20223,0.58328][0.0314961,0.992126,0.102362][35.9889,-36.9635,0][-2.92792e-07,1.15493,0.841408][0,0.92126,0.401575][36,-36.9474,0][0.291958,1.04615,0.967578][0.19685,0.740157,0.637795][35.9818,-36.9395,0][0.24543,1.15549,0.804798][0.11811,0.913386,0.377953][35.9847,-36.9497,0][0.177146,1.20223,0.58328][0.0314961,0.992126,0.102362][35.9889,-36.9635,0][-2.92792e-07,1.15493,0.841408][0,0.92126,0.401575][36,-36.9474,0][0.24543,1.15549,0.804798][0.11811,0.913386,0.377953][35.9847,-36.9497,0][0.291958,1.04615,0.967578][0.19685,0.740157,0.637795][35.9818,-36.9395,0][-2.92792e-07,1.15493,0.841408][0,0.92126,0.401575][36,-36.9474,0][-3.21232e-07,1.04615,1.0111][0,0.740157,0.669291][36,-36.9368,0][-2.92792e-07,1.15493,0.841408][0,0.92126,0.401575][36,-36.9474,0][0.177146,1.20223,0.58328][0.0314961,0.992126,0.102362][35.9889,-36.9635,0][-2.26364e-07,1.20174,0.609882][0,0.992126,0.110236][36,-36.9619,0][3.26842e-07,1.20172,-0.591884][0,0.992126,-0.102362][36,-37.037,0][-0.0895612,1.20204,-0.585236][-0.015748,0.992126,-0.102362][36.0056,-37.0366,0][3.0166e-07,1.2024,0.00899836][0,1,0][36,-36.9994,0][-0.0895612,1.20204,-0.585236][-0.015748,0.992126,-0.102362][36.0056,-37.0366,0][-0.177143,1.20218,-0.565274][-0.0314961,0.992126,-0.0944882][36.0111,-37.0353,0][3.0166e-07,1.2024,0.00899836][0,1,0][36,-36.9994,0][0.0895608,1.20203,-0.585234][0.015748,0.992126,-0.102362][35.9944,-37.0366,0][3.26842e-07,1.20172,-0.591884][0,0.992126,-0.102362][36,-37.037,0][3.0166e-07,1.2024,0.00899836][0,1,0][36,-36.9994,0][-0.177143,1.20218,-0.565274][-0.0314961,0.992126,-0.0944882][36.0111,-37.0353,0][-0.26074,1.202,-0.532426][-0.0472441,0.992126,-0.0866142][36.0163,-37.0333,0][3.0166e-07,1.2024,0.00899836][0,1,0][36,-36.9994,0][0.177144,1.20217,-0.565272][0.0314961,0.992126,-0.0944882][35.9889,-37.0353,0][0.0895608,1.20203,-0.585234][0.015748,0.992126,-0.102362][35.9944,-37.0366,0][3.0166e-07,1.2024,0.00899836][0,1,0][36,-36.9994,0][-0.26074,1.202,-0.532426][-0.0472441,0.992126,-0.0866142][36.0163,-37.0333,0][-0.357528,1.20213,-0.471076][-0.0551181,0.992126,-0.0787402][36.0223,-37.0294,0][3.0166e-07,1.2024,0.00899836][0,1,0][36,-36.9994,0][0.260738,1.20198,-0.53242][0.0472441,0.992126,-0.0866142][35.9837,-37.0333,0][0.177144,1.20217,-0.565272][0.0314961,0.992126,-0.0944882][35.9889,-37.0353,0][3.0166e-07,1.2024,0.00899836][0,1,0][36,-36.9994,0][-0.357528,1.20213,-0.471076][-0.0551181,0.992126,-0.0787402][36.0223,-37.0294,0][-0.423054,1.20226,-0.414306][-0.0708661,0.992126,-0.0708661][36.0264,-37.0259,0][3.0166e-07,1.2024,0.00899836][0,1,0][36,-36.9994,0][0.357524,1.20211,-0.471072][0.0629921,0.992126,-0.0787402][35.9777,-37.0294,0][0.260738,1.20198,-0.53242][0.0472441,0.992126,-0.0866142][35.9837,-37.0333,0][3.0166e-07,1.2024,0.00899836][0,1,0][36,-36.9994,0][-0.423054,1.20226,-0.414306][-0.0708661,0.992126,-0.0708661][36.0264,-37.0259,0][-0.48849,1.20234,-0.33528][-0.0787402,0.992126,-0.0551181][36.0305,-37.021,0][3.0166e-07,1.2024,0.00899836][0,1,0][36,-36.9994,0][0.423048,1.20221,-0.4143][0.0708661,0.992126,-0.0708661][35.9736,-37.0259,0][0.357524,1.20211,-0.471072][0.0629921,0.992126,-0.0787402][35.9777,-37.0294,0][3.0166e-07,1.2024,0.00899836][0,1,0][36,-36.9994,0][-0.48849,1.20234,-0.33528][-0.0787402,0.992126,-0.0551181][36.0305,-37.021,0][-0.539968,1.20232,-0.251038][-0.0944882,0.992126,-0.0393701][36.0337,-37.0157,0][3.0166e-07,1.2024,0.00899836][0,1,0][36,-36.9994,0][0.488458,1.20212,-0.33525][0.0787402,0.992126,-0.0551181][35.9695,-37.021,0][0.423048,1.20221,-0.4143][0.0708661,0.992126,-0.0708661][35.9736,-37.0259,0][3.0166e-07,1.2024,0.00899836][0,1,0][36,-36.9994,0][-0.539968,1.20232,-0.251038][-0.0944882,0.992126,-0.0393701][36.0337,-37.0157,0][-0.585828,1.20179,-0.124714][-0.102362,0.992126,-0.015748][36.0366,-37.0078,0][3.0166e-07,1.2024,0.00899836][0,1,0][36,-36.9994,0][0.539986,1.2024,-0.251046][0.0944882,0.992126,-0.0393701][35.9663,-37.0157,0][0.488458,1.20212,-0.33525][0.0787402,0.992126,-0.0551181][35.9695,-37.021,0][3.0166e-07,1.2024,0.00899836][0,1,0][36,-36.9994,0][3.0166e-07,1.2024,0.00899836][0,1,0][36,-36.9994,0][-0.585828,1.20179,-0.124714][-0.102362,0.992126,-0.015748][36.0366,-37.0078,0][-0.599268,1.20206,0.0539126][-0.102362,0.992126,0.00787402][36.0375,-36.9966,0][0.585896,1.20214,-0.124731][0.102362,0.992126,-0.015748][35.9634,-37.0078,0][0.539986,1.2024,-0.251046][0.0944882,0.992126,-0.0393701][35.9663,-37.0157,0][3.0166e-07,1.2024,0.00899836][0,1,0][36,-36.9994,0][3.0166e-07,1.2024,0.00899836][0,1,0][36,-36.9994,0][-0.599268,1.20206,0.0539126][-0.102362,0.992126,0.00787402][36.0375,-36.9966,0][-0.559406,1.20205,0.228546][-0.0944882,0.992126,0.0393701][36.035,-36.9857,0][3.0166e-07,1.2024,0.00899836][0,1,0][36,-36.9994,0][0.59932,1.20232,0.0539126][0.102362,0.992126,0.00787402][35.9625,-36.9966,0][0.585896,1.20214,-0.124731][0.102362,0.992126,-0.015748][35.9634,-37.0078,0][3.0166e-07,1.2024,0.00899836][0,1,0][36,-36.9994,0][-0.559406,1.20205,0.228546][-0.0944882,0.992126,0.0393701][36.035,-36.9857,0][-0.469888,1.20236,0.38372][-0.0866142,0.992126,0.0629921][36.0294,-36.976,0][3.0166e-07,1.2024,0.00899836][0,1,0][36,-36.9994,0][0.559402,1.20204,0.22855][0.0944882,0.992126,0.0393701][35.965,-36.9857,0][0.59932,1.20232,0.0539126][0.102362,0.992126,0.00787402][35.9625,-36.9966,0][3.0166e-07,1.2024,0.00899836][0,1,0][36,-36.9994,0][-0.469888,1.20236,0.38372][-0.0866142,0.992126,0.0629921][36.0294,-36.976,0][-0.338532,1.20212,0.505532][-0.0629921,0.992126,0.0866142][36.0212,-36.9684,0][3.0166e-07,1.2024,0.00899836][0,1,0][36,-36.9994,0][0.469838,1.20204,0.38368][0.0866142,0.992126,0.0629921][35.9706,-36.976,0][0.559402,1.20204,0.22855][0.0944882,0.992126,0.0393701][35.965,-36.9857,0][3.0166e-07,1.2024,0.00899836][0,1,0][36,-36.9994,0][-0.338532,1.20212,0.505532][-0.0629921,0.992126,0.0866142][36.0212,-36.9684,0][-0.177146,1.20222,0.583278][-0.0314961,0.992126,0.102362][36.0111,-36.9635,0][3.0166e-07,1.2024,0.00899836][0,1,0][36,-36.9994,0][0.338534,1.20213,0.505536][0.0629921,0.992126,0.0866142][35.9788,-36.9684,0][0.469838,1.20204,0.38368][0.0866142,0.992126,0.0629921][35.9706,-36.976,0][3.0166e-07,1.2024,0.00899836][0,1,0][36,-36.9994,0][-0.177146,1.20222,0.583278][-0.0314961,0.992126,0.102362][36.0111,-36.9635,0][-2.26364e-07,1.20174,0.609882][0,0.992126,0.110236][36,-36.9619,0][3.0166e-07,1.2024,0.00899836][0,1,0][36,-36.9994,0][0.177146,1.20223,0.58328][0.0314961,0.992126,0.102362][35.9889,-36.9635,0][0.338534,1.20213,0.505536][0.0629921,0.992126,0.0866142][35.9788,-36.9684,0][3.0166e-07,1.2024,0.00899836][0,1,0][36,-36.9994,0][-2.26364e-07,1.20174,0.609882][0,0.992126,0.110236][36,-36.9619,0][0.177146,1.20223,0.58328][0.0314961,0.992126,0.102362][35.9889,-36.9635,0][0.312,0.623936,-1.15319][0.645669,0.716535,0.251969][35.9805,-37.0721,0][0.283524,0.651004,-1.15699][0.645669,0.716535,0.251969][35.9823,-37.0723,0][0.310492,0.623356,-1.14745][0.645669,0.716535,0.251969][35.9806,-37.0717,0][0.282122,0.65016,-1.1511][0.645669,0.716535,0.251969][35.9824,-37.0719,0][0.310492,0.623356,-1.14745][0.645669,0.716535,0.251969][35.9806,-37.0717,0][0.283524,0.651004,-1.15699][0.645669,0.716535,0.251969][35.9823,-37.0723,0][-0.310492,0.623356,-1.14745][-0.645669,0.716535,0.251969][36.0194,-37.0717,0][-0.283524,0.651004,-1.15699][-0.645669,0.716535,0.251969][36.0177,-37.0723,0][-0.312,0.623936,-1.15319][-0.645669,0.716535,0.251969][36.0195,-37.0721,0][-0.283524,0.651004,-1.15699][-0.645669,0.716535,0.251969][36.0177,-37.0723,0][-0.310492,0.623356,-1.14745][-0.645669,0.716535,0.251969][36.0194,-37.0717,0][-0.28212,0.65016,-1.1511][-0.645669,0.716535,0.251969][36.0176,-37.0719,0][-0.297548,0.731286,-1.13252][-0.503937,0.795276,0.330709][36.0186,-37.0708,0][-0.255656,0.763936,-1.1469][-0.503937,0.795276,0.330709][36.016,-37.0717,0][-0.300482,0.73394,-1.14363][-0.503937,0.795276,0.330709][36.0188,-37.0715,0][-0.255656,0.763936,-1.1469][-0.503937,0.795276,0.330709][36.016,-37.0717,0][-0.297548,0.731286,-1.13252][-0.503937,0.795276,0.330709][36.0186,-37.0708,0][-0.253298,0.76092,-1.1361][-0.503937,0.795276,0.330709][36.0158,-37.071,0][0.246816,0.667466,-1.15714][0.401575,0.889764,0.220472][35.9846,-37.0723,0][0.282122,0.65016,-1.1511][0.401575,0.889764,0.220472][35.9824,-37.0719,0][0.248074,0.668328,-1.16284][0.401575,0.889764,0.220472][35.9845,-37.0727,0][0.283524,0.651004,-1.15699][0.401575,0.889764,0.220472][35.9823,-37.0723,0][0.248074,0.668328,-1.16284][0.401575,0.889764,0.220472][35.9845,-37.0727,0][0.282122,0.65016,-1.1511][0.401575,0.889764,0.220472][35.9824,-37.0719,0][0.253298,0.76092,-1.1361][0.15748,0.944882,0.299213][35.9842,-37.071,0][0.20747,0.774116,-1.15377][0.15748,0.944882,0.299213][35.987,-37.0721,0][0.205526,0.770854,-1.14268][0.15748,0.944882,0.299213][35.9872,-37.0714,0][0.20747,0.774116,-1.15377][0.15748,0.944882,0.299213][35.987,-37.0721,0][0.253298,0.76092,-1.1361][0.15748,0.944882,0.299213][35.9842,-37.071,0][0.255658,0.763936,-1.1469][0.15748,0.944882,0.299213][35.984,-37.0717,0][-0.248072,0.668328,-1.16284][-0.401575,0.889764,0.220472][36.0155,-37.0727,0][-0.28212,0.65016,-1.1511][-0.401575,0.889764,0.220472][36.0176,-37.0719,0][-0.246816,0.667466,-1.15714][-0.401575,0.889764,0.220472][36.0154,-37.0723,0][-0.28212,0.65016,-1.1511][-0.401575,0.889764,0.220472][36.0176,-37.0719,0][-0.248072,0.668328,-1.16284][-0.401575,0.889764,0.220472][36.0155,-37.0727,0][-0.283524,0.651004,-1.15699][-0.401575,0.889764,0.220472][36.0177,-37.0723,0][-0.106659,0.623364,-1.18401][0.700787,0.716535,0.015748][36.0067,-37.074,0][-0.135045,0.651014,-1.18353][0.700787,0.716535,0.015748][36.0084,-37.074,0][-0.134349,0.65016,-1.17755][0.700787,0.716535,0.015748][36.0084,-37.0736,0][-0.135045,0.651014,-1.18353][0.700787,0.716535,0.015748][36.0084,-37.074,0][-0.106659,0.623364,-1.18401][0.700787,0.716535,0.015748][36.0067,-37.074,0][-0.107145,0.62395,-1.18991][0.700787,0.716535,0.015748][36.0067,-37.0744,0][-0.158221,0.760912,-1.153][0.590551,0.795276,0.133858][36.0099,-37.0721,0][-0.115105,0.731292,-1.16497][0.590551,0.795276,0.133858][36.0072,-37.0728,0][-0.159624,0.763952,-1.16403][0.590551,0.795276,0.133858][36.01,-37.0728,0][-0.159624,0.763952,-1.16403][0.590551,0.795276,0.133858][36.01,-37.0728,0][-0.115105,0.731292,-1.16497][0.590551,0.795276,0.133858][36.0072,-37.0728,0][-0.116232,0.734022,-1.17656][0.590551,0.795276,0.133858][36.0073,-37.0735,0][-0.253298,0.76092,-1.1361][-0.15748,0.944882,0.299213][36.0158,-37.071,0][-0.20747,0.774116,-1.15377][-0.15748,0.944882,0.299213][36.013,-37.0721,0][-0.255656,0.763936,-1.1469][-0.15748,0.944882,0.299213][36.016,-37.0717,0][-0.20747,0.774116,-1.15377][-0.15748,0.944882,0.299213][36.013,-37.0721,0][-0.253298,0.76092,-1.1361][-0.15748,0.944882,0.299213][36.0158,-37.071,0][-0.205524,0.770854,-1.14268][-0.15748,0.944882,0.299213][36.0128,-37.0714,0][0.20809,0.673328,-1.16376][0.11811,0.976378,0.173228][35.987,-37.0727,0][0.246816,0.667466,-1.15714][0.11811,0.976378,0.173228][35.9846,-37.0723,0][0.209082,0.674222,-1.16954][0.11811,0.976378,0.173228][35.9869,-37.0731,0][0.248074,0.668328,-1.16284][0.11811,0.976378,0.173228][35.9845,-37.0727,0][0.209082,0.674222,-1.16954][0.11811,0.976378,0.173228][35.9869,-37.0731,0][0.246816,0.667466,-1.15714][0.11811,0.976378,0.173228][35.9846,-37.0723,0][-0.158221,0.760912,-1.153][0.251969,0.937008,0.228346][36.0099,-37.0721,0][-0.20747,0.774116,-1.15377][0.251969,0.937008,0.228346][36.013,-37.0721,0][-0.205524,0.770854,-1.14268][0.251969,0.937008,0.228346][36.0128,-37.0714,0][-0.20747,0.774116,-1.15377][0.251969,0.937008,0.228346][36.013,-37.0721,0][-0.158221,0.760912,-1.153][0.251969,0.937008,0.228346][36.0099,-37.0721,0][-0.159624,0.763952,-1.16403][0.251969,0.937008,0.228346][36.01,-37.0728,0][-0.246816,0.667466,-1.15714][-0.11811,0.976378,0.173228][36.0154,-37.0723,0][-0.209082,0.674222,-1.16954][-0.11811,0.976378,0.173228][36.0131,-37.0731,0][-0.248072,0.668328,-1.16284][-0.11811,0.976378,0.173228][36.0155,-37.0727,0][-0.209082,0.674222,-1.16954][-0.11811,0.976378,0.173228][36.0131,-37.0731,0][-0.246816,0.667466,-1.15714][-0.11811,0.976378,0.173228][36.0154,-37.0723,0][-0.20809,0.673328,-1.16376][-0.11811,0.976378,0.173228][36.013,-37.0727,0][-0.307252,0.85618,-1.08689][-0.637795,0.606299,0.480315][36.0192,-37.0679,0][-0.284424,0.885184,-1.10233][-0.464567,0.874016,-0.133858][36.0178,-37.0689,0][-0.312204,0.864962,-1.10529][-0.653543,0.740157,-0.165354][36.0195,-37.0691,0][-0.284424,0.885184,-1.10233][-0.464567,0.874016,-0.133858][36.0178,-37.0689,0][-0.307252,0.85618,-1.08689][-0.637795,0.606299,0.480315][36.0192,-37.0679,0][-0.279672,0.87545,-1.08462][-0.409449,0.755906,0.511811][36.0175,-37.0678,0][-0.279672,0.87545,-1.08462][-0.409449,0.755906,0.511811][36.0175,-37.0678,0][-0.251652,0.897338,-1.10378][-0.244094,0.952756,-0.181102][36.0157,-37.069,0][-0.284424,0.885184,-1.10233][-0.464567,0.874016,-0.133858][36.0178,-37.0689,0][-0.251652,0.897338,-1.10378][-0.244094,0.952756,-0.181102][36.0157,-37.069,0][-0.279672,0.87545,-1.08462][-0.409449,0.755906,0.511811][36.0175,-37.0678,0][-0.247778,0.887636,-1.08606][-0.15748,0.850394,0.503937][36.0155,-37.0679,0][-0.247778,0.887636,-1.08606][-0.15748,0.850394,0.503937][36.0155,-37.0679,0][-0.2161,0.901666,-1.10871][-0.0393701,0.976378,-0.212598][36.0135,-37.0693,0][-0.251652,0.897338,-1.10378][-0.244094,0.952756,-0.181102][36.0157,-37.069,0][-0.2161,0.901666,-1.10871][-0.0393701,0.976378,-0.212598][36.0135,-37.0693,0][-0.247778,0.887636,-1.08606][-0.15748,0.850394,0.503937][36.0155,-37.0679,0][-0.212632,0.891804,-1.09074][0.0866142,0.88189,0.464567][36.0133,-37.0682,0][-0.178806,0.887682,-1.09912][0.330709,0.850394,0.409449][36.0112,-37.0687,0][-0.2161,0.901666,-1.10871][-0.0393701,0.976378,-0.212598][36.0135,-37.0693,0][-0.212632,0.891804,-1.09074][0.0866142,0.88189,0.464567][36.0133,-37.0682,0][-0.2161,0.901666,-1.10871][-0.0393701,0.976378,-0.212598][36.0135,-37.0693,0][-0.178806,0.887682,-1.09912][0.330709,0.850394,0.409449][36.0112,-37.0687,0][-0.181757,0.897306,-1.11703][0.15748,0.952756,-0.259843][36.0114,-37.0698,0][-0.148357,0.875792,-1.10978][0.566929,0.755906,0.322835][36.0093,-37.0694,0][-0.181757,0.897306,-1.11703][0.15748,0.952756,-0.259843][36.0114,-37.0698,0][-0.178806,0.887682,-1.09912][0.330709,0.850394,0.409449][36.0112,-37.0687,0][-0.181757,0.897306,-1.11703][0.15748,0.952756,-0.259843][36.0114,-37.0698,0][-0.148357,0.875792,-1.10978][0.566929,0.755906,0.322835][36.0093,-37.0694,0][-0.150751,0.885592,-1.12792][0.370079,0.874016,-0.307087][36.0094,-37.0705,0][-0.150751,0.885592,-1.12792][0.370079,0.874016,-0.307087][36.0094,-37.0705,0][-0.148357,0.875792,-1.10978][0.566929,0.755906,0.322835][36.0093,-37.0694,0][-0.124205,0.85671,-1.12188][0.779528,0.598425,0.204724][36.0078,-37.0701,0][-0.170209,0.668338,-1.17666][0.448819,0.889764,0.0708661][36.0106,-37.0735,0][-0.134349,0.65016,-1.17755][0.448819,0.889764,0.0708661][36.0084,-37.0736,0][-0.135045,0.651014,-1.18353][0.448819,0.889764,0.0708661][36.0084,-37.074,0][-0.134349,0.65016,-1.17755][0.448819,0.889764,0.0708661][36.0084,-37.0736,0][-0.170209,0.668338,-1.17666][0.448819,0.889764,0.0708661][36.0106,-37.0735,0][-0.169404,0.667466,-1.17081][0.448819,0.889764,0.0708661][36.0106,-37.0732,0][-0.169404,0.667466,-1.17081][0.173228,0.976378,0.125984][36.0106,-37.0732,0][-0.209082,0.674222,-1.16954][0.173228,0.976378,0.125984][36.0131,-37.0731,0][-0.20809,0.673328,-1.16376][0.173228,0.976378,0.125984][36.013,-37.0727,0][-0.209082,0.674222,-1.16954][0.173228,0.976378,0.125984][36.0131,-37.0731,0][-0.169404,0.667466,-1.17081][0.173228,0.976378,0.125984][36.0106,-37.0732,0][-0.170209,0.668338,-1.17666][0.173228,0.976378,0.125984][36.0106,-37.0735,0][0.20747,0.774116,-1.15377][-0.251969,0.937008,0.228346][35.987,-37.0721,0][0.159624,0.763952,-1.16404][-0.251969,0.937008,0.228346][35.99,-37.0728,0][0.158222,0.760912,-1.153][-0.251969,0.937008,0.228346][35.9901,-37.0721,0][0.20747,0.774116,-1.15377][-0.251969,0.937008,0.228346][35.987,-37.0721,0][0.158222,0.760912,-1.153][-0.251969,0.937008,0.228346][35.9901,-37.0721,0][0.205526,0.770854,-1.14268][-0.251969,0.937008,0.228346][35.9872,-37.0714,0][0.169404,0.667466,-1.17081][-0.173228,0.976378,0.125984][35.9894,-37.0732,0][0.209082,0.674222,-1.16954][-0.173228,0.976378,0.125984][35.9869,-37.0731,0][0.170209,0.668338,-1.17666][-0.173228,0.976378,0.125984][35.9894,-37.0735,0][0.209082,0.674222,-1.16954][-0.173228,0.976378,0.125984][35.9869,-37.0731,0][0.169404,0.667466,-1.17081][-0.173228,0.976378,0.125984][35.9894,-37.0732,0][0.20809,0.673328,-1.16376][-0.173228,0.976378,0.125984][35.987,-37.0727,0][0.106659,0.623364,-1.18401][-0.700787,0.716535,0.015748][35.9933,-37.074,0][0.135045,0.651014,-1.18353][-0.700787,0.716535,0.015748][35.9916,-37.074,0][0.107145,0.62395,-1.18991][-0.700787,0.716535,0.015748][35.9933,-37.0744,0][0.135045,0.651014,-1.18353][-0.700787,0.716535,0.015748][35.9916,-37.074,0][0.106659,0.623364,-1.18401][-0.700787,0.716535,0.015748][35.9933,-37.074,0][0.134349,0.65016,-1.17755][-0.700787,0.716535,0.015748][35.9916,-37.0736,0][0.134349,0.65016,-1.17755][-0.448819,0.889764,0.0708661][35.9916,-37.0736,0][0.170209,0.668338,-1.17666][-0.448819,0.889764,0.0708661][35.9894,-37.0735,0][0.135045,0.651014,-1.18353][-0.448819,0.889764,0.0708661][35.9916,-37.074,0][0.170209,0.668338,-1.17666][-0.448819,0.889764,0.0708661][35.9894,-37.0735,0][0.134349,0.65016,-1.17755][-0.448819,0.889764,0.0708661][35.9916,-37.0736,0][0.169404,0.667466,-1.17081][-0.448819,0.889764,0.0708661][35.9894,-37.0732,0][-0.170136,0.376234,-1.18461][-0.582677,0.811024,0.0787402][36.0106,-37.074,0][-0.134316,0.402636,-1.18915][-0.582677,0.811024,0.0787402][36.0084,-37.0743,0][-0.171716,0.376256,-1.19619][-0.582677,0.811024,0.0787402][36.0107,-37.0748,0][-0.135625,0.402678,-1.20078][-0.582677,0.811024,0.0787402][36.0085,-37.075,0][-0.171716,0.376256,-1.19619][-0.582677,0.811024,0.0787402][36.0107,-37.0748,0][-0.134316,0.402636,-1.18915][-0.582677,0.811024,0.0787402][36.0084,-37.0743,0][-0.25145,0.376256,-1.18199][0.566929,0.811024,-0.125984][36.0157,-37.0739,0][-0.287542,0.402676,-1.17359][0.566929,0.811024,-0.125984][36.018,-37.0733,0][-0.248998,0.376232,-1.1707][0.566929,0.811024,-0.125984][36.0156,-37.0732,0][-0.284768,0.402636,-1.16221][0.566929,0.811024,-0.125984][36.0178,-37.0726,0][-0.248998,0.376232,-1.1707][0.566929,0.811024,-0.125984][36.0156,-37.0732,0][-0.287542,0.402676,-1.17359][0.566929,0.811024,-0.125984][36.018,-37.0733,0][-0.209594,0.367156,-1.17849][-0.220472,0.976378,0.0393701][36.0131,-37.0737,0][-0.170136,0.376234,-1.18461][-0.220472,0.976378,0.0393701][36.0106,-37.074,0][-0.211556,0.367178,-1.18984][-0.220472,0.976378,0.0393701][36.0132,-37.0744,0][-0.171716,0.376256,-1.19619][-0.220472,0.976378,0.0393701][36.0107,-37.0748,0][-0.211556,0.367178,-1.18984][-0.220472,0.976378,0.0393701][36.0132,-37.0744,0][-0.170136,0.376234,-1.18461][-0.220472,0.976378,0.0393701][36.0106,-37.074,0][-0.248998,0.376232,-1.1707][0.212598,0.976378,-0.0393701][36.0156,-37.0732,0][-0.209594,0.367156,-1.17849][0.212598,0.976378,-0.0393701][36.0131,-37.0737,0][-0.25145,0.376256,-1.18199][0.212598,0.976378,-0.0393701][36.0157,-37.0739,0][-0.211556,0.367178,-1.18984][0.212598,0.976378,-0.0393701][36.0132,-37.0744,0][-0.25145,0.376256,-1.18199][0.212598,0.976378,-0.0393701][36.0157,-37.0739,0][-0.209594,0.367156,-1.17849][0.212598,0.976378,-0.0393701][36.0131,-37.0737,0][-0.293904,-0.419766,-1.11568][0,1,0][36.0184,-37.0697,0][-0.249712,-0.41985,-1.16419][0,1,0][36.0156,-37.0728,0][-0.303966,-0.419862,-1.15126][0,1,0][36.019,-37.0719,0][-0.249712,-0.41985,-1.16419][0,1,0][36.0156,-37.0728,0][-0.293904,-0.419766,-1.11568][0,1,0][36.0184,-37.0697,0][-0.241394,-0.419728,-1.12837][0,1,0][36.0151,-37.0705,0][-0.303966,-0.419862,-1.15126][0,1,0][36.019,-37.0719,0][-0.33218,-0.419762,-1.10505][0,1,0][36.0208,-37.0691,0][-0.293904,-0.419766,-1.11568][0,1,0][36.0184,-37.0697,0][-0.241394,-0.419728,-1.12837][0,1,0][36.0151,-37.0705,0][-0.187051,-0.419836,-1.17575][0,1,0][36.0117,-37.0735,0][-0.249712,-0.41985,-1.16419][0,1,0][36.0156,-37.0728,0][-0.33218,-0.419762,-1.10505][0,1,0][36.0208,-37.0691,0][-0.303966,-0.419862,-1.15126][0,1,0][36.019,-37.0719,0][-0.34349,-0.419876,-1.13984][0,1,0][36.0215,-37.0712,0][-0.187051,-0.419836,-1.17575][0,1,0][36.0117,-37.0735,0][-0.241394,-0.419728,-1.12837][0,1,0][36.0151,-37.0705,0][-0.180649,-0.419744,-1.13971][0,1,0][36.0113,-37.0712,0][-0.34349,-0.419876,-1.13984][0,1,0][36.0215,-37.0712,0][-0.372724,-0.419758,-1.09199][0,1,0][36.0233,-37.0682,0][-0.33218,-0.419762,-1.10505][0,1,0][36.0208,-37.0691,0][-0.180649,-0.419744,-1.13971][0,1,0][36.0113,-37.0712,0][-0.123638,-0.419852,-1.18408][0,1,0][36.0077,-37.074,0][-0.187051,-0.419836,-1.17575][0,1,0][36.0117,-37.0735,0][-0.372724,-0.419758,-1.09199][0,1,0][36.0233,-37.0682,0][-0.34349,-0.419876,-1.13984][0,1,0][36.0215,-37.0712,0][-0.385882,-0.419876,-1.12604][0,1,0][36.0241,-37.0704,0][-0.385882,-0.419876,-1.12604][0,1,0][36.0241,-37.0704,0][-0.383846,-0.419752,-1.088][0,1,0][36.024,-37.068,0][-0.372724,-0.419758,-1.09199][0,1,0][36.0233,-37.0682,0][-0.383846,-0.419752,-1.088][0,1,0][36.024,-37.068,0][-0.385882,-0.419876,-1.12604][0,1,0][36.0241,-37.0704,0][-0.397356,-0.419858,-1.12214][0,1,0][36.0248,-37.0701,0][-0.123638,-0.419852,-1.18408][0,1,0][36.0077,-37.074,0][-0.180649,-0.419744,-1.13971][0,1,0][36.0113,-37.0712,0][-0.119383,-0.419766,-1.14779][0,1,0][36.0075,-37.0717,0][-0.119383,-0.419766,-1.14779][0,1,0][36.0075,-37.0717,0][-0.058567,-0.419866,-1.18921][0,1,0][36.0037,-37.0743,0][-0.123638,-0.419852,-1.18408][0,1,0][36.0077,-37.074,0][-0.058567,-0.419866,-1.18921][0,1,0][36.0037,-37.0743,0][-0.119383,-0.419766,-1.14779][0,1,0][36.0075,-37.0717,0][-0.0562912,-0.419744,-1.15253][0,1,0][36.0035,-37.072,0][-0.0562912,-0.419744,-1.15253][0,1,0][36.0035,-37.072,0][8.5405e-08,-0.41989,-1.19078][0,1,0][36,-37.0744,0][-0.058567,-0.419866,-1.18921][0,1,0][36.0037,-37.0743,0][8.5405e-08,-0.41989,-1.19078][0,1,0][36,-37.0744,0][-0.0562912,-0.419744,-1.15253][0,1,0][36.0035,-37.072,0][1.22954e-07,-0.41981,-1.15376][0,1,0][36,-37.0721,0][0.0562914,-0.419744,-1.15254][0,1,0][35.9965,-37.072,0][8.5405e-08,-0.41989,-1.19078][0,1,0][36,-37.0744,0][1.22954e-07,-0.41981,-1.15376][0,1,0][36,-37.0721,0][8.5405e-08,-0.41989,-1.19078][0,1,0][36,-37.0744,0][0.0562914,-0.419744,-1.15254][0,1,0][35.9965,-37.072,0][0.0585672,-0.419864,-1.18921][0,1,0][35.9963,-37.0743,0][0.119383,-0.419766,-1.14779][0,1,0][35.9925,-37.0717,0][0.0585672,-0.419864,-1.18921][0,1,0][35.9963,-37.0743,0][0.0562914,-0.419744,-1.15254][0,1,0][35.9965,-37.072,0][0.0585672,-0.419864,-1.18921][0,1,0][35.9963,-37.0743,0][0.119383,-0.419766,-1.14779][0,1,0][35.9925,-37.0717,0][0.123638,-0.419852,-1.18408][0,1,0][35.9923,-37.074,0][0.180649,-0.419744,-1.13971][0,1,0][35.9887,-37.0712,0][0.123638,-0.419852,-1.18408][0,1,0][35.9923,-37.074,0][0.119383,-0.419766,-1.14779][0,1,0][35.9925,-37.0717,0][0.123638,-0.419852,-1.18408][0,1,0][35.9923,-37.074,0][0.180649,-0.419744,-1.13971][0,1,0][35.9887,-37.0712,0][0.187051,-0.419836,-1.17575][0,1,0][35.9883,-37.0735,0][0.355008,-0.682106,-0.80772][0.0944882,0.968504,-0.228346][35.9778,-37.0505,0][0.420768,-0.738734,-1.01943][0.0944882,0.968504,-0.228346][35.9737,-37.0637,0][0.277242,-0.682032,-0.836534][0.0866142,0.968504,-0.23622][35.9827,-37.0523,0][-0.420848,-0.738736,-1.0194][-0.0944882,0.968504,-0.228346][36.0263,-37.0637,0][-0.277234,-0.68198,-0.836552][-0.0866142,0.968504,-0.23622][36.0173,-37.0523,0][-0.333252,-0.738534,-1.05097][-0.0866142,0.968504,-0.23622][36.0208,-37.0657,0][-0.20879,-0.679234,-0.857138][-0.0708661,0.968504,-0.244094][36.0131,-37.0536,0][-0.333252,-0.738534,-1.05097][-0.0866142,0.968504,-0.23622][36.0208,-37.0657,0][-0.277234,-0.68198,-0.836552][-0.0866142,0.968504,-0.23622][36.0173,-37.0523,0][-0.277234,-0.68198,-0.836552][-0.0866142,0.968504,-0.23622][36.0173,-37.0523,0][-0.420848,-0.738736,-1.0194][-0.0944882,0.968504,-0.228346][36.0263,-37.0637,0][-0.355004,-0.68211,-0.807722][-0.0944882,0.968504,-0.228346][36.0222,-37.0505,0][-0.49093,-0.739066,-0.987836][-0.102362,0.968504,-0.228346][36.0307,-37.0617,0][-0.355004,-0.68211,-0.807722][-0.0944882,0.968504,-0.228346][36.0222,-37.0505,0][-0.420848,-0.738736,-1.0194][-0.0944882,0.968504,-0.228346][36.0263,-37.0637,0][-0.355004,-0.68211,-0.807722][-0.0944882,0.968504,-0.228346][36.0222,-37.0505,0][-0.49093,-0.739066,-0.987836][-0.102362,0.968504,-0.228346][36.0307,-37.0617,0][-0.415756,-0.681182,-0.77944][-0.102362,0.968504,-0.228346][36.026,-37.0487,0][-0.333252,-0.738534,-1.05097][-0.0866142,0.968504,-0.23622][36.0208,-37.0657,0][-0.20879,-0.679234,-0.857138][-0.0708661,0.968504,-0.244094][36.0131,-37.0536,0][-0.251938,-0.738394,-1.07323][-0.0708661,0.968504,-0.244094][36.0157,-37.0671,0][-0.142185,-0.679022,-0.870752][-0.0393701,0.968504,-0.251969][36.0089,-37.0544,0][-0.251938,-0.738394,-1.07323][-0.0708661,0.968504,-0.244094][36.0157,-37.0671,0][-0.20879,-0.679234,-0.857138][-0.0708661,0.968504,-0.244094][36.0131,-37.0536,0][-0.251938,-0.738394,-1.07323][-0.0708661,0.968504,-0.244094][36.0157,-37.0671,0][-0.142185,-0.679022,-0.870752][-0.0393701,0.968504,-0.251969][36.0089,-37.0544,0][-0.174298,-0.738474,-1.08856][-0.0393701,0.968504,-0.251969][36.0109,-37.068,0][-0.0841602,-0.680954,-0.877648][-0.015748,0.968504,-0.251969][36.0053,-37.0548,0][-0.174298,-0.738474,-1.08856][-0.0393701,0.968504,-0.251969][36.0109,-37.068,0][-0.142185,-0.679022,-0.870752][-0.0393701,0.968504,-0.251969][36.0089,-37.0544,0][-0.174298,-0.738474,-1.08856][-0.0393701,0.968504,-0.251969][36.0109,-37.068,0][-0.0841602,-0.680954,-0.877648][-0.015748,0.968504,-0.251969][36.0053,-37.0548,0][-0.100278,-0.738462,-1.09795][-0.015748,0.968504,-0.251969][36.0063,-37.0686,0][-1.51832e-06,-0.680926,-0.881644][0,0.968504,-0.251969][36,-37.0551,0][-0.100278,-0.738462,-1.09795][-0.015748,0.968504,-0.251969][36.0063,-37.0686,0][-0.0841602,-0.680954,-0.877648][-0.015748,0.968504,-0.251969][36.0053,-37.0548,0][-0.100278,-0.738462,-1.09795][-0.015748,0.968504,-0.251969][36.0063,-37.0686,0][-1.51832e-06,-0.680926,-0.881644][0,0.968504,-0.251969][36,-37.0551,0][-3.25018e-07,-0.738472,-1.10254][0,0.968504,-0.251969][36,-37.0689,0][-3.25018e-07,-0.738472,-1.10254][0,0.968504,-0.251969][36,-37.0689,0][-1.51832e-06,-0.680926,-0.881644][0,0.968504,-0.251969][36,-37.0551,0][0.100283,-0.73841,-1.09797][0.015748,0.968504,-0.251969][35.9937,-37.0686,0][0.100283,-0.73841,-1.09797][0.015748,0.968504,-0.251969][35.9937,-37.0686,0][-1.51832e-06,-0.680926,-0.881644][0,0.968504,-0.251969][36,-37.0551,0][0.0841604,-0.6809,-0.877662][0.015748,0.968504,-0.251969][35.9947,-37.0549,0][0.150055,0.885592,-1.12801][-0.370079,0.88189,-0.307087][35.9906,-37.0705,0][0.123505,0.85671,-1.12195][-0.779528,0.598425,0.204724][35.9923,-37.0701,0][0.147668,0.87579,-1.10987][-0.566929,0.755906,0.322835][35.9908,-37.0694,0][0.181332,0.897308,-1.11711][-0.15748,0.952756,-0.259843][35.9887,-37.0698,0][0.150055,0.885592,-1.12801][-0.370079,0.88189,-0.307087][35.9906,-37.0705,0][0.147668,0.87579,-1.10987][-0.566929,0.755906,0.322835][35.9908,-37.0694,0][0.181332,0.897308,-1.11711][-0.15748,0.952756,-0.259843][35.9887,-37.0698,0][0.147668,0.87579,-1.10987][-0.566929,0.755906,0.322835][35.9908,-37.0694,0][0.178386,0.887682,-1.09918][-0.330709,0.850394,0.409449][35.9888,-37.0687,0][0.178386,0.887682,-1.09918][-0.330709,0.850394,0.409449][35.9888,-37.0687,0][0.2161,0.901666,-1.10871][0.0393701,0.976378,-0.212598][35.9865,-37.0693,0][0.181332,0.897308,-1.11711][-0.15748,0.952756,-0.259843][35.9887,-37.0698,0][0.2161,0.901666,-1.10871][0.0393701,0.976378,-0.212598][35.9865,-37.0693,0][0.178386,0.887682,-1.09918][-0.330709,0.850394,0.409449][35.9888,-37.0687,0][0.212634,0.891804,-1.09075][-0.0866142,0.88189,0.464567][35.9867,-37.0682,0][0.2161,0.901666,-1.10871][0.0393701,0.976378,-0.212598][35.9865,-37.0693,0][0.212634,0.891804,-1.09075][-0.0866142,0.88189,0.464567][35.9867,-37.0682,0][0.247328,0.887636,-1.08618][0.165354,0.850394,0.503937][35.9845,-37.0679,0][0.251198,0.897338,-1.10389][0.251969,0.952756,-0.181102][35.9843,-37.069,0][0.2161,0.901666,-1.10871][0.0393701,0.976378,-0.212598][35.9865,-37.0693,0][0.247328,0.887636,-1.08618][0.165354,0.850394,0.503937][35.9845,-37.0679,0][0.251198,0.897338,-1.10389][0.251969,0.952756,-0.181102][35.9843,-37.069,0][0.247328,0.887636,-1.08618][0.165354,0.850394,0.503937][35.9845,-37.0679,0][0.278988,0.875448,-1.08479][0.417323,0.755906,0.511811][35.9826,-37.0678,0][0.283732,0.885204,-1.10252][0.464567,0.874016,-0.133858][35.9823,-37.0689,0][0.251198,0.897338,-1.10389][0.251969,0.952756,-0.181102][35.9843,-37.069,0][0.278988,0.875448,-1.08479][0.417323,0.755906,0.511811][35.9826,-37.0678,0][0.30657,0.856182,-1.08709][0.637795,0.606299,0.480315][35.9808,-37.0679,0][0.283732,0.885204,-1.10252][0.464567,0.874016,-0.133858][35.9823,-37.0689,0][0.278988,0.875448,-1.08479][0.417323,0.755906,0.511811][35.9826,-37.0678,0][0.283732,0.885204,-1.10252][0.464567,0.874016,-0.133858][35.9823,-37.0689,0][0.30657,0.856182,-1.08709][0.637795,0.606299,0.480315][35.9808,-37.0679,0][0.31151,0.864964,-1.10549][0.653543,0.740157,-0.165354][35.9805,-37.0691,0][0.159624,0.763952,-1.16404][-0.590551,0.795276,0.133858][35.99,-37.0728,0][0.116232,0.734022,-1.17656][-0.590551,0.795276,0.133858][35.9927,-37.0735,0][0.115105,0.731292,-1.16497][-0.590551,0.795276,0.133858][35.9928,-37.0728,0][0.159624,0.763952,-1.16404][-0.590551,0.795276,0.133858][35.99,-37.0728,0][0.115105,0.731292,-1.16497][-0.590551,0.795276,0.133858][35.9928,-37.0728,0][0.158222,0.760912,-1.153][-0.590551,0.795276,0.133858][35.9901,-37.0721,0][0.255658,0.763936,-1.1469][0.503937,0.795276,0.330709][35.984,-37.0717,0][0.29755,0.731286,-1.13252][0.503937,0.795276,0.330709][35.9814,-37.0708,0][0.300484,0.733938,-1.14363][0.503937,0.795276,0.330709][35.9812,-37.0715,0][0.29755,0.731286,-1.13252][0.503937,0.795276,0.330709][35.9814,-37.0708,0][0.255658,0.763936,-1.1469][0.503937,0.795276,0.330709][35.984,-37.0717,0][0.253298,0.76092,-1.1361][0.503937,0.795276,0.330709][35.9842,-37.071,0][0.25145,0.376256,-1.18199][-0.212598,0.976378,-0.0393701][35.9843,-37.0739,0][0.211556,0.367178,-1.18984][-0.212598,0.976378,-0.0393701][35.9868,-37.0744,0][0.209594,0.367156,-1.17849][-0.212598,0.976378,-0.0393701][35.9869,-37.0737,0][0.25145,0.376256,-1.18199][-0.212598,0.976378,-0.0393701][35.9843,-37.0739,0][0.209594,0.367156,-1.17849][-0.212598,0.976378,-0.0393701][35.9869,-37.0737,0][0.248998,0.376234,-1.1707][-0.212598,0.976378,-0.0393701][35.9844,-37.0732,0][0.211556,0.367178,-1.18984][0.220472,0.976378,0.0393701][35.9868,-37.0744,0][0.171716,0.376256,-1.19619][0.220472,0.976378,0.0393701][35.9893,-37.0748,0][0.170136,0.376234,-1.18461][0.220472,0.976378,0.0393701][35.9894,-37.074,0][0.211556,0.367178,-1.18984][0.220472,0.976378,0.0393701][35.9868,-37.0744,0][0.170136,0.376234,-1.18461][0.220472,0.976378,0.0393701][35.9894,-37.074,0][0.209594,0.367156,-1.17849][0.220472,0.976378,0.0393701][35.9869,-37.0737,0][0.287542,0.402676,-1.17359][-0.566929,0.811024,-0.125984][35.982,-37.0733,0][0.25145,0.376256,-1.18199][-0.566929,0.811024,-0.125984][35.9843,-37.0739,0][0.248998,0.376234,-1.1707][-0.566929,0.811024,-0.125984][35.9844,-37.0732,0][0.287542,0.402676,-1.17359][-0.566929,0.811024,-0.125984][35.982,-37.0733,0][0.248998,0.376234,-1.1707][-0.566929,0.811024,-0.125984][35.9844,-37.0732,0][0.284768,0.402636,-1.16221][-0.566929,0.811024,-0.125984][35.9822,-37.0726,0][0.171716,0.376256,-1.19619][0.582677,0.811024,0.0787402][35.9893,-37.0748,0][0.135625,0.402678,-1.20078][0.582677,0.811024,0.0787402][35.9915,-37.075,0][0.134316,0.402636,-1.18915][0.582677,0.811024,0.0787402][35.9916,-37.0743,0][0.171716,0.376256,-1.19619][0.582677,0.811024,0.0787402][35.9893,-37.0748,0][0.134316,0.402636,-1.18915][0.582677,0.811024,0.0787402][35.9916,-37.0743,0][0.170136,0.376234,-1.18461][0.582677,0.811024,0.0787402][35.9894,-37.074,0][0.241394,-0.419728,-1.12837][0,1,0][35.9849,-37.0705,0][0.187051,-0.419836,-1.17575][0,1,0][35.9883,-37.0735,0][0.180649,-0.419744,-1.13971][0,1,0][35.9887,-37.0712,0][0.187051,-0.419836,-1.17575][0,1,0][35.9883,-37.0735,0][0.241394,-0.419728,-1.12837][0,1,0][35.9849,-37.0705,0][0.249712,-0.41985,-1.16419][0,1,0][35.9844,-37.0728,0][0.293904,-0.419766,-1.11568][0,1,0][35.9816,-37.0697,0][0.249712,-0.41985,-1.16419][0,1,0][35.9844,-37.0728,0][0.241394,-0.419728,-1.12837][0,1,0][35.9849,-37.0705,0][0.249712,-0.41985,-1.16419][0,1,0][35.9844,-37.0728,0][0.293904,-0.419766,-1.11568][0,1,0][35.9816,-37.0697,0][0.303966,-0.419862,-1.15126][0,1,0][35.981,-37.0719,0][0.33218,-0.41976,-1.10505][0,1,0][35.9792,-37.0691,0][0.303966,-0.419862,-1.15126][0,1,0][35.981,-37.0719,0][0.293904,-0.419766,-1.11568][0,1,0][35.9816,-37.0697,0][0.303966,-0.419862,-1.15126][0,1,0][35.981,-37.0719,0][0.33218,-0.41976,-1.10505][0,1,0][35.9792,-37.0691,0][0.34349,-0.419876,-1.13984][0,1,0][35.9785,-37.0712,0][0.372724,-0.419758,-1.09199][0,1,0][35.9767,-37.0682,0][0.34349,-0.419876,-1.13984][0,1,0][35.9785,-37.0712,0][0.33218,-0.41976,-1.10505][0,1,0][35.9792,-37.0691,0][0.34349,-0.419876,-1.13984][0,1,0][35.9785,-37.0712,0][0.372724,-0.419758,-1.09199][0,1,0][35.9767,-37.0682,0][0.38588,-0.419876,-1.12604][0,1,0][35.9759,-37.0704,0][0.383844,-0.419752,-1.088][0,1,0][35.976,-37.068,0][0.38588,-0.419876,-1.12604][0,1,0][35.9759,-37.0704,0][0.372724,-0.419758,-1.09199][0,1,0][35.9767,-37.0682,0][0.383844,-0.419752,-1.088][0,1,0][35.976,-37.068,0][0.397356,-0.419858,-1.12214][0,1,0][35.9752,-37.0701,0][0.38588,-0.419876,-1.12604][0,1,0][35.9759,-37.0704,0][0.100283,-0.73841,-1.09797][0.015748,0.968504,-0.251969][35.9937,-37.0686,0][0.0841604,-0.6809,-0.877662][0.015748,0.968504,-0.251969][35.9947,-37.0549,0][0.174295,-0.73842,-1.08857][0.0393701,0.968504,-0.251969][35.9891,-37.068,0][0.174295,-0.73842,-1.08857][0.0393701,0.968504,-0.251969][35.9891,-37.068,0][0.0841604,-0.6809,-0.877662][0.015748,0.968504,-0.251969][35.9947,-37.0549,0][0.142187,-0.678964,-0.870766][0.0393701,0.968504,-0.251969][35.9911,-37.0544,0][0.174295,-0.73842,-1.08857][0.0393701,0.968504,-0.251969][35.9891,-37.068,0][0.142187,-0.678964,-0.870766][0.0393701,0.968504,-0.251969][35.9911,-37.0544,0][0.251922,-0.738444,-1.07322][0.0708661,0.968504,-0.244094][35.9843,-37.0671,0][0.251922,-0.738444,-1.07322][0.0708661,0.968504,-0.244094][35.9843,-37.0671,0][0.142187,-0.678964,-0.870766][0.0393701,0.968504,-0.251969][35.9911,-37.0544,0][0.208798,-0.679282,-0.85712][0.0708661,0.968504,-0.244094][35.9869,-37.0536,0][0.251922,-0.738444,-1.07322][0.0708661,0.968504,-0.244094][35.9843,-37.0671,0][0.208798,-0.679282,-0.85712][0.0708661,0.968504,-0.244094][35.9869,-37.0536,0][0.333206,-0.738586,-1.05097][0.0866142,0.968504,-0.23622][35.9792,-37.0657,0][0.333206,-0.738586,-1.05097][0.0866142,0.968504,-0.23622][35.9792,-37.0657,0][0.208798,-0.679282,-0.85712][0.0708661,0.968504,-0.244094][35.9869,-37.0536,0][0.277242,-0.682032,-0.836534][0.0866142,0.968504,-0.23622][35.9827,-37.0523,0][0.333206,-0.738586,-1.05097][0.0866142,0.968504,-0.23622][35.9792,-37.0657,0][0.277242,-0.682032,-0.836534][0.0866142,0.968504,-0.23622][35.9827,-37.0523,0][0.420768,-0.738734,-1.01943][0.0944882,0.968504,-0.228346][35.9737,-37.0637,0][0.420768,-0.738734,-1.01943][0.0944882,0.968504,-0.228346][35.9737,-37.0637,0][0.355008,-0.682106,-0.80772][0.0944882,0.968504,-0.228346][35.9778,-37.0505,0][0.490938,-0.73901,-0.987846][0.102362,0.968504,-0.228346][35.9693,-37.0617,0][0.415762,-0.681126,-0.779454][0.102362,0.968504,-0.228346][35.974,-37.0487,0][0.490938,-0.73901,-0.987846][0.102362,0.968504,-0.228346][35.9693,-37.0617,0][0.355008,-0.682106,-0.80772][0.0944882,0.968504,-0.228346][35.9778,-37.0505,0][-0.317638,-0.945734,1.03709][-0.23622,-0.582677,0.779528][35.9801,-37.0591,0][-0.608446,-0.94588,0.89853][-0.456693,-0.582677,0.669291][35.962,-37.0591,0][-0.560324,-1.04791,0.825836][-0.370079,-0.755906,0.543307][35.965,-37.0655,0][-0.608446,-0.94588,0.89853][-0.456693,-0.582677,0.669291][35.962,-37.0591,0][-0.317638,-0.945734,1.03709][-0.23622,-0.582677,0.779528][35.9801,-37.0591,0][-0.341376,-0.81865,1.11292][-0.275591,-0.330709,0.905512][35.9787,-37.0512,0][-0.317638,-0.945734,1.03709][-0.23622,-0.582677,0.779528][35.9801,-37.0591,0][-3.28218e-07,-0.81865,1.16308][0,-0.330709,0.944882][36,-37.0512,0][-0.341376,-0.81865,1.11292][-0.275591,-0.330709,0.905512][35.9787,-37.0512,0][-0.560324,-1.04791,0.825836][-0.370079,-0.755906,0.543307][35.965,-37.0655,0][-0.292926,-1.04783,0.953566][-0.188976,-0.755906,0.629921][35.9817,-37.0655,0][-0.317638,-0.945734,1.03709][-0.23622,-0.582677,0.779528][35.9801,-37.0591,0][-0.317638,-0.945734,1.03709][-0.23622,-0.582677,0.779528][35.9801,-37.0591,0][-3.32846e-07,-0.945564,1.08378][0,-0.582677,0.811024][36,-37.0591,0][-3.28218e-07,-0.81865,1.16308][0,-0.330709,0.944882][36,-37.0512,0][-3.32846e-07,-0.945564,1.08378][0,-0.582677,0.811024][36,-37.0591,0][-0.317638,-0.945734,1.03709][-0.23622,-0.582677,0.779528][35.9801,-37.0591,0][-0.292926,-1.04783,0.953566][-0.188976,-0.755906,0.629921][35.9817,-37.0655,0][-0.292926,-1.04783,0.953566][-0.188976,-0.755906,0.629921][35.9817,-37.0655,0][-3.21528e-07,-1.04734,0.997422][0,-0.748031,0.661417][36,-37.0655,0][-3.32846e-07,-0.945564,1.08378][0,-0.582677,0.811024][36,-37.0591,0][-0.651602,-0.81865,0.965442][-0.535433,-0.330709,0.779528][35.9593,-37.0512,0][-0.902892,-0.81865,0.728656][-0.740157,-0.330709,0.582677][35.9436,-37.0512,0][-0.841672,-0.945522,0.678236][-0.637795,-0.582677,0.503937][35.9474,-37.0591,0][-0.841672,-0.945522,0.678236][-0.637795,-0.582677,0.503937][35.9474,-37.0591,0][-0.608446,-0.94588,0.89853][-0.456693,-0.582677,0.669291][35.962,-37.0591,0][-0.651602,-0.81865,0.965442][-0.535433,-0.330709,0.779528][35.9593,-37.0512,0][-0.902892,-0.81865,0.728656][-0.740157,-0.330709,0.582677][35.9436,-37.0512,0][-0.651602,-0.81865,0.965442][-0.535433,-0.330709,0.779528][35.9593,-37.0512,0][-0.67619,-0.606454,1.00097][-0.566929,-0.0551181,0.826772][35.9577,-37.0379,0][-0.902892,-0.81865,0.728656][-0.740157,-0.330709,0.582677][35.9436,-37.0512,0][-0.67619,-0.606454,1.00097][-0.566929,-0.0551181,0.826772][35.9577,-37.0379,0][-0.936372,-0.606454,0.755682][-0.779528,-0.0551181,0.622047][35.9415,-37.0379,0][-0.341376,-0.81865,1.11292][-0.275591,-0.330709,0.905512][35.9787,-37.0512,0][-0.651602,-0.81865,0.965442][-0.535433,-0.330709,0.779528][35.9593,-37.0512,0][-0.608446,-0.94588,0.89853][-0.456693,-0.582677,0.669291][35.962,-37.0591,0][-0.651602,-0.81865,0.965442][-0.535433,-0.330709,0.779528][35.9593,-37.0512,0][-0.353284,-0.606454,1.1544][-0.291339,-0.0551181,0.952756][35.9779,-37.0379,0][-0.67619,-0.606454,1.00097][-0.566929,-0.0551181,0.826772][35.9577,-37.0379,0][-0.651602,-0.81865,0.965442][-0.535433,-0.330709,0.779528][35.9593,-37.0512,0][-0.341376,-0.81865,1.11292][-0.275591,-0.330709,0.905512][35.9787,-37.0512,0][-0.353284,-0.606454,1.1544][-0.291339,-0.0551181,0.952756][35.9779,-37.0379,0][-0.67619,-0.606454,1.00097][-0.566929,-0.0551181,0.826772][35.9577,-37.0379,0][-0.676372,-0.0791736,1.00128][-0.566929,0,0.826772][35.9577,-37.0049,0][-0.936372,-0.606454,0.755682][-0.779528,-0.0551181,0.622047][35.9415,-37.0379,0][-0.936372,-0.606454,0.755682][-0.779528,-0.0551181,0.622047][35.9415,-37.0379,0][-0.676372,-0.0791736,1.00128][-0.566929,0,0.826772][35.9577,-37.0049,0][-0.93659,-0.0791736,0.755864][-0.787402,0,0.622047][35.9415,-37.0049,0][-0.676372,-0.0791736,1.00128][-0.566929,0,0.826772][35.9577,-37.0049,0][-0.933146,0.613976,0.756024][-0.779528,0.0472441,0.622047][35.9417,-36.9616,0][-0.93659,-0.0791736,0.755864][-0.787402,0,0.622047][35.9415,-37.0049,0][-0.341376,-0.81865,1.11292][-0.275591,-0.330709,0.905512][35.9787,-37.0512,0][-3.6726e-07,-0.606454,1.20613][0,-0.0551181,1][36,-37.0379,0][-0.353284,-0.606454,1.1544][-0.291339,-0.0551181,0.952756][35.9779,-37.0379,0][-3.6726e-07,-0.606454,1.20613][0,-0.0551181,1][36,-37.0379,0][-3.76516e-07,-0.0791726,1.2064][0,0,1][36,-37.0049,0][-0.353284,-0.606454,1.1544][-0.291339,-0.0551181,0.952756][35.9779,-37.0379,0][-0.341376,-0.81865,1.11292][-0.275591,-0.330709,0.905512][35.9787,-37.0512,0][-3.28218e-07,-0.81865,1.16308][0,-0.330709,0.944882][36,-37.0512,0][-3.6726e-07,-0.606454,1.20613][0,-0.0551181,1][36,-37.0379,0][-0.353284,-0.606454,1.1544][-0.291339,-0.0551181,0.952756][35.9779,-37.0379,0][-0.353382,-0.0791736,1.15467][-0.291339,0,0.96063][35.9779,-37.0049,0][-0.67619,-0.606454,1.00097][-0.566929,-0.0551181,0.826772][35.9577,-37.0379,0][-0.353284,-0.606454,1.1544][-0.291339,-0.0551181,0.952756][35.9779,-37.0379,0][-3.76516e-07,-0.0791726,1.2064][0,0,1][36,-37.0049,0][-0.353382,-0.0791736,1.15467][-0.291339,0,0.96063][35.9779,-37.0049,0][-0.67619,-0.606454,1.00097][-0.566929,-0.0551181,0.826772][35.9577,-37.0379,0][-0.353382,-0.0791736,1.15467][-0.291339,0,0.96063][35.9779,-37.0049,0][-0.676372,-0.0791736,1.00128][-0.566929,0,0.826772][35.9577,-37.0049,0][-0.933146,0.613976,0.756024][-0.779528,0.0472441,0.622047][35.9417,-36.9616,0][-0.676372,-0.0791736,1.00128][-0.566929,0,0.826772][35.9577,-37.0049,0][-0.672626,0.613976,1.00055][-0.566929,0.0472441,0.826772][35.958,-36.9616,0][-0.353382,-0.0791736,1.15467][-0.291339,0,0.96063][35.9779,-37.0049,0][-0.672626,0.613976,1.00055][-0.566929,0.0472441,0.826772][35.958,-36.9616,0][-0.676372,-0.0791736,1.00128][-0.566929,0,0.826772][35.9577,-37.0049,0][-0.672626,0.613976,1.00055][-0.566929,0.0472441,0.826772][35.958,-36.9616,0][-0.899846,0.810768,0.735498][-0.740157,0.322835,0.590551][35.9438,-36.9493,0][-0.933146,0.613976,0.756024][-0.779528,0.0472441,0.622047][35.9417,-36.9616,0][-3.76516e-07,-0.0791726,1.2064][0,0,1][36,-37.0049,0][-0.352036,0.613976,1.15254][-0.291339,0.0472441,0.952756][35.978,-36.9616,0][-0.353382,-0.0791736,1.15467][-0.291339,0,0.96063][35.9779,-37.0049,0][-0.672626,0.613976,1.00055][-0.566929,0.0472441,0.826772][35.958,-36.9616,0][-0.353382,-0.0791736,1.15467][-0.291339,0,0.96063][35.9779,-37.0049,0][-0.352036,0.613976,1.15254][-0.291339,0.0472441,0.952756][35.978,-36.9616,0][-0.352036,0.613976,1.15254][-0.291339,0.0472441,0.952756][35.978,-36.9616,0][-3.76516e-07,-0.0791726,1.2064][0,0,1][36,-37.0049,0][-3.546e-07,0.613976,1.20397][0,0.0472441,1][36,-36.9616,0][-0.899846,0.810768,0.735498][-0.740157,0.322835,0.590551][35.9438,-36.9493,0][-0.672626,0.613976,1.00055][-0.566929,0.0472441,0.826772][35.958,-36.9616,0][-0.647212,0.810768,0.970512][-0.527559,0.322835,0.779528][35.9595,-36.9493,0][-0.352036,0.613976,1.15254][-0.291339,0.0472441,0.952756][35.978,-36.9616,0][-0.647212,0.810768,0.970512][-0.527559,0.322835,0.779528][35.9595,-36.9493,0][-0.672626,0.613976,1.00055][-0.566929,0.0472441,0.826772][35.958,-36.9616,0][-0.647212,0.810768,0.970512][-0.527559,0.322835,0.779528][35.9595,-36.9493,0][-0.839722,0.943136,0.686154][-0.653543,0.551181,0.519685][35.9475,-36.9411,0][-0.899846,0.810768,0.735498][-0.740157,0.322835,0.590551][35.9438,-36.9493,0][-0.839722,0.943136,0.686154][-0.653543,0.551181,0.519685][35.9475,-36.9411,0][-0.647212,0.810768,0.970512][-0.527559,0.322835,0.779528][35.9595,-36.9493,0][-0.605368,0.942148,0.90548][-0.472441,0.551181,0.692913][35.9622,-36.9411,0][-0.647212,0.810768,0.970512][-0.527559,0.322835,0.779528][35.9595,-36.9493,0][-0.352036,0.613976,1.15254][-0.291339,0.0472441,0.952756][35.978,-36.9616,0][-0.337642,0.810768,1.11673][-0.275591,0.322835,0.905512][35.9789,-36.9493,0][-3.546e-07,0.613976,1.20397][0,0.0472441,1][36,-36.9616,0][-0.337642,0.810768,1.11673][-0.275591,0.322835,0.905512][35.9789,-36.9493,0][-0.352036,0.613976,1.15254][-0.291339,0.0472441,0.952756][35.978,-36.9616,0][-0.337642,0.810768,1.11673][-0.275591,0.322835,0.905512][35.9789,-36.9493,0][-0.605368,0.942148,0.90548][-0.472441,0.551181,0.692913][35.9622,-36.9411,0][-0.647212,0.810768,0.970512][-0.527559,0.322835,0.779528][35.9595,-36.9493,0][-0.337642,0.810768,1.11673][-0.275591,0.322835,0.905512][35.9789,-36.9493,0][-3.546e-07,0.613976,1.20397][0,0.0472441,1][36,-36.9616,0][-3.6356e-07,0.810768,1.16546][0,0.322835,0.944882][36,-36.9493,0][-0.605368,0.942148,0.90548][-0.472441,0.551181,0.692913][35.9622,-36.9411,0][-0.337642,0.810768,1.11673][-0.275591,0.322835,0.905512][35.9789,-36.9493,0][-0.314562,0.940528,1.04403][-0.244094,0.551181,0.80315][35.9803,-36.9412,0][-3.6356e-07,0.810768,1.16546][0,0.322835,0.944882][36,-36.9493,0][-0.314562,0.940528,1.04403][-0.244094,0.551181,0.80315][35.9803,-36.9412,0][-0.337642,0.810768,1.11673][-0.275591,0.322835,0.905512][35.9789,-36.9493,0][-0.314562,0.940528,1.04403][-0.244094,0.551181,0.80315][35.9803,-36.9412,0][-0.559998,1.04615,0.838244][-0.377953,0.740157,0.551181][35.965,-36.9346,0][-0.605368,0.942148,0.90548][-0.472441,0.551181,0.692913][35.9622,-36.9411,0][-0.314562,0.940528,1.04403][-0.244094,0.551181,0.80315][35.9803,-36.9412,0][-3.6356e-07,0.810768,1.16546][0,0.322835,0.944882][36,-36.9493,0][-3.4516e-07,0.939486,1.08983][0,0.543307,0.834646][36,-36.9413,0][-0.559998,1.04615,0.838244][-0.377953,0.740157,0.551181][35.965,-36.9346,0][-0.314562,0.940528,1.04403][-0.244094,0.551181,0.80315][35.9803,-36.9412,0][-0.29196,1.04615,0.967578][-0.19685,0.740157,0.637795][35.9818,-36.9346,0][-3.4516e-07,0.939486,1.08983][0,0.543307,0.834646][36,-36.9413,0][-0.29196,1.04615,0.967578][-0.19685,0.740157,0.637795][35.9818,-36.9346,0][-0.314562,0.940528,1.04403][-0.244094,0.551181,0.80315][35.9803,-36.9412,0][-0.29196,1.04615,0.967578][-0.19685,0.740157,0.637795][35.9818,-36.9346,0][-3.4516e-07,0.939486,1.08983][0,0.543307,0.834646][36,-36.9413,0][-3.21232e-07,1.04615,1.0111][0,0.740157,0.669291][36,-36.9346,0][0.651606,-0.81865,0.965442][0.535433,-0.330709,0.779528][36.0407,-37.0512,0][0.841674,-0.945522,0.67824][0.637795,-0.582677,0.503937][36.0526,-37.0591,0][0.902894,-0.81865,0.728662][0.740157,-0.330709,0.582677][36.0564,-37.0512,0][0.841674,-0.945522,0.67824][0.637795,-0.582677,0.503937][36.0526,-37.0591,0][0.651606,-0.81865,0.965442][0.535433,-0.330709,0.779528][36.0407,-37.0512,0][0.608446,-0.94588,0.89852][0.456693,-0.582677,0.669291][36.038,-37.0591,0][0.902894,-0.81865,0.728662][0.740157,-0.330709,0.582677][36.0564,-37.0512,0][0.67619,-0.606454,1.00097][0.566929,-0.0551181,0.826772][36.0423,-37.0379,0][0.651606,-0.81865,0.965442][0.535433,-0.330709,0.779528][36.0407,-37.0512,0][0.67619,-0.606454,1.00097][0.566929,-0.0551181,0.826772][36.0423,-37.0379,0][0.902894,-0.81865,0.728662][0.740157,-0.330709,0.582677][36.0564,-37.0512,0][0.936374,-0.606454,0.755684][0.779528,-0.0551181,0.622047][36.0585,-37.0379,0][0.34137,-0.81865,1.11292][0.275591,-0.330709,0.905512][36.0213,-37.0512,0][0.608446,-0.94588,0.89852][0.456693,-0.582677,0.669291][36.038,-37.0591,0][0.651606,-0.81865,0.965442][0.535433,-0.330709,0.779528][36.0407,-37.0512,0][0.353282,-0.606454,1.1544][0.291339,-0.0551181,0.952756][36.0221,-37.0379,0][0.651606,-0.81865,0.965442][0.535433,-0.330709,0.779528][36.0407,-37.0512,0][0.67619,-0.606454,1.00097][0.566929,-0.0551181,0.826772][36.0423,-37.0379,0][0.651606,-0.81865,0.965442][0.535433,-0.330709,0.779528][36.0407,-37.0512,0][0.353282,-0.606454,1.1544][0.291339,-0.0551181,0.952756][36.0221,-37.0379,0][0.34137,-0.81865,1.11292][0.275591,-0.330709,0.905512][36.0213,-37.0512,0][0.936374,-0.606454,0.755684][0.779528,-0.0551181,0.622047][36.0585,-37.0379,0][0.676372,-0.0791726,1.00128][0.566929,0,0.826772][36.0423,-37.0049,0][0.67619,-0.606454,1.00097][0.566929,-0.0551181,0.826772][36.0423,-37.0379,0][0.676372,-0.0791726,1.00128][0.566929,0,0.826772][36.0423,-37.0049,0][0.936374,-0.606454,0.755684][0.779528,-0.0551181,0.622047][36.0585,-37.0379,0][0.93659,-0.0791736,0.755864][0.787402,0,0.622047][36.0585,-37.0049,0][0.93659,-0.0791736,0.755864][0.787402,0,0.622047][36.0585,-37.0049,0][0.933144,0.613976,0.756022][0.779528,0.0472441,0.622047][36.0583,-36.9616,0][0.676372,-0.0791726,1.00128][0.566929,0,0.826772][36.0423,-37.0049,0][-3.6726e-07,-0.606454,1.20613][0,-0.0551181,1][36,-37.0379,0][0.34137,-0.81865,1.11292][0.275591,-0.330709,0.905512][36.0213,-37.0512,0][0.353282,-0.606454,1.1544][0.291339,-0.0551181,0.952756][36.0221,-37.0379,0][0.34137,-0.81865,1.11292][0.275591,-0.330709,0.905512][36.0213,-37.0512,0][-3.6726e-07,-0.606454,1.20613][0,-0.0551181,1][36,-37.0379,0][-3.28218e-07,-0.81865,1.16308][0,-0.330709,0.944882][36,-37.0512,0][0.353282,-0.606454,1.1544][0.291339,-0.0551181,0.952756][36.0221,-37.0379,0][-3.76516e-07,-0.0791726,1.2064][0,0,1][36,-37.0049,0][-3.6726e-07,-0.606454,1.20613][0,-0.0551181,1][36,-37.0379,0][-3.28218e-07,-0.81865,1.16308][0,-0.330709,0.944882][36,-37.0512,0][0.317638,-0.945736,1.03709][0.23622,-0.582677,0.779528][36.0199,-37.0591,0][0.34137,-0.81865,1.11292][0.275591,-0.330709,0.905512][36.0213,-37.0512,0][0.608446,-0.94588,0.89852][0.456693,-0.582677,0.669291][36.038,-37.0591,0][0.34137,-0.81865,1.11292][0.275591,-0.330709,0.905512][36.0213,-37.0512,0][0.317638,-0.945736,1.03709][0.23622,-0.582677,0.779528][36.0199,-37.0591,0][0.317638,-0.945736,1.03709][0.23622,-0.582677,0.779528][36.0199,-37.0591,0][0.560326,-1.04791,0.825832][0.370079,-0.755906,0.543307][36.035,-37.0655,0][0.608446,-0.94588,0.89852][0.456693,-0.582677,0.669291][36.038,-37.0591,0][0.317638,-0.945736,1.03709][0.23622,-0.582677,0.779528][36.0199,-37.0591,0][-3.28218e-07,-0.81865,1.16308][0,-0.330709,0.944882][36,-37.0512,0][-3.32846e-07,-0.945564,1.08378][0,-0.582677,0.811024][36,-37.0591,0][0.560326,-1.04791,0.825832][0.370079,-0.755906,0.543307][36.035,-37.0655,0][0.317638,-0.945736,1.03709][0.23622,-0.582677,0.779528][36.0199,-37.0591,0][0.292924,-1.04783,0.953564][0.188976,-0.755906,0.629921][36.0183,-37.0655,0][-3.32846e-07,-0.945564,1.08378][0,-0.582677,0.811024][36,-37.0591,0][0.292924,-1.04783,0.953564][0.188976,-0.755906,0.629921][36.0183,-37.0655,0][0.317638,-0.945736,1.03709][0.23622,-0.582677,0.779528][36.0199,-37.0591,0][0.292924,-1.04783,0.953564][0.188976,-0.755906,0.629921][36.0183,-37.0655,0][-3.32846e-07,-0.945564,1.08378][0,-0.582677,0.811024][36,-37.0591,0][-3.21528e-07,-1.04734,0.997422][0,-0.748031,0.661417][36,-37.0655,0][-3.76516e-07,-0.0791726,1.2064][0,0,1][36,-37.0049,0][0.353282,-0.606454,1.1544][0.291339,-0.0551181,0.952756][36.0221,-37.0379,0][0.353382,-0.0791736,1.15467][0.291339,0,0.96063][36.0221,-37.0049,0][0.67619,-0.606454,1.00097][0.566929,-0.0551181,0.826772][36.0423,-37.0379,0][0.353382,-0.0791736,1.15467][0.291339,0,0.96063][36.0221,-37.0049,0][0.353282,-0.606454,1.1544][0.291339,-0.0551181,0.952756][36.0221,-37.0379,0][0.353382,-0.0791736,1.15467][0.291339,0,0.96063][36.0221,-37.0049,0][0.67619,-0.606454,1.00097][0.566929,-0.0551181,0.826772][36.0423,-37.0379,0][0.676372,-0.0791726,1.00128][0.566929,0,0.826772][36.0423,-37.0049,0][0.353382,-0.0791736,1.15467][0.291339,0,0.96063][36.0221,-37.0049,0][0.352038,0.613976,1.15254][0.291339,0.0472441,0.952756][36.022,-36.9616,0][-3.76516e-07,-0.0791726,1.2064][0,0,1][36,-37.0049,0][-3.76516e-07,-0.0791726,1.2064][0,0,1][36,-37.0049,0][0.352038,0.613976,1.15254][0.291339,0.0472441,0.952756][36.022,-36.9616,0][-3.546e-07,0.613976,1.20397][0,0.0472441,1][36,-36.9616,0][0.676372,-0.0791726,1.00128][0.566929,0,0.826772][36.0423,-37.0049,0][0.672624,0.613976,1.00055][0.566929,0.0472441,0.826772][36.042,-36.9616,0][0.353382,-0.0791736,1.15467][0.291339,0,0.96063][36.0221,-37.0049,0][0.353382,-0.0791736,1.15467][0.291339,0,0.96063][36.0221,-37.0049,0][0.672624,0.613976,1.00055][0.566929,0.0472441,0.826772][36.042,-36.9616,0][0.352038,0.613976,1.15254][0.291339,0.0472441,0.952756][36.022,-36.9616,0][0.676372,-0.0791726,1.00128][0.566929,0,0.826772][36.0423,-37.0049,0][0.933144,0.613976,0.756022][0.779528,0.0472441,0.622047][36.0583,-36.9616,0][0.672624,0.613976,1.00055][0.566929,0.0472441,0.826772][36.042,-36.9616,0][0.899844,0.810768,0.735496][0.740157,0.322835,0.590551][36.0562,-36.9493,0][0.672624,0.613976,1.00055][0.566929,0.0472441,0.826772][36.042,-36.9616,0][0.933144,0.613976,0.756022][0.779528,0.0472441,0.622047][36.0583,-36.9616,0][0.672624,0.613976,1.00055][0.566929,0.0472441,0.826772][36.042,-36.9616,0][0.899844,0.810768,0.735496][0.740157,0.322835,0.590551][36.0562,-36.9493,0][0.647208,0.810768,0.970514][0.527559,0.322835,0.779528][36.0405,-36.9493,0][0.647208,0.810768,0.970514][0.527559,0.322835,0.779528][36.0405,-36.9493,0][0.352038,0.613976,1.15254][0.291339,0.0472441,0.952756][36.022,-36.9616,0][0.672624,0.613976,1.00055][0.566929,0.0472441,0.826772][36.042,-36.9616,0][0.647208,0.810768,0.970514][0.527559,0.322835,0.779528][36.0405,-36.9493,0][0.899844,0.810768,0.735496][0.740157,0.322835,0.590551][36.0562,-36.9493,0][0.839718,0.94314,0.686152][0.653543,0.551181,0.519685][36.0525,-36.9411,0][0.839718,0.94314,0.686152][0.653543,0.551181,0.519685][36.0525,-36.9411,0][0.605364,0.942154,0.905496][0.472441,0.551181,0.692913][36.0378,-36.9411,0][0.647208,0.810768,0.970514][0.527559,0.322835,0.779528][36.0405,-36.9493,0][0.352038,0.613976,1.15254][0.291339,0.0472441,0.952756][36.022,-36.9616,0][0.647208,0.810768,0.970514][0.527559,0.322835,0.779528][36.0405,-36.9493,0][0.337646,0.810768,1.11674][0.275591,0.322835,0.905512][36.0211,-36.9493,0][0.337646,0.810768,1.11674][0.275591,0.322835,0.905512][36.0211,-36.9493,0][-3.546e-07,0.613976,1.20397][0,0.0472441,1][36,-36.9616,0][0.352038,0.613976,1.15254][0.291339,0.0472441,0.952756][36.022,-36.9616,0][0.337646,0.810768,1.11674][0.275591,0.322835,0.905512][36.0211,-36.9493,0][0.647208,0.810768,0.970514][0.527559,0.322835,0.779528][36.0405,-36.9493,0][0.605364,0.942154,0.905496][0.472441,0.551181,0.692913][36.0378,-36.9411,0][-3.546e-07,0.613976,1.20397][0,0.0472441,1][36,-36.9616,0][0.337646,0.810768,1.11674][0.275591,0.322835,0.905512][36.0211,-36.9493,0][-3.6356e-07,0.810768,1.16546][0,0.322835,0.944882][36,-36.9493,0][0.337646,0.810768,1.11674][0.275591,0.322835,0.905512][36.0211,-36.9493,0][0.605364,0.942154,0.905496][0.472441,0.551181,0.692913][36.0378,-36.9411,0][0.31456,0.940526,1.04403][0.244094,0.551181,0.80315][36.0197,-36.9412,0][-3.6356e-07,0.810768,1.16546][0,0.322835,0.944882][36,-36.9493,0][0.337646,0.810768,1.11674][0.275591,0.322835,0.905512][36.0211,-36.9493,0][0.31456,0.940526,1.04403][0.244094,0.551181,0.80315][36.0197,-36.9412,0][0.31456,0.940526,1.04403][0.244094,0.551181,0.80315][36.0197,-36.9412,0][0.605364,0.942154,0.905496][0.472441,0.551181,0.692913][36.0378,-36.9411,0][0.559998,1.04615,0.838244][0.377953,0.740157,0.551181][36.035,-36.9346,0][-3.6356e-07,0.810768,1.16546][0,0.322835,0.944882][36,-36.9493,0][0.31456,0.940526,1.04403][0.244094,0.551181,0.80315][36.0197,-36.9412,0][-3.4516e-07,0.939486,1.08983][0,0.543307,0.834646][36,-36.9413,0][0.31456,0.940526,1.04403][0.244094,0.551181,0.80315][36.0197,-36.9412,0][0.559998,1.04615,0.838244][0.377953,0.740157,0.551181][36.035,-36.9346,0][0.291958,1.04615,0.967578][0.19685,0.740157,0.637795][36.0182,-36.9346,0][-3.4516e-07,0.939486,1.08983][0,0.543307,0.834646][36,-36.9413,0][0.31456,0.940526,1.04403][0.244094,0.551181,0.80315][36.0197,-36.9412,0][0.291958,1.04615,0.967578][0.19685,0.740157,0.637795][36.0182,-36.9346,0][-3.4516e-07,0.939486,1.08983][0,0.543307,0.834646][36,-36.9413,0][0.291958,1.04615,0.967578][0.19685,0.740157,0.637795][36.0182,-36.9346,0][-3.21232e-07,1.04615,1.0111][0,0.740157,0.669291][36,-36.9346,0][-0.49093,-0.739066,-0.987836][0.377953,0.149606,0.913386][35.9693,-37.0462,0][-0.33218,-0.419762,-1.10505][0.377953,0.149606,0.913386][35.9792,-37.0262,0][-0.372724,-0.419758,-1.09199][0.409449,0.133858,0.905512][35.9767,-37.0262,0][-0.49093,-0.739066,-0.987836][0.377953,0.149606,0.913386][35.9693,-37.0462,0][-0.372724,-0.419758,-1.09199][0.409449,0.133858,0.905512][35.9767,-37.0262,0][-0.545354,-0.564728,-0.9878][0.417323,0.125984,0.897638][35.9659,-37.0353,0][-0.545354,-0.564728,-0.9878][0.417323,0.125984,0.897638][35.9659,-37.0353,0][-0.372724,-0.419758,-1.09199][0.409449,0.133858,0.905512][35.9767,-37.0262,0][-0.383846,-0.419752,-1.088][0.503937,0.015748,0.866142][35.976,-37.0262,0][-0.545354,-0.564728,-0.9878][0.417323,0.125984,0.897638][35.9659,-37.0353,0][-0.383846,-0.419752,-1.088][0.503937,0.015748,0.866142][35.976,-37.0262,0][-0.54658,-0.417488,-0.990628][0.503937,0.015748,0.866142][35.9658,-37.0261,0][-0.383846,-0.419752,-1.088][0.503937,0.015748,0.866142][35.976,-37.0262,0][-0.54619,-0.279094,-0.990922][0.464567,-0.0314961,0.88189][35.9659,-37.0174,0][-0.54658,-0.417488,-0.990628][0.503937,0.015748,0.866142][35.9658,-37.0261,0][-0.376462,-0.419764,-1.09068][0.456693,-0.0393701,0.889764][35.9765,-37.0262,0][-0.54619,-0.279094,-0.990922][0.464567,-0.0314961,0.88189][35.9659,-37.0174,0][-0.383846,-0.419752,-1.088][0.503937,0.015748,0.866142][35.976,-37.0262,0][-0.376462,-0.419764,-1.09068][0.456693,-0.0393701,0.889764][35.9765,-37.0262,0][-0.490114,-0.144881,-1.01998][0.417323,-0.0551181,0.905512][35.9694,-37.0091,0][-0.54619,-0.279094,-0.990922][0.464567,-0.0314961,0.88189][35.9659,-37.0174,0][-0.490114,-0.144881,-1.01998][0.417323,-0.0551181,0.905512][35.9694,-37.0091,0][-0.376462,-0.419764,-1.09068][0.456693,-0.0393701,0.889764][35.9765,-37.0262,0][-0.33794,-0.419752,-1.10324][0.401575,-0.0551181,0.913386][35.9789,-37.0262,0][-0.33794,-0.419752,-1.10324][0.401575,-0.0551181,0.913386][35.9789,-37.0262,0][-0.420724,-0.143919,-1.05046][0.330709,-0.0708661,0.937008][35.9737,-37.009,0][-0.490114,-0.144881,-1.01998][0.417323,-0.0551181,0.905512][35.9694,-37.0091,0][-0.420724,-0.143919,-1.05046][0.330709,-0.0708661,0.937008][35.9737,-37.009,0][-0.33794,-0.419752,-1.10324][0.401575,-0.0551181,0.913386][35.9789,-37.0262,0][-0.301478,-0.419742,-1.11366][0.314961,-0.0708661,0.944882][35.9812,-37.0262,0][-0.301478,-0.419742,-1.11366][0.314961,-0.0708661,0.944882][35.9812,-37.0262,0][-0.332832,-0.143827,-1.08166][0.267717,-0.0787402,0.96063][35.9792,-37.009,0][-0.420724,-0.143919,-1.05046][0.330709,-0.0708661,0.937008][35.9737,-37.009,0][-0.332832,-0.143827,-1.08166][0.267717,-0.0787402,0.96063][35.9792,-37.009,0][-0.301478,-0.419742,-1.11366][0.314961,-0.0708661,0.944882][35.9812,-37.0262,0][-0.246528,-0.419734,-1.1272][0.251969,-0.0787402,0.96063][35.9846,-37.0262,0][-0.246528,-0.419734,-1.1272][0.251969,-0.0787402,0.96063][35.9846,-37.0262,0][-0.243764,-0.143826,-1.10518][0.19685,-0.0787402,0.976378][35.9848,-37.009,0][-0.332832,-0.143827,-1.08166][0.267717,-0.0787402,0.96063][35.9792,-37.009,0][-0.243764,-0.143826,-1.10518][0.19685,-0.0787402,0.976378][35.9848,-37.009,0][-0.246528,-0.419734,-1.1272][0.251969,-0.0787402,0.96063][35.9846,-37.0262,0][-0.181689,-0.419726,-1.13954][0.188976,-0.0787402,0.976378][35.9886,-37.0262,0][-0.181689,-0.419726,-1.13954][0.188976,-0.0787402,0.976378][35.9886,-37.0262,0][-0.167075,-0.143832,-1.11923][0.133858,-0.0787402,0.984252][35.9896,-37.009,0][-0.243764,-0.143826,-1.10518][0.19685,-0.0787402,0.976378][35.9848,-37.009,0][-0.167075,-0.143832,-1.11923][0.133858,-0.0787402,0.984252][35.9896,-37.009,0][-0.181689,-0.419726,-1.13954][0.188976,-0.0787402,0.976378][35.9886,-37.0262,0][-0.121059,-0.419734,-1.14761][0.125984,-0.0787402,0.992126][35.9924,-37.0262,0][-0.121059,-0.419734,-1.14761][0.125984,-0.0787402,0.992126][35.9924,-37.0262,0][-0.0825434,-0.143826,-1.1287][0.0629921,-0.0787402,0.992126][35.9948,-37.009,0][-0.167075,-0.143832,-1.11923][0.133858,-0.0787402,0.984252][35.9896,-37.009,0][-0.0825434,-0.143826,-1.1287][0.0629921,-0.0787402,0.992126][35.9948,-37.009,0][-0.121059,-0.419734,-1.14761][0.125984,-0.0787402,0.992126][35.9924,-37.0262,0][-0.058656,-0.419754,-1.15242][0.0629921,-0.0787402,0.992126][35.9963,-37.0262,0][-0.058656,-0.419754,-1.15242][0.0629921,-0.0787402,0.992126][35.9963,-37.0262,0][-4.62166e-08,-0.14383,-1.13183][0,-0.0787402,1][36,-37.009,0][-0.0825434,-0.143826,-1.1287][0.0629921,-0.0787402,0.992126][35.9948,-37.009,0][-4.62166e-08,-0.14383,-1.13183][0,-0.0787402,1][36,-37.009,0][-0.058656,-0.419754,-1.15242][0.0629921,-0.0787402,0.992126][35.9963,-37.0262,0][1.20521e-07,-0.419772,-1.15376][0,-0.0787402,1][36,-37.0262,0][0.0586562,-0.419752,-1.15242][-0.0629921,-0.0787402,0.992126][36.0037,-37.0262,0][-4.62166e-08,-0.14383,-1.13183][0,-0.0787402,1][36,-37.009,0][1.20521e-07,-0.419772,-1.15376][0,-0.0787402,1][36,-37.0262,0][-4.62166e-08,-0.14383,-1.13183][0,-0.0787402,1][36,-37.009,0][0.0586562,-0.419752,-1.15242][-0.0629921,-0.0787402,0.992126][36.0037,-37.0262,0][0.0825738,-0.143821,-1.1287][-0.0629921,-0.0787402,0.992126][36.0052,-37.009,0][0.120068,-0.419728,-1.14771][-0.125984,-0.0787402,0.992126][36.0075,-37.0262,0][0.0825738,-0.143821,-1.1287][-0.0629921,-0.0787402,0.992126][36.0052,-37.009,0][0.0586562,-0.419752,-1.15242][-0.0629921,-0.0787402,0.992126][36.0037,-37.0262,0][0.0825738,-0.143821,-1.1287][-0.0629921,-0.0787402,0.992126][36.0052,-37.009,0][0.120068,-0.419728,-1.14771][-0.125984,-0.0787402,0.992126][36.0075,-37.0262,0][0.167101,-0.143829,-1.11923][-0.133858,-0.0787402,0.984252][36.0104,-37.009,0][0.181689,-0.419726,-1.13954][-0.188976,-0.0787402,0.976378][36.0114,-37.0262,0][0.167101,-0.143829,-1.11923][-0.133858,-0.0787402,0.984252][36.0104,-37.009,0][0.120068,-0.419728,-1.14771][-0.125984,-0.0787402,0.992126][36.0075,-37.0262,0][0.167101,-0.143829,-1.11923][-0.133858,-0.0787402,0.984252][36.0104,-37.009,0][0.181689,-0.419726,-1.13954][-0.188976,-0.0787402,0.976378][36.0114,-37.0262,0][0.24379,-0.143826,-1.10517][-0.19685,-0.0787402,0.976378][36.0152,-37.009,0][0.490938,-0.73901,-0.987846][-0.377953,0.149606,0.913386][36.0307,-37.0462,0][0.372724,-0.419758,-1.09199][-0.409449,0.133858,0.905512][36.0233,-37.0262,0][0.33218,-0.41976,-1.10505][-0.377953,0.149606,0.913386][36.0208,-37.0262,0][0.372724,-0.419758,-1.09199][-0.409449,0.133858,0.905512][36.0233,-37.0262,0][0.490938,-0.73901,-0.987846][-0.377953,0.149606,0.913386][36.0307,-37.0462,0][0.54536,-0.564714,-0.987796][-0.417323,0.125984,0.897638][36.0341,-37.0353,0][0.372724,-0.419758,-1.09199][-0.409449,0.133858,0.905512][36.0233,-37.0262,0][0.54536,-0.564714,-0.987796][-0.417323,0.125984,0.897638][36.0341,-37.0353,0][0.383844,-0.419752,-1.088][-0.503937,0.015748,0.866142][36.024,-37.0262,0][0.383844,-0.419752,-1.088][-0.503937,0.015748,0.866142][36.024,-37.0262,0][0.54536,-0.564714,-0.987796][-0.417323,0.125984,0.897638][36.0341,-37.0353,0][0.546584,-0.417514,-0.990626][-0.503937,0.015748,0.866142][36.0342,-37.0261,0][0.546024,-0.280104,-0.991016][-0.464567,-0.0314961,0.88189][36.0341,-37.0175,0][0.383844,-0.419752,-1.088][-0.503937,0.015748,0.866142][36.024,-37.0262,0][0.546584,-0.417514,-0.990626][-0.503937,0.015748,0.866142][36.0342,-37.0261,0][0.383844,-0.419752,-1.088][-0.503937,0.015748,0.866142][36.024,-37.0262,0][0.546024,-0.280104,-0.991016][-0.464567,-0.0314961,0.88189][36.0341,-37.0175,0][0.376462,-0.419764,-1.09068][-0.456693,-0.0393701,0.889764][36.0235,-37.0262,0][0.49013,-0.144881,-1.01997][-0.417323,-0.0551181,0.905512][36.0306,-37.0091,0][0.376462,-0.419764,-1.09068][-0.456693,-0.0393701,0.889764][36.0235,-37.0262,0][0.546024,-0.280104,-0.991016][-0.464567,-0.0314961,0.88189][36.0341,-37.0175,0][0.376462,-0.419764,-1.09068][-0.456693,-0.0393701,0.889764][36.0235,-37.0262,0][0.49013,-0.144881,-1.01997][-0.417323,-0.0551181,0.905512][36.0306,-37.0091,0][0.33794,-0.419752,-1.10324][-0.401575,-0.0551181,0.913386][36.0211,-37.0262,0][0.420738,-0.143917,-1.05046][-0.330709,-0.0708661,0.937008][36.0263,-37.009,0][0.33794,-0.419752,-1.10324][-0.401575,-0.0551181,0.913386][36.0211,-37.0262,0][0.49013,-0.144881,-1.01997][-0.417323,-0.0551181,0.905512][36.0306,-37.0091,0][0.33794,-0.419752,-1.10324][-0.401575,-0.0551181,0.913386][36.0211,-37.0262,0][0.420738,-0.143917,-1.05046][-0.330709,-0.0708661,0.937008][36.0263,-37.009,0][0.301478,-0.419742,-1.11366][-0.314961,-0.0708661,0.944882][36.0188,-37.0262,0][0.33285,-0.143826,-1.08165][-0.267717,-0.0787402,0.96063][36.0208,-37.009,0][0.301478,-0.419742,-1.11366][-0.314961,-0.0708661,0.944882][36.0188,-37.0262,0][0.420738,-0.143917,-1.05046][-0.330709,-0.0708661,0.937008][36.0263,-37.009,0][0.301478,-0.419742,-1.11366][-0.314961,-0.0708661,0.944882][36.0188,-37.0262,0][0.33285,-0.143826,-1.08165][-0.267717,-0.0787402,0.96063][36.0208,-37.009,0][0.246528,-0.419734,-1.1272][-0.251969,-0.0787402,0.96063][36.0154,-37.0262,0][0.24379,-0.143826,-1.10517][-0.19685,-0.0787402,0.976378][36.0152,-37.009,0][0.246528,-0.419734,-1.1272][-0.251969,-0.0787402,0.96063][36.0154,-37.0262,0][0.33285,-0.143826,-1.08165][-0.267717,-0.0787402,0.96063][36.0208,-37.009,0][0.246528,-0.419734,-1.1272][-0.251969,-0.0787402,0.96063][36.0154,-37.0262,0][0.24379,-0.143826,-1.10517][-0.19685,-0.0787402,0.976378][36.0152,-37.009,0][0.181689,-0.419726,-1.13954][-0.188976,-0.0787402,0.976378][36.0114,-37.0262,0][-0.293904,-0.419766,-1.11568][0.314961,0.149606,0.937008][35.9816,-37.0262,0][-0.420848,-0.738736,-1.0194][0.330709,0.149606,0.929134][35.9737,-37.0462,0][-0.333252,-0.738534,-1.05097][0.267717,0.15748,0.952756][35.9792,-37.0462,0][-0.420848,-0.738736,-1.0194][0.330709,0.149606,0.929134][35.9737,-37.0462,0][-0.293904,-0.419766,-1.11568][0.314961,0.149606,0.937008][35.9816,-37.0262,0][-0.33218,-0.419762,-1.10505][0.377953,0.149606,0.913386][35.9792,-37.0262,0][-0.33218,-0.419762,-1.10505][0.377953,0.149606,0.913386][35.9792,-37.0262,0][-0.49093,-0.739066,-0.987836][0.377953,0.149606,0.913386][35.9693,-37.0462,0][-0.420848,-0.738736,-1.0194][0.330709,0.149606,0.929134][35.9737,-37.0462,0][-0.333252,-0.738534,-1.05097][0.267717,0.15748,0.952756][35.9792,-37.0462,0][-0.241394,-0.419728,-1.12837][0.251969,0.15748,0.952756][35.9849,-37.0262,0][-0.293904,-0.419766,-1.11568][0.314961,0.149606,0.937008][35.9816,-37.0262,0][-0.251938,-0.738394,-1.07323][0.204724,0.15748,0.968504][35.9843,-37.0462,0][-0.241394,-0.419728,-1.12837][0.251969,0.15748,0.952756][35.9849,-37.0262,0][-0.333252,-0.738534,-1.05097][0.267717,0.15748,0.952756][35.9792,-37.0462,0][-0.241394,-0.419728,-1.12837][0.251969,0.15748,0.952756][35.9849,-37.0262,0][-0.251938,-0.738394,-1.07323][0.204724,0.15748,0.968504][35.9843,-37.0462,0][-0.180649,-0.419744,-1.13971][0.188976,0.15748,0.968504][35.9887,-37.0262,0][-0.174298,-0.738474,-1.08856][0.133858,0.15748,0.976378][35.9891,-37.0462,0][-0.180649,-0.419744,-1.13971][0.188976,0.15748,0.968504][35.9887,-37.0262,0][-0.251938,-0.738394,-1.07323][0.204724,0.15748,0.968504][35.9843,-37.0462,0][-0.180649,-0.419744,-1.13971][0.188976,0.15748,0.968504][35.9887,-37.0262,0][-0.174298,-0.738474,-1.08856][0.133858,0.15748,0.976378][35.9891,-37.0462,0][-0.119383,-0.419766,-1.14779][0.125984,0.15748,0.976378][35.9925,-37.0262,0][-0.119383,-0.419766,-1.14779][0.125984,0.15748,0.976378][35.9925,-37.0262,0][-0.174298,-0.738474,-1.08856][0.133858,0.15748,0.976378][35.9891,-37.0462,0][-0.100278,-0.738462,-1.09795][0.0708661,0.15748,0.984252][35.9937,-37.0462,0][-0.100278,-0.738462,-1.09795][0.0708661,0.15748,0.984252][35.9937,-37.0462,0][-0.0562912,-0.419744,-1.15253][0.0629921,0.15748,0.984252][35.9965,-37.0262,0][-0.119383,-0.419766,-1.14779][0.125984,0.15748,0.976378][35.9925,-37.0262,0][-0.0562912,-0.419744,-1.15253][0.0629921,0.15748,0.984252][35.9965,-37.0262,0][-0.100278,-0.738462,-1.09795][0.0708661,0.15748,0.984252][35.9937,-37.0462,0][-3.25018e-07,-0.738472,-1.10254][0,0.15748,0.984252][36,-37.0462,0][-3.25018e-07,-0.738472,-1.10254][0,0.15748,0.984252][36,-37.0462,0][1.22954e-07,-0.41981,-1.15376][0,0.15748,0.984252][36,-37.0262,0][-0.0562912,-0.419744,-1.15253][0.0629921,0.15748,0.984252][35.9965,-37.0262,0][-3.25018e-07,-0.738472,-1.10254][0,0.15748,0.984252][36,-37.0462,0][0.0562914,-0.419744,-1.15254][-0.0629921,0.15748,0.984252][36.0035,-37.0262,0][1.22954e-07,-0.41981,-1.15376][0,0.15748,0.984252][36,-37.0262,0][0.0562914,-0.419744,-1.15254][-0.0629921,0.15748,0.984252][36.0035,-37.0262,0][-3.25018e-07,-0.738472,-1.10254][0,0.15748,0.984252][36,-37.0462,0][0.100283,-0.73841,-1.09797][-0.0708661,0.15748,0.984252][36.0063,-37.0462,0][0.100283,-0.73841,-1.09797][-0.0708661,0.15748,0.984252][36.0063,-37.0462,0][0.119383,-0.419766,-1.14779][-0.125984,0.15748,0.976378][36.0075,-37.0262,0][0.0562914,-0.419744,-1.15254][-0.0629921,0.15748,0.984252][36.0035,-37.0262,0][0.174295,-0.73842,-1.08857][-0.133858,0.15748,0.976378][36.0109,-37.0462,0][0.119383,-0.419766,-1.14779][-0.125984,0.15748,0.976378][36.0075,-37.0262,0][0.100283,-0.73841,-1.09797][-0.0708661,0.15748,0.984252][36.0063,-37.0462,0][0.180649,-0.419744,-1.13971][-0.188976,0.15748,0.968504][36.0113,-37.0262,0][0.119383,-0.419766,-1.14779][-0.125984,0.15748,0.976378][36.0075,-37.0262,0][0.174295,-0.73842,-1.08857][-0.133858,0.15748,0.976378][36.0109,-37.0462,0][0.251922,-0.738444,-1.07322][-0.204724,0.15748,0.968504][36.0157,-37.0462,0][0.180649,-0.419744,-1.13971][-0.188976,0.15748,0.968504][36.0113,-37.0262,0][0.174295,-0.73842,-1.08857][-0.133858,0.15748,0.976378][36.0109,-37.0462,0][0.333206,-0.738586,-1.05097][-0.267717,0.15748,0.952756][36.0208,-37.0462,0][0.241394,-0.419728,-1.12837][-0.251969,0.15748,0.952756][36.0151,-37.0262,0][0.251922,-0.738444,-1.07322][-0.204724,0.15748,0.968504][36.0157,-37.0462,0][0.180649,-0.419744,-1.13971][-0.188976,0.15748,0.968504][36.0113,-37.0262,0][0.251922,-0.738444,-1.07322][-0.204724,0.15748,0.968504][36.0157,-37.0462,0][0.241394,-0.419728,-1.12837][-0.251969,0.15748,0.952756][36.0151,-37.0262,0][0.333206,-0.738586,-1.05097][-0.267717,0.15748,0.952756][36.0208,-37.0462,0][0.293904,-0.419766,-1.11568][-0.314961,0.149606,0.937008][36.0184,-37.0262,0][0.241394,-0.419728,-1.12837][-0.251969,0.15748,0.952756][36.0151,-37.0262,0][0.420768,-0.738734,-1.01943][-0.330709,0.149606,0.929134][36.0263,-37.0462,0][0.293904,-0.419766,-1.11568][-0.314961,0.149606,0.937008][36.0184,-37.0262,0][0.333206,-0.738586,-1.05097][-0.267717,0.15748,0.952756][36.0208,-37.0462,0][0.420768,-0.738734,-1.01943][-0.330709,0.149606,0.929134][36.0263,-37.0462,0][0.33218,-0.41976,-1.10505][-0.377953,0.149606,0.913386][36.0208,-37.0262,0][0.293904,-0.419766,-1.11568][-0.314961,0.149606,0.937008][36.0184,-37.0262,0][0.490938,-0.73901,-0.987846][-0.377953,0.149606,0.913386][36.0307,-37.0462,0][0.33218,-0.41976,-1.10505][-0.377953,0.149606,0.913386][36.0208,-37.0262,0][0.420768,-0.738734,-1.01943][-0.330709,0.149606,0.929134][36.0263,-37.0462,0][-1.07655,0.946572,0.0912614][-0.826772,0.559055,0.0629921][36.0057,-36.9408,0][-0.970088,1.04615,-0.2152][-0.653543,0.748031,-0.125984][35.9866,-36.9346,0][-1.05086,0.945798,-0.234224][-0.811024,0.559055,-0.15748][35.9854,-36.9409,0][-1.05086,0.945798,-0.234224][-0.811024,0.559055,-0.15748][35.9854,-36.9409,0][-1.15631,0.810768,0.0955476][-0.944882,0.330709,0.0708661][36.006,-36.9493,0][-1.07655,0.946572,0.0912614][-0.826772,0.559055,0.0629921][36.0057,-36.9408,0][-0.970088,1.04615,-0.2152][-0.653543,0.748031,-0.125984][35.9866,-36.9346,0][-1.07655,0.946572,0.0912614][-0.826772,0.559055,0.0629921][36.0057,-36.9408,0][-0.992892,1.04615,0.0846766][-0.661417,0.748031,0.0472441][36.0053,-36.9346,0][-1.07655,0.946572,0.0912614][-0.826772,0.559055,0.0629921][36.0057,-36.9408,0][-0.925642,1.04615,0.376462][-0.622047,0.748031,0.244094][36.0235,-36.9346,0][-0.992892,1.04615,0.0846766][-0.661417,0.748031,0.0472441][36.0053,-36.9346,0][-0.925642,1.04615,0.376462][-0.622047,0.748031,0.244094][36.0235,-36.9346,0][-1.07655,0.946572,0.0912614][-0.826772,0.559055,0.0629921][36.0057,-36.9408,0][-1.0018,0.944836,0.40715][-0.771654,0.559055,0.307087][36.0255,-36.9409,0][-1.15631,0.810768,0.0955476][-0.944882,0.330709,0.0708661][36.006,-36.9493,0][-1.0018,0.944836,0.40715][-0.771654,0.559055,0.307087][36.0255,-36.9409,0][-1.07655,0.946572,0.0912614][-0.826772,0.559055,0.0629921][36.0057,-36.9408,0][-1.0018,0.944836,0.40715][-0.771654,0.559055,0.307087][36.0255,-36.9409,0][-0.77687,1.04615,0.63506][-0.519685,0.748031,0.417323][36.0397,-36.9346,0][-0.925642,1.04615,0.376462][-0.622047,0.748031,0.244094][36.0235,-36.9346,0][-1.0018,0.944836,0.40715][-0.771654,0.559055,0.307087][36.0255,-36.9409,0][-0.839722,0.943136,0.686154][-0.653543,0.551181,0.519685][36.0429,-36.9411,0][-0.77687,1.04615,0.63506][-0.519685,0.748031,0.417323][36.0397,-36.9346,0][-1.0018,0.944836,0.40715][-0.771654,0.559055,0.307087][36.0255,-36.9409,0][-1.15631,0.810768,0.0955476][-0.944882,0.330709,0.0708661][36.006,-36.9493,0][-1.07519,0.810768,0.435774][-0.874016,0.322835,0.354331][36.0272,-36.9493,0][-1.07519,0.810768,0.435774][-0.874016,0.322835,0.354331][36.0272,-36.9493,0][-0.839722,0.943136,0.686154][-0.653543,0.551181,0.519685][36.0429,-36.9411,0][-1.0018,0.944836,0.40715][-0.771654,0.559055,0.307087][36.0255,-36.9409,0][-1.19521,0.613976,0.097718][-0.992126,0.0472441,0.0787402][36.0061,-36.9616,0][-1.07519,0.810768,0.435774][-0.874016,0.322835,0.354331][36.0272,-36.9493,0][-1.15631,0.810768,0.0955476][-0.944882,0.330709,0.0708661][36.006,-36.9493,0][-1.07519,0.810768,0.435774][-0.874016,0.322835,0.354331][36.0272,-36.9493,0][-0.899846,0.810768,0.735498][-0.740157,0.322835,0.590551][36.046,-36.9493,0][-0.839722,0.943136,0.686154][-0.653543,0.551181,0.519685][36.0429,-36.9411,0][-1.07519,0.810768,0.435774][-0.874016,0.322835,0.354331][36.0272,-36.9493,0][-1.19521,0.613976,0.097718][-0.992126,0.0472441,0.0787402][36.0061,-36.9616,0][-1.11249,0.613976,0.446784][-0.929134,0.0472441,0.370079][36.0279,-36.9616,0][-1.11249,0.613976,0.446784][-0.929134,0.0472441,0.370079][36.0279,-36.9616,0][-0.899846,0.810768,0.735498][-0.740157,0.322835,0.590551][36.046,-36.9493,0][-1.07519,0.810768,0.435774][-0.874016,0.322835,0.354331][36.0272,-36.9493,0][-0.899846,0.810768,0.735498][-0.740157,0.322835,0.590551][36.046,-36.9493,0][-1.11249,0.613976,0.446784][-0.929134,0.0472441,0.370079][36.0279,-36.9616,0][-0.933146,0.613976,0.756024][-0.779528,0.0472441,0.622047][36.0473,-36.9616,0][-1.11249,0.613976,0.446784][-0.929134,0.0472441,0.370079][36.0279,-36.9616,0][-0.93659,-0.0791736,0.755864][-0.787402,0,0.622047][36.0472,-37.0049,0][-0.933146,0.613976,0.756024][-0.779528,0.0472441,0.622047][36.0473,-36.9616,0][-1.19784,-0.0791736,0.0986118][-1,0,0.0787402][36.0062,-37.0049,0][-1.11249,0.613976,0.446784][-0.929134,0.0472441,0.370079][36.0279,-36.9616,0][-1.19521,0.613976,0.097718][-0.992126,0.0472441,0.0787402][36.0061,-36.9616,0][-0.93659,-0.0791736,0.755864][-0.787402,0,0.622047][36.0472,-37.0049,0][-1.11249,0.613976,0.446784][-0.929134,0.0472441,0.370079][36.0279,-36.9616,0][-1.11526,-0.0791736,0.446734][-0.929134,0,0.370079][36.0279,-37.0049,0][-1.11249,0.613976,0.446784][-0.929134,0.0472441,0.370079][36.0279,-36.9616,0][-1.19784,-0.0791736,0.0986118][-1,0,0.0787402][36.0062,-37.0049,0][-1.11526,-0.0791736,0.446734][-0.929134,0,0.370079][36.0279,-37.0049,0][-1.11526,-0.0791736,0.446734][-0.929134,0,0.370079][36.0279,-37.0049,0][-0.936372,-0.606454,0.755682][-0.779528,-0.0551181,0.622047][36.0472,-37.0379,0][-0.93659,-0.0791736,0.755864][-0.787402,0,0.622047][36.0472,-37.0049,0][-0.936372,-0.606454,0.755682][-0.779528,-0.0551181,0.622047][36.0472,-37.0379,0][-1.11526,-0.0791736,0.446734][-0.929134,0,0.370079][36.0279,-37.0049,0][-1.11499,-0.606454,0.446636][-0.929134,-0.0551181,0.370079][36.0279,-37.0379,0][-1.19784,-0.0791736,0.0986118][-1,0,0.0787402][36.0062,-37.0049,0][-1.11499,-0.606454,0.446636][-0.929134,-0.0551181,0.370079][36.0279,-37.0379,0][-1.11526,-0.0791736,0.446734][-0.929134,0,0.370079][36.0279,-37.0049,0][-1.11499,-0.606454,0.446636][-0.929134,-0.0551181,0.370079][36.0279,-37.0379,0][-0.902892,-0.81865,0.728656][-0.740157,-0.330709,0.582677][36.0455,-37.0512,0][-0.936372,-0.606454,0.755682][-0.779528,-0.0551181,0.622047][36.0472,-37.0379,0][-1.19746,-0.606454,0.0986116][-0.992126,-0.0551181,0.0787402][36.0062,-37.0379,0][-1.11499,-0.606454,0.446636][-0.929134,-0.0551181,0.370079][36.0279,-37.0379,0][-1.19784,-0.0791736,0.0986118][-1,0,0.0787402][36.0062,-37.0049,0][-0.902892,-0.81865,0.728656][-0.740157,-0.330709,0.582677][36.0455,-37.0512,0][-1.11499,-0.606454,0.446636][-0.929134,-0.0551181,0.370079][36.0279,-37.0379,0][-1.07513,-0.81865,0.430334][-0.874016,-0.330709,0.346457][36.0269,-37.0512,0][-1.19746,-0.606454,0.0986116][-0.992126,-0.0551181,0.0787402][36.0062,-37.0379,0][-1.07513,-0.81865,0.430334][-0.874016,-0.330709,0.346457][36.0269,-37.0512,0][-1.11499,-0.606454,0.446636][-0.929134,-0.0551181,0.370079][36.0279,-37.0379,0][-1.07513,-0.81865,0.430334][-0.874016,-0.330709,0.346457][36.0269,-37.0512,0][-0.841672,-0.945522,0.678236][-0.637795,-0.582677,0.503937][36.0424,-37.0591,0][-0.902892,-0.81865,0.728656][-0.740157,-0.330709,0.582677][36.0455,-37.0512,0][-1.16887,-0.606454,-0.25717][-0.984252,-0.0708661,-0.15748][35.9839,-37.0379,0][-1.19746,-0.606454,0.0986116][-0.992126,-0.0551181,0.0787402][36.0062,-37.0379,0][-1.19784,-0.0791736,0.0986118][-1,0,0.0787402][36.0062,-37.0049,0][-0.841672,-0.945522,0.678236][-0.637795,-0.582677,0.503937][36.0424,-37.0591,0][-1.07513,-0.81865,0.430334][-0.874016,-0.330709,0.346457][36.0269,-37.0512,0][-1.00133,-0.94552,0.401216][-0.755906,-0.582677,0.299213][36.0251,-37.0591,0][-1.00133,-0.94552,0.401216][-0.755906,-0.582677,0.299213][36.0251,-37.0591,0][-0.77571,-1.04672,0.623898][-0.519685,-0.748031,0.409449][36.039,-37.0654,0][-0.841672,-0.945522,0.678236][-0.637795,-0.582677,0.503937][36.0424,-37.0591,0][-0.77571,-1.04672,0.623898][-0.519685,-0.748031,0.409449][36.039,-37.0654,0][-1.00133,-0.94552,0.401216][-0.755906,-0.582677,0.299213][36.0251,-37.0591,0][-0.922498,-1.04644,0.36912][-0.614173,-0.748031,0.244094][36.0231,-37.0654,0][-1.1545,-0.81865,0.0945708][-0.944882,-0.330709,0.0708661][36.0059,-37.0512,0][-1.00133,-0.94552,0.401216][-0.755906,-0.582677,0.299213][36.0251,-37.0591,0][-1.07513,-0.81865,0.430334][-0.874016,-0.330709,0.346457][36.0269,-37.0512,0][-1.1545,-0.81865,0.0945708][-0.944882,-0.330709,0.0708661][36.0059,-37.0512,0][-1.07513,-0.81865,0.430334][-0.874016,-0.330709,0.346457][36.0269,-37.0512,0][-1.19746,-0.606454,0.0986116][-0.992126,-0.0551181,0.0787402][36.0062,-37.0379,0][-1.07499,-0.9459,0.0898318][-0.811024,-0.582677,0.0629921][36.0056,-37.0591,0][-0.922498,-1.04644,0.36912][-0.614173,-0.748031,0.244094][36.0231,-37.0654,0][-1.00133,-0.94552,0.401216][-0.755906,-0.582677,0.299213][36.0251,-37.0591,0][-1.07499,-0.9459,0.0898318][-0.811024,-0.582677,0.0629921][36.0056,-37.0591,0][-1.00133,-0.94552,0.401216][-0.755906,-0.582677,0.299213][36.0251,-37.0591,0][-1.1545,-0.81865,0.0945708][-0.944882,-0.330709,0.0708661][36.0059,-37.0512,0][-0.922498,-1.04644,0.36912][-0.614173,-0.748031,0.244094][36.0231,-37.0654,0][-1.07499,-0.9459,0.0898318][-0.811024,-0.582677,0.0629921][36.0056,-37.0591,0][-0.989032,-1.04722,0.0830656][-0.653543,-0.755906,0.0472441][36.0052,-37.0655,0][-1.07499,-0.9459,0.0898318][-0.811024,-0.582677,0.0629921][36.0056,-37.0591,0][-0.965886,-1.04712,-0.210108][-0.645669,-0.755906,-0.11811][35.9869,-37.0654,0][-0.989032,-1.04722,0.0830656][-0.653543,-0.755906,0.0472441][36.0052,-37.0655,0][-1.12723,-0.81865,-0.246968][-0.929134,-0.330709,-0.173228][35.9846,-37.0512,0][-1.19746,-0.606454,0.0986116][-0.992126,-0.0551181,0.0787402][36.0062,-37.0379,0][-1.16887,-0.606454,-0.25717][-0.984252,-0.0708661,-0.15748][35.9839,-37.0379,0][-1.19746,-0.606454,0.0986116][-0.992126,-0.0551181,0.0787402][36.0062,-37.0379,0][-1.12723,-0.81865,-0.246968][-0.929134,-0.330709,-0.173228][35.9846,-37.0512,0][-1.1545,-0.81865,0.0945708][-0.944882,-0.330709,0.0708661][36.0059,-37.0512,0][-1.16887,-0.606454,-0.25717][-0.984252,-0.0708661,-0.15748][35.9839,-37.0379,0][-1.04288,-0.81865,-0.493902][-0.866142,-0.322835,-0.370079][35.9691,-37.0512,0][-1.12723,-0.81865,-0.246968][-0.929134,-0.330709,-0.173228][35.9846,-37.0512,0][-1.1545,-0.81865,0.0945708][-0.944882,-0.330709,0.0708661][36.0059,-37.0512,0][-1.04947,-0.946,-0.229828][-0.795276,-0.582677,-0.149606][35.9856,-37.0591,0][-1.07499,-0.9459,0.0898318][-0.811024,-0.582677,0.0629921][36.0056,-37.0591,0][-0.965886,-1.04712,-0.210108][-0.645669,-0.755906,-0.11811][35.9869,-37.0654,0][-1.07499,-0.9459,0.0898318][-0.811024,-0.582677,0.0629921][36.0056,-37.0591,0][-1.04947,-0.946,-0.229828][-0.795276,-0.582677,-0.149606][35.9856,-37.0591,0][-1.04947,-0.946,-0.229828][-0.795276,-0.582677,-0.149606][35.9856,-37.0591,0][-1.1545,-0.81865,0.0945708][-0.944882,-0.330709,0.0708661][36.0059,-37.0512,0][-1.12723,-0.81865,-0.246968][-0.929134,-0.330709,-0.173228][35.9846,-37.0512,0][-0.891274,-1.04985,-0.417962][-0.590551,-0.76378,-0.244094][35.9739,-37.0656,0][-0.965886,-1.04712,-0.210108][-0.645669,-0.755906,-0.11811][35.9869,-37.0654,0][-1.04947,-0.946,-0.229828][-0.795276,-0.582677,-0.149606][35.9856,-37.0591,0][-1.04288,-0.81865,-0.493902][-0.866142,-0.322835,-0.370079][35.9691,-37.0512,0][-0.970986,-0.947536,-0.457442][-0.755906,-0.582677,-0.314961][35.9714,-37.0592,0][-1.12723,-0.81865,-0.246968][-0.929134,-0.330709,-0.173228][35.9846,-37.0512,0][-0.970986,-0.947536,-0.457442][-0.755906,-0.582677,-0.314961][35.9714,-37.0592,0][-1.04947,-0.946,-0.229828][-0.795276,-0.582677,-0.149606][35.9856,-37.0591,0][-1.12723,-0.81865,-0.246968][-0.929134,-0.330709,-0.173228][35.9846,-37.0512,0][-1.04947,-0.946,-0.229828][-0.795276,-0.582677,-0.149606][35.9856,-37.0591,0][-0.970986,-0.947536,-0.457442][-0.755906,-0.582677,-0.314961][35.9714,-37.0592,0][-0.891274,-1.04985,-0.417962][-0.590551,-0.76378,-0.244094][35.9739,-37.0656,0][-0.899336,-0.94381,-0.59575][-0.692913,-0.559055,-0.456693][35.9628,-37.059,0][-0.970986,-0.947536,-0.457442][-0.755906,-0.582677,-0.314961][35.9714,-37.0592,0][-1.04288,-0.81865,-0.493902][-0.866142,-0.322835,-0.370079][35.9691,-37.0512,0][-0.831124,-1.04613,-0.553504][-0.535433,-0.76378,-0.354331][35.9654,-37.0654,0][-0.891274,-1.04985,-0.417962][-0.590551,-0.76378,-0.244094][35.9739,-37.0656,0][-0.970986,-0.947536,-0.457442][-0.755906,-0.582677,-0.314961][35.9714,-37.0592,0][-0.899336,-0.94381,-0.59575][-0.692913,-0.559055,-0.456693][35.9628,-37.059,0][-0.831124,-1.04613,-0.553504][-0.535433,-0.76378,-0.354331][35.9654,-37.0654,0][-0.970986,-0.947536,-0.457442][-0.755906,-0.582677,-0.314961][35.9714,-37.0592,0][-1.16887,-0.606454,-0.25717][-0.984252,-0.0708661,-0.15748][35.9839,-37.0379,0][-1.08223,-0.410526,-0.512646][-0.92126,0,-0.377953][35.968,-37.0257,0][-1.07982,-0.606454,-0.512074][-0.905512,-0.125984,-0.409449][35.968,-37.0379,0][-1.08223,-0.410526,-0.512646][-0.92126,0,-0.377953][35.968,-37.0257,0][-0.994028,-0.607898,-0.659188][-0.826772,-0.110236,-0.551181][35.9588,-37.038,0][-1.07982,-0.606454,-0.512074][-0.905512,-0.125984,-0.409449][35.968,-37.0379,0][-0.959744,-0.815828,-0.639028][-0.779528,-0.322835,-0.527559][35.9601,-37.051,0][-1.07982,-0.606454,-0.512074][-0.905512,-0.125984,-0.409449][35.968,-37.0379,0][-0.994028,-0.607898,-0.659188][-0.826772,-0.110236,-0.551181][35.9588,-37.038,0][-0.994028,-0.607898,-0.659188][-0.826772,-0.110236,-0.551181][35.9588,-37.038,0][-1.08223,-0.410526,-0.512646][-0.92126,0,-0.377953][35.968,-37.0257,0][-0.996754,-0.410254,-0.660762][-0.834646,-0.00787402,-0.551181][35.9587,-37.0256,0][-1.07982,-0.606454,-0.512074][-0.905512,-0.125984,-0.409449][35.968,-37.0379,0][-0.959744,-0.815828,-0.639028][-0.779528,-0.322835,-0.527559][35.9601,-37.051,0][-1.04288,-0.81865,-0.493902][-0.866142,-0.322835,-0.370079][35.9691,-37.0512,0][-1.04288,-0.81865,-0.493902][-0.866142,-0.322835,-0.370079][35.9691,-37.0512,0][-1.16887,-0.606454,-0.25717][-0.984252,-0.0708661,-0.15748][35.9839,-37.0379,0][-1.07982,-0.606454,-0.512074][-0.905512,-0.125984,-0.409449][35.968,-37.0379,0][-0.959744,-0.815828,-0.639028][-0.779528,-0.322835,-0.527559][35.9601,-37.051,0][-0.899336,-0.94381,-0.59575][-0.692913,-0.559055,-0.456693][35.9628,-37.059,0][-1.04288,-0.81865,-0.493902][-0.866142,-0.322835,-0.370079][35.9691,-37.0512,0][-1.08222,-0.198532,-0.512656][-0.92126,0,-0.377953][35.968,-37.0124,0][-0.996754,-0.410254,-0.660762][-0.834646,-0.00787402,-0.551181][35.9587,-37.0256,0][-1.08223,-0.410526,-0.512646][-0.92126,0,-0.377953][35.968,-37.0257,0][-0.996754,-0.410254,-0.660762][-0.834646,-0.00787402,-0.551181][35.9587,-37.0256,0][-1.08222,-0.198532,-0.512656][-0.92126,0,-0.377953][35.968,-37.0124,0][-0.996754,-0.196834,-0.660762][-0.834646,0,-0.543307][35.9587,-37.0123,0][-1.08222,-0.198532,-0.512656][-0.92126,0,-0.377953][35.968,-37.0124,0][-0.996754,-0.00191879,-0.66076][-0.834646,0,-0.543307][35.9587,-37.0001,0][-0.996754,-0.196834,-0.660762][-0.834646,0,-0.543307][35.9587,-37.0123,0][-1.08223,-0.410526,-0.512646][-0.92126,0,-0.377953][35.968,-37.0257,0][-1.16934,-0.0791746,-0.257884][-0.992126,0,-0.141732][35.9839,-37.0049,0][-1.08222,-0.198532,-0.512656][-0.92126,0,-0.377953][35.968,-37.0124,0][-1.16934,-0.0791746,-0.257884][-0.992126,0,-0.141732][35.9839,-37.0049,0][-1.08223,-0.410526,-0.512646][-0.92126,0,-0.377953][35.968,-37.0257,0][-1.16887,-0.606454,-0.25717][-0.984252,-0.0708661,-0.15748][35.9839,-37.0379,0][-0.996754,-0.00191879,-0.66076][-0.834646,0,-0.543307][35.9587,-37.0001,0][-1.08222,-0.198532,-0.512656][-0.92126,0,-0.377953][35.968,-37.0124,0][-1.0822,0.00415658,-0.512692][-0.905512,0,-0.425197][35.968,-36.9997,0][-1.16934,-0.0791746,-0.257884][-0.992126,0,-0.141732][35.9839,-37.0049,0][-1.0822,0.00415658,-0.512692][-0.905512,0,-0.425197][35.968,-36.9997,0][-1.08222,-0.198532,-0.512656][-0.92126,0,-0.377953][35.968,-37.0124,0][-1.0822,0.00415658,-0.512692][-0.905512,0,-0.425197][35.968,-36.9997,0][-0.996756,0.20209,-0.66076][-0.834646,0,-0.543307][35.9587,-36.9874,0][-0.996754,-0.00191879,-0.66076][-0.834646,0,-0.543307][35.9587,-37.0001,0][-0.996756,0.20209,-0.66076][-0.834646,0,-0.543307][35.9587,-36.9874,0][-1.0822,0.00415658,-0.512692][-0.905512,0,-0.425197][35.968,-36.9997,0][-1.08213,0.20298,-0.512816][-0.929134,0,-0.370079][35.968,-36.9873,0][-1.16934,-0.0791746,-0.257884][-0.992126,0,-0.141732][35.9839,-37.0049,0][-1.08213,0.20298,-0.512816][-0.929134,0,-0.370079][35.968,-36.9873,0][-1.0822,0.00415658,-0.512692][-0.905512,0,-0.425197][35.968,-36.9997,0][-1.08213,0.20298,-0.512816][-0.929134,0,-0.370079][35.968,-36.9873,0][-0.996756,0.402964,-0.660758][-0.834646,0.00787402,-0.551181][35.9587,-36.9748,0][-0.996756,0.20209,-0.66076][-0.834646,0,-0.543307][35.9587,-36.9874,0][-1.16934,-0.0791746,-0.257884][-0.992126,0,-0.141732][35.9839,-37.0049,0][-1.16887,-0.606454,-0.25717][-0.984252,-0.0708661,-0.15748][35.9839,-37.0379,0][-1.19784,-0.0791736,0.0986118][-1,0,0.0787402][36.0062,-37.0049,0][-0.996756,0.402964,-0.660758][-0.834646,0.00787402,-0.551181][35.9587,-36.9748,0][-1.08213,0.20298,-0.512816][-0.929134,0,-0.370079][35.968,-36.9873,0][-1.08187,0.41493,-0.513278][-0.929134,0,-0.370079][35.9679,-36.9741,0][-1.08187,0.41493,-0.513278][-0.929134,0,-0.370079][35.9679,-36.9741,0][-0.996756,0.612084,-0.660758][-0.826772,0.102362,-0.551181][35.9587,-36.9617,0][-0.996756,0.402964,-0.660758][-0.834646,0.00787402,-0.551181][35.9587,-36.9748,0][-1.16674,0.613976,-0.257522][-0.984252,0.0551181,-0.149606][35.9839,-36.9616,0][-1.08213,0.20298,-0.512816][-0.929134,0,-0.370079][35.968,-36.9873,0][-1.16934,-0.0791746,-0.257884][-0.992126,0,-0.141732][35.9839,-37.0049,0][-1.08213,0.20298,-0.512816][-0.929134,0,-0.370079][35.968,-36.9873,0][-1.16674,0.613976,-0.257522][-0.984252,0.0551181,-0.149606][35.9839,-36.9616,0][-1.08187,0.41493,-0.513278][-0.929134,0,-0.370079][35.9679,-36.9741,0][-0.996756,0.612084,-0.660758][-0.826772,0.102362,-0.551181][35.9587,-36.9617,0][-1.08187,0.41493,-0.513278][-0.929134,0,-0.370079][35.9679,-36.9741,0][-1.07861,0.613976,-0.513676][-0.905512,0.11811,-0.401575][35.9679,-36.9616,0][-1.16674,0.613976,-0.257522][-0.984252,0.0551181,-0.149606][35.9839,-36.9616,0][-1.07861,0.613976,-0.513676][-0.905512,0.11811,-0.401575][35.9679,-36.9616,0][-1.08187,0.41493,-0.513278][-0.929134,0,-0.370079][35.9679,-36.9741,0][-1.07861,0.613976,-0.513676][-0.905512,0.11811,-0.401575][35.9679,-36.9616,0][-0.96185,0.809934,-0.640244][-0.787402,0.322835,-0.527559][35.96,-36.9494,0][-0.996756,0.612084,-0.660758][-0.826772,0.102362,-0.551181][35.9587,-36.9617,0][-1.16674,0.613976,-0.257522][-0.984252,0.0551181,-0.149606][35.9839,-36.9616,0][-1.16934,-0.0791746,-0.257884][-0.992126,0,-0.141732][35.9839,-37.0049,0][-1.19521,0.613976,0.097718][-0.992126,0.0472441,0.0787402][36.0061,-36.9616,0][-1.19784,-0.0791736,0.0986118][-1,0,0.0787402][36.0062,-37.0049,0][-1.19521,0.613976,0.097718][-0.992126,0.0472441,0.0787402][36.0061,-36.9616,0][-1.16934,-0.0791746,-0.257884][-0.992126,0,-0.141732][35.9839,-37.0049,0][-1.16674,0.613976,-0.257522][-0.984252,0.0551181,-0.149606][35.9839,-36.9616,0][-1.04168,0.810768,-0.499962][-0.866142,0.330709,-0.370079][35.9688,-36.9493,0][-1.07861,0.613976,-0.513676][-0.905512,0.11811,-0.401575][35.9679,-36.9616,0][-0.96185,0.809934,-0.640244][-0.787402,0.322835,-0.527559][35.96,-36.9494,0][-1.07861,0.613976,-0.513676][-0.905512,0.11811,-0.401575][35.9679,-36.9616,0][-1.04168,0.810768,-0.499962][-0.866142,0.330709,-0.370079][35.9688,-36.9493,0][-1.04168,0.810768,-0.499962][-0.866142,0.330709,-0.370079][35.9688,-36.9493,0][-0.898094,0.947812,-0.59546][-0.708661,0.535433,-0.456693][35.9628,-36.9408,0][-0.96185,0.809934,-0.640244][-0.787402,0.322835,-0.527559][35.96,-36.9494,0][-1.04168,0.810768,-0.499962][-0.866142,0.330709,-0.370079][35.9688,-36.9493,0][-1.16674,0.613976,-0.257522][-0.984252,0.0551181,-0.149606][35.9839,-36.9616,0][-1.12843,0.810768,-0.251004][-0.929134,0.330709,-0.181102][35.9843,-36.9493,0][-1.16674,0.613976,-0.257522][-0.984252,0.0551181,-0.149606][35.9839,-36.9616,0][-1.19521,0.613976,0.097718][-0.992126,0.0472441,0.0787402][36.0061,-36.9616,0][-1.12843,0.810768,-0.251004][-0.929134,0.330709,-0.181102][35.9843,-36.9493,0][-0.898094,0.947812,-0.59546][-0.708661,0.535433,-0.456693][35.9628,-36.9408,0][-1.04168,0.810768,-0.499962][-0.866142,0.330709,-0.370079][35.9688,-36.9493,0][-0.971344,0.945456,-0.46361][-0.771654,0.551181,-0.322835][35.971,-36.9409,0][-1.12843,0.810768,-0.251004][-0.929134,0.330709,-0.181102][35.9843,-36.9493,0][-0.971344,0.945456,-0.46361][-0.771654,0.551181,-0.322835][35.971,-36.9409,0][-1.04168,0.810768,-0.499962][-0.866142,0.330709,-0.370079][35.9688,-36.9493,0][-0.971344,0.945456,-0.46361][-0.771654,0.551181,-0.322835][35.971,-36.9409,0][-0.836754,1.04875,-0.55674][-0.543307,0.76378,-0.354331][35.9652,-36.9345,0][-0.898094,0.947812,-0.59546][-0.708661,0.535433,-0.456693][35.9628,-36.9408,0][-0.836754,1.04875,-0.55674][-0.543307,0.76378,-0.354331][35.9652,-36.9345,0][-0.971344,0.945456,-0.46361][-0.771654,0.551181,-0.322835][35.971,-36.9409,0][-0.897452,1.04615,-0.42739][-0.606299,0.755906,-0.251969][35.9733,-36.9346,0][-1.05086,0.945798,-0.234224][-0.811024,0.559055,-0.15748][35.9854,-36.9409,0][-0.897452,1.04615,-0.42739][-0.606299,0.755906,-0.251969][35.9733,-36.9346,0][-0.971344,0.945456,-0.46361][-0.771654,0.551181,-0.322835][35.971,-36.9409,0][-0.971344,0.945456,-0.46361][-0.771654,0.551181,-0.322835][35.971,-36.9409,0][-1.12843,0.810768,-0.251004][-0.929134,0.330709,-0.181102][35.9843,-36.9493,0][-1.05086,0.945798,-0.234224][-0.811024,0.559055,-0.15748][35.9854,-36.9409,0][-0.897452,1.04615,-0.42739][-0.606299,0.755906,-0.251969][35.9733,-36.9346,0][-1.05086,0.945798,-0.234224][-0.811024,0.559055,-0.15748][35.9854,-36.9409,0][-0.970088,1.04615,-0.2152][-0.653543,0.748031,-0.125984][35.9866,-36.9346,0][-1.12843,0.810768,-0.251004][-0.929134,0.330709,-0.181102][35.9843,-36.9493,0][-1.19521,0.613976,0.097718][-0.992126,0.0472441,0.0787402][36.0061,-36.9616,0][-1.15631,0.810768,0.0955476][-0.944882,0.330709,0.0708661][36.006,-36.9493,0][-1.15631,0.810768,0.0955476][-0.944882,0.330709,0.0708661][36.006,-36.9493,0][-1.05086,0.945798,-0.234224][-0.811024,0.559055,-0.15748][35.9854,-36.9409,0][-1.12843,0.810768,-0.251004][-0.929134,0.330709,-0.181102][35.9843,-36.9493,0][-0.994028,-0.607898,-0.659188][-0.826772,-0.110236,-0.551181][35.9588,-37.038,0][-0.871228,-0.808158,-0.747264][-0.677165,-0.322835,-0.661417][35.9533,-37.0505,0][-0.959744,-0.815828,-0.639028][-0.779528,-0.322835,-0.527559][35.9601,-37.051,0][-0.871228,-0.808158,-0.747264][-0.677165,-0.322835,-0.661417][35.9533,-37.0505,0][-0.811548,-0.945438,-0.705726][-0.606299,-0.535433,-0.582677][35.9559,-37.0591,0][-0.959744,-0.815828,-0.639028][-0.779528,-0.322835,-0.527559][35.9601,-37.051,0][-0.899336,-0.94381,-0.59575][-0.692913,-0.559055,-0.456693][35.9628,-37.059,0][-0.959744,-0.815828,-0.639028][-0.779528,-0.322835,-0.527559][35.9601,-37.051,0][-0.811548,-0.945438,-0.705726][-0.606299,-0.535433,-0.582677][35.9559,-37.0591,0][-0.811548,-0.945438,-0.705726][-0.606299,-0.535433,-0.582677][35.9559,-37.0591,0][-0.831124,-1.04613,-0.553504][-0.535433,-0.76378,-0.354331][35.9654,-37.0654,0][-0.899336,-0.94381,-0.59575][-0.692913,-0.559055,-0.456693][35.9628,-37.059,0][-0.871228,-0.808158,-0.747264][-0.677165,-0.322835,-0.661417][35.9533,-37.0505,0][-0.994028,-0.607898,-0.659188][-0.826772,-0.110236,-0.551181][35.9588,-37.038,0][-0.90529,-0.613136,-0.769618][-0.740157,-0.11811,-0.669291][35.9519,-37.0383,0][-0.911888,-0.410124,-0.773896][-0.740157,-0.00787402,-0.669291][35.9516,-37.0256,0][-0.90529,-0.613136,-0.769618][-0.740157,-0.11811,-0.669291][35.9519,-37.0383,0][-0.994028,-0.607898,-0.659188][-0.826772,-0.110236,-0.551181][35.9588,-37.038,0][-0.911888,-0.410124,-0.773896][-0.740157,-0.00787402,-0.669291][35.9516,-37.0256,0][-0.994028,-0.607898,-0.659188][-0.826772,-0.110236,-0.551181][35.9588,-37.038,0][-0.996754,-0.410254,-0.660762][-0.834646,-0.00787402,-0.551181][35.9587,-37.0256,0][-0.996754,-0.410254,-0.660762][-0.834646,-0.00787402,-0.551181][35.9587,-37.0256,0][-0.9122,-0.2009,-0.774058][-0.732283,0,-0.677165][35.9516,-37.0126,0][-0.911888,-0.410124,-0.773896][-0.740157,-0.00787402,-0.669291][35.9516,-37.0256,0][-0.9122,-0.2009,-0.774058][-0.732283,0,-0.677165][35.9516,-37.0126,0][-0.996754,-0.410254,-0.660762][-0.834646,-0.00787402,-0.551181][35.9587,-37.0256,0][-0.996754,-0.196834,-0.660762][-0.834646,0,-0.543307][35.9587,-37.0123,0][-0.996754,-0.196834,-0.660762][-0.834646,0,-0.543307][35.9587,-37.0123,0][-0.912394,-0.000498772,-0.773896][-0.732283,0,-0.685039][35.9516,-37,0][-0.9122,-0.2009,-0.774058][-0.732283,0,-0.677165][35.9516,-37.0126,0][-0.912394,-0.000498772,-0.773896][-0.732283,0,-0.685039][35.9516,-37,0][-0.996754,-0.196834,-0.660762][-0.834646,0,-0.543307][35.9587,-37.0123,0][-0.996754,-0.00191879,-0.66076][-0.834646,0,-0.543307][35.9587,-37.0001,0][-0.996754,-0.00191879,-0.66076][-0.834646,0,-0.543307][35.9587,-37.0001,0][-0.996756,0.20209,-0.66076][-0.834646,0,-0.543307][35.9587,-36.9874,0][-0.912394,-0.000498772,-0.773896][-0.732283,0,-0.685039][35.9516,-37,0][-0.912438,0.202856,-0.773858][-0.732283,0,-0.685039][35.9516,-36.9873,0][-0.912394,-0.000498772,-0.773896][-0.732283,0,-0.685039][35.9516,-37,0][-0.996756,0.20209,-0.66076][-0.834646,0,-0.543307][35.9587,-36.9874,0][-0.996756,0.20209,-0.66076][-0.834646,0,-0.543307][35.9587,-36.9874,0][-0.996756,0.402964,-0.660758][-0.834646,0.00787402,-0.551181][35.9587,-36.9748,0][-0.912438,0.202856,-0.773858][-0.732283,0,-0.685039][35.9516,-36.9873,0][-0.912332,0.406816,-0.773766][-0.724409,0.00787402,-0.685039][35.9516,-36.9746,0][-0.912438,0.202856,-0.773858][-0.732283,0,-0.685039][35.9516,-36.9873,0][-0.996756,0.402964,-0.660758][-0.834646,0.00787402,-0.551181][35.9587,-36.9748,0][-0.996756,0.402964,-0.660758][-0.834646,0.00787402,-0.551181][35.9587,-36.9748,0][-0.996756,0.612084,-0.660758][-0.826772,0.102362,-0.551181][35.9587,-36.9617,0][-0.912332,0.406816,-0.773766][-0.724409,0.00787402,-0.685039][35.9516,-36.9746,0][-0.906648,0.614014,-0.770042][-0.716535,0.102362,-0.685039][35.9519,-36.9616,0][-0.912332,0.406816,-0.773766][-0.724409,0.00787402,-0.685039][35.9516,-36.9746,0][-0.996756,0.612084,-0.660758][-0.826772,0.102362,-0.551181][35.9587,-36.9617,0][-0.996756,0.612084,-0.660758][-0.826772,0.102362,-0.551181][35.9587,-36.9617,0][-0.873456,0.805376,-0.74831][-0.669291,0.307087,-0.677165][35.9532,-36.9497,0][-0.906648,0.614014,-0.770042][-0.716535,0.102362,-0.685039][35.9519,-36.9616,0][-0.873456,0.805376,-0.74831][-0.669291,0.307087,-0.677165][35.9532,-36.9497,0][-0.996756,0.612084,-0.660758][-0.826772,0.102362,-0.551181][35.9587,-36.9617,0][-0.96185,0.809934,-0.640244][-0.787402,0.322835,-0.527559][35.96,-36.9494,0][-0.96185,0.809934,-0.640244][-0.787402,0.322835,-0.527559][35.96,-36.9494,0][-0.813982,0.94774,-0.70777][-0.622047,0.480315,-0.614173][35.9558,-36.9408,0][-0.873456,0.805376,-0.74831][-0.669291,0.307087,-0.677165][35.9532,-36.9497,0][-0.813982,0.94774,-0.70777][-0.622047,0.480315,-0.614173][35.9558,-36.9408,0][-0.96185,0.809934,-0.640244][-0.787402,0.322835,-0.527559][35.96,-36.9494,0][-0.898094,0.947812,-0.59546][-0.708661,0.535433,-0.456693][35.9628,-36.9408,0][-0.898094,0.947812,-0.59546][-0.708661,0.535433,-0.456693][35.9628,-36.9408,0][-0.747344,1.04875,-0.664034][-0.480315,0.76378,-0.425197][35.9585,-36.9345,0][-0.813982,0.94774,-0.70777][-0.622047,0.480315,-0.614173][35.9558,-36.9408,0][-0.747344,1.04875,-0.664034][-0.480315,0.76378,-0.425197][35.9585,-36.9345,0][-0.898094,0.947812,-0.59546][-0.708661,0.535433,-0.456693][35.9628,-36.9408,0][-0.836754,1.04875,-0.55674][-0.543307,0.76378,-0.354331][35.9652,-36.9345,0][-0.705146,0.947748,-0.812952][-0.543307,0.433071,-0.716535][35.9492,-36.9408,0][-0.747344,1.04875,-0.664034][-0.480315,0.76378,-0.425197][35.9585,-36.9345,0][-0.65642,1.04875,-0.76038][-0.409449,0.755906,-0.503937][35.9525,-36.9345,0][-0.33726,0.685374,-1.14312][-0.748031,0.574803,0.322835][35.9286,-36.9572,0][-0.297548,0.731286,-1.13252][-0.748031,0.574803,0.322835][35.9292,-36.9543,0][-0.300482,0.73394,-1.14363][-0.748031,0.574803,0.322835][35.9285,-36.9541,0][-0.297548,0.731286,-1.13252][-0.748031,0.574803,0.322835][35.9292,-36.9543,0][-0.33726,0.685374,-1.14312][-0.748031,0.574803,0.322835][35.9286,-36.9572,0][-0.334024,0.683342,-1.13175][-0.748031,0.574803,0.322835][35.9293,-36.9573,0][-0.310492,0.623356,-1.14745][-0.834646,0.472441,0.267717][35.9283,-36.961,0][-0.33074,0.589632,-1.15087][-0.834646,0.472441,0.267717][35.9281,-36.9631,0][-0.329112,0.589158,-1.14504][-0.834646,0.472441,0.267717][35.9284,-36.9632,0][-0.33074,0.589632,-1.15087][-0.834646,0.472441,0.267717][35.9281,-36.9631,0][-0.310492,0.623356,-1.14745][-0.834646,0.472441,0.267717][35.9283,-36.961,0][-0.312,0.623936,-1.15319][-0.834646,0.472441,0.267717][35.9279,-36.961,0][-0.334024,0.683342,-1.13175][-0.889764,0.338583,0.314961][35.9293,-36.9573,0][-0.361818,0.62252,-1.14461][-0.889764,0.338583,0.314961][35.9285,-36.9611,0][-0.358362,0.621344,-1.13358][-0.889764,0.338583,0.314961][35.9292,-36.9612,0][-0.361818,0.62252,-1.14461][-0.889764,0.338583,0.314961][35.9285,-36.9611,0][-0.334024,0.683342,-1.13175][-0.889764,0.338583,0.314961][35.9293,-36.9573,0][-0.33726,0.685374,-1.14312][-0.889764,0.338583,0.314961][35.9286,-36.9572,0][0.116232,0.734022,-1.17656][-0.811024,0.582677,0.0551181][35.9265,-36.9541,0][0.080927,0.685436,-1.1891][-0.811024,0.582677,0.0551181][35.9257,-36.9572,0][0.080116,0.683356,-1.17732][-0.811024,0.582677,0.0551181][35.9264,-36.9573,0][0.116232,0.734022,-1.17656][-0.811024,0.582677,0.0551181][35.9265,-36.9541,0][0.080116,0.683356,-1.17732][-0.811024,0.582677,0.0551181][35.9264,-36.9573,0][0.115105,0.731292,-1.16497][-0.811024,0.582677,0.0551181][35.9272,-36.9543,0][-0.106518,0.4432,-1.20364][-0.811024,0.582677,0.0866142][35.9248,-36.9723,0][-0.135625,0.402678,-1.20078][-0.811024,0.582677,0.0866142][35.925,-36.9748,0][-0.105525,0.443098,-1.19213][-0.811024,0.582677,0.0866142][35.9255,-36.9723,0][-0.134316,0.402636,-1.18915][-0.811024,0.582677,0.0866142][35.9257,-36.9748,0][-0.105525,0.443098,-1.19213][-0.811024,0.582677,0.0866142][35.9255,-36.9723,0][-0.135625,0.402678,-1.20078][-0.811024,0.582677,0.0866142][35.925,-36.9748,0][-0.358362,0.621344,-1.13358][-0.944882,0.11811,0.307087][35.9292,-36.9612,0][-0.371246,0.551828,-1.14702][-0.944882,0.11811,0.307087][35.9283,-36.9655,0][-0.367788,0.551148,-1.13579][-0.944882,0.11811,0.307087][35.929,-36.9656,0][-0.371246,0.551828,-1.14702][-0.944882,0.11811,0.307087][35.9283,-36.9655,0][-0.358362,0.621344,-1.13358][-0.944882,0.11811,0.307087][35.9292,-36.9612,0][-0.361818,0.62252,-1.14461][-0.944882,0.11811,0.307087][35.9285,-36.9611,0][-0.329112,0.589158,-1.14504][-0.944882,0.165354,0.283465][35.9284,-36.9632,0][-0.337466,0.551484,-1.15148][-0.944882,0.165354,0.283465][35.928,-36.9655,0][-0.335782,0.551158,-1.14567][-0.944882,0.165354,0.283465][35.9284,-36.9656,0][-0.337466,0.551484,-1.15148][-0.944882,0.165354,0.283465][35.928,-36.9655,0][-0.329112,0.589158,-1.14504][-0.944882,0.165354,0.283465][35.9284,-36.9632,0][-0.33074,0.589632,-1.15087][-0.944882,0.165354,0.283465][35.9281,-36.9631,0][0.0886978,0.589166,-1.18832][-0.88189,0.464567,-0.0314961][35.9257,-36.9632,0][0.107145,0.62395,-1.18991][-0.88189,0.464567,-0.0314961][35.9256,-36.961,0][0.0891592,0.589654,-1.19437][-0.88189,0.464567,-0.0314961][35.9254,-36.9631,0][0.107145,0.62395,-1.18991][-0.88189,0.464567,-0.0314961][35.9256,-36.961,0][0.0886978,0.589166,-1.18832][-0.88189,0.464567,-0.0314961][35.9257,-36.9632,0][0.106659,0.623364,-1.18401][-0.88189,0.464567,-0.0314961][35.926,-36.961,0][-0.360372,0.480638,-1.14058][-0.952756,-0.11811,0.291339][35.9287,-36.97,0][-0.371246,0.551828,-1.14702][-0.952756,-0.11811,0.291339][35.9283,-36.9655,0][-0.363842,0.480822,-1.15162][-0.952756,-0.11811,0.291339][35.928,-36.9699,0][-0.371246,0.551828,-1.14702][-0.952756,-0.11811,0.291339][35.9283,-36.9655,0][-0.360372,0.480638,-1.14058][-0.952756,-0.11811,0.291339][35.9287,-36.97,0][-0.367788,0.551148,-1.13579][-0.952756,-0.11811,0.291339][35.929,-36.9656,0][-0.105525,0.443098,-1.19213][-0.937008,0.338583,0.0787402][35.9255,-36.9723,0][-0.0872978,0.494302,-1.19274][-0.937008,0.338583,0.0787402][35.9255,-36.9691,0][-0.106518,0.4432,-1.20364][-0.937008,0.338583,0.0787402][35.9248,-36.9723,0][-0.0882,0.494602,-1.20447][-0.937008,0.338583,0.0787402][35.9247,-36.9691,0][-0.106518,0.4432,-1.20364][-0.937008,0.338583,0.0787402][35.9248,-36.9723,0][-0.0872978,0.494302,-1.19274][-0.937008,0.338583,0.0787402][35.9255,-36.9691,0][0.316012,0.4432,-1.16616][-0.787402,0.582677,-0.19685][35.9271,-36.9723,0][0.287542,0.402676,-1.17359][-0.787402,0.582677,-0.19685][35.9267,-36.9748,0][0.284768,0.402636,-1.16221][-0.787402,0.582677,-0.19685][35.9274,-36.9748,0][0.316012,0.4432,-1.16616][-0.787402,0.582677,-0.19685][35.9271,-36.9723,0][0.284768,0.402636,-1.16221][-0.787402,0.582677,-0.19685][35.9274,-36.9748,0][0.313056,0.443096,-1.15493][-0.787402,0.582677,-0.19685][35.9278,-36.9723,0][-0.341246,0.417172,-1.15902][-0.779528,-0.590551,0.212598][35.9276,-36.9739,0][-0.302944,0.366974,-1.15795][-0.779528,-0.590551,0.212598][35.9276,-36.9771,0][-0.337988,0.417122,-1.14774][-0.779528,-0.590551,0.212598][35.9283,-36.9739,0][-0.302944,0.366974,-1.15795][-0.779528,-0.590551,0.212598][35.9276,-36.9771,0][-0.341246,0.417172,-1.15902][-0.779528,-0.590551,0.212598][35.9276,-36.9739,0][-0.30589,0.366996,-1.16909][-0.779528,-0.590551,0.212598][35.9269,-36.9771,0][-0.337466,0.551484,-1.15148][-0.952756,-0.165354,0.259843][35.928,-36.9655,0][-0.33001,0.513104,-1.14897][-0.952756,-0.165354,0.259843][35.9282,-36.9679,0][-0.335782,0.551158,-1.14567][-0.952756,-0.165354,0.259843][35.9284,-36.9656,0][-0.337466,0.551484,-1.15148][-0.952756,-0.165354,0.259843][35.928,-36.9655,0][-0.33161,0.513276,-1.15473][-0.952756,-0.165354,0.259843][35.9278,-36.9679,0][-0.33001,0.513104,-1.14897][-0.952756,-0.165354,0.259843][35.9282,-36.9679,0][-0.363842,0.480822,-1.15162][-0.897638,-0.346457,0.267717][35.928,-36.9699,0][-0.337988,0.417122,-1.14774][-0.897638,-0.346457,0.267717][35.9283,-36.9739,0][-0.360372,0.480638,-1.14058][-0.897638,-0.346457,0.267717][35.9287,-36.97,0][-0.337988,0.417122,-1.14774][-0.897638,-0.346457,0.267717][35.9283,-36.9739,0][-0.363842,0.480822,-1.15162][-0.897638,-0.346457,0.267717][35.928,-36.9699,0][-0.341246,0.417172,-1.15902][-0.897638,-0.346457,0.267717][35.9276,-36.9739,0][0.080927,0.685436,-1.1891][-0.944882,0.338583,-0.00787402][35.9257,-36.9572,0][0.0585082,0.622544,-1.19914][-0.944882,0.338583,-0.00787402][35.9251,-36.9611,0][0.058014,0.62135,-1.18756][-0.944882,0.338583,-0.00787402][35.9258,-36.9612,0][0.080927,0.685436,-1.1891][-0.944882,0.338583,-0.00787402][35.9257,-36.9572,0][0.058014,0.62135,-1.18756][-0.944882,0.338583,-0.00787402][35.9258,-36.9612,0][0.080116,0.683356,-1.17732][-0.944882,0.338583,-0.00787402][35.9264,-36.9573,0][-0.33161,0.513276,-1.15473][-0.850394,-0.480315,0.220472][35.9278,-36.9679,0][-0.313652,0.478734,-1.1606][-0.850394,-0.480315,0.220472][35.9275,-36.9701,0][-0.31215,0.478634,-1.15487][-0.850394,-0.480315,0.220472][35.9278,-36.9701,0][-0.31215,0.478634,-1.15487][-0.850394,-0.480315,0.220472][35.9278,-36.9701,0][-0.33001,0.513104,-1.14897][-0.850394,-0.480315,0.220472][35.9282,-36.9679,0][-0.33161,0.513276,-1.15473][-0.850394,-0.480315,0.220472][35.9278,-36.9679,0][-0.0816628,0.55182,-1.20306][-0.992126,0.110236,0.0787402][35.9248,-36.9655,0][-0.0882,0.494602,-1.20447][-0.992126,0.110236,0.0787402][35.9247,-36.9691,0][-0.0808798,0.551158,-1.19124][-0.992126,0.110236,0.0787402][35.9256,-36.9656,0][-0.0872978,0.494302,-1.19274][-0.992126,0.110236,0.0787402][35.9255,-36.9691,0][-0.0808798,0.551158,-1.19124][-0.992126,0.110236,0.0787402][35.9256,-36.9656,0][-0.0882,0.494602,-1.20447][-0.992126,0.110236,0.0787402][35.9247,-36.9691,0][0.0826144,0.551168,-1.19121][-0.984252,0.165354,-0.0629921][35.9256,-36.9656,0][0.0891592,0.589654,-1.19437][-0.984252,0.165354,-0.0629921][35.9254,-36.9631,0][0.083026,0.551506,-1.19727][-0.984252,0.165354,-0.0629921][35.9252,-36.9655,0][0.0891592,0.589654,-1.19437][-0.984252,0.165354,-0.0629921][35.9254,-36.9631,0][0.0826144,0.551168,-1.19121][-0.984252,0.165354,-0.0629921][35.9256,-36.9656,0][0.0886978,0.589166,-1.18832][-0.984252,0.165354,-0.0629921][35.9257,-36.9632,0][0.058014,0.62135,-1.18756][-0.992126,0.110236,-0.0314961][35.9258,-36.9612,0][0.0506332,0.551862,-1.20476][-0.992126,0.110236,-0.0314961][35.9247,-36.9655,0][0.0501426,0.551164,-1.19319][-0.992126,0.110236,-0.0314961][35.9254,-36.9656,0][0.0506332,0.551862,-1.20476][-0.992126,0.110236,-0.0314961][35.9247,-36.9655,0][0.058014,0.62135,-1.18756][-0.992126,0.110236,-0.0314961][35.9258,-36.9612,0][0.0585082,0.622544,-1.19914][-0.992126,0.110236,-0.0314961][35.9251,-36.9611,0][-0.0880574,0.608918,-1.19861][-0.992126,-0.11811,0.0629921][35.9251,-36.9619,0][-0.0816628,0.55182,-1.20306][-0.992126,-0.11811,0.0629921][35.9248,-36.9655,0][-0.0871234,0.607732,-1.18696][-0.992126,-0.11811,0.0629921][35.9258,-36.962,0][-0.0808798,0.551158,-1.19124][-0.992126,-0.11811,0.0629921][35.9256,-36.9656,0][-0.0871234,0.607732,-1.18696][-0.992126,-0.11811,0.0629921][35.9258,-36.962,0][-0.0816628,0.55182,-1.20306][-0.992126,-0.11811,0.0629921][35.9248,-36.9655,0][0.334198,0.494586,-1.16034][-0.905512,0.346457,-0.23622][35.9275,-36.9691,0][0.316012,0.4432,-1.16616][-0.905512,0.346457,-0.23622][35.9271,-36.9723,0][0.313056,0.443096,-1.15493][-0.905512,0.346457,-0.23622][35.9278,-36.9723,0][0.334198,0.494586,-1.16034][-0.905512,0.346457,-0.23622][35.9275,-36.9691,0][0.313056,0.443096,-1.15493][-0.905512,0.346457,-0.23622][35.9278,-36.9723,0][0.331026,0.494298,-1.14894][-0.905512,0.346457,-0.23622][35.9282,-36.9691,0][0.117476,0.366994,-1.20281][-0.811024,-0.582677,-0.0629921][35.9248,-36.9771,0][0.0806192,0.417124,-1.19394][-0.811024,-0.582677,-0.0629921][35.9254,-36.9739,0][0.0814352,0.417172,-1.20562][-0.811024,-0.582677,-0.0629921][35.9247,-36.9739,0][0.0806192,0.417124,-1.19394][-0.811024,-0.582677,-0.0629921][35.9254,-36.9739,0][0.117476,0.366994,-1.20281][-0.811024,-0.582677,-0.0629921][35.9248,-36.9771,0][0.116418,0.366974,-1.19119][-0.811024,-0.582677,-0.0629921][35.9256,-36.9771,0][-0.0871234,0.607732,-1.18696][-0.937008,-0.338583,0.0314961][35.9258,-36.962,0][-0.10605,0.659968,-1.19122][-0.937008,-0.338583,0.0314961][35.9256,-36.9588,0][-0.0880574,0.608918,-1.19861][-0.937008,-0.338583,0.0314961][35.9251,-36.9619,0][-0.10605,0.659968,-1.19122][-0.937008,-0.338583,0.0314961][35.9256,-36.9588,0][-0.0871234,0.607732,-1.18696][-0.937008,-0.338583,0.0314961][35.9258,-36.962,0][-0.105065,0.658198,-1.17974][-0.937008,-0.338583,0.0314961][35.9263,-36.9589,0][0.11366,0.828374,-1.15802][-0.346457,-0.370079,-0.866142][35.9276,-36.9482,0][0.11136,0.836574,-1.13219][-0.96063,0.291339,0.0393701][35.9292,-36.9477,0][0.113203,0.845172,-1.15133][-0.645669,0.488189,-0.590551][35.928,-36.9472,0][0.11136,0.836574,-1.13219][-0.96063,0.291339,0.0393701][35.9292,-36.9477,0][0.11366,0.828374,-1.15802][-0.346457,-0.370079,-0.866142][35.9276,-36.9482,0][0.111725,0.820718,-1.13854][-0.519685,-0.771654,-0.362205][35.9288,-36.9487,0][0.0586638,0.480836,-1.20652][-0.992126,-0.110236,-0.0472441][35.9246,-36.9699,0][0.0501426,0.551164,-1.19319][-0.992126,-0.110236,-0.0472441][35.9254,-36.9656,0][0.0506332,0.551862,-1.20476][-0.992126,-0.110236,-0.0472441][35.9247,-36.9655,0][0.0501426,0.551164,-1.19319][-0.992126,-0.110236,-0.0472441][35.9254,-36.9656,0][0.0586638,0.480836,-1.20652][-0.992126,-0.110236,-0.0472441][35.9246,-36.9699,0][0.058167,0.480644,-1.19489][-0.992126,-0.110236,-0.0472441][35.9253,-36.97,0][-0.134643,0.699908,-1.18167][-0.818898,-0.582677,-0.023622][35.9261,-36.9563,0][-0.105065,0.658198,-1.17974][-0.818898,-0.582677,-0.023622][35.9263,-36.9589,0][-0.133321,0.69757,-1.16997][-0.818898,-0.582677,-0.023622][35.9269,-36.9564,0][-0.105065,0.658198,-1.17974][-0.818898,-0.582677,-0.023622][35.9263,-36.9589,0][-0.134643,0.699908,-1.18167][-0.818898,-0.582677,-0.023622][35.9261,-36.9563,0][-0.10605,0.659968,-1.19122][-0.818898,-0.582677,-0.023622][35.9256,-36.9588,0][0.083026,0.551506,-1.19727][-0.984252,-0.15748,-0.0787402][35.9252,-36.9655,0][0.089324,0.513282,-1.19834][-0.984252,-0.15748,-0.0787402][35.9251,-36.9679,0][0.0826144,0.551168,-1.19121][-0.984252,-0.15748,-0.0787402][35.9256,-36.9656,0][0.0888434,0.51311,-1.1924][-0.984252,-0.15748,-0.0787402][35.9255,-36.9679,0][0.0826144,0.551168,-1.19121][-0.984252,-0.15748,-0.0787402][35.9256,-36.9656,0][0.089324,0.513282,-1.19834][-0.984252,-0.15748,-0.0787402][35.9251,-36.9679,0][0.0814352,0.417172,-1.20562][-0.937008,-0.338583,-0.0551181][35.9247,-36.9739,0][0.058167,0.480644,-1.19489][-0.937008,-0.338583,-0.0551181][35.9253,-36.97,0][0.0586638,0.480836,-1.20652][-0.937008,-0.338583,-0.0551181][35.9246,-36.9699,0][0.058167,0.480644,-1.19489][-0.937008,-0.338583,-0.0551181][35.9253,-36.97,0][0.0814352,0.417172,-1.20562][-0.937008,-0.338583,-0.0551181][35.9247,-36.9739,0][0.0806192,0.417124,-1.19394][-0.937008,-0.338583,-0.0551181][35.9254,-36.9739,0][0.340218,0.551806,-1.15663][-0.952756,0.11811,-0.267717][35.9277,-36.9655,0][0.334198,0.494586,-1.16034][-0.952756,0.11811,-0.267717][35.9275,-36.9691,0][0.331026,0.494298,-1.14894][-0.952756,0.11811,-0.267717][35.9282,-36.9691,0][0.340218,0.551806,-1.15663][-0.952756,0.11811,-0.267717][35.9277,-36.9655,0][0.331026,0.494298,-1.14894][-0.952756,0.11811,-0.267717][35.9282,-36.9691,0][0.33689,0.551148,-1.14527][-0.952756,0.11811,-0.267717][35.9284,-36.9656,0][0.089324,0.513282,-1.19834][-0.88189,-0.464567,-0.0866142][35.9251,-36.9679,0][0.107438,0.478736,-1.19757][-0.88189,-0.464567,-0.0866142][35.9252,-36.9701,0][0.0888434,0.51311,-1.1924][-0.88189,-0.464567,-0.0866142][35.9255,-36.9679,0][0.10695,0.478636,-1.19167][-0.88189,-0.464567,-0.0866142][35.9255,-36.9701,0][0.0888434,0.51311,-1.1924][-0.88189,-0.464567,-0.0866142][35.9255,-36.9679,0][0.107438,0.478736,-1.19757][-0.88189,-0.464567,-0.0866142][35.9252,-36.9701,0][0.340218,0.551806,-1.15663][-0.952756,-0.110236,-0.283465][35.9277,-36.9655,0][0.329662,0.607734,-1.14339][-0.952756,-0.110236,-0.283465][35.9285,-36.962,0][0.332804,0.608896,-1.15475][-0.952756,-0.110236,-0.283465][35.9278,-36.9619,0][0.329662,0.607734,-1.14339][-0.952756,-0.110236,-0.283465][35.9285,-36.962,0][0.340218,0.551806,-1.15663][-0.952756,-0.110236,-0.283465][35.9277,-36.9655,0][0.33689,0.551148,-1.14527][-0.952756,-0.110236,-0.283465][35.9284,-36.9656,0][0.313332,0.659944,-1.15413][-0.76378,-0.566929,-0.299213][35.9279,-36.9588,0][0.281124,0.69755,-1.14351][-0.76378,-0.566929,-0.299213][35.9285,-36.9564,0][0.283978,0.699878,-1.15494][-0.76378,-0.566929,-0.299213][35.9278,-36.9563,0][0.281124,0.69755,-1.14351][-0.76378,-0.566929,-0.299213][35.9285,-36.9564,0][0.313332,0.659944,-1.15413][-0.76378,-0.566929,-0.299213][35.9279,-36.9588,0][0.310384,0.658196,-1.14296][-0.76378,-0.566929,-0.299213][35.9286,-36.9589,0][0.310384,0.658196,-1.14296][-0.897638,-0.338583,-0.283465][35.9286,-36.9589,0][0.332804,0.608896,-1.15475][-0.897638,-0.338583,-0.283465][35.9278,-36.9619,0][0.329662,0.607734,-1.14339][-0.897638,-0.338583,-0.283465][35.9285,-36.962,0][0.332804,0.608896,-1.15475][-0.897638,-0.338583,-0.283465][35.9278,-36.9619,0][0.310384,0.658196,-1.14296][-0.897638,-0.338583,-0.283465][35.9286,-36.9589,0][0.313332,0.659944,-1.15413][-0.897638,-0.338583,-0.283465][35.9279,-36.9588,0][0.446546,-0.41553,-0.784132][-0.897638,-0.00787402,-0.433071][35.951,-37.026,0][0.546024,-0.280104,-0.991016][-0.88189,-0.220472,-0.425197][35.9381,-37.0175,0][0.546584,-0.417514,-0.990626][-0.897638,-0.00787402,-0.433071][35.9381,-37.0261,0][0.546024,-0.280104,-0.991016][-0.88189,-0.220472,-0.425197][35.9381,-37.0175,0][0.446546,-0.41553,-0.784132][-0.897638,-0.00787402,-0.433071][35.951,-37.026,0][0.44538,-0.280066,-0.784898][-0.88189,-0.220472,-0.425197][35.9509,-37.0175,0][0.394978,-0.145172,-0.811636][-0.653543,-0.685039,-0.307087][35.9493,-37.0091,0][0.546024,-0.280104,-0.991016][-0.88189,-0.220472,-0.425197][35.9381,-37.0175,0][0.44538,-0.280066,-0.784898][-0.88189,-0.220472,-0.425197][35.9509,-37.0175,0][0.546024,-0.280104,-0.991016][-0.88189,-0.220472,-0.425197][35.9381,-37.0175,0][0.394978,-0.145172,-0.811636][-0.653543,-0.685039,-0.307087][35.9493,-37.0091,0][0.49013,-0.144881,-1.01997][-0.653543,-0.692913,-0.307087][35.9363,-37.0091,0][0.546584,-0.417514,-0.990626][-0.897638,-0.00787402,-0.433071][35.9381,-37.0261,0][0.4474,-0.551432,-0.78061][-0.897638,0.125984,-0.425197][35.9512,-37.0345,0][0.446546,-0.41553,-0.784132][-0.897638,-0.00787402,-0.433071][35.951,-37.026,0][0.4474,-0.551432,-0.78061][-0.897638,0.125984,-0.425197][35.9512,-37.0345,0][0.546584,-0.417514,-0.990626][-0.897638,-0.00787402,-0.433071][35.9381,-37.0261,0][0.54536,-0.564714,-0.987796][-0.897638,0.125984,-0.425197][35.9383,-37.0353,0][0.54536,-0.564714,-0.987796][-0.897638,0.125984,-0.425197][35.9383,-37.0353,0][0.415762,-0.681126,-0.779454][-0.88189,0.244094,-0.409449][35.9513,-37.0426,0][0.4474,-0.551432,-0.78061][-0.897638,0.125984,-0.425197][35.9512,-37.0345,0][0.415762,-0.681126,-0.779454][-0.88189,0.244094,-0.409449][35.9513,-37.0426,0][0.54536,-0.564714,-0.987796][-0.897638,0.125984,-0.425197][35.9383,-37.0353,0][0.490938,-0.73901,-0.987846][-0.88189,0.244094,-0.409449][35.9383,-37.0462,0][-0.321566,0.837358,-1.09124][-0.889764,0.251969,0.377953][35.9318,-36.9477,0][-0.327268,0.829484,-1.11667][-0.543307,-0.472441,-0.692913][35.9302,-36.9482,0][-0.32169,0.82168,-1.0977][-0.488189,-0.850394,-0.212598][35.9314,-36.9486,0][-0.327268,0.829484,-1.11667][-0.543307,-0.472441,-0.692913][35.9302,-36.9482,0][-0.321566,0.837358,-1.09124][-0.889764,0.251969,0.377953][35.9318,-36.9477,0][-0.327102,0.845932,-1.10967][-0.84252,0.456693,-0.299213][35.9306,-36.9471,0][-0.307252,0.85618,-1.08689][-0.637795,0.606299,0.480315][35.9321,-36.9465,0][-0.327102,0.845932,-1.10967][-0.84252,0.456693,-0.299213][35.9306,-36.9471,0][-0.321566,0.837358,-1.09124][-0.889764,0.251969,0.377953][35.9318,-36.9477,0][-0.327102,0.845932,-1.10967][-0.84252,0.456693,-0.299213][35.9306,-36.9471,0][-0.307252,0.85618,-1.08689][-0.637795,0.606299,0.480315][35.9321,-36.9465,0][-0.312204,0.864962,-1.10529][-0.653543,0.740157,-0.165354][35.9309,-36.9459,0][0.11136,0.836574,-1.13219][-0.96063,0.291339,0.0393701][35.9292,-36.9477,0][0.125537,0.865542,-1.14088][-0.551181,0.732283,-0.401575][35.9287,-36.9459,0][0.113203,0.845172,-1.15133][-0.645669,0.488189,-0.590551][35.928,-36.9472,0][0.125537,0.865542,-1.14088][-0.551181,0.732283,-0.401575][35.9287,-36.9459,0][0.11136,0.836574,-1.13219][-0.96063,0.291339,0.0393701][35.9292,-36.9477,0][0.123505,0.85671,-1.12195][-0.779528,0.598425,0.204724][35.9299,-36.9465,0][0.123505,0.85671,-1.12195][-0.779528,0.598425,0.204724][35.9299,-36.9465,0][0.150055,0.885592,-1.12801][-0.370079,0.88189,-0.307087][35.9295,-36.9446,0][0.125537,0.865542,-1.14088][-0.551181,0.732283,-0.401575][35.9287,-36.9459,0][-0.668834,-1.15476,-0.474136][-0.314961,-0.92126,-0.220472][35.9582,-37.0296,0][-0.543322,-1.20191,-0.252644][-0.0866142,-0.992126,-0.0393701][35.966,-37.0158,0][-0.742814,-1.15628,-0.348868][-0.354331,-0.92126,-0.15748][35.9536,-37.0218,0][-0.742814,-1.15628,-0.348868][-0.354331,-0.92126,-0.15748][35.9536,-37.0218,0][-0.831124,-1.04613,-0.553504][-0.535433,-0.76378,-0.354331][35.9481,-37.0346,0][-0.668834,-1.15476,-0.474136][-0.314961,-0.92126,-0.220472][35.9582,-37.0296,0][-0.589466,-1.2014,-0.125554][-0.102362,-0.992126,-0.015748][35.9632,-37.0078,0][-0.742814,-1.15628,-0.348868][-0.354331,-0.92126,-0.15748][35.9536,-37.0218,0][-0.543322,-1.20191,-0.252644][-0.0866142,-0.992126,-0.0393701][35.966,-37.0158,0][-0.831124,-1.04613,-0.553504][-0.535433,-0.76378,-0.354331][35.9481,-37.0346,0][-0.742814,-1.15628,-0.348868][-0.354331,-0.92126,-0.15748][35.9536,-37.0218,0][-0.891274,-1.04985,-0.417962][-0.590551,-0.76378,-0.244094][35.9443,-37.0261,0][-0.742814,-1.15628,-0.348868][-0.354331,-0.92126,-0.15748][35.9536,-37.0218,0][-0.589466,-1.2014,-0.125554][-0.102362,-0.992126,-0.015748][35.9632,-37.0078,0][-0.805982,-1.15556,-0.174879][-0.401575,-0.913386,-0.0787402][35.9496,-37.0109,0][-0.805982,-1.15556,-0.174879][-0.401575,-0.913386,-0.0787402][35.9496,-37.0109,0][-0.891274,-1.04985,-0.417962][-0.590551,-0.76378,-0.244094][35.9443,-37.0261,0][-0.742814,-1.15628,-0.348868][-0.354331,-0.92126,-0.15748][35.9536,-37.0218,0][-0.602974,-1.20159,0.0541972][-0.102362,-0.992126,0.00787402][35.9623,-36.9966,0][-0.805982,-1.15556,-0.174879][-0.401575,-0.913386,-0.0787402][35.9496,-37.0109,0][-0.589466,-1.2014,-0.125554][-0.102362,-0.992126,-0.015748][35.9632,-37.0078,0][-0.891274,-1.04985,-0.417962][-0.590551,-0.76378,-0.244094][35.9443,-37.0261,0][-0.805982,-1.15556,-0.174879][-0.401575,-0.913386,-0.0787402][35.9496,-37.0109,0][-0.965886,-1.04712,-0.210108][-0.645669,-0.755906,-0.11811][35.9396,-37.0131,0][-0.805982,-1.15556,-0.174879][-0.401575,-0.913386,-0.0787402][35.9496,-37.0109,0][-0.602974,-1.20159,0.0541972][-0.102362,-0.992126,0.00787402][35.9623,-36.9966,0][-0.824432,-1.15579,0.0706562][-0.401575,-0.913386,0.0314961][35.9485,-36.9956,0][-0.824432,-1.15579,0.0706562][-0.401575,-0.913386,0.0314961][35.9485,-36.9956,0][-0.965886,-1.04712,-0.210108][-0.645669,-0.755906,-0.11811][35.9396,-37.0131,0][-0.805982,-1.15556,-0.174879][-0.401575,-0.913386,-0.0787402][35.9496,-37.0109,0][-0.965886,-1.04712,-0.210108][-0.645669,-0.755906,-0.11811][35.9396,-37.0131,0][-0.824432,-1.15579,0.0706562][-0.401575,-0.913386,0.0314961][35.9485,-36.9956,0][-0.989032,-1.04722,0.0830656][-0.653543,-0.755906,0.0472441][35.9382,-36.9948,0][-0.562812,-1.20131,0.229892][-0.102362,-0.992126,0.0393701][35.9648,-36.9856,0][-0.824432,-1.15579,0.0706562][-0.401575,-0.913386,0.0314961][35.9485,-36.9956,0][-0.602974,-1.20159,0.0541972][-0.102362,-0.992126,0.00787402][35.9623,-36.9966,0][-0.824432,-1.15579,0.0706562][-0.401575,-0.913386,0.0314961][35.9485,-36.9956,0][-0.922498,-1.04644,0.36912][-0.614173,-0.748031,0.244094][35.9423,-36.9769,0][-0.989032,-1.04722,0.0830656][-0.653543,-0.755906,0.0472441][35.9382,-36.9948,0][-0.922498,-1.04644,0.36912][-0.614173,-0.748031,0.244094][35.9423,-36.9769,0][-0.824432,-1.15579,0.0706562][-0.401575,-0.913386,0.0314961][35.9485,-36.9956,0][-0.772248,-1.15414,0.311962][-0.377953,-0.913386,0.149606][35.9517,-36.9805,0][-0.824432,-1.15579,0.0706562][-0.401575,-0.913386,0.0314961][35.9485,-36.9956,0][-0.562812,-1.20131,0.229892][-0.102362,-0.992126,0.0393701][35.9648,-36.9856,0][-0.772248,-1.15414,0.311962][-0.377953,-0.913386,0.149606][35.9517,-36.9805,0][-0.922498,-1.04644,0.36912][-0.614173,-0.748031,0.244094][35.9423,-36.9769,0][-0.772248,-1.15414,0.311962][-0.377953,-0.913386,0.149606][35.9517,-36.9805,0][-0.77571,-1.04672,0.623898][-0.519685,-0.748031,0.409449][35.9515,-36.961,0][-0.562812,-1.20131,0.229892][-0.102362,-0.992126,0.0393701][35.9648,-36.9856,0][-0.648484,-1.15411,0.526288][-0.322835,-0.913386,0.251969][35.9595,-36.9671,0][-0.772248,-1.15414,0.311962][-0.377953,-0.913386,0.149606][35.9517,-36.9805,0][-0.77571,-1.04672,0.623898][-0.519685,-0.748031,0.409449][35.9515,-36.961,0][-0.772248,-1.15414,0.311962][-0.377953,-0.913386,0.149606][35.9517,-36.9805,0][-0.648484,-1.15411,0.526288][-0.322835,-0.913386,0.251969][35.9595,-36.9671,0][-0.648484,-1.15411,0.526288][-0.322835,-0.913386,0.251969][35.9595,-36.9671,0][-0.562812,-1.20131,0.229892][-0.102362,-0.992126,0.0393701][35.9648,-36.9856,0][-0.472706,-1.20131,0.38596][-0.0866142,-0.992126,0.0629921][35.9705,-36.9759,0][-0.560324,-1.04791,0.825836][-0.370079,-0.755906,0.543307][35.965,-36.9484,0][-0.77571,-1.04672,0.623898][-0.519685,-0.748031,0.409449][35.9515,-36.961,0][-0.648484,-1.15411,0.526288][-0.322835,-0.913386,0.251969][35.9595,-36.9671,0][-0.560324,-1.04791,0.825836][-0.370079,-0.755906,0.543307][35.965,-36.9484,0][-0.841672,-0.945522,0.678236][-0.637795,-0.582677,0.503937][35.9474,-36.9576,0][-0.77571,-1.04672,0.623898][-0.519685,-0.748031,0.409449][35.9515,-36.961,0][-0.841672,-0.945522,0.678236][-0.637795,-0.582677,0.503937][35.9474,-36.9576,0][-0.560324,-1.04791,0.825836][-0.370079,-0.755906,0.543307][35.965,-36.9484,0][-0.608446,-0.94588,0.89853][-0.456693,-0.582677,0.669291][35.962,-36.9438,0][-0.560324,-1.04791,0.825836][-0.370079,-0.755906,0.543307][35.965,-36.9484,0][-0.648484,-1.15411,0.526288][-0.322835,-0.913386,0.251969][35.9595,-36.9671,0][-0.465606,-1.1557,0.692132][-0.228346,-0.913386,0.338583][35.9709,-36.9567,0][-0.472706,-1.20131,0.38596][-0.0866142,-0.992126,0.0629921][35.9705,-36.9759,0][-0.465606,-1.1557,0.692132][-0.228346,-0.913386,0.338583][35.9709,-36.9567,0][-0.648484,-1.15411,0.526288][-0.322835,-0.913386,0.251969][35.9595,-36.9671,0][-0.292926,-1.04783,0.953566][-0.188976,-0.755906,0.629921][35.9817,-36.9404,0][-0.560324,-1.04791,0.825836][-0.370079,-0.755906,0.543307][35.965,-36.9484,0][-0.465606,-1.1557,0.692132][-0.228346,-0.913386,0.338583][35.9709,-36.9567,0][-0.465606,-1.1557,0.692132][-0.228346,-0.913386,0.338583][35.9709,-36.9567,0][-0.472706,-1.20131,0.38596][-0.0866142,-0.992126,0.0629921][35.9705,-36.9759,0][-0.340632,-1.2016,0.50859][-0.0629921,-0.992126,0.0866142][35.9787,-36.9682,0][-0.340632,-1.2016,0.50859][-0.0629921,-0.992126,0.0866142][35.9787,-36.9682,0][-0.243744,-1.15548,0.798922][-0.11811,-0.913386,0.385827][35.9848,-36.9501,0][-0.465606,-1.1557,0.692132][-0.228346,-0.913386,0.338583][35.9709,-36.9567,0][-0.465606,-1.1557,0.692132][-0.228346,-0.913386,0.338583][35.9709,-36.9567,0][-0.243744,-1.15548,0.798922][-0.11811,-0.913386,0.385827][35.9848,-36.9501,0][-0.292926,-1.04783,0.953566][-0.188976,-0.755906,0.629921][35.9817,-36.9404,0][-0.243744,-1.15548,0.798922][-0.11811,-0.913386,0.385827][35.9848,-36.9501,0][-0.340632,-1.2016,0.50859][-0.0629921,-0.992126,0.0866142][35.9787,-36.9682,0][-0.178209,-1.20142,0.58677][-0.0314961,-0.992126,0.102362][35.9889,-36.9633,0][-1.78447e-07,-1.20127,0.613598][0,-0.992126,0.110236][36,-36.9616,0][-0.243744,-1.15548,0.798922][-0.11811,-0.913386,0.385827][35.9848,-36.9501,0][-0.178209,-1.20142,0.58677][-0.0314961,-0.992126,0.102362][35.9889,-36.9633,0][-0.243744,-1.15548,0.798922][-0.11811,-0.913386,0.385827][35.9848,-36.9501,0][-1.78447e-07,-1.20127,0.613598][0,-0.992126,0.110236][36,-36.9616,0][-2.54072e-07,-1.15387,0.838366][0,-0.913386,0.409449][36,-36.9476,0][-2.54072e-07,-1.15387,0.838366][0,-0.913386,0.409449][36,-36.9476,0][-0.292926,-1.04783,0.953566][-0.188976,-0.755906,0.629921][35.9817,-36.9404,0][-0.243744,-1.15548,0.798922][-0.11811,-0.913386,0.385827][35.9848,-36.9501,0][-0.292926,-1.04783,0.953566][-0.188976,-0.755906,0.629921][35.9817,-36.9404,0][-2.54072e-07,-1.15387,0.838366][0,-0.913386,0.409449][36,-36.9476,0][-3.21528e-07,-1.04734,0.997422][0,-0.748031,0.661417][36,-36.9377,0][0.742364,-1.04613,-0.659868][0.472441,-0.76378,-0.433071][36.0464,-37.0412,0][0.6416,-1.04613,-0.764458][0.409449,-0.755906,-0.511811][36.0401,-37.0478,0][0.696276,-0.945438,-0.815408][0.551181,-0.503937,-0.669291][36.0435,-37.051,0][0.742364,-1.04613,-0.659868][0.472441,-0.76378,-0.433071][36.0464,-37.0412,0][0.696276,-0.945438,-0.815408][0.551181,-0.503937,-0.669291][36.0435,-37.051,0][0.811538,-0.945438,-0.70572][0.614173,-0.535433,-0.582677][36.0507,-37.0441,0][0.831126,-1.04613,-0.553504][0.535433,-0.76378,-0.354331][36.0519,-37.0346,0][0.742364,-1.04613,-0.659868][0.472441,-0.76378,-0.433071][36.0464,-37.0412,0][0.811538,-0.945438,-0.70572][0.614173,-0.535433,-0.582677][36.0507,-37.0441,0][0.49363,-1.04613,-0.861996][0.314961,-0.755906,-0.574803][36.0309,-37.0539,0][0.391762,-1.15583,-0.714576][0.188976,-0.913386,-0.354331][36.0245,-37.0447,0][0.33568,-1.04613,-0.926168][0.212598,-0.755906,-0.622047][36.021,-37.0579,0][0.262336,-1.20127,-0.535728][0.0472441,-0.992126,-0.0944882][36.0164,-37.0335,0][0.391762,-1.15583,-0.714576][0.188976,-0.913386,-0.354331][36.0245,-37.0447,0][0.3406,-1.20137,-0.490562][0.0551181,-0.992126,-0.0866142][36.0213,-37.0307,0][0.497476,-1.15574,-0.64632][0.23622,-0.92126,-0.314961][36.0311,-37.0404,0][0.391762,-1.15583,-0.714576][0.188976,-0.913386,-0.354331][36.0245,-37.0447,0][0.49363,-1.04613,-0.861996][0.314961,-0.755906,-0.574803][36.0309,-37.0539,0][0.497476,-1.15574,-0.64632][0.23622,-0.92126,-0.314961][36.0311,-37.0404,0][0.3406,-1.20137,-0.490562][0.0551181,-0.992126,-0.0866142][36.0213,-37.0307,0][0.391762,-1.15583,-0.714576][0.188976,-0.913386,-0.354331][36.0245,-37.0447,0][0.6416,-1.04613,-0.764458][0.409449,-0.755906,-0.511811][36.0401,-37.0478,0][0.497476,-1.15574,-0.64632][0.23622,-0.92126,-0.314961][36.0311,-37.0404,0][0.49363,-1.04613,-0.861996][0.314961,-0.755906,-0.574803][36.0309,-37.0539,0][0.3406,-1.20137,-0.490562][0.0551181,-0.992126,-0.0866142][36.0213,-37.0307,0][0.497476,-1.15574,-0.64632][0.23622,-0.92126,-0.314961][36.0311,-37.0404,0][0.41127,-1.20151,-0.434238][0.0708661,-0.992126,-0.0708661][36.0257,-37.0271,0][0.497476,-1.15574,-0.64632][0.23622,-0.92126,-0.314961][36.0311,-37.0404,0][0.6416,-1.04613,-0.764458][0.409449,-0.755906,-0.511811][36.0401,-37.0478,0][0.588868,-1.15539,-0.566374][0.283465,-0.92126,-0.267717][36.0368,-37.0354,0][0.41127,-1.20151,-0.434238][0.0708661,-0.992126,-0.0708661][36.0257,-37.0271,0][0.497476,-1.15574,-0.64632][0.23622,-0.92126,-0.314961][36.0311,-37.0404,0][0.588868,-1.15539,-0.566374][0.283465,-0.92126,-0.267717][36.0368,-37.0354,0][0.588868,-1.15539,-0.566374][0.283465,-0.92126,-0.267717][36.0368,-37.0354,0][0.6416,-1.04613,-0.764458][0.409449,-0.755906,-0.511811][36.0401,-37.0478,0][0.742364,-1.04613,-0.659868][0.472441,-0.76378,-0.433071][36.0464,-37.0412,0][0.41127,-1.20151,-0.434238][0.0708661,-0.992126,-0.0708661][36.0257,-37.0271,0][0.588868,-1.15539,-0.566374][0.283465,-0.92126,-0.267717][36.0368,-37.0354,0][0.472702,-1.20128,-0.367962][0.0787402,-0.992126,-0.0629921][36.0295,-37.023,0][0.588868,-1.15539,-0.566374][0.283465,-0.92126,-0.267717][36.0368,-37.0354,0][0.742364,-1.04613,-0.659868][0.472441,-0.76378,-0.433071][36.0464,-37.0412,0][0.668834,-1.15476,-0.474134][0.314961,-0.92126,-0.220472][36.0418,-37.0296,0][0.472702,-1.20128,-0.367962][0.0787402,-0.992126,-0.0629921][36.0295,-37.023,0][0.588868,-1.15539,-0.566374][0.283465,-0.92126,-0.267717][36.0368,-37.0354,0][0.668834,-1.15476,-0.474134][0.314961,-0.92126,-0.220472][36.0418,-37.0296,0][0.668834,-1.15476,-0.474134][0.314961,-0.92126,-0.220472][36.0418,-37.0296,0][0.742364,-1.04613,-0.659868][0.472441,-0.76378,-0.433071][36.0464,-37.0412,0][0.831126,-1.04613,-0.553504][0.535433,-0.76378,-0.354331][36.0519,-37.0346,0][0.472702,-1.20128,-0.367962][0.0787402,-0.992126,-0.0629921][36.0295,-37.023,0][0.668834,-1.15476,-0.474134][0.314961,-0.92126,-0.220472][36.0418,-37.0296,0][0.543322,-1.20191,-0.252644][0.0866142,-0.992126,-0.0393701][36.034,-37.0158,0][0.668834,-1.15476,-0.474134][0.314961,-0.92126,-0.220472][36.0418,-37.0296,0][0.831126,-1.04613,-0.553504][0.535433,-0.76378,-0.354331][36.0519,-37.0346,0][0.742814,-1.15628,-0.348868][0.354331,-0.92126,-0.15748][36.0464,-37.0218,0][0.543322,-1.20191,-0.252644][0.0866142,-0.992126,-0.0393701][36.034,-37.0158,0][0.668834,-1.15476,-0.474134][0.314961,-0.92126,-0.220472][36.0418,-37.0296,0][0.742814,-1.15628,-0.348868][0.354331,-0.92126,-0.15748][36.0464,-37.0218,0][0.742814,-1.15628,-0.348868][0.354331,-0.92126,-0.15748][36.0464,-37.0218,0][0.831126,-1.04613,-0.553504][0.535433,-0.76378,-0.354331][36.0519,-37.0346,0][0.89127,-1.04985,-0.417964][0.590551,-0.76378,-0.244094][36.0557,-37.0261,0][0.742814,-1.15628,-0.348868][0.354331,-0.92126,-0.15748][36.0464,-37.0218,0][0.589466,-1.20141,-0.125554][0.102362,-0.992126,-0.015748][36.0368,-37.0078,0][0.543322,-1.20191,-0.252644][0.0866142,-0.992126,-0.0393701][36.034,-37.0158,0][0.89127,-1.04985,-0.417964][0.590551,-0.76378,-0.244094][36.0557,-37.0261,0][0.805982,-1.15556,-0.174879][0.401575,-0.913386,-0.0787402][36.0504,-37.0109,0][0.742814,-1.15628,-0.348868][0.354331,-0.92126,-0.15748][36.0464,-37.0218,0][0.589466,-1.20141,-0.125554][0.102362,-0.992126,-0.015748][36.0368,-37.0078,0][0.742814,-1.15628,-0.348868][0.354331,-0.92126,-0.15748][36.0464,-37.0218,0][0.805982,-1.15556,-0.174879][0.401575,-0.913386,-0.0787402][36.0504,-37.0109,0][0.805982,-1.15556,-0.174879][0.401575,-0.913386,-0.0787402][36.0504,-37.0109,0][0.89127,-1.04985,-0.417964][0.590551,-0.76378,-0.244094][36.0557,-37.0261,0][0.965886,-1.04712,-0.210108][0.645669,-0.755906,-0.11811][36.0604,-37.0131,0][0.805982,-1.15556,-0.174879][0.401575,-0.913386,-0.0787402][36.0504,-37.0109,0][0.602974,-1.20159,0.0541976][0.102362,-0.992126,0.00787402][36.0377,-36.9966,0][0.589466,-1.20141,-0.125554][0.102362,-0.992126,-0.015748][36.0368,-37.0078,0][0.824432,-1.15579,0.0706564][0.401575,-0.913386,0.0314961][36.0515,-36.9956,0][0.805982,-1.15556,-0.174879][0.401575,-0.913386,-0.0787402][36.0504,-37.0109,0][0.965886,-1.04712,-0.210108][0.645669,-0.755906,-0.11811][36.0604,-37.0131,0][0.602974,-1.20159,0.0541976][0.102362,-0.992126,0.00787402][36.0377,-36.9966,0][0.805982,-1.15556,-0.174879][0.401575,-0.913386,-0.0787402][36.0504,-37.0109,0][0.824432,-1.15579,0.0706564][0.401575,-0.913386,0.0314961][36.0515,-36.9956,0][0.965886,-1.04712,-0.210108][0.645669,-0.755906,-0.11811][36.0604,-37.0131,0][0.989034,-1.04722,0.083066][0.653543,-0.755906,0.0472441][36.0618,-36.9948,0][0.824432,-1.15579,0.0706564][0.401575,-0.913386,0.0314961][36.0515,-36.9956,0][0.824432,-1.15579,0.0706564][0.401575,-0.913386,0.0314961][36.0515,-36.9956,0][0.562812,-1.20131,0.229892][0.102362,-0.992126,0.0393701][36.0352,-36.9856,0][0.602974,-1.20159,0.0541976][0.102362,-0.992126,0.00787402][36.0377,-36.9966,0][0.922496,-1.04644,0.36912][0.614173,-0.748031,0.244094][36.0577,-36.9769,0][0.824432,-1.15579,0.0706564][0.401575,-0.913386,0.0314961][36.0515,-36.9956,0][0.989034,-1.04722,0.083066][0.653543,-0.755906,0.0472441][36.0618,-36.9948,0][0.824432,-1.15579,0.0706564][0.401575,-0.913386,0.0314961][36.0515,-36.9956,0][0.922496,-1.04644,0.36912][0.614173,-0.748031,0.244094][36.0577,-36.9769,0][0.77225,-1.15414,0.311964][0.377953,-0.913386,0.149606][36.0483,-36.9805,0][0.562812,-1.20131,0.229892][0.102362,-0.992126,0.0393701][36.0352,-36.9856,0][0.824432,-1.15579,0.0706564][0.401575,-0.913386,0.0314961][36.0515,-36.9956,0][0.77225,-1.15414,0.311964][0.377953,-0.913386,0.149606][36.0483,-36.9805,0][0.77571,-1.04672,0.623898][0.519685,-0.748031,0.409449][36.0485,-36.961,0][0.77225,-1.15414,0.311964][0.377953,-0.913386,0.149606][36.0483,-36.9805,0][0.922496,-1.04644,0.36912][0.614173,-0.748031,0.244094][36.0577,-36.9769,0][0.77225,-1.15414,0.311964][0.377953,-0.913386,0.149606][36.0483,-36.9805,0][0.648482,-1.1541,0.526288][0.322835,-0.913386,0.251969][36.0405,-36.9671,0][0.562812,-1.20131,0.229892][0.102362,-0.992126,0.0393701][36.0352,-36.9856,0][0.77225,-1.15414,0.311964][0.377953,-0.913386,0.149606][36.0483,-36.9805,0][0.77571,-1.04672,0.623898][0.519685,-0.748031,0.409449][36.0485,-36.961,0][0.648482,-1.1541,0.526288][0.322835,-0.913386,0.251969][36.0405,-36.9671,0][0.648482,-1.1541,0.526288][0.322835,-0.913386,0.251969][36.0405,-36.9671,0][0.472706,-1.20131,0.385962][0.0866142,-0.992126,0.0629921][36.0295,-36.9759,0][0.562812,-1.20131,0.229892][0.102362,-0.992126,0.0393701][36.0352,-36.9856,0][0.560326,-1.04791,0.825832][0.370079,-0.755906,0.543307][36.035,-36.9484,0][0.648482,-1.1541,0.526288][0.322835,-0.913386,0.251969][36.0405,-36.9671,0][0.77571,-1.04672,0.623898][0.519685,-0.748031,0.409449][36.0485,-36.961,0][0.841674,-0.945522,0.67824][0.637795,-0.582677,0.503937][36.0526,-36.9576,0][0.560326,-1.04791,0.825832][0.370079,-0.755906,0.543307][36.035,-36.9484,0][0.77571,-1.04672,0.623898][0.519685,-0.748031,0.409449][36.0485,-36.961,0][0.560326,-1.04791,0.825832][0.370079,-0.755906,0.543307][36.035,-36.9484,0][0.841674,-0.945522,0.67824][0.637795,-0.582677,0.503937][36.0526,-36.9576,0][0.608446,-0.94588,0.89852][0.456693,-0.582677,0.669291][36.038,-36.9438,0][0.648482,-1.1541,0.526288][0.322835,-0.913386,0.251969][36.0405,-36.9671,0][0.560326,-1.04791,0.825832][0.370079,-0.755906,0.543307][36.035,-36.9484,0][0.465606,-1.1557,0.692132][0.228346,-0.913386,0.338583][36.0291,-36.9567,0][0.465606,-1.1557,0.692132][0.228346,-0.913386,0.338583][36.0291,-36.9567,0][0.472706,-1.20131,0.385962][0.0866142,-0.992126,0.0629921][36.0295,-36.9759,0][0.648482,-1.1541,0.526288][0.322835,-0.913386,0.251969][36.0405,-36.9671,0][0.292924,-1.04783,0.953564][0.188976,-0.755906,0.629921][36.0183,-36.9404,0][0.465606,-1.1557,0.692132][0.228346,-0.913386,0.338583][36.0291,-36.9567,0][0.560326,-1.04791,0.825832][0.370079,-0.755906,0.543307][36.035,-36.9484,0][0.465606,-1.1557,0.692132][0.228346,-0.913386,0.338583][36.0291,-36.9567,0][0.340632,-1.2016,0.50859][0.0629921,-0.992126,0.0866142][36.0213,-36.9682,0][0.472706,-1.20131,0.385962][0.0866142,-0.992126,0.0629921][36.0295,-36.9759,0][0.243742,-1.15548,0.798922][0.11811,-0.913386,0.385827][36.0152,-36.9501,0][0.340632,-1.2016,0.50859][0.0629921,-0.992126,0.0866142][36.0213,-36.9682,0][0.465606,-1.1557,0.692132][0.228346,-0.913386,0.338583][36.0291,-36.9567,0][0.465606,-1.1557,0.692132][0.228346,-0.913386,0.338583][36.0291,-36.9567,0][0.292924,-1.04783,0.953564][0.188976,-0.755906,0.629921][36.0183,-36.9404,0][0.243742,-1.15548,0.798922][0.11811,-0.913386,0.385827][36.0152,-36.9501,0][0.340632,-1.2016,0.50859][0.0629921,-0.992126,0.0866142][36.0213,-36.9682,0][0.243742,-1.15548,0.798922][0.11811,-0.913386,0.385827][36.0152,-36.9501,0][0.178208,-1.20142,0.58677][0.0314961,-0.992126,0.102362][36.0111,-36.9633,0][0.243742,-1.15548,0.798922][0.11811,-0.913386,0.385827][36.0152,-36.9501,0][-1.78447e-07,-1.20127,0.613598][0,-0.992126,0.110236][36,-36.9616,0][0.178208,-1.20142,0.58677][0.0314961,-0.992126,0.102362][36.0111,-36.9633,0][-1.78447e-07,-1.20127,0.613598][0,-0.992126,0.110236][36,-36.9616,0][0.243742,-1.15548,0.798922][0.11811,-0.913386,0.385827][36.0152,-36.9501,0][-2.54072e-07,-1.15387,0.838366][0,-0.913386,0.409449][36,-36.9476,0][0.292924,-1.04783,0.953564][0.188976,-0.755906,0.629921][36.0183,-36.9404,0][-2.54072e-07,-1.15387,0.838366][0,-0.913386,0.409449][36,-36.9476,0][0.243742,-1.15548,0.798922][0.11811,-0.913386,0.385827][36.0152,-36.9501,0][-2.54072e-07,-1.15387,0.838366][0,-0.913386,0.409449][36,-36.9476,0][0.292924,-1.04783,0.953564][0.188976,-0.755906,0.629921][36.0183,-36.9404,0][-3.21528e-07,-1.04734,0.997422][0,-0.748031,0.661417][36,-36.9377,0][-0.742364,-1.04613,-0.659866][-0.472441,-0.76378,-0.433071][35.9536,-37.0412,0][-0.69628,-0.945438,-0.815412][-0.551181,-0.503937,-0.669291][35.9565,-37.051,0][-0.6416,-1.04613,-0.764456][-0.409449,-0.755906,-0.511811][35.9599,-37.0478,0][-0.69628,-0.945438,-0.815412][-0.551181,-0.503937,-0.669291][35.9565,-37.051,0][-0.742364,-1.04613,-0.659866][-0.472441,-0.76378,-0.433071][35.9536,-37.0412,0][-0.811548,-0.945438,-0.705726][-0.606299,-0.535433,-0.582677][35.9493,-37.0441,0][-0.831124,-1.04613,-0.553504][-0.535433,-0.76378,-0.354331][35.9481,-37.0346,0][-0.811548,-0.945438,-0.705726][-0.606299,-0.535433,-0.582677][35.9493,-37.0441,0][-0.742364,-1.04613,-0.659866][-0.472441,-0.76378,-0.433071][35.9536,-37.0412,0][-0.090096,-1.20129,-0.588854][-0.015748,-0.992126,-0.102362][35.9944,-37.0368,0][2.98028e-07,-1.20099,-0.595548][0,-0.992126,-0.110236][36,-37.0372,0][1.64594e-07,-1.2024,0.00899818][0,-1,0][36,-36.9994,0][2.98028e-07,-1.20099,-0.595548][0,-0.992126,-0.110236][36,-37.0372,0][0.090099,-1.20132,-0.588866][0.015748,-0.992126,-0.102362][36.0056,-37.0368,0][1.64594e-07,-1.2024,0.00899818][0,-1,0][36,-36.9994,0][-0.178234,-1.20143,-0.568766][-0.0314961,-0.992126,-0.102362][35.9889,-37.0355,0][-0.090096,-1.20129,-0.588854][-0.015748,-0.992126,-0.102362][35.9944,-37.0368,0][1.64594e-07,-1.2024,0.00899818][0,-1,0][36,-36.9994,0][0.090099,-1.20132,-0.588866][0.015748,-0.992126,-0.102362][36.0056,-37.0368,0][0.178237,-1.20146,-0.568776][0.0314961,-0.992126,-0.102362][36.0111,-37.0355,0][1.64594e-07,-1.2024,0.00899818][0,-1,0][36,-36.9994,0][-0.262328,-1.20123,-0.535712][-0.0472441,-0.992126,-0.0944882][35.9836,-37.0335,0][-0.178234,-1.20143,-0.568766][-0.0314961,-0.992126,-0.102362][35.9889,-37.0355,0][1.64594e-07,-1.2024,0.00899818][0,-1,0][36,-36.9994,0][0.178237,-1.20146,-0.568776][0.0314961,-0.992126,-0.102362][36.0111,-37.0355,0][0.262336,-1.20127,-0.535728][0.0472441,-0.992126,-0.0944882][36.0164,-37.0335,0][1.64594e-07,-1.2024,0.00899818][0,-1,0][36,-36.9994,0][-0.34059,-1.20133,-0.490548][-0.0551181,-0.992126,-0.0866142][35.9787,-37.0307,0][-0.262328,-1.20123,-0.535712][-0.0472441,-0.992126,-0.0944882][35.9836,-37.0335,0][1.64594e-07,-1.2024,0.00899818][0,-1,0][36,-36.9994,0][0.262336,-1.20127,-0.535728][0.0472441,-0.992126,-0.0944882][36.0164,-37.0335,0][0.3406,-1.20137,-0.490562][0.0551181,-0.992126,-0.0866142][36.0213,-37.0307,0][1.64594e-07,-1.2024,0.00899818][0,-1,0][36,-36.9994,0][-0.411266,-1.20149,-0.434234][-0.0708661,-0.992126,-0.0708661][35.9743,-37.0271,0][-0.34059,-1.20133,-0.490548][-0.0551181,-0.992126,-0.0866142][35.9787,-37.0307,0][1.64594e-07,-1.2024,0.00899818][0,-1,0][36,-36.9994,0][0.3406,-1.20137,-0.490562][0.0551181,-0.992126,-0.0866142][36.0213,-37.0307,0][0.41127,-1.20151,-0.434238][0.0708661,-0.992126,-0.0708661][36.0257,-37.0271,0][1.64594e-07,-1.2024,0.00899818][0,-1,0][36,-36.9994,0][-0.472702,-1.20128,-0.367962][-0.0787402,-0.992126,-0.0629921][35.9705,-37.023,0][-0.411266,-1.20149,-0.434234][-0.0708661,-0.992126,-0.0708661][35.9743,-37.0271,0][1.64594e-07,-1.2024,0.00899818][0,-1,0][36,-36.9994,0][0.41127,-1.20151,-0.434238][0.0708661,-0.992126,-0.0708661][36.0257,-37.0271,0][0.472702,-1.20128,-0.367962][0.0787402,-0.992126,-0.0629921][36.0295,-37.023,0][1.64594e-07,-1.2024,0.00899818][0,-1,0][36,-36.9994,0][-0.543322,-1.20191,-0.252644][-0.0866142,-0.992126,-0.0393701][35.966,-37.0158,0][-0.472702,-1.20128,-0.367962][-0.0787402,-0.992126,-0.0629921][35.9705,-37.023,0][1.64594e-07,-1.2024,0.00899818][0,-1,0][36,-36.9994,0][0.472702,-1.20128,-0.367962][0.0787402,-0.992126,-0.0629921][36.0295,-37.023,0][0.543322,-1.20191,-0.252644][0.0866142,-0.992126,-0.0393701][36.034,-37.0158,0][1.64594e-07,-1.2024,0.00899818][0,-1,0][36,-36.9994,0][-0.589466,-1.2014,-0.125554][-0.102362,-0.992126,-0.015748][35.9632,-37.0078,0][-0.543322,-1.20191,-0.252644][-0.0866142,-0.992126,-0.0393701][35.966,-37.0158,0][1.64594e-07,-1.2024,0.00899818][0,-1,0][36,-36.9994,0][0.543322,-1.20191,-0.252644][0.0866142,-0.992126,-0.0393701][36.034,-37.0158,0][0.589466,-1.20141,-0.125554][0.102362,-0.992126,-0.015748][36.0368,-37.0078,0][1.64594e-07,-1.2024,0.00899818][0,-1,0][36,-36.9994,0][-0.602974,-1.20159,0.0541972][-0.102362,-0.992126,0.00787402][35.9623,-36.9966,0][-0.589466,-1.2014,-0.125554][-0.102362,-0.992126,-0.015748][35.9632,-37.0078,0][1.64594e-07,-1.2024,0.00899818][0,-1,0][36,-36.9994,0][0.589466,-1.20141,-0.125554][0.102362,-0.992126,-0.015748][36.0368,-37.0078,0][0.602974,-1.20159,0.0541976][0.102362,-0.992126,0.00787402][36.0377,-36.9966,0][1.64594e-07,-1.2024,0.00899818][0,-1,0][36,-36.9994,0][-0.562812,-1.20131,0.229892][-0.102362,-0.992126,0.0393701][35.9648,-36.9856,0][-0.602974,-1.20159,0.0541972][-0.102362,-0.992126,0.00787402][35.9623,-36.9966,0][1.64594e-07,-1.2024,0.00899818][0,-1,0][36,-36.9994,0][0.602974,-1.20159,0.0541976][0.102362,-0.992126,0.00787402][36.0377,-36.9966,0][0.562812,-1.20131,0.229892][0.102362,-0.992126,0.0393701][36.0352,-36.9856,0][1.64594e-07,-1.2024,0.00899818][0,-1,0][36,-36.9994,0][-0.472706,-1.20131,0.38596][-0.0866142,-0.992126,0.0629921][35.9705,-36.9759,0][-0.562812,-1.20131,0.229892][-0.102362,-0.992126,0.0393701][35.9648,-36.9856,0][1.64594e-07,-1.2024,0.00899818][0,-1,0][36,-36.9994,0][0.562812,-1.20131,0.229892][0.102362,-0.992126,0.0393701][36.0352,-36.9856,0][0.472706,-1.20131,0.385962][0.0866142,-0.992126,0.0629921][36.0295,-36.9759,0][1.64594e-07,-1.2024,0.00899818][0,-1,0][36,-36.9994,0][-0.340632,-1.2016,0.50859][-0.0629921,-0.992126,0.0866142][35.9787,-36.9682,0][-0.472706,-1.20131,0.38596][-0.0866142,-0.992126,0.0629921][35.9705,-36.9759,0][1.64594e-07,-1.2024,0.00899818][0,-1,0][36,-36.9994,0][0.472706,-1.20131,0.385962][0.0866142,-0.992126,0.0629921][36.0295,-36.9759,0][0.340632,-1.2016,0.50859][0.0629921,-0.992126,0.0866142][36.0213,-36.9682,0][1.64594e-07,-1.2024,0.00899818][0,-1,0][36,-36.9994,0][-0.178209,-1.20142,0.58677][-0.0314961,-0.992126,0.102362][35.9889,-36.9633,0][-0.340632,-1.2016,0.50859][-0.0629921,-0.992126,0.0866142][35.9787,-36.9682,0][1.64594e-07,-1.2024,0.00899818][0,-1,0][36,-36.9994,0][0.340632,-1.2016,0.50859][0.0629921,-0.992126,0.0866142][36.0213,-36.9682,0][0.178208,-1.20142,0.58677][0.0314961,-0.992126,0.102362][36.0111,-36.9633,0][1.64594e-07,-1.2024,0.00899818][0,-1,0][36,-36.9994,0][-1.78447e-07,-1.20127,0.613598][0,-0.992126,0.110236][36,-36.9616,0][-0.178209,-1.20142,0.58677][-0.0314961,-0.992126,0.102362][35.9889,-36.9633,0][1.64594e-07,-1.2024,0.00899818][0,-1,0][36,-36.9994,0][0.178208,-1.20142,0.58677][0.0314961,-0.992126,0.102362][36.0111,-36.9633,0][-1.78447e-07,-1.20127,0.613598][0,-0.992126,0.110236][36,-36.9616,0][1.64594e-07,-1.2024,0.00899818][0,-1,0][36,-36.9994,0][-0.497458,-1.15573,-0.646292][-0.23622,-0.92126,-0.314961][35.9689,-37.0404,0][-0.411266,-1.20149,-0.434234][-0.0708661,-0.992126,-0.0708661][35.9743,-37.0271,0][-0.588862,-1.15539,-0.566368][-0.283465,-0.92126,-0.267717][35.9632,-37.0354,0][-0.472702,-1.20128,-0.367962][-0.0787402,-0.992126,-0.0629921][35.9705,-37.023,0][-0.588862,-1.15539,-0.566368][-0.283465,-0.92126,-0.267717][35.9632,-37.0354,0][-0.411266,-1.20149,-0.434234][-0.0708661,-0.992126,-0.0708661][35.9743,-37.0271,0][-0.411266,-1.20149,-0.434234][-0.0708661,-0.992126,-0.0708661][35.9743,-37.0271,0][-0.497458,-1.15573,-0.646292][-0.23622,-0.92126,-0.314961][35.9689,-37.0404,0][-0.34059,-1.20133,-0.490548][-0.0551181,-0.992126,-0.0866142][35.9787,-37.0307,0][-0.588862,-1.15539,-0.566368][-0.283465,-0.92126,-0.267717][35.9632,-37.0354,0][-0.472702,-1.20128,-0.367962][-0.0787402,-0.992126,-0.0629921][35.9705,-37.023,0][-0.668834,-1.15476,-0.474136][-0.314961,-0.92126,-0.220472][35.9582,-37.0296,0][-0.543322,-1.20191,-0.252644][-0.0866142,-0.992126,-0.0393701][35.966,-37.0158,0][-0.668834,-1.15476,-0.474136][-0.314961,-0.92126,-0.220472][35.9582,-37.0296,0][-0.472702,-1.20128,-0.367962][-0.0787402,-0.992126,-0.0629921][35.9705,-37.023,0][-0.588862,-1.15539,-0.566368][-0.283465,-0.92126,-0.267717][35.9632,-37.0354,0][-0.6416,-1.04613,-0.764456][-0.409449,-0.755906,-0.511811][35.9599,-37.0478,0][-0.497458,-1.15573,-0.646292][-0.23622,-0.92126,-0.314961][35.9689,-37.0404,0][-0.6416,-1.04613,-0.764456][-0.409449,-0.755906,-0.511811][35.9599,-37.0478,0][-0.588862,-1.15539,-0.566368][-0.283465,-0.92126,-0.267717][35.9632,-37.0354,0][-0.742364,-1.04613,-0.659866][-0.472441,-0.76378,-0.433071][35.9536,-37.0412,0][-0.668834,-1.15476,-0.474136][-0.314961,-0.92126,-0.220472][35.9582,-37.0296,0][-0.742364,-1.04613,-0.659866][-0.472441,-0.76378,-0.433071][35.9536,-37.0412,0][-0.588862,-1.15539,-0.566368][-0.283465,-0.92126,-0.267717][35.9632,-37.0354,0][-0.49363,-1.04613,-0.861994][-0.314961,-0.755906,-0.574803][35.9691,-37.0539,0][-0.497458,-1.15573,-0.646292][-0.23622,-0.92126,-0.314961][35.9689,-37.0404,0][-0.6416,-1.04613,-0.764456][-0.409449,-0.755906,-0.511811][35.9599,-37.0478,0][-0.742364,-1.04613,-0.659866][-0.472441,-0.76378,-0.433071][35.9536,-37.0412,0][-0.668834,-1.15476,-0.474136][-0.314961,-0.92126,-0.220472][35.9582,-37.0296,0][-0.831124,-1.04613,-0.553504][-0.535433,-0.76378,-0.354331][35.9481,-37.0346,0][-0.497458,-1.15573,-0.646292][-0.23622,-0.92126,-0.314961][35.9689,-37.0404,0][-0.49363,-1.04613,-0.861994][-0.314961,-0.755906,-0.574803][35.9691,-37.0539,0][-0.391742,-1.15582,-0.714542][-0.188976,-0.913386,-0.354331][35.9755,-37.0447,0][-0.391742,-1.15582,-0.714542][-0.188976,-0.913386,-0.354331][35.9755,-37.0447,0][-0.34059,-1.20133,-0.490548][-0.0551181,-0.992126,-0.0866142][35.9787,-37.0307,0][-0.497458,-1.15573,-0.646292][-0.23622,-0.92126,-0.314961][35.9689,-37.0404,0][-0.33568,-1.04613,-0.926168][-0.212598,-0.755906,-0.622047][35.979,-37.0579,0][-0.391742,-1.15582,-0.714542][-0.188976,-0.913386,-0.354331][35.9755,-37.0447,0][-0.49363,-1.04613,-0.861994][-0.314961,-0.755906,-0.574803][35.9691,-37.0539,0][-0.34059,-1.20133,-0.490548][-0.0551181,-0.992126,-0.0866142][35.9787,-37.0307,0][-0.391742,-1.15582,-0.714542][-0.188976,-0.913386,-0.354331][35.9755,-37.0447,0][-0.262328,-1.20123,-0.535712][-0.0472441,-0.992126,-0.0944882][35.9836,-37.0335,0][-0.391742,-1.15582,-0.714542][-0.188976,-0.913386,-0.354331][35.9755,-37.0447,0][-0.33568,-1.04613,-0.926168][-0.212598,-0.755906,-0.622047][35.979,-37.0579,0][-0.269902,-1.15565,-0.769186][-0.125984,-0.913386,-0.385827][35.9831,-37.0481,0][-0.269902,-1.15565,-0.769186][-0.125984,-0.913386,-0.385827][35.9831,-37.0481,0][-0.262328,-1.20123,-0.535712][-0.0472441,-0.992126,-0.0944882][35.9836,-37.0335,0][-0.391742,-1.15582,-0.714542][-0.188976,-0.913386,-0.354331][35.9755,-37.0447,0][-0.169777,-1.04613,-0.965804][-0.110236,-0.755906,-0.645669][35.9894,-37.0604,0][-0.269902,-1.15565,-0.769186][-0.125984,-0.913386,-0.385827][35.9831,-37.0481,0][-0.33568,-1.04613,-0.926168][-0.212598,-0.755906,-0.622047][35.979,-37.0579,0][-0.262328,-1.20123,-0.535712][-0.0472441,-0.992126,-0.0944882][35.9836,-37.0335,0][-0.269902,-1.15565,-0.769186][-0.125984,-0.913386,-0.385827][35.9831,-37.0481,0][-0.178234,-1.20143,-0.568766][-0.0314961,-0.992126,-0.102362][35.9889,-37.0355,0][-0.269902,-1.15565,-0.769186][-0.125984,-0.913386,-0.385827][35.9831,-37.0481,0][-0.169777,-1.04613,-0.965804][-0.110236,-0.755906,-0.645669][35.9894,-37.0604,0][-0.138398,-1.15456,-0.807238][-0.0708661,-0.913386,-0.401575][35.9913,-37.0504,0][-0.138398,-1.15456,-0.807238][-0.0708661,-0.913386,-0.401575][35.9913,-37.0504,0][-0.178234,-1.20143,-0.568766][-0.0314961,-0.992126,-0.102362][35.9889,-37.0355,0][-0.269902,-1.15565,-0.769186][-0.125984,-0.913386,-0.385827][35.9831,-37.0481,0][3.52e-09,-1.04613,-0.979174][0,-0.755906,-0.653543][36,-37.0612,0][-0.138398,-1.15456,-0.807238][-0.0708661,-0.913386,-0.401575][35.9913,-37.0504,0][-0.169777,-1.04613,-0.965804][-0.110236,-0.755906,-0.645669][35.9894,-37.0604,0][-0.178234,-1.20143,-0.568766][-0.0314961,-0.992126,-0.102362][35.9889,-37.0355,0][-0.138398,-1.15456,-0.807238][-0.0708661,-0.913386,-0.401575][35.9913,-37.0504,0][-0.090096,-1.20129,-0.588854][-0.015748,-0.992126,-0.102362][35.9944,-37.0368,0][4.141e-07,-1.15433,-0.82068][0,-0.913386,-0.409449][36,-37.0513,0][-0.090096,-1.20129,-0.588854][-0.015748,-0.992126,-0.102362][35.9944,-37.0368,0][-0.138398,-1.15456,-0.807238][-0.0708661,-0.913386,-0.401575][35.9913,-37.0504,0][-0.138398,-1.15456,-0.807238][-0.0708661,-0.913386,-0.401575][35.9913,-37.0504,0][3.52e-09,-1.04613,-0.979174][0,-0.755906,-0.653543][36,-37.0612,0][4.141e-07,-1.15433,-0.82068][0,-0.913386,-0.409449][36,-37.0513,0][-0.090096,-1.20129,-0.588854][-0.015748,-0.992126,-0.102362][35.9944,-37.0368,0][4.141e-07,-1.15433,-0.82068][0,-0.913386,-0.409449][36,-37.0513,0][2.98028e-07,-1.20099,-0.595548][0,-0.992126,-0.110236][36,-37.0372,0][4.141e-07,-1.15433,-0.82068][0,-0.913386,-0.409449][36,-37.0513,0][0.090099,-1.20132,-0.588866][0.015748,-0.992126,-0.102362][36.0056,-37.0368,0][2.98028e-07,-1.20099,-0.595548][0,-0.992126,-0.110236][36,-37.0372,0][3.52e-09,-1.04613,-0.979174][0,-0.755906,-0.653543][36,-37.0612,0][0.1384,-1.15456,-0.807242][0.0708661,-0.913386,-0.401575][36.0087,-37.0504,0][4.141e-07,-1.15433,-0.82068][0,-0.913386,-0.409449][36,-37.0513,0][0.1384,-1.15456,-0.807242][0.0708661,-0.913386,-0.401575][36.0087,-37.0504,0][0.090099,-1.20132,-0.588866][0.015748,-0.992126,-0.102362][36.0056,-37.0368,0][4.141e-07,-1.15433,-0.82068][0,-0.913386,-0.409449][36,-37.0513,0][3.52e-09,-1.04613,-0.979174][0,-0.755906,-0.653543][36,-37.0612,0][0.169777,-1.04613,-0.965804][0.110236,-0.755906,-0.645669][36.0106,-37.0604,0][0.1384,-1.15456,-0.807242][0.0708661,-0.913386,-0.401575][36.0087,-37.0504,0][0.178237,-1.20146,-0.568776][0.0314961,-0.992126,-0.102362][36.0111,-37.0355,0][0.090099,-1.20132,-0.588866][0.015748,-0.992126,-0.102362][36.0056,-37.0368,0][0.1384,-1.15456,-0.807242][0.0708661,-0.913386,-0.401575][36.0087,-37.0504,0][0.269922,-1.15566,-0.769232][0.125984,-0.913386,-0.385827][36.0169,-37.0481,0][0.1384,-1.15456,-0.807242][0.0708661,-0.913386,-0.401575][36.0087,-37.0504,0][0.169777,-1.04613,-0.965804][0.110236,-0.755906,-0.645669][36.0106,-37.0604,0][0.269922,-1.15566,-0.769232][0.125984,-0.913386,-0.385827][36.0169,-37.0481,0][0.178237,-1.20146,-0.568776][0.0314961,-0.992126,-0.102362][36.0111,-37.0355,0][0.1384,-1.15456,-0.807242][0.0708661,-0.913386,-0.401575][36.0087,-37.0504,0][0.33568,-1.04613,-0.926168][0.212598,-0.755906,-0.622047][36.021,-37.0579,0][0.269922,-1.15566,-0.769232][0.125984,-0.913386,-0.385827][36.0169,-37.0481,0][0.169777,-1.04613,-0.965804][0.110236,-0.755906,-0.645669][36.0106,-37.0604,0][0.178237,-1.20146,-0.568776][0.0314961,-0.992126,-0.102362][36.0111,-37.0355,0][0.269922,-1.15566,-0.769232][0.125984,-0.913386,-0.385827][36.0169,-37.0481,0][0.262336,-1.20127,-0.535728][0.0472441,-0.992126,-0.0944882][36.0164,-37.0335,0][0.391762,-1.15583,-0.714576][0.188976,-0.913386,-0.354331][36.0245,-37.0447,0][0.269922,-1.15566,-0.769232][0.125984,-0.913386,-0.385827][36.0169,-37.0481,0][0.33568,-1.04613,-0.926168][0.212598,-0.755906,-0.622047][36.021,-37.0579,0][0.391762,-1.15583,-0.714576][0.188976,-0.913386,-0.354331][36.0245,-37.0447,0][0.262336,-1.20127,-0.535728][0.0472441,-0.992126,-0.0944882][36.0164,-37.0335,0][0.269922,-1.15566,-0.769232][0.125984,-0.913386,-0.385827][36.0169,-37.0481,0][8.393e-08,-0.419898,-1.19078][0,-1,0][36,-37.0744,0][-0.058656,-0.419754,-1.15242][0,-1,0][35.9963,-37.072,0][-0.060972,-0.419874,-1.18906][0,-1,0][35.9962,-37.0743,0][-0.121059,-0.419734,-1.14761][0,-1,0][35.9924,-37.0717,0][-0.060972,-0.419874,-1.18906][0,-1,0][35.9962,-37.0743,0][-0.058656,-0.419754,-1.15242][0,-1,0][35.9963,-37.072,0][-0.058656,-0.419754,-1.15242][0,-1,0][35.9963,-37.072,0][8.393e-08,-0.419898,-1.19078][0,-1,0][36,-37.0744,0][1.20521e-07,-0.419772,-1.15376][0,-1,0][36,-37.0721,0][-0.060972,-0.419874,-1.18906][0,-1,0][35.9962,-37.0743,0][-0.121059,-0.419734,-1.14761][0,-1,0][35.9924,-37.0717,0][-0.125345,-0.419858,-1.1839][0,-1,0][35.9922,-37.074,0][8.393e-08,-0.419898,-1.19078][0,-1,0][36,-37.0744,0][0.0586562,-0.419752,-1.15242][0,-1,0][36.0037,-37.072,0][1.20521e-07,-0.419772,-1.15376][0,-1,0][36,-37.0721,0][-0.181689,-0.419726,-1.13954][0,-1,0][35.9886,-37.0712,0][-0.125345,-0.419858,-1.1839][0,-1,0][35.9922,-37.074,0][-0.121059,-0.419734,-1.14761][0,-1,0][35.9924,-37.0717,0][8.393e-08,-0.419898,-1.19078][0,-1,0][36,-37.0744,0][0.060972,-0.419874,-1.18906][0,-1,0][36.0038,-37.0743,0][0.0586562,-0.419752,-1.15242][0,-1,0][36.0037,-37.072,0][-0.125345,-0.419858,-1.1839][0,-1,0][35.9922,-37.074,0][-0.181689,-0.419726,-1.13954][0,-1,0][35.9886,-37.0712,0][-0.188141,-0.41984,-1.17558][0,-1,0][35.9882,-37.0735,0][0.060972,-0.419874,-1.18906][0,-1,0][36.0038,-37.0743,0][0.120068,-0.419728,-1.14771][0,-1,0][36.0075,-37.0717,0][0.0586562,-0.419752,-1.15242][0,-1,0][36.0037,-37.072,0][-0.246528,-0.419734,-1.1272][0,-1,0][35.9846,-37.0704,0][-0.188141,-0.41984,-1.17558][0,-1,0][35.9882,-37.0735,0][-0.181689,-0.419726,-1.13954][0,-1,0][35.9886,-37.0712,0][0.060972,-0.419874,-1.18906][0,-1,0][36.0038,-37.0743,0][0.125345,-0.419858,-1.1839][0,-1,0][36.0078,-37.074,0][0.120068,-0.419728,-1.14771][0,-1,0][36.0075,-37.0717,0][0.125345,-0.419858,-1.1839][0,-1,0][36.0078,-37.074,0][0.181689,-0.419726,-1.13954][0,-1,0][36.0114,-37.0712,0][0.120068,-0.419728,-1.14771][0,-1,0][36.0075,-37.0717,0][0.125345,-0.419858,-1.1839][0,-1,0][36.0078,-37.074,0][0.188141,-0.41984,-1.17558][0,-1,0][36.0118,-37.0735,0][0.181689,-0.419726,-1.13954][0,-1,0][36.0114,-37.0712,0][-0.188141,-0.41984,-1.17558][0,-1,0][35.9882,-37.0735,0][-0.246528,-0.419734,-1.1272][0,-1,0][35.9846,-37.0704,0][-0.254974,-0.419856,-1.16313][0,-1,0][35.9841,-37.0727,0][-0.301478,-0.419742,-1.11366][0,-1,0][35.9812,-37.0696,0][-0.254974,-0.419856,-1.16313][0,-1,0][35.9841,-37.0727,0][-0.246528,-0.419734,-1.1272][0,-1,0][35.9846,-37.0704,0][-0.254974,-0.419856,-1.16313][0,-1,0][35.9841,-37.0727,0][-0.301478,-0.419742,-1.11366][0,-1,0][35.9812,-37.0696,0][-0.31168,-0.41986,-1.14907][0,-1,0][35.9805,-37.0718,0][-0.33794,-0.419752,-1.10324][0,-1,0][35.9789,-37.0689,0][-0.31168,-0.41986,-1.14907][0,-1,0][35.9805,-37.0718,0][-0.301478,-0.419742,-1.11366][0,-1,0][35.9812,-37.0696,0][-0.31168,-0.41986,-1.14907][0,-1,0][35.9805,-37.0718,0][-0.33794,-0.419752,-1.10324][0,-1,0][35.9789,-37.0689,0][-0.349452,-0.419872,-1.13811][0,-1,0][35.9782,-37.0711,0][-0.376462,-0.419764,-1.09068][0,-1,0][35.9765,-37.0682,0][-0.349452,-0.419872,-1.13811][0,-1,0][35.9782,-37.0711,0][-0.33794,-0.419752,-1.10324][0,-1,0][35.9789,-37.0689,0][-0.349452,-0.419872,-1.13811][0,-1,0][35.9782,-37.0711,0][-0.376462,-0.419764,-1.09068][0,-1,0][35.9765,-37.0682,0][-0.38975,-0.419874,-1.12472][0,-1,0][35.9756,-37.0703,0][-0.383846,-0.419752,-1.088][0,-1,0][35.976,-37.068,0][-0.38975,-0.419874,-1.12472][0,-1,0][35.9756,-37.0703,0][-0.376462,-0.419764,-1.09068][0,-1,0][35.9765,-37.0682,0][-0.38975,-0.419874,-1.12472][0,-1,0][35.9756,-37.0703,0][-0.383846,-0.419752,-1.088][0,-1,0][35.976,-37.068,0][-0.397356,-0.419858,-1.12214][0,-1,0][35.9752,-37.0701,0][-0.39496,-0.145174,-0.811646][0.653543,-0.692913,-0.307087][35.9753,-37.0507,0][-0.490114,-0.144881,-1.01998][0.653543,-0.692913,-0.307087][35.9694,-37.0637,0][-0.337288,-0.144203,-0.836888][0.00787402,-1,0][35.9789,-37.0523,0][-0.420724,-0.143919,-1.05046][0.00787402,-1,0][35.9737,-37.0657,0][-0.337288,-0.144203,-0.836888][0.00787402,-1,0][35.9789,-37.0523,0][-0.490114,-0.144881,-1.01998][0.653543,-0.692913,-0.307087][35.9694,-37.0637,0][-0.332832,-0.143827,-1.08166][0,-1,0][35.9792,-37.0676,0][-0.337288,-0.144203,-0.836888][0.00787402,-1,0][35.9789,-37.0523,0][-0.420724,-0.143919,-1.05046][0.00787402,-1,0][35.9737,-37.0657,0][-0.337288,-0.144203,-0.836888][0.00787402,-1,0][35.9789,-37.0523,0][-0.332832,-0.143827,-1.08166][0,-1,0][35.9792,-37.0676,0][-0.262536,-0.144122,-0.863166][0,-1,0][35.9836,-37.0539,0][-0.243764,-0.143826,-1.10518][0,-1,0][35.9848,-37.0691,0][-0.262536,-0.144122,-0.863166][0,-1,0][35.9836,-37.0539,0][-0.332832,-0.143827,-1.08166][0,-1,0][35.9792,-37.0676,0][-0.262536,-0.144122,-0.863166][0,-1,0][35.9836,-37.0539,0][-0.243764,-0.143826,-1.10518][0,-1,0][35.9848,-37.0691,0][-0.191739,-0.144116,-0.881656][0,-1,0][35.988,-37.0551,0][-0.167075,-0.143832,-1.11923][0,-1,0][35.9896,-37.0699,0][-0.191739,-0.144116,-0.881656][0,-1,0][35.988,-37.0551,0][-0.243764,-0.143826,-1.10518][0,-1,0][35.9848,-37.0691,0][-0.191739,-0.144116,-0.881656][0,-1,0][35.988,-37.0551,0][-0.167075,-0.143832,-1.11923][0,-1,0][35.9896,-37.0699,0][-0.134446,-0.144114,-0.892398][0,-1,0][35.9916,-37.0558,0][-0.167075,-0.143832,-1.11923][0,-1,0][35.9896,-37.0699,0][-0.07383,-0.144111,-0.89927][0,-1,0][35.9954,-37.0562,0][-0.134446,-0.144114,-0.892398][0,-1,0][35.9916,-37.0558,0][-0.0825434,-0.143826,-1.1287][0,-1,0][35.9948,-37.0705,0][-0.07383,-0.144111,-0.89927][0,-1,0][35.9954,-37.0562,0][-0.167075,-0.143832,-1.11923][0,-1,0][35.9896,-37.0699,0][-0.0825434,-0.143826,-1.1287][0,-1,0][35.9948,-37.0705,0][-4.89538e-08,-0.14411,-0.902278][0,-1,0][36,-37.0564,0][-0.07383,-0.144111,-0.89927][0,-1,0][35.9954,-37.0562,0][-4.62166e-08,-0.14383,-1.13183][0,-1,0][36,-37.0707,0][-4.89538e-08,-0.14411,-0.902278][0,-1,0][36,-37.0564,0][-0.0825434,-0.143826,-1.1287][0,-1,0][35.9948,-37.0705,0][0.0825738,-0.143821,-1.1287][0,-1,0][36.0052,-37.0705,0][-4.89538e-08,-0.14411,-0.902278][0,-1,0][36,-37.0564,0][-4.62166e-08,-0.14383,-1.13183][0,-1,0][36,-37.0707,0][-4.89538e-08,-0.14411,-0.902278][0,-1,0][36,-37.0564,0][0.0825738,-0.143821,-1.1287][0,-1,0][36.0052,-37.0705,0][0.0738474,-0.144111,-0.899268][0,-1,0][36.0046,-37.0562,0][0.167101,-0.143829,-1.11923][0,-1,0][36.0104,-37.0699,0][0.0738474,-0.144111,-0.899268][0,-1,0][36.0046,-37.0562,0][0.0825738,-0.143821,-1.1287][0,-1,0][36.0052,-37.0705,0][0.0738474,-0.144111,-0.899268][0,-1,0][36.0046,-37.0562,0][0.167101,-0.143829,-1.11923][0,-1,0][36.0104,-37.0699,0][0.134466,-0.144112,-0.892396][0,-1,0][36.0084,-37.0558,0][0.167101,-0.143829,-1.11923][0,-1,0][36.0104,-37.0699,0][0.191758,-0.144117,-0.881652][0,-1,0][36.012,-37.0551,0][0.134466,-0.144112,-0.892396][0,-1,0][36.0084,-37.0558,0][0.191758,-0.144117,-0.881652][0,-1,0][36.012,-37.0551,0][0.167101,-0.143829,-1.11923][0,-1,0][36.0104,-37.0699,0][0.24379,-0.143826,-1.10517][0,-1,0][36.0152,-37.0691,0][0.24379,-0.143826,-1.10517][0,-1,0][36.0152,-37.0691,0][0.26255,-0.14412,-0.86316][0,-1,0][36.0164,-37.0539,0][0.191758,-0.144117,-0.881652][0,-1,0][36.012,-37.0551,0][0.26255,-0.14412,-0.86316][0,-1,0][36.0164,-37.0539,0][0.24379,-0.143826,-1.10517][0,-1,0][36.0152,-37.0691,0][0.33285,-0.143826,-1.08165][0,-1,0][36.0208,-37.0676,0][0.33285,-0.143826,-1.08165][0,-1,0][36.0208,-37.0676,0][0.337306,-0.144203,-0.83688][-0.00787402,-1,0][36.0211,-37.0523,0][0.26255,-0.14412,-0.86316][0,-1,0][36.0164,-37.0539,0][0.337306,-0.144203,-0.83688][-0.00787402,-1,0][36.0211,-37.0523,0][0.33285,-0.143826,-1.08165][0,-1,0][36.0208,-37.0676,0][0.420738,-0.143917,-1.05046][-0.00787402,-1,0][36.0263,-37.0657,0][0.49013,-0.144881,-1.01997][-0.653543,-0.692913,-0.307087][36.0306,-37.0637,0][0.337306,-0.144203,-0.83688][-0.00787402,-1,0][36.0211,-37.0523,0][0.420738,-0.143917,-1.05046][-0.00787402,-1,0][36.0263,-37.0657,0][-0.313652,0.478734,-1.1606][-0.669291,-0.724409,0.15748][35.9804,-37.0725,0][-0.285518,0.45132,-1.16809][-0.669291,-0.724409,0.15748][35.9822,-37.073,0][-0.284124,0.451254,-1.16224][-0.669291,-0.724409,0.15748][35.9822,-37.0726,0][-0.284124,0.451254,-1.16224][-0.669291,-0.724409,0.15748][35.9822,-37.0726,0][-0.31215,0.478634,-1.15487][-0.669291,-0.724409,0.15748][35.9805,-37.0722,0][-0.313652,0.478734,-1.1606][-0.669291,-0.724409,0.15748][35.9804,-37.0725,0][-0.25864,0.334246,-1.16876][-0.566929,-0.811024,0.133858][35.9838,-37.073,0][-0.30589,0.366996,-1.16909][-0.566929,-0.811024,0.133858][35.9809,-37.0731,0][-0.26109,0.33426,-1.17999][-0.566929,-0.811024,0.133858][35.9837,-37.0737,0][-0.30589,0.366996,-1.16909][-0.566929,-0.811024,0.133858][35.9809,-37.0731,0][-0.25864,0.334246,-1.16876][-0.566929,-0.811024,0.133858][35.9838,-37.073,0][-0.302944,0.366974,-1.15795][-0.566929,-0.811024,0.133858][35.9811,-37.0724,0][-0.107438,0.478736,-1.19757][0.692913,-0.716535,-0.0787402][35.9933,-37.0748,0][-0.134983,0.451252,-1.18896][0.692913,-0.716535,-0.0787402][35.9916,-37.0743,0][-0.135665,0.451316,-1.19491][0.692913,-0.716535,-0.0787402][35.9915,-37.0747,0][-0.134983,0.451252,-1.18896][0.692913,-0.716535,-0.0787402][35.9916,-37.0743,0][-0.107438,0.478736,-1.19757][0.692913,-0.716535,-0.0787402][35.9933,-37.0748,0][-0.10695,0.478636,-1.19167][0.692913,-0.716535,-0.0787402][35.9933,-37.0745,0][-0.162244,0.334258,-1.19764][0.582677,-0.811024,-0.0629921][35.9899,-37.0748,0][-0.116418,0.366974,-1.19119][0.582677,-0.811024,-0.0629921][35.9927,-37.0744,0][-0.160764,0.334246,-1.18617][0.582677,-0.811024,-0.0629921][35.99,-37.0741,0][-0.116418,0.366974,-1.19119][0.582677,-0.811024,-0.0629921][35.9927,-37.0744,0][-0.162244,0.334258,-1.19764][0.582677,-0.811024,-0.0629921][35.9899,-37.0748,0][-0.117476,0.366994,-1.20281][0.582677,-0.811024,-0.0629921][35.9927,-37.0752,0][-0.209714,0.323,-1.17852][-0.212598,-0.976378,0.0393701][35.9869,-37.0737,0][-0.26109,0.33426,-1.17999][-0.212598,-0.976378,0.0393701][35.9837,-37.0737,0][-0.211666,0.323008,-1.18986][-0.212598,-0.976378,0.0393701][35.9868,-37.0744,0][-0.26109,0.33426,-1.17999][-0.212598,-0.976378,0.0393701][35.9837,-37.0737,0][-0.209714,0.323,-1.17852][-0.212598,-0.976378,0.0393701][35.9869,-37.0737,0][-0.25864,0.334246,-1.16876][-0.212598,-0.976378,0.0393701][35.9838,-37.073,0][-0.285518,0.45132,-1.16809][-0.425197,-0.897638,0.0866142][35.9822,-37.073,0][-0.250004,0.433722,-1.17642][-0.425197,-0.897638,0.0866142][35.9844,-37.0735,0][-0.248736,0.433686,-1.17063][-0.425197,-0.897638,0.0866142][35.9845,-37.0732,0][-0.248736,0.433686,-1.17063][-0.425197,-0.897638,0.0866142][35.9845,-37.0732,0][-0.284124,0.451254,-1.16224][-0.425197,-0.897638,0.0866142][35.9822,-37.0726,0][-0.285518,0.45132,-1.16809][-0.425197,-0.897638,0.0866142][35.9822,-37.073,0][-0.211666,0.323008,-1.18986][0.220472,-0.976378,-0.0314961][35.9868,-37.0744,0][-0.160764,0.334246,-1.18617][0.220472,-0.976378,-0.0314961][35.99,-37.0741,0][-0.209714,0.323,-1.17852][0.220472,-0.976378,-0.0314961][35.9869,-37.0737,0][-0.160764,0.334246,-1.18617][0.220472,-0.976378,-0.0314961][35.99,-37.0741,0][-0.211666,0.323008,-1.18986][0.220472,-0.976378,-0.0314961][35.9868,-37.0744,0][-0.162244,0.334258,-1.19764][0.220472,-0.976378,-0.0314961][35.9899,-37.0748,0][-0.133321,0.69757,-1.16997][-0.590551,-0.80315,-0.0944882][35.9917,-37.0731,0][-0.169894,0.724852,-1.1722][-0.590551,-0.80315,-0.0944882][35.9894,-37.0733,0][-0.134643,0.699908,-1.18167][-0.590551,-0.80315,-0.0944882][35.9916,-37.0739,0][-0.169894,0.724852,-1.1722][-0.590551,-0.80315,-0.0944882][35.9894,-37.0733,0][-0.133321,0.69757,-1.16997][-0.590551,-0.80315,-0.0944882][35.9917,-37.0731,0][-0.168281,0.722362,-1.16071][-0.590551,-0.80315,-0.0944882][35.9895,-37.0725,0][-0.135665,0.451316,-1.19491][0.433071,-0.897638,-0.0629921][35.9915,-37.0747,0][-0.170429,0.433686,-1.18445][0.433071,-0.897638,-0.0629921][35.9893,-37.074,0][-0.171261,0.43372,-1.19038][0.433071,-0.897638,-0.0629921][35.9893,-37.0744,0][-0.170429,0.433686,-1.18445][0.433071,-0.897638,-0.0629921][35.9893,-37.074,0][-0.135665,0.451316,-1.19491][0.433071,-0.897638,-0.0629921][35.9915,-37.0747,0][-0.134983,0.451252,-1.18896][0.433071,-0.897638,-0.0629921][35.9916,-37.0743,0][-0.283978,0.69988,-1.15494][0.527559,-0.795276,-0.291339][35.9823,-37.0722,0][-0.24795,0.724808,-1.15828][0.527559,-0.795276,-0.291339][35.9845,-37.0724,0][-0.281122,0.69755,-1.14351][0.527559,-0.795276,-0.291339][35.9824,-37.0715,0][-0.245506,0.722356,-1.1471][0.527559,-0.795276,-0.291339][35.9847,-37.0717,0][-0.281122,0.69755,-1.14351][0.527559,-0.795276,-0.291339][35.9824,-37.0715,0][-0.24795,0.724808,-1.15828][0.527559,-0.795276,-0.291339][35.9845,-37.0724,0][0.170429,0.433684,-1.18445][-0.433071,-0.897638,-0.0629921][36.0107,-37.074,0][0.135665,0.451316,-1.19491][-0.433071,-0.897638,-0.0629921][36.0085,-37.0747,0][0.171261,0.43372,-1.19038][-0.433071,-0.897638,-0.0629921][36.0107,-37.0744,0][0.135665,0.451316,-1.19491][-0.433071,-0.897638,-0.0629921][36.0085,-37.0747,0][0.170429,0.433684,-1.18445][-0.433071,-0.897638,-0.0629921][36.0107,-37.074,0][0.134983,0.451252,-1.18896][-0.433071,-0.897638,-0.0629921][36.0084,-37.0743,0][0.210616,0.42766,-1.18415][0.149606,-0.992126,0.023622][36.0132,-37.074,0][0.250004,0.433722,-1.17643][0.149606,-0.992126,0.023622][36.0156,-37.0735,0][0.209622,0.427634,-1.17835][0.149606,-0.992126,0.023622][36.0131,-37.0736,0][0.248736,0.433686,-1.17063][0.149606,-0.992126,0.023622][36.0155,-37.0732,0][0.209622,0.427634,-1.17835][0.149606,-0.992126,0.023622][36.0131,-37.0736,0][0.250004,0.433722,-1.17643][0.149606,-0.992126,0.023622][36.0156,-37.0735,0][-0.250004,0.433722,-1.17642][-0.149606,-0.992126,0.023622][35.9844,-37.0735,0][-0.210616,0.42766,-1.18415][-0.149606,-0.992126,0.023622][35.9868,-37.074,0][-0.209622,0.427634,-1.17835][-0.149606,-0.992126,0.023622][35.9869,-37.0736,0][-0.209622,0.427634,-1.17835][-0.149606,-0.992126,0.023622][35.9869,-37.0736,0][-0.248736,0.433686,-1.17063][-0.149606,-0.992126,0.023622][35.9845,-37.0732,0][-0.250004,0.433722,-1.17642][-0.149606,-0.992126,0.023622][35.9844,-37.0735,0][-0.170429,0.433686,-1.18445][0.149606,-0.992126,-0.0314961][35.9893,-37.074,0][-0.209622,0.427634,-1.17835][0.149606,-0.992126,-0.0314961][35.9869,-37.0736,0][-0.210616,0.42766,-1.18415][0.149606,-0.992126,-0.0314961][35.9868,-37.074,0][-0.210616,0.42766,-1.18415][0.149606,-0.992126,-0.0314961][35.9868,-37.074,0][-0.171261,0.43372,-1.19038][0.149606,-0.992126,-0.0314961][35.9893,-37.0744,0][-0.170429,0.433686,-1.18445][0.149606,-0.992126,-0.0314961][35.9893,-37.074,0][0.171261,0.43372,-1.19038][-0.149606,-0.992126,-0.0314961][36.0107,-37.0744,0][0.210616,0.42766,-1.18415][-0.149606,-0.992126,-0.0314961][36.0132,-37.074,0][0.170429,0.433684,-1.18445][-0.149606,-0.992126,-0.0314961][36.0107,-37.074,0][0.209622,0.427634,-1.17835][-0.149606,-0.992126,-0.0314961][36.0131,-37.0736,0][0.170429,0.433684,-1.18445][-0.149606,-0.992126,-0.0314961][36.0107,-37.074,0][0.210616,0.42766,-1.18415][-0.149606,-0.992126,-0.0314961][36.0132,-37.074,0][-0.129977,0.825616,-1.13456][-0.448819,-0.84252,-0.299213][35.9919,-37.0709,0][-0.155065,0.846366,-1.14578][-0.440945,-0.330709,-0.834646][35.9903,-37.0716,0][-0.132422,0.833762,-1.15401][-0.417323,-0.401575,-0.818898][35.9917,-37.0721,0][-0.132422,0.833762,-1.15401][-0.417323,-0.401575,-0.818898][35.9917,-37.0721,0][-0.112426,0.820714,-1.13846][0.519685,-0.771654,-0.362205][35.993,-37.0711,0][-0.129977,0.825616,-1.13456][-0.448819,-0.84252,-0.299213][35.9919,-37.0709,0][-0.112426,0.820714,-1.13846][0.519685,-0.771654,-0.362205][35.993,-37.0711,0][-0.132422,0.833762,-1.15401][-0.417323,-0.401575,-0.818898][35.9917,-37.0721,0][-0.11438,0.828378,-1.15795][0.346457,-0.370079,-0.866142][35.9929,-37.0724,0][-0.155065,0.846366,-1.14578][-0.440945,-0.330709,-0.834646][35.9903,-37.0716,0][-0.129977,0.825616,-1.13456][-0.448819,-0.84252,-0.299213][35.9919,-37.0709,0][-0.152673,0.837824,-1.12707][-0.496063,-0.818898,-0.299213][35.9905,-37.0704,0][-0.152673,0.837824,-1.12707][-0.496063,-0.818898,-0.299213][35.9905,-37.0704,0][-0.178801,0.856338,-1.13812][-0.338583,-0.244094,-0.913386][35.9888,-37.0711,0][-0.155065,0.846366,-1.14578][-0.440945,-0.330709,-0.834646][35.9903,-37.0716,0][-0.178801,0.856338,-1.13812][-0.338583,-0.244094,-0.913386][35.9888,-37.0711,0][-0.152673,0.837824,-1.12707][-0.496063,-0.818898,-0.299213][35.9905,-37.0704,0][-0.175864,0.847892,-1.11938][-0.362205,-0.866142,-0.338583][35.989,-37.07,0][-0.175864,0.847892,-1.11938][-0.362205,-0.866142,-0.338583][35.989,-37.07,0][-0.200052,0.859882,-1.13305][-0.244094,-0.204724,-0.944882][35.9875,-37.0708,0][-0.178801,0.856338,-1.13812][-0.338583,-0.244094,-0.913386][35.9888,-37.0711,0][-0.200052,0.859882,-1.13305][-0.244094,-0.204724,-0.944882][35.9875,-37.0708,0][-0.175864,0.847892,-1.11938][-0.362205,-0.866142,-0.338583][35.989,-37.07,0][-0.196837,0.85133,-1.1146][-0.19685,-0.905512,-0.377953][35.9877,-37.0697,0][-0.196837,0.85133,-1.1146][-0.19685,-0.905512,-0.377953][35.9877,-37.0697,0][-0.22009,0.861506,-1.12862][-0.188976,-0.173228,-0.968504][35.9862,-37.0705,0][-0.200052,0.859882,-1.13305][-0.244094,-0.204724,-0.944882][35.9875,-37.0708,0][-0.22009,0.861506,-1.12862][-0.188976,-0.173228,-0.968504][35.9862,-37.0705,0][-0.196837,0.85133,-1.1146][-0.19685,-0.905512,-0.377953][35.9877,-37.0697,0][-0.216536,0.852936,-1.10994][-0.0787402,-0.913386,-0.401575][35.9865,-37.0694,0][-0.23668,0.851456,-1.10678][0.0472441,-0.905512,-0.425197][35.9852,-37.0692,0][-0.22009,0.861506,-1.12862][-0.188976,-0.173228,-0.968504][35.9862,-37.0705,0][-0.216536,0.852936,-1.10994][-0.0787402,-0.913386,-0.401575][35.9865,-37.0694,0][-0.22009,0.861506,-1.12862][-0.188976,-0.173228,-0.968504][35.9862,-37.0705,0][-0.23668,0.851456,-1.10678][0.0472441,-0.905512,-0.425197][35.9852,-37.0692,0][-0.240586,0.8598,-1.12503][-0.11811,-0.212598,-0.968504][35.985,-37.0703,0][-0.257804,0.847896,-1.10369][0.181102,-0.874016,-0.440945][35.9839,-37.069,0][-0.240586,0.8598,-1.12503][-0.11811,-0.212598,-0.968504][35.985,-37.0703,0][-0.23668,0.851456,-1.10678][0.0472441,-0.905512,-0.425197][35.9852,-37.0692,0][-0.240586,0.8598,-1.12503][-0.11811,-0.212598,-0.968504][35.985,-37.0703,0][-0.257804,0.847896,-1.10369][0.181102,-0.874016,-0.440945][35.9839,-37.069,0][-0.261876,0.856244,-1.12204][-0.0314961,-0.267717,-0.96063][35.9836,-37.0701,0][-0.28137,0.839344,-1.10157][0.354331,-0.811024,-0.456693][35.9824,-37.0688,0][-0.261876,0.856244,-1.12204][-0.0314961,-0.267717,-0.96063][35.9836,-37.0701,0][-0.257804,0.847896,-1.10369][0.181102,-0.874016,-0.440945][35.9839,-37.069,0][-0.261876,0.856244,-1.12204][-0.0314961,-0.267717,-0.96063][35.9836,-37.0701,0][-0.28137,0.839344,-1.10157][0.354331,-0.811024,-0.456693][35.9824,-37.0688,0][-0.286094,0.847908,-1.12014][0.0866142,-0.275591,-0.96063][35.9821,-37.07,0][-0.300496,0.827978,-1.1013][0.322835,-0.834646,-0.448819][35.9812,-37.0688,0][-0.286094,0.847908,-1.12014][0.0866142,-0.275591,-0.96063][35.9821,-37.07,0][-0.28137,0.839344,-1.10157][0.354331,-0.811024,-0.456693][35.9824,-37.0688,0][-0.286094,0.847908,-1.12014][0.0866142,-0.275591,-0.96063][35.9821,-37.07,0][-0.300496,0.827978,-1.1013][0.322835,-0.834646,-0.448819][35.9812,-37.0688,0][-0.305526,0.836102,-1.12005][0.0944882,-0.393701,-0.913386][35.9809,-37.07,0][-0.32169,0.82168,-1.0977][-0.488189,-0.850394,-0.212598][35.9799,-37.0686,0][-0.305526,0.836102,-1.12005][0.0944882,-0.393701,-0.913386][35.9809,-37.07,0][-0.300496,0.827978,-1.1013][0.322835,-0.834646,-0.448819][35.9812,-37.0688,0][-0.305526,0.836102,-1.12005][0.0944882,-0.393701,-0.913386][35.9809,-37.07,0][-0.32169,0.82168,-1.0977][-0.488189,-0.850394,-0.212598][35.9799,-37.0686,0][-0.327268,0.829484,-1.11667][-0.543307,-0.472441,-0.692913][35.9795,-37.0698,0][-0.208706,0.733298,-1.16395][-0.244094,-0.952756,-0.173228][35.987,-37.0727,0][-0.168281,0.722362,-1.16071][-0.244094,-0.952756,-0.173228][35.9895,-37.0725,0][-0.206728,0.730662,-1.15265][-0.244094,-0.952756,-0.173228][35.9871,-37.072,0][-0.168281,0.722362,-1.16071][-0.244094,-0.952756,-0.173228][35.9895,-37.0725,0][-0.208706,0.733298,-1.16395][-0.244094,-0.952756,-0.173228][35.987,-37.0727,0][-0.169894,0.724852,-1.1722][-0.244094,-0.952756,-0.173228][35.9894,-37.0733,0][-0.24795,0.724808,-1.15828][0.173228,-0.952756,-0.251969][35.9845,-37.0724,0][-0.208706,0.733298,-1.16395][0.173228,-0.952756,-0.251969][35.987,-37.0727,0][-0.245506,0.722356,-1.1471][0.173228,-0.952756,-0.251969][35.9847,-37.0717,0][-0.206728,0.730662,-1.15265][0.173228,-0.952756,-0.251969][35.9871,-37.072,0][-0.245506,0.722356,-1.1471][0.173228,-0.952756,-0.251969][35.9847,-37.0717,0][-0.208706,0.733298,-1.16395][0.173228,-0.952756,-0.251969][35.987,-37.0727,0][0.188141,-0.41984,-1.17558][0,-1,0][36.0118,-37.0735,0][0.254974,-0.419854,-1.16313][0,-1,0][36.0159,-37.0727,0][0.246528,-0.419734,-1.1272][0,-1,0][36.0154,-37.0704,0][0.188141,-0.41984,-1.17558][0,-1,0][36.0118,-37.0735,0][0.246528,-0.419734,-1.1272][0,-1,0][36.0154,-37.0704,0][0.181689,-0.419726,-1.13954][0,-1,0][36.0114,-37.0712,0][0.301478,-0.419742,-1.11366][0,-1,0][36.0188,-37.0696,0][0.246528,-0.419734,-1.1272][0,-1,0][36.0154,-37.0704,0][0.254974,-0.419854,-1.16313][0,-1,0][36.0159,-37.0727,0][0.254974,-0.419854,-1.16313][0,-1,0][36.0159,-37.0727,0][0.31168,-0.41986,-1.14907][0,-1,0][36.0195,-37.0718,0][0.301478,-0.419742,-1.11366][0,-1,0][36.0188,-37.0696,0][0.33794,-0.419752,-1.10324][0,-1,0][36.0211,-37.0689,0][0.301478,-0.419742,-1.11366][0,-1,0][36.0188,-37.0696,0][0.31168,-0.41986,-1.14907][0,-1,0][36.0195,-37.0718,0][0.349452,-0.419872,-1.13811][0,-1,0][36.0218,-37.0711,0][0.33794,-0.419752,-1.10324][0,-1,0][36.0211,-37.0689,0][0.31168,-0.41986,-1.14907][0,-1,0][36.0195,-37.0718,0][0.349452,-0.419872,-1.13811][0,-1,0][36.0218,-37.0711,0][0.376462,-0.419764,-1.09068][0,-1,0][36.0235,-37.0682,0][0.33794,-0.419752,-1.10324][0,-1,0][36.0211,-37.0689,0][0.376462,-0.419764,-1.09068][0,-1,0][36.0235,-37.0682,0][0.349452,-0.419872,-1.13811][0,-1,0][36.0218,-37.0711,0][0.38975,-0.419874,-1.12472][0,-1,0][36.0244,-37.0703,0][0.376462,-0.419764,-1.09068][0,-1,0][36.0235,-37.0682,0][0.38975,-0.419874,-1.12472][0,-1,0][36.0244,-37.0703,0][0.383844,-0.419752,-1.088][0,-1,0][36.024,-37.068,0][0.397356,-0.419858,-1.12214][0,-1,0][36.0248,-37.0701,0][0.383844,-0.419752,-1.088][0,-1,0][36.024,-37.068,0][0.38975,-0.419874,-1.12472][0,-1,0][36.0244,-37.0703,0][0.337306,-0.144203,-0.83688][-0.00787402,-1,0][36.0211,-37.0523,0][0.49013,-0.144881,-1.01997][-0.653543,-0.692913,-0.307087][36.0306,-37.0637,0][0.394978,-0.145172,-0.811636][-0.653543,-0.685039,-0.307087][36.0247,-37.0507,0][0.116418,0.366974,-1.19119][-0.582677,-0.811024,-0.0629921][36.0073,-37.0744,0][0.162244,0.334258,-1.19764][-0.582677,-0.811024,-0.0629921][36.0101,-37.0748,0][0.160764,0.334246,-1.18617][-0.582677,-0.811024,-0.0629921][36.01,-37.0741,0][0.162244,0.334258,-1.19764][-0.582677,-0.811024,-0.0629921][36.0101,-37.0748,0][0.116418,0.366974,-1.19119][-0.582677,-0.811024,-0.0629921][36.0073,-37.0744,0][0.117476,0.366994,-1.20281][-0.582677,-0.811024,-0.0629921][36.0073,-37.0752,0][0.211666,0.323008,-1.18986][-0.220472,-0.976378,-0.0314961][36.0132,-37.0744,0][0.160764,0.334246,-1.18617][-0.220472,-0.976378,-0.0314961][36.01,-37.0741,0][0.162244,0.334258,-1.19764][-0.220472,-0.976378,-0.0314961][36.0101,-37.0748,0][0.160764,0.334246,-1.18617][-0.220472,-0.976378,-0.0314961][36.01,-37.0741,0][0.211666,0.323008,-1.18986][-0.220472,-0.976378,-0.0314961][36.0132,-37.0744,0][0.209714,0.323,-1.17852][-0.220472,-0.976378,-0.0314961][36.0131,-37.0737,0][0.26109,0.33426,-1.17999][0.212598,-0.976378,0.0393701][36.0163,-37.0737,0][0.209714,0.323,-1.17852][0.212598,-0.976378,0.0393701][36.0131,-37.0737,0][0.211666,0.323008,-1.18986][0.212598,-0.976378,0.0393701][36.0132,-37.0744,0][0.209714,0.323,-1.17852][0.212598,-0.976378,0.0393701][36.0131,-37.0737,0][0.26109,0.33426,-1.17999][0.212598,-0.976378,0.0393701][36.0163,-37.0737,0][0.25864,0.334246,-1.16876][0.212598,-0.976378,0.0393701][36.0162,-37.073,0][0.30589,0.366996,-1.16909][0.566929,-0.811024,0.133858][36.0191,-37.0731,0][0.25864,0.334246,-1.16876][0.566929,-0.811024,0.133858][36.0162,-37.073,0][0.26109,0.33426,-1.17999][0.566929,-0.811024,0.133858][36.0163,-37.0737,0][0.25864,0.334246,-1.16876][0.566929,-0.811024,0.133858][36.0162,-37.073,0][0.30589,0.366996,-1.16909][0.566929,-0.811024,0.133858][36.0191,-37.0731,0][0.302944,0.366974,-1.15795][0.566929,-0.811024,0.133858][36.0189,-37.0724,0][0.134983,0.451252,-1.18896][-0.692913,-0.716535,-0.0787402][36.0084,-37.0743,0][0.107438,0.478736,-1.19757][-0.692913,-0.716535,-0.0787402][36.0067,-37.0748,0][0.135665,0.451316,-1.19491][-0.692913,-0.716535,-0.0787402][36.0085,-37.0747,0][0.107438,0.478736,-1.19757][-0.692913,-0.716535,-0.0787402][36.0067,-37.0748,0][0.134983,0.451252,-1.18896][-0.692913,-0.716535,-0.0787402][36.0084,-37.0743,0][0.10695,0.478636,-1.19167][-0.692913,-0.716535,-0.0787402][36.0067,-37.0745,0][0.313652,0.478734,-1.1606][0.669291,-0.724409,0.15748][36.0196,-37.0725,0][0.284124,0.451254,-1.16224][0.669291,-0.724409,0.15748][36.0178,-37.0726,0][0.285518,0.45132,-1.16809][0.669291,-0.724409,0.15748][36.0178,-37.073,0][0.312152,0.478634,-1.15487][0.669291,-0.724409,0.15748][36.0195,-37.0722,0][0.284124,0.451254,-1.16224][0.669291,-0.724409,0.15748][36.0178,-37.0726,0][0.313652,0.478734,-1.1606][0.669291,-0.724409,0.15748][36.0196,-37.0725,0][0.250004,0.433722,-1.17643][0.425197,-0.897638,0.0866142][36.0156,-37.0735,0][0.285518,0.45132,-1.16809][0.425197,-0.897638,0.0866142][36.0178,-37.073,0][0.248736,0.433686,-1.17063][0.425197,-0.897638,0.0866142][36.0155,-37.0732,0][0.284124,0.451254,-1.16224][0.425197,-0.897638,0.0866142][36.0178,-37.0726,0][0.248736,0.433686,-1.17063][0.425197,-0.897638,0.0866142][36.0155,-37.0732,0][0.285518,0.45132,-1.16809][0.425197,-0.897638,0.0866142][36.0178,-37.073,0][0.24795,0.724808,-1.15828][-0.527559,-0.795276,-0.291339][36.0155,-37.0724,0][0.281124,0.69755,-1.14351][-0.527559,-0.795276,-0.291339][36.0176,-37.0715,0][0.245506,0.722356,-1.1471][-0.527559,-0.795276,-0.291339][36.0153,-37.0717,0][0.281124,0.69755,-1.14351][-0.527559,-0.795276,-0.291339][36.0176,-37.0715,0][0.24795,0.724808,-1.15828][-0.527559,-0.795276,-0.291339][36.0155,-37.0724,0][0.283978,0.699878,-1.15494][-0.527559,-0.795276,-0.291339][36.0177,-37.0722,0][0.169894,0.724852,-1.1722][0.590551,-0.80315,-0.0944882][36.0106,-37.0733,0][0.133322,0.69757,-1.16997][0.590551,-0.80315,-0.0944882][36.0083,-37.0731,0][0.134643,0.699908,-1.18167][0.590551,-0.80315,-0.0944882][36.0084,-37.0739,0][0.133322,0.69757,-1.16997][0.590551,-0.80315,-0.0944882][36.0083,-37.0731,0][0.169894,0.724852,-1.1722][0.590551,-0.80315,-0.0944882][36.0106,-37.0733,0][0.168281,0.722362,-1.16071][0.590551,-0.80315,-0.0944882][36.0105,-37.0725,0][0.245506,0.722356,-1.1471][-0.173228,-0.952756,-0.251969][36.0153,-37.0717,0][0.208706,0.733298,-1.16395][-0.173228,-0.952756,-0.251969][36.013,-37.0727,0][0.24795,0.724808,-1.15828][-0.173228,-0.952756,-0.251969][36.0155,-37.0724,0][0.208706,0.733298,-1.16395][-0.173228,-0.952756,-0.251969][36.013,-37.0727,0][0.245506,0.722356,-1.1471][-0.173228,-0.952756,-0.251969][36.0153,-37.0717,0][0.206728,0.730662,-1.15265][-0.173228,-0.952756,-0.251969][36.0129,-37.072,0][0.208706,0.733298,-1.16395][0.244094,-0.952756,-0.173228][36.013,-37.0727,0][0.168281,0.722362,-1.16071][0.244094,-0.952756,-0.173228][36.0105,-37.0725,0][0.169894,0.724852,-1.1722][0.244094,-0.952756,-0.173228][36.0106,-37.0733,0][0.168281,0.722362,-1.16071][0.244094,-0.952756,-0.173228][36.0105,-37.0725,0][0.208706,0.733298,-1.16395][0.244094,-0.952756,-0.173228][36.013,-37.0727,0][0.206728,0.730662,-1.15265][0.244094,-0.952756,-0.173228][36.0129,-37.072,0][0.131702,0.833758,-1.15409][0.417323,-0.401575,-0.818898][36.0082,-37.0721,0][0.111725,0.820718,-1.13854][-0.519685,-0.771654,-0.362205][36.007,-37.0712,0][0.11366,0.828374,-1.15802][-0.346457,-0.370079,-0.866142][36.0071,-37.0724,0][0.111725,0.820718,-1.13854][-0.519685,-0.771654,-0.362205][36.007,-37.0712,0][0.131702,0.833758,-1.15409][0.417323,-0.401575,-0.818898][36.0082,-37.0721,0][0.129267,0.825616,-1.13463][0.448819,-0.84252,-0.299213][36.0081,-37.0709,0][0.131702,0.833758,-1.15409][0.417323,-0.401575,-0.818898][36.0082,-37.0721,0][0.154358,0.84637,-1.14587][0.440945,-0.330709,-0.834646][36.0096,-37.0716,0][0.129267,0.825616,-1.13463][0.448819,-0.84252,-0.299213][36.0081,-37.0709,0][0.151957,0.837826,-1.12718][0.496063,-0.818898,-0.299213][36.0095,-37.0704,0][0.129267,0.825616,-1.13463][0.448819,-0.84252,-0.299213][36.0081,-37.0709,0][0.154358,0.84637,-1.14587][0.440945,-0.330709,-0.834646][36.0096,-37.0716,0][0.178088,0.856336,-1.13823][0.338583,-0.244094,-0.913386][36.0111,-37.0711,0][0.151957,0.837826,-1.12718][0.496063,-0.818898,-0.299213][36.0095,-37.0704,0][0.154358,0.84637,-1.14587][0.440945,-0.330709,-0.834646][36.0096,-37.0716,0][0.151957,0.837826,-1.12718][0.496063,-0.818898,-0.299213][36.0095,-37.0704,0][0.178088,0.856336,-1.13823][0.338583,-0.244094,-0.913386][36.0111,-37.0711,0][0.17517,0.847892,-1.11948][0.362205,-0.866142,-0.338583][36.0109,-37.07,0][0.178088,0.856336,-1.13823][0.338583,-0.244094,-0.913386][36.0111,-37.0711,0][0.199625,0.859884,-1.13313][0.244094,-0.204724,-0.944882][36.0125,-37.0708,0][0.17517,0.847892,-1.11948][0.362205,-0.866142,-0.338583][36.0109,-37.07,0][0.196413,0.85133,-1.11467][0.19685,-0.905512,-0.377953][36.0123,-37.0697,0][0.17517,0.847892,-1.11948][0.362205,-0.866142,-0.338583][36.0109,-37.07,0][0.199625,0.859884,-1.13313][0.244094,-0.204724,-0.944882][36.0125,-37.0708,0][0.22009,0.861506,-1.12862][0.188976,-0.173228,-0.968504][36.0138,-37.0705,0][0.196413,0.85133,-1.11467][0.19685,-0.905512,-0.377953][36.0123,-37.0697,0][0.199625,0.859884,-1.13313][0.244094,-0.204724,-0.944882][36.0125,-37.0708,0][0.22009,0.861506,-1.12862][0.188976,-0.173228,-0.968504][36.0138,-37.0705,0][0.216538,0.852936,-1.10995][0.0787402,-0.913386,-0.401575][36.0135,-37.0694,0][0.196413,0.85133,-1.11467][0.19685,-0.905512,-0.377953][36.0123,-37.0697,0][0.22009,0.861506,-1.12862][0.188976,-0.173228,-0.968504][36.0138,-37.0705,0][0.23668,0.851456,-1.10678][-0.0472441,-0.905512,-0.425197][36.0148,-37.0692,0][0.216538,0.852936,-1.10995][0.0787402,-0.913386,-0.401575][36.0135,-37.0694,0][0.23668,0.851456,-1.10678][-0.0472441,-0.905512,-0.425197][36.0148,-37.0692,0][0.22009,0.861506,-1.12862][0.188976,-0.173228,-0.968504][36.0138,-37.0705,0][0.240586,0.8598,-1.12504][0.11811,-0.220472,-0.968504][36.015,-37.0703,0][0.257806,0.847896,-1.10369][-0.188976,-0.874016,-0.440945][36.0161,-37.069,0][0.23668,0.851456,-1.10678][-0.0472441,-0.905512,-0.425197][36.0148,-37.0692,0][0.240586,0.8598,-1.12504][0.11811,-0.220472,-0.968504][36.015,-37.0703,0][0.240586,0.8598,-1.12504][0.11811,-0.220472,-0.968504][36.015,-37.0703,0][0.261876,0.856244,-1.12204][0.0314961,-0.259843,-0.96063][36.0164,-37.0701,0][0.257806,0.847896,-1.10369][-0.188976,-0.874016,-0.440945][36.0161,-37.069,0][0.261876,0.856244,-1.12204][0.0314961,-0.259843,-0.96063][36.0164,-37.0701,0][0.280686,0.839342,-1.10173][-0.362205,-0.811024,-0.456693][36.0175,-37.0689,0][0.257806,0.847896,-1.10369][-0.188976,-0.874016,-0.440945][36.0161,-37.069,0][0.280686,0.839342,-1.10173][-0.362205,-0.811024,-0.456693][36.0175,-37.0689,0][0.261876,0.856244,-1.12204][0.0314961,-0.259843,-0.96063][36.0164,-37.0701,0][0.285396,0.847908,-1.12032][-0.0866142,-0.275591,-0.96063][36.0178,-37.07,0][0.299808,0.827978,-1.1015][-0.330709,-0.834646,-0.448819][36.0187,-37.0688,0][0.280686,0.839342,-1.10173][-0.362205,-0.811024,-0.456693][36.0175,-37.0689,0][0.285396,0.847908,-1.12032][-0.0866142,-0.275591,-0.96063][36.0178,-37.07,0][0.285396,0.847908,-1.12032][-0.0866142,-0.275591,-0.96063][36.0178,-37.07,0][0.30483,0.8361,-1.12024][-0.0944882,-0.393701,-0.913386][36.0191,-37.07,0][0.299808,0.827978,-1.1015][-0.330709,-0.834646,-0.448819][36.0187,-37.0688,0][0.320998,0.82168,-1.0979][0.488189,-0.850394,-0.212598][36.0201,-37.0686,0][0.299808,0.827978,-1.1015][-0.330709,-0.834646,-0.448819][36.0187,-37.0688,0][0.30483,0.8361,-1.12024][-0.0944882,-0.393701,-0.913386][36.0191,-37.07,0][0.30483,0.8361,-1.12024][-0.0944882,-0.393701,-0.913386][36.0191,-37.07,0][0.32655,0.829466,-1.11687][0.543307,-0.472441,-0.692913][36.0204,-37.0698,0][0.320998,0.82168,-1.0979][0.488189,-0.850394,-0.212598][36.0201,-37.0686,0][0.24748,-0.462428,-1.16434][0.220472,-0.0314961,-0.976378][35.9845,-37.0289,0][0.243472,-0.56801,-1.16123][0.220472,-0.102362,-0.968504][35.9848,-37.0355,0][0.186835,-0.462428,-1.17549][0.165354,-0.0314961,-0.984252][35.9883,-37.0289,0][0.243472,-0.56801,-1.16123][0.220472,-0.102362,-0.968504][35.9848,-37.0355,0][0.24748,-0.462428,-1.16434][0.220472,-0.0314961,-0.976378][35.9845,-37.0289,0][0.329048,-0.555718,-1.14059][0.291339,-0.0866142,-0.952756][35.9794,-37.0347,0][0.309322,-0.462428,-1.14945][0.275591,-0.023622,-0.96063][35.9807,-37.0289,0][0.329048,-0.555718,-1.14059][0.291339,-0.0866142,-0.952756][35.9794,-37.0347,0][0.24748,-0.462428,-1.16434][0.220472,-0.0314961,-0.976378][35.9845,-37.0289,0][0.329048,-0.555718,-1.14059][0.291339,-0.0866142,-0.952756][35.9794,-37.0347,0][0.343764,-0.70296,-1.1175][0.283465,-0.212598,-0.937008][35.9785,-37.0439,0][0.243472,-0.56801,-1.16123][0.220472,-0.102362,-0.968504][35.9848,-37.0355,0][0.329048,-0.555718,-1.14059][0.291339,-0.0866142,-0.952756][35.9794,-37.0347,0][0.309322,-0.462428,-1.14945][0.275591,-0.023622,-0.96063][35.9807,-37.0289,0][0.396834,-0.535518,-1.11983][0.362205,-0.0708661,-0.929134][35.9752,-37.0335,0][0.343764,-0.70296,-1.1175][0.283465,-0.212598,-0.937008][35.9785,-37.0439,0][0.329048,-0.555718,-1.14059][0.291339,-0.0866142,-0.952756][35.9794,-37.0347,0][0.451762,-0.678116,-1.08352][0.370079,-0.188976,-0.913386][35.9718,-37.0424,0][0.396834,-0.535518,-1.11983][0.362205,-0.0708661,-0.929134][35.9752,-37.0335,0][0.451762,-0.678116,-1.08352][0.370079,-0.188976,-0.913386][35.9718,-37.0424,0][0.329048,-0.555718,-1.14059][0.291339,-0.0866142,-0.952756][35.9794,-37.0347,0][0.451762,-0.678116,-1.08352][0.370079,-0.188976,-0.913386][35.9718,-37.0424,0][0.40355,-0.829558,-1.05898][0.322835,-0.401575,-0.858268][35.9748,-37.0518,0][0.343764,-0.70296,-1.1175][0.283465,-0.212598,-0.937008][35.9785,-37.0439,0][0.375154,-0.462428,-1.12938][0.322835,-0.023622,-0.944882][35.9766,-37.0289,0][0.396834,-0.535518,-1.11983][0.362205,-0.0708661,-0.929134][35.9752,-37.0335,0][0.309322,-0.462428,-1.14945][0.275591,-0.023622,-0.96063][35.9807,-37.0289,0][0.40355,-0.829558,-1.05898][0.322835,-0.401575,-0.858268][35.9748,-37.0518,0][0.451762,-0.678116,-1.08352][0.370079,-0.188976,-0.913386][35.9718,-37.0424,0][0.535814,-0.804748,-1.01034][0.440945,-0.377953,-0.811024][35.9665,-37.0503,0][0.53929,-0.945438,-0.924402][0.425197,-0.527559,-0.732283][35.9663,-37.0591,0][0.40355,-0.829558,-1.05898][0.322835,-0.401575,-0.858268][35.9748,-37.0518,0][0.535814,-0.804748,-1.01034][0.440945,-0.377953,-0.811024][35.9665,-37.0503,0][0.451762,-0.678116,-1.08352][0.370079,-0.188976,-0.913386][35.9718,-37.0424,0][0.396834,-0.535518,-1.11983][0.362205,-0.0708661,-0.929134][35.9752,-37.0335,0][0.519598,-0.650742,-1.05714][0.448819,-0.149606,-0.88189][35.9675,-37.0407,0][0.519598,-0.650742,-1.05714][0.448819,-0.149606,-0.88189][35.9675,-37.0407,0][0.535814,-0.804748,-1.01034][0.440945,-0.377953,-0.811024][35.9665,-37.0503,0][0.451762,-0.678116,-1.08352][0.370079,-0.188976,-0.913386][35.9718,-37.0424,0][0.396834,-0.535518,-1.11983][0.362205,-0.0708661,-0.929134][35.9752,-37.0335,0][0.375154,-0.462428,-1.12938][0.322835,-0.023622,-0.944882][35.9766,-37.0289,0][0.468692,-0.504026,-1.09293][0.417323,-0.0629921,-0.905512][35.9707,-37.0315,0][0.468692,-0.504026,-1.09293][0.417323,-0.0629921,-0.905512][35.9707,-37.0315,0][0.519598,-0.650742,-1.05714][0.448819,-0.149606,-0.88189][35.9675,-37.0407,0][0.396834,-0.535518,-1.11983][0.362205,-0.0708661,-0.929134][35.9752,-37.0335,0][0.468692,-0.504026,-1.09293][0.417323,-0.0629921,-0.905512][35.9707,-37.0315,0][0.375154,-0.462428,-1.12938][0.322835,-0.023622,-0.944882][35.9766,-37.0289,0][0.438134,-0.46243,-1.10637][0.385827,-0.00787402,-0.92126][35.9726,-37.0289,0][0.53929,-0.945438,-0.924402][0.425197,-0.527559,-0.732283][35.9663,-37.0591,0][0.535814,-0.804748,-1.01034][0.440945,-0.377953,-0.811024][35.9665,-37.0503,0][0.63199,-0.77066,-0.965476][0.527559,-0.330709,-0.779528][35.9605,-37.0482,0][0.535814,-0.804748,-1.01034][0.440945,-0.377953,-0.811024][35.9665,-37.0503,0][0.519598,-0.650742,-1.05714][0.448819,-0.149606,-0.88189][35.9675,-37.0407,0][0.63199,-0.77066,-0.965476][0.527559,-0.330709,-0.779528][35.9605,-37.0482,0][0.63199,-0.77066,-0.965476][0.527559,-0.330709,-0.779528][35.9605,-37.0482,0][0.696276,-0.945438,-0.815408][0.551181,-0.503937,-0.669291][35.9565,-37.0591,0][0.53929,-0.945438,-0.924402][0.425197,-0.527559,-0.732283][35.9663,-37.0591,0][0.811538,-0.945438,-0.70572][0.614173,-0.535433,-0.582677][35.9493,-37.0591,0][0.696276,-0.945438,-0.815408][0.551181,-0.503937,-0.669291][35.9565,-37.0591,0][0.63199,-0.77066,-0.965476][0.527559,-0.330709,-0.779528][35.9605,-37.0482,0][0.87123,-0.808158,-0.747268][0.677165,-0.322835,-0.661417][35.9455,-37.0505,0][0.811538,-0.945438,-0.70572][0.614173,-0.535433,-0.582677][35.9493,-37.0591,0][0.63199,-0.77066,-0.965476][0.527559,-0.330709,-0.779528][35.9605,-37.0482,0][0.519598,-0.650742,-1.05714][0.448819,-0.149606,-0.88189][35.9675,-37.0407,0][0.468692,-0.504026,-1.09293][0.417323,-0.0629921,-0.905512][35.9707,-37.0315,0][0.605422,-0.59885,-1.0176][0.511811,-0.11811,-0.850394][35.9622,-37.0374,0][0.605422,-0.59885,-1.0176][0.511811,-0.11811,-0.850394][35.9622,-37.0374,0][0.63199,-0.77066,-0.965476][0.527559,-0.330709,-0.779528][35.9605,-37.0482,0][0.519598,-0.650742,-1.05714][0.448819,-0.149606,-0.88189][35.9675,-37.0407,0][0.87123,-0.808158,-0.747268][0.677165,-0.322835,-0.661417][35.9455,-37.0505,0][0.63199,-0.77066,-0.965476][0.527559,-0.330709,-0.779528][35.9605,-37.0482,0][0.726762,-0.69505,-0.919218][0.622047,-0.204724,-0.755906][35.9546,-37.0434,0][0.63199,-0.77066,-0.965476][0.527559,-0.330709,-0.779528][35.9605,-37.0482,0][0.605422,-0.59885,-1.0176][0.511811,-0.11811,-0.850394][35.9622,-37.0374,0][0.726762,-0.69505,-0.919218][0.622047,-0.204724,-0.755906][35.9546,-37.0434,0][0.726762,-0.69505,-0.919218][0.622047,-0.204724,-0.755906][35.9546,-37.0434,0][0.905294,-0.613136,-0.769622][0.740157,-0.11811,-0.669291][35.9434,-37.0383,0][0.87123,-0.808158,-0.747268][0.677165,-0.322835,-0.661417][35.9455,-37.0505,0][0.468692,-0.504026,-1.09293][0.417323,-0.0629921,-0.905512][35.9707,-37.0315,0][0.438134,-0.46243,-1.10637][0.385827,-0.00787402,-0.92126][35.9726,-37.0289,0][0.507038,-0.476364,-1.07648][0.464567,-0.023622,-0.88189][35.9683,-37.0298,0][0.605422,-0.59885,-1.0176][0.511811,-0.11811,-0.850394][35.9622,-37.0374,0][0.468692,-0.504026,-1.09293][0.417323,-0.0629921,-0.905512][35.9707,-37.0315,0][0.507038,-0.476364,-1.07648][0.464567,-0.023622,-0.88189][35.9683,-37.0298,0][0.438206,-0.4196,-1.10664][0.393701,-0.00787402,-0.92126][35.9726,-37.0262,0][0.507038,-0.476364,-1.07648][0.464567,-0.023622,-0.88189][35.9683,-37.0298,0][0.438134,-0.46243,-1.10637][0.385827,-0.00787402,-0.92126][35.9726,-37.0289,0][0.763746,-0.59851,-0.90656][0.645669,-0.133858,-0.748031][35.9523,-37.0374,0][0.726762,-0.69505,-0.919218][0.622047,-0.204724,-0.755906][35.9546,-37.0434,0][0.605422,-0.59885,-1.0176][0.511811,-0.11811,-0.850394][35.9622,-37.0374,0][0.905294,-0.613136,-0.769622][0.740157,-0.11811,-0.669291][35.9434,-37.0383,0][0.726762,-0.69505,-0.919218][0.622047,-0.204724,-0.755906][35.9546,-37.0434,0][0.763746,-0.59851,-0.90656][0.645669,-0.133858,-0.748031][35.9523,-37.0374,0][0.507038,-0.476364,-1.07648][0.464567,-0.023622,-0.88189][35.9683,-37.0298,0][0.641892,-0.540968,-0.999206][0.543307,-0.0551181,-0.834646][35.9599,-37.0338,0][0.605422,-0.59885,-1.0176][0.511811,-0.11811,-0.850394][35.9622,-37.0374,0][0.763746,-0.59851,-0.90656][0.645669,-0.133858,-0.748031][35.9523,-37.0374,0][0.605422,-0.59885,-1.0176][0.511811,-0.11811,-0.850394][35.9622,-37.0374,0][0.641892,-0.540968,-0.999206][0.543307,-0.0551181,-0.834646][35.9599,-37.0338,0][0.905294,-0.613136,-0.769622][0.740157,-0.11811,-0.669291][35.9434,-37.0383,0][0.763746,-0.59851,-0.90656][0.645669,-0.133858,-0.748031][35.9523,-37.0374,0][0.785044,-0.494786,-0.896072][0.661417,-0.0314961,-0.748031][35.9509,-37.0309,0][0.641892,-0.540968,-0.999206][0.543307,-0.0551181,-0.834646][35.9599,-37.0338,0][0.785044,-0.494786,-0.896072][0.661417,-0.0314961,-0.748031][35.9509,-37.0309,0][0.763746,-0.59851,-0.90656][0.645669,-0.133858,-0.748031][35.9523,-37.0374,0][0.785044,-0.494786,-0.896072][0.661417,-0.0314961,-0.748031][35.9509,-37.0309,0][0.91189,-0.410124,-0.773896][0.740157,-0.00787402,-0.669291][35.943,-37.0256,0][0.905294,-0.613136,-0.769622][0.740157,-0.11811,-0.669291][35.9434,-37.0383,0][0.641892,-0.540968,-0.999206][0.543307,-0.0551181,-0.834646][35.9599,-37.0338,0][0.507038,-0.476364,-1.07648][0.464567,-0.023622,-0.88189][35.9683,-37.0298,0][0.541804,-0.417192,-1.05966][0.488189,-0.00787402,-0.874016][35.9661,-37.0261,0][0.507038,-0.476364,-1.07648][0.464567,-0.023622,-0.88189][35.9683,-37.0298,0][0.438206,-0.4196,-1.10664][0.393701,-0.00787402,-0.92126][35.9726,-37.0262,0][0.541804,-0.417192,-1.05966][0.488189,-0.00787402,-0.874016][35.9661,-37.0261,0][0.785044,-0.494786,-0.896072][0.661417,-0.0314961,-0.748031][35.9509,-37.0309,0][0.641892,-0.540968,-0.999206][0.543307,-0.0551181,-0.834646][35.9599,-37.0338,0][0.673492,-0.443418,-0.980928][0.566929,-0.015748,-0.826772][35.9579,-37.0277,0][0.541804,-0.417192,-1.05966][0.488189,-0.00787402,-0.874016][35.9661,-37.0261,0][0.673492,-0.443418,-0.980928][0.566929,-0.015748,-0.826772][35.9579,-37.0277,0][0.641892,-0.540968,-0.999206][0.543307,-0.0551181,-0.834646][35.9599,-37.0338,0][0.91189,-0.410124,-0.773896][0.740157,-0.00787402,-0.669291][35.943,-37.0256,0][0.785044,-0.494786,-0.896072][0.661417,-0.0314961,-0.748031][35.9509,-37.0309,0][0.767902,-0.38398,-0.911006][0.653543,0,-0.755906][35.952,-37.024,0][0.673492,-0.443418,-0.980928][0.566929,-0.015748,-0.826772][35.9579,-37.0277,0][0.767902,-0.38398,-0.911006][0.653543,0,-0.755906][35.952,-37.024,0][0.785044,-0.494786,-0.896072][0.661417,-0.0314961,-0.748031][35.9509,-37.0309,0][0.9122,-0.2009,-0.774058][0.732283,0,-0.677165][35.943,-37.0126,0][0.91189,-0.410124,-0.773896][0.740157,-0.00787402,-0.669291][35.943,-37.0256,0][0.767902,-0.38398,-0.911006][0.653543,0,-0.755906][35.952,-37.024,0][0.541804,-0.417192,-1.05966][0.488189,-0.00787402,-0.874016][35.9661,-37.0261,0][0.645452,-0.362894,-0.99994][0.543307,0,-0.834646][35.9597,-37.0227,0][0.673492,-0.443418,-0.980928][0.566929,-0.015748,-0.826772][35.9579,-37.0277,0][0.767902,-0.38398,-0.911006][0.653543,0,-0.755906][35.952,-37.024,0][0.673492,-0.443418,-0.980928][0.566929,-0.015748,-0.826772][35.9579,-37.0277,0][0.645452,-0.362894,-0.99994][0.543307,0,-0.834646][35.9597,-37.0227,0][0.438206,-0.4196,-1.10664][0.393701,-0.00787402,-0.92126][35.9726,-37.0262,0][0.512162,-0.359952,-1.07476][0.456693,0,-0.889764][35.968,-37.0225,0][0.541804,-0.417192,-1.05966][0.488189,-0.00787402,-0.874016][35.9661,-37.0261,0][0.512162,-0.359952,-1.07476][0.456693,0,-0.889764][35.968,-37.0225,0][0.645452,-0.362894,-0.99994][0.543307,0,-0.834646][35.9597,-37.0227,0][0.541804,-0.417192,-1.05966][0.488189,-0.00787402,-0.874016][35.9661,-37.0261,0][0.512162,-0.359952,-1.07476][0.456693,0,-0.889764][35.968,-37.0225,0][0.438206,-0.4196,-1.10664][0.393701,-0.00787402,-0.92126][35.9726,-37.0262,0][0.438254,-0.380168,-1.10679][0.385827,-0.00787402,-0.92126][35.9726,-37.0238,0][0.645452,-0.362894,-0.99994][0.543307,0,-0.834646][35.9597,-37.0227,0][0.752204,-0.217966,-0.923902][0.629921,0.00787402,-0.771654][35.953,-37.0136,0][0.767902,-0.38398,-0.911006][0.653543,0,-0.755906][35.952,-37.024,0][0.752204,-0.217966,-0.923902][0.629921,0.00787402,-0.771654][35.953,-37.0136,0][0.9122,-0.2009,-0.774058][0.732283,0,-0.677165][35.943,-37.0126,0][0.767902,-0.38398,-0.911006][0.653543,0,-0.755906][35.952,-37.024,0][0.512162,-0.359952,-1.07476][0.456693,0,-0.889764][35.968,-37.0225,0][0.597732,-0.25027,-1.02948][0.519685,0.00787402,-0.850394][35.9626,-37.0156,0][0.645452,-0.362894,-0.99994][0.543307,0,-0.834646][35.9597,-37.0227,0][0.752204,-0.217966,-0.923902][0.629921,0.00787402,-0.771654][35.953,-37.0136,0][0.645452,-0.362894,-0.99994][0.543307,0,-0.834646][35.9597,-37.0227,0][0.597732,-0.25027,-1.02948][0.519685,0.00787402,-0.850394][35.9626,-37.0156,0][0.512162,-0.359952,-1.07476][0.456693,0,-0.889764][35.968,-37.0225,0][0.438254,-0.380168,-1.10679][0.385827,-0.00787402,-0.92126][35.9726,-37.0238,0][0.44599,-0.318318,-1.10393][0.409449,0.00787402,-0.913386][35.9721,-37.0199,0][0.597732,-0.25027,-1.02948][0.519685,0.00787402,-0.850394][35.9626,-37.0156,0][0.512162,-0.359952,-1.07476][0.456693,0,-0.889764][35.968,-37.0225,0][0.44599,-0.318318,-1.10393][0.409449,0.00787402,-0.913386][35.9721,-37.0199,0][0.376214,-0.380168,-1.1295][0.330709,0,-0.944882][35.9765,-37.0238,0][0.44599,-0.318318,-1.10393][0.409449,0.00787402,-0.913386][35.9721,-37.0199,0][0.438254,-0.380168,-1.10679][0.385827,-0.00787402,-0.92126][35.9726,-37.0238,0][0.549408,-0.17175,-1.05618][0.480315,0.00787402,-0.874016][35.9657,-37.0107,0][0.752204,-0.217966,-0.923902][0.629921,0.00787402,-0.771654][35.953,-37.0136,0][0.597732,-0.25027,-1.02948][0.519685,0.00787402,-0.850394][35.9626,-37.0156,0][0.44599,-0.318318,-1.10393][0.409449,0.00787402,-0.913386][35.9721,-37.0199,0][0.549408,-0.17175,-1.05618][0.480315,0.00787402,-0.874016][35.9657,-37.0107,0][0.597732,-0.25027,-1.02948][0.519685,0.00787402,-0.850394][35.9626,-37.0156,0][0.743802,-0.000422478,-0.930442][0.614173,0,-0.787402][35.9535,-37,0][0.9122,-0.2009,-0.774058][0.732283,0,-0.677165][35.943,-37.0126,0][0.752204,-0.217966,-0.923902][0.629921,0.00787402,-0.771654][35.953,-37.0136,0][0.752204,-0.217966,-0.923902][0.629921,0.00787402,-0.771654][35.953,-37.0136,0][0.549408,-0.17175,-1.05618][0.480315,0.00787402,-0.874016][35.9657,-37.0107,0][0.743802,-0.000422478,-0.930442][0.614173,0,-0.787402][35.9535,-37,0][0.9122,-0.2009,-0.774058][0.732283,0,-0.677165][35.943,-37.0126,0][0.743802,-0.000422478,-0.930442][0.614173,0,-0.787402][35.9535,-37,0][0.912394,-0.000498772,-0.773896][0.732283,0,-0.685039][35.943,-37,0][0.738996,0.186852,-0.934086][0.614173,-0.00787402,-0.787402][35.9538,-36.9883,0][0.912394,-0.000498772,-0.773896][0.732283,0,-0.685039][35.943,-37,0][0.743802,-0.000422478,-0.930442][0.614173,0,-0.787402][35.9535,-37,0][0.572942,0.183732,-1.04345][0.480315,-0.00787402,-0.874016][35.9642,-36.9885,0][0.738996,0.186852,-0.934086][0.614173,-0.00787402,-0.787402][35.9538,-36.9883,0][0.743802,-0.000422478,-0.930442][0.614173,0,-0.787402][35.9535,-37,0][0.376214,-0.380168,-1.1295][0.330709,0,-0.944882][35.9765,-37.0238,0][0.367378,-0.296416,-1.1327][0.346457,0,-0.937008][35.977,-37.0185,0][0.44599,-0.318318,-1.10393][0.409449,0.00787402,-0.913386][35.9721,-37.0199,0][0.549408,-0.17175,-1.05618][0.480315,0.00787402,-0.874016][35.9657,-37.0107,0][0.44599,-0.318318,-1.10393][0.409449,0.00787402,-0.913386][35.9721,-37.0199,0][0.367378,-0.296416,-1.1327][0.346457,0,-0.937008][35.977,-37.0185,0][0.367378,-0.296416,-1.1327][0.346457,0,-0.937008][35.977,-37.0185,0][0.376214,-0.380168,-1.1295][0.330709,0,-0.944882][35.9765,-37.0238,0][0.315704,-0.380168,-1.14808][0.275591,0,-0.96063][35.9803,-37.0238,0][0.743802,-0.000422478,-0.930442][0.614173,0,-0.787402][35.9535,-37,0][0.50465,-0.000436782,-1.07842][0.448819,0,-0.889764][35.9685,-37,0][0.572942,0.183732,-1.04345][0.480315,-0.00787402,-0.874016][35.9642,-36.9885,0][0.743802,-0.000422478,-0.930442][0.614173,0,-0.787402][35.9535,-37,0][0.549408,-0.17175,-1.05618][0.480315,0.00787402,-0.874016][35.9657,-37.0107,0][0.50465,-0.000436782,-1.07842][0.448819,0,-0.889764][35.9685,-37,0][0.50465,-0.000436782,-1.07842][0.448819,0,-0.889764][35.9685,-37,0][0.381108,0.188253,-1.12798][0.338583,0,-0.944882][35.9762,-36.9882,0][0.572942,0.183732,-1.04345][0.480315,-0.00787402,-0.874016][35.9642,-36.9885,0][0.367378,-0.296416,-1.1327][0.346457,0,-0.937008][35.977,-37.0185,0][0.38924,-0.163582,-1.12528][0.370079,0,-0.929134][35.9757,-37.0102,0][0.549408,-0.17175,-1.05618][0.480315,0.00787402,-0.874016][35.9657,-37.0107,0][0.549408,-0.17175,-1.05618][0.480315,0.00787402,-0.874016][35.9657,-37.0107,0][0.38924,-0.163582,-1.12528][0.370079,0,-0.929134][35.9757,-37.0102,0][0.50465,-0.000436782,-1.07842][0.448819,0,-0.889764][35.9685,-37,0][0.315704,-0.380168,-1.14808][0.275591,0,-0.96063][35.9803,-37.0238,0][0.285694,-0.281034,-1.15606][0.275591,0,-0.96063][35.9821,-37.0176,0][0.367378,-0.296416,-1.1327][0.346457,0,-0.937008][35.977,-37.0185,0][0.38924,-0.163582,-1.12528][0.370079,0,-0.929134][35.9757,-37.0102,0][0.367378,-0.296416,-1.1327][0.346457,0,-0.937008][35.977,-37.0185,0][0.285694,-0.281034,-1.15606][0.275591,0,-0.96063][35.9821,-37.0176,0][0.285694,-0.281034,-1.15606][0.275591,0,-0.96063][35.9821,-37.0176,0][0.315704,-0.380168,-1.14808][0.275591,0,-0.96063][35.9803,-37.0238,0][0.251882,-0.38017,-1.16394][0.220472,0,-0.976378][35.9843,-37.0238,0][0.381108,0.188253,-1.12798][0.338583,0,-0.944882][35.9762,-36.9882,0][0.50465,-0.000436782,-1.07842][0.448819,0,-0.889764][35.9685,-37,0][0.343122,-0.00048399,-1.14029][0.307087,0.00787402,-0.952756][35.9786,-37,0][0.50465,-0.000436782,-1.07842][0.448819,0,-0.889764][35.9685,-37,0][0.38924,-0.163582,-1.12528][0.370079,0,-0.929134][35.9757,-37.0102,0][0.343122,-0.00048399,-1.14029][0.307087,0.00787402,-0.952756][35.9786,-37,0][0.343122,-0.00048399,-1.14029][0.307087,0.00787402,-0.952756][35.9786,-37,0][0.223194,0.190817,-1.16975][0.204724,0,-0.976378][35.986,-36.9881,0][0.381108,0.188253,-1.12798][0.338583,0,-0.944882][35.9762,-36.9882,0][0.223194,0.190817,-1.16975][0.204724,0,-0.976378][35.986,-36.9881,0][0.343122,-0.00048399,-1.14029][0.307087,0.00787402,-0.952756][35.9786,-37,0][0.209086,-0.000490188,-1.17253][0.188976,0,-0.984252][35.9869,-37,0][0.285694,-0.281034,-1.15606][0.275591,0,-0.96063][35.9821,-37.0176,0][0.251882,-0.38017,-1.16394][0.220472,0,-0.976378][35.9843,-37.0238,0][0.206912,-0.273446,-1.17296][0.188976,0,-0.984252][35.9871,-37.0171,0][0.251882,-0.38017,-1.16394][0.220472,0,-0.976378][35.9843,-37.0238,0][0.18815,-0.38017,-1.17575][0.165354,0,-0.984252][35.9882,-37.0238,0][0.206912,-0.273446,-1.17296][0.188976,0,-0.984252][35.9871,-37.0171,0][0.38924,-0.163582,-1.12528][0.370079,0,-0.929134][35.9757,-37.0102,0][0.285694,-0.281034,-1.15606][0.275591,0,-0.96063][35.9821,-37.0176,0][0.27218,-0.15805,-1.15935][0.251969,0,-0.968504][35.983,-37.0099,0][0.343122,-0.00048399,-1.14029][0.307087,0.00787402,-0.952756][35.9786,-37,0][0.38924,-0.163582,-1.12528][0.370079,0,-0.929134][35.9757,-37.0102,0][0.27218,-0.15805,-1.15935][0.251969,0,-0.968504][35.983,-37.0099,0][0.285694,-0.281034,-1.15606][0.275591,0,-0.96063][35.9821,-37.0176,0][0.206912,-0.273446,-1.17296][0.188976,0,-0.984252][35.9871,-37.0171,0][0.27218,-0.15805,-1.15935][0.251969,0,-0.968504][35.983,-37.0099,0][0.343122,-0.00048399,-1.14029][0.307087,0.00787402,-0.952756][35.9786,-37,0][0.27218,-0.15805,-1.15935][0.251969,0,-0.968504][35.983,-37.0099,0][0.209086,-0.000490188,-1.17253][0.188976,0,-0.984252][35.9869,-37,0][0.206912,-0.273446,-1.17296][0.188976,0,-0.984252][35.9871,-37.0171,0][0.173874,-0.154994,-1.17812][0.15748,0,-0.984252][35.9891,-37.0097,0][0.27218,-0.15805,-1.15935][0.251969,0,-0.968504][35.983,-37.0099,0][0.209086,-0.000490188,-1.17253][0.188976,0,-0.984252][35.9869,-37,0][0.27218,-0.15805,-1.15935][0.251969,0,-0.968504][35.983,-37.0099,0][0.173874,-0.154994,-1.17812][0.15748,0,-0.984252][35.9891,-37.0097,0][-0.24748,-0.462428,-1.16434][-0.220472,-0.0314961,-0.976378][36.0155,-37.0289,0][-0.243474,-0.56801,-1.16123][-0.220472,-0.102362,-0.968504][36.0152,-37.0355,0][-0.32905,-0.555718,-1.14059][-0.291339,-0.0866142,-0.952756][36.0206,-37.0347,0][-0.243474,-0.56801,-1.16123][-0.220472,-0.102362,-0.968504][36.0152,-37.0355,0][-0.24748,-0.462428,-1.16434][-0.220472,-0.0314961,-0.976378][36.0155,-37.0289,0][-0.186835,-0.462428,-1.17549][-0.165354,-0.0314961,-0.984252][36.0117,-37.0289,0][-0.32905,-0.555718,-1.14059][-0.291339,-0.0866142,-0.952756][36.0206,-37.0347,0][-0.309322,-0.462428,-1.14945][-0.275591,-0.023622,-0.96063][36.0193,-37.0289,0][-0.24748,-0.462428,-1.16434][-0.220472,-0.0314961,-0.976378][36.0155,-37.0289,0][-0.186835,-0.462428,-1.17549][-0.165354,-0.0314961,-0.984252][36.0117,-37.0289,0][-0.16286,-0.57635,-1.17457][-0.141732,-0.110236,-0.984252][36.0102,-37.036,0][-0.243474,-0.56801,-1.16123][-0.220472,-0.102362,-0.968504][36.0152,-37.0355,0][-0.16286,-0.57635,-1.17457][-0.141732,-0.110236,-0.984252][36.0102,-37.036,0][-0.186835,-0.462428,-1.17549][-0.165354,-0.0314961,-0.984252][36.0117,-37.0289,0][-0.124036,-0.462428,-1.18375][-0.110236,-0.0314961,-0.992126][36.0078,-37.0289,0][-0.34335,-0.703156,-1.11758][-0.283465,-0.212598,-0.937008][36.0215,-37.0439,0][-0.32905,-0.555718,-1.14059][-0.291339,-0.0866142,-0.952756][36.0206,-37.0347,0][-0.243474,-0.56801,-1.16123][-0.220472,-0.102362,-0.968504][36.0152,-37.0355,0][-0.231984,-0.720798,-1.14215][-0.181102,-0.228346,-0.952756][36.0145,-37.0451,0][-0.243474,-0.56801,-1.16123][-0.220472,-0.102362,-0.968504][36.0152,-37.0355,0][-0.16286,-0.57635,-1.17457][-0.141732,-0.110236,-0.984252][36.0102,-37.036,0][-0.243474,-0.56801,-1.16123][-0.220472,-0.102362,-0.968504][36.0152,-37.0355,0][-0.231984,-0.720798,-1.14215][-0.181102,-0.228346,-0.952756][36.0145,-37.0451,0][-0.34335,-0.703156,-1.11758][-0.283465,-0.212598,-0.937008][36.0215,-37.0439,0][-0.124036,-0.462428,-1.18375][-0.110236,-0.0314961,-0.992126][36.0078,-37.0289,0][-0.0736888,-0.582552,-1.18293][-0.0787402,-0.110236,-0.992126][36.0046,-37.0364,0][-0.16286,-0.57635,-1.17457][-0.141732,-0.110236,-0.984252][36.0102,-37.036,0][-0.0736888,-0.582552,-1.18293][-0.0787402,-0.110236,-0.992126][36.0046,-37.0364,0][-0.124036,-0.462428,-1.18375][-0.110236,-0.0314961,-0.992126][36.0078,-37.0289,0][-0.0590828,-0.462428,-1.18889][-0.0551181,-0.0393701,-1][36.0037,-37.0289,0][-0.16286,-0.57635,-1.17457][-0.141732,-0.110236,-0.984252][36.0102,-37.036,0][-0.0831674,-0.730842,-1.16016][-0.0944882,-0.23622,-0.968504][36.0052,-37.0457,0][-0.231984,-0.720798,-1.14215][-0.181102,-0.228346,-0.952756][36.0145,-37.0451,0][-0.0831674,-0.730842,-1.16016][-0.0944882,-0.23622,-0.968504][36.0052,-37.0457,0][-0.16286,-0.57635,-1.17457][-0.141732,-0.110236,-0.984252][36.0102,-37.036,0][-0.0736888,-0.582552,-1.18293][-0.0787402,-0.110236,-0.992126][36.0046,-37.0364,0][-0.258314,-0.845408,-1.09621][-0.212598,-0.401575,-0.889764][36.0161,-37.0528,0][-0.34335,-0.703156,-1.11758][-0.283465,-0.212598,-0.937008][36.0215,-37.0439,0][-0.231984,-0.720798,-1.14215][-0.181102,-0.228346,-0.952756][36.0145,-37.0451,0][-0.110545,-0.851866,-1.11762][-0.0944882,-0.409449,-0.905512][36.0069,-37.0532,0][-0.231984,-0.720798,-1.14215][-0.181102,-0.228346,-0.952756][36.0145,-37.0451,0][-0.0831674,-0.730842,-1.16016][-0.0944882,-0.23622,-0.968504][36.0052,-37.0457,0][-0.231984,-0.720798,-1.14215][-0.181102,-0.228346,-0.952756][36.0145,-37.0451,0][-0.110545,-0.851866,-1.11762][-0.0944882,-0.409449,-0.905512][36.0069,-37.0532,0][-0.258314,-0.845408,-1.09621][-0.212598,-0.401575,-0.889764][36.0161,-37.0528,0][-0.0590828,-0.462428,-1.18889][-0.0551181,-0.0393701,-1][36.0037,-37.0289,0][3.26596e-09,-0.585944,-1.18521][0,-0.110236,-0.992126][36,-37.0366,0][-0.0736888,-0.582552,-1.18293][-0.0787402,-0.110236,-0.992126][36.0046,-37.0364,0][3.26596e-09,-0.585944,-1.18521][0,-0.110236,-0.992126][36,-37.0366,0][-0.0590828,-0.462428,-1.18889][-0.0551181,-0.0393701,-1][36.0037,-37.0289,0][7.71478e-08,-0.462428,-1.1905][0,-0.0393701,-1][36,-37.0289,0][0.059083,-0.462428,-1.18889][0.0551181,-0.0393701,-1][35.9963,-37.0289,0][3.26596e-09,-0.585944,-1.18521][0,-0.110236,-0.992126][36,-37.0366,0][7.71478e-08,-0.462428,-1.1905][0,-0.0393701,-1][36,-37.0289,0][-5.11324e-08,-0.730052,-1.16357][0,-0.23622,-0.968504][36,-37.0456,0][-0.0736888,-0.582552,-1.18293][-0.0787402,-0.110236,-0.992126][36.0046,-37.0364,0][3.26596e-09,-0.585944,-1.18521][0,-0.110236,-0.992126][36,-37.0366,0][-0.0736888,-0.582552,-1.18293][-0.0787402,-0.110236,-0.992126][36.0046,-37.0364,0][-5.11324e-08,-0.730052,-1.16357][0,-0.23622,-0.968504][36,-37.0456,0][-0.0831674,-0.730842,-1.16016][-0.0944882,-0.23622,-0.968504][36.0052,-37.0457,0][3.26596e-09,-0.585944,-1.18521][0,-0.110236,-0.992126][36,-37.0366,0][0.059083,-0.462428,-1.18889][0.0551181,-0.0393701,-1][35.9963,-37.0289,0][0.0736888,-0.582552,-1.18293][0.0787402,-0.110236,-0.992126][35.9954,-37.0364,0][0.0736888,-0.582552,-1.18293][0.0787402,-0.110236,-0.992126][35.9954,-37.0364,0][-5.11324e-08,-0.730052,-1.16357][0,-0.23622,-0.968504][36,-37.0456,0][3.26596e-09,-0.585944,-1.18521][0,-0.110236,-0.992126][36,-37.0366,0][0.124036,-0.462428,-1.18375][0.110236,-0.0314961,-0.992126][35.9922,-37.0289,0][0.0736888,-0.582552,-1.18293][0.0787402,-0.110236,-0.992126][35.9954,-37.0364,0][0.059083,-0.462428,-1.18889][0.0551181,-0.0393701,-1][35.9963,-37.0289,0][-5.11324e-08,-0.730052,-1.16357][0,-0.23622,-0.968504][36,-37.0456,0][-1.94071e-07,-0.853294,-1.12251][0,-0.440945,-0.897638][36,-37.0533,0][-0.0831674,-0.730842,-1.16016][-0.0944882,-0.23622,-0.968504][36.0052,-37.0457,0][-0.0831674,-0.730842,-1.16016][-0.0944882,-0.23622,-0.968504][36.0052,-37.0457,0][-1.94071e-07,-0.853294,-1.12251][0,-0.440945,-0.897638][36,-37.0533,0][-0.110545,-0.851866,-1.11762][-0.0944882,-0.409449,-0.905512][36.0069,-37.0532,0][-5.11324e-08,-0.730052,-1.16357][0,-0.23622,-0.968504][36,-37.0456,0][0.0736888,-0.582552,-1.18293][0.0787402,-0.110236,-0.992126][35.9954,-37.0364,0][0.0829426,-0.730846,-1.16017][0.0944882,-0.23622,-0.968504][35.9948,-37.0457,0][0.0829426,-0.730846,-1.16017][0.0944882,-0.23622,-0.968504][35.9948,-37.0457,0][-1.94071e-07,-0.853294,-1.12251][0,-0.440945,-0.897638][36,-37.0533,0][-5.11324e-08,-0.730052,-1.16357][0,-0.23622,-0.968504][36,-37.0456,0][0.0736888,-0.582552,-1.18293][0.0787402,-0.110236,-0.992126][35.9954,-37.0364,0][0.124036,-0.462428,-1.18375][0.110236,-0.0314961,-0.992126][35.9922,-37.0289,0][0.16286,-0.57635,-1.17457][0.141732,-0.110236,-0.984252][35.9898,-37.036,0][0.16286,-0.57635,-1.17457][0.141732,-0.110236,-0.984252][35.9898,-37.036,0][0.0829426,-0.730846,-1.16017][0.0944882,-0.23622,-0.968504][35.9948,-37.0457,0][0.0736888,-0.582552,-1.18293][0.0787402,-0.110236,-0.992126][35.9954,-37.0364,0][0.186835,-0.462428,-1.17549][0.165354,-0.0314961,-0.984252][35.9883,-37.0289,0][0.16286,-0.57635,-1.17457][0.141732,-0.110236,-0.984252][35.9898,-37.036,0][0.124036,-0.462428,-1.18375][0.110236,-0.0314961,-0.992126][35.9922,-37.0289,0][0.16286,-0.57635,-1.17457][0.141732,-0.110236,-0.984252][35.9898,-37.036,0][0.186835,-0.462428,-1.17549][0.165354,-0.0314961,-0.984252][35.9883,-37.0289,0][0.243472,-0.56801,-1.16123][0.220472,-0.102362,-0.968504][35.9848,-37.0355,0][0.243472,-0.56801,-1.16123][0.220472,-0.102362,-0.968504][35.9848,-37.0355,0][0.232952,-0.721112,-1.14188][0.181102,-0.228346,-0.952756][35.9854,-37.0451,0][0.16286,-0.57635,-1.17457][0.141732,-0.110236,-0.984252][35.9898,-37.036,0][0.0829426,-0.730846,-1.16017][0.0944882,-0.23622,-0.968504][35.9948,-37.0457,0][0.16286,-0.57635,-1.17457][0.141732,-0.110236,-0.984252][35.9898,-37.036,0][0.232952,-0.721112,-1.14188][0.181102,-0.228346,-0.952756][35.9854,-37.0451,0][0.232952,-0.721112,-1.14188][0.181102,-0.228346,-0.952756][35.9854,-37.0451,0][0.243472,-0.56801,-1.16123][0.220472,-0.102362,-0.968504][35.9848,-37.0355,0][0.343764,-0.70296,-1.1175][0.283465,-0.212598,-0.937008][35.9785,-37.0439,0][-1.94071e-07,-0.853294,-1.12251][0,-0.440945,-0.897638][36,-37.0533,0][0.0829426,-0.730846,-1.16017][0.0944882,-0.23622,-0.968504][35.9948,-37.0457,0][0.110178,-0.851842,-1.11767][0.0944882,-0.409449,-0.905512][35.9931,-37.0532,0][0.232952,-0.721112,-1.14188][0.181102,-0.228346,-0.952756][35.9854,-37.0451,0][0.110178,-0.851842,-1.11767][0.0944882,-0.409449,-0.905512][35.9931,-37.0532,0][0.0829426,-0.730846,-1.16017][0.0944882,-0.23622,-0.968504][35.9948,-37.0457,0][0.343764,-0.70296,-1.1175][0.283465,-0.212598,-0.937008][35.9785,-37.0439,0][0.25963,-0.845782,-1.09572][0.220472,-0.401575,-0.889764][35.9838,-37.0529,0][0.232952,-0.721112,-1.14188][0.181102,-0.228346,-0.952756][35.9854,-37.0451,0][0.110178,-0.851842,-1.11767][0.0944882,-0.409449,-0.905512][35.9931,-37.0532,0][0.232952,-0.721112,-1.14188][0.181102,-0.228346,-0.952756][35.9854,-37.0451,0][0.25963,-0.845782,-1.09572][0.220472,-0.401575,-0.889764][35.9838,-37.0529,0][0.25963,-0.845782,-1.09572][0.220472,-0.401575,-0.889764][35.9838,-37.0529,0][0.343764,-0.70296,-1.1175][0.283465,-0.212598,-0.937008][35.9785,-37.0439,0][0.40355,-0.829558,-1.05898][0.322835,-0.401575,-0.858268][35.9748,-37.0518,0][0.110178,-0.851842,-1.11767][0.0944882,-0.409449,-0.905512][35.9931,-37.0532,0][-3.52834e-07,-0.945438,-1.06675][0,-0.606299,-0.795276][36,-37.0591,0][-1.94071e-07,-0.853294,-1.12251][0,-0.440945,-0.897638][36,-37.0533,0][-0.110545,-0.851866,-1.11762][-0.0944882,-0.409449,-0.905512][36.0069,-37.0532,0][-1.94071e-07,-0.853294,-1.12251][0,-0.440945,-0.897638][36,-37.0533,0][-3.52834e-07,-0.945438,-1.06675][0,-0.606299,-0.795276][36,-37.0591,0][0.186657,-0.945438,-1.05071][0.141732,-0.598425,-0.787402][35.9883,-37.0591,0][0.110178,-0.851842,-1.11767][0.0944882,-0.409449,-0.905512][35.9931,-37.0532,0][0.25963,-0.845782,-1.09572][0.220472,-0.401575,-0.889764][35.9838,-37.0529,0][-3.52834e-07,-0.945438,-1.06675][0,-0.606299,-0.795276][36,-37.0591,0][0.110178,-0.851842,-1.11767][0.0944882,-0.409449,-0.905512][35.9931,-37.0532,0][0.186657,-0.945438,-1.05071][0.141732,-0.598425,-0.787402][35.9883,-37.0591,0][0.25963,-0.845782,-1.09572][0.220472,-0.401575,-0.889764][35.9838,-37.0529,0][0.40355,-0.829558,-1.05898][0.322835,-0.401575,-0.858268][35.9748,-37.0518,0][0.368078,-0.945438,-1.00316][0.283465,-0.566929,-0.771654][35.977,-37.0591,0][0.368078,-0.945438,-1.00316][0.283465,-0.566929,-0.771654][35.977,-37.0591,0][0.186657,-0.945438,-1.05071][0.141732,-0.598425,-0.787402][35.9883,-37.0591,0][0.25963,-0.845782,-1.09572][0.220472,-0.401575,-0.889764][35.9838,-37.0529,0][0.40355,-0.829558,-1.05898][0.322835,-0.401575,-0.858268][35.9748,-37.0518,0][0.53929,-0.945438,-0.924402][0.425197,-0.527559,-0.732283][35.9663,-37.0591,0][0.368078,-0.945438,-1.00316][0.283465,-0.566929,-0.771654][35.977,-37.0591,0][0.186657,-0.945438,-1.05071][0.141732,-0.598425,-0.787402][35.9883,-37.0591,0][0.368078,-0.945438,-1.00316][0.283465,-0.566929,-0.771654][35.977,-37.0591,0][0.33568,-1.04613,-0.926168][0.212598,-0.755906,-0.622047][35.979,-37.0654,0][0.49363,-1.04613,-0.861996][0.314961,-0.755906,-0.574803][35.9691,-37.0654,0][0.33568,-1.04613,-0.926168][0.212598,-0.755906,-0.622047][35.979,-37.0654,0][0.368078,-0.945438,-1.00316][0.283465,-0.566929,-0.771654][35.977,-37.0591,0][0.368078,-0.945438,-1.00316][0.283465,-0.566929,-0.771654][35.977,-37.0591,0][0.53929,-0.945438,-0.924402][0.425197,-0.527559,-0.732283][35.9663,-37.0591,0][0.49363,-1.04613,-0.861996][0.314961,-0.755906,-0.574803][35.9691,-37.0654,0][0.186657,-0.945438,-1.05071][0.141732,-0.598425,-0.787402][35.9883,-37.0591,0][0.33568,-1.04613,-0.926168][0.212598,-0.755906,-0.622047][35.979,-37.0654,0][0.169777,-1.04613,-0.965804][0.110236,-0.755906,-0.645669][35.9894,-37.0654,0][-3.52834e-07,-0.945438,-1.06675][0,-0.606299,-0.795276][36,-37.0591,0][0.186657,-0.945438,-1.05071][0.141732,-0.598425,-0.787402][35.9883,-37.0591,0][0.169777,-1.04613,-0.965804][0.110236,-0.755906,-0.645669][35.9894,-37.0654,0][0.6416,-1.04613,-0.764458][0.409449,-0.755906,-0.511811][35.9599,-37.0654,0][0.49363,-1.04613,-0.861996][0.314961,-0.755906,-0.574803][35.9691,-37.0654,0][0.53929,-0.945438,-0.924402][0.425197,-0.527559,-0.732283][35.9663,-37.0591,0][0.53929,-0.945438,-0.924402][0.425197,-0.527559,-0.732283][35.9663,-37.0591,0][0.696276,-0.945438,-0.815408][0.551181,-0.503937,-0.669291][35.9565,-37.0591,0][0.6416,-1.04613,-0.764458][0.409449,-0.755906,-0.511811][35.9599,-37.0654,0][-3.52834e-07,-0.945438,-1.06675][0,-0.606299,-0.795276][36,-37.0591,0][0.169777,-1.04613,-0.965804][0.110236,-0.755906,-0.645669][35.9894,-37.0654,0][3.52e-09,-1.04613,-0.979174][0,-0.755906,-0.653543][36,-37.0654,0][-0.169777,-1.04613,-0.965804][-0.110236,-0.755906,-0.645669][36.0106,-37.0654,0][-3.52834e-07,-0.945438,-1.06675][0,-0.606299,-0.795276][36,-37.0591,0][3.52e-09,-1.04613,-0.979174][0,-0.755906,-0.653543][36,-37.0654,0][-3.52834e-07,-0.945438,-1.06675][0,-0.606299,-0.795276][36,-37.0591,0][-0.169777,-1.04613,-0.965804][-0.110236,-0.755906,-0.645669][36.0106,-37.0654,0][-0.186659,-0.945438,-1.05072][-0.141732,-0.598425,-0.787402][36.0117,-37.0591,0][-3.52834e-07,-0.945438,-1.06675][0,-0.606299,-0.795276][36,-37.0591,0][-0.186659,-0.945438,-1.05072][-0.141732,-0.598425,-0.787402][36.0117,-37.0591,0][-0.110545,-0.851866,-1.11762][-0.0944882,-0.409449,-0.905512][36.0069,-37.0532,0][-0.33568,-1.04613,-0.926168][-0.212598,-0.755906,-0.622047][36.021,-37.0654,0][-0.186659,-0.945438,-1.05072][-0.141732,-0.598425,-0.787402][36.0117,-37.0591,0][-0.169777,-1.04613,-0.965804][-0.110236,-0.755906,-0.645669][36.0106,-37.0654,0][-0.186659,-0.945438,-1.05072][-0.141732,-0.598425,-0.787402][36.0117,-37.0591,0][-0.258314,-0.845408,-1.09621][-0.212598,-0.401575,-0.889764][36.0161,-37.0528,0][-0.110545,-0.851866,-1.11762][-0.0944882,-0.409449,-0.905512][36.0069,-37.0532,0][-0.186659,-0.945438,-1.05072][-0.141732,-0.598425,-0.787402][36.0117,-37.0591,0][-0.33568,-1.04613,-0.926168][-0.212598,-0.755906,-0.622047][36.021,-37.0654,0][-0.36808,-0.945438,-1.00317][-0.283465,-0.566929,-0.771654][36.023,-37.0591,0][-0.36808,-0.945438,-1.00317][-0.283465,-0.566929,-0.771654][36.023,-37.0591,0][-0.258314,-0.845408,-1.09621][-0.212598,-0.401575,-0.889764][36.0161,-37.0528,0][-0.186659,-0.945438,-1.05072][-0.141732,-0.598425,-0.787402][36.0117,-37.0591,0][-0.49363,-1.04613,-0.861994][-0.314961,-0.755906,-0.574803][36.0309,-37.0654,0][-0.36808,-0.945438,-1.00317][-0.283465,-0.566929,-0.771654][36.023,-37.0591,0][-0.33568,-1.04613,-0.926168][-0.212598,-0.755906,-0.622047][36.021,-37.0654,0][-0.258314,-0.845408,-1.09621][-0.212598,-0.401575,-0.889764][36.0161,-37.0528,0][-0.36808,-0.945438,-1.00317][-0.283465,-0.566929,-0.771654][36.023,-37.0591,0][-0.402924,-0.829878,-1.05909][-0.322835,-0.401575,-0.858268][36.0252,-37.0519,0][-0.36808,-0.945438,-1.00317][-0.283465,-0.566929,-0.771654][36.023,-37.0591,0][-0.49363,-1.04613,-0.861994][-0.314961,-0.755906,-0.574803][36.0309,-37.0654,0][-0.539292,-0.945438,-0.924406][-0.425197,-0.527559,-0.732283][36.0337,-37.0591,0][-0.402924,-0.829878,-1.05909][-0.322835,-0.401575,-0.858268][36.0252,-37.0519,0][-0.36808,-0.945438,-1.00317][-0.283465,-0.566929,-0.771654][36.023,-37.0591,0][-0.539292,-0.945438,-0.924406][-0.425197,-0.527559,-0.732283][36.0337,-37.0591,0][-0.34335,-0.703156,-1.11758][-0.283465,-0.212598,-0.937008][36.0215,-37.0439,0][-0.258314,-0.845408,-1.09621][-0.212598,-0.401575,-0.889764][36.0161,-37.0528,0][-0.402924,-0.829878,-1.05909][-0.322835,-0.401575,-0.858268][36.0252,-37.0519,0][-0.6416,-1.04613,-0.764456][-0.409449,-0.755906,-0.511811][36.0401,-37.0654,0][-0.539292,-0.945438,-0.924406][-0.425197,-0.527559,-0.732283][36.0337,-37.0591,0][-0.49363,-1.04613,-0.861994][-0.314961,-0.755906,-0.574803][36.0309,-37.0654,0][-0.539292,-0.945438,-0.924406][-0.425197,-0.527559,-0.732283][36.0337,-37.0591,0][-0.6416,-1.04613,-0.764456][-0.409449,-0.755906,-0.511811][36.0401,-37.0654,0][-0.69628,-0.945438,-0.815412][-0.551181,-0.503937,-0.669291][36.0435,-37.0591,0][-0.402924,-0.829878,-1.05909][-0.322835,-0.401575,-0.858268][36.0252,-37.0519,0][-0.451666,-0.677814,-1.08362][-0.370079,-0.188976,-0.913386][36.0282,-37.0424,0][-0.34335,-0.703156,-1.11758][-0.283465,-0.212598,-0.937008][36.0215,-37.0439,0][-0.32905,-0.555718,-1.14059][-0.291339,-0.0866142,-0.952756][36.0206,-37.0347,0][-0.34335,-0.703156,-1.11758][-0.283465,-0.212598,-0.937008][36.0215,-37.0439,0][-0.451666,-0.677814,-1.08362][-0.370079,-0.188976,-0.913386][36.0282,-37.0424,0][-0.535734,-0.80419,-1.01058][-0.440945,-0.377953,-0.811024][36.0335,-37.0503,0][-0.402924,-0.829878,-1.05909][-0.322835,-0.401575,-0.858268][36.0252,-37.0519,0][-0.539292,-0.945438,-0.924406][-0.425197,-0.527559,-0.732283][36.0337,-37.0591,0][-0.451666,-0.677814,-1.08362][-0.370079,-0.188976,-0.913386][36.0282,-37.0424,0][-0.402924,-0.829878,-1.05909][-0.322835,-0.401575,-0.858268][36.0252,-37.0519,0][-0.535734,-0.80419,-1.01058][-0.440945,-0.377953,-0.811024][36.0335,-37.0503,0][-0.539292,-0.945438,-0.924406][-0.425197,-0.527559,-0.732283][36.0337,-37.0591,0][-0.69628,-0.945438,-0.815412][-0.551181,-0.503937,-0.669291][36.0435,-37.0591,0][-0.631588,-0.770466,-0.9658][-0.527559,-0.330709,-0.779528][36.0395,-37.0482,0][-0.535734,-0.80419,-1.01058][-0.440945,-0.377953,-0.811024][36.0335,-37.0503,0][-0.539292,-0.945438,-0.924406][-0.425197,-0.527559,-0.732283][36.0337,-37.0591,0][-0.631588,-0.770466,-0.9658][-0.527559,-0.330709,-0.779528][36.0395,-37.0482,0][-0.811548,-0.945438,-0.705726][-0.606299,-0.535433,-0.582677][36.0507,-37.0591,0][-0.631588,-0.770466,-0.9658][-0.527559,-0.330709,-0.779528][36.0395,-37.0482,0][-0.69628,-0.945438,-0.815412][-0.551181,-0.503937,-0.669291][36.0435,-37.0591,0][-0.871228,-0.808158,-0.747264][-0.677165,-0.322835,-0.661417][36.0545,-37.0505,0][-0.631588,-0.770466,-0.9658][-0.527559,-0.330709,-0.779528][36.0395,-37.0482,0][-0.811548,-0.945438,-0.705726][-0.606299,-0.535433,-0.582677][36.0507,-37.0591,0][-0.451666,-0.677814,-1.08362][-0.370079,-0.188976,-0.913386][36.0282,-37.0424,0][-0.396834,-0.535518,-1.11983][-0.362205,-0.0708661,-0.929134][36.0248,-37.0335,0][-0.32905,-0.555718,-1.14059][-0.291339,-0.0866142,-0.952756][36.0206,-37.0347,0][-0.309322,-0.462428,-1.14945][-0.275591,-0.023622,-0.96063][36.0193,-37.0289,0][-0.32905,-0.555718,-1.14059][-0.291339,-0.0866142,-0.952756][36.0206,-37.0347,0][-0.396834,-0.535518,-1.11983][-0.362205,-0.0708661,-0.929134][36.0248,-37.0335,0][-0.396834,-0.535518,-1.11983][-0.362205,-0.0708661,-0.929134][36.0248,-37.0335,0][-0.375154,-0.462428,-1.12938][-0.322835,-0.023622,-0.944882][36.0234,-37.0289,0][-0.309322,-0.462428,-1.14945][-0.275591,-0.023622,-0.96063][36.0193,-37.0289,0][-0.535734,-0.80419,-1.01058][-0.440945,-0.377953,-0.811024][36.0335,-37.0503,0][-0.519382,-0.650626,-1.05726][-0.448819,-0.149606,-0.88189][36.0325,-37.0407,0][-0.451666,-0.677814,-1.08362][-0.370079,-0.188976,-0.913386][36.0282,-37.0424,0][-0.396834,-0.535518,-1.11983][-0.362205,-0.0708661,-0.929134][36.0248,-37.0335,0][-0.451666,-0.677814,-1.08362][-0.370079,-0.188976,-0.913386][36.0282,-37.0424,0][-0.519382,-0.650626,-1.05726][-0.448819,-0.149606,-0.88189][36.0325,-37.0407,0][-0.519382,-0.650626,-1.05726][-0.448819,-0.149606,-0.88189][36.0325,-37.0407,0][-0.535734,-0.80419,-1.01058][-0.440945,-0.377953,-0.811024][36.0335,-37.0503,0][-0.631588,-0.770466,-0.9658][-0.527559,-0.330709,-0.779528][36.0395,-37.0482,0][-0.375154,-0.462428,-1.12938][-0.322835,-0.023622,-0.944882][36.0234,-37.0289,0][-0.396834,-0.535518,-1.11983][-0.362205,-0.0708661,-0.929134][36.0248,-37.0335,0][-0.468694,-0.504026,-1.09293][-0.417323,-0.0629921,-0.905512][36.0293,-37.0315,0][-0.519382,-0.650626,-1.05726][-0.448819,-0.149606,-0.88189][36.0325,-37.0407,0][-0.468694,-0.504026,-1.09293][-0.417323,-0.0629921,-0.905512][36.0293,-37.0315,0][-0.396834,-0.535518,-1.11983][-0.362205,-0.0708661,-0.929134][36.0248,-37.0335,0][-0.375154,-0.462428,-1.12938][-0.322835,-0.023622,-0.944882][36.0234,-37.0289,0][-0.468694,-0.504026,-1.09293][-0.417323,-0.0629921,-0.905512][36.0293,-37.0315,0][-0.438134,-0.46243,-1.10637][-0.385827,-0.00787402,-0.92126][36.0274,-37.0289,0][-0.631588,-0.770466,-0.9658][-0.527559,-0.330709,-0.779528][36.0395,-37.0482,0][-0.605434,-0.598854,-1.0176][-0.511811,-0.11811,-0.850394][36.0378,-37.0374,0][-0.519382,-0.650626,-1.05726][-0.448819,-0.149606,-0.88189][36.0325,-37.0407,0][-0.468694,-0.504026,-1.09293][-0.417323,-0.0629921,-0.905512][36.0293,-37.0315,0][-0.519382,-0.650626,-1.05726][-0.448819,-0.149606,-0.88189][36.0325,-37.0407,0][-0.605434,-0.598854,-1.0176][-0.511811,-0.11811,-0.850394][36.0378,-37.0374,0][-0.726782,-0.695056,-0.919202][-0.622047,-0.204724,-0.755906][36.0454,-37.0434,0][-0.631588,-0.770466,-0.9658][-0.527559,-0.330709,-0.779528][36.0395,-37.0482,0][-0.871228,-0.808158,-0.747264][-0.677165,-0.322835,-0.661417][36.0545,-37.0505,0][-0.605434,-0.598854,-1.0176][-0.511811,-0.11811,-0.850394][36.0378,-37.0374,0][-0.631588,-0.770466,-0.9658][-0.527559,-0.330709,-0.779528][36.0395,-37.0482,0][-0.726782,-0.695056,-0.919202][-0.622047,-0.204724,-0.755906][36.0454,-37.0434,0][-0.871228,-0.808158,-0.747264][-0.677165,-0.322835,-0.661417][36.0545,-37.0505,0][-0.90529,-0.613136,-0.769618][-0.740157,-0.11811,-0.669291][36.0566,-37.0383,0][-0.726782,-0.695056,-0.919202][-0.622047,-0.204724,-0.755906][36.0454,-37.0434,0][-0.438134,-0.46243,-1.10637][-0.385827,-0.00787402,-0.92126][36.0274,-37.0289,0][-0.468694,-0.504026,-1.09293][-0.417323,-0.0629921,-0.905512][36.0293,-37.0315,0][-0.507038,-0.476364,-1.07648][-0.464567,-0.023622,-0.88189][36.0317,-37.0298,0][-0.468694,-0.504026,-1.09293][-0.417323,-0.0629921,-0.905512][36.0293,-37.0315,0][-0.605434,-0.598854,-1.0176][-0.511811,-0.11811,-0.850394][36.0378,-37.0374,0][-0.507038,-0.476364,-1.07648][-0.464567,-0.023622,-0.88189][36.0317,-37.0298,0][-0.507038,-0.476364,-1.07648][-0.464567,-0.023622,-0.88189][36.0317,-37.0298,0][-0.438206,-0.4196,-1.10664][-0.393701,-0.00787402,-0.92126][36.0274,-37.0262,0][-0.438134,-0.46243,-1.10637][-0.385827,-0.00787402,-0.92126][36.0274,-37.0289,0][-0.90529,-0.613136,-0.769618][-0.740157,-0.11811,-0.669291][36.0566,-37.0383,0][-0.764126,-0.59827,-0.906274][-0.645669,-0.133858,-0.748031][36.0478,-37.0374,0][-0.726782,-0.695056,-0.919202][-0.622047,-0.204724,-0.755906][36.0454,-37.0434,0][-0.726782,-0.695056,-0.919202][-0.622047,-0.204724,-0.755906][36.0454,-37.0434,0][-0.764126,-0.59827,-0.906274][-0.645669,-0.133858,-0.748031][36.0478,-37.0374,0][-0.605434,-0.598854,-1.0176][-0.511811,-0.11811,-0.850394][36.0378,-37.0374,0][-0.90529,-0.613136,-0.769618][-0.740157,-0.11811,-0.669291][36.0566,-37.0383,0][-0.785016,-0.494792,-0.896092][-0.661417,-0.0314961,-0.748031][36.0491,-37.0309,0][-0.764126,-0.59827,-0.906274][-0.645669,-0.133858,-0.748031][36.0478,-37.0374,0][-0.90529,-0.613136,-0.769618][-0.740157,-0.11811,-0.669291][36.0566,-37.0383,0][-0.911888,-0.410124,-0.773896][-0.740157,-0.00787402,-0.669291][36.057,-37.0256,0][-0.785016,-0.494792,-0.896092][-0.661417,-0.0314961,-0.748031][36.0491,-37.0309,0][-0.764126,-0.59827,-0.906274][-0.645669,-0.133858,-0.748031][36.0478,-37.0374,0][-0.64212,-0.540822,-0.99907][-0.543307,-0.0551181,-0.834646][36.0401,-37.0338,0][-0.605434,-0.598854,-1.0176][-0.511811,-0.11811,-0.850394][36.0378,-37.0374,0][-0.64212,-0.540822,-0.99907][-0.543307,-0.0551181,-0.834646][36.0401,-37.0338,0][-0.507038,-0.476364,-1.07648][-0.464567,-0.023622,-0.88189][36.0317,-37.0298,0][-0.605434,-0.598854,-1.0176][-0.511811,-0.11811,-0.850394][36.0378,-37.0374,0][-0.785016,-0.494792,-0.896092][-0.661417,-0.0314961,-0.748031][36.0491,-37.0309,0][-0.64212,-0.540822,-0.99907][-0.543307,-0.0551181,-0.834646][36.0401,-37.0338,0][-0.764126,-0.59827,-0.906274][-0.645669,-0.133858,-0.748031][36.0478,-37.0374,0][-0.438206,-0.4196,-1.10664][-0.393701,-0.00787402,-0.92126][36.0274,-37.0262,0][-0.507038,-0.476364,-1.07648][-0.464567,-0.023622,-0.88189][36.0317,-37.0298,0][-0.541804,-0.417192,-1.05966][-0.488189,-0.00787402,-0.874016][36.0339,-37.0261,0][-0.64212,-0.540822,-0.99907][-0.543307,-0.0551181,-0.834646][36.0401,-37.0338,0][-0.541804,-0.417192,-1.05966][-0.488189,-0.00787402,-0.874016][36.0339,-37.0261,0][-0.507038,-0.476364,-1.07648][-0.464567,-0.023622,-0.88189][36.0317,-37.0298,0][-0.211556,0.367178,-1.18984][-0.173228,0,-0.984252][36.0132,-36.9771,0][-0.26109,0.33426,-1.17999][-0.212598,0,-0.976378][36.0163,-36.9791,0][-0.25145,0.376256,-1.18199][-0.212598,0,-0.976378][36.0157,-36.9765,0][-0.25145,0.376256,-1.18199][-0.212598,0,-0.976378][36.0157,-36.9765,0][-0.26109,0.33426,-1.17999][-0.212598,0,-0.976378][36.0163,-36.9791,0][-0.30589,0.366996,-1.16909][-0.244094,0,-0.968504][36.0191,-36.9771,0][-0.26109,0.33426,-1.17999][-0.212598,0,-0.976378][36.0163,-36.9791,0][-0.211556,0.367178,-1.18984][-0.173228,0,-0.984252][36.0132,-36.9771,0][-0.211666,0.323008,-1.18986][-0.173228,0,-0.984252][36.0132,-36.9798,0][-0.25145,0.376256,-1.18199][-0.212598,0,-0.976378][36.0157,-36.9765,0][-0.30589,0.366996,-1.16909][-0.244094,0,-0.968504][36.0191,-36.9771,0][-0.287542,0.402676,-1.17359][-0.251969,0,-0.968504][36.018,-36.9748,0][-0.211556,0.367178,-1.18984][-0.173228,0,-0.984252][36.0132,-36.9771,0][-0.162244,0.334258,-1.19764][-0.141732,0,-0.992126][36.0101,-36.9791,0][-0.211666,0.323008,-1.18986][-0.173228,0,-0.984252][36.0132,-36.9798,0][-0.30589,0.366996,-1.16909][-0.244094,0,-0.968504][36.0191,-36.9771,0][-0.341246,0.417172,-1.15902][-0.267717,0.00787402,-0.96063][36.0213,-36.9739,0][-0.287542,0.402676,-1.17359][-0.251969,0,-0.968504][36.018,-36.9748,0][-0.162244,0.334258,-1.19764][-0.141732,0,-0.992126][36.0101,-36.9791,0][-0.211556,0.367178,-1.18984][-0.173228,0,-0.984252][36.0132,-36.9771,0][-0.171716,0.376256,-1.19619][-0.133858,0,-0.992126][36.0107,-36.9765,0][-0.341246,0.417172,-1.15902][-0.267717,0.00787402,-0.96063][36.0213,-36.9739,0][-0.316012,0.4432,-1.16616][-0.275591,0.00787402,-0.96063][36.0198,-36.9723,0][-0.287542,0.402676,-1.17359][-0.251969,0,-0.968504][36.018,-36.9748,0][-0.171716,0.376256,-1.19619][-0.133858,0,-0.992126][36.0107,-36.9765,0][-0.117476,0.366994,-1.20281][-0.110236,0,-0.992126][36.0073,-36.9771,0][-0.162244,0.334258,-1.19764][-0.141732,0,-0.992126][36.0101,-36.9791,0][-0.341246,0.417172,-1.15902][-0.267717,0.00787402,-0.96063][36.0213,-36.9739,0][-0.363842,0.480822,-1.15162][-0.291339,0.015748,-0.96063][36.0227,-36.9699,0][-0.316012,0.4432,-1.16616][-0.275591,0.00787402,-0.96063][36.0198,-36.9723,0][-0.117476,0.366994,-1.20281][-0.110236,0,-0.992126][36.0073,-36.9771,0][-0.171716,0.376256,-1.19619][-0.133858,0,-0.992126][36.0107,-36.9765,0][-0.135625,0.402678,-1.20078][-0.102362,0,-0.992126][36.0085,-36.9748,0][-0.334198,0.494586,-1.16033][-0.291339,0.023622,-0.952756][36.0209,-36.9691,0][-0.316012,0.4432,-1.16616][-0.275591,0.00787402,-0.96063][36.0198,-36.9723,0][-0.363842,0.480822,-1.15162][-0.291339,0.015748,-0.96063][36.0227,-36.9699,0][-0.135625,0.402678,-1.20078][-0.102362,0,-0.992126][36.0085,-36.9748,0][-0.0814354,0.417172,-1.20562][-0.0787402,0.00787402,-1][36.0051,-36.9739,0][-0.117476,0.366994,-1.20281][-0.110236,0,-0.992126][36.0073,-36.9771,0][-0.363842,0.480822,-1.15162][-0.291339,0.015748,-0.96063][36.0227,-36.9699,0][-0.371246,0.551828,-1.14702][-0.299213,0.0472441,-0.952756][36.0232,-36.9655,0][-0.334198,0.494586,-1.16033][-0.291339,0.023622,-0.952756][36.0209,-36.9691,0][-0.0814354,0.417172,-1.20562][-0.0787402,0.00787402,-1][36.0051,-36.9739,0][-0.135625,0.402678,-1.20078][-0.102362,0,-0.992126][36.0085,-36.9748,0][-0.106518,0.4432,-1.20364][-0.0787402,0.00787402,-1][36.0067,-36.9723,0][-0.334198,0.494586,-1.16033][-0.291339,0.023622,-0.952756][36.0209,-36.9691,0][-0.371246,0.551828,-1.14702][-0.299213,0.0472441,-0.952756][36.0232,-36.9655,0][-0.340218,0.551806,-1.15663][-0.299213,0.0472441,-0.952756][36.0213,-36.9655,0][-0.106518,0.4432,-1.20364][-0.0787402,0.00787402,-1][36.0067,-36.9723,0][-0.0586638,0.480834,-1.20652][-0.0629921,0.015748,-1][36.0037,-36.9699,0][-0.0814354,0.417172,-1.20562][-0.0787402,0.00787402,-1][36.0051,-36.9739,0][-0.371246,0.551828,-1.14702][-0.299213,0.0472441,-0.952756][36.0232,-36.9655,0][-0.332804,0.608896,-1.15475][-0.291339,0.0944882,-0.952756][36.0208,-36.9619,0][-0.340218,0.551806,-1.15663][-0.299213,0.0472441,-0.952756][36.0213,-36.9655,0][-0.0586638,0.480834,-1.20652][-0.0629921,0.015748,-1][36.0037,-36.9699,0][-0.106518,0.4432,-1.20364][-0.0787402,0.00787402,-1][36.0067,-36.9723,0][-0.0882,0.494602,-1.20447][-0.0629921,0.023622,-1][36.0055,-36.9691,0][-0.332804,0.608896,-1.15475][-0.291339,0.0944882,-0.952756][36.0208,-36.9619,0][-0.371246,0.551828,-1.14702][-0.299213,0.0472441,-0.952756][36.0232,-36.9655,0][-0.361818,0.62252,-1.14461][-0.291339,0.102362,-0.952756][36.0226,-36.9611,0][-0.0882,0.494602,-1.20447][-0.0629921,0.023622,-1][36.0055,-36.9691,0][-0.0506332,0.551862,-1.20476][-0.0551181,0.0551181,-1][36.0032,-36.9655,0][-0.0586638,0.480834,-1.20652][-0.0629921,0.015748,-1][36.0037,-36.9699,0][-0.361818,0.62252,-1.14461][-0.291339,0.102362,-0.952756][36.0226,-36.9611,0][-0.313332,0.659944,-1.15412][-0.275591,0.149606,-0.952756][36.0196,-36.9588,0][-0.332804,0.608896,-1.15475][-0.291339,0.0944882,-0.952756][36.0208,-36.9619,0][-0.0506332,0.551862,-1.20476][-0.0551181,0.0551181,-1][36.0032,-36.9655,0][-0.0882,0.494602,-1.20447][-0.0629921,0.023622,-1][36.0055,-36.9691,0][-0.0816628,0.55182,-1.20306][-0.0551181,0.0551181,-1][36.0051,-36.9655,0][-0.313332,0.659944,-1.15412][-0.275591,0.149606,-0.952756][36.0196,-36.9588,0][-0.361818,0.62252,-1.14461][-0.291339,0.102362,-0.952756][36.0226,-36.9611,0][-0.33726,0.685374,-1.14312][-0.267717,0.15748,-0.952756][36.0211,-36.9572,0][-0.0880574,0.608918,-1.19861][-0.0551181,0.0944882,-0.992126][36.0055,-36.9619,0][-0.0506332,0.551862,-1.20476][-0.0551181,0.0551181,-1][36.0032,-36.9655,0][-0.0816628,0.55182,-1.20306][-0.0551181,0.0551181,-1][36.0051,-36.9655,0][-0.33726,0.685374,-1.14312][-0.267717,0.15748,-0.952756][36.0211,-36.9572,0][-0.283978,0.69988,-1.15494][-0.244094,0.19685,-0.952756][36.0177,-36.9563,0][-0.313332,0.659944,-1.15412][-0.275591,0.149606,-0.952756][36.0196,-36.9588,0][-0.0506332,0.551862,-1.20476][-0.0551181,0.0551181,-1][36.0032,-36.9655,0][-0.0880574,0.608918,-1.19861][-0.0551181,0.0944882,-0.992126][36.0055,-36.9619,0][-0.0585082,0.622544,-1.19914][-0.0551181,0.102362,-0.992126][36.0037,-36.9611,0][-0.283978,0.69988,-1.15494][-0.244094,0.19685,-0.952756][36.0177,-36.9563,0][-0.33726,0.685374,-1.14312][-0.267717,0.15748,-0.952756][36.0211,-36.9572,0][-0.300482,0.73394,-1.14363][-0.23622,0.204724,-0.952756][36.0188,-36.9541,0][-0.10605,0.659968,-1.19122][-0.0708661,0.149606,-0.984252][36.0066,-36.9588,0][-0.0585082,0.622544,-1.19914][-0.0551181,0.102362,-0.992126][36.0037,-36.9611,0][-0.0880574,0.608918,-1.19861][-0.0551181,0.0944882,-0.992126][36.0055,-36.9619,0][-0.300482,0.73394,-1.14363][-0.23622,0.204724,-0.952756][36.0188,-36.9541,0][-0.24795,0.724808,-1.15828][-0.212598,0.228346,-0.952756][36.0155,-36.9547,0][-0.283978,0.69988,-1.15494][-0.244094,0.19685,-0.952756][36.0177,-36.9563,0][-0.0585082,0.622544,-1.19914][-0.0551181,0.102362,-0.992126][36.0037,-36.9611,0][-0.10605,0.659968,-1.19122][-0.0708661,0.149606,-0.984252][36.0066,-36.9588,0][-0.080927,0.685436,-1.1891][-0.0787402,0.15748,-0.984252][36.0051,-36.9572,0][-0.24795,0.724808,-1.15828][-0.212598,0.228346,-0.952756][36.0155,-36.9547,0][-0.300482,0.73394,-1.14363][-0.23622,0.204724,-0.952756][36.0188,-36.9541,0][-0.255656,0.763936,-1.1469][-0.204724,0.228346,-0.952756][36.016,-36.9523,0][-0.134643,0.699908,-1.18167][-0.102362,0.19685,-0.976378][36.0084,-36.9563,0][-0.080927,0.685436,-1.1891][-0.0787402,0.15748,-0.984252][36.0051,-36.9572,0][-0.10605,0.659968,-1.19122][-0.0708661,0.149606,-0.984252][36.0066,-36.9588,0][-0.255656,0.763936,-1.1469][-0.204724,0.228346,-0.952756][36.016,-36.9523,0][-0.208706,0.733298,-1.16395][-0.173228,0.244094,-0.952756][36.013,-36.9542,0][-0.24795,0.724808,-1.15828][-0.212598,0.228346,-0.952756][36.0155,-36.9547,0][-0.080927,0.685436,-1.1891][-0.0787402,0.15748,-0.984252][36.0051,-36.9572,0][-0.134643,0.699908,-1.18167][-0.102362,0.19685,-0.976378][36.0084,-36.9563,0][-0.116232,0.734022,-1.17656][-0.102362,0.204724,-0.976378][36.0073,-36.9541,0][-0.208706,0.733298,-1.16395][-0.173228,0.244094,-0.952756][36.013,-36.9542,0][-0.255656,0.763936,-1.1469][-0.204724,0.228346,-0.952756][36.016,-36.9523,0][-0.20747,0.774116,-1.15377][-0.173228,0.244094,-0.952756][36.013,-36.9516,0][-0.134643,0.699908,-1.18167][-0.102362,0.19685,-0.976378][36.0084,-36.9563,0][-0.169894,0.724852,-1.1722][-0.133858,0.228346,-0.96063][36.0106,-36.9547,0][-0.116232,0.734022,-1.17656][-0.102362,0.204724,-0.976378][36.0073,-36.9541,0][-0.20747,0.774116,-1.15377][-0.173228,0.244094,-0.952756][36.013,-36.9516,0][-0.159624,0.763952,-1.16403][-0.133858,0.23622,-0.96063][36.01,-36.9523,0][-0.208706,0.733298,-1.16395][-0.173228,0.244094,-0.952756][36.013,-36.9542,0][-0.159624,0.763952,-1.16403][-0.133858,0.23622,-0.96063][36.01,-36.9523,0][-0.169894,0.724852,-1.1722][-0.133858,0.228346,-0.96063][36.0106,-36.9547,0][-0.208706,0.733298,-1.16395][-0.173228,0.244094,-0.952756][36.013,-36.9542,0][-0.116232,0.734022,-1.17656][-0.102362,0.204724,-0.976378][36.0073,-36.9541,0][-0.169894,0.724852,-1.1722][-0.133858,0.228346,-0.96063][36.0106,-36.9547,0][-0.159624,0.763952,-1.16403][-0.133858,0.23622,-0.96063][36.01,-36.9523,0][-0.209518,0.551236,-1.17704][-0.173228,0.0708661,-0.984252][36.0131,-36.9655,0][-0.209778,0.335884,-1.17988][-0.173228,0.015748,-0.984252][36.0131,-36.979,0][-0.256004,0.346494,-1.17071][-0.204724,0.015748,-0.976378][36.016,-36.9783,0][-0.209518,0.551236,-1.17704][-0.173228,0.0708661,-0.984252][36.0131,-36.9655,0][-0.163574,0.346494,-1.18709][-0.141732,0.015748,-0.992126][36.0102,-36.9783,0][-0.209778,0.335884,-1.17988][-0.173228,0.015748,-0.984252][36.0131,-36.979,0][-0.209518,0.551236,-1.17704][-0.173228,0.0708661,-0.984252][36.0131,-36.9655,0][-0.256004,0.346494,-1.17071][-0.204724,0.015748,-0.976378][36.016,-36.9783,0][-0.297824,0.377384,-1.16056][-0.228346,0.023622,-0.976378][36.0186,-36.9764,0][-0.209518,0.551236,-1.17704][-0.173228,0.0708661,-0.984252][36.0131,-36.9655,0][-0.121666,0.377384,-1.19194][-0.125984,0.023622,-0.992126][36.0076,-36.9764,0][-0.163574,0.346494,-1.18709][-0.141732,0.015748,-0.992126][36.0102,-36.9783,0][-0.209518,0.551236,-1.17704][-0.173228,0.0708661,-0.984252][36.0131,-36.9655,0][-0.297824,0.377384,-1.16056][-0.228346,0.023622,-0.976378][36.0186,-36.9764,0][-0.33098,0.424708,-1.15116][-0.23622,0.023622,-0.968504][36.0207,-36.9735,0][-0.209518,0.551236,-1.17704][-0.173228,0.0708661,-0.984252][36.0131,-36.9655,0][-0.0878238,0.42471,-1.19481][-0.11811,0.023622,-0.992126][36.0055,-36.9735,0][-0.121666,0.377384,-1.19194][-0.125984,0.023622,-0.992126][36.0076,-36.9764,0][-0.209518,0.551236,-1.17704][-0.173228,0.0708661,-0.984252][36.0131,-36.9655,0][-0.33098,0.424708,-1.15116][-0.23622,0.023622,-0.968504][36.0207,-36.9735,0][-0.352048,0.48465,-1.14449][-0.23622,0.0314961,-0.968504][36.022,-36.9697,0][-0.209518,0.551236,-1.17704][-0.173228,0.0708661,-0.984252][36.0131,-36.9655,0][-0.0666484,0.484654,-1.19561][-0.11811,0.0314961,-0.992126][36.0042,-36.9697,0][-0.0878238,0.42471,-1.19481][-0.11811,0.023622,-0.992126][36.0055,-36.9735,0][-0.209518,0.551236,-1.17704][-0.173228,0.0708661,-0.984252][36.0131,-36.9655,0][-0.352048,0.48465,-1.14449][-0.23622,0.0314961,-0.968504][36.022,-36.9697,0][-0.359018,0.551232,-1.14022][-0.23622,0.0472441,-0.968504][36.0224,-36.9655,0][-0.209518,0.551236,-1.17704][-0.173228,0.0708661,-0.984252][36.0131,-36.9655,0][-0.0591206,0.551232,-1.19406][-0.110236,0.0472441,-0.992126][36.0037,-36.9655,0][-0.0666484,0.484654,-1.19561][-0.11811,0.0314961,-0.992126][36.0042,-36.9697,0][-0.209518,0.551236,-1.17704][-0.173228,0.0708661,-0.984252][36.0131,-36.9655,0][-0.359018,0.551232,-1.14022][-0.23622,0.0472441,-0.968504][36.0224,-36.9655,0][-0.350258,0.61751,-1.13798][-0.228346,0.0866142,-0.968504][36.0219,-36.9614,0][-0.0591206,0.551232,-1.19406][-0.110236,0.0472441,-0.992126][36.0037,-36.9655,0][-0.209518,0.551236,-1.17704][-0.173228,0.0708661,-0.984252][36.0131,-36.9655,0][-0.0664966,0.617522,-1.18879][-0.125984,0.0866142,-0.992126][36.0042,-36.9614,0][-0.209518,0.551236,-1.17704][-0.173228,0.0708661,-0.984252][36.0131,-36.9655,0][-0.350258,0.61751,-1.13798][-0.228346,0.0866142,-0.968504][36.0219,-36.9614,0][-0.327434,0.676336,-1.13648][-0.204724,0.11811,-0.968504][36.0205,-36.9577,0][-0.209518,0.551236,-1.17704][-0.173228,0.0708661,-0.984252][36.0131,-36.9655,0][-0.0873594,0.67635,-1.17958][-0.149606,0.125984,-0.984252][36.0055,-36.9577,0][-0.0664966,0.617522,-1.18879][-0.125984,0.0866142,-0.992126][36.0042,-36.9614,0][-0.209518,0.551236,-1.17704][-0.173228,0.0708661,-0.984252][36.0131,-36.9655,0][-0.327434,0.676336,-1.13648][-0.204724,0.11811,-0.968504][36.0205,-36.9577,0][-0.293108,0.722028,-1.13733][-0.181102,0.133858,-0.976378][36.0183,-36.9549,0][-0.209518,0.551236,-1.17704][-0.173228,0.0708661,-0.984252][36.0131,-36.9655,0][-0.120461,0.72204,-1.16809][-0.165354,0.141732,-0.976378][36.0075,-36.9549,0][-0.0873594,0.67635,-1.17958][-0.149606,0.125984,-0.984252][36.0055,-36.9577,0][-0.209518,0.551236,-1.17704][-0.173228,0.0708661,-0.984252][36.0131,-36.9655,0][-0.293108,0.722028,-1.13733][-0.181102,0.133858,-0.976378][36.0183,-36.9549,0][-0.251222,0.749938,-1.14066][-0.173228,0.141732,-0.976378][36.0157,-36.9531,0][-0.209518,0.551236,-1.17704][-0.173228,0.0708661,-0.984252][36.0131,-36.9655,0][-0.161277,0.749916,-1.15657][-0.173228,0.141732,-0.976378][36.0101,-36.9531,0][-0.120461,0.72204,-1.16809][-0.165354,0.141732,-0.976378][36.0075,-36.9549,0][-0.209518,0.551236,-1.17704][-0.173228,0.0708661,-0.984252][36.0131,-36.9655,0][-0.251222,0.749938,-1.14066][-0.173228,0.141732,-0.976378][36.0157,-36.9531,0][-0.206056,0.759806,-1.14725][-0.173228,0.141732,-0.976378][36.0129,-36.9525,0][-0.209518,0.551236,-1.17704][-0.173228,0.0708661,-0.984252][36.0131,-36.9655,0][-0.206056,0.759806,-1.14725][-0.173228,0.141732,-0.976378][36.0129,-36.9525,0][-0.161277,0.749916,-1.15657][-0.173228,0.141732,-0.976378][36.0101,-36.9531,0][-0.210616,0.42766,-1.18415][-0.173228,0.023622,-0.984252][36.0132,-36.9733,0][-0.250004,0.433722,-1.17642][-0.204724,0.023622,-0.976378][36.0156,-36.9729,0][-0.210296,0.55151,-1.18163][-0.173228,0.0551181,-0.984252][36.0131,-36.9655,0][-0.250004,0.433722,-1.17642][-0.204724,0.023622,-0.976378][36.0156,-36.9729,0][-0.285518,0.45132,-1.16809][-0.220472,0.0314961,-0.976378][36.0178,-36.9718,0][-0.210296,0.55151,-1.18163][-0.173228,0.0551181,-0.984252][36.0131,-36.9655,0][-0.171261,0.43372,-1.19038][-0.149606,0.023622,-0.992126][36.0107,-36.9729,0][-0.210616,0.42766,-1.18415][-0.173228,0.023622,-0.984252][36.0132,-36.9733,0][-0.210296,0.55151,-1.18163][-0.173228,0.0551181,-0.984252][36.0131,-36.9655,0][-0.285518,0.45132,-1.16809][-0.220472,0.0314961,-0.976378][36.0178,-36.9718,0][-0.313652,0.478734,-1.1606][-0.228346,0.0393701,-0.976378][36.0196,-36.9701,0][-0.210296,0.55151,-1.18163][-0.173228,0.0551181,-0.984252][36.0131,-36.9655,0][-0.135665,0.451316,-1.19491][-0.133858,0.0314961,-0.992126][36.0085,-36.9718,0][-0.171261,0.43372,-1.19038][-0.149606,0.023622,-0.992126][36.0107,-36.9729,0][-0.210296,0.55151,-1.18163][-0.173228,0.0551181,-0.984252][36.0131,-36.9655,0][-0.313652,0.478734,-1.1606][-0.228346,0.0393701,-0.976378][36.0196,-36.9701,0][-0.33161,0.513276,-1.15473][-0.228346,0.0472441,-0.968504][36.0207,-36.9679,0][-0.210296,0.55151,-1.18163][-0.173228,0.0551181,-0.984252][36.0131,-36.9655,0][-0.107438,0.478736,-1.19757][-0.125984,0.0393701,-0.992126][36.0067,-36.9701,0][-0.135665,0.451316,-1.19491][-0.133858,0.0314961,-0.992126][36.0085,-36.9718,0][-0.210296,0.55151,-1.18163][-0.173228,0.0551181,-0.984252][36.0131,-36.9655,0][-0.33161,0.513276,-1.15473][-0.228346,0.0472441,-0.968504][36.0207,-36.9679,0][-0.337466,0.551484,-1.15148][-0.228346,0.0551181,-0.968504][36.0211,-36.9655,0][-0.210296,0.55151,-1.18163][-0.173228,0.0551181,-0.984252][36.0131,-36.9655,0][-0.089324,0.513282,-1.19834][-0.125984,0.0472441,-0.992126][36.0056,-36.9679,0][-0.107438,0.478736,-1.19757][-0.125984,0.0393701,-0.992126][36.0067,-36.9701,0][-0.210296,0.55151,-1.18163][-0.173228,0.0551181,-0.984252][36.0131,-36.9655,0][-0.337466,0.551484,-1.15148][-0.228346,0.0551181,-0.968504][36.0211,-36.9655,0][-0.33074,0.589632,-1.15087][-0.228346,0.0551181,-0.968504][36.0207,-36.9631,0][-0.210296,0.55151,-1.18163][-0.173228,0.0551181,-0.984252][36.0131,-36.9655,0][-0.083026,0.551506,-1.19727][-0.11811,0.0551181,-0.992126][36.0052,-36.9655,0][-0.089324,0.513282,-1.19834][-0.125984,0.0472441,-0.992126][36.0056,-36.9679,0][-0.210296,0.55151,-1.18163][-0.173228,0.0551181,-0.984252][36.0131,-36.9655,0][-0.33074,0.589632,-1.15087][-0.228346,0.0551181,-0.968504][36.0207,-36.9631,0][-0.312,0.623936,-1.15319][-0.220472,0.0708661,-0.976378][36.0195,-36.961,0][-0.210296,0.55151,-1.18163][-0.173228,0.0551181,-0.984252][36.0131,-36.9655,0][-0.0891592,0.589654,-1.19437][-0.125984,0.0629921,-0.992126][36.0056,-36.9631,0][-0.083026,0.551506,-1.19727][-0.11811,0.0551181,-0.992126][36.0052,-36.9655,0][-0.210296,0.55151,-1.18163][-0.173228,0.0551181,-0.984252][36.0131,-36.9655,0][-0.312,0.623936,-1.15319][-0.220472,0.0708661,-0.976378][36.0195,-36.961,0][-0.283524,0.651004,-1.15699][-0.204724,0.0866142,-0.976378][36.0177,-36.9593,0][-0.210296,0.55151,-1.18163][-0.173228,0.0551181,-0.984252][36.0131,-36.9655,0][-0.107145,0.62395,-1.18991][-0.133858,0.0787402,-0.992126][36.0067,-36.961,0][-0.0891592,0.589654,-1.19437][-0.125984,0.0629921,-0.992126][36.0056,-36.9631,0][-0.210296,0.55151,-1.18163][-0.173228,0.0551181,-0.984252][36.0131,-36.9655,0][-0.283524,0.651004,-1.15699][-0.204724,0.0866142,-0.976378][36.0177,-36.9593,0][-0.248072,0.668328,-1.16284][-0.19685,0.0944882,-0.976378][36.0155,-36.9582,0][-0.210296,0.55151,-1.18163][-0.173228,0.0551181,-0.984252][36.0131,-36.9655,0][-0.135045,0.651014,-1.18353][-0.141732,0.0866142,-0.984252][36.0084,-36.9593,0][-0.107145,0.62395,-1.18991][-0.133858,0.0787402,-0.992126][36.0067,-36.961,0][-0.210296,0.55151,-1.18163][-0.173228,0.0551181,-0.984252][36.0131,-36.9655,0][-0.248072,0.668328,-1.16284][-0.19685,0.0944882,-0.976378][36.0155,-36.9582,0][-0.209082,0.674222,-1.16954][-0.173228,0.0944882,-0.976378][36.0131,-36.9579,0][-0.210296,0.55151,-1.18163][-0.173228,0.0551181,-0.984252][36.0131,-36.9655,0][-0.170209,0.668338,-1.17666][-0.15748,0.0944882,-0.984252][36.0106,-36.9582,0][-0.135045,0.651014,-1.18353][-0.141732,0.0866142,-0.984252][36.0084,-36.9593,0][-0.210296,0.55151,-1.18163][-0.173228,0.0551181,-0.984252][36.0131,-36.9655,0][-0.209082,0.674222,-1.16954][-0.173228,0.0944882,-0.976378][36.0131,-36.9579,0][-0.170209,0.668338,-1.17666][-0.15748,0.0944882,-0.984252][36.0106,-36.9582,0][-0.210296,0.55151,-1.18163][-0.173228,0.0551181,-0.984252][36.0131,-36.9655,0][0.38588,-0.419876,-1.12604][0.330709,-0.00787402,-0.944882][35.9759,-37.0262,0][0.438134,-0.46243,-1.10637][0.385827,-0.00787402,-0.92126][35.9726,-37.0289,0][0.375154,-0.462428,-1.12938][0.322835,-0.023622,-0.944882][35.9766,-37.0289,0][0.375154,-0.462428,-1.12938][0.322835,-0.023622,-0.944882][35.9766,-37.0289,0][0.34349,-0.419876,-1.13984][0.299213,-0.015748,-0.952756][35.9785,-37.0262,0][0.38588,-0.419876,-1.12604][0.330709,-0.00787402,-0.944882][35.9759,-37.0262,0][0.438134,-0.46243,-1.10637][0.385827,-0.00787402,-0.92126][35.9726,-37.0289,0][0.38588,-0.419876,-1.12604][0.330709,-0.00787402,-0.944882][35.9759,-37.0262,0][0.397356,-0.419858,-1.12214][0.346457,-0.00787402,-0.937008][35.9752,-37.0262,0][0.309322,-0.462428,-1.14945][0.275591,-0.023622,-0.96063][35.9807,-37.0289,0][0.34349,-0.419876,-1.13984][0.299213,-0.015748,-0.952756][35.9785,-37.0262,0][0.375154,-0.462428,-1.12938][0.322835,-0.023622,-0.944882][35.9766,-37.0289,0][0.438206,-0.4196,-1.10664][0.393701,-0.00787402,-0.92126][35.9726,-37.0262,0][0.438134,-0.46243,-1.10637][0.385827,-0.00787402,-0.92126][35.9726,-37.0289,0][0.397356,-0.419858,-1.12214][0.346457,-0.00787402,-0.937008][35.9752,-37.0262,0][0.34349,-0.419876,-1.13984][0.299213,-0.015748,-0.952756][35.9785,-37.0262,0][0.309322,-0.462428,-1.14945][0.275591,-0.023622,-0.96063][35.9807,-37.0289,0][0.303966,-0.419862,-1.15126][0.259843,-0.00787402,-0.968504][35.981,-37.0262,0][0.397356,-0.419858,-1.12214][0.346457,-0.00787402,-0.937008][35.9752,-37.0262,0][0.438254,-0.380168,-1.10679][0.385827,-0.00787402,-0.92126][35.9726,-37.0238,0][0.438206,-0.4196,-1.10664][0.393701,-0.00787402,-0.92126][35.9726,-37.0262,0][0.24748,-0.462428,-1.16434][0.220472,-0.0314961,-0.976378][35.9845,-37.0289,0][0.303966,-0.419862,-1.15126][0.259843,-0.00787402,-0.968504][35.981,-37.0262,0][0.309322,-0.462428,-1.14945][0.275591,-0.023622,-0.96063][35.9807,-37.0289,0][0.438254,-0.380168,-1.10679][0.385827,-0.00787402,-0.92126][35.9726,-37.0238,0][0.397356,-0.419858,-1.12214][0.346457,-0.00787402,-0.937008][35.9752,-37.0262,0][0.38975,-0.419874,-1.12472][0.330709,0,-0.944882][35.9756,-37.0262,0][0.303966,-0.419862,-1.15126][0.259843,-0.00787402,-0.968504][35.981,-37.0262,0][0.24748,-0.462428,-1.16434][0.220472,-0.0314961,-0.976378][35.9845,-37.0289,0][0.249712,-0.41985,-1.16419][0.204724,-0.00787402,-0.976378][35.9844,-37.0262,0][0.187051,-0.419836,-1.17575][0.15748,-0.00787402,-0.984252][35.9883,-37.0262,0][0.249712,-0.41985,-1.16419][0.204724,-0.00787402,-0.976378][35.9844,-37.0262,0][0.24748,-0.462428,-1.16434][0.220472,-0.0314961,-0.976378][35.9845,-37.0289,0][0.187051,-0.419836,-1.17575][0.15748,-0.00787402,-0.984252][35.9883,-37.0262,0][0.24748,-0.462428,-1.16434][0.220472,-0.0314961,-0.976378][35.9845,-37.0289,0][0.186835,-0.462428,-1.17549][0.165354,-0.0314961,-0.984252][35.9883,-37.0289,0][0.438254,-0.380168,-1.10679][0.385827,-0.00787402,-0.92126][35.9726,-37.0238,0][0.38975,-0.419874,-1.12472][0.330709,0,-0.944882][35.9756,-37.0262,0][0.376214,-0.380168,-1.1295][0.330709,0,-0.944882][35.9765,-37.0238,0][0.376214,-0.380168,-1.1295][0.330709,0,-0.944882][35.9765,-37.0238,0][0.38975,-0.419874,-1.12472][0.330709,0,-0.944882][35.9756,-37.0262,0][0.349452,-0.419872,-1.13811][0.299213,0,-0.952756][35.9782,-37.0262,0][0.376214,-0.380168,-1.1295][0.330709,0,-0.944882][35.9765,-37.0238,0][0.349452,-0.419872,-1.13811][0.299213,0,-0.952756][35.9782,-37.0262,0][0.315704,-0.380168,-1.14808][0.275591,0,-0.96063][35.9803,-37.0238,0][0.315704,-0.380168,-1.14808][0.275591,0,-0.96063][35.9803,-37.0238,0][0.349452,-0.419872,-1.13811][0.299213,0,-0.952756][35.9782,-37.0262,0][0.31168,-0.41986,-1.14907][0.259843,0,-0.968504][35.9805,-37.0262,0][0.315704,-0.380168,-1.14808][0.275591,0,-0.96063][35.9803,-37.0238,0][0.31168,-0.41986,-1.14907][0.259843,0,-0.968504][35.9805,-37.0262,0][0.251882,-0.38017,-1.16394][0.220472,0,-0.976378][35.9843,-37.0238,0][0.251882,-0.38017,-1.16394][0.220472,0,-0.976378][35.9843,-37.0238,0][0.31168,-0.41986,-1.14907][0.259843,0,-0.968504][35.9805,-37.0262,0][0.254974,-0.419854,-1.16313][0.212598,0,-0.976378][35.9841,-37.0262,0][0.188141,-0.41984,-1.17558][0.15748,-0.00787402,-0.984252][35.9882,-37.0262,0][0.251882,-0.38017,-1.16394][0.220472,0,-0.976378][35.9843,-37.0238,0][0.254974,-0.419854,-1.16313][0.212598,0,-0.976378][35.9841,-37.0262,0][0.251882,-0.38017,-1.16394][0.220472,0,-0.976378][35.9843,-37.0238,0][0.188141,-0.41984,-1.17558][0.15748,-0.00787402,-0.984252][35.9882,-37.0262,0][0.18815,-0.38017,-1.17575][0.165354,0,-0.984252][35.9882,-37.0238,0][-0.292072,-0.475338,-1.11527][-0.299213,-0.00787402,-0.952756][36.0183,-37.0297,0][-0.232964,-0.473488,-1.1292][-0.23622,-0.00787402,-0.968504][36.0146,-37.0296,0][-0.281082,-0.502366,-1.11756][-0.244094,-0.023622,-0.968504][36.0176,-37.0314,0][-0.232964,-0.473488,-1.1292][-0.23622,-0.00787402,-0.968504][36.0146,-37.0296,0][-0.226426,-0.502404,-1.12997][-0.19685,-0.023622,-0.976378][36.0142,-37.0314,0][-0.281082,-0.502366,-1.11756][-0.244094,-0.023622,-0.968504][36.0176,-37.0314,0][-0.292072,-0.475338,-1.11527][-0.299213,-0.00787402,-0.952756][36.0183,-37.0297,0][-0.281082,-0.502366,-1.11756][-0.244094,-0.023622,-0.968504][36.0176,-37.0314,0][-0.317588,-0.501862,-1.10782][-0.283465,-0.0314961,-0.96063][36.0198,-37.0314,0][-0.312678,-0.32005,-1.11033][-0.299213,0,-0.952756][36.0195,-37.02,0][-0.232964,-0.473488,-1.1292][-0.23622,-0.00787402,-0.968504][36.0146,-37.0296,0][-0.292072,-0.475338,-1.11527][-0.299213,-0.00787402,-0.952756][36.0183,-37.0297,0][-0.23093,-0.536322,-1.12792][-0.228346,-0.0787402,-0.968504][36.0144,-37.0335,0][-0.281082,-0.502366,-1.11756][-0.244094,-0.023622,-0.968504][36.0176,-37.0314,0][-0.226426,-0.502404,-1.12997][-0.19685,-0.023622,-0.976378][36.0142,-37.0314,0][-0.232964,-0.473488,-1.1292][-0.23622,-0.00787402,-0.968504][36.0146,-37.0296,0][-0.174094,-0.470962,-1.13982][-0.173228,-0.00787402,-0.984252][36.0109,-37.0294,0][-0.226426,-0.502404,-1.12997][-0.19685,-0.023622,-0.976378][36.0142,-37.0314,0][-0.281082,-0.502366,-1.11756][-0.244094,-0.023622,-0.968504][36.0176,-37.0314,0][-0.23093,-0.536322,-1.12792][-0.228346,-0.0787402,-0.968504][36.0144,-37.0335,0][-0.286074,-0.536202,-1.1152][-0.283465,-0.0708661,-0.952756][36.0179,-37.0335,0][-0.286074,-0.536202,-1.1152][-0.283465,-0.0708661,-0.952756][36.0179,-37.0335,0][-0.317588,-0.501862,-1.10782][-0.283465,-0.0314961,-0.96063][36.0198,-37.0314,0][-0.281082,-0.502366,-1.11756][-0.244094,-0.023622,-0.968504][36.0176,-37.0314,0][-0.226426,-0.502404,-1.12997][-0.19685,-0.023622,-0.976378][36.0142,-37.0314,0][-0.172806,-0.539048,-1.13819][-0.165354,-0.0787402,-0.984252][36.0108,-37.0337,0][-0.23093,-0.536322,-1.12792][-0.228346,-0.0787402,-0.968504][36.0144,-37.0335,0][-0.317588,-0.501862,-1.10782][-0.283465,-0.0314961,-0.96063][36.0198,-37.0314,0][-0.286074,-0.536202,-1.1152][-0.283465,-0.0708661,-0.952756][36.0179,-37.0335,0][-0.362886,-0.532918,-1.09274][-0.338583,-0.0708661,-0.937008][36.0227,-37.0333,0][-0.174094,-0.470962,-1.13982][-0.173228,-0.00787402,-0.984252][36.0109,-37.0294,0][-0.173272,-0.50226,-1.13936][-0.149606,-0.023622,-0.992126][36.0108,-37.0314,0][-0.226426,-0.502404,-1.12997][-0.19685,-0.023622,-0.976378][36.0142,-37.0314,0][-0.172806,-0.539048,-1.13819][-0.165354,-0.0787402,-0.984252][36.0108,-37.0337,0][-0.226426,-0.502404,-1.12997][-0.19685,-0.023622,-0.976378][36.0142,-37.0314,0][-0.173272,-0.50226,-1.13936][-0.149606,-0.023622,-0.992126][36.0108,-37.0314,0][-0.232964,-0.473488,-1.1292][-0.23622,-0.00787402,-0.968504][36.0146,-37.0296,0][-0.229984,-0.315592,-1.13039][-0.212598,0,-0.976378][36.0144,-37.0197,0][-0.174094,-0.470962,-1.13982][-0.173228,-0.00787402,-0.984252][36.0109,-37.0294,0][-0.229984,-0.315592,-1.13039][-0.212598,0,-0.976378][36.0144,-37.0197,0][-0.232964,-0.473488,-1.1292][-0.23622,-0.00787402,-0.968504][36.0146,-37.0296,0][-0.312678,-0.32005,-1.11033][-0.299213,0,-0.952756][36.0195,-37.02,0][-0.116321,-0.469314,-1.14717][-0.110236,0,-0.992126][36.0073,-37.0293,0][-0.173272,-0.50226,-1.13936][-0.149606,-0.023622,-0.992126][36.0108,-37.0314,0][-0.174094,-0.470962,-1.13982][-0.173228,-0.00787402,-0.984252][36.0109,-37.0294,0][-0.145859,-0.315252,-1.14421][-0.133858,0,-0.992126][36.0091,-37.0197,0][-0.174094,-0.470962,-1.13982][-0.173228,-0.00787402,-0.984252][36.0109,-37.0294,0][-0.229984,-0.315592,-1.13039][-0.212598,0,-0.976378][36.0144,-37.0197,0][-0.174094,-0.470962,-1.13982][-0.173228,-0.00787402,-0.984252][36.0109,-37.0294,0][-0.145859,-0.315252,-1.14421][-0.133858,0,-0.992126][36.0091,-37.0197,0][-0.116321,-0.469314,-1.14717][-0.110236,0,-0.992126][36.0073,-37.0293,0][-0.173272,-0.50226,-1.13936][-0.149606,-0.023622,-0.992126][36.0108,-37.0314,0][-0.116321,-0.469314,-1.14717][-0.110236,0,-0.992126][36.0073,-37.0293,0][-0.115033,-0.50211,-1.14668][-0.0944882,-0.023622,-0.992126][36.0072,-37.0314,0][-0.115033,-0.50211,-1.14668][-0.0944882,-0.023622,-0.992126][36.0072,-37.0314,0][-0.172806,-0.539048,-1.13819][-0.165354,-0.0787402,-0.984252][36.0108,-37.0337,0][-0.173272,-0.50226,-1.13936][-0.149606,-0.023622,-0.992126][36.0108,-37.0314,0][-0.116321,-0.469314,-1.14717][-0.110236,0,-0.992126][36.0073,-37.0293,0][-0.145859,-0.315252,-1.14421][-0.133858,0,-0.992126][36.0091,-37.0197,0][-0.0676212,-0.31518,-1.15158][-0.0629921,0,-1][36.0042,-37.0197,0][-0.116321,-0.469314,-1.14717][-0.110236,0,-0.992126][36.0073,-37.0293,0][-0.0568362,-0.468852,-1.15147][-0.0551181,-0.00787402,-1][36.0036,-37.0293,0][-0.115033,-0.50211,-1.14668][-0.0944882,-0.023622,-0.992126][36.0072,-37.0314,0][-0.0676212,-0.31518,-1.15158][-0.0629921,0,-1][36.0042,-37.0197,0][-0.0568362,-0.468852,-1.15147][-0.0551181,-0.00787402,-1][36.0036,-37.0293,0][-0.116321,-0.469314,-1.14717][-0.110236,0,-0.992126][36.0073,-37.0293,0][-0.055075,-0.502008,-1.15109][-0.0472441,-0.023622,-1][36.0034,-37.0314,0][-0.115033,-0.50211,-1.14668][-0.0944882,-0.023622,-0.992126][36.0072,-37.0314,0][-0.0568362,-0.468852,-1.15147][-0.0551181,-0.00787402,-1][36.0036,-37.0293,0][-0.172806,-0.539048,-1.13819][-0.165354,-0.0787402,-0.984252][36.0108,-37.0337,0][-0.115033,-0.50211,-1.14668][-0.0944882,-0.023622,-0.992126][36.0072,-37.0314,0][-0.114696,-0.540842,-1.14544][-0.110236,-0.0787402,-0.992126][36.0072,-37.0338,0][-0.055075,-0.502008,-1.15109][-0.0472441,-0.023622,-1][36.0034,-37.0314,0][-0.114696,-0.540842,-1.14544][-0.110236,-0.0787402,-0.992126][36.0072,-37.0338,0][-0.115033,-0.50211,-1.14668][-0.0944882,-0.023622,-0.992126][36.0072,-37.0314,0][-0.14471,-0.65174,-1.13128][-0.133858,-0.165354,-0.976378][36.009,-37.0407,0][-0.172806,-0.539048,-1.13819][-0.165354,-0.0787402,-0.984252][36.0108,-37.0337,0][-0.114696,-0.540842,-1.14544][-0.110236,-0.0787402,-0.992126][36.0072,-37.0338,0][-2.30282e-06,-0.468834,-1.15292][0,-0.00787402,-1][36,-37.0293,0][-0.055075,-0.502008,-1.15109][-0.0472441,-0.023622,-1][36.0034,-37.0314,0][-0.0568362,-0.468852,-1.15147][-0.0551181,-0.00787402,-1][36.0036,-37.0293,0][-2.32566e-06,-0.314888,-1.15337][0,0,-1][36,-37.0197,0][-0.0568362,-0.468852,-1.15147][-0.0551181,-0.00787402,-1][36.0036,-37.0293,0][-0.0676212,-0.31518,-1.15158][-0.0629921,0,-1][36.0042,-37.0197,0][-0.0568362,-0.468852,-1.15147][-0.0551181,-0.00787402,-1][36.0036,-37.0293,0][-2.32566e-06,-0.314888,-1.15337][0,0,-1][36,-37.0197,0][-2.30282e-06,-0.468834,-1.15292][0,-0.00787402,-1][36,-37.0293,0][-0.0676212,-0.31518,-1.15158][-0.0629921,0,-1][36.0042,-37.0197,0][-2.4434e-06,-0.142336,-1.15345][0,0,-1][36,-37.0089,0][-2.32566e-06,-0.314888,-1.15337][0,0,-1][36,-37.0197,0][-0.145859,-0.315252,-1.14421][-0.133858,0,-0.992126][36.0091,-37.0197,0][-0.0812344,-0.142943,-1.1507][-0.0787402,0,-1][36.0051,-37.0089,0][-0.0676212,-0.31518,-1.15158][-0.0629921,0,-1][36.0042,-37.0197,0][-2.4434e-06,-0.142336,-1.15345][0,0,-1][36,-37.0089,0][-0.0676212,-0.31518,-1.15158][-0.0629921,0,-1][36.0042,-37.0197,0][-0.0812344,-0.142943,-1.1507][-0.0787402,0,-1][36.0051,-37.0089,0][-0.0812344,-0.142943,-1.1507][-0.0787402,0,-1][36.0051,-37.0089,0][-0.145859,-0.315252,-1.14421][-0.133858,0,-0.992126][36.0091,-37.0197,0][-0.187443,-0.143524,-1.1382][-0.165354,0,-0.984252][36.0117,-37.009,0][-0.229984,-0.315592,-1.13039][-0.212598,0,-0.976378][36.0144,-37.0197,0][-0.187443,-0.143524,-1.1382][-0.165354,0,-0.984252][36.0117,-37.009,0][-0.145859,-0.315252,-1.14421][-0.133858,0,-0.992126][36.0091,-37.0197,0][-0.0812344,-0.142943,-1.1507][-0.0787402,0,-1][36.0051,-37.0089,0][-2.45308e-06,0.00726318,-1.15337][0,0,-1][36,-36.9995,0][-2.4434e-06,-0.142336,-1.15345][0,0,-1][36,-37.0089,0][-0.187443,-0.143524,-1.1382][-0.165354,0,-0.984252][36.0117,-37.009,0][-0.092059,0.00726462,-1.14974][-0.0866142,0,-1][36.0058,-36.9995,0][-0.0812344,-0.142943,-1.1507][-0.0787402,0,-1][36.0051,-37.0089,0][-2.45308e-06,0.00726318,-1.15337][0,0,-1][36,-36.9995,0][-0.0812344,-0.142943,-1.1507][-0.0787402,0,-1][36.0051,-37.0089,0][-0.092059,0.00726462,-1.14974][-0.0866142,0,-1][36.0058,-36.9995,0][-0.092059,0.00726462,-1.14974][-0.0866142,0,-1][36.0058,-36.9995,0][-0.187443,-0.143524,-1.1382][-0.165354,0,-0.984252][36.0117,-37.009,0][-0.207506,0.0072608,-1.13465][-0.188976,0.00787402,-0.984252][36.013,-36.9995,0][-0.187443,-0.143524,-1.1382][-0.165354,0,-0.984252][36.0117,-37.009,0][-0.229984,-0.315592,-1.13039][-0.212598,0,-0.976378][36.0144,-37.0197,0][-0.303164,-0.145153,-1.11295][-0.275591,0.00787402,-0.96063][36.0189,-37.0091,0][-0.303164,-0.145153,-1.11295][-0.275591,0.00787402,-0.96063][36.0189,-37.0091,0][-0.207506,0.0072608,-1.13465][-0.188976,0.00787402,-0.984252][36.013,-36.9995,0][-0.187443,-0.143524,-1.1382][-0.165354,0,-0.984252][36.0117,-37.009,0][-0.312678,-0.32005,-1.11033][-0.299213,0,-0.952756][36.0195,-37.02,0][-0.303164,-0.145153,-1.11295][-0.275591,0.00787402,-0.96063][36.0189,-37.0091,0][-0.229984,-0.315592,-1.13039][-0.212598,0,-0.976378][36.0144,-37.0197,0][-0.207506,0.0072608,-1.13465][-0.188976,0.00787402,-0.984252][36.013,-36.9995,0][-0.303164,-0.145153,-1.11295][-0.275591,0.00787402,-0.96063][36.0189,-37.0091,0][-0.352546,0.00725126,-1.09821][-0.322835,0.00787402,-0.944882][36.022,-36.9995,0][-0.431878,-0.150059,-1.06933][-0.393701,0.00787402,-0.92126][36.027,-37.0094,0][-0.352546,0.00725126,-1.09821][-0.322835,0.00787402,-0.944882][36.022,-36.9995,0][-0.303164,-0.145153,-1.11295][-0.275591,0.00787402,-0.96063][36.0189,-37.0091,0][-0.431878,-0.150059,-1.06933][-0.393701,0.00787402,-0.92126][36.027,-37.0094,0][-0.303164,-0.145153,-1.11295][-0.275591,0.00787402,-0.96063][36.0189,-37.0091,0][-0.312678,-0.32005,-1.11033][-0.299213,0,-0.952756][36.0195,-37.02,0][-0.352546,0.00725126,-1.09821][-0.322835,0.00787402,-0.944882][36.022,-36.9995,0][-0.431878,-0.150059,-1.06933][-0.393701,0.00787402,-0.92126][36.027,-37.0094,0][-0.55027,0.00733184,-1.01341][-0.472441,0.00787402,-0.88189][36.0344,-36.9995,0][-0.562498,-0.17489,-1.00674][-0.503937,0.00787402,-0.866142][36.0352,-37.0109,0][-0.55027,0.00733184,-1.01341][-0.472441,0.00787402,-0.88189][36.0344,-36.9995,0][-0.431878,-0.150059,-1.06933][-0.393701,0.00787402,-0.92126][36.027,-37.0094,0][-0.55027,0.00733184,-1.01341][-0.472441,0.00787402,-0.88189][36.0344,-36.9995,0][-0.562498,-0.17489,-1.00674][-0.503937,0.00787402,-0.866142][36.0352,-37.0109,0][-0.736938,0.00733184,-0.8881][-0.535433,0.00787402,-0.84252][36.0461,-36.9995,0][-0.41107,-0.33488,-1.07761][-0.377953,0,-0.92126][36.0257,-37.0209,0][-0.431878,-0.150059,-1.06933][-0.393701,0.00787402,-0.92126][36.027,-37.0094,0][-0.312678,-0.32005,-1.11033][-0.299213,0,-0.952756][36.0195,-37.02,0][-0.431878,-0.150059,-1.06933][-0.393701,0.00787402,-0.92126][36.027,-37.0094,0][-0.41107,-0.33488,-1.07761][-0.377953,0,-0.92126][36.0257,-37.0209,0][-0.562498,-0.17489,-1.00674][-0.503937,0.00787402,-0.866142][36.0352,-37.0109,0][-0.292072,-0.475338,-1.11527][-0.299213,-0.00787402,-0.952756][36.0183,-37.0297,0][-0.41107,-0.33488,-1.07761][-0.377953,0,-0.92126][36.0257,-37.0209,0][-0.312678,-0.32005,-1.11033][-0.299213,0,-0.952756][36.0195,-37.02,0][-0.736938,0.00733184,-0.8881][-0.535433,0.00787402,-0.84252][36.0461,-36.9995,0][-0.562498,-0.17489,-1.00674][-0.503937,0.00787402,-0.866142][36.0352,-37.0109,0][-0.735706,-0.201112,-0.889036][-0.566929,0.00787402,-0.818898][36.046,-37.0126,0][-0.36284,-0.478058,-1.09427][-0.346457,-0.00787402,-0.937008][36.0227,-37.0299,0][-0.41107,-0.33488,-1.07761][-0.377953,0,-0.92126][36.0257,-37.0209,0][-0.292072,-0.475338,-1.11527][-0.299213,-0.00787402,-0.952756][36.0183,-37.0297,0][-0.36284,-0.478058,-1.09427][-0.346457,-0.00787402,-0.937008][36.0227,-37.0299,0][-0.292072,-0.475338,-1.11527][-0.299213,-0.00787402,-0.952756][36.0183,-37.0297,0][-0.317588,-0.501862,-1.10782][-0.283465,-0.0314961,-0.96063][36.0198,-37.0314,0][-0.49534,-0.37499,-1.0413][-0.440945,0,-0.897638][36.031,-37.0234,0][-0.562498,-0.17489,-1.00674][-0.503937,0.00787402,-0.866142][36.0352,-37.0109,0][-0.41107,-0.33488,-1.07761][-0.377953,0,-0.92126][36.0257,-37.0209,0][-0.41107,-0.33488,-1.07761][-0.377953,0,-0.92126][36.0257,-37.0209,0][-0.36284,-0.478058,-1.09427][-0.346457,-0.00787402,-0.937008][36.0227,-37.0299,0][-0.49534,-0.37499,-1.0413][-0.440945,0,-0.897638][36.031,-37.0234,0][-0.624558,-0.26827,-0.969126][-0.535433,0.00787402,-0.84252][36.039,-37.0168,0][-0.735706,-0.201112,-0.889036][-0.566929,0.00787402,-0.818898][36.046,-37.0126,0][-0.562498,-0.17489,-1.00674][-0.503937,0.00787402,-0.866142][36.0352,-37.0109,0][-0.562498,-0.17489,-1.00674][-0.503937,0.00787402,-0.866142][36.0352,-37.0109,0][-0.49534,-0.37499,-1.0413][-0.440945,0,-0.897638][36.031,-37.0234,0][-0.624558,-0.26827,-0.969126][-0.535433,0.00787402,-0.84252][36.039,-37.0168,0][-0.735706,-0.201112,-0.889036][-0.566929,0.00787402,-0.818898][36.046,-37.0126,0][-0.624558,-0.26827,-0.969126][-0.535433,0.00787402,-0.84252][36.039,-37.0168,0][-0.735436,-0.340904,-0.88917][-0.590551,0,-0.811024][36.046,-37.0213,0][-0.624558,-0.26827,-0.969126][-0.535433,0.00787402,-0.84252][36.039,-37.0168,0][-0.656468,-0.378476,-0.947714][-0.559055,0,-0.834646][36.041,-37.0237,0][-0.735436,-0.340904,-0.88917][-0.590551,0,-0.811024][36.046,-37.0213,0][-0.49534,-0.37499,-1.0413][-0.440945,0,-0.897638][36.031,-37.0234,0][-0.656468,-0.378476,-0.947714][-0.559055,0,-0.834646][36.041,-37.0237,0][-0.624558,-0.26827,-0.969126][-0.535433,0.00787402,-0.84252][36.039,-37.0168,0][-0.656468,-0.378476,-0.947714][-0.559055,0,-0.834646][36.041,-37.0237,0][-0.735274,-0.47516,-0.888958][-0.598425,-0.023622,-0.80315][36.046,-37.0297,0][-0.735436,-0.340904,-0.88917][-0.590551,0,-0.811024][36.046,-37.0213,0][-0.36284,-0.478058,-1.09427][-0.346457,-0.00787402,-0.937008][36.0227,-37.0299,0][-0.317588,-0.501862,-1.10782][-0.283465,-0.0314961,-0.96063][36.0198,-37.0314,0][-0.358744,-0.502634,-1.09506][-0.330709,-0.023622,-0.944882][36.0224,-37.0314,0][-0.735274,-0.47516,-0.888958][-0.598425,-0.023622,-0.80315][36.046,-37.0297,0][-0.656468,-0.378476,-0.947714][-0.559055,0,-0.834646][36.041,-37.0237,0][-0.662114,-0.490032,-0.943222][-0.566929,-0.023622,-0.818898][36.0414,-37.0306,0][-0.49534,-0.37499,-1.0413][-0.440945,0,-0.897638][36.031,-37.0234,0][-0.36284,-0.478058,-1.09427][-0.346457,-0.00787402,-0.937008][36.0227,-37.0299,0][-0.43023,-0.48193,-1.06937][-0.401575,-0.00787402,-0.913386][36.0269,-37.0301,0][-0.358744,-0.502634,-1.09506][-0.330709,-0.023622,-0.944882][36.0224,-37.0314,0][-0.43023,-0.48193,-1.06937][-0.401575,-0.00787402,-0.913386][36.0269,-37.0301,0][-0.36284,-0.478058,-1.09427][-0.346457,-0.00787402,-0.937008][36.0227,-37.0299,0][-0.656468,-0.378476,-0.947714][-0.559055,0,-0.834646][36.041,-37.0237,0][-0.49534,-0.37499,-1.0413][-0.440945,0,-0.897638][36.031,-37.0234,0][-0.548278,-0.429298,-1.01428][-0.480315,0,-0.874016][36.0343,-37.0268,0][-0.43023,-0.48193,-1.06937][-0.401575,-0.00787402,-0.913386][36.0269,-37.0301,0][-0.548278,-0.429298,-1.01428][-0.480315,0,-0.874016][36.0343,-37.0268,0][-0.49534,-0.37499,-1.0413][-0.440945,0,-0.897638][36.031,-37.0234,0][-0.548278,-0.429298,-1.01428][-0.480315,0,-0.874016][36.0343,-37.0268,0][-0.662114,-0.490032,-0.943222][-0.566929,-0.023622,-0.818898][36.0414,-37.0306,0][-0.656468,-0.378476,-0.947714][-0.559055,0,-0.834646][36.041,-37.0237,0][-0.731174,-0.608738,-0.884142][-0.590551,-0.11811,-0.795276][36.0457,-37.038,0][-0.735274,-0.47516,-0.888958][-0.598425,-0.023622,-0.80315][36.046,-37.0297,0][-0.662114,-0.490032,-0.943222][-0.566929,-0.023622,-0.818898][36.0414,-37.0306,0][-0.317588,-0.501862,-1.10782][-0.283465,-0.0314961,-0.96063][36.0198,-37.0314,0][-0.362886,-0.532918,-1.09274][-0.338583,-0.0708661,-0.937008][36.0227,-37.0333,0][-0.358744,-0.502634,-1.09506][-0.330709,-0.023622,-0.944882][36.0224,-37.0314,0][-0.43023,-0.48193,-1.06937][-0.401575,-0.00787402,-0.913386][36.0269,-37.0301,0][-0.358744,-0.502634,-1.09506][-0.330709,-0.023622,-0.944882][36.0224,-37.0314,0][-0.367516,-0.502588,-1.09219][-0.362205,-0.023622,-0.929134][36.023,-37.0314,0][-0.475976,-0.50328,-1.0493][-0.440945,-0.023622,-0.897638][36.0297,-37.0315,0][-0.548278,-0.429298,-1.01428][-0.480315,0,-0.874016][36.0343,-37.0268,0][-0.43023,-0.48193,-1.06937][-0.401575,-0.00787402,-0.913386][36.0269,-37.0301,0][-0.367516,-0.502588,-1.09219][-0.362205,-0.023622,-0.929134][36.023,-37.0314,0][-0.475976,-0.50328,-1.0493][-0.440945,-0.023622,-0.897638][36.0297,-37.0315,0][-0.43023,-0.48193,-1.06937][-0.401575,-0.00787402,-0.913386][36.0269,-37.0301,0][-0.358744,-0.502634,-1.09506][-0.330709,-0.023622,-0.944882][36.0224,-37.0314,0][-0.430018,-0.527282,-1.06824][-0.393701,-0.0551181,-0.913386][36.0269,-37.033,0][-0.367516,-0.502588,-1.09219][-0.362205,-0.023622,-0.929134][36.023,-37.0314,0][-0.475976,-0.50328,-1.0493][-0.440945,-0.023622,-0.897638][36.0297,-37.0315,0][-0.367516,-0.502588,-1.09219][-0.362205,-0.023622,-0.929134][36.023,-37.0314,0][-0.430018,-0.527282,-1.06824][-0.393701,-0.0551181,-0.913386][36.0269,-37.033,0][-0.430018,-0.527282,-1.06824][-0.393701,-0.0551181,-0.913386][36.0269,-37.033,0][-0.358744,-0.502634,-1.09506][-0.330709,-0.023622,-0.944882][36.0224,-37.0314,0][-0.362886,-0.532918,-1.09274][-0.338583,-0.0708661,-0.937008][36.0227,-37.0333,0][-0.548278,-0.429298,-1.01428][-0.480315,0,-0.874016][36.0343,-37.0268,0][-0.475976,-0.50328,-1.0493][-0.440945,-0.023622,-0.897638][36.0297,-37.0315,0][-0.576812,-0.496334,-0.99756][-0.503937,-0.023622,-0.858268][36.036,-37.031,0][-0.662114,-0.490032,-0.943222][-0.566929,-0.023622,-0.818898][36.0414,-37.0306,0][-0.548278,-0.429298,-1.01428][-0.480315,0,-0.874016][36.0343,-37.0268,0][-0.576812,-0.496334,-0.99756][-0.503937,-0.023622,-0.858268][36.036,-37.031,0][-0.552552,-0.557236,-1.00862][-0.480315,-0.0787402,-0.874016][36.0345,-37.0348,0][-0.475976,-0.50328,-1.0493][-0.440945,-0.023622,-0.897638][36.0297,-37.0315,0][-0.430018,-0.527282,-1.06824][-0.393701,-0.0551181,-0.913386][36.0269,-37.033,0][-0.475976,-0.50328,-1.0493][-0.440945,-0.023622,-0.897638][36.0297,-37.0315,0][-0.552552,-0.557236,-1.00862][-0.480315,-0.0787402,-0.874016][36.0345,-37.0348,0][-0.576812,-0.496334,-0.99756][-0.503937,-0.023622,-0.858268][36.036,-37.031,0][-0.576812,-0.496334,-0.99756][-0.503937,-0.023622,-0.858268][36.036,-37.031,0][-0.650422,-0.58609,-0.946266][-0.559055,-0.102362,-0.818898][36.0407,-37.0366,0][-0.662114,-0.490032,-0.943222][-0.566929,-0.023622,-0.818898][36.0414,-37.0306,0][-0.650422,-0.58609,-0.946266][-0.559055,-0.102362,-0.818898][36.0407,-37.0366,0][-0.576812,-0.496334,-0.99756][-0.503937,-0.023622,-0.858268][36.036,-37.031,0][-0.552552,-0.557236,-1.00862][-0.480315,-0.0787402,-0.874016][36.0345,-37.0348,0][-0.662114,-0.490032,-0.943222][-0.566929,-0.023622,-0.818898][36.0414,-37.0306,0][-0.650422,-0.58609,-0.946266][-0.559055,-0.102362,-0.818898][36.0407,-37.0366,0][-0.731174,-0.608738,-0.884142][-0.590551,-0.11811,-0.795276][36.0457,-37.038,0][-0.731174,-0.608738,-0.884142][-0.590551,-0.11811,-0.795276][36.0457,-37.038,0][-0.650422,-0.58609,-0.946266][-0.559055,-0.102362,-0.818898][36.0407,-37.0366,0][-0.606394,-0.678058,-0.961778][-0.519685,-0.220472,-0.826772][36.0379,-37.0424,0][-0.552552,-0.557236,-1.00862][-0.480315,-0.0787402,-0.874016][36.0345,-37.0348,0][-0.606394,-0.678058,-0.961778][-0.519685,-0.220472,-0.826772][36.0379,-37.0424,0][-0.650422,-0.58609,-0.946266][-0.559055,-0.102362,-0.818898][36.0407,-37.0366,0][-0.715988,-0.742884,-0.867388][-0.543307,-0.267717,-0.795276][36.0448,-37.0464,0][-0.731174,-0.608738,-0.884142][-0.590551,-0.11811,-0.795276][36.0457,-37.038,0][-0.606394,-0.678058,-0.961778][-0.519685,-0.220472,-0.826772][36.0379,-37.0424,0][-0.684414,-0.854318,-0.839782][-0.503937,-0.322835,-0.80315][36.0428,-37.0534,0][-0.715988,-0.742884,-0.867388][-0.543307,-0.267717,-0.795276][36.0448,-37.0464,0][-0.606394,-0.678058,-0.961778][-0.519685,-0.220472,-0.826772][36.0379,-37.0424,0][-0.430018,-0.527282,-1.06824][-0.393701,-0.0551181,-0.913386][36.0269,-37.033,0][-0.494716,-0.608598,-1.0336][-0.433071,-0.11811,-0.897638][36.0309,-37.038,0][-0.552552,-0.557236,-1.00862][-0.480315,-0.0787402,-0.874016][36.0345,-37.0348,0][-0.606394,-0.678058,-0.961778][-0.519685,-0.220472,-0.826772][36.0379,-37.0424,0][-0.552552,-0.557236,-1.00862][-0.480315,-0.0787402,-0.874016][36.0345,-37.0348,0][-0.494716,-0.608598,-1.0336][-0.433071,-0.11811,-0.897638][36.0309,-37.038,0][-0.494716,-0.608598,-1.0336][-0.433071,-0.11811,-0.897638][36.0309,-37.038,0][-0.430018,-0.527282,-1.06824][-0.393701,-0.0551181,-0.913386][36.0269,-37.033,0][-0.362886,-0.532918,-1.09274][-0.338583,-0.0708661,-0.937008][36.0227,-37.0333,0][-0.285694,-0.281034,-1.15606][-0.275591,0,-0.96063][36.0179,-37.0176,0][-0.251882,-0.38017,-1.16394][-0.220472,0,-0.976378][36.0157,-37.0238,0][-0.315704,-0.380168,-1.14808][-0.275591,0,-0.96063][36.0197,-37.0238,0][-0.315704,-0.380168,-1.14808][-0.275591,0,-0.96063][36.0197,-37.0238,0][-0.367378,-0.296416,-1.1327][-0.346457,0,-0.937008][36.023,-37.0185,0][-0.285694,-0.281034,-1.15606][-0.275591,0,-0.96063][36.0179,-37.0176,0][-0.206912,-0.273446,-1.17296][-0.188976,0,-0.984252][36.0129,-37.0171,0][-0.251882,-0.38017,-1.16394][-0.220472,0,-0.976378][36.0157,-37.0238,0][-0.285694,-0.281034,-1.15606][-0.275591,0,-0.96063][36.0179,-37.0176,0][-0.251882,-0.38017,-1.16394][-0.220472,0,-0.976378][36.0157,-37.0238,0][-0.206912,-0.273446,-1.17296][-0.188976,0,-0.984252][36.0129,-37.0171,0][-0.18815,-0.38017,-1.17575][-0.165354,0,-0.984252][36.0118,-37.0238,0][-0.367378,-0.296416,-1.1327][-0.346457,0,-0.937008][36.023,-37.0185,0][-0.388796,-0.163488,-1.12543][-0.370079,0,-0.929134][36.0243,-37.0102,0][-0.285694,-0.281034,-1.15606][-0.275591,0,-0.96063][36.0179,-37.0176,0][-0.388796,-0.163488,-1.12543][-0.370079,0,-0.929134][36.0243,-37.0102,0][-0.367378,-0.296416,-1.1327][-0.346457,0,-0.937008][36.023,-37.0185,0][-0.549362,-0.171764,-1.0562][-0.480315,0.00787402,-0.874016][36.0343,-37.0107,0][-0.549362,-0.171764,-1.0562][-0.480315,0.00787402,-0.874016][36.0343,-37.0107,0][-0.504196,-0.00032568,-1.07862][-0.448819,0,-0.889764][36.0315,-37,0][-0.388796,-0.163488,-1.12543][-0.370079,0,-0.929134][36.0243,-37.0102,0][-0.133663,-0.267696,-1.18338][-0.11811,0,-0.992126][36.0084,-37.0167,0][-0.18815,-0.38017,-1.17575][-0.165354,0,-0.984252][36.0118,-37.0238,0][-0.206912,-0.273446,-1.17296][-0.188976,0,-0.984252][36.0129,-37.0171,0][-0.18815,-0.38017,-1.17575][-0.165354,0,-0.984252][36.0118,-37.0238,0][-0.133663,-0.267696,-1.18338][-0.11811,0,-0.992126][36.0084,-37.0167,0][-0.125737,-0.380172,-1.18403][-0.110236,0,-0.992126][36.0079,-37.0238,0][-0.133663,-0.267696,-1.18338][-0.11811,0,-0.992126][36.0084,-37.0167,0][-0.0613338,-0.380172,-1.1892][-0.0551181,0,-1][36.0038,-37.0238,0][-0.125737,-0.380172,-1.18403][-0.110236,0,-0.992126][36.0079,-37.0238,0][-0.388796,-0.163488,-1.12543][-0.370079,0,-0.929134][36.0243,-37.0102,0][-0.271564,-0.157953,-1.15949][-0.251969,0,-0.968504][36.017,-37.0099,0][-0.285694,-0.281034,-1.15606][-0.275591,0,-0.96063][36.0179,-37.0176,0][-0.285694,-0.281034,-1.15606][-0.275591,0,-0.96063][36.0179,-37.0176,0][-0.271564,-0.157953,-1.15949][-0.251969,0,-0.968504][36.017,-37.0099,0][-0.206912,-0.273446,-1.17296][-0.188976,0,-0.984252][36.0129,-37.0171,0][-0.342504,-0.00048399,-1.14047][-0.307087,0.00787402,-0.952756][36.0214,-37,0][-0.388796,-0.163488,-1.12543][-0.370079,0,-0.929134][36.0243,-37.0102,0][-0.504196,-0.00032568,-1.07862][-0.448819,0,-0.889764][36.0315,-37,0][-0.388796,-0.163488,-1.12543][-0.370079,0,-0.929134][36.0243,-37.0102,0][-0.342504,-0.00048399,-1.14047][-0.307087,0.00787402,-0.952756][36.0214,-37,0][-0.271564,-0.157953,-1.15949][-0.251969,0,-0.968504][36.017,-37.0099,0][-0.504196,-0.00032568,-1.07862][-0.448819,0,-0.889764][36.0315,-37,0][-0.380838,0.188271,-1.12807][-0.338583,0,-0.944882][36.0238,-36.9882,0][-0.342504,-0.00048399,-1.14047][-0.307087,0.00787402,-0.952756][36.0214,-37,0][-0.222926,0.190829,-1.1698][-0.204724,0,-0.976378][36.0139,-36.9881,0][-0.342504,-0.00048399,-1.14047][-0.307087,0.00787402,-0.952756][36.0214,-37,0][-0.380838,0.188271,-1.12807][-0.338583,0,-0.944882][36.0238,-36.9882,0][-0.342504,-0.00048399,-1.14047][-0.307087,0.00787402,-0.952756][36.0214,-37,0][-0.222926,0.190829,-1.1698][-0.204724,0,-0.976378][36.0139,-36.9881,0][-0.208502,-0.000490188,-1.17264][-0.188976,0,-0.984252][36.013,-37,0][-0.208502,-0.000490188,-1.17264][-0.188976,0,-0.984252][36.013,-37,0][-0.271564,-0.157953,-1.15949][-0.251969,0,-0.968504][36.017,-37.0099,0][-0.342504,-0.00048399,-1.14047][-0.307087,0.00787402,-0.952756][36.0214,-37,0][-0.105696,0.191787,-1.18639][-0.0944882,0,-0.992126][36.0066,-36.988,0][-0.208502,-0.000490188,-1.17264][-0.188976,0,-0.984252][36.013,-37,0][-0.222926,0.190829,-1.1698][-0.204724,0,-0.976378][36.0139,-36.9881,0][-0.271564,-0.157953,-1.15949][-0.251969,0,-0.968504][36.017,-37.0099,0][-0.173338,-0.154936,-1.1782][-0.15748,0,-0.984252][36.0108,-37.0097,0][-0.206912,-0.273446,-1.17296][-0.188976,0,-0.984252][36.0129,-37.0171,0][-0.271564,-0.157953,-1.15949][-0.251969,0,-0.968504][36.017,-37.0099,0][-0.208502,-0.000490188,-1.17264][-0.188976,0,-0.984252][36.013,-37,0][-0.173338,-0.154936,-1.1782][-0.15748,0,-0.984252][36.0108,-37.0097,0][-0.206912,-0.273446,-1.17296][-0.188976,0,-0.984252][36.0129,-37.0171,0][-0.173338,-0.154936,-1.1782][-0.15748,0,-0.984252][36.0108,-37.0097,0][-0.133663,-0.267696,-1.18338][-0.11811,0,-0.992126][36.0084,-37.0167,0][-0.208502,-0.000490188,-1.17264][-0.188976,0,-0.984252][36.013,-37,0][-0.105696,0.191787,-1.18639][-0.0944882,0,-0.992126][36.0066,-36.988,0][-0.096155,-0.000489712,-1.18715][-0.0866142,0,-1][36.006,-37,0][-0.096155,-0.000489712,-1.18715][-0.0866142,0,-1][36.006,-37,0][-0.173338,-0.154936,-1.1782][-0.15748,0,-0.984252][36.0108,-37.0097,0][-0.208502,-0.000490188,-1.17264][-0.188976,0,-0.984252][36.013,-37,0][-1.9697e-08,0.192233,-1.19116][0,0,-1][36,-36.988,0][-0.096155,-0.000489712,-1.18715][-0.0866142,0,-1][36.006,-37,0][-0.105696,0.191787,-1.18639][-0.0944882,0,-0.992126][36.0066,-36.988,0][-0.0770674,-0.153091,-1.18839][-0.0787402,0,-1][36.0048,-37.0096,0][-0.133663,-0.267696,-1.18338][-0.11811,0,-0.992126][36.0084,-37.0167,0][-0.173338,-0.154936,-1.1782][-0.15748,0,-0.984252][36.0108,-37.0097,0][-0.173338,-0.154936,-1.1782][-0.15748,0,-0.984252][36.0108,-37.0097,0][-0.096155,-0.000489712,-1.18715][-0.0866142,0,-1][36.006,-37,0][-0.0770674,-0.153091,-1.18839][-0.0787402,0,-1][36.0048,-37.0096,0][-0.096155,-0.000489712,-1.18715][-0.0866142,0,-1][36.006,-37,0][-1.9697e-08,0.192233,-1.19116][0,0,-1][36,-36.988,0][-5.57014e-08,-0.000489712,-1.19114][0,0,-1][36,-37,0][-5.57014e-08,-0.000489712,-1.19114][0,0,-1][36,-37,0][-0.0770674,-0.153091,-1.18839][-0.0787402,0,-1][36.0048,-37.0096,0][-0.096155,-0.000489712,-1.18715][-0.0866142,0,-1][36.006,-37,0][-1.9697e-08,0.192233,-1.19116][0,0,-1][36,-36.988,0][0.097006,-0.000490188,-1.18709][0.0866142,0,-0.992126][35.9939,-37,0][-5.57014e-08,-0.000489712,-1.19114][0,0,-1][36,-37,0][-0.133663,-0.267696,-1.18338][-0.11811,0,-0.992126][36.0084,-37.0167,0][-0.0770674,-0.153091,-1.18839][-0.0787402,0,-1][36.0048,-37.0096,0][-0.0578762,-0.263808,-1.18963][-0.0629921,0,-1][36.0036,-37.0165,0][-0.0613338,-0.380172,-1.1892][-0.0551181,0,-1][36.0038,-37.0238,0][-0.133663,-0.267696,-1.18338][-0.11811,0,-0.992126][36.0084,-37.0167,0][-0.0578762,-0.263808,-1.18963][-0.0629921,0,-1][36.0036,-37.0165,0][-0.0578762,-0.263808,-1.18963][-0.0629921,0,-1][36.0036,-37.0165,0][7.81774e-08,-0.380172,-1.19096][0,0,-1][36,-37.0238,0][-0.0613338,-0.380172,-1.1892][-0.0551181,0,-1][36.0038,-37.0238,0][-4.60386e-08,-0.152015,-1.19115][0,0,-1][36,-37.0095,0][-0.0578762,-0.263808,-1.18963][-0.0629921,0,-1][36.0036,-37.0165,0][-0.0770674,-0.153091,-1.18839][-0.0787402,0,-1][36.0048,-37.0096,0][-0.0770674,-0.153091,-1.18839][-0.0787402,0,-1][36.0048,-37.0096,0][-5.57014e-08,-0.000489712,-1.19114][0,0,-1][36,-37,0][-4.60386e-08,-0.152015,-1.19115][0,0,-1][36,-37.0095,0][7.81774e-08,-0.380172,-1.19096][0,0,-1][36,-37.0238,0][-0.0578762,-0.263808,-1.18963][-0.0629921,0,-1][36.0036,-37.0165,0][1.34698e-08,-0.262444,-1.19116][0,0,-1][36,-37.0164,0][-0.0578762,-0.263808,-1.18963][-0.0629921,0,-1][36.0036,-37.0165,0][-4.60386e-08,-0.152015,-1.19115][0,0,-1][36,-37.0095,0][1.34698e-08,-0.262444,-1.19116][0,0,-1][36,-37.0164,0][0.0578762,-0.263808,-1.18963][0.0629921,0,-1][35.9964,-37.0165,0][7.81774e-08,-0.380172,-1.19096][0,0,-1][36,-37.0238,0][1.34698e-08,-0.262444,-1.19116][0,0,-1][36,-37.0164,0][-4.60386e-08,-0.152015,-1.19115][0,0,-1][36,-37.0095,0][0.0578762,-0.263808,-1.18963][0.0629921,0,-1][35.9964,-37.0165,0][1.34698e-08,-0.262444,-1.19116][0,0,-1][36,-37.0164,0][7.81774e-08,-0.380172,-1.19096][0,0,-1][36,-37.0238,0][0.0578762,-0.263808,-1.18963][0.0629921,0,-1][35.9964,-37.0165,0][0.0613338,-0.380172,-1.1892][0.0551181,0,-1][35.9962,-37.0238,0][-5.57014e-08,-0.000489712,-1.19114][0,0,-1][36,-37,0][0.0778702,-0.153124,-1.18834][0.0787402,0,-1][35.9951,-37.0096,0][-4.60386e-08,-0.152015,-1.19115][0,0,-1][36,-37.0095,0][0.0778702,-0.153124,-1.18834][0.0787402,0,-1][35.9951,-37.0096,0][-5.57014e-08,-0.000489712,-1.19114][0,0,-1][36,-37,0][0.097006,-0.000490188,-1.18709][0.0866142,0,-0.992126][35.9939,-37,0][0.0778702,-0.153124,-1.18834][0.0787402,0,-1][35.9951,-37.0096,0][0.0578762,-0.263808,-1.18963][0.0629921,0,-1][35.9964,-37.0165,0][-4.60386e-08,-0.152015,-1.19115][0,0,-1][36,-37.0095,0][0.097006,-0.000490188,-1.18709][0.0866142,0,-0.992126][35.9939,-37,0][0.173874,-0.154994,-1.17812][0.15748,0,-0.984252][35.9891,-37.0097,0][0.0778702,-0.153124,-1.18834][0.0787402,0,-1][35.9951,-37.0096,0][0.133663,-0.267696,-1.18338][0.11811,0,-0.992126][35.9916,-37.0167,0][0.0613338,-0.380172,-1.1892][0.0551181,0,-1][35.9962,-37.0238,0][0.0578762,-0.263808,-1.18963][0.0629921,0,-1][35.9964,-37.0165,0][0.0778702,-0.153124,-1.18834][0.0787402,0,-1][35.9951,-37.0096,0][0.133663,-0.267696,-1.18338][0.11811,0,-0.992126][35.9916,-37.0167,0][0.0578762,-0.263808,-1.18963][0.0629921,0,-1][35.9964,-37.0165,0][0.133663,-0.267696,-1.18338][0.11811,0,-0.992126][35.9916,-37.0167,0][0.0778702,-0.153124,-1.18834][0.0787402,0,-1][35.9951,-37.0096,0][0.173874,-0.154994,-1.17812][0.15748,0,-0.984252][35.9891,-37.0097,0][0.0613338,-0.380172,-1.1892][0.0551181,0,-1][35.9962,-37.0238,0][0.133663,-0.267696,-1.18338][0.11811,0,-0.992126][35.9916,-37.0167,0][0.125737,-0.380172,-1.18403][0.110236,0,-0.992126][35.9921,-37.0238,0][0.173874,-0.154994,-1.17812][0.15748,0,-0.984252][35.9891,-37.0097,0][0.206912,-0.273446,-1.17296][0.188976,0,-0.984252][35.9871,-37.0171,0][0.133663,-0.267696,-1.18338][0.11811,0,-0.992126][35.9916,-37.0167,0][0.133663,-0.267696,-1.18338][0.11811,0,-0.992126][35.9916,-37.0167,0][0.18815,-0.38017,-1.17575][0.165354,0,-0.984252][35.9882,-37.0238,0][0.125737,-0.380172,-1.18403][0.110236,0,-0.992126][35.9921,-37.0238,0][0.18815,-0.38017,-1.17575][0.165354,0,-0.984252][35.9882,-37.0238,0][0.133663,-0.267696,-1.18338][0.11811,0,-0.992126][35.9916,-37.0167,0][0.206912,-0.273446,-1.17296][0.188976,0,-0.984252][35.9871,-37.0171,0][-0.385882,-0.419876,-1.12604][-0.330709,-0.00787402,-0.944882][36.0241,-37.0262,0][-0.375154,-0.462428,-1.12938][-0.322835,-0.023622,-0.944882][36.0234,-37.0289,0][-0.438134,-0.46243,-1.10637][-0.385827,-0.00787402,-0.92126][36.0274,-37.0289,0][-0.375154,-0.462428,-1.12938][-0.322835,-0.023622,-0.944882][36.0234,-37.0289,0][-0.385882,-0.419876,-1.12604][-0.330709,-0.00787402,-0.944882][36.0241,-37.0262,0][-0.34349,-0.419876,-1.13984][-0.299213,-0.015748,-0.952756][36.0215,-37.0262,0][-0.385882,-0.419876,-1.12604][-0.330709,-0.00787402,-0.944882][36.0241,-37.0262,0][-0.438134,-0.46243,-1.10637][-0.385827,-0.00787402,-0.92126][36.0274,-37.0289,0][-0.397356,-0.419858,-1.12214][-0.346457,-0.00787402,-0.937008][36.0248,-37.0262,0][-0.34349,-0.419876,-1.13984][-0.299213,-0.015748,-0.952756][36.0215,-37.0262,0][-0.309322,-0.462428,-1.14945][-0.275591,-0.023622,-0.96063][36.0193,-37.0289,0][-0.375154,-0.462428,-1.12938][-0.322835,-0.023622,-0.944882][36.0234,-37.0289,0][-0.438134,-0.46243,-1.10637][-0.385827,-0.00787402,-0.92126][36.0274,-37.0289,0][-0.438206,-0.4196,-1.10664][-0.393701,-0.00787402,-0.92126][36.0274,-37.0262,0][-0.397356,-0.419858,-1.12214][-0.346457,-0.00787402,-0.937008][36.0248,-37.0262,0][-0.309322,-0.462428,-1.14945][-0.275591,-0.023622,-0.96063][36.0193,-37.0289,0][-0.34349,-0.419876,-1.13984][-0.299213,-0.015748,-0.952756][36.0215,-37.0262,0][-0.303966,-0.419862,-1.15126][-0.259843,-0.00787402,-0.968504][36.019,-37.0262,0][-0.438254,-0.380168,-1.10679][-0.385827,-0.00787402,-0.92126][36.0274,-37.0238,0][-0.397356,-0.419858,-1.12214][-0.346457,-0.00787402,-0.937008][36.0248,-37.0262,0][-0.438206,-0.4196,-1.10664][-0.393701,-0.00787402,-0.92126][36.0274,-37.0262,0][-0.303966,-0.419862,-1.15126][-0.259843,-0.00787402,-0.968504][36.019,-37.0262,0][-0.24748,-0.462428,-1.16434][-0.220472,-0.0314961,-0.976378][36.0155,-37.0289,0][-0.309322,-0.462428,-1.14945][-0.275591,-0.023622,-0.96063][36.0193,-37.0289,0][-0.438254,-0.380168,-1.10679][-0.385827,-0.00787402,-0.92126][36.0274,-37.0238,0][-0.38975,-0.419874,-1.12472][-0.330709,0,-0.944882][36.0244,-37.0262,0][-0.397356,-0.419858,-1.12214][-0.346457,-0.00787402,-0.937008][36.0248,-37.0262,0][-0.24748,-0.462428,-1.16434][-0.220472,-0.0314961,-0.976378][36.0155,-37.0289,0][-0.303966,-0.419862,-1.15126][-0.259843,-0.00787402,-0.968504][36.019,-37.0262,0][-0.249712,-0.41985,-1.16419][-0.204724,-0.00787402,-0.976378][36.0156,-37.0262,0][-0.38975,-0.419874,-1.12472][-0.330709,0,-0.944882][36.0244,-37.0262,0][-0.438254,-0.380168,-1.10679][-0.385827,-0.00787402,-0.92126][36.0274,-37.0238,0][-0.376214,-0.380168,-1.1295][-0.330709,0,-0.944882][36.0235,-37.0238,0][-0.187051,-0.419836,-1.17575][-0.15748,-0.00787402,-0.984252][36.0117,-37.0262,0][-0.24748,-0.462428,-1.16434][-0.220472,-0.0314961,-0.976378][36.0155,-37.0289,0][-0.249712,-0.41985,-1.16419][-0.204724,-0.00787402,-0.976378][36.0156,-37.0262,0][-0.376214,-0.380168,-1.1295][-0.330709,0,-0.944882][36.0235,-37.0238,0][-0.349452,-0.419872,-1.13811][-0.299213,0,-0.952756][36.0218,-37.0262,0][-0.38975,-0.419874,-1.12472][-0.330709,0,-0.944882][36.0244,-37.0262,0][-0.24748,-0.462428,-1.16434][-0.220472,-0.0314961,-0.976378][36.0155,-37.0289,0][-0.187051,-0.419836,-1.17575][-0.15748,-0.00787402,-0.984252][36.0117,-37.0262,0][-0.186835,-0.462428,-1.17549][-0.165354,-0.0314961,-0.984252][36.0117,-37.0289,0][-0.376214,-0.380168,-1.1295][-0.330709,0,-0.944882][36.0235,-37.0238,0][-0.315704,-0.380168,-1.14808][-0.275591,0,-0.96063][36.0197,-37.0238,0][-0.349452,-0.419872,-1.13811][-0.299213,0,-0.952756][36.0218,-37.0262,0][-0.187051,-0.419836,-1.17575][-0.15748,-0.00787402,-0.984252][36.0117,-37.0262,0][-0.124036,-0.462428,-1.18375][-0.110236,-0.0314961,-0.992126][36.0078,-37.0289,0][-0.186835,-0.462428,-1.17549][-0.165354,-0.0314961,-0.984252][36.0117,-37.0289,0][-0.315704,-0.380168,-1.14808][-0.275591,0,-0.96063][36.0197,-37.0238,0][-0.31168,-0.41986,-1.14907][-0.259843,0,-0.968504][36.0195,-37.0262,0][-0.349452,-0.419872,-1.13811][-0.299213,0,-0.952756][36.0218,-37.0262,0][-0.124036,-0.462428,-1.18375][-0.110236,-0.0314961,-0.992126][36.0078,-37.0289,0][-0.187051,-0.419836,-1.17575][-0.15748,-0.00787402,-0.984252][36.0117,-37.0262,0][-0.123638,-0.419852,-1.18408][-0.102362,-0.00787402,-0.992126][36.0077,-37.0262,0][-0.315704,-0.380168,-1.14808][-0.275591,0,-0.96063][36.0197,-37.0238,0][-0.251882,-0.38017,-1.16394][-0.220472,0,-0.976378][36.0157,-37.0238,0][-0.31168,-0.41986,-1.14907][-0.259843,0,-0.968504][36.0195,-37.0262,0][-0.123638,-0.419852,-1.18408][-0.102362,-0.00787402,-0.992126][36.0077,-37.0262,0][-0.0590828,-0.462428,-1.18889][-0.0551181,-0.0393701,-1][36.0037,-37.0289,0][-0.124036,-0.462428,-1.18375][-0.110236,-0.0314961,-0.992126][36.0078,-37.0289,0][-0.251882,-0.38017,-1.16394][-0.220472,0,-0.976378][36.0157,-37.0238,0][-0.254974,-0.419856,-1.16313][-0.212598,0,-0.976378][36.0159,-37.0262,0][-0.31168,-0.41986,-1.14907][-0.259843,0,-0.968504][36.0195,-37.0262,0][-0.0590828,-0.462428,-1.18889][-0.0551181,-0.0393701,-1][36.0037,-37.0289,0][-0.123638,-0.419852,-1.18408][-0.102362,-0.00787402,-0.992126][36.0077,-37.0262,0][-0.058567,-0.419866,-1.18921][-0.0551181,-0.00787402,-1][36.0037,-37.0262,0][-0.251882,-0.38017,-1.16394][-0.220472,0,-0.976378][36.0157,-37.0238,0][-0.188141,-0.41984,-1.17558][-0.15748,-0.00787402,-0.984252][36.0118,-37.0262,0][-0.254974,-0.419856,-1.16313][-0.212598,0,-0.976378][36.0159,-37.0262,0][-0.058567,-0.419866,-1.18921][-0.0551181,-0.00787402,-1][36.0037,-37.0262,0][7.71478e-08,-0.462428,-1.1905][0,-0.0393701,-1][36,-37.0289,0][-0.0590828,-0.462428,-1.18889][-0.0551181,-0.0393701,-1][36.0037,-37.0289,0][-0.188141,-0.41984,-1.17558][-0.15748,-0.00787402,-0.984252][36.0118,-37.0262,0][-0.251882,-0.38017,-1.16394][-0.220472,0,-0.976378][36.0157,-37.0238,0][-0.18815,-0.38017,-1.17575][-0.165354,0,-0.984252][36.0118,-37.0238,0][7.71478e-08,-0.462428,-1.1905][0,-0.0393701,-1][36,-37.0289,0][-0.058567,-0.419866,-1.18921][-0.0551181,-0.00787402,-1][36.0037,-37.0262,0][8.5405e-08,-0.41989,-1.19078][0,-0.00787402,-1][36,-37.0262,0][-0.125737,-0.380172,-1.18403][-0.110236,0,-0.992126][36.0079,-37.0238,0][-0.188141,-0.41984,-1.17558][-0.15748,-0.00787402,-0.984252][36.0118,-37.0262,0][-0.18815,-0.38017,-1.17575][-0.165354,0,-0.984252][36.0118,-37.0238,0][0.0585672,-0.419864,-1.18921][0.0551181,-0.00787402,-1][35.9963,-37.0262,0][7.71478e-08,-0.462428,-1.1905][0,-0.0393701,-1][36,-37.0289,0][8.5405e-08,-0.41989,-1.19078][0,-0.00787402,-1][36,-37.0262,0][-0.188141,-0.41984,-1.17558][-0.15748,-0.00787402,-0.984252][36.0118,-37.0262,0][-0.125737,-0.380172,-1.18403][-0.110236,0,-0.992126][36.0079,-37.0238,0][-0.125345,-0.419858,-1.1839][-0.102362,-0.00787402,-0.992126][36.0078,-37.0262,0][7.71478e-08,-0.462428,-1.1905][0,-0.0393701,-1][36,-37.0289,0][0.0585672,-0.419864,-1.18921][0.0551181,-0.00787402,-1][35.9963,-37.0262,0][0.059083,-0.462428,-1.18889][0.0551181,-0.0393701,-1][35.9963,-37.0289,0][-0.125737,-0.380172,-1.18403][-0.110236,0,-0.992126][36.0079,-37.0238,0][-0.0613338,-0.380172,-1.1892][-0.0551181,0,-1][36.0038,-37.0238,0][-0.125345,-0.419858,-1.1839][-0.102362,-0.00787402,-0.992126][36.0078,-37.0262,0][0.123638,-0.419852,-1.18408][0.102362,-0.00787402,-0.992126][35.9923,-37.0262,0][0.059083,-0.462428,-1.18889][0.0551181,-0.0393701,-1][35.9963,-37.0289,0][0.0585672,-0.419864,-1.18921][0.0551181,-0.00787402,-1][35.9963,-37.0262,0][-0.0613338,-0.380172,-1.1892][-0.0551181,0,-1][36.0038,-37.0238,0][-0.060972,-0.419874,-1.18906][-0.0551181,-0.00787402,-1][36.0038,-37.0262,0][-0.125345,-0.419858,-1.1839][-0.102362,-0.00787402,-0.992126][36.0078,-37.0262,0][0.059083,-0.462428,-1.18889][0.0551181,-0.0393701,-1][35.9963,-37.0289,0][0.123638,-0.419852,-1.18408][0.102362,-0.00787402,-0.992126][35.9923,-37.0262,0][0.124036,-0.462428,-1.18375][0.110236,-0.0314961,-0.992126][35.9922,-37.0289,0][0.187051,-0.419836,-1.17575][0.15748,-0.00787402,-0.984252][35.9883,-37.0262,0][0.124036,-0.462428,-1.18375][0.110236,-0.0314961,-0.992126][35.9922,-37.0289,0][0.123638,-0.419852,-1.18408][0.102362,-0.00787402,-0.992126][35.9923,-37.0262,0][0.124036,-0.462428,-1.18375][0.110236,-0.0314961,-0.992126][35.9922,-37.0289,0][0.187051,-0.419836,-1.17575][0.15748,-0.00787402,-0.984252][35.9883,-37.0262,0][0.186835,-0.462428,-1.17549][0.165354,-0.0314961,-0.984252][35.9883,-37.0289,0][7.81774e-08,-0.380172,-1.19096][0,0,-1][36,-37.0238,0][-0.060972,-0.419874,-1.18906][-0.0551181,-0.00787402,-1][36.0038,-37.0262,0][-0.0613338,-0.380172,-1.1892][-0.0551181,0,-1][36.0038,-37.0238,0][-0.060972,-0.419874,-1.18906][-0.0551181,-0.00787402,-1][36.0038,-37.0262,0][7.81774e-08,-0.380172,-1.19096][0,0,-1][36,-37.0238,0][8.393e-08,-0.419898,-1.19078][0,-0.00787402,-1][36,-37.0262,0][7.81774e-08,-0.380172,-1.19096][0,0,-1][36,-37.0238,0][0.060972,-0.419874,-1.18906][0.0551181,-0.00787402,-1][35.9962,-37.0262,0][8.393e-08,-0.419898,-1.19078][0,-0.00787402,-1][36,-37.0262,0][7.81774e-08,-0.380172,-1.19096][0,0,-1][36,-37.0238,0][0.0613338,-0.380172,-1.1892][0.0551181,0,-1][35.9962,-37.0238,0][0.060972,-0.419874,-1.18906][0.0551181,-0.00787402,-1][35.9962,-37.0262,0][0.0613338,-0.380172,-1.1892][0.0551181,0,-1][35.9962,-37.0238,0][0.125345,-0.419858,-1.1839][0.102362,-0.00787402,-0.992126][35.9922,-37.0262,0][0.060972,-0.419874,-1.18906][0.0551181,-0.00787402,-1][35.9962,-37.0262,0][0.125737,-0.380172,-1.18403][0.110236,0,-0.992126][35.9921,-37.0238,0][0.125345,-0.419858,-1.1839][0.102362,-0.00787402,-0.992126][35.9922,-37.0262,0][0.0613338,-0.380172,-1.1892][0.0551181,0,-1][35.9962,-37.0238,0][0.125737,-0.380172,-1.18403][0.110236,0,-0.992126][35.9921,-37.0238,0][0.188141,-0.41984,-1.17558][0.15748,-0.00787402,-0.984252][35.9882,-37.0262,0][0.125345,-0.419858,-1.1839][0.102362,-0.00787402,-0.992126][35.9922,-37.0262,0][0.188141,-0.41984,-1.17558][0.15748,-0.00787402,-0.984252][35.9882,-37.0262,0][0.125737,-0.380172,-1.18403][0.110236,0,-0.992126][35.9921,-37.0238,0][0.18815,-0.38017,-1.17575][0.165354,0,-0.984252][35.9882,-37.0238,0][-0.684414,-0.854318,-0.839782][-0.503937,-0.322835,-0.80315][36.0428,-37.0534,0][-0.606394,-0.678058,-0.961778][-0.519685,-0.220472,-0.826772][36.0379,-37.0424,0][-0.526924,-0.73366,-0.994998][-0.464567,-0.283465,-0.834646][36.0329,-37.0459,0][-0.494716,-0.608598,-1.0336][-0.433071,-0.11811,-0.897638][36.0309,-37.038,0][-0.526924,-0.73366,-0.994998][-0.464567,-0.283465,-0.834646][36.0329,-37.0459,0][-0.606394,-0.678058,-0.961778][-0.519685,-0.220472,-0.826772][36.0379,-37.0424,0][-0.526924,-0.73366,-0.994998][-0.464567,-0.283465,-0.834646][36.0329,-37.0459,0][-0.498622,-0.854182,-0.96077][-0.448819,-0.346457,-0.818898][36.0312,-37.0534,0][-0.684414,-0.854318,-0.839782][-0.503937,-0.322835,-0.80315][36.0428,-37.0534,0][-0.362886,-0.532918,-1.09274][-0.338583,-0.0708661,-0.937008][36.0227,-37.0333,0][-0.409844,-0.638724,-1.06671][-0.362205,-0.141732,-0.92126][36.0256,-37.0399,0][-0.494716,-0.608598,-1.0336][-0.433071,-0.11811,-0.897638][36.0309,-37.038,0][-0.526924,-0.73366,-0.994998][-0.464567,-0.283465,-0.834646][36.0329,-37.0459,0][-0.494716,-0.608598,-1.0336][-0.433071,-0.11811,-0.897638][36.0309,-37.038,0][-0.409844,-0.638724,-1.06671][-0.362205,-0.141732,-0.92126][36.0256,-37.0399,0][-0.409844,-0.638724,-1.06671][-0.362205,-0.141732,-0.92126][36.0256,-37.0399,0][-0.362886,-0.532918,-1.09274][-0.338583,-0.0708661,-0.937008][36.0227,-37.0333,0][-0.286074,-0.536202,-1.1152][-0.283465,-0.0708661,-0.952756][36.0179,-37.0335,0][-0.498622,-0.854182,-0.96077][-0.448819,-0.346457,-0.818898][36.0312,-37.0534,0][-0.526924,-0.73366,-0.994998][-0.464567,-0.283465,-0.834646][36.0329,-37.0459,0][-0.408982,-0.751702,-1.04371][-0.370079,-0.291339,-0.88189][36.0256,-37.047,0][-0.409844,-0.638724,-1.06671][-0.362205,-0.141732,-0.92126][36.0256,-37.0399,0][-0.408982,-0.751702,-1.04371][-0.370079,-0.291339,-0.88189][36.0256,-37.047,0][-0.526924,-0.73366,-0.994998][-0.464567,-0.283465,-0.834646][36.0329,-37.0459,0][-0.408982,-0.751702,-1.04371][-0.370079,-0.291339,-0.88189][36.0256,-37.047,0][-0.351296,-0.854068,-1.02315][-0.307087,-0.370079,-0.88189][36.022,-37.0534,0][-0.498622,-0.854182,-0.96077][-0.448819,-0.346457,-0.818898][36.0312,-37.0534,0][-0.286074,-0.536202,-1.1152][-0.283465,-0.0708661,-0.952756][36.0179,-37.0335,0][-0.312,-0.645424,-1.09825][-0.283465,-0.149606,-0.944882][36.0195,-37.0403,0][-0.409844,-0.638724,-1.06671][-0.362205,-0.141732,-0.92126][36.0256,-37.0399,0][-0.408982,-0.751702,-1.04371][-0.370079,-0.291339,-0.88189][36.0256,-37.047,0][-0.409844,-0.638724,-1.06671][-0.362205,-0.141732,-0.92126][36.0256,-37.0399,0][-0.312,-0.645424,-1.09825][-0.283465,-0.149606,-0.944882][36.0195,-37.0403,0][-0.312,-0.645424,-1.09825][-0.283465,-0.149606,-0.944882][36.0195,-37.0403,0][-0.286074,-0.536202,-1.1152][-0.283465,-0.0708661,-0.952756][36.0179,-37.0335,0][-0.23093,-0.536322,-1.12792][-0.228346,-0.0787402,-0.968504][36.0144,-37.0335,0][-0.300018,-0.760256,-1.07731][-0.259843,-0.291339,-0.92126][36.0188,-37.0475,0][-0.351296,-0.854068,-1.02315][-0.307087,-0.370079,-0.88189][36.022,-37.0534,0][-0.408982,-0.751702,-1.04371][-0.370079,-0.291339,-0.88189][36.0256,-37.047,0][-0.312,-0.645424,-1.09825][-0.283465,-0.149606,-0.944882][36.0195,-37.0403,0][-0.300018,-0.760256,-1.07731][-0.259843,-0.291339,-0.92126][36.0188,-37.0475,0][-0.408982,-0.751702,-1.04371][-0.370079,-0.291339,-0.88189][36.0256,-37.047,0][-0.300018,-0.760256,-1.07731][-0.259843,-0.291339,-0.92126][36.0188,-37.0475,0][-0.217904,-0.853982,-1.05919][-0.19685,-0.377953,-0.905512][36.0136,-37.0534,0][-0.351296,-0.854068,-1.02315][-0.307087,-0.370079,-0.88189][36.022,-37.0534,0][-0.23093,-0.536322,-1.12792][-0.228346,-0.0787402,-0.968504][36.0144,-37.0335,0][-0.228504,-0.649298,-1.11796][-0.204724,-0.15748,-0.968504][36.0143,-37.0406,0][-0.312,-0.645424,-1.09825][-0.283465,-0.149606,-0.944882][36.0195,-37.0403,0][-0.300018,-0.760256,-1.07731][-0.259843,-0.291339,-0.92126][36.0188,-37.0475,0][-0.312,-0.645424,-1.09825][-0.283465,-0.149606,-0.944882][36.0195,-37.0403,0][-0.228504,-0.649298,-1.11796][-0.204724,-0.15748,-0.968504][36.0143,-37.0406,0][-0.228504,-0.649298,-1.11796][-0.204724,-0.15748,-0.968504][36.0143,-37.0406,0][-0.23093,-0.536322,-1.12792][-0.228346,-0.0787402,-0.968504][36.0144,-37.0335,0][-0.172806,-0.539048,-1.13819][-0.165354,-0.0787402,-0.984252][36.0108,-37.0337,0][-0.18944,-0.76716,-1.1001][-0.165354,-0.291339,-0.944882][36.0118,-37.0479,0][-0.217904,-0.853982,-1.05919][-0.19685,-0.377953,-0.905512][36.0136,-37.0534,0][-0.300018,-0.760256,-1.07731][-0.259843,-0.291339,-0.92126][36.0188,-37.0475,0][-0.228504,-0.649298,-1.11796][-0.204724,-0.15748,-0.968504][36.0143,-37.0406,0][-0.18944,-0.76716,-1.1001][-0.165354,-0.291339,-0.944882][36.0118,-37.0479,0][-0.300018,-0.760256,-1.07731][-0.259843,-0.291339,-0.92126][36.0188,-37.0475,0][-0.18944,-0.76716,-1.1001][-0.165354,-0.291339,-0.944882][36.0118,-37.0479,0][-0.107705,-0.853784,-1.07594][-0.0944882,-0.377953,-0.92126][36.0067,-37.0534,0][-0.217904,-0.853982,-1.05919][-0.19685,-0.377953,-0.905512][36.0136,-37.0534,0][-0.172806,-0.539048,-1.13819][-0.165354,-0.0787402,-0.984252][36.0108,-37.0337,0][-0.14471,-0.65174,-1.13128][-0.133858,-0.165354,-0.976378][36.009,-37.0407,0][-0.228504,-0.649298,-1.11796][-0.204724,-0.15748,-0.968504][36.0143,-37.0406,0][-0.18944,-0.76716,-1.1001][-0.165354,-0.291339,-0.944882][36.0118,-37.0479,0][-0.228504,-0.649298,-1.11796][-0.204724,-0.15748,-0.968504][36.0143,-37.0406,0][-0.14471,-0.65174,-1.13128][-0.133858,-0.165354,-0.976378][36.009,-37.0407,0][-0.0930842,-0.76895,-1.11189][-0.0787402,-0.291339,-0.952756][36.0058,-37.0481,0][-0.107705,-0.853784,-1.07594][-0.0944882,-0.377953,-0.92126][36.0067,-37.0534,0][-0.18944,-0.76716,-1.1001][-0.165354,-0.291339,-0.944882][36.0118,-37.0479,0][-0.14471,-0.65174,-1.13128][-0.133858,-0.165354,-0.976378][36.009,-37.0407,0][-0.0930842,-0.76895,-1.11189][-0.0787402,-0.291339,-0.952756][36.0058,-37.0481,0][-0.18944,-0.76716,-1.1001][-0.165354,-0.291339,-0.944882][36.0118,-37.0479,0][-0.0930842,-0.76895,-1.11189][-0.0787402,-0.291339,-0.952756][36.0058,-37.0481,0][-3.18488e-06,-0.853736,-1.08121][0,-0.377953,-0.92126][36,-37.0534,0][-0.107705,-0.853784,-1.07594][-0.0944882,-0.377953,-0.92126][36.0067,-37.0534,0][-0.0930842,-0.76895,-1.11189][-0.0787402,-0.291339,-0.952756][36.0058,-37.0481,0][-0.14471,-0.65174,-1.13128][-0.133858,-0.165354,-0.976378][36.009,-37.0407,0][-0.068964,-0.653956,-1.1383][-0.0629921,-0.165354,-0.984252][36.0043,-37.0409,0][-0.114696,-0.540842,-1.14544][-0.110236,-0.0787402,-0.992126][36.0072,-37.0338,0][-0.068964,-0.653956,-1.1383][-0.0629921,-0.165354,-0.984252][36.0043,-37.0409,0][-0.14471,-0.65174,-1.13128][-0.133858,-0.165354,-0.976378][36.009,-37.0407,0][-2.66112e-06,-0.768728,-1.11584][0,-0.299213,-0.952756][36,-37.048,0][-3.18488e-06,-0.853736,-1.08121][0,-0.377953,-0.92126][36,-37.0534,0][-0.0930842,-0.76895,-1.11189][-0.0787402,-0.291339,-0.952756][36.0058,-37.0481,0][-0.068964,-0.653956,-1.1383][-0.0629921,-0.165354,-0.984252][36.0043,-37.0409,0][-2.66112e-06,-0.768728,-1.11584][0,-0.299213,-0.952756][36,-37.048,0][-0.0930842,-0.76895,-1.11189][-0.0787402,-0.291339,-0.952756][36.0058,-37.0481,0][-0.068964,-0.653956,-1.1383][-0.0629921,-0.165354,-0.984252][36.0043,-37.0409,0][-0.114696,-0.540842,-1.14544][-0.110236,-0.0787402,-0.992126][36.0072,-37.0338,0][-0.0546922,-0.541278,-1.1497][-0.0551181,-0.0787402,-0.992126][36.0034,-37.0338,0][0.092994,-0.76897,-1.11189][0.0787402,-0.291339,-0.952756][35.9942,-37.0481,0][-3.18488e-06,-0.853736,-1.08121][0,-0.377953,-0.92126][36,-37.0534,0][-2.66112e-06,-0.768728,-1.11584][0,-0.299213,-0.952756][36,-37.048,0][-0.114696,-0.540842,-1.14544][-0.110236,-0.0787402,-0.992126][36.0072,-37.0338,0][-0.055075,-0.502008,-1.15109][-0.0472441,-0.023622,-1][36.0034,-37.0314,0][-0.0546922,-0.541278,-1.1497][-0.0551181,-0.0787402,-0.992126][36.0034,-37.0338,0][-3.18488e-06,-0.853736,-1.08121][0,-0.377953,-0.92126][36,-37.0534,0][0.092994,-0.76897,-1.11189][0.0787402,-0.291339,-0.952756][35.9942,-37.0481,0][0.107653,-0.853782,-1.07594][0.0944882,-0.377953,-0.92126][35.9933,-37.0534,0][-2.66112e-06,-0.768728,-1.11584][0,-0.299213,-0.952756][36,-37.048,0][-0.068964,-0.653956,-1.1383][-0.0629921,-0.165354,-0.984252][36.0043,-37.0409,0][-2.48384e-06,-0.65511,-1.14018][0,-0.165354,-0.984252][36,-37.0409,0][-0.0546922,-0.541278,-1.1497][-0.0551181,-0.0787402,-0.992126][36.0034,-37.0338,0][-2.48384e-06,-0.65511,-1.14018][0,-0.165354,-0.984252][36,-37.0409,0][-0.068964,-0.653956,-1.1383][-0.0629921,-0.165354,-0.984252][36.0043,-37.0409,0][-2.66112e-06,-0.768728,-1.11584][0,-0.299213,-0.952756][36,-37.048,0][0.0689166,-0.653968,-1.1383][0.0629921,-0.165354,-0.984252][35.9957,-37.0409,0][0.092994,-0.76897,-1.11189][0.0787402,-0.291339,-0.952756][35.9942,-37.0481,0][0.0689166,-0.653968,-1.1383][0.0629921,-0.165354,-0.984252][35.9957,-37.0409,0][-2.66112e-06,-0.768728,-1.11584][0,-0.299213,-0.952756][36,-37.048,0][-2.48384e-06,-0.65511,-1.14018][0,-0.165354,-0.984252][36,-37.0409,0][-2.48384e-06,-0.65511,-1.14018][0,-0.165354,-0.984252][36,-37.0409,0][-0.0546922,-0.541278,-1.1497][-0.0551181,-0.0787402,-0.992126][36.0034,-37.0338,0][-2.3851e-06,-0.541348,-1.15102][0,-0.0787402,-1][36,-37.0338,0][-2.3549e-06,-0.502102,-1.15223][0,-0.023622,-1][36,-37.0314,0][-0.0546922,-0.541278,-1.1497][-0.0551181,-0.0787402,-0.992126][36.0034,-37.0338,0][-0.055075,-0.502008,-1.15109][-0.0472441,-0.023622,-1][36.0034,-37.0314,0][-0.0546922,-0.541278,-1.1497][-0.0551181,-0.0787402,-0.992126][36.0034,-37.0338,0][-2.3549e-06,-0.502102,-1.15223][0,-0.023622,-1][36,-37.0314,0][-2.3851e-06,-0.541348,-1.15102][0,-0.0787402,-1][36,-37.0338,0][-0.055075,-0.502008,-1.15109][-0.0472441,-0.023622,-1][36.0034,-37.0314,0][-2.30282e-06,-0.468834,-1.15292][0,-0.00787402,-1][36,-37.0293,0][-2.3549e-06,-0.502102,-1.15223][0,-0.023622,-1][36,-37.0314,0][0.0546898,-0.541278,-1.1497][0.0551181,-0.0787402,-0.992126][35.9966,-37.0338,0][-2.48384e-06,-0.65511,-1.14018][0,-0.165354,-0.984252][36,-37.0409,0][-2.3851e-06,-0.541348,-1.15102][0,-0.0787402,-1][36,-37.0338,0][-2.48384e-06,-0.65511,-1.14018][0,-0.165354,-0.984252][36,-37.0409,0][0.0546898,-0.541278,-1.1497][0.0551181,-0.0787402,-0.992126][35.9966,-37.0338,0][0.0689166,-0.653968,-1.1383][0.0629921,-0.165354,-0.984252][35.9957,-37.0409,0][-2.3549e-06,-0.502102,-1.15223][0,-0.023622,-1][36,-37.0314,0][0.0546898,-0.541278,-1.1497][0.0551181,-0.0787402,-0.992126][35.9966,-37.0338,0][-2.3851e-06,-0.541348,-1.15102][0,-0.0787402,-1][36,-37.0338,0][-2.30282e-06,-0.468834,-1.15292][0,-0.00787402,-1][36,-37.0293,0][0.0550724,-0.502136,-1.15108][0.0472441,-0.023622,-1][35.9966,-37.0314,0][-2.3549e-06,-0.502102,-1.15223][0,-0.023622,-1][36,-37.0314,0][-2.3549e-06,-0.502102,-1.15223][0,-0.023622,-1][36,-37.0314,0][0.0550724,-0.502136,-1.15108][0.0472441,-0.023622,-1][35.9966,-37.0314,0][0.0546898,-0.541278,-1.1497][0.0551181,-0.0787402,-0.992126][35.9966,-37.0338,0][-2.30282e-06,-0.468834,-1.15292][0,-0.00787402,-1][36,-37.0293,0][0.0568338,-0.468852,-1.15147][0.0551181,-0.00787402,-1][35.9964,-37.0293,0][0.0550724,-0.502136,-1.15108][0.0472441,-0.023622,-1][35.9966,-37.0314,0][-2.32566e-06,-0.314888,-1.15337][0,0,-1][36,-37.0197,0][0.0568338,-0.468852,-1.15147][0.0551181,-0.00787402,-1][35.9964,-37.0293,0][-2.30282e-06,-0.468834,-1.15292][0,-0.00787402,-1][36,-37.0293,0][0.0550724,-0.502136,-1.15108][0.0472441,-0.023622,-1][35.9966,-37.0314,0][0.114694,-0.540842,-1.14544][0.110236,-0.0866142,-0.992126][35.9928,-37.0338,0][0.0546898,-0.541278,-1.1497][0.0551181,-0.0787402,-0.992126][35.9966,-37.0338,0][0.114694,-0.540842,-1.14544][0.110236,-0.0866142,-0.992126][35.9928,-37.0338,0][0.0689166,-0.653968,-1.1383][0.0629921,-0.165354,-0.984252][35.9957,-37.0409,0][0.0546898,-0.541278,-1.1497][0.0551181,-0.0787402,-0.992126][35.9966,-37.0338,0][0.0568338,-0.468852,-1.15147][0.0551181,-0.00787402,-1][35.9964,-37.0293,0][0.115031,-0.502108,-1.14668][0.0944882,-0.023622,-0.992126][35.9928,-37.0314,0][0.0550724,-0.502136,-1.15108][0.0472441,-0.023622,-1][35.9966,-37.0314,0][0.0550724,-0.502136,-1.15108][0.0472441,-0.023622,-1][35.9966,-37.0314,0][0.115031,-0.502108,-1.14668][0.0944882,-0.023622,-0.992126][35.9928,-37.0314,0][0.114694,-0.540842,-1.14544][0.110236,-0.0866142,-0.992126][35.9928,-37.0338,0][0.0677064,-0.315188,-1.15157][0.0629921,0,-1][35.9958,-37.0197,0][0.0568338,-0.468852,-1.15147][0.0551181,-0.00787402,-1][35.9964,-37.0293,0][-2.32566e-06,-0.314888,-1.15337][0,0,-1][36,-37.0197,0][-2.4434e-06,-0.142336,-1.15345][0,0,-1][36,-37.0089,0][0.0677064,-0.315188,-1.15157][0.0629921,0,-1][35.9958,-37.0197,0][-2.32566e-06,-0.314888,-1.15337][0,0,-1][36,-37.0197,0][0.115031,-0.502108,-1.14668][0.0944882,-0.023622,-0.992126][35.9928,-37.0314,0][0.0568338,-0.468852,-1.15147][0.0551181,-0.00787402,-1][35.9964,-37.0293,0][0.116318,-0.469314,-1.14717][0.110236,0,-0.992126][35.9927,-37.0293,0][0.0677064,-0.315188,-1.15157][0.0629921,0,-1][35.9958,-37.0197,0][0.116318,-0.469314,-1.14717][0.110236,0,-0.992126][35.9927,-37.0293,0][0.0568338,-0.468852,-1.15147][0.0551181,-0.00787402,-1][35.9964,-37.0293,0][0.0812864,-0.142948,-1.1507][0.0787402,0,-1][35.9949,-37.0089,0][0.0677064,-0.315188,-1.15157][0.0629921,0,-1][35.9958,-37.0197,0][-2.4434e-06,-0.142336,-1.15345][0,0,-1][36,-37.0089,0][-2.45308e-06,0.00726318,-1.15337][0,0,-1][36,-36.9995,0][0.0812864,-0.142948,-1.1507][0.0787402,0,-1][35.9949,-37.0089,0][-2.4434e-06,-0.142336,-1.15345][0,0,-1][36,-37.0089,0][0.092059,0.00726462,-1.14974][0.0866142,0,-1][35.9942,-36.9995,0][0.0812864,-0.142948,-1.1507][0.0787402,0,-1][35.9949,-37.0089,0][-2.45308e-06,0.00726318,-1.15337][0,0,-1][36,-36.9995,0][0.0812864,-0.142948,-1.1507][0.0787402,0,-1][35.9949,-37.0089,0][0.146018,-0.31529,-1.14416][0.133858,0,-0.992126][35.9909,-37.0197,0][0.0677064,-0.315188,-1.15157][0.0629921,0,-1][35.9958,-37.0197,0][0.146018,-0.31529,-1.14416][0.133858,0,-0.992126][35.9909,-37.0197,0][0.116318,-0.469314,-1.14717][0.110236,0,-0.992126][35.9927,-37.0293,0][0.0677064,-0.315188,-1.15157][0.0629921,0,-1][35.9958,-37.0197,0][0.092059,0.00726462,-1.14974][0.0866142,0,-1][35.9942,-36.9995,0][0.187549,-0.143548,-1.13818][0.165354,0,-0.984252][35.9883,-37.009,0][0.0812864,-0.142948,-1.1507][0.0787402,0,-1][35.9949,-37.0089,0][0.146018,-0.31529,-1.14416][0.133858,0,-0.992126][35.9909,-37.0197,0][0.0812864,-0.142948,-1.1507][0.0787402,0,-1][35.9949,-37.0089,0][0.187549,-0.143548,-1.13818][0.165354,0,-0.984252][35.9883,-37.009,0][0.187549,-0.143548,-1.13818][0.165354,0,-0.984252][35.9883,-37.009,0][0.092059,0.00726462,-1.14974][0.0866142,0,-1][35.9942,-36.9995,0][0.207506,0.0072608,-1.13465][0.188976,0.00787402,-0.984252][35.987,-36.9995,0][0.207506,0.0072608,-1.13465][0.188976,0.00787402,-0.984252][35.987,-36.9995,0][0.30319,-0.145163,-1.11294][0.275591,0.00787402,-0.96063][35.9811,-37.0091,0][0.187549,-0.143548,-1.13818][0.165354,0,-0.984252][35.9883,-37.009,0][0.352544,0.00725126,-1.09821][0.322835,0.00787402,-0.944882][35.978,-36.9995,0][0.30319,-0.145163,-1.11294][0.275591,0.00787402,-0.96063][35.9811,-37.0091,0][0.207506,0.0072608,-1.13465][0.188976,0.00787402,-0.984252][35.987,-36.9995,0][0.187549,-0.143548,-1.13818][0.165354,0,-0.984252][35.9883,-37.009,0][0.230042,-0.315614,-1.13037][0.212598,0,-0.976378][35.9856,-37.0197,0][0.146018,-0.31529,-1.14416][0.133858,0,-0.992126][35.9909,-37.0197,0][0.230042,-0.315614,-1.13037][0.212598,0,-0.976378][35.9856,-37.0197,0][0.187549,-0.143548,-1.13818][0.165354,0,-0.984252][35.9883,-37.009,0][0.30319,-0.145163,-1.11294][0.275591,0.00787402,-0.96063][35.9811,-37.0091,0][0.146018,-0.31529,-1.14416][0.133858,0,-0.992126][35.9909,-37.0197,0][0.174091,-0.470962,-1.13982][0.173228,-0.00787402,-0.984252][35.9891,-37.0294,0][0.116318,-0.469314,-1.14717][0.110236,0,-0.992126][35.9927,-37.0293,0][0.174091,-0.470962,-1.13982][0.173228,-0.00787402,-0.984252][35.9891,-37.0294,0][0.146018,-0.31529,-1.14416][0.133858,0,-0.992126][35.9909,-37.0197,0][0.230042,-0.315614,-1.13037][0.212598,0,-0.976378][35.9856,-37.0197,0][0.173269,-0.50226,-1.13936][0.149606,-0.023622,-0.992126][35.9892,-37.0314,0][0.116318,-0.469314,-1.14717][0.110236,0,-0.992126][35.9927,-37.0293,0][0.174091,-0.470962,-1.13982][0.173228,-0.00787402,-0.984252][35.9891,-37.0294,0][0.116318,-0.469314,-1.14717][0.110236,0,-0.992126][35.9927,-37.0293,0][0.173269,-0.50226,-1.13936][0.149606,-0.023622,-0.992126][35.9892,-37.0314,0][0.115031,-0.502108,-1.14668][0.0944882,-0.023622,-0.992126][35.9928,-37.0314,0][0.352544,0.00725126,-1.09821][0.322835,0.00787402,-0.944882][35.978,-36.9995,0][0.431726,-0.150029,-1.06943][0.393701,0.00787402,-0.92126][35.973,-37.0094,0][0.30319,-0.145163,-1.11294][0.275591,0.00787402,-0.96063][35.9811,-37.0091,0][0.550268,0.00733184,-1.01342][0.472441,0.00787402,-0.88189][35.9656,-36.9995,0][0.431726,-0.150029,-1.06943][0.393701,0.00787402,-0.92126][35.973,-37.0094,0][0.352544,0.00725126,-1.09821][0.322835,0.00787402,-0.944882][35.978,-36.9995,0][0.312464,-0.31999,-1.11039][0.299213,0,-0.952756][35.9805,-37.02,0][0.230042,-0.315614,-1.13037][0.212598,0,-0.976378][35.9856,-37.0197,0][0.30319,-0.145163,-1.11294][0.275591,0.00787402,-0.96063][35.9811,-37.0091,0][0.431726,-0.150029,-1.06943][0.393701,0.00787402,-0.92126][35.973,-37.0094,0][0.312464,-0.31999,-1.11039][0.299213,0,-0.952756][35.9805,-37.02,0][0.30319,-0.145163,-1.11294][0.275591,0.00787402,-0.96063][35.9811,-37.0091,0][0.562338,-0.174744,-1.00683][0.503937,0.00787402,-0.866142][35.9649,-37.0109,0][0.431726,-0.150029,-1.06943][0.393701,0.00787402,-0.92126][35.973,-37.0094,0][0.550268,0.00733184,-1.01342][0.472441,0.00787402,-0.88189][35.9656,-36.9995,0][0.736938,0.00733232,-0.8881][0.535433,0.00787402,-0.84252][35.9539,-36.9995,0][0.562338,-0.174744,-1.00683][0.503937,0.00787402,-0.866142][35.9649,-37.0109,0][0.550268,0.00733184,-1.01342][0.472441,0.00787402,-0.88189][35.9656,-36.9995,0][0.431726,-0.150029,-1.06943][0.393701,0.00787402,-0.92126][35.973,-37.0094,0][0.410848,-0.334676,-1.07769][0.377953,0,-0.92126][35.9743,-37.0209,0][0.312464,-0.31999,-1.11039][0.299213,0,-0.952756][35.9805,-37.02,0][0.410848,-0.334676,-1.07769][0.377953,0,-0.92126][35.9743,-37.0209,0][0.431726,-0.150029,-1.06943][0.393701,0.00787402,-0.92126][35.973,-37.0094,0][0.562338,-0.174744,-1.00683][0.503937,0.00787402,-0.866142][35.9649,-37.0109,0][0.735706,-0.201056,-0.889036][0.566929,0.00787402,-0.818898][35.954,-37.0126,0][0.562338,-0.174744,-1.00683][0.503937,0.00787402,-0.866142][35.9649,-37.0109,0][0.736938,0.00733232,-0.8881][0.535433,0.00787402,-0.84252][35.9539,-36.9995,0][0.29207,-0.475338,-1.11527][0.299213,-0.00787402,-0.952756][35.9817,-37.0297,0][0.312464,-0.31999,-1.11039][0.299213,0,-0.952756][35.9805,-37.02,0][0.410848,-0.334676,-1.07769][0.377953,0,-0.92126][35.9743,-37.0209,0][0.312464,-0.31999,-1.11039][0.299213,0,-0.952756][35.9805,-37.02,0][0.232962,-0.473488,-1.1292][0.23622,-0.00787402,-0.968504][35.9854,-37.0296,0][0.230042,-0.315614,-1.13037][0.212598,0,-0.976378][35.9856,-37.0197,0][0.312464,-0.31999,-1.11039][0.299213,0,-0.952756][35.9805,-37.02,0][0.29207,-0.475338,-1.11527][0.299213,-0.00787402,-0.952756][35.9817,-37.0297,0][0.232962,-0.473488,-1.1292][0.23622,-0.00787402,-0.968504][35.9854,-37.0296,0][0.232962,-0.473488,-1.1292][0.23622,-0.00787402,-0.968504][35.9854,-37.0296,0][0.174091,-0.470962,-1.13982][0.173228,-0.00787402,-0.984252][35.9891,-37.0294,0][0.230042,-0.315614,-1.13037][0.212598,0,-0.976378][35.9856,-37.0197,0][0.562338,-0.174744,-1.00683][0.503937,0.00787402,-0.866142][35.9649,-37.0109,0][0.735706,-0.201056,-0.889036][0.566929,0.00787402,-0.818898][35.954,-37.0126,0][0.624426,-0.26817,-0.969214][0.535433,0.00787402,-0.84252][35.961,-37.0168,0][0.624426,-0.26817,-0.969214][0.535433,0.00787402,-0.84252][35.961,-37.0168,0][0.735706,-0.201056,-0.889036][0.566929,0.00787402,-0.818898][35.954,-37.0126,0][0.735436,-0.340884,-0.88917][0.590551,0,-0.811024][35.954,-37.0213,0][0.562338,-0.174744,-1.00683][0.503937,0.00787402,-0.866142][35.9649,-37.0109,0][0.495226,-0.3749,-1.04135][0.440945,0,-0.897638][35.969,-37.0234,0][0.410848,-0.334676,-1.07769][0.377953,0,-0.92126][35.9743,-37.0209,0][0.495226,-0.3749,-1.04135][0.440945,0,-0.897638][35.969,-37.0234,0][0.562338,-0.174744,-1.00683][0.503937,0.00787402,-0.866142][35.9649,-37.0109,0][0.624426,-0.26817,-0.969214][0.535433,0.00787402,-0.84252][35.961,-37.0168,0][0.624426,-0.26817,-0.969214][0.535433,0.00787402,-0.84252][35.961,-37.0168,0][0.735436,-0.340884,-0.88917][0.590551,0,-0.811024][35.954,-37.0213,0][0.656446,-0.378464,-0.94773][0.559055,0,-0.834646][35.959,-37.0237,0][0.656446,-0.378464,-0.94773][0.559055,0,-0.834646][35.959,-37.0237,0][0.495226,-0.3749,-1.04135][0.440945,0,-0.897638][35.969,-37.0234,0][0.624426,-0.26817,-0.969214][0.535433,0.00787402,-0.84252][35.961,-37.0168,0][0.735276,-0.47501,-0.88896][0.598425,-0.023622,-0.80315][35.954,-37.0297,0][0.656446,-0.378464,-0.94773][0.559055,0,-0.834646][35.959,-37.0237,0][0.735436,-0.340884,-0.88917][0.590551,0,-0.811024][35.954,-37.0213,0][0.362838,-0.478058,-1.09427][0.346457,-0.00787402,-0.937008][35.9773,-37.0299,0][0.410848,-0.334676,-1.07769][0.377953,0,-0.92126][35.9743,-37.0209,0][0.495226,-0.3749,-1.04135][0.440945,0,-0.897638][35.969,-37.0234,0][0.410848,-0.334676,-1.07769][0.377953,0,-0.92126][35.9743,-37.0209,0][0.362838,-0.478058,-1.09427][0.346457,-0.00787402,-0.937008][35.9773,-37.0299,0][0.29207,-0.475338,-1.11527][0.299213,-0.00787402,-0.952756][35.9817,-37.0297,0][0.656446,-0.378464,-0.94773][0.559055,0,-0.834646][35.959,-37.0237,0][0.735276,-0.47501,-0.88896][0.598425,-0.023622,-0.80315][35.954,-37.0297,0][0.662018,-0.489796,-0.943296][0.566929,-0.023622,-0.818898][35.9586,-37.0306,0][0.735276,-0.47501,-0.88896][0.598425,-0.023622,-0.80315][35.954,-37.0297,0][0.731182,-0.608852,-0.884136][0.590551,-0.11811,-0.795276][35.9543,-37.0381,0][0.662018,-0.489796,-0.943296][0.566929,-0.023622,-0.818898][35.9586,-37.0306,0][0.495226,-0.3749,-1.04135][0.440945,0,-0.897638][35.969,-37.0234,0][0.656446,-0.378464,-0.94773][0.559055,0,-0.834646][35.959,-37.0237,0][0.548266,-0.42929,-1.01428][0.480315,0,-0.874016][35.9657,-37.0268,0][0.662018,-0.489796,-0.943296][0.566929,-0.023622,-0.818898][35.9586,-37.0306,0][0.548266,-0.42929,-1.01428][0.480315,0,-0.874016][35.9657,-37.0268,0][0.656446,-0.378464,-0.94773][0.559055,0,-0.834646][35.959,-37.0237,0][0.495226,-0.3749,-1.04135][0.440945,0,-0.897638][35.969,-37.0234,0][0.430228,-0.48193,-1.06937][0.401575,-0.00787402,-0.913386][35.9731,-37.0301,0][0.362838,-0.478058,-1.09427][0.346457,-0.00787402,-0.937008][35.9773,-37.0299,0][0.430228,-0.48193,-1.06937][0.401575,-0.00787402,-0.913386][35.9731,-37.0301,0][0.495226,-0.3749,-1.04135][0.440945,0,-0.897638][35.969,-37.0234,0][0.548266,-0.42929,-1.01428][0.480315,0,-0.874016][35.9657,-37.0268,0][0.548266,-0.42929,-1.01428][0.480315,0,-0.874016][35.9657,-37.0268,0][0.662018,-0.489796,-0.943296][0.566929,-0.023622,-0.818898][35.9586,-37.0306,0][0.57677,-0.496222,-0.997588][0.503937,-0.023622,-0.858268][35.964,-37.031,0][0.731182,-0.608852,-0.884136][0.590551,-0.11811,-0.795276][35.9543,-37.0381,0][0.650328,-0.586324,-0.946308][0.559055,-0.102362,-0.818898][35.9594,-37.0366,0][0.662018,-0.489796,-0.943296][0.566929,-0.023622,-0.818898][35.9586,-37.0306,0][0.57677,-0.496222,-0.997588][0.503937,-0.023622,-0.858268][35.964,-37.031,0][0.662018,-0.489796,-0.943296][0.566929,-0.023622,-0.818898][35.9586,-37.0306,0][0.650328,-0.586324,-0.946308][0.559055,-0.102362,-0.818898][35.9594,-37.0366,0][0.731182,-0.608852,-0.884136][0.590551,-0.11811,-0.795276][35.9543,-37.0381,0][0.606494,-0.677782,-0.961768][0.519685,-0.220472,-0.826772][35.9621,-37.0424,0][0.650328,-0.586324,-0.946308][0.559055,-0.102362,-0.818898][35.9594,-37.0366,0][0.731182,-0.608852,-0.884136][0.590551,-0.11811,-0.795276][35.9543,-37.0381,0][0.71603,-0.742752,-0.86743][0.543307,-0.267717,-0.795276][35.9552,-37.0464,0][0.606494,-0.677782,-0.961768][0.519685,-0.220472,-0.826772][35.9621,-37.0424,0][0.650328,-0.586324,-0.946308][0.559055,-0.102362,-0.818898][35.9594,-37.0366,0][0.55247,-0.55747,-1.00864][0.480315,-0.0787402,-0.874016][35.9655,-37.0348,0][0.57677,-0.496222,-0.997588][0.503937,-0.023622,-0.858268][35.964,-37.031,0][0.650328,-0.586324,-0.946308][0.559055,-0.102362,-0.818898][35.9594,-37.0366,0][0.606494,-0.677782,-0.961768][0.519685,-0.220472,-0.826772][35.9621,-37.0424,0][0.55247,-0.55747,-1.00864][0.480315,-0.0787402,-0.874016][35.9655,-37.0348,0][0.684412,-0.854316,-0.83978][0.503937,-0.322835,-0.80315][35.9572,-37.0534,0][0.606494,-0.677782,-0.961768][0.519685,-0.220472,-0.826772][35.9621,-37.0424,0][0.71603,-0.742752,-0.86743][0.543307,-0.267717,-0.795276][35.9552,-37.0464,0][0.475974,-0.50328,-1.0493][0.440945,-0.023622,-0.897638][35.9703,-37.0315,0][0.548266,-0.42929,-1.01428][0.480315,0,-0.874016][35.9657,-37.0268,0][0.57677,-0.496222,-0.997588][0.503937,-0.023622,-0.858268][35.964,-37.031,0][0.55247,-0.55747,-1.00864][0.480315,-0.0787402,-0.874016][35.9655,-37.0348,0][0.475974,-0.50328,-1.0493][0.440945,-0.023622,-0.897638][35.9703,-37.0315,0][0.57677,-0.496222,-0.997588][0.503937,-0.023622,-0.858268][35.964,-37.031,0][0.548266,-0.42929,-1.01428][0.480315,0,-0.874016][35.9657,-37.0268,0][0.475974,-0.50328,-1.0493][0.440945,-0.023622,-0.897638][35.9703,-37.0315,0][0.430228,-0.48193,-1.06937][0.401575,-0.00787402,-0.913386][35.9731,-37.0301,0][0.430228,-0.48193,-1.06937][0.401575,-0.00787402,-0.913386][35.9731,-37.0301,0][0.475974,-0.50328,-1.0493][0.440945,-0.023622,-0.897638][35.9703,-37.0315,0][0.367514,-0.502586,-1.09219][0.362205,-0.023622,-0.929134][35.977,-37.0314,0][0.475974,-0.50328,-1.0493][0.440945,-0.023622,-0.897638][35.9703,-37.0315,0][0.55247,-0.55747,-1.00864][0.480315,-0.0787402,-0.874016][35.9655,-37.0348,0][0.430016,-0.527282,-1.06824][0.393701,-0.0551181,-0.913386][35.9731,-37.033,0][0.367514,-0.502586,-1.09219][0.362205,-0.023622,-0.929134][35.977,-37.0314,0][0.475974,-0.50328,-1.0493][0.440945,-0.023622,-0.897638][35.9703,-37.0315,0][0.430016,-0.527282,-1.06824][0.393701,-0.0551181,-0.913386][35.9731,-37.033,0][0.358742,-0.502616,-1.09506][0.330709,-0.023622,-0.944882][35.9776,-37.0314,0][0.430228,-0.48193,-1.06937][0.401575,-0.00787402,-0.913386][35.9731,-37.0301,0][0.367514,-0.502586,-1.09219][0.362205,-0.023622,-0.929134][35.977,-37.0314,0][0.430016,-0.527282,-1.06824][0.393701,-0.0551181,-0.913386][35.9731,-37.033,0][0.358742,-0.502616,-1.09506][0.330709,-0.023622,-0.944882][35.9776,-37.0314,0][0.367514,-0.502586,-1.09219][0.362205,-0.023622,-0.929134][35.977,-37.0314,0][0.430228,-0.48193,-1.06937][0.401575,-0.00787402,-0.913386][35.9731,-37.0301,0][0.358742,-0.502616,-1.09506][0.330709,-0.023622,-0.944882][35.9776,-37.0314,0][0.362838,-0.478058,-1.09427][0.346457,-0.00787402,-0.937008][35.9773,-37.0299,0][0.494744,-0.608502,-1.03359][0.433071,-0.11811,-0.897638][35.9691,-37.038,0][0.430016,-0.527282,-1.06824][0.393701,-0.0551181,-0.913386][35.9731,-37.033,0][0.55247,-0.55747,-1.00864][0.480315,-0.0787402,-0.874016][35.9655,-37.0348,0][0.606494,-0.677782,-0.961768][0.519685,-0.220472,-0.826772][35.9621,-37.0424,0][0.494744,-0.608502,-1.03359][0.433071,-0.11811,-0.897638][35.9691,-37.038,0][0.55247,-0.55747,-1.00864][0.480315,-0.0787402,-0.874016][35.9655,-37.0348,0][0.358742,-0.502616,-1.09506][0.330709,-0.023622,-0.944882][35.9776,-37.0314,0][0.430016,-0.527282,-1.06824][0.393701,-0.0551181,-0.913386][35.9731,-37.033,0][0.362882,-0.532918,-1.09274][0.338583,-0.0708661,-0.937008][35.9773,-37.0333,0][0.494744,-0.608502,-1.03359][0.433071,-0.11811,-0.897638][35.9691,-37.038,0][0.362882,-0.532918,-1.09274][0.338583,-0.0708661,-0.937008][35.9773,-37.0333,0][0.430016,-0.527282,-1.06824][0.393701,-0.0551181,-0.913386][35.9731,-37.033,0][0.358742,-0.502616,-1.09506][0.330709,-0.023622,-0.944882][35.9776,-37.0314,0][0.317588,-0.501884,-1.10782][0.283465,-0.0314961,-0.96063][35.9802,-37.0314,0][0.362838,-0.478058,-1.09427][0.346457,-0.00787402,-0.937008][35.9773,-37.0299,0][0.362882,-0.532918,-1.09274][0.338583,-0.0708661,-0.937008][35.9773,-37.0333,0][0.317588,-0.501884,-1.10782][0.283465,-0.0314961,-0.96063][35.9802,-37.0314,0][0.358742,-0.502616,-1.09506][0.330709,-0.023622,-0.944882][35.9776,-37.0314,0][0.317588,-0.501884,-1.10782][0.283465,-0.0314961,-0.96063][35.9802,-37.0314,0][0.29207,-0.475338,-1.11527][0.299213,-0.00787402,-0.952756][35.9817,-37.0297,0][0.362838,-0.478058,-1.09427][0.346457,-0.00787402,-0.937008][35.9773,-37.0299,0][0.606494,-0.677782,-0.961768][0.519685,-0.220472,-0.826772][35.9621,-37.0424,0][0.684412,-0.854316,-0.83978][0.503937,-0.322835,-0.80315][35.9572,-37.0534,0][0.527042,-0.733736,-0.994912][0.464567,-0.283465,-0.834646][35.9671,-37.0459,0][0.527042,-0.733736,-0.994912][0.464567,-0.283465,-0.834646][35.9671,-37.0459,0][0.494744,-0.608502,-1.03359][0.433071,-0.11811,-0.897638][35.9691,-37.038,0][0.606494,-0.677782,-0.961768][0.519685,-0.220472,-0.826772][35.9621,-37.0424,0][0.498598,-0.854182,-0.960778][0.448819,-0.346457,-0.818898][35.9688,-37.0534,0][0.527042,-0.733736,-0.994912][0.464567,-0.283465,-0.834646][35.9671,-37.0459,0][0.684412,-0.854316,-0.83978][0.503937,-0.322835,-0.80315][35.9572,-37.0534,0][0.40997,-0.638864,-1.06664][0.362205,-0.141732,-0.92126][35.9744,-37.0399,0][0.362882,-0.532918,-1.09274][0.338583,-0.0708661,-0.937008][35.9773,-37.0333,0][0.494744,-0.608502,-1.03359][0.433071,-0.11811,-0.897638][35.9691,-37.038,0][0.494744,-0.608502,-1.03359][0.433071,-0.11811,-0.897638][35.9691,-37.038,0][0.527042,-0.733736,-0.994912][0.464567,-0.283465,-0.834646][35.9671,-37.0459,0][0.40997,-0.638864,-1.06664][0.362205,-0.141732,-0.92126][35.9744,-37.0399,0][0.527042,-0.733736,-0.994912][0.464567,-0.283465,-0.834646][35.9671,-37.0459,0][0.498598,-0.854182,-0.960778][0.448819,-0.346457,-0.818898][35.9688,-37.0534,0][0.408978,-0.751766,-1.04369][0.370079,-0.291339,-0.88189][35.9744,-37.047,0][0.408978,-0.751766,-1.04369][0.370079,-0.291339,-0.88189][35.9744,-37.047,0][0.40997,-0.638864,-1.06664][0.362205,-0.141732,-0.92126][35.9744,-37.0399,0][0.527042,-0.733736,-0.994912][0.464567,-0.283465,-0.834646][35.9671,-37.0459,0][0.351462,-0.854066,-1.02309][0.307087,-0.370079,-0.88189][35.978,-37.0534,0][0.408978,-0.751766,-1.04369][0.370079,-0.291339,-0.88189][35.9744,-37.047,0][0.498598,-0.854182,-0.960778][0.448819,-0.346457,-0.818898][35.9688,-37.0534,0][0.362882,-0.532918,-1.09274][0.338583,-0.0708661,-0.937008][35.9773,-37.0333,0][0.40997,-0.638864,-1.06664][0.362205,-0.141732,-0.92126][35.9744,-37.0399,0][0.286068,-0.536202,-1.1152][0.283465,-0.0708661,-0.952756][35.9821,-37.0335,0][0.286068,-0.536202,-1.1152][0.283465,-0.0708661,-0.952756][35.9821,-37.0335,0][0.317588,-0.501884,-1.10782][0.283465,-0.0314961,-0.96063][35.9802,-37.0314,0][0.362882,-0.532918,-1.09274][0.338583,-0.0708661,-0.937008][35.9773,-37.0333,0][0.40997,-0.638864,-1.06664][0.362205,-0.141732,-0.92126][35.9744,-37.0399,0][0.408978,-0.751766,-1.04369][0.370079,-0.291339,-0.88189][35.9744,-37.047,0][0.311868,-0.645482,-1.09826][0.283465,-0.149606,-0.944882][35.9805,-37.0403,0][0.311868,-0.645482,-1.09826][0.283465,-0.149606,-0.944882][35.9805,-37.0403,0][0.286068,-0.536202,-1.1152][0.283465,-0.0708661,-0.952756][35.9821,-37.0335,0][0.40997,-0.638864,-1.06664][0.362205,-0.141732,-0.92126][35.9744,-37.0399,0][0.300372,-0.76017,-1.07723][0.259843,-0.291339,-0.92126][35.9812,-37.0475,0][0.408978,-0.751766,-1.04369][0.370079,-0.291339,-0.88189][35.9744,-37.047,0][0.351462,-0.854066,-1.02309][0.307087,-0.370079,-0.88189][35.978,-37.0534,0][0.300372,-0.76017,-1.07723][0.259843,-0.291339,-0.92126][35.9812,-37.0475,0][0.311868,-0.645482,-1.09826][0.283465,-0.149606,-0.944882][35.9805,-37.0403,0][0.408978,-0.751766,-1.04369][0.370079,-0.291339,-0.88189][35.9744,-37.047,0][0.218168,-0.853982,-1.05913][0.19685,-0.377953,-0.905512][35.9864,-37.0534,0][0.300372,-0.76017,-1.07723][0.259843,-0.291339,-0.92126][35.9812,-37.0475,0][0.351462,-0.854066,-1.02309][0.307087,-0.370079,-0.88189][35.978,-37.0534,0][0.29207,-0.475338,-1.11527][0.299213,-0.00787402,-0.952756][35.9817,-37.0297,0][0.317588,-0.501884,-1.10782][0.283465,-0.0314961,-0.96063][35.9802,-37.0314,0][0.280884,-0.50237,-1.11763][0.244094,-0.023622,-0.968504][35.9824,-37.0314,0][0.317588,-0.501884,-1.10782][0.283465,-0.0314961,-0.96063][35.9802,-37.0314,0][0.286068,-0.536202,-1.1152][0.283465,-0.0708661,-0.952756][35.9821,-37.0335,0][0.280884,-0.50237,-1.11763][0.244094,-0.023622,-0.968504][35.9824,-37.0314,0][0.280884,-0.50237,-1.11763][0.244094,-0.023622,-0.968504][35.9824,-37.0314,0][0.232962,-0.473488,-1.1292][0.23622,-0.00787402,-0.968504][35.9854,-37.0296,0][0.29207,-0.475338,-1.11527][0.299213,-0.00787402,-0.952756][35.9817,-37.0297,0][0.286068,-0.536202,-1.1152][0.283465,-0.0708661,-0.952756][35.9821,-37.0335,0][0.311868,-0.645482,-1.09826][0.283465,-0.149606,-0.944882][35.9805,-37.0403,0][0.230926,-0.536322,-1.12792][0.228346,-0.0787402,-0.968504][35.9856,-37.0335,0][0.230926,-0.536322,-1.12792][0.228346,-0.0787402,-0.968504][35.9856,-37.0335,0][0.280884,-0.50237,-1.11763][0.244094,-0.023622,-0.968504][35.9824,-37.0314,0][0.286068,-0.536202,-1.1152][0.283465,-0.0708661,-0.952756][35.9821,-37.0335,0][0.232962,-0.473488,-1.1292][0.23622,-0.00787402,-0.968504][35.9854,-37.0296,0][0.280884,-0.50237,-1.11763][0.244094,-0.023622,-0.968504][35.9824,-37.0314,0][0.226602,-0.502404,-1.12994][0.19685,-0.023622,-0.976378][35.9858,-37.0314,0][0.280884,-0.50237,-1.11763][0.244094,-0.023622,-0.968504][35.9824,-37.0314,0][0.230926,-0.536322,-1.12792][0.228346,-0.0787402,-0.968504][35.9856,-37.0335,0][0.226602,-0.502404,-1.12994][0.19685,-0.023622,-0.976378][35.9858,-37.0314,0][0.226602,-0.502404,-1.12994][0.19685,-0.023622,-0.976378][35.9858,-37.0314,0][0.174091,-0.470962,-1.13982][0.173228,-0.00787402,-0.984252][35.9891,-37.0294,0][0.232962,-0.473488,-1.1292][0.23622,-0.00787402,-0.968504][35.9854,-37.0296,0][0.174091,-0.470962,-1.13982][0.173228,-0.00787402,-0.984252][35.9891,-37.0294,0][0.226602,-0.502404,-1.12994][0.19685,-0.023622,-0.976378][35.9858,-37.0314,0][0.173269,-0.50226,-1.13936][0.149606,-0.023622,-0.992126][35.9892,-37.0314,0][0.226602,-0.502404,-1.12994][0.19685,-0.023622,-0.976378][35.9858,-37.0314,0][0.172801,-0.539048,-1.13819][0.165354,-0.0787402,-0.984252][35.9892,-37.0337,0][0.173269,-0.50226,-1.13936][0.149606,-0.023622,-0.992126][35.9892,-37.0314,0][0.172801,-0.539048,-1.13819][0.165354,-0.0787402,-0.984252][35.9892,-37.0337,0][0.226602,-0.502404,-1.12994][0.19685,-0.023622,-0.976378][35.9858,-37.0314,0][0.230926,-0.536322,-1.12792][0.228346,-0.0787402,-0.968504][35.9856,-37.0335,0][0.115031,-0.502108,-1.14668][0.0944882,-0.023622,-0.992126][35.9928,-37.0314,0][0.173269,-0.50226,-1.13936][0.149606,-0.023622,-0.992126][35.9892,-37.0314,0][0.172801,-0.539048,-1.13819][0.165354,-0.0787402,-0.984252][35.9892,-37.0337,0][0.115031,-0.502108,-1.14668][0.0944882,-0.023622,-0.992126][35.9928,-37.0314,0][0.172801,-0.539048,-1.13819][0.165354,-0.0787402,-0.984252][35.9892,-37.0337,0][0.114694,-0.540842,-1.14544][0.110236,-0.0866142,-0.992126][35.9928,-37.0338,0][0.22868,-0.649242,-1.11793][0.204724,-0.15748,-0.968504][35.9857,-37.0406,0][0.230926,-0.536322,-1.12792][0.228346,-0.0787402,-0.968504][35.9856,-37.0335,0][0.311868,-0.645482,-1.09826][0.283465,-0.149606,-0.944882][35.9805,-37.0403,0][0.230926,-0.536322,-1.12792][0.228346,-0.0787402,-0.968504][35.9856,-37.0335,0][0.22868,-0.649242,-1.11793][0.204724,-0.15748,-0.968504][35.9857,-37.0406,0][0.172801,-0.539048,-1.13819][0.165354,-0.0787402,-0.984252][35.9892,-37.0337,0][0.311868,-0.645482,-1.09826][0.283465,-0.149606,-0.944882][35.9805,-37.0403,0][0.300372,-0.76017,-1.07723][0.259843,-0.291339,-0.92126][35.9812,-37.0475,0][0.22868,-0.649242,-1.11793][0.204724,-0.15748,-0.968504][35.9857,-37.0406,0][0.172801,-0.539048,-1.13819][0.165354,-0.0787402,-0.984252][35.9892,-37.0337,0][0.144951,-0.651778,-1.13124][0.133858,-0.165354,-0.976378][35.9909,-37.0407,0][0.114694,-0.540842,-1.14544][0.110236,-0.0866142,-0.992126][35.9928,-37.0338,0][0.144951,-0.651778,-1.13124][0.133858,-0.165354,-0.976378][35.9909,-37.0407,0][0.172801,-0.539048,-1.13819][0.165354,-0.0787402,-0.984252][35.9892,-37.0337,0][0.22868,-0.649242,-1.11793][0.204724,-0.15748,-0.968504][35.9857,-37.0406,0][0.0689166,-0.653968,-1.1383][0.0629921,-0.165354,-0.984252][35.9957,-37.0409,0][0.114694,-0.540842,-1.14544][0.110236,-0.0866142,-0.992126][35.9928,-37.0338,0][0.144951,-0.651778,-1.13124][0.133858,-0.165354,-0.976378][35.9909,-37.0407,0][0.144951,-0.651778,-1.13124][0.133858,-0.165354,-0.976378][35.9909,-37.0407,0][0.092994,-0.76897,-1.11189][0.0787402,-0.291339,-0.952756][35.9942,-37.0481,0][0.0689166,-0.653968,-1.1383][0.0629921,-0.165354,-0.984252][35.9957,-37.0409,0][0.22868,-0.649242,-1.11793][0.204724,-0.15748,-0.968504][35.9857,-37.0406,0][0.189914,-0.76721,-1.1][0.165354,-0.291339,-0.944882][35.9881,-37.048,0][0.144951,-0.651778,-1.13124][0.133858,-0.165354,-0.976378][35.9909,-37.0407,0][0.092994,-0.76897,-1.11189][0.0787402,-0.291339,-0.952756][35.9942,-37.0481,0][0.144951,-0.651778,-1.13124][0.133858,-0.165354,-0.976378][35.9909,-37.0407,0][0.189914,-0.76721,-1.1][0.165354,-0.291339,-0.944882][35.9881,-37.048,0][0.189914,-0.76721,-1.1][0.165354,-0.291339,-0.944882][35.9881,-37.048,0][0.22868,-0.649242,-1.11793][0.204724,-0.15748,-0.968504][35.9857,-37.0406,0][0.300372,-0.76017,-1.07723][0.259843,-0.291339,-0.92126][35.9812,-37.0475,0][0.189914,-0.76721,-1.1][0.165354,-0.291339,-0.944882][35.9881,-37.048,0][0.107653,-0.853782,-1.07594][0.0944882,-0.377953,-0.92126][35.9933,-37.0534,0][0.092994,-0.76897,-1.11189][0.0787402,-0.291339,-0.952756][35.9942,-37.0481,0][0.300372,-0.76017,-1.07723][0.259843,-0.291339,-0.92126][35.9812,-37.0475,0][0.218168,-0.853982,-1.05913][0.19685,-0.377953,-0.905512][35.9864,-37.0534,0][0.189914,-0.76721,-1.1][0.165354,-0.291339,-0.944882][35.9881,-37.048,0][0.107653,-0.853782,-1.07594][0.0944882,-0.377953,-0.92126][35.9933,-37.0534,0][0.189914,-0.76721,-1.1][0.165354,-0.291339,-0.944882][35.9881,-37.048,0][0.218168,-0.853982,-1.05913][0.19685,-0.377953,-0.905512][35.9864,-37.0534,0][-0.64212,-0.540822,-0.99907][-0.543307,-0.0551181,-0.834646][36.0401,-37.0338,0][-0.785016,-0.494792,-0.896092][-0.661417,-0.0314961,-0.748031][36.0491,-37.0309,0][-0.673474,-0.443424,-0.98094][-0.566929,-0.015748,-0.826772][36.0421,-37.0277,0][-0.541804,-0.417192,-1.05966][-0.488189,-0.00787402,-0.874016][36.0339,-37.0261,0][-0.64212,-0.540822,-0.99907][-0.543307,-0.0551181,-0.834646][36.0401,-37.0338,0][-0.673474,-0.443424,-0.98094][-0.566929,-0.015748,-0.826772][36.0421,-37.0277,0][-0.767906,-0.38143,-0.91101][-0.653543,0,-0.755906][36.048,-37.0238,0][-0.785016,-0.494792,-0.896092][-0.661417,-0.0314961,-0.748031][36.0491,-37.0309,0][-0.911888,-0.410124,-0.773896][-0.740157,-0.00787402,-0.669291][36.057,-37.0256,0][-0.767906,-0.38143,-0.91101][-0.653543,0,-0.755906][36.048,-37.0238,0][-0.673474,-0.443424,-0.98094][-0.566929,-0.015748,-0.826772][36.0421,-37.0277,0][-0.785016,-0.494792,-0.896092][-0.661417,-0.0314961,-0.748031][36.0491,-37.0309,0][-0.9122,-0.2009,-0.774058][-0.732283,0,-0.677165][36.057,-37.0126,0][-0.767906,-0.38143,-0.91101][-0.653543,0,-0.755906][36.048,-37.0238,0][-0.911888,-0.410124,-0.773896][-0.740157,-0.00787402,-0.669291][36.057,-37.0256,0][-0.541804,-0.417192,-1.05966][-0.488189,-0.00787402,-0.874016][36.0339,-37.0261,0][-0.673474,-0.443424,-0.98094][-0.566929,-0.015748,-0.826772][36.0421,-37.0277,0][-0.645484,-0.361364,-0.999926][-0.543307,0,-0.834646][36.0403,-37.0226,0][-0.645484,-0.361364,-0.999926][-0.543307,0,-0.834646][36.0403,-37.0226,0][-0.673474,-0.443424,-0.98094][-0.566929,-0.015748,-0.826772][36.0421,-37.0277,0][-0.767906,-0.38143,-0.91101][-0.653543,0,-0.755906][36.048,-37.0238,0][-0.512162,-0.359952,-1.07476][-0.456693,0,-0.889764][36.032,-37.0225,0][-0.438206,-0.4196,-1.10664][-0.393701,-0.00787402,-0.92126][36.0274,-37.0262,0][-0.541804,-0.417192,-1.05966][-0.488189,-0.00787402,-0.874016][36.0339,-37.0261,0][-0.645484,-0.361364,-0.999926][-0.543307,0,-0.834646][36.0403,-37.0226,0][-0.512162,-0.359952,-1.07476][-0.456693,0,-0.889764][36.032,-37.0225,0][-0.541804,-0.417192,-1.05966][-0.488189,-0.00787402,-0.874016][36.0339,-37.0261,0][-0.438206,-0.4196,-1.10664][-0.393701,-0.00787402,-0.92126][36.0274,-37.0262,0][-0.512162,-0.359952,-1.07476][-0.456693,0,-0.889764][36.032,-37.0225,0][-0.438254,-0.380168,-1.10679][-0.385827,-0.00787402,-0.92126][36.0274,-37.0238,0][-0.752204,-0.217966,-0.9239][-0.629921,0.00787402,-0.771654][36.047,-37.0136,0][-0.645484,-0.361364,-0.999926][-0.543307,0,-0.834646][36.0403,-37.0226,0][-0.767906,-0.38143,-0.91101][-0.653543,0,-0.755906][36.048,-37.0238,0][-0.767906,-0.38143,-0.91101][-0.653543,0,-0.755906][36.048,-37.0238,0][-0.9122,-0.2009,-0.774058][-0.732283,0,-0.677165][36.057,-37.0126,0][-0.752204,-0.217966,-0.9239][-0.629921,0.00787402,-0.771654][36.047,-37.0136,0][-0.512162,-0.359952,-1.07476][-0.456693,0,-0.889764][36.032,-37.0225,0][-0.645484,-0.361364,-0.999926][-0.543307,0,-0.834646][36.0403,-37.0226,0][-0.597732,-0.25027,-1.02948][-0.519685,0.00787402,-0.850394][36.0374,-37.0156,0][-0.645484,-0.361364,-0.999926][-0.543307,0,-0.834646][36.0403,-37.0226,0][-0.752204,-0.217966,-0.9239][-0.629921,0.00787402,-0.771654][36.047,-37.0136,0][-0.597732,-0.25027,-1.02948][-0.519685,0.00787402,-0.850394][36.0374,-37.0156,0][-0.438254,-0.380168,-1.10679][-0.385827,-0.00787402,-0.92126][36.0274,-37.0238,0][-0.512162,-0.359952,-1.07476][-0.456693,0,-0.889764][36.032,-37.0225,0][-0.44599,-0.318318,-1.10393][-0.409449,0.00787402,-0.913386][36.0279,-37.0199,0][-0.597732,-0.25027,-1.02948][-0.519685,0.00787402,-0.850394][36.0374,-37.0156,0][-0.44599,-0.318318,-1.10393][-0.409449,0.00787402,-0.913386][36.0279,-37.0199,0][-0.512162,-0.359952,-1.07476][-0.456693,0,-0.889764][36.032,-37.0225,0][-0.438254,-0.380168,-1.10679][-0.385827,-0.00787402,-0.92126][36.0274,-37.0238,0][-0.44599,-0.318318,-1.10393][-0.409449,0.00787402,-0.913386][36.0279,-37.0199,0][-0.376214,-0.380168,-1.1295][-0.330709,0,-0.944882][36.0235,-37.0238,0][-0.597732,-0.25027,-1.02948][-0.519685,0.00787402,-0.850394][36.0374,-37.0156,0][-0.752204,-0.217966,-0.9239][-0.629921,0.00787402,-0.771654][36.047,-37.0136,0][-0.549362,-0.171764,-1.0562][-0.480315,0.00787402,-0.874016][36.0343,-37.0107,0][-0.549362,-0.171764,-1.0562][-0.480315,0.00787402,-0.874016][36.0343,-37.0107,0][-0.44599,-0.318318,-1.10393][-0.409449,0.00787402,-0.913386][36.0279,-37.0199,0][-0.597732,-0.25027,-1.02948][-0.519685,0.00787402,-0.850394][36.0374,-37.0156,0][-0.9122,-0.2009,-0.774058][-0.732283,0,-0.677165][36.057,-37.0126,0][-0.743718,-0.000422954,-0.930504][-0.614173,0,-0.787402][36.0465,-37,0][-0.752204,-0.217966,-0.9239][-0.629921,0.00787402,-0.771654][36.047,-37.0136,0][-0.743718,-0.000422954,-0.930504][-0.614173,0,-0.787402][36.0465,-37,0][-0.549362,-0.171764,-1.0562][-0.480315,0.00787402,-0.874016][36.0343,-37.0107,0][-0.752204,-0.217966,-0.9239][-0.629921,0.00787402,-0.771654][36.047,-37.0136,0][-0.743718,-0.000422954,-0.930504][-0.614173,0,-0.787402][36.0465,-37,0][-0.9122,-0.2009,-0.774058][-0.732283,0,-0.677165][36.057,-37.0126,0][-0.912394,-0.000498772,-0.773896][-0.732283,0,-0.685039][36.057,-37,0][-0.367378,-0.296416,-1.1327][-0.346457,0,-0.937008][36.023,-37.0185,0][-0.376214,-0.380168,-1.1295][-0.330709,0,-0.944882][36.0235,-37.0238,0][-0.44599,-0.318318,-1.10393][-0.409449,0.00787402,-0.913386][36.0279,-37.0199,0][-0.44599,-0.318318,-1.10393][-0.409449,0.00787402,-0.913386][36.0279,-37.0199,0][-0.549362,-0.171764,-1.0562][-0.480315,0.00787402,-0.874016][36.0343,-37.0107,0][-0.367378,-0.296416,-1.1327][-0.346457,0,-0.937008][36.023,-37.0185,0][-0.376214,-0.380168,-1.1295][-0.330709,0,-0.944882][36.0235,-37.0238,0][-0.367378,-0.296416,-1.1327][-0.346457,0,-0.937008][36.023,-37.0185,0][-0.315704,-0.380168,-1.14808][-0.275591,0,-0.96063][36.0197,-37.0238,0][-0.73894,0.186841,-0.93413][-0.614173,-0.00787402,-0.787402][36.0462,-36.9883,0][-0.743718,-0.000422954,-0.930504][-0.614173,0,-0.787402][36.0465,-37,0][-0.912394,-0.000498772,-0.773896][-0.732283,0,-0.685039][36.057,-37,0][-0.912438,0.202856,-0.773858][-0.732283,0,-0.685039][36.057,-36.9873,0][-0.73894,0.186841,-0.93413][-0.614173,-0.00787402,-0.787402][36.0462,-36.9883,0][-0.912394,-0.000498772,-0.773896][-0.732283,0,-0.685039][36.057,-37,0][-0.504196,-0.00032568,-1.07862][-0.448819,0,-0.889764][36.0315,-37,0][-0.549362,-0.171764,-1.0562][-0.480315,0.00787402,-0.874016][36.0343,-37.0107,0][-0.743718,-0.000422954,-0.930504][-0.614173,0,-0.787402][36.0465,-37,0][-0.912438,0.202856,-0.773858][-0.732283,0,-0.685039][36.057,-36.9873,0][-0.735668,0.343814,-0.936552][-0.622047,0.00787402,-0.779528][36.046,-36.9785,0][-0.73894,0.186841,-0.93413][-0.614173,-0.00787402,-0.787402][36.0462,-36.9883,0][-0.735668,0.343814,-0.936552][-0.622047,0.00787402,-0.779528][36.046,-36.9785,0][-0.912438,0.202856,-0.773858][-0.732283,0,-0.685039][36.057,-36.9873,0][-0.912332,0.406816,-0.773766][-0.724409,0.00787402,-0.685039][36.057,-36.9746,0][-0.572704,0.183749,-1.04358][-0.480315,-0.00787402,-0.874016][36.0358,-36.9885,0][-0.743718,-0.000422954,-0.930504][-0.614173,0,-0.787402][36.0465,-37,0][-0.73894,0.186841,-0.93413][-0.614173,-0.00787402,-0.787402][36.0462,-36.9883,0][-0.735668,0.343814,-0.936552][-0.622047,0.00787402,-0.779528][36.046,-36.9785,0][-0.572704,0.183749,-1.04358][-0.480315,-0.00787402,-0.874016][36.0358,-36.9885,0][-0.73894,0.186841,-0.93413][-0.614173,-0.00787402,-0.787402][36.0462,-36.9883,0][-0.743718,-0.000422954,-0.930504][-0.614173,0,-0.787402][36.0465,-37,0][-0.572704,0.183749,-1.04358][-0.480315,-0.00787402,-0.874016][36.0358,-36.9885,0][-0.504196,-0.00032568,-1.07862][-0.448819,0,-0.889764][36.0315,-37,0][-0.912332,0.406816,-0.773766][-0.724409,0.00787402,-0.685039][36.057,-36.9746,0][-0.732998,0.513224,-0.937306][-0.622047,0.0551181,-0.779528][36.0458,-36.9679,0][-0.735668,0.343814,-0.936552][-0.622047,0.00787402,-0.779528][36.046,-36.9785,0][-0.732998,0.513224,-0.937306][-0.622047,0.0551181,-0.779528][36.0458,-36.9679,0][-0.912332,0.406816,-0.773766][-0.724409,0.00787402,-0.685039][36.057,-36.9746,0][-0.906648,0.614014,-0.770042][-0.716535,0.102362,-0.685039][36.0567,-36.9616,0][-0.572704,0.183749,-1.04358][-0.480315,-0.00787402,-0.874016][36.0358,-36.9885,0][-0.735668,0.343814,-0.936552][-0.622047,0.00787402,-0.779528][36.046,-36.9785,0][-0.572506,0.344654,-1.04362][-0.472441,0,-0.88189][36.0358,-36.9785,0][-0.732998,0.513224,-0.937306][-0.622047,0.0551181,-0.779528][36.0458,-36.9679,0][-0.572506,0.344654,-1.04362][-0.472441,0,-0.88189][36.0358,-36.9785,0][-0.735668,0.343814,-0.936552][-0.622047,0.00787402,-0.779528][36.046,-36.9785,0][-0.380838,0.188271,-1.12807][-0.338583,0,-0.944882][36.0238,-36.9882,0][-0.504196,-0.00032568,-1.07862][-0.448819,0,-0.889764][36.0315,-37,0][-0.572704,0.183749,-1.04358][-0.480315,-0.00787402,-0.874016][36.0358,-36.9885,0][-0.572506,0.344654,-1.04362][-0.472441,0,-0.88189][36.0358,-36.9785,0][-0.380838,0.188271,-1.12807][-0.338583,0,-0.944882][36.0238,-36.9882,0][-0.572704,0.183749,-1.04358][-0.480315,-0.00787402,-0.874016][36.0358,-36.9885,0][-0.906648,0.614014,-0.770042][-0.716535,0.102362,-0.685039][36.0567,-36.9616,0][-0.73249,0.67973,-0.919764][-0.590551,0.23622,-0.771654][36.0458,-36.9575,0][-0.732998,0.513224,-0.937306][-0.622047,0.0551181,-0.779528][36.0458,-36.9679,0][-0.73249,0.67973,-0.919764][-0.590551,0.23622,-0.771654][36.0458,-36.9575,0][-0.906648,0.614014,-0.770042][-0.716535,0.102362,-0.685039][36.0567,-36.9616,0][-0.873456,0.805376,-0.74831][-0.669291,0.307087,-0.677165][36.0546,-36.9497,0][-0.572506,0.344654,-1.04362][-0.472441,0,-0.88189][36.0358,-36.9785,0][-0.732998,0.513224,-0.937306][-0.622047,0.0551181,-0.779528][36.0458,-36.9679,0][-0.56817,0.509014,-1.0448][-0.472441,0.0472441,-0.88189][36.0355,-36.9682,0][-0.73249,0.67973,-0.919764][-0.590551,0.23622,-0.771654][36.0458,-36.9575,0][-0.56817,0.509014,-1.0448][-0.472441,0.0472441,-0.88189][36.0355,-36.9682,0][-0.732998,0.513224,-0.937306][-0.622047,0.0551181,-0.779528][36.0458,-36.9679,0][-0.380838,0.188271,-1.12807][-0.338583,0,-0.944882][36.0238,-36.9882,0][-0.572506,0.344654,-1.04362][-0.472441,0,-0.88189][36.0358,-36.9785,0][-0.378926,0.344698,-1.12863][-0.338583,0,-0.937008][36.0237,-36.9785,0][-0.56817,0.509014,-1.0448][-0.472441,0.0472441,-0.88189][36.0355,-36.9682,0][-0.378926,0.344698,-1.12863][-0.338583,0,-0.937008][36.0237,-36.9785,0][-0.572506,0.344654,-1.04362][-0.472441,0,-0.88189][36.0358,-36.9785,0][-0.705146,0.947748,-0.812952][-0.543307,0.433071,-0.716535][36.0441,-36.9408,0][-0.73249,0.67973,-0.919764][-0.590551,0.23622,-0.771654][36.0458,-36.9575,0][-0.873456,0.805376,-0.74831][-0.669291,0.307087,-0.677165][36.0546,-36.9497,0][-0.705146,0.947748,-0.812952][-0.543307,0.433071,-0.716535][36.0441,-36.9408,0][-0.873456,0.805376,-0.74831][-0.669291,0.307087,-0.677165][36.0546,-36.9497,0][-0.813982,0.94774,-0.70777][-0.622047,0.480315,-0.614173][36.0509,-36.9408,0][-0.555448,0.6798,-1.03502][-0.488189,0.23622,-0.84252][36.0347,-36.9575,0][-0.56817,0.509014,-1.0448][-0.472441,0.0472441,-0.88189][36.0355,-36.9682,0][-0.73249,0.67973,-0.919764][-0.590551,0.23622,-0.771654][36.0458,-36.9575,0][-0.705146,0.947748,-0.812952][-0.543307,0.433071,-0.716535][36.0441,-36.9408,0][-0.555448,0.6798,-1.03502][-0.488189,0.23622,-0.84252][36.0347,-36.9575,0][-0.73249,0.67973,-0.919764][-0.590551,0.23622,-0.771654][36.0458,-36.9575,0][-0.378926,0.344698,-1.12863][-0.338583,0,-0.937008][36.0237,-36.9785,0][-0.56817,0.509014,-1.0448][-0.472441,0.0472441,-0.88189][36.0355,-36.9682,0][-0.373626,0.51373,-1.12903][-0.338583,0.0472441,-0.937008][36.0233,-36.9679,0][-0.555448,0.6798,-1.03502][-0.488189,0.23622,-0.84252][36.0347,-36.9575,0][-0.373626,0.51373,-1.12903][-0.338583,0.0472441,-0.937008][36.0233,-36.9679,0][-0.56817,0.509014,-1.0448][-0.472441,0.0472441,-0.88189][36.0355,-36.9682,0][-0.378926,0.344698,-1.12863][-0.338583,0,-0.937008][36.0237,-36.9785,0][-0.222926,0.190829,-1.1698][-0.204724,0,-0.976378][36.0139,-36.9881,0][-0.380838,0.188271,-1.12807][-0.338583,0,-0.944882][36.0238,-36.9882,0][-0.23043,0.513618,-1.16688][-0.204724,0.0472441,-0.976378][36.0144,-36.9679,0][-0.378926,0.344698,-1.12863][-0.338583,0,-0.937008][36.0237,-36.9785,0][-0.373626,0.51373,-1.12903][-0.338583,0.0472441,-0.937008][36.0233,-36.9679,0][-0.370956,0.679826,-1.11433][-0.322835,0.133858,-0.937008][36.0232,-36.9575,0][-0.373626,0.51373,-1.12903][-0.338583,0.0472441,-0.937008][36.0233,-36.9679,0][-0.555448,0.6798,-1.03502][-0.488189,0.23622,-0.84252][36.0347,-36.9575,0][-0.370956,0.679826,-1.11433][-0.322835,0.133858,-0.937008][36.0232,-36.9575,0][-0.23043,0.513618,-1.16688][-0.204724,0.0472441,-0.976378][36.0144,-36.9679,0][-0.373626,0.51373,-1.12903][-0.338583,0.0472441,-0.937008][36.0233,-36.9679,0][-0.555448,0.6798,-1.03502][-0.488189,0.23622,-0.84252][36.0347,-36.9575,0][-0.705146,0.947748,-0.812952][-0.543307,0.433071,-0.716535][36.0441,-36.9408,0][-0.544604,0.947748,-0.924456][-0.464567,0.440945,-0.771654][36.034,-36.9408,0][-0.544604,0.947748,-0.924456][-0.464567,0.440945,-0.771654][36.034,-36.9408,0][-0.705146,0.947748,-0.812952][-0.543307,0.433071,-0.716535][36.0441,-36.9408,0][-0.65642,1.04875,-0.76038][-0.409449,0.755906,-0.503937][36.041,-36.9345,0][-0.65642,1.04875,-0.76038][-0.409449,0.755906,-0.503937][36.041,-36.9345,0][-0.49688,1.04875,-0.867616][-0.314961,0.755906,-0.574803][36.0311,-36.9345,0][-0.544604,0.947748,-0.924456][-0.464567,0.440945,-0.771654][36.034,-36.9408,0][-0.366452,0.947748,-1.0068][-0.330709,0.503937,-0.795276][36.0229,-36.9408,0][-0.544604,0.947748,-0.924456][-0.464567,0.440945,-0.771654][36.034,-36.9408,0][-0.49688,1.04875,-0.867616][-0.314961,0.755906,-0.574803][36.0311,-36.9345,0][-0.49688,1.04875,-0.867616][-0.314961,0.755906,-0.574803][36.0311,-36.9345,0][-0.337904,1.04875,-0.932266][-0.212598,0.755906,-0.622047][36.0211,-36.9345,0][-0.366452,0.947748,-1.0068][-0.330709,0.503937,-0.795276][36.0229,-36.9408,0][-0.544604,0.947748,-0.924456][-0.464567,0.440945,-0.771654][36.034,-36.9408,0][-0.372342,0.844684,-1.06502][-0.370079,0.409449,-0.834646][36.0233,-36.9472,0][-0.555448,0.6798,-1.03502][-0.488189,0.23622,-0.84252][36.0347,-36.9575,0][-0.544604,0.947748,-0.924456][-0.464567,0.440945,-0.771654][36.034,-36.9408,0][-0.366452,0.947748,-1.0068][-0.330709,0.503937,-0.795276][36.0229,-36.9408,0][-0.372342,0.844684,-1.06502][-0.370079,0.409449,-0.834646][36.0233,-36.9472,0][-0.374678,0.77899,-1.08928][-0.299213,0.291339,-0.905512][36.0234,-36.9513,0][-0.370956,0.679826,-1.11433][-0.322835,0.133858,-0.937008][36.0232,-36.9575,0][-0.555448,0.6798,-1.03502][-0.488189,0.23622,-0.84252][36.0347,-36.9575,0][-0.374678,0.77899,-1.08928][-0.299213,0.291339,-0.905512][36.0234,-36.9513,0][-0.555448,0.6798,-1.03502][-0.488189,0.23622,-0.84252][36.0347,-36.9575,0][-0.372342,0.844684,-1.06502][-0.370079,0.409449,-0.834646][36.0233,-36.9472,0][-0.374678,0.77899,-1.08928][-0.299213,0.291339,-0.905512][36.0234,-36.9513,0][-0.232506,0.679824,-1.15134][-0.204724,0.15748,-0.968504][36.0145,-36.9575,0][-0.370956,0.679826,-1.11433][-0.322835,0.133858,-0.937008][36.0232,-36.9575,0][-0.370956,0.679826,-1.11433][-0.322835,0.133858,-0.937008][36.0232,-36.9575,0][-0.232506,0.679824,-1.15134][-0.204724,0.15748,-0.968504][36.0145,-36.9575,0][-0.23043,0.513618,-1.16688][-0.204724,0.0472441,-0.976378][36.0144,-36.9679,0][-0.372342,0.844684,-1.06502][-0.370079,0.409449,-0.834646][36.0233,-36.9472,0][-0.218438,0.82573,-1.11442][-0.19685,0.322835,-0.92126][36.0137,-36.9484,0][-0.374678,0.77899,-1.08928][-0.299213,0.291339,-0.905512][36.0234,-36.9513,0][-0.218438,0.82573,-1.11442][-0.19685,0.322835,-0.92126][36.0137,-36.9484,0][-0.232506,0.679824,-1.15134][-0.204724,0.15748,-0.968504][36.0145,-36.9575,0][-0.374678,0.77899,-1.08928][-0.299213,0.291339,-0.905512][36.0234,-36.9513,0][-0.366452,0.947748,-1.0068][-0.330709,0.503937,-0.795276][36.0229,-36.9408,0][-0.209894,0.911572,-1.07263][-0.188976,0.480315,-0.858268][36.0131,-36.943,0][-0.372342,0.844684,-1.06502][-0.370079,0.409449,-0.834646][36.0233,-36.9472,0][-0.372342,0.844684,-1.06502][-0.370079,0.409449,-0.834646][36.0233,-36.9472,0][-0.209894,0.911572,-1.07263][-0.188976,0.480315,-0.858268][36.0131,-36.943,0][-0.218438,0.82573,-1.11442][-0.19685,0.322835,-0.92126][36.0137,-36.9484,0][-0.185311,0.947748,-1.05397][-0.133858,0.598425,-0.795276][36.0116,-36.9408,0][-0.366452,0.947748,-1.0068][-0.330709,0.503937,-0.795276][36.0229,-36.9408,0][-0.337904,1.04875,-0.932266][-0.212598,0.755906,-0.622047][36.0211,-36.9345,0][-0.366452,0.947748,-1.0068][-0.330709,0.503937,-0.795276][36.0229,-36.9408,0][-0.185311,0.947748,-1.05397][-0.133858,0.598425,-0.795276][36.0116,-36.9408,0][-0.209894,0.911572,-1.07263][-0.188976,0.480315,-0.858268][36.0131,-36.943,0][-0.337904,1.04875,-0.932266][-0.212598,0.755906,-0.622047][36.0211,-36.9345,0][-0.170902,1.04875,-0.97219][-0.110236,0.755906,-0.645669][36.0107,-36.9345,0][-0.185311,0.947748,-1.05397][-0.133858,0.598425,-0.795276][36.0116,-36.9408,0][-0.0992262,0.877046,-1.10773][-0.0866142,0.472441,-0.874016][36.0062,-36.9452,0][-0.218438,0.82573,-1.11442][-0.19685,0.322835,-0.92126][36.0137,-36.9484,0][-0.209894,0.911572,-1.07263][-0.188976,0.480315,-0.858268][36.0131,-36.943,0][-0.0992262,0.877046,-1.10773][-0.0866142,0.472441,-0.874016][36.0062,-36.9452,0][-0.209894,0.911572,-1.07263][-0.188976,0.480315,-0.858268][36.0131,-36.943,0][-0.185311,0.947748,-1.05397][-0.133858,0.598425,-0.795276][36.0116,-36.9408,0][-0.170902,1.04875,-0.97219][-0.110236,0.755906,-0.645669][36.0107,-36.9345,0][4.05838e-08,0.947748,-1.06957][0,0.614173,-0.787402][36,-36.9408,0][-0.185311,0.947748,-1.05397][-0.133858,0.598425,-0.795276][36.0116,-36.9408,0][-0.185311,0.947748,-1.05397][-0.133858,0.598425,-0.795276][36.0116,-36.9408,0][4.05838e-08,0.947748,-1.06957][0,0.614173,-0.787402][36,-36.9408,0][-0.0992262,0.877046,-1.10773][-0.0866142,0.472441,-0.874016][36.0062,-36.9452,0][-0.170902,1.04875,-0.97219][-0.110236,0.755906,-0.645669][36.0107,-36.9345,0][1.25143e-08,1.04875,-0.985664][0,0.755906,-0.653543][36,-36.9345,0][4.05838e-08,0.947748,-1.06957][0,0.614173,-0.787402][36,-36.9408,0][0.170902,1.04875,-0.97219][0.110236,0.755906,-0.645669][35.9893,-36.9345,0][4.05838e-08,0.947748,-1.06957][0,0.614173,-0.787402][36,-36.9408,0][1.25143e-08,1.04875,-0.985664][0,0.755906,-0.653543][36,-36.9345,0][-0.0992262,0.877046,-1.10773][-0.0866142,0.472441,-0.874016][36.0062,-36.9452,0][4.05838e-08,0.947748,-1.06957][0,0.614173,-0.787402][36,-36.9408,0][4.84784e-08,0.876448,-1.11243][0,0.440945,-0.897638][36,-36.9452,0][4.05838e-08,0.947748,-1.06957][0,0.614173,-0.787402][36,-36.9408,0][0.170902,1.04875,-0.97219][0.110236,0.755906,-0.645669][35.9893,-36.9345,0][0.185311,0.947748,-1.05397][0.133858,0.598425,-0.795276][35.9884,-36.9408,0][0.337904,1.04875,-0.932266][0.212598,0.755906,-0.622047][35.9789,-36.9345,0][0.185311,0.947748,-1.05397][0.133858,0.598425,-0.795276][35.9884,-36.9408,0][0.170902,1.04875,-0.97219][0.110236,0.755906,-0.645669][35.9893,-36.9345,0][4.05838e-08,0.947748,-1.06957][0,0.614173,-0.787402][36,-36.9408,0][0.0993816,0.877046,-1.10771][0.0866142,0.472441,-0.874016][35.9938,-36.9452,0][4.84784e-08,0.876448,-1.11243][0,0.440945,-0.897638][36,-36.9452,0][4.05838e-08,0.947748,-1.06957][0,0.614173,-0.787402][36,-36.9408,0][0.185311,0.947748,-1.05397][0.133858,0.598425,-0.795276][35.9884,-36.9408,0][0.0993816,0.877046,-1.10771][0.0866142,0.472441,-0.874016][35.9938,-36.9452,0][5.34458e-08,0.80504,-1.1439][0,0.299213,-0.952756][36,-36.9497,0][-0.0992262,0.877046,-1.10773][-0.0866142,0.472441,-0.874016][36.0062,-36.9452,0][4.84784e-08,0.876448,-1.11243][0,0.440945,-0.897638][36,-36.9452,0][0.0993816,0.877046,-1.10771][0.0866142,0.472441,-0.874016][35.9938,-36.9452,0][5.34458e-08,0.80504,-1.1439][0,0.299213,-0.952756][36,-36.9497,0][4.84784e-08,0.876448,-1.11243][0,0.440945,-0.897638][36,-36.9452,0][-0.218438,0.82573,-1.11442][-0.19685,0.322835,-0.92126][36.0137,-36.9484,0][-0.0992262,0.877046,-1.10773][-0.0866142,0.472441,-0.874016][36.0062,-36.9452,0][-0.106707,0.806946,-1.13809][-0.102362,0.307087,-0.944882][36.0067,-36.9496,0][-0.0992262,0.877046,-1.10773][-0.0866142,0.472441,-0.874016][36.0062,-36.9452,0][5.34458e-08,0.80504,-1.1439][0,0.299213,-0.952756][36,-36.9497,0][-0.106707,0.806946,-1.13809][-0.102362,0.307087,-0.944882][36.0067,-36.9496,0][-0.106707,0.806946,-1.13809][-0.102362,0.307087,-0.944882][36.0067,-36.9496,0][-0.232506,0.679824,-1.15134][-0.204724,0.15748,-0.968504][36.0145,-36.9575,0][-0.218438,0.82573,-1.11442][-0.19685,0.322835,-0.92126][36.0137,-36.9484,0][0.185311,0.947748,-1.05397][0.133858,0.598425,-0.795276][35.9884,-36.9408,0][0.337904,1.04875,-0.932266][0.212598,0.755906,-0.622047][35.9789,-36.9345,0][0.366452,0.947748,-1.0068][0.330709,0.503937,-0.795276][35.9771,-36.9408,0][0.49688,1.04875,-0.867616][0.314961,0.755906,-0.574803][35.9689,-36.9345,0][0.366452,0.947748,-1.0068][0.330709,0.503937,-0.795276][35.9771,-36.9408,0][0.337904,1.04875,-0.932266][0.212598,0.755906,-0.622047][35.9789,-36.9345,0][0.0993816,0.877046,-1.10771][0.0866142,0.472441,-0.874016][35.9938,-36.9452,0][0.185311,0.947748,-1.05397][0.133858,0.598425,-0.795276][35.9884,-36.9408,0][0.210036,0.911574,-1.07261][0.188976,0.480315,-0.858268][35.9869,-36.943,0][0.185311,0.947748,-1.05397][0.133858,0.598425,-0.795276][35.9884,-36.9408,0][0.366452,0.947748,-1.0068][0.330709,0.503937,-0.795276][35.9771,-36.9408,0][0.210036,0.911574,-1.07261][0.188976,0.480315,-0.858268][35.9869,-36.943,0][0.366452,0.947748,-1.0068][0.330709,0.503937,-0.795276][35.9771,-36.9408,0][0.49688,1.04875,-0.867616][0.314961,0.755906,-0.574803][35.9689,-36.9345,0][0.544604,0.947748,-0.924458][0.464567,0.440945,-0.771654][35.966,-36.9408,0][0.65642,1.04875,-0.76038][0.409449,0.755906,-0.503937][35.959,-36.9345,0][0.544604,0.947748,-0.924458][0.464567,0.440945,-0.771654][35.966,-36.9408,0][0.49688,1.04875,-0.867616][0.314961,0.755906,-0.574803][35.9689,-36.9345,0][0.544604,0.947748,-0.924458][0.464567,0.440945,-0.771654][35.966,-36.9408,0][0.65642,1.04875,-0.76038][0.409449,0.755906,-0.503937][35.959,-36.9345,0][0.705146,0.947748,-0.812954][0.543307,0.433071,-0.716535][35.9559,-36.9408,0][0.544604,0.947748,-0.924458][0.464567,0.440945,-0.771654][35.966,-36.9408,0][0.372022,0.844684,-1.06513][0.370079,0.409449,-0.834646][35.9767,-36.9472,0][0.366452,0.947748,-1.0068][0.330709,0.503937,-0.795276][35.9771,-36.9408,0][0.210036,0.911574,-1.07261][0.188976,0.480315,-0.858268][35.9869,-36.943,0][0.366452,0.947748,-1.0068][0.330709,0.503937,-0.795276][35.9771,-36.9408,0][0.372022,0.844684,-1.06513][0.370079,0.409449,-0.834646][35.9767,-36.9472,0][0.705146,0.947748,-0.812954][0.543307,0.433071,-0.716535][35.9559,-36.9408,0][0.555386,0.6798,-1.03506][0.488189,0.23622,-0.84252][35.9653,-36.9575,0][0.544604,0.947748,-0.924458][0.464567,0.440945,-0.771654][35.966,-36.9408,0][0.544604,0.947748,-0.924458][0.464567,0.440945,-0.771654][35.966,-36.9408,0][0.555386,0.6798,-1.03506][0.488189,0.23622,-0.84252][35.9653,-36.9575,0][0.372022,0.844684,-1.06513][0.370079,0.409449,-0.834646][35.9767,-36.9472,0][0.372022,0.844684,-1.06513][0.370079,0.409449,-0.834646][35.9767,-36.9472,0][0.218756,0.825732,-1.11436][0.19685,0.322835,-0.92126][35.9863,-36.9484,0][0.210036,0.911574,-1.07261][0.188976,0.480315,-0.858268][35.9869,-36.943,0][0.218756,0.825732,-1.11436][0.19685,0.322835,-0.92126][35.9863,-36.9484,0][0.0993816,0.877046,-1.10771][0.0866142,0.472441,-0.874016][35.9938,-36.9452,0][0.210036,0.911574,-1.07261][0.188976,0.480315,-0.858268][35.9869,-36.943,0][0.218756,0.825732,-1.11436][0.19685,0.322835,-0.92126][35.9863,-36.9484,0][0.372022,0.844684,-1.06513][0.370079,0.409449,-0.834646][35.9767,-36.9472,0][0.37423,0.77899,-1.08944][0.299213,0.291339,-0.905512][35.9766,-36.9513,0][0.372022,0.844684,-1.06513][0.370079,0.409449,-0.834646][35.9767,-36.9472,0][0.555386,0.6798,-1.03506][0.488189,0.23622,-0.84252][35.9653,-36.9575,0][0.37423,0.77899,-1.08944][0.299213,0.291339,-0.905512][35.9766,-36.9513,0][0.0993816,0.877046,-1.10771][0.0866142,0.472441,-0.874016][35.9938,-36.9452,0][0.218756,0.825732,-1.11436][0.19685,0.322835,-0.92126][35.9863,-36.9484,0][0.105952,0.806948,-1.13817][0.102362,0.307087,-0.944882][35.9934,-36.9496,0][5.34458e-08,0.80504,-1.1439][0,0.299213,-0.952756][36,-36.9497,0][0.0993816,0.877046,-1.10771][0.0866142,0.472441,-0.874016][35.9938,-36.9452,0][0.105952,0.806948,-1.13817][0.102362,0.307087,-0.944882][35.9934,-36.9496,0][0.218756,0.825732,-1.11436][0.19685,0.322835,-0.92126][35.9863,-36.9484,0][0.37423,0.77899,-1.08944][0.299213,0.291339,-0.905512][35.9766,-36.9513,0][0.232674,0.679822,-1.15131][0.204724,0.15748,-0.968504][35.9855,-36.9575,0][0.105952,0.806948,-1.13817][0.102362,0.307087,-0.944882][35.9934,-36.9496,0][0.218756,0.825732,-1.11436][0.19685,0.322835,-0.92126][35.9863,-36.9484,0][0.232674,0.679822,-1.15131][0.204724,0.15748,-0.968504][35.9855,-36.9575,0][0.37423,0.77899,-1.08944][0.299213,0.291339,-0.905512][35.9766,-36.9513,0][0.370536,0.679826,-1.11448][0.322835,0.133858,-0.937008][35.9768,-36.9575,0][0.232674,0.679822,-1.15131][0.204724,0.15748,-0.968504][35.9855,-36.9575,0][0.37423,0.77899,-1.08944][0.299213,0.291339,-0.905512][35.9766,-36.9513,0][0.555386,0.6798,-1.03506][0.488189,0.23622,-0.84252][35.9653,-36.9575,0][0.370536,0.679826,-1.11448][0.322835,0.133858,-0.937008][35.9768,-36.9575,0][0.105952,0.806948,-1.13817][0.102362,0.307087,-0.944882][35.9934,-36.9496,0][0.232674,0.679822,-1.15131][0.204724,0.15748,-0.968504][35.9855,-36.9575,0][0.111049,0.679826,-1.16939][0.102362,0.15748,-0.984252][35.9931,-36.9575,0][0.105952,0.806948,-1.13817][0.102362,0.307087,-0.944882][35.9934,-36.9496,0][4.5611e-08,0.679826,-1.17481][0,0.15748,-0.984252][36,-36.9575,0][5.34458e-08,0.80504,-1.1439][0,0.299213,-0.952756][36,-36.9497,0][4.5611e-08,0.679826,-1.17481][0,0.15748,-0.984252][36,-36.9575,0][0.105952,0.806948,-1.13817][0.102362,0.307087,-0.944882][35.9934,-36.9496,0][0.111049,0.679826,-1.16939][0.102362,0.15748,-0.984252][35.9931,-36.9575,0][4.5611e-08,0.679826,-1.17481][0,0.15748,-0.984252][36,-36.9575,0][-0.106707,0.806946,-1.13809][-0.102362,0.307087,-0.944882][36.0067,-36.9496,0][5.34458e-08,0.80504,-1.1439][0,0.299213,-0.952756][36,-36.9497,0][0.111049,0.679826,-1.16939][0.102362,0.15748,-0.984252][35.9931,-36.9575,0][0.232674,0.679822,-1.15131][0.204724,0.15748,-0.968504][35.9855,-36.9575,0][0.23044,0.513618,-1.16688][0.204724,0.0472441,-0.976378][35.9856,-36.9679,0][0.370536,0.679826,-1.11448][0.322835,0.133858,-0.937008][35.9768,-36.9575,0][0.23044,0.513618,-1.16688][0.204724,0.0472441,-0.976378][35.9856,-36.9679,0][0.232674,0.679822,-1.15131][0.204724,0.15748,-0.968504][35.9855,-36.9575,0][0.111049,0.679826,-1.16939][0.102362,0.15748,-0.984252][35.9931,-36.9575,0][8.87794e-09,0.513586,-1.18976][0,0.0472441,-1][36,-36.9679,0][4.5611e-08,0.679826,-1.17481][0,0.15748,-0.984252][36,-36.9575,0][-0.106707,0.806946,-1.13809][-0.102362,0.307087,-0.944882][36.0067,-36.9496,0][4.5611e-08,0.679826,-1.17481][0,0.15748,-0.984252][36,-36.9575,0][-0.110757,0.679826,-1.16942][-0.102362,0.15748,-0.984252][36.0069,-36.9575,0][-0.110757,0.679826,-1.16942][-0.102362,0.15748,-0.984252][36.0069,-36.9575,0][4.5611e-08,0.679826,-1.17481][0,0.15748,-0.984252][36,-36.9575,0][8.87794e-09,0.513586,-1.18976][0,0.0472441,-1][36,-36.9679,0][-0.232506,0.679824,-1.15134][-0.204724,0.15748,-0.968504][36.0145,-36.9575,0][-0.106707,0.806946,-1.13809][-0.102362,0.307087,-0.944882][36.0067,-36.9496,0][-0.110757,0.679826,-1.16942][-0.102362,0.15748,-0.984252][36.0069,-36.9575,0][-0.110757,0.679826,-1.16942][-0.102362,0.15748,-0.984252][36.0069,-36.9575,0][-0.23043,0.513618,-1.16688][-0.204724,0.0472441,-0.976378][36.0144,-36.9679,0][-0.232506,0.679824,-1.15134][-0.204724,0.15748,-0.968504][36.0145,-36.9575,0][-0.23043,0.513618,-1.16688][-0.204724,0.0472441,-0.976378][36.0144,-36.9679,0][-0.110757,0.679826,-1.16942][-0.102362,0.15748,-0.984252][36.0069,-36.9575,0][-0.11096,0.513584,-1.18441][-0.102362,0.0472441,-0.992126][36.0069,-36.9679,0][-0.110757,0.679826,-1.16942][-0.102362,0.15748,-0.984252][36.0069,-36.9575,0][8.87794e-09,0.513586,-1.18976][0,0.0472441,-1][36,-36.9679,0][-0.11096,0.513584,-1.18441][-0.102362,0.0472441,-0.992126][36.0069,-36.9679,0][-0.11096,0.513584,-1.18441][-0.102362,0.0472441,-0.992126][36.0069,-36.9679,0][-0.223608,0.344684,-1.16959][-0.204724,0,-0.976378][36.014,-36.9785,0][-0.23043,0.513618,-1.16688][-0.204724,0.0472441,-0.976378][36.0144,-36.9679,0][-0.378926,0.344698,-1.12863][-0.338583,0,-0.937008][36.0237,-36.9785,0][-0.23043,0.513618,-1.16688][-0.204724,0.0472441,-0.976378][36.0144,-36.9679,0][-0.223608,0.344684,-1.16959][-0.204724,0,-0.976378][36.014,-36.9785,0][-0.223608,0.344684,-1.16959][-0.204724,0,-0.976378][36.014,-36.9785,0][-0.222926,0.190829,-1.1698][-0.204724,0,-0.976378][36.0139,-36.9881,0][-0.378926,0.344698,-1.12863][-0.338583,0,-0.937008][36.0237,-36.9785,0][-0.223608,0.344684,-1.16959][-0.204724,0,-0.976378][36.014,-36.9785,0][-0.11096,0.513584,-1.18441][-0.102362,0.0472441,-0.992126][36.0069,-36.9679,0][-0.108633,0.344686,-1.186][-0.0944882,0.00787402,-0.992126][36.0068,-36.9785,0][-0.108633,0.344686,-1.186][-0.0944882,0.00787402,-0.992126][36.0068,-36.9785,0][-0.222926,0.190829,-1.1698][-0.204724,0,-0.976378][36.0139,-36.9881,0][-0.223608,0.344684,-1.16959][-0.204724,0,-0.976378][36.014,-36.9785,0][8.87794e-09,0.513586,-1.18976][0,0.0472441,-1][36,-36.9679,0][-0.108633,0.344686,-1.186][-0.0944882,0.00787402,-0.992126][36.0068,-36.9785,0][-0.11096,0.513584,-1.18441][-0.102362,0.0472441,-0.992126][36.0069,-36.9679,0][-0.222926,0.190829,-1.1698][-0.204724,0,-0.976378][36.0139,-36.9881,0][-0.108633,0.344686,-1.186][-0.0944882,0.00787402,-0.992126][36.0068,-36.9785,0][-0.105696,0.191787,-1.18639][-0.0944882,0,-0.992126][36.0066,-36.988,0][-0.108633,0.344686,-1.186][-0.0944882,0.00787402,-0.992126][36.0068,-36.9785,0][8.87794e-09,0.513586,-1.18976][0,0.0472441,-1][36,-36.9679,0][-2.204e-08,0.344684,-1.1911][0,0.00787402,-1][36,-36.9785,0][-2.204e-08,0.344684,-1.1911][0,0.00787402,-1][36,-36.9785,0][-0.105696,0.191787,-1.18639][-0.0944882,0,-0.992126][36.0066,-36.988,0][-0.108633,0.344686,-1.186][-0.0944882,0.00787402,-0.992126][36.0068,-36.9785,0][8.87794e-09,0.513586,-1.18976][0,0.0472441,-1][36,-36.9679,0][0.111049,0.679826,-1.16939][0.102362,0.15748,-0.984252][35.9931,-36.9575,0][0.111276,0.51359,-1.18438][0.102362,0.0472441,-0.992126][35.993,-36.9679,0][0.111049,0.679826,-1.16939][0.102362,0.15748,-0.984252][35.9931,-36.9575,0][0.23044,0.513618,-1.16688][0.204724,0.0472441,-0.976378][35.9856,-36.9679,0][0.111276,0.51359,-1.18438][0.102362,0.0472441,-0.992126][35.993,-36.9679,0][8.87794e-09,0.513586,-1.18976][0,0.0472441,-1][36,-36.9679,0][0.108647,0.344684,-1.186][0.0944882,0.00787402,-0.992126][35.9932,-36.9785,0][-2.204e-08,0.344684,-1.1911][0,0.00787402,-1][36,-36.9785,0][0.111276,0.51359,-1.18438][0.102362,0.0472441,-0.992126][35.993,-36.9679,0][0.108647,0.344684,-1.186][0.0944882,0.00787402,-0.992126][35.9932,-36.9785,0][8.87794e-09,0.513586,-1.18976][0,0.0472441,-1][36,-36.9679,0][0.23044,0.513618,-1.16688][0.204724,0.0472441,-0.976378][35.9856,-36.9679,0][0.223614,0.344686,-1.16959][0.204724,0,-0.976378][35.986,-36.9785,0][0.111276,0.51359,-1.18438][0.102362,0.0472441,-0.992126][35.993,-36.9679,0][0.111276,0.51359,-1.18438][0.102362,0.0472441,-0.992126][35.993,-36.9679,0][0.223614,0.344686,-1.16959][0.204724,0,-0.976378][35.986,-36.9785,0][0.108647,0.344684,-1.186][0.0944882,0.00787402,-0.992126][35.9932,-36.9785,0][0.23044,0.513618,-1.16688][0.204724,0.0472441,-0.976378][35.9856,-36.9679,0][0.378944,0.344702,-1.12863][0.338583,0,-0.937008][35.9763,-36.9785,0][0.223614,0.344686,-1.16959][0.204724,0,-0.976378][35.986,-36.9785,0][0.223614,0.344686,-1.16959][0.204724,0,-0.976378][35.986,-36.9785,0][0.223194,0.190817,-1.16975][0.204724,0,-0.976378][35.986,-36.9881,0][0.108647,0.344684,-1.186][0.0944882,0.00787402,-0.992126][35.9932,-36.9785,0][0.378944,0.344702,-1.12863][0.338583,0,-0.937008][35.9763,-36.9785,0][0.223194,0.190817,-1.16975][0.204724,0,-0.976378][35.986,-36.9881,0][0.223614,0.344686,-1.16959][0.204724,0,-0.976378][35.986,-36.9785,0][0.108647,0.344684,-1.186][0.0944882,0.00787402,-0.992126][35.9932,-36.9785,0][0.106034,0.191776,-1.18636][0.0944882,0,-0.992126][35.9934,-36.988,0][-2.204e-08,0.344684,-1.1911][0,0.00787402,-1][36,-36.9785,0][0.108647,0.344684,-1.186][0.0944882,0.00787402,-0.992126][35.9932,-36.9785,0][0.223194,0.190817,-1.16975][0.204724,0,-0.976378][35.986,-36.9881,0][0.106034,0.191776,-1.18636][0.0944882,0,-0.992126][35.9934,-36.988,0][0.209086,-0.000490188,-1.17253][0.188976,0,-0.984252][35.9869,-37,0][0.106034,0.191776,-1.18636][0.0944882,0,-0.992126][35.9934,-36.988,0][0.223194,0.190817,-1.16975][0.204724,0,-0.976378][35.986,-36.9881,0][0.223194,0.190817,-1.16975][0.204724,0,-0.976378][35.986,-36.9881,0][0.378944,0.344702,-1.12863][0.338583,0,-0.937008][35.9763,-36.9785,0][0.381108,0.188253,-1.12798][0.338583,0,-0.944882][35.9762,-36.9882,0][0.106034,0.191776,-1.18636][0.0944882,0,-0.992126][35.9934,-36.988,0][0.209086,-0.000490188,-1.17253][0.188976,0,-0.984252][35.9869,-37,0][0.097006,-0.000490188,-1.18709][0.0866142,0,-0.992126][35.9939,-37,0][-2.204e-08,0.344684,-1.1911][0,0.00787402,-1][36,-36.9785,0][0.106034,0.191776,-1.18636][0.0944882,0,-0.992126][35.9934,-36.988,0][-1.9697e-08,0.192233,-1.19116][0,0,-1][36,-36.988,0][-0.105696,0.191787,-1.18639][-0.0944882,0,-0.992126][36.0066,-36.988,0][-2.204e-08,0.344684,-1.1911][0,0.00787402,-1][36,-36.9785,0][-1.9697e-08,0.192233,-1.19116][0,0,-1][36,-36.988,0][0.106034,0.191776,-1.18636][0.0944882,0,-0.992126][35.9934,-36.988,0][0.097006,-0.000490188,-1.18709][0.0866142,0,-0.992126][35.9939,-37,0][-1.9697e-08,0.192233,-1.19116][0,0,-1][36,-36.988,0][0.173874,-0.154994,-1.17812][0.15748,0,-0.984252][35.9891,-37.0097,0][0.097006,-0.000490188,-1.18709][0.0866142,0,-0.992126][35.9939,-37,0][0.209086,-0.000490188,-1.17253][0.188976,0,-0.984252][35.9869,-37,0][0.57253,0.344654,-1.0436][0.472441,0,-0.88189][35.9642,-36.9785,0][0.381108,0.188253,-1.12798][0.338583,0,-0.944882][35.9762,-36.9882,0][0.378944,0.344702,-1.12863][0.338583,0,-0.937008][35.9763,-36.9785,0][0.381108,0.188253,-1.12798][0.338583,0,-0.944882][35.9762,-36.9882,0][0.57253,0.344654,-1.0436][0.472441,0,-0.88189][35.9642,-36.9785,0][0.572942,0.183732,-1.04345][0.480315,-0.00787402,-0.874016][35.9642,-36.9885,0][0.378944,0.344702,-1.12863][0.338583,0,-0.937008][35.9763,-36.9785,0][0.23044,0.513618,-1.16688][0.204724,0.0472441,-0.976378][35.9856,-36.9679,0][0.373384,0.51373,-1.12911][0.338583,0.0472441,-0.937008][35.9767,-36.9679,0][0.23044,0.513618,-1.16688][0.204724,0.0472441,-0.976378][35.9856,-36.9679,0][0.370536,0.679826,-1.11448][0.322835,0.133858,-0.937008][35.9768,-36.9575,0][0.373384,0.51373,-1.12911][0.338583,0.0472441,-0.937008][35.9767,-36.9679,0][0.555386,0.6798,-1.03506][0.488189,0.23622,-0.84252][35.9653,-36.9575,0][0.373384,0.51373,-1.12911][0.338583,0.0472441,-0.937008][35.9767,-36.9679,0][0.370536,0.679826,-1.11448][0.322835,0.133858,-0.937008][35.9768,-36.9575,0][0.568118,0.509014,-1.04483][0.472441,0.0472441,-0.88189][35.9645,-36.9682,0][0.378944,0.344702,-1.12863][0.338583,0,-0.937008][35.9763,-36.9785,0][0.373384,0.51373,-1.12911][0.338583,0.0472441,-0.937008][35.9767,-36.9679,0][0.373384,0.51373,-1.12911][0.338583,0.0472441,-0.937008][35.9767,-36.9679,0][0.555386,0.6798,-1.03506][0.488189,0.23622,-0.84252][35.9653,-36.9575,0][0.568118,0.509014,-1.04483][0.472441,0.0472441,-0.88189][35.9645,-36.9682,0][0.378944,0.344702,-1.12863][0.338583,0,-0.937008][35.9763,-36.9785,0][0.568118,0.509014,-1.04483][0.472441,0.0472441,-0.88189][35.9645,-36.9682,0][0.57253,0.344654,-1.0436][0.472441,0,-0.88189][35.9642,-36.9785,0][0.57253,0.344654,-1.0436][0.472441,0,-0.88189][35.9642,-36.9785,0][0.735702,0.343814,-0.936528][0.622047,0.00787402,-0.779528][35.954,-36.9785,0][0.572942,0.183732,-1.04345][0.480315,-0.00787402,-0.874016][35.9642,-36.9885,0][0.735702,0.343814,-0.936528][0.622047,0.00787402,-0.779528][35.954,-36.9785,0][0.738996,0.186852,-0.934086][0.614173,-0.00787402,-0.787402][35.9538,-36.9883,0][0.572942,0.183732,-1.04345][0.480315,-0.00787402,-0.874016][35.9642,-36.9885,0][0.735702,0.343814,-0.936528][0.622047,0.00787402,-0.779528][35.954,-36.9785,0][0.912438,0.202856,-0.77386][0.732283,0,-0.685039][35.943,-36.9873,0][0.738996,0.186852,-0.934086][0.614173,-0.00787402,-0.787402][35.9538,-36.9883,0][0.912394,-0.000498772,-0.773896][0.732283,0,-0.685039][35.943,-37,0][0.738996,0.186852,-0.934086][0.614173,-0.00787402,-0.787402][35.9538,-36.9883,0][0.912438,0.202856,-0.77386][0.732283,0,-0.685039][35.943,-36.9873,0][0.912438,0.202856,-0.77386][0.732283,0,-0.685039][35.943,-36.9873,0][0.735702,0.343814,-0.936528][0.622047,0.00787402,-0.779528][35.954,-36.9785,0][0.912332,0.406816,-0.773768][0.724409,0.00787402,-0.685039][35.943,-36.9746,0][0.732998,0.513222,-0.937306][0.622047,0.0551181,-0.779528][35.9542,-36.9679,0][0.735702,0.343814,-0.936528][0.622047,0.00787402,-0.779528][35.954,-36.9785,0][0.57253,0.344654,-1.0436][0.472441,0,-0.88189][35.9642,-36.9785,0][0.732998,0.513222,-0.937306][0.622047,0.0551181,-0.779528][35.9542,-36.9679,0][0.912332,0.406816,-0.773768][0.724409,0.00787402,-0.685039][35.943,-36.9746,0][0.735702,0.343814,-0.936528][0.622047,0.00787402,-0.779528][35.954,-36.9785,0][0.568118,0.509014,-1.04483][0.472441,0.0472441,-0.88189][35.9645,-36.9682,0][0.732998,0.513222,-0.937306][0.622047,0.0551181,-0.779528][35.9542,-36.9679,0][0.57253,0.344654,-1.0436][0.472441,0,-0.88189][35.9642,-36.9785,0][0.912332,0.406816,-0.773768][0.724409,0.00787402,-0.685039][35.943,-36.9746,0][0.732998,0.513222,-0.937306][0.622047,0.0551181,-0.779528][35.9542,-36.9679,0][0.906644,0.614014,-0.77004][0.716535,0.102362,-0.685039][35.9433,-36.9616,0][0.732474,0.679728,-0.91978][0.590551,0.23622,-0.771654][35.9542,-36.9575,0][0.732998,0.513222,-0.937306][0.622047,0.0551181,-0.779528][35.9542,-36.9679,0][0.568118,0.509014,-1.04483][0.472441,0.0472441,-0.88189][35.9645,-36.9682,0][0.732474,0.679728,-0.91978][0.590551,0.23622,-0.771654][35.9542,-36.9575,0][0.906644,0.614014,-0.77004][0.716535,0.102362,-0.685039][35.9433,-36.9616,0][0.732998,0.513222,-0.937306][0.622047,0.0551181,-0.779528][35.9542,-36.9679,0][0.555386,0.6798,-1.03506][0.488189,0.23622,-0.84252][35.9653,-36.9575,0][0.732474,0.679728,-0.91978][0.590551,0.23622,-0.771654][35.9542,-36.9575,0][0.568118,0.509014,-1.04483][0.472441,0.0472441,-0.88189][35.9645,-36.9682,0][0.906644,0.614014,-0.77004][0.716535,0.102362,-0.685039][35.9433,-36.9616,0][0.732474,0.679728,-0.91978][0.590551,0.23622,-0.771654][35.9542,-36.9575,0][0.87345,0.805378,-0.748306][0.669291,0.307087,-0.677165][35.9454,-36.9497,0][0.555386,0.6798,-1.03506][0.488189,0.23622,-0.84252][35.9653,-36.9575,0][0.705146,0.947748,-0.812954][0.543307,0.433071,-0.716535][35.9559,-36.9408,0][0.732474,0.679728,-0.91978][0.590551,0.23622,-0.771654][35.9542,-36.9575,0][0.705146,0.947748,-0.812954][0.543307,0.433071,-0.716535][35.9559,-36.9408,0][0.87345,0.805378,-0.748306][0.669291,0.307087,-0.677165][35.9454,-36.9497,0][0.732474,0.679728,-0.91978][0.590551,0.23622,-0.771654][35.9542,-36.9575,0][0.87345,0.805378,-0.748306][0.669291,0.307087,-0.677165][35.9454,-36.9497,0][0.705146,0.947748,-0.812954][0.543307,0.433071,-0.716535][35.9559,-36.9408,0][0.81398,0.94774,-0.70777][0.622047,0.480315,-0.614173][35.9491,-36.9408,0][-0.33592,-0.547512,-0.834432][-0.362205,-0.0629921,-0.929134][36.021,-37.0342,0][-0.277234,-0.68198,-0.836552][-0.307087,-0.133858,-0.944882][36.0173,-37.0426,0][-0.355004,-0.68211,-0.807722][-0.377953,-0.125984,-0.92126][36.0222,-37.0426,0][-0.355004,-0.68211,-0.807722][-0.377953,-0.125984,-0.92126][36.0222,-37.0426,0][-0.396608,-0.544346,-0.808152][-0.425197,-0.0551181,-0.905512][36.0248,-37.034,0][-0.33592,-0.547512,-0.834432][-0.362205,-0.0629921,-0.929134][36.021,-37.0342,0][-0.396608,-0.544346,-0.808152][-0.425197,-0.0551181,-0.905512][36.0248,-37.034,0][-0.355004,-0.68211,-0.807722][-0.377953,-0.125984,-0.92126][36.0222,-37.0426,0][-0.415756,-0.681182,-0.77944][-0.417323,-0.125984,-0.897638][36.026,-37.0426,0][-0.447392,-0.551448,-0.780614][-0.464567,-0.0472441,-0.88189][36.028,-37.0345,0][-0.396608,-0.544346,-0.808152][-0.425197,-0.0551181,-0.905512][36.0248,-37.034,0][-0.415756,-0.681182,-0.77944][-0.417323,-0.125984,-0.897638][36.026,-37.0426,0][-0.446546,-0.415502,-0.784132][-0.464567,-0.015748,-0.88189][36.0279,-37.026,0][-0.396608,-0.544346,-0.808152][-0.425197,-0.0551181,-0.905512][36.0248,-37.034,0][-0.447392,-0.551448,-0.780614][-0.464567,-0.0472441,-0.88189][36.028,-37.0345,0][-0.265976,-0.545178,-0.85938][-0.299213,-0.0629921,-0.952756][36.0166,-37.0341,0][-0.277234,-0.68198,-0.836552][-0.307087,-0.133858,-0.944882][36.0173,-37.0426,0][-0.33592,-0.547512,-0.834432][-0.362205,-0.0629921,-0.929134][36.021,-37.0342,0][-0.265976,-0.545178,-0.85938][-0.299213,-0.0629921,-0.952756][36.0166,-37.0341,0][-0.20879,-0.679234,-0.857138][-0.23622,-0.133858,-0.96063][36.0131,-37.0425,0][-0.277234,-0.68198,-0.836552][-0.307087,-0.133858,-0.944882][36.0173,-37.0426,0][-0.396608,-0.544346,-0.808152][-0.425197,-0.0551181,-0.905512][36.0248,-37.034,0][-0.334804,-0.351242,-0.837972][-0.362205,-0.00787402,-0.929134][36.0209,-37.022,0][-0.33592,-0.547512,-0.834432][-0.362205,-0.0629921,-0.929134][36.021,-37.0342,0][-0.334804,-0.351242,-0.837972][-0.362205,-0.00787402,-0.929134][36.0209,-37.022,0][-0.265976,-0.545178,-0.85938][-0.299213,-0.0629921,-0.952756][36.0166,-37.0341,0][-0.33592,-0.547512,-0.834432][-0.362205,-0.0629921,-0.929134][36.021,-37.0342,0][-0.393314,-0.350714,-0.8123][-0.417323,-0.00787402,-0.905512][36.0246,-37.0219,0][-0.396608,-0.544346,-0.808152][-0.425197,-0.0551181,-0.905512][36.0248,-37.034,0][-0.446546,-0.415502,-0.784132][-0.464567,-0.015748,-0.88189][36.0279,-37.026,0][-0.334804,-0.351242,-0.837972][-0.362205,-0.00787402,-0.929134][36.0209,-37.022,0][-0.396608,-0.544346,-0.808152][-0.425197,-0.0551181,-0.905512][36.0248,-37.034,0][-0.393314,-0.350714,-0.8123][-0.417323,-0.00787402,-0.905512][36.0246,-37.0219,0][-0.445384,-0.279056,-0.784896][-0.464567,0,-0.88189][36.0278,-37.0174,0][-0.393314,-0.350714,-0.8123][-0.417323,-0.00787402,-0.905512][36.0246,-37.0219,0][-0.446546,-0.415502,-0.784132][-0.464567,-0.015748,-0.88189][36.0279,-37.026,0][-0.39496,-0.145174,-0.811646][-0.409449,0,-0.913386][36.0247,-37.0091,0][-0.393314,-0.350714,-0.8123][-0.417323,-0.00787402,-0.905512][36.0246,-37.0219,0][-0.445384,-0.279056,-0.784896][-0.464567,0,-0.88189][36.0278,-37.0174,0][-0.337288,-0.144203,-0.836888][-0.362205,0,-0.929134][36.0211,-37.009,0][-0.393314,-0.350714,-0.8123][-0.417323,-0.00787402,-0.905512][36.0246,-37.0219,0][-0.39496,-0.145174,-0.811646][-0.409449,0,-0.913386][36.0247,-37.0091,0][-0.393314,-0.350714,-0.8123][-0.417323,-0.00787402,-0.905512][36.0246,-37.0219,0][-0.337288,-0.144203,-0.836888][-0.362205,0,-0.929134][36.0211,-37.009,0][-0.334804,-0.351242,-0.837972][-0.362205,-0.00787402,-0.929134][36.0209,-37.022,0][-0.262536,-0.144122,-0.863166][-0.291339,0,-0.952756][36.0164,-37.009,0][-0.334804,-0.351242,-0.837972][-0.362205,-0.00787402,-0.929134][36.0209,-37.022,0][-0.337288,-0.144203,-0.836888][-0.362205,0,-0.929134][36.0211,-37.009,0][-0.193353,-0.545254,-0.878652][-0.228346,-0.0629921,-0.976378][36.0121,-37.0341,0][-0.20879,-0.679234,-0.857138][-0.23622,-0.133858,-0.96063][36.0131,-37.0425,0][-0.265976,-0.545178,-0.85938][-0.299213,-0.0629921,-0.952756][36.0166,-37.0341,0][-0.261164,-0.351204,-0.863492][-0.291339,-0.00787402,-0.952756][36.0163,-37.0219,0][-0.265976,-0.545178,-0.85938][-0.299213,-0.0629921,-0.952756][36.0166,-37.0341,0][-0.334804,-0.351242,-0.837972][-0.362205,-0.00787402,-0.929134][36.0209,-37.022,0][-0.334804,-0.351242,-0.837972][-0.362205,-0.00787402,-0.929134][36.0209,-37.022,0][-0.262536,-0.144122,-0.863166][-0.291339,0,-0.952756][36.0164,-37.009,0][-0.261164,-0.351204,-0.863492][-0.291339,-0.00787402,-0.952756][36.0163,-37.0219,0][-0.261164,-0.351204,-0.863492][-0.291339,-0.00787402,-0.952756][36.0163,-37.0219,0][-0.193353,-0.545254,-0.878652][-0.228346,-0.0629921,-0.976378][36.0121,-37.0341,0][-0.265976,-0.545178,-0.85938][-0.299213,-0.0629921,-0.952756][36.0166,-37.0341,0][-0.262536,-0.144122,-0.863166][-0.291339,0,-0.952756][36.0164,-37.009,0][-0.193717,-0.351194,-0.881122][-0.220472,-0.00787402,-0.976378][36.0121,-37.0219,0][-0.261164,-0.351204,-0.863492][-0.291339,-0.00787402,-0.952756][36.0163,-37.0219,0][-0.193717,-0.351194,-0.881122][-0.220472,-0.00787402,-0.976378][36.0121,-37.0219,0][-0.193353,-0.545254,-0.878652][-0.228346,-0.0629921,-0.976378][36.0121,-37.0341,0][-0.261164,-0.351204,-0.863492][-0.291339,-0.00787402,-0.952756][36.0163,-37.0219,0][-0.191739,-0.144116,-0.881656][-0.220472,0,-0.976378][36.012,-37.009,0][-0.193717,-0.351194,-0.881122][-0.220472,-0.00787402,-0.976378][36.0121,-37.0219,0][-0.262536,-0.144122,-0.863166][-0.291339,0,-0.952756][36.0164,-37.009,0][-0.193353,-0.545254,-0.878652][-0.228346,-0.0629921,-0.976378][36.0121,-37.0341,0][-0.142185,-0.679022,-0.870752][-0.15748,-0.125984,-0.976378][36.0089,-37.0424,0][-0.20879,-0.679234,-0.857138][-0.23622,-0.133858,-0.96063][36.0131,-37.0425,0][-0.134446,-0.144114,-0.892398][-0.149606,0,-0.992126][36.0084,-37.009,0][-0.193717,-0.351194,-0.881122][-0.220472,-0.00787402,-0.976378][36.0121,-37.0219,0][-0.191739,-0.144116,-0.881656][-0.220472,0,-0.976378][36.012,-37.009,0][-0.193717,-0.351194,-0.881122][-0.220472,-0.00787402,-0.976378][36.0121,-37.0219,0][-0.134446,-0.144114,-0.892398][-0.149606,0,-0.992126][36.0084,-37.009,0][-0.132306,-0.351216,-0.892866][-0.149606,-0.00787402,-0.992126][36.0083,-37.0219,0][-0.132306,-0.351216,-0.892866][-0.149606,-0.00787402,-0.992126][36.0083,-37.0219,0][-0.193353,-0.545254,-0.878652][-0.228346,-0.0629921,-0.976378][36.0121,-37.0341,0][-0.193717,-0.351194,-0.881122][-0.220472,-0.00787402,-0.976378][36.0121,-37.0219,0][-0.07383,-0.144111,-0.89927][-0.0708661,0,-1][36.0046,-37.009,0][-0.132306,-0.351216,-0.892866][-0.149606,-0.00787402,-0.992126][36.0083,-37.0219,0][-0.134446,-0.144114,-0.892398][-0.149606,0,-0.992126][36.0084,-37.009,0][-0.134991,-0.546842,-0.889164][-0.149606,-0.0629921,-0.984252][36.0084,-37.0342,0][-0.142185,-0.679022,-0.870752][-0.15748,-0.125984,-0.976378][36.0089,-37.0424,0][-0.193353,-0.545254,-0.878652][-0.228346,-0.0629921,-0.976378][36.0121,-37.0341,0][-0.193353,-0.545254,-0.878652][-0.228346,-0.0629921,-0.976378][36.0121,-37.0341,0][-0.132306,-0.351216,-0.892866][-0.149606,-0.00787402,-0.992126][36.0083,-37.0219,0][-0.134991,-0.546842,-0.889164][-0.149606,-0.0629921,-0.984252][36.0084,-37.0342,0][-0.134991,-0.546842,-0.889164][-0.149606,-0.0629921,-0.984252][36.0084,-37.0342,0][-0.0841602,-0.680954,-0.877648][-0.0787402,-0.133858,-0.992126][36.0053,-37.0426,0][-0.142185,-0.679022,-0.870752][-0.15748,-0.125984,-0.976378][36.0089,-37.0424,0][-0.0767174,-0.544818,-0.89612][-0.0708661,-0.0629921,-0.992126][36.0048,-37.034,0][-0.0841602,-0.680954,-0.877648][-0.0787402,-0.133858,-0.992126][36.0053,-37.0426,0][-0.134991,-0.546842,-0.889164][-0.149606,-0.0629921,-0.984252][36.0084,-37.0342,0][-0.132306,-0.351216,-0.892866][-0.149606,-0.00787402,-0.992126][36.0083,-37.0219,0][-0.0767174,-0.544818,-0.89612][-0.0708661,-0.0629921,-0.992126][36.0048,-37.034,0][-0.134991,-0.546842,-0.889164][-0.149606,-0.0629921,-0.984252][36.0084,-37.0342,0][-0.0767174,-0.544818,-0.89612][-0.0708661,-0.0629921,-0.992126][36.0048,-37.034,0][-1.51832e-06,-0.680926,-0.881644][0,-0.133858,-0.992126][36,-37.0426,0][-0.0841602,-0.680954,-0.877648][-0.0787402,-0.133858,-0.992126][36.0053,-37.0426,0][-0.132306,-0.351216,-0.892866][-0.149606,-0.00787402,-0.992126][36.0083,-37.0219,0][-0.07383,-0.144111,-0.89927][-0.0708661,0,-1][36.0046,-37.009,0][-0.075023,-0.3513,-0.899064][-0.0708661,-0.00787402,-1][36.0047,-37.022,0][-0.075023,-0.3513,-0.899064][-0.0708661,-0.00787402,-1][36.0047,-37.022,0][-0.0767174,-0.544818,-0.89612][-0.0708661,-0.0629921,-0.992126][36.0048,-37.034,0][-0.132306,-0.351216,-0.892866][-0.149606,-0.00787402,-0.992126][36.0083,-37.0219,0][-0.07383,-0.144111,-0.89927][-0.0708661,0,-1][36.0046,-37.009,0][4.09252e-07,-0.35128,-0.902176][0,-0.00787402,-1][36,-37.022,0][-0.075023,-0.3513,-0.899064][-0.0708661,-0.00787402,-1][36.0047,-37.022,0][-4.89538e-08,-0.14411,-0.902278][0,0,-1][36,-37.009,0][4.09252e-07,-0.35128,-0.902176][0,-0.00787402,-1][36,-37.022,0][-0.07383,-0.144111,-0.89927][-0.0708661,0,-1][36.0046,-37.009,0][-0.075023,-0.3513,-0.899064][-0.0708661,-0.00787402,-1][36.0047,-37.022,0][-3.26254e-07,-0.544856,-0.899386][0,-0.0629921,-1][36,-37.0341,0][-0.0767174,-0.544818,-0.89612][-0.0708661,-0.0629921,-0.992126][36.0048,-37.034,0][-3.26254e-07,-0.544856,-0.899386][0,-0.0629921,-1][36,-37.0341,0][-1.51832e-06,-0.680926,-0.881644][0,-0.133858,-0.992126][36,-37.0426,0][-0.0767174,-0.544818,-0.89612][-0.0708661,-0.0629921,-0.992126][36.0048,-37.034,0][4.09252e-07,-0.35128,-0.902176][0,-0.00787402,-1][36,-37.022,0][-3.26254e-07,-0.544856,-0.899386][0,-0.0629921,-1][36,-37.0341,0][-0.075023,-0.3513,-0.899064][-0.0708661,-0.00787402,-1][36.0047,-37.022,0][0.0738474,-0.144111,-0.899268][0.0708661,0,-1][35.9954,-37.009,0][4.09252e-07,-0.35128,-0.902176][0,-0.00787402,-1][36,-37.022,0][-4.89538e-08,-0.14411,-0.902278][0,0,-1][36,-37.009,0][0.076719,-0.544778,-0.896122][0.0708661,-0.0629921,-0.992126][35.9952,-37.034,0][-1.51832e-06,-0.680926,-0.881644][0,-0.133858,-0.992126][36,-37.0426,0][-3.26254e-07,-0.544856,-0.899386][0,-0.0629921,-1][36,-37.0341,0][0.0750404,-0.351282,-0.899064][0.0708661,-0.00787402,-1][35.9953,-37.022,0][-3.26254e-07,-0.544856,-0.899386][0,-0.0629921,-1][36,-37.0341,0][4.09252e-07,-0.35128,-0.902176][0,-0.00787402,-1][36,-37.022,0][4.09252e-07,-0.35128,-0.902176][0,-0.00787402,-1][36,-37.022,0][0.0738474,-0.144111,-0.899268][0.0708661,0,-1][35.9954,-37.009,0][0.0750404,-0.351282,-0.899064][0.0708661,-0.00787402,-1][35.9953,-37.022,0][-3.26254e-07,-0.544856,-0.899386][0,-0.0629921,-1][36,-37.0341,0][0.0750404,-0.351282,-0.899064][0.0708661,-0.00787402,-1][35.9953,-37.022,0][0.076719,-0.544778,-0.896122][0.0708661,-0.0629921,-0.992126][35.9952,-37.034,0][-1.51832e-06,-0.680926,-0.881644][0,-0.133858,-0.992126][36,-37.0426,0][0.076719,-0.544778,-0.896122][0.0708661,-0.0629921,-0.992126][35.9952,-37.034,0][0.0841604,-0.6809,-0.877662][0.0787402,-0.125984,-0.992126][35.9947,-37.0426,0][0.0738474,-0.144111,-0.899268][0.0708661,0,-1][35.9954,-37.009,0][0.132314,-0.351196,-0.892866][0.149606,-0.00787402,-0.992126][35.9917,-37.0219,0][0.0750404,-0.351282,-0.899064][0.0708661,-0.00787402,-1][35.9953,-37.022,0][0.132314,-0.351196,-0.892866][0.149606,-0.00787402,-0.992126][35.9917,-37.0219,0][0.076719,-0.544778,-0.896122][0.0708661,-0.0629921,-0.992126][35.9952,-37.034,0][0.0750404,-0.351282,-0.899064][0.0708661,-0.00787402,-1][35.9953,-37.022,0][0.132314,-0.351196,-0.892866][0.149606,-0.00787402,-0.992126][35.9917,-37.0219,0][0.0738474,-0.144111,-0.899268][0.0708661,0,-1][35.9954,-37.009,0][0.134466,-0.144112,-0.892396][0.149606,0,-0.992126][35.9916,-37.009,0][0.134995,-0.546804,-0.889166][0.149606,-0.0629921,-0.984252][35.9916,-37.0342,0][0.0841604,-0.6809,-0.877662][0.0787402,-0.125984,-0.992126][35.9947,-37.0426,0][0.076719,-0.544778,-0.896122][0.0708661,-0.0629921,-0.992126][35.9952,-37.034,0][0.076719,-0.544778,-0.896122][0.0708661,-0.0629921,-0.992126][35.9952,-37.034,0][0.132314,-0.351196,-0.892866][0.149606,-0.00787402,-0.992126][35.9917,-37.0219,0][0.134995,-0.546804,-0.889166][0.149606,-0.0629921,-0.984252][35.9916,-37.0342,0][0.0841604,-0.6809,-0.877662][0.0787402,-0.125984,-0.992126][35.9947,-37.0426,0][0.134995,-0.546804,-0.889166][0.149606,-0.0629921,-0.984252][35.9916,-37.0342,0][0.142187,-0.678964,-0.870766][0.15748,-0.125984,-0.976378][35.9911,-37.0424,0][0.193355,-0.54529,-0.878648][0.228346,-0.0629921,-0.976378][35.9879,-37.0341,0][0.142187,-0.678964,-0.870766][0.15748,-0.125984,-0.976378][35.9911,-37.0424,0][0.134995,-0.546804,-0.889166][0.149606,-0.0629921,-0.984252][35.9916,-37.0342,0][0.132314,-0.351196,-0.892866][0.149606,-0.00787402,-0.992126][35.9917,-37.0219,0][0.193355,-0.54529,-0.878648][0.228346,-0.0629921,-0.976378][35.9879,-37.0341,0][0.134995,-0.546804,-0.889166][0.149606,-0.0629921,-0.984252][35.9916,-37.0342,0][0.142187,-0.678964,-0.870766][0.15748,-0.125984,-0.976378][35.9911,-37.0424,0][0.193355,-0.54529,-0.878648][0.228346,-0.0629921,-0.976378][35.9879,-37.0341,0][0.208798,-0.679282,-0.85712][0.23622,-0.133858,-0.96063][35.9869,-37.0425,0][0.134466,-0.144112,-0.892396][0.149606,0,-0.992126][35.9916,-37.009,0][0.19378,-0.351212,-0.881108][0.220472,-0.00787402,-0.976378][35.9879,-37.0219,0][0.132314,-0.351196,-0.892866][0.149606,-0.00787402,-0.992126][35.9917,-37.0219,0][0.193355,-0.54529,-0.878648][0.228346,-0.0629921,-0.976378][35.9879,-37.0341,0][0.132314,-0.351196,-0.892866][0.149606,-0.00787402,-0.992126][35.9917,-37.0219,0][0.19378,-0.351212,-0.881108][0.220472,-0.00787402,-0.976378][35.9879,-37.0219,0][0.191758,-0.144117,-0.881652][0.220472,0,-0.976378][35.988,-37.009,0][0.19378,-0.351212,-0.881108][0.220472,-0.00787402,-0.976378][35.9879,-37.0219,0][0.134466,-0.144112,-0.892396][0.149606,0,-0.992126][35.9916,-37.009,0][0.26255,-0.14412,-0.86316][0.291339,0,-0.952756][35.9836,-37.009,0][0.19378,-0.351212,-0.881108][0.220472,-0.00787402,-0.976378][35.9879,-37.0219,0][0.191758,-0.144117,-0.881652][0.220472,0,-0.976378][35.988,-37.009,0][0.261168,-0.35122,-0.863492][0.291339,-0.00787402,-0.952756][35.9837,-37.0219,0][0.193355,-0.54529,-0.878648][0.228346,-0.0629921,-0.976378][35.9879,-37.0341,0][0.19378,-0.351212,-0.881108][0.220472,-0.00787402,-0.976378][35.9879,-37.0219,0][0.19378,-0.351212,-0.881108][0.220472,-0.00787402,-0.976378][35.9879,-37.0219,0][0.26255,-0.14412,-0.86316][0.291339,0,-0.952756][35.9836,-37.009,0][0.261168,-0.35122,-0.863492][0.291339,-0.00787402,-0.952756][35.9837,-37.0219,0][0.265978,-0.545214,-0.859374][0.299213,-0.0629921,-0.952756][35.9834,-37.0341,0][0.208798,-0.679282,-0.85712][0.23622,-0.133858,-0.96063][35.9869,-37.0425,0][0.193355,-0.54529,-0.878648][0.228346,-0.0629921,-0.976378][35.9879,-37.0341,0][0.193355,-0.54529,-0.878648][0.228346,-0.0629921,-0.976378][35.9879,-37.0341,0][0.261168,-0.35122,-0.863492][0.291339,-0.00787402,-0.952756][35.9837,-37.0219,0][0.265978,-0.545214,-0.859374][0.299213,-0.0629921,-0.952756][35.9834,-37.0341,0][0.208798,-0.679282,-0.85712][0.23622,-0.133858,-0.96063][35.9869,-37.0425,0][0.265978,-0.545214,-0.859374][0.299213,-0.0629921,-0.952756][35.9834,-37.0341,0][0.277242,-0.682032,-0.836534][0.307087,-0.133858,-0.944882][35.9827,-37.0426,0][0.26255,-0.14412,-0.86316][0.291339,0,-0.952756][35.9836,-37.009,0][0.334808,-0.351308,-0.83797][0.362205,-0.00787402,-0.929134][35.9791,-37.022,0][0.261168,-0.35122,-0.863492][0.291339,-0.00787402,-0.952756][35.9837,-37.0219,0][0.334808,-0.351308,-0.83797][0.362205,-0.00787402,-0.929134][35.9791,-37.022,0][0.265978,-0.545214,-0.859374][0.299213,-0.0629921,-0.952756][35.9834,-37.0341,0][0.261168,-0.35122,-0.863492][0.291339,-0.00787402,-0.952756][35.9837,-37.0219,0][0.337306,-0.144203,-0.83688][0.362205,0,-0.929134][35.9789,-37.009,0][0.334808,-0.351308,-0.83797][0.362205,-0.00787402,-0.929134][35.9791,-37.022,0][0.26255,-0.14412,-0.86316][0.291339,0,-0.952756][35.9836,-37.009,0][0.394978,-0.145172,-0.811636][0.409449,0,-0.913386][35.9753,-37.0091,0][0.334808,-0.351308,-0.83797][0.362205,-0.00787402,-0.929134][35.9791,-37.022,0][0.337306,-0.144203,-0.83688][0.362205,0,-0.929134][35.9789,-37.009,0][0.33593,-0.547562,-0.834422][0.362205,-0.0629921,-0.929134][35.979,-37.0342,0][0.277242,-0.682032,-0.836534][0.307087,-0.133858,-0.944882][35.9827,-37.0426,0][0.265978,-0.545214,-0.859374][0.299213,-0.0629921,-0.952756][35.9834,-37.0341,0][0.265978,-0.545214,-0.859374][0.299213,-0.0629921,-0.952756][35.9834,-37.0341,0][0.334808,-0.351308,-0.83797][0.362205,-0.00787402,-0.929134][35.9791,-37.022,0][0.33593,-0.547562,-0.834422][0.362205,-0.0629921,-0.929134][35.979,-37.0342,0][0.277242,-0.682032,-0.836534][0.307087,-0.133858,-0.944882][35.9827,-37.0426,0][0.33593,-0.547562,-0.834422][0.362205,-0.0629921,-0.929134][35.979,-37.0342,0][0.355008,-0.682106,-0.80772][0.377953,-0.125984,-0.92126][35.9778,-37.0426,0][0.334808,-0.351308,-0.83797][0.362205,-0.00787402,-0.929134][35.9791,-37.022,0][0.394978,-0.145172,-0.811636][0.409449,0,-0.913386][35.9753,-37.0091,0][0.393314,-0.3522,-0.812296][0.417323,-0.00787402,-0.905512][35.9754,-37.022,0][0.393314,-0.3522,-0.812296][0.417323,-0.00787402,-0.905512][35.9754,-37.022,0][0.33593,-0.547562,-0.834422][0.362205,-0.0629921,-0.929134][35.979,-37.0342,0][0.334808,-0.351308,-0.83797][0.362205,-0.00787402,-0.929134][35.9791,-37.022,0][0.44538,-0.280066,-0.784898][0.464567,0,-0.88189][35.9722,-37.0175,0][0.393314,-0.3522,-0.812296][0.417323,-0.00787402,-0.905512][35.9754,-37.022,0][0.394978,-0.145172,-0.811636][0.409449,0,-0.913386][35.9753,-37.0091,0][0.446546,-0.41553,-0.784132][0.464567,-0.015748,-0.88189][35.9721,-37.026,0][0.393314,-0.3522,-0.812296][0.417323,-0.00787402,-0.905512][35.9754,-37.022,0][0.44538,-0.280066,-0.784898][0.464567,0,-0.88189][35.9722,-37.0175,0][0.33593,-0.547562,-0.834422][0.362205,-0.0629921,-0.929134][35.979,-37.0342,0][0.393314,-0.3522,-0.812296][0.417323,-0.00787402,-0.905512][35.9754,-37.022,0][0.39665,-0.54555,-0.808032][0.425197,-0.0551181,-0.905512][35.9752,-37.0341,0][0.446546,-0.41553,-0.784132][0.464567,-0.015748,-0.88189][35.9721,-37.026,0][0.39665,-0.54555,-0.808032][0.425197,-0.0551181,-0.905512][35.9752,-37.0341,0][0.393314,-0.3522,-0.812296][0.417323,-0.00787402,-0.905512][35.9754,-37.022,0][0.39665,-0.54555,-0.808032][0.425197,-0.0551181,-0.905512][35.9752,-37.0341,0][0.355008,-0.682106,-0.80772][0.377953,-0.125984,-0.92126][35.9778,-37.0426,0][0.33593,-0.547562,-0.834422][0.362205,-0.0629921,-0.929134][35.979,-37.0342,0][0.39665,-0.54555,-0.808032][0.425197,-0.0551181,-0.905512][35.9752,-37.0341,0][0.446546,-0.41553,-0.784132][0.464567,-0.015748,-0.88189][35.9721,-37.026,0][0.4474,-0.551432,-0.78061][0.464567,-0.0472441,-0.88189][35.972,-37.0345,0][0.355008,-0.682106,-0.80772][0.377953,-0.125984,-0.92126][35.9778,-37.0426,0][0.39665,-0.54555,-0.808032][0.425197,-0.0551181,-0.905512][35.9752,-37.0341,0][0.415762,-0.681126,-0.779454][0.417323,-0.125984,-0.897638][35.974,-37.0426,0][0.415762,-0.681126,-0.779454][0.417323,-0.125984,-0.897638][35.974,-37.0426,0][0.39665,-0.54555,-0.808032][0.425197,-0.0551181,-0.905512][35.9752,-37.0341,0][0.4474,-0.551432,-0.78061][0.464567,-0.0472441,-0.88189][35.972,-37.0345,0][-0.132422,0.833762,-1.15401][-0.417323,-0.401575,-0.818898][36.0083,-36.9479,0][-0.155065,0.846366,-1.14578][-0.440945,-0.330709,-0.834646][36.0097,-36.9471,0][-0.140733,0.856298,-1.14318][-0.110236,0.409449,-0.905512][36.0088,-36.9465,0][-0.132422,0.833762,-1.15401][-0.417323,-0.401575,-0.818898][36.0083,-36.9479,0][-0.140733,0.856298,-1.14318][-0.110236,0.409449,-0.905512][36.0088,-36.9465,0][-0.11438,0.828378,-1.15795][0.346457,-0.370079,-0.866142][36.0071,-36.9482,0][-0.140733,0.856298,-1.14318][-0.110236,0.409449,-0.905512][36.0088,-36.9465,0][-0.113921,0.84517,-1.15126][0.645669,0.488189,-0.590551][36.0071,-36.9472,0][-0.11438,0.828378,-1.15795][0.346457,-0.370079,-0.866142][36.0071,-36.9482,0][-0.113921,0.84517,-1.15126][0.645669,0.488189,-0.590551][36.0071,-36.9472,0][-0.140733,0.856298,-1.14318][-0.110236,0.409449,-0.905512][36.0088,-36.9465,0][-0.126249,0.865536,-1.1408][0.551181,0.732283,-0.401575][36.0079,-36.9459,0][-0.140733,0.856298,-1.14318][-0.110236,0.409449,-0.905512][36.0088,-36.9465,0][-0.150751,0.885592,-1.12792][0.370079,0.874016,-0.307087][36.0094,-36.9446,0][-0.126249,0.865536,-1.1408][0.551181,0.732283,-0.401575][36.0079,-36.9459,0][-0.155065,0.846366,-1.14578][-0.440945,-0.330709,-0.834646][36.0097,-36.9471,0][-0.164228,0.871624,-1.13309][-0.125984,0.433071,-0.889764][36.0103,-36.9455,0][-0.140733,0.856298,-1.14318][-0.110236,0.409449,-0.905512][36.0088,-36.9465,0][-0.150751,0.885592,-1.12792][0.370079,0.874016,-0.307087][36.0094,-36.9446,0][-0.140733,0.856298,-1.14318][-0.110236,0.409449,-0.905512][36.0088,-36.9465,0][-0.164228,0.871624,-1.13309][-0.125984,0.433071,-0.889764][36.0103,-36.9455,0][-0.164228,0.871624,-1.13309][-0.125984,0.433071,-0.889764][36.0103,-36.9455,0][-0.155065,0.846366,-1.14578][-0.440945,-0.330709,-0.834646][36.0097,-36.9471,0][-0.178801,0.856338,-1.13812][-0.338583,-0.244094,-0.913386][36.0112,-36.9465,0][-0.164228,0.871624,-1.13309][-0.125984,0.433071,-0.889764][36.0103,-36.9455,0][-0.181757,0.897306,-1.11703][0.15748,0.952756,-0.259843][36.0114,-36.9439,0][-0.150751,0.885592,-1.12792][0.370079,0.874016,-0.307087][36.0094,-36.9446,0][-0.178801,0.856338,-1.13812][-0.338583,-0.244094,-0.913386][36.0112,-36.9465,0][-0.190649,0.879744,-1.1249][-0.149606,0.448819,-0.88189][36.0119,-36.945,0][-0.164228,0.871624,-1.13309][-0.125984,0.433071,-0.889764][36.0103,-36.9455,0][-0.181757,0.897306,-1.11703][0.15748,0.952756,-0.259843][36.0114,-36.9439,0][-0.164228,0.871624,-1.13309][-0.125984,0.433071,-0.889764][36.0103,-36.9455,0][-0.190649,0.879744,-1.1249][-0.149606,0.448819,-0.88189][36.0119,-36.945,0][-0.190649,0.879744,-1.1249][-0.149606,0.448819,-0.88189][36.0119,-36.945,0][-0.178801,0.856338,-1.13812][-0.338583,-0.244094,-0.913386][36.0112,-36.9465,0][-0.200052,0.859882,-1.13305][-0.244094,-0.204724,-0.944882][36.0125,-36.9463,0][-0.190649,0.879744,-1.1249][-0.149606,0.448819,-0.88189][36.0119,-36.945,0][-0.2161,0.901666,-1.10871][-0.0393701,0.976378,-0.212598][36.0135,-36.9436,0][-0.181757,0.897306,-1.11703][0.15748,0.952756,-0.259843][36.0114,-36.9439,0][-0.200052,0.859882,-1.13305][-0.244094,-0.204724,-0.944882][36.0125,-36.9463,0][-0.218052,0.882746,-1.11849][-0.165354,0.456693,-0.874016][36.0136,-36.9448,0][-0.190649,0.879744,-1.1249][-0.149606,0.448819,-0.88189][36.0119,-36.945,0][-0.2161,0.901666,-1.10871][-0.0393701,0.976378,-0.212598][36.0135,-36.9436,0][-0.190649,0.879744,-1.1249][-0.149606,0.448819,-0.88189][36.0119,-36.945,0][-0.218052,0.882746,-1.11849][-0.165354,0.456693,-0.874016][36.0136,-36.9448,0][-0.218052,0.882746,-1.11849][-0.165354,0.456693,-0.874016][36.0136,-36.9448,0][-0.200052,0.859882,-1.13305][-0.244094,-0.204724,-0.944882][36.0125,-36.9463,0][-0.22009,0.861506,-1.12862][-0.188976,-0.173228,-0.968504][36.0138,-36.9462,0][-0.218052,0.882746,-1.11849][-0.165354,0.456693,-0.874016][36.0136,-36.9448,0][-0.251652,0.897338,-1.10378][-0.244094,0.952756,-0.181102][36.0157,-36.9439,0][-0.2161,0.901666,-1.10871][-0.0393701,0.976378,-0.212598][36.0135,-36.9436,0][-0.22009,0.861506,-1.12862][-0.188976,-0.173228,-0.968504][36.0138,-36.9462,0][-0.246178,0.879612,-1.11441][-0.188976,0.448819,-0.874016][36.0154,-36.945,0][-0.218052,0.882746,-1.11849][-0.165354,0.456693,-0.874016][36.0136,-36.9448,0][-0.251652,0.897338,-1.10378][-0.244094,0.952756,-0.181102][36.0157,-36.9439,0][-0.218052,0.882746,-1.11849][-0.165354,0.456693,-0.874016][36.0136,-36.9448,0][-0.246178,0.879612,-1.11441][-0.188976,0.448819,-0.874016][36.0154,-36.945,0][-0.246178,0.879612,-1.11441][-0.188976,0.448819,-0.874016][36.0154,-36.945,0][-0.22009,0.861506,-1.12862][-0.188976,-0.173228,-0.968504][36.0138,-36.9462,0][-0.240586,0.8598,-1.12503][-0.11811,-0.212598,-0.968504][36.015,-36.9463,0][-0.246178,0.879612,-1.11441][-0.188976,0.448819,-0.874016][36.0154,-36.945,0][-0.240586,0.8598,-1.12503][-0.11811,-0.212598,-0.968504][36.015,-36.9463,0][-0.261876,0.856244,-1.12204][-0.0314961,-0.267717,-0.96063][36.0164,-36.9465,0][-0.251652,0.897338,-1.10378][-0.244094,0.952756,-0.181102][36.0157,-36.9439,0][-0.246178,0.879612,-1.11441][-0.188976,0.448819,-0.874016][36.0154,-36.945,0][-0.273282,0.871258,-1.11241][-0.212598,0.433071,-0.874016][36.0171,-36.9455,0][-0.273282,0.871258,-1.11241][-0.212598,0.433071,-0.874016][36.0171,-36.9455,0][-0.246178,0.879612,-1.11441][-0.188976,0.448819,-0.874016][36.0154,-36.945,0][-0.261876,0.856244,-1.12204][-0.0314961,-0.267717,-0.96063][36.0164,-36.9465,0][-0.284424,0.885184,-1.10233][-0.464567,0.874016,-0.133858][36.0178,-36.9447,0][-0.251652,0.897338,-1.10378][-0.244094,0.952756,-0.181102][36.0157,-36.9439,0][-0.273282,0.871258,-1.11241][-0.212598,0.433071,-0.874016][36.0171,-36.9455,0][-0.286094,0.847908,-1.12014][0.0866142,-0.275591,-0.96063][36.0179,-36.947,0][-0.273282,0.871258,-1.11241][-0.212598,0.433071,-0.874016][36.0171,-36.9455,0][-0.261876,0.856244,-1.12204][-0.0314961,-0.267717,-0.96063][36.0164,-36.9465,0][-0.299568,0.857054,-1.11246][-0.23622,0.409449,-0.88189][36.0187,-36.9464,0][-0.284424,0.885184,-1.10233][-0.464567,0.874016,-0.133858][36.0178,-36.9447,0][-0.273282,0.871258,-1.11241][-0.212598,0.433071,-0.874016][36.0171,-36.9455,0][-0.273282,0.871258,-1.11241][-0.212598,0.433071,-0.874016][36.0171,-36.9455,0][-0.286094,0.847908,-1.12014][0.0866142,-0.275591,-0.96063][36.0179,-36.947,0][-0.299568,0.857054,-1.11246][-0.23622,0.409449,-0.88189][36.0187,-36.9464,0][-0.284424,0.885184,-1.10233][-0.464567,0.874016,-0.133858][36.0178,-36.9447,0][-0.299568,0.857054,-1.11246][-0.23622,0.409449,-0.88189][36.0187,-36.9464,0][-0.312204,0.864962,-1.10529][-0.653543,0.740157,-0.165354][36.0195,-36.9459,0][-0.305526,0.836102,-1.12005][0.0944882,-0.393701,-0.913386][36.0191,-36.9477,0][-0.299568,0.857054,-1.11246][-0.23622,0.409449,-0.88189][36.0187,-36.9464,0][-0.286094,0.847908,-1.12014][0.0866142,-0.275591,-0.96063][36.0179,-36.947,0][-0.299568,0.857054,-1.11246][-0.23622,0.409449,-0.88189][36.0187,-36.9464,0][-0.327102,0.845932,-1.10967][-0.84252,0.456693,-0.299213][36.0204,-36.9471,0][-0.312204,0.864962,-1.10529][-0.653543,0.740157,-0.165354][36.0195,-36.9459,0][-0.299568,0.857054,-1.11246][-0.23622,0.409449,-0.88189][36.0187,-36.9464,0][-0.305526,0.836102,-1.12005][0.0944882,-0.393701,-0.913386][36.0191,-36.9477,0][-0.327268,0.829484,-1.11667][-0.543307,-0.472441,-0.692913][36.0205,-36.9482,0][-0.327102,0.845932,-1.10967][-0.84252,0.456693,-0.299213][36.0204,-36.9471,0][-0.299568,0.857054,-1.11246][-0.23622,0.409449,-0.88189][36.0187,-36.9464,0][-0.327268,0.829484,-1.11667][-0.543307,-0.472441,-0.692913][36.0205,-36.9482,0][0.113203,0.845172,-1.15133][-0.645669,0.488189,-0.590551][35.9929,-36.9472,0][0.140026,0.856302,-1.14327][0.110236,0.409449,-0.905512][35.9912,-36.9465,0][0.11366,0.828374,-1.15802][-0.346457,-0.370079,-0.866142][35.9929,-36.9482,0][0.11366,0.828374,-1.15802][-0.346457,-0.370079,-0.866142][35.9929,-36.9482,0][0.140026,0.856302,-1.14327][0.110236,0.409449,-0.905512][35.9912,-36.9465,0][0.131702,0.833758,-1.15409][0.417323,-0.401575,-0.818898][35.9918,-36.9479,0][0.140026,0.856302,-1.14327][0.110236,0.409449,-0.905512][35.9912,-36.9465,0][0.113203,0.845172,-1.15133][-0.645669,0.488189,-0.590551][35.9929,-36.9472,0][0.125537,0.865542,-1.14088][-0.551181,0.732283,-0.401575][35.9922,-36.9459,0][0.154358,0.84637,-1.14587][0.440945,-0.330709,-0.834646][35.9904,-36.9471,0][0.131702,0.833758,-1.15409][0.417323,-0.401575,-0.818898][35.9918,-36.9479,0][0.140026,0.856302,-1.14327][0.110236,0.409449,-0.905512][35.9912,-36.9465,0][0.125537,0.865542,-1.14088][-0.551181,0.732283,-0.401575][35.9922,-36.9459,0][0.150055,0.885592,-1.12801][-0.370079,0.88189,-0.307087][35.9906,-36.9446,0][0.140026,0.856302,-1.14327][0.110236,0.409449,-0.905512][35.9912,-36.9465,0][0.140026,0.856302,-1.14327][0.110236,0.409449,-0.905512][35.9912,-36.9465,0][0.163517,0.871612,-1.13317][0.125984,0.433071,-0.889764][35.9898,-36.9455,0][0.154358,0.84637,-1.14587][0.440945,-0.330709,-0.834646][35.9904,-36.9471,0][0.140026,0.856302,-1.14327][0.110236,0.409449,-0.905512][35.9912,-36.9465,0][0.150055,0.885592,-1.12801][-0.370079,0.88189,-0.307087][35.9906,-36.9446,0][0.163517,0.871612,-1.13317][0.125984,0.433071,-0.889764][35.9898,-36.9455,0][0.154358,0.84637,-1.14587][0.440945,-0.330709,-0.834646][35.9904,-36.9471,0][0.163517,0.871612,-1.13317][0.125984,0.433071,-0.889764][35.9898,-36.9455,0][0.178088,0.856336,-1.13823][0.338583,-0.244094,-0.913386][35.9889,-36.9465,0][0.181332,0.897308,-1.11711][-0.15748,0.952756,-0.259843][35.9887,-36.9439,0][0.163517,0.871612,-1.13317][0.125984,0.433071,-0.889764][35.9898,-36.9455,0][0.150055,0.885592,-1.12801][-0.370079,0.88189,-0.307087][35.9906,-36.9446,0][0.190222,0.879744,-1.12497][0.149606,0.448819,-0.88189][35.9881,-36.945,0][0.178088,0.856336,-1.13823][0.338583,-0.244094,-0.913386][35.9889,-36.9465,0][0.163517,0.871612,-1.13317][0.125984,0.433071,-0.889764][35.9898,-36.9455,0][0.163517,0.871612,-1.13317][0.125984,0.433071,-0.889764][35.9898,-36.9455,0][0.181332,0.897308,-1.11711][-0.15748,0.952756,-0.259843][35.9887,-36.9439,0][0.190222,0.879744,-1.12497][0.149606,0.448819,-0.88189][35.9881,-36.945,0][0.178088,0.856336,-1.13823][0.338583,-0.244094,-0.913386][35.9889,-36.9465,0][0.190222,0.879744,-1.12497][0.149606,0.448819,-0.88189][35.9881,-36.945,0][0.199625,0.859884,-1.13313][0.244094,-0.204724,-0.944882][35.9875,-36.9463,0][0.181332,0.897308,-1.11711][-0.15748,0.952756,-0.259843][35.9887,-36.9439,0][0.2161,0.901666,-1.10871][0.0393701,0.976378,-0.212598][35.9865,-36.9436,0][0.190222,0.879744,-1.12497][0.149606,0.448819,-0.88189][35.9881,-36.945,0][0.218054,0.882746,-1.11849][0.165354,0.456693,-0.874016][35.9864,-36.9448,0][0.199625,0.859884,-1.13313][0.244094,-0.204724,-0.944882][35.9875,-36.9463,0][0.190222,0.879744,-1.12497][0.149606,0.448819,-0.88189][35.9881,-36.945,0][0.190222,0.879744,-1.12497][0.149606,0.448819,-0.88189][35.9881,-36.945,0][0.2161,0.901666,-1.10871][0.0393701,0.976378,-0.212598][35.9865,-36.9436,0][0.218054,0.882746,-1.11849][0.165354,0.456693,-0.874016][35.9864,-36.9448,0][0.199625,0.859884,-1.13313][0.244094,-0.204724,-0.944882][35.9875,-36.9463,0][0.218054,0.882746,-1.11849][0.165354,0.456693,-0.874016][35.9864,-36.9448,0][0.22009,0.861506,-1.12862][0.188976,-0.173228,-0.968504][35.9862,-36.9462,0][0.251198,0.897338,-1.10389][0.251969,0.952756,-0.181102][35.9843,-36.9439,0][0.218054,0.882746,-1.11849][0.165354,0.456693,-0.874016][35.9864,-36.9448,0][0.2161,0.901666,-1.10871][0.0393701,0.976378,-0.212598][35.9865,-36.9436,0][0.245724,0.879614,-1.11451][0.188976,0.448819,-0.874016][35.9846,-36.945,0][0.22009,0.861506,-1.12862][0.188976,-0.173228,-0.968504][35.9862,-36.9462,0][0.218054,0.882746,-1.11849][0.165354,0.456693,-0.874016][35.9864,-36.9448,0][0.218054,0.882746,-1.11849][0.165354,0.456693,-0.874016][35.9864,-36.9448,0][0.251198,0.897338,-1.10389][0.251969,0.952756,-0.181102][35.9843,-36.9439,0][0.245724,0.879614,-1.11451][0.188976,0.448819,-0.874016][35.9846,-36.945,0][0.22009,0.861506,-1.12862][0.188976,-0.173228,-0.968504][35.9862,-36.9462,0][0.245724,0.879614,-1.11451][0.188976,0.448819,-0.874016][35.9846,-36.945,0][0.240586,0.8598,-1.12504][0.11811,-0.220472,-0.968504][35.985,-36.9463,0][0.245724,0.879614,-1.11451][0.188976,0.448819,-0.874016][35.9846,-36.945,0][0.261876,0.856244,-1.12204][0.0314961,-0.259843,-0.96063][35.9836,-36.9465,0][0.240586,0.8598,-1.12504][0.11811,-0.220472,-0.968504][35.985,-36.9463,0][0.251198,0.897338,-1.10389][0.251969,0.952756,-0.181102][35.9843,-36.9439,0][0.272588,0.871254,-1.11258][0.212598,0.433071,-0.874016][35.983,-36.9455,0][0.245724,0.879614,-1.11451][0.188976,0.448819,-0.874016][35.9846,-36.945,0][0.261876,0.856244,-1.12204][0.0314961,-0.259843,-0.96063][35.9836,-36.9465,0][0.245724,0.879614,-1.11451][0.188976,0.448819,-0.874016][35.9846,-36.945,0][0.272588,0.871254,-1.11258][0.212598,0.433071,-0.874016][35.983,-36.9455,0][0.272588,0.871254,-1.11258][0.212598,0.433071,-0.874016][35.983,-36.9455,0][0.251198,0.897338,-1.10389][0.251969,0.952756,-0.181102][35.9843,-36.9439,0][0.283732,0.885204,-1.10252][0.464567,0.874016,-0.133858][35.9823,-36.9447,0][0.272588,0.871254,-1.11258][0.212598,0.433071,-0.874016][35.983,-36.9455,0][0.285396,0.847908,-1.12032][-0.0866142,-0.275591,-0.96063][35.9822,-36.947,0][0.261876,0.856244,-1.12204][0.0314961,-0.259843,-0.96063][35.9836,-36.9465,0][0.283732,0.885204,-1.10252][0.464567,0.874016,-0.133858][35.9823,-36.9447,0][0.298878,0.857056,-1.11265][0.23622,0.409449,-0.88189][35.9813,-36.9464,0][0.272588,0.871254,-1.11258][0.212598,0.433071,-0.874016][35.983,-36.9455,0][0.285396,0.847908,-1.12032][-0.0866142,-0.275591,-0.96063][35.9822,-36.947,0][0.272588,0.871254,-1.11258][0.212598,0.433071,-0.874016][35.983,-36.9455,0][0.298878,0.857056,-1.11265][0.23622,0.409449,-0.88189][35.9813,-36.9464,0][0.298878,0.857056,-1.11265][0.23622,0.409449,-0.88189][35.9813,-36.9464,0][0.283732,0.885204,-1.10252][0.464567,0.874016,-0.133858][35.9823,-36.9447,0][0.31151,0.864964,-1.10549][0.653543,0.740157,-0.165354][35.9805,-36.9459,0][0.298878,0.857056,-1.11265][0.23622,0.409449,-0.88189][35.9813,-36.9464,0][0.30483,0.8361,-1.12024][-0.0944882,-0.393701,-0.913386][35.9809,-36.9477,0][0.285396,0.847908,-1.12032][-0.0866142,-0.275591,-0.96063][35.9822,-36.947,0][0.298878,0.857056,-1.11265][0.23622,0.409449,-0.88189][35.9813,-36.9464,0][0.31151,0.864964,-1.10549][0.653543,0.740157,-0.165354][35.9805,-36.9459,0][0.326404,0.845932,-1.10989][0.84252,0.456693,-0.299213][35.9796,-36.9471,0][0.30483,0.8361,-1.12024][-0.0944882,-0.393701,-0.913386][35.9809,-36.9477,0][0.298878,0.857056,-1.11265][0.23622,0.409449,-0.88189][35.9813,-36.9464,0][0.32655,0.829466,-1.11687][0.543307,-0.472441,-0.692913][35.9796,-36.9482,0][0.32655,0.829466,-1.11687][0.543307,-0.472441,-0.692913][35.9796,-36.9482,0][0.298878,0.857056,-1.11265][0.23622,0.409449,-0.88189][35.9813,-36.9464,0][0.326404,0.845932,-1.10989][0.84252,0.456693,-0.299213][35.9796,-36.9471,0][0.0814352,0.417172,-1.20562][0.0787402,0.00787402,-1][35.9949,-36.9739,0][0.135625,0.402678,-1.20078][0.102362,0,-0.992126][35.9915,-36.9748,0][0.117476,0.366994,-1.20281][0.110236,0,-0.992126][35.9927,-36.9771,0][0.135625,0.402678,-1.20078][0.102362,0,-0.992126][35.9915,-36.9748,0][0.0814352,0.417172,-1.20562][0.0787402,0.00787402,-1][35.9949,-36.9739,0][0.106518,0.4432,-1.20364][0.0787402,0.00787402,-1][35.9933,-36.9723,0][0.171716,0.376256,-1.19619][0.133858,0,-0.992126][35.9893,-36.9765,0][0.117476,0.366994,-1.20281][0.110236,0,-0.992126][35.9927,-36.9771,0][0.135625,0.402678,-1.20078][0.102362,0,-0.992126][35.9915,-36.9748,0][0.117476,0.366994,-1.20281][0.110236,0,-0.992126][35.9927,-36.9771,0][0.171716,0.376256,-1.19619][0.133858,0,-0.992126][35.9893,-36.9765,0][0.162244,0.334258,-1.19764][0.141732,0,-0.992126][35.9899,-36.9791,0][0.211556,0.367178,-1.18984][0.173228,0,-0.984252][35.9868,-36.9771,0][0.162244,0.334258,-1.19764][0.141732,0,-0.992126][35.9899,-36.9791,0][0.171716,0.376256,-1.19619][0.133858,0,-0.992126][35.9893,-36.9765,0][0.162244,0.334258,-1.19764][0.141732,0,-0.992126][35.9899,-36.9791,0][0.211556,0.367178,-1.18984][0.173228,0,-0.984252][35.9868,-36.9771,0][0.211666,0.323008,-1.18986][0.173228,0,-0.984252][35.9868,-36.9798,0][0.211556,0.367178,-1.18984][0.173228,0,-0.984252][35.9868,-36.9771,0][0.26109,0.33426,-1.17999][0.212598,0,-0.976378][35.9837,-36.9791,0][0.211666,0.323008,-1.18986][0.173228,0,-0.984252][35.9868,-36.9798,0][0.26109,0.33426,-1.17999][0.212598,0,-0.976378][35.9837,-36.9791,0][0.211556,0.367178,-1.18984][0.173228,0,-0.984252][35.9868,-36.9771,0][0.25145,0.376256,-1.18199][0.212598,0,-0.976378][35.9843,-36.9765,0][0.25145,0.376256,-1.18199][0.212598,0,-0.976378][35.9843,-36.9765,0][0.30589,0.366996,-1.16909][0.244094,0,-0.968504][35.9809,-36.9771,0][0.26109,0.33426,-1.17999][0.212598,0,-0.976378][35.9837,-36.9791,0][0.30589,0.366996,-1.16909][0.244094,0,-0.968504][35.9809,-36.9771,0][0.25145,0.376256,-1.18199][0.212598,0,-0.976378][35.9843,-36.9765,0][0.287542,0.402676,-1.17359][0.251969,0,-0.968504][35.982,-36.9748,0][0.089324,0.513282,-1.19834][0.125984,0.0472441,-0.992126][35.9944,-36.9679,0][0.210296,0.55151,-1.18163][0.173228,0.0551181,-0.984252][35.9869,-36.9655,0][0.107438,0.478736,-1.19757][0.125984,0.0393701,-0.992126][35.9933,-36.9701,0][0.107438,0.478736,-1.19757][0.125984,0.0393701,-0.992126][35.9933,-36.9701,0][0.210296,0.55151,-1.18163][0.173228,0.0551181,-0.984252][35.9869,-36.9655,0][0.135665,0.451316,-1.19491][0.133858,0.0314961,-0.992126][35.9915,-36.9718,0][0.135665,0.451316,-1.19491][0.133858,0.0314961,-0.992126][35.9915,-36.9718,0][0.210296,0.55151,-1.18163][0.173228,0.0551181,-0.984252][35.9869,-36.9655,0][0.171261,0.43372,-1.19038][0.149606,0.023622,-0.992126][35.9893,-36.9729,0][0.171261,0.43372,-1.19038][0.149606,0.023622,-0.992126][35.9893,-36.9729,0][0.210296,0.55151,-1.18163][0.173228,0.0551181,-0.984252][35.9869,-36.9655,0][0.210616,0.42766,-1.18415][0.173228,0.023622,-0.984252][35.9868,-36.9733,0][0.210616,0.42766,-1.18415][0.173228,0.023622,-0.984252][35.9868,-36.9733,0][0.210296,0.55151,-1.18163][0.173228,0.0551181,-0.984252][35.9869,-36.9655,0][0.250004,0.433722,-1.17643][0.204724,0.023622,-0.976378][35.9844,-36.9729,0][0.250004,0.433722,-1.17643][0.204724,0.023622,-0.976378][35.9844,-36.9729,0][0.210296,0.55151,-1.18163][0.173228,0.0551181,-0.984252][35.9869,-36.9655,0][0.285518,0.45132,-1.16809][0.220472,0.0314961,-0.976378][35.9822,-36.9718,0][0.285518,0.45132,-1.16809][0.220472,0.0314961,-0.976378][35.9822,-36.9718,0][0.210296,0.55151,-1.18163][0.173228,0.0551181,-0.984252][35.9869,-36.9655,0][0.313652,0.478734,-1.1606][0.228346,0.0393701,-0.976378][35.9804,-36.9701,0][0.313652,0.478734,-1.1606][0.228346,0.0393701,-0.976378][35.9804,-36.9701,0][0.210296,0.55151,-1.18163][0.173228,0.0551181,-0.984252][35.9869,-36.9655,0][0.33161,0.513276,-1.15473][0.228346,0.0472441,-0.968504][35.9793,-36.9679,0][0.33161,0.513276,-1.15473][0.228346,0.0472441,-0.968504][35.9793,-36.9679,0][0.210296,0.55151,-1.18163][0.173228,0.0551181,-0.984252][35.9869,-36.9655,0][0.337468,0.551484,-1.15148][0.228346,0.0551181,-0.968504][35.9789,-36.9655,0][0.209518,0.551236,-1.17704][0.173228,0.0708661,-0.984252][35.9869,-36.9655,0][0.121666,0.377384,-1.19194][0.125984,0.023622,-0.992126][35.9924,-36.9764,0][0.0878238,0.42471,-1.19481][0.11811,0.023622,-0.992126][35.9945,-36.9735,0][0.209518,0.551236,-1.17704][0.173228,0.0708661,-0.984252][35.9869,-36.9655,0][0.163574,0.346494,-1.18709][0.141732,0.015748,-0.992126][35.9898,-36.9783,0][0.121666,0.377384,-1.19194][0.125984,0.023622,-0.992126][35.9924,-36.9764,0][0.209518,0.551236,-1.17704][0.173228,0.0708661,-0.984252][35.9869,-36.9655,0][0.209778,0.335884,-1.17988][0.173228,0.015748,-0.984252][35.9869,-36.979,0][0.163574,0.346494,-1.18709][0.141732,0.015748,-0.992126][35.9898,-36.9783,0][0.209518,0.551236,-1.17704][0.173228,0.0708661,-0.984252][35.9869,-36.9655,0][0.256004,0.346494,-1.17071][0.204724,0.015748,-0.976378][35.984,-36.9783,0][0.209778,0.335884,-1.17988][0.173228,0.015748,-0.984252][35.9869,-36.979,0][0.209518,0.551236,-1.17704][0.173228,0.0708661,-0.984252][35.9869,-36.9655,0][0.297824,0.377384,-1.16056][0.228346,0.023622,-0.976378][35.9814,-36.9764,0][0.256004,0.346494,-1.17071][0.204724,0.015748,-0.976378][35.984,-36.9783,0][0.083026,0.551506,-1.19727][0.11811,0.0551181,-0.992126][35.9948,-36.9655,0][0.210296,0.55151,-1.18163][0.173228,0.0551181,-0.984252][35.9869,-36.9655,0][0.089324,0.513282,-1.19834][0.125984,0.0472441,-0.992126][35.9944,-36.9679,0][0.0891592,0.589654,-1.19437][0.125984,0.0629921,-0.992126][35.9944,-36.9631,0][0.210296,0.55151,-1.18163][0.173228,0.0551181,-0.984252][35.9869,-36.9655,0][0.083026,0.551506,-1.19727][0.11811,0.0551181,-0.992126][35.9948,-36.9655,0][0.107145,0.62395,-1.18991][0.133858,0.0787402,-0.992126][35.9933,-36.961,0][0.210296,0.55151,-1.18163][0.173228,0.0551181,-0.984252][35.9869,-36.9655,0][0.0891592,0.589654,-1.19437][0.125984,0.0629921,-0.992126][35.9944,-36.9631,0][0.135045,0.651014,-1.18353][0.141732,0.0866142,-0.984252][35.9916,-36.9593,0][0.210296,0.55151,-1.18163][0.173228,0.0551181,-0.984252][35.9869,-36.9655,0][0.107145,0.62395,-1.18991][0.133858,0.0787402,-0.992126][35.9933,-36.961,0][0.170209,0.668338,-1.17666][0.15748,0.0944882,-0.984252][35.9894,-36.9582,0][0.210296,0.55151,-1.18163][0.173228,0.0551181,-0.984252][35.9869,-36.9655,0][0.135045,0.651014,-1.18353][0.141732,0.0866142,-0.984252][35.9916,-36.9593,0][0.209082,0.674222,-1.16954][0.173228,0.0944882,-0.976378][35.9869,-36.9579,0][0.210296,0.55151,-1.18163][0.173228,0.0551181,-0.984252][35.9869,-36.9655,0][0.170209,0.668338,-1.17666][0.15748,0.0944882,-0.984252][35.9894,-36.9582,0][0.248074,0.668328,-1.16284][0.19685,0.0944882,-0.976378][35.9845,-36.9582,0][0.210296,0.55151,-1.18163][0.173228,0.0551181,-0.984252][35.9869,-36.9655,0][0.209082,0.674222,-1.16954][0.173228,0.0944882,-0.976378][35.9869,-36.9579,0][0.283524,0.651004,-1.15699][0.204724,0.0866142,-0.976378][35.9823,-36.9593,0][0.210296,0.55151,-1.18163][0.173228,0.0551181,-0.984252][35.9869,-36.9655,0][0.248074,0.668328,-1.16284][0.19685,0.0944882,-0.976378][35.9845,-36.9582,0][0.312,0.623936,-1.15319][0.220472,0.0708661,-0.976378][35.9805,-36.961,0][0.210296,0.55151,-1.18163][0.173228,0.0551181,-0.984252][35.9869,-36.9655,0][0.283524,0.651004,-1.15699][0.204724,0.0866142,-0.976378][35.9823,-36.9593,0][0.33074,0.589632,-1.15087][0.228346,0.0551181,-0.968504][35.9793,-36.9631,0][0.210296,0.55151,-1.18163][0.173228,0.0551181,-0.984252][35.9869,-36.9655,0][0.312,0.623936,-1.15319][0.220472,0.0708661,-0.976378][35.9805,-36.961,0][0.337468,0.551484,-1.15148][0.228346,0.0551181,-0.968504][35.9789,-36.9655,0][0.210296,0.55151,-1.18163][0.173228,0.0551181,-0.984252][35.9869,-36.9655,0][0.33074,0.589632,-1.15087][0.228346,0.0551181,-0.968504][35.9793,-36.9631,0][0.0586638,0.480836,-1.20652][0.0629921,0.015748,-1][35.9963,-36.9699,0][0.106518,0.4432,-1.20364][0.0787402,0.00787402,-1][35.9933,-36.9723,0][0.0814352,0.417172,-1.20562][0.0787402,0.00787402,-1][35.9949,-36.9739,0][0.106518,0.4432,-1.20364][0.0787402,0.00787402,-1][35.9933,-36.9723,0][0.0586638,0.480836,-1.20652][0.0629921,0.015748,-1][35.9963,-36.9699,0][0.0881998,0.494602,-1.20447][0.0629921,0.023622,-1][35.9945,-36.9691,0][0.0506332,0.551862,-1.20476][0.0551181,0.0551181,-1][35.9968,-36.9655,0][0.0881998,0.494602,-1.20447][0.0629921,0.023622,-1][35.9945,-36.9691,0][0.0586638,0.480836,-1.20652][0.0629921,0.015748,-1][35.9963,-36.9699,0][0.0881998,0.494602,-1.20447][0.0629921,0.023622,-1][35.9945,-36.9691,0][0.0506332,0.551862,-1.20476][0.0551181,0.0551181,-1][35.9968,-36.9655,0][0.0816628,0.55182,-1.20306][0.0551181,0.0551181,-1][35.9949,-36.9655,0][0.0506332,0.551862,-1.20476][0.0551181,0.0551181,-1][35.9968,-36.9655,0][0.0880574,0.608918,-1.19861][0.0551181,0.0944882,-0.992126][35.9945,-36.9619,0][0.0816628,0.55182,-1.20306][0.0551181,0.0551181,-1][35.9949,-36.9655,0][0.0880574,0.608918,-1.19861][0.0551181,0.0944882,-0.992126][35.9945,-36.9619,0][0.0506332,0.551862,-1.20476][0.0551181,0.0551181,-1][35.9968,-36.9655,0][0.0585082,0.622544,-1.19914][0.0551181,0.102362,-0.992126][35.9963,-36.9611,0][0.10605,0.659968,-1.19122][0.0708661,0.149606,-0.984252][35.9934,-36.9588,0][0.0880574,0.608918,-1.19861][0.0551181,0.0944882,-0.992126][35.9945,-36.9619,0][0.0585082,0.622544,-1.19914][0.0551181,0.102362,-0.992126][35.9963,-36.9611,0][0.0585082,0.622544,-1.19914][0.0551181,0.102362,-0.992126][35.9963,-36.9611,0][0.080927,0.685436,-1.1891][0.0787402,0.15748,-0.984252][35.9949,-36.9572,0][0.10605,0.659968,-1.19122][0.0708661,0.149606,-0.984252][35.9934,-36.9588,0][0.134643,0.699908,-1.18167][0.102362,0.19685,-0.976378][35.9916,-36.9563,0][0.10605,0.659968,-1.19122][0.0708661,0.149606,-0.984252][35.9934,-36.9588,0][0.080927,0.685436,-1.1891][0.0787402,0.15748,-0.984252][35.9949,-36.9572,0][0.080927,0.685436,-1.1891][0.0787402,0.15748,-0.984252][35.9949,-36.9572,0][0.116232,0.734022,-1.17656][0.102362,0.204724,-0.976378][35.9927,-36.9541,0][0.134643,0.699908,-1.18167][0.102362,0.19685,-0.976378][35.9916,-36.9563,0][0.134643,0.699908,-1.18167][0.102362,0.19685,-0.976378][35.9916,-36.9563,0][0.116232,0.734022,-1.17656][0.102362,0.204724,-0.976378][35.9927,-36.9541,0][0.169894,0.724852,-1.1722][0.133858,0.228346,-0.96063][35.9894,-36.9547,0][0.116232,0.734022,-1.17656][0.102362,0.204724,-0.976378][35.9927,-36.9541,0][0.159624,0.763952,-1.16404][0.133858,0.23622,-0.96063][35.99,-36.9523,0][0.169894,0.724852,-1.1722][0.133858,0.228346,-0.96063][35.9894,-36.9547,0][0.159624,0.763952,-1.16404][0.133858,0.23622,-0.96063][35.99,-36.9523,0][0.208706,0.733298,-1.16395][0.173228,0.244094,-0.952756][35.987,-36.9542,0][0.169894,0.724852,-1.1722][0.133858,0.228346,-0.96063][35.9894,-36.9547,0][0.20747,0.774116,-1.15377][0.173228,0.244094,-0.952756][35.987,-36.9516,0][0.208706,0.733298,-1.16395][0.173228,0.244094,-0.952756][35.987,-36.9542,0][0.159624,0.763952,-1.16404][0.133858,0.23622,-0.96063][35.99,-36.9523,0][0.255658,0.763936,-1.1469][0.204724,0.228346,-0.952756][35.984,-36.9523,0][0.208706,0.733298,-1.16395][0.173228,0.244094,-0.952756][35.987,-36.9542,0][0.20747,0.774116,-1.15377][0.173228,0.244094,-0.952756][35.987,-36.9516,0][0.208706,0.733298,-1.16395][0.173228,0.244094,-0.952756][35.987,-36.9542,0][0.255658,0.763936,-1.1469][0.204724,0.228346,-0.952756][35.984,-36.9523,0][0.24795,0.724808,-1.15828][0.212598,0.228346,-0.952756][35.9845,-36.9547,0][0.300484,0.733938,-1.14363][0.23622,0.204724,-0.952756][35.9812,-36.9541,0][0.24795,0.724808,-1.15828][0.212598,0.228346,-0.952756][35.9845,-36.9547,0][0.255658,0.763936,-1.1469][0.204724,0.228346,-0.952756][35.984,-36.9523,0][0.24795,0.724808,-1.15828][0.212598,0.228346,-0.952756][35.9845,-36.9547,0][0.300484,0.733938,-1.14363][0.23622,0.204724,-0.952756][35.9812,-36.9541,0][0.283978,0.699878,-1.15494][0.244094,0.19685,-0.952756][35.9823,-36.9563,0][0.33726,0.685374,-1.14313][0.267717,0.15748,-0.952756][35.9789,-36.9572,0][0.283978,0.699878,-1.15494][0.244094,0.19685,-0.952756][35.9823,-36.9563,0][0.300484,0.733938,-1.14363][0.23622,0.204724,-0.952756][35.9812,-36.9541,0][0.283978,0.699878,-1.15494][0.244094,0.19685,-0.952756][35.9823,-36.9563,0][0.33726,0.685374,-1.14313][0.267717,0.15748,-0.952756][35.9789,-36.9572,0][0.313332,0.659944,-1.15413][0.275591,0.149606,-0.952756][35.9804,-36.9588,0][0.361818,0.62252,-1.14461][0.291339,0.102362,-0.952756][35.9774,-36.9611,0][0.313332,0.659944,-1.15413][0.275591,0.149606,-0.952756][35.9804,-36.9588,0][0.33726,0.685374,-1.14313][0.267717,0.15748,-0.952756][35.9789,-36.9572,0][0.313332,0.659944,-1.15413][0.275591,0.149606,-0.952756][35.9804,-36.9588,0][0.361818,0.62252,-1.14461][0.291339,0.102362,-0.952756][35.9774,-36.9611,0][0.332804,0.608896,-1.15475][0.291339,0.0944882,-0.952756][35.9792,-36.9619,0][0.371246,0.551828,-1.14702][0.299213,0.0472441,-0.952756][35.9768,-36.9655,0][0.332804,0.608896,-1.15475][0.291339,0.0944882,-0.952756][35.9792,-36.9619,0][0.361818,0.62252,-1.14461][0.291339,0.102362,-0.952756][35.9774,-36.9611,0][0.332804,0.608896,-1.15475][0.291339,0.0944882,-0.952756][35.9792,-36.9619,0][0.371246,0.551828,-1.14702][0.299213,0.0472441,-0.952756][35.9768,-36.9655,0][0.340218,0.551806,-1.15663][0.299213,0.0472441,-0.952756][35.9787,-36.9655,0][0.371246,0.551828,-1.14702][0.299213,0.0472441,-0.952756][35.9768,-36.9655,0][0.334198,0.494586,-1.16034][0.291339,0.023622,-0.952756][35.9791,-36.9691,0][0.340218,0.551806,-1.15663][0.299213,0.0472441,-0.952756][35.9787,-36.9655,0][0.371246,0.551828,-1.14702][0.299213,0.0472441,-0.952756][35.9768,-36.9655,0][0.363842,0.480822,-1.15162][0.291339,0.015748,-0.96063][35.9773,-36.9699,0][0.334198,0.494586,-1.16034][0.291339,0.023622,-0.952756][35.9791,-36.9691,0][0.363842,0.480822,-1.15162][0.291339,0.015748,-0.96063][35.9773,-36.9699,0][0.316012,0.4432,-1.16616][0.275591,0.00787402,-0.96063][35.9802,-36.9723,0][0.334198,0.494586,-1.16034][0.291339,0.023622,-0.952756][35.9791,-36.9691,0][0.363842,0.480822,-1.15162][0.291339,0.015748,-0.96063][35.9773,-36.9699,0][0.341246,0.417172,-1.15902][0.267717,0.00787402,-0.96063][35.9787,-36.9739,0][0.316012,0.4432,-1.16616][0.275591,0.00787402,-0.96063][35.9802,-36.9723,0][0.341246,0.417172,-1.15902][0.267717,0.00787402,-0.96063][35.9787,-36.9739,0][0.287542,0.402676,-1.17359][0.251969,0,-0.968504][35.982,-36.9748,0][0.316012,0.4432,-1.16616][0.275591,0.00787402,-0.96063][35.9802,-36.9723,0][0.287542,0.402676,-1.17359][0.251969,0,-0.968504][35.982,-36.9748,0][0.341246,0.417172,-1.15902][0.267717,0.00787402,-0.96063][35.9787,-36.9739,0][0.30589,0.366996,-1.16909][0.244094,0,-0.968504][35.9809,-36.9771,0][0.209518,0.551236,-1.17704][0.173228,0.0708661,-0.984252][35.9869,-36.9655,0][0.0878238,0.42471,-1.19481][0.11811,0.023622,-0.992126][35.9945,-36.9735,0][0.0666484,0.484654,-1.19561][0.11811,0.0314961,-0.992126][35.9958,-36.9697,0][0.209518,0.551236,-1.17704][0.173228,0.0708661,-0.984252][35.9869,-36.9655,0][0.0666484,0.484654,-1.19561][0.11811,0.0314961,-0.992126][35.9958,-36.9697,0][0.0591206,0.551232,-1.19406][0.110236,0.0472441,-0.992126][35.9963,-36.9655,0][0.0591206,0.551232,-1.19406][0.110236,0.0472441,-0.992126][35.9963,-36.9655,0][0.0664966,0.617522,-1.18879][0.125984,0.0866142,-0.992126][35.9958,-36.9614,0][0.209518,0.551236,-1.17704][0.173228,0.0708661,-0.984252][35.9869,-36.9655,0][0.209518,0.551236,-1.17704][0.173228,0.0708661,-0.984252][35.9869,-36.9655,0][0.0664966,0.617522,-1.18879][0.125984,0.0866142,-0.992126][35.9958,-36.9614,0][0.0873596,0.67635,-1.17958][0.149606,0.125984,-0.984252][35.9945,-36.9577,0][0.209518,0.551236,-1.17704][0.173228,0.0708661,-0.984252][35.9869,-36.9655,0][0.0873596,0.67635,-1.17958][0.149606,0.125984,-0.984252][35.9945,-36.9577,0][0.120461,0.72204,-1.16809][0.165354,0.141732,-0.976378][35.9925,-36.9549,0][0.209518,0.551236,-1.17704][0.173228,0.0708661,-0.984252][35.9869,-36.9655,0][0.120461,0.72204,-1.16809][0.165354,0.141732,-0.976378][35.9925,-36.9549,0][0.161277,0.749916,-1.15657][0.173228,0.141732,-0.976378][35.9899,-36.9531,0][0.209518,0.551236,-1.17704][0.173228,0.0708661,-0.984252][35.9869,-36.9655,0][0.161277,0.749916,-1.15657][0.173228,0.141732,-0.976378][35.9899,-36.9531,0][0.206056,0.759806,-1.14725][0.173228,0.141732,-0.976378][35.9871,-36.9525,0][0.209518,0.551236,-1.17704][0.173228,0.0708661,-0.984252][35.9869,-36.9655,0][0.206056,0.759806,-1.14725][0.173228,0.141732,-0.976378][35.9871,-36.9525,0][0.251224,0.749938,-1.14067][0.173228,0.141732,-0.976378][35.9843,-36.9531,0][0.209518,0.551236,-1.17704][0.173228,0.0708661,-0.984252][35.9869,-36.9655,0][0.251224,0.749938,-1.14067][0.173228,0.141732,-0.976378][35.9843,-36.9531,0][0.293108,0.722028,-1.13734][0.181102,0.133858,-0.976378][35.9817,-36.9549,0][0.209518,0.551236,-1.17704][0.173228,0.0708661,-0.984252][35.9869,-36.9655,0][0.293108,0.722028,-1.13734][0.181102,0.133858,-0.976378][35.9817,-36.9549,0][0.327436,0.676336,-1.13648][0.204724,0.11811,-0.968504][35.9795,-36.9577,0][0.209518,0.551236,-1.17704][0.173228,0.0708661,-0.984252][35.9869,-36.9655,0][0.327436,0.676336,-1.13648][0.204724,0.11811,-0.968504][35.9795,-36.9577,0][0.35026,0.61751,-1.13798][0.228346,0.0866142,-0.968504][35.9781,-36.9614,0][0.209518,0.551236,-1.17704][0.173228,0.0708661,-0.984252][35.9869,-36.9655,0][0.35026,0.61751,-1.13798][0.228346,0.0866142,-0.968504][35.9781,-36.9614,0][0.359018,0.551232,-1.14022][0.23622,0.0472441,-0.968504][35.9776,-36.9655,0][0.209518,0.551236,-1.17704][0.173228,0.0708661,-0.984252][35.9869,-36.9655,0][0.359018,0.551232,-1.14022][0.23622,0.0472441,-0.968504][35.9776,-36.9655,0][0.352048,0.48465,-1.14449][0.23622,0.0314961,-0.968504][35.978,-36.9697,0][0.209518,0.551236,-1.17704][0.173228,0.0708661,-0.984252][35.9869,-36.9655,0][0.352048,0.48465,-1.14449][0.23622,0.0314961,-0.968504][35.978,-36.9697,0][0.33098,0.424708,-1.15116][0.23622,0.023622,-0.968504][35.9793,-36.9735,0][0.209518,0.551236,-1.17704][0.173228,0.0708661,-0.984252][35.9869,-36.9655,0][0.33098,0.424708,-1.15116][0.23622,0.023622,-0.968504][35.9793,-36.9735,0][0.297824,0.377384,-1.16056][0.228346,0.023622,-0.976378][35.9814,-36.9764,0]