version 1.00
2292
[1.87786,-4.78467,-0.618376][0.462428,-0.131043,-0.87692][0.656733,0.216225,0][1.95785,-4.96904,-0.551246][0.478468,-0.238751,-0.845025][0.661275,0.208588,0][1.82529,-5.06465,-0.592796][0.457368,-0.192754,-0.868136][0.658652,0.202027,0][1.82529,-5.06465,-0.592796][0.457368,-0.192754,-0.868136][0.658652,0.202027,0][1.53722,-4.86459,-0.782366][0.509476,-0.13492,-0.849842][0.636813,0.197978,0][1.87786,-4.78467,-0.618376][0.462428,-0.131043,-0.87692][0.656733,0.216225,0][1.82529,-5.06465,-0.592796][0.457368,-0.192754,-0.868136][0.658652,0.202027,0][1.95785,-4.96904,-0.551246][0.478468,-0.238751,-0.845025][0.661275,0.208588,0][2.01379,-5.05356,-0.411566][0.588782,-0.565241,-0.577787][0.667825,0.206914,0][1.40775,-5.0371,-0.864466][0.535163,-0.0529191,-0.84309][0.632331,0.185208,0][1.57407,-5.04137,-0.767026][0.506446,-0.25948,-0.822303][0.639725,0.18926,0][1.58286,-5.15281,-0.640076][0.351945,-0.691254,-0.631112][0.645552,0.184987,0][1.40775,-5.0371,-0.864466][0.535163,-0.0529191,-0.84309][0.632331,0.185208,0][1.28304,-4.88458,-0.953646][0.549752,-0.0267991,-0.834898][0.618705,0.183732,0][1.53722,-4.86459,-0.782366][0.509476,-0.13492,-0.849842][0.636813,0.197978,0][1.53722,-4.86459,-0.782366][0.509476,-0.13492,-0.849842][0.636813,0.197978,0][1.57407,-5.04137,-0.767026][0.506446,-0.25948,-0.822303][0.639725,0.18926,0][1.40775,-5.0371,-0.864466][0.535163,-0.0529191,-0.84309][0.632331,0.185208,0][2.61221,-4.71087,-0.147176][0.640367,0.0023119,-0.768066][0.717125,0.241168,0][2.43348,-4.80948,-0.296486][0.551859,-0.0656601,-0.831349][0.700477,0.23467,0][2.37917,-4.69808,-0.341436][0.509287,-0.0961471,-0.855209][0.694105,0.242221,0][2.16871,-4.82194,-0.446436][0.494669,-0.106477,-0.862534][0.680091,0.22667,0][2.20415,-4.58145,-0.455726][0.483197,-0.117369,-0.867609][0.675457,0.244632,0][2.37917,-4.69808,-0.341436][0.509287,-0.0961471,-0.855209][0.694105,0.242221,0][2.37917,-4.69808,-0.341436][0.509287,-0.0961471,-0.855209][0.694105,0.242221,0][2.43348,-4.80948,-0.296486][0.551859,-0.0656601,-0.831349][0.700477,0.23467,0][2.16871,-4.82194,-0.446436][0.494669,-0.106477,-0.862534][0.680091,0.22667,0][2.20415,-4.58145,-0.455726][0.483197,-0.117369,-0.867609][0.675457,0.244632,0][2.16871,-4.82194,-0.446436][0.494669,-0.106477,-0.862534][0.680091,0.22667,0][1.87786,-4.78467,-0.618376][0.462428,-0.131043,-0.87692][0.656733,0.216225,0][2.88676,-4.39879,-0.0971062][0.497733,-0.149794,-0.854297][0.721878,0.276973,0][2.99826,-4.2919,-0.0512562][0.561515,-0.245221,-0.790296][0.730499,0.281281,0][3.15421,-4.36456,0.118034][0.615941,-0.337032,-0.712058][0.741753,0.2742,0][2.88676,-4.39879,-0.0971062][0.497733,-0.149794,-0.854297][0.721878,0.276973,0][2.71535,-4.43208,-0.187686][0.482946,-0.124492,-0.866755][0.71018,0.276634,0][2.66625,-4.27858,-0.236846][0.485426,-0.125741,-0.865188][0.703159,0.288158,0][2.66625,-4.27858,-0.236846][0.485426,-0.125741,-0.865188][0.703159,0.288158,0][2.99826,-4.2919,-0.0512562][0.561515,-0.245221,-0.790296][0.730499,0.281281,0][2.88676,-4.39879,-0.0971062][0.497733,-0.149794,-0.854297][0.721878,0.276973,0][2.66625,-4.27858,-0.236846][0.485426,-0.125741,-0.865188][0.703159,0.288158,0][2.71535,-4.43208,-0.187686][0.482946,-0.124492,-0.866755][0.71018,0.276634,0][2.37093,-4.48688,-0.373466][0.493373,-0.126999,-0.860496][0.685977,0.259192,0][2.37093,-4.48688,-0.373466][0.493373,-0.126999,-0.860496][0.685977,0.259192,0][2.37917,-4.69808,-0.341436][0.509287,-0.0961471,-0.855209][0.694105,0.242221,0][2.20415,-4.58145,-0.455726][0.483197,-0.117369,-0.867609][0.675457,0.244632,0][2.20415,-4.58145,-0.455726][0.483197,-0.117369,-0.867609][0.675457,0.244632,0][2.59985,-3.75696,-0.351536][0.482846,-0.119619,-0.867497][0.669919,0.324011,0][2.37093,-4.48688,-0.373466][0.493373,-0.126999,-0.860496][0.685977,0.259192,0][3.52697,-3.57508,0.142824][0.48411,-0.125633,-0.865941][0.742969,0.390524,0][3.72774,-3.66648,0.266444][0.483575,-0.125955,-0.866193][0.759979,0.389602,0][2.66625,-4.27858,-0.236846][0.485426,-0.125741,-0.865188][0.703159,0.288158,0][2.66625,-4.27858,-0.236846][0.485426,-0.125741,-0.865188][0.703159,0.288158,0][2.59985,-3.75696,-0.351536][0.482846,-0.119619,-0.867497][0.669919,0.324011,0][3.52697,-3.57508,0.142824][0.48411,-0.125633,-0.865941][0.742969,0.390524,0][3.86758,-3.56925,0.328414][0.476095,-0.130407,-0.869671][0.773441,0.405523,0][3.72774,-3.66648,0.266444][0.483575,-0.125955,-0.866193][0.765629,0.393368,0][3.52697,-3.57508,0.142824][0.48411,-0.125633,-0.865941][0.742969,0.390524,0][2.59985,-3.75696,-0.351536][0.482846,-0.119619,-0.867497][0.669919,0.324011,0][3.59079,-3.29821,0.138094][0.469708,-0.139072,-0.871799][0.732971,0.414377,0][3.52697,-3.57508,0.142824][0.48411,-0.125633,-0.865941][0.742969,0.390524,0][3.82745,-3.40944,0.278194][0.462673,-0.121656,-0.878142][0.75209,0.415706,0][3.52697,-3.57508,0.142824][0.48411,-0.125633,-0.865941][0.742969,0.390524,0][3.59079,-3.29821,0.138094][0.469708,-0.139072,-0.871799][0.732971,0.414377,0][3.59079,-3.29821,0.138094][0.469708,-0.139072,-0.871799][0.732971,0.414377,0][2.59985,-3.75696,-0.351536][0.482846,-0.119619,-0.867497][0.669919,0.324011,0][3.02008,-3.08331,-0.202986][0.480154,-0.112048,-0.869999][0.670581,0.397787,0][3.59079,-3.29821,0.138094][0.469708,-0.139072,-0.871799][0.732971,0.414377,0][3.78245,-3.04823,0.186704][0.441776,-0.150729,-0.884373][0.734929,0.442943,0][3.96671,-3.21662,0.310414][0.440475,-0.166181,-0.88225][0.753985,0.438624,0][3.17288,-2.51523,-0.201426][0.460874,-0.116977,-0.879722][0.652324,0.448501,0][3.78245,-3.04823,0.186704][0.441776,-0.150729,-0.884373][0.734929,0.442943,0][3.02008,-3.08331,-0.202986][0.480154,-0.112048,-0.869999][0.670581,0.397787,0][3.02008,-3.08331,-0.202986][0.480154,-0.112048,-0.869999][0.670581,0.397787,0][3.78245,-3.04823,0.186704][0.441776,-0.150729,-0.884373][0.734929,0.442943,0][3.59079,-3.29821,0.138094][0.469708,-0.139072,-0.871799][0.732971,0.414377,0][3.96497,-2.80427,0.233154][0.430394,-0.137198,-0.892153][0.737766,0.471798,0][4.02348,-2.98875,0.294784][0.432502,-0.155878,-0.888057][0.749566,0.458709,0][3.78245,-3.04823,0.186704][0.441776,-0.150729,-0.884373][0.734929,0.442943,0][3.78245,-3.04823,0.186704][0.441776,-0.150729,-0.884373][0.734929,0.442943,0][3.17288,-2.51523,-0.201426][0.460874,-0.116977,-0.879722][0.652324,0.448501,0][3.96497,-2.80427,0.233154][0.430394,-0.137198,-0.892153][0.737766,0.471798,0][4.02348,-2.98875,0.294784][0.432502,-0.155878,-0.888057][0.749566,0.458709,0][3.96497,-2.80427,0.233154][0.430394,-0.137198,-0.892153][0.737766,0.471798,0][4.21923,-2.88153,0.370874][0.432816,-0.161296,-0.886935][0.762355,0.4691,0][4.21923,-2.88153,0.370874][0.432816,-0.161296,-0.886935][0.762355,0.4691,0][4.20457,-2.99188,0.384174][0.432805,-0.161322,-0.886936][0.763507,0.462127,0][4.02348,-2.98875,0.294784][0.432502,-0.155878,-0.888057][0.749566,0.458709,0][4.29681,-2.9438,0.420144][0.431497,-0.164222,-0.887041][0.769739,0.466808,0][4.20457,-2.99188,0.384174][0.432805,-0.161322,-0.886936][0.763507,0.462127,0][4.21923,-2.88153,0.370874][0.432816,-0.161296,-0.886935][0.762355,0.4691,0][3.96497,-2.80427,0.233154][0.430394,-0.137198,-0.892153][0.737766,0.471798,0][3.85728,-1.8653,0.0478837][0.428033,-0.0961391,-0.898635][0.674273,0.536891,0][4.35692,-2.23881,0.332004][0.440283,-0.133286,-0.887911][0.739951,0.538574,0][4.35692,-2.23881,0.332004][0.440283,-0.133286,-0.887911][0.739951,0.538574,0][4.27726,-2.76147,0.377574][0.462534,-0.139858,-0.875501][0.759764,0.493764,0][3.96497,-2.80427,0.233154][0.430394,-0.137198,-0.892153][0.737766,0.471798,0][4.77837,-2.63523,0.692604][0.55089,-0.152293,-0.820565][0.790541,0.521633,0][4.78809,-2.73459,0.715294][0.547995,-0.152568,-0.822451][0.795865,0.51492,0][4.27726,-2.76147,0.377574][0.462534,-0.139858,-0.875501][0.759764,0.493764,0][4.27726,-2.76147,0.377574][0.462534,-0.139858,-0.875501][0.759764,0.493764,0][4.35692,-2.23881,0.332004][0.440283,-0.133286,-0.887911][0.739951,0.538574,0][4.77837,-2.63523,0.692604][0.55089,-0.152293,-0.820565][0.790541,0.521633,0][4.78809,-2.73459,0.715294][0.547995,-0.152568,-0.822451][0.795865,0.51492,0][4.77837,-2.63523,0.692604][0.55089,-0.152293,-0.820565][0.790541,0.521633,0][4.92467,-2.68849,0.771514][0.421935,-0.162395,-0.891963][0.804618,0.52389,0][3.17288,-2.51523,-0.201426][0.460874,-0.116977,-0.879722][0.652324,0.448501,0][3.85728,-1.8653,0.0478837][0.428033,-0.0961391,-0.898635][0.674273,0.536891,0][3.96497,-2.80427,0.233154][0.430394,-0.137198,-0.892153][0.737766,0.471798,0][4.35692,-2.23881,0.332004][0.440283,-0.133286,-0.887911][0.739951,0.538574,0][3.85728,-1.8653,0.0478837][0.428033,-0.0961391,-0.898635][0.674273,0.536891,0][4.60055,-1.852,0.393534][0.419996,-0.118575,-0.899746][0.736091,0.582429,0][4.76241,-2.31376,0.534044][0.423653,-0.128671,-0.896639][0.772309,0.561613,0][4.35692,-2.23881,0.332004][0.440283,-0.133286,-0.887911][0.739951,0.538574,0][4.60055,-1.852,0.393534][0.419996,-0.118575,-0.899746][0.736091,0.582429,0][4.60055,-1.852,0.393534][0.419996,-0.118575,-0.899746][0.736091,0.582429,0][4.77555,-1.8457,0.473334][0.417511,-0.120208,-0.900685][0.750922,0.594332,0][4.76241,-2.31376,0.534044][0.423653,-0.128671,-0.896639][0.772309,0.561613,0][5.24778,-2.50493,0.792464][0.425146,-0.13135,-0.895544][0.815643,0.570353,0][5.20274,-2.53453,0.776774][0.425282,-0.13088,-0.895548][0.813698,0.566652,0][4.76241,-2.31376,0.534044][0.423653,-0.128671,-0.896639][0.772309,0.561613,0][4.76241,-2.31376,0.534044][0.423653,-0.128671,-0.896639][0.772309,0.561613,0][4.77555,-1.8457,0.473334][0.417511,-0.120208,-0.900685][0.750922,0.594332,0][5.24778,-2.50493,0.792464][0.425146,-0.13135,-0.895544][0.815643,0.570353,0][5.20274,-2.53453,0.776774][0.425282,-0.13088,-0.895548][0.813698,0.566652,0][5.24778,-2.50493,0.792464][0.425146,-0.13135,-0.895544][0.815643,0.570353,0][5.31031,-2.54842,0.829344][0.416713,-0.159706,-0.894899][0.822045,0.569306,0][5.18828,-1.98653,0.681514][0.414463,-0.119735,-0.902155][0.780914,0.617285,0][5.13983,-2.14928,0.683624][0.415294,-0.121903,-0.901482][0.788381,0.609021,0][4.77555,-1.8457,0.473334][0.417511,-0.120208,-0.900685][0.750922,0.594332,0][4.77555,-1.8457,0.473334][0.417511,-0.120208,-0.900685][0.750922,0.594332,0][5.0591,-1.4844,0.558534][0.432663,-0.104509,-0.895478][0.748775,0.635249,0][5.18828,-1.98653,0.681514][0.414463,-0.119735,-0.902155][0.780914,0.617285,0][5.24132,-2.29284,0.753194][0.421003,-0.13694,-0.896663][0.801553,0.610964,0][5.13983,-2.14928,0.683624][0.415294,-0.121903,-0.901482][0.788381,0.609021,0][5.18828,-1.98653,0.681514][0.414463,-0.119735,-0.902155][0.780914,0.617285,0][4.60055,-1.852,0.393534][0.419996,-0.118575,-0.899746][0.736091,0.582429,0][3.85728,-1.8653,0.0478837][0.428033,-0.0961391,-0.898635][0.674273,0.536891,0][4.74898,-1.5622,0.427194][0.411131,-0.0876881,-0.907349][0.730825,0.611707,0][1.76427,-4.80969,-0.550476][-0.491915,0.110242,0.863636][0.260779,0.697989,0][1.4916,-4.85615,-0.704106][-0.501081,0.0936511,0.860318][0.24902,0.70771,0][1.77967,-5.0562,-0.514546][-0.500948,0.0941081,0.860346][0.268249,0.707446,0][1.77967,-5.0562,-0.514546][-0.500948,0.0941081,0.860346][0.268249,0.707446,0][1.90154,-4.95826,-0.454256][-0.500972,0.0940681,0.860336][0.271417,0.699993,0][1.76427,-4.80969,-0.550476][-0.491915,0.110242,0.863636][0.260779,0.697989,0][1.77967,-5.0562,-0.514546][-0.500948,0.0941081,0.860346][0.268249,0.707446,0][1.99956,-5.05085,-0.387056][-0.501087,0.0938731,0.86029][0.278649,0.700897,0][1.90154,-4.95826,-0.454256][-0.500972,0.0940681,0.860336][0.271417,0.699993,0][1.35124,-5.02663,-0.767546][-0.501517,0.0928461,0.860151][0.234512,0.72912,0][1.57371,-5.15111,-0.624386][-0.501516,0.0928751,0.860149][0.257904,0.726766,0][1.51756,-5.03091,-0.670106][-0.501517,0.0928541,0.860151][0.247965,0.721418,0][1.35124,-5.02663,-0.767546][-0.501517,0.0928461,0.860151][0.234512,0.72912,0][1.51756,-5.03091,-0.670106][-0.501517,0.0928541,0.860151][0.247965,0.721418,0][1.4916,-4.85615,-0.704106][-0.501081,0.0936511,0.860318][0.24902,0.70771,0][1.4916,-4.85615,-0.704106][-0.501081,0.0936511,0.860318][0.24902,0.70771,0][1.22652,-4.87412,-0.856726][-0.50152,0.0928571,0.860148][0.217651,0.724911,0][1.35124,-5.02663,-0.767546][-0.501517,0.0928461,0.860151][0.234512,0.72912,0][2.58273,-4.704,-0.0949962][-0.490116,0.109571,0.864743][0.317556,0.648594,0][2.35578,-4.65665,-0.229626][-0.492731,0.107463,0.86352][0.297416,0.656254,0][2.38196,-4.82214,-0.193816][-0.492651,0.107349,0.86358][0.30711,0.66603,0][2.35578,-4.65665,-0.229626][-0.492731,0.107463,0.86352][0.297416,0.656254,0][2.14877,-4.56915,-0.358376][-0.487509,0.115539,0.86544][0.277004,0.660324,0][2.10664,-4.85292,-0.347786][-0.495085,0.106263,0.862322][0.286707,0.681246,0][2.10664,-4.85292,-0.347786][-0.495085,0.106263,0.862322][0.286707,0.681246,0][2.38196,-4.82214,-0.193816][-0.492651,0.107349,0.86358][0.30711,0.66603,0][2.35578,-4.65665,-0.229626][-0.492731,0.107463,0.86352][0.297416,0.656254,0][2.14877,-4.56915,-0.358376][-0.487509,0.115539,0.86544][0.277004,0.660324,0][1.76427,-4.80969,-0.550476][-0.491915,0.110242,0.863636][0.260779,0.697989,0][2.10664,-4.85292,-0.347786][-0.495085,0.106263,0.862322][0.286707,0.681246,0][1.22652,-4.87412,-0.856726][-0.50152,0.0928571,0.860148][0.217651,0.724911,0][1.4916,-4.85615,-0.704106][-0.501081,0.0936511,0.860318][0.24902,0.70771,0][1.07184,-4.55121,-0.981776][-0.494679,0.106904,0.862476][0.190672,0.710756,0][2.80602,-4.41017,-0.0103862][-0.48053,0.126461,0.867813][0.312709,0.618399,0][3.1305,-4.35802,0.161174][-0.479573,0.12831,0.86807][0.335707,0.599554,0][2.98329,-4.23996,0.0623939][-0.480031,0.127426,0.867948][0.318646,0.598714,0][2.80602,-4.41017,-0.0103862][-0.48053,0.126461,0.867813][0.312709,0.618399,0][2.98329,-4.23996,0.0623939][-0.480031,0.127426,0.867948][0.318646,0.598714,0][2.72017,-4.22764,-0.0844762][-0.476024,0.133098,0.869302][0.288743,0.617626,0][2.72017,-4.22764,-0.0844762][-0.476024,0.133098,0.869302][0.288743,0.617626,0][2.65046,-4.45201,-0.0911162][-0.487525,0.12592,0.863981][0.302444,0.628579,0][2.80602,-4.41017,-0.0103862][-0.48053,0.126461,0.867813][0.312709,0.618399,0][2.72017,-4.22764,-0.0844762][-0.476024,0.133098,0.869302][0.288743,0.617626,0][2.54633,-3.74168,-0.253566][-0.474884,0.1331,0.869925][0.252269,0.593713,0][2.35266,-4.55991,-0.243916][-0.489208,0.125299,0.86312][0.283997,0.649963,0][2.35266,-4.55991,-0.243916][-0.489208,0.125299,0.86312][0.283997,0.649963,0][2.65046,-4.45201,-0.0911162][-0.487525,0.12592,0.863981][0.302444,0.628579,0][2.72017,-4.22764,-0.0844762][-0.476024,0.133098,0.869302][0.288743,0.617626,0][2.35266,-4.55991,-0.243916][-0.489208,0.125299,0.86312][0.283997,0.649963,0][2.14877,-4.56915,-0.358376][-0.487509,0.115539,0.86544][0.277004,0.660324,0][2.35578,-4.65665,-0.229626][-0.492731,0.107463,0.86352][0.297416,0.656254,0][2.14877,-4.56915,-0.358376][-0.487509,0.115539,0.86544][0.277004,0.660324,0][2.35266,-4.55991,-0.243916][-0.489208,0.125299,0.86312][0.283997,0.649963,0][2.54633,-3.74168,-0.253566][-0.474884,0.1331,0.869925][0.252269,0.593713,0][3.56867,-3.56005,0.264404][-0.467673,0.144253,0.872051][0.331886,0.533311,0][2.54633,-3.74168,-0.253566][-0.474884,0.1331,0.869925][0.252269,0.593713,0][2.72017,-4.22764,-0.0844762][-0.476024,0.133098,0.869302][0.288743,0.617626,0][2.72017,-4.22764,-0.0844762][-0.476024,0.133098,0.869302][0.288743,0.617626,0][3.752,-3.6827,0.383184][-0.466883,0.140592,0.873072][0.351983,0.532732,0][3.56867,-3.56005,0.264404][-0.467673,0.144253,0.872051][0.331886,0.533311,0][3.89164,-3.54049,0.430174][-0.458356,0.16125,0.874018][0.355928,0.516797,0][3.56867,-3.56005,0.264404][-0.467673,0.144253,0.872051][0.331886,0.533311,0][3.752,-3.6827,0.383184][-0.466883,0.140592,0.873072][0.351983,0.532732,0][2.54633,-3.74168,-0.253566][-0.474884,0.1331,0.869925][0.252269,0.593713,0][3.56867,-3.56005,0.264404][-0.467673,0.144253,0.872051][0.331886,0.533311,0][3.62978,-3.2949,0.247484][-0.460703,0.159415,0.873121][0.332514,0.505723,0][3.85716,-3.39408,0.384564][-0.457025,0.161166,0.874731][0.354877,0.501536,0][3.62978,-3.2949,0.247484][-0.460703,0.159415,0.873121][0.332514,0.505723,0][3.56867,-3.56005,0.264404][-0.467673,0.144253,0.872051][0.331886,0.533311,0][3.62978,-3.2949,0.247484][-0.460703,0.159415,0.873121][0.332514,0.505723,0][2.9841,-3.07057,-0.131636][-0.462911,0.137422,0.875687][0.271761,0.521412,0][2.54633,-3.74168,-0.253566][-0.474884,0.1331,0.869925][0.252269,0.593713,0][3.62978,-3.2949,0.247484][-0.460703,0.159415,0.873121][0.332514,0.505723,0][4.01433,-3.23358,0.434514][-0.452637,0.167001,0.875917][0.359183,0.483587,0][3.81984,-3.03893,0.296894][-0.449228,0.15393,0.880057][0.334768,0.479933,0][3.14245,-2.50659,-0.136636][-0.464808,0.106913,0.878933][0.257429,0.4766,0][2.9841,-3.07057,-0.131636][-0.462911,0.137422,0.875687][0.271761,0.521412,0][3.81984,-3.03893,0.296894][-0.449228,0.15393,0.880057][0.334768,0.479933,0][2.9841,-3.07057,-0.131636][-0.462911,0.137422,0.875687][0.271761,0.521412,0][3.62978,-3.2949,0.247484][-0.460703,0.159415,0.873121][0.332514,0.505723,0][3.81984,-3.03893,0.296894][-0.449228,0.15393,0.880057][0.334768,0.479933,0][3.81984,-3.03893,0.296894][-0.449228,0.15393,0.880057][0.334768,0.479933,0][4.0308,-3.00271,0.397944][-0.445712,0.154519,0.88174][0.349216,0.46763,0][4.02528,-2.80477,0.359274][-0.44789,0.108142,0.887525][0.339308,0.454859,0][4.02528,-2.80477,0.359274][-0.44789,0.108142,0.887525][0.339308,0.454859,0][3.14245,-2.50659,-0.136636][-0.464808,0.106913,0.878933][0.257429,0.4766,0][3.81984,-3.03893,0.296894][-0.449228,0.15393,0.880057][0.334768,0.479933,0][4.2182,-2.84657,0.467274][-0.453549,0.151503,0.87826][0.356214,0.448572,0][4.02528,-2.80477,0.359274][-0.44789,0.108142,0.887525][0.339308,0.454859,0][4.0308,-3.00271,0.397944][-0.445712,0.154519,0.88174][0.349216,0.46763,0][4.0308,-3.00271,0.397944][-0.445712,0.154519,0.88174][0.349216,0.46763,0][4.20103,-2.98495,0.481014][-0.453539,0.151511,0.878264][0.361405,0.458513,0][4.2182,-2.84657,0.467274][-0.453549,0.151503,0.87826][0.356214,0.448572,0][4.31479,-2.92407,0.531084][-0.462304,0.14419,0.87492][0.367346,0.449182,0][4.2182,-2.84657,0.467274][-0.453549,0.151503,0.87826][0.356214,0.448572,0][4.20103,-2.98495,0.481014][-0.453539,0.151511,0.878264][0.361405,0.458513,0][4.02528,-2.80477,0.359274][-0.44789,0.108142,0.887525][0.339308,0.454859,0][4.23485,-2.78192,0.466874][-0.43769,0.106189,0.892834][0.354493,0.443478,0][4.42613,-2.27386,0.495474][-0.429832,0.113719,0.895719][0.345667,0.400771,0][4.42613,-2.27386,0.495474][-0.429832,0.113719,0.895719][0.345667,0.400771,0][3.80717,-1.85486,0.157564][-0.458399,0.0865621,0.884521][0.279904,0.401467,0][4.02528,-2.80477,0.359274][-0.44789,0.108142,0.887525][0.339308,0.454859,0][4.77127,-2.58298,0.708804][-0.445935,0.131169,0.885402][0.386318,0.405164,0][4.42613,-2.27386,0.495474][-0.429832,0.113719,0.895719][0.345667,0.400771,0][4.23485,-2.78192,0.466874][-0.43769,0.106189,0.892834][0.354493,0.443478,0][4.23485,-2.78192,0.466874][-0.43769,0.106189,0.892834][0.354493,0.443478,0][4.77428,-2.76569,0.743404][-0.444891,0.13249,0.88573][0.395309,0.41706,0][4.77127,-2.58298,0.708804][-0.445935,0.131169,0.885402][0.386318,0.405164,0][4.77428,-2.76569,0.743404][-0.444891,0.13249,0.88573][0.395309,0.41706,0][4.97999,-2.68507,0.825834][-0.421125,0.162026,0.892413][0.406976,0.40218,0][4.77127,-2.58298,0.708804][-0.445935,0.131169,0.885402][0.386318,0.405164,0][3.14245,-2.50659,-0.136636][-0.464808,0.106913,0.878933][0.257429,0.4766,0][4.02528,-2.80477,0.359274][-0.44789,0.108142,0.887525][0.339308,0.454859,0][3.80717,-1.85486,0.157564][-0.458399,0.0865621,0.884521][0.279904,0.401467,0][1.07184,-4.55121,-0.981776][-0.494679,0.106904,0.862476][0.190672,0.710756,0][1.4916,-4.85615,-0.704106][-0.501081,0.0936511,0.860318][0.24902,0.70771,0][1.76427,-4.80969,-0.550476][-0.491915,0.110242,0.863636][0.260779,0.697989,0][2.14877,-4.56915,-0.358376][-0.487509,0.115539,0.86544][0.277004,0.660324,0][2.54633,-3.74168,-0.253566][-0.474884,0.1331,0.869925][0.252269,0.593713,0][1.73125,-3.78406,-0.697916][-0.488157,0.114885,0.865161][0.207664,0.628073,0][1.73125,-3.78406,-0.697916][-0.488157,0.114885,0.865161][0.207664,0.628073,0][1.76427,-4.80969,-0.550476][-0.491915,0.110242,0.863636][0.260779,0.697989,0][2.14877,-4.56915,-0.358376][-0.487509,0.115539,0.86544][0.277004,0.660324,0][1.07184,-4.55121,-0.981776][-0.494679,0.106904,0.862476][0.190672,0.710756,0][1.76427,-4.80969,-0.550476][-0.491915,0.110242,0.863636][0.260779,0.697989,0][1.73125,-3.78406,-0.697916][-0.488157,0.114885,0.865161][0.207664,0.628073,0][2.54633,-3.74168,-0.253566][-0.474884,0.1331,0.869925][0.252269,0.593713,0][1.93147,-3.16683,-0.679116][-0.469825,0.129187,0.873255][0.194394,0.577623,0][1.73125,-3.78406,-0.697916][-0.488157,0.114885,0.865161][0.207664,0.628073,0][2.9841,-3.07057,-0.131636][-0.462911,0.137422,0.875687][0.271761,0.521412,0][1.93147,-3.16683,-0.679116][-0.469825,0.129187,0.873255][0.194394,0.577623,0][2.54633,-3.74168,-0.253566][-0.474884,0.1331,0.869925][0.252269,0.593713,0][2.9841,-3.07057,-0.131636][-0.462911,0.137422,0.875687][0.271761,0.521412,0][3.14245,-2.50659,-0.136636][-0.464808,0.106913,0.878933][0.257429,0.4766,0][2.19818,-2.70005,-0.602746][-0.463431,0.111061,0.879146][0.19336,0.533998,0][2.19818,-2.70005,-0.602746][-0.463431,0.111061,0.879146][0.19336,0.533998,0][1.93147,-3.16683,-0.679116][-0.469825,0.129187,0.873255][0.194394,0.577623,0][2.9841,-3.07057,-0.131636][-0.462911,0.137422,0.875687][0.271761,0.521412,0][3.14245,-2.50659,-0.136636][-0.464808,0.106913,0.878933][0.257429,0.4766,0][2.62305,-2.27137,-0.433096][-0.457472,0.0867251,0.884985][0.206559,0.485379,0][2.19818,-2.70005,-0.602746][-0.463431,0.111061,0.879146][0.19336,0.533998,0][2.7839,-1.7418,-0.403616][-0.459037,0.0787161,0.884923][0.195061,0.442349,0][2.62305,-2.27137,-0.433096][-0.457472,0.0867251,0.884985][0.206559,0.485379,0][3.14245,-2.50659,-0.136636][-0.464808,0.106913,0.878933][0.257429,0.4766,0][3.80717,-1.85486,0.157564][-0.458399,0.0865621,0.884521][0.279904,0.401467,0][2.7839,-1.7418,-0.403616][-0.459037,0.0787161,0.884923][0.195061,0.442349,0][3.14245,-2.50659,-0.136636][-0.464808,0.106913,0.878933][0.257429,0.4766,0][4.42613,-2.27386,0.495474][-0.429832,0.113719,0.895719][0.345667,0.400771,0][4.55358,-1.84056,0.495224][-0.418188,0.0604831,0.906345][0.335249,0.366182,0][3.80717,-1.85486,0.157564][-0.458399,0.0865621,0.884521][0.279904,0.401467,0][4.83342,-1.93465,0.636544][-0.424145,0.0813791,0.901931][0.346026,0.360892,0][4.55358,-1.84056,0.495224][-0.418188,0.0604831,0.906345][0.335249,0.366182,0][4.42613,-2.27386,0.495474][-0.429832,0.113719,0.895719][0.345667,0.400771,0][4.42613,-2.27386,0.495474][-0.429832,0.113719,0.895719][0.345667,0.400771,0][4.72596,-2.35813,0.649634][-0.419693,0.1353,0.897525][0.357719,0.393903,0][4.83342,-1.93465,0.636544][-0.424145,0.0813791,0.901931][0.346026,0.360892,0][5.24127,-2.46708,0.908474][-0.420284,0.141538,0.896286][0.40162,0.377165,0][4.83342,-1.93465,0.636544][-0.424145,0.0813791,0.901931][0.346026,0.360892,0][4.72596,-2.35813,0.649634][-0.419693,0.1353,0.897525][0.357719,0.393903,0][4.72596,-2.35813,0.649634][-0.419693,0.1353,0.897525][0.357719,0.393903,0][5.16604,-2.57664,0.893174][-0.420388,0.141058,0.896313][0.401194,0.387867,0][5.24127,-2.46708,0.908474][-0.420284,0.141538,0.896286][0.40162,0.377165,0][5.16604,-2.57664,0.893174][-0.420388,0.141058,0.896313][0.401194,0.387867,0][5.35896,-2.55059,0.978174][-0.416041,0.16069,0.895035][0.41448,0.377232,0][5.24127,-2.46708,0.908474][-0.420284,0.141538,0.896286][0.40162,0.377165,0][4.83342,-1.93465,0.636544][-0.424145,0.0813791,0.901931][0.346026,0.360892,0][5.05176,-1.5639,0.730474][-0.322293,0.111116,0.940096][0.361066,0.324401,0][4.68724,-1.5489,0.563194][-0.432945,0.0690921,0.898768][0.333289,0.340051,0][4.68724,-1.5489,0.563194][-0.432945,0.0690921,0.898768][0.333289,0.340051,0][4.55358,-1.84056,0.495224][-0.418188,0.0604831,0.906345][0.335249,0.366182,0][4.83342,-1.93465,0.636544][-0.424145,0.0813791,0.901931][0.346026,0.360892,0][5.18701,-1.98697,0.805824][-0.423328,0.0661531,0.903558][0.389276,0.346532,0][5.05176,-1.5639,0.730474][-0.322293,0.111116,0.940096][0.361066,0.324401,0][4.83342,-1.93465,0.636544][-0.424145,0.0813791,0.901931][0.346026,0.360892,0][4.83342,-1.93465,0.636544][-0.424145,0.0813791,0.901931][0.346026,0.360892,0][5.12408,-2.19507,0.808694][-0.423522,0.0826861,0.902104][0.394332,0.363157,0][5.18701,-1.98697,0.805824][-0.423328,0.0661531,0.903558][0.389276,0.346532,0][5.25403,-2.37819,0.898864][-0.42328,0.140352,0.895062][0.412757,0.369208,0][5.18701,-1.98697,0.805824][-0.423328,0.0661531,0.903558][0.389276,0.346532,0][5.12408,-2.19507,0.808694][-0.423522,0.0826861,0.902104][0.394332,0.363157,0][5.25542,-1.6202,0.769904][-0.128879,0.212033,0.968727][0.377061,0.319231,0][4.98428,-1.2861,0.669674][-0.100634,-0.045032,0.993904][0.343753,0.309095,0][5.05176,-1.5639,0.730474][-0.322293,0.111116,0.940096][0.361066,0.324401,0][5.05176,-1.5639,0.730474][-0.322293,0.111116,0.940096][0.361066,0.324401,0][5.3974,-2.08354,0.899184][-0.128879,0.212033,0.968727][0.407696,0.343465,0][5.25542,-1.6202,0.769904][-0.128879,0.212033,0.968727][0.377061,0.319231,0][4.98428,-1.2861,0.669674][-0.100634,-0.045032,0.993904][0.343753,0.309095,0][4.80024,-1.1797,0.577374][-0.413942,0.0686491,0.907711][0.32528,0.310269,0][4.68724,-1.5489,0.563194][-0.432945,0.0690921,0.898768][0.333289,0.340051,0][4.68724,-1.5489,0.563194][-0.432945,0.0690921,0.898768][0.333289,0.340051,0][5.05176,-1.5639,0.730474][-0.322293,0.111116,0.940096][0.361066,0.324401,0][4.98428,-1.2861,0.669674][-0.100634,-0.045032,0.993904][0.343753,0.309095,0][4.55358,-1.84056,0.495224][-0.418188,0.0604831,0.906345][0.335249,0.366182,0][4.68724,-1.5489,0.563194][-0.432945,0.0690921,0.898768][0.333289,0.340051,0][3.80717,-1.85486,0.157564][-0.458399,0.0865621,0.884521][0.279904,0.401467,0][4.68724,-1.5489,0.563194][-0.432945,0.0690921,0.898768][0.333289,0.340051,0][4.80024,-1.1797,0.577374][-0.413942,0.0686491,0.907711][0.32528,0.310269,0][4.01731,-1.0001,0.182864][-0.443283,0.0689421,0.893727][0.257747,0.33439,0][4.01731,-1.0001,0.182864][-0.443283,0.0689421,0.893727][0.257747,0.33439,0][3.80717,-1.85486,0.157564][-0.458399,0.0865621,0.884521][0.279904,0.401467,0][4.68724,-1.5489,0.563194][-0.432945,0.0690921,0.898768][0.333289,0.340051,0][3.05489,-1.2658,-0.304006][-0.461355,0.0683261,0.884581][0.194789,0.397624,0][2.7839,-1.7418,-0.403616][-0.459037,0.0787161,0.884923][0.195061,0.442349,0][3.80717,-1.85486,0.157564][-0.458399,0.0865621,0.884521][0.279904,0.401467,0][3.80717,-1.85486,0.157564][-0.458399,0.0865621,0.884521][0.279904,0.401467,0][4.01731,-1.0001,0.182864][-0.443283,0.0689421,0.893727][0.257747,0.33439,0][3.05489,-1.2658,-0.304006][-0.461355,0.0683261,0.884581][0.194789,0.397624,0][1.53722,-4.86459,-0.782366][-0.475777,-0.859984,-0.184561][0.636813,0.197978,0][1.82529,-5.06465,-0.592796][-0.475778,-0.859984,-0.184561][0.658652,0.202027,0][1.77967,-5.0562,-0.514546][-0.475778,-0.859984,-0.184561][0.659841,0.198061,0][1.77967,-5.0562,-0.514546][-0.475778,-0.859984,-0.184561][0.659841,0.198061,0][1.4916,-4.85615,-0.704106][-0.475777,-0.859984,-0.184561][0.638915,0.195197,0][1.53722,-4.86459,-0.782366][-0.475777,-0.859984,-0.184561][0.636813,0.197978,0][1.90154,-4.95826,-0.454256][0.516376,0.624471,0.585997][0.662597,0.211228,0][1.95785,-4.96904,-0.551246][0.516376,0.624471,0.585997][0.661275,0.208588,0][1.87786,-4.78467,-0.618376][0.516376,0.624471,0.585997][0.656733,0.216225,0][1.87786,-4.78467,-0.618376][0.516376,0.624471,0.585997][0.656733,0.216225,0][1.76427,-4.80969,-0.550476][0.516376,0.624471,0.585997][0.662054,0.214392,0][1.90154,-4.95826,-0.454256][0.516376,0.624471,0.585997][0.662597,0.211228,0][1.77967,-5.0562,-0.514546][-0.0289301,-0.995409,0.091236][0.659841,0.198061,0][1.82529,-5.06465,-0.592796][-0.0289301,-0.995409,0.091236][0.658652,0.202027,0][2.01379,-5.05356,-0.411566][-0.0289301,-0.995409,0.091236][0.667825,0.206914,0][2.01379,-5.05356,-0.411566][-0.0289301,-0.995409,0.091236][0.667825,0.206914,0][1.99956,-5.05085,-0.387056][-0.0289301,-0.995409,0.091236][0.668712,0.20589,0][1.77967,-5.0562,-0.514546][-0.0289301,-0.995409,0.091236][0.659841,0.198061,0][2.01379,-5.05356,-0.411566][0.571642,0.783073,0.244996][0.667825,0.206914,0][1.95785,-4.96904,-0.551246][0.571642,0.783073,0.244996][0.661275,0.208588,0][1.90154,-4.95826,-0.454256][0.571642,0.783073,0.244996][0.662597,0.211228,0][1.90154,-4.95826,-0.454256][0.571642,0.783073,0.244996][0.662597,0.211228,0][1.99956,-5.05085,-0.387056][0.571642,0.783073,0.244996][0.668419,0.208071,0][2.01379,-5.05356,-0.411566][0.571642,0.783073,0.244996][0.667825,0.206914,0][1.35124,-5.02663,-0.767546][-0.411674,-0.900063,-0.142869][0.633495,0.180544,0][1.40775,-5.0371,-0.864466][-0.411674,-0.900063,-0.142869][0.632331,0.185208,0][1.58286,-5.15281,-0.640076][-0.411674,-0.900063,-0.142869][0.645552,0.184987,0][1.58286,-5.15281,-0.640076][-0.411674,-0.900063,-0.142869][0.645552,0.184987,0][1.57371,-5.15111,-0.624386][-0.411674,-0.900063,-0.142869][0.645768,0.184171,0][1.35124,-5.02663,-0.767546][-0.411674,-0.900063,-0.142869][0.633495,0.180544,0][1.58286,-5.15281,-0.640076][0.767038,0.507589,0.392438][0.645552,0.184987,0][1.57407,-5.04137,-0.767026][0.767037,0.507589,0.392438][0.639725,0.18926,0][1.51756,-5.03091,-0.670106][0.767037,0.507589,0.392438][0.643122,0.191246,0][1.51756,-5.03091,-0.670106][0.767037,0.507589,0.392438][0.643122,0.191246,0][1.57371,-5.15111,-0.624386][0.767037,0.507589,0.392438][0.646337,0.185363,0][1.58286,-5.15281,-0.640076][0.767038,0.507589,0.392438][0.645552,0.184987,0][1.51756,-5.03091,-0.670106][0.853036,0.218902,0.473722][0.643122,0.191246,0][1.57407,-5.04137,-0.767026][0.853036,0.218902,0.473722][0.639725,0.18926,0][1.53722,-4.86459,-0.782366][0.853036,0.218902,0.473722][0.636813,0.197978,0][1.53722,-4.86459,-0.782366][0.853036,0.218902,0.473722][0.636813,0.197978,0][1.4916,-4.85615,-0.704106][0.853036,0.218902,0.473722][0.638915,0.195197,0][1.51756,-5.03091,-0.670106][0.853036,0.218902,0.473722][0.643122,0.191246,0][1.28304,-4.88458,-0.953646][-0.644896,-0.702869,-0.300142][0.618705,0.183732,0][1.40775,-5.0371,-0.864466][-0.644896,-0.702869,-0.300142][0.632331,0.185208,0][1.35124,-5.02663,-0.767546][-0.644896,-0.702868,-0.300142][0.633495,0.180544,0][1.35124,-5.02663,-0.767546][-0.644896,-0.702868,-0.300142][0.633495,0.180544,0][1.22652,-4.87412,-0.856726][-0.644896,-0.702868,-0.300142][0.624175,0.178353,0][1.28304,-4.88458,-0.953646][-0.644896,-0.702869,-0.300142][0.618705,0.183732,0][2.61221,-4.71087,-0.147176][0.262199,0.945339,-0.193869][0.717125,0.241168,0][2.37917,-4.69808,-0.341436][0.262199,0.945339,-0.193869][0.694105,0.242221,0][2.35578,-4.65665,-0.229626][0.262199,0.945339,-0.193869][0.699191,0.249605,0][2.35578,-4.65665,-0.229626][0.262199,0.945339,-0.193869][0.699191,0.249605,0][2.58273,-4.704,-0.0949962][0.262199,0.945339,-0.193869][0.718043,0.245468,0][2.61221,-4.71087,-0.147176][0.262199,0.945339,-0.193869][0.717125,0.241168,0][2.38196,-4.82214,-0.193816][0.247451,-0.968776,-0.015518][0.704146,0.2273,0][2.43348,-4.80948,-0.296486][0.239987,-0.97047,-0.024381][0.700477,0.23467,0][2.61221,-4.71087,-0.147176][0.399375,-0.899879,0.175265][0.717125,0.241168,0][2.61221,-4.71087,-0.147176][0.399375,-0.899879,0.175265][0.717125,0.241168,0][2.58273,-4.704,-0.0949962][0.399375,-0.899879,0.175265][0.719606,0.23741,0][2.38196,-4.82214,-0.193816][0.247451,-0.968776,-0.015518][0.704146,0.2273,0][2.16871,-4.82194,-0.446436][0.0923059,-0.973346,-0.209948][0.680091,0.22667,0][2.43348,-4.80948,-0.296486][0.239987,-0.97047,-0.024381][0.700477,0.23467,0][2.38196,-4.82214,-0.193816][0.247451,-0.968776,-0.015518][0.704146,0.2273,0][2.38196,-4.82214,-0.193816][0.247451,-0.968776,-0.015518][0.704146,0.2273,0][2.10664,-4.85292,-0.347786][0.0901289,-0.972893,-0.212967][0.682415,0.218541,0][2.16871,-4.82194,-0.446436][0.0923059,-0.973346,-0.209948][0.680091,0.22667,0][1.87786,-4.78467,-0.618376][0.0424349,-0.959662,-0.277937][0.656733,0.216225,0][2.16871,-4.82194,-0.446436][0.0923059,-0.973346,-0.209948][0.680091,0.22667,0][2.10664,-4.85292,-0.347786][0.0901289,-0.972893,-0.212967][0.682415,0.218541,0][2.10664,-4.85292,-0.347786][0.0901289,-0.972893,-0.212967][0.682415,0.218541,0][1.76427,-4.80969,-0.550476][0.0424349,-0.959662,-0.277937][0.662054,0.214392,0][1.87786,-4.78467,-0.618376][0.0424349,-0.959662,-0.277937][0.656733,0.216225,0][2.88676,-4.39879,-0.0971062][0.150984,-0.987879,0.036034][0.721878,0.276973,0][3.15421,-4.36456,0.118034][0.110788,-0.992477,0.052103][0.741753,0.2742,0][3.1305,-4.35802,0.161174][0.110788,-0.992477,0.052103][0.741822,0.27133,0][3.1305,-4.35802,0.161174][0.110788,-0.992477,0.052103][0.741822,0.27133,0][2.80602,-4.41017,-0.0103862][0.167055,-0.985504,0.029558][0.720582,0.270693,0][2.88676,-4.39879,-0.0971062][0.150984,-0.987879,0.036034][0.721878,0.276973,0][3.15421,-4.36456,0.118034][0.612559,0.778085,-0.13912][0.741753,0.2742,0][2.99826,-4.2919,-0.0512562][0.612559,0.778085,-0.13912][0.730499,0.281281,0][2.98329,-4.23996,0.0623939][0.612559,0.778085,-0.13912][0.735656,0.286212,0][2.98329,-4.23996,0.0623939][0.612559,0.778085,-0.13912][0.735656,0.286212,0][3.1305,-4.35802,0.161174][0.612559,0.778085,-0.13912][0.743994,0.276155,0][3.15421,-4.36456,0.118034][0.612559,0.778085,-0.13912][0.741753,0.2742,0][2.99826,-4.2919,-0.0512562][0.251117,0.889852,-0.380924][0.730499,0.281281,0][2.66625,-4.27858,-0.236846][0.251117,0.889852,-0.380924][0.703159,0.288158,0][2.72017,-4.22764,-0.0844762][0.251117,0.889852,-0.380924][0.717347,0.293091,0][2.72017,-4.22764,-0.0844762][0.251117,0.889852,-0.380924][0.717347,0.293091,0][2.98329,-4.23996,0.0623939][0.251117,0.889852,-0.380924][0.735656,0.286212,0][2.99826,-4.2919,-0.0512562][0.251117,0.889852,-0.380924][0.730499,0.281281,0][2.71535,-4.43208,-0.187686][0.311572,-0.93736,-0.155815][0.71018,0.276634,0][2.88676,-4.39879,-0.0971062][0.150984,-0.987879,0.036034][0.721878,0.276973,0][2.80602,-4.41017,-0.0103862][0.167055,-0.985504,0.029558][0.720582,0.270693,0][2.80602,-4.41017,-0.0103862][0.167055,-0.985504,0.029558][0.720582,0.270693,0][2.65046,-4.45201,-0.0911162][0.321537,-0.930663,-0.174586][0.712833,0.269631,0][2.71535,-4.43208,-0.187686][0.311572,-0.93736,-0.155815][0.71018,0.276634,0][2.35266,-4.55991,-0.243916][0.355623,-0.903151,-0.240523][0.695741,0.254173,0][2.37093,-4.48688,-0.373466][0.355623,-0.903151,-0.240523][0.685977,0.259192,0][2.71535,-4.43208,-0.187686][0.311572,-0.93736,-0.155815][0.71018,0.276634,0][2.71535,-4.43208,-0.187686][0.311572,-0.93736,-0.155815][0.71018,0.276634,0][2.65046,-4.45201,-0.0911162][0.321537,-0.930663,-0.174586][0.712833,0.269631,0][2.35266,-4.55991,-0.243916][0.355623,-0.903151,-0.240523][0.695741,0.254173,0][2.37917,-4.69808,-0.341436][0.982065,0.0629549,0.177723][0.694105,0.242221,0][2.37093,-4.48688,-0.373466][0.982065,0.0629549,0.177723][0.685977,0.259192,0][2.35266,-4.55991,-0.243916][0.982065,0.0629549,0.177723][0.695741,0.254173,0][2.35266,-4.55991,-0.243916][0.982065,0.0629549,0.177723][0.695741,0.254173,0][2.35578,-4.65665,-0.229626][0.982065,0.0629549,0.177723][0.699191,0.249605,0][2.37917,-4.69808,-0.341436][0.982065,0.0629549,0.177723][0.694105,0.242221,0][2.72017,-4.22764,-0.0844762][0.494725,-0.868473,-0.031667][0.717347,0.293091,0][2.66625,-4.27858,-0.236846][0.494725,-0.868473,-0.031667][0.703159,0.288158,0][3.72774,-3.66648,0.266444][0.494725,-0.868473,-0.031667][0.759979,0.389602,0][3.72774,-3.66648,0.266444][0.494725,-0.868473,-0.031667][0.759979,0.389602,0][3.752,-3.6827,0.383184][0.494725,-0.868473,-0.031667][0.770871,0.388935,0][2.72017,-4.22764,-0.0844762][0.494725,-0.868473,-0.031667][0.717347,0.293091,0][3.86758,-3.56925,0.328414][0.0756802,0.974056,-0.213277][0.767791,0.401757,0][3.52697,-3.57508,0.142824][0.0756802,0.974056,-0.213277][0.742969,0.390524,0][3.56867,-3.56005,0.264404][0.0756802,0.974056,-0.213277][0.749201,0.397837,0][3.56867,-3.56005,0.264404][0.0756802,0.974056,-0.213277][0.749201,0.397837,0][3.89164,-3.54049,0.430174][0.0756802,0.974056,-0.213277][0.7745,0.414477,0][3.86758,-3.56925,0.328414][0.0756802,0.974056,-0.213277][0.767791,0.401757,0][3.752,-3.6827,0.383184][0.670462,-0.734318,-0.106105][0.770871,0.388935,0][3.72774,-3.66648,0.266444][0.670462,-0.734318,-0.106105][0.759979,0.389602,0][3.86758,-3.56925,0.328414][0.670462,-0.734318,-0.106105][0.767791,0.401757,0][3.86758,-3.56925,0.328414][0.670462,-0.734318,-0.106105][0.767791,0.401757,0][3.89164,-3.54049,0.430174][0.670462,-0.734318,-0.106105][0.775932,0.404074,0][3.752,-3.6827,0.383184][0.670462,-0.734318,-0.106105][0.770871,0.388935,0][3.82745,-3.40944,0.278194][0.514397,0.824695,-0.235103][0.75209,0.415706,0][3.59079,-3.29821,0.138094][0.514397,0.824695,-0.235103][0.732971,0.414377,0][3.62978,-3.2949,0.247484][0.514397,0.824695,-0.235103][0.740173,0.416999,0][3.62978,-3.2949,0.247484][0.514397,0.824695,-0.235103][0.740173,0.416999,0][3.85716,-3.39408,0.384564][0.514397,0.824695,-0.235103][0.754193,0.421126,0][3.82745,-3.40944,0.278194][0.514397,0.824695,-0.235103][0.75209,0.415706,0][3.56867,-3.56005,0.264404][0.504241,-0.862491,-0.043022][0.749201,0.397837,0][3.52697,-3.57508,0.142824][0.504241,-0.862491,-0.043022][0.742969,0.390524,0][3.82745,-3.40944,0.278194][0.504241,-0.862491,-0.043022][0.75209,0.415706,0][3.82745,-3.40944,0.278194][0.504241,-0.862491,-0.043022][0.75209,0.415706,0][3.85716,-3.39408,0.384564][0.504241,-0.862491,-0.043022][0.758767,0.416991,0][3.56867,-3.56005,0.264404][0.504241,-0.862491,-0.043022][0.749201,0.397837,0][3.62978,-3.2949,0.247484][0.250044,-0.956753,-0.14867][0.740173,0.416999,0][3.59079,-3.29821,0.138094][0.250044,-0.956753,-0.14867][0.732971,0.414377,0][3.96671,-3.21662,0.310414][0.250044,-0.956753,-0.14867][0.753985,0.438624,0][3.96671,-3.21662,0.310414][0.250044,-0.956753,-0.14867][0.753985,0.438624,0][4.01433,-3.23358,0.434514][0.250044,-0.956753,-0.14867][0.763557,0.438123,0][3.62978,-3.2949,0.247484][0.250044,-0.956753,-0.14867][0.740173,0.416999,0][3.96671,-3.21662,0.310414][0.754872,0.604634,-0.254136][0.753985,0.438624,0][3.78245,-3.04823,0.186704][0.754872,0.604634,-0.254136][0.734929,0.442943,0][3.81984,-3.03893,0.296894][0.754872,0.604634,-0.254136][0.74254,0.445661,0][3.81984,-3.03893,0.296894][0.754872,0.604634,-0.254136][0.74254,0.445661,0][4.01433,-3.23358,0.434514][0.754872,0.604635,-0.254136][0.760079,0.443184,0][3.96671,-3.21662,0.310414][0.754872,0.604634,-0.254136][0.753985,0.438624,0][3.81984,-3.03893,0.296894][0.237973,-0.968676,-0.07096][0.74254,0.445661,0][3.78245,-3.04823,0.186704][0.237973,-0.968676,-0.07096][0.734929,0.442943,0][4.02348,-2.98875,0.294784][0.237973,-0.968676,-0.07096][0.749566,0.458709,0][4.02348,-2.98875,0.294784][0.237973,-0.968676,-0.07096][0.749566,0.458709,0][4.0308,-3.00271,0.397944][0.237973,-0.968676,-0.07096][0.755533,0.454121,0][3.81984,-3.03893,0.296894][0.237973,-0.968676,-0.07096][0.74254,0.445661,0][4.21923,-2.88153,0.370874][0.369683,0.898276,-0.23756][0.762355,0.4691,0][3.96497,-2.80427,0.233154][0.369683,0.898276,-0.23756][0.737766,0.471798,0][4.02528,-2.80477,0.359274][0.369683,0.898276,-0.23756][0.749041,0.475322,0][4.02528,-2.80477,0.359274][0.369683,0.898276,-0.23756][0.749041,0.475322,0][4.2182,-2.84657,0.467274][0.369683,0.898276,-0.23756][0.765302,0.475548,0][4.21923,-2.88153,0.370874][0.369683,0.898276,-0.23756][0.762355,0.4691,0][4.0308,-3.00271,0.397944][0.0593139,-0.997582,-0.036225][0.755533,0.454121,0][4.02348,-2.98875,0.294784][0.0593139,-0.997582,-0.036225][0.749566,0.458709,0][4.20457,-2.99188,0.384174][0.0593139,-0.997582,-0.036225][0.763507,0.462127,0][4.20457,-2.99188,0.384174][0.0593139,-0.997582,-0.036225][0.763507,0.462127,0][4.20103,-2.98495,0.481014][0.0593139,-0.997582,-0.036225][0.768285,0.457451,0][4.0308,-3.00271,0.397944][0.0593139,-0.997582,-0.036225][0.755533,0.454121,0][4.29681,-2.9438,0.420144][0.696737,0.677516,-0.235648][0.769739,0.466808,0][4.21923,-2.88153,0.370874][0.696737,0.677516,-0.235648][0.762355,0.4691,0][4.2182,-2.84657,0.467274][0.696737,0.677516,-0.235648][0.765302,0.475548,0][4.2182,-2.84657,0.467274][0.696737,0.677516,-0.235648][0.765302,0.475548,0][4.31479,-2.92407,0.531084][0.696737,0.677516,-0.235648][0.775325,0.473043,0][4.29681,-2.9438,0.420144][0.696737,0.677516,-0.235648][0.769739,0.466808,0][4.20103,-2.98495,0.481014][0.438137,-0.894942,0.084348][0.768285,0.457451,0][4.20457,-2.99188,0.384174][0.438137,-0.894942,0.084348][0.763507,0.462127,0][4.29681,-2.9438,0.420144][0.438137,-0.894942,0.084348][0.769739,0.466808,0][4.29681,-2.9438,0.420144][0.438137,-0.894942,0.084348][0.769739,0.466808,0][4.31479,-2.92407,0.531084][0.438137,-0.894942,0.084348][0.778339,0.462987,0][4.20103,-2.98495,0.481014][0.438137,-0.894942,0.084348][0.768285,0.457451,0][4.02528,-2.80477,0.359274][0.176092,-0.978229,-0.109813][0.749041,0.475322,0][3.96497,-2.80427,0.233154][0.176092,-0.978229,-0.109813][0.737766,0.471798,0][4.27726,-2.76147,0.377574][0.176092,-0.978229,-0.109813][0.759764,0.493764,0][4.27726,-2.76147,0.377574][0.176092,-0.978229,-0.109813][0.759764,0.493764,0][4.23485,-2.78192,0.466874][0.176092,-0.978229,-0.109813][0.764849,0.486964,0][4.02528,-2.80477,0.359274][0.176092,-0.978229,-0.109813][0.749041,0.475322,0][4.77837,-2.63523,0.692604][0.759784,0.567666,-0.316992][0.790541,0.521633,0][4.35692,-2.23881,0.332004][0.759784,0.567666,-0.316992][0.739951,0.538574,0][4.42613,-2.27386,0.495474][0.759784,0.567666,-0.316992][0.755135,0.542023,0][4.42613,-2.27386,0.495474][0.759784,0.567666,-0.316992][0.755135,0.542023,0][4.77127,-2.58298,0.708804][0.759784,0.567666,-0.316992][0.789044,0.526076,0][4.77837,-2.63523,0.692604][0.759784,0.567666,-0.316992][0.790541,0.521633,0][4.23485,-2.78192,0.466874][0.215897,-0.927873,-0.304038][0.764849,0.486964,0][4.27726,-2.76147,0.377574][0.215897,-0.927873,-0.304038][0.759764,0.493764,0][4.78809,-2.73459,0.715294][0.215897,-0.927873,-0.304038][0.795865,0.51492,0][4.78809,-2.73459,0.715294][0.215897,-0.927873,-0.304038][0.795865,0.51492,0][4.77428,-2.76569,0.743404][0.215897,-0.927873,-0.304038][0.797881,0.511842,0][4.23485,-2.78192,0.466874][0.215897,-0.927873,-0.304038][0.764849,0.486964,0][4.77428,-2.76569,0.743404][0.469491,-0.738274,-0.484284][0.797881,0.511842,0][4.78809,-2.73459,0.715294][0.469491,-0.738274,-0.484284][0.795865,0.51492,0][4.92467,-2.68849,0.771514][0.469491,-0.738274,-0.484284][0.804618,0.52389,0][4.92467,-2.68849,0.771514][0.469491,-0.738274,-0.484284][0.804618,0.52389,0][4.97999,-2.68507,0.825834][0.469491,-0.738274,-0.484284][0.810308,0.526123,0][4.77428,-2.76569,0.743404][0.469491,-0.738274,-0.484284][0.797881,0.511842,0][4.92467,-2.68849,0.771514][0.571434,0.407515,-0.712317][0.804618,0.52389,0][4.77837,-2.63523,0.692604][0.571434,0.407514,-0.712317][0.790541,0.521633,0][4.77127,-2.58298,0.708804][0.571434,0.407514,-0.712317][0.789044,0.526076,0][4.77127,-2.58298,0.708804][0.571434,0.407514,-0.712317][0.789044,0.526076,0][4.97999,-2.68507,0.825834][0.571434,0.407515,-0.712317][0.809849,0.527356,0][4.92467,-2.68849,0.771514][0.571434,0.407515,-0.712317][0.804618,0.52389,0][4.42613,-2.27386,0.495474][-0.0837661,-0.960971,-0.263664][0.755135,0.542023,0][4.35692,-2.23881,0.332004][-0.0837661,-0.960971,-0.263664][0.739951,0.538574,0][4.76241,-2.31376,0.534044][-0.0837661,-0.960971,-0.263664][0.772309,0.561613,0][4.76241,-2.31376,0.534044][-0.0837661,-0.960971,-0.263664][0.772309,0.561613,0][4.72596,-2.35813,0.649634][-0.0837661,-0.960971,-0.263664][0.777303,0.553198,0][4.42613,-2.27386,0.495474][-0.0837661,-0.960971,-0.263664][0.755135,0.542023,0][5.24778,-2.50493,0.792464][0.813869,0.579404,-0.043681][0.815643,0.570353,0][4.77555,-1.8457,0.473334][0.813869,0.579404,-0.043681][0.750922,0.594332,0][4.83342,-1.93465,0.636544][0.813869,0.579404,-0.043681][0.765659,0.595539,0][4.83342,-1.93465,0.636544][0.813869,0.579404,-0.043681][0.765659,0.595539,0][5.24127,-2.46708,0.908474][0.813869,0.579404,-0.043681][0.81926,0.579204,0][5.24778,-2.50493,0.792464][0.813869,0.579404,-0.043681][0.815643,0.570353,0][4.72596,-2.35813,0.649634][-0.221814,-0.888711,-0.401238][0.777303,0.553198,0][4.76241,-2.31376,0.534044][-0.221814,-0.888711,-0.401238][0.772309,0.561613,0][5.20274,-2.53453,0.776774][-0.221814,-0.888711,-0.401238][0.813698,0.566652,0][5.20274,-2.53453,0.776774][-0.221814,-0.888711,-0.401238][0.813698,0.566652,0][5.16604,-2.57664,0.893174][-0.221814,-0.888711,-0.401238][0.817794,0.558125,0][4.72596,-2.35813,0.649634][-0.221814,-0.888711,-0.401238][0.777303,0.553198,0][5.16604,-2.57664,0.893174][0.116801,-0.978729,-0.16866][0.817794,0.558125,0][5.20274,-2.53453,0.776774][0.116801,-0.978729,-0.16866][0.813698,0.566652,0][5.31031,-2.54842,0.829344][0.116801,-0.978729,-0.16866][0.822045,0.569306,0][5.31031,-2.54842,0.829344][0.116801,-0.978729,-0.16866][0.822045,0.569306,0][5.35896,-2.55059,0.978174][0.116801,-0.978729,-0.16866][0.832218,0.564136,0][5.16604,-2.57664,0.893174][0.116801,-0.978729,-0.16866][0.817794,0.558125,0][5.31031,-2.54842,0.829344][0.641098,0.740463,-0.201761][0.822045,0.569306,0][5.24778,-2.50493,0.792464][0.641098,0.740463,-0.201761][0.815643,0.570353,0][5.24127,-2.46708,0.908474][0.641098,0.740463,-0.201761][0.81926,0.579204,0][5.24127,-2.46708,0.908474][0.641098,0.740463,-0.201761][0.81926,0.579204,0][5.35896,-2.55059,0.978174][0.641098,0.740463,-0.201761][0.831651,0.57702,0][5.31031,-2.54842,0.829344][0.641098,0.740463,-0.201761][0.822045,0.569306,0][5.18828,-1.98653,0.681514][0.963806,0.255368,0.076589][0.780914,0.617285,0][5.0591,-1.4844,0.558534][0.949684,0.294368,0.106992][0.748775,0.635249,0][5.05176,-1.5639,0.730474][0.949684,0.294368,0.106992][0.759815,0.638357,0][5.05176,-1.5639,0.730474][0.949684,0.294368,0.106992][0.759815,0.638357,0][5.18701,-1.98697,0.805824][0.968714,0.239668,0.06444][0.785639,0.624155,0][5.18828,-1.98653,0.681514][0.963806,0.255368,0.076589][0.780914,0.617285,0][4.83342,-1.93465,0.636544][-0.516052,-0.802446,-0.299618][0.765659,0.595539,0][4.77555,-1.8457,0.473334][-0.516052,-0.802446,-0.299618][0.750922,0.594332,0][5.13983,-2.14928,0.683624][-0.516052,-0.802446,-0.299618][0.788381,0.609021,0][5.13983,-2.14928,0.683624][-0.516052,-0.802446,-0.299618][0.788381,0.609021,0][5.12408,-2.19507,0.808694][-0.516052,-0.802446,-0.299618][0.794732,0.601925,0][4.83342,-1.93465,0.636544][-0.516052,-0.802446,-0.299618][0.765659,0.595539,0][5.24132,-2.29284,0.753194][0.984902,0.172614,0.013107][0.801553,0.610964,0][5.18828,-1.98653,0.681514][0.963806,0.255368,0.076589][0.780914,0.617285,0][5.18701,-1.98697,0.805824][0.968714,0.239668,0.06444][0.785639,0.624155,0][5.18701,-1.98697,0.805824][0.968714,0.239668,0.06444][0.785639,0.624155,0][5.25403,-2.37819,0.898864][0.984902,0.172614,0.013107][0.811523,0.616512,0][5.24132,-2.29284,0.753194][0.984902,0.172614,0.013107][0.801553,0.610964,0][5.12408,-2.19507,0.808694][-0.691584,-0.646987,-0.321121][0.794732,0.601925,0][5.13983,-2.14928,0.683624][-0.691584,-0.646988,-0.321121][0.788381,0.609021,0][5.24132,-2.29284,0.753194][-0.691584,-0.646987,-0.321121][0.801553,0.610964,0][5.24132,-2.29284,0.753194][-0.691584,-0.646987,-0.321121][0.801553,0.610964,0][5.25403,-2.37819,0.898864][-0.691584,-0.646987,-0.321121][0.812138,0.604778,0][5.12408,-2.19507,0.808694][-0.691584,-0.646987,-0.321121][0.794732,0.601925,0][5.25542,-1.6202,0.769904][0.782682,0.618313,0.071401][0.751499,0.654023,0][5.24744,-1.6202,0.678054][0.782682,0.618313,0.071401][0.75243,0.649049,0][5.07835,-1.3713,0.554804][0.782682,0.618313,0.071401][0.742733,0.645404,0][5.07835,-1.3713,0.554804][0.782682,0.618313,0.071401][0.742733,0.645404,0][4.98428,-1.2861,0.669674][0.782682,0.618313,0.071401][0.745246,0.653624,0][5.25542,-1.6202,0.769904][0.782682,0.618313,0.071401][0.751499,0.654023,0][5.05176,-1.5639,0.730474][-0.723815,-0.601219,-0.338567][0.759815,0.638357,0][5.0591,-1.4844,0.558534][-0.723815,-0.601219,-0.338567][0.748775,0.635249,0][5.39122,-2.00964,0.796304][-0.723815,-0.601219,-0.338567][0.768426,0.666451,0][5.39122,-2.00964,0.796304][-0.723815,-0.601219,-0.338567][0.768426,0.666451,0][5.3974,-2.08354,0.899184][-0.723815,-0.601219,-0.338567][0.774639,0.668705,0][5.05176,-1.5639,0.730474][-0.723815,-0.601219,-0.338567][0.759815,0.638357,0][5.39122,-2.00964,0.796304][0.941432,0.332227,0.057725][0.768426,0.666451,0][5.24744,-1.6202,0.678054][0.941432,0.332227,0.057725][0.75243,0.649049,0][5.25542,-1.6202,0.769904][0.941432,0.332227,0.057725][0.751499,0.654023,0][5.25542,-1.6202,0.769904][0.941432,0.332227,0.057725][0.751499,0.654023,0][5.3974,-2.08354,0.899184][0.941432,0.332227,0.057725][0.768497,0.673367,0][5.39122,-2.00964,0.796304][0.941432,0.332227,0.057725][0.768426,0.666451,0][5.35964,-0.291996,0.716084][-0.047639,-0.08641,0.99512][0.327717,0.225111,0][5.78382,0.986403,0.866294][0.017387,-0.067024,0.9976][0.304045,0.118757,0][5.67739,1.0455,0.825344][-0.372753,-0.0108469,0.927867][0.293791,0.119545,0][5.67739,1.0455,0.825344][-0.372753,-0.0108469,0.927867][0.293791,0.119545,0][5.17963,-0.250196,0.679264][-0.384419,0.0418171,0.922211][0.313319,0.230038,0][5.35964,-0.291996,0.716084][-0.047639,-0.08641,0.99512][0.327717,0.225111,0][5.99126,0.894303,0.826024][0.060134,-0.123801,0.990483][0.322401,0.11687,0][5.78382,0.986403,0.866294][0.017387,-0.067024,0.9976][0.304045,0.118757,0][5.35964,-0.291996,0.716084][-0.047639,-0.08641,0.99512][0.327717,0.225111,0][5.35964,-0.291996,0.716084][-0.047639,-0.08641,0.99512][0.327717,0.225111,0][5.6248,-0.351497,0.708724][0.060134,-0.123801,0.990483][0.34833,0.21791,0][5.99126,0.894303,0.826024][0.060134,-0.123801,0.990483][0.322401,0.11687,0][5.17963,-0.250196,0.679264][-0.384419,0.0418171,0.922211][0.313319,0.230038,0][5.67739,1.0455,0.825344][-0.372753,-0.0108469,0.927867][0.293791,0.119545,0][5.22892,1.1412,0.644484][-0.39318,-0.0161879,0.919319][0.256802,0.133369,0][5.22892,1.1412,0.644484][-0.39318,-0.0161879,0.919319][0.256802,0.133369,0][4.5471,-0.0858965,0.385654][-0.417527,0.0463981,0.907479][0.258472,0.247956,0][5.17963,-0.250196,0.679264][-0.384419,0.0418171,0.922211][0.313319,0.230038,0][5.77073,2.3914,0.962113][-0.00460201,-0.057888,0.998312][0.246405,0.021922,0][5.70854,2.4242,0.940753][-0.380943,-0.0698119,0.921959][0.24055,0.022443,0][5.67739,1.0455,0.825344][-0.372753,-0.0108469,0.927867][0.293791,0.119545,0][5.67739,1.0455,0.825344][-0.372753,-0.0108469,0.927867][0.293791,0.119545,0][5.78382,0.986403,0.866294][0.017387,-0.067024,0.9976][0.304045,0.118757,0][5.77073,2.3914,0.962113][-0.00460201,-0.057888,0.998312][0.246405,0.021922,0][5.91049,2.3511,0.891464][0.288592,-0.044431,0.956421][0.25895,0.018784,0][5.77073,2.3914,0.962113][-0.00460201,-0.057888,0.998312][0.246405,0.021922,0][5.78382,0.986403,0.866294][0.017387,-0.067024,0.9976][0.304045,0.118757,0][5.78382,0.986403,0.866294][0.017387,-0.067024,0.9976][0.304045,0.118757,0][5.99126,0.894303,0.826024][0.288592,-0.044431,0.956421][0.322401,0.11687,0][5.91049,2.3511,0.891464][0.288592,-0.044431,0.956421][0.25895,0.018784,0][5.70854,2.4242,0.940753][-0.380943,-0.0698119,0.921959][0.24055,0.022443,0][5.54747,2.4572,0.879133][-0.379241,-0.0938659,0.920524][0.22742,0.027435,0][5.22892,1.1412,0.644484][-0.39318,-0.0161879,0.919319][0.256802,0.133369,0][5.22892,1.1412,0.644484][-0.39318,-0.0161879,0.919319][0.256802,0.133369,0][5.67739,1.0455,0.825344][-0.372753,-0.0108469,0.927867][0.293791,0.119545,0][5.70854,2.4242,0.940753][-0.380943,-0.0698119,0.921959][0.24055,0.022443,0][5.07835,-1.3713,0.554804][0.240547,-0.204501,0.94885][0.357341,0.310713,0][5.6248,-0.351497,0.708724][0.240547,-0.2045,0.94885][0.34833,0.21791,0][5.35964,-0.291996,0.716084][-0.047639,-0.08641,0.99512][0.327717,0.225111,0][5.35964,-0.291996,0.716084][-0.047639,-0.08641,0.99512][0.327717,0.225111,0][4.98428,-1.2861,0.669674][-0.100634,-0.045032,0.993904][0.343753,0.309095,0][5.07835,-1.3713,0.554804][0.240547,-0.204501,0.94885][0.357341,0.310713,0][5.35964,-0.291996,0.716084][-0.047639,-0.08641,0.99512][0.327717,0.225111,0][5.17963,-0.250196,0.679264][-0.384419,0.0418171,0.922211][0.313319,0.230038,0][4.80024,-1.1797,0.577374][-0.413942,0.0686491,0.907711][0.32528,0.310269,0][4.80024,-1.1797,0.577374][-0.413942,0.0686491,0.907711][0.32528,0.310269,0][4.98428,-1.2861,0.669674][-0.100634,-0.045032,0.993904][0.343753,0.309095,0][5.35964,-0.291996,0.716084][-0.047639,-0.08641,0.99512][0.327717,0.225111,0][4.80024,-1.1797,0.577374][-0.413942,0.0686491,0.907711][0.32528,0.310269,0][5.17963,-0.250196,0.679264][-0.384419,0.0418171,0.922211][0.313319,0.230038,0][4.5471,-0.0858965,0.385654][-0.417527,0.0463981,0.907479][0.258472,0.247956,0][4.5471,-0.0858965,0.385654][-0.417527,0.0463981,0.907479][0.258472,0.247956,0][4.01731,-1.0001,0.182864][-0.443283,0.0689421,0.893727][0.257747,0.33439,0][4.80024,-1.1797,0.577374][-0.413942,0.0686491,0.907711][0.32528,0.310269,0][2.66625,-4.27858,-0.236846][0.485426,-0.125741,-0.865188][0.703159,0.288158,0][2.37093,-4.48688,-0.373466][0.493373,-0.126999,-0.860496][0.685977,0.259192,0][2.59985,-3.75696,-0.351536][0.482846,-0.119619,-0.867497][0.669919,0.324011,0][1.73611,-3.69307,-0.938896][0.619094,-0.248508,-0.74496][0.94802,0.124997,0][1.11379,-4.48044,-1.18575][0.622507,-0.302666,-0.721719][0.939719,0.0636516,0][1.00713,-4.30917,-1.26459][0.482615,-0.105535,-0.869451][0.927664,0.063835,0][1.00713,-4.30917,-1.26459][0.482615,-0.105535,-0.869451][0.927664,0.063835,0][1.55374,-3.45942,-1.07033][0.477464,-0.113543,-0.871284][0.930391,0.166826,0][1.73611,-3.69307,-0.938896][0.619094,-0.248508,-0.74496][0.94802,0.124997,0][1.8548,-3.46594,-0.907916][0.710312,-0.205959,-0.673081][0.946818,0.140287,0][1.73611,-3.69307,-0.938896][0.619094,-0.248508,-0.74496][0.94802,0.124997,0][1.55374,-3.45942,-1.07033][0.477464,-0.113543,-0.871284][0.930391,0.166826,0][1.55374,-3.45942,-1.07033][0.477464,-0.113543,-0.871284][0.930391,0.166826,0][1.62133,-3.29379,-1.05817][0.459639,-0.122116,-0.879671][0.927141,0.184715,0][1.8548,-3.46594,-0.907916][0.710312,-0.205959,-0.673081][0.946818,0.140287,0][1.62133,-3.29379,-1.05817][0.459639,-0.122116,-0.879671][0.927141,0.184715,0][1.89098,-3.22354,-0.925556][0.683481,-0.0551211,-0.727884][0.949388,0.206099,0][1.8548,-3.46594,-0.907916][0.710312,-0.205959,-0.673081][0.946818,0.140287,0][1.73406,-2.76287,-1.07185][0.510166,-0.153771,-0.846218][0.880571,0.236608,0][1.89098,-3.22354,-0.925556][0.683481,-0.0551211,-0.727884][0.949388,0.206099,0][1.62133,-3.29379,-1.05817][0.459639,-0.122116,-0.879671][0.927141,0.184715,0][1.62133,-3.29379,-1.05817][0.459639,-0.122116,-0.879671][0.927141,0.184715,0][1.46877,-2.57301,-1.23195][0.458133,-0.100702,-0.883161][0.868325,0.236592,0][1.73406,-2.76287,-1.07185][0.510166,-0.153771,-0.846218][0.880571,0.236608,0][1.46877,-2.57301,-1.23195][0.458133,-0.100702,-0.883161][0.868325,0.236592,0][2.16319,-2.67632,-0.860506][0.50994,-0.235217,-0.827426][0.914854,0.275271,0][1.73406,-2.76287,-1.07185][0.510166,-0.153771,-0.846218][0.880571,0.236608,0][1.50063,-2.2999,-1.24216][0.451721,-0.0880291,-0.887806][0.852981,0.261418,0][2.16319,-2.67632,-0.860506][0.50994,-0.235217,-0.827426][0.914854,0.275271,0][1.46877,-2.57301,-1.23195][0.458133,-0.100702,-0.883161][0.868325,0.236592,0][1.60796,-1.90602,-1.21856][0.449202,-0.0788351,-0.889945][0.837215,0.301795,0][2.57015,-2.21447,-0.708306][0.537719,-0.160528,-0.827701][0.922944,0.341276,0][2.16319,-2.67632,-0.860506][0.50994,-0.235217,-0.827426][0.914854,0.275271,0][2.16319,-2.67632,-0.860506][0.50994,-0.235217,-0.827426][0.914854,0.275271,0][1.50063,-2.2999,-1.24216][0.451721,-0.0880291,-0.887806][0.852981,0.261418,0][1.60796,-1.90602,-1.21856][0.449202,-0.0788351,-0.889945][0.837215,0.301795,0][2.63012,-2.0324,-0.697036][0.578658,-0.00853609,-0.815526][0.916863,0.360132,0][2.57015,-2.21447,-0.708306][0.537719,-0.160528,-0.827701][0.922944,0.341276,0][1.60796,-1.90602,-1.21856][0.449202,-0.0788351,-0.889945][0.837215,0.301795,0][1.60796,-1.90602,-1.21856][0.449202,-0.0788351,-0.889945][0.837215,0.301795,0][1.76995,-1.5037,-1.16095][0.441215,-0.0486611,-0.896081][0.826576,0.34698,0][2.63012,-2.0324,-0.697036][0.578658,-0.00853609,-0.815526][0.916863,0.360132,0][2.44838,-1.71319,-0.813696][0.488884,-0.0947771,-0.867185][0.878987,0.375872,0][2.63012,-2.0324,-0.697036][0.578658,-0.00853609,-0.815526][0.916863,0.360132,0][1.76995,-1.5037,-1.16095][0.441215,-0.0486611,-0.896081][0.826576,0.34698,0][1.76995,-1.5037,-1.16095][0.441215,-0.0486611,-0.896081][0.826576,0.34698,0][1.93397,-1.4313,-1.08341][0.419443,0.0218249,-0.90752][0.837325,0.364245,0][2.44838,-1.71319,-0.813696][0.488884,-0.0947771,-0.867185][0.878987,0.375872,0][2.15432,-1.3919,-0.977356][0.417366,0.0234349,-0.908436][0.855066,0.38251,0][2.44838,-1.71319,-0.813696][0.488884,-0.0947771,-0.867185][0.878987,0.375872,0][1.93397,-1.4313,-1.08341][0.419443,0.0218249,-0.90752][0.837325,0.364245,0][2.47996,-1.19359,-0.829156][0.401552,0.0186869,-0.915646][0.86827,0.423095,0][2.73639,-1.5579,-0.684786][0.580517,-0.219167,-0.784198][0.919174,0.415206,0][2.44838,-1.71319,-0.813696][0.488884,-0.0947771,-0.867185][0.878987,0.375872,0][2.44838,-1.71319,-0.813696][0.488884,-0.0947771,-0.867185][0.878987,0.375872,0][2.15432,-1.3919,-0.977356][0.417366,0.0234349,-0.908436][0.855066,0.38251,0][2.47996,-1.19359,-0.829156][0.401552,0.0186869,-0.915646][0.86827,0.423095,0][2.47996,-1.19359,-0.829156][0.401552,0.0186869,-0.915646][0.86827,0.423095,0][2.15432,-1.3919,-0.977356][0.417366,0.0234349,-0.908436][0.855066,0.38251,0][2.23584,-1.2509,-0.859606][-0.0723739,0.690255,-0.719938][0.851186,0.403098,0][2.23584,-1.2509,-0.859606][-0.0723739,0.690255,-0.719938][0.851186,0.403098,0][2.395,-1.15909,-0.778356][-0.0723739,0.690254,-0.719938][0.857353,0.423037,0][2.47996,-1.19359,-0.829156][0.401552,0.0186869,-0.915646][0.86827,0.423095,0][1.96109,-1.34459,-1.00333][0.340908,0.423271,-0.839418][0.835447,0.376613,0][2.09063,-1.3266,-0.940876][0.375117,0.320295,-0.869884][0.8461,0.386831,0][2.15432,-1.3919,-0.977356][0.417366,0.0234349,-0.908436][0.855066,0.38251,0][2.15432,-1.3919,-0.977356][0.417366,0.0234349,-0.908436][0.855066,0.38251,0][1.93397,-1.4313,-1.08341][0.419443,0.0218249,-0.90752][0.837325,0.364245,0][1.96109,-1.34459,-1.00333][0.340908,0.423271,-0.839418][0.835447,0.376613,0][1.82735,-1.2696,-1.02702][0.254043,0.463666,-0.848809][0.819284,0.374692,0][1.8918,-1.2658,-0.994526][0.254043,0.463666,-0.848809][0.824795,0.379671,0][1.93397,-1.4313,-1.08341][0.419443,0.0218249,-0.90752][0.837325,0.364245,0][1.93397,-1.4313,-1.08341][0.419443,0.0218249,-0.90752][0.837325,0.364245,0][1.76995,-1.5037,-1.16095][0.441215,-0.0486611,-0.896081][0.826576,0.34698,0][1.82735,-1.2696,-1.02702][0.254043,0.463666,-0.848809][0.819284,0.374692,0][1.85991,-1.09799,-0.935346][0.400331,0.371546,-0.837669][0.81294,0.393874,0][1.8918,-1.2658,-0.994526][0.400332,0.371546,-0.837669][0.824795,0.379671,0][1.82735,-1.2696,-1.02702][0.400332,0.371546,-0.837669][0.819284,0.374692,0][2.10449,-0.801795,-0.838756][0.427355,0.185907,-0.884763][0.818756,0.433453,0][2.15834,-1.0296,-0.860596][0.422706,0.153972,-0.893091][0.835861,0.416975,0][2.08096,-1.0343,-0.898976][0.42199,0.149312,-0.89422][0.829133,0.411385,0][2.09063,-1.3266,-0.940876][0.375117,0.320295,-0.869884][0.8461,0.386831,0][1.96109,-1.34459,-1.00333][0.340908,0.423271,-0.839418][0.835447,0.376613,0][2.08096,-1.0343,-0.898976][0.42199,0.149312,-0.89422][0.829133,0.411385,0][2.08096,-1.0343,-0.898976][0.42199,0.149312,-0.89422][0.829133,0.411385,0][2.15834,-1.0296,-0.860596][0.422706,0.153972,-0.893091][0.835861,0.416975,0][2.09063,-1.3266,-0.940876][0.375117,0.320295,-0.869884][0.8461,0.386831,0][2.32136,-1.0209,-0.818766][0.441575,0.0248579,-0.89688][0.84104,0.426776,0][2.40091,-0.992596,-0.780336][0.403796,0.130167,-0.905542][0.845335,0.435319,0][2.395,-1.15909,-0.778356][0.455251,-0.0177381,-0.890186][0.857353,0.423037,0][2.395,-1.15909,-0.778356][0.455251,-0.0177381,-0.890186][0.857353,0.423037,0][2.23584,-1.2509,-0.859606][0.455251,-0.0177381,-0.890186][0.851186,0.403098,0][2.32136,-1.0209,-0.818766][0.441575,0.0248579,-0.89688][0.84104,0.426776,0][2.40091,-0.992596,-0.780336][0.403796,0.130167,-0.905542][0.845335,0.435319,0][2.32136,-1.0209,-0.818766][0.441575,0.0248579,-0.89688][0.84104,0.426776,0][2.39515,-0.822795,-0.705356][0.281859,0.39543,-0.87418][0.833435,0.450323,0][2.70175,-0.877595,-0.636856][0.0203391,0.588425,-0.808296][0.860275,0.472471,0][2.84361,-0.829095,-0.561666][0.0203391,0.588425,-0.808296][0.8665,0.491194,0][2.867,-0.910995,-0.657016][0.362284,0.0879509,-0.927909][0.878267,0.481452,0][2.867,-0.910995,-0.657016][0.362284,0.0879509,-0.927909][0.878267,0.481452,0][2.55606,-1.1398,-0.795096][0.413417,-0.0151041,-0.910416][0.870102,0.433788,0][2.70175,-0.877595,-0.636856][0.0203391,0.588425,-0.808296][0.860275,0.472471,0][2.70175,-0.877595,-0.636856][0.384931,0.250736,-0.888234][0.860275,0.472471,0][2.92909,-0.578196,-0.453816][0.384931,0.250736,-0.888234][0.850077,0.520536,0][2.84361,-0.829095,-0.561666][0.384931,0.250736,-0.888234][0.8665,0.491194,0][2.75212,-1.4423,-0.685006][0.58429,-0.224034,-0.780009][0.912518,0.426411,0][2.73639,-1.5579,-0.684786][0.580517,-0.219167,-0.784198][0.919174,0.415206,0][2.47996,-1.19359,-0.829156][0.401552,0.0186869,-0.915646][0.86827,0.423095,0][2.47996,-1.19359,-0.829156][0.401552,0.0186869,-0.915646][0.86827,0.423095,0][2.55606,-1.1398,-0.795096][0.413417,-0.0151041,-0.910416][0.870102,0.433788,0][2.75212,-1.4423,-0.685006][0.58429,-0.224034,-0.780009][0.912518,0.426411,0][2.867,-0.910995,-0.657016][0.362284,0.0879509,-0.927909][0.878267,0.481452,0][3.08409,-1.142,-0.544856][0.624288,-0.302309,-0.720329][0.919277,0.481914,0][2.75212,-1.4423,-0.685006][0.58429,-0.224034,-0.780009][0.912518,0.426411,0][2.75212,-1.4423,-0.685006][0.58429,-0.224034,-0.780009][0.912518,0.426411,0][2.55606,-1.1398,-0.795096][0.413417,-0.0151041,-0.910416][0.870102,0.433788,0][2.867,-0.910995,-0.657016][0.362284,0.0879509,-0.927909][0.878267,0.481452,0][2.99039,-0.849895,-0.601526][0.420762,-0.0352711,-0.906485][0.884137,0.499161,0][3.08409,-1.142,-0.544856][0.624288,-0.302309,-0.720329][0.919277,0.481914,0][2.867,-0.910995,-0.657016][0.362284,0.0879509,-0.927909][0.878267,0.481452,0][3.34755,-0.834496,-0.436706][0.626916,-0.282582,-0.726033][0.920827,0.536046,0][3.08409,-1.142,-0.544856][0.624288,-0.302309,-0.720329][0.919277,0.481914,0][2.99039,-0.849895,-0.601526][0.420762,-0.0352711,-0.906485][0.884137,0.499161,0][2.99039,-0.849895,-0.601526][0.420762,-0.0352711,-0.906485][0.884137,0.499161,0][3.15634,-0.602196,-0.532066][0.417659,-0.0302291,-0.908101][0.87808,0.539945,0][3.34755,-0.834496,-0.436706][0.626916,-0.282582,-0.726033][0.920827,0.536046,0][3.51135,-0.649896,-0.368566][0.655332,-0.277187,-0.702644][0.922552,0.571145,0][3.34755,-0.834496,-0.436706][0.626916,-0.282582,-0.726033][0.920827,0.536046,0][3.15634,-0.602196,-0.532066][0.417659,-0.0302291,-0.908101][0.87808,0.539945,0][3.15634,-0.602196,-0.532066][0.417659,-0.0302291,-0.908101][0.87808,0.539945,0][3.24107,-0.429996,-0.496786][0.410472,0.0405619,-0.910971][0.870942,0.566647,0][3.51135,-0.649896,-0.368566][0.655332,-0.277187,-0.702644][0.922552,0.571145,0][3.32291,-0.415296,-0.459906][0.407749,0.0141629,-0.912984][0.878853,0.576916,0][3.51135,-0.649896,-0.368566][0.655332,-0.277187,-0.702644][0.922552,0.571145,0][3.24107,-0.429996,-0.496786][0.410472,0.0405619,-0.910971][0.870942,0.566647,0][3.58156,-0.111296,-0.347146][0.40881,-0.0140321,-0.912512][0.88167,0.636629,0][3.83038,-0.210997,-0.236006][0.640917,-0.280229,-0.714631][0.9209,0.650376,0][3.51135,-0.649896,-0.368566][0.655332,-0.277187,-0.702644][0.922552,0.571145,0][3.51135,-0.649896,-0.368566][0.655332,-0.277187,-0.702644][0.922552,0.571145,0][3.32291,-0.415296,-0.459906][0.407749,0.0141629,-0.912984][0.878853,0.576916,0][3.58156,-0.111296,-0.347146][0.40881,-0.0140321,-0.912512][0.88167,0.636629,0][3.22088,-0.357796,-0.395496][0.159239,0.848207,-0.505161][0.860276,0.580794,0][3.24805,-0.361595,-0.379826][0.159239,0.848207,-0.505161][0.863087,0.584296,0][3.32291,-0.415296,-0.459906][0.407749,0.0141629,-0.912984][0.878853,0.576916,0][3.32291,-0.415296,-0.459906][0.407749,0.0141629,-0.912984][0.878853,0.576916,0][3.24107,-0.429996,-0.496786][0.410472,0.0405619,-0.910971][0.870942,0.566647,0][3.22088,-0.357796,-0.395496][0.159239,0.848207,-0.505161][0.860276,0.580794,0][3.23984,-0.290396,-0.292006][0.41858,0.7241,-0.548151][0.852691,0.596992,0][3.24805,-0.361595,-0.379826][0.41858,0.7241,-0.548151][0.863087,0.584296,0][3.22088,-0.357796,-0.395496][0.41858,0.7241,-0.548151][0.860276,0.580794,0][3.68694,0.428704,-0.110956][-0.620252,0.428109,-0.657275][0.842505,0.717872,0][3.72298,0.487605,-0.111776][-0.620252,0.428109,-0.657275][0.843755,0.728427,0][3.73323,0.442305,-0.145766][-0.316442,0.453978,-0.832928][0.850416,0.722475,0][3.73323,0.442305,-0.145766][-0.316442,0.453978,-0.832928][0.850416,0.722475,0][3.69799,0.395205,-0.148406][-0.143733,0.445446,-0.883696][0.84912,0.713637,0][3.68694,0.428704,-0.110956][-0.620252,0.428109,-0.657275][0.842505,0.717872,0][3.69799,0.395205,-0.148406][-0.143733,0.445446,-0.883696][0.84912,0.713637,0][3.73323,0.442305,-0.145766][-0.316442,0.453978,-0.832928][0.850416,0.722475,0][3.73749,0.139504,-0.278216][0.350856,0.0521999,-0.934974][0.878103,0.680703,0][3.73749,0.139504,-0.278216][0.350856,0.0521999,-0.934974][0.878103,0.680703,0][3.69123,0.123405,-0.298556][0.359038,0.0487539,-0.932049][0.873955,0.674029,0][3.69799,0.395205,-0.148406][-0.143733,0.445446,-0.883696][0.84912,0.713637,0][3.58156,-0.111296,-0.347146][0.40881,-0.0140321,-0.912512][0.88167,0.636629,0][3.69123,0.123405,-0.298556][0.359038,0.0487539,-0.932049][0.873955,0.674029,0][3.73749,0.139504,-0.278216][0.350856,0.0521999,-0.934974][0.878103,0.680703,0][3.73749,0.139504,-0.278216][0.350856,0.0521999,-0.934974][0.878103,0.680703,0][3.83038,-0.210997,-0.236006][0.640917,-0.280229,-0.714631][0.9209,0.650376,0][3.58156,-0.111296,-0.347146][0.40881,-0.0140321,-0.912512][0.88167,0.636629,0][3.73749,0.139504,-0.278216][0.350856,0.0521999,-0.934974][0.878103,0.680703,0][3.82489,0.202703,-0.239676][0.397047,0.00197894,-0.917796][0.883627,0.696513,0][4.01744,-0.0366964,-0.155846][0.65555,-0.277376,-0.702366][0.92679,0.687529,0][4.01744,-0.0366964,-0.155846][0.65555,-0.277376,-0.702366][0.92679,0.687529,0][3.83038,-0.210997,-0.236006][0.640917,-0.280229,-0.714631][0.9209,0.650376,0][3.73749,0.139504,-0.278216][0.350856,0.0521999,-0.934974][0.878103,0.680703,0][3.92089,0.415604,-0.195376][0.393277,0.0123049,-0.919338][0.878317,0.72952,0][4.25532,0.333804,-0.0533965][0.591966,-0.18033,-0.78553][0.925111,0.749627,0][4.01744,-0.0366964,-0.155846][0.65555,-0.277376,-0.702366][0.92679,0.687529,0][4.01744,-0.0366964,-0.155846][0.65555,-0.277376,-0.702366][0.92679,0.687529,0][3.82489,0.202703,-0.239676][0.397047,0.00197894,-0.917796][0.883627,0.696513,0][3.92089,0.415604,-0.195376][0.393277,0.0123049,-0.919338][0.878317,0.72952,0][4.06909,0.763604,-0.123196][0.384349,0.0692399,-0.920588][0.870332,0.781161,0][4.43698,0.822904,0.0324237][0.342682,0.194559,-0.919084][0.907689,0.8177,0][4.25532,0.333804,-0.0533965][0.591966,-0.18033,-0.78553][0.925111,0.749627,0][4.25532,0.333804,-0.0533965][0.591966,-0.18033,-0.78553][0.925111,0.749627,0][3.92089,0.415604,-0.195376][0.393277,0.0123049,-0.919338][0.878317,0.72952,0][4.06909,0.763604,-0.123196][0.384349,0.0692399,-0.920588][0.870332,0.781161,0][4.16121,1.0349,0.00891376][0.333134,0.335624,-0.881123][0.865192,0.820976,0][4.26681,1.0279,0.0522337][0.249639,0.407124,-0.878596][0.874858,0.829759,0][4.43698,0.822904,0.0324237][0.342682,0.194559,-0.919084][0.907689,0.8177,0][4.43698,0.822904,0.0324237][0.342682,0.194559,-0.919084][0.907689,0.8177,0][4.06909,0.763604,-0.123196][0.384349,0.0692399,-0.920588][0.870332,0.781161,0][4.16121,1.0349,0.00891376][0.333134,0.335624,-0.881123][0.865192,0.820976,0][4.1911,1.1936,0.0958736][0.334321,0.305418,-0.891599][0.857265,0.827841,0][4.28982,1.2226,0.139494][0.338778,0.230983,-0.912072][0.854229,0.835203,0][4.26681,1.0279,0.0522337][0.327886,0.377835,-0.865871][0.874858,0.829759,0][4.26681,1.0279,0.0522337][0.327886,0.377835,-0.865871][0.874858,0.829759,0][4.16121,1.0349,0.00891376][0.327886,0.377835,-0.865871][0.865192,0.820976,0][4.1911,1.1936,0.0958736][0.334321,0.305418,-0.891599][0.857265,0.827841,0][4.28982,1.2226,0.139494][0.338778,0.230983,-0.912072][0.854229,0.835203,0][4.1911,1.1936,0.0958736][0.334321,0.305418,-0.891599][0.857265,0.827841,0][4.21647,1.3597,0.132944][0.341471,0.138279,-0.929665][0.845329,0.828034,0][4.21647,1.3597,0.132944][0.341471,0.138279,-0.929665][0.845329,0.828034,0][4.30107,1.4527,0.174804][0.341471,0.138279,-0.929665][0.837065,0.833057,0][4.28982,1.2226,0.139494][0.338778,0.230983,-0.912072][0.854229,0.835203,0][4.47377,1.1885,0.244074][-0.0930509,0.37152,-0.92375][0.889901,0.868134,0][4.65029,1.1691,0.197624][0.127358,0.184399,-0.974565][0.911443,0.871323,0][4.43698,0.822904,0.0324237][0.342682,0.194559,-0.919084][0.907689,0.8177,0][4.43698,0.822904,0.0324237][0.342682,0.194559,-0.919084][0.907689,0.8177,0][4.26681,1.0279,0.0522337][0.249639,0.407124,-0.878596][0.874858,0.829759,0][4.47377,1.1885,0.244074][-0.0930509,0.37152,-0.92375][0.889901,0.868134,0][4.62861,1.747,0.344384][-0.354282,0.218093,-0.909351][0.890568,0.941195,0][4.76376,1.8023,0.281344][0.190656,0.113125,-0.975117][0.906297,0.950552,0][4.65029,1.1691,0.197624][0.127358,0.184399,-0.974565][0.911443,0.871323,0][4.65029,1.1691,0.197624][0.127358,0.184399,-0.974565][0.911443,0.871323,0][4.47377,1.1885,0.244074][-0.0930509,0.37152,-0.92375][0.889901,0.868134,0][4.62861,1.747,0.344384][-0.354282,0.218093,-0.909351][0.890568,0.941195,0][4.61136,1.9169,0.376813][-0.397799,0.21425,-0.892106][0.883657,0.961578,0][4.69978,2.0291,0.380404][-0.397799,0.21425,-0.892106][0.891079,0.977702,0][4.76376,1.8023,0.281344][0.190656,0.113125,-0.975117][0.906297,0.950552,0][4.76376,1.8023,0.281344][0.190656,0.113125,-0.975117][0.906297,0.950552,0][4.62861,1.747,0.344384][-0.354282,0.218093,-0.909351][0.890568,0.941195,0][4.61136,1.9169,0.376813][-0.397799,0.21425,-0.892106][0.883657,0.961578,0][4.8932,1.0433,0.226634][0.228062,0.117407,-0.966542][0.447602,0.051778,0][4.65029,1.1691,0.197624][0.127358,0.184399,-0.974565][0.453788,0.085333,0][4.76376,1.8023,0.281344][0.190656,0.113125,-0.975117][0.533243,0.089605,0][4.76376,1.8023,0.281344][0.190656,0.113125,-0.975117][0.533243,0.089605,0][5.26931,1.7361,0.410664][0.286337,0.087807,-0.954097][0.548291,0.03581,0][4.8932,1.0433,0.226634][0.228062,0.117407,-0.966542][0.447602,0.051778,0][5.10781,2.5788,0.427083][0.350936,0.123525,-0.928216][0.612795,0.077303,0][5.52748,2.5105,0.589853][0.362134,0.136318,-0.922104][0.62151,0.037665,0][5.26931,1.7361,0.410664][0.286337,0.087807,-0.954097][0.548291,0.03581,0][5.26931,1.7361,0.410664][0.286337,0.087807,-0.954097][0.548291,0.03581,0][4.76376,1.8023,0.281344][0.190656,0.113125,-0.975117][0.533243,0.089605,0][5.10781,2.5788,0.427083][0.350936,0.123525,-0.928216][0.612795,0.077303,0][4.67011,0.731403,0.126604][0.358957,0.133049,-0.923822][0.405153,0.064205,0][4.65029,1.1691,0.197624][0.127358,0.184399,-0.974565][0.453788,0.085333,0][4.8932,1.0433,0.226634][0.228062,0.117407,-0.966542][0.447602,0.051778,0][4.43698,0.822904,0.0324237][0.342682,0.194559,-0.919084][0.907689,0.8177,0][4.67011,0.731403,0.126604][0.358957,0.133049,-0.923822][0.939948,0.825308,0][4.48122,0.567904,0.0448837][0.380852,0.0209359,-0.924399][0.932305,0.794151,0][4.48122,0.567904,0.0448837][0.380852,0.0209359,-0.924399][0.932305,0.794151,0][4.25532,0.333804,-0.0533965][0.591966,-0.18033,-0.78553][0.925111,0.749627,0][4.43698,0.822904,0.0324237][0.342682,0.194559,-0.919084][0.907689,0.8177,0][0.901507,-4.27283,-1.11116][-0.493059,0.10705,0.863385][0.164468,0.700335,0][1.07184,-4.55121,-0.981776][-0.494679,0.106904,0.862476][0.190672,0.710756,0][1.73125,-3.78406,-0.697916][-0.488157,0.114885,0.865161][0.207664,0.628073,0][1.73125,-3.78406,-0.697916][-0.488157,0.114885,0.865161][0.207664,0.628073,0][1.44039,-3.40732,-0.913136][-0.486935,0.114773,0.865865][0.167196,0.616936,0][0.901507,-4.27283,-1.11116][-0.493059,0.10705,0.863385][0.164468,0.700335,0][1.44039,-3.40732,-0.913136][-0.486935,0.114773,0.865865][0.167196,0.616936,0][1.73125,-3.78406,-0.697916][-0.488157,0.114885,0.865161][0.207664,0.628073,0][1.93147,-3.16683,-0.679116][-0.469825,0.129187,0.873255][0.194394,0.577623,0][1.93147,-3.16683,-0.679116][-0.469825,0.129187,0.873255][0.194394,0.577623,0][1.49847,-3.2604,-0.902216][-0.475644,0.120464,0.87135][0.164876,0.604422,0][1.44039,-3.40732,-0.913136][-0.486935,0.114773,0.865865][0.167196,0.616936,0][1.33215,-2.54358,-1.08456][-0.471122,0.100628,0.876309][0.11875,0.564602,0][1.49847,-3.2604,-0.902216][-0.475644,0.120464,0.87135][0.164876,0.604422,0][1.93147,-3.16683,-0.679116][-0.469825,0.129187,0.873255][0.194394,0.577623,0][1.33215,-2.54358,-1.08456][-0.471122,0.100628,0.876309][0.11875,0.564602,0][1.93147,-3.16683,-0.679116][-0.469825,0.129187,0.873255][0.194394,0.577623,0][2.19818,-2.70005,-0.602746][-0.463431,0.111061,0.879146][0.19336,0.533998,0][1.3531,-2.25226,-1.1009][-0.464025,0.0876881,0.881471][0.107275,0.544075,0][1.33215,-2.54358,-1.08456][-0.471122,0.100628,0.876309][0.11875,0.564602,0][2.19818,-2.70005,-0.602746][-0.463431,0.111061,0.879146][0.19336,0.533998,0][1.45051,-1.86432,-1.07854][-0.464136,0.0772781,0.882387][0.097658,0.513342,0][1.3531,-2.25226,-1.1009][-0.464025,0.0876881,0.881471][0.107275,0.544075,0][2.19818,-2.70005,-0.602746][-0.463431,0.111061,0.879146][0.19336,0.533998,0][2.19818,-2.70005,-0.602746][-0.463431,0.111061,0.879146][0.19336,0.533998,0][2.62305,-2.27137,-0.433096][-0.457472,0.0867251,0.884985][0.206559,0.485379,0][1.45051,-1.86432,-1.07854][-0.464136,0.0772781,0.882387][0.097658,0.513342,0][1.62974,-1.48289,-1.00648][-0.457487,0.0645041,0.886873][0.094879,0.479086,0][1.45051,-1.86432,-1.07854][-0.464136,0.0772781,0.882387][0.097658,0.513342,0][2.62305,-2.27137,-0.433096][-0.457472,0.0867251,0.884985][0.206559,0.485379,0][1.85674,-1.3919,-0.894596][-0.448324,0.0743031,0.890778][0.108427,0.46224,0][1.62974,-1.48289,-1.00648][-0.457487,0.0645041,0.886873][0.094879,0.479086,0][2.62305,-2.27137,-0.433096][-0.457472,0.0867251,0.884985][0.206559,0.485379,0][2.62305,-2.27137,-0.433096][-0.457472,0.0867251,0.884985][0.206559,0.485379,0][2.7839,-1.7418,-0.403616][-0.459037,0.0787161,0.884923][0.195061,0.442349,0][1.85674,-1.3919,-0.894596][-0.448324,0.0743031,0.890778][0.108427,0.46224,0][2.07735,-1.3602,-0.784336][-0.451927,0.0505611,0.890621][0.124015,0.44973,0][1.85674,-1.3919,-0.894596][-0.448324,0.0743031,0.890778][0.108427,0.46224,0][2.7839,-1.7418,-0.403616][-0.459037,0.0787161,0.884923][0.195061,0.442349,0][2.41821,-1.172,-0.622346][-0.451994,0.0505911,0.890585][0.142002,0.420993,0][2.07735,-1.3602,-0.784336][-0.451927,0.0505611,0.890621][0.124015,0.44973,0][2.7839,-1.7418,-0.403616][-0.459037,0.0787161,0.884923][0.195061,0.442349,0][2.15138,-1.265,-0.751406][-0.444812,0.0348791,0.894945][0.125575,0.4398,0][2.07735,-1.3602,-0.784336][-0.451927,0.0505611,0.890621][0.124015,0.44973,0][2.41821,-1.172,-0.622346][-0.451994,0.0505911,0.890585][0.142002,0.420993,0][2.41821,-1.172,-0.622346][-0.451994,0.0505911,0.890585][0.142002,0.420993,0][2.37351,-1.1405,-0.645826][-0.444297,0.0335121,0.895253][0.137213,0.420938,0][2.15138,-1.265,-0.751406][-0.444812,0.0348791,0.894945][0.125575,0.4398,0][2.07735,-1.3602,-0.784336][-0.451927,0.0505611,0.890621][0.124015,0.44973,0][2.05706,-1.3223,-0.796316][-0.4489,0.0329831,0.892973][0.120806,0.44811,0][1.8763,-1.3482,-0.886566][-0.449251,0.0339671,0.89276][0.108042,0.45836,0][1.8763,-1.3482,-0.886566][-0.449251,0.0339671,0.89276][0.108042,0.45836,0][1.85674,-1.3919,-0.894596][-0.448324,0.0743031,0.890778][0.108427,0.46224,0][2.07735,-1.3602,-0.784336][-0.451927,0.0505611,0.890621][0.124015,0.44973,0][1.74851,-1.2696,-0.954426][-0.452487,0.0342531,0.891113][0.094824,0.459015,0][1.62974,-1.48289,-1.00648][-0.457487,0.0645041,0.886873][0.094879,0.479086,0][1.85674,-1.3919,-0.894596][-0.448324,0.0743031,0.890778][0.108427,0.46224,0][1.85674,-1.3919,-0.894596][-0.448324,0.0743031,0.890778][0.108427,0.46224,0][1.85974,-1.2628,-0.898336][-0.452346,0.0334261,0.891216][0.103091,0.453336,0][1.74851,-1.2696,-0.954426][-0.452487,0.0342531,0.891113][0.094824,0.459015,0][1.83793,-1.09669,-0.914616][-0.451434,0.0281361,0.891861][0.094289,0.443056,0][1.74851,-1.2696,-0.954426][-0.452487,0.0342531,0.891113][0.094824,0.459015,0][1.85974,-1.2628,-0.898336][-0.452346,0.0334261,0.891216][0.103091,0.453336,0][2.0844,-0.801795,-0.798016][-0.44518,0.0188691,0.895242][0.100506,0.411465,0][2.02527,-1.03409,-0.822526][-0.447993,0.0298801,0.893538][0.105925,0.430042,0][2.13385,-1.02719,-0.768676][-0.447676,0.0286281,0.893738][0.11393,0.424469,0][2.05706,-1.3223,-0.796316][-0.4489,0.0329831,0.892973][0.120806,0.44811,0][2.13385,-1.02719,-0.768676][-0.447676,0.0286281,0.893738][0.11393,0.424469,0][2.02527,-1.03409,-0.822526][-0.447993,0.0298801,0.893538][0.105925,0.430042,0][2.02527,-1.03409,-0.822526][-0.447993,0.0298801,0.893538][0.105925,0.430042,0][1.8763,-1.3482,-0.886566][-0.449251,0.0339671,0.89276][0.108042,0.45836,0][2.05706,-1.3223,-0.796316][-0.4489,0.0329831,0.892973][0.120806,0.44811,0][2.37351,-1.1405,-0.645826][-0.444297,0.0335121,0.895253][0.137213,0.420938,0][2.36066,-0.984796,-0.657706][-0.443083,0.0294491,0.895997][0.129492,0.410971,0][2.25152,-1.0235,-0.710426][-0.443527,0.0312391,0.895717][0.122837,0.418723,0][2.25152,-1.0235,-0.710426][-0.443527,0.0312391,0.895717][0.122837,0.418723,0][2.15138,-1.265,-0.751406][-0.444812,0.0348791,0.894945][0.125575,0.4398,0][2.37351,-1.1405,-0.645826][-0.444297,0.0335121,0.895253][0.137213,0.420938,0][2.36066,-0.984796,-0.657706][-0.443083,0.0294491,0.895997][0.129492,0.410971,0][2.37135,-0.822395,-0.656706][-0.441611,0.0235551,0.896897][0.123313,0.399456,0][2.25152,-1.0235,-0.710426][-0.443527,0.0312391,0.895717][0.122837,0.418723,0][2.62417,-0.886095,-0.531606][-0.436574,0.0280501,0.899231][0.145467,0.391934,0][2.45494,-1.12199,-0.606266][-0.440069,0.0519561,0.896459][0.142664,0.415873,0][2.80624,-0.876195,-0.443466][-0.439009,0.0490241,0.897144][0.158933,0.382775,0][2.80624,-0.876195,-0.443466][-0.439009,0.0490241,0.897144][0.158933,0.382775,0][2.82138,-0.821296,-0.437896][-0.435754,0.0250201,0.899718][0.157711,0.378338,0][2.62417,-0.886095,-0.531606][-0.436574,0.0280501,0.899231][0.145467,0.391934,0][2.90514,-0.577995,-0.403596][-0.435185,0.0229261,0.900049][0.153683,0.357894,0][2.62417,-0.886095,-0.531606][-0.436574,0.0280501,0.899231][0.145467,0.391934,0][2.82138,-0.821296,-0.437896][-0.435754,0.0250201,0.899718][0.157711,0.378338,0][2.45494,-1.12199,-0.606266][-0.440069,0.0519561,0.896459][0.142664,0.415873,0][2.41821,-1.172,-0.622346][-0.451994,0.0505911,0.890585][0.142002,0.420993,0][2.7839,-1.7418,-0.403616][-0.459037,0.0787161,0.884923][0.195061,0.442349,0][2.45494,-1.12199,-0.606266][-0.440069,0.0519561,0.896459][0.142664,0.415873,0][2.7839,-1.7418,-0.403616][-0.459037,0.0787161,0.884923][0.195061,0.442349,0][3.05489,-1.2658,-0.304006][-0.461355,0.0683261,0.884581][0.194789,0.397624,0][3.05489,-1.2658,-0.304006][-0.461355,0.0683261,0.884581][0.194789,0.397624,0][2.80624,-0.876195,-0.443466][-0.439009,0.0490241,0.897144][0.158933,0.382775,0][2.45494,-1.12199,-0.606266][-0.440069,0.0519561,0.896459][0.142664,0.415873,0][2.89028,-0.823795,-0.404566][-0.456747,0.0364701,0.888849][0.163114,0.375299,0][2.80624,-0.876195,-0.443466][-0.439009,0.0490241,0.897144][0.158933,0.382775,0][3.05489,-1.2658,-0.304006][-0.461355,0.0683261,0.884581][0.194789,0.397624,0][3.04776,-0.583495,-0.335566][-0.457684,0.0363081,0.888373][0.164894,0.351641,0][2.89028,-0.823795,-0.404566][-0.456747,0.0364701,0.888849][0.163114,0.375299,0][3.05489,-1.2658,-0.304006][-0.461355,0.0683261,0.884581][0.194789,0.397624,0][3.05489,-1.2658,-0.304006][-0.461355,0.0683261,0.884581][0.194789,0.397624,0][4.01731,-1.0001,0.182864][-0.443283,0.0689421,0.893727][0.257747,0.33439,0][3.04776,-0.583495,-0.335566][-0.457684,0.0363081,0.888373][0.164894,0.351641,0][3.13216,-0.424295,-0.298416][-0.453868,0.0380481,0.890256][0.164576,0.336875,0][3.04776,-0.583495,-0.335566][-0.457684,0.0363081,0.888373][0.164894,0.351641,0][4.01731,-1.0001,0.182864][-0.443283,0.0689421,0.893727][0.257747,0.33439,0][3.24559,-0.402495,-0.245416][-0.45151,0.0504881,0.890836][0.172237,0.33013,0][3.13216,-0.424295,-0.298416][-0.453868,0.0380481,0.890256][0.164576,0.336875,0][4.01731,-1.0001,0.182864][-0.443283,0.0689421,0.893727][0.257747,0.33439,0][3.15912,-0.358995,-0.273046][-0.406043,-0.0942419,0.908982][0.164256,0.330967,0][3.13216,-0.424295,-0.298416][-0.453868,0.0380481,0.890256][0.164576,0.336875,0][3.24559,-0.402495,-0.245416][-0.45151,0.0504881,0.890836][0.172237,0.33013,0][3.24559,-0.402495,-0.245416][-0.45151,0.0504881,0.890836][0.172237,0.33013,0][3.20598,-0.350696,-0.251166][-0.425673,0.0281351,0.90444][0.167309,0.328275,0][3.15912,-0.358995,-0.273046][-0.406043,-0.0942419,0.908982][0.164256,0.330967,0][3.23984,-0.290396,-0.292006][-0.41055,0.657887,0.631374][0.164629,0.322822,0][3.15912,-0.358995,-0.273046][-0.406043,-0.0942419,0.908982][0.164256,0.330967,0][3.20598,-0.350696,-0.251166][-0.425673,0.0281351,0.90444][0.167309,0.328275,0][3.68694,0.428704,-0.110956][-0.493878,0.370887,0.786465][0.16814,0.253785,0][3.62591,0.269805,-0.0700164][-0.446521,0.115342,0.887308][0.173024,0.26659,0][3.69637,0.286605,-0.0380363][-0.469712,0.218841,0.855266][0.177461,0.262207,0][3.69637,0.286605,-0.0380363][-0.469712,0.218841,0.855266][0.177461,0.262207,0][3.72298,0.487605,-0.111776][-0.493878,0.370887,0.786465][0.167663,0.248387,0][3.68694,0.428704,-0.110956][-0.493878,0.370887,0.786465][0.16814,0.253785,0][3.62591,0.269805,-0.0700164][-0.446521,0.115342,0.887308][0.173024,0.26659,0][3.57563,0.103604,-0.0947564][-0.460589,0.0372891,0.88683][0.176099,0.280163,0][3.66007,0.149705,-0.0560663][-0.439163,0.0465421,0.897201][0.180548,0.273124,0][3.66007,0.149705,-0.0560663][-0.439163,0.0465421,0.897201][0.180548,0.273124,0][3.69637,0.286605,-0.0380363][-0.469712,0.218841,0.855266][0.177461,0.262207,0][3.62591,0.269805,-0.0700164][-0.446521,0.115342,0.887308][0.173024,0.26659,0][3.66007,0.149705,-0.0560663][-0.439163,0.0465421,0.897201][0.180548,0.273124,0][3.57563,0.103604,-0.0947564][-0.460589,0.0372891,0.88683][0.176099,0.280163,0][3.47329,-0.109995,-0.142126][-0.460339,0.0405381,0.886817][0.17722,0.299545,0][3.47329,-0.109995,-0.142126][-0.460339,0.0405381,0.886817][0.17722,0.299545,0][4.01731,-1.0001,0.182864][-0.443283,0.0689421,0.893727][0.257747,0.33439,0][3.66007,0.149705,-0.0560663][-0.439163,0.0465421,0.897201][0.180548,0.273124,0][3.66007,0.149705,-0.0560663][-0.439163,0.0465421,0.897201][0.180548,0.273124,0][4.01731,-1.0001,0.182864][-0.443283,0.0689421,0.893727][0.257747,0.33439,0][4.5471,-0.0858965,0.385654][-0.417527,0.0463981,0.907479][0.258472,0.247956,0][4.5471,-0.0858965,0.385654][-0.417527,0.0463981,0.907479][0.258472,0.247956,0][3.7148,0.216704,-0.0306764][-0.436023,0.0443181,0.898844][0.181907,0.265994,0][3.66007,0.149705,-0.0560663][-0.439163,0.0465421,0.897201][0.180548,0.273124,0][3.79757,0.413505,0.00958371][-0.430902,0.0155391,0.902265][0.180049,0.24863,0][3.7148,0.216704,-0.0306764][-0.436023,0.0443181,0.898844][0.181907,0.265994,0][4.5471,-0.0858965,0.385654][-0.417527,0.0463981,0.907479][0.258472,0.247956,0][3.79757,0.413505,0.00958371][-0.430902,0.0155391,0.902265][0.180049,0.24863,0][4.5471,-0.0858965,0.385654][-0.417527,0.0463981,0.907479][0.258472,0.247956,0][4.34335,0.812203,0.259474][-0.413865,0.0175521,0.910169][0.204587,0.196303,0][4.34335,0.812203,0.259474][-0.413865,0.0175521,0.910169][0.204587,0.196303,0][3.93839,0.744703,0.0812635][-0.424929,0.0138641,0.905121][0.177106,0.219351,0][3.79757,0.413505,0.00958371][-0.430902,0.0155391,0.902265][0.180049,0.24863,0][4.07454,1.013,0.151784][-0.396071,-0.0399829,0.917349][0.176432,0.194669,0][3.93839,0.744703,0.0812635][-0.424929,0.0138641,0.905121][0.177106,0.219351,0][4.34335,0.812203,0.259474][-0.413865,0.0175521,0.910169][0.204587,0.196303,0][4.34335,0.812203,0.259474][-0.413865,0.0175521,0.910169][0.204587,0.196303,0][4.23151,1.0464,0.220774][-0.394026,-0.0403179,0.918215][0.186682,0.185189,0][4.07454,1.013,0.151784][-0.396071,-0.0399829,0.917349][0.176432,0.194669,0][4.13226,1.1757,0.185084][-0.464933,0.0958001,0.880148][0.17408,0.180996,0][4.07454,1.013,0.151784][-0.396071,-0.0399829,0.917349][0.176432,0.194669,0][4.23151,1.0464,0.220774][-0.394026,-0.0403179,0.918215][0.186682,0.185189,0][4.23151,1.0464,0.220774][-0.394026,-0.0403179,0.918215][0.186682,0.185189,0][4.25754,1.2125,0.240464][-0.520817,0.227618,0.822763][0.181566,0.172693,0][4.13226,1.1757,0.185084][-0.464933,0.0958001,0.880148][0.17408,0.180996,0][4.25754,1.2125,0.240464][-0.520817,0.227618,0.822763][0.181566,0.172693,0][4.30107,1.4527,0.174804][-0.570391,0.374742,0.730906][0.171549,0.155459,0][4.21647,1.3597,0.132944][-0.570391,0.374742,0.730906][0.168707,0.165512,0][4.21647,1.3597,0.132944][-0.570391,0.374742,0.730906][0.168707,0.165512,0][4.13226,1.1757,0.185084][-0.464933,0.0958001,0.880148][0.17408,0.180996,0][4.25754,1.2125,0.240464][-0.520817,0.227618,0.822763][0.181566,0.172693,0][4.34335,0.812203,0.259474][-0.413865,0.0175521,0.910169][0.204587,0.196303,0][4.58682,1.156,0.376854][-0.390601,-0.0583339,0.91871][0.208677,0.161472,0][4.38843,1.193,0.294884][-0.38948,-0.0485489,0.919754][0.192473,0.16789,0][4.38843,1.193,0.294884][-0.38948,-0.0485489,0.919754][0.192473,0.16789,0][4.23151,1.0464,0.220774][-0.394026,-0.0403179,0.918215][0.186682,0.185189,0][4.34335,0.812203,0.259474][-0.413865,0.0175521,0.910169][0.204587,0.196303,0][4.52495,1.7153,0.386014][-0.394151,-0.0286479,0.918599][0.181699,0.12552,0][4.38843,1.193,0.294884][-0.38948,-0.0485489,0.919754][0.192473,0.16789,0][4.58682,1.156,0.376854][-0.390601,-0.0583339,0.91871][0.208677,0.161472,0][4.58682,1.156,0.376854][-0.390601,-0.0583339,0.91871][0.208677,0.161472,0][4.69326,1.7825,0.460254][-0.392943,-0.0578829,0.917739][0.191395,0.113304,0][4.52495,1.7153,0.386014][-0.394151,-0.0286479,0.918599][0.181699,0.12552,0][4.61136,1.9169,0.376813][-0.443206,0.262309,0.857183][0.178093,0.108433,0][4.52495,1.7153,0.386014][-0.394151,-0.0286479,0.918599][0.181699,0.12552,0][4.69326,1.7825,0.460254][-0.392943,-0.0578829,0.917739][0.191395,0.113304,0][4.69326,1.7825,0.460254][-0.392943,-0.0578829,0.917739][0.191395,0.113304,0][4.69978,2.0291,0.380404][-0.443206,0.262309,0.857183][0.178639,0.097074,0][4.61136,1.9169,0.376813][-0.443206,0.262309,0.857183][0.178093,0.108433,0][5.22892,1.1412,0.644484][-0.39318,-0.0161879,0.919319][0.256802,0.133369,0][5.54747,2.4572,0.879133][-0.379241,-0.0938659,0.920524][0.22742,0.027435,0][4.69326,1.7825,0.460254][-0.392943,-0.0578829,0.917739][0.191395,0.113304,0][4.69326,1.7825,0.460254][-0.392943,-0.0578829,0.917739][0.191395,0.113304,0][4.58682,1.156,0.376854][-0.390601,-0.0583339,0.91871][0.208677,0.161472,0][5.22892,1.1412,0.644484][-0.39318,-0.0161879,0.919319][0.256802,0.133369,0][5.22892,1.1412,0.644484][-0.39318,-0.0161879,0.919319][0.256802,0.133369,0][4.58682,1.156,0.376854][-0.390601,-0.0583339,0.91871][0.208677,0.161472,0][4.34335,0.812203,0.259474][-0.413865,0.0175521,0.910169][0.204587,0.196303,0][5.22892,1.1412,0.644484][-0.39318,-0.0161879,0.919319][0.256802,0.133369,0][4.34335,0.812203,0.259474][-0.413865,0.0175521,0.910169][0.204587,0.196303,0][4.5471,-0.0858965,0.385654][-0.417527,0.0463981,0.907479][0.258472,0.247956,0][3.47329,-0.109995,-0.142126][-0.460339,0.0405381,0.886817][0.17722,0.299545,0][3.24559,-0.402495,-0.245416][-0.45151,0.0504881,0.890836][0.172237,0.33013,0][4.01731,-1.0001,0.182864][-0.443283,0.0689421,0.893727][0.257747,0.33439,0][1.55374,-3.45942,-1.07033][-0.631708,0.500479,-0.592001][0.003455,0.895875,0][1.00713,-4.30917,-1.26459][-0.555821,0.617924,-0.556088][0.003453,0.968604,0][0.901507,-4.27283,-1.11116][-0.555718,0.618063,-0.556036][0.025895,0.96849,0][0.901507,-4.27283,-1.11116][-0.555718,0.618063,-0.556036][0.025895,0.96849,0][1.44039,-3.40732,-0.913136][-0.634114,0.496025,-0.593176][0.025899,0.894768,0][1.55374,-3.45942,-1.07033][-0.631708,0.500479,-0.592001][0.003455,0.895875,0][1.62133,-3.29379,-1.05817][-0.769495,-0.195193,-0.608093][0.003455,0.884244,0][1.55374,-3.45942,-1.07033][-0.631708,0.500479,-0.592001][0.003455,0.895875,0][1.44039,-3.40732,-0.913136][-0.634114,0.496025,-0.593176][0.025899,0.894768,0][1.44039,-3.40732,-0.913136][-0.634114,0.496025,-0.593176][0.025899,0.894768,0][1.49847,-3.2604,-0.902216][-0.768521,-0.205232,-0.606016][0.025899,0.883278,0][1.62133,-3.29379,-1.05817][-0.769495,-0.195193,-0.608093][0.003455,0.884244,0][1.46877,-2.57301,-1.23195][-0.751243,-0.22462,-0.620629][0.003455,0.832597,0][1.62133,-3.29379,-1.05817][-0.769495,-0.195193,-0.608093][0.003455,0.884244,0][1.49847,-3.2604,-0.902216][-0.768521,-0.205232,-0.606016][0.025899,0.883278,0][1.49847,-3.2604,-0.902216][-0.768521,-0.205232,-0.606016][0.025899,0.883278,0][1.33215,-2.54358,-1.08456][-0.750337,-0.210989,-0.62648][0.025896,0.83137,0][1.46877,-2.57301,-1.23195][-0.751243,-0.22462,-0.620629][0.003455,0.832597,0][1.50063,-2.2999,-1.24216][-0.666569,0.133147,-0.733456][0.003455,0.813674,0][1.46877,-2.57301,-1.23195][-0.751243,-0.22462,-0.620629][0.003455,0.832597,0][1.33215,-2.54358,-1.08456][-0.750337,-0.210989,-0.62648][0.025896,0.83137,0][1.33215,-2.54358,-1.08456][-0.750337,-0.210989,-0.62648][0.025896,0.83137,0][1.3531,-2.25226,-1.1009][-0.661349,0.144427,-0.736042][0.025896,0.812243,0][1.50063,-2.2999,-1.24216][-0.666569,0.133147,-0.733456][0.003455,0.813674,0][1.60796,-1.90602,-1.21856][-0.621378,0.297836,-0.724695][0.003455,0.786685,0][1.50063,-2.2999,-1.24216][-0.666569,0.133147,-0.733456][0.003455,0.813674,0][1.3531,-2.25226,-1.1009][-0.661349,0.144427,-0.736042][0.025896,0.812243,0][1.3531,-2.25226,-1.1009][-0.661349,0.144427,-0.736042][0.025896,0.812243,0][1.45051,-1.86432,-1.07854][-0.621221,0.299129,-0.724297][0.025896,0.786473,0][1.60796,-1.90602,-1.21856][-0.621378,0.297836,-0.724695][0.003455,0.786685,0][1.62974,-1.48289,-1.00648][-0.60788,0.414634,-0.677171][0.025897,0.758336,0][1.76995,-1.5037,-1.16095][-0.607967,0.412607,-0.67833][0.003455,0.758639,0][1.60796,-1.90602,-1.21856][-0.621378,0.297836,-0.724695][0.003455,0.786685,0][1.60796,-1.90602,-1.21856][-0.621378,0.297836,-0.724695][0.003455,0.786685,0][1.45051,-1.86432,-1.07854][-0.621221,0.299129,-0.724297][0.025896,0.786473,0][1.62974,-1.48289,-1.00648][-0.60788,0.414634,-0.677171][0.025897,0.758336,0][2.23584,-1.2509,-0.859606][-0.64059,0.665846,-0.382484][0.003453,0.45708,0][2.15432,-1.3919,-0.977356][-0.64059,0.665846,-0.382484][0.003453,0.469897,0][2.07735,-1.3602,-0.784336][-0.64059,0.665846,-0.382484][0.02589,0.470174,0][2.07735,-1.3602,-0.784336][-0.64059,0.665846,-0.382484][0.02589,0.470174,0][2.15138,-1.265,-0.751406][-0.64059,0.665846,-0.382484][0.02589,0.459179,0][2.23584,-1.2509,-0.859606][-0.64059,0.665846,-0.382484][0.003453,0.45708,0][2.41821,-1.172,-0.622346][0.454749,0.8906,0.006008][0.02589,0.348469,0][2.47996,-1.19359,-0.829156][0.454749,0.8906,0.006008][0.003445,0.348177,0][2.395,-1.15909,-0.778356][0.454749,0.8906,0.006008][0.003445,0.353003,0][2.395,-1.15909,-0.778356][0.454749,0.8906,0.006008][0.003445,0.353003,0][2.37351,-1.1405,-0.645826][0.454749,0.8906,0.006008][0.02589,0.354149,0][2.41821,-1.172,-0.622346][0.454749,0.8906,0.006008][0.02589,0.348469,0][2.07735,-1.3602,-0.784336][0.783187,0.590951,0.193378][0.02589,0.470174,0][2.15432,-1.3919,-0.977356][0.783187,0.590951,0.193378][0.003453,0.469897,0][2.09063,-1.3266,-0.940876][0.783187,0.590951,0.193378][0.003453,0.473954,0][2.09063,-1.3266,-0.940876][0.783187,0.590951,0.193378][0.003453,0.473954,0][2.05706,-1.3223,-0.796316][0.783187,0.590951,0.193378][0.02589,0.47491,0][2.07735,-1.3602,-0.784336][0.783187,0.590951,0.193378][0.02589,0.470174,0][1.96109,-1.34459,-1.00333][-0.721615,0.480955,-0.49795][0.003456,0.642206,0][1.93397,-1.4313,-1.08341][-0.708728,0.551153,-0.440381][0.003456,0.647277,0][1.85674,-1.3919,-0.894596][-0.708728,0.551153,-0.440381][0.025897,0.648628,0][1.85674,-1.3919,-0.894596][-0.708728,0.551153,-0.440381][0.025897,0.648628,0][1.8763,-1.3482,-0.886566][-0.721825,0.479406,-0.499139][0.025897,0.643589,0][1.96109,-1.34459,-1.00333][-0.721615,0.480955,-0.49795][0.003456,0.642206,0][1.8918,-1.2658,-0.994526][0.934547,0.0215999,0.355183][0.003456,0.659455,0][1.85974,-1.2628,-0.898336][0.934547,0.0215999,0.355183][0.025897,0.66286,0][1.85674,-1.3919,-0.894596][0.934547,0.0215999,0.355183][0.025897,0.648628,0][1.85674,-1.3919,-0.894596][0.934547,0.0215999,0.355183][0.025897,0.648628,0][1.93397,-1.4313,-1.08341][0.934547,0.0215999,0.355183][0.003456,0.647277,0][1.8918,-1.2658,-0.994526][0.934547,0.0215999,0.355183][0.003456,0.659455,0][1.62974,-1.48289,-1.00648][-0.60788,0.414634,-0.677171][0.025897,0.758336,0][1.74851,-1.2696,-0.954426][-0.600998,0.489865,-0.631533][0.025897,0.736216,0][1.82735,-1.2696,-1.02702][-0.600992,0.489756,-0.631623][0.003455,0.736035,0][1.82735,-1.2696,-1.02702][-0.600992,0.489756,-0.631623][0.003455,0.736035,0][1.76995,-1.5037,-1.16095][-0.607967,0.412607,-0.67833][0.003455,0.758639,0][1.62974,-1.48289,-1.00648][-0.60788,0.414634,-0.677171][0.025897,0.758336,0][1.85991,-1.09799,-0.935346][-0.599223,0.461848,-0.653932][0.003455,0.696866,0][1.82735,-1.2696,-1.02702][-0.600992,0.489756,-0.631623][0.003455,0.736035,0][1.74851,-1.2696,-0.954426][-0.600998,0.489865,-0.631533][0.025897,0.736216,0][1.74851,-1.2696,-0.954426][-0.600998,0.489865,-0.631533][0.025897,0.736216,0][1.83793,-1.09669,-0.914616][-0.599223,0.461848,-0.653932][0.025897,0.697527,0][1.85991,-1.09799,-0.935346][-0.599223,0.461848,-0.653932][0.003455,0.696866,0][1.85974,-1.2628,-0.898336][0.905126,0.0922669,0.41501][0.025897,0.66286,0][1.8918,-1.2658,-0.994526][0.905126,0.0922669,0.41501][0.003456,0.659455,0][1.85991,-1.09799,-0.935346][0.905126,0.0922669,0.41501][0.003455,0.696866,0][1.85991,-1.09799,-0.935346][0.905126,0.0922669,0.41501][0.003455,0.696866,0][1.83793,-1.09669,-0.914616][0.905126,0.0922669,0.41501][0.025897,0.697527,0][1.85974,-1.2628,-0.898336][0.905126,0.0922669,0.41501][0.025897,0.66286,0][2.10449,-0.801795,-0.838756][-0.814686,0.241035,-0.527436][0.003455,0.55519,0][2.08096,-1.0343,-0.898976][-0.814686,0.241035,-0.527436][0.003455,0.602466,0][2.02527,-1.03409,-0.822526][-0.814686,0.241035,-0.527436][0.025896,0.602339,0][2.02527,-1.03409,-0.822526][-0.814686,0.241035,-0.527436][0.025896,0.602339,0][2.0844,-0.801795,-0.798016][-0.814686,0.241035,-0.527436][0.025896,0.555194,0][2.10449,-0.801795,-0.838756][-0.814686,0.241035,-0.527436][0.003455,0.55519,0][2.13385,-1.02719,-0.768676][0.926641,0.216363,0.307446][0.025896,0.510206,0][2.15834,-1.0296,-0.860596][0.926641,0.216363,0.307446][0.003455,0.508874,0][2.10449,-0.801795,-0.838756][0.926641,0.216363,0.307446][0.003455,0.55519,0][2.10449,-0.801795,-0.838756][0.926641,0.216363,0.307446][0.003455,0.55519,0][2.0844,-0.801795,-0.798016][0.926641,0.216363,0.307446][0.025896,0.555194,0][2.13385,-1.02719,-0.768676][0.926641,0.216363,0.307446][0.025896,0.510206,0][1.96109,-1.34459,-1.00333][-0.721615,0.480955,-0.49795][0.003456,0.642206,0][1.8763,-1.3482,-0.886566][-0.721825,0.479406,-0.499139][0.025897,0.643589,0][2.02527,-1.03409,-0.822526][-0.725015,0.452309,-0.519395][0.025896,0.602339,0][2.02527,-1.03409,-0.822526][-0.725015,0.452309,-0.519395][0.025896,0.602339,0][2.08096,-1.0343,-0.898976][-0.725015,0.452309,-0.519395][0.003455,0.602466,0][1.96109,-1.34459,-1.00333][-0.721615,0.480955,-0.49795][0.003456,0.642206,0][2.15834,-1.0296,-0.860596][0.933072,-0.270861,0.236668][0.003455,0.508874,0][2.13385,-1.02719,-0.768676][0.933072,-0.270861,0.236668][0.025896,0.510206,0][2.05706,-1.3223,-0.796316][0.933072,-0.270861,0.236668][0.02589,0.47491,0][2.05706,-1.3223,-0.796316][0.933072,-0.270861,0.236668][0.02589,0.47491,0][2.09063,-1.3266,-0.940876][0.933072,-0.270861,0.236668][0.003453,0.473954,0][2.15834,-1.0296,-0.860596][0.933072,-0.270861,0.236668][0.003455,0.508874,0][2.37351,-1.1405,-0.645826][0.972213,0.0308879,0.23205][0.02589,0.354149,0][2.395,-1.15909,-0.778356][0.972213,0.0308879,0.232051][0.003445,0.353003,0][2.40091,-0.992596,-0.780336][0.972213,0.0308879,0.23205][0.003445,0.369171,0][2.40091,-0.992596,-0.780336][0.972213,0.0308879,0.23205][0.003445,0.369171,0][2.36066,-0.984796,-0.657706][0.972213,0.0308879,0.23205][0.02589,0.37173,0][2.37351,-1.1405,-0.645826][0.972213,0.0308879,0.23205][0.02589,0.354149,0][2.25152,-1.0235,-0.710426][-0.754121,0.443057,-0.48477][0.02589,0.431536,0][2.32136,-1.0209,-0.818766][-0.753987,0.443683,-0.484405][0.003445,0.431486,0][2.23584,-1.2509,-0.859606][-0.763819,0.389952,-0.514313][0.003453,0.45708,0][2.23584,-1.2509,-0.859606][-0.763819,0.389952,-0.514313][0.003453,0.45708,0][2.15138,-1.265,-0.751406][-0.763819,0.389952,-0.514313][0.02589,0.459179,0][2.25152,-1.0235,-0.710426][-0.754121,0.443057,-0.48477][0.02589,0.431536,0][2.36066,-0.984796,-0.657706][0.930977,-0.0944241,0.352657][0.02589,0.37173,0][2.40091,-0.992596,-0.780336][0.930977,-0.0944241,0.352657][0.003445,0.369171,0][2.39515,-0.822795,-0.705356][0.930977,-0.0944241,0.352657][0.003445,0.395926,0][2.39515,-0.822795,-0.705356][0.930977,-0.0944241,0.352657][0.003445,0.395926,0][2.37135,-0.822395,-0.656706][0.930977,-0.0944241,0.352657][0.02589,0.395929,0][2.36066,-0.984796,-0.657706][0.930977,-0.0944241,0.352657][0.02589,0.37173,0][2.39515,-0.822795,-0.705356][-0.729886,0.533115,-0.427849][0.003445,0.395926,0][2.32136,-1.0209,-0.818766][-0.753987,0.443683,-0.484405][0.003445,0.431486,0][2.25152,-1.0235,-0.710426][-0.754121,0.443057,-0.48477][0.02589,0.431536,0][2.25152,-1.0235,-0.710426][-0.754121,0.443057,-0.48477][0.02589,0.431536,0][2.37135,-0.822395,-0.656706][-0.729886,0.533115,-0.427849][0.02589,0.395929,0][2.39515,-0.822795,-0.705356][-0.729886,0.533115,-0.427849][0.003445,0.395926,0][2.70175,-0.877595,-0.636856][-0.644218,0.652517,-0.399005][0.003445,0.317534,0][2.55606,-1.1398,-0.795096][-0.663576,0.617266,-0.422669][0.003445,0.343583,0][2.45494,-1.12199,-0.606266][-0.663576,0.617266,-0.422669][0.025885,0.343281,0][2.45494,-1.12199,-0.606266][-0.663576,0.617266,-0.422669][0.025885,0.343281,0][2.62417,-0.886095,-0.531606][-0.64663,0.648335,-0.401909][0.025885,0.318989,0][2.70175,-0.877595,-0.636856][-0.644218,0.652517,-0.399005][0.003445,0.317534,0][2.80624,-0.876195,-0.443466][0.959184,-0.128024,0.252144][0.025892,0.208984,0][2.867,-0.910995,-0.657016][0.959184,-0.128024,0.252144][0.003449,0.206443,0][2.84361,-0.829095,-0.561666][0.959184,-0.128024,0.252144][0.003449,0.211518,0][2.84361,-0.829095,-0.561666][0.959184,-0.128024,0.252144][0.003449,0.211518,0][2.82138,-0.821296,-0.437896][0.959184,-0.128024,0.252144][0.025892,0.215738,0][2.80624,-0.876195,-0.443466][0.959184,-0.128024,0.252144][0.025892,0.208984,0][2.92909,-0.578196,-0.453816][0.890415,-0.377937,0.253623][0.003449,0.255348,0][2.90514,-0.577995,-0.403596][0.890415,-0.377937,0.253623][0.025892,0.255336,0][2.82138,-0.821296,-0.437896][0.890415,-0.377937,0.253623][0.025892,0.215738,0][2.82138,-0.821296,-0.437896][0.890415,-0.377937,0.253623][0.025892,0.215738,0][2.84361,-0.829095,-0.561666][0.890415,-0.377937,0.253623][0.003449,0.211518,0][2.92909,-0.578196,-0.453816][0.890415,-0.377937,0.253623][0.003449,0.255348,0][2.70175,-0.877595,-0.636856][-0.644218,0.652517,-0.399005][0.003445,0.317534,0][2.62417,-0.886095,-0.531606][-0.64663,0.648335,-0.401909][0.025885,0.318989,0][2.90514,-0.577995,-0.403596][-0.61425,0.700232,-0.36383][0.025892,0.255336,0][2.90514,-0.577995,-0.403596][-0.61425,0.700232,-0.36383][0.025892,0.255336,0][2.92909,-0.578196,-0.453816][-0.61425,0.700232,-0.363829][0.003449,0.255348,0][2.70175,-0.877595,-0.636856][-0.644218,0.652517,-0.399005][0.003445,0.317534,0][2.55606,-1.1398,-0.795096][-0.566045,0.764301,-0.308929][0.003445,0.343583,0][2.47996,-1.19359,-0.829156][-0.566045,0.764301,-0.308929][0.003445,0.348177,0][2.41821,-1.172,-0.622346][-0.566045,0.764301,-0.308929][0.02589,0.348469,0][2.41821,-1.172,-0.622346][-0.566045,0.764301,-0.308929][0.02589,0.348469,0][2.45494,-1.12199,-0.606266][-0.566045,0.764301,-0.308929][0.025885,0.343281,0][2.55606,-1.1398,-0.795096][-0.566045,0.764301,-0.308929][0.003445,0.343583,0][2.99039,-0.849895,-0.601526][-0.362747,0.890572,-0.274401][0.115706,0.548841,0][2.867,-0.910995,-0.657016][-0.362747,0.890572,-0.274401][0.115706,0.53744,0][2.80624,-0.876195,-0.443466][-0.362747,0.890572,-0.274401][0.091289,0.532943,0][2.80624,-0.876195,-0.443466][-0.362747,0.890572,-0.274401][0.091289,0.532943,0][2.89028,-0.823795,-0.404566][-0.362747,0.890572,-0.274401][0.091289,0.547447,0][2.99039,-0.849895,-0.601526][-0.362747,0.890572,-0.274401][0.115706,0.548841,0][3.15634,-0.602196,-0.532066][-0.716162,0.54341,-0.43797][0.115706,0.580461,0][2.99039,-0.849895,-0.601526][-0.690319,0.580205,-0.43223][0.115706,0.548841,0][2.89028,-0.823795,-0.404566][-0.690319,0.580205,-0.43223][0.091289,0.547447,0][2.89028,-0.823795,-0.404566][-0.690319,0.580205,-0.43223][0.091289,0.547447,0][3.04776,-0.583495,-0.335566][-0.716814,0.542439,-0.438107][0.091289,0.581259,0][3.15634,-0.602196,-0.532066][-0.716162,0.54341,-0.43797][0.115706,0.580461,0][3.24107,-0.429996,-0.496786][-0.759192,0.476547,-0.443317][0.115706,0.599695,0][3.15634,-0.602196,-0.532066][-0.716162,0.54341,-0.43797][0.115706,0.580461,0][3.04776,-0.583495,-0.335566][-0.716814,0.542439,-0.438107][0.091289,0.581259,0][3.04776,-0.583495,-0.335566][-0.716814,0.542439,-0.438107][0.091289,0.581259,0][3.13216,-0.424295,-0.298416][-0.764669,0.469874,-0.441021][0.091289,0.602855,0][3.24107,-0.429996,-0.496786][-0.759192,0.476547,-0.443317][0.115706,0.599695,0][3.22088,-0.357796,-0.395496][-0.793157,0.433235,-0.428029][0.115706,0.612032,0][3.24107,-0.429996,-0.496786][-0.759192,0.476547,-0.443317][0.115706,0.599695,0][3.13216,-0.424295,-0.298416][-0.764669,0.469874,-0.441021][0.091289,0.602855,0][3.13216,-0.424295,-0.298416][-0.764669,0.469874,-0.441021][0.091289,0.602855,0][3.15912,-0.358995,-0.273046][-0.793157,0.433235,-0.428029][0.091289,0.611734,0][3.22088,-0.357796,-0.395496][-0.793157,0.433235,-0.428029][0.115706,0.612032,0][3.24559,-0.402495,-0.245416][0.732727,0.647233,0.210241][0.034874,0.172931,0][3.32291,-0.415296,-0.459906][0.732727,0.647233,0.210241][0.008829,0.175218,0][3.24805,-0.361595,-0.379826][0.732727,0.647233,0.210241][0.02129,0.181548,0][3.24805,-0.361595,-0.379826][0.732727,0.647233,0.210241][0.02129,0.181548,0][3.20598,-0.350696,-0.251166][0.732727,0.647233,0.210241][0.036779,0.180178,0][3.24559,-0.402495,-0.245416][0.732727,0.647233,0.210241][0.034874,0.172931,0][3.23984,-0.290396,-0.292006][-0.655512,0.682135,-0.32403][0.091289,0.628432,0][3.22088,-0.357796,-0.395496][-0.655512,0.682135,-0.32403][0.115706,0.612032,0][3.15912,-0.358995,-0.273046][-0.655512,0.682135,-0.32403][0.091289,0.611734,0][3.20598,-0.350696,-0.251166][0.902108,-0.290029,0.319506][0.036779,0.180178,0][3.24805,-0.361595,-0.379826][0.902108,-0.290029,0.319506][0.02129,0.181548,0][3.23984,-0.290396,-0.292006][0.902108,-0.290029,0.319506][0.032392,0.188264,0][3.68694,0.428704,-0.110956][-0.866381,0.216927,-0.449807][0.030108,0.062223,0][3.69799,0.395205,-0.148406][-0.866381,0.216927,-0.449807][0.025541,0.065953,0][3.62591,0.269805,-0.0700164][-0.866381,0.216927,-0.449807][0.036654,0.081158,0][3.69637,0.286605,-0.0380363][0.95205,-0.0139061,0.305627][0.901576,0.145351,0][3.73323,0.442305,-0.145766][0.95205,-0.0139061,0.305627][0.891113,0.164726,0][3.72298,0.487605,-0.111776][0.95205,-0.0139061,0.305627][0.89583,0.1693,0][3.62591,0.269805,-0.0700164][-0.859385,0.282178,-0.426418][0.036654,0.081158,0][3.69799,0.395205,-0.148406][-0.859385,0.282178,-0.426418][0.025541,0.065953,0][3.69123,0.123405,-0.298556][-0.818644,0.393456,-0.418347][0.009242,0.097548,0][3.69123,0.123405,-0.298556][-0.818644,0.393456,-0.418347][0.009242,0.097548,0][3.57563,0.103604,-0.0947564][-0.819197,0.392164,-0.418478][0.035899,0.101247,0][3.62591,0.269805,-0.0700164][-0.859385,0.282178,-0.426418][0.036654,0.081158,0][3.73749,0.139504,-0.278216][0.952505,-0.15841,0.26008][0.871817,0.132304,0][3.73323,0.442305,-0.145766][0.952505,-0.15841,0.26008][0.891113,0.164726,0][3.69637,0.286605,-0.0380363][0.952505,-0.15841,0.26008][0.901576,0.145351,0][3.69637,0.286605,-0.0380363][0.952505,-0.15841,0.26008][0.901576,0.145351,0][3.66007,0.149705,-0.0560663][0.952505,-0.15841,0.26008][0.898536,0.129332,0][3.73749,0.139504,-0.278216][0.952505,-0.15841,0.26008][0.871817,0.132304,0][3.57563,0.103604,-0.0947564][-0.819197,0.392164,-0.418478][0.035899,0.101247,0][3.69123,0.123405,-0.298556][-0.818644,0.393456,-0.418347][0.009242,0.097548,0][3.58156,-0.111296,-0.347146][-0.725013,0.587559,-0.359347][0.008731,0.127725,0][3.58156,-0.111296,-0.347146][-0.725013,0.587559,-0.359347][0.008731,0.127725,0][3.47329,-0.109995,-0.142126][-0.72271,0.59148,-0.357551][0.035242,0.128884,0][3.57563,0.103604,-0.0947564][-0.819197,0.392164,-0.418478][0.035899,0.101247,0][3.82489,0.202703,-0.239676][-0.57144,0.767159,-0.291416][0.968112,0.784673,0][3.73749,0.139504,-0.278216][-0.57144,0.767159,-0.291416][0.968932,0.797752,0][3.66007,0.149705,-0.0560663][-0.57144,0.767159,-0.291416][0.995571,0.793646,0][3.66007,0.149705,-0.0560663][-0.57144,0.767159,-0.291416][0.995571,0.793646,0][3.7148,0.216704,-0.0306764][-0.571441,0.767159,-0.291416][0.995165,0.783332,0][3.82489,0.202703,-0.239676][-0.57144,0.767159,-0.291416][0.968112,0.784673,0][3.79757,0.413505,0.00958371][-0.778335,0.430338,-0.45717][0.994928,0.758458,0][3.92089,0.415604,-0.195376][-0.778275,0.430201,-0.4574][0.967567,0.757466,0][3.82489,0.202703,-0.239676][-0.779643,0.433363,-0.452054][0.968112,0.784673,0][3.82489,0.202703,-0.239676][-0.779643,0.433363,-0.452054][0.968112,0.784673,0][3.7148,0.216704,-0.0306764][-0.779643,0.433363,-0.452054][0.995165,0.783332,0][3.79757,0.413505,0.00958371][-0.778335,0.430338,-0.45717][0.994928,0.758458,0][3.93839,0.744703,0.0812635][-0.773788,0.449416,-0.446405][0.994841,0.716462,0][4.06909,0.763604,-0.123196][-0.773443,0.451224,-0.445179][0.967152,0.713394,0][3.92089,0.415604,-0.195376][-0.778275,0.430201,-0.4574][0.967567,0.757466,0][3.92089,0.415604,-0.195376][-0.778275,0.430201,-0.4574][0.967567,0.757466,0][3.79757,0.413505,0.00958371][-0.778335,0.430338,-0.45717][0.994928,0.758458,0][3.93839,0.744703,0.0812635][-0.773788,0.449416,-0.446405][0.994841,0.716462,0][4.16121,1.0349,0.00891376][-0.777845,0.460342,-0.427835][0.975673,0.678299,0][4.06909,0.763604,-0.123196][-0.773443,0.451224,-0.445179][0.967152,0.713394,0][3.93839,0.744703,0.0812635][-0.773788,0.449416,-0.446405][0.994841,0.716462,0][3.93839,0.744703,0.0812635][-0.773788,0.449416,-0.446405][0.994841,0.716462,0][4.07454,1.013,0.151784][-0.778042,0.459927,-0.427922][0.994761,0.681092,0][4.16121,1.0349,0.00891376][-0.777845,0.460342,-0.427835][0.975673,0.678299,0][4.1911,1.1936,0.0958736][-0.817809,0.348036,-0.458323][0.982915,0.658594,0][4.16121,1.0349,0.00891376][-0.777845,0.460342,-0.427835][0.975673,0.678299,0][4.07454,1.013,0.151784][-0.778042,0.459927,-0.427922][0.994761,0.681092,0][4.07454,1.013,0.151784][-0.778042,0.459927,-0.427922][0.994761,0.681092,0][4.13226,1.1757,0.185084][-0.81528,0.361143,-0.452652][0.995087,0.660965,0][4.1911,1.1936,0.0958736][-0.817809,0.348036,-0.458323][0.982915,0.658594,0][4.23151,1.0464,0.220774][0.948604,-0.201332,0.244163][0.865192,0.846261,0][4.26681,1.0279,0.0522337][0.948604,-0.201332,0.244163][0.874858,0.829759,0][4.28982,1.2226,0.139494][0.950752,-0.169868,0.259259][0.854229,0.835203,0][4.28982,1.2226,0.139494][0.950752,-0.169868,0.259259][0.854229,0.835203,0][4.25754,1.2125,0.240464][0.950608,-0.172682,0.257926][0.852684,0.843229,0][4.23151,1.0464,0.220774][0.948604,-0.201332,0.244163][0.865192,0.846261,0][4.25754,1.2125,0.240464][0.950608,-0.172682,0.257926][0.852684,0.843229,0][4.28982,1.2226,0.139494][0.950752,-0.169868,0.259259][0.854229,0.835203,0][4.30107,1.4527,0.174804][0.951089,-0.0917201,0.294986][0.837065,0.833057,0][4.21647,1.3597,0.132944][-0.831951,0.238887,-0.50079][0.985471,0.639067,0][4.1911,1.1936,0.0958736][-0.817809,0.348036,-0.458323][0.982915,0.658594,0][4.13226,1.1757,0.185084][-0.81528,0.361143,-0.452652][0.995087,0.660965,0][4.47377,1.1885,0.244074][-0.452634,0.826295,-0.335201][0.889901,0.868134,0][4.26681,1.0279,0.0522337][-0.452634,0.826295,-0.335201][0.874858,0.829759,0][4.23151,1.0464,0.220774][-0.452634,0.826294,-0.335201][0.865192,0.846261,0][4.23151,1.0464,0.220774][-0.452634,0.826294,-0.335201][0.865192,0.846261,0][4.38843,1.193,0.294884][-0.452634,0.826294,-0.335201][0.877891,0.868033,0][4.47377,1.1885,0.244074][-0.452634,0.826295,-0.335201][0.889901,0.868134,0][4.47377,1.1885,0.244074][-0.454108,0.272656,-0.848201][0.889901,0.868134,0][4.38843,1.193,0.294884][-0.454108,0.272656,-0.848201][0.877891,0.868033,0][4.52495,1.7153,0.386014][-0.450845,0.262661,-0.853082][0.877652,0.935072,0][4.52495,1.7153,0.386014][-0.450845,0.262661,-0.853082][0.877652,0.935072,0][4.62861,1.747,0.344384][-0.444673,0.244153,-0.861775][0.890568,0.941195,0][4.47377,1.1885,0.244074][-0.454108,0.272656,-0.848201][0.889901,0.868134,0][4.61136,1.9169,0.376813][-0.403765,0.131772,-0.905323][0.883657,0.961578,0][4.62861,1.747,0.344384][-0.444673,0.244153,-0.861775][0.890568,0.941195,0][4.52495,1.7153,0.386014][-0.450845,0.262661,-0.853082][0.877652,0.935072,0][4.69326,1.7825,0.460254][0.922298,0.0967719,0.374167][0.922178,0.96979,0][4.76376,1.8023,0.281344][0.922298,0.0967719,0.374167][0.906297,0.950552,0][4.69978,2.0291,0.380404][0.922298,0.0967719,0.374167][0.891079,0.977702,0][3.24559,-0.402495,-0.245416][-0.673975,0.665578,-0.320566][0.034874,0.172931,0][3.47329,-0.109995,-0.142126][-0.72271,0.59148,-0.357551][0.035242,0.128884,0][3.58156,-0.111296,-0.347146][-0.725013,0.587559,-0.359347][0.008731,0.127725,0][3.58156,-0.111296,-0.347146][-0.725013,0.587559,-0.359347][0.008731,0.127725,0][3.32291,-0.415296,-0.459906][-0.673975,0.665578,-0.320566][0.008829,0.175218,0][3.24559,-0.402495,-0.245416][-0.673975,0.665578,-0.320566][0.034874,0.172931,0][4.69326,1.7825,0.460254][-0.392943,-0.0578829,0.917739][0.191395,0.113304,0][5.54747,2.4572,0.879133][-0.379241,-0.0938659,0.920524][0.22742,0.027435,0][4.98986,2.5485,0.663013][-0.374656,-0.108473,0.920797][0.183043,0.046318,0][4.76376,1.8023,0.281344][-0.842415,0.424798,-0.331489][0.533243,0.089605,0][4.69326,1.7825,0.460254][-0.842415,0.424797,-0.331489][0.558971,0.106373,0][4.98986,2.5485,0.663013][-0.830926,0.425478,-0.358512][0.613792,0.100931,0][4.98986,2.5485,0.663013][-0.830926,0.425478,-0.358512][0.613792,0.100931,0][5.10781,2.5788,0.427083][-0.830417,0.425499,-0.359666][0.612795,0.077303,0][4.76376,1.8023,0.281344][-0.842415,0.424798,-0.331489][0.533243,0.089605,0][6.08056,3.9964,1.28341][-0.374995,-0.111834,0.920256][0.387172,0.085799,0][6.15719,4.6473,1.39373][-0.374994,-0.111836,0.920257][0.367112,0.036839,0][5.76647,4.6958,1.24041][-0.374994,-0.111836,0.920257][0.336757,0.051263,0][5.76647,4.6958,1.24041][-0.374994,-0.111836,0.920257][0.336757,0.051263,0][5.60642,4.1402,1.10768][-0.374995,-0.111834,0.920256][0.34695,0.09729,0][6.08056,3.9964,1.28341][-0.374995,-0.111834,0.920256][0.387172,0.085799,0][5.76647,4.6958,1.24041][-0.852292,0.333334,-0.403097][0.828059,0.083263,0][5.83508,4.7128,1.10901][-0.852213,0.333423,-0.40319][0.827678,0.069381,0][5.69216,4.1609,0.950804][-0.829688,0.408882,-0.380044][0.772727,0.068661,0][5.69216,4.1609,0.950804][-0.829688,0.408882,-0.380044][0.772727,0.068661,0][5.60642,4.1402,1.10768][-0.829487,0.409574,-0.379738][0.773309,0.085133,0][5.76647,4.6958,1.24041][-0.852292,0.333334,-0.403097][0.828059,0.083263,0][5.83508,4.7128,1.10901][0.381681,0.177267,-0.907136][0.827678,0.069381,0][6.1306,4.6802,1.22547][0.381523,0.180429,-0.906579][0.834358,0.040908,0][6.0285,4.0401,1.07317][0.383079,0.160173,-0.909723][0.774066,0.034072,0][6.0285,4.0401,1.07317][0.383079,0.160173,-0.909723][0.774066,0.034072,0][5.69216,4.1609,0.950804][0.383085,0.160191,-0.909717][0.772727,0.068661,0][5.83508,4.7128,1.10901][0.381681,0.177267,-0.907136][0.827678,0.069381,0][6.0372,5.13971,1.40468][-0.374995,-0.111831,0.920257][0.338948,0.007966,0][5.893,5.1576,1.3481][-0.374995,-0.111831,0.920257][0.327752,0.0133,0][5.76647,4.6958,1.24041][-0.374994,-0.111836,0.920257][0.336757,0.051263,0][5.76647,4.6958,1.24041][-0.374994,-0.111836,0.920257][0.336757,0.051263,0][6.15719,4.6473,1.39373][-0.374994,-0.111836,0.920257][0.367112,0.036839,0][6.0372,5.13971,1.40468][-0.374995,-0.111831,0.920257][0.338948,0.007966,0][5.76647,4.6958,1.24041][-0.852292,0.333334,-0.403097][0.828059,0.083263,0][5.893,5.1576,1.3481][-0.861129,0.323127,-0.392487][0.875108,0.079059,0][5.93212,5.168,1.26575][-0.861129,0.323127,-0.392487][0.87447,0.070281,0][5.93212,5.168,1.26575][-0.861129,0.323127,-0.392487][0.87447,0.070281,0][5.83508,4.7128,1.10901][-0.852213,0.333423,-0.40319][0.827678,0.069381,0][5.76647,4.6958,1.24041][-0.852292,0.333334,-0.403097][0.828059,0.083263,0][5.93212,5.168,1.26575][0.378649,0.228151,-0.896979][0.87447,0.070281,0][6.04118,5.156,1.30873][0.378649,0.228151,-0.896979][0.876982,0.059173,0][6.1306,4.6802,1.22547][0.381523,0.180429,-0.906579][0.834358,0.040908,0][6.1306,4.6802,1.22547][0.381523,0.180429,-0.906579][0.834358,0.040908,0][5.83508,4.7128,1.10901][0.381681,0.177267,-0.907136][0.827678,0.069381,0][5.93212,5.168,1.26575][0.378649,0.228151,-0.896979][0.87447,0.070281,0][6.1306,4.6802,1.22547][0.975601,0.215226,-0.043355][0.834358,0.040908,0][6.04118,5.156,1.30873][0.975601,0.215226,-0.043355][0.876982,0.059173,0][6.0372,5.13971,1.40468][0.975601,0.215226,-0.043355][0.880809,0.050473,0][6.0372,5.13971,1.40468][0.975601,0.215226,-0.043355][0.880809,0.050473,0][6.15719,4.6473,1.39373][0.975601,0.215226,-0.043355][0.838314,0.025319,0][6.1306,4.6802,1.22547][0.975601,0.215226,-0.043355][0.834358,0.040908,0][6.1306,4.6802,1.22547][0.971367,-0.0897181,-0.219992][0.834358,0.040908,0][6.15719,4.6473,1.39373][0.971367,-0.0897181,-0.219992][0.838314,0.025319,0][6.08056,3.9964,1.28341][0.950831,-0.185196,-0.24824][0.777168,0.014112,0][6.08056,3.9964,1.28341][0.950831,-0.185196,-0.24824][0.777168,0.014112,0][6.0285,4.0401,1.07317][0.948193,-0.190482,-0.254258][0.774066,0.034072,0][6.1306,4.6802,1.22547][0.971367,-0.0897181,-0.219992][0.834358,0.040908,0][5.52748,2.5105,0.589853][0.936105,-0.233997,-0.262589][0.532619,0.0335881,0][5.56332,2.4768,0.755583][0.944249,-0.251895,-0.211998][0.532963,0.0304673,0][5.30975,1.7027,0.587194][0.93329,-0.250725,-0.257114][0.518877,0.0308741,0][5.30975,1.7027,0.587194][0.93329,-0.250725,-0.257114][0.518877,0.0308741,0][5.26931,1.7361,0.410664][0.93329,-0.250725,-0.257114][0.517975,0.0332171,0][5.52748,2.5105,0.589853][0.936105,-0.233997,-0.262589][0.532619,0.0335881,0][5.26931,1.7361,0.410664][0.871468,-0.408142,-0.271963][0.517975,0.0332171,0][5.30975,1.7027,0.587194][0.887609,-0.37071,-0.273359][0.518066,0.0272047,0][5.19502,1.4712,0.528654][0.867354,-0.417077,-0.271558][0.511272,0.0286061,0][4.68937,0.697504,0.301644][0.82377,-0.529536,-0.20247][0.488009,0.0344283,0][4.67011,0.731403,0.126604][0.82377,-0.529536,-0.20247][0.489347,0.0388961,0][4.8932,1.0433,0.226634][0.852424,-0.461092,-0.246512][0.497837,0.0364107,0][4.8932,1.0433,0.226634][0.852424,-0.461092,-0.246512][0.497837,0.0364107,0][4.90689,0.996404,0.397064][0.853727,-0.457475,-0.24873][0.496992,0.0319963,0][4.68937,0.697504,0.301644][0.82377,-0.529536,-0.20247][0.488009,0.0344283,0][4.4366,0.479804,0.190874][0.689648,-0.693279,-0.209164][0.952698,0.784431,0][4.48122,0.567904,0.0448837][0.689648,-0.693279,-0.209164][0.932305,0.794151,0][4.67011,0.731403,0.126604][0.689648,-0.693279,-0.209164][0.939948,0.825308,0][4.67011,0.731403,0.126604][0.689648,-0.693279,-0.209164][0.939948,0.825308,0][4.68937,0.697504,0.301644][0.689648,-0.693279,-0.209164][0.962457,0.827139,0][4.4366,0.479804,0.190874][0.689648,-0.693279,-0.209164][0.952698,0.784431,0][4.25532,0.333804,-0.0533965][0.591966,-0.18033,-0.78553][0.925111,0.749627,0][4.48122,0.567904,0.0448837][0.786657,-0.566541,-0.245363][0.932305,0.794151,0][4.4366,0.479804,0.190874][0.786657,-0.566541,-0.245363][0.952698,0.784431,0][4.4366,0.479804,0.190874][0.786657,-0.566541,-0.245363][0.952698,0.784431,0][4.23569,0.200503,0.106224][0.824562,-0.497968,-0.26856][0.951074,0.738515,0][4.25532,0.333804,-0.0533965][0.591966,-0.18033,-0.78553][0.925111,0.749627,0][4.01744,-0.0366964,-0.155846][0.65555,-0.277376,-0.702366][0.92679,0.687529,0][4.25532,0.333804,-0.0533965][0.591966,-0.18033,-0.78553][0.925111,0.749627,0][4.23569,0.200503,0.106224][0.824562,-0.497968,-0.26856][0.951074,0.738515,0][4.23569,0.200503,0.106224][0.824562,-0.497968,-0.26856][0.951074,0.738515,0][4.02559,-0.123696,0.0178037][0.840194,-0.465214,-0.278657][0.953197,0.684297,0][4.01744,-0.0366964,-0.155846][0.65555,-0.277376,-0.702366][0.92679,0.687529,0][3.83038,-0.210997,-0.236006][0.640917,-0.280229,-0.714631][0.9209,0.650376,0][4.01744,-0.0366964,-0.155846][0.65555,-0.277376,-0.702366][0.92679,0.687529,0][4.02559,-0.123696,0.0178037][0.707935,-0.624631,-0.329643][0.953197,0.684297,0][4.02559,-0.123696,0.0178037][0.707935,-0.624631,-0.329643][0.953197,0.684297,0][3.83032,-0.296496,-0.0654564][0.707935,-0.624631,-0.329643][0.947615,0.646613,0][3.83038,-0.210997,-0.236006][0.640917,-0.280229,-0.714631][0.9209,0.650376,0][3.83032,-0.296496,-0.0654564][0.818201,-0.508678,-0.267944][0.947615,0.646613,0][3.52489,-0.726995,-0.189286][0.800868,-0.530347,-0.278105][0.949739,0.569987,0][3.51135,-0.649896,-0.368566][0.655332,-0.277187,-0.702644][0.922552,0.571145,0][3.51135,-0.649896,-0.368566][0.655332,-0.277187,-0.702644][0.922552,0.571145,0][3.83038,-0.210997,-0.236006][0.640917,-0.280229,-0.714631][0.9209,0.650376,0][3.83032,-0.296496,-0.0654564][0.818201,-0.508678,-0.267944][0.947615,0.646613,0][3.34755,-0.834496,-0.436706][0.626916,-0.282582,-0.726033][0.920827,0.536046,0][3.51135,-0.649896,-0.368566][0.655332,-0.277187,-0.702644][0.922552,0.571145,0][3.52489,-0.726995,-0.189286][0.800868,-0.530347,-0.278105][0.949739,0.569987,0][3.52489,-0.726995,-0.189286][0.800868,-0.530347,-0.278105][0.949739,0.569987,0][3.35373,-0.914696,-0.263036][0.76936,-0.570584,-0.287261][0.946284,0.533554,0][3.34755,-0.834496,-0.436706][0.626916,-0.282582,-0.726033][0.920827,0.536046,0][3.08409,-1.142,-0.544856][0.624288,-0.302309,-0.720329][0.919277,0.481914,0][3.34755,-0.834496,-0.436706][0.626916,-0.282582,-0.726033][0.920827,0.536046,0][3.35373,-0.914696,-0.263036][0.76936,-0.570584,-0.287261][0.946284,0.533554,0][3.35373,-0.914696,-0.263036][0.76936,-0.570584,-0.287261][0.946284,0.533554,0][3.07143,-1.2349,-0.385446][0.744798,-0.582652,-0.325257][0.941399,0.476527,0][3.08409,-1.142,-0.544856][0.624288,-0.302309,-0.720329][0.919277,0.481914,0][2.75212,-1.4423,-0.685006][0.58429,-0.224034,-0.780009][0.912518,0.426411,0][3.08409,-1.142,-0.544856][0.624288,-0.302309,-0.720329][0.919277,0.481914,0][3.07143,-1.2349,-0.385446][0.744798,-0.582652,-0.325257][0.941399,0.476527,0][3.07143,-1.2349,-0.385446][0.744798,-0.582652,-0.325257][0.941399,0.476527,0][2.76482,-1.5431,-0.525016][0.721503,-0.592021,-0.359089][0.934361,0.423201,0][2.75212,-1.4423,-0.685006][0.58429,-0.224034,-0.780009][0.912518,0.426411,0][2.73639,-1.5579,-0.684786][0.580517,-0.219167,-0.784198][0.919174,0.415206,0][2.75212,-1.4423,-0.685006][0.58429,-0.224034,-0.780009][0.912518,0.426411,0][2.76482,-1.5431,-0.525016][0.980156,-0.111186,-0.164108][0.934361,0.423201,0][2.76482,-1.5431,-0.525016][0.980156,-0.111186,-0.164108][0.934361,0.423201,0][2.75361,-1.679,-0.515756][0.980156,-0.111186,-0.164109][0.940216,0.410378,0][2.73639,-1.5579,-0.684786][0.580517,-0.219167,-0.784198][0.919174,0.415206,0][2.52864,-1.8199,-0.629846][0.597731,-0.588085,-0.544861][0.903985,0.380484,0][2.44838,-1.71319,-0.813696][0.488884,-0.0947771,-0.867185][0.878987,0.375872,0][2.73639,-1.5579,-0.684786][0.580517,-0.219167,-0.784198][0.919174,0.415206,0][2.73639,-1.5579,-0.684786][0.580517,-0.219167,-0.784198][0.919174,0.415206,0][2.75361,-1.679,-0.515756][0.597731,-0.588085,-0.544861][0.940216,0.410378,0][2.52864,-1.8199,-0.629846][0.597731,-0.588085,-0.544861][0.903985,0.380484,0][2.63012,-2.0324,-0.697036][0.578658,-0.00853609,-0.815526][0.916863,0.360132,0][2.44838,-1.71319,-0.813696][0.488884,-0.0947771,-0.867185][0.878987,0.375872,0][2.52864,-1.8199,-0.629846][0.880656,0.458431,-0.119521][0.903985,0.380484,0][2.52864,-1.8199,-0.629846][0.880656,0.458431,-0.119521][0.903985,0.380484,0][2.68776,-2.09276,-0.505786][0.880656,0.458431,-0.119521][0.937706,0.365791,0][2.63012,-2.0324,-0.697036][0.578658,-0.00853609,-0.815526][0.916863,0.360132,0][2.57015,-2.21447,-0.708306][0.537719,-0.160528,-0.827701][0.922944,0.341276,0][2.63012,-2.0324,-0.697036][0.578658,-0.00853609,-0.815526][0.916863,0.360132,0][2.68776,-2.09276,-0.505786][0.892624,-0.294141,-0.341619][0.937706,0.365791,0][2.68776,-2.09276,-0.505786][0.892624,-0.294141,-0.341619][0.937706,0.365791,0][2.62112,-2.25945,-0.525026][0.892624,-0.294141,-0.341619][0.943631,0.344868,0][2.57015,-2.21447,-0.708306][0.537719,-0.160528,-0.827701][0.922944,0.341276,0][2.21476,-2.6998,-0.713556][0.757725,-0.551085,-0.349511][0.931192,0.277347,0][2.16319,-2.67632,-0.860506][0.50994,-0.235217,-0.827426][0.914854,0.275271,0][2.57015,-2.21447,-0.708306][0.537719,-0.160528,-0.827701][0.922944,0.341276,0][2.57015,-2.21447,-0.708306][0.537719,-0.160528,-0.827701][0.922944,0.341276,0][2.62112,-2.25945,-0.525026][0.757725,-0.551085,-0.349511][0.943631,0.344868,0][2.21476,-2.6998,-0.713556][0.757725,-0.551085,-0.349511][0.931192,0.277347,0][1.79804,-2.82094,-0.926196][0.398853,-0.830444,-0.388946][0.898636,0.237926,0][1.73406,-2.76287,-1.07185][0.510166,-0.153771,-0.846218][0.880571,0.236608,0][2.16319,-2.67632,-0.860506][0.50994,-0.235217,-0.827426][0.914854,0.275271,0][2.16319,-2.67632,-0.860506][0.50994,-0.235217,-0.827426][0.914854,0.275271,0][2.21476,-2.6998,-0.713556][0.398853,-0.830444,-0.388946][0.931192,0.277347,0][1.79804,-2.82094,-0.926196][0.398853,-0.830444,-0.388946][0.898636,0.237926,0][1.89098,-3.22354,-0.925556][0.683481,-0.0551211,-0.727884][0.949388,0.206099,0][1.73406,-2.76287,-1.07185][0.510166,-0.153771,-0.846218][0.880571,0.236608,0][1.79804,-2.82094,-0.926196][0.901577,0.207543,-0.379586][0.898636,0.237926,0][1.79804,-2.82094,-0.926196][0.901577,0.207543,-0.379586][0.898636,0.237926,0][1.94983,-3.1881,-0.791846][0.901577,0.207543,-0.379586][0.960668,0.216109,0][1.89098,-3.22354,-0.925556][0.683481,-0.0551211,-0.727884][0.949388,0.206099,0][1.8548,-3.46594,-0.907916][0.710312,-0.205959,-0.673081][0.946818,0.140287,0][1.89098,-3.22354,-0.925556][0.683481,-0.0551211,-0.727884][0.949388,0.206099,0][1.94983,-3.1881,-0.791846][0.918511,-0.16384,-0.359853][0.960668,0.216109,0][1.94983,-3.1881,-0.791846][0.918511,-0.16384,-0.359853][0.960668,0.216109,0][1.90082,-3.51187,-0.769176][0.918511,-0.16384,-0.359853][0.956011,0.141178,0][1.8548,-3.46594,-0.907916][0.710312,-0.205959,-0.673081][0.946818,0.140287,0][1.73611,-3.69307,-0.938896][0.619094,-0.248508,-0.74496][0.94802,0.124997,0][1.8548,-3.46594,-0.907916][0.710312,-0.205959,-0.673081][0.946818,0.140287,0][1.90082,-3.51187,-0.769176][0.833017,-0.385523,-0.396806][0.956011,0.141178,0][1.90082,-3.51187,-0.769176][0.833017,-0.385523,-0.396806][0.956011,0.141178,0][1.76181,-3.76799,-0.809646][0.833017,-0.385523,-0.396806][0.956951,0.123187,0][1.73611,-3.69307,-0.938896][0.619094,-0.248508,-0.74496][0.94802,0.124997,0][1.11379,-4.48044,-1.18575][0.622507,-0.302666,-0.721719][0.939719,0.0636516,0][1.73611,-3.69307,-0.938896][0.619094,-0.248508,-0.74496][0.94802,0.124997,0][1.76181,-3.76799,-0.809646][0.775404,-0.505549,-0.378376][0.956951,0.123187,0][1.76181,-3.76799,-0.809646][0.775404,-0.505549,-0.378376][0.956951,0.123187,0][1.11365,-4.53738,-1.08643][0.735292,-0.556086,-0.387445][0.946208,0.0614382,0][1.11379,-4.48044,-1.18575][0.622507,-0.302666,-0.721719][0.939719,0.0636516,0][3.02008,-3.08331,-0.202986][0.480154,-0.112048,-0.869999][0.670581,0.397787,0][2.59985,-3.75696,-0.351536][0.482846,-0.119619,-0.867497][0.669919,0.324011,0][1.94983,-3.1881,-0.791846][0.484902,-0.116095,-0.866829][0.583897,0.329111,0][1.94983,-3.1881,-0.791846][0.484902,-0.116095,-0.866829][0.583897,0.329111,0][1.79804,-2.82094,-0.926196][0.486902,-0.116592,-0.86564][0.550177,0.346905,0][3.02008,-3.08331,-0.202986][0.480154,-0.112048,-0.869999][0.670581,0.397787,0][2.59985,-3.75696,-0.351536][0.482846,-0.119619,-0.867497][0.669919,0.324011,0][2.20415,-4.58145,-0.455726][0.483197,-0.117369,-0.867609][0.675457,0.244632,0][1.90082,-3.51187,-0.769176][0.478134,-0.12148,-0.869845][0.598264,0.30377,0][1.90082,-3.51187,-0.769176][0.478134,-0.12148,-0.869845][0.598264,0.30377,0][1.94983,-3.1881,-0.791846][0.484902,-0.116095,-0.866829][0.583897,0.329111,0][2.59985,-3.75696,-0.351536][0.482846,-0.119619,-0.867497][0.669919,0.324011,0][2.20415,-4.58145,-0.455726][0.483197,-0.117369,-0.867609][0.675457,0.244632,0][1.83226,-4.51031,-0.676876][0.490772,-0.108973,-0.864447][0.65775,0.231218,0][1.76181,-3.76799,-0.809646][0.488688,-0.109396,-0.865573][0.61631,0.277142,0][1.76181,-3.76799,-0.809646][0.488688,-0.109396,-0.865573][0.61631,0.277142,0][1.90082,-3.51187,-0.769176][0.478134,-0.12148,-0.869845][0.598264,0.30377,0][2.20415,-4.58145,-0.455726][0.483197,-0.117369,-0.867609][0.675457,0.244632,0][1.83226,-4.51031,-0.676876][0.490772,-0.108973,-0.864447][0.65775,0.231218,0][1.2323,-4.77955,-0.994566][0.49859,-0.106392,-0.860284][0.625904,0.186493,0][1.11365,-4.53738,-1.08643][0.495463,-0.101658,-0.86266][0.606013,0.195653,0][1.11365,-4.53738,-1.08643][0.495463,-0.101658,-0.86266][0.606013,0.195653,0][1.76181,-3.76799,-0.809646][0.488688,-0.109396,-0.865573][0.61631,0.277142,0][1.83226,-4.51031,-0.676876][0.490772,-0.108973,-0.864447][0.65775,0.231218,0][2.68776,-2.09276,-0.505786][0.448114,-0.12831,-0.884721][0.586645,0.451604,0][3.85728,-1.8653,0.0478837][0.428033,-0.0961391,-0.898635][0.674273,0.536891,0][3.17288,-2.51523,-0.201426][0.460874,-0.116977,-0.879722][0.652324,0.448501,0][3.17288,-2.51523,-0.201426][0.460874,-0.116977,-0.879722][0.652324,0.448501,0][2.62112,-2.25945,-0.525026][0.470723,-0.111602,-0.875194][0.590315,0.435457,0][2.68776,-2.09276,-0.505786][0.448114,-0.12831,-0.884721][0.586645,0.451604,0][2.62112,-2.25945,-0.525026][0.470723,-0.111602,-0.875194][0.590315,0.435457,0][3.17288,-2.51523,-0.201426][0.460874,-0.116977,-0.879722][0.652324,0.448501,0][3.02008,-3.08331,-0.202986][0.480154,-0.112048,-0.869999][0.670581,0.397787,0][3.02008,-3.08331,-0.202986][0.480154,-0.112048,-0.869999][0.670581,0.397787,0][2.21476,-2.6998,-0.713556][0.483537,-0.118476,-0.867269][0.579142,0.379448,0][2.62112,-2.25945,-0.525026][0.470723,-0.111602,-0.875194][0.590315,0.435457,0][3.07143,-1.2349,-0.385446][0.43587,-0.0614631,-0.897908][0.571997,0.538218,0][3.85728,-1.8653,0.0478837][0.428033,-0.0961391,-0.898635][0.674273,0.536891,0][2.76482,-1.5431,-0.525016][0.448764,-0.0633941,-0.891399][0.562286,0.497015,0][2.76482,-1.5431,-0.525016][0.448764,-0.0633941,-0.891399][0.562286,0.497015,0][3.85728,-1.8653,0.0478837][0.428033,-0.0961391,-0.898635][0.674273,0.536891,0][2.75361,-1.679,-0.515756][0.449718,-0.0358411,-0.892451][0.568992,0.486306,0][2.75361,-1.679,-0.515756][0.449718,-0.0358411,-0.892451][0.568992,0.486306,0][3.85728,-1.8653,0.0478837][0.428033,-0.0961391,-0.898635][0.674273,0.536891,0][2.52864,-1.8199,-0.629846][0.448789,-0.108188,-0.887065][0.556954,0.462255,0][2.52864,-1.8199,-0.629846][0.448789,-0.108188,-0.887065][0.556954,0.462255,0][3.85728,-1.8653,0.0478837][0.428033,-0.0961391,-0.898635][0.674273,0.536891,0][2.68776,-2.09276,-0.505786][0.448114,-0.12831,-0.884721][0.586645,0.451604,0][4.06733,-1.0047,0.0684736][0.410916,-0.0612691,-0.909612][0.643391,0.613243,0][3.85728,-1.8653,0.0478837][0.428033,-0.0961391,-0.898635][0.674273,0.536891,0][3.07143,-1.2349,-0.385446][0.43587,-0.0614631,-0.897908][0.571997,0.538218,0][3.07143,-1.2349,-0.385446][0.43587,-0.0614631,-0.897908][0.571997,0.538218,0][3.35373,-0.914696,-0.263036][0.426458,-0.0664481,-0.902063][0.578568,0.578849,0][4.06733,-1.0047,0.0684736][0.410916,-0.0612691,-0.909612][0.643391,0.613243,0][2.21476,-2.6998,-0.713556][0.483537,-0.118476,-0.867269][0.579142,0.379448,0][3.02008,-3.08331,-0.202986][0.480154,-0.112048,-0.869999][0.670581,0.397787,0][1.79804,-2.82094,-0.926196][0.486902,-0.116592,-0.86564][0.550177,0.346905,0][4.90689,0.996404,0.397064][0.372169,0.0194499,-0.927961][0.612329,0.817928,0][4.84343,0.353204,0.359834][0.391347,-0.0124391,-0.920159][0.638732,0.761958,0][4.68937,0.697504,0.301644][0.385465,0.0165569,-0.922574][0.607904,0.78158,0][4.68937,0.697504,0.301644][0.385465,0.0165569,-0.922574][0.607904,0.78158,0][4.84343,0.353204,0.359834][0.391347,-0.0124391,-0.920159][0.638732,0.761958,0][4.4366,0.479804,0.190874][0.385563,0.00764194,-0.92265][0.596943,0.749388,0][4.4366,0.479804,0.190874][0.385563,0.00764194,-0.92265][0.596943,0.749388,0][4.84343,0.353204,0.359834][0.391347,-0.0124391,-0.920159][0.638732,0.761958,0][4.23569,0.200503,0.106224][0.392921,-0.0229871,-0.919285][0.59414,0.715668,0][4.23569,0.200503,0.106224][0.392921,-0.0229871,-0.919285][0.59414,0.715668,0][4.84343,0.353204,0.359834][0.391347,-0.0124391,-0.920159][0.638732,0.761958,0][4.64366,-0.00629616,0.279594][0.397078,-0.0346881,-0.917129][0.639887,0.722085,0][4.02559,-0.123696,0.0178037][0.396072,-0.0268341,-0.917827][0.59325,0.678409,0][4.06733,-1.0047,0.0684736][0.410916,-0.0612691,-0.909612][0.643391,0.613243,0][3.83032,-0.296496,-0.0654564][0.415704,-0.0327681,-0.90891][0.585673,0.65387,0][4.06733,-1.0047,0.0684736][0.410916,-0.0612691,-0.909612][0.643391,0.613243,0][3.52489,-0.726995,-0.189286][0.416522,-0.0298061,-0.908637][0.582857,0.603115,0][3.83032,-0.296496,-0.0654564][0.415704,-0.0327681,-0.90891][0.585673,0.65387,0][3.52489,-0.726995,-0.189286][0.416522,-0.0298061,-0.908637][0.582857,0.603115,0][4.06733,-1.0047,0.0684736][0.410916,-0.0612691,-0.909612][0.643391,0.613243,0][3.35373,-0.914696,-0.263036][0.426458,-0.0664481,-0.902063][0.578568,0.578849,0][6.0285,4.0401,1.07317][0.948193,-0.190482,-0.254258][0.774066,0.034072,0][6.08056,3.9964,1.28341][0.950831,-0.185196,-0.24824][0.777168,0.014112,0][5.56332,2.4768,0.755583][0.944249,-0.251895,-0.211998][0.623232,0.022061,0][5.56332,2.4768,0.755583][0.944249,-0.251895,-0.211998][0.623232,0.022061,0][5.52748,2.5105,0.589853][0.936105,-0.233997,-0.262589][0.62151,0.037665,0][6.0285,4.0401,1.07317][0.948193,-0.190482,-0.254258][0.774066,0.034072,0][5.69216,4.1609,0.950804][0.383085,0.160191,-0.909717][0.772727,0.068661,0][6.0285,4.0401,1.07317][0.383079,0.160173,-0.909723][0.774066,0.034072,0][5.52748,2.5105,0.589853][0.362134,0.136318,-0.922104][0.62151,0.037665,0][5.52748,2.5105,0.589853][0.362134,0.136318,-0.922104][0.62151,0.037665,0][5.10781,2.5788,0.427083][0.350936,0.123525,-0.928216][0.612795,0.077303,0][5.69216,4.1609,0.950804][0.383085,0.160191,-0.909717][0.772727,0.068661,0][5.60642,4.1402,1.10768][-0.829487,0.409574,-0.379738][0.773309,0.085133,0][5.69216,4.1609,0.950804][-0.829688,0.408882,-0.380044][0.772727,0.068661,0][5.10781,2.5788,0.427083][-0.830417,0.425499,-0.359666][0.612795,0.077303,0][5.10781,2.5788,0.427083][-0.830417,0.425499,-0.359666][0.612795,0.077303,0][4.98986,2.5485,0.663013][-0.830926,0.425478,-0.358512][0.613792,0.100931,0][5.60642,4.1402,1.10768][-0.829487,0.409574,-0.379738][0.773309,0.085133,0][5.54747,2.4572,0.879133][-0.379241,-0.0938659,0.920524][0.408636,0.217679,0][6.08056,3.9964,1.28341][-0.374995,-0.111834,0.920256][0.387172,0.085799,0][5.60642,4.1402,1.10768][-0.374995,-0.111834,0.920256][0.34695,0.09729,0][5.60642,4.1402,1.10768][-0.374995,-0.111834,0.920256][0.34695,0.09729,0][4.98986,2.5485,0.663013][-0.374656,-0.108473,0.920797][0.364259,0.236562,0][5.54747,2.4572,0.879133][-0.379241,-0.0938659,0.920524][0.408636,0.217679,0][5.30975,1.7027,0.587194][0.56112,-0.0560321,-0.825836][0.612956,0.898076,0][5.75079,2.4368,0.837053][0.406061,0.154945,-0.900615][0.617048,0.983807,0][5.19502,1.4712,0.528654][0.410204,0.0473299,-0.910765][0.614167,0.872485,0][5.75079,2.4368,0.837053][0.406061,0.154945,-0.900615][0.617048,0.983807,0][5.30975,1.7027,0.587194][0.56112,-0.0560321,-0.825836][0.612956,0.898076,0][5.56332,2.4768,0.755583][0.430187,0.247341,-0.868195][0.598084,0.976812,0][5.19502,1.4712,0.528654][0.410204,0.0473299,-0.910765][0.614167,0.872485,0][5.26868,1.1453,0.544704][0.374763,0.0432299,-0.926112][0.636726,0.849539,0][4.90689,0.996404,0.397064][0.372169,0.0194499,-0.927961][0.612329,0.817928,0][5.19502,1.4712,0.528654][0.410204,0.0473299,-0.910765][0.614167,0.872485,0][5.75079,2.4368,0.837053][0.406061,0.154945,-0.900615][0.617048,0.983807,0][5.26868,1.1453,0.544704][0.374763,0.0432299,-0.926112][0.636726,0.849539,0][5.26868,1.1453,0.544704][0.374763,0.0432299,-0.926112][0.636726,0.849539,0][4.84343,0.353204,0.359834][0.391347,-0.0124391,-0.920159][0.638732,0.761958,0][4.90689,0.996404,0.397064][0.372169,0.0194499,-0.927961][0.612329,0.817928,0][5.75079,2.4368,0.837053][0.406061,0.154945,-0.900615][0.617048,0.983807,0][5.71875,1.0474,0.720484][0.379259,0.0255229,-0.924938][0.681123,0.865658,0][5.26868,1.1453,0.544704][0.374763,0.0432299,-0.926112][0.636726,0.849539,0][5.26868,1.1453,0.544704][0.374763,0.0432299,-0.926112][0.636726,0.849539,0][5.71875,1.0474,0.720484][0.379259,0.0255229,-0.924938][0.681123,0.865658,0][4.84343,0.353204,0.359834][0.391347,-0.0124391,-0.920159][0.638732,0.761958,0][4.84343,0.353204,0.359834][0.391347,-0.0124391,-0.920159][0.638732,0.761958,0][5.71875,1.0474,0.720484][0.379259,0.0255229,-0.924938][0.681123,0.865658,0][5.23874,-0.254196,0.540744][0.39395,-0.0387911,-0.918313][0.703597,0.734637,0][5.23874,-0.254196,0.540744][0.39395,-0.0387911,-0.918313][0.703597,0.734637,0][4.64366,-0.00629616,0.279594][0.397078,-0.0346881,-0.917129][0.639887,0.722085,0][4.84343,0.353204,0.359834][0.391347,-0.0124391,-0.920159][0.638732,0.761958,0][5.99126,0.894303,0.826024][0.378205,0.00555094,-0.925705][0.712629,0.867634,0][5.62339,-0.355996,0.708394][0.385405,-0.0370411,-0.922004][0.742141,0.746537,0][5.23874,-0.254196,0.540744][0.39395,-0.0387911,-0.918313][0.703597,0.734637,0][5.23874,-0.254196,0.540744][0.39395,-0.0387911,-0.918313][0.703597,0.734637,0][5.71875,1.0474,0.720484][0.379259,0.0255229,-0.924938][0.681123,0.865658,0][5.99126,0.894303,0.826024][0.378205,0.00555094,-0.925705][0.712629,0.867634,0][5.91049,2.3511,0.891464][0.384551,0.0803419,-0.919601][0.635233,0.985374,0][5.99126,0.894303,0.826024][0.378205,0.00555094,-0.925705][0.712629,0.867634,0][5.71875,1.0474,0.720484][0.379259,0.0255229,-0.924938][0.681123,0.865658,0][5.71875,1.0474,0.720484][0.379259,0.0255229,-0.924938][0.681123,0.865658,0][5.75079,2.4368,0.837053][0.406061,0.154945,-0.900615][0.617048,0.983807,0][5.91049,2.3511,0.891464][0.384551,0.0803419,-0.919601][0.635233,0.985374,0][4.06733,-1.0047,0.0684736][0.410916,-0.0612691,-0.909612][0.643391,0.613243,0][4.86143,-1.1905,0.440164][0.402831,-0.0640861,-0.913028][0.718759,0.643367,0][4.74898,-1.5622,0.427194][0.411131,-0.0876881,-0.907349][0.730825,0.611707,0][4.74898,-1.5622,0.427194][0.411131,-0.0876881,-0.907349][0.730825,0.611707,0][3.85728,-1.8653,0.0478837][0.428033,-0.0961391,-0.898635][0.674273,0.536891,0][4.06733,-1.0047,0.0684736][0.410916,-0.0612691,-0.909612][0.643391,0.613243,0][4.86143,-1.1905,0.440164][0.402831,-0.0640861,-0.913028][0.718759,0.643367,0][5.0591,-1.4844,0.558534][0.432663,-0.104509,-0.895478][0.748775,0.635249,0][4.74898,-1.5622,0.427194][0.411131,-0.0876881,-0.907349][0.730825,0.611707,0][5.07835,-1.3713,0.554804][0.402679,-0.0713391,-0.912557][0.742733,0.645404,0][5.0591,-1.4844,0.558534][0.432663,-0.104509,-0.895478][0.748775,0.635249,0][4.86143,-1.1905,0.440164][0.402831,-0.0640861,-0.913028][0.718759,0.643367,0][5.24744,-1.6202,0.678054][0.486263,-0.0904781,-0.869116][0.75243,0.649049,0][5.39122,-2.00964,0.796304][0.486263,-0.0904781,-0.869116][0.768426,0.666451,0][5.0591,-1.4844,0.558534][0.432663,-0.104509,-0.895478][0.748775,0.635249,0][5.0591,-1.4844,0.558534][0.432663,-0.104509,-0.895478][0.748775,0.635249,0][5.07835,-1.3713,0.554804][0.402679,-0.0713391,-0.912557][0.742733,0.645404,0][5.24744,-1.6202,0.678054][0.486263,-0.0904781,-0.869116][0.75243,0.649049,0][4.77555,-1.8457,0.473334][0.417511,-0.120208,-0.900685][0.750922,0.594332,0][4.60055,-1.852,0.393534][0.419996,-0.118575,-0.899746][0.736091,0.582429,0][4.74898,-1.5622,0.427194][0.411131,-0.0876881,-0.907349][0.730825,0.611707,0][4.74898,-1.5622,0.427194][0.411131,-0.0876881,-0.907349][0.730825,0.611707,0][5.0591,-1.4844,0.558534][0.432663,-0.104509,-0.895478][0.748775,0.635249,0][4.77555,-1.8457,0.473334][0.417511,-0.120208,-0.900685][0.750922,0.594332,0][1.83226,-4.51031,-0.676876][0.490772,-0.108973,-0.864447][0.65775,0.231218,0][1.53722,-4.86459,-0.782366][0.509476,-0.13492,-0.849842][0.636813,0.197978,0][1.2323,-4.77955,-0.994566][0.49859,-0.106392,-0.860284][0.625904,0.186493,0][1.83226,-4.51031,-0.676876][0.490772,-0.108973,-0.864447][0.65775,0.231218,0][1.87786,-4.78467,-0.618376][0.462428,-0.131043,-0.87692][0.656733,0.216225,0][1.53722,-4.86459,-0.782366][0.509476,-0.13492,-0.849842][0.636813,0.197978,0][1.53722,-4.86459,-0.782366][0.509476,-0.13492,-0.849842][0.636813,0.197978,0][1.28304,-4.88458,-0.953646][0.549752,-0.0267991,-0.834898][0.618705,0.183732,0][1.2323,-4.77955,-0.994566][0.49859,-0.106392,-0.860284][0.625904,0.186493,0][2.20415,-4.58145,-0.455726][0.483197,-0.117369,-0.867609][0.675457,0.244632,0][1.87786,-4.78467,-0.618376][0.462428,-0.131043,-0.87692][0.656733,0.216225,0][1.83226,-4.51031,-0.676876][0.490772,-0.108973,-0.864447][0.65775,0.231218,0][4.64366,-0.00629616,0.279594][0.397078,-0.0346881,-0.917129][0.639887,0.722085,0][4.06733,-1.0047,0.0684736][0.410916,-0.0612691,-0.909612][0.643391,0.613243,0][4.02559,-0.123696,0.0178037][0.396072,-0.0268341,-0.917827][0.59325,0.678409,0][4.02559,-0.123696,0.0178037][0.396072,-0.0268341,-0.917827][0.59325,0.678409,0][4.23569,0.200503,0.106224][0.392921,-0.0229871,-0.919285][0.59414,0.715668,0][4.64366,-0.00629616,0.279594][0.397078,-0.0346881,-0.917129][0.639887,0.722085,0][4.86143,-1.1905,0.440164][0.402831,-0.0640861,-0.913028][0.718759,0.643367,0][4.06733,-1.0047,0.0684736][0.410916,-0.0612691,-0.909612][0.643391,0.613243,0][4.64366,-0.00629616,0.279594][0.397078,-0.0346881,-0.917129][0.639887,0.722085,0][4.64366,-0.00629616,0.279594][0.397078,-0.0346881,-0.917129][0.639887,0.722085,0][5.23874,-0.254196,0.540744][0.39395,-0.0387911,-0.918313][0.703597,0.734637,0][4.86143,-1.1905,0.440164][0.402831,-0.0640861,-0.913028][0.718759,0.643367,0][5.07835,-1.3713,0.554804][0.402679,-0.0713391,-0.912557][0.742733,0.645404,0][4.86143,-1.1905,0.440164][0.402831,-0.0640861,-0.913028][0.718759,0.643367,0][5.23874,-0.254196,0.540744][0.39395,-0.0387911,-0.918313][0.703597,0.734637,0][5.23874,-0.254196,0.540744][0.39395,-0.0387911,-0.918313][0.703597,0.734637,0][5.62339,-0.355996,0.708394][0.385405,-0.0370411,-0.922004][0.742141,0.746537,0][5.07835,-1.3713,0.554804][0.402679,-0.0713391,-0.912557][0.742733,0.645404,0][6.08056,3.9964,1.28341][0.950831,-0.185196,-0.24824][0.777168,0.014112,0][5.54747,2.4572,0.879133][0.937367,-0.342012,0.066113][0.624044,0.01063,0][5.56332,2.4768,0.755583][0.944249,-0.251895,-0.211998][0.623232,0.022061,0][5.75079,2.4368,0.837053][0.406061,0.154945,-0.900615][0.617048,0.983807,0][5.56332,2.4768,0.755583][0.430187,0.247341,-0.868195][0.598084,0.976812,0][5.54747,2.4572,0.879133][0.133941,0.975894,0.17231][0.597507,0.989293,0][5.54747,2.4572,0.879133][0.133941,0.975894,0.17231][0.597507,0.989293,0][5.70854,2.4242,0.940753][0.133941,0.975894,0.17231][0.614594,0.994588,0][5.75079,2.4368,0.837053][0.406061,0.154945,-0.900615][0.617048,0.983807,0][5.77073,2.3914,0.962113][0.383891,0.886061,0.259852][0.622586,0.995891,0][5.91049,2.3511,0.891464][0.384551,0.0803419,-0.919601][0.635233,0.985374,0][5.75079,2.4368,0.837053][0.406061,0.154945,-0.900615][0.617048,0.983807,0][5.75079,2.4368,0.837053][0.406061,0.154945,-0.900615][0.617048,0.983807,0][5.70854,2.4242,0.940753][0.383891,0.886061,0.259852][0.614594,0.994588,0][5.77073,2.3914,0.962113][0.383891,0.886061,0.259852][0.622586,0.995891,0][5.893,5.1576,1.3481][0.0533941,0.985607,0.160402][0.882948,0.072938,0][6.0372,5.13971,1.40468][0.0533941,0.985607,0.160402][0.886436,0.058161,0][6.04118,5.156,1.30873][0.0533941,0.985607,0.160402][0.876982,0.059173,0][6.04118,5.156,1.30873][0.0533941,0.985607,0.160402][0.876982,0.059173,0][5.93212,5.168,1.26575][0.0533941,0.985607,0.160402][0.87447,0.070281,0][5.893,5.1576,1.3481][0.0533941,0.985607,0.160402][0.882948,0.072938,0][0.687098,-4.78362,-1.18102][-0.501531,0.0928551,0.860142][0.170591,0.744753,0][0.715289,-5.15755,-1.12422][-0.501531,0.0928551,0.860142][0.189801,0.768386,0][1.22652,-4.87412,-0.856726][-0.501531,0.0928551,0.860142][0.217651,0.724911,0][1.22652,-4.87412,-0.856726][-0.501531,0.0928551,0.860142][0.217651,0.724911,0][1.07184,-4.55121,-0.981776][-0.501531,0.0928551,0.860142][0.190672,0.710756,0][0.687098,-4.78362,-1.18102][-0.501531,0.0928551,0.860142][0.170591,0.744753,0][0.715289,-5.15755,-1.12422][0.340607,-0.892739,0.294964][0.598275,0.139187,0][0.7718,-5.16801,-1.22114][0.340607,-0.892739,0.294964][0.591467,0.143726,0][1.28304,-4.88458,-0.953646][0.340607,-0.892739,0.294964][0.618705,0.183732,0][1.28304,-4.88458,-0.953646][0.340607,-0.892739,0.294964][0.618705,0.183732,0][1.22652,-4.87412,-0.856726][0.340607,-0.892739,0.294964][0.624175,0.178353,0][0.715289,-5.15755,-1.12422][0.340607,-0.892739,0.294964][0.598275,0.139187,0][0.629508,-4.44455,-1.2512][-0.501521,0.0928731,0.860146][0.150615,0.724866,0][0.687098,-4.78362,-1.18102][-0.501521,0.0928731,0.860146][0.170591,0.744753,0][1.07184,-4.55121,-0.981776][-0.501521,0.0928731,0.860146][0.190672,0.710756,0][1.07184,-4.55121,-0.981776][-0.501521,0.0928731,0.860146][0.190672,0.710756,0][0.901507,-4.27283,-1.11116][-0.501521,0.0928731,0.860146][0.164468,0.700335,0][0.629508,-4.44455,-1.2512][-0.501521,0.0928731,0.860146][0.150615,0.724866,0][0.725238,-4.48447,-1.40468][-0.319347,0.849216,-0.420535][0.003453,0.994882,0][0.629508,-4.44455,-1.2512][-0.319347,0.849216,-0.420535][0.025895,0.994424,0][0.901507,-4.27283,-1.11116][-0.555718,0.618063,-0.556036][0.025895,0.96849,0][0.901507,-4.27283,-1.11116][-0.555718,0.618063,-0.556036][0.025895,0.96849,0][1.00713,-4.30917,-1.26459][-0.555821,0.617924,-0.556088][0.003453,0.968604,0][0.725238,-4.48447,-1.40468][-0.319347,0.849216,-0.420535][0.003453,0.994882,0][1.11379,-4.48044,-1.18575][0.622507,-0.302666,-0.721719][0.939719,0.0636516,0][0.761779,-4.69357,-1.36133][0.489458,-0.0942141,-0.866922][0.927466,0.0398784,0][0.725238,-4.48447,-1.40468][0.489458,-0.0942141,-0.866923][0.911311,0.031436,0][0.725238,-4.48447,-1.40468][0.489458,-0.0942141,-0.866923][0.911311,0.031436,0][1.00713,-4.30917,-1.26459][0.482615,-0.105535,-0.869451][0.927664,0.063835,0][1.11379,-4.48044,-1.18575][0.622507,-0.302666,-0.721719][0.939719,0.0636516,0][1.11365,-4.53738,-1.08643][0.735292,-0.556086,-0.387445][0.946208,0.0614382,0][0.73849,-4.76523,-1.28057][0.615632,-0.676985,-0.403348][0.932727,0.035781,0][0.761779,-4.69357,-1.36133][0.615631,-0.676985,-0.403348][0.927466,0.0398784,0][0.761779,-4.69357,-1.36133][0.615631,-0.676985,-0.403348][0.927466,0.0398784,0][1.11379,-4.48044,-1.18575][0.622507,-0.302666,-0.721719][0.939719,0.0636516,0][1.11365,-4.53738,-1.08643][0.735292,-0.556086,-0.387445][0.946208,0.0614382,0][1.2323,-4.77955,-0.994566][0.497629,-0.0833181,-0.863379][0.625904,0.186493,0][0.762252,-5.04619,-1.23986][0.497629,-0.0833181,-0.863379][0.585912,0.150794,0][0.73849,-4.76523,-1.28057][0.497629,-0.0833181,-0.863379][0.572737,0.16682,0][0.73849,-4.76523,-1.28057][0.497629,-0.0833181,-0.863379][0.572737,0.16682,0][1.11365,-4.53738,-1.08643][0.497629,-0.0833181,-0.863379][0.606013,0.195653,0][1.2323,-4.77955,-0.994566][0.497629,-0.0833181,-0.863379][0.625904,0.186493,0][1.28304,-4.88458,-0.953646][0.501527,-0.0928521,-0.860145][0.618705,0.183732,0][0.7718,-5.16801,-1.22114][0.501527,-0.0928521,-0.860145][0.591467,0.143726,0][0.762252,-5.04619,-1.23986][0.501527,-0.0928521,-0.860145][0.585912,0.150794,0][0.762252,-5.04619,-1.23986][0.501527,-0.0928521,-0.860145][0.585912,0.150794,0][1.2323,-4.77955,-0.994566][0.501527,-0.0928521,-0.860145][0.625904,0.186493,0][1.28304,-4.88458,-0.953646][0.501527,-0.0928521,-0.860145][0.618705,0.183732,0][0.629508,-4.44455,-1.2512][-0.84868,-0.243025,-0.469768][0.559617,0.560476,0][0.725238,-4.48447,-1.40468][-0.84868,-0.243025,-0.469768][0.538569,0.563179,0][0.761779,-4.69357,-1.36133][-0.84868,-0.243025,-0.469768][0.538515,0.587994,0][0.761779,-4.69357,-1.36133][-0.84868,-0.243025,-0.469768][0.538515,0.587994,0][0.687098,-4.78362,-1.18102][-0.84868,-0.243025,-0.469768][0.559605,0.600691,0][0.629508,-4.44455,-1.2512][-0.84868,-0.243025,-0.469768][0.559617,0.560476,0][0.73849,-4.76523,-1.28057][-0.834149,-0.270576,-0.480609][0.547043,0.597335,0][0.687098,-4.78362,-1.18102][-0.834149,-0.270576,-0.480609][0.559605,0.600691,0][0.761779,-4.69357,-1.36133][-0.834149,-0.270576,-0.480609][0.538515,0.587994,0][0.762252,-5.04619,-1.23986][-0.868583,-0.142244,-0.474689][0.54669,0.629949,0][0.687098,-4.78362,-1.18102][-0.868583,-0.142244,-0.474689][0.559605,0.600691,0][0.73849,-4.76523,-1.28057][-0.868583,-0.142244,-0.474689][0.547043,0.597335,0][0.715289,-5.15755,-1.12422][-0.863281,-0.139606,-0.485031][0.559583,0.644102,0][0.687098,-4.78362,-1.18102][-0.863281,-0.139606,-0.485031][0.559605,0.600691,0][0.762252,-5.04619,-1.23986][-0.863281,-0.139606,-0.485031][0.54669,0.629949,0][0.762252,-5.04619,-1.23986][-0.863281,-0.139606,-0.485031][0.54669,0.629949,0][0.7718,-5.16801,-1.22114][-0.863281,-0.139606,-0.485031][0.546685,0.6441,0][0.715289,-5.15755,-1.12422][-0.863281,-0.139606,-0.485031][0.559583,0.644102,0][2.41698,-3.05945,-0.597026][0.50943,0.0886949,-0.855929][0.237593,0.294943,0][2.43502,-2.86579,-0.559396][0.509836,0.0912699,-0.855416][0.234477,0.294334,0][2.68879,-2.91829,-0.413236][0.51375,0.117304,-0.849883][0.234596,0.299814,0][2.10418,-2.77398,-0.755006][0.508499,0.0828829,-0.857064][0.235014,0.288881,0][2.43502,-2.86579,-0.559396][0.509836,0.0912699,-0.855416][0.234477,0.294334,0][2.41698,-3.05945,-0.597026][0.50943,0.0886949,-0.855929][0.237593,0.294943,0][2.41698,-3.05945,-0.597026][0.50943,0.0886949,-0.855929][0.237593,0.294943,0][2.06032,-3.00798,-0.795456][0.508499,0.0828829,-0.857064][0.238813,0.289415,0][2.10418,-2.77398,-0.755006][0.508499,0.0828829,-0.857064][0.235014,0.288881,0][2.10418,-2.77398,-0.755006][0.513192,0.0197939,-0.858046][0.235014,0.288881,0][2.06032,-3.00798,-0.795456][0.513192,0.0197939,-0.858046][0.238813,0.289415,0][1.73545,-2.87718,-0.977926][0.513192,0.0197939,-0.858046][0.239672,0.267802,0][1.73545,-2.87718,-0.977926][0.513192,0.0197939,-0.858046][0.239672,0.267802,0][1.7709,-2.49921,-0.956816][0.513192,0.0197939,-0.858046][0.235218,0.266352,0][2.10418,-2.77398,-0.755006][0.513192,0.0197939,-0.858046][0.235014,0.288881,0][2.10418,-2.77398,-0.755006][-0.509359,0.00213108,0.860551][0.06307,0.607264,0][2.04115,-3.07125,-0.792016][-0.509359,0.00213108,0.860552][0.047586,0.608359,0][2.39772,-3.11063,-0.580426][-0.509359,0.00213108,0.860551][0.051064,0.628292,0][2.39772,-3.11063,-0.580426][-0.509359,0.00213108,0.860551][0.051064,0.628292,0][2.43502,-2.86579,-0.559396][-0.509359,0.00213108,0.860551][0.063593,0.626578,0][2.10418,-2.77398,-0.755006][-0.509359,0.00213108,0.860551][0.06307,0.607264,0][1.72589,-2.98142,-0.981226][-0.514763,0.00380308,0.857324][0.050199,0.533123,0][2.04115,-3.07125,-0.792016][-0.514763,0.00380308,0.857324][0.047586,0.608359,0][2.10418,-2.77398,-0.755006][-0.514763,0.00380308,0.857324][0.06307,0.607264,0][2.10418,-2.77398,-0.755006][-0.514763,0.00380308,0.857324][0.06307,0.607264,0][1.7709,-2.49921,-0.956816][-0.514763,0.00380308,0.857324][0.069925,0.529129,0][1.72589,-2.98142,-0.981226][-0.514763,0.00380308,0.857324][0.050199,0.533123,0][2.68879,-2.91829,-0.413236][-0.498844,0.00153208,0.86669][0.063181,0.645198,0][2.43502,-2.86579,-0.559396][-0.498844,0.00153208,0.86669][0.063593,0.626578,0][2.39772,-3.11063,-0.580426][-0.498844,0.00153208,0.86669][0.051064,0.628292,0][2.41698,-3.05945,-0.597026][0.648614,-0.444479,-0.617849][0.237593,0.294943,0][2.68879,-2.91829,-0.413236][0.648614,-0.444479,-0.61785][0.234596,0.299814,0][2.39772,-3.11063,-0.580426][0.648614,-0.444479,-0.617849][0.238521,0.295158,0][2.06032,-3.00798,-0.795456][0.446978,-0.297782,-0.843526][0.238813,0.289415,0][2.41698,-3.05945,-0.597026][0.446978,-0.297782,-0.843526][0.237593,0.294943,0][2.39772,-3.11063,-0.580426][0.446978,-0.297782,-0.843526][0.238521,0.295158,0][2.39772,-3.11063,-0.580426][0.446978,-0.297782,-0.843526][0.238521,0.295158,0][2.04115,-3.07125,-0.792016][0.446978,-0.297782,-0.843526][0.239908,0.289577,0][2.06032,-3.00798,-0.795456][0.446978,-0.297782,-0.843526][0.238813,0.289415,0][2.06032,-3.00798,-0.795456][0.478892,-0.0828661,-0.873954][0.238813,0.289415,0][2.04115,-3.07125,-0.792016][0.478892,-0.0828661,-0.873954][0.239908,0.289577,0][1.72589,-2.98142,-0.981226][0.478892,-0.0828661,-0.873954][0.24099,0.268155,0][1.72589,-2.98142,-0.981226][0.478892,-0.0828661,-0.873954][0.24099,0.268155,0][1.73545,-2.87718,-0.977926][0.478892,-0.0828661,-0.873954][0.239672,0.267802,0][2.06032,-3.00798,-0.795456][0.478892,-0.0828661,-0.873954][0.238813,0.289415,0][1.7709,-2.49921,-0.956816][-0.992554,0.0884181,0.08378][0.235218,0.266352,0][1.73545,-2.87718,-0.977926][-0.992554,0.0884181,0.08378][0.239672,0.267802,0][1.72589,-2.98142,-0.981226][-0.992554,0.0884181,0.08378][0.241017,0.267572,0][2.98365,-2.28516,-0.406536][0.46346,0.00811393,-0.886081][0.784386,0.959434,0][2.9456,-1.99183,-0.412876][0.461647,0.00615493,-0.887042][0.773016,0.957211,0][3.2178,-2.13809,-0.264216][0.497663,0.0458569,-0.866157][0.77345,0.989024,0][2.9456,-1.99183,-0.412876][0.461647,0.00615493,-0.887042][0.773016,0.957211,0][2.98365,-2.28516,-0.406536][0.46346,0.00811393,-0.886081][0.784386,0.959434,0][2.45678,-2.30694,-0.666096][0.458541,0.00280693,-0.888669][0.790016,0.889418,0][2.45678,-2.30694,-0.666096][0.458541,0.00280693,-0.888669][0.790016,0.889418,0][2.4177,-1.7522,-0.696876][0.458541,0.00280693,-0.888669][0.773768,0.884128,0][2.9456,-1.99183,-0.412876][0.461647,0.00615493,-0.887042][0.773016,0.957211,0][2.40834,-2.38379,-0.636636][-0.440816,0.0946561,0.892593][0.737041,0.865136,0][2.94359,-2.33064,-0.375826][-0.440816,0.0946561,0.892593][0.73797,0.96741,0][2.9456,-1.99183,-0.412876][-0.440816,0.0946561,0.892593][0.751434,0.965567,0][2.9456,-1.99183,-0.412876][-0.440816,0.0946561,0.892593][0.751434,0.965567,0][2.4177,-1.7522,-0.696876][-0.440816,0.0946561,0.892593][0.758239,0.860843,0][2.40834,-2.38379,-0.636636][-0.440816,0.0946561,0.892593][0.737041,0.865136,0][3.2178,-2.13809,-0.264216][-0.434759,0.100438,0.894928][0.750992,0.985578,0][2.9456,-1.99183,-0.412876][-0.434759,0.100438,0.894928][0.751434,0.965567,0][2.94359,-2.33064,-0.375826][-0.434759,0.100438,0.894928][0.73797,0.96741,0][2.98365,-2.28516,-0.406536][0.624501,-0.73274,-0.270353][0.784386,0.959434,0][3.2178,-2.13809,-0.264216][0.624501,-0.73274,-0.270353][0.77345,0.989024,0][2.94359,-2.33064,-0.375826][0.624501,-0.73274,-0.270353][0.787771,0.960217,0][2.94359,-2.33064,-0.375826][0.381392,-0.61534,-0.689853][0.787771,0.960217,0][2.40834,-2.38379,-0.636636][0.381392,-0.61534,-0.689853][0.794827,0.890706,0][2.45678,-2.30694,-0.666096][0.381392,-0.61534,-0.689853][0.790016,0.889418,0][2.45678,-2.30694,-0.666096][0.381392,-0.61534,-0.689853][0.790016,0.889418,0][2.98365,-2.28516,-0.406536][0.381392,-0.61534,-0.689853][0.784386,0.959434,0][2.94359,-2.33064,-0.375826][0.381392,-0.61534,-0.689853][0.787771,0.960217,0][2.4177,-1.7522,-0.696876][-0.42237,-0.0798559,-0.902899][0.773768,0.884128,0][2.45678,-2.30694,-0.666096][-0.42237,-0.0798559,-0.902899][0.790016,0.889418,0][2.40834,-2.38379,-0.636636][-0.42237,-0.0798559,-0.902899][0.794926,0.888578,0][2.59398,-2.81015,-0.532556][0.498808,-0.0175071,-0.866536][0.116714,0.181698,0][2.64563,-2.52174,-0.500456][0.496294,-0.0182221,-0.867963][0.113618,0.181093,0][2.8528,-2.75018,-0.364756][0.5447,-0.00419108,-0.838621][0.113737,0.186535,0][2.38763,-2.25358,-0.661486][0.490938,-0.0197411,-0.870971][0.114355,0.153307,0][2.64563,-2.52174,-0.500456][0.496294,-0.0182221,-0.867963][0.113618,0.181093,0][2.59398,-2.81015,-0.532556][0.498808,-0.0175071,-0.866536][0.116714,0.181698,0][2.59398,-2.81015,-0.532556][0.498808,-0.0175071,-0.866536][0.116714,0.181698,0][2.08752,-2.66028,-0.811896][0.490938,-0.0197411,-0.870971][0.118778,0.154747,0][2.38763,-2.25358,-0.661486][0.490938,-0.0197411,-0.870971][0.114355,0.153307,0][2.54006,-2.8454,-0.509546][-0.472342,0.103087,0.875366][0.051873,0.495418,0][2.64563,-2.52174,-0.500456][-0.472342,0.103087,0.875366][0.064041,0.493752,0][2.38763,-2.25358,-0.661486][-0.472342,0.103087,0.875366][0.070191,0.399108,0][2.38763,-2.25358,-0.661486][-0.472342,0.103087,0.875366][0.070191,0.399108,0][2.02573,-2.72528,-0.810986][-0.472342,0.103087,0.875366][0.051034,0.402987,0][2.54006,-2.8454,-0.509546][-0.472342,0.103087,0.875366][0.051873,0.495418,0][2.8528,-2.75018,-0.364756][-0.447143,0.120962,0.886246][0.063641,0.511837,0][2.64563,-2.52174,-0.500456][-0.447143,0.120962,0.886246][0.064041,0.493752,0][2.54006,-2.8454,-0.509546][-0.447143,0.120962,0.886246][0.051873,0.495418,0][2.59398,-2.81015,-0.532556][0.412351,-0.848019,-0.332911][0.116714,0.181698,0][2.8528,-2.75018,-0.364756][0.412351,-0.84802,-0.332911][0.113737,0.186535,0][2.54006,-2.8454,-0.509546][0.412351,-0.848019,-0.332911][0.117635,0.181911,0][2.54006,-2.8454,-0.509546][0.304377,-0.538878,-0.785471][0.117635,0.181911,0][2.02573,-2.72528,-0.810986][0.304377,-0.538878,-0.785471][0.120087,0.155097,0][2.08752,-2.66028,-0.811896][0.304377,-0.538878,-0.785471][0.118778,0.154747,0][2.08752,-2.66028,-0.811896][0.304377,-0.538878,-0.785471][0.118778,0.154747,0][2.59398,-2.81015,-0.532556][0.304377,-0.538878,-0.785471][0.116714,0.181698,0][2.54006,-2.8454,-0.509546][0.304377,-0.538878,-0.785471][0.117635,0.181911,0][2.38763,-2.25358,-0.661486][-0.67475,0.636229,-0.374065][0.114355,0.153307,0][2.08752,-2.66028,-0.811896][-0.67475,0.636229,-0.374065][0.118778,0.154747,0][2.02573,-2.72528,-0.810986][-0.67475,0.636229,-0.374065][0.128738,0.11693,0][5.45344,-1.6405,0.765434][0.521487,0.0991549,-0.847478][0.227813,0.8318,0][5.54338,-1.4576,0.842174][0.521487,0.0991549,-0.847478][0.225697,0.842624,0][5.75923,-1.6154,0.956544][0.521487,0.0991549,-0.847478][0.244727,0.842211,0][4.98582,-1.2749,0.512814][0.512195,0.0150069,-0.858738][0.133564,0.824584,0][5.12494,-0.988496,0.580894][0.512195,0.0150069,-0.858738][0.128528,0.840052,0][5.54338,-1.4576,0.842174][0.512195,0.0150069,-0.858738][0.225697,0.842624,0][5.54338,-1.4576,0.842174][0.512195,0.0150069,-0.858738][0.225697,0.842624,0][5.45344,-1.6405,0.765434][0.512195,0.0150069,-0.858738][0.227813,0.8318,0][4.98582,-1.2749,0.512814][0.512195,0.0150069,-0.858738][0.133564,0.824584,0][4.91144,-1.3239,0.610024][-0.281107,0.270257,0.920837][0.134385,0.013538,0][5.39334,-1.6578,0.859274][-0.281107,0.270257,0.920837][0.135175,0.10049,0][5.54338,-1.4576,0.842174][-0.281107,0.270257,0.920837][0.146622,0.098924,0][5.54338,-1.4576,0.842174][-0.281107,0.270257,0.920837][0.146622,0.098924,0][5.12494,-0.988496,0.580894][-0.281107,0.270257,0.920837][0.152408,0.009889,0][4.91144,-1.3239,0.610024][-0.281107,0.270257,0.920837][0.134385,0.013538,0][5.75923,-1.6154,0.956544][-0.277049,0.285894,0.917338][0.146246,0.115935,0][5.54338,-1.4576,0.842174][-0.277049,0.285894,0.917338][0.146622,0.098924,0][5.39334,-1.6578,0.859274][-0.277049,0.285894,0.917338][0.135175,0.10049,0][5.45344,-1.6405,0.765434][0.139021,-0.985964,-0.092456][0.227813,0.8318,0][5.75923,-1.6154,0.956544][0.139021,-0.985964,-0.092456][0.244727,0.842211,0][5.39334,-1.6578,0.859274][0.139021,-0.985964,-0.092456][0.228558,0.828579,0][5.45344,-1.6405,0.765434][-0.322989,-0.80054,-0.504791][0.227813,0.8318,0][5.39334,-1.6578,0.859274][-0.322989,-0.80054,-0.504791][0.228558,0.828579,0][4.91144,-1.3239,0.610024][-0.322989,-0.80054,-0.504791][0.13479,0.820005,0][4.91144,-1.3239,0.610024][-0.322989,-0.80054,-0.504791][0.13479,0.820005,0][4.98582,-1.2749,0.512814][-0.322989,-0.80054,-0.504791][0.133564,0.824584,0][5.45344,-1.6405,0.765434][-0.322989,-0.80054,-0.504791][0.227813,0.8318,0][5.12494,-0.988496,0.580894][-0.797648,0.475547,-0.370962][0.128528,0.840052,0][4.98582,-1.2749,0.512814][-0.797648,0.475547,-0.370962][0.133564,0.824584,0][4.91144,-1.3239,0.610024][-0.797648,0.475547,-0.370962][0.132764,0.819911,0][5.85868,3.2127,0.933303][-0.00602296,0.254081,-0.967164][0.552477,0.950971,0][6.00806,3.5515,1.0644][-0.158979,0.286354,-0.944842][0.5511,0.97016,0][6.12966,3.5449,0.994523][-0.158983,0.286353,-0.944842][0.557092,0.971614,0][6.12966,3.5449,0.994523][-0.158983,0.286353,-0.944842][0.557092,0.971614,0][6.13577,3.1349,0.918133][-0.00314996,0.253275,-0.967389][0.567284,0.953866,0][5.85868,3.2127,0.933303][-0.00602296,0.254081,-0.967164][0.552477,0.950971,0][5.99057,2.6298,0.797583][0.116936,0.171246,-0.978264][0.573077,0.927604,0][5.66633,2.7479,0.798433][0.118827,0.169292,-0.978376][0.555031,0.925068,0][5.85868,3.2127,0.933303][-0.00602296,0.254081,-0.967164][0.552477,0.950971,0][5.85868,3.2127,0.933303][-0.00602296,0.254081,-0.967164][0.552477,0.950971,0][6.13577,3.1349,0.918133][-0.00314996,0.253275,-0.967389][0.567284,0.953866,0][5.99057,2.6298,0.797583][0.116936,0.171246,-0.978264][0.573077,0.927604,0][5.66633,2.7479,0.798433][0.118827,0.169292,-0.978376][0.555031,0.925068,0][5.99057,2.6298,0.797583][0.116936,0.171246,-0.978264][0.573077,0.927604,0][5.06514,0.858304,0.416094][0.131366,0.156285,-0.978937][0.577157,0.824931,0][5.06514,0.858304,0.416094][0.131366,0.156285,-0.978937][0.577157,0.824931,0][4.65276,0.977203,0.354214][0.131366,0.156285,-0.978937][0.555997,0.818042,0][5.66633,2.7479,0.798433][0.118827,0.169292,-0.978376][0.555031,0.925068,0][6.12966,3.5449,0.994523][-0.158983,0.286353,-0.944842][0.557092,0.971614,0][6.00806,3.5515,1.0644][-0.158979,0.286354,-0.944842][0.5511,0.97016,0][6.0863,3.6558,1.04699][-0.477615,0.216177,-0.851558][0.55145,0.976394,0][5.85868,3.2127,0.933303][-0.434553,-0.0985309,0.89524][0.98098,0.970541,0][5.66633,2.7479,0.798433][-0.398539,-0.0207579,0.916917][0.980294,0.945241,0][6.02842,2.5814,0.954813][-0.399461,-0.0223979,0.916477][0.960013,0.946675,0][6.02842,2.5814,0.954813][-0.399461,-0.0223979,0.916477][0.960013,0.946675,0][6.16051,3.0976,1.07137][-0.434529,-0.0975449,0.89536][0.964568,0.972787,0][5.85868,3.2127,0.933303][-0.434553,-0.0985309,0.89524][0.98098,0.970541,0][5.13207,0.820904,0.552994][-0.391658,-0.00860194,0.920071][0.963436,0.848118,0][6.02842,2.5814,0.954813][-0.399461,-0.0223979,0.916477][0.960013,0.946675,0][5.66633,2.7479,0.798433][-0.398539,-0.0207579,0.916917][0.980294,0.945241,0][5.66633,2.7479,0.798433][-0.398539,-0.0207579,0.916917][0.980294,0.945241,0][4.65276,0.977203,0.354214][-0.391659,-0.00860194,0.920071][0.989276,0.842886,0][5.13207,0.820904,0.552994][-0.391658,-0.00860194,0.920071][0.963436,0.848118,0][6.0863,3.6558,1.04699][-0.260801,0.346127,0.90121][0.980442,0.994932,0][6.00806,3.5515,1.0644][-0.429234,-0.109827,0.896491][0.981056,0.989206,0][6.11116,3.5274,1.10349][-0.430091,-0.113059,0.895678][0.975765,0.990647,0][5.85868,3.2127,0.933303][-0.434553,-0.0985309,0.89524][0.98098,0.970541,0][6.16051,3.0976,1.07137][-0.434529,-0.0975449,0.89536][0.964568,0.972787,0][6.11116,3.5274,1.10349][-0.430091,-0.113059,0.895678][0.975765,0.990647,0][6.11116,3.5274,1.10349][-0.430091,-0.113059,0.895678][0.975765,0.990647,0][6.00806,3.5515,1.0644][-0.429234,-0.109827,0.896491][0.981056,0.989206,0][5.85868,3.2127,0.933303][-0.434553,-0.0985309,0.89524][0.98098,0.970541,0][6.13577,3.1349,0.918133][0.997697,0.0671329,-0.009697][0.567284,0.953866,0][6.12966,3.5449,0.994523][0.997697,0.0671329,-0.009697][0.557092,0.971614,0][6.11116,3.5274,1.10349][0.997697,0.0671329,-0.009697][0.55963,0.972941,0][6.11116,3.5274,1.10349][0.997697,0.0671329,-0.009697][0.55963,0.972941,0][6.16051,3.0976,1.07137][0.997697,0.0671329,-0.009697][0.571693,0.954885,0][6.13577,3.1349,0.918133][0.997697,0.0671329,-0.009697][0.567284,0.953866,0][6.13577,3.1349,0.918133][0.948253,-0.200244,-0.246412][0.567284,0.953866,0][6.16051,3.0976,1.07137][0.948253,-0.200244,-0.246412][0.571693,0.954885,0][6.02842,2.5814,0.954813][0.872804,-0.3171,-0.371026][0.57828,0.928373,0][6.02842,2.5814,0.954813][0.872804,-0.3171,-0.371026][0.57828,0.928373,0][5.99057,2.6298,0.797583][0.872267,-0.31776,-0.371725][0.573077,0.927604,0][6.13577,3.1349,0.918133][0.948253,-0.200244,-0.246412][0.567284,0.953866,0][5.99057,2.6298,0.797583][0.872267,-0.31776,-0.371725][0.573077,0.927604,0][6.02842,2.5814,0.954813][0.872804,-0.3171,-0.371026][0.57828,0.928373,0][5.13207,0.820904,0.552994][0.8467,-0.347332,-0.403063][0.583422,0.826608,0][5.13207,0.820904,0.552994][0.8467,-0.347332,-0.403063][0.583422,0.826608,0][5.06514,0.858304,0.416094][0.8467,-0.347332,-0.403063][0.577157,0.824931,0][5.99057,2.6298,0.797583][0.872267,-0.31776,-0.371725][0.573077,0.927604,0][4.65276,0.977203,0.354214][-0.255285,-0.957114,-0.136975][0.555997,0.818042,0][5.06514,0.858304,0.416094][-0.255285,-0.957114,-0.136975][0.577157,0.824931,0][5.13207,0.820904,0.552994][-0.255285,-0.957114,-0.136975][0.58355,0.823836,0][6.11116,3.5274,1.10349][0.940707,0.271596,0.203238][0.55963,0.972941,0][6.12966,3.5449,0.994523][0.940707,0.271596,0.203239][0.557092,0.971614,0][6.0863,3.6558,1.04699][0.940707,0.271596,0.203238][0.554635,0.977615,0][6.05909,2.483,0.974183][0.168924,0.210167,-0.962961][0.803695,0.279005,0][6.22488,2.7515,1.07436][0.080047,0.247482,-0.96558][0.801967,0.303051,0][6.30894,2.7303,1.0572][0.081156,0.245894,-0.965893][0.809478,0.304873,0][6.30894,2.7303,1.0572][0.081156,0.245894,-0.965893][0.809478,0.304873,0][6.27434,2.3783,0.987853][0.171781,0.20922,-0.962662][0.822248,0.282633,0][6.05909,2.483,0.974183][0.168924,0.210167,-0.962961][0.803695,0.279005,0][5.84244,2.1057,0.840953][0.25143,0.146358,-0.956746][0.806894,0.246546,0][6.05909,2.483,0.974183][0.168924,0.210167,-0.962961][0.803695,0.279005,0][6.27434,2.3783,0.987853][0.171781,0.20922,-0.962662][0.822248,0.282633,0][6.27434,2.3783,0.987853][0.171781,0.20922,-0.962662][0.822248,0.282633,0][6.08914,1.9571,0.870993][0.25051,0.147336,-0.956837][0.829507,0.249723,0][5.84244,2.1057,0.840953][0.25143,0.146358,-0.956746][0.806894,0.246546,0][5.84244,2.1057,0.840953][0.25143,0.146358,-0.956746][0.806894,0.246546,0][6.08914,1.9571,0.870993][0.25051,0.147336,-0.956837][0.829507,0.249723,0][5.07744,0.575704,0.414184][0.261118,0.136011,-0.955677][0.83462,0.121066,0][5.07744,0.575704,0.414184][0.261118,0.136011,-0.955677][0.83462,0.121066,0][4.75358,0.729303,0.331354][0.261118,0.136011,-0.955677][0.808105,0.112433,0][5.84244,2.1057,0.840953][0.25143,0.146358,-0.956746][0.806894,0.246546,0][6.30894,2.7303,1.0572][0.081156,0.245894,-0.965893][0.809478,0.304873,0][6.22488,2.7515,1.07436][0.080047,0.247482,-0.96558][0.801967,0.303051,0][6.28455,2.8273,1.10789][-0.0688549,0.448259,-0.891248][0.802406,0.310864,0][5.84244,2.1057,0.840953][-0.365514,-0.0554009,0.929156][0.775516,0.794166,0][6.13606,1.9116,0.933923][-0.365396,-0.0562179,0.929153][0.758025,0.795403,0][6.31024,2.3434,1.04985][-0.357182,-0.117369,0.926631][0.761954,0.817922,0][6.31024,2.3434,1.04985][-0.357182,-0.117369,0.926631][0.761954,0.817922,0][6.05909,2.483,0.974183][-0.357305,-0.118118,0.926489][0.776108,0.815985,0][5.84244,2.1057,0.840953][-0.365514,-0.0554009,0.929156][0.775516,0.794166,0][5.14554,0.532404,0.490604][-0.367091,-0.0442959,0.92913][0.760977,0.710407,0][6.13606,1.9116,0.933923][-0.365396,-0.0562179,0.929153][0.758025,0.795403,0][5.84244,2.1057,0.840953][-0.365514,-0.0554009,0.929156][0.775516,0.794166,0][5.84244,2.1057,0.840953][-0.365514,-0.0554009,0.929156][0.775516,0.794166,0][4.75358,0.729303,0.331354][-0.367091,-0.0442959,0.92913][0.783261,0.705895,0][5.14554,0.532404,0.490604][-0.367091,-0.0442959,0.92913][0.760977,0.710407,0][6.28455,2.8273,1.10789][-0.375003,-0.111837,0.920253][0.775643,0.83702,0][6.22488,2.7515,1.07436][-0.360039,-0.12987,0.923854][0.776173,0.832081,0][6.31078,2.7179,1.10529][-0.359924,-0.130008,0.923879][0.771609,0.833325,0][6.05909,2.483,0.974183][-0.357305,-0.118118,0.926489][0.776108,0.815985,0][6.31024,2.3434,1.04985][-0.357182,-0.117369,0.926631][0.761954,0.817922,0][6.31078,2.7179,1.10529][-0.359924,-0.130008,0.923879][0.771609,0.833325,0][6.31078,2.7179,1.10529][-0.359924,-0.130008,0.923879][0.771609,0.833325,0][6.22488,2.7515,1.07436][-0.360039,-0.12987,0.923854][0.776173,0.832081,0][6.05909,2.483,0.974183][-0.357305,-0.118118,0.926489][0.776108,0.815985,0][6.27434,2.3783,0.987853][0.94713,0.00928186,-0.320715][0.822248,0.282633,0][6.30894,2.7303,1.0572][0.94713,0.00928186,-0.320715][0.809478,0.304873,0][6.31078,2.7179,1.10529][0.94713,0.00928186,-0.320715][0.812657,0.306536,0][6.31078,2.7179,1.10529][0.94713,0.00928186,-0.320715][0.812657,0.306536,0][6.31024,2.3434,1.04985][0.94713,0.00928186,-0.320715][0.827773,0.28391,0][6.27434,2.3783,0.987853][0.94713,0.00928186,-0.320715][0.822248,0.282633,0][6.08914,1.9571,0.870993][0.684591,-0.233531,-0.690506][0.829507,0.249723,0][6.27434,2.3783,0.987853][0.773128,-0.158119,-0.614224][0.822248,0.282633,0][6.31024,2.3434,1.04985][0.773128,-0.158119,-0.614224][0.827773,0.28391,0][6.31024,2.3434,1.04985][0.773128,-0.158119,-0.614224][0.827773,0.28391,0][6.13606,1.9116,0.933923][0.684437,-0.233649,-0.690618][0.836027,0.250688,0][6.08914,1.9571,0.870993][0.684591,-0.233531,-0.690506][0.829507,0.249723,0][6.08914,1.9571,0.870993][0.684591,-0.233531,-0.690506][0.829507,0.249723,0][6.13606,1.9116,0.933923][0.684437,-0.233649,-0.690618][0.836027,0.250688,0][5.14554,0.532404,0.490604][0.662411,-0.250196,-0.706126][0.84247,0.123167,0][5.14554,0.532404,0.490604][0.662411,-0.250196,-0.706126][0.84247,0.123167,0][5.07744,0.575704,0.414184][0.662411,-0.250196,-0.706126][0.83462,0.121066,0][6.08914,1.9571,0.870993][0.684591,-0.233531,-0.690506][0.829507,0.249723,0][4.75358,0.729303,0.331354][-0.386887,-0.906563,-0.168705][0.808105,0.112433,0][5.07744,0.575704,0.414184][-0.386887,-0.906563,-0.168705][0.83462,0.121066,0][5.14554,0.532404,0.490604][-0.386887,-0.906563,-0.168705][0.842631,0.119694,0][6.31078,2.7179,1.10529][0.972288,0.232707,0.022454][0.812657,0.306536,0][6.30894,2.7303,1.0572][0.972288,0.232707,0.022454][0.809478,0.304873,0][6.28455,2.8273,1.10789][0.972288,0.232707,0.022454][0.806398,0.312393,0][6.26967,1.9928,0.979764][0.186832,0.163094,-0.968759][0.20671,0.936561,0][6.43751,2.2653,1.07336][0.094239,0.204573,-0.974304][0.23045,0.938266,0][6.52053,2.2421,1.05514][0.095925,0.202142,-0.974647][0.232249,0.930852,0][6.52053,2.2421,1.05514][0.095925,0.202142,-0.974647][0.232249,0.930852,0][6.47619,1.8858,1.00338][0.189904,0.162042,-0.968338][0.210291,0.918242,0][6.26967,1.9928,0.979764][0.186832,0.163094,-0.968759][0.20671,0.936561,0][6.04565,1.6197,0.863334][0.262095,0.109906,-0.958763][0.174663,0.933401,0][6.26967,1.9928,0.979764][0.186832,0.163094,-0.968759][0.20671,0.936561,0][6.47619,1.8858,1.00338][0.189904,0.162042,-0.968338][0.210291,0.918242,0][6.47619,1.8858,1.00338][0.189904,0.162042,-0.968338][0.210291,0.918242,0][6.2852,1.4705,0.901084][0.261238,0.110764,-0.958898][0.177801,0.911076,0][6.04565,1.6197,0.863334][0.262095,0.109906,-0.958763][0.174663,0.933401,0][6.04565,1.6197,0.863334][0.262095,0.109906,-0.958763][0.174663,0.933401,0][6.2852,1.4705,0.901084][0.261238,0.110764,-0.958898][0.177801,0.911076,0][5.26325,0.113104,0.482284][0.270036,0.101925,-0.95744][0.050779,0.906029,0][5.26325,0.113104,0.482284][0.270036,0.101925,-0.95744][0.050779,0.906029,0][4.94515,0.267104,0.395024][0.270037,0.101925,-0.95744][0.042256,0.932206,0][6.04565,1.6197,0.863334][0.262095,0.109906,-0.958763][0.174663,0.933401,0][6.52053,2.2421,1.05514][0.095925,0.202142,-0.974647][0.232249,0.930852,0][6.43751,2.2653,1.07336][0.094239,0.204573,-0.974304][0.23045,0.938266,0][6.49721,2.3425,1.10569][-0.0755369,0.434278,-0.897606][0.238163,0.937832,0][6.04565,1.6197,0.863334][-0.372244,-0.0181399,0.927958][0.781971,0.246603,0][6.33087,1.4268,0.964804][-0.372134,-0.0188909,0.927987][0.755172,0.248498,0][6.51278,1.8523,1.06301][-0.365367,-0.0701109,0.92822][0.761193,0.282999,0][6.51278,1.8523,1.06301][-0.365367,-0.0701109,0.92822][0.761193,0.282999,0][6.26967,1.9928,0.979764][-0.365412,-0.07128,0.928113][0.782878,0.280031,0][6.04565,1.6197,0.863334][-0.372244,-0.0181399,0.927958][0.781971,0.246603,0][5.32969,0.071104,0.559284][-0.373504,-0.00943594,0.927581][0.759696,0.118276,0][6.33087,1.4268,0.964804][-0.372134,-0.0188909,0.927987][0.755172,0.248498,0][6.04565,1.6197,0.863334][-0.372244,-0.0181399,0.927958][0.781971,0.246603,0][6.04565,1.6197,0.863334][-0.372244,-0.0181399,0.927958][0.781971,0.246603,0][4.94515,0.267104,0.395024][-0.373504,-0.00943594,0.927581][0.793839,0.111362,0][5.32969,0.071104,0.559284][-0.373504,-0.00943594,0.927581][0.759696,0.118276,0][6.49721,2.3425,1.10569][-0.363694,-0.106306,0.925433][0.782165,0.31226,0][6.43751,2.2653,1.07336][-0.365959,-0.0906829,0.926202][0.782978,0.304694,0][6.52288,2.2306,1.10293][-0.365981,-0.0905299,0.926209][0.775986,0.306598,0][6.26967,1.9928,0.979764][-0.365412,-0.07128,0.928113][0.782878,0.280031,0][6.51278,1.8523,1.06301][-0.365367,-0.0701109,0.92822][0.761193,0.282999,0][6.52288,2.2306,1.10293][-0.365981,-0.0905299,0.926209][0.775986,0.306598,0][6.52288,2.2306,1.10293][-0.365981,-0.0905299,0.926209][0.775986,0.306598,0][6.43751,2.2653,1.07336][-0.365959,-0.0906829,0.926202][0.782978,0.304694,0][6.26967,1.9928,0.979764][-0.365412,-0.07128,0.928113][0.782878,0.280031,0][6.47619,1.8858,1.00338][0.936295,-0.0256721,-0.350274][0.210291,0.918242,0][6.52053,2.2421,1.05514][0.936295,-0.0256721,-0.350274][0.232249,0.930852,0][6.52288,2.2306,1.10293][0.936295,-0.0256721,-0.350274][0.23389,0.927712,0][6.52288,2.2306,1.10293][0.936295,-0.0256721,-0.350274][0.23389,0.927712,0][6.51278,1.8523,1.06301][0.936295,-0.0256721,-0.350274][0.211553,0.912789,0][6.47619,1.8858,1.00338][0.936295,-0.0256721,-0.350274][0.210291,0.918242,0][6.2852,1.4705,0.901084][0.679606,-0.263941,-0.684449][0.177801,0.911076,0][6.47619,1.8858,1.00338][0.758806,-0.187804,-0.623653][0.210291,0.918242,0][6.51278,1.8523,1.06301][0.758806,-0.187804,-0.623654][0.211553,0.912789,0][6.51278,1.8523,1.06301][0.758806,-0.187804,-0.623654][0.211553,0.912789,0][6.33087,1.4268,0.964804][0.679617,-0.263931,-0.684442][0.178753,0.90464,0][6.2852,1.4705,0.901084][0.679606,-0.263941,-0.684449][0.177801,0.911076,0][6.2852,1.4705,0.901084][0.679606,-0.263941,-0.684449][0.177801,0.911076,0][6.33087,1.4268,0.964804][0.679617,-0.263931,-0.684442][0.178753,0.90464,0][5.32969,0.071104,0.559284][0.660177,-0.280611,-0.696723][0.052854,0.898278,0][5.32969,0.071104,0.559284][0.660177,-0.280611,-0.696723][0.052854,0.898278,0][5.26325,0.113104,0.482284][0.660177,-0.280611,-0.696723][0.050779,0.906029,0][6.2852,1.4705,0.901084][0.679606,-0.263941,-0.684449][0.177801,0.911076,0][4.94515,0.267104,0.395024][-0.397137,-0.905355,-0.15038][0.042256,0.932206,0][5.26325,0.113104,0.482284][-0.397137,-0.905355,-0.15038][0.050779,0.906029,0][5.32969,0.071104,0.559284][-0.397137,-0.905355,-0.15038][0.049425,0.89812,0][6.52288,2.2306,1.10293][0.974703,0.223433,0.00567][0.23389,0.927712,0][6.52053,2.2421,1.05514][0.974703,0.223433,0.00567][0.232249,0.930852,0][6.49721,2.3425,1.10569][0.974703,0.223434,0.00567][0.239673,0.933892,0][6.78428,0.593404,1.13207][0.257483,0.141238,-0.955905][0.205572,0.988949,0][7.06134,0.733804,1.23869][0.188214,0.214816,-0.958347][0.229148,0.990642,0][7.12262,0.674503,1.21558][0.188457,0.212298,-0.958861][0.230936,0.983279,0][7.12262,0.674503,1.21558][0.188457,0.212298,-0.958861][0.230936,0.983279,0][6.91272,0.398404,1.14016][0.259248,0.139709,-0.955653][0.209128,0.970757,0][6.78428,0.593404,1.13207][0.257483,0.141238,-0.955905][0.205572,0.988949,0][6.54974,0.148404,1.00679][0.325937,0.098483,-0.940248][0.176861,0.963639,0][6.41179,0.395304,0.990534][0.327029,0.0979609,-0.939923][0.173746,0.985812,0][6.78428,0.593404,1.13207][0.257483,0.141238,-0.955905][0.205572,0.988949,0][6.78428,0.593404,1.13207][0.257483,0.141238,-0.955905][0.205572,0.988949,0][6.91272,0.398404,1.14016][0.259248,0.139709,-0.955653][0.209128,0.970757,0][6.54974,0.148404,1.00679][0.325937,0.098483,-0.940248][0.176861,0.963639,0][6.41179,0.395304,0.990534][0.327029,0.0979609,-0.939923][0.173746,0.985812,0][6.54974,0.148404,1.00679][0.325937,0.098483,-0.940248][0.176861,0.963639,0][5.04089,-0.491897,0.411524][0.335053,0.0941079,-0.937488][0.050713,0.958627,0][5.04089,-0.491897,0.411524][0.335053,0.0941079,-0.937488][0.050713,0.958627,0][4.83304,-0.203197,0.357954][0.335053,0.0941079,-0.937488][0.042249,0.984625,0][6.41179,0.395304,0.990534][0.327029,0.0979609,-0.939923][0.173746,0.985812,0][7.12262,0.674503,1.21558][0.188457,0.212298,-0.958861][0.230936,0.983279,0][7.06134,0.733804,1.23869][0.188214,0.214816,-0.958347][0.229148,0.990642,0][7.15058,0.766704,1.27345][0.152245,0.491619,-0.857399][0.236809,0.990211,0][6.41179,0.395304,0.990534][-0.380507,0.0403571,0.923897][0.175491,0.860462,0][6.56663,0.0821037,1.06467][-0.380216,0.0402131,0.924023][0.177372,0.887073,0][6.92742,0.346304,1.19578][-0.366747,0.0312521,0.929796][0.211632,0.881095,0][6.92742,0.346304,1.19578][-0.366747,0.0312521,0.929796][0.211632,0.881095,0][6.78428,0.593404,1.13207][-0.366729,0.0308681,0.929816][0.208685,0.859561,0][6.41179,0.395304,0.990534][-0.380507,0.0403571,0.923897][0.175491,0.860462,0][5.07571,-0.569696,0.479464][-0.383039,0.0416091,0.922795][0.048064,0.88258,0][6.56663,0.0821037,1.06467][-0.380216,0.0402131,0.924023][0.177372,0.887073,0][6.41179,0.395304,0.990534][-0.380507,0.0403571,0.923897][0.175491,0.860462,0][6.41179,0.395304,0.990534][-0.380507,0.0403571,0.923897][0.175491,0.860462,0][4.83304,-0.203197,0.357954][-0.383039,0.0416091,0.922795][0.0412,0.848677,0][5.07571,-0.569696,0.479464][-0.383039,0.0416091,0.922795][0.048064,0.88258,0][7.15058,0.766704,1.27345][-0.366271,0.0105341,0.930448][0.240687,0.860269,0][7.06134,0.733804,1.23869][-0.366369,0.0230241,0.930185][0.233174,0.859462,0][7.11883,0.659103,1.26217][-0.36637,0.0231361,0.930182][0.235065,0.866405,0][6.78428,0.593404,1.13207][-0.366729,0.0308681,0.929816][0.208685,0.859561,0][6.92742,0.346304,1.19578][-0.366747,0.0312521,0.929796][0.211632,0.881095,0][7.11883,0.659103,1.26217][-0.36637,0.0231361,0.930182][0.235065,0.866405,0][7.11883,0.659103,1.26217][-0.36637,0.0231361,0.930182][0.235065,0.866405,0][7.06134,0.733804,1.23869][-0.366369,0.0230241,0.930185][0.233174,0.859462,0][6.78428,0.593404,1.13207][-0.366729,0.0308681,0.929816][0.208685,0.859561,0][6.91272,0.398404,1.14016][0.80305,-0.454372,-0.385561][0.209128,0.970757,0][7.12262,0.674503,1.21558][0.80305,-0.454372,-0.385561][0.230936,0.983279,0][7.11883,0.659103,1.26217][0.80305,-0.454372,-0.385561][0.232565,0.980162,0][7.11883,0.659103,1.26217][0.80305,-0.454372,-0.385561][0.232565,0.980162,0][6.92742,0.346304,1.19578][0.80305,-0.454372,-0.385561][0.210382,0.96534,0][6.91272,0.398404,1.14016][0.80305,-0.454372,-0.385561][0.209128,0.970757,0][6.54974,0.148404,1.00679][0.507414,-0.469192,-0.722766][0.176861,0.963639,0][6.91272,0.398404,1.14016][0.580393,-0.477824,-0.659415][0.209128,0.970757,0][6.92742,0.346304,1.19578][0.580393,-0.477824,-0.659415][0.210382,0.96534,0][6.92742,0.346304,1.19578][0.580393,-0.477824,-0.659415][0.210382,0.96534,0][6.56663,0.0821037,1.06467][0.507912,-0.469264,-0.722369][0.177808,0.957248,0][6.54974,0.148404,1.00679][0.507414,-0.469192,-0.722766][0.176861,0.963639,0][6.54974,0.148404,1.00679][0.507414,-0.469192,-0.722766][0.176861,0.963639,0][6.56663,0.0821037,1.06467][0.507912,-0.469264,-0.722369][0.177808,0.957248,0][5.07571,-0.569696,0.479464][0.490606,-0.466683,-0.735875][0.052774,0.95093,0][5.07571,-0.569696,0.479464][0.490606,-0.466683,-0.735875][0.052774,0.95093,0][5.04089,-0.491897,0.411524][0.490606,-0.466683,-0.735875][0.050713,0.958627,0][6.54974,0.148404,1.00679][0.507414,-0.469192,-0.722766][0.176861,0.963639,0][4.83304,-0.203197,0.357954][-0.747983,-0.593654,-0.29681][0.042249,0.984625,0][5.04089,-0.491897,0.411524][-0.747983,-0.593654,-0.29681][0.050713,0.958627,0][5.07571,-0.569696,0.479464][-0.747983,-0.593654,-0.29681][0.049368,0.950773,0][7.11883,0.659103,1.26217][0.959467,-0.281422,-0.014968][0.232565,0.980162,0][7.12262,0.674503,1.21558][0.959467,-0.281422,-0.014968][0.230936,0.983279,0][7.15058,0.766704,1.27345][0.959467,-0.281422,-0.014968][0.238308,0.986299,0][6.41479,1.1287,0.987524][0.232346,0.160784,-0.959252][0.070192,0.687372,0][6.62673,1.2821,1.07505][0.154944,0.226641,-0.961575][0.071615,0.667559,0][6.68488,1.2402,1.05637][0.155594,0.224041,-0.962079][0.065427,0.666057,0][6.68488,1.2402,1.05637][0.155594,0.224041,-0.962079][0.065427,0.666057,0][6.54553,0.982803,0.996324][0.234531,0.159263,-0.958974][0.054903,0.684383,0][6.41479,1.1287,0.987524][0.232346,0.160784,-0.959252][0.070192,0.687372,0][6.1305,0.915004,0.872994][0.303243,0.11652,-0.945763][0.067555,0.714117,0][6.41479,1.1287,0.987524][0.232346,0.160784,-0.959252][0.070192,0.687372,0][6.54553,0.982803,0.996324][0.234531,0.159263,-0.958974][0.054903,0.684383,0][6.54553,0.982803,0.996324][0.234531,0.159263,-0.958974][0.054903,0.684383,0][6.27522,0.726503,0.890124][0.302268,0.117086,-0.946005][0.048922,0.7115,0][6.1305,0.915004,0.872994][0.303243,0.11652,-0.945763][0.067555,0.714117,0][6.1305,0.915004,0.872994][0.303243,0.11652,-0.945763][0.067555,0.714117,0][6.27522,0.726503,0.890124][0.302268,0.117086,-0.946005][0.048922,0.7115,0][5.09727,-0.00299644,0.423504][0.311106,0.111946,-0.943759][0.044709,0.817512,0][5.09727,-0.00299644,0.423504][0.311106,0.111946,-0.943759][0.044709,0.817512,0][4.88977,0.212304,0.372424][0.311106,0.111946,-0.943759][0.066558,0.824626,0][6.1305,0.915004,0.872994][0.303243,0.11652,-0.945763][0.067555,0.714117,0][6.68488,1.2402,1.05637][0.155594,0.224041,-0.962079][0.065427,0.666057,0][6.62673,1.2821,1.07505][0.154944,0.226641,-0.961575][0.071615,0.667559,0][6.6965,1.3213,1.10384][0.0784561,0.495194,-0.865233][0.071253,0.661121,0][6.1305,0.915004,0.872994][-0.375638,0.0109971,0.926701][0.092312,0.713793,0][6.29778,0.674603,0.939644][-0.375441,0.0107051,0.926785][0.114679,0.712212,0][6.56432,0.942004,1.04343][-0.365808,-0.00754894,0.93066][0.109656,0.683414,0][6.56432,0.942004,1.04343][-0.365808,-0.00754894,0.93066][0.109656,0.683414,0][6.41479,1.1287,0.987524][-0.365869,-0.00816794,0.930631][0.091555,0.685892,0][6.1305,0.915004,0.872994][-0.375638,0.0109971,0.926701][0.092312,0.713793,0][5.13619,-0.0619965,0.482134][-0.377529,0.0137951,0.925895][0.110903,0.820904,0][6.29778,0.674603,0.939644][-0.375441,0.0107051,0.926785][0.114679,0.712212,0][6.1305,0.915004,0.872994][-0.375638,0.0109971,0.926701][0.092312,0.713793,0][6.1305,0.915004,0.872994][-0.375638,0.0109971,0.926701][0.092312,0.713793,0][4.88977,0.212304,0.372424][-0.377529,0.0137951,0.925895][0.082406,0.826674,0][5.13619,-0.0619965,0.482134][-0.377529,0.0137951,0.925895][0.110903,0.820904,0][6.6965,1.3213,1.10384][-0.366162,-0.0313449,0.930023][0.092149,0.658992,0][6.62673,1.2821,1.07505][-0.366893,-0.0196809,0.930055][0.091472,0.665307,0][6.68361,1.2276,1.09561][-0.3669,-0.0195719,0.930055][0.097307,0.663717,0][6.41479,1.1287,0.987524][-0.365869,-0.00816794,0.930631][0.091555,0.685892,0][6.56432,0.942004,1.04343][-0.365808,-0.00754894,0.93066][0.109656,0.683414,0][6.68361,1.2276,1.09561][-0.3669,-0.0195719,0.930055][0.097307,0.663717,0][6.68361,1.2276,1.09561][-0.3669,-0.0195719,0.930055][0.097307,0.663717,0][6.62673,1.2821,1.07505][-0.366893,-0.0196809,0.930055][0.091472,0.665307,0][6.41479,1.1287,0.987524][-0.365869,-0.00816794,0.930631][0.091555,0.685892,0][6.54553,0.982803,0.996324][0.862929,-0.332306,-0.380692][0.054903,0.684383,0][6.68488,1.2402,1.05637][0.862929,-0.332306,-0.380693][0.065427,0.666057,0][6.68361,1.2276,1.09561][0.862929,-0.332306,-0.380693][0.062807,0.664687,0][6.68361,1.2276,1.09561][0.862929,-0.332306,-0.380693][0.062807,0.664687,0][6.56432,0.942004,1.04343][0.862929,-0.332306,-0.380693][0.050351,0.68333,0][6.54553,0.982803,0.996324][0.862929,-0.332306,-0.380692][0.054903,0.684383,0][6.27522,0.726503,0.890124][0.564027,-0.408125,-0.717849][0.048922,0.7115,0][6.54553,0.982803,0.996324][0.642948,-0.396317,-0.655401][0.054903,0.684383,0][6.56432,0.942004,1.04343][0.642948,-0.396317,-0.655401][0.050351,0.68333,0][6.56432,0.942004,1.04343][0.642948,-0.396317,-0.655401][0.050351,0.68333,0][6.29778,0.674603,0.939644][0.564446,-0.408076,-0.717548][0.04355,0.710704,0][6.27522,0.726503,0.890124][0.564027,-0.408125,-0.717849][0.048922,0.7115,0][6.27522,0.726503,0.890124][0.564027,-0.408125,-0.717849][0.048922,0.7115,0][6.29778,0.674603,0.939644][0.564446,-0.408076,-0.717548][0.04355,0.710704,0][5.13619,-0.0619965,0.482134][0.545697,-0.410181,-0.73073][0.03824,0.815781,0][5.13619,-0.0619965,0.482134][0.545697,-0.410181,-0.73073][0.03824,0.815781,0][5.09727,-0.00299644,0.423504][0.545697,-0.410181,-0.73073][0.044709,0.817512,0][6.27522,0.726503,0.890124][0.564027,-0.408125,-0.717849][0.048922,0.7115,0][4.88977,0.212304,0.372424][-0.662013,-0.700874,-0.265544][0.066558,0.824626,0][5.09727,-0.00299644,0.423504][-0.662013,-0.700874,-0.265544][0.044709,0.817512,0][5.13619,-0.0619965,0.482134][-0.662013,-0.700875,-0.265544][0.038109,0.818643,0][6.68361,1.2276,1.09561][0.990747,-0.135242,-0.011367][0.062807,0.664687,0][6.68488,1.2402,1.05637][0.990747,-0.135242,-0.011367][0.065427,0.666057,0][6.6965,1.3213,1.10384][0.990747,-0.135242,-0.011367][0.067964,0.659861,0][6.4437,0.640404,0.997524][0.278739,0.163766,-0.946301][0.225609,0.808872,0][6.61647,0.699903,1.06447][0.216931,0.239872,-0.946257][0.239624,0.809878,0][6.64846,0.661504,1.04916][0.216878,0.2376,-0.946842][0.240686,0.805501,0][6.64846,0.661504,1.04916][0.216878,0.2376,-0.946842][0.240686,0.805501,0][6.50608,0.516904,0.996194][0.280169,0.162344,-0.946124][0.227724,0.798058,0][6.4437,0.640404,0.997524][0.278739,0.163766,-0.946301][0.225609,0.808872,0][6.27607,0.399004,0.907934][0.336046,0.122374,-0.933862][0.208544,0.793827,0][6.21122,0.554204,0.907164][0.336896,0.121923,-0.933614][0.206692,0.807006,0][6.4437,0.640404,0.997524][0.278739,0.163766,-0.946301][0.225609,0.808872,0][6.4437,0.640404,0.997524][0.278739,0.163766,-0.946301][0.225609,0.808872,0][6.50608,0.516904,0.996194][0.280169,0.162344,-0.946124][0.227724,0.798058,0][6.27607,0.399004,0.907934][0.336046,0.122374,-0.933862][0.208544,0.793827,0][6.21122,0.554204,0.907164][0.336896,0.121923,-0.933614][0.206692,0.807006,0][6.27607,0.399004,0.907934][0.336046,0.122374,-0.933862][0.208544,0.793827,0][5.34477,0.139204,0.535194][0.343224,0.118554,-0.931741][0.133559,0.790848,0][5.34477,0.139204,0.535194][0.343224,0.118554,-0.931741][0.133559,0.790848,0][5.24047,0.326004,0.517154][0.343224,0.118554,-0.931741][0.128528,0.806301,0][6.21122,0.554204,0.907164][0.336896,0.121923,-0.933614][0.206692,0.807006,0][6.64846,0.661504,1.04916][0.216878,0.2376,-0.946842][0.240686,0.805501,0][6.61647,0.699903,1.06447][0.216931,0.239872,-0.946257][0.239624,0.809878,0][6.6713,0.711803,1.08585][0.214,0.510203,-0.833005][0.244178,0.809622,0][6.21122,0.554204,0.907164][-0.375201,0.0206641,0.926713][0.826551,0.940697,0][6.28146,0.356804,0.939714][-0.375051,0.0206691,0.926774][0.810727,0.941815,0][6.51096,0.483404,1.02736][-0.367282,0.0203651,0.929887][0.814281,0.962187,0][6.51096,0.483404,1.02736][-0.367282,0.0203651,0.929887][0.814281,0.962187,0][6.4437,0.640404,0.997524][-0.367192,0.0202781,0.929924][0.827087,0.960434,0][6.21122,0.554204,0.907164][-0.375201,0.0206641,0.926713][0.826551,0.940697,0][5.36063,0.087904,0.571714][-0.376559,0.0206161,0.926163][0.813398,0.864926,0][6.28146,0.356804,0.939714][-0.375051,0.0206691,0.926774][0.810727,0.941815,0][6.21122,0.554204,0.907164][-0.375201,0.0206641,0.926713][0.826551,0.940697,0][6.21122,0.554204,0.907164][-0.375201,0.0206641,0.926713][0.826551,0.940697,0][5.24047,0.326004,0.517154][-0.376559,0.0206161,0.926163][0.833558,0.860843,0][5.36063,0.087904,0.571714][-0.376559,0.0206161,0.926163][0.813398,0.864926,0][6.6713,0.711803,1.08585][-0.365698,0.0127701,0.930646][0.826665,0.979464,0][6.61647,0.699903,1.06447][-0.365436,0.0183111,0.930657][0.827145,0.974996,0][6.64501,0.651403,1.07635][-0.365433,0.0183581,0.930656][0.823017,0.976121,0][6.4437,0.640404,0.997524][-0.367192,0.0202781,0.929924][0.827087,0.960434,0][6.51096,0.483404,1.02736][-0.367282,0.0203651,0.929887][0.814281,0.962187,0][6.64501,0.651403,1.07635][-0.365433,0.0183581,0.930656][0.823017,0.976121,0][6.64501,0.651403,1.07635][-0.365433,0.0183581,0.930656][0.823017,0.976121,0][6.61647,0.699903,1.06447][-0.365436,0.0183111,0.930657][0.827145,0.974996,0][6.4437,0.640404,0.997524][-0.367192,0.0202781,0.929924][0.827087,0.960434,0][6.50608,0.516904,0.996194][0.745425,-0.525351,-0.410302][0.227724,0.798058,0][6.64846,0.661504,1.04916][0.745425,-0.525351,-0.410302][0.240686,0.805501,0][6.64501,0.651403,1.07635][0.745425,-0.525351,-0.410302][0.241655,0.803648,0][6.64501,0.651403,1.07635][0.745425,-0.525351,-0.410302][0.241655,0.803648,0][6.51096,0.483404,1.02736][0.745425,-0.525351,-0.410302][0.228468,0.794839,0][6.50608,0.516904,0.996194][0.745425,-0.525351,-0.410302][0.227724,0.798058,0][6.27607,0.399004,0.907934][0.456458,-0.469412,-0.755843][0.208544,0.793827,0][6.50608,0.516904,0.996194][0.528448,-0.499126,-0.686743][0.227724,0.798058,0][6.51096,0.483404,1.02736][0.528448,-0.499125,-0.686743][0.228468,0.794839,0][6.51096,0.483404,1.02736][0.528448,-0.499125,-0.686743][0.228468,0.794839,0][6.28146,0.356804,0.939714][0.456863,-0.469588,-0.755489][0.209106,0.790028,0][6.27607,0.399004,0.907934][0.456458,-0.469412,-0.755843][0.208544,0.793827,0][6.27607,0.399004,0.907934][0.456458,-0.469412,-0.755843][0.208544,0.793827,0][6.28146,0.356804,0.939714][0.456863,-0.469588,-0.755489][0.209106,0.790028,0][5.36063,0.087904,0.571714][0.439879,-0.462159,-0.77001][0.134784,0.786272,0][5.36063,0.087904,0.571714][0.439879,-0.462159,-0.77001][0.134784,0.786272,0][5.34477,0.139204,0.535194][0.439879,-0.462159,-0.77001][0.133559,0.790848,0][6.27607,0.399004,0.907934][0.456458,-0.469412,-0.755843][0.208544,0.793827,0][5.24047,0.326004,0.517154][-0.810789,-0.484464,-0.328506][0.128528,0.806301,0][5.34477,0.139204,0.535194][-0.810789,-0.484464,-0.328506][0.133559,0.790848,0][5.36063,0.087904,0.571714][-0.810789,-0.484464,-0.328506][0.13276,0.786179,0][6.64501,0.651403,1.07635][0.918213,-0.394971,-0.029698][0.241655,0.803648,0][6.64846,0.661504,1.04916][0.918214,-0.394971,-0.029698][0.240686,0.805501,0][6.6713,0.711803,1.08585][0.918213,-0.394971,-0.029698][0.245068,0.807296,0][6.44614,-0.176597,1.02908][0.191992,0.266793,-0.944437][0.545746,0.134187,0][6.65744,-0.125196,1.11153][0.0579851,0.418379,-0.90642][0.54538,0.116545,0][6.72201,-0.174196,1.04933][0.0604971,0.406097,-0.911825][0.538764,0.115867,0][6.72201,-0.174196,1.04933][0.0604971,0.406097,-0.911825][0.538764,0.115867,0][6.55888,-0.379296,0.997334][0.197908,0.260819,-0.944884][0.528013,0.13093,0][6.44614,-0.176597,1.02908][0.191992,0.266793,-0.944437][0.545746,0.134187,0][6.16228,-0.288596,0.919724][0.324216,0.140139,-0.935545][0.542909,0.160311,0][6.44614,-0.176597,1.02908][0.191992,0.266793,-0.944437][0.545746,0.134187,0][6.55888,-0.379296,0.997334][0.197908,0.260819,-0.944884][0.528013,0.13093,0][6.55888,-0.379296,0.997334][0.197908,0.260819,-0.944884][0.528013,0.13093,0][6.28123,-0.564796,0.897004][0.324621,0.139749,-0.935463][0.518681,0.156835,0][6.16228,-0.288596,0.919724][0.324216,0.140139,-0.935545][0.542909,0.160311,0][6.16228,-0.288596,0.919724][0.324216,0.140139,-0.935545][0.542909,0.160311,0][6.28123,-0.564796,0.897004][0.324621,0.139749,-0.935463][0.518681,0.156835,0][5.13173,-1.0408,0.444514][0.336664,0.128115,-0.932869][0.501464,0.263258,0][5.13173,-1.0408,0.444514][0.336664,0.128115,-0.932869][0.501464,0.263258,0][4.96371,-0.523796,0.427154][0.336664,0.128115,-0.932869][0.545522,0.268076,0][6.16228,-0.288596,0.919724][0.324216,0.140139,-0.935545][0.542909,0.160311,0][6.72201,-0.174196,1.04933][0.0604971,0.406097,-0.911825][0.538764,0.115867,0][6.65744,-0.125196,1.11153][0.0579851,0.418379,-0.90642][0.54538,0.116545,0][6.72571,-0.101096,1.13753][-0.0290979,0.770347,-0.63696][0.542518,0.110268,0][6.16228,-0.288596,0.919724][-0.388396,0.0677761,0.918997][0.6592,0.134129,0][6.27315,-0.610096,0.989214][-0.388401,0.0677771,0.918995][0.665152,0.117991,0][6.54949,-0.413997,1.08776][-0.378258,0.0658991,0.923352][0.641569,0.115646,0][6.54949,-0.413997,1.08776][-0.378258,0.0658991,0.923352][0.641569,0.115646,0][6.44614,-0.176597,1.02908][-0.378082,0.0657981,0.923431][0.640746,0.133598,0][6.16228,-0.288596,0.919724][-0.388396,0.0677761,0.918997][0.6592,0.134129,0][5.13656,-1.0951,0.544154][-0.389734,0.0679801,0.918415][0.722768,0.146026,0][6.27315,-0.610096,0.989214][-0.388401,0.0677771,0.918995][0.665152,0.117991,0][6.16228,-0.288596,0.919724][-0.388396,0.0677761,0.918997][0.6592,0.134129,0][6.16228,-0.288596,0.919724][-0.388396,0.0677761,0.918997][0.6592,0.134129,0][4.96371,-0.523796,0.427154][-0.389734,0.0679801,0.918415][0.704381,0.169636,0][5.13656,-1.0951,0.544154][-0.389734,0.0679801,0.918415][0.722768,0.146026,0][6.72571,-0.101096,1.13753][-0.373574,0.0597331,0.925675][0.614538,0.131587,0][6.65744,-0.125196,1.11153][-0.374891,0.0638431,0.924868][0.621902,0.130716,0][6.69954,-0.181296,1.13214][-0.374895,0.0638541,0.924866][0.620015,0.124653,0][6.44614,-0.176597,1.02908][-0.378082,0.0657981,0.923431][0.640746,0.133598,0][6.54949,-0.413997,1.08776][-0.378258,0.0658991,0.923352][0.641569,0.115646,0][6.69954,-0.181296,1.13214][-0.374895,0.0638541,0.924866][0.620015,0.124653,0][6.69954,-0.181296,1.13214][-0.374895,0.0638541,0.924866][0.620015,0.124653,0][6.65744,-0.125196,1.11153][-0.374891,0.0638431,0.924868][0.621902,0.130716,0][6.44614,-0.176597,1.02908][-0.378082,0.0657981,0.923431][0.640746,0.133598,0][6.55888,-0.379296,0.997334][0.812405,-0.58303,0.008638][0.528013,0.13093,0][6.72201,-0.174196,1.04933][0.812405,-0.58303,0.008638][0.538764,0.115867,0][6.69954,-0.181296,1.13214][0.812405,-0.58303,0.008638][0.535069,0.11187,0][6.69954,-0.181296,1.13214][0.812405,-0.58303,0.008638][0.535069,0.11187,0][6.54949,-0.413997,1.08776][0.812405,-0.583029,0.008638][0.521131,0.127906,0][6.55888,-0.379296,0.997334][0.812405,-0.58303,0.008638][0.528013,0.13093,0][6.28123,-0.564796,0.897004][0.509644,-0.775409,-0.372833][0.518681,0.156835,0][6.55888,-0.379296,0.997334][0.610013,-0.745564,-0.268364][0.528013,0.13093,0][6.54949,-0.413997,1.08776][0.610013,-0.745564,-0.268364][0.521131,0.127906,0][6.54949,-0.413997,1.08776][0.610013,-0.745564,-0.268364][0.521131,0.127906,0][6.27315,-0.610096,0.989214][0.510412,-0.775253,-0.372105][0.510569,0.154704,0][6.28123,-0.564796,0.897004][0.509644,-0.775409,-0.372833][0.518681,0.156835,0][6.28123,-0.564796,0.897004][0.509644,-0.775409,-0.372833][0.518681,0.156835,0][6.27315,-0.610096,0.989214][0.510412,-0.775253,-0.372105][0.510569,0.154704,0][5.13656,-1.0951,0.544154][0.483698,-0.780082,-0.396874][0.492583,0.260702,0][5.13656,-1.0951,0.544154][0.483698,-0.780082,-0.396874][0.492583,0.260702,0][5.13173,-1.0408,0.444514][0.483698,-0.780082,-0.396874][0.501464,0.263258,0][6.28123,-0.564796,0.897004][0.509644,-0.775409,-0.372833][0.518681,0.156835,0][4.22632,-0.754896,0.0955036][-0.939643,-0.314481,-0.134805][0.716172,0.970368,0][4.32184,-1.044,0.104234][-0.939643,-0.314481,-0.134805][0.699062,0.985444,0][4.32426,-1.0752,0.160044][-0.939643,-0.314481,-0.134805][0.716172,0.987477,0][6.69954,-0.181296,1.13214][0.922131,-0.316029,0.223161][0.535069,0.11187,0][6.72201,-0.174196,1.04933][0.922131,-0.316029,0.223161][0.538764,0.115867,0][6.72571,-0.101096,1.13753][0.922131,-0.316029,0.223161][0.542518,0.110268,0][6.13818,-0.844397,0.953334][0.233016,0.364453,-0.901597][0.801825,0.813287,0][6.3941,-0.799196,1.05669][0.117283,0.478561,-0.870187][0.800645,0.82972,0][6.45325,-0.864797,0.984584][0.117283,0.478561,-0.870187][0.805777,0.830966,0][6.45325,-0.864797,0.984584][0.117283,0.478561,-0.870187][0.805777,0.830966,0][6.22095,-1.0346,0.903904][0.234319,0.363073,-0.901816][0.814505,0.815766,0][6.13818,-0.844397,0.953334][0.233016,0.364453,-0.901597][0.801825,0.813287,0][5.87243,-1.1483,0.766524][0.346089,0.272751,-0.89768][0.819466,0.793276,0][5.79293,-0.913997,0.812844][0.347899,0.271614,-0.897325][0.804012,0.791105,0][6.13818,-0.844397,0.953334][0.233016,0.364453,-0.901597][0.801825,0.813287,0][6.13818,-0.844397,0.953334][0.233016,0.364453,-0.901597][0.801825,0.813287,0][6.22095,-1.0346,0.903904][0.234319,0.363073,-0.901816][0.814505,0.815766,0][5.87243,-1.1483,0.766524][0.346089,0.272751,-0.89768][0.819466,0.793276,0][5.79293,-0.913997,0.812844][0.347899,0.271614,-0.897325][0.804012,0.791105,0][5.87243,-1.1483,0.766524][0.346089,0.272751,-0.89768][0.819466,0.793276,0][4.513,-1.3102,0.180654][0.360313,0.263757,-0.894766][0.82296,0.705352,0][4.513,-1.3102,0.180654][0.360313,0.263757,-0.894766][0.82296,0.705352,0][4.38299,-1.0251,0.203064][0.360313,0.263757,-0.894766][0.803887,0.700183,0][5.79293,-0.913997,0.812844][0.347899,0.271614,-0.897325][0.804012,0.791105,0][6.45325,-0.864797,0.984584][0.189204,0.798307,-0.571759][0.805777,0.830966,0][6.3941,-0.799196,1.05669][0.189204,0.798307,-0.571759][0.800645,0.82972,0][6.47381,-0.794497,1.08957][0.189204,0.798307,-0.571759][0.800945,0.835059,0][6.13818,-0.844397,0.953334][-0.389716,0.0928301,0.916244][0.969899,0.412435,0][5.79293,-0.913997,0.812844][-0.400401,0.0859231,0.912303][0.971579,0.440434,0][5.84636,-1.2025,0.864994][-0.400172,0.0860911,0.912388][0.993994,0.438109,0][5.84636,-1.2025,0.864994][-0.400172,0.0860911,0.912388][0.993994,0.438109,0][6.1965,-1.0763,1.00162][-0.389857,0.0928241,0.916185][0.987998,0.40935,0][6.13818,-0.844397,0.953334][-0.389716,0.0928301,0.916244][0.969899,0.412435,0][4.49878,-1.3805,0.285344][-0.402115,0.0846631,0.911667][0.993782,0.547404,0][5.84636,-1.2025,0.864994][-0.400172,0.0860911,0.912388][0.993994,0.438109,0][5.79293,-0.913997,0.812844][-0.400401,0.0859231,0.912303][0.971579,0.440434,0][5.79293,-0.913997,0.812844][-0.400401,0.0859231,0.912303][0.971579,0.440434,0][4.38299,-1.0251,0.203064][-0.402115,0.0846631,0.911667][0.96535,0.554139,0][4.49878,-1.3805,0.285344][-0.402115,0.0846631,0.911667][0.993782,0.547404,0][6.47381,-0.794497,1.08957][-0.384228,0.0908291,0.91876][0.96961,0.385397,0][6.3941,-0.799196,1.05669][-0.386116,0.0928771,0.917763][0.969138,0.391762,0][6.42295,-0.872497,1.07601][-0.386128,0.0928911,0.917756][0.974947,0.389973,0][6.13818,-0.844397,0.953334][-0.389716,0.0928301,0.916244][0.969899,0.412435,0][6.1965,-1.0763,1.00162][-0.389857,0.0928241,0.916185][0.987998,0.40935,0][6.42295,-0.872497,1.07601][-0.386128,0.0928911,0.917756][0.974947,0.389973,0][6.42295,-0.872497,1.07601][-0.386128,0.0928911,0.917756][0.974947,0.389973,0][6.3941,-0.799196,1.05669][-0.386116,0.0928771,0.917763][0.969138,0.391762,0][6.13818,-0.844397,0.953334][-0.389716,0.0928301,0.916244][0.969899,0.412435,0][6.22095,-1.0346,0.903904][0.634999,-0.7723,-0.018135][0.814505,0.815766,0][6.45325,-0.864797,0.984584][0.634999,-0.7723,-0.018135][0.805777,0.830966,0][6.42295,-0.872497,1.07601][0.634999,-0.7723,-0.018135][0.80795,0.832102,0][6.42295,-0.872497,1.07601][0.634999,-0.7723,-0.018135][0.80795,0.832102,0][6.1965,-1.0763,1.00162][0.634999,-0.7723,-0.018135][0.81828,0.81664,0][6.22095,-1.0346,0.903904][0.634999,-0.7723,-0.018135][0.814505,0.815766,0][5.87243,-1.1483,0.766524][0.323985,-0.844078,-0.427278][0.819466,0.793276,0][6.22095,-1.0346,0.903904][0.415516,-0.854803,-0.3109][0.814505,0.815766,0][6.1965,-1.0763,1.00162][0.415516,-0.854803,-0.3109][0.81828,0.81664,0][6.1965,-1.0763,1.00162][0.415516,-0.854803,-0.3109][0.81828,0.81664,0][5.84636,-1.2025,0.864994][0.324671,-0.844222,-0.426473][0.823922,0.793936,0][5.87243,-1.1483,0.766524][0.323985,-0.844078,-0.427278][0.819466,0.793276,0][5.87243,-1.1483,0.766524][0.323985,-0.844078,-0.427278][0.819466,0.793276,0][5.84636,-1.2025,0.864994][0.324671,-0.844222,-0.426473][0.823922,0.793936,0][4.49878,-1.3805,0.285344][0.300767,-0.838691,-0.454024][0.828325,0.706787,0][4.49878,-1.3805,0.285344][0.300767,-0.838691,-0.454024][0.828325,0.706787,0][4.513,-1.3102,0.180654][0.300766,-0.838691,-0.454024][0.82296,0.705352,0][5.87243,-1.1483,0.766524][0.323985,-0.844078,-0.427278][0.819466,0.793276,0][3.84377,-1.1814,-0.0706964][-0.854216,-0.365102,-0.370156][0.805791,0.69872,0][3.8748,-1.2484,-0.0762563][-0.854216,-0.365102,-0.370156][0.82296,0.705352,0][3.87142,-1.2653,-0.0517564][-0.854216,-0.365102,-0.370156][0.828434,0.704414,0][6.42295,-0.872497,1.07601][0.799771,-0.559311,0.218028][0.80795,0.832102,0][6.45325,-0.864797,0.984584][0.799771,-0.559311,0.218028][0.805777,0.830966,0][6.47381,-0.794497,1.08957][0.799771,-0.559311,0.218028][0.803673,0.836104,0][4.96371,-0.523796,0.427154][-0.424838,0.0549521,0.9036][0.704381,0.169636,0][4.22632,-0.754896,0.0955036][-0.424838,0.0549521,0.9036][0.727911,0.204429,0][4.32426,-1.0752,0.160044][-0.424838,0.0549521,0.9036][0.74197,0.193075,0][4.32426,-1.0752,0.160044][-0.424838,0.0549521,0.9036][0.74197,0.193075,0][5.13656,-1.0951,0.544154][-0.424838,0.0549521,0.9036][0.722768,0.146026,0][4.96371,-0.523796,0.427154][-0.424838,0.0549521,0.9036][0.704381,0.169636,0][4.32426,-1.0752,0.160044][0.205124,-0.853509,-0.479006][0.508781,0.332638,0][4.32184,-1.044,0.104234][0.205124,-0.853509,-0.479006][0.513927,0.333697,0][5.13173,-1.0408,0.444514][0.205124,-0.853509,-0.479006][0.501464,0.263258,0][5.13173,-1.0408,0.444514][0.205124,-0.853509,-0.479006][0.501464,0.263258,0][5.13656,-1.0951,0.544154][0.205124,-0.853509,-0.479006][0.492583,0.260702,0][4.32426,-1.0752,0.160044][0.205124,-0.853509,-0.479006][0.508781,0.332638,0][4.32184,-1.044,0.104234][0.384237,0.0959019,-0.91824][0.513927,0.333697,0][4.22632,-0.754896,0.0955036][0.384237,0.0959019,-0.91824][0.538755,0.336782,0][4.96371,-0.523796,0.427154][0.384237,0.0959019,-0.91824][0.545522,0.268076,0][4.96371,-0.523796,0.427154][0.384237,0.0959019,-0.91824][0.545522,0.268076,0][5.13173,-1.0408,0.444514][0.384237,0.0959019,-0.91824][0.501464,0.263258,0][4.32184,-1.044,0.104234][0.384237,0.0959019,-0.91824][0.513927,0.333697,0][4.38299,-1.0251,0.203064][-0.464694,0.0519471,0.883946][0.805791,0.69872,0][3.84377,-1.1814,-0.0706964][-0.464694,0.0519471,0.883946][0.805791,0.69872,0][3.87142,-1.2653,-0.0517564][-0.464694,0.0519471,0.883946][0.828434,0.704414,0][3.87142,-1.2653,-0.0517564][-0.464694,0.0519471,0.883946][0.828434,0.704414,0][4.49878,-1.3805,0.285344][-0.464694,0.0519471,0.883946][0.828434,0.704414,0][4.38299,-1.0251,0.203064][-0.464694,0.0519471,0.883946][0.805791,0.69872,0][3.87142,-1.2653,-0.0517564][0.138035,-0.829489,-0.541197][0.828434,0.704414,0][3.8748,-1.2484,-0.0762563][0.138035,-0.829489,-0.541197][0.82296,0.705352,0][4.513,-1.3102,0.180654][0.138035,-0.829489,-0.541197][0.82296,0.705352,0][4.513,-1.3102,0.180654][0.138035,-0.829489,-0.541197][0.82296,0.705352,0][4.49878,-1.3805,0.285344][0.138035,-0.829489,-0.541197][0.828434,0.704414,0][3.87142,-1.2653,-0.0517564][0.138035,-0.829489,-0.541197][0.828434,0.704414,0][3.8748,-1.2484,-0.0762563][0.38188,0.245509,-0.891007][0.82296,0.705352,0][3.84377,-1.1814,-0.0706964][0.38188,0.245509,-0.891006][0.805791,0.69872,0][4.38299,-1.0251,0.203064][0.38188,0.245509,-0.891006][0.805791,0.69872,0][4.38299,-1.0251,0.203064][0.38188,0.245509,-0.891006][0.805791,0.69872,0][4.513,-1.3102,0.180654][0.38188,0.245509,-0.891007][0.82296,0.705352,0][3.8748,-1.2484,-0.0762563][0.38188,0.245509,-0.891007][0.82296,0.705352,0][4.03276,-1.8186,0.0860136][0.461878,0.0527859,-0.885371][0.351507,0.906093,0][4.01151,-2.0175,0.0642436][0.461715,0.0529819,-0.885445][0.377742,0.90802,0][2.71908,-1.6175,-0.597826][0.466862,0.0467669,-0.883093][0.367998,0.708174,0][4.2152,-1.7112,0.0909936][0.429734,0.0534279,-0.901374][0.284987,0.78935,0][2.72402,-1.5463,-0.620076][0.436602,0.0460759,-0.898474][0.285174,0.985295,0][2.84855,-1.3508,-0.554636][0.436602,0.0460759,-0.898474][0.309734,0.971338,0][2.84855,-1.3508,-0.554636][0.436602,0.0460759,-0.898474][0.309734,0.971338,0][4.19668,-1.4814,0.0988736][0.430695,0.0524029,-0.900975][0.311941,0.793528,0][4.2152,-1.7112,0.0909936][0.429734,0.0534279,-0.901374][0.284987,0.78935,0][2.72402,-1.5463,-0.620076][0.350757,-0.44741,-0.822675][0.285174,0.985295,0][4.2152,-1.7112,0.0909936][0.350757,-0.44741,-0.822675][0.284987,0.78935,0][4.03276,-1.8186,0.0860136][0.350757,-0.44741,-0.822675][0.267999,0.807698,0][4.03276,-1.8186,0.0860136][0.350757,-0.44741,-0.822675][0.267999,0.807698,0][2.71908,-1.6175,-0.597826][0.350757,-0.44741,-0.822675][0.276583,0.984219,0][2.72402,-1.5463,-0.620076][0.350757,-0.44741,-0.822675][0.285174,0.985295,0][4.41877,-1.2857,0.118274][0.397821,0.0662419,-0.915069][0.387792,0.63016,0][2.97936,-1.2481,-0.516376][0.407909,0.0525169,-0.911511][0.432085,0.438699,0][3.72172,-1.1405,-0.185306][0.407909,0.0525169,-0.911511][0.393856,0.533671,0][3.72172,-1.1405,-0.185306][0.407909,0.0525169,-0.911511][0.393856,0.533671,0][4.38127,-1.0733,0.121064][0.3989,0.0647829,-0.914703][0.363163,0.619615,0][4.41877,-1.2857,0.118274][0.397821,0.0662419,-0.915069][0.387792,0.63016,0][4.19668,-1.4814,0.0988736][0.387229,-0.288625,-0.875643][0.419526,0.611063,0][2.84855,-1.3508,-0.554636][0.387229,-0.288625,-0.875643][0.448898,0.425556,0][2.97936,-1.2481,-0.516376][0.387229,-0.288625,-0.875643][0.432085,0.438699,0][2.97936,-1.2481,-0.516376][0.387229,-0.288625,-0.875643][0.432085,0.438699,0][4.41877,-1.2857,0.118274][0.387229,-0.288625,-0.875643][0.387792,0.63016,0][4.19668,-1.4814,0.0988736][0.387229,-0.288625,-0.875643][0.419526,0.611063,0][4.34082,-0.998897,0.0767736][0.401349,0.00835694,-0.915887][0.441721,0.873363,0][3.72172,-1.1405,-0.185306][0.407159,-0.0215021,-0.913104][0.443589,0.795237,0][3.6964,-1.0143,-0.207236][0.407472,-0.0236141,-0.912912][0.428607,0.794479,0][3.6964,-1.0143,-0.207236][0.407472,-0.0236141,-0.912912][0.428607,0.794479,0][4.61136,-0.738696,0.208494][0.354007,0.0364879,-0.934531][0.418617,0.912318,0][4.34082,-0.998897,0.0767736][0.401349,0.00835694,-0.915887][0.441721,0.873363,0][3.90408,-0.632796,-0.148686][0.355615,0.111836,-0.927917][0.52625,0.871692,0][4.53396,-0.450397,0.110874][0.353139,0.0966149,-0.930569][0.528068,0.796576,0][4.63765,-0.679397,0.129654][0.354926,0.0898919,-0.930563][0.501819,0.791704,0][4.63765,-0.679397,0.129654][0.354926,0.0898919,-0.930563][0.501819,0.791704,0][3.68537,-0.959496,-0.264666][0.369696,0.0917709,-0.924609][0.498541,0.905235,0][3.90408,-0.632796,-0.148686][0.355615,0.111836,-0.927917][0.52625,0.871692,0][4.90378,-0.350896,0.261774][0.343019,0.0978609,-0.934217][0.527908,0.753215,0][4.99895,-0.570396,0.272854][0.329017,0.100731,-0.938936][0.50367,0.74959,0][4.63765,-0.679397,0.129654][0.354926,0.0898919,-0.930563][0.501819,0.791704,0][4.63765,-0.679397,0.129654][0.354926,0.0898919,-0.930563][0.501819,0.791704,0][4.53396,-0.450397,0.110874][0.353139,0.0966149,-0.930569][0.528068,0.796576,0][4.90378,-0.350896,0.261774][0.343019,0.0978609,-0.934217][0.527908,0.753215,0][3.6964,-1.0143,-0.207236][0.441227,-0.689914,-0.573879][0.490286,0.903263,0][3.68537,-0.959496,-0.264666][0.437874,-0.679411,-0.588784][0.498541,0.905235,0][4.63765,-0.679397,0.129654][0.435957,-0.721049,-0.538544][0.501819,0.791704,0][4.63765,-0.679397,0.129654][0.435957,-0.721049,-0.538544][0.501819,0.791704,0][4.61136,-0.738696,0.208494][0.438079,-0.718961,-0.539613][0.491027,0.792422,0][3.6964,-1.0143,-0.207236][0.441227,-0.689914,-0.573879][0.490286,0.903263,0][5.17713,0.169703,0.400694][0.290081,0.110686,-0.95058][0.467988,0.235884,0][5.31716,-0.0557966,0.419304][0.289541,0.110779,-0.950733][0.433744,0.237488,0][4.85461,-0.276696,0.244724][0.323707,0.103569,-0.940472][0.445229,0.306143,0][4.85461,-0.276696,0.244724][0.323707,0.103569,-0.940472][0.445229,0.306143,0][4.62793,-0.220396,0.175764][0.304856,0.096149,-0.947533][0.468281,0.327957,0][5.17713,0.169703,0.400694][0.290081,0.110686,-0.95058][0.467988,0.235884,0][4.90378,-0.350896,0.261774][0.343019,0.0978609,-0.934217][0.433555,0.306105,0][4.53396,-0.450397,0.110874][0.353139,0.0966149,-0.930569][0.450576,0.355932,0][4.62793,-0.220396,0.175764][0.304856,0.096149,-0.947533][0.468281,0.327957,0][4.62793,-0.220396,0.175764][0.304856,0.096149,-0.947533][0.468281,0.327957,0][4.85461,-0.276696,0.244724][0.323707,0.103569,-0.940472][0.445229,0.306143,0][4.90378,-0.350896,0.261774][0.343019,0.0978609,-0.934217][0.433555,0.306105,0][5.66011,1.064,0.587744][0.1951,0.12224,-0.973136][0.051606,0.329888,0][5.85181,0.897903,0.603044][0.19615,0.1218,-0.97298][0.075647,0.33438,0][5.36567,0.375804,0.441324][0.246898,0.103968,-0.963448][0.086373,0.264601,0][5.36567,0.375804,0.441324][0.246898,0.103968,-0.963448][0.086373,0.264601,0][5.15925,0.612404,0.408034][0.247365,0.103859,-0.96334][0.055713,0.261905,0][5.66011,1.064,0.587744][0.1951,0.12224,-0.973136][0.051606,0.329888,0][5.85181,0.897903,0.603044][0.704444,-0.487105,-0.516224][0.075647,0.33438,0][5.87498,0.856204,0.683034][0.704444,-0.487105,-0.516224][0.084387,0.336241,0][5.39776,0.323304,0.525664][0.689516,-0.479394,-0.542908][0.096287,0.266404,0][5.39776,0.323304,0.525664][0.689516,-0.479394,-0.542908][0.096287,0.266404,0][5.36567,0.375804,0.441324][0.684948,-0.477011,-0.550733][0.086373,0.264601,0][5.85181,0.897903,0.603044][0.704444,-0.487105,-0.516224][0.075647,0.33438,0][5.14269,0.202204,0.361454][0.585954,-0.385588,-0.712727][0.086971,0.236472,0][5.17713,0.169703,0.400694][0.601022,-0.408089,-0.687194][0.09256,0.238236,0][4.62793,-0.220396,0.175764][0.551572,-0.336464,-0.763257][0.089372,0.170779,0][3.90408,-0.632796,-0.148686][0.355615,0.111836,-0.927917][0.476036,0.442923,0][4.62793,-0.220396,0.175764][0.304856,0.096149,-0.947533][0.468281,0.327957,0][4.53396,-0.450397,0.110874][0.353139,0.0966149,-0.930569][0.450576,0.355932,0][4.63765,-0.679397,0.129654][0.435957,-0.721049,-0.538544][0.501819,0.791704,0][4.99895,-0.570396,0.272854][0.471598,-0.707984,-0.525694][0.50367,0.74959,0][4.99971,-0.624696,0.335034][0.472237,-0.707568,-0.525681][0.495326,0.748143,0][4.99971,-0.624696,0.335034][0.472237,-0.707568,-0.525681][0.495326,0.748143,0][4.61136,-0.738696,0.208494][0.438079,-0.718961,-0.539613][0.491027,0.792422,0][4.63765,-0.679397,0.129654][0.435957,-0.721049,-0.538544][0.501819,0.791704,0][4.61136,-0.738696,0.208494][0.354007,0.0364879,-0.934531][0.418617,0.912318,0][4.99971,-0.624696,0.335034][0.311452,0.077935,-0.947061][0.416043,0.95982,0][4.9837,-0.781796,0.332584][0.31713,0.045573,-0.947286][0.432338,0.9534,0][4.9837,-0.781796,0.332584][0.31713,0.045573,-0.947286][0.432338,0.9534,0][4.67639,-0.920396,0.215944][0.334605,0.0527649,-0.94088][0.439789,0.915409,0][4.61136,-0.738696,0.208494][0.354007,0.0364879,-0.934531][0.418617,0.912318,0][4.34082,-0.998897,0.0767736][0.427778,-0.279301,-0.859649][0.441721,0.873363,0][4.38127,-1.0733,0.121064][0.427778,-0.279301,-0.859649][0.451252,0.877415,0][3.72172,-1.1405,-0.185306][0.427778,-0.279301,-0.859649][0.443589,0.795237,0][5.14269,0.202204,0.361454][0.27793,0.093272,-0.956063][0.086971,0.236472,0][4.68774,0.218404,0.231304][0.286544,0.084259,-0.954355][0.059458,0.200431,0][5.15925,0.612404,0.408034][0.247365,0.103859,-0.96334][0.055713,0.261905,0][5.15925,0.612404,0.408034][0.247365,0.103859,-0.96334][0.055713,0.261905,0][5.36567,0.375804,0.441324][0.246898,0.103968,-0.963448][0.086373,0.264601,0][5.14269,0.202204,0.361454][0.27793,0.093272,-0.956063][0.086971,0.236472,0][5.17713,0.169703,0.400694][0.601022,-0.408089,-0.687194][0.09256,0.238236,0][5.14269,0.202204,0.361454][0.585954,-0.385588,-0.712727][0.086971,0.236472,0][5.36567,0.375804,0.441324][0.684948,-0.477011,-0.550733][0.086373,0.264601,0][5.36567,0.375804,0.441324][0.684948,-0.477011,-0.550733][0.086373,0.264601,0][5.39776,0.323304,0.525664][0.689516,-0.479394,-0.542908][0.096287,0.266404,0][5.17713,0.169703,0.400694][0.601022,-0.408089,-0.687194][0.09256,0.238236,0][5.12295,0.649004,0.368764][0.235833,0.106297,-0.965963][0.496717,0.616119,0][4.69865,0.256504,0.219484][0.268298,0.087824,-0.959324][0.510507,0.561792,0][4.55013,0.538204,0.203154][0.265814,0.091035,-0.959716][0.480625,0.561503,0][4.55013,0.538204,0.203154][0.265814,0.091035,-0.959716][0.480625,0.561503,0][4.8981,0.850504,0.335364][0.237545,0.105874,-0.965589][0.470054,0.60592,0][5.12295,0.649004,0.368764][0.235833,0.106297,-0.965963][0.496717,0.616119,0][5.15925,0.612404,0.408034][0.563465,-0.327347,-0.758519][0.503844,0.614862,0][4.68774,0.218404,0.231304][0.580105,-0.355083,-0.733072][0.513764,0.559693,0][4.69865,0.256504,0.219484][0.566687,-0.332638,-0.753802][0.510507,0.561792,0][4.69865,0.256504,0.219484][0.566687,-0.332638,-0.753802][0.510507,0.561792,0][5.12295,0.649004,0.368764][0.563465,-0.327347,-0.758519][0.496717,0.616119,0][5.15925,0.612404,0.408034][0.563465,-0.327347,-0.758519][0.503844,0.614862,0][4.69865,0.256504,0.219484][0.566687,-0.332638,-0.753802][0.510507,0.561792,0][4.68774,0.218404,0.231304][0.580105,-0.355083,-0.733072][0.513764,0.559693,0][4.29524,-0.110296,0.0776837][0.599461,-0.388798,-0.69963][0.522152,0.509512,0][4.69865,0.256504,0.219484][0.268298,0.087824,-0.959324][0.510507,0.561792,0][4.29524,-0.110296,0.0776837][0.303134,0.099595,-0.947729][0.522152,0.509512,0][4.33615,0.373704,0.123954][0.282646,0.079683,-0.955909][0.485185,0.536248,0][4.33615,0.373704,0.123954][0.282646,0.079683,-0.955909][0.485185,0.536248,0][4.55013,0.538204,0.203154][0.265814,0.091035,-0.959716][0.480625,0.561503,0][4.69865,0.256504,0.219484][0.268298,0.087824,-0.959324][0.510507,0.561792,0][4.29524,-0.110296,0.0776837][0.303134,0.099595,-0.947729][0.522152,0.509512,0][4.02726,-0.329697,-0.0511065][0.340378,0.151037,-0.928079][0.528193,0.47451,0][4.03005,-0.0598965,-0.00495625][0.331831,0.124587,-0.935075][0.504432,0.487705,0][4.03005,-0.0598965,-0.00495625][0.331831,0.124587,-0.935075][0.504432,0.487705,0][4.33615,0.373704,0.123954][0.282646,0.079683,-0.955909][0.485185,0.536248,0][4.29524,-0.110296,0.0776837][0.303134,0.099595,-0.947729][0.522152,0.509512,0][4.29524,-0.110296,0.0776837][0.303134,0.099595,-0.947729][0.062309,0.150039,0][4.62793,-0.220396,0.175764][0.304856,0.096149,-0.947533][0.089372,0.170779,0][4.02726,-0.329697,-0.0511065][0.340378,0.151037,-0.928079][0.063784,0.115557,0][5.66011,1.064,0.587744][0.1951,0.12224,-0.973136][0.051606,0.329888,0][5.90875,1.2987,0.677644][0.062054,0.193519,-0.979132][0.049558,0.364145,0][5.99434,1.2507,0.644224][0.063796,0.188653,-0.979969][0.058928,0.365805,0][5.99434,1.2507,0.644224][0.063796,0.188653,-0.979969][0.058928,0.365805,0][5.85181,0.897903,0.603044][0.19615,0.1218,-0.97298][0.075647,0.33438,0][5.66011,1.064,0.587744][0.1951,0.12224,-0.973136][0.051606,0.329888,0][5.99434,1.2507,0.644224][0.063796,0.188653,-0.979969][0.058928,0.365805,0][5.90875,1.2987,0.677644][0.062054,0.193519,-0.979132][0.049558,0.364145,0][5.99202,1.3621,0.708964][-0.0561459,0.50097,-0.863641][0.052914,0.375384,0][5.85181,0.897903,0.603044][0.928376,-0.302172,-0.216357][0.075647,0.33438,0][5.99434,1.2507,0.644224][0.928376,-0.302172,-0.216357][0.058928,0.365805,0][5.98833,1.2404,0.710584][0.928376,-0.302172,-0.216357][0.064113,0.368967,0][5.98833,1.2404,0.710584][0.928376,-0.302172,-0.216357][0.064113,0.368967,0][5.87498,0.856204,0.683034][0.928376,-0.302172,-0.216357][0.084387,0.336241,0][5.85181,0.897903,0.603044][0.928376,-0.302172,-0.216357][0.075647,0.33438,0][5.98833,1.2404,0.710584][0.995906,-0.0290862,0.085587][0.064113,0.368967,0][5.99434,1.2507,0.644224][0.995906,-0.0290862,0.085587][0.058928,0.365805,0][5.99202,1.3621,0.708964][0.995906,-0.0290862,0.085587][0.052914,0.375384,0][5.20909,1.1879,0.449904][0.166443,0.129449,-0.977517][0.456249,0.647619,0][5.44259,1.4335,0.537064][0.05114,0.189487,-0.980551][0.446131,0.677679,0][5.52984,1.3907,0.504284][0.05309,0.184892,-0.981324][0.454126,0.681528,0][5.52984,1.3907,0.504284][0.05309,0.184892,-0.981324][0.454126,0.681528,0][5.40788,1.0349,0.466284][0.169065,0.128435,-0.977201][0.477112,0.657176,0][5.20909,1.1879,0.449904][0.166443,0.129449,-0.977517][0.456249,0.647619,0][5.12295,0.649004,0.368764][0.235833,0.106297,-0.965963][0.496717,0.616119,0][4.8981,0.850504,0.335364][0.237545,0.105874,-0.965589][0.470054,0.60592,0][5.20909,1.1879,0.449904][0.166443,0.129449,-0.977517][0.456249,0.647619,0][5.20909,1.1879,0.449904][0.166443,0.129449,-0.977517][0.456249,0.647619,0][5.40788,1.0349,0.466284][0.169065,0.128435,-0.977201][0.477112,0.657176,0][5.12295,0.649004,0.368764][0.235833,0.106297,-0.965963][0.496717,0.616119,0][5.52984,1.3907,0.504284][0.05309,0.184892,-0.981324][0.454126,0.681528,0][5.44259,1.4335,0.537064][0.05114,0.189487,-0.980551][0.446131,0.677679,0][5.52173,1.5009,0.567414][-0.0848339,0.49069,-0.867195][0.446273,0.688504,0][5.40788,1.0349,0.466284][0.943121,-0.253493,-0.215092][0.477112,0.657176,0][5.52984,1.3907,0.504284][0.943121,-0.253493,-0.215092][0.454126,0.681528,0][5.52453,1.3807,0.570214][0.943121,-0.253493,-0.215092][0.458007,0.685706,0][5.52453,1.3807,0.570214][0.943121,-0.253493,-0.215092][0.458007,0.685706,0][5.4331,0.995503,0.545894][0.943121,-0.253493,-0.215092][0.483039,0.664937,0][5.40788,1.0349,0.466284][0.943121,-0.253493,-0.215092][0.477112,0.657176,0][5.40788,1.0349,0.466284][0.72536,-0.344703,-0.595846][0.477112,0.657176,0][5.4331,0.995503,0.545894][0.72536,-0.344703,-0.595846][0.483039,0.664937,0][5.15925,0.612404,0.408034][0.725361,-0.344703,-0.595846][0.503844,0.614862,0][5.15925,0.612404,0.408034][0.725361,-0.344703,-0.595846][0.503844,0.614862,0][5.12295,0.649004,0.368764][0.72536,-0.344703,-0.595846][0.496717,0.616119,0][5.40788,1.0349,0.466284][0.72536,-0.344703,-0.595846][0.477112,0.657176,0][5.52453,1.3807,0.570214][0.99615,0.0251738,0.083969][0.458007,0.685706,0][5.52984,1.3907,0.504284][0.99615,0.0251738,0.083969][0.454126,0.681528,0][5.52173,1.5009,0.567414][0.99615,0.0251738,0.083969][0.446273,0.688504,0][5.31716,-0.0557966,0.419304][0.289541,0.110779,-0.950733][0.433744,0.237488,0][5.17713,0.169703,0.400694][0.290081,0.110686,-0.95058][0.467988,0.235884,0][5.51922,0.369103,0.526374][0.266645,0.125167,-0.955633][0.462519,0.18267,0][5.51922,0.369103,0.526374][0.266645,0.125167,-0.955633][0.462519,0.18267,0][5.64906,0.191204,0.534324][0.26658,0.124368,-0.955755][0.434543,0.183031,0][5.31716,-0.0557966,0.419304][0.289541,0.110779,-0.950733][0.433744,0.237488,0][5.85721,0.545403,0.650484][0.268886,0.153818,-0.95081][0.45266,0.132034,0][5.64906,0.191204,0.534324][0.26658,0.124368,-0.955755][0.434543,0.183031,0][5.51922,0.369103,0.526374][0.266645,0.125167,-0.955633][0.462519,0.18267,0][5.85721,0.545403,0.650484][0.851329,-0.382503,-0.359069][0.45266,0.132034,0][5.65807,0.147504,0.602194][0.851329,-0.382503,-0.359069][0.4243,0.182041,0][5.64906,0.191204,0.534324][0.851329,-0.382503,-0.359069][0.434543,0.183031,0][5.31716,-0.0557966,0.419304][0.583551,-0.603245,-0.543658][0.433744,0.237488,0][5.64906,0.191204,0.534324][0.625652,-0.585859,-0.515101][0.434543,0.183031,0][5.65807,0.147504,0.602194][0.625652,-0.585859,-0.515101][0.4243,0.182041,0][5.65807,0.147504,0.602194][0.625652,-0.585859,-0.515101][0.4243,0.182041,0][5.32845,-0.112296,0.490084][0.587712,-0.601634,-0.540955][0.421996,0.238112,0][5.31716,-0.0557966,0.419304][0.583551,-0.603245,-0.543658][0.433744,0.237488,0][4.99895,-0.570396,0.272854][0.329017,0.100731,-0.938936][0.50367,0.74959,0][4.90378,-0.350896,0.261774][0.343019,0.0978609,-0.934217][0.527908,0.753215,0][5.23429,-0.223296,0.389474][0.308628,0.119165,-0.943689][0.530366,0.7159,0][5.23429,-0.223296,0.389474][0.308628,0.119165,-0.943689][0.530366,0.7159,0][5.32662,-0.398796,0.393274][0.308498,0.118594,-0.943803][0.512003,0.713258,0][4.99895,-0.570396,0.272854][0.329017,0.100731,-0.938936][0.50367,0.74959,0][5.55816,-0.116396,0.514604][0.31448,0.145179,-0.938097][0.527637,0.680197,0][5.32662,-0.398796,0.393274][0.308498,0.118594,-0.943803][0.512003,0.713258,0][5.23429,-0.223296,0.389474][0.308628,0.119165,-0.943689][0.530366,0.7159,0][5.55816,-0.116396,0.514604][0.792082,-0.497293,-0.353985][0.527637,0.680197,0][5.32704,-0.440996,0.453464][0.792082,-0.497293,-0.353985][0.505571,0.711605,0][5.32662,-0.398796,0.393274][0.792082,-0.497293,-0.353985][0.512003,0.713258,0][4.99895,-0.570396,0.272854][0.471598,-0.707984,-0.525694][0.50367,0.74959,0][5.32662,-0.398796,0.393274][0.545859,-0.655467,-0.521921][0.512003,0.713258,0][5.32704,-0.440996,0.453464][0.545859,-0.655467,-0.521921][0.505571,0.711605,0][5.32704,-0.440996,0.453464][0.545859,-0.655467,-0.521921][0.505571,0.711605,0][4.99971,-0.624696,0.335034][0.472237,-0.707568,-0.525681][0.495326,0.748143,0][4.99895,-0.570396,0.272854][0.471598,-0.707984,-0.525694][0.50367,0.74959,0][5.39776,0.323304,0.525664][-0.308428,0.8263,-0.471276][0.470259,0.19744,0][5.51922,0.369103,0.526374][-0.308428,0.8263,-0.471276][0.462519,0.18267,0][5.17713,0.169703,0.400694][-0.308428,0.8263,-0.471276][0.467988,0.235884,0][4.85461,-0.276696,0.244724][0.323707,0.103569,-0.940472][0.445229,0.306143,0][5.32845,-0.112296,0.490084][0.435493,0.0826399,-0.896391][0.421996,0.238112,0][4.90378,-0.350896,0.261774][0.343019,0.0978609,-0.934217][0.433555,0.306105,0][4.85461,-0.276696,0.244724][0.518753,-0.625589,-0.582695][0.445229,0.306143,0][5.31716,-0.0557966,0.419304][0.583551,-0.603245,-0.543658][0.433744,0.237488,0][5.32845,-0.112296,0.490084][0.587712,-0.601634,-0.540955][0.421996,0.238112,0][4.99971,-0.624696,0.335034][0.311452,0.077935,-0.947061][0.416043,0.95982,0][5.13693,-0.550996,0.420024][0.291243,0.201353,-0.935219][0.413106,0.980332,0][5.1805,-0.605096,0.395054][0.2924,0.19033,-0.937164][0.4215,0.981568,0][5.1805,-0.605096,0.395054][0.2924,0.19033,-0.937164][0.4215,0.981568,0][4.9837,-0.781796,0.332584][0.31713,0.045573,-0.947286][0.432338,0.9534,0][4.99971,-0.624696,0.335034][0.311452,0.077935,-0.947061][0.416043,0.95982,0][5.1805,-0.605096,0.395054][0.2924,0.19033,-0.937164][0.4215,0.981568,0][5.13693,-0.550996,0.420024][0.291243,0.201353,-0.935219][0.413106,0.980332,0][5.20889,-0.538396,0.449454][0.230697,0.554187,-0.799785][0.414006,0.98947,0][4.9837,-0.781796,0.332584][0.721021,-0.660165,-0.210503][0.432338,0.9534,0][5.1805,-0.605096,0.395054][0.721021,-0.660165,-0.210503][0.4215,0.981568,0][5.16938,-0.613796,0.441924][0.721021,-0.660165,-0.210503][0.42688,0.983159,0][5.16938,-0.613796,0.441924][0.721021,-0.660165,-0.210503][0.42688,0.983159,0][4.98103,-0.820497,0.387364][0.721021,-0.660165,-0.210503][0.439375,0.954544,0][4.9837,-0.781796,0.332584][0.721021,-0.660165,-0.210503][0.432338,0.9534,0][5.16938,-0.613796,0.441924][0.874308,-0.470273,0.120118][0.42688,0.983159,0][5.1805,-0.605096,0.395054][0.874308,-0.470273,0.120118][0.4215,0.981568,0][5.20889,-0.538396,0.449454][0.874308,-0.470273,0.120118][0.422879,0.992073,0][4.69733,-1.0375,0.257594][0.350475,0.135074,-0.926781][0.348538,0.659362,0][4.93101,-1.0168,0.358304][0.293549,0.246951,-0.923496][0.3381,0.688555,0][4.9649,-1.076,0.331244][0.292674,0.24339,-0.924718][0.345663,0.69247,0][4.9649,-1.076,0.331244][0.292674,0.24339,-0.924718][0.345663,0.69247,0][4.74167,-1.2102,0.252304][0.351015,0.134233,-0.926698][0.36781,0.669218,0][4.69733,-1.0375,0.257594][0.350475,0.135074,-0.926781][0.348538,0.659362,0][4.41877,-1.2857,0.118274][0.397821,0.0662419,-0.915069][0.387792,0.63016,0][4.38127,-1.0733,0.121064][0.3989,0.0647829,-0.914703][0.363163,0.619615,0][4.69733,-1.0375,0.257594][0.350475,0.135074,-0.926781][0.348538,0.659362,0][4.69733,-1.0375,0.257594][0.350475,0.135074,-0.926781][0.348538,0.659362,0][4.74167,-1.2102,0.252304][0.351015,0.134233,-0.926698][0.36781,0.669218,0][4.41877,-1.2857,0.118274][0.397821,0.0662419,-0.915069][0.387792,0.63016,0][4.9649,-1.076,0.331244][0.292674,0.24339,-0.924718][0.345663,0.69247,0][4.93101,-1.0168,0.358304][0.293549,0.246951,-0.923496][0.3381,0.688555,0][5.00297,-1.0189,0.390394][0.353392,0.549012,-0.75743][0.338282,0.699113,0][4.74167,-1.2102,0.252304][0.597382,-0.768678,-0.228624][0.36781,0.669218,0][4.9649,-1.076,0.331244][0.597382,-0.768678,-0.228624][0.345663,0.69247,0][4.95064,-1.085,0.377184][0.597382,-0.768678,-0.228624][0.349417,0.696583,0][4.95064,-1.085,0.377184][0.597382,-0.768678,-0.228624][0.349417,0.696583,0][4.72994,-1.2506,0.304384][0.597382,-0.768678,-0.228624][0.374943,0.673157,0][4.74167,-1.2102,0.252304][0.597382,-0.768678,-0.228624][0.36781,0.669218,0][4.41877,-1.2857,0.118274][0.407532,-0.734179,-0.543046][0.387792,0.63016,0][4.74167,-1.2102,0.252304][0.407532,-0.734179,-0.543046][0.36781,0.669218,0][4.72994,-1.2506,0.304384][0.407532,-0.734179,-0.543046][0.374943,0.673157,0][4.72994,-1.2506,0.304384][0.407532,-0.734179,-0.543046][0.374943,0.673157,0][4.4048,-1.3371,0.171064][0.407532,-0.734179,-0.543046][0.39623,0.634119,0][4.41877,-1.2857,0.118274][0.407532,-0.734179,-0.543046][0.387792,0.63016,0][4.95064,-1.085,0.377184][0.767515,-0.63067,0.114783][0.349417,0.696583,0][4.9649,-1.076,0.331244][0.767516,-0.63067,0.114783][0.345663,0.69247,0][5.00297,-1.0189,0.390394][0.767515,-0.63067,0.114783][0.338282,0.699113,0][4.53629,-1.4768,0.253684][0.381979,0.121538,-0.916144][0.316538,0.749438,0][4.78675,-1.4795,0.367864][0.335599,0.237693,-0.911524][0.319595,0.716677,0][4.8176,-1.5453,0.338144][0.334416,0.234195,-0.912863][0.310645,0.713767,0][4.8176,-1.5453,0.338144][0.334416,0.234195,-0.912863][0.310645,0.713767,0][4.56611,-1.6648,0.244764][0.382562,0.120412,-0.91605][0.294374,0.744802,0][4.53629,-1.4768,0.253684][0.381979,0.121538,-0.916144][0.316538,0.749438,0][4.2152,-1.7112,0.0909936][0.429734,0.0534279,-0.901374][0.284987,0.78935,0][4.19668,-1.4814,0.0988736][0.430695,0.0524029,-0.900975][0.311941,0.793528,0][4.53629,-1.4768,0.253684][0.381979,0.121538,-0.916144][0.316538,0.749438,0][4.53629,-1.4768,0.253684][0.381979,0.121538,-0.916144][0.316538,0.749438,0][4.56611,-1.6648,0.244764][0.382562,0.120412,-0.91605][0.294374,0.744802,0][4.2152,-1.7112,0.0909936][0.429734,0.0534279,-0.901374][0.284987,0.78935,0][4.8176,-1.5453,0.338144][0.334416,0.234195,-0.912863][0.310645,0.713767,0][4.78675,-1.4795,0.367864][0.335599,0.237693,-0.911524][0.319595,0.716677,0][4.86296,-1.4894,0.404014][0.418457,0.529546,-0.737885][0.320129,0.706514,0][4.56611,-1.6648,0.244764][0.525991,-0.819063,-0.229064][0.294374,0.744802,0][4.8176,-1.5453,0.338144][0.525991,-0.819063,-0.229064][0.310645,0.713767,0][4.80023,-1.5543,0.387094][0.525991,-0.819063,-0.229064][0.304848,0.711102,0][4.80023,-1.5543,0.387094][0.525991,-0.819063,-0.229064][0.304848,0.711102,0][4.54804,-1.7076,0.299614][0.525991,-0.819063,-0.229064][0.286066,0.742885,0][4.56611,-1.6648,0.244764][0.525991,-0.819063,-0.229064][0.294374,0.744802,0][4.2152,-1.7112,0.0909936][0.361931,-0.755505,-0.546094][0.284987,0.78935,0][4.56611,-1.6648,0.244764][0.350709,-0.760361,-0.546676][0.294374,0.744802,0][4.54804,-1.7076,0.299614][0.350709,-0.760361,-0.546676][0.286066,0.742885,0][4.54804,-1.7076,0.299614][0.350709,-0.760361,-0.546676][0.286066,0.742885,0][4.19362,-1.7658,0.146154][0.37043,-0.751736,-0.545595][0.27558,0.787889,0][4.2152,-1.7112,0.0909936][0.361931,-0.755505,-0.546094][0.284987,0.78935,0][4.80023,-1.5543,0.387094][0.69861,-0.705657,0.118285][0.304848,0.711102,0][4.8176,-1.5453,0.338144][0.69861,-0.705658,0.118285][0.310645,0.713767,0][4.86296,-1.4894,0.404014][0.69861,-0.705658,0.118285][0.311365,0.70178,0][4.32039,-1.87494,0.230884][0.437294,0.109628,-0.892612][0.350032,0.946495,0][4.53122,-1.92175,0.337934][0.403709,0.213144,-0.889713][0.34798,0.974683,0][4.54816,-1.98117,0.308794][0.403709,0.213144,-0.889713][0.355373,0.977329,0][4.54816,-1.98117,0.308794][0.403709,0.213144,-0.889713][0.355373,0.977329,0][4.31561,-2.03966,0.211844][0.438001,0.107247,-0.892554][0.370144,0.949881,0][4.32039,-1.87494,0.230884][0.437294,0.109628,-0.892612][0.350032,0.946495,0][4.03276,-1.8186,0.0860136][0.461878,0.0527859,-0.885371][0.351507,0.906093,0][4.32039,-1.87494,0.230884][0.437294,0.109628,-0.892612][0.350032,0.946495,0][4.31561,-2.03966,0.211844][0.438001,0.107247,-0.892554][0.370144,0.949881,0][4.31561,-2.03966,0.211844][0.438001,0.107247,-0.892554][0.370144,0.949881,0][4.01151,-2.0175,0.0642436][0.461715,0.0529819,-0.885445][0.377742,0.90802,0][4.03276,-1.8186,0.0860136][0.461878,0.0527859,-0.885371][0.351507,0.906093,0][4.54816,-1.98117,0.308794][0.537979,0.489786,-0.686067][0.355373,0.977329,0][4.53122,-1.92175,0.337934][0.537979,0.489786,-0.686067][0.34798,0.974683,0][4.59378,-1.94375,0.371274][0.537979,0.489786,-0.686067][0.347188,0.981922,0][4.31561,-2.03966,0.211844][0.381155,-0.886594,-0.262051][0.370144,0.949881,0][4.54816,-1.98117,0.308794][0.381155,-0.886594,-0.262051][0.355373,0.977329,0][4.52972,-1.98859,0.350494][0.381156,-0.886594,-0.262051][0.360439,0.979611,0][4.52972,-1.98859,0.350494][0.381156,-0.886594,-0.262051][0.360439,0.979611,0][4.29082,-2.07633,0.256434][0.381156,-0.886594,-0.262051][0.377783,0.951522,0][4.31561,-2.03966,0.211844][0.381155,-0.886594,-0.262051][0.370144,0.949881,0][4.01151,-2.0175,0.0642436][0.154534,-0.72175,-0.674682][0.377742,0.90802,0][4.31561,-2.03966,0.211844][0.23795,-0.776462,-0.583512][0.370144,0.949881,0][4.29082,-2.07633,0.256434][0.23795,-0.776462,-0.583512][0.377783,0.951522,0][4.29082,-2.07633,0.256434][0.23795,-0.776462,-0.583512][0.377783,0.951522,0][3.98192,-2.06398,0.108144][0.154811,-0.72195,-0.674405][0.386984,0.908526,0][4.01151,-2.0175,0.0642436][0.154534,-0.72175,-0.674682][0.377742,0.90802,0][4.52972,-1.98859,0.350494][0.549882,-0.829754,0.095591][0.360439,0.979611,0][4.54816,-1.98117,0.308794][0.549882,-0.829755,0.095591][0.355373,0.977329,0][4.59378,-1.94375,0.371274][0.549882,-0.829755,0.095591][0.355717,0.987758,0][4.67639,-0.920396,0.215944][0.448598,-0.74221,-0.49788][0.439789,0.915409,0][4.67336,-0.958897,0.270754][0.45401,-0.740004,-0.496256][0.446862,0.916867,0][4.40226,-1.0223,0.158504][0.391402,-0.763514,-0.513664][0.449551,0.883359,0][4.40226,-1.0223,0.158504][0.391402,-0.763514,-0.513664][0.449551,0.883359,0][4.34082,-0.998897,0.0767736][0.391402,-0.763514,-0.513664][0.441721,0.873363,0][4.67639,-0.920396,0.215944][0.448598,-0.74221,-0.49788][0.439789,0.915409,0][4.98103,-0.820497,0.387364][0.505133,-0.717426,-0.479729][0.439375,0.954544,0][4.67336,-0.958897,0.270754][0.45401,-0.740004,-0.496256][0.446862,0.916867,0][4.67639,-0.920396,0.215944][0.448598,-0.74221,-0.49788][0.439789,0.915409,0][4.67639,-0.920396,0.215944][0.448598,-0.74221,-0.49788][0.439789,0.915409,0][4.9837,-0.781796,0.332584][0.505134,-0.717426,-0.479729][0.432338,0.9534,0][4.98103,-0.820497,0.387364][0.505133,-0.717426,-0.479729][0.439375,0.954544,0][4.34082,-0.998897,0.0767736][0.80852,0.0937029,-0.580961][0.441721,0.873363,0][4.40226,-1.0223,0.158504][0.80852,0.0937029,-0.580961][0.449551,0.883359,0][4.38127,-1.0733,0.121064][0.80852,0.0937029,-0.580961][0.451252,0.877415,0][4.4048,-1.3371,0.171064][0.607526,-0.643035,-0.466282][0.39623,0.634119,0][4.19668,-1.4814,0.0988736][0.607526,-0.643035,-0.466282][0.419526,0.611063,0][4.41877,-1.2857,0.118274][0.607526,-0.643034,-0.466282][0.387792,0.63016,0][4.19362,-1.7658,0.146154][0.37043,-0.751736,-0.545595][0.27558,0.787889,0][4.03276,-1.8186,0.0860136][0.438112,-0.71879,-0.539813][0.267999,0.807698,0][4.2152,-1.7112,0.0909936][0.361931,-0.755505,-0.546094][0.284987,0.78935,0][2.69017,-1.666,-0.556026][0.136557,-0.708511,-0.692361][0.377339,0.708559,0][2.71908,-1.6175,-0.597826][0.136557,-0.708511,-0.692361][0.367998,0.708174,0][4.01151,-2.0175,0.0642436][0.154534,-0.72175,-0.674682][0.377742,0.90802,0][4.01151,-2.0175,0.0642436][0.154534,-0.72175,-0.674682][0.377742,0.90802,0][3.98192,-2.06398,0.108144][0.154811,-0.72195,-0.674405][0.386984,0.908526,0][2.69017,-1.666,-0.556026][0.136557,-0.708511,-0.692361][0.377339,0.708559,0][3.90408,-0.632796,-0.148686][0.355615,0.111836,-0.927917][0.079598,0.087942,0][3.0971,-0.872895,-0.493966][0.363416,0.12024,-0.923835][0.052373,0.00777,0][4.02726,-0.329697,-0.0511065][0.340378,0.151037,-0.928079][0.063784,0.115557,0][3.68537,-0.959496,-0.264666][0.369696,0.0917709,-0.924609][0.498541,0.905235,0][3.09366,-1.0935,-0.522926][0.373438,0.0928619,-0.922996][0.500786,0.973912,0][3.0971,-0.872895,-0.493966][0.363416,0.12024,-0.923835][0.522923,0.967911,0][3.0971,-0.872895,-0.493966][0.363416,0.12024,-0.923835][0.522923,0.967911,0][3.90408,-0.632796,-0.148686][0.355615,0.111836,-0.927917][0.52625,0.871692,0][3.68537,-0.959496,-0.264666][0.369696,0.0917709,-0.924609][0.498541,0.905235,0][3.06876,-1.1482,-0.482266][0.422562,-0.633933,-0.647743][0.494022,0.976604,0][3.09366,-1.0935,-0.522926][0.422562,-0.633933,-0.647743][0.500786,0.973912,0][3.68537,-0.959496,-0.264666][0.437874,-0.679411,-0.588784][0.498541,0.905235,0][3.68537,-0.959496,-0.264666][0.437874,-0.679411,-0.588784][0.498541,0.905235,0][3.6964,-1.0143,-0.207236][0.441227,-0.689914,-0.573879][0.490286,0.903263,0][3.06876,-1.1482,-0.482266][0.422562,-0.633933,-0.647743][0.494022,0.976604,0][3.72172,-1.1405,-0.185306][0.407159,-0.0215021,-0.913104][0.443589,0.795237,0][2.97936,-1.2481,-0.516376][0.413691,-0.0683801,-0.907846][0.435927,0.699872,0][3.06876,-1.1482,-0.482266][0.413691,-0.0683801,-0.907846][0.426867,0.713237,0][3.06876,-1.1482,-0.482266][0.413691,-0.0683801,-0.907846][0.426867,0.713237,0][3.6964,-1.0143,-0.207236][0.407472,-0.0236141,-0.912912][0.428607,0.794479,0][3.72172,-1.1405,-0.185306][0.407159,-0.0215021,-0.913104][0.443589,0.795237,0][2.68903,-1.54399,-0.541366][-0.736354,0.584784,-0.34031][0.288504,0.994098,0][2.81282,-1.3494,-0.473796][-0.736354,0.584784,-0.34031][0.315703,0.980335,0][2.84855,-1.3508,-0.554636][-0.736354,0.584784,-0.34031][0.309734,0.971338,0][2.84855,-1.3508,-0.554636][-0.736354,0.584784,-0.34031][0.309734,0.971338,0][2.72402,-1.5463,-0.620076][-0.736354,0.584784,-0.34031][0.285174,0.985295,0][2.68903,-1.54399,-0.541366][-0.736354,0.584784,-0.34031][0.288504,0.994098,0][2.71908,-1.6175,-0.597826][-0.912029,-0.0612719,-0.405522][0.276583,0.984219,0][2.6838,-1.6147,-0.519306][-0.912029,-0.0612719,-0.405522][0.277199,0.997767,0][2.68903,-1.54399,-0.541366][-0.912029,-0.0612719,-0.405523][0.288504,0.994098,0][2.68903,-1.54399,-0.541366][-0.912029,-0.0612719,-0.405523][0.288504,0.994098,0][2.72402,-1.5463,-0.620076][-0.912029,-0.0612719,-0.405522][0.285174,0.985295,0][2.71908,-1.6175,-0.597826][-0.912029,-0.0612719,-0.405522][0.276583,0.984219,0][2.84855,-1.3508,-0.554636][-0.549271,0.796037,-0.254217][0.448898,0.425556,0][2.81282,-1.3494,-0.473796][-0.549271,0.796037,-0.254217][0.443014,0.416218,0][2.94327,-1.2468,-0.433496][-0.549271,0.796037,-0.254217][0.425755,0.429022,0][2.94327,-1.2468,-0.433496][-0.549271,0.796037,-0.254217][0.425755,0.429022,0][2.97936,-1.2481,-0.516376][-0.549271,0.796037,-0.254217][0.432085,0.438699,0][2.84855,-1.3508,-0.554636][-0.549271,0.796037,-0.254217][0.448898,0.425556,0][5.63873,1.0631,0.641864][-0.602277,0.762844,-0.235226][0.04596,0.329372,0][5.66011,1.064,0.587744][-0.602277,0.762844,-0.235226][0.051606,0.329888,0][5.15925,0.612404,0.408034][-0.602277,0.762844,-0.235226][0.055713,0.261905,0][5.15925,0.612404,0.408034][-0.602277,0.762844,-0.235226][0.055713,0.261905,0][5.10869,0.611303,0.531554][-0.602277,0.762844,-0.235226][0.042716,0.260624,0][5.63873,1.0631,0.641864][-0.602277,0.762844,-0.235226][0.04596,0.329372,0][4.55013,0.538204,0.203154][-0.605976,0.766719,-0.211978][0.480625,0.561503,0][4.50619,0.534004,0.311114][-0.605976,0.766719,-0.211978][0.470068,0.558671,0][4.86296,0.846704,0.424654][-0.605976,0.766719,-0.211978][0.461535,0.603169,0][4.86296,0.846704,0.424654][-0.605976,0.766719,-0.211978][0.461535,0.603169,0][4.8981,0.850504,0.335364][-0.605976,0.766719,-0.211978][0.470054,0.60592,0][4.55013,0.538204,0.203154][-0.605976,0.766719,-0.211978][0.480625,0.561503,0][4.33615,0.373704,0.123954][-0.551443,0.811308,-0.194139][0.485185,0.536248,0][4.29305,0.369604,0.228624][-0.551443,0.811308,-0.194139][0.475517,0.532805,0][4.50619,0.534004,0.311114][-0.551443,0.811308,-0.194139][0.470068,0.558671,0][4.50619,0.534004,0.311114][-0.551443,0.811308,-0.194139][0.470068,0.558671,0][4.55013,0.538204,0.203154][-0.551443,0.811308,-0.194139][0.480625,0.561503,0][4.33615,0.373704,0.123954][-0.551443,0.811308,-0.194139][0.485185,0.536248,0][4.03005,-0.0598965,-0.00495625][-0.739509,0.6089,-0.286997][0.504432,0.487705,0][3.98831,-0.0624962,0.0947537][-0.739509,0.6089,-0.286997][0.494103,0.486074,0][4.29305,0.369604,0.228624][-0.739509,0.6089,-0.286997][0.475517,0.532805,0][4.29305,0.369604,0.228624][-0.739509,0.6089,-0.286997][0.475517,0.532805,0][4.33615,0.373704,0.123954][-0.739509,0.6089,-0.286997][0.485185,0.536248,0][4.03005,-0.0598965,-0.00495625][-0.739509,0.6089,-0.286997][0.504432,0.487705,0][5.87498,0.856204,0.683034][0.671113,-0.684838,0.283908][0.084387,0.336241,0][5.3717,0.324004,0.588974][0.671113,-0.684838,0.283908][0.102854,0.267241,0][5.39776,0.323304,0.525664][0.671113,-0.684838,0.283908][0.096287,0.266404,0][5.90875,1.2987,0.677644][-0.547327,0.815037,-0.190128][0.049558,0.364145,0][5.88747,1.2972,0.731814][-0.547327,0.815037,-0.190128][0.043916,0.363589,0][5.97339,1.3605,0.756404][-0.547327,0.815036,-0.190128][0.043735,0.374358,0][5.97339,1.3605,0.756404][-0.547327,0.815036,-0.190128][0.043735,0.374358,0][5.99202,1.3621,0.708964][-0.547327,0.815036,-0.190128][0.04874,0.374917,0][5.90875,1.2987,0.677644][-0.547327,0.815037,-0.190128][0.049558,0.364145,0][5.99202,1.3621,0.708964][0.930802,-0.0233781,0.364776][0.052914,0.375384,0][5.97339,1.3605,0.756404][0.930802,-0.0233781,0.364776][0.055901,0.37994,0][5.98833,1.2404,0.710584][0.930802,-0.0233781,0.364776][0.064113,0.368967,0][5.66011,1.064,0.587744][-0.622801,0.748356,-0.228215][0.051606,0.329888,0][5.63873,1.0631,0.641864][-0.622801,0.748356,-0.228215][0.04596,0.329372,0][5.88747,1.2972,0.731814][-0.622801,0.748356,-0.228215][0.043916,0.363589,0][5.88747,1.2972,0.731814][-0.622801,0.748356,-0.228215][0.043916,0.363589,0][5.90875,1.2987,0.677644][-0.622801,0.748356,-0.228215][0.049558,0.364145,0][5.66011,1.064,0.587744][-0.622801,0.748356,-0.228215][0.051606,0.329888,0][5.4331,0.995503,0.545894][0.725457,-0.623541,0.291392][0.483039,0.664937,0][5.10869,0.611303,0.531554][0.725457,-0.623541,0.291392][0.520851,0.618219,0][5.15925,0.612404,0.408034][0.725457,-0.623541,0.291392][0.503844,0.614862,0][4.8981,0.850504,0.335364][-0.672723,0.700238,-0.238979][0.470054,0.60592,0][4.86296,0.846704,0.424654][-0.672723,0.700238,-0.238979][0.461535,0.603169,0][5.17905,1.1852,0.525344][-0.672723,0.700238,-0.238979][0.449301,0.645004,0][5.17905,1.1852,0.525344][-0.672723,0.700238,-0.238979][0.449301,0.645004,0][5.20909,1.1879,0.449904][-0.672723,0.700238,-0.238979][0.456249,0.647619,0][4.8981,0.850504,0.335364][-0.672723,0.700238,-0.238979][0.470054,0.60592,0][5.44259,1.4335,0.537064][-0.589715,0.7828,-0.198648][0.446131,0.677679,0][5.42555,1.4317,0.580504][-0.589715,0.7828,-0.198648][0.442161,0.676168,0][5.52173,1.5009,0.567414][-0.589715,0.7828,-0.198648][0.442842,0.687057,0][5.20909,1.1879,0.449904][-0.660943,0.712615,-0.235233][0.456249,0.647619,0][5.17905,1.1852,0.525344][-0.660943,0.712615,-0.235233][0.449301,0.645004,0][5.42555,1.4317,0.580504][-0.660943,0.712615,-0.235233][0.442161,0.676168,0][5.42555,1.4317,0.580504][-0.660943,0.712615,-0.235233][0.442161,0.676168,0][5.44259,1.4335,0.537064][-0.660943,0.712615,-0.235233][0.446131,0.677679,0][5.20909,1.1879,0.449904][-0.660943,0.712615,-0.235233][0.456249,0.647619,0][5.8391,0.545904,0.695504][0.824833,-0.453752,0.337282][0.447086,0.129267,0][5.65807,0.147504,0.602194][0.824833,-0.453752,0.337282][0.4243,0.182041,0][5.85721,0.545403,0.650484][0.824833,-0.453752,0.337282][0.45266,0.132034,0][5.8391,0.545904,0.695504][-0.403823,0.897888,-0.175284][0.45882,0.130991,0][5.85721,0.545403,0.650484][-0.403823,0.897888,-0.175284][0.45266,0.132034,0][5.51922,0.369103,0.526374][-0.403823,0.897888,-0.175284][0.462519,0.18267,0][5.51922,0.369103,0.526374][-0.403823,0.897888,-0.175284][0.462519,0.18267,0][5.48312,0.370104,0.614554][-0.403823,0.897888,-0.175284][0.474601,0.180653,0][5.8391,0.545904,0.695504][-0.403823,0.897888,-0.175284][0.45882,0.130991,0][5.27472,-0.434997,0.576084][0.413795,-0.882734,0.222608][0.493988,0.706654,0][4.94663,-0.618297,0.457294][0.413795,-0.882734,0.222608][0.482355,0.744661,0][4.99971,-0.624696,0.335034][0.413795,-0.882734,0.222608][0.495326,0.748143,0][4.99971,-0.624696,0.335034][0.413795,-0.882734,0.222608][0.495326,0.748143,0][5.32704,-0.440996,0.453464][0.413795,-0.882734,0.222608][0.505571,0.711605,0][5.27472,-0.434997,0.576084][0.413795,-0.882734,0.222608][0.493988,0.706654,0][4.90378,-0.350896,0.261774][-0.300042,0.940106,-0.161791][0.527908,0.753215,0][4.85104,-0.346596,0.384274][-0.300042,0.940106,-0.161791][0.541375,0.754265,0][5.18224,-0.218896,0.512284][-0.300042,0.940105,-0.161791][0.54348,0.716102,0][5.18224,-0.218896,0.512284][-0.300042,0.940105,-0.161791][0.54348,0.716102,0][5.23429,-0.223296,0.389474][-0.300042,0.940106,-0.161791][0.530366,0.7159,0][4.90378,-0.350896,0.261774][-0.300042,0.940106,-0.161791][0.527908,0.753215,0][5.50672,-0.111796,0.637684][0.734988,-0.589085,0.335815][0.516279,0.673358,0][5.27472,-0.434997,0.576084][0.734988,-0.589085,0.335815][0.493988,0.706654,0][5.32704,-0.440996,0.453464][0.734988,-0.589085,0.335815][0.505571,0.711605,0][5.32704,-0.440996,0.453464][0.734988,-0.589085,0.335815][0.505571,0.711605,0][5.55816,-0.116396,0.514604][0.734988,-0.589085,0.335815][0.527637,0.680197,0][5.50672,-0.111796,0.637684][0.734988,-0.589085,0.335815][0.516279,0.673358,0][5.50672,-0.111796,0.637684][-0.259614,0.954867,-0.144327][0.541068,0.679496,0][5.55816,-0.116396,0.514604][-0.259614,0.954867,-0.144327][0.527637,0.680197,0][5.23429,-0.223296,0.389474][-0.259614,0.954867,-0.144327][0.530366,0.7159,0][5.23429,-0.223296,0.389474][-0.259614,0.954867,-0.144327][0.530366,0.7159,0][5.18224,-0.218896,0.512284][-0.259614,0.954867,-0.144327][0.54348,0.716102,0][5.50672,-0.111796,0.637684][-0.259614,0.954867,-0.144327][0.541068,0.679496,0][5.39776,0.323304,0.525664][-0.347508,0.925027,-0.153503][0.470259,0.19744,0][5.3717,0.324004,0.588974][-0.347508,0.925027,-0.153503][0.479466,0.195714,0][5.48312,0.370104,0.614554][-0.347508,0.925027,-0.153503][0.474601,0.180653,0][5.48312,0.370104,0.614554][-0.347508,0.925027,-0.153503][0.474601,0.180653,0][5.51922,0.369103,0.526374][-0.347508,0.925027,-0.153503][0.462519,0.18267,0][5.39776,0.323304,0.525664][-0.347508,0.925027,-0.153503][0.470259,0.19744,0][5.32845,-0.112296,0.490084][0.394966,-0.896236,0.201897][0.421996,0.238112,0][4.85104,-0.346596,0.384274][0.394966,-0.896236,0.201897][0.416492,0.307412,0][4.90378,-0.350896,0.261774][0.394966,-0.896236,0.201897][0.433555,0.306105,0][5.13693,-0.550996,0.420024][-0.128955,0.986026,-0.105467][0.413106,0.980332,0][5.08418,-0.544796,0.542434][-0.128955,0.986026,-0.105467][0.397537,0.98105,0][5.15627,-0.532196,0.571914][-0.128955,0.986026,-0.105467][0.398151,0.990457,0][5.15627,-0.532196,0.571914][-0.128955,0.986026,-0.105467][0.398151,0.990457,0][5.20889,-0.538396,0.449454][-0.128955,0.986026,-0.105467][0.414006,0.98947,0][5.13693,-0.550996,0.420024][-0.128955,0.986026,-0.105467][0.413106,0.980332,0][5.15627,-0.532196,0.571914][0.805569,-0.461779,0.371241][0.437343,0.997315,0][5.11657,-0.607196,0.564274][0.805569,-0.461779,0.371241][0.441217,0.988324,0][5.16938,-0.613796,0.441924][0.805569,-0.461779,0.371241][0.42688,0.983159,0][5.16938,-0.613796,0.441924][0.805569,-0.461779,0.371241][0.42688,0.983159,0][5.20889,-0.538396,0.449454][0.805569,-0.461779,0.371241][0.422879,0.992073,0][5.15627,-0.532196,0.571914][0.805569,-0.461779,0.371241][0.437343,0.997315,0][5.11657,-0.607196,0.564274][0.653815,-0.683885,0.32377][0.441217,0.988324,0][4.92761,-0.812996,0.509394][0.653815,-0.683885,0.32377][0.453479,0.958136,0][4.98103,-0.820497,0.387364][0.653815,-0.683885,0.32377][0.439375,0.954544,0][4.98103,-0.820497,0.387364][0.653815,-0.683885,0.32377][0.439375,0.954544,0][5.16938,-0.613796,0.441924][0.653815,-0.683885,0.32377][0.42688,0.983159,0][5.11657,-0.607196,0.564274][0.653815,-0.683885,0.32377][0.441217,0.988324,0][4.94663,-0.618297,0.457294][-0.361854,0.909872,-0.202963][0.400125,0.96015,0][5.08418,-0.544796,0.542434][-0.361854,0.909872,-0.202963][0.397537,0.98105,0][5.13693,-0.550996,0.420024][-0.361854,0.909872,-0.202963][0.413106,0.980332,0][5.13693,-0.550996,0.420024][-0.361854,0.909872,-0.202963][0.413106,0.980332,0][4.99971,-0.624696,0.335034][-0.361854,0.909872,-0.202963][0.416043,0.95982,0][4.94663,-0.618297,0.457294][-0.361854,0.909872,-0.202963][0.400125,0.96015,0][4.38127,-1.0733,0.121064][-0.0710009,0.992736,-0.097134][0.363163,0.619615,0][4.32654,-1.0655,0.242504][-0.0710009,0.992736,-0.097134][0.347919,0.613863,0][4.65075,-1.0304,0.362084][-0.0710009,0.992736,-0.097134][0.335448,0.654473,0][4.65075,-1.0304,0.362084][-0.0710009,0.992736,-0.097134][0.335448,0.654473,0][4.69733,-1.0375,0.257594][-0.0710009,0.992736,-0.097134][0.348538,0.659362,0][4.38127,-1.0733,0.121064][-0.0710009,0.992736,-0.097134][0.363163,0.619615,0][4.93101,-1.0168,0.358304][0.0506542,0.997477,-0.049742][0.3381,0.688555,0][4.9054,-1.0126,0.416224][0.0506542,0.997477,-0.049742][0.330786,0.685847,0][5.00297,-1.0189,0.390394][0.0506542,0.997477,-0.049742][0.334391,0.697828,0][4.69733,-1.0375,0.257594][-0.0494199,0.994601,-0.091254][0.348538,0.659362,0][4.65075,-1.0304,0.362084][-0.0494199,0.994601,-0.091254][0.335448,0.654473,0][4.9054,-1.0126,0.416224][-0.0494199,0.994601,-0.091254][0.330786,0.685847,0][4.9054,-1.0126,0.416224][-0.0494199,0.994601,-0.091254][0.330786,0.685847,0][4.93101,-1.0168,0.358304][-0.0494199,0.994601,-0.091254][0.3381,0.688555,0][4.69733,-1.0375,0.257594][-0.0494199,0.994601,-0.091254][0.348538,0.659362,0][4.19668,-1.4814,0.0988736][0.0202532,0.996862,-0.076531][0.311941,0.793528,0][4.14101,-1.4713,0.219714][0.0202532,0.996862,-0.076531][0.327714,0.795221,0][4.49486,-1.4686,0.344564][0.0202532,0.996862,-0.076531][0.328409,0.750644,0][4.49486,-1.4686,0.344564][0.0202532,0.996862,-0.076531][0.328409,0.750644,0][4.53629,-1.4768,0.253684][0.0202532,0.996862,-0.076531][0.316538,0.749438,0][4.19668,-1.4814,0.0988736][0.0202532,0.996862,-0.076531][0.311941,0.793528,0][4.78675,-1.4795,0.367864][0.141946,0.989395,-0.030793][0.319595,0.716677,0][4.76326,-1.4746,0.419754][0.141946,0.989395,-0.030793][0.326411,0.717247,0][4.85368,-1.4874,0.424534][0.141946,0.989395,-0.030793][0.322902,0.706645,0][4.85368,-1.4874,0.424534][0.141946,0.989395,-0.030793][0.322902,0.706645,0][4.86296,-1.4894,0.404014][0.141946,0.989395,-0.030793][0.320129,0.706514,0][4.78675,-1.4795,0.367864][0.141946,0.989395,-0.030793][0.319595,0.716677,0][4.86296,-1.4894,0.404014][0.626041,-0.69625,0.351153][0.311365,0.70178,0][4.85368,-1.4874,0.424534][0.626041,-0.69625,0.351153][0.308991,0.700256,0][4.80023,-1.5543,0.387094][0.626041,-0.69625,0.351153][0.304848,0.711102,0][4.53629,-1.4768,0.253684][0.0429831,0.996478,-0.071995][0.316538,0.749438,0][4.49486,-1.4686,0.344564][0.0429831,0.996478,-0.071995][0.328409,0.750644,0][4.76326,-1.4746,0.419754][0.0429831,0.996478,-0.071995][0.326411,0.717247,0][4.76326,-1.4746,0.419754][0.0429831,0.996478,-0.071995][0.326411,0.717247,0][4.78675,-1.4795,0.367864][0.0429831,0.996478,-0.071995][0.319595,0.716677,0][4.53629,-1.4768,0.253684][0.0429831,0.996478,-0.071995][0.316538,0.749438,0][3.98048,-1.8075,0.198874][0.195649,0.980616,-0.010669][0.336425,0.906018,0][4.27337,-1.86396,0.331724][0.195649,0.980616,-0.010669][0.336558,0.945995,0][4.32039,-1.87494,0.230884][0.195649,0.980616,-0.010669][0.350032,0.946495,0][4.32039,-1.87494,0.230884][0.195649,0.980616,-0.010669][0.350032,0.946495,0][4.03276,-1.8186,0.0860136][0.195649,0.980616,-0.010669][0.351507,0.906093,0][3.98048,-1.8075,0.198874][0.195649,0.980616,-0.010669][0.336425,0.906018,0][4.53122,-1.92175,0.337934][0.314465,0.948634,0.034709][0.34798,0.974683,0][4.51214,-1.91697,0.379054][0.314465,0.948634,0.034709][0.342935,0.974369,0][4.58173,-1.94066,0.397254][0.314465,0.948634,0.034709][0.344554,0.981636,0][4.58173,-1.94066,0.397254][0.314465,0.948634,0.034709][0.344554,0.981636,0][4.59378,-1.94375,0.371274][0.314465,0.948634,0.034709][0.347188,0.981922,0][4.53122,-1.92175,0.337934][0.314465,0.948634,0.034709][0.34798,0.974683,0][4.59378,-1.94375,0.371274][0.472722,-0.822177,0.317111][0.355717,0.987758,0][4.58173,-1.94066,0.397254][0.472722,-0.822177,0.317111][0.359046,0.989468,0][4.52972,-1.98859,0.350494][0.472722,-0.822177,0.317111][0.360439,0.979611,0][4.32039,-1.87494,0.230884][0.218808,0.975747,-0.006385][0.350032,0.946495,0][4.27337,-1.86396,0.331724][0.218808,0.975747,-0.006385][0.336558,0.945995,0][4.51214,-1.91697,0.379054][0.218808,0.975747,-0.006385][0.342935,0.974369,0][4.51214,-1.91697,0.379054][0.218808,0.975747,-0.006385][0.342935,0.974369,0][4.53122,-1.92175,0.337934][0.218808,0.975747,-0.006385][0.34798,0.974683,0][4.32039,-1.87494,0.230884][0.218808,0.975747,-0.006385][0.350032,0.946495,0][4.61926,-0.951296,0.392474][0.171498,-0.975614,0.136987][0.461362,0.918671,0][4.34767,-1.0149,0.280014][0.171498,-0.975614,0.136987][0.464055,0.885425,0][4.40226,-1.0223,0.158504][0.171498,-0.975614,0.136987][0.449551,0.883359,0][4.40226,-1.0223,0.158504][0.171498,-0.975614,0.136987][0.449551,0.883359,0][4.67336,-0.958897,0.270754][0.171498,-0.975614,0.136987][0.446862,0.916867,0][4.61926,-0.951296,0.392474][0.171498,-0.975614,0.136987][0.461362,0.918671,0][4.92761,-0.812996,0.509394][0.335262,-0.919551,0.205][0.453479,0.958136,0][4.61926,-0.951296,0.392474][0.335262,-0.919551,0.205][0.461362,0.918671,0][4.67336,-0.958897,0.270754][0.335262,-0.919551,0.205][0.446862,0.916867,0][4.67336,-0.958897,0.270754][0.335262,-0.919551,0.205][0.446862,0.916867,0][4.98103,-0.820497,0.387364][0.335262,-0.919551,0.205][0.439375,0.954544,0][4.92761,-0.812996,0.509394][0.335262,-0.919551,0.205][0.453479,0.958136,0][4.40226,-1.0223,0.158504][0.733076,-0.573524,0.365609][0.449551,0.883359,0][4.34767,-1.0149,0.280014][0.733076,-0.573524,0.365609][0.464055,0.885425,0][4.32654,-1.0655,0.242504][0.733076,-0.573524,0.365609][0.46168,0.879859,0][4.32654,-1.0655,0.242504][0.733076,-0.573524,0.365609][0.46168,0.879859,0][4.38127,-1.0733,0.121064][0.733076,-0.573524,0.365609][0.451252,0.877415,0][4.40226,-1.0223,0.158504][0.733076,-0.573524,0.365609][0.449551,0.883359,0][4.4048,-1.3371,0.171064][0.475926,-0.830837,0.288453][0.39623,0.634119,0][4.14101,-1.4713,0.219714][0.475926,-0.830837,0.288453][0.431673,0.622386,0][4.19668,-1.4814,0.0988736][0.475926,-0.830837,0.288453][0.419526,0.611063,0][4.19362,-1.7658,0.146154][0.236293,-0.950152,0.203415][0.27558,0.787889,0][3.98048,-1.8075,0.198874][0.236293,-0.950152,0.203415][0.254056,0.802987,0][4.03276,-1.8186,0.0860136][0.236293,-0.950152,0.203415][0.267999,0.807698,0][2.69017,-1.666,-0.556026][-0.892229,0.184209,-0.412304][0.377339,0.708559,0][2.65431,-1.663,-0.477996][-0.892229,0.184209,-0.412304][0.385739,0.700226,0][2.6838,-1.6147,-0.519306][-0.892229,0.184209,-0.412304][0.37607,0.6999,0][2.6838,-1.6147,-0.519306][-0.892229,0.184209,-0.412304][0.37607,0.6999,0][2.71908,-1.6175,-0.597826][-0.892229,0.184209,-0.412304][0.367998,0.708174,0][2.69017,-1.666,-0.556026][-0.892229,0.184209,-0.412304][0.377339,0.708559,0][3.98192,-2.06398,0.108144][-0.255507,-0.963464,-0.08033][0.386984,0.908526,0][2.65431,-1.663,-0.477996][-0.255507,-0.963464,-0.08033][0.388764,0.708387,0][2.69017,-1.666,-0.556026][-0.255507,-0.963464,-0.08033][0.377339,0.708559,0][3.04508,-1.09029,-0.416426][-0.911582,0.0738571,-0.40443][0.50309,0.985084,0][3.06083,-0.873695,-0.408806][-0.911582,0.0738571,-0.40443][0.526034,0.977717,0][3.0971,-0.872895,-0.493966][-0.911582,0.0738571,-0.40443][0.522923,0.967911,0][3.0971,-0.872895,-0.493966][-0.911582,0.0738571,-0.40443][0.522923,0.967911,0][3.09366,-1.0935,-0.522926][-0.911582,0.0738571,-0.40443][0.500786,0.973912,0][3.04508,-1.09029,-0.416426][-0.911582,0.0738571,-0.40443][0.50309,0.985084,0][3.06876,-1.1482,-0.482266][-0.908887,0.0911431,-0.406961][0.494022,0.976604,0][3.03231,-1.14719,-0.397946][-0.908887,0.0911431,-0.406961][0.495705,0.989075,0][3.04508,-1.09029,-0.416426][-0.908887,0.0911431,-0.406961][0.50309,0.985084,0][3.04508,-1.09029,-0.416426][-0.908887,0.0911431,-0.406961][0.50309,0.985084,0][3.09366,-1.0935,-0.522926][-0.908887,0.0911431,-0.406961][0.500786,0.973912,0][3.06876,-1.1482,-0.482266][-0.908887,0.0911431,-0.406961][0.494022,0.976604,0][2.97936,-1.2481,-0.516376][-0.658653,0.692232,-0.294943][0.435927,0.699872,0][2.94327,-1.2468,-0.433496][-0.658653,0.692232,-0.294943][0.427229,0.693665,0][3.03231,-1.14719,-0.397946][-0.658653,0.692232,-0.294943][0.41801,0.707047,0][3.03231,-1.14719,-0.397946][-0.658653,0.692232,-0.294943][0.41801,0.707047,0][3.06876,-1.1482,-0.482266][-0.658653,0.692232,-0.294943][0.426867,0.713237,0][2.97936,-1.2481,-0.516376][-0.658653,0.692232,-0.294943][0.435927,0.699872,0][3.05937,-0.627195,-0.368286][-0.450427,0.877196,-0.166261][0.505038,0.371386,0][3.98831,-0.0624962,0.0947537][-0.450427,0.877196,-0.166261][0.494103,0.486074,0][4.03005,-0.0598965,-0.00495625][-0.450427,0.877196,-0.166261][0.504432,0.487705,0][4.03005,-0.0598965,-0.00495625][-0.450427,0.877196,-0.166261][0.504432,0.487705,0][3.09616,-0.624596,-0.453816][-0.450427,0.877196,-0.166261][0.514107,0.371924,0][3.05937,-0.627195,-0.368286][-0.450427,0.877196,-0.166261][0.505038,0.371386,0][3.06083,-0.873695,-0.408806][-0.918146,0.0594331,-0.39176][0.530656,0.353243,0][3.05937,-0.627195,-0.368286][-0.918146,0.0594331,-0.39176][0.508968,0.364389,0][3.09616,-0.624596,-0.453816][-0.918146,0.0594331,-0.39176][0.514107,0.371924,0][3.09616,-0.624596,-0.453816][-0.918146,0.0594331,-0.39176][0.514107,0.371924,0][3.0971,-0.872895,-0.493966][-0.918146,0.0594331,-0.39176][0.535927,0.360621,0][3.06083,-0.873695,-0.408806][-0.918146,0.0594331,-0.39176][0.530656,0.353243,0][5.52453,1.3807,0.570214][-0.083592,-0.080237,0.993264][0.692158,0.989395,0][5.42555,1.4317,0.580504][-0.083592,-0.080237,0.993265][0.691997,0.98933,0][5.17905,1.1852,0.525344][-0.083592,-0.080237,0.993264][0.691638,0.989772,0][5.17905,1.1852,0.525344][-0.083592,-0.080237,0.993264][0.691638,0.989772,0][5.4331,0.995503,0.545894][-0.083592,-0.080237,0.993264][0.692084,0.990024,0][5.52453,1.3807,0.570214][-0.083592,-0.080237,0.993264][0.692158,0.989395,0][5.17905,1.1852,0.525344][-0.217122,0.037182,0.975436][0.691638,0.989772,0][4.86296,0.846704,0.424654][-0.267492,0.045667,0.962477][0.691168,0.990385,0][5.10869,0.611303,0.531554][-0.247647,0.042324,0.967925][0.69165,0.99071,0][5.10869,0.611303,0.531554][-0.247647,0.042324,0.967925][0.69165,0.99071,0][5.4331,0.995503,0.545894][-0.217122,0.037182,0.975436][0.692084,0.990024,0][5.17905,1.1852,0.525344][-0.217122,0.037182,0.975436][0.691638,0.989772,0][5.98833,1.2404,0.710584][-0.140313,-0.104935,0.984531][0.692977,0.989519,0][5.88747,1.2972,0.731814][-0.140313,-0.104935,0.984531][0.692817,0.989432,0][5.63873,1.0631,0.641864][-0.140313,-0.104935,0.984531][0.692436,0.989866,0][5.63873,1.0631,0.641864][-0.140313,-0.104935,0.984531][0.692436,0.989866,0][5.87498,0.856204,0.683034][-0.140313,-0.104935,0.984531][0.692867,0.990153,0][5.98833,1.2404,0.710584][-0.140313,-0.104935,0.984531][0.692977,0.989519,0][5.3717,0.324004,0.588974][-0.212718,-0.015699,0.976988][0.692147,0.991121,0][5.87498,0.856204,0.683034][-0.193868,-0.000168971,0.981028][0.692867,0.990153,0][5.63873,1.0631,0.641864][-0.193868,-0.000168971,0.981028][0.692436,0.989866,0][5.63873,1.0631,0.641864][-0.193868,-0.000168971,0.981028][0.692436,0.989866,0][5.10869,0.611303,0.531554][-0.244575,-0.042171,0.968713][0.69165,0.99071,0][5.3717,0.324004,0.588974][-0.212718,-0.015699,0.976988][0.692147,0.991121,0][5.65807,0.147504,0.602194][-0.165609,-0.196244,0.966469][0.692637,0.991364,0][5.48312,0.370104,0.614554][-0.165609,-0.196244,0.966469][0.692324,0.991027,0][5.3717,0.324004,0.588974][-0.165609,-0.196244,0.966469][0.692147,0.991121,0][5.3717,0.324004,0.588974][-0.165609,-0.196244,0.966469][0.692147,0.991121,0][5.32845,-0.112296,0.490084][-0.165609,-0.196244,0.966469][0.692124,0.991854,0][5.65807,0.147504,0.602194][-0.165609,-0.196244,0.966469][0.692637,0.991364,0][5.18224,-0.218896,0.512284][-0.391803,0.105301,0.914004][0.691929,0.992057,0][4.85104,-0.346596,0.384274][-0.321644,0.0889761,0.942671][0.691378,0.992333,0][4.94663,-0.618297,0.457294][-0.35164,0.123957,0.927892][0.691618,0.992751,0][4.94663,-0.618297,0.457294][-0.35164,0.123957,0.927892][0.691618,0.992751,0][5.27472,-0.434997,0.576084][-0.391803,0.105301,0.914004][0.692148,0.992388,0][5.18224,-0.218896,0.512284][-0.391803,0.105301,0.914004][0.691929,0.992057,0][5.11657,-0.607196,0.564274][-0.53077,0.20866,0.821429][0.691931,0.992711,0][5.08418,-0.544796,0.542434][-0.53077,0.20866,0.821429][0.691857,0.992618,0][4.94663,-0.618297,0.457294][-0.53077,0.20866,0.821429][0.691618,0.992751,0][4.94663,-0.618297,0.457294][-0.53077,0.20866,0.821429][0.691618,0.992751,0][4.92761,-0.812996,0.509394][-0.53077,0.20866,0.821428][0.691653,0.993076,0][5.11657,-0.607196,0.564274][-0.53077,0.20866,0.821429][0.691931,0.992711,0][4.85104,-0.346596,0.384274][-0.225371,-0.00730997,0.974246][0.691378,0.992333,0][5.32845,-0.112296,0.490084][-0.214958,-0.00303497,0.976619][0.692124,0.991854,0][4.50619,0.534004,0.311114][-0.277681,-0.028959,0.960237][0.690622,0.990977,0][4.29305,0.369604,0.228624][-0.326936,-0.049619,0.943743][0.690285,0.991295,0][4.85104,-0.346596,0.384274][-0.225371,-0.00730997,0.974246][0.691378,0.992333,0][4.50619,0.534004,0.311114][-0.277681,-0.028959,0.960237][0.690622,0.990977,0][5.10869,0.611303,0.531554][-0.244575,-0.042171,0.968713][0.69165,0.99071,0][4.50619,0.534004,0.311114][-0.328533,-0.11338,0.937663][0.690622,0.990977,0][5.3717,0.324004,0.588974][-0.212718,-0.015699,0.976988][0.692147,0.991121,0][4.86296,0.846704,0.424654][-0.267492,0.045667,0.962477][0.691168,0.990385,0][4.50619,0.534004,0.311114][-0.349726,0.0595151,0.93496][0.690622,0.990977,0][5.10869,0.611303,0.531554][-0.247647,0.042324,0.967925][0.69165,0.99071,0][5.3717,0.324004,0.588974][-0.339321,-0.175782,0.924101][0.692147,0.991121,0][4.50619,0.534004,0.311114][-0.339321,-0.175782,0.924101][0.690622,0.990977,0][5.32845,-0.112296,0.490084][-0.339321,-0.175782,0.924101][0.692124,0.991854,0][4.95064,-1.085,0.377184][-0.111226,-0.354349,0.928475][0.661514,0.983317,0][4.9054,-1.0126,0.416224][-0.111226,-0.354349,0.928475][0.661642,0.983249,0][4.65075,-1.0304,0.362084][-0.111226,-0.354349,0.928475][0.661578,0.982832,0][4.65075,-1.0304,0.362084][-0.111226,-0.354349,0.928475][0.661578,0.982832,0][4.72994,-1.2506,0.304384][-0.111226,-0.354349,0.928475][0.661214,0.982974,0][4.95064,-1.085,0.377184][-0.111226,-0.354349,0.928475][0.661514,0.983317,0][4.65075,-1.0304,0.362084][-0.288684,-0.328554,0.899285][0.661578,0.982832,0][4.32654,-1.0655,0.242504][-0.375277,-0.263051,0.888803][0.661444,0.98228,0][4.4048,-1.3371,0.171064][-0.371383,-0.26614,0.889519][0.660995,0.982425,0][4.4048,-1.3371,0.171064][-0.371383,-0.26614,0.889519][0.660995,0.982425,0][4.72994,-1.2506,0.304384][-0.288684,-0.328554,0.899285][0.661214,0.982974,0][4.65075,-1.0304,0.362084][-0.288684,-0.328554,0.899285][0.661578,0.982832,0][4.80023,-1.5543,0.387094][-0.210716,-0.287096,0.934438][0.660636,0.983184,0][4.76326,-1.4746,0.419754][-0.210716,-0.287096,0.934438][0.660775,0.983126,0][4.49486,-1.4686,0.344564][-0.210716,-0.287096,0.934438][0.660729,0.982672,0][4.49486,-1.4686,0.344564][-0.210716,-0.287096,0.934438][0.660729,0.982672,0][4.54804,-1.7076,0.299614][-0.210716,-0.287096,0.934438][0.660339,0.982784,0][4.80023,-1.5543,0.387094][-0.210716,-0.287096,0.934438][0.660636,0.983184,0][4.49486,-1.4686,0.344564][-0.332498,-0.266884,0.904554][0.660729,0.982672,0][4.14101,-1.4713,0.219714][-0.42743,-0.202335,0.881115][0.660641,0.982065,0][4.19362,-1.7658,0.146154][-0.423862,-0.204887,0.882249][0.660156,0.982174,0][4.19362,-1.7658,0.146154][-0.423862,-0.204887,0.882249][0.660156,0.982174,0][4.54804,-1.7076,0.299614][-0.332498,-0.266884,0.904554][0.660339,0.982784,0][4.49486,-1.4686,0.344564][-0.332498,-0.266884,0.904554][0.660729,0.982672,0][4.52972,-1.98859,0.350494][-0.240722,-0.359398,0.901602][0.659755,0.982837,0][4.51214,-1.91697,0.379054][-0.240722,-0.359398,0.901602][0.659881,0.982808,0][4.27337,-1.86396,0.331724][-0.240722,-0.359398,0.901602][0.659927,0.982404,0][4.27337,-1.86396,0.331724][-0.240722,-0.359398,0.901602][0.659927,0.982404,0][4.29082,-2.07633,0.256434][-0.240722,-0.359398,0.901602][0.659562,0.98244,0][4.52972,-1.98859,0.350494][-0.240722,-0.359398,0.901602][0.659755,0.982837,0][4.29082,-2.07633,0.256434][-0.430993,-0.31658,0.844998][0.659562,0.98244,0][4.27337,-1.86396,0.331724][-0.430993,-0.31658,0.844998][0.659927,0.982404,0][3.98048,-1.8075,0.198874][-0.455216,-0.158403,0.876177][0.659925,0.981875,0][3.98048,-1.8075,0.198874][-0.455216,-0.158403,0.876177][0.659925,0.981875,0][3.98192,-2.06398,0.108144][-0.455154,-0.158952,0.87611][0.659488,0.981889,0][4.29082,-2.07633,0.256434][-0.430993,-0.31658,0.844998][0.659562,0.98244,0][2.65431,-1.663,-0.477996][-0.460969,-0.100548,0.881701][0.660013,0.979471,0][3.98192,-2.06398,0.108144][-0.455154,-0.158952,0.87611][0.659488,0.981889,0][3.98048,-1.8075,0.198874][-0.455216,-0.158403,0.876177][0.659925,0.981875,0][3.98048,-1.8075,0.198874][-0.455216,-0.158403,0.876177][0.659925,0.981875,0][2.6838,-1.6147,-0.519306][-0.460969,-0.100548,0.881701][0.660127,0.979487,0][2.65431,-1.663,-0.477996][-0.460969,-0.100548,0.881701][0.660013,0.979471,0][3.98048,-1.8075,0.198874][-0.0709019,0.8942,0.442018][0.659925,0.981875,0][4.19362,-1.7658,0.146154][-0.0674659,0.89693,0.436995][0.660156,0.982174,0][2.68903,-1.54399,-0.541366][-0.391153,0.404805,0.826518][0.660248,0.97947,0][4.19362,-1.7658,0.146154][-0.423862,-0.204887,0.882249][0.660156,0.982174,0][4.14101,-1.4713,0.219714][-0.42743,-0.202335,0.881115][0.660641,0.982065,0][2.81282,-1.3494,-0.473796][-0.448726,-0.186882,0.873911][0.660589,0.979654,0][2.81282,-1.3494,-0.473796][-0.448726,-0.186882,0.873911][0.660589,0.979654,0][2.68903,-1.54399,-0.541366][-0.448726,-0.186882,0.873911][0.660248,0.97947,0][4.19362,-1.7658,0.146154][-0.423862,-0.204887,0.882249][0.660156,0.982174,0][4.14101,-1.4713,0.219714][-0.238844,0.69594,0.677216][0.660641,0.982065,0][4.4048,-1.3371,0.171064][-0.23413,0.703392,0.671135][0.660995,0.982425,0][2.94327,-1.2468,-0.433496][-0.421499,0.269993,0.865703][0.660785,0.979854,0][4.4048,-1.3371,0.171064][-0.371383,-0.26614,0.889519][0.660995,0.982425,0][4.32654,-1.0655,0.242504][-0.375277,-0.263051,0.888803][0.661444,0.98228,0][3.03231,-1.14719,-0.397946][-0.399999,-0.243106,0.883686][0.660969,0.979989,0][3.03231,-1.14719,-0.397946][-0.399999,-0.243106,0.883686][0.660969,0.979989,0][2.94327,-1.2468,-0.433496][-0.399999,-0.243106,0.883686][0.660785,0.979854,0][4.4048,-1.3371,0.171064][-0.371383,-0.26614,0.889519][0.660995,0.982425,0][4.34767,-1.0149,0.280014][-0.406709,-0.428092,0.807047][0.690682,0.99352,0][3.04508,-1.09029,-0.416426][-0.433572,0.350784,0.83004][0.688339,0.993993,0][4.32654,-1.0655,0.242504][-0.409907,-0.414042,0.812739][0.690642,0.993616,0][3.98831,-0.0624962,0.0947537][-0.330057,-0.041223,0.94306][0.689837,0.992076,0][4.94663,-0.618297,0.457294][-0.35164,0.123957,0.927892][0.691618,0.992751,0][4.85104,-0.346596,0.384274][-0.321644,0.0889761,0.942671][0.691378,0.992333,0][3.04508,-1.09029,-0.416426][-0.479871,0.00404807,0.87733][0.688339,0.993993,0][3.98831,-0.0624962,0.0947537][-0.409,-0.0957119,0.907501][0.689837,0.992076,0][3.06083,-0.873695,-0.408806][-0.447059,-0.0434729,0.893447][0.688322,0.993638,0][4.34767,-1.0149,0.280014][-0.471209,-0.00622393,0.881999][0.690682,0.99352,0][3.98831,-0.0624962,0.0947537][-0.471209,-0.00622393,0.881999][0.689837,0.992076,0][3.04508,-1.09029,-0.416426][-0.47121,-0.00622393,0.881999][0.688339,0.993993,0][4.61926,-0.951296,0.392474][-0.388833,0.0323971,0.920739][0.691146,0.993363,0][3.98831,-0.0624962,0.0947537][-0.388833,0.0323971,0.920739][0.689837,0.992076,0][4.34767,-1.0149,0.280014][-0.388833,0.0323971,0.920739][0.690682,0.99352,0][4.92761,-0.812996,0.509394][-0.372243,0.0462661,0.926981][0.691653,0.993076,0][3.98831,-0.0624962,0.0947537][-0.372243,0.0462661,0.926981][0.689837,0.992076,0][4.61926,-0.951296,0.392474][-0.372243,0.0462661,0.926981][0.691146,0.993363,0][4.94663,-0.618297,0.457294][-0.198861,0.271405,0.941697][0.691618,0.992751,0][3.98831,-0.0624962,0.0947537][-0.198861,0.271405,0.941697][0.689837,0.992076,0][4.92761,-0.812996,0.509394][-0.198861,0.271405,0.941697][0.691653,0.993076,0][3.06083,-0.873695,-0.408806][-0.447059,-0.0434729,0.893447][0.688322,0.993638,0][3.98831,-0.0624962,0.0947537][-0.409,-0.0957119,0.907501][0.689837,0.992076,0][3.05937,-0.627195,-0.368286][-0.364722,-0.153126,0.918439][0.688287,0.993231,0][3.98831,-0.0624962,0.0947537][-0.330057,-0.041223,0.94306][0.689837,0.992076,0][4.85104,-0.346596,0.384274][-0.321644,0.0889761,0.942671][0.691378,0.992333,0][4.29305,0.369604,0.228624][-0.334139,-0.0558559,0.940867][0.690285,0.991295,0][5.88747,1.2972,0.731814][-0.00431705,-0.356872,0.934143][0.692817,0.989432,0][5.98833,1.2404,0.710584][-0.00431705,-0.356872,0.934143][0.692977,0.989519,0][5.97339,1.3605,0.756404][-0.00431705,-0.356872,0.934143][0.69295,0.989322,0][5.42555,1.4317,0.580504][0.116503,0.025796,0.992855][0.691997,0.98933,0][5.52453,1.3807,0.570214][0.116503,0.025796,0.992855][0.692158,0.989395,0][5.52173,1.5009,0.567414][0.116503,0.025796,0.992855][0.692127,0.98921,0][5.48312,0.370104,0.614554][-0.140659,-0.16472,0.976259][0.692324,0.991027,0][5.65807,0.147504,0.602194][-0.140659,-0.16472,0.976259][0.692637,0.991364,0][5.8391,0.545904,0.695504][-0.140659,-0.16472,0.976259][0.692881,0.990679,0][5.18224,-0.218896,0.512284][-0.388264,0.104186,0.91564][0.691929,0.992057,0][5.27472,-0.434997,0.576084][-0.388264,0.104186,0.91564][0.692148,0.992388,0][5.50672,-0.111796,0.637684][-0.388264,0.104186,0.91564][0.692472,0.991816,0][5.08418,-0.544796,0.542434][-0.393255,0.115244,0.912178][0.691857,0.992618,0][5.11657,-0.607196,0.564274][-0.393255,0.115244,0.912178][0.691931,0.992711,0][5.15627,-0.532196,0.571914][-0.393255,0.115244,0.912178][0.691981,0.992582,0][4.9054,-1.0126,0.416224][0.218038,-0.354419,0.909311][0.661642,0.983249,0][4.95064,-1.085,0.377184][0.218038,-0.354419,0.909311][0.661514,0.983317,0][5.00297,-1.0189,0.390394][0.218038,-0.354419,0.909311][0.661613,0.98339,0][4.76326,-1.4746,0.419754][-0.106947,-0.418938,0.901694][0.660775,0.983126,0][4.80023,-1.5543,0.387094][-0.106947,-0.418938,0.901694][0.660636,0.983184,0][4.85368,-1.4874,0.424534][-0.106947,-0.418938,0.901694][0.660758,0.983271,0][4.51214,-1.91697,0.379054][-0.360876,-0.420517,0.832426][0.659881,0.982808,0][4.52972,-1.98859,0.350494][-0.360876,-0.420517,0.832426][0.659755,0.982837,0][4.58173,-1.94066,0.397254][-0.360876,-0.420517,0.832426][0.659858,0.982929,0][4.34082,-0.998897,0.0767736][0.401349,0.00835694,-0.915887][0.441721,0.873363,0][4.61136,-0.738696,0.208494][0.354007,0.0364879,-0.934531][0.418617,0.912318,0][4.67639,-0.920396,0.215944][0.334605,0.0527649,-0.94088][0.439789,0.915409,0][3.09616,-0.624596,-0.453816][0.351184,0.152648,-0.923779][0.514107,0.371924,0][4.03005,-0.0598965,-0.00495625][0.331831,0.124587,-0.935075][0.504432,0.487705,0][4.02726,-0.329697,-0.0511065][0.340378,0.151037,-0.928079][0.528193,0.47451,0][4.02726,-0.329697,-0.0511065][0.340378,0.151037,-0.928079][0.528193,0.47451,0][3.0971,-0.872895,-0.493966][0.363416,0.12024,-0.923835][0.535927,0.360621,0][3.09616,-0.624596,-0.453816][0.351184,0.152648,-0.923779][0.514107,0.371924,0][2.6838,-1.6147,-0.519306][-0.428285,0.297736,0.853185][0.660127,0.979487,0][3.98048,-1.8075,0.198874][-0.0709019,0.8942,0.442018][0.659925,0.981875,0][2.68903,-1.54399,-0.541366][-0.391153,0.404805,0.826518][0.660248,0.97947,0][2.81282,-1.3494,-0.473796][-0.436924,0.212186,0.874114][0.660589,0.979654,0][4.14101,-1.4713,0.219714][-0.238844,0.69594,0.677216][0.660641,0.982065,0][2.94327,-1.2468,-0.433496][-0.421499,0.269993,0.865703][0.660785,0.979854,0][3.04508,-1.09029,-0.416426][-0.433572,0.350784,0.83004][0.688339,0.993993,0][3.03231,-1.14719,-0.397946][-0.431345,0.364705,0.825186][0.688339,0.994093,0][4.32654,-1.0655,0.242504][-0.409907,-0.414042,0.812739][0.690642,0.993616,0][3.90408,-0.632796,-0.148686][0.355615,0.111836,-0.927917][0.079598,0.087942,0][4.02726,-0.329697,-0.0511065][0.340378,0.151037,-0.928079][0.063784,0.115557,0][4.62793,-0.220396,0.175764][0.304856,0.096149,-0.947533][0.089372,0.170779,0][4.67011,0.731403,0.126604][0.358957,0.133049,-0.923822][0.939948,0.825308,0][4.43698,0.822904,0.0324237][0.342682,0.194559,-0.919084][0.907689,0.8177,0][4.65029,1.1691,0.197624][0.127358,0.184399,-0.974565][0.911443,0.871323,0][4.62793,-0.220396,0.175764][0.304856,0.096149,-0.947533][0.089372,0.170779,0][4.29524,-0.110296,0.0776837][0.303134,0.099595,-0.947729][0.062309,0.150039,0][4.68774,0.218404,0.231304][0.286544,0.084259,-0.954355][0.059458,0.200431,0][4.68774,0.218404,0.231304][0.286544,0.084259,-0.954355][0.059458,0.200431,0][5.14269,0.202204,0.361454][0.27793,0.093272,-0.956063][0.086971,0.236472,0][4.62793,-0.220396,0.175764][0.304856,0.096149,-0.947533][0.089372,0.170779,0][5.19502,1.4712,0.528654][0.867354,-0.417077,-0.271558][0.511272,0.0286061,0][4.90689,0.996404,0.397064][0.853727,-0.457475,-0.24873][0.496992,0.0319963,0][4.8932,1.0433,0.226634][0.852424,-0.461092,-0.246512][0.497837,0.0364107,0][4.8932,1.0433,0.226634][0.852424,-0.461092,-0.246512][0.497837,0.0364107,0][5.26931,1.7361,0.410664][0.871468,-0.408142,-0.271963][0.517975,0.0332171,0][5.19502,1.4712,0.528654][0.867354,-0.417077,-0.271558][0.511272,0.0286061,0][-1.87786,-4.78466,-0.618376][-0.462429,-0.131043,-0.876919][0.656733,0.216225,0][-1.53722,-4.86458,-0.782366][-0.509477,-0.13492,-0.849841][0.636813,0.197978,0][-1.82529,-5.06464,-0.592796][-0.457368,-0.192754,-0.868136][0.658652,0.202027,0][-1.82529,-5.06464,-0.592796][-0.457368,-0.192754,-0.868136][0.658652,0.202027,0][-1.95785,-4.96903,-0.551246][-0.478468,-0.238751,-0.845025][0.661275,0.208588,0][-1.87786,-4.78466,-0.618376][-0.462429,-0.131043,-0.876919][0.656733,0.216225,0][-1.82529,-5.06464,-0.592796][-0.457368,-0.192754,-0.868136][0.658652,0.202027,0][-2.01379,-5.05356,-0.411566][-0.588782,-0.565242,-0.577787][0.667825,0.206914,0][-1.95785,-4.96903,-0.551246][-0.478468,-0.238751,-0.845025][0.661275,0.208588,0][-1.40775,-5.03709,-0.864466][-0.535163,-0.0529189,-0.84309][0.632331,0.185208,0][-1.58286,-5.1528,-0.640076][-0.351945,-0.691254,-0.631112][0.645552,0.184987,0][-1.57407,-5.04136,-0.767026][-0.506446,-0.25948,-0.822303][0.639725,0.18926,0][-1.40775,-5.03709,-0.864466][-0.535163,-0.0529189,-0.84309][0.632331,0.185208,0][-1.57407,-5.04136,-0.767026][-0.506446,-0.25948,-0.822303][0.639725,0.18926,0][-1.53722,-4.86458,-0.782366][-0.509477,-0.13492,-0.849841][0.636813,0.197978,0][-1.53722,-4.86458,-0.782366][-0.509477,-0.13492,-0.849841][0.636813,0.197978,0][-1.28304,-4.88457,-0.953646][-0.549752,-0.0267999,-0.834898][0.618705,0.183732,0][-1.40775,-5.03709,-0.864466][-0.535163,-0.0529189,-0.84309][0.632331,0.185208,0][-2.61221,-4.71087,-0.147176][-0.640366,0.0023121,-0.768066][0.717125,0.241168,0][-2.37917,-4.69807,-0.341436][-0.509287,-0.0961469,-0.855209][0.694105,0.242221,0][-2.43348,-4.80947,-0.296486][-0.551859,-0.0656599,-0.831349][0.700477,0.23467,0][-2.37917,-4.69807,-0.341436][-0.509287,-0.0961469,-0.855209][0.694105,0.242221,0][-2.20415,-4.58144,-0.455726][-0.483197,-0.11737,-0.867609][0.675457,0.244632,0][-2.16871,-4.82193,-0.446436][-0.49467,-0.106477,-0.862534][0.680091,0.22667,0][-2.16871,-4.82193,-0.446436][-0.49467,-0.106477,-0.862534][0.680091,0.22667,0][-2.43348,-4.80947,-0.296486][-0.551859,-0.0656599,-0.831349][0.700477,0.23467,0][-2.37917,-4.69807,-0.341436][-0.509287,-0.0961469,-0.855209][0.694105,0.242221,0][-2.20415,-4.58144,-0.455726][-0.483197,-0.11737,-0.867609][0.675457,0.244632,0][-1.87786,-4.78466,-0.618376][-0.462429,-0.131043,-0.876919][0.656733,0.216225,0][-2.16871,-4.82193,-0.446436][-0.49467,-0.106477,-0.862534][0.680091,0.22667,0][-2.88676,-4.39878,-0.0971062][-0.497733,-0.149795,-0.854297][0.721878,0.276973,0][-3.15421,-4.36455,0.118034][-0.61594,-0.337033,-0.712058][0.741753,0.2742,0][-2.99826,-4.29189,-0.0512562][-0.561514,-0.245222,-0.790296][0.730499,0.281281,0][-2.88676,-4.39878,-0.0971062][-0.497733,-0.149795,-0.854297][0.721878,0.276973,0][-2.99826,-4.29189,-0.0512562][-0.561514,-0.245222,-0.790296][0.730499,0.281281,0][-2.66625,-4.27857,-0.236846][-0.485427,-0.125741,-0.865188][0.703159,0.288158,0][-2.66625,-4.27857,-0.236846][-0.485427,-0.125741,-0.865188][0.703159,0.288158,0][-2.71535,-4.43208,-0.187686][-0.482945,-0.124492,-0.866756][0.71018,0.276634,0][-2.88676,-4.39878,-0.0971062][-0.497733,-0.149795,-0.854297][0.721878,0.276973,0][-2.66625,-4.27857,-0.236846][-0.485427,-0.125741,-0.865188][0.703159,0.288158,0][-2.37093,-4.48687,-0.373466][-0.493374,-0.126999,-0.860496][0.685977,0.259192,0][-2.71535,-4.43208,-0.187686][-0.482945,-0.124492,-0.866756][0.71018,0.276634,0][-2.37093,-4.48687,-0.373466][-0.493374,-0.126999,-0.860496][0.685977,0.259192,0][-2.20415,-4.58144,-0.455726][-0.483197,-0.11737,-0.867609][0.675457,0.244632,0][-2.37917,-4.69807,-0.341436][-0.509287,-0.0961469,-0.855209][0.694105,0.242221,0][-2.20415,-4.58144,-0.455726][-0.483197,-0.11737,-0.867609][0.675457,0.244632,0][-2.37093,-4.48687,-0.373466][-0.493374,-0.126999,-0.860496][0.685977,0.259192,0][-2.59985,-3.75695,-0.351536][-0.482846,-0.119619,-0.867497][0.669919,0.324011,0][-3.52697,-3.57507,0.142824][-0.48411,-0.125633,-0.865941][0.742969,0.390524,0][-2.59985,-3.75695,-0.351536][-0.482846,-0.119619,-0.867497][0.669919,0.324011,0][-2.66625,-4.27857,-0.236846][-0.485427,-0.125741,-0.865188][0.703159,0.288158,0][-2.66625,-4.27857,-0.236846][-0.485427,-0.125741,-0.865188][0.703159,0.288158,0][-3.72774,-3.66647,0.266444][-0.483575,-0.125955,-0.866193][0.759979,0.389602,0][-3.52697,-3.57507,0.142824][-0.48411,-0.125633,-0.865941][0.742969,0.390524,0][-3.86758,-3.56925,0.328414][-0.476095,-0.130407,-0.869671][0.750842,0.362208,0][-3.52697,-3.57507,0.142824][-0.48411,-0.125633,-0.865941][0.72602,0.350976,0][-3.72774,-3.66647,0.266444][-0.483575,-0.125955,-0.866193][0.74303,0.350053,0][-2.59985,-3.75695,-0.351536][-0.482846,-0.119619,-0.867497][0.669919,0.324011,0][-3.52697,-3.57507,0.142824][-0.48411,-0.125633,-0.865941][0.742969,0.390524,0][-3.59079,-3.2982,0.138094][-0.469708,-0.139072,-0.871799][0.732971,0.414377,0][-3.82745,-3.40943,0.278194][-0.462673,-0.121656,-0.878142][0.75209,0.415706,0][-3.59079,-3.2982,0.138094][-0.469708,-0.139072,-0.871799][0.732971,0.414377,0][-3.52697,-3.57507,0.142824][-0.48411,-0.125633,-0.865941][0.742969,0.390524,0][-3.59079,-3.2982,0.138094][-0.469708,-0.139072,-0.871799][0.732971,0.414377,0][-3.02008,-3.08331,-0.202986][-0.480154,-0.112048,-0.869999][0.670581,0.397787,0][-2.59985,-3.75695,-0.351536][-0.482846,-0.119619,-0.867497][0.669919,0.324011,0][-3.59079,-3.2982,0.138094][-0.469708,-0.139072,-0.871799][0.732971,0.414377,0][-3.96671,-3.21661,0.310414][-0.440475,-0.166181,-0.88225][0.753985,0.438624,0][-3.78245,-3.04823,0.186704][-0.441776,-0.150729,-0.884372][0.734929,0.442943,0][-3.17288,-2.51523,-0.201426][-0.460874,-0.116977,-0.879722][0.652324,0.448501,0][-3.02008,-3.08331,-0.202986][-0.480154,-0.112048,-0.869999][0.670581,0.397787,0][-3.78245,-3.04823,0.186704][-0.441776,-0.150729,-0.884372][0.734929,0.442943,0][-3.02008,-3.08331,-0.202986][-0.480154,-0.112048,-0.869999][0.670581,0.397787,0][-3.59079,-3.2982,0.138094][-0.469708,-0.139072,-0.871799][0.732971,0.414377,0][-3.78245,-3.04823,0.186704][-0.441776,-0.150729,-0.884372][0.734929,0.442943,0][-3.78245,-3.04823,0.186704][-0.441776,-0.150729,-0.884372][0.734929,0.442943,0][-4.02348,-2.98874,0.294784][-0.432502,-0.155878,-0.888057][0.749566,0.458709,0][-3.96497,-2.80426,0.233154][-0.430394,-0.137198,-0.892153][0.737766,0.471798,0][-3.96497,-2.80426,0.233154][-0.430394,-0.137198,-0.892153][0.737766,0.471798,0][-3.17288,-2.51523,-0.201426][-0.460874,-0.116977,-0.879722][0.652324,0.448501,0][-3.78245,-3.04823,0.186704][-0.441776,-0.150729,-0.884372][0.734929,0.442943,0][-4.21923,-2.88152,0.370874][-0.432815,-0.161295,-0.886936][0.762355,0.4691,0][-3.96497,-2.80426,0.233154][-0.430394,-0.137198,-0.892153][0.737766,0.471798,0][-4.02348,-2.98874,0.294784][-0.432502,-0.155878,-0.888057][0.749566,0.458709,0][-4.02348,-2.98874,0.294784][-0.432502,-0.155878,-0.888057][0.749566,0.458709,0][-4.20457,-2.99187,0.384174][-0.432804,-0.16132,-0.886937][0.763507,0.462127,0][-4.21923,-2.88152,0.370874][-0.432815,-0.161295,-0.886936][0.762355,0.4691,0][-4.29681,-2.94379,0.420144][-0.431497,-0.164222,-0.887041][0.769739,0.466808,0][-4.21923,-2.88152,0.370874][-0.432815,-0.161295,-0.886936][0.762355,0.4691,0][-4.20457,-2.99187,0.384174][-0.432804,-0.16132,-0.886937][0.763507,0.462127,0][-3.96497,-2.80426,0.233154][-0.430394,-0.137198,-0.892153][0.737766,0.471798,0][-4.27726,-2.76146,0.377574][-0.462534,-0.139858,-0.875501][0.759764,0.493764,0][-4.35692,-2.2388,0.332004][-0.440283,-0.133286,-0.887911][0.739951,0.538574,0][-4.35692,-2.2388,0.332004][-0.440283,-0.133286,-0.887911][0.739951,0.538574,0][-3.85728,-1.86529,0.0478837][-0.428033,-0.0961389,-0.898635][0.674273,0.536891,0][-3.96497,-2.80426,0.233154][-0.430394,-0.137198,-0.892153][0.737766,0.471798,0][-4.77837,-2.63522,0.692604][-0.55089,-0.152293,-0.820565][0.790541,0.521633,0][-4.35692,-2.2388,0.332004][-0.440283,-0.133286,-0.887911][0.739951,0.538574,0][-4.27726,-2.76146,0.377574][-0.462534,-0.139858,-0.875501][0.759764,0.493764,0][-4.27726,-2.76146,0.377574][-0.462534,-0.139858,-0.875501][0.759764,0.493764,0][-4.78809,-2.73458,0.715294][-0.547995,-0.152569,-0.82245][0.795865,0.51492,0][-4.77837,-2.63522,0.692604][-0.55089,-0.152293,-0.820565][0.790541,0.521633,0][-4.78809,-2.73458,0.715294][-0.547995,-0.152569,-0.82245][0.795865,0.51492,0][-4.92467,-2.68848,0.771514][-0.421936,-0.162395,-0.891963][0.804618,0.52389,0][-4.77837,-2.63522,0.692604][-0.55089,-0.152293,-0.820565][0.790541,0.521633,0][-3.17288,-2.51523,-0.201426][-0.460874,-0.116977,-0.879722][0.652324,0.448501,0][-3.96497,-2.80426,0.233154][-0.430394,-0.137198,-0.892153][0.737766,0.471798,0][-3.85728,-1.86529,0.0478837][-0.428033,-0.0961389,-0.898635][0.674273,0.536891,0][-4.35692,-2.2388,0.332004][-0.440283,-0.133286,-0.887911][0.739951,0.538574,0][-4.60055,-1.85199,0.393534][-0.419996,-0.118575,-0.899746][0.736091,0.582429,0][-3.85728,-1.86529,0.0478837][-0.428033,-0.0961389,-0.898635][0.674273,0.536891,0][-4.60055,-1.85199,0.393534][-0.419996,-0.118575,-0.899746][0.736091,0.582429,0][-4.35692,-2.2388,0.332004][-0.440283,-0.133286,-0.887911][0.739951,0.538574,0][-4.76241,-2.31375,0.534044][-0.423653,-0.128672,-0.896639][0.772309,0.561613,0][-4.76241,-2.31375,0.534044][-0.423653,-0.128672,-0.896639][0.772309,0.561613,0][-4.77555,-1.84569,0.473334][-0.417511,-0.120208,-0.900686][0.750922,0.594332,0][-4.60055,-1.85199,0.393534][-0.419996,-0.118575,-0.899746][0.736091,0.582429,0][-5.24778,-2.50492,0.792464][-0.425146,-0.131351,-0.895543][0.815643,0.570353,0][-4.77555,-1.84569,0.473334][-0.417511,-0.120208,-0.900686][0.750922,0.594332,0][-4.76241,-2.31375,0.534044][-0.423653,-0.128672,-0.896639][0.772309,0.561613,0][-4.76241,-2.31375,0.534044][-0.423653,-0.128672,-0.896639][0.772309,0.561613,0][-5.20274,-2.53452,0.776774][-0.425282,-0.130881,-0.895548][0.813698,0.566652,0][-5.24778,-2.50492,0.792464][-0.425146,-0.131351,-0.895543][0.815643,0.570353,0][-5.20274,-2.53452,0.776774][-0.425282,-0.130881,-0.895548][0.813698,0.566652,0][-5.31031,-2.54841,0.829344][-0.416709,-0.159701,-0.894902][0.822045,0.569306,0][-5.24778,-2.50492,0.792464][-0.425146,-0.131351,-0.895543][0.815643,0.570353,0][-5.18828,-1.98652,0.681514][-0.414463,-0.119735,-0.902155][0.780914,0.617285,0][-5.0591,-1.48439,0.558534][-0.432664,-0.104509,-0.895478][0.748775,0.635249,0][-4.77555,-1.84569,0.473334][-0.417511,-0.120208,-0.900686][0.750922,0.594332,0][-4.77555,-1.84569,0.473334][-0.417511,-0.120208,-0.900686][0.750922,0.594332,0][-5.13983,-2.14927,0.683624][-0.415294,-0.121903,-0.901482][0.788381,0.609021,0][-5.18828,-1.98652,0.681514][-0.414463,-0.119735,-0.902155][0.780914,0.617285,0][-5.24132,-2.29283,0.753194][-0.421005,-0.13694,-0.896662][0.801553,0.610964,0][-5.18828,-1.98652,0.681514][-0.414463,-0.119735,-0.902155][0.780914,0.617285,0][-5.13983,-2.14927,0.683624][-0.415294,-0.121903,-0.901482][0.788381,0.609021,0][-4.60055,-1.85199,0.393534][-0.419996,-0.118575,-0.899746][0.736091,0.582429,0][-4.74898,-1.56219,0.427194][-0.411131,-0.0876869,-0.907349][0.730825,0.611707,0][-3.85728,-1.86529,0.0478837][-0.428033,-0.0961389,-0.898635][0.674273,0.536891,0][-1.76427,-4.80968,-0.550476][0.491915,0.110242,0.863636][0.260779,0.697989,0][-1.90154,-4.95825,-0.454256][0.500972,0.0940679,0.860336][0.271417,0.699993,0][-1.77967,-5.05619,-0.514546][0.500948,0.0941079,0.860346][0.268249,0.707446,0][-1.77967,-5.05619,-0.514546][0.500948,0.0941079,0.860346][0.268249,0.707446,0][-1.4916,-4.85614,-0.704106][0.501082,0.0936509,0.860318][0.24902,0.70771,0][-1.76427,-4.80968,-0.550476][0.491915,0.110242,0.863636][0.260779,0.697989,0][-1.77967,-5.05619,-0.514546][0.500948,0.0941079,0.860346][0.268249,0.707446,0][-1.90154,-4.95825,-0.454256][0.500972,0.0940679,0.860336][0.271417,0.699993,0][-1.99956,-5.05084,-0.387056][0.501085,0.0938719,0.860291][0.278649,0.700897,0][-1.35124,-5.02662,-0.767546][0.501517,0.0928459,0.860151][0.234512,0.72912,0][-1.51756,-5.0309,-0.670106][0.501517,0.0928539,0.860151][0.247965,0.721418,0][-1.57371,-5.1511,-0.624386][0.501515,0.0928749,0.860149][0.257904,0.726766,0][-1.35124,-5.02662,-0.767546][0.501517,0.0928459,0.860151][0.234512,0.72912,0][-1.22652,-4.87411,-0.856726][0.50152,0.0928569,0.860148][0.217651,0.724911,0][-1.4916,-4.85614,-0.704106][0.501082,0.0936509,0.860318][0.24902,0.70771,0][-1.4916,-4.85614,-0.704106][0.501082,0.0936509,0.860318][0.24902,0.70771,0][-1.51756,-5.0309,-0.670106][0.501517,0.0928539,0.860151][0.247965,0.721418,0][-1.35124,-5.02662,-0.767546][0.501517,0.0928459,0.860151][0.234512,0.72912,0][-2.58273,-4.70399,-0.0949962][0.490116,0.109571,0.864743][0.317556,0.648594,0][-2.38196,-4.82213,-0.193816][0.49265,0.107349,0.863581][0.30711,0.66603,0][-2.35578,-4.65664,-0.229626][0.492731,0.107463,0.863521][0.297416,0.656254,0][-2.10664,-4.85291,-0.347786][0.495085,0.106263,0.862322][0.286707,0.681246,0][-2.14877,-4.56914,-0.358376][0.487508,0.115539,0.86544][0.277004,0.660324,0][-2.35578,-4.65664,-0.229626][0.492731,0.107463,0.863521][0.297416,0.656254,0][-2.35578,-4.65664,-0.229626][0.492731,0.107463,0.863521][0.297416,0.656254,0][-2.38196,-4.82213,-0.193816][0.49265,0.107349,0.863581][0.30711,0.66603,0][-2.10664,-4.85291,-0.347786][0.495085,0.106263,0.862322][0.286707,0.681246,0][-2.14877,-4.56914,-0.358376][0.487508,0.115539,0.86544][0.277004,0.660324,0][-2.10664,-4.85291,-0.347786][0.495085,0.106263,0.862322][0.286707,0.681246,0][-1.76427,-4.80968,-0.550476][0.491915,0.110242,0.863636][0.260779,0.697989,0][-1.22652,-4.87411,-0.856726][0.50152,0.0928569,0.860148][0.217651,0.724911,0][-1.07184,-4.55121,-0.981776][0.494679,0.106904,0.862476][0.190672,0.710756,0][-1.4916,-4.85614,-0.704106][0.501082,0.0936509,0.860318][0.24902,0.70771,0][-2.80602,-4.41016,-0.0103862][0.48053,0.126461,0.867813][0.312709,0.618399,0][-2.98329,-4.23995,0.0623939][0.480031,0.127426,0.867948][0.318646,0.598714,0][-3.1305,-4.35801,0.161174][0.479573,0.12831,0.86807][0.335707,0.599554,0][-2.80602,-4.41016,-0.0103862][0.48053,0.126461,0.867813][0.312709,0.618399,0][-2.65046,-4.452,-0.0911162][0.487525,0.12592,0.863981][0.302444,0.628579,0][-2.72017,-4.22763,-0.0844762][0.476024,0.133098,0.869302][0.288743,0.617626,0][-2.72017,-4.22763,-0.0844762][0.476024,0.133098,0.869302][0.288743,0.617626,0][-2.98329,-4.23995,0.0623939][0.480031,0.127426,0.867948][0.318646,0.598714,0][-2.80602,-4.41016,-0.0103862][0.48053,0.126461,0.867813][0.312709,0.618399,0][-2.72017,-4.22763,-0.0844762][0.476024,0.133098,0.869302][0.288743,0.617626,0][-2.65046,-4.452,-0.0911162][0.487525,0.12592,0.863981][0.302444,0.628579,0][-2.35266,-4.5599,-0.243916][0.489208,0.1253,0.86312][0.283997,0.649963,0][-2.35266,-4.5599,-0.243916][0.489208,0.1253,0.86312][0.283997,0.649963,0][-2.54633,-3.74168,-0.253566][0.474884,0.1331,0.869925][0.252269,0.593713,0][-2.72017,-4.22763,-0.0844762][0.476024,0.133098,0.869302][0.288743,0.617626,0][-2.35266,-4.5599,-0.243916][0.489208,0.1253,0.86312][0.283997,0.649963,0][-2.35578,-4.65664,-0.229626][0.492731,0.107463,0.863521][0.297416,0.656254,0][-2.14877,-4.56914,-0.358376][0.487508,0.115539,0.86544][0.277004,0.660324,0][-2.14877,-4.56914,-0.358376][0.487508,0.115539,0.86544][0.277004,0.660324,0][-2.54633,-3.74168,-0.253566][0.474884,0.1331,0.869925][0.252269,0.593713,0][-2.35266,-4.5599,-0.243916][0.489208,0.1253,0.86312][0.283997,0.649963,0][-3.56867,-3.56004,0.264404][0.467673,0.144253,0.872051][0.331886,0.533311,0][-3.752,-3.68269,0.383184][0.466883,0.140592,0.873072][0.351983,0.532732,0][-2.72017,-4.22763,-0.0844762][0.476024,0.133098,0.869302][0.288743,0.617626,0][-2.72017,-4.22763,-0.0844762][0.476024,0.133098,0.869302][0.288743,0.617626,0][-2.54633,-3.74168,-0.253566][0.474884,0.1331,0.869925][0.252269,0.593713,0][-3.56867,-3.56004,0.264404][0.467673,0.144253,0.872051][0.331886,0.533311,0][-3.89164,-3.54048,0.430174][0.458354,0.16125,0.87402][0.355928,0.516797,0][-3.752,-3.68269,0.383184][0.466883,0.140592,0.873072][0.351983,0.532732,0][-3.56867,-3.56004,0.264404][0.467673,0.144253,0.872051][0.331886,0.533311,0][-2.54633,-3.74168,-0.253566][0.474884,0.1331,0.869925][0.252269,0.593713,0][-3.62978,-3.29489,0.247484][0.460703,0.159415,0.873121][0.332514,0.505723,0][-3.56867,-3.56004,0.264404][0.467673,0.144253,0.872051][0.331886,0.533311,0][-3.85716,-3.39408,0.384564][0.457024,0.161165,0.874731][0.354877,0.501536,0][-3.56867,-3.56004,0.264404][0.467673,0.144253,0.872051][0.331886,0.533311,0][-3.62978,-3.29489,0.247484][0.460703,0.159415,0.873121][0.332514,0.505723,0][-3.62978,-3.29489,0.247484][0.460703,0.159415,0.873121][0.332514,0.505723,0][-2.54633,-3.74168,-0.253566][0.474884,0.1331,0.869925][0.252269,0.593713,0][-2.9841,-3.07056,-0.131636][0.462911,0.137422,0.875688][0.271761,0.521412,0][-3.62978,-3.29489,0.247484][0.460703,0.159415,0.873121][0.332514,0.505723,0][-3.81984,-3.03892,0.296894][0.449228,0.15393,0.880057][0.334768,0.479933,0][-4.01433,-3.23357,0.434514][0.452637,0.167001,0.875917][0.359183,0.483587,0][-3.14245,-2.50658,-0.136636][0.464808,0.106913,0.878933][0.257429,0.4766,0][-3.81984,-3.03892,0.296894][0.449228,0.15393,0.880057][0.334768,0.479933,0][-2.9841,-3.07056,-0.131636][0.462911,0.137422,0.875688][0.271761,0.521412,0][-2.9841,-3.07056,-0.131636][0.462911,0.137422,0.875688][0.271761,0.521412,0][-3.81984,-3.03892,0.296894][0.449228,0.15393,0.880057][0.334768,0.479933,0][-3.62978,-3.29489,0.247484][0.460703,0.159415,0.873121][0.332514,0.505723,0][-4.02528,-2.80476,0.359274][0.447889,0.108142,0.887525][0.339308,0.454859,0][-4.0308,-3.0027,0.397944][0.445711,0.154518,0.88174][0.349216,0.46763,0][-3.81984,-3.03892,0.296894][0.449228,0.15393,0.880057][0.334768,0.479933,0][-3.81984,-3.03892,0.296894][0.449228,0.15393,0.880057][0.334768,0.479933,0][-3.14245,-2.50658,-0.136636][0.464808,0.106913,0.878933][0.257429,0.4766,0][-4.02528,-2.80476,0.359274][0.447889,0.108142,0.887525][0.339308,0.454859,0][-4.0308,-3.0027,0.397944][0.445711,0.154518,0.88174][0.349216,0.46763,0][-4.02528,-2.80476,0.359274][0.447889,0.108142,0.887525][0.339308,0.454859,0][-4.2182,-2.84656,0.467274][0.453548,0.151503,0.87826][0.356214,0.448572,0][-4.2182,-2.84656,0.467274][0.453548,0.151503,0.87826][0.356214,0.448572,0][-4.20103,-2.98494,0.481014][0.453538,0.151511,0.878264][0.361405,0.458513,0][-4.0308,-3.0027,0.397944][0.445711,0.154518,0.88174][0.349216,0.46763,0][-4.31479,-2.92406,0.531084][0.462307,0.144191,0.874918][0.367346,0.449182,0][-4.20103,-2.98494,0.481014][0.453538,0.151511,0.878264][0.361405,0.458513,0][-4.2182,-2.84656,0.467274][0.453548,0.151503,0.87826][0.356214,0.448572,0][-4.02528,-2.80476,0.359274][0.447889,0.108142,0.887525][0.339308,0.454859,0][-3.80717,-1.85485,0.157564][0.458399,0.0865619,0.884521][0.279904,0.401467,0][-4.42613,-2.27385,0.495474][0.429832,0.113718,0.895719][0.345667,0.400771,0][-4.42613,-2.27385,0.495474][0.429832,0.113718,0.895719][0.345667,0.400771,0][-4.23485,-2.78191,0.466874][0.43769,0.106189,0.892834][0.354493,0.443478,0][-4.02528,-2.80476,0.359274][0.447889,0.108142,0.887525][0.339308,0.454859,0][-4.77127,-2.58297,0.708804][0.445934,0.131169,0.885402][0.386318,0.405164,0][-4.77428,-2.76568,0.743404][0.444891,0.13249,0.88573][0.395309,0.41706,0][-4.23485,-2.78191,0.466874][0.43769,0.106189,0.892834][0.354493,0.443478,0][-4.23485,-2.78191,0.466874][0.43769,0.106189,0.892834][0.354493,0.443478,0][-4.42613,-2.27385,0.495474][0.429832,0.113718,0.895719][0.345667,0.400771,0][-4.77127,-2.58297,0.708804][0.445934,0.131169,0.885402][0.386318,0.405164,0][-4.77428,-2.76568,0.743404][0.444891,0.13249,0.88573][0.395309,0.41706,0][-4.77127,-2.58297,0.708804][0.445934,0.131169,0.885402][0.386318,0.405164,0][-4.97999,-2.68506,0.825834][0.421126,0.162027,0.892412][0.406976,0.40218,0][-3.14245,-2.50658,-0.136636][0.464808,0.106913,0.878933][0.257429,0.4766,0][-3.80717,-1.85485,0.157564][0.458399,0.0865619,0.884521][0.279904,0.401467,0][-4.02528,-2.80476,0.359274][0.447889,0.108142,0.887525][0.339308,0.454859,0][-1.07184,-4.55121,-0.981776][0.494679,0.106904,0.862476][0.190672,0.710756,0][-1.76427,-4.80968,-0.550476][0.491915,0.110242,0.863636][0.260779,0.697989,0][-1.4916,-4.85614,-0.704106][0.501082,0.0936509,0.860318][0.24902,0.70771,0][-1.73125,-3.78406,-0.697916][0.488157,0.114885,0.865161][0.207664,0.628073,0][-2.54633,-3.74168,-0.253566][0.474884,0.1331,0.869925][0.252269,0.593713,0][-2.14877,-4.56914,-0.358376][0.487508,0.115539,0.86544][0.277004,0.660324,0][-2.14877,-4.56914,-0.358376][0.487508,0.115539,0.86544][0.277004,0.660324,0][-1.76427,-4.80968,-0.550476][0.491915,0.110242,0.863636][0.260779,0.697989,0][-1.73125,-3.78406,-0.697916][0.488157,0.114885,0.865161][0.207664,0.628073,0][-1.07184,-4.55121,-0.981776][0.494679,0.106904,0.862476][0.190672,0.710756,0][-1.73125,-3.78406,-0.697916][0.488157,0.114885,0.865161][0.207664,0.628073,0][-1.76427,-4.80968,-0.550476][0.491915,0.110242,0.863636][0.260779,0.697989,0][-2.54633,-3.74168,-0.253566][0.474884,0.1331,0.869925][0.252269,0.593713,0][-1.73125,-3.78406,-0.697916][0.488157,0.114885,0.865161][0.207664,0.628073,0][-1.93147,-3.16683,-0.679116][0.469825,0.129187,0.873255][0.194394,0.577623,0][-2.9841,-3.07056,-0.131636][0.462911,0.137422,0.875688][0.271761,0.521412,0][-2.54633,-3.74168,-0.253566][0.474884,0.1331,0.869925][0.252269,0.593713,0][-1.93147,-3.16683,-0.679116][0.469825,0.129187,0.873255][0.194394,0.577623,0][-2.19818,-2.70005,-0.602746][0.463431,0.111061,0.879146][0.19336,0.533998,0][-3.14245,-2.50658,-0.136636][0.464808,0.106913,0.878933][0.257429,0.4766,0][-2.9841,-3.07056,-0.131636][0.462911,0.137422,0.875688][0.271761,0.521412,0][-2.9841,-3.07056,-0.131636][0.462911,0.137422,0.875688][0.271761,0.521412,0][-1.93147,-3.16683,-0.679116][0.469825,0.129187,0.873255][0.194394,0.577623,0][-2.19818,-2.70005,-0.602746][0.463431,0.111061,0.879146][0.19336,0.533998,0][-3.14245,-2.50658,-0.136636][0.464808,0.106913,0.878933][0.257429,0.4766,0][-2.19818,-2.70005,-0.602746][0.463431,0.111061,0.879146][0.19336,0.533998,0][-2.62305,-2.27136,-0.433096][0.457472,0.0867249,0.884985][0.206559,0.485379,0][-2.7839,-1.74179,-0.403616][0.459037,0.0787159,0.884923][0.195061,0.442349,0][-3.14245,-2.50658,-0.136636][0.464808,0.106913,0.878933][0.257429,0.4766,0][-2.62305,-2.27136,-0.433096][0.457472,0.0867249,0.884985][0.206559,0.485379,0][-3.80717,-1.85485,0.157564][0.458399,0.0865619,0.884521][0.279904,0.401467,0][-3.14245,-2.50658,-0.136636][0.464808,0.106913,0.878933][0.257429,0.4766,0][-2.7839,-1.74179,-0.403616][0.459037,0.0787159,0.884923][0.195061,0.442349,0][-4.42613,-2.27385,0.495474][0.429832,0.113718,0.895719][0.345667,0.400771,0][-3.80717,-1.85485,0.157564][0.458399,0.0865619,0.884521][0.279904,0.401467,0][-4.55358,-1.84055,0.495224][0.418188,0.0604829,0.906345][0.335249,0.366182,0][-4.83342,-1.93464,0.636544][0.424145,0.0813789,0.901931][0.346026,0.360892,0][-4.72596,-2.35812,0.649634][0.419693,0.1353,0.897525][0.357719,0.393903,0][-4.42613,-2.27385,0.495474][0.429832,0.113718,0.895719][0.345667,0.400771,0][-4.42613,-2.27385,0.495474][0.429832,0.113718,0.895719][0.345667,0.400771,0][-4.55358,-1.84055,0.495224][0.418188,0.0604829,0.906345][0.335249,0.366182,0][-4.83342,-1.93464,0.636544][0.424145,0.0813789,0.901931][0.346026,0.360892,0][-5.24127,-2.46707,0.908474][0.420285,0.141538,0.896286][0.40162,0.377165,0][-5.16604,-2.57663,0.893174][0.420389,0.141058,0.896312][0.401194,0.387867,0][-4.72596,-2.35812,0.649634][0.419693,0.1353,0.897525][0.357719,0.393903,0][-4.72596,-2.35812,0.649634][0.419693,0.1353,0.897525][0.357719,0.393903,0][-4.83342,-1.93464,0.636544][0.424145,0.0813789,0.901931][0.346026,0.360892,0][-5.24127,-2.46707,0.908474][0.420285,0.141538,0.896286][0.40162,0.377165,0][-5.16604,-2.57663,0.893174][0.420389,0.141058,0.896312][0.401194,0.387867,0][-5.24127,-2.46707,0.908474][0.420285,0.141538,0.896286][0.40162,0.377165,0][-5.35896,-2.55058,0.978174][0.416041,0.160689,0.895036][0.41448,0.377232,0][-4.68724,-1.54889,0.563194][0.432945,0.0690919,0.898768][0.333289,0.340051,0][-5.05176,-1.56389,0.730474][0.322293,0.111116,0.940096][0.361066,0.324401,0][-4.83342,-1.93464,0.636544][0.424145,0.0813789,0.901931][0.346026,0.360892,0][-4.83342,-1.93464,0.636544][0.424145,0.0813789,0.901931][0.346026,0.360892,0][-4.55358,-1.84055,0.495224][0.418188,0.0604829,0.906345][0.335249,0.366182,0][-4.68724,-1.54889,0.563194][0.432945,0.0690919,0.898768][0.333289,0.340051,0][-5.18701,-1.98696,0.805824][0.423328,0.0661529,0.903558][0.389276,0.346532,0][-5.12408,-2.19506,0.808694][0.423521,0.0826859,0.902105][0.394332,0.363157,0][-4.83342,-1.93464,0.636544][0.424145,0.0813789,0.901931][0.346026,0.360892,0][-4.83342,-1.93464,0.636544][0.424145,0.0813789,0.901931][0.346026,0.360892,0][-5.05176,-1.56389,0.730474][0.322293,0.111116,0.940096][0.361066,0.324401,0][-5.18701,-1.98696,0.805824][0.423328,0.0661529,0.903558][0.389276,0.346532,0][-5.25403,-2.37818,0.898864][0.423278,0.140353,0.895063][0.412757,0.369208,0][-5.12408,-2.19506,0.808694][0.423521,0.0826859,0.902105][0.394332,0.363157,0][-5.18701,-1.98696,0.805824][0.423328,0.0661529,0.903558][0.389276,0.346532,0][-5.25542,-1.62019,0.769904][0.128878,0.212033,0.968727][0.377061,0.319231,0][-5.3974,-2.08353,0.899184][0.128878,0.212033,0.968727][0.407696,0.343465,0][-5.05176,-1.56389,0.730474][0.322293,0.111116,0.940096][0.361066,0.324401,0][-5.05176,-1.56389,0.730474][0.322293,0.111116,0.940096][0.361066,0.324401,0][-4.98428,-1.28609,0.669674][0.100634,-0.045032,0.993904][0.343753,0.309095,0][-5.25542,-1.62019,0.769904][0.128878,0.212033,0.968727][0.377061,0.319231,0][-4.98428,-1.28609,0.669674][0.100634,-0.045032,0.993904][0.343753,0.309095,0][-5.05176,-1.56389,0.730474][0.322293,0.111116,0.940096][0.361066,0.324401,0][-4.68724,-1.54889,0.563194][0.432945,0.0690919,0.898768][0.333289,0.340051,0][-4.68724,-1.54889,0.563194][0.432945,0.0690919,0.898768][0.333289,0.340051,0][-4.80024,-1.17969,0.577374][0.413942,0.0686489,0.907711][0.32528,0.310269,0][-4.98428,-1.28609,0.669674][0.100634,-0.045032,0.993904][0.343753,0.309095,0][-4.55358,-1.84055,0.495224][0.418188,0.0604829,0.906345][0.335249,0.366182,0][-3.80717,-1.85485,0.157564][0.458399,0.0865619,0.884521][0.279904,0.401467,0][-4.68724,-1.54889,0.563194][0.432945,0.0690919,0.898768][0.333289,0.340051,0][-4.01731,-1.00009,0.182864][0.443283,0.0689419,0.893727][0.257747,0.33439,0][-4.80024,-1.17969,0.577374][0.413942,0.0686489,0.907711][0.32528,0.310269,0][-4.68724,-1.54889,0.563194][0.432945,0.0690919,0.898768][0.333289,0.340051,0][-4.68724,-1.54889,0.563194][0.432945,0.0690919,0.898768][0.333289,0.340051,0][-3.80717,-1.85485,0.157564][0.458399,0.0865619,0.884521][0.279904,0.401467,0][-4.01731,-1.00009,0.182864][0.443283,0.0689419,0.893727][0.257747,0.33439,0][-3.80717,-1.85485,0.157564][0.458399,0.0865619,0.884521][0.279904,0.401467,0][-2.7839,-1.74179,-0.403616][0.459037,0.0787159,0.884923][0.195061,0.442349,0][-3.05489,-1.26579,-0.304006][0.461355,0.0683259,0.884581][0.194789,0.397624,0][-3.05489,-1.26579,-0.304006][0.461355,0.0683259,0.884581][0.194789,0.397624,0][-4.01731,-1.00009,0.182864][0.443283,0.0689419,0.893727][0.257747,0.33439,0][-3.80717,-1.85485,0.157564][0.458399,0.0865619,0.884521][0.279904,0.401467,0][-1.77967,-5.05619,-0.514546][0.475777,-0.859984,-0.184567][0.659841,0.198061,0][-1.82529,-5.06464,-0.592796][0.475777,-0.859984,-0.184567][0.658652,0.202027,0][-1.53722,-4.86458,-0.782366][0.475777,-0.859984,-0.184567][0.636813,0.197978,0][-1.53722,-4.86458,-0.782366][0.475777,-0.859984,-0.184567][0.636813,0.197978,0][-1.4916,-4.85614,-0.704106][0.475777,-0.859984,-0.184567][0.638915,0.195197,0][-1.77967,-5.05619,-0.514546][0.475777,-0.859984,-0.184567][0.659841,0.198061,0][-1.90154,-4.95825,-0.454256][-0.516376,0.62447,0.585997][0.662597,0.211228,0][-1.76427,-4.80968,-0.550476][-0.516376,0.62447,0.585997][0.662054,0.214392,0][-1.87786,-4.78466,-0.618376][-0.516376,0.62447,0.585997][0.656733,0.216225,0][-1.87786,-4.78466,-0.618376][-0.516376,0.62447,0.585997][0.656733,0.216225,0][-1.95785,-4.96903,-0.551246][-0.516376,0.62447,0.585997][0.661275,0.208588,0][-1.90154,-4.95825,-0.454256][-0.516376,0.62447,0.585997][0.662597,0.211228,0][-1.77967,-5.05619,-0.514546][0.0289298,-0.995409,0.091238][0.659841,0.198061,0][-1.99956,-5.05084,-0.387056][0.0289298,-0.995409,0.091238][0.668712,0.20589,0][-2.01379,-5.05356,-0.411566][0.0289298,-0.995409,0.091238][0.667825,0.206914,0][-2.01379,-5.05356,-0.411566][0.0289298,-0.995409,0.091238][0.667825,0.206914,0][-1.82529,-5.06464,-0.592796][0.0289298,-0.995409,0.091238][0.658652,0.202027,0][-1.77967,-5.05619,-0.514546][0.0289298,-0.995409,0.091238][0.659841,0.198061,0][-1.90154,-4.95825,-0.454256][-0.571642,0.783074,0.244993][0.662597,0.211228,0][-1.95785,-4.96903,-0.551246][-0.571642,0.783074,0.244993][0.661275,0.208588,0][-2.01379,-5.05356,-0.411566][-0.571642,0.783074,0.244993][0.667825,0.206914,0][-2.01379,-5.05356,-0.411566][-0.571642,0.783074,0.244993][0.667825,0.206914,0][-1.99956,-5.05084,-0.387056][-0.571642,0.783074,0.244993][0.668419,0.208071,0][-1.90154,-4.95825,-0.454256][-0.571642,0.783074,0.244993][0.662597,0.211228,0][-1.35124,-5.02662,-0.767546][0.411674,-0.900063,-0.142869][0.633495,0.180544,0][-1.57371,-5.1511,-0.624386][0.411674,-0.900063,-0.142869][0.645768,0.184171,0][-1.58286,-5.1528,-0.640076][0.411674,-0.900063,-0.142869][0.645552,0.184987,0][-1.58286,-5.1528,-0.640076][0.411674,-0.900063,-0.142869][0.645552,0.184987,0][-1.40775,-5.03709,-0.864466][0.411674,-0.900063,-0.142869][0.632331,0.185208,0][-1.35124,-5.02662,-0.767546][0.411674,-0.900063,-0.142869][0.633495,0.180544,0][-1.51756,-5.0309,-0.670106][-0.767038,0.507589,0.392436][0.643122,0.191246,0][-1.57407,-5.04136,-0.767026][-0.767038,0.507589,0.392436][0.639725,0.18926,0][-1.58286,-5.1528,-0.640076][-0.767038,0.507589,0.392436][0.645552,0.184987,0][-1.58286,-5.1528,-0.640076][-0.767038,0.507589,0.392436][0.645552,0.184987,0][-1.57371,-5.1511,-0.624386][-0.767038,0.507589,0.392436][0.646337,0.185363,0][-1.51756,-5.0309,-0.670106][-0.767038,0.507589,0.392436][0.643122,0.191246,0][-1.51756,-5.0309,-0.670106][-0.853036,0.218901,0.473722][0.643122,0.191246,0][-1.4916,-4.85614,-0.704106][-0.853036,0.218901,0.473722][0.638915,0.195197,0][-1.53722,-4.86458,-0.782366][-0.853036,0.218901,0.473722][0.636813,0.197978,0][-1.53722,-4.86458,-0.782366][-0.853036,0.218901,0.473722][0.636813,0.197978,0][-1.57407,-5.04136,-0.767026][-0.853036,0.218901,0.473722][0.639725,0.18926,0][-1.51756,-5.0309,-0.670106][-0.853036,0.218901,0.473722][0.643122,0.191246,0][-1.35124,-5.02662,-0.767546][0.644896,-0.702868,-0.300143][0.633495,0.180544,0][-1.40775,-5.03709,-0.864466][0.644896,-0.702868,-0.300143][0.632331,0.185208,0][-1.28304,-4.88457,-0.953646][0.644896,-0.702868,-0.300143][0.618705,0.183732,0][-1.28304,-4.88457,-0.953646][0.644896,-0.702868,-0.300143][0.618705,0.183732,0][-1.22652,-4.87411,-0.856726][0.644896,-0.702868,-0.300143][0.624175,0.178353,0][-1.35124,-5.02662,-0.767546][0.644896,-0.702868,-0.300143][0.633495,0.180544,0][-2.35578,-4.65664,-0.229626][-0.262199,0.945339,-0.19387][0.699191,0.249605,0][-2.37917,-4.69807,-0.341436][-0.262199,0.945339,-0.19387][0.694105,0.242221,0][-2.61221,-4.71087,-0.147176][-0.262199,0.945339,-0.19387][0.717125,0.241168,0][-2.61221,-4.71087,-0.147176][-0.262199,0.945339,-0.19387][0.717125,0.241168,0][-2.58273,-4.70399,-0.0949962][-0.262199,0.945339,-0.19387][0.718043,0.245468,0][-2.35578,-4.65664,-0.229626][-0.262199,0.945339,-0.19387][0.699191,0.249605,0][-2.38196,-4.82213,-0.193816][-0.247451,-0.968776,-0.015518][0.704146,0.2273,0][-2.58273,-4.70399,-0.0949962][-0.399375,-0.899879,0.175264][0.719606,0.23741,0][-2.61221,-4.71087,-0.147176][-0.399375,-0.899879,0.175264][0.717125,0.241168,0][-2.61221,-4.71087,-0.147176][-0.399375,-0.899879,0.175264][0.717125,0.241168,0][-2.43348,-4.80947,-0.296486][-0.239987,-0.97047,-0.024381][0.700477,0.23467,0][-2.38196,-4.82213,-0.193816][-0.247451,-0.968776,-0.015518][0.704146,0.2273,0][-2.38196,-4.82213,-0.193816][-0.247451,-0.968776,-0.015518][0.704146,0.2273,0][-2.43348,-4.80947,-0.296486][-0.239987,-0.97047,-0.024381][0.700477,0.23467,0][-2.16871,-4.82193,-0.446436][-0.0923062,-0.973346,-0.209947][0.680091,0.22667,0][-2.16871,-4.82193,-0.446436][-0.0923062,-0.973346,-0.209947][0.680091,0.22667,0][-2.10664,-4.85291,-0.347786][-0.0901292,-0.972894,-0.212966][0.682415,0.218541,0][-2.38196,-4.82213,-0.193816][-0.247451,-0.968776,-0.015518][0.704146,0.2273,0][-2.10664,-4.85291,-0.347786][-0.0901292,-0.972894,-0.212966][0.682415,0.218541,0][-2.16871,-4.82193,-0.446436][-0.0923062,-0.973346,-0.209947][0.680091,0.22667,0][-1.87786,-4.78466,-0.618376][-0.0424351,-0.959662,-0.277936][0.656733,0.216225,0][-1.87786,-4.78466,-0.618376][-0.0424351,-0.959662,-0.277936][0.656733,0.216225,0][-1.76427,-4.80968,-0.550476][-0.0424351,-0.959662,-0.277936][0.662054,0.214392,0][-2.10664,-4.85291,-0.347786][-0.0901292,-0.972894,-0.212966][0.682415,0.218541,0][-3.1305,-4.35801,0.161174][-0.110788,-0.992477,0.052103][0.741822,0.27133,0][-3.15421,-4.36455,0.118034][-0.110788,-0.992477,0.052103][0.741753,0.2742,0][-2.88676,-4.39878,-0.0971062][-0.150984,-0.987879,0.036035][0.721878,0.276973,0][-2.88676,-4.39878,-0.0971062][-0.150984,-0.987879,0.036035][0.721878,0.276973,0][-2.80602,-4.41016,-0.0103862][-0.167055,-0.985504,0.029559][0.720582,0.270693,0][-3.1305,-4.35801,0.161174][-0.110788,-0.992477,0.052103][0.741822,0.27133,0][-2.98329,-4.23995,0.0623939][-0.612561,0.778084,-0.13912][0.735656,0.286212,0][-2.99826,-4.29189,-0.0512562][-0.612561,0.778084,-0.13912][0.730499,0.281281,0][-3.15421,-4.36455,0.118034][-0.612561,0.778084,-0.13912][0.741753,0.2742,0][-3.15421,-4.36455,0.118034][-0.612561,0.778084,-0.13912][0.741753,0.2742,0][-3.1305,-4.35801,0.161174][-0.612561,0.778084,-0.13912][0.743994,0.276155,0][-2.98329,-4.23995,0.0623939][-0.612561,0.778084,-0.13912][0.735656,0.286212,0][-2.72017,-4.22763,-0.0844762][-0.251116,0.889853,-0.380923][0.717347,0.293091,0][-2.66625,-4.27857,-0.236846][-0.251116,0.889853,-0.380923][0.703159,0.288158,0][-2.99826,-4.29189,-0.0512562][-0.251116,0.889853,-0.380923][0.730499,0.281281,0][-2.99826,-4.29189,-0.0512562][-0.251116,0.889853,-0.380923][0.730499,0.281281,0][-2.98329,-4.23995,0.0623939][-0.251116,0.889853,-0.380923][0.735656,0.286212,0][-2.72017,-4.22763,-0.0844762][-0.251116,0.889853,-0.380923][0.717347,0.293091,0][-2.80602,-4.41016,-0.0103862][-0.167055,-0.985504,0.029559][0.720582,0.270693,0][-2.88676,-4.39878,-0.0971062][-0.150984,-0.987879,0.036035][0.721878,0.276973,0][-2.71535,-4.43208,-0.187686][-0.311572,-0.93736,-0.155816][0.71018,0.276634,0][-2.71535,-4.43208,-0.187686][-0.311572,-0.93736,-0.155816][0.71018,0.276634,0][-2.65046,-4.452,-0.0911162][-0.321537,-0.930663,-0.174587][0.712833,0.269631,0][-2.80602,-4.41016,-0.0103862][-0.167055,-0.985504,0.029559][0.720582,0.270693,0][-2.35266,-4.5599,-0.243916][-0.355623,-0.90315,-0.240525][0.695741,0.254173,0][-2.65046,-4.452,-0.0911162][-0.321537,-0.930663,-0.174587][0.712833,0.269631,0][-2.71535,-4.43208,-0.187686][-0.311572,-0.93736,-0.155816][0.71018,0.276634,0][-2.71535,-4.43208,-0.187686][-0.311572,-0.93736,-0.155816][0.71018,0.276634,0][-2.37093,-4.48687,-0.373466][-0.355623,-0.90315,-0.240525][0.685977,0.259192,0][-2.35266,-4.5599,-0.243916][-0.355623,-0.90315,-0.240525][0.695741,0.254173,0][-2.35266,-4.5599,-0.243916][-0.982065,0.0629542,0.177723][0.695741,0.254173,0][-2.37093,-4.48687,-0.373466][-0.982065,0.0629542,0.177723][0.685977,0.259192,0][-2.37917,-4.69807,-0.341436][-0.982065,0.0629542,0.177723][0.694105,0.242221,0][-2.37917,-4.69807,-0.341436][-0.982065,0.0629542,0.177723][0.694105,0.242221,0][-2.35578,-4.65664,-0.229626][-0.982065,0.0629542,0.177723][0.699191,0.249605,0][-2.35266,-4.5599,-0.243916][-0.982065,0.0629542,0.177723][0.695741,0.254173,0][-2.72017,-4.22763,-0.0844762][-0.494724,-0.868473,-0.031671][0.717347,0.293091,0][-3.752,-3.68269,0.383184][-0.494725,-0.868473,-0.031671][0.770871,0.388935,0][-3.72774,-3.66647,0.266444][-0.494724,-0.868473,-0.031671][0.759979,0.389602,0][-3.72774,-3.66647,0.266444][-0.494724,-0.868473,-0.031671][0.759979,0.389602,0][-2.66625,-4.27857,-0.236846][-0.494724,-0.868473,-0.031671][0.703159,0.288158,0][-2.72017,-4.22763,-0.0844762][-0.494724,-0.868473,-0.031671][0.717347,0.293091,0][-3.56867,-3.56004,0.264404][-0.0756799,0.974057,-0.213275][0.749201,0.397837,0][-3.52697,-3.57507,0.142824][-0.0756799,0.974057,-0.213275][0.742969,0.390524,0][-3.86758,-3.56925,0.328414][-0.0756799,0.974057,-0.213275][0.767791,0.401757,0][-3.86758,-3.56925,0.328414][-0.0756799,0.974057,-0.213275][0.767791,0.401757,0][-3.89164,-3.54048,0.430174][-0.0756799,0.974057,-0.213275][0.7745,0.414477,0][-3.56867,-3.56004,0.264404][-0.0756799,0.974057,-0.213275][0.749201,0.397837,0][-3.752,-3.68269,0.383184][-0.670461,-0.734319,-0.106103][0.770871,0.388935,0][-3.89164,-3.54048,0.430174][-0.670461,-0.734319,-0.106103][0.775932,0.404074,0][-3.86758,-3.56925,0.328414][-0.670461,-0.734319,-0.106103][0.767791,0.401757,0][-3.86758,-3.56925,0.328414][-0.670461,-0.734319,-0.106103][0.767791,0.401757,0][-3.72774,-3.66647,0.266444][-0.670461,-0.734319,-0.106103][0.759979,0.389602,0][-3.752,-3.68269,0.383184][-0.670461,-0.734319,-0.106103][0.770871,0.388935,0][-3.62978,-3.29489,0.247484][-0.514398,0.824697,-0.235095][0.740173,0.416999,0][-3.59079,-3.2982,0.138094][-0.514398,0.824697,-0.235095][0.732971,0.414377,0][-3.82745,-3.40943,0.278194][-0.514398,0.824697,-0.235095][0.75209,0.415706,0][-3.82745,-3.40943,0.278194][-0.514398,0.824697,-0.235095][0.75209,0.415706,0][-3.85716,-3.39408,0.384564][-0.514398,0.824697,-0.235095][0.754193,0.421126,0][-3.62978,-3.29489,0.247484][-0.514398,0.824697,-0.235095][0.740173,0.416999,0][-3.56867,-3.56004,0.264404][-0.504241,-0.862491,-0.043022][0.749201,0.397837,0][-3.85716,-3.39408,0.384564][-0.504241,-0.862491,-0.043022][0.758767,0.416991,0][-3.82745,-3.40943,0.278194][-0.504241,-0.862491,-0.043022][0.75209,0.415706,0][-3.82745,-3.40943,0.278194][-0.504241,-0.862491,-0.043022][0.75209,0.415706,0][-3.52697,-3.57507,0.142824][-0.504241,-0.862491,-0.043022][0.742969,0.390524,0][-3.56867,-3.56004,0.264404][-0.504241,-0.862491,-0.043022][0.749201,0.397837,0][-3.62978,-3.29489,0.247484][-0.250044,-0.956752,-0.148673][0.740173,0.416999,0][-4.01433,-3.23357,0.434514][-0.250044,-0.956752,-0.148673][0.763557,0.438123,0][-3.96671,-3.21661,0.310414][-0.250044,-0.956752,-0.148673][0.753985,0.438624,0][-3.96671,-3.21661,0.310414][-0.250044,-0.956752,-0.148673][0.753985,0.438624,0][-3.59079,-3.2982,0.138094][-0.250044,-0.956752,-0.148673][0.732971,0.414377,0][-3.62978,-3.29489,0.247484][-0.250044,-0.956752,-0.148673][0.740173,0.416999,0][-3.81984,-3.03892,0.296894][-0.754873,0.604634,-0.254134][0.74254,0.445661,0][-3.78245,-3.04823,0.186704][-0.754873,0.604634,-0.254134][0.734929,0.442943,0][-3.96671,-3.21661,0.310414][-0.754873,0.604634,-0.254134][0.753985,0.438624,0][-3.96671,-3.21661,0.310414][-0.754873,0.604634,-0.254134][0.753985,0.438624,0][-4.01433,-3.23357,0.434514][-0.754873,0.604634,-0.254134][0.760079,0.443184,0][-3.81984,-3.03892,0.296894][-0.754873,0.604634,-0.254134][0.74254,0.445661,0][-3.81984,-3.03892,0.296894][-0.237973,-0.968676,-0.070962][0.74254,0.445661,0][-4.0308,-3.0027,0.397944][-0.237973,-0.968676,-0.070962][0.755533,0.454121,0][-4.02348,-2.98874,0.294784][-0.237973,-0.968676,-0.070962][0.749566,0.458709,0][-4.02348,-2.98874,0.294784][-0.237973,-0.968676,-0.070962][0.749566,0.458709,0][-3.78245,-3.04823,0.186704][-0.237973,-0.968676,-0.070962][0.734929,0.442943,0][-3.81984,-3.03892,0.296894][-0.237973,-0.968676,-0.070962][0.74254,0.445661,0][-4.02528,-2.80476,0.359274][-0.369683,0.898275,-0.237564][0.749041,0.475322,0][-3.96497,-2.80426,0.233154][-0.369683,0.898275,-0.237564][0.737766,0.471798,0][-4.21923,-2.88152,0.370874][-0.369683,0.898275,-0.237564][0.762355,0.4691,0][-4.21923,-2.88152,0.370874][-0.369683,0.898275,-0.237564][0.762355,0.4691,0][-4.2182,-2.84656,0.467274][-0.369683,0.898275,-0.237564][0.765302,0.475548,0][-4.02528,-2.80476,0.359274][-0.369683,0.898275,-0.237564][0.749041,0.475322,0][-4.0308,-3.0027,0.397944][-0.0593142,-0.997582,-0.036228][0.755533,0.454121,0][-4.20103,-2.98494,0.481014][-0.0593142,-0.997582,-0.036228][0.768285,0.457451,0][-4.20457,-2.99187,0.384174][-0.0593142,-0.997582,-0.036228][0.763507,0.462127,0][-4.20457,-2.99187,0.384174][-0.0593142,-0.997582,-0.036228][0.763507,0.462127,0][-4.02348,-2.98874,0.294784][-0.0593142,-0.997582,-0.036228][0.749566,0.458709,0][-4.0308,-3.0027,0.397944][-0.0593142,-0.997582,-0.036228][0.755533,0.454121,0][-4.2182,-2.84656,0.467274][-0.696737,0.677515,-0.235649][0.765302,0.475548,0][-4.21923,-2.88152,0.370874][-0.696737,0.677515,-0.235649][0.762355,0.4691,0][-4.29681,-2.94379,0.420144][-0.696737,0.677515,-0.235649][0.769739,0.466808,0][-4.29681,-2.94379,0.420144][-0.696737,0.677515,-0.235649][0.769739,0.466808,0][-4.31479,-2.92406,0.531084][-0.696737,0.677515,-0.235649][0.775325,0.473043,0][-4.2182,-2.84656,0.467274][-0.696737,0.677515,-0.235649][0.765302,0.475548,0][-4.20103,-2.98494,0.481014][-0.438137,-0.894943,0.084345][0.768285,0.457451,0][-4.31479,-2.92406,0.531084][-0.438137,-0.894943,0.084345][0.778339,0.462987,0][-4.29681,-2.94379,0.420144][-0.438137,-0.894943,0.084345][0.769739,0.466808,0][-4.29681,-2.94379,0.420144][-0.438137,-0.894943,0.084345][0.769739,0.466808,0][-4.20457,-2.99187,0.384174][-0.438137,-0.894942,0.084345][0.763507,0.462127,0][-4.20103,-2.98494,0.481014][-0.438137,-0.894943,0.084345][0.768285,0.457451,0][-4.02528,-2.80476,0.359274][-0.176092,-0.97823,-0.109804][0.749041,0.475322,0][-4.23485,-2.78191,0.466874][-0.176092,-0.97823,-0.109804][0.764849,0.486964,0][-4.27726,-2.76146,0.377574][-0.176092,-0.97823,-0.109804][0.759764,0.493764,0][-4.27726,-2.76146,0.377574][-0.176092,-0.97823,-0.109804][0.759764,0.493764,0][-3.96497,-2.80426,0.233154][-0.176092,-0.97823,-0.109804][0.737766,0.471798,0][-4.02528,-2.80476,0.359274][-0.176092,-0.97823,-0.109804][0.749041,0.475322,0][-4.42613,-2.27385,0.495474][-0.759784,0.567667,-0.316991][0.755135,0.542023,0][-4.35692,-2.2388,0.332004][-0.759784,0.567667,-0.316991][0.739951,0.538574,0][-4.77837,-2.63522,0.692604][-0.759784,0.567667,-0.316991][0.790541,0.521633,0][-4.77837,-2.63522,0.692604][-0.759784,0.567667,-0.316991][0.790541,0.521633,0][-4.77127,-2.58297,0.708804][-0.759784,0.567667,-0.316991][0.789044,0.526076,0][-4.42613,-2.27385,0.495474][-0.759784,0.567667,-0.316991][0.755135,0.542023,0][-4.23485,-2.78191,0.466874][-0.215897,-0.927875,-0.304033][0.764849,0.486964,0][-4.77428,-2.76568,0.743404][-0.215897,-0.927875,-0.304033][0.797881,0.511842,0][-4.78809,-2.73458,0.715294][-0.215897,-0.927875,-0.304033][0.795865,0.51492,0][-4.78809,-2.73458,0.715294][-0.215897,-0.927875,-0.304033][0.795865,0.51492,0][-4.27726,-2.76146,0.377574][-0.215897,-0.927875,-0.304033][0.759764,0.493764,0][-4.23485,-2.78191,0.466874][-0.215897,-0.927875,-0.304033][0.764849,0.486964,0][-4.77428,-2.76568,0.743404][-0.469491,-0.738275,-0.484281][0.797881,0.511842,0][-4.97999,-2.68506,0.825834][-0.469491,-0.738275,-0.48428][0.810308,0.526123,0][-4.92467,-2.68848,0.771514][-0.469491,-0.738275,-0.484281][0.804618,0.52389,0][-4.92467,-2.68848,0.771514][-0.469491,-0.738275,-0.484281][0.804618,0.52389,0][-4.78809,-2.73458,0.715294][-0.469491,-0.738275,-0.484281][0.795865,0.51492,0][-4.77428,-2.76568,0.743404][-0.469491,-0.738275,-0.484281][0.797881,0.511842,0][-4.77127,-2.58297,0.708804][-0.571432,0.407515,-0.712318][0.789044,0.526076,0][-4.77837,-2.63522,0.692604][-0.571432,0.407515,-0.712318][0.790541,0.521633,0][-4.92467,-2.68848,0.771514][-0.571432,0.407515,-0.712318][0.804618,0.52389,0][-4.92467,-2.68848,0.771514][-0.571432,0.407515,-0.712318][0.804618,0.52389,0][-4.97999,-2.68506,0.825834][-0.571432,0.407515,-0.712318][0.809849,0.527356,0][-4.77127,-2.58297,0.708804][-0.571432,0.407515,-0.712318][0.789044,0.526076,0][-4.42613,-2.27385,0.495474][0.0837659,-0.96097,-0.263667][0.755135,0.542023,0][-4.72596,-2.35812,0.649634][0.0837659,-0.96097,-0.263667][0.777303,0.553198,0][-4.76241,-2.31375,0.534044][0.0837659,-0.96097,-0.263667][0.772309,0.561613,0][-4.76241,-2.31375,0.534044][0.0837659,-0.96097,-0.263667][0.772309,0.561613,0][-4.35692,-2.2388,0.332004][0.0837659,-0.96097,-0.263667][0.739951,0.538574,0][-4.42613,-2.27385,0.495474][0.0837659,-0.96097,-0.263667][0.755135,0.542023,0][-4.83342,-1.93464,0.636544][-0.813869,0.579404,-0.04368][0.765659,0.595539,0][-4.77555,-1.84569,0.473334][-0.813869,0.579404,-0.04368][0.750922,0.594332,0][-5.24778,-2.50492,0.792464][-0.813869,0.579404,-0.04368][0.815643,0.570353,0][-5.24778,-2.50492,0.792464][-0.813869,0.579404,-0.04368][0.815643,0.570353,0][-5.24127,-2.46707,0.908474][-0.813869,0.579404,-0.04368][0.81926,0.579204,0][-4.83342,-1.93464,0.636544][-0.813869,0.579404,-0.04368][0.765659,0.595539,0][-4.72596,-2.35812,0.649634][0.221815,-0.888709,-0.40124][0.777303,0.553198,0][-5.16604,-2.57663,0.893174][0.221815,-0.888709,-0.40124][0.817794,0.558125,0][-5.20274,-2.53452,0.776774][0.221815,-0.888709,-0.40124][0.813698,0.566652,0][-5.20274,-2.53452,0.776774][0.221815,-0.888709,-0.40124][0.813698,0.566652,0][-4.76241,-2.31375,0.534044][0.221815,-0.888709,-0.40124][0.772309,0.561613,0][-4.72596,-2.35812,0.649634][0.221815,-0.888709,-0.40124][0.777303,0.553198,0][-5.16604,-2.57663,0.893174][-0.116802,-0.978729,-0.168661][0.817794,0.558125,0][-5.35896,-2.55058,0.978174][-0.116802,-0.978729,-0.168661][0.832218,0.564136,0][-5.31031,-2.54841,0.829344][-0.116802,-0.978729,-0.168661][0.822045,0.569306,0][-5.31031,-2.54841,0.829344][-0.116802,-0.978729,-0.168661][0.822045,0.569306,0][-5.20274,-2.53452,0.776774][-0.116802,-0.978729,-0.168661][0.813698,0.566652,0][-5.16604,-2.57663,0.893174][-0.116802,-0.978729,-0.168661][0.817794,0.558125,0][-5.24127,-2.46707,0.908474][-0.6411,0.740462,-0.201761][0.81926,0.579204,0][-5.24778,-2.50492,0.792464][-0.6411,0.740462,-0.201761][0.815643,0.570353,0][-5.31031,-2.54841,0.829344][-0.6411,0.740462,-0.201761][0.822045,0.569306,0][-5.31031,-2.54841,0.829344][-0.6411,0.740462,-0.201761][0.822045,0.569306,0][-5.35896,-2.55058,0.978174][-0.6411,0.740462,-0.201761][0.831651,0.57702,0][-5.24127,-2.46707,0.908474][-0.6411,0.740462,-0.201761][0.81926,0.579204,0][-5.05176,-1.56389,0.730474][-0.949684,0.294368,0.106993][0.759815,0.638357,0][-5.0591,-1.48439,0.558534][-0.949684,0.294368,0.106993][0.748775,0.635249,0][-5.18828,-1.98652,0.681514][-0.963806,0.255368,0.07659][0.780914,0.617285,0][-5.18828,-1.98652,0.681514][-0.963806,0.255368,0.07659][0.780914,0.617285,0][-5.18701,-1.98696,0.805824][-0.968714,0.239667,0.06444][0.785639,0.624155,0][-5.05176,-1.56389,0.730474][-0.949684,0.294368,0.106993][0.759815,0.638357,0][-4.83342,-1.93464,0.636544][0.516052,-0.802446,-0.299619][0.765659,0.595539,0][-5.12408,-2.19506,0.808694][0.516052,-0.802446,-0.299619][0.794732,0.601925,0][-5.13983,-2.14927,0.683624][0.516052,-0.802446,-0.299619][0.788381,0.609021,0][-5.13983,-2.14927,0.683624][0.516052,-0.802446,-0.299619][0.788381,0.609021,0][-4.77555,-1.84569,0.473334][0.516052,-0.802446,-0.299619][0.750922,0.594332,0][-4.83342,-1.93464,0.636544][0.516052,-0.802446,-0.299619][0.765659,0.595539,0][-5.18701,-1.98696,0.805824][-0.968714,0.239667,0.06444][0.785639,0.624155,0][-5.18828,-1.98652,0.681514][-0.963806,0.255368,0.07659][0.780914,0.617285,0][-5.24132,-2.29283,0.753194][-0.984902,0.172614,0.013106][0.801553,0.610964,0][-5.24132,-2.29283,0.753194][-0.984902,0.172614,0.013106][0.801553,0.610964,0][-5.25403,-2.37818,0.898864][-0.984902,0.172614,0.013106][0.811523,0.616512,0][-5.18701,-1.98696,0.805824][-0.968714,0.239667,0.06444][0.785639,0.624155,0][-5.12408,-2.19506,0.808694][0.691584,-0.646987,-0.321121][0.794732,0.601925,0][-5.25403,-2.37818,0.898864][0.691584,-0.646987,-0.321121][0.812138,0.604778,0][-5.24132,-2.29283,0.753194][0.691584,-0.646988,-0.321121][0.801553,0.610964,0][-5.24132,-2.29283,0.753194][0.691584,-0.646988,-0.321121][0.801553,0.610964,0][-5.13983,-2.14927,0.683624][0.691584,-0.646988,-0.321121][0.788381,0.609021,0][-5.12408,-2.19506,0.808694][0.691584,-0.646987,-0.321121][0.794732,0.601925,0][-5.25542,-1.62019,0.769904][-0.782681,0.618314,0.071398][0.751499,0.654023,0][-4.98428,-1.28609,0.669674][-0.782681,0.618314,0.071398][0.745246,0.653624,0][-5.07835,-1.37129,0.554804][-0.782681,0.618314,0.071398][0.742733,0.645404,0][-5.07835,-1.37129,0.554804][-0.782681,0.618314,0.071398][0.742733,0.645404,0][-5.24744,-1.62019,0.678054][-0.782681,0.618314,0.071398][0.75243,0.649049,0][-5.25542,-1.62019,0.769904][-0.782681,0.618314,0.071398][0.751499,0.654023,0][-5.05176,-1.56389,0.730474][0.723815,-0.601219,-0.338569][0.759815,0.638357,0][-5.3974,-2.08353,0.899184][0.723815,-0.601219,-0.338569][0.774639,0.668705,0][-5.39122,-2.00963,0.796304][0.723815,-0.601219,-0.338569][0.768426,0.666451,0][-5.39122,-2.00963,0.796304][0.723815,-0.601219,-0.338569][0.768426,0.666451,0][-5.0591,-1.48439,0.558534][0.723815,-0.601219,-0.338569][0.748775,0.635249,0][-5.05176,-1.56389,0.730474][0.723815,-0.601219,-0.338569][0.759815,0.638357,0][-5.25542,-1.62019,0.769904][-0.941431,0.332228,0.057726][0.751499,0.654023,0][-5.24744,-1.62019,0.678054][-0.941431,0.332228,0.057726][0.75243,0.649049,0][-5.39122,-2.00963,0.796304][-0.941431,0.332228,0.057726][0.768426,0.666451,0][-5.39122,-2.00963,0.796304][-0.941431,0.332228,0.057726][0.768426,0.666451,0][-5.3974,-2.08353,0.899184][-0.941431,0.332228,0.057726][0.768497,0.673367,0][-5.25542,-1.62019,0.769904][-0.941431,0.332228,0.057726][0.751499,0.654023,0][-5.35964,-0.291994,0.716084][0.047639,-0.08641,0.99512][0.327717,0.225111,0][-5.17963,-0.250195,0.679264][0.384419,0.0418169,0.922211][0.313319,0.230038,0][-5.67739,1.04551,0.825344][0.372752,-0.0108471,0.927868][0.293791,0.119545,0][-5.67739,1.04551,0.825344][0.372752,-0.0108471,0.927868][0.293791,0.119545,0][-5.78382,0.986405,0.866294][-0.017387,-0.067024,0.9976][0.304045,0.118757,0][-5.35964,-0.291994,0.716084][0.047639,-0.08641,0.99512][0.327717,0.225111,0][-5.35964,-0.291994,0.716084][0.047639,-0.08641,0.99512][0.327717,0.225111,0][-5.78382,0.986405,0.866294][-0.017387,-0.067024,0.9976][0.304045,0.118757,0][-5.99126,0.894305,0.826024][-0.060133,-0.123801,0.990483][0.322401,0.11687,0][-5.99126,0.894305,0.826024][-0.060133,-0.123801,0.990483][0.322401,0.11687,0][-5.6248,-0.351495,0.708724][-0.060133,-0.123801,0.990483][0.34833,0.21791,0][-5.35964,-0.291994,0.716084][0.047639,-0.08641,0.99512][0.327717,0.225111,0][-5.17963,-0.250195,0.679264][0.384419,0.0418169,0.922211][0.313319,0.230038,0][-4.5471,-0.0858946,0.385654][0.417527,0.0463979,0.907479][0.258472,0.247956,0][-5.22892,1.14121,0.644484][0.39318,-0.0161881,0.919319][0.256802,0.133369,0][-5.22892,1.14121,0.644484][0.39318,-0.0161881,0.919319][0.256802,0.133369,0][-5.67739,1.04551,0.825344][0.372752,-0.0108471,0.927868][0.293791,0.119545,0][-5.17963,-0.250195,0.679264][0.384419,0.0418169,0.922211][0.313319,0.230038,0][-5.67739,1.04551,0.825344][0.372752,-0.0108471,0.927868][0.293791,0.119545,0][-5.70854,2.42421,0.940753][0.380943,-0.0698121,0.921959][0.24055,0.022443,0][-5.77073,2.39141,0.962113][0.00460199,-0.057889,0.998312][0.246405,0.021922,0][-5.77073,2.39141,0.962113][0.00460199,-0.057889,0.998312][0.246405,0.021922,0][-5.78382,0.986405,0.866294][-0.017387,-0.067024,0.9976][0.304045,0.118757,0][-5.67739,1.04551,0.825344][0.372752,-0.0108471,0.927868][0.293791,0.119545,0][-5.78382,0.986405,0.866294][-0.017387,-0.067024,0.9976][0.304045,0.118757,0][-5.77073,2.39141,0.962113][0.00460199,-0.057889,0.998312][0.246405,0.021922,0][-5.91049,2.35111,0.891464][-0.288592,-0.044431,0.956421][0.25895,0.018784,0][-5.91049,2.35111,0.891464][-0.288592,-0.044431,0.956421][0.25895,0.018784,0][-5.99126,0.894305,0.826024][-0.288592,-0.044431,0.956421][0.322401,0.11687,0][-5.78382,0.986405,0.866294][-0.017387,-0.067024,0.9976][0.304045,0.118757,0][-5.22892,1.14121,0.644484][0.39318,-0.0161881,0.919319][0.256802,0.133369,0][-5.54747,2.45721,0.879133][0.379241,-0.0938661,0.920524][0.22742,0.027435,0][-5.70854,2.42421,0.940753][0.380943,-0.0698121,0.921959][0.24055,0.022443,0][-5.70854,2.42421,0.940753][0.380943,-0.0698121,0.921959][0.24055,0.022443,0][-5.67739,1.04551,0.825344][0.372752,-0.0108471,0.927868][0.293791,0.119545,0][-5.22892,1.14121,0.644484][0.39318,-0.0161881,0.919319][0.256802,0.133369,0][-5.07835,-1.37129,0.554804][-0.240546,-0.2045,0.94885][0.357341,0.310713,0][-4.98428,-1.28609,0.669674][0.100634,-0.045032,0.993904][0.343753,0.309095,0][-5.35964,-0.291994,0.716084][0.047639,-0.08641,0.99512][0.327717,0.225111,0][-5.35964,-0.291994,0.716084][0.047639,-0.08641,0.99512][0.327717,0.225111,0][-5.6248,-0.351495,0.708724][-0.240547,-0.2045,0.94885][0.34833,0.21791,0][-5.07835,-1.37129,0.554804][-0.240546,-0.2045,0.94885][0.357341,0.310713,0][-4.80024,-1.17969,0.577374][0.413942,0.0686489,0.907711][0.32528,0.310269,0][-5.17963,-0.250195,0.679264][0.384419,0.0418169,0.922211][0.313319,0.230038,0][-5.35964,-0.291994,0.716084][0.047639,-0.08641,0.99512][0.327717,0.225111,0][-5.35964,-0.291994,0.716084][0.047639,-0.08641,0.99512][0.327717,0.225111,0][-4.98428,-1.28609,0.669674][0.100634,-0.045032,0.993904][0.343753,0.309095,0][-4.80024,-1.17969,0.577374][0.413942,0.0686489,0.907711][0.32528,0.310269,0][-4.80024,-1.17969,0.577374][0.413942,0.0686489,0.907711][0.32528,0.310269,0][-4.01731,-1.00009,0.182864][0.443283,0.0689419,0.893727][0.257747,0.33439,0][-4.5471,-0.0858946,0.385654][0.417527,0.0463979,0.907479][0.258472,0.247956,0][-4.5471,-0.0858946,0.385654][0.417527,0.0463979,0.907479][0.258472,0.247956,0][-5.17963,-0.250195,0.679264][0.384419,0.0418169,0.922211][0.313319,0.230038,0][-4.80024,-1.17969,0.577374][0.413942,0.0686489,0.907711][0.32528,0.310269,0][-2.66625,-4.27857,-0.236846][-0.485427,-0.125741,-0.865188][0.703159,0.288158,0][-2.59985,-3.75695,-0.351536][-0.482846,-0.119619,-0.867497][0.669919,0.324011,0][-2.37093,-4.48687,-0.373466][-0.493374,-0.126999,-0.860496][0.685977,0.259192,0][-1.00713,-4.30917,-1.26459][-0.482616,-0.105535,-0.869451][0.927664,0.063835,0][-1.11379,-4.48044,-1.18575][-0.622507,-0.302666,-0.721719][0.939719,0.0636516,0][-1.73611,-3.69307,-0.938896][-0.619094,-0.248508,-0.744961][0.94802,0.124997,0][-1.73611,-3.69307,-0.938896][-0.619094,-0.248508,-0.744961][0.94802,0.124997,0][-1.55374,-3.45942,-1.07033][-0.477464,-0.113543,-0.871284][0.930391,0.166826,0][-1.00713,-4.30917,-1.26459][-0.482616,-0.105535,-0.869451][0.927664,0.063835,0][-1.55374,-3.45942,-1.07033][-0.477464,-0.113543,-0.871284][0.930391,0.166826,0][-1.73611,-3.69307,-0.938896][-0.619094,-0.248508,-0.744961][0.94802,0.124997,0][-1.8548,-3.46594,-0.907916][-0.710311,-0.205959,-0.673081][0.946818,0.140287,0][-1.8548,-3.46594,-0.907916][-0.710311,-0.205959,-0.673081][0.946818,0.140287,0][-1.62133,-3.29379,-1.05817][-0.459638,-0.122116,-0.879671][0.927141,0.184715,0][-1.55374,-3.45942,-1.07033][-0.477464,-0.113543,-0.871284][0.930391,0.166826,0][-1.62133,-3.29379,-1.05817][-0.459638,-0.122116,-0.879671][0.927141,0.184715,0][-1.8548,-3.46594,-0.907916][-0.710311,-0.205959,-0.673081][0.946818,0.140287,0][-1.89098,-3.22354,-0.925556][-0.683481,-0.0551209,-0.727884][0.949388,0.206099,0][-1.62133,-3.29379,-1.05817][-0.459638,-0.122116,-0.879671][0.927141,0.184715,0][-1.89098,-3.22354,-0.925556][-0.683481,-0.0551209,-0.727884][0.949388,0.206099,0][-1.73406,-2.76287,-1.07185][-0.510166,-0.15377,-0.846218][0.880571,0.236608,0][-1.73406,-2.76287,-1.07185][-0.510166,-0.15377,-0.846218][0.880571,0.236608,0][-1.46877,-2.57301,-1.23195][-0.458133,-0.100701,-0.883161][0.868325,0.236592,0][-1.62133,-3.29379,-1.05817][-0.459638,-0.122116,-0.879671][0.927141,0.184715,0][-1.46877,-2.57301,-1.23195][-0.458133,-0.100701,-0.883161][0.868325,0.236592,0][-1.73406,-2.76287,-1.07185][-0.510166,-0.15377,-0.846218][0.880571,0.236608,0][-2.16319,-2.67632,-0.860506][-0.509941,-0.235217,-0.827426][0.914854,0.275271,0][-1.50063,-2.2999,-1.24216][-0.451721,-0.0880289,-0.887806][0.852981,0.261418,0][-1.46877,-2.57301,-1.23195][-0.458133,-0.100701,-0.883161][0.868325,0.236592,0][-2.16319,-2.67632,-0.860506][-0.509941,-0.235217,-0.827426][0.914854,0.275271,0][-1.60796,-1.90602,-1.21856][-0.449203,-0.0788349,-0.889945][0.837215,0.301795,0][-1.50063,-2.2999,-1.24216][-0.451721,-0.0880289,-0.887806][0.852981,0.261418,0][-2.16319,-2.67632,-0.860506][-0.509941,-0.235217,-0.827426][0.914854,0.275271,0][-2.16319,-2.67632,-0.860506][-0.509941,-0.235217,-0.827426][0.914854,0.275271,0][-2.57015,-2.21447,-0.708306][-0.53772,-0.160528,-0.827701][0.922944,0.341276,0][-1.60796,-1.90602,-1.21856][-0.449203,-0.0788349,-0.889945][0.837215,0.301795,0][-1.60796,-1.90602,-1.21856][-0.449203,-0.0788349,-0.889945][0.837215,0.301795,0][-2.57015,-2.21447,-0.708306][-0.53772,-0.160528,-0.827701][0.922944,0.341276,0][-2.63012,-2.0324,-0.697036][-0.578658,-0.00853591,-0.815526][0.916863,0.360132,0][-2.63012,-2.0324,-0.697036][-0.578658,-0.00853591,-0.815526][0.916863,0.360132,0][-1.76995,-1.5037,-1.16095][-0.441215,-0.0486609,-0.896081][0.826576,0.34698,0][-1.60796,-1.90602,-1.21856][-0.449203,-0.0788349,-0.889945][0.837215,0.301795,0][-1.76995,-1.5037,-1.16095][-0.441215,-0.0486609,-0.896081][0.826576,0.34698,0][-2.63012,-2.0324,-0.697036][-0.578658,-0.00853591,-0.815526][0.916863,0.360132,0][-2.44838,-1.71319,-0.813696][-0.488883,-0.0947769,-0.867185][0.878987,0.375872,0][-2.44838,-1.71319,-0.813696][-0.488883,-0.0947769,-0.867185][0.878987,0.375872,0][-1.93397,-1.4313,-1.08341][-0.419443,0.0218251,-0.90752][0.837325,0.364245,0][-1.76995,-1.5037,-1.16095][-0.441215,-0.0486609,-0.896081][0.826576,0.34698,0][-2.15432,-1.3919,-0.977356][-0.417366,0.0234341,-0.908436][0.855066,0.38251,0][-1.93397,-1.4313,-1.08341][-0.419443,0.0218251,-0.90752][0.837325,0.364245,0][-2.44838,-1.71319,-0.813696][-0.488883,-0.0947769,-0.867185][0.878987,0.375872,0][-2.47996,-1.19359,-0.829156][-0.401552,0.0186871,-0.915646][0.86827,0.423095,0][-2.15432,-1.3919,-0.977356][-0.417366,0.0234341,-0.908436][0.855066,0.38251,0][-2.44838,-1.71319,-0.813696][-0.488883,-0.0947769,-0.867185][0.878987,0.375872,0][-2.44838,-1.71319,-0.813696][-0.488883,-0.0947769,-0.867185][0.878987,0.375872,0][-2.73639,-1.55789,-0.684786][-0.580517,-0.219167,-0.784198][0.919174,0.415206,0][-2.47996,-1.19359,-0.829156][-0.401552,0.0186871,-0.915646][0.86827,0.423095,0][-2.23584,-1.2509,-0.859606][0.0723741,0.690256,-0.719937][0.851186,0.403098,0][-2.15432,-1.3919,-0.977356][-0.417366,0.0234341,-0.908436][0.855066,0.38251,0][-2.47996,-1.19359,-0.829156][-0.401552,0.0186871,-0.915646][0.86827,0.423095,0][-2.47996,-1.19359,-0.829156][-0.401552,0.0186871,-0.915646][0.86827,0.423095,0][-2.395,-1.15909,-0.778356][0.0723741,0.690256,-0.719937][0.857353,0.423037,0][-2.23584,-1.2509,-0.859606][0.0723741,0.690256,-0.719937][0.851186,0.403098,0][-2.15432,-1.3919,-0.977356][-0.417366,0.0234341,-0.908436][0.855066,0.38251,0][-2.09063,-1.3266,-0.940876][-0.375116,0.320295,-0.869885][0.8461,0.386831,0][-1.96109,-1.34459,-1.00333][-0.340907,0.423271,-0.839419][0.835447,0.376613,0][-1.96109,-1.34459,-1.00333][-0.340907,0.423271,-0.839419][0.835447,0.376613,0][-1.93397,-1.4313,-1.08341][-0.419443,0.0218251,-0.90752][0.837325,0.364245,0][-2.15432,-1.3919,-0.977356][-0.417366,0.0234341,-0.908436][0.855066,0.38251,0][-1.93397,-1.4313,-1.08341][-0.419443,0.0218251,-0.90752][0.837325,0.364245,0][-1.8918,-1.2658,-0.994526][-0.254044,0.463667,-0.848808][0.824795,0.379671,0][-1.82735,-1.2696,-1.02702][-0.254044,0.463667,-0.848808][0.819284,0.374692,0][-1.82735,-1.2696,-1.02702][-0.254044,0.463667,-0.848808][0.819284,0.374692,0][-1.76995,-1.5037,-1.16095][-0.441215,-0.0486609,-0.896081][0.826576,0.34698,0][-1.93397,-1.4313,-1.08341][-0.419443,0.0218251,-0.90752][0.837325,0.364245,0][-1.85991,-1.09799,-0.935346][-0.400331,0.371547,-0.837668][0.81294,0.393874,0][-1.82735,-1.2696,-1.02702][-0.400331,0.371547,-0.837668][0.819284,0.374692,0][-1.8918,-1.2658,-0.994526][-0.400331,0.371547,-0.837668][0.824795,0.379671,0][-2.10449,-0.801795,-0.838756][-0.427355,0.185907,-0.884763][0.818756,0.433453,0][-2.08096,-1.0343,-0.898976][-0.42199,0.149312,-0.894221][0.829133,0.411385,0][-2.15834,-1.0296,-0.860596][-0.422705,0.153972,-0.893092][0.835861,0.416975,0][-2.08096,-1.0343,-0.898976][-0.42199,0.149312,-0.894221][0.829133,0.411385,0][-1.96109,-1.34459,-1.00333][-0.340907,0.423271,-0.839419][0.835447,0.376613,0][-2.09063,-1.3266,-0.940876][-0.375116,0.320295,-0.869885][0.8461,0.386831,0][-2.09063,-1.3266,-0.940876][-0.375116,0.320295,-0.869885][0.8461,0.386831,0][-2.15834,-1.0296,-0.860596][-0.422705,0.153972,-0.893092][0.835861,0.416975,0][-2.08096,-1.0343,-0.898976][-0.42199,0.149312,-0.894221][0.829133,0.411385,0][-2.395,-1.15909,-0.778356][-0.45525,-0.0177379,-0.890187][0.857353,0.423037,0][-2.40091,-0.992596,-0.780336][-0.403796,0.130167,-0.905541][0.845335,0.435319,0][-2.32136,-1.0209,-0.818766][-0.441575,0.0248591,-0.89688][0.84104,0.426776,0][-2.32136,-1.0209,-0.818766][-0.441575,0.0248591,-0.89688][0.84104,0.426776,0][-2.23584,-1.2509,-0.859606][-0.45525,-0.0177379,-0.890187][0.851186,0.403098,0][-2.395,-1.15909,-0.778356][-0.45525,-0.0177379,-0.890187][0.857353,0.423037,0][-2.40091,-0.992596,-0.780336][-0.403796,0.130167,-0.905541][0.845335,0.435319,0][-2.39515,-0.822795,-0.705356][-0.281862,0.395431,-0.874179][0.833435,0.450323,0][-2.32136,-1.0209,-0.818766][-0.441575,0.0248591,-0.89688][0.84104,0.426776,0][-2.70175,-0.877594,-0.636856][-0.0203389,0.588425,-0.808296][0.860275,0.472471,0][-2.55606,-1.1398,-0.795096][-0.413417,-0.0151039,-0.910416][0.870102,0.433788,0][-2.867,-0.910995,-0.657016][-0.362284,0.087951,-0.927909][0.878267,0.481452,0][-2.867,-0.910995,-0.657016][-0.362284,0.087951,-0.927909][0.878267,0.481452,0][-2.84361,-0.829094,-0.561666][-0.0203389,0.588425,-0.808296][0.8665,0.491194,0][-2.70175,-0.877594,-0.636856][-0.0203389,0.588425,-0.808296][0.860275,0.472471,0][-2.70175,-0.877594,-0.636856][-0.38493,0.250737,-0.888234][0.860275,0.472471,0][-2.84361,-0.829094,-0.561666][-0.38493,0.250737,-0.888234][0.8665,0.491194,0][-2.92909,-0.578195,-0.453816][-0.38493,0.250737,-0.888234][0.850077,0.520536,0][-2.47996,-1.19359,-0.829156][-0.401552,0.0186871,-0.915646][0.86827,0.423095,0][-2.73639,-1.55789,-0.684786][-0.580517,-0.219167,-0.784198][0.919174,0.415206,0][-2.75212,-1.44229,-0.685006][-0.58429,-0.224034,-0.780009][0.912518,0.426411,0][-2.75212,-1.44229,-0.685006][-0.58429,-0.224034,-0.780009][0.912518,0.426411,0][-2.55606,-1.1398,-0.795096][-0.413417,-0.0151039,-0.910416][0.870102,0.433788,0][-2.47996,-1.19359,-0.829156][-0.401552,0.0186871,-0.915646][0.86827,0.423095,0][-2.867,-0.910995,-0.657016][-0.362284,0.087951,-0.927909][0.878267,0.481452,0][-2.55606,-1.1398,-0.795096][-0.413417,-0.0151039,-0.910416][0.870102,0.433788,0][-2.75212,-1.44229,-0.685006][-0.58429,-0.224034,-0.780009][0.912518,0.426411,0][-2.75212,-1.44229,-0.685006][-0.58429,-0.224034,-0.780009][0.912518,0.426411,0][-3.08409,-1.14199,-0.544856][-0.624288,-0.302309,-0.720329][0.919277,0.481914,0][-2.867,-0.910995,-0.657016][-0.362284,0.087951,-0.927909][0.878267,0.481452,0][-2.99039,-0.849895,-0.601526][-0.420762,-0.0352709,-0.906485][0.884137,0.499161,0][-2.867,-0.910995,-0.657016][-0.362284,0.087951,-0.927909][0.878267,0.481452,0][-3.08409,-1.14199,-0.544856][-0.624288,-0.302309,-0.720329][0.919277,0.481914,0][-2.99039,-0.849895,-0.601526][-0.420762,-0.0352709,-0.906485][0.884137,0.499161,0][-3.08409,-1.14199,-0.544856][-0.624288,-0.302309,-0.720329][0.919277,0.481914,0][-3.34755,-0.834495,-0.436706][-0.626916,-0.282583,-0.726033][0.920827,0.536046,0][-3.34755,-0.834495,-0.436706][-0.626916,-0.282583,-0.726033][0.920827,0.536046,0][-3.15634,-0.602195,-0.532066][-0.417658,-0.0302289,-0.908101][0.87808,0.539945,0][-2.99039,-0.849895,-0.601526][-0.420762,-0.0352709,-0.906485][0.884137,0.499161,0][-3.15634,-0.602195,-0.532066][-0.417658,-0.0302289,-0.908101][0.87808,0.539945,0][-3.34755,-0.834495,-0.436706][-0.626916,-0.282583,-0.726033][0.920827,0.536046,0][-3.51135,-0.649895,-0.368566][-0.655332,-0.277187,-0.702644][0.922552,0.571145,0][-3.51135,-0.649895,-0.368566][-0.655332,-0.277187,-0.702644][0.922552,0.571145,0][-3.24107,-0.429995,-0.496786][-0.410471,0.0405611,-0.910971][0.870942,0.566647,0][-3.15634,-0.602195,-0.532066][-0.417658,-0.0302289,-0.908101][0.87808,0.539945,0][-3.32291,-0.415295,-0.459906][-0.407748,0.0141621,-0.912985][0.878853,0.576916,0][-3.24107,-0.429995,-0.496786][-0.410471,0.0405611,-0.910971][0.870942,0.566647,0][-3.51135,-0.649895,-0.368566][-0.655332,-0.277187,-0.702644][0.922552,0.571145,0][-3.51135,-0.649895,-0.368566][-0.655332,-0.277187,-0.702644][0.922552,0.571145,0][-3.83038,-0.210995,-0.236006][-0.640916,-0.280229,-0.714631][0.9209,0.650376,0][-3.58156,-0.111295,-0.347146][-0.40881,-0.0140319,-0.912512][0.88167,0.636629,0][-3.58156,-0.111295,-0.347146][-0.40881,-0.0140319,-0.912512][0.88167,0.636629,0][-3.32291,-0.415295,-0.459906][-0.407748,0.0141621,-0.912985][0.878853,0.576916,0][-3.51135,-0.649895,-0.368566][-0.655332,-0.277187,-0.702644][0.922552,0.571145,0][-3.22088,-0.357795,-0.395496][-0.159238,0.848201,-0.505172][0.860276,0.580794,0][-3.24107,-0.429995,-0.496786][-0.410471,0.0405611,-0.910971][0.870942,0.566647,0][-3.32291,-0.415295,-0.459906][-0.407748,0.0141621,-0.912985][0.878853,0.576916,0][-3.32291,-0.415295,-0.459906][-0.407748,0.0141621,-0.912985][0.878853,0.576916,0][-3.24805,-0.361594,-0.379826][-0.159238,0.848201,-0.505172][0.863087,0.584296,0][-3.22088,-0.357795,-0.395496][-0.159238,0.848201,-0.505172][0.860276,0.580794,0][-3.23984,-0.290395,-0.292006][-0.41858,0.7241,-0.548151][0.852691,0.596992,0][-3.22088,-0.357795,-0.395496][-0.41858,0.7241,-0.548151][0.860276,0.580794,0][-3.24805,-0.361594,-0.379826][-0.41858,0.7241,-0.548151][0.863087,0.584296,0][-3.68694,0.428705,-0.110956][0.620248,0.428105,-0.657281][0.842505,0.717872,0][-3.69799,0.395205,-0.148406][0.143736,0.445447,-0.883695][0.84912,0.713637,0][-3.73323,0.442306,-0.145766][0.316442,0.453977,-0.832928][0.850416,0.722475,0][-3.73323,0.442306,-0.145766][0.316442,0.453977,-0.832928][0.850416,0.722475,0][-3.72298,0.487606,-0.111776][0.620248,0.428105,-0.657281][0.843755,0.728427,0][-3.68694,0.428705,-0.110956][0.620248,0.428105,-0.657281][0.842505,0.717872,0][-3.69799,0.395205,-0.148406][0.143736,0.445447,-0.883695][0.84912,0.713637,0][-3.69123,0.123405,-0.298556][-0.359038,0.0487531,-0.932049][0.873955,0.674029,0][-3.73749,0.139505,-0.278216][-0.350854,0.0522001,-0.934974][0.878103,0.680703,0][-3.73749,0.139505,-0.278216][-0.350854,0.0522001,-0.934974][0.878103,0.680703,0][-3.73323,0.442306,-0.145766][0.316442,0.453977,-0.832928][0.850416,0.722475,0][-3.69799,0.395205,-0.148406][0.143736,0.445447,-0.883695][0.84912,0.713637,0][-3.73749,0.139505,-0.278216][-0.350854,0.0522001,-0.934974][0.878103,0.680703,0][-3.69123,0.123405,-0.298556][-0.359038,0.0487531,-0.932049][0.873955,0.674029,0][-3.58156,-0.111295,-0.347146][-0.40881,-0.0140319,-0.912512][0.88167,0.636629,0][-3.58156,-0.111295,-0.347146][-0.40881,-0.0140319,-0.912512][0.88167,0.636629,0][-3.83038,-0.210995,-0.236006][-0.640916,-0.280229,-0.714631][0.9209,0.650376,0][-3.73749,0.139505,-0.278216][-0.350854,0.0522001,-0.934974][0.878103,0.680703,0][-3.73749,0.139505,-0.278216][-0.350854,0.0522001,-0.934974][0.878103,0.680703,0][-3.83038,-0.210995,-0.236006][-0.640916,-0.280229,-0.714631][0.9209,0.650376,0][-4.01744,-0.0366945,-0.155846][-0.655549,-0.277376,-0.702366][0.92679,0.687529,0][-4.01744,-0.0366945,-0.155846][-0.655549,-0.277376,-0.702366][0.92679,0.687529,0][-3.82489,0.202705,-0.239676][-0.397047,0.00197906,-0.917796][0.883627,0.696513,0][-3.73749,0.139505,-0.278216][-0.350854,0.0522001,-0.934974][0.878103,0.680703,0][-3.92089,0.415606,-0.195376][-0.393276,0.0123051,-0.919338][0.878317,0.72952,0][-3.82489,0.202705,-0.239676][-0.397047,0.00197906,-0.917796][0.883627,0.696513,0][-4.01744,-0.0366945,-0.155846][-0.655549,-0.277376,-0.702366][0.92679,0.687529,0][-4.01744,-0.0366945,-0.155846][-0.655549,-0.277376,-0.702366][0.92679,0.687529,0][-4.25532,0.333806,-0.0533965][-0.591965,-0.18033,-0.785531][0.925111,0.749627,0][-3.92089,0.415606,-0.195376][-0.393276,0.0123051,-0.919338][0.878317,0.72952,0][-4.06909,0.763606,-0.123196][-0.384349,0.0692401,-0.920588][0.870332,0.781161,0][-3.92089,0.415606,-0.195376][-0.393276,0.0123051,-0.919338][0.878317,0.72952,0][-4.25532,0.333806,-0.0533965][-0.591965,-0.18033,-0.785531][0.925111,0.749627,0][-4.25532,0.333806,-0.0533965][-0.591965,-0.18033,-0.785531][0.925111,0.749627,0][-4.43698,0.822906,0.0324237][-0.342682,0.194559,-0.919084][0.907689,0.8177,0][-4.06909,0.763606,-0.123196][-0.384349,0.0692401,-0.920588][0.870332,0.781161,0][-4.16121,1.03491,0.00891376][-0.333134,0.335626,-0.881123][0.865192,0.820976,0][-4.06909,0.763606,-0.123196][-0.384349,0.0692401,-0.920588][0.870332,0.781161,0][-4.43698,0.822906,0.0324237][-0.342682,0.194559,-0.919084][0.907689,0.8177,0][-4.43698,0.822906,0.0324237][-0.342682,0.194559,-0.919084][0.907689,0.8177,0][-4.26681,1.02791,0.0522337][-0.24964,0.407125,-0.878595][0.874858,0.829759,0][-4.16121,1.03491,0.00891376][-0.333134,0.335626,-0.881123][0.865192,0.820976,0][-4.1911,1.19361,0.0958736][-0.334321,0.305418,-0.891599][0.857265,0.827841,0][-4.16121,1.03491,0.00891376][-0.327885,0.377835,-0.865871][0.865192,0.820976,0][-4.26681,1.02791,0.0522337][-0.327885,0.377835,-0.865871][0.874858,0.829759,0][-4.26681,1.02791,0.0522337][-0.327885,0.377835,-0.865871][0.874858,0.829759,0][-4.28982,1.22261,0.139494][-0.338778,0.230983,-0.912073][0.854229,0.835203,0][-4.1911,1.19361,0.0958736][-0.334321,0.305418,-0.891599][0.857265,0.827841,0][-4.28982,1.22261,0.139494][-0.338778,0.230983,-0.912073][0.854229,0.835203,0][-4.30107,1.45271,0.174804][-0.341471,0.138279,-0.929665][0.837065,0.833057,0][-4.21647,1.35971,0.132944][-0.341471,0.138279,-0.929665][0.845329,0.828034,0][-4.21647,1.35971,0.132944][-0.341471,0.138279,-0.929665][0.845329,0.828034,0][-4.1911,1.19361,0.0958736][-0.334321,0.305418,-0.891599][0.857265,0.827841,0][-4.28982,1.22261,0.139494][-0.338778,0.230983,-0.912073][0.854229,0.835203,0][-4.43698,0.822906,0.0324237][-0.342682,0.194559,-0.919084][0.907689,0.8177,0][-4.65029,1.16911,0.197624][-0.127359,0.184399,-0.974565][0.911443,0.871323,0][-4.47377,1.18851,0.244074][0.0930501,0.371519,-0.923751][0.889901,0.868134,0][-4.47377,1.18851,0.244074][0.0930501,0.371519,-0.923751][0.889901,0.868134,0][-4.26681,1.02791,0.0522337][-0.24964,0.407125,-0.878595][0.874858,0.829759,0][-4.43698,0.822906,0.0324237][-0.342682,0.194559,-0.919084][0.907689,0.8177,0][-4.65029,1.16911,0.197624][-0.127359,0.184399,-0.974565][0.911443,0.871323,0][-4.76376,1.80231,0.281344][-0.190656,0.113124,-0.975117][0.906297,0.950552,0][-4.62861,1.74701,0.344384][0.354281,0.218092,-0.909352][0.890568,0.941195,0][-4.62861,1.74701,0.344384][0.354281,0.218092,-0.909352][0.890568,0.941195,0][-4.47377,1.18851,0.244074][0.0930501,0.371519,-0.923751][0.889901,0.868134,0][-4.65029,1.16911,0.197624][-0.127359,0.184399,-0.974565][0.911443,0.871323,0][-4.61136,1.91691,0.376813][0.397796,0.214249,-0.892107][0.883657,0.961578,0][-4.62861,1.74701,0.344384][0.354281,0.218092,-0.909352][0.890568,0.941195,0][-4.76376,1.80231,0.281344][-0.190656,0.113124,-0.975117][0.906297,0.950552,0][-4.76376,1.80231,0.281344][-0.190656,0.113124,-0.975117][0.906297,0.950552,0][-4.69978,2.02911,0.380404][0.397796,0.214249,-0.892107][0.891079,0.977702,0][-4.61136,1.91691,0.376813][0.397796,0.214249,-0.892107][0.883657,0.961578,0][-4.76376,1.80231,0.281344][-0.190656,0.113124,-0.975117][0.533243,0.089605,0][-4.65029,1.16911,0.197624][-0.127359,0.184399,-0.974565][0.453788,0.085333,0][-4.8932,1.04331,0.226634][-0.228063,0.117408,-0.966542][0.447602,0.051778,0][-4.8932,1.04331,0.226634][-0.228063,0.117408,-0.966542][0.447602,0.051778,0][-5.26931,1.73611,0.410664][-0.286337,0.087806,-0.954097][0.548291,0.03581,0][-4.76376,1.80231,0.281344][-0.190656,0.113124,-0.975117][0.533243,0.089605,0][-5.26931,1.73611,0.410664][-0.286337,0.087806,-0.954097][0.548291,0.03581,0][-5.52748,2.51051,0.589853][-0.362134,0.136318,-0.922105][0.62151,0.037665,0][-5.10781,2.57881,0.427083][-0.350936,0.123524,-0.928217][0.612795,0.077303,0][-5.10781,2.57881,0.427083][-0.350936,0.123524,-0.928217][0.612795,0.077303,0][-4.76376,1.80231,0.281344][-0.190656,0.113124,-0.975117][0.533243,0.089605,0][-5.26931,1.73611,0.410664][-0.286337,0.087806,-0.954097][0.548291,0.03581,0][-4.67011,0.731405,0.126604][-0.358957,0.133049,-0.923823][0.405153,0.064205,0][-4.8932,1.04331,0.226634][-0.228063,0.117408,-0.966542][0.447602,0.051778,0][-4.65029,1.16911,0.197624][-0.127359,0.184399,-0.974565][0.453788,0.085333,0][-4.43698,0.822906,0.0324237][-0.342682,0.194559,-0.919084][0.907689,0.8177,0][-4.48122,0.567905,0.0448837][-0.380852,0.0209361,-0.924399][0.932305,0.794151,0][-4.67011,0.731405,0.126604][-0.358957,0.133049,-0.923823][0.939948,0.825308,0][-4.48122,0.567905,0.0448837][-0.380852,0.0209361,-0.924399][0.932305,0.794151,0][-4.43698,0.822906,0.0324237][-0.342682,0.194559,-0.919084][0.907689,0.8177,0][-4.25532,0.333806,-0.0533965][-0.591965,-0.18033,-0.785531][0.925111,0.749627,0][-1.73125,-3.78406,-0.697916][0.488157,0.114885,0.865161][0.207664,0.628073,0][-1.07184,-4.55121,-0.981776][0.494679,0.106904,0.862476][0.190672,0.710756,0][-0.901509,-4.27283,-1.11116][0.493059,0.10705,0.863385][0.164468,0.700335,0][-0.901509,-4.27283,-1.11116][0.493059,0.10705,0.863385][0.164468,0.700335,0][-1.44039,-3.40732,-0.913136][0.486935,0.114773,0.865864][0.167196,0.616936,0][-1.73125,-3.78406,-0.697916][0.488157,0.114885,0.865161][0.207664,0.628073,0][-1.93147,-3.16683,-0.679116][0.469825,0.129187,0.873255][0.194394,0.577623,0][-1.73125,-3.78406,-0.697916][0.488157,0.114885,0.865161][0.207664,0.628073,0][-1.44039,-3.40732,-0.913136][0.486935,0.114773,0.865864][0.167196,0.616936,0][-1.44039,-3.40732,-0.913136][0.486935,0.114773,0.865864][0.167196,0.616936,0][-1.49847,-3.2604,-0.902216][0.475644,0.120464,0.87135][0.164876,0.604422,0][-1.93147,-3.16683,-0.679116][0.469825,0.129187,0.873255][0.194394,0.577623,0][-1.33215,-2.54358,-1.08456][0.471122,0.100628,0.876309][0.11875,0.564602,0][-1.93147,-3.16683,-0.679116][0.469825,0.129187,0.873255][0.194394,0.577623,0][-1.49847,-3.2604,-0.902216][0.475644,0.120464,0.87135][0.164876,0.604422,0][-1.33215,-2.54358,-1.08456][0.471122,0.100628,0.876309][0.11875,0.564602,0][-2.19818,-2.70005,-0.602746][0.463431,0.111061,0.879146][0.19336,0.533998,0][-1.93147,-3.16683,-0.679116][0.469825,0.129187,0.873255][0.194394,0.577623,0][-1.3531,-2.25226,-1.1009][0.464025,0.0876879,0.881471][0.107275,0.544075,0][-2.19818,-2.70005,-0.602746][0.463431,0.111061,0.879146][0.19336,0.533998,0][-1.33215,-2.54358,-1.08456][0.471122,0.100628,0.876309][0.11875,0.564602,0][-1.45051,-1.86432,-1.07854][0.464136,0.0772779,0.882387][0.097658,0.513342,0][-2.62305,-2.27136,-0.433096][0.457472,0.0867249,0.884985][0.206559,0.485379,0][-2.19818,-2.70005,-0.602746][0.463431,0.111061,0.879146][0.19336,0.533998,0][-2.19818,-2.70005,-0.602746][0.463431,0.111061,0.879146][0.19336,0.533998,0][-1.3531,-2.25226,-1.1009][0.464025,0.0876879,0.881471][0.107275,0.544075,0][-1.45051,-1.86432,-1.07854][0.464136,0.0772779,0.882387][0.097658,0.513342,0][-1.62974,-1.48289,-1.00648][0.457487,0.0645039,0.886874][0.094879,0.479086,0][-2.62305,-2.27136,-0.433096][0.457472,0.0867249,0.884985][0.206559,0.485379,0][-1.45051,-1.86432,-1.07854][0.464136,0.0772779,0.882387][0.097658,0.513342,0][-1.85674,-1.3919,-0.894596][0.448324,0.0743029,0.890778][0.108427,0.46224,0][-2.7839,-1.74179,-0.403616][0.459037,0.0787159,0.884923][0.195061,0.442349,0][-2.62305,-2.27136,-0.433096][0.457472,0.0867249,0.884985][0.206559,0.485379,0][-2.62305,-2.27136,-0.433096][0.457472,0.0867249,0.884985][0.206559,0.485379,0][-1.62974,-1.48289,-1.00648][0.457487,0.0645039,0.886874][0.094879,0.479086,0][-1.85674,-1.3919,-0.894596][0.448324,0.0743029,0.890778][0.108427,0.46224,0][-2.07735,-1.3602,-0.784336][0.451927,0.0505609,0.890621][0.124015,0.44973,0][-2.7839,-1.74179,-0.403616][0.459037,0.0787159,0.884923][0.195061,0.442349,0][-1.85674,-1.3919,-0.894596][0.448324,0.0743029,0.890778][0.108427,0.46224,0][-2.41821,-1.172,-0.622346][0.451993,0.0505909,0.890586][0.142002,0.420993,0][-2.7839,-1.74179,-0.403616][0.459037,0.0787159,0.884923][0.195061,0.442349,0][-2.07735,-1.3602,-0.784336][0.451927,0.0505609,0.890621][0.124015,0.44973,0][-2.41821,-1.172,-0.622346][0.451993,0.0505909,0.890586][0.142002,0.420993,0][-2.07735,-1.3602,-0.784336][0.451927,0.0505609,0.890621][0.124015,0.44973,0][-2.15138,-1.265,-0.751406][0.444811,0.0348789,0.894945][0.125575,0.4398,0][-2.15138,-1.265,-0.751406][0.444811,0.0348789,0.894945][0.125575,0.4398,0][-2.37351,-1.1405,-0.645826][0.444296,0.0335119,0.895253][0.137213,0.420938,0][-2.41821,-1.172,-0.622346][0.451993,0.0505909,0.890586][0.142002,0.420993,0][-1.8763,-1.3482,-0.886566][0.449252,0.0339669,0.892759][0.108042,0.45836,0][-2.05706,-1.3223,-0.796316][0.448901,0.0329829,0.892973][0.120806,0.44811,0][-2.07735,-1.3602,-0.784336][0.451927,0.0505609,0.890621][0.124015,0.44973,0][-2.07735,-1.3602,-0.784336][0.451927,0.0505609,0.890621][0.124015,0.44973,0][-1.85674,-1.3919,-0.894596][0.448324,0.0743029,0.890778][0.108427,0.46224,0][-1.8763,-1.3482,-0.886566][0.449252,0.0339669,0.892759][0.108042,0.45836,0][-1.74851,-1.2696,-0.954426][0.452487,0.0342529,0.891113][0.094824,0.459015,0][-1.85974,-1.2628,-0.898336][0.452346,0.0334259,0.891216][0.103091,0.453336,0][-1.85674,-1.3919,-0.894596][0.448324,0.0743029,0.890778][0.108427,0.46224,0][-1.85674,-1.3919,-0.894596][0.448324,0.0743029,0.890778][0.108427,0.46224,0][-1.62974,-1.48289,-1.00648][0.457487,0.0645039,0.886874][0.094879,0.479086,0][-1.74851,-1.2696,-0.954426][0.452487,0.0342529,0.891113][0.094824,0.459015,0][-1.83793,-1.09669,-0.914616][0.451435,0.0281359,0.89186][0.094289,0.443056,0][-1.85974,-1.2628,-0.898336][0.452346,0.0334259,0.891216][0.103091,0.453336,0][-1.74851,-1.2696,-0.954426][0.452487,0.0342529,0.891113][0.094824,0.459015,0][-2.0844,-0.801795,-0.798016][0.44518,0.0188689,0.895242][0.100506,0.411465,0][-2.13385,-1.02719,-0.768676][0.447676,0.0286279,0.893737][0.11393,0.424469,0][-2.02527,-1.03409,-0.822526][0.447993,0.0298799,0.893538][0.105925,0.430042,0][-2.05706,-1.3223,-0.796316][0.448901,0.0329829,0.892973][0.120806,0.44811,0][-1.8763,-1.3482,-0.886566][0.449252,0.0339669,0.892759][0.108042,0.45836,0][-2.02527,-1.03409,-0.822526][0.447993,0.0298799,0.893538][0.105925,0.430042,0][-2.02527,-1.03409,-0.822526][0.447993,0.0298799,0.893538][0.105925,0.430042,0][-2.13385,-1.02719,-0.768676][0.447676,0.0286279,0.893737][0.11393,0.424469,0][-2.05706,-1.3223,-0.796316][0.448901,0.0329829,0.892973][0.120806,0.44811,0][-2.25152,-1.0235,-0.710426][0.443527,0.0312389,0.895717][0.122837,0.418723,0][-2.36066,-0.984796,-0.657706][0.443083,0.0294489,0.895997][0.129492,0.410971,0][-2.37351,-1.1405,-0.645826][0.444296,0.0335119,0.895253][0.137213,0.420938,0][-2.37351,-1.1405,-0.645826][0.444296,0.0335119,0.895253][0.137213,0.420938,0][-2.15138,-1.265,-0.751406][0.444811,0.0348789,0.894945][0.125575,0.4398,0][-2.25152,-1.0235,-0.710426][0.443527,0.0312389,0.895717][0.122837,0.418723,0][-2.36066,-0.984796,-0.657706][0.443083,0.0294489,0.895997][0.129492,0.410971,0][-2.25152,-1.0235,-0.710426][0.443527,0.0312389,0.895717][0.122837,0.418723,0][-2.37135,-0.822395,-0.656706][0.441613,0.0235549,0.896896][0.123313,0.399456,0][-2.62417,-0.886095,-0.531606][0.436574,0.0280499,0.899231][0.145467,0.391934,0][-2.82138,-0.821295,-0.437896][0.435754,0.0250199,0.899718][0.157711,0.378338,0][-2.80624,-0.876194,-0.443466][0.439009,0.0490239,0.897144][0.158933,0.382775,0][-2.80624,-0.876194,-0.443466][0.439009,0.0490239,0.897144][0.158933,0.382775,0][-2.45494,-1.12199,-0.606266][0.440069,0.0519559,0.896459][0.142664,0.415873,0][-2.62417,-0.886095,-0.531606][0.436574,0.0280499,0.899231][0.145467,0.391934,0][-2.90514,-0.577994,-0.403596][0.435184,0.0229249,0.90005][0.153683,0.357894,0][-2.82138,-0.821295,-0.437896][0.435754,0.0250199,0.899718][0.157711,0.378338,0][-2.62417,-0.886095,-0.531606][0.436574,0.0280499,0.899231][0.145467,0.391934,0][-2.45494,-1.12199,-0.606266][0.440069,0.0519559,0.896459][0.142664,0.415873,0][-2.7839,-1.74179,-0.403616][0.459037,0.0787159,0.884923][0.195061,0.442349,0][-2.41821,-1.172,-0.622346][0.451993,0.0505909,0.890586][0.142002,0.420993,0][-3.05489,-1.26579,-0.304006][0.461355,0.0683259,0.884581][0.194789,0.397624,0][-2.7839,-1.74179,-0.403616][0.459037,0.0787159,0.884923][0.195061,0.442349,0][-2.45494,-1.12199,-0.606266][0.440069,0.0519559,0.896459][0.142664,0.415873,0][-2.45494,-1.12199,-0.606266][0.440069,0.0519559,0.896459][0.142664,0.415873,0][-2.80624,-0.876194,-0.443466][0.439009,0.0490239,0.897144][0.158933,0.382775,0][-3.05489,-1.26579,-0.304006][0.461355,0.0683259,0.884581][0.194789,0.397624,0][-2.89028,-0.823794,-0.404566][0.456747,0.0364709,0.888849][0.163114,0.375299,0][-3.05489,-1.26579,-0.304006][0.461355,0.0683259,0.884581][0.194789,0.397624,0][-2.80624,-0.876194,-0.443466][0.439009,0.0490239,0.897144][0.158933,0.382775,0][-3.04776,-0.583494,-0.335566][0.457684,0.0363079,0.888373][0.164894,0.351641,0][-4.01731,-1.00009,0.182864][0.443283,0.0689419,0.893727][0.257747,0.33439,0][-3.05489,-1.26579,-0.304006][0.461355,0.0683259,0.884581][0.194789,0.397624,0][-3.05489,-1.26579,-0.304006][0.461355,0.0683259,0.884581][0.194789,0.397624,0][-2.89028,-0.823794,-0.404566][0.456747,0.0364709,0.888849][0.163114,0.375299,0][-3.04776,-0.583494,-0.335566][0.457684,0.0363079,0.888373][0.164894,0.351641,0][-3.13216,-0.424294,-0.298416][0.453867,0.0380479,0.890257][0.164576,0.336875,0][-4.01731,-1.00009,0.182864][0.443283,0.0689419,0.893727][0.257747,0.33439,0][-3.04776,-0.583494,-0.335566][0.457684,0.0363079,0.888373][0.164894,0.351641,0][-3.24559,-0.402494,-0.245416][0.451508,0.0504879,0.890837][0.172237,0.33013,0][-4.01731,-1.00009,0.182864][0.443283,0.0689419,0.893727][0.257747,0.33439,0][-3.13216,-0.424294,-0.298416][0.453867,0.0380479,0.890257][0.164576,0.336875,0][-3.15912,-0.358994,-0.273046][0.406044,-0.0942421,0.908981][0.164256,0.330967,0][-3.20598,-0.350695,-0.251166][0.425673,0.0281339,0.90444][0.167309,0.328275,0][-3.24559,-0.402494,-0.245416][0.451508,0.0504879,0.890837][0.172237,0.33013,0][-3.24559,-0.402494,-0.245416][0.451508,0.0504879,0.890837][0.172237,0.33013,0][-3.13216,-0.424294,-0.298416][0.453867,0.0380479,0.890257][0.164576,0.336875,0][-3.15912,-0.358994,-0.273046][0.406044,-0.0942421,0.908981][0.164256,0.330967,0][-3.23984,-0.290395,-0.292006][0.410551,0.657885,0.631376][0.164629,0.322822,0][-3.20598,-0.350695,-0.251166][0.425673,0.0281339,0.90444][0.167309,0.328275,0][-3.15912,-0.358994,-0.273046][0.406044,-0.0942421,0.908981][0.164256,0.330967,0][-3.68694,0.428705,-0.110956][0.493878,0.370888,0.786465][0.16814,0.253785,0][-3.72298,0.487606,-0.111776][0.493878,0.370888,0.786465][0.167663,0.248387,0][-3.69637,0.286606,-0.0380363][0.469713,0.218841,0.855265][0.177461,0.262207,0][-3.69637,0.286606,-0.0380363][0.469713,0.218841,0.855265][0.177461,0.262207,0][-3.62591,0.269806,-0.0700164][0.446523,0.115342,0.887307][0.173024,0.26659,0][-3.68694,0.428705,-0.110956][0.493878,0.370888,0.786465][0.16814,0.253785,0][-3.62591,0.269806,-0.0700164][0.446523,0.115342,0.887307][0.173024,0.26659,0][-3.69637,0.286606,-0.0380363][0.469713,0.218841,0.855265][0.177461,0.262207,0][-3.66007,0.149706,-0.0560663][0.439163,0.0465419,0.897201][0.180548,0.273124,0][-3.66007,0.149706,-0.0560663][0.439163,0.0465419,0.897201][0.180548,0.273124,0][-3.57563,0.103605,-0.0947564][0.460589,0.0372889,0.88683][0.176099,0.280163,0][-3.62591,0.269806,-0.0700164][0.446523,0.115342,0.887307][0.173024,0.26659,0][-3.47329,-0.109994,-0.142126][0.460338,0.0405379,0.886818][0.17722,0.299545,0][-3.57563,0.103605,-0.0947564][0.460589,0.0372889,0.88683][0.176099,0.280163,0][-3.66007,0.149706,-0.0560663][0.439163,0.0465419,0.897201][0.180548,0.273124,0][-3.66007,0.149706,-0.0560663][0.439163,0.0465419,0.897201][0.180548,0.273124,0][-4.01731,-1.00009,0.182864][0.443283,0.0689419,0.893727][0.257747,0.33439,0][-3.47329,-0.109994,-0.142126][0.460338,0.0405379,0.886818][0.17722,0.299545,0][-3.66007,0.149706,-0.0560663][0.439163,0.0465419,0.897201][0.180548,0.273124,0][-3.7148,0.216705,-0.0306764][0.436023,0.0443179,0.898844][0.181907,0.265994,0][-4.5471,-0.0858946,0.385654][0.417527,0.0463979,0.907479][0.258472,0.247956,0][-4.5471,-0.0858946,0.385654][0.417527,0.0463979,0.907479][0.258472,0.247956,0][-4.01731,-1.00009,0.182864][0.443283,0.0689419,0.893727][0.257747,0.33439,0][-3.66007,0.149706,-0.0560663][0.439163,0.0465419,0.897201][0.180548,0.273124,0][-3.79757,0.413506,0.00958371][0.430902,0.0155389,0.902265][0.180049,0.24863,0][-4.5471,-0.0858946,0.385654][0.417527,0.0463979,0.907479][0.258472,0.247956,0][-3.7148,0.216705,-0.0306764][0.436023,0.0443179,0.898844][0.181907,0.265994,0][-4.34335,0.812205,0.259474][0.413865,0.0175519,0.910169][0.204587,0.196303,0][-4.5471,-0.0858946,0.385654][0.417527,0.0463979,0.907479][0.258472,0.247956,0][-3.79757,0.413506,0.00958371][0.430902,0.0155389,0.902265][0.180049,0.24863,0][-3.79757,0.413506,0.00958371][0.430902,0.0155389,0.902265][0.180049,0.24863,0][-3.93839,0.744705,0.0812635][0.424929,0.0138639,0.905121][0.177106,0.219351,0][-4.34335,0.812205,0.259474][0.413865,0.0175519,0.910169][0.204587,0.196303,0][-4.07454,1.01301,0.151784][0.396071,-0.0399831,0.917349][0.176432,0.194669,0][-4.23151,1.04641,0.220774][0.394026,-0.0403181,0.918214][0.186682,0.185189,0][-4.34335,0.812205,0.259474][0.413865,0.0175519,0.910169][0.204587,0.196303,0][-4.34335,0.812205,0.259474][0.413865,0.0175519,0.910169][0.204587,0.196303,0][-3.93839,0.744705,0.0812635][0.424929,0.0138639,0.905121][0.177106,0.219351,0][-4.07454,1.01301,0.151784][0.396071,-0.0399831,0.917349][0.176432,0.194669,0][-4.13226,1.17571,0.185084][0.464933,0.0958009,0.880148][0.17408,0.180996,0][-4.25754,1.21251,0.240464][0.520817,0.227618,0.822763][0.181566,0.172693,0][-4.23151,1.04641,0.220774][0.394026,-0.0403181,0.918214][0.186682,0.185189,0][-4.23151,1.04641,0.220774][0.394026,-0.0403181,0.918214][0.186682,0.185189,0][-4.07454,1.01301,0.151784][0.396071,-0.0399831,0.917349][0.176432,0.194669,0][-4.13226,1.17571,0.185084][0.464933,0.0958009,0.880148][0.17408,0.180996,0][-4.25754,1.21251,0.240464][0.520817,0.227618,0.822763][0.181566,0.172693,0][-4.13226,1.17571,0.185084][0.464933,0.0958009,0.880148][0.17408,0.180996,0][-4.21647,1.35971,0.132944][0.57039,0.374743,0.730905][0.168707,0.165512,0][-4.21647,1.35971,0.132944][0.57039,0.374743,0.730905][0.168707,0.165512,0][-4.30107,1.45271,0.174804][0.57039,0.374743,0.730905][0.171549,0.155459,0][-4.25754,1.21251,0.240464][0.520817,0.227618,0.822763][0.181566,0.172693,0][-4.38843,1.19301,0.294884][0.38948,-0.0485491,0.919754][0.192473,0.16789,0][-4.58682,1.15601,0.376854][0.390601,-0.0583341,0.91871][0.208677,0.161472,0][-4.34335,0.812205,0.259474][0.413865,0.0175519,0.910169][0.204587,0.196303,0][-4.34335,0.812205,0.259474][0.413865,0.0175519,0.910169][0.204587,0.196303,0][-4.23151,1.04641,0.220774][0.394026,-0.0403181,0.918214][0.186682,0.185189,0][-4.38843,1.19301,0.294884][0.38948,-0.0485491,0.919754][0.192473,0.16789,0][-4.52495,1.71531,0.386014][0.394151,-0.0286481,0.918599][0.181699,0.12552,0][-4.69326,1.78251,0.460254][0.392942,-0.0578831,0.91774][0.191395,0.113304,0][-4.58682,1.15601,0.376854][0.390601,-0.0583341,0.91871][0.208677,0.161472,0][-4.58682,1.15601,0.376854][0.390601,-0.0583341,0.91871][0.208677,0.161472,0][-4.38843,1.19301,0.294884][0.38948,-0.0485491,0.919754][0.192473,0.16789,0][-4.52495,1.71531,0.386014][0.394151,-0.0286481,0.918599][0.181699,0.12552,0][-4.61136,1.91691,0.376813][0.443207,0.262309,0.857182][0.178093,0.108433,0][-4.69978,2.02911,0.380404][0.443207,0.262309,0.857182][0.178639,0.097074,0][-4.69326,1.78251,0.460254][0.392942,-0.0578831,0.91774][0.191395,0.113304,0][-4.69326,1.78251,0.460254][0.392942,-0.0578831,0.91774][0.191395,0.113304,0][-4.52495,1.71531,0.386014][0.394151,-0.0286481,0.918599][0.181699,0.12552,0][-4.61136,1.91691,0.376813][0.443207,0.262309,0.857182][0.178093,0.108433,0][-5.22892,1.14121,0.644484][0.39318,-0.0161881,0.919319][0.256802,0.133369,0][-4.58682,1.15601,0.376854][0.390601,-0.0583341,0.91871][0.208677,0.161472,0][-4.69326,1.78251,0.460254][0.392942,-0.0578831,0.91774][0.191395,0.113304,0][-4.69326,1.78251,0.460254][0.392942,-0.0578831,0.91774][0.191395,0.113304,0][-5.54747,2.45721,0.879133][0.379241,-0.0938661,0.920524][0.22742,0.027435,0][-5.22892,1.14121,0.644484][0.39318,-0.0161881,0.919319][0.256802,0.133369,0][-5.22892,1.14121,0.644484][0.39318,-0.0161881,0.919319][0.256802,0.133369,0][-4.34335,0.812205,0.259474][0.413865,0.0175519,0.910169][0.204587,0.196303,0][-4.58682,1.15601,0.376854][0.390601,-0.0583341,0.91871][0.208677,0.161472,0][-5.22892,1.14121,0.644484][0.39318,-0.0161881,0.919319][0.256802,0.133369,0][-4.5471,-0.0858946,0.385654][0.417527,0.0463979,0.907479][0.258472,0.247956,0][-4.34335,0.812205,0.259474][0.413865,0.0175519,0.910169][0.204587,0.196303,0][-3.47329,-0.109994,-0.142126][0.460338,0.0405379,0.886818][0.17722,0.299545,0][-4.01731,-1.00009,0.182864][0.443283,0.0689419,0.893727][0.257747,0.33439,0][-3.24559,-0.402494,-0.245416][0.451508,0.0504879,0.890837][0.172237,0.33013,0][-0.901509,-4.27283,-1.11116][0.555718,0.618064,-0.556035][0.025895,0.96849,0][-1.00713,-4.30917,-1.26459][0.555821,0.617925,-0.556086][0.003453,0.968604,0][-1.55374,-3.45942,-1.07033][0.631708,0.50048,-0.592][0.003455,0.895875,0][-1.55374,-3.45942,-1.07033][0.631708,0.50048,-0.592][0.003455,0.895875,0][-1.44039,-3.40732,-0.913136][0.634115,0.496026,-0.593175][0.025899,0.894768,0][-0.901509,-4.27283,-1.11116][0.555718,0.618064,-0.556035][0.025895,0.96849,0][-1.44039,-3.40732,-0.913136][0.634115,0.496026,-0.593175][0.025899,0.894768,0][-1.55374,-3.45942,-1.07033][0.631708,0.50048,-0.592][0.003455,0.895875,0][-1.62133,-3.29379,-1.05817][0.769494,-0.195193,-0.608094][0.003455,0.884244,0][-1.62133,-3.29379,-1.05817][0.769494,-0.195193,-0.608094][0.003455,0.884244,0][-1.49847,-3.2604,-0.902216][0.768521,-0.205232,-0.606016][0.025899,0.883278,0][-1.44039,-3.40732,-0.913136][0.634115,0.496026,-0.593175][0.025899,0.894768,0][-1.49847,-3.2604,-0.902216][0.768521,-0.205232,-0.606016][0.025899,0.883278,0][-1.62133,-3.29379,-1.05817][0.769494,-0.195193,-0.608094][0.003455,0.884244,0][-1.46877,-2.57301,-1.23195][0.751243,-0.22462,-0.620629][0.003455,0.832597,0][-1.46877,-2.57301,-1.23195][0.751243,-0.22462,-0.620629][0.003455,0.832597,0][-1.33215,-2.54358,-1.08456][0.750337,-0.210989,-0.626481][0.025896,0.83137,0][-1.49847,-3.2604,-0.902216][0.768521,-0.205232,-0.606016][0.025899,0.883278,0][-1.33215,-2.54358,-1.08456][0.750337,-0.210989,-0.626481][0.025896,0.83137,0][-1.46877,-2.57301,-1.23195][0.751243,-0.22462,-0.620629][0.003455,0.832597,0][-1.50063,-2.2999,-1.24216][0.666569,0.133147,-0.733456][0.003455,0.813674,0][-1.50063,-2.2999,-1.24216][0.666569,0.133147,-0.733456][0.003455,0.813674,0][-1.3531,-2.25226,-1.1009][0.661349,0.144427,-0.736042][0.025896,0.812243,0][-1.33215,-2.54358,-1.08456][0.750337,-0.210989,-0.626481][0.025896,0.83137,0][-1.3531,-2.25226,-1.1009][0.661349,0.144427,-0.736042][0.025896,0.812243,0][-1.50063,-2.2999,-1.24216][0.666569,0.133147,-0.733456][0.003455,0.813674,0][-1.60796,-1.90602,-1.21856][0.621378,0.297836,-0.724695][0.003455,0.786685,0][-1.60796,-1.90602,-1.21856][0.621378,0.297836,-0.724695][0.003455,0.786685,0][-1.45051,-1.86432,-1.07854][0.621221,0.299129,-0.724297][0.025896,0.786473,0][-1.3531,-2.25226,-1.1009][0.661349,0.144427,-0.736042][0.025896,0.812243,0][-1.62974,-1.48289,-1.00648][0.60788,0.414634,-0.677171][0.025897,0.758336,0][-1.45051,-1.86432,-1.07854][0.621221,0.299129,-0.724297][0.025896,0.786473,0][-1.60796,-1.90602,-1.21856][0.621378,0.297836,-0.724695][0.003455,0.786685,0][-1.60796,-1.90602,-1.21856][0.621378,0.297836,-0.724695][0.003455,0.786685,0][-1.76995,-1.5037,-1.16095][0.607966,0.412607,-0.67833][0.003455,0.758639,0][-1.62974,-1.48289,-1.00648][0.60788,0.414634,-0.677171][0.025897,0.758336,0][-2.07735,-1.3602,-0.784336][0.64059,0.665845,-0.382485][0.02589,0.470174,0][-2.15432,-1.3919,-0.977356][0.64059,0.665845,-0.382485][0.003453,0.469897,0][-2.23584,-1.2509,-0.859606][0.64059,0.665845,-0.382484][0.003453,0.45708,0][-2.23584,-1.2509,-0.859606][0.64059,0.665845,-0.382484][0.003453,0.45708,0][-2.15138,-1.265,-0.751406][0.64059,0.665845,-0.382485][0.02589,0.459179,0][-2.07735,-1.3602,-0.784336][0.64059,0.665845,-0.382485][0.02589,0.470174,0][-2.41821,-1.172,-0.622346][-0.454748,0.8906,0.00601][0.02589,0.348469,0][-2.37351,-1.1405,-0.645826][-0.454748,0.8906,0.00601][0.02589,0.354149,0][-2.395,-1.15909,-0.778356][-0.454748,0.8906,0.00601][0.003445,0.353003,0][-2.395,-1.15909,-0.778356][-0.454748,0.8906,0.00601][0.003445,0.353003,0][-2.47996,-1.19359,-0.829156][-0.454748,0.8906,0.00601][0.003445,0.348177,0][-2.41821,-1.172,-0.622346][-0.454748,0.8906,0.00601][0.02589,0.348469,0][-2.07735,-1.3602,-0.784336][-0.783187,0.590951,0.193379][0.02589,0.470174,0][-2.05706,-1.3223,-0.796316][-0.783187,0.590951,0.193379][0.02589,0.47491,0][-2.09063,-1.3266,-0.940876][-0.783187,0.590951,0.193379][0.003453,0.473954,0][-2.09063,-1.3266,-0.940876][-0.783187,0.590951,0.193379][0.003453,0.473954,0][-2.15432,-1.3919,-0.977356][-0.783187,0.590951,0.193379][0.003453,0.469897,0][-2.07735,-1.3602,-0.784336][-0.783187,0.590951,0.193379][0.02589,0.470174,0][-1.85674,-1.3919,-0.894596][0.708728,0.551153,-0.440381][0.025897,0.648628,0][-1.93397,-1.4313,-1.08341][0.708728,0.551153,-0.440381][0.003456,0.647277,0][-1.96109,-1.34459,-1.00333][0.721615,0.480955,-0.49795][0.003456,0.642206,0][-1.96109,-1.34459,-1.00333][0.721615,0.480955,-0.49795][0.003456,0.642206,0][-1.8763,-1.3482,-0.886566][0.721825,0.479406,-0.499138][0.025897,0.643589,0][-1.85674,-1.3919,-0.894596][0.708728,0.551153,-0.440381][0.025897,0.648628,0][-1.85674,-1.3919,-0.894596][-0.934547,0.0216011,0.355185][0.025897,0.648628,0][-1.85974,-1.2628,-0.898336][-0.934547,0.0216011,0.355185][0.025897,0.66286,0][-1.8918,-1.2658,-0.994526][-0.934547,0.0216011,0.355185][0.003456,0.659455,0][-1.8918,-1.2658,-0.994526][-0.934547,0.0216011,0.355185][0.003456,0.659455,0][-1.93397,-1.4313,-1.08341][-0.934547,0.0216011,0.355185][0.003456,0.647277,0][-1.85674,-1.3919,-0.894596][-0.934547,0.0216011,0.355185][0.025897,0.648628,0][-1.82735,-1.2696,-1.02702][0.600993,0.489756,-0.631623][0.003455,0.736035,0][-1.74851,-1.2696,-0.954426][0.600998,0.489864,-0.631533][0.025897,0.736216,0][-1.62974,-1.48289,-1.00648][0.60788,0.414634,-0.677171][0.025897,0.758336,0][-1.62974,-1.48289,-1.00648][0.60788,0.414634,-0.677171][0.025897,0.758336,0][-1.76995,-1.5037,-1.16095][0.607966,0.412607,-0.67833][0.003455,0.758639,0][-1.82735,-1.2696,-1.02702][0.600993,0.489756,-0.631623][0.003455,0.736035,0][-1.74851,-1.2696,-0.954426][0.600998,0.489864,-0.631533][0.025897,0.736216,0][-1.82735,-1.2696,-1.02702][0.600993,0.489756,-0.631623][0.003455,0.736035,0][-1.85991,-1.09799,-0.935346][0.599224,0.461848,-0.653932][0.003455,0.696866,0][-1.85991,-1.09799,-0.935346][0.599224,0.461848,-0.653932][0.003455,0.696866,0][-1.83793,-1.09669,-0.914616][0.599224,0.461848,-0.653932][0.025897,0.697527,0][-1.74851,-1.2696,-0.954426][0.600998,0.489864,-0.631533][0.025897,0.736216,0][-1.85974,-1.2628,-0.898336][-0.905127,0.0922671,0.415009][0.025897,0.66286,0][-1.83793,-1.09669,-0.914616][-0.905127,0.0922671,0.415009][0.025897,0.697527,0][-1.85991,-1.09799,-0.935346][-0.905127,0.0922671,0.415009][0.003455,0.696866,0][-1.85991,-1.09799,-0.935346][-0.905127,0.0922671,0.415009][0.003455,0.696866,0][-1.8918,-1.2658,-0.994526][-0.905127,0.0922671,0.415009][0.003456,0.659455,0][-1.85974,-1.2628,-0.898336][-0.905127,0.0922671,0.415009][0.025897,0.66286,0][-2.02527,-1.03409,-0.822526][0.814686,0.241034,-0.527437][0.025896,0.602339,0][-2.08096,-1.0343,-0.898976][0.814686,0.241034,-0.527437][0.003455,0.602466,0][-2.10449,-0.801795,-0.838756][0.814686,0.241034,-0.527437][0.003455,0.55519,0][-2.10449,-0.801795,-0.838756][0.814686,0.241034,-0.527437][0.003455,0.55519,0][-2.0844,-0.801795,-0.798016][0.814686,0.241034,-0.527437][0.025896,0.555194,0][-2.02527,-1.03409,-0.822526][0.814686,0.241034,-0.527437][0.025896,0.602339,0][-2.13385,-1.02719,-0.768676][-0.926641,0.216363,0.307446][0.025896,0.510206,0][-2.0844,-0.801795,-0.798016][-0.926641,0.216363,0.307446][0.025896,0.555194,0][-2.10449,-0.801795,-0.838756][-0.926641,0.216363,0.307446][0.003455,0.55519,0][-2.10449,-0.801795,-0.838756][-0.926641,0.216363,0.307446][0.003455,0.55519,0][-2.15834,-1.0296,-0.860596][-0.926641,0.216363,0.307446][0.003455,0.508874,0][-2.13385,-1.02719,-0.768676][-0.926641,0.216363,0.307446][0.025896,0.510206,0][-2.02527,-1.03409,-0.822526][0.725015,0.452309,-0.519394][0.025896,0.602339,0][-1.8763,-1.3482,-0.886566][0.721825,0.479406,-0.499138][0.025897,0.643589,0][-1.96109,-1.34459,-1.00333][0.721615,0.480955,-0.49795][0.003456,0.642206,0][-1.96109,-1.34459,-1.00333][0.721615,0.480955,-0.49795][0.003456,0.642206,0][-2.08096,-1.0343,-0.898976][0.725015,0.452309,-0.519394][0.003455,0.602466,0][-2.02527,-1.03409,-0.822526][0.725015,0.452309,-0.519394][0.025896,0.602339,0][-2.15834,-1.0296,-0.860596][-0.933072,-0.270861,0.236666][0.003455,0.508874,0][-2.09063,-1.3266,-0.940876][-0.933072,-0.270861,0.236666][0.003453,0.473954,0][-2.05706,-1.3223,-0.796316][-0.933072,-0.270861,0.236666][0.02589,0.47491,0][-2.05706,-1.3223,-0.796316][-0.933072,-0.270861,0.236666][0.02589,0.47491,0][-2.13385,-1.02719,-0.768676][-0.933072,-0.270861,0.236666][0.025896,0.510206,0][-2.15834,-1.0296,-0.860596][-0.933072,-0.270861,0.236666][0.003455,0.508874,0][-2.37351,-1.1405,-0.645826][-0.972213,0.0308891,0.232051][0.02589,0.354149,0][-2.36066,-0.984796,-0.657706][-0.972213,0.0308891,0.232051][0.02589,0.37173,0][-2.40091,-0.992596,-0.780336][-0.972213,0.0308891,0.232051][0.003445,0.369171,0][-2.40091,-0.992596,-0.780336][-0.972213,0.0308891,0.232051][0.003445,0.369171,0][-2.395,-1.15909,-0.778356][-0.972213,0.0308891,0.232051][0.003445,0.353003,0][-2.37351,-1.1405,-0.645826][-0.972213,0.0308891,0.232051][0.02589,0.354149,0][-2.25152,-1.0235,-0.710426][0.754121,0.443058,-0.48477][0.02589,0.431536,0][-2.15138,-1.265,-0.751406][0.763818,0.389953,-0.514313][0.02589,0.459179,0][-2.23584,-1.2509,-0.859606][0.763819,0.389953,-0.514313][0.003453,0.45708,0][-2.23584,-1.2509,-0.859606][0.763819,0.389953,-0.514313][0.003453,0.45708,0][-2.32136,-1.0209,-0.818766][0.753988,0.443683,-0.484405][0.003445,0.431486,0][-2.25152,-1.0235,-0.710426][0.754121,0.443058,-0.48477][0.02589,0.431536,0][-2.36066,-0.984796,-0.657706][-0.930977,-0.0944239,0.352656][0.02589,0.37173,0][-2.37135,-0.822395,-0.656706][-0.930977,-0.0944239,0.352656][0.02589,0.395929,0][-2.39515,-0.822795,-0.705356][-0.930977,-0.0944239,0.352656][0.003445,0.395926,0][-2.39515,-0.822795,-0.705356][-0.930977,-0.0944239,0.352656][0.003445,0.395926,0][-2.40091,-0.992596,-0.780336][-0.930977,-0.0944239,0.352656][0.003445,0.369171,0][-2.36066,-0.984796,-0.657706][-0.930977,-0.0944239,0.352656][0.02589,0.37173,0][-2.25152,-1.0235,-0.710426][0.754121,0.443058,-0.48477][0.02589,0.431536,0][-2.32136,-1.0209,-0.818766][0.753988,0.443683,-0.484405][0.003445,0.431486,0][-2.39515,-0.822795,-0.705356][0.729887,0.533114,-0.427848][0.003445,0.395926,0][-2.39515,-0.822795,-0.705356][0.729887,0.533114,-0.427848][0.003445,0.395926,0][-2.37135,-0.822395,-0.656706][0.729887,0.533114,-0.427848][0.02589,0.395929,0][-2.25152,-1.0235,-0.710426][0.754121,0.443058,-0.48477][0.02589,0.431536,0][-2.45494,-1.12199,-0.606266][0.663576,0.617266,-0.422669][0.025885,0.343281,0][-2.55606,-1.1398,-0.795096][0.663576,0.617266,-0.422669][0.003445,0.343583,0][-2.70175,-0.877594,-0.636856][0.644218,0.652517,-0.399005][0.003445,0.317534,0][-2.70175,-0.877594,-0.636856][0.644218,0.652517,-0.399005][0.003445,0.317534,0][-2.62417,-0.886095,-0.531606][0.64663,0.648335,-0.401909][0.025885,0.318989,0][-2.45494,-1.12199,-0.606266][0.663576,0.617266,-0.422669][0.025885,0.343281,0][-2.80624,-0.876194,-0.443466][-0.959184,-0.128024,0.252144][0.025892,0.208984,0][-2.82138,-0.821295,-0.437896][-0.959184,-0.128024,0.252144][0.025892,0.215738,0][-2.84361,-0.829094,-0.561666][-0.959184,-0.128024,0.252144][0.003449,0.211518,0][-2.84361,-0.829094,-0.561666][-0.959184,-0.128024,0.252144][0.003449,0.211518,0][-2.867,-0.910995,-0.657016][-0.959184,-0.128024,0.252144][0.003449,0.206443,0][-2.80624,-0.876194,-0.443466][-0.959184,-0.128024,0.252144][0.025892,0.208984,0][-2.82138,-0.821295,-0.437896][-0.890416,-0.377936,0.253623][0.025892,0.215738,0][-2.90514,-0.577994,-0.403596][-0.890416,-0.377936,0.253623][0.025892,0.255336,0][-2.92909,-0.578195,-0.453816][-0.890416,-0.377936,0.253623][0.003449,0.255348,0][-2.92909,-0.578195,-0.453816][-0.890416,-0.377936,0.253623][0.003449,0.255348,0][-2.84361,-0.829094,-0.561666][-0.890416,-0.377936,0.253623][0.003449,0.211518,0][-2.82138,-0.821295,-0.437896][-0.890416,-0.377936,0.253623][0.025892,0.215738,0][-2.70175,-0.877594,-0.636856][0.644218,0.652517,-0.399005][0.003445,0.317534,0][-2.92909,-0.578195,-0.453816][0.61425,0.700232,-0.36383][0.003449,0.255348,0][-2.90514,-0.577994,-0.403596][0.61425,0.700232,-0.36383][0.025892,0.255336,0][-2.90514,-0.577994,-0.403596][0.61425,0.700232,-0.36383][0.025892,0.255336,0][-2.62417,-0.886095,-0.531606][0.64663,0.648335,-0.401909][0.025885,0.318989,0][-2.70175,-0.877594,-0.636856][0.644218,0.652517,-0.399005][0.003445,0.317534,0][-2.41821,-1.172,-0.622346][0.566043,0.764302,-0.308932][0.02589,0.348469,0][-2.47996,-1.19359,-0.829156][0.566043,0.764302,-0.308932][0.003445,0.348177,0][-2.55606,-1.1398,-0.795096][0.566043,0.764302,-0.308932][0.003445,0.343583,0][-2.55606,-1.1398,-0.795096][0.566043,0.764302,-0.308932][0.003445,0.343583,0][-2.45494,-1.12199,-0.606266][0.566043,0.764302,-0.308932][0.025885,0.343281,0][-2.41821,-1.172,-0.622346][0.566043,0.764302,-0.308932][0.02589,0.348469,0][-2.80624,-0.876194,-0.443466][0.362747,0.890571,-0.274404][0.091289,0.532943,0][-2.867,-0.910995,-0.657016][0.362747,0.890571,-0.274404][0.115706,0.53744,0][-2.99039,-0.849895,-0.601526][0.362747,0.890571,-0.274404][0.115706,0.548841,0][-2.99039,-0.849895,-0.601526][0.362747,0.890571,-0.274404][0.115706,0.548841,0][-2.89028,-0.823794,-0.404566][0.362747,0.890571,-0.274404][0.091289,0.547447,0][-2.80624,-0.876194,-0.443466][0.362747,0.890571,-0.274404][0.091289,0.532943,0][-2.89028,-0.823794,-0.404566][0.690319,0.580205,-0.43223][0.091289,0.547447,0][-2.99039,-0.849895,-0.601526][0.690319,0.580205,-0.432229][0.115706,0.548841,0][-3.15634,-0.602195,-0.532066][0.716162,0.54341,-0.43797][0.115706,0.580461,0][-3.15634,-0.602195,-0.532066][0.716162,0.54341,-0.43797][0.115706,0.580461,0][-3.04776,-0.583494,-0.335566][0.716814,0.542439,-0.438107][0.091289,0.581259,0][-2.89028,-0.823794,-0.404566][0.690319,0.580205,-0.43223][0.091289,0.547447,0][-3.04776,-0.583494,-0.335566][0.716814,0.542439,-0.438107][0.091289,0.581259,0][-3.15634,-0.602195,-0.532066][0.716162,0.54341,-0.43797][0.115706,0.580461,0][-3.24107,-0.429995,-0.496786][0.759192,0.476547,-0.443318][0.115706,0.599695,0][-3.24107,-0.429995,-0.496786][0.759192,0.476547,-0.443318][0.115706,0.599695,0][-3.13216,-0.424294,-0.298416][0.764669,0.469875,-0.441021][0.091289,0.602855,0][-3.04776,-0.583494,-0.335566][0.716814,0.542439,-0.438107][0.091289,0.581259,0][-3.13216,-0.424294,-0.298416][0.764669,0.469875,-0.441021][0.091289,0.602855,0][-3.24107,-0.429995,-0.496786][0.759192,0.476547,-0.443318][0.115706,0.599695,0][-3.22088,-0.357795,-0.395496][0.793158,0.433235,-0.428029][0.115706,0.612032,0][-3.22088,-0.357795,-0.395496][0.793158,0.433235,-0.428029][0.115706,0.612032,0][-3.15912,-0.358994,-0.273046][0.793157,0.433235,-0.428029][0.091289,0.611734,0][-3.13216,-0.424294,-0.298416][0.764669,0.469875,-0.441021][0.091289,0.602855,0][-3.24559,-0.402494,-0.245416][-0.732728,0.647231,0.210241][0.034874,0.172931,0][-3.20598,-0.350695,-0.251166][-0.732728,0.647231,0.210241][0.036779,0.180178,0][-3.24805,-0.361594,-0.379826][-0.732728,0.647231,0.210241][0.02129,0.181548,0][-3.24805,-0.361594,-0.379826][-0.732728,0.647231,0.210241][0.02129,0.181548,0][-3.32291,-0.415295,-0.459906][-0.732728,0.647231,0.210241][0.008829,0.175218,0][-3.24559,-0.402494,-0.245416][-0.732728,0.647231,0.210241][0.034874,0.172931,0][-3.23984,-0.290395,-0.292006][0.655513,0.682134,-0.324031][0.091289,0.628432,0][-3.15912,-0.358994,-0.273046][0.655513,0.682134,-0.324031][0.091289,0.611734,0][-3.22088,-0.357795,-0.395496][0.655513,0.682134,-0.324031][0.115706,0.612032,0][-3.20598,-0.350695,-0.251166][-0.902108,-0.290029,0.319506][0.036779,0.180178,0][-3.23984,-0.290395,-0.292006][-0.902108,-0.290029,0.319506][0.032392,0.188264,0][-3.24805,-0.361594,-0.379826][-0.902108,-0.290029,0.319506][0.02129,0.181548,0][-3.68694,0.428705,-0.110956][0.866384,0.216927,-0.449801][0.030108,0.062223,0][-3.62591,0.269806,-0.0700164][0.866384,0.216927,-0.449801][0.036654,0.081158,0][-3.69799,0.395205,-0.148406][0.866384,0.216927,-0.449801][0.025541,0.065953,0][-3.69637,0.286606,-0.0380363][-0.95205,-0.0139059,0.305627][0.901576,0.145351,0][-3.72298,0.487606,-0.111776][-0.95205,-0.0139059,0.305627][0.89583,0.1693,0][-3.73323,0.442306,-0.145766][-0.95205,-0.0139059,0.305627][0.891113,0.164726,0][-3.62591,0.269806,-0.0700164][0.859386,0.282178,-0.426418][0.036654,0.081158,0][-3.57563,0.103605,-0.0947564][0.819197,0.392164,-0.418478][0.035899,0.101247,0][-3.69123,0.123405,-0.298556][0.818644,0.393456,-0.418347][0.009242,0.097548,0][-3.69123,0.123405,-0.298556][0.818644,0.393456,-0.418347][0.009242,0.097548,0][-3.69799,0.395205,-0.148406][0.859386,0.282178,-0.426418][0.025541,0.065953,0][-3.62591,0.269806,-0.0700164][0.859386,0.282178,-0.426418][0.036654,0.081158,0][-3.69637,0.286606,-0.0380363][-0.952504,-0.15841,0.26008][0.901576,0.145351,0][-3.73323,0.442306,-0.145766][-0.952504,-0.15841,0.26008][0.891113,0.164726,0][-3.73749,0.139505,-0.278216][-0.952504,-0.15841,0.26008][0.871817,0.132304,0][-3.73749,0.139505,-0.278216][-0.952504,-0.15841,0.26008][0.871817,0.132304,0][-3.66007,0.149706,-0.0560663][-0.952504,-0.15841,0.26008][0.898536,0.129332,0][-3.69637,0.286606,-0.0380363][-0.952504,-0.15841,0.26008][0.901576,0.145351,0][-3.57563,0.103605,-0.0947564][0.819197,0.392164,-0.418478][0.035899,0.101247,0][-3.47329,-0.109994,-0.142126][0.722709,0.59148,-0.357552][0.035242,0.128884,0][-3.58156,-0.111295,-0.347146][0.725013,0.587559,-0.359347][0.008731,0.127725,0][-3.58156,-0.111295,-0.347146][0.725013,0.587559,-0.359347][0.008731,0.127725,0][-3.69123,0.123405,-0.298556][0.818644,0.393456,-0.418347][0.009242,0.097548,0][-3.57563,0.103605,-0.0947564][0.819197,0.392164,-0.418478][0.035899,0.101247,0][-3.66007,0.149706,-0.0560663][0.57144,0.767159,-0.291416][0.995571,0.793646,0][-3.73749,0.139505,-0.278216][0.57144,0.767159,-0.291416][0.968932,0.797752,0][-3.82489,0.202705,-0.239676][0.57144,0.767159,-0.291416][0.968112,0.784673,0][-3.82489,0.202705,-0.239676][0.57144,0.767159,-0.291416][0.968112,0.784673,0][-3.7148,0.216705,-0.0306764][0.57144,0.767159,-0.291416][0.995165,0.783332,0][-3.66007,0.149706,-0.0560663][0.57144,0.767159,-0.291416][0.995571,0.793646,0][-3.79757,0.413506,0.00958371][0.778335,0.430338,-0.45717][0.994928,0.758458,0][-3.7148,0.216705,-0.0306764][0.779643,0.433364,-0.452054][0.995165,0.783332,0][-3.82489,0.202705,-0.239676][0.779643,0.433364,-0.452054][0.968112,0.784673,0][-3.82489,0.202705,-0.239676][0.779643,0.433364,-0.452054][0.968112,0.784673,0][-3.92089,0.415606,-0.195376][0.778275,0.430201,-0.4574][0.967567,0.757466,0][-3.79757,0.413506,0.00958371][0.778335,0.430338,-0.45717][0.994928,0.758458,0][-3.93839,0.744705,0.0812635][0.773787,0.449417,-0.446405][0.994841,0.716462,0][-3.79757,0.413506,0.00958371][0.778335,0.430338,-0.45717][0.994928,0.758458,0][-3.92089,0.415606,-0.195376][0.778275,0.430201,-0.4574][0.967567,0.757466,0][-3.92089,0.415606,-0.195376][0.778275,0.430201,-0.4574][0.967567,0.757466,0][-4.06909,0.763606,-0.123196][0.773442,0.451224,-0.445179][0.967152,0.713394,0][-3.93839,0.744705,0.0812635][0.773787,0.449417,-0.446405][0.994841,0.716462,0][-3.93839,0.744705,0.0812635][0.773787,0.449417,-0.446405][0.994841,0.716462,0][-4.06909,0.763606,-0.123196][0.773442,0.451224,-0.445179][0.967152,0.713394,0][-4.16121,1.03491,0.00891376][0.777844,0.460343,-0.427835][0.975673,0.678299,0][-4.16121,1.03491,0.00891376][0.777844,0.460343,-0.427835][0.975673,0.678299,0][-4.07454,1.01301,0.151784][0.778042,0.459928,-0.427921][0.994761,0.681092,0][-3.93839,0.744705,0.0812635][0.773787,0.449417,-0.446405][0.994841,0.716462,0][-4.07454,1.01301,0.151784][0.778042,0.459928,-0.427921][0.994761,0.681092,0][-4.16121,1.03491,0.00891376][0.777844,0.460343,-0.427835][0.975673,0.678299,0][-4.1911,1.19361,0.0958736][0.817809,0.348036,-0.458321][0.982915,0.658594,0][-4.1911,1.19361,0.0958736][0.817809,0.348036,-0.458321][0.982915,0.658594,0][-4.13226,1.17571,0.185084][0.815281,0.361143,-0.452651][0.995087,0.660965,0][-4.07454,1.01301,0.151784][0.778042,0.459928,-0.427921][0.994761,0.681092,0][-4.23151,1.04641,0.220774][-0.948604,-0.201331,0.244163][0.865192,0.846261,0][-4.25754,1.21251,0.240464][-0.950608,-0.172681,0.257927][0.852684,0.843229,0][-4.28982,1.22261,0.139494][-0.950752,-0.169868,0.25926][0.854229,0.835203,0][-4.28982,1.22261,0.139494][-0.950752,-0.169868,0.25926][0.854229,0.835203,0][-4.26681,1.02791,0.0522337][-0.948604,-0.201331,0.244163][0.874858,0.829759,0][-4.23151,1.04641,0.220774][-0.948604,-0.201331,0.244163][0.865192,0.846261,0][-4.25754,1.21251,0.240464][-0.950608,-0.172681,0.257927][0.852684,0.843229,0][-4.30107,1.45271,0.174804][-0.951089,-0.0917199,0.294986][0.837065,0.833057,0][-4.28982,1.22261,0.139494][-0.950752,-0.169868,0.25926][0.854229,0.835203,0][-4.21647,1.35971,0.132944][0.831954,0.238887,-0.500785][0.985471,0.639067,0][-4.13226,1.17571,0.185084][0.815281,0.361143,-0.452651][0.995087,0.660965,0][-4.1911,1.19361,0.0958736][0.817809,0.348036,-0.458321][0.982915,0.658594,0][-4.23151,1.04641,0.220774][0.452635,0.826295,-0.335198][0.865192,0.846261,0][-4.26681,1.02791,0.0522337][0.452635,0.826295,-0.335198][0.874858,0.829759,0][-4.47377,1.18851,0.244074][0.452635,0.826295,-0.335198][0.889901,0.868134,0][-4.47377,1.18851,0.244074][0.452635,0.826295,-0.335198][0.889901,0.868134,0][-4.38843,1.19301,0.294884][0.452635,0.826295,-0.335198][0.877891,0.868033,0][-4.23151,1.04641,0.220774][0.452635,0.826295,-0.335198][0.865192,0.846261,0][-4.47377,1.18851,0.244074][0.454107,0.272656,-0.848201][0.889901,0.868134,0][-4.62861,1.74701,0.344384][0.444673,0.244153,-0.861775][0.890568,0.941195,0][-4.52495,1.71531,0.386014][0.450844,0.262661,-0.853082][0.877652,0.935072,0][-4.52495,1.71531,0.386014][0.450844,0.262661,-0.853082][0.877652,0.935072,0][-4.38843,1.19301,0.294884][0.454107,0.272656,-0.848201][0.877891,0.868033,0][-4.47377,1.18851,0.244074][0.454107,0.272656,-0.848201][0.889901,0.868134,0][-4.61136,1.91691,0.376813][0.403766,0.131772,-0.905323][0.883657,0.961578,0][-4.52495,1.71531,0.386014][0.450844,0.262661,-0.853082][0.877652,0.935072,0][-4.62861,1.74701,0.344384][0.444673,0.244153,-0.861775][0.890568,0.941195,0][-4.69326,1.78251,0.460254][-0.922298,0.0967711,0.374168][0.922178,0.96979,0][-4.69978,2.02911,0.380404][-0.922298,0.0967711,0.374167][0.891079,0.977702,0][-4.76376,1.80231,0.281344][-0.922298,0.0967711,0.374168][0.906297,0.950552,0][-3.58156,-0.111295,-0.347146][0.725013,0.587559,-0.359347][0.008731,0.127725,0][-3.47329,-0.109994,-0.142126][0.722709,0.59148,-0.357552][0.035242,0.128884,0][-3.24559,-0.402494,-0.245416][0.673975,0.665578,-0.320567][0.034874,0.172931,0][-3.24559,-0.402494,-0.245416][0.673975,0.665578,-0.320567][0.034874,0.172931,0][-3.32291,-0.415295,-0.459906][0.673975,0.665578,-0.320567][0.008829,0.175218,0][-3.58156,-0.111295,-0.347146][0.725013,0.587559,-0.359347][0.008731,0.127725,0][-4.69326,1.78251,0.460254][0.392942,-0.0578831,0.91774][0.191395,0.113304,0][-4.98986,2.54851,0.663013][0.374657,-0.108473,0.920797][0.183043,0.046318,0][-5.54747,2.45721,0.879133][0.379241,-0.0938661,0.920524][0.22742,0.027435,0][-4.76376,1.80231,0.281344][0.842414,0.424797,-0.33149][0.533243,0.089605,0][-5.10781,2.57881,0.427083][0.830416,0.425498,-0.359667][0.612795,0.077303,0][-4.98986,2.54851,0.663013][0.830926,0.425477,-0.358513][0.613792,0.100931,0][-4.98986,2.54851,0.663013][0.830926,0.425477,-0.358513][0.613792,0.100931,0][-4.69326,1.78251,0.460254][0.842414,0.424797,-0.33149][0.558971,0.106373,0][-4.76376,1.80231,0.281344][0.842414,0.424797,-0.33149][0.533243,0.089605,0][-6.08056,3.99641,1.28341][0.374995,-0.111834,0.920256][0.387172,0.085799,0][-5.60642,4.14021,1.10768][0.374995,-0.111834,0.920256][0.34695,0.09729,0][-5.76647,4.69581,1.24041][0.374994,-0.111836,0.920257][0.336757,0.051263,0][-5.76647,4.69581,1.24041][0.374994,-0.111836,0.920257][0.336757,0.051263,0][-6.15719,4.64731,1.39373][0.374994,-0.111836,0.920257][0.367112,0.036839,0][-6.08056,3.99641,1.28341][0.374995,-0.111834,0.920256][0.387172,0.085799,0][-5.69216,4.16091,0.950804][0.829688,0.408882,-0.380044][0.772727,0.068661,0][-5.83508,4.71281,1.10901][0.852214,0.333423,-0.403188][0.827678,0.069381,0][-5.76647,4.69581,1.24041][0.852293,0.333334,-0.403096][0.828059,0.083263,0][-5.76647,4.69581,1.24041][0.852293,0.333334,-0.403096][0.828059,0.083263,0][-5.60642,4.14021,1.10768][0.829487,0.409574,-0.379738][0.773309,0.085133,0][-5.69216,4.16091,0.950804][0.829688,0.408882,-0.380044][0.772727,0.068661,0][-6.0285,4.04011,1.07317][-0.383079,0.160173,-0.909723][0.774066,0.034072,0][-6.1306,4.68021,1.22547][-0.381524,0.180429,-0.906579][0.834358,0.040908,0][-5.83508,4.71281,1.10901][-0.381681,0.177266,-0.907136][0.827678,0.069381,0][-5.83508,4.71281,1.10901][-0.381681,0.177266,-0.907136][0.827678,0.069381,0][-5.69216,4.16091,0.950804][-0.383085,0.160191,-0.909717][0.772727,0.068661,0][-6.0285,4.04011,1.07317][-0.383079,0.160173,-0.909723][0.774066,0.034072,0][-5.76647,4.69581,1.24041][0.374994,-0.111836,0.920257][0.336757,0.051263,0][-5.893,5.15761,1.3481][0.374995,-0.111831,0.920257][0.327752,0.0133,0][-6.0372,5.13971,1.40468][0.374995,-0.111831,0.920257][0.338948,0.007966,0][-6.0372,5.13971,1.40468][0.374995,-0.111831,0.920257][0.338948,0.007966,0][-6.15719,4.64731,1.39373][0.374994,-0.111836,0.920257][0.367112,0.036839,0][-5.76647,4.69581,1.24041][0.374994,-0.111836,0.920257][0.336757,0.051263,0][-5.76647,4.69581,1.24041][0.852293,0.333334,-0.403096][0.828059,0.083263,0][-5.83508,4.71281,1.10901][0.852214,0.333423,-0.403188][0.827678,0.069381,0][-5.93212,5.16801,1.26575][0.861129,0.323128,-0.392486][0.87447,0.070281,0][-5.93212,5.16801,1.26575][0.861129,0.323128,-0.392486][0.87447,0.070281,0][-5.893,5.15761,1.3481][0.861129,0.323128,-0.392486][0.875108,0.079059,0][-5.76647,4.69581,1.24041][0.852293,0.333334,-0.403096][0.828059,0.083263,0][-6.1306,4.68021,1.22547][-0.381524,0.180429,-0.906579][0.834358,0.040908,0][-6.04118,5.15601,1.30873][-0.37865,0.22815,-0.896979][0.876982,0.059173,0][-5.93212,5.16801,1.26575][-0.378649,0.22815,-0.896979][0.87447,0.070281,0][-5.93212,5.16801,1.26575][-0.378649,0.22815,-0.896979][0.87447,0.070281,0][-5.83508,4.71281,1.10901][-0.381681,0.177266,-0.907136][0.827678,0.069381,0][-6.1306,4.68021,1.22547][-0.381524,0.180429,-0.906579][0.834358,0.040908,0][-6.1306,4.68021,1.22547][-0.975601,0.215226,-0.043355][0.834358,0.040908,0][-6.15719,4.64731,1.39373][-0.975601,0.215226,-0.043355][0.838314,0.025319,0][-6.0372,5.13971,1.40468][-0.975601,0.215226,-0.043355][0.880809,0.050473,0][-6.0372,5.13971,1.40468][-0.975601,0.215226,-0.043355][0.880809,0.050473,0][-6.04118,5.15601,1.30873][-0.975601,0.215226,-0.043355][0.876982,0.059173,0][-6.1306,4.68021,1.22547][-0.975601,0.215226,-0.043355][0.834358,0.040908,0][-6.08056,3.99641,1.28341][-0.950831,-0.185197,-0.24824][0.777168,0.014112,0][-6.15719,4.64731,1.39373][-0.971367,-0.0897179,-0.219992][0.838314,0.025319,0][-6.1306,4.68021,1.22547][-0.971367,-0.0897179,-0.219992][0.834358,0.040908,0][-6.1306,4.68021,1.22547][-0.971367,-0.0897179,-0.219992][0.834358,0.040908,0][-6.0285,4.04011,1.07317][-0.948193,-0.190482,-0.254258][0.774066,0.034072,0][-6.08056,3.99641,1.28341][-0.950831,-0.185197,-0.24824][0.777168,0.014112,0][-5.52748,2.51051,0.589853][-0.936105,-0.233997,-0.262589][0.532619,0.0335881,0][-5.26931,1.73611,0.410664][-0.93329,-0.250725,-0.257114][0.517975,0.0332171,0][-5.30975,1.70271,0.587194][-0.93329,-0.250725,-0.257114][0.518877,0.0308741,0][-5.30975,1.70271,0.587194][-0.93329,-0.250725,-0.257114][0.518877,0.0308741,0][-5.56332,2.47681,0.755583][-0.944249,-0.251895,-0.211999][0.532963,0.0304673,0][-5.52748,2.51051,0.589853][-0.936105,-0.233997,-0.262589][0.532619,0.0335881,0][-5.26931,1.73611,0.410664][-0.871468,-0.408142,-0.271962][0.517975,0.0332171,0][-5.19502,1.47121,0.528654][-0.867354,-0.417077,-0.271557][0.511272,0.0286061,0][-5.30975,1.70271,0.587194][-0.887609,-0.370709,-0.273359][0.518066,0.0272047,0][-4.68937,0.697506,0.301644][-0.82377,-0.529536,-0.202472][0.488009,0.0344283,0][-4.90689,0.996406,0.397064][-0.853727,-0.457475,-0.24873][0.496992,0.0319963,0][-4.8932,1.04331,0.226634][-0.852424,-0.461092,-0.246512][0.497837,0.0364107,0][-4.8932,1.04331,0.226634][-0.852424,-0.461092,-0.246512][0.497837,0.0364107,0][-4.67011,0.731405,0.126604][-0.82377,-0.529536,-0.202472][0.489347,0.0388961,0][-4.68937,0.697506,0.301644][-0.82377,-0.529536,-0.202472][0.488009,0.0344283,0][-4.4366,0.479806,0.190874][-0.689648,-0.69328,-0.209163][0.952698,0.784431,0][-4.68937,0.697506,0.301644][-0.689648,-0.69328,-0.209163][0.962457,0.827139,0][-4.67011,0.731405,0.126604][-0.689648,-0.69328,-0.209163][0.939948,0.825308,0][-4.67011,0.731405,0.126604][-0.689648,-0.69328,-0.209163][0.939948,0.825308,0][-4.48122,0.567905,0.0448837][-0.689648,-0.69328,-0.209163][0.932305,0.794151,0][-4.4366,0.479806,0.190874][-0.689648,-0.69328,-0.209163][0.952698,0.784431,0][-4.4366,0.479806,0.190874][-0.786657,-0.56654,-0.245364][0.952698,0.784431,0][-4.48122,0.567905,0.0448837][-0.786657,-0.56654,-0.245364][0.932305,0.794151,0][-4.25532,0.333806,-0.0533965][-0.591965,-0.18033,-0.785531][0.925111,0.749627,0][-4.25532,0.333806,-0.0533965][-0.591965,-0.18033,-0.785531][0.925111,0.749627,0][-4.23569,0.200505,0.106224][-0.824562,-0.497968,-0.26856][0.951074,0.738515,0][-4.4366,0.479806,0.190874][-0.786657,-0.56654,-0.245364][0.952698,0.784431,0][-4.23569,0.200505,0.106224][-0.824562,-0.497968,-0.26856][0.951074,0.738515,0][-4.25532,0.333806,-0.0533965][-0.591965,-0.18033,-0.785531][0.925111,0.749627,0][-4.01744,-0.0366945,-0.155846][-0.655549,-0.277376,-0.702366][0.92679,0.687529,0][-4.01744,-0.0366945,-0.155846][-0.655549,-0.277376,-0.702366][0.92679,0.687529,0][-4.02559,-0.123694,0.0178037][-0.840194,-0.465214,-0.278657][0.953197,0.684297,0][-4.23569,0.200505,0.106224][-0.824562,-0.497968,-0.26856][0.951074,0.738515,0][-4.02559,-0.123694,0.0178037][-0.707935,-0.624631,-0.329643][0.953197,0.684297,0][-4.01744,-0.0366945,-0.155846][-0.655549,-0.277376,-0.702366][0.92679,0.687529,0][-3.83038,-0.210995,-0.236006][-0.640916,-0.280229,-0.714631][0.9209,0.650376,0][-3.83038,-0.210995,-0.236006][-0.640916,-0.280229,-0.714631][0.9209,0.650376,0][-3.83032,-0.296494,-0.0654564][-0.707935,-0.624631,-0.329643][0.947615,0.646613,0][-4.02559,-0.123694,0.0178037][-0.707935,-0.624631,-0.329643][0.953197,0.684297,0][-3.51135,-0.649895,-0.368566][-0.655332,-0.277187,-0.702644][0.922552,0.571145,0][-3.52489,-0.726995,-0.189286][-0.800868,-0.530348,-0.278104][0.949739,0.569987,0][-3.83032,-0.296494,-0.0654564][-0.818201,-0.508678,-0.267944][0.947615,0.646613,0][-3.83032,-0.296494,-0.0654564][-0.818201,-0.508678,-0.267944][0.947615,0.646613,0][-3.83038,-0.210995,-0.236006][-0.640916,-0.280229,-0.714631][0.9209,0.650376,0][-3.51135,-0.649895,-0.368566][-0.655332,-0.277187,-0.702644][0.922552,0.571145,0][-3.52489,-0.726995,-0.189286][-0.800868,-0.530348,-0.278104][0.949739,0.569987,0][-3.51135,-0.649895,-0.368566][-0.655332,-0.277187,-0.702644][0.922552,0.571145,0][-3.34755,-0.834495,-0.436706][-0.626916,-0.282583,-0.726033][0.920827,0.536046,0][-3.34755,-0.834495,-0.436706][-0.626916,-0.282583,-0.726033][0.920827,0.536046,0][-3.35373,-0.914695,-0.263036][-0.769361,-0.570584,-0.287259][0.946284,0.533554,0][-3.52489,-0.726995,-0.189286][-0.800868,-0.530348,-0.278104][0.949739,0.569987,0][-3.35373,-0.914695,-0.263036][-0.769361,-0.570584,-0.287259][0.946284,0.533554,0][-3.34755,-0.834495,-0.436706][-0.626916,-0.282583,-0.726033][0.920827,0.536046,0][-3.08409,-1.14199,-0.544856][-0.624288,-0.302309,-0.720329][0.919277,0.481914,0][-3.08409,-1.14199,-0.544856][-0.624288,-0.302309,-0.720329][0.919277,0.481914,0][-3.07143,-1.23489,-0.385446][-0.744798,-0.582652,-0.325256][0.941399,0.476527,0][-3.35373,-0.914695,-0.263036][-0.769361,-0.570584,-0.287259][0.946284,0.533554,0][-3.07143,-1.23489,-0.385446][-0.744798,-0.582652,-0.325256][0.941399,0.476527,0][-3.08409,-1.14199,-0.544856][-0.624288,-0.302309,-0.720329][0.919277,0.481914,0][-2.75212,-1.44229,-0.685006][-0.58429,-0.224034,-0.780009][0.912518,0.426411,0][-2.75212,-1.44229,-0.685006][-0.58429,-0.224034,-0.780009][0.912518,0.426411,0][-2.76482,-1.54309,-0.525016][-0.721503,-0.592021,-0.359089][0.934361,0.423201,0][-3.07143,-1.23489,-0.385446][-0.744798,-0.582652,-0.325256][0.941399,0.476527,0][-2.76482,-1.54309,-0.525016][-0.980156,-0.111186,-0.164109][0.934361,0.423201,0][-2.75212,-1.44229,-0.685006][-0.58429,-0.224034,-0.780009][0.912518,0.426411,0][-2.73639,-1.55789,-0.684786][-0.580517,-0.219167,-0.784198][0.919174,0.415206,0][-2.73639,-1.55789,-0.684786][-0.580517,-0.219167,-0.784198][0.919174,0.415206,0][-2.75361,-1.67899,-0.515756][-0.980156,-0.111186,-0.164109][0.940216,0.410378,0][-2.76482,-1.54309,-0.525016][-0.980156,-0.111186,-0.164109][0.934361,0.423201,0][-2.52864,-1.8199,-0.629846][-0.597732,-0.588085,-0.544861][0.903985,0.380484,0][-2.75361,-1.67899,-0.515756][-0.597732,-0.588085,-0.544861][0.940216,0.410378,0][-2.73639,-1.55789,-0.684786][-0.580517,-0.219167,-0.784198][0.919174,0.415206,0][-2.73639,-1.55789,-0.684786][-0.580517,-0.219167,-0.784198][0.919174,0.415206,0][-2.44838,-1.71319,-0.813696][-0.488883,-0.0947769,-0.867185][0.878987,0.375872,0][-2.52864,-1.8199,-0.629846][-0.597732,-0.588085,-0.544861][0.903985,0.380484,0][-2.52864,-1.8199,-0.629846][-0.880656,0.458431,-0.119525][0.903985,0.380484,0][-2.44838,-1.71319,-0.813696][-0.488883,-0.0947769,-0.867185][0.878987,0.375872,0][-2.63012,-2.0324,-0.697036][-0.578658,-0.00853591,-0.815526][0.916863,0.360132,0][-2.63012,-2.0324,-0.697036][-0.578658,-0.00853591,-0.815526][0.916863,0.360132,0][-2.68776,-2.09276,-0.505786][-0.880656,0.458431,-0.119525][0.937706,0.365791,0][-2.52864,-1.8199,-0.629846][-0.880656,0.458431,-0.119525][0.903985,0.380484,0][-2.68776,-2.09276,-0.505786][-0.892624,-0.294141,-0.341618][0.937706,0.365791,0][-2.63012,-2.0324,-0.697036][-0.578658,-0.00853591,-0.815526][0.916863,0.360132,0][-2.57015,-2.21447,-0.708306][-0.53772,-0.160528,-0.827701][0.922944,0.341276,0][-2.57015,-2.21447,-0.708306][-0.53772,-0.160528,-0.827701][0.922944,0.341276,0][-2.62112,-2.25945,-0.525026][-0.892624,-0.294141,-0.341618][0.943631,0.344868,0][-2.68776,-2.09276,-0.505786][-0.892624,-0.294141,-0.341618][0.937706,0.365791,0][-2.21476,-2.6998,-0.713556][-0.757725,-0.551084,-0.349512][0.931192,0.277347,0][-2.62112,-2.25945,-0.525026][-0.757725,-0.551084,-0.349512][0.943631,0.344868,0][-2.57015,-2.21447,-0.708306][-0.53772,-0.160528,-0.827701][0.922944,0.341276,0][-2.57015,-2.21447,-0.708306][-0.53772,-0.160528,-0.827701][0.922944,0.341276,0][-2.16319,-2.67632,-0.860506][-0.509941,-0.235217,-0.827426][0.914854,0.275271,0][-2.21476,-2.6998,-0.713556][-0.757725,-0.551084,-0.349512][0.931192,0.277347,0][-1.79804,-2.82094,-0.926196][-0.398853,-0.830444,-0.388947][0.898636,0.237926,0][-2.21476,-2.6998,-0.713556][-0.398853,-0.830444,-0.388947][0.931192,0.277347,0][-2.16319,-2.67632,-0.860506][-0.509941,-0.235217,-0.827426][0.914854,0.275271,0][-2.16319,-2.67632,-0.860506][-0.509941,-0.235217,-0.827426][0.914854,0.275271,0][-1.73406,-2.76287,-1.07185][-0.510166,-0.15377,-0.846218][0.880571,0.236608,0][-1.79804,-2.82094,-0.926196][-0.398853,-0.830444,-0.388947][0.898636,0.237926,0][-1.79804,-2.82094,-0.926196][-0.901577,0.207542,-0.379585][0.898636,0.237926,0][-1.73406,-2.76287,-1.07185][-0.510166,-0.15377,-0.846218][0.880571,0.236608,0][-1.89098,-3.22354,-0.925556][-0.683481,-0.0551209,-0.727884][0.949388,0.206099,0][-1.89098,-3.22354,-0.925556][-0.683481,-0.0551209,-0.727884][0.949388,0.206099,0][-1.94983,-3.1881,-0.791846][-0.901577,0.207542,-0.379585][0.960668,0.216109,0][-1.79804,-2.82094,-0.926196][-0.901577,0.207542,-0.379585][0.898636,0.237926,0][-1.94983,-3.1881,-0.791846][-0.918511,-0.16384,-0.359853][0.960668,0.216109,0][-1.89098,-3.22354,-0.925556][-0.683481,-0.0551209,-0.727884][0.949388,0.206099,0][-1.8548,-3.46594,-0.907916][-0.710311,-0.205959,-0.673081][0.946818,0.140287,0][-1.8548,-3.46594,-0.907916][-0.710311,-0.205959,-0.673081][0.946818,0.140287,0][-1.90082,-3.51187,-0.769176][-0.918511,-0.16384,-0.359853][0.956011,0.141178,0][-1.94983,-3.1881,-0.791846][-0.918511,-0.16384,-0.359853][0.960668,0.216109,0][-1.90082,-3.51187,-0.769176][-0.833016,-0.385523,-0.396807][0.956011,0.141178,0][-1.8548,-3.46594,-0.907916][-0.710311,-0.205959,-0.673081][0.946818,0.140287,0][-1.73611,-3.69307,-0.938896][-0.619094,-0.248508,-0.744961][0.94802,0.124997,0][-1.73611,-3.69307,-0.938896][-0.619094,-0.248508,-0.744961][0.94802,0.124997,0][-1.76181,-3.76799,-0.809646][-0.833016,-0.385523,-0.396807][0.956951,0.123187,0][-1.90082,-3.51187,-0.769176][-0.833016,-0.385523,-0.396807][0.956011,0.141178,0][-1.76181,-3.76799,-0.809646][-0.775404,-0.505549,-0.378377][0.956951,0.123187,0][-1.73611,-3.69307,-0.938896][-0.619094,-0.248508,-0.744961][0.94802,0.124997,0][-1.11379,-4.48044,-1.18575][-0.622507,-0.302666,-0.721719][0.939719,0.0636516,0][-1.11379,-4.48044,-1.18575][-0.622507,-0.302666,-0.721719][0.939719,0.0636516,0][-1.11365,-4.53738,-1.08643][-0.735292,-0.556086,-0.387446][0.946208,0.0614382,0][-1.76181,-3.76799,-0.809646][-0.775404,-0.505549,-0.378377][0.956951,0.123187,0][-1.94983,-3.1881,-0.791846][-0.484902,-0.116095,-0.866829][0.583897,0.329111,0][-2.59985,-3.75695,-0.351536][-0.482846,-0.119619,-0.867497][0.669919,0.324011,0][-3.02008,-3.08331,-0.202986][-0.480154,-0.112048,-0.869999][0.670581,0.397787,0][-3.02008,-3.08331,-0.202986][-0.480154,-0.112048,-0.869999][0.670581,0.397787,0][-1.79804,-2.82094,-0.926196][-0.486902,-0.116592,-0.86564][0.550177,0.346905,0][-1.94983,-3.1881,-0.791846][-0.484902,-0.116095,-0.866829][0.583897,0.329111,0][-1.90082,-3.51187,-0.769176][-0.478135,-0.12148,-0.869845][0.598264,0.30377,0][-2.20415,-4.58144,-0.455726][-0.483197,-0.11737,-0.867609][0.675457,0.244632,0][-2.59985,-3.75695,-0.351536][-0.482846,-0.119619,-0.867497][0.669919,0.324011,0][-2.59985,-3.75695,-0.351536][-0.482846,-0.119619,-0.867497][0.669919,0.324011,0][-1.94983,-3.1881,-0.791846][-0.484902,-0.116095,-0.866829][0.583897,0.329111,0][-1.90082,-3.51187,-0.769176][-0.478135,-0.12148,-0.869845][0.598264,0.30377,0][-1.76181,-3.76799,-0.809646][-0.488688,-0.109396,-0.865573][0.61631,0.277142,0][-1.83226,-4.5103,-0.676876][-0.490772,-0.108973,-0.864447][0.65775,0.231218,0][-2.20415,-4.58144,-0.455726][-0.483197,-0.11737,-0.867609][0.675457,0.244632,0][-2.20415,-4.58144,-0.455726][-0.483197,-0.11737,-0.867609][0.675457,0.244632,0][-1.90082,-3.51187,-0.769176][-0.478135,-0.12148,-0.869845][0.598264,0.30377,0][-1.76181,-3.76799,-0.809646][-0.488688,-0.109396,-0.865573][0.61631,0.277142,0][-1.11365,-4.53738,-1.08643][-0.495463,-0.101658,-0.86266][0.606013,0.195653,0][-1.2323,-4.77954,-0.994566][-0.49859,-0.106392,-0.860284][0.625904,0.186493,0][-1.83226,-4.5103,-0.676876][-0.490772,-0.108973,-0.864447][0.65775,0.231218,0][-1.83226,-4.5103,-0.676876][-0.490772,-0.108973,-0.864447][0.65775,0.231218,0][-1.76181,-3.76799,-0.809646][-0.488688,-0.109396,-0.865573][0.61631,0.277142,0][-1.11365,-4.53738,-1.08643][-0.495463,-0.101658,-0.86266][0.606013,0.195653,0][-2.68776,-2.09276,-0.505786][-0.448114,-0.128309,-0.884721][0.586645,0.451604,0][-2.62112,-2.25945,-0.525026][-0.470723,-0.111601,-0.875194][0.590315,0.435457,0][-3.17288,-2.51523,-0.201426][-0.460874,-0.116977,-0.879722][0.652324,0.448501,0][-3.17288,-2.51523,-0.201426][-0.460874,-0.116977,-0.879722][0.652324,0.448501,0][-3.85728,-1.86529,0.0478837][-0.428033,-0.0961389,-0.898635][0.674273,0.536891,0][-2.68776,-2.09276,-0.505786][-0.448114,-0.128309,-0.884721][0.586645,0.451604,0][-2.62112,-2.25945,-0.525026][-0.470723,-0.111601,-0.875194][0.590315,0.435457,0][-2.21476,-2.6998,-0.713556][-0.483537,-0.118476,-0.867269][0.579142,0.379448,0][-3.02008,-3.08331,-0.202986][-0.480154,-0.112048,-0.869999][0.670581,0.397787,0][-3.02008,-3.08331,-0.202986][-0.480154,-0.112048,-0.869999][0.670581,0.397787,0][-3.17288,-2.51523,-0.201426][-0.460874,-0.116977,-0.879722][0.652324,0.448501,0][-2.62112,-2.25945,-0.525026][-0.470723,-0.111601,-0.875194][0.590315,0.435457,0][-3.07143,-1.23489,-0.385446][-0.435871,-0.0614629,-0.897908][0.571997,0.538218,0][-2.76482,-1.54309,-0.525016][-0.448764,-0.0633939,-0.891399][0.562286,0.497015,0][-3.85728,-1.86529,0.0478837][-0.428033,-0.0961389,-0.898635][0.674273,0.536891,0][-2.76482,-1.54309,-0.525016][-0.448764,-0.0633939,-0.891399][0.562286,0.497015,0][-2.75361,-1.67899,-0.515756][-0.449719,-0.0358409,-0.892451][0.568992,0.486306,0][-3.85728,-1.86529,0.0478837][-0.428033,-0.0961389,-0.898635][0.674273,0.536891,0][-2.75361,-1.67899,-0.515756][-0.449719,-0.0358409,-0.892451][0.568992,0.486306,0][-2.52864,-1.8199,-0.629846][-0.448789,-0.108188,-0.887065][0.556954,0.462255,0][-3.85728,-1.86529,0.0478837][-0.428033,-0.0961389,-0.898635][0.674273,0.536891,0][-2.52864,-1.8199,-0.629846][-0.448789,-0.108188,-0.887065][0.556954,0.462255,0][-2.68776,-2.09276,-0.505786][-0.448114,-0.128309,-0.884721][0.586645,0.451604,0][-3.85728,-1.86529,0.0478837][-0.428033,-0.0961389,-0.898635][0.674273,0.536891,0][-3.07143,-1.23489,-0.385446][-0.435871,-0.0614629,-0.897908][0.571997,0.538218,0][-3.85728,-1.86529,0.0478837][-0.428033,-0.0961389,-0.898635][0.674273,0.536891,0][-4.06733,-1.00469,0.0684736][-0.410916,-0.0612689,-0.909612][0.643391,0.613243,0][-4.06733,-1.00469,0.0684736][-0.410916,-0.0612689,-0.909612][0.643391,0.613243,0][-3.35373,-0.914695,-0.263036][-0.426459,-0.0664479,-0.902063][0.578568,0.578849,0][-3.07143,-1.23489,-0.385446][-0.435871,-0.0614629,-0.897908][0.571997,0.538218,0][-2.21476,-2.6998,-0.713556][-0.483537,-0.118476,-0.867269][0.579142,0.379448,0][-1.79804,-2.82094,-0.926196][-0.486902,-0.116592,-0.86564][0.550177,0.346905,0][-3.02008,-3.08331,-0.202986][-0.480154,-0.112048,-0.869999][0.670581,0.397787,0][-4.90689,0.996406,0.397064][-0.372169,0.0194501,-0.927961][0.612329,0.817928,0][-4.68937,0.697506,0.301644][-0.385465,0.0165571,-0.922574][0.607904,0.78158,0][-4.84343,0.353206,0.359834][-0.391347,-0.0124389,-0.920159][0.638732,0.761958,0][-4.68937,0.697506,0.301644][-0.385465,0.0165571,-0.922574][0.607904,0.78158,0][-4.4366,0.479806,0.190874][-0.385563,0.00764206,-0.92265][0.596943,0.749388,0][-4.84343,0.353206,0.359834][-0.391347,-0.0124389,-0.920159][0.638732,0.761958,0][-4.4366,0.479806,0.190874][-0.385563,0.00764206,-0.92265][0.596943,0.749388,0][-4.23569,0.200505,0.106224][-0.392921,-0.0229869,-0.919285][0.59414,0.715668,0][-4.84343,0.353206,0.359834][-0.391347,-0.0124389,-0.920159][0.638732,0.761958,0][-4.23569,0.200505,0.106224][-0.392921,-0.0229869,-0.919285][0.59414,0.715668,0][-4.64366,-0.00629425,0.279594][-0.397078,-0.0346889,-0.917129][0.639887,0.722085,0][-4.84343,0.353206,0.359834][-0.391347,-0.0124389,-0.920159][0.638732,0.761958,0][-4.02559,-0.123694,0.0178037][-0.396072,-0.0268339,-0.917827][0.59325,0.678409,0][-3.83032,-0.296494,-0.0654564][-0.415704,-0.0327679,-0.90891][0.585673,0.65387,0][-4.06733,-1.00469,0.0684736][-0.410916,-0.0612689,-0.909612][0.643391,0.613243,0][-4.06733,-1.00469,0.0684736][-0.410916,-0.0612689,-0.909612][0.643391,0.613243,0][-3.83032,-0.296494,-0.0654564][-0.415704,-0.0327679,-0.90891][0.585673,0.65387,0][-3.52489,-0.726995,-0.189286][-0.416522,-0.0298059,-0.908637][0.582857,0.603115,0][-3.52489,-0.726995,-0.189286][-0.416522,-0.0298059,-0.908637][0.582857,0.603115,0][-3.35373,-0.914695,-0.263036][-0.426459,-0.0664479,-0.902063][0.578568,0.578849,0][-4.06733,-1.00469,0.0684736][-0.410916,-0.0612689,-0.909612][0.643391,0.613243,0][-5.56332,2.47681,0.755583][-0.944249,-0.251895,-0.211999][0.623232,0.022061,0][-6.08056,3.99641,1.28341][-0.950831,-0.185197,-0.24824][0.777168,0.014112,0][-6.0285,4.04011,1.07317][-0.948193,-0.190482,-0.254258][0.774066,0.034072,0][-6.0285,4.04011,1.07317][-0.948193,-0.190482,-0.254258][0.774066,0.034072,0][-5.52748,2.51051,0.589853][-0.936105,-0.233997,-0.262589][0.62151,0.037665,0][-5.56332,2.47681,0.755583][-0.944249,-0.251895,-0.211999][0.623232,0.022061,0][-5.52748,2.51051,0.589853][-0.362134,0.136318,-0.922105][0.62151,0.037665,0][-6.0285,4.04011,1.07317][-0.383079,0.160173,-0.909723][0.774066,0.034072,0][-5.69216,4.16091,0.950804][-0.383085,0.160191,-0.909717][0.772727,0.068661,0][-5.69216,4.16091,0.950804][-0.383085,0.160191,-0.909717][0.772727,0.068661,0][-5.10781,2.57881,0.427083][-0.350936,0.123524,-0.928217][0.612795,0.077303,0][-5.52748,2.51051,0.589853][-0.362134,0.136318,-0.922105][0.62151,0.037665,0][-5.10781,2.57881,0.427083][0.830416,0.425498,-0.359667][0.612795,0.077303,0][-5.69216,4.16091,0.950804][0.829688,0.408882,-0.380044][0.772727,0.068661,0][-5.60642,4.14021,1.10768][0.829487,0.409574,-0.379738][0.773309,0.085133,0][-5.60642,4.14021,1.10768][0.829487,0.409574,-0.379738][0.773309,0.085133,0][-4.98986,2.54851,0.663013][0.830926,0.425477,-0.358513][0.613792,0.100931,0][-5.10781,2.57881,0.427083][0.830416,0.425498,-0.359667][0.612795,0.077303,0][-5.54747,2.45721,0.879133][0.379241,-0.0938661,0.920524][0.408636,0.217679,0][-4.98986,2.54851,0.663013][0.374657,-0.108473,0.920797][0.364259,0.236562,0][-5.60642,4.14021,1.10768][0.374995,-0.111834,0.920256][0.34695,0.09729,0][-5.60642,4.14021,1.10768][0.374995,-0.111834,0.920256][0.34695,0.09729,0][-6.08056,3.99641,1.28341][0.374995,-0.111834,0.920256][0.387172,0.085799,0][-5.54747,2.45721,0.879133][0.379241,-0.0938661,0.920524][0.408636,0.217679,0][-5.30975,1.70271,0.587194][-0.561128,-0.0560359,-0.82583][0.612956,0.898076,0][-5.19502,1.47121,0.528654][-0.410204,0.0473311,-0.910765][0.614167,0.872485,0][-5.75079,2.43681,0.837053][-0.406061,0.154945,-0.900615][0.617048,0.983807,0][-5.75079,2.43681,0.837053][-0.406061,0.154945,-0.900615][0.617048,0.983807,0][-5.56332,2.47681,0.755583][-0.430187,0.247341,-0.868194][0.598084,0.976812,0][-5.30975,1.70271,0.587194][-0.561128,-0.0560359,-0.82583][0.612956,0.898076,0][-5.19502,1.47121,0.528654][-0.410204,0.0473311,-0.910765][0.614167,0.872485,0][-4.90689,0.996406,0.397064][-0.372169,0.0194501,-0.927961][0.612329,0.817928,0][-5.26868,1.14531,0.544704][-0.374763,0.0432301,-0.926112][0.636726,0.849539,0][-5.19502,1.47121,0.528654][-0.410204,0.0473311,-0.910765][0.614167,0.872485,0][-5.26868,1.14531,0.544704][-0.374763,0.0432301,-0.926112][0.636726,0.849539,0][-5.75079,2.43681,0.837053][-0.406061,0.154945,-0.900615][0.617048,0.983807,0][-5.26868,1.14531,0.544704][-0.374763,0.0432301,-0.926112][0.636726,0.849539,0][-4.90689,0.996406,0.397064][-0.372169,0.0194501,-0.927961][0.612329,0.817928,0][-4.84343,0.353206,0.359834][-0.391347,-0.0124389,-0.920159][0.638732,0.761958,0][-5.75079,2.43681,0.837053][-0.406061,0.154945,-0.900615][0.617048,0.983807,0][-5.26868,1.14531,0.544704][-0.374763,0.0432301,-0.926112][0.636726,0.849539,0][-5.71875,1.04741,0.720484][-0.379259,0.0255231,-0.924938][0.681123,0.865658,0][-5.26868,1.14531,0.544704][-0.374763,0.0432301,-0.926112][0.636726,0.849539,0][-4.84343,0.353206,0.359834][-0.391347,-0.0124389,-0.920159][0.638732,0.761958,0][-5.71875,1.04741,0.720484][-0.379259,0.0255231,-0.924938][0.681123,0.865658,0][-4.84343,0.353206,0.359834][-0.391347,-0.0124389,-0.920159][0.638732,0.761958,0][-4.64366,-0.00629425,0.279594][-0.397078,-0.0346889,-0.917129][0.639887,0.722085,0][-5.23874,-0.254194,0.540744][-0.39395,-0.0387909,-0.918313][0.703597,0.734637,0][-5.23874,-0.254194,0.540744][-0.39395,-0.0387909,-0.918313][0.703597,0.734637,0][-5.71875,1.04741,0.720484][-0.379259,0.0255231,-0.924938][0.681123,0.865658,0][-4.84343,0.353206,0.359834][-0.391347,-0.0124389,-0.920159][0.638732,0.761958,0][-5.23874,-0.254194,0.540744][-0.39395,-0.0387909,-0.918313][0.703597,0.734637,0][-5.62339,-0.355994,0.708394][-0.385404,-0.0370409,-0.922004][0.742141,0.746537,0][-5.99126,0.894305,0.826024][-0.378204,0.00555106,-0.925705][0.712629,0.867634,0][-5.99126,0.894305,0.826024][-0.378204,0.00555106,-0.925705][0.712629,0.867634,0][-5.71875,1.04741,0.720484][-0.379259,0.0255231,-0.924938][0.681123,0.865658,0][-5.23874,-0.254194,0.540744][-0.39395,-0.0387909,-0.918313][0.703597,0.734637,0][-5.71875,1.04741,0.720484][-0.379259,0.0255231,-0.924938][0.681123,0.865658,0][-5.99126,0.894305,0.826024][-0.378204,0.00555106,-0.925705][0.712629,0.867634,0][-5.91049,2.35111,0.891464][-0.384551,0.0803421,-0.919601][0.635233,0.985374,0][-5.91049,2.35111,0.891464][-0.384551,0.0803421,-0.919601][0.635233,0.985374,0][-5.75079,2.43681,0.837053][-0.406061,0.154945,-0.900615][0.617048,0.983807,0][-5.71875,1.04741,0.720484][-0.379259,0.0255231,-0.924938][0.681123,0.865658,0][-4.06733,-1.00469,0.0684736][-0.410916,-0.0612689,-0.909612][0.643391,0.613243,0][-3.85728,-1.86529,0.0478837][-0.428033,-0.0961389,-0.898635][0.674273,0.536891,0][-4.74898,-1.56219,0.427194][-0.411131,-0.0876869,-0.907349][0.730825,0.611707,0][-4.74898,-1.56219,0.427194][-0.411131,-0.0876869,-0.907349][0.730825,0.611707,0][-4.86143,-1.19049,0.440164][-0.402831,-0.0640859,-0.913028][0.718759,0.643367,0][-4.06733,-1.00469,0.0684736][-0.410916,-0.0612689,-0.909612][0.643391,0.613243,0][-4.86143,-1.19049,0.440164][-0.402831,-0.0640859,-0.913028][0.718759,0.643367,0][-4.74898,-1.56219,0.427194][-0.411131,-0.0876869,-0.907349][0.730825,0.611707,0][-5.0591,-1.48439,0.558534][-0.432664,-0.104509,-0.895478][0.748775,0.635249,0][-5.07835,-1.37129,0.554804][-0.402679,-0.0713389,-0.912557][0.742733,0.645404,0][-4.86143,-1.19049,0.440164][-0.402831,-0.0640859,-0.913028][0.718759,0.643367,0][-5.0591,-1.48439,0.558534][-0.432664,-0.104509,-0.895478][0.748775,0.635249,0][-5.0591,-1.48439,0.558534][-0.432664,-0.104509,-0.895478][0.748775,0.635249,0][-5.39122,-2.00963,0.796304][-0.486264,-0.0904779,-0.869115][0.768426,0.666451,0][-5.24744,-1.62019,0.678054][-0.486264,-0.0904779,-0.869115][0.75243,0.649049,0][-5.24744,-1.62019,0.678054][-0.486264,-0.0904779,-0.869115][0.75243,0.649049,0][-5.07835,-1.37129,0.554804][-0.402679,-0.0713389,-0.912557][0.742733,0.645404,0][-5.0591,-1.48439,0.558534][-0.432664,-0.104509,-0.895478][0.748775,0.635249,0][-4.74898,-1.56219,0.427194][-0.411131,-0.0876869,-0.907349][0.730825,0.611707,0][-4.60055,-1.85199,0.393534][-0.419996,-0.118575,-0.899746][0.736091,0.582429,0][-4.77555,-1.84569,0.473334][-0.417511,-0.120208,-0.900686][0.750922,0.594332,0][-4.77555,-1.84569,0.473334][-0.417511,-0.120208,-0.900686][0.750922,0.594332,0][-5.0591,-1.48439,0.558534][-0.432664,-0.104509,-0.895478][0.748775,0.635249,0][-4.74898,-1.56219,0.427194][-0.411131,-0.0876869,-0.907349][0.730825,0.611707,0][-1.83226,-4.5103,-0.676876][-0.490772,-0.108973,-0.864447][0.65775,0.231218,0][-1.2323,-4.77954,-0.994566][-0.49859,-0.106392,-0.860284][0.625904,0.186493,0][-1.53722,-4.86458,-0.782366][-0.509477,-0.13492,-0.849841][0.636813,0.197978,0][-1.83226,-4.5103,-0.676876][-0.490772,-0.108973,-0.864447][0.65775,0.231218,0][-1.53722,-4.86458,-0.782366][-0.509477,-0.13492,-0.849841][0.636813,0.197978,0][-1.87786,-4.78466,-0.618376][-0.462429,-0.131043,-0.876919][0.656733,0.216225,0][-1.53722,-4.86458,-0.782366][-0.509477,-0.13492,-0.849841][0.636813,0.197978,0][-1.2323,-4.77954,-0.994566][-0.49859,-0.106392,-0.860284][0.625904,0.186493,0][-1.28304,-4.88457,-0.953646][-0.549752,-0.0267999,-0.834898][0.618705,0.183732,0][-2.20415,-4.58144,-0.455726][-0.483197,-0.11737,-0.867609][0.675457,0.244632,0][-1.83226,-4.5103,-0.676876][-0.490772,-0.108973,-0.864447][0.65775,0.231218,0][-1.87786,-4.78466,-0.618376][-0.462429,-0.131043,-0.876919][0.656733,0.216225,0][-4.02559,-0.123694,0.0178037][-0.396072,-0.0268339,-0.917827][0.59325,0.678409,0][-4.06733,-1.00469,0.0684736][-0.410916,-0.0612689,-0.909612][0.643391,0.613243,0][-4.64366,-0.00629425,0.279594][-0.397078,-0.0346889,-0.917129][0.639887,0.722085,0][-4.64366,-0.00629425,0.279594][-0.397078,-0.0346889,-0.917129][0.639887,0.722085,0][-4.23569,0.200505,0.106224][-0.392921,-0.0229869,-0.919285][0.59414,0.715668,0][-4.02559,-0.123694,0.0178037][-0.396072,-0.0268339,-0.917827][0.59325,0.678409,0][-4.64366,-0.00629425,0.279594][-0.397078,-0.0346889,-0.917129][0.639887,0.722085,0][-4.06733,-1.00469,0.0684736][-0.410916,-0.0612689,-0.909612][0.643391,0.613243,0][-4.86143,-1.19049,0.440164][-0.402831,-0.0640859,-0.913028][0.718759,0.643367,0][-4.86143,-1.19049,0.440164][-0.402831,-0.0640859,-0.913028][0.718759,0.643367,0][-5.23874,-0.254194,0.540744][-0.39395,-0.0387909,-0.918313][0.703597,0.734637,0][-4.64366,-0.00629425,0.279594][-0.397078,-0.0346889,-0.917129][0.639887,0.722085,0][-5.23874,-0.254194,0.540744][-0.39395,-0.0387909,-0.918313][0.703597,0.734637,0][-4.86143,-1.19049,0.440164][-0.402831,-0.0640859,-0.913028][0.718759,0.643367,0][-5.07835,-1.37129,0.554804][-0.402679,-0.0713389,-0.912557][0.742733,0.645404,0][-5.07835,-1.37129,0.554804][-0.402679,-0.0713389,-0.912557][0.742733,0.645404,0][-5.62339,-0.355994,0.708394][-0.385404,-0.0370409,-0.922004][0.742141,0.746537,0][-5.23874,-0.254194,0.540744][-0.39395,-0.0387909,-0.918313][0.703597,0.734637,0][-6.08056,3.99641,1.28341][-0.950831,-0.185197,-0.24824][0.777168,0.014112,0][-5.56332,2.47681,0.755583][-0.944249,-0.251895,-0.211999][0.623232,0.022061,0][-5.54747,2.45721,0.879133][-0.937367,-0.342012,0.066109][0.624044,0.01063,0][-5.54747,2.45721,0.879133][-0.133941,0.975894,0.17231][0.597507,0.989293,0][-5.56332,2.47681,0.755583][-0.430187,0.247341,-0.868194][0.598084,0.976812,0][-5.75079,2.43681,0.837053][-0.406061,0.154945,-0.900615][0.617048,0.983807,0][-5.75079,2.43681,0.837053][-0.406061,0.154945,-0.900615][0.617048,0.983807,0][-5.70854,2.42421,0.940753][-0.133941,0.975894,0.17231][0.614594,0.994588,0][-5.54747,2.45721,0.879133][-0.133941,0.975894,0.17231][0.597507,0.989293,0][-5.77073,2.39141,0.962113][-0.38389,0.886061,0.259855][0.622586,0.995891,0][-5.70854,2.42421,0.940753][-0.38389,0.886061,0.259855][0.614594,0.994588,0][-5.75079,2.43681,0.837053][-0.406061,0.154945,-0.900615][0.617048,0.983807,0][-5.75079,2.43681,0.837053][-0.406061,0.154945,-0.900615][0.617048,0.983807,0][-5.91049,2.35111,0.891464][-0.384551,0.0803421,-0.919601][0.635233,0.985374,0][-5.77073,2.39141,0.962113][-0.38389,0.886061,0.259855][0.622586,0.995891,0][-5.893,5.15761,1.3481][-0.0533939,0.985606,0.160407][0.882948,0.072938,0][-5.93212,5.16801,1.26575][-0.0533939,0.985606,0.160407][0.87447,0.070281,0][-6.04118,5.15601,1.30873][-0.0533939,0.985606,0.160407][0.876982,0.059173,0][-6.04118,5.15601,1.30873][-0.0533939,0.985606,0.160407][0.876982,0.059173,0][-6.0372,5.13971,1.40468][-0.0533939,0.985606,0.160407][0.886436,0.058161,0][-5.893,5.15761,1.3481][-0.0533939,0.985606,0.160407][0.882948,0.072938,0][-1.22652,-4.87411,-0.856726][0.501531,0.0928549,0.860142][0.217651,0.724911,0][-0.715291,-5.15755,-1.12422][0.501531,0.0928549,0.860142][0.189801,0.768386,0][-0.6871,-4.78362,-1.18102][0.501531,0.0928549,0.860142][0.170591,0.744753,0][-0.6871,-4.78362,-1.18102][0.501531,0.0928549,0.860142][0.170591,0.744753,0][-1.07184,-4.55121,-0.981776][0.501531,0.0928549,0.860142][0.190672,0.710756,0][-1.22652,-4.87411,-0.856726][0.501531,0.0928549,0.860142][0.217651,0.724911,0][-1.28304,-4.88457,-0.953646][-0.340607,-0.892739,0.294964][0.618705,0.183732,0][-0.771802,-5.16801,-1.22114][-0.340607,-0.892739,0.294964][0.591467,0.143726,0][-0.715291,-5.15755,-1.12422][-0.340607,-0.892739,0.294964][0.598275,0.139187,0][-0.715291,-5.15755,-1.12422][-0.340607,-0.892739,0.294964][0.598275,0.139187,0][-1.22652,-4.87411,-0.856726][-0.340607,-0.892739,0.294964][0.624175,0.178353,0][-1.28304,-4.88457,-0.953646][-0.340607,-0.892739,0.294964][0.618705,0.183732,0][-1.07184,-4.55121,-0.981776][0.501521,0.0928729,0.860146][0.190672,0.710756,0][-0.6871,-4.78362,-1.18102][0.501521,0.0928729,0.860146][0.170591,0.744753,0][-0.62951,-4.44455,-1.2512][0.501521,0.0928729,0.860146][0.150615,0.724866,0][-0.62951,-4.44455,-1.2512][0.501521,0.0928729,0.860146][0.150615,0.724866,0][-0.901509,-4.27283,-1.11116][0.501521,0.0928729,0.860146][0.164468,0.700335,0][-1.07184,-4.55121,-0.981776][0.501521,0.0928729,0.860146][0.190672,0.710756,0][-0.901509,-4.27283,-1.11116][0.555718,0.618064,-0.556035][0.025895,0.96849,0][-0.62951,-4.44455,-1.2512][0.319348,0.849217,-0.420532][0.025895,0.994424,0][-0.72524,-4.48447,-1.40468][0.319348,0.849217,-0.420532][0.003453,0.994882,0][-0.72524,-4.48447,-1.40468][0.319348,0.849217,-0.420532][0.003453,0.994882,0][-1.00713,-4.30917,-1.26459][0.555821,0.617925,-0.556086][0.003453,0.968604,0][-0.901509,-4.27283,-1.11116][0.555718,0.618064,-0.556035][0.025895,0.96849,0][-1.11379,-4.48044,-1.18575][-0.622507,-0.302666,-0.721719][0.939719,0.0636516,0][-1.00713,-4.30917,-1.26459][-0.482616,-0.105535,-0.869451][0.927664,0.063835,0][-0.72524,-4.48447,-1.40468][-0.489458,-0.0942139,-0.866923][0.911311,0.031436,0][-0.72524,-4.48447,-1.40468][-0.489458,-0.0942139,-0.866923][0.911311,0.031436,0][-0.761781,-4.69357,-1.36133][-0.489458,-0.0942139,-0.866923][0.927466,0.0398784,0][-1.11379,-4.48044,-1.18575][-0.622507,-0.302666,-0.721719][0.939719,0.0636516,0][-1.11365,-4.53738,-1.08643][-0.735292,-0.556086,-0.387446][0.946208,0.0614382,0][-1.11379,-4.48044,-1.18575][-0.622507,-0.302666,-0.721719][0.939719,0.0636516,0][-0.761781,-4.69357,-1.36133][-0.615632,-0.676986,-0.403346][0.927466,0.0398784,0][-0.761781,-4.69357,-1.36133][-0.615632,-0.676986,-0.403346][0.927466,0.0398784,0][-0.738492,-4.76523,-1.28057][-0.615632,-0.676986,-0.403346][0.932727,0.035781,0][-1.11365,-4.53738,-1.08643][-0.735292,-0.556086,-0.387446][0.946208,0.0614382,0][-1.2323,-4.77954,-0.994566][-0.497628,-0.0833179,-0.86338][0.625904,0.186493,0][-1.11365,-4.53738,-1.08643][-0.497628,-0.0833179,-0.863379][0.606013,0.195653,0][-0.738492,-4.76523,-1.28057][-0.497628,-0.0833179,-0.863379][0.572737,0.16682,0][-0.738492,-4.76523,-1.28057][-0.497628,-0.0833179,-0.863379][0.572737,0.16682,0][-0.762254,-5.04619,-1.23986][-0.497628,-0.0833179,-0.863379][0.585912,0.150794,0][-1.2323,-4.77954,-0.994566][-0.497628,-0.0833179,-0.86338][0.625904,0.186493,0][-1.28304,-4.88457,-0.953646][-0.501527,-0.0928519,-0.860145][0.618705,0.183732,0][-1.2323,-4.77954,-0.994566][-0.501527,-0.0928519,-0.860145][0.625904,0.186493,0][-0.762254,-5.04619,-1.23986][-0.501527,-0.0928519,-0.860145][0.585912,0.150794,0][-0.762254,-5.04619,-1.23986][-0.501527,-0.0928519,-0.860145][0.585912,0.150794,0][-0.771802,-5.16801,-1.22114][-0.501527,-0.0928519,-0.860145][0.591467,0.143726,0][-1.28304,-4.88457,-0.953646][-0.501527,-0.0928519,-0.860145][0.618705,0.183732,0][-0.62951,-4.44455,-1.2512][0.84868,-0.243025,-0.469767][0.559617,0.560476,0][-0.6871,-4.78362,-1.18102][0.84868,-0.243025,-0.469767][0.559605,0.600691,0][-0.761781,-4.69357,-1.36133][0.84868,-0.243025,-0.469767][0.538515,0.587994,0][-0.761781,-4.69357,-1.36133][0.84868,-0.243025,-0.469767][0.538515,0.587994,0][-0.72524,-4.48447,-1.40468][0.84868,-0.243025,-0.469767][0.538569,0.563179,0][-0.62951,-4.44455,-1.2512][0.84868,-0.243025,-0.469767][0.559617,0.560476,0][-0.738492,-4.76523,-1.28057][0.834147,-0.270576,-0.480612][0.547043,0.597335,0][-0.761781,-4.69357,-1.36133][0.834147,-0.270576,-0.480612][0.538515,0.587994,0][-0.6871,-4.78362,-1.18102][0.834147,-0.270576,-0.480612][0.559605,0.600691,0][-0.762254,-5.04619,-1.23986][0.868583,-0.142244,-0.47469][0.54669,0.629949,0][-0.738492,-4.76523,-1.28057][0.868583,-0.142244,-0.47469][0.547043,0.597335,0][-0.6871,-4.78362,-1.18102][0.868583,-0.142244,-0.47469][0.559605,0.600691,0][-0.762254,-5.04619,-1.23986][0.863281,-0.139606,-0.485031][0.54669,0.629949,0][-0.6871,-4.78362,-1.18102][0.863281,-0.139606,-0.485031][0.559605,0.600691,0][-0.715291,-5.15755,-1.12422][0.863281,-0.139606,-0.485031][0.559583,0.644102,0][-0.715291,-5.15755,-1.12422][0.863281,-0.139606,-0.485031][0.559583,0.644102,0][-0.771802,-5.16801,-1.22114][0.863282,-0.139606,-0.485031][0.546685,0.6441,0][-0.762254,-5.04619,-1.23986][0.863281,-0.139606,-0.485031][0.54669,0.629949,0][-2.41698,-3.05945,-0.597026][-0.50943,0.0886951,-0.855929][0.237593,0.294943,0][-2.68879,-2.91829,-0.413236][-0.51375,0.117305,-0.849883][0.234596,0.299814,0][-2.43502,-2.86579,-0.559396][-0.509837,0.0912701,-0.855416][0.234477,0.294334,0][-2.41698,-3.05945,-0.597026][-0.50943,0.0886951,-0.855929][0.237593,0.294943,0][-2.43502,-2.86579,-0.559396][-0.509837,0.0912701,-0.855416][0.234477,0.294334,0][-2.10418,-2.77398,-0.755006][-0.508499,0.0828831,-0.857064][0.235014,0.288881,0][-2.10418,-2.77398,-0.755006][-0.508499,0.0828831,-0.857064][0.235014,0.288881,0][-2.06032,-3.00798,-0.795456][-0.508499,0.0828831,-0.857064][0.238813,0.289415,0][-2.41698,-3.05945,-0.597026][-0.50943,0.0886951,-0.855929][0.237593,0.294943,0][-1.73545,-2.87718,-0.977926][-0.513192,0.0197941,-0.858046][0.239672,0.267802,0][-2.06032,-3.00798,-0.795456][-0.513192,0.0197941,-0.858046][0.238813,0.289415,0][-2.10418,-2.77398,-0.755006][-0.513192,0.0197941,-0.858046][0.235014,0.288881,0][-2.10418,-2.77398,-0.755006][-0.513192,0.0197941,-0.858046][0.235014,0.288881,0][-1.7709,-2.49921,-0.956816][-0.513192,0.0197941,-0.858046][0.235218,0.266352,0][-1.73545,-2.87718,-0.977926][-0.513192,0.0197941,-0.858046][0.239672,0.267802,0][-2.39772,-3.11063,-0.580426][0.509358,0.00213092,0.860552][0.051064,0.628292,0][-2.04115,-3.07125,-0.792016][0.509358,0.00213092,0.860552][0.047586,0.608359,0][-2.10418,-2.77398,-0.755006][0.509358,0.00213092,0.860552][0.06307,0.607264,0][-2.10418,-2.77398,-0.755006][0.509358,0.00213092,0.860552][0.06307,0.607264,0][-2.43502,-2.86579,-0.559396][0.509358,0.00213092,0.860552][0.063593,0.626578,0][-2.39772,-3.11063,-0.580426][0.509358,0.00213092,0.860552][0.051064,0.628292,0][-1.72589,-2.98142,-0.981226][0.514763,0.00380292,0.857324][0.050199,0.533123,0][-1.7709,-2.49921,-0.956816][0.514763,0.00380292,0.857324][0.069925,0.529129,0][-2.10418,-2.77398,-0.755006][0.514763,0.00380292,0.857324][0.06307,0.607264,0][-2.10418,-2.77398,-0.755006][0.514763,0.00380292,0.857324][0.06307,0.607264,0][-2.04115,-3.07125,-0.792016][0.514763,0.00380292,0.857324][0.047586,0.608359,0][-1.72589,-2.98142,-0.981226][0.514763,0.00380292,0.857324][0.050199,0.533123,0][-2.68879,-2.91829,-0.413236][0.498844,0.00153192,0.86669][0.063181,0.645198,0][-2.39772,-3.11063,-0.580426][0.498844,0.00153192,0.86669][0.051064,0.628292,0][-2.43502,-2.86579,-0.559396][0.498844,0.00153192,0.86669][0.063593,0.626578,0][-2.41698,-3.05945,-0.597026][-0.648614,-0.44448,-0.617849][0.237593,0.294943,0][-2.39772,-3.11063,-0.580426][-0.648614,-0.44448,-0.617849][0.238521,0.295158,0][-2.68879,-2.91829,-0.413236][-0.648614,-0.44448,-0.617849][0.234596,0.299814,0][-2.06032,-3.00798,-0.795456][-0.446977,-0.297783,-0.843527][0.238813,0.289415,0][-2.04115,-3.07125,-0.792016][-0.446977,-0.297783,-0.843527][0.239908,0.289577,0][-2.39772,-3.11063,-0.580426][-0.446977,-0.297783,-0.843527][0.238521,0.295158,0][-2.39772,-3.11063,-0.580426][-0.446977,-0.297783,-0.843527][0.238521,0.295158,0][-2.41698,-3.05945,-0.597026][-0.446977,-0.297783,-0.843527][0.237593,0.294943,0][-2.06032,-3.00798,-0.795456][-0.446977,-0.297783,-0.843527][0.238813,0.289415,0][-2.06032,-3.00798,-0.795456][-0.478892,-0.0828669,-0.873954][0.238813,0.289415,0][-1.73545,-2.87718,-0.977926][-0.478892,-0.0828669,-0.873954][0.239672,0.267802,0][-1.72589,-2.98142,-0.981226][-0.478892,-0.0828669,-0.873954][0.24099,0.268155,0][-1.72589,-2.98142,-0.981226][-0.478892,-0.0828669,-0.873954][0.24099,0.268155,0][-2.04115,-3.07125,-0.792016][-0.478892,-0.0828669,-0.873954][0.239908,0.289577,0][-2.06032,-3.00798,-0.795456][-0.478892,-0.0828669,-0.873954][0.238813,0.289415,0][-1.7709,-2.49921,-0.956816][0.992554,0.0884179,0.08378][0.235218,0.266352,0][-1.72589,-2.98142,-0.981226][0.992554,0.0884179,0.08378][0.241017,0.267572,0][-1.73545,-2.87718,-0.977926][0.992554,0.0884179,0.08378][0.239672,0.267802,0][-2.98365,-2.28516,-0.406536][-0.46346,0.00811407,-0.886081][0.784386,0.959434,0][-3.2178,-2.13809,-0.264216][-0.497664,0.0458581,-0.866157][0.77345,0.989024,0][-2.9456,-1.99182,-0.412876][-0.461648,0.00615507,-0.887042][0.773016,0.957211,0][-2.45678,-2.30694,-0.666096][-0.458541,0.00280707,-0.888669][0.790016,0.889418,0][-2.98365,-2.28516,-0.406536][-0.46346,0.00811407,-0.886081][0.784386,0.959434,0][-2.9456,-1.99182,-0.412876][-0.461648,0.00615507,-0.887042][0.773016,0.957211,0][-2.9456,-1.99182,-0.412876][-0.461648,0.00615507,-0.887042][0.773016,0.957211,0][-2.4177,-1.7522,-0.696876][-0.458541,0.00280707,-0.888669][0.773768,0.884128,0][-2.45678,-2.30694,-0.666096][-0.458541,0.00280707,-0.888669][0.790016,0.889418,0][-2.40834,-2.38379,-0.636636][0.440815,0.0946559,0.892593][0.737041,0.865136,0][-2.4177,-1.7522,-0.696876][0.440815,0.0946559,0.892593][0.758239,0.860843,0][-2.9456,-1.99182,-0.412876][0.440815,0.0946559,0.892593][0.751434,0.965567,0][-2.9456,-1.99182,-0.412876][0.440815,0.0946559,0.892593][0.751434,0.965567,0][-2.94359,-2.33063,-0.375826][0.440815,0.0946559,0.892593][0.73797,0.96741,0][-2.40834,-2.38379,-0.636636][0.440815,0.0946559,0.892593][0.737041,0.865136,0][-3.2178,-2.13809,-0.264216][0.434759,0.100438,0.894928][0.750992,0.985578,0][-2.94359,-2.33063,-0.375826][0.434759,0.100438,0.894928][0.73797,0.96741,0][-2.9456,-1.99182,-0.412876][0.434759,0.100438,0.894928][0.751434,0.965567,0][-2.98365,-2.28516,-0.406536][-0.624502,-0.73274,-0.270353][0.784386,0.959434,0][-2.94359,-2.33063,-0.375826][-0.624502,-0.73274,-0.270353][0.787771,0.960217,0][-3.2178,-2.13809,-0.264216][-0.624502,-0.73274,-0.270353][0.77345,0.989024,0][-2.45678,-2.30694,-0.666096][-0.381392,-0.61534,-0.689853][0.790016,0.889418,0][-2.40834,-2.38379,-0.636636][-0.381392,-0.61534,-0.689853][0.794827,0.890706,0][-2.94359,-2.33063,-0.375826][-0.381392,-0.61534,-0.689853][0.787771,0.960217,0][-2.94359,-2.33063,-0.375826][-0.381392,-0.61534,-0.689853][0.787771,0.960217,0][-2.98365,-2.28516,-0.406536][-0.381392,-0.61534,-0.689853][0.784386,0.959434,0][-2.45678,-2.30694,-0.666096][-0.381392,-0.61534,-0.689853][0.790016,0.889418,0][-2.4177,-1.7522,-0.696876][0.422371,-0.0798551,-0.902899][0.773768,0.884128,0][-2.40834,-2.38379,-0.636636][0.422371,-0.0798551,-0.902899][0.794926,0.888578,0][-2.45678,-2.30694,-0.666096][0.422371,-0.0798551,-0.902899][0.790016,0.889418,0][-2.59398,-2.81015,-0.532556][-0.498808,-0.0175069,-0.866536][0.116714,0.181698,0][-2.8528,-2.75017,-0.364756][-0.544701,-0.00419092,-0.83862][0.113737,0.186535,0][-2.64563,-2.52173,-0.500456][-0.496294,-0.0182219,-0.867963][0.113618,0.181093,0][-2.38763,-2.25358,-0.661486][-0.490937,-0.0197409,-0.870971][0.114355,0.153307,0][-2.08752,-2.66028,-0.811896][-0.490937,-0.0197409,-0.870971][0.118778,0.154747,0][-2.59398,-2.81015,-0.532556][-0.498808,-0.0175069,-0.866536][0.116714,0.181698,0][-2.59398,-2.81015,-0.532556][-0.498808,-0.0175069,-0.866536][0.116714,0.181698,0][-2.64563,-2.52173,-0.500456][-0.496294,-0.0182219,-0.867963][0.113618,0.181093,0][-2.38763,-2.25358,-0.661486][-0.490937,-0.0197409,-0.870971][0.114355,0.153307,0][-2.38763,-2.25358,-0.661486][0.472342,0.103087,0.875366][0.070191,0.399108,0][-2.64563,-2.52173,-0.500456][0.472342,0.103087,0.875366][0.064041,0.493752,0][-2.54006,-2.8454,-0.509546][0.472342,0.103087,0.875366][0.051873,0.495418,0][-2.54006,-2.8454,-0.509546][0.472342,0.103087,0.875366][0.051873,0.495418,0][-2.02573,-2.72528,-0.810986][0.472342,0.103087,0.875366][0.051034,0.402987,0][-2.38763,-2.25358,-0.661486][0.472342,0.103087,0.875366][0.070191,0.399108,0][-2.8528,-2.75017,-0.364756][0.447142,0.120962,0.886246][0.063641,0.511837,0][-2.54006,-2.8454,-0.509546][0.447142,0.120962,0.886246][0.051873,0.495418,0][-2.64563,-2.52173,-0.500456][0.447142,0.120962,0.886246][0.064041,0.493752,0][-2.59398,-2.81015,-0.532556][-0.412351,-0.848019,-0.332911][0.116714,0.181698,0][-2.54006,-2.8454,-0.509546][-0.412351,-0.848019,-0.332911][0.117635,0.181911,0][-2.8528,-2.75017,-0.364756][-0.412351,-0.848019,-0.332911][0.113737,0.186535,0][-2.08752,-2.66028,-0.811896][-0.304375,-0.538876,-0.785474][0.118778,0.154747,0][-2.02573,-2.72528,-0.810986][-0.304375,-0.538876,-0.785474][0.120087,0.155097,0][-2.54006,-2.8454,-0.509546][-0.304375,-0.538876,-0.785474][0.117635,0.181911,0][-2.54006,-2.8454,-0.509546][-0.304375,-0.538876,-0.785474][0.117635,0.181911,0][-2.59398,-2.81015,-0.532556][-0.304375,-0.538876,-0.785474][0.116714,0.181698,0][-2.08752,-2.66028,-0.811896][-0.304375,-0.538876,-0.785474][0.118778,0.154747,0][-2.38763,-2.25358,-0.661486][0.674754,0.636226,-0.374063][0.114355,0.153307,0][-2.02573,-2.72528,-0.810986][0.674754,0.636226,-0.374063][0.128738,0.11693,0][-2.08752,-2.66028,-0.811896][0.674754,0.636226,-0.374063][0.118778,0.154747,0][-5.45344,-1.64049,0.765434][-0.521486,0.0991541,-0.847479][0.227813,0.8318,0][-5.75923,-1.61539,0.956544][-0.521486,0.0991541,-0.847479][0.244727,0.842211,0][-5.54338,-1.45759,0.842174][-0.521486,0.0991541,-0.847479][0.225697,0.842624,0][-5.54338,-1.45759,0.842174][-0.512194,0.0150071,-0.858738][0.225697,0.842624,0][-5.12494,-0.988494,0.580894][-0.512194,0.0150071,-0.858738][0.128528,0.840052,0][-4.98582,-1.27489,0.512814][-0.512194,0.0150071,-0.858739][0.133564,0.824584,0][-4.98582,-1.27489,0.512814][-0.512194,0.0150071,-0.858739][0.133564,0.824584,0][-5.45344,-1.64049,0.765434][-0.512194,0.0150071,-0.858738][0.227813,0.8318,0][-5.54338,-1.45759,0.842174][-0.512194,0.0150071,-0.858738][0.225697,0.842624,0][-4.91144,-1.32389,0.610024][0.281107,0.270257,0.920837][0.134385,0.013538,0][-5.12494,-0.988494,0.580894][0.281107,0.270257,0.920837][0.152408,0.009889,0][-5.54338,-1.45759,0.842174][0.281107,0.270257,0.920837][0.146622,0.098924,0][-5.54338,-1.45759,0.842174][0.281107,0.270257,0.920837][0.146622,0.098924,0][-5.39334,-1.65779,0.859274][0.281107,0.270257,0.920837][0.135175,0.10049,0][-4.91144,-1.32389,0.610024][0.281107,0.270257,0.920837][0.134385,0.013538,0][-5.75923,-1.61539,0.956544][0.277051,0.285896,0.917337][0.146246,0.115935,0][-5.39334,-1.65779,0.859274][0.277051,0.285896,0.917337][0.135175,0.10049,0][-5.54338,-1.45759,0.842174][0.277051,0.285896,0.917337][0.146622,0.098924,0][-5.45344,-1.64049,0.765434][-0.13902,-0.985964,-0.092456][0.227813,0.8318,0][-5.39334,-1.65779,0.859274][-0.13902,-0.985964,-0.092456][0.228558,0.828579,0][-5.75923,-1.61539,0.956544][-0.13902,-0.985964,-0.092456][0.244727,0.842211,0][-5.45344,-1.64049,0.765434][0.32299,-0.800539,-0.504791][0.227813,0.8318,0][-4.98582,-1.27489,0.512814][0.32299,-0.800539,-0.504791][0.133564,0.824584,0][-4.91144,-1.32389,0.610024][0.32299,-0.800539,-0.504791][0.13479,0.820005,0][-4.91144,-1.32389,0.610024][0.32299,-0.800539,-0.504791][0.13479,0.820005,0][-5.39334,-1.65779,0.859274][0.32299,-0.800539,-0.504791][0.228558,0.828579,0][-5.45344,-1.64049,0.765434][0.32299,-0.800539,-0.504791][0.227813,0.8318,0][-5.12494,-0.988494,0.580894][0.797646,0.475547,-0.370967][0.128528,0.840052,0][-4.91144,-1.32389,0.610024][0.797646,0.475547,-0.370967][0.132764,0.819911,0][-4.98582,-1.27489,0.512814][0.797646,0.475547,-0.370967][0.133564,0.824584,0][-6.12966,3.54491,0.994523][0.158983,0.286353,-0.944842][0.557092,0.971614,0][-6.00806,3.55151,1.0644][0.15898,0.286353,-0.944842][0.5511,0.97016,0][-5.85868,3.21271,0.933303][0.00602304,0.25408,-0.967164][0.552477,0.950971,0][-5.85868,3.21271,0.933303][0.00602304,0.25408,-0.967164][0.552477,0.950971,0][-6.13577,3.13491,0.918133][0.00315004,0.253275,-0.967389][0.567284,0.953866,0][-6.12966,3.54491,0.994523][0.158983,0.286353,-0.944842][0.557092,0.971614,0][-5.99057,2.62981,0.797583][-0.116936,0.171246,-0.978264][0.573077,0.927604,0][-6.13577,3.13491,0.918133][0.00315004,0.253275,-0.967389][0.567284,0.953866,0][-5.85868,3.21271,0.933303][0.00602304,0.25408,-0.967164][0.552477,0.950971,0][-5.85868,3.21271,0.933303][0.00602304,0.25408,-0.967164][0.552477,0.950971,0][-5.66633,2.74791,0.798433][-0.118828,0.169292,-0.978376][0.555031,0.925068,0][-5.99057,2.62981,0.797583][-0.116936,0.171246,-0.978264][0.573077,0.927604,0][-5.06514,0.858306,0.416094][-0.131366,0.156285,-0.978937][0.577157,0.824931,0][-5.99057,2.62981,0.797583][-0.116936,0.171246,-0.978264][0.573077,0.927604,0][-5.66633,2.74791,0.798433][-0.118828,0.169292,-0.978376][0.555031,0.925068,0][-5.66633,2.74791,0.798433][-0.118828,0.169292,-0.978376][0.555031,0.925068,0][-4.65276,0.977205,0.354214][-0.131366,0.156285,-0.978937][0.555997,0.818042,0][-5.06514,0.858306,0.416094][-0.131366,0.156285,-0.978937][0.577157,0.824931,0][-6.12966,3.54491,0.994523][0.158983,0.286353,-0.944842][0.557092,0.971614,0][-6.0863,3.65581,1.04699][0.477615,0.216177,-0.851558][0.55145,0.976394,0][-6.00806,3.55151,1.0644][0.15898,0.286353,-0.944842][0.5511,0.97016,0][-5.85868,3.21271,0.933303][0.434553,-0.0985311,0.89524][0.98098,0.970541,0][-6.16051,3.09761,1.07137][0.434528,-0.0975451,0.89536][0.964568,0.972787,0][-6.02842,2.58141,0.954813][0.399461,-0.0223981,0.916477][0.960013,0.946675,0][-6.02842,2.58141,0.954813][0.399461,-0.0223981,0.916477][0.960013,0.946675,0][-5.66633,2.74791,0.798433][0.398538,-0.0207581,0.916917][0.980294,0.945241,0][-5.85868,3.21271,0.933303][0.434553,-0.0985311,0.89524][0.98098,0.970541,0][-5.13207,0.820906,0.552994][0.391658,-0.00860206,0.92007][0.963436,0.848118,0][-4.65276,0.977205,0.354214][0.391659,-0.00860206,0.920071][0.989276,0.842886,0][-5.66633,2.74791,0.798433][0.398538,-0.0207581,0.916917][0.980294,0.945241,0][-5.66633,2.74791,0.798433][0.398538,-0.0207581,0.916917][0.980294,0.945241,0][-6.02842,2.58141,0.954813][0.399461,-0.0223981,0.916477][0.960013,0.946675,0][-5.13207,0.820906,0.552994][0.391658,-0.00860206,0.92007][0.963436,0.848118,0][-6.0863,3.65581,1.04699][0.260799,0.346125,0.901211][0.980442,0.994932,0][-6.11116,3.52741,1.10349][0.43009,-0.113058,0.895679][0.975765,0.990647,0][-6.00806,3.55151,1.0644][0.429233,-0.109826,0.896492][0.981056,0.989206,0][-6.11116,3.52741,1.10349][0.43009,-0.113058,0.895679][0.975765,0.990647,0][-6.16051,3.09761,1.07137][0.434528,-0.0975451,0.89536][0.964568,0.972787,0][-5.85868,3.21271,0.933303][0.434553,-0.0985311,0.89524][0.98098,0.970541,0][-5.85868,3.21271,0.933303][0.434553,-0.0985311,0.89524][0.98098,0.970541,0][-6.00806,3.55151,1.0644][0.429233,-0.109826,0.896492][0.981056,0.989206,0][-6.11116,3.52741,1.10349][0.43009,-0.113058,0.895679][0.975765,0.990647,0][-6.13577,3.13491,0.918133][-0.997697,0.0671332,-0.009698][0.567284,0.953866,0][-6.16051,3.09761,1.07137][-0.997697,0.0671332,-0.009698][0.571693,0.954885,0][-6.11116,3.52741,1.10349][-0.997697,0.0671332,-0.009698][0.55963,0.972941,0][-6.11116,3.52741,1.10349][-0.997697,0.0671332,-0.009698][0.55963,0.972941,0][-6.12966,3.54491,0.994523][-0.997697,0.0671332,-0.009698][0.557092,0.971614,0][-6.13577,3.13491,0.918133][-0.997697,0.0671332,-0.009698][0.567284,0.953866,0][-6.02842,2.58141,0.954813][-0.872804,-0.3171,-0.371026][0.57828,0.928373,0][-6.16051,3.09761,1.07137][-0.948253,-0.200243,-0.246411][0.571693,0.954885,0][-6.13577,3.13491,0.918133][-0.948253,-0.200243,-0.246411][0.567284,0.953866,0][-6.13577,3.13491,0.918133][-0.948253,-0.200243,-0.246411][0.567284,0.953866,0][-5.99057,2.62981,0.797583][-0.872267,-0.31776,-0.371725][0.573077,0.927604,0][-6.02842,2.58141,0.954813][-0.872804,-0.3171,-0.371026][0.57828,0.928373,0][-5.99057,2.62981,0.797583][-0.872267,-0.31776,-0.371725][0.573077,0.927604,0][-5.06514,0.858306,0.416094][-0.8467,-0.347332,-0.403063][0.577157,0.824931,0][-5.13207,0.820906,0.552994][-0.8467,-0.347332,-0.403063][0.583422,0.826608,0][-5.13207,0.820906,0.552994][-0.8467,-0.347332,-0.403063][0.583422,0.826608,0][-6.02842,2.58141,0.954813][-0.872804,-0.3171,-0.371026][0.57828,0.928373,0][-5.99057,2.62981,0.797583][-0.872267,-0.31776,-0.371725][0.573077,0.927604,0][-4.65276,0.977205,0.354214][0.255285,-0.957114,-0.136975][0.555997,0.818042,0][-5.13207,0.820906,0.552994][0.255285,-0.957114,-0.136975][0.58355,0.823836,0][-5.06514,0.858306,0.416094][0.255285,-0.957114,-0.136975][0.577157,0.824931,0][-6.11116,3.52741,1.10349][-0.940708,0.271591,0.203239][0.55963,0.972941,0][-6.0863,3.65581,1.04699][-0.940708,0.271591,0.203238][0.554635,0.977615,0][-6.12966,3.54491,0.994523][-0.940708,0.271591,0.203239][0.557092,0.971614,0][-6.30894,2.73031,1.0572][-0.081155,0.245894,-0.965893][0.809478,0.304873,0][-6.22488,2.75151,1.07436][-0.080046,0.247482,-0.96558][0.801967,0.303051,0][-6.05909,2.48301,0.974183][-0.168923,0.210167,-0.962961][0.803695,0.279005,0][-6.05909,2.48301,0.974183][-0.168923,0.210167,-0.962961][0.803695,0.279005,0][-6.27434,2.37831,0.987853][-0.171781,0.209219,-0.962662][0.822248,0.282633,0][-6.30894,2.73031,1.0572][-0.081155,0.245894,-0.965893][0.809478,0.304873,0][-6.27434,2.37831,0.987853][-0.171781,0.209219,-0.962662][0.822248,0.282633,0][-6.05909,2.48301,0.974183][-0.168923,0.210167,-0.962961][0.803695,0.279005,0][-5.84244,2.10571,0.840953][-0.25143,0.146358,-0.956746][0.806894,0.246546,0][-5.84244,2.10571,0.840953][-0.25143,0.146358,-0.956746][0.806894,0.246546,0][-6.08914,1.95711,0.870993][-0.25051,0.147336,-0.956837][0.829507,0.249723,0][-6.27434,2.37831,0.987853][-0.171781,0.209219,-0.962662][0.822248,0.282633,0][-5.07744,0.575706,0.414184][-0.261118,0.136011,-0.955677][0.83462,0.121066,0][-6.08914,1.95711,0.870993][-0.25051,0.147336,-0.956837][0.829507,0.249723,0][-5.84244,2.10571,0.840953][-0.25143,0.146358,-0.956746][0.806894,0.246546,0][-5.84244,2.10571,0.840953][-0.25143,0.146358,-0.956746][0.806894,0.246546,0][-4.75358,0.729305,0.331354][-0.261118,0.13601,-0.955677][0.808105,0.112433,0][-5.07744,0.575706,0.414184][-0.261118,0.136011,-0.955677][0.83462,0.121066,0][-6.30894,2.73031,1.0572][-0.081155,0.245894,-0.965893][0.809478,0.304873,0][-6.28455,2.82731,1.10789][0.0688571,0.448266,-0.891244][0.802406,0.310864,0][-6.22488,2.75151,1.07436][-0.080046,0.247482,-0.96558][0.801967,0.303051,0][-6.31024,2.34341,1.04985][0.357181,-0.117369,0.926632][0.761954,0.817922,0][-6.13606,1.91161,0.933923][0.365396,-0.0562181,0.929153][0.758025,0.795403,0][-5.84244,2.10571,0.840953][0.365514,-0.0554011,0.929156][0.775516,0.794166,0][-5.84244,2.10571,0.840953][0.365514,-0.0554011,0.929156][0.775516,0.794166,0][-6.05909,2.48301,0.974183][0.357305,-0.118118,0.926489][0.776108,0.815985,0][-6.31024,2.34341,1.04985][0.357181,-0.117369,0.926632][0.761954,0.817922,0][-5.14554,0.532406,0.490604][0.367091,-0.0442961,0.92913][0.760977,0.710407,0][-4.75358,0.729305,0.331354][0.367091,-0.0442961,0.92913][0.783261,0.705895,0][-5.84244,2.10571,0.840953][0.365514,-0.0554011,0.929156][0.775516,0.794166,0][-5.84244,2.10571,0.840953][0.365514,-0.0554011,0.929156][0.775516,0.794166,0][-6.13606,1.91161,0.933923][0.365396,-0.0562181,0.929153][0.758025,0.795403,0][-5.14554,0.532406,0.490604][0.367091,-0.0442961,0.92913][0.760977,0.710407,0][-6.28455,2.82731,1.10789][0.375003,-0.111836,0.920253][0.775643,0.83702,0][-6.31078,2.71791,1.10529][0.359924,-0.130008,0.923879][0.771609,0.833325,0][-6.22488,2.75151,1.07436][0.360039,-0.12987,0.923854][0.776173,0.832081,0][-6.31078,2.71791,1.10529][0.359924,-0.130008,0.923879][0.771609,0.833325,0][-6.31024,2.34341,1.04985][0.357181,-0.117369,0.926632][0.761954,0.817922,0][-6.05909,2.48301,0.974183][0.357305,-0.118118,0.926489][0.776108,0.815985,0][-6.05909,2.48301,0.974183][0.357305,-0.118118,0.926489][0.776108,0.815985,0][-6.22488,2.75151,1.07436][0.360039,-0.12987,0.923854][0.776173,0.832081,0][-6.31078,2.71791,1.10529][0.359924,-0.130008,0.923879][0.771609,0.833325,0][-6.27434,2.37831,0.987853][-0.94713,0.00928014,-0.320716][0.822248,0.282633,0][-6.31024,2.34341,1.04985][-0.94713,0.00928014,-0.320716][0.827773,0.28391,0][-6.31078,2.71791,1.10529][-0.94713,0.00928014,-0.320716][0.812657,0.306536,0][-6.31078,2.71791,1.10529][-0.94713,0.00928014,-0.320716][0.812657,0.306536,0][-6.30894,2.73031,1.0572][-0.94713,0.00928014,-0.320716][0.809478,0.304873,0][-6.27434,2.37831,0.987853][-0.94713,0.00928014,-0.320716][0.822248,0.282633,0][-6.08914,1.95711,0.870993][-0.684592,-0.233532,-0.690505][0.829507,0.249723,0][-6.13606,1.91161,0.933923][-0.684438,-0.23365,-0.690617][0.836027,0.250688,0][-6.31024,2.34341,1.04985][-0.773129,-0.158121,-0.614223][0.827773,0.28391,0][-6.31024,2.34341,1.04985][-0.773129,-0.158121,-0.614223][0.827773,0.28391,0][-6.27434,2.37831,0.987853][-0.773129,-0.158121,-0.614223][0.822248,0.282633,0][-6.08914,1.95711,0.870993][-0.684592,-0.233532,-0.690505][0.829507,0.249723,0][-6.08914,1.95711,0.870993][-0.684592,-0.233532,-0.690505][0.829507,0.249723,0][-5.07744,0.575706,0.414184][-0.662412,-0.250197,-0.706125][0.83462,0.121066,0][-5.14554,0.532406,0.490604][-0.662412,-0.250197,-0.706125][0.84247,0.123167,0][-5.14554,0.532406,0.490604][-0.662412,-0.250197,-0.706125][0.84247,0.123167,0][-6.13606,1.91161,0.933923][-0.684438,-0.23365,-0.690617][0.836027,0.250688,0][-6.08914,1.95711,0.870993][-0.684592,-0.233532,-0.690505][0.829507,0.249723,0][-4.75358,0.729305,0.331354][0.386886,-0.906564,-0.168706][0.808105,0.112433,0][-5.14554,0.532406,0.490604][0.386886,-0.906564,-0.168706][0.842631,0.119694,0][-5.07744,0.575706,0.414184][0.386886,-0.906564,-0.168706][0.83462,0.121066,0][-6.31078,2.71791,1.10529][-0.972287,0.23271,0.022457][0.812657,0.306536,0][-6.28455,2.82731,1.10789][-0.972287,0.23271,0.022457][0.806398,0.312393,0][-6.30894,2.73031,1.0572][-0.972287,0.23271,0.022457][0.809478,0.304873,0][-6.52053,2.24211,1.05514][-0.095925,0.202142,-0.974647][0.232249,0.930852,0][-6.43751,2.26531,1.07336][-0.094238,0.204573,-0.974304][0.23045,0.938266,0][-6.26967,1.99281,0.979764][-0.186832,0.163094,-0.968759][0.20671,0.936561,0][-6.26967,1.99281,0.979764][-0.186832,0.163094,-0.968759][0.20671,0.936561,0][-6.47619,1.88581,1.00338][-0.189904,0.162042,-0.968338][0.210291,0.918242,0][-6.52053,2.24211,1.05514][-0.095925,0.202142,-0.974647][0.232249,0.930852,0][-6.47619,1.88581,1.00338][-0.189904,0.162042,-0.968338][0.210291,0.918242,0][-6.26967,1.99281,0.979764][-0.186832,0.163094,-0.968759][0.20671,0.936561,0][-6.04565,1.61971,0.863334][-0.262094,0.109906,-0.958764][0.174663,0.933401,0][-6.04565,1.61971,0.863334][-0.262094,0.109906,-0.958764][0.174663,0.933401,0][-6.2852,1.47051,0.901084][-0.261237,0.110764,-0.958899][0.177801,0.911076,0][-6.47619,1.88581,1.00338][-0.189904,0.162042,-0.968338][0.210291,0.918242,0][-5.26325,0.113106,0.482284][-0.270035,0.101925,-0.95744][0.050779,0.906029,0][-6.2852,1.47051,0.901084][-0.261237,0.110764,-0.958899][0.177801,0.911076,0][-6.04565,1.61971,0.863334][-0.262094,0.109906,-0.958764][0.174663,0.933401,0][-6.04565,1.61971,0.863334][-0.262094,0.109906,-0.958764][0.174663,0.933401,0][-4.94515,0.267106,0.395024][-0.270035,0.101925,-0.957441][0.042256,0.932206,0][-5.26325,0.113106,0.482284][-0.270035,0.101925,-0.95744][0.050779,0.906029,0][-6.52053,2.24211,1.05514][-0.095925,0.202142,-0.974647][0.232249,0.930852,0][-6.49721,2.34251,1.10569][0.0755401,0.434284,-0.897603][0.238163,0.937832,0][-6.43751,2.26531,1.07336][-0.094238,0.204573,-0.974304][0.23045,0.938266,0][-6.51278,1.85231,1.06301][0.365367,-0.0701111,0.92822][0.761193,0.282999,0][-6.33087,1.42681,0.964804][0.372134,-0.0188911,0.927987][0.755172,0.248498,0][-6.04565,1.61971,0.863334][0.372244,-0.0181401,0.927958][0.781971,0.246603,0][-6.04565,1.61971,0.863334][0.372244,-0.0181401,0.927958][0.781971,0.246603,0][-6.26967,1.99281,0.979764][0.365412,-0.0712801,0.928113][0.782878,0.280031,0][-6.51278,1.85231,1.06301][0.365367,-0.0701111,0.92822][0.761193,0.282999,0][-5.32969,0.071106,0.559284][0.373504,-0.00943606,0.927581][0.759696,0.118276,0][-4.94515,0.267106,0.395024][0.373504,-0.00943606,0.927581][0.793839,0.111362,0][-6.04565,1.61971,0.863334][0.372244,-0.0181401,0.927958][0.781971,0.246603,0][-6.04565,1.61971,0.863334][0.372244,-0.0181401,0.927958][0.781971,0.246603,0][-6.33087,1.42681,0.964804][0.372134,-0.0188911,0.927987][0.755172,0.248498,0][-5.32969,0.071106,0.559284][0.373504,-0.00943606,0.927581][0.759696,0.118276,0][-6.49721,2.34251,1.10569][0.363692,-0.106305,0.925434][0.782165,0.31226,0][-6.52288,2.23061,1.10293][0.365981,-0.0905301,0.926209][0.775986,0.306598,0][-6.43751,2.26531,1.07336][0.365959,-0.0906831,0.926202][0.782978,0.304694,0][-6.52288,2.23061,1.10293][0.365981,-0.0905301,0.926209][0.775986,0.306598,0][-6.51278,1.85231,1.06301][0.365367,-0.0701111,0.92822][0.761193,0.282999,0][-6.26967,1.99281,0.979764][0.365412,-0.0712801,0.928113][0.782878,0.280031,0][-6.26967,1.99281,0.979764][0.365412,-0.0712801,0.928113][0.782878,0.280031,0][-6.43751,2.26531,1.07336][0.365959,-0.0906831,0.926202][0.782978,0.304694,0][-6.52288,2.23061,1.10293][0.365981,-0.0905301,0.926209][0.775986,0.306598,0][-6.47619,1.88581,1.00338][-0.936295,-0.0256739,-0.350274][0.210291,0.918242,0][-6.51278,1.85231,1.06301][-0.936295,-0.0256739,-0.350274][0.211553,0.912789,0][-6.52288,2.23061,1.10293][-0.936295,-0.0256739,-0.350274][0.23389,0.927712,0][-6.52288,2.23061,1.10293][-0.936295,-0.0256739,-0.350274][0.23389,0.927712,0][-6.52053,2.24211,1.05514][-0.936295,-0.0256739,-0.350274][0.232249,0.930852,0][-6.47619,1.88581,1.00338][-0.936295,-0.0256739,-0.350274][0.210291,0.918242,0][-6.2852,1.47051,0.901084][-0.679609,-0.263942,-0.684446][0.177801,0.911076,0][-6.33087,1.42681,0.964804][-0.679621,-0.263932,-0.684438][0.178753,0.90464,0][-6.51278,1.85231,1.06301][-0.758807,-0.187805,-0.623652][0.211553,0.912789,0][-6.51278,1.85231,1.06301][-0.758807,-0.187805,-0.623652][0.211553,0.912789,0][-6.47619,1.88581,1.00338][-0.758806,-0.187805,-0.623652][0.210291,0.918242,0][-6.2852,1.47051,0.901084][-0.679609,-0.263942,-0.684446][0.177801,0.911076,0][-6.2852,1.47051,0.901084][-0.679609,-0.263942,-0.684446][0.177801,0.911076,0][-5.26325,0.113106,0.482284][-0.660181,-0.280612,-0.696719][0.050779,0.906029,0][-5.32969,0.071106,0.559284][-0.660181,-0.280612,-0.696719][0.052854,0.898278,0][-5.32969,0.071106,0.559284][-0.660181,-0.280612,-0.696719][0.052854,0.898278,0][-6.33087,1.42681,0.964804][-0.679621,-0.263932,-0.684438][0.178753,0.90464,0][-6.2852,1.47051,0.901084][-0.679609,-0.263942,-0.684446][0.177801,0.911076,0][-4.94515,0.267106,0.395024][0.397137,-0.905355,-0.15038][0.042256,0.932206,0][-5.32969,0.071106,0.559284][0.397137,-0.905355,-0.15038][0.049425,0.89812,0][-5.26325,0.113106,0.482284][0.397137,-0.905355,-0.15038][0.050779,0.906029,0][-6.52288,2.23061,1.10293][-0.974703,0.223432,0.005675][0.23389,0.927712,0][-6.49721,2.34251,1.10569][-0.974703,0.223432,0.005675][0.239673,0.933892,0][-6.52053,2.24211,1.05514][-0.974703,0.223432,0.005675][0.232249,0.930852,0][-7.12262,0.674505,1.21558][-0.188458,0.212298,-0.95886][0.230936,0.983279,0][-7.06134,0.733806,1.23869][-0.188215,0.214816,-0.958347][0.229148,0.990642,0][-6.78428,0.593406,1.13207][-0.257484,0.141238,-0.955905][0.205572,0.988949,0][-6.78428,0.593406,1.13207][-0.257484,0.141238,-0.955905][0.205572,0.988949,0][-6.91272,0.398406,1.14016][-0.259249,0.139709,-0.955652][0.209128,0.970757,0][-7.12262,0.674505,1.21558][-0.188458,0.212298,-0.95886][0.230936,0.983279,0][-6.54974,0.148406,1.00679][-0.325938,0.0984831,-0.940248][0.176861,0.963639,0][-6.91272,0.398406,1.14016][-0.259249,0.139709,-0.955652][0.209128,0.970757,0][-6.78428,0.593406,1.13207][-0.257484,0.141238,-0.955905][0.205572,0.988949,0][-6.78428,0.593406,1.13207][-0.257484,0.141238,-0.955905][0.205572,0.988949,0][-6.41179,0.395306,0.990534][-0.327029,0.0979611,-0.939923][0.173746,0.985812,0][-6.54974,0.148406,1.00679][-0.325938,0.0984831,-0.940248][0.176861,0.963639,0][-5.04089,-0.491895,0.411524][-0.335054,0.0941081,-0.937488][0.050713,0.958627,0][-6.54974,0.148406,1.00679][-0.325938,0.0984831,-0.940248][0.176861,0.963639,0][-6.41179,0.395306,0.990534][-0.327029,0.0979611,-0.939923][0.173746,0.985812,0][-6.41179,0.395306,0.990534][-0.327029,0.0979611,-0.939923][0.173746,0.985812,0][-4.83304,-0.203195,0.357954][-0.335054,0.0941081,-0.937487][0.042249,0.984625,0][-5.04089,-0.491895,0.411524][-0.335054,0.0941081,-0.937488][0.050713,0.958627,0][-7.12262,0.674505,1.21558][-0.188458,0.212298,-0.95886][0.230936,0.983279,0][-7.15058,0.766706,1.27345][-0.152245,0.491619,-0.857399][0.236809,0.990211,0][-7.06134,0.733806,1.23869][-0.188215,0.214816,-0.958347][0.229148,0.990642,0][-6.92742,0.346306,1.19578][0.366747,0.0312519,0.929796][0.211632,0.881095,0][-6.56663,0.0821056,1.06467][0.380215,0.0402129,0.924023][0.177372,0.887073,0][-6.41179,0.395306,0.990534][0.380506,0.0403569,0.923897][0.175491,0.860462,0][-6.41179,0.395306,0.990534][0.380506,0.0403569,0.923897][0.175491,0.860462,0][-6.78428,0.593406,1.13207][0.366729,0.0308679,0.929816][0.208685,0.859561,0][-6.92742,0.346306,1.19578][0.366747,0.0312519,0.929796][0.211632,0.881095,0][-5.07571,-0.569695,0.479464][0.383038,0.0416089,0.922795][0.048064,0.88258,0][-4.83304,-0.203195,0.357954][0.383038,0.0416089,0.922795][0.0412,0.848677,0][-6.41179,0.395306,0.990534][0.380506,0.0403569,0.923897][0.175491,0.860462,0][-6.41179,0.395306,0.990534][0.380506,0.0403569,0.923897][0.175491,0.860462,0][-6.56663,0.0821056,1.06467][0.380215,0.0402129,0.924023][0.177372,0.887073,0][-5.07571,-0.569695,0.479464][0.383038,0.0416089,0.922795][0.048064,0.88258,0][-7.15058,0.766706,1.27345][0.36627,0.0105349,0.930449][0.240687,0.860269,0][-7.11883,0.659105,1.26217][0.36637,0.0231359,0.930182][0.235065,0.866405,0][-7.06134,0.733806,1.23869][0.36637,0.0230239,0.930185][0.233174,0.859462,0][-7.11883,0.659105,1.26217][0.36637,0.0231359,0.930182][0.235065,0.866405,0][-6.92742,0.346306,1.19578][0.366747,0.0312519,0.929796][0.211632,0.881095,0][-6.78428,0.593406,1.13207][0.366729,0.0308679,0.929816][0.208685,0.859561,0][-6.78428,0.593406,1.13207][0.366729,0.0308679,0.929816][0.208685,0.859561,0][-7.06134,0.733806,1.23869][0.36637,0.0230239,0.930185][0.233174,0.859462,0][-7.11883,0.659105,1.26217][0.36637,0.0231359,0.930182][0.235065,0.866405,0][-6.91272,0.398406,1.14016][-0.803051,-0.454374,-0.385556][0.209128,0.970757,0][-6.92742,0.346306,1.19578][-0.803051,-0.454374,-0.385556][0.210382,0.96534,0][-7.11883,0.659105,1.26217][-0.803051,-0.454374,-0.385556][0.232565,0.980162,0][-7.11883,0.659105,1.26217][-0.803051,-0.454374,-0.385556][0.232565,0.980162,0][-7.12262,0.674505,1.21558][-0.803051,-0.454374,-0.385556][0.230936,0.983279,0][-6.91272,0.398406,1.14016][-0.803051,-0.454374,-0.385556][0.209128,0.970757,0][-6.54974,0.148406,1.00679][-0.507414,-0.469192,-0.722765][0.176861,0.963639,0][-6.56663,0.0821056,1.06467][-0.507913,-0.469264,-0.722368][0.177808,0.957248,0][-6.92742,0.346306,1.19578][-0.580394,-0.477825,-0.659413][0.210382,0.96534,0][-6.92742,0.346306,1.19578][-0.580394,-0.477825,-0.659413][0.210382,0.96534,0][-6.91272,0.398406,1.14016][-0.580394,-0.477825,-0.659413][0.209128,0.970757,0][-6.54974,0.148406,1.00679][-0.507414,-0.469192,-0.722765][0.176861,0.963639,0][-6.54974,0.148406,1.00679][-0.507414,-0.469192,-0.722765][0.176861,0.963639,0][-5.04089,-0.491895,0.411524][-0.490607,-0.466683,-0.735875][0.050713,0.958627,0][-5.07571,-0.569695,0.479464][-0.490607,-0.466683,-0.735875][0.052774,0.95093,0][-5.07571,-0.569695,0.479464][-0.490607,-0.466683,-0.735875][0.052774,0.95093,0][-6.56663,0.0821056,1.06467][-0.507913,-0.469264,-0.722368][0.177808,0.957248,0][-6.54974,0.148406,1.00679][-0.507414,-0.469192,-0.722765][0.176861,0.963639,0][-4.83304,-0.203195,0.357954][0.747981,-0.593657,-0.296811][0.042249,0.984625,0][-5.07571,-0.569695,0.479464][0.747981,-0.593657,-0.296811][0.049368,0.950773,0][-5.04089,-0.491895,0.411524][0.747981,-0.593657,-0.296811][0.050713,0.958627,0][-7.11883,0.659105,1.26217][-0.959468,-0.28142,-0.01497][0.232565,0.980162,0][-7.15058,0.766706,1.27345][-0.959468,-0.28142,-0.01497][0.238308,0.986299,0][-7.12262,0.674505,1.21558][-0.959468,-0.28142,-0.01497][0.230936,0.983279,0][-6.68488,1.24021,1.05637][-0.155591,0.224041,-0.96208][0.065427,0.666057,0][-6.62673,1.28211,1.07505][-0.154941,0.22664,-0.961576][0.071615,0.667559,0][-6.41479,1.12871,0.987524][-0.232346,0.160784,-0.959252][0.070192,0.687372,0][-6.41479,1.12871,0.987524][-0.232346,0.160784,-0.959252][0.070192,0.687372,0][-6.54553,0.982805,0.996324][-0.234531,0.159262,-0.958974][0.054903,0.684383,0][-6.68488,1.24021,1.05637][-0.155591,0.224041,-0.96208][0.065427,0.666057,0][-6.54553,0.982805,0.996324][-0.234531,0.159262,-0.958974][0.054903,0.684383,0][-6.41479,1.12871,0.987524][-0.232346,0.160784,-0.959252][0.070192,0.687372,0][-6.1305,0.915006,0.872994][-0.303243,0.11652,-0.945762][0.067555,0.714117,0][-6.1305,0.915006,0.872994][-0.303243,0.11652,-0.945762][0.067555,0.714117,0][-6.27522,0.726505,0.890124][-0.302268,0.117086,-0.946005][0.048922,0.7115,0][-6.54553,0.982805,0.996324][-0.234531,0.159262,-0.958974][0.054903,0.684383,0][-5.09727,-0.00299454,0.423504][-0.311106,0.111946,-0.943759][0.044709,0.817512,0][-6.27522,0.726505,0.890124][-0.302268,0.117086,-0.946005][0.048922,0.7115,0][-6.1305,0.915006,0.872994][-0.303243,0.11652,-0.945762][0.067555,0.714117,0][-6.1305,0.915006,0.872994][-0.303243,0.11652,-0.945762][0.067555,0.714117,0][-4.88977,0.212306,0.372424][-0.311106,0.111946,-0.943759][0.066558,0.824626,0][-5.09727,-0.00299454,0.423504][-0.311106,0.111946,-0.943759][0.044709,0.817512,0][-6.68488,1.24021,1.05637][-0.155591,0.224041,-0.96208][0.065427,0.666057,0][-6.6965,1.32131,1.10384][-0.0784509,0.495188,-0.865237][0.071253,0.661121,0][-6.62673,1.28211,1.07505][-0.154941,0.22664,-0.961576][0.071615,0.667559,0][-6.56432,0.942006,1.04343][0.365808,-0.00754906,0.93066][0.109656,0.683414,0][-6.29778,0.674605,0.939644][0.37544,0.0107059,0.926785][0.114679,0.712212,0][-6.1305,0.915006,0.872994][0.375638,0.0109979,0.926701][0.092312,0.713793,0][-6.1305,0.915006,0.872994][0.375638,0.0109979,0.926701][0.092312,0.713793,0][-6.41479,1.12871,0.987524][0.365869,-0.00816805,0.93063][0.091555,0.685892,0][-6.56432,0.942006,1.04343][0.365808,-0.00754906,0.93066][0.109656,0.683414,0][-5.13619,-0.0619946,0.482134][0.377528,0.0137959,0.925895][0.110903,0.820904,0][-4.88977,0.212306,0.372424][0.377528,0.0137959,0.925895][0.082406,0.826674,0][-6.1305,0.915006,0.872994][0.375638,0.0109979,0.926701][0.092312,0.713793,0][-6.1305,0.915006,0.872994][0.375638,0.0109979,0.926701][0.092312,0.713793,0][-6.29778,0.674605,0.939644][0.37544,0.0107059,0.926785][0.114679,0.712212,0][-5.13619,-0.0619946,0.482134][0.377528,0.0137959,0.925895][0.110903,0.820904,0][-6.6965,1.32131,1.10384][0.366166,-0.0313431,0.930022][0.092149,0.658992,0][-6.68361,1.22761,1.09561][0.366899,-0.0195731,0.930055][0.097307,0.663717,0][-6.62673,1.28211,1.07505][0.366892,-0.0196821,0.930055][0.091472,0.665307,0][-6.68361,1.22761,1.09561][0.366899,-0.0195731,0.930055][0.097307,0.663717,0][-6.56432,0.942006,1.04343][0.365808,-0.00754906,0.93066][0.109656,0.683414,0][-6.41479,1.12871,0.987524][0.365869,-0.00816805,0.93063][0.091555,0.685892,0][-6.41479,1.12871,0.987524][0.365869,-0.00816805,0.93063][0.091555,0.685892,0][-6.62673,1.28211,1.07505][0.366892,-0.0196821,0.930055][0.091472,0.665307,0][-6.68361,1.22761,1.09561][0.366899,-0.0195731,0.930055][0.097307,0.663717,0][-6.54553,0.982805,0.996324][-0.862929,-0.332306,-0.380693][0.054903,0.684383,0][-6.56432,0.942006,1.04343][-0.862929,-0.332306,-0.380693][0.050351,0.68333,0][-6.68361,1.22761,1.09561][-0.862929,-0.332306,-0.380693][0.062807,0.664687,0][-6.68361,1.22761,1.09561][-0.862929,-0.332306,-0.380693][0.062807,0.664687,0][-6.68488,1.24021,1.05637][-0.862929,-0.332306,-0.380693][0.065427,0.666057,0][-6.54553,0.982805,0.996324][-0.862929,-0.332306,-0.380693][0.054903,0.684383,0][-6.27522,0.726505,0.890124][-0.564027,-0.408126,-0.717849][0.048922,0.7115,0][-6.29778,0.674605,0.939644][-0.564446,-0.408076,-0.717548][0.04355,0.710704,0][-6.56432,0.942006,1.04343][-0.642946,-0.39632,-0.655401][0.050351,0.68333,0][-6.56432,0.942006,1.04343][-0.642946,-0.39632,-0.655401][0.050351,0.68333,0][-6.54553,0.982805,0.996324][-0.642946,-0.39632,-0.655401][0.054903,0.684383,0][-6.27522,0.726505,0.890124][-0.564027,-0.408126,-0.717849][0.048922,0.7115,0][-6.27522,0.726505,0.890124][-0.564027,-0.408126,-0.717849][0.048922,0.7115,0][-5.09727,-0.00299454,0.423504][-0.545697,-0.410181,-0.73073][0.044709,0.817512,0][-5.13619,-0.0619946,0.482134][-0.545697,-0.410181,-0.73073][0.03824,0.815781,0][-5.13619,-0.0619946,0.482134][-0.545697,-0.410181,-0.73073][0.03824,0.815781,0][-6.29778,0.674605,0.939644][-0.564446,-0.408076,-0.717548][0.04355,0.710704,0][-6.27522,0.726505,0.890124][-0.564027,-0.408126,-0.717849][0.048922,0.7115,0][-4.88977,0.212306,0.372424][0.662011,-0.700877,-0.265543][0.066558,0.824626,0][-5.13619,-0.0619946,0.482134][0.662011,-0.700877,-0.265543][0.038109,0.818643,0][-5.09727,-0.00299454,0.423504][0.662011,-0.700877,-0.265543][0.044709,0.817512,0][-6.68361,1.22761,1.09561][-0.990748,-0.135236,-0.01137][0.062807,0.664687,0][-6.6965,1.32131,1.10384][-0.990748,-0.135236,-0.01137][0.067964,0.659861,0][-6.68488,1.24021,1.05637][-0.990748,-0.135236,-0.01137][0.065427,0.666057,0][-6.64846,0.661506,1.04916][-0.216878,0.237599,-0.946842][0.240686,0.805501,0][-6.61647,0.699905,1.06447][-0.216931,0.239871,-0.946257][0.239624,0.809878,0][-6.4437,0.640406,0.997524][-0.278736,0.163765,-0.946302][0.225609,0.808872,0][-6.4437,0.640406,0.997524][-0.278736,0.163765,-0.946302][0.225609,0.808872,0][-6.50608,0.516906,0.996194][-0.280167,0.162343,-0.946124][0.227724,0.798058,0][-6.64846,0.661506,1.04916][-0.216878,0.237599,-0.946842][0.240686,0.805501,0][-6.27607,0.399006,0.907934][-0.336046,0.122374,-0.933862][0.208544,0.793827,0][-6.50608,0.516906,0.996194][-0.280167,0.162343,-0.946124][0.227724,0.798058,0][-6.4437,0.640406,0.997524][-0.278736,0.163765,-0.946302][0.225609,0.808872,0][-6.4437,0.640406,0.997524][-0.278736,0.163765,-0.946302][0.225609,0.808872,0][-6.21122,0.554206,0.907164][-0.336895,0.121923,-0.933615][0.206692,0.807006,0][-6.27607,0.399006,0.907934][-0.336046,0.122374,-0.933862][0.208544,0.793827,0][-5.34477,0.139206,0.535194][-0.343224,0.118554,-0.931742][0.133559,0.790848,0][-6.27607,0.399006,0.907934][-0.336046,0.122374,-0.933862][0.208544,0.793827,0][-6.21122,0.554206,0.907164][-0.336895,0.121923,-0.933615][0.206692,0.807006,0][-6.21122,0.554206,0.907164][-0.336895,0.121923,-0.933615][0.206692,0.807006,0][-5.24047,0.326006,0.517154][-0.343224,0.118554,-0.931742][0.128528,0.806301,0][-5.34477,0.139206,0.535194][-0.343224,0.118554,-0.931742][0.133559,0.790848,0][-6.64846,0.661506,1.04916][-0.216878,0.237599,-0.946842][0.240686,0.805501,0][-6.6713,0.711805,1.08585][-0.214001,0.510199,-0.833007][0.244178,0.809622,0][-6.61647,0.699905,1.06447][-0.216931,0.239871,-0.946257][0.239624,0.809878,0][-6.51096,0.483406,1.02736][0.367282,0.0203639,0.929887][0.814281,0.962187,0][-6.28146,0.356806,0.939714][0.375051,0.0206689,0.926774][0.810727,0.941815,0][-6.21122,0.554206,0.907164][0.375202,0.0206639,0.926713][0.826551,0.940697,0][-6.21122,0.554206,0.907164][0.375202,0.0206639,0.926713][0.826551,0.940697,0][-6.4437,0.640406,0.997524][0.367192,0.0202769,0.929924][0.827087,0.960434,0][-6.51096,0.483406,1.02736][0.367282,0.0203639,0.929887][0.814281,0.962187,0][-5.36063,0.0879059,0.571714][0.376559,0.0206159,0.926163][0.813398,0.864926,0][-5.24047,0.326006,0.517154][0.376559,0.0206159,0.926163][0.833558,0.860843,0][-6.21122,0.554206,0.907164][0.375202,0.0206639,0.926713][0.826551,0.940697,0][-6.21122,0.554206,0.907164][0.375202,0.0206639,0.926713][0.826551,0.940697,0][-6.28146,0.356806,0.939714][0.375051,0.0206689,0.926774][0.810727,0.941815,0][-5.36063,0.0879059,0.571714][0.376559,0.0206159,0.926163][0.813398,0.864926,0][-6.6713,0.711805,1.08585][0.365696,0.0127749,0.930647][0.826665,0.979464,0][-6.64501,0.651405,1.07635][0.36543,0.0183579,0.930658][0.823017,0.976121,0][-6.61647,0.699905,1.06447][0.365432,0.0183119,0.930658][0.827145,0.974996,0][-6.64501,0.651405,1.07635][0.36543,0.0183579,0.930658][0.823017,0.976121,0][-6.51096,0.483406,1.02736][0.367282,0.0203639,0.929887][0.814281,0.962187,0][-6.4437,0.640406,0.997524][0.367192,0.0202769,0.929924][0.827087,0.960434,0][-6.4437,0.640406,0.997524][0.367192,0.0202769,0.929924][0.827087,0.960434,0][-6.61647,0.699905,1.06447][0.365432,0.0183119,0.930658][0.827145,0.974996,0][-6.64501,0.651405,1.07635][0.36543,0.0183579,0.930658][0.823017,0.976121,0][-6.50608,0.516906,0.996194][-0.745423,-0.52535,-0.410306][0.227724,0.798058,0][-6.51096,0.483406,1.02736][-0.745423,-0.52535,-0.410306][0.228468,0.794839,0][-6.64501,0.651405,1.07635][-0.745423,-0.52535,-0.410306][0.241655,0.803648,0][-6.64501,0.651405,1.07635][-0.745423,-0.52535,-0.410306][0.241655,0.803648,0][-6.64846,0.661506,1.04916][-0.745423,-0.52535,-0.410306][0.240686,0.805501,0][-6.50608,0.516906,0.996194][-0.745423,-0.52535,-0.410306][0.227724,0.798058,0][-6.27607,0.399006,0.907934][-0.456459,-0.469414,-0.755841][0.208544,0.793827,0][-6.28146,0.356806,0.939714][-0.456864,-0.46959,-0.755487][0.209106,0.790028,0][-6.51096,0.483406,1.02736][-0.528448,-0.499126,-0.686743][0.228468,0.794839,0][-6.51096,0.483406,1.02736][-0.528448,-0.499126,-0.686743][0.228468,0.794839,0][-6.50608,0.516906,0.996194][-0.528448,-0.499126,-0.686743][0.227724,0.798058,0][-6.27607,0.399006,0.907934][-0.456459,-0.469414,-0.755841][0.208544,0.793827,0][-6.27607,0.399006,0.907934][-0.456459,-0.469414,-0.755841][0.208544,0.793827,0][-5.34477,0.139206,0.535194][-0.439881,-0.462161,-0.770008][0.133559,0.790848,0][-5.36063,0.0879059,0.571714][-0.439881,-0.462161,-0.770008][0.134784,0.786272,0][-5.36063,0.0879059,0.571714][-0.439881,-0.462161,-0.770008][0.134784,0.786272,0][-6.28146,0.356806,0.939714][-0.456864,-0.46959,-0.755487][0.209106,0.790028,0][-6.27607,0.399006,0.907934][-0.456459,-0.469414,-0.755841][0.208544,0.793827,0][-5.24047,0.326006,0.517154][0.810789,-0.484464,-0.328506][0.128528,0.806301,0][-5.36063,0.0879059,0.571714][0.810789,-0.484464,-0.328506][0.13276,0.786179,0][-5.34477,0.139206,0.535194][0.810789,-0.484464,-0.328506][0.133559,0.790848,0][-6.64501,0.651405,1.07635][-0.918214,-0.394969,-0.029706][0.241655,0.803648,0][-6.6713,0.711805,1.08585][-0.918214,-0.39497,-0.029706][0.245068,0.807296,0][-6.64846,0.661506,1.04916][-0.918214,-0.394969,-0.029706][0.240686,0.805501,0][-6.72201,-0.174194,1.04933][-0.0604969,0.406099,-0.911824][0.538764,0.115867,0][-6.65744,-0.125195,1.11153][-0.0579849,0.418381,-0.906419][0.54538,0.116545,0][-6.44614,-0.176595,1.02908][-0.191993,0.266794,-0.944436][0.545746,0.134187,0][-6.44614,-0.176595,1.02908][-0.191993,0.266794,-0.944436][0.545746,0.134187,0][-6.55888,-0.379294,0.997334][-0.197909,0.26082,-0.944884][0.528013,0.13093,0][-6.72201,-0.174194,1.04933][-0.0604969,0.406099,-0.911824][0.538764,0.115867,0][-6.55888,-0.379294,0.997334][-0.197909,0.26082,-0.944884][0.528013,0.13093,0][-6.44614,-0.176595,1.02908][-0.191993,0.266794,-0.944436][0.545746,0.134187,0][-6.16228,-0.288594,0.919724][-0.324216,0.140139,-0.935545][0.542909,0.160311,0][-6.16228,-0.288594,0.919724][-0.324216,0.140139,-0.935545][0.542909,0.160311,0][-6.28123,-0.564795,0.897004][-0.324622,0.139749,-0.935463][0.518681,0.156835,0][-6.55888,-0.379294,0.997334][-0.197909,0.26082,-0.944884][0.528013,0.13093,0][-5.13173,-1.04079,0.444514][-0.336664,0.128115,-0.932869][0.501464,0.263258,0][-6.28123,-0.564795,0.897004][-0.324622,0.139749,-0.935463][0.518681,0.156835,0][-6.16228,-0.288594,0.919724][-0.324216,0.140139,-0.935545][0.542909,0.160311,0][-6.16228,-0.288594,0.919724][-0.324216,0.140139,-0.935545][0.542909,0.160311,0][-4.96371,-0.523794,0.427154][-0.336664,0.128115,-0.932869][0.545522,0.268076,0][-5.13173,-1.04079,0.444514][-0.336664,0.128115,-0.932869][0.501464,0.263258,0][-6.72201,-0.174194,1.04933][-0.0604969,0.406099,-0.911824][0.538764,0.115867,0][-6.72571,-0.101094,1.13753][0.0290941,0.77035,-0.636957][0.542518,0.110268,0][-6.65744,-0.125195,1.11153][-0.0579849,0.418381,-0.906419][0.54538,0.116545,0][-6.54949,-0.413995,1.08776][0.378258,0.0658989,0.923352][0.641569,0.115646,0][-6.27315,-0.610094,0.989214][0.3884,0.0677769,0.918995][0.665152,0.117991,0][-6.16228,-0.288594,0.919724][0.388395,0.0677759,0.918997][0.6592,0.134129,0][-6.16228,-0.288594,0.919724][0.388395,0.0677759,0.918997][0.6592,0.134129,0][-6.44614,-0.176595,1.02908][0.378082,0.0657979,0.923431][0.640746,0.133598,0][-6.54949,-0.413995,1.08776][0.378258,0.0658989,0.923352][0.641569,0.115646,0][-5.13656,-1.09509,0.544154][0.389734,0.0679799,0.918415][0.722768,0.146026,0][-4.96371,-0.523794,0.427154][0.389734,0.0679799,0.918415][0.704381,0.169636,0][-6.16228,-0.288594,0.919724][0.388395,0.0677759,0.918997][0.6592,0.134129,0][-6.16228,-0.288594,0.919724][0.388395,0.0677759,0.918997][0.6592,0.134129,0][-6.27315,-0.610094,0.989214][0.3884,0.0677769,0.918995][0.665152,0.117991,0][-5.13656,-1.09509,0.544154][0.389734,0.0679799,0.918415][0.722768,0.146026,0][-6.72571,-0.101094,1.13753][0.373572,0.0597329,0.925676][0.614538,0.131587,0][-6.69954,-0.181294,1.13214][0.374895,0.0638539,0.924865][0.620015,0.124653,0][-6.65744,-0.125195,1.11153][0.374892,0.0638429,0.924868][0.621902,0.130716,0][-6.69954,-0.181294,1.13214][0.374895,0.0638539,0.924865][0.620015,0.124653,0][-6.54949,-0.413995,1.08776][0.378258,0.0658989,0.923352][0.641569,0.115646,0][-6.44614,-0.176595,1.02908][0.378082,0.0657979,0.923431][0.640746,0.133598,0][-6.44614,-0.176595,1.02908][0.378082,0.0657979,0.923431][0.640746,0.133598,0][-6.65744,-0.125195,1.11153][0.374892,0.0638429,0.924868][0.621902,0.130716,0][-6.69954,-0.181294,1.13214][0.374895,0.0638539,0.924865][0.620015,0.124653,0][-6.55888,-0.379294,0.997334][-0.812406,-0.583028,0.008632][0.528013,0.13093,0][-6.54949,-0.413995,1.08776][-0.812406,-0.583028,0.008632][0.521131,0.127906,0][-6.69954,-0.181294,1.13214][-0.812406,-0.583028,0.008632][0.535069,0.11187,0][-6.69954,-0.181294,1.13214][-0.812406,-0.583028,0.008632][0.535069,0.11187,0][-6.72201,-0.174194,1.04933][-0.812406,-0.583028,0.008632][0.538764,0.115867,0][-6.55888,-0.379294,0.997334][-0.812406,-0.583028,0.008632][0.528013,0.13093,0][-6.28123,-0.564795,0.897004][-0.509644,-0.775409,-0.372833][0.518681,0.156835,0][-6.27315,-0.610094,0.989214][-0.510411,-0.775254,-0.372105][0.510569,0.154704,0][-6.54949,-0.413995,1.08776][-0.610011,-0.745564,-0.268367][0.521131,0.127906,0][-6.54949,-0.413995,1.08776][-0.610011,-0.745564,-0.268367][0.521131,0.127906,0][-6.55888,-0.379294,0.997334][-0.610011,-0.745564,-0.268367][0.528013,0.13093,0][-6.28123,-0.564795,0.897004][-0.509644,-0.775409,-0.372833][0.518681,0.156835,0][-6.28123,-0.564795,0.897004][-0.509644,-0.775409,-0.372833][0.518681,0.156835,0][-5.13173,-1.04079,0.444514][-0.483698,-0.780082,-0.396873][0.501464,0.263258,0][-5.13656,-1.09509,0.544154][-0.483698,-0.780082,-0.396873][0.492583,0.260702,0][-5.13656,-1.09509,0.544154][-0.483698,-0.780082,-0.396873][0.492583,0.260702,0][-6.27315,-0.610094,0.989214][-0.510411,-0.775254,-0.372105][0.510569,0.154704,0][-6.28123,-0.564795,0.897004][-0.509644,-0.775409,-0.372833][0.518681,0.156835,0][-4.22632,-0.754894,0.0955036][0.939643,-0.314481,-0.134805][0.716172,0.970368,0][-4.32426,-1.07519,0.160044][0.939643,-0.314481,-0.134805][0.716172,0.987477,0][-4.32184,-1.04399,0.104234][0.939643,-0.314481,-0.134805][0.699062,0.985444,0][-6.69954,-0.181294,1.13214][-0.922129,-0.316036,0.22316][0.535069,0.11187,0][-6.72571,-0.101094,1.13753][-0.922129,-0.316036,0.22316][0.542518,0.110268,0][-6.72201,-0.174194,1.04933][-0.922129,-0.316036,0.22316][0.538764,0.115867,0][-6.45325,-0.864795,0.984584][-0.117283,0.47856,-0.870187][0.805777,0.830966,0][-6.3941,-0.799194,1.05669][-0.117283,0.47856,-0.870187][0.800645,0.82972,0][-6.13818,-0.844395,0.953334][-0.233016,0.364454,-0.901597][0.801825,0.813287,0][-6.13818,-0.844395,0.953334][-0.233016,0.364454,-0.901597][0.801825,0.813287,0][-6.22095,-1.03459,0.903904][-0.234319,0.363073,-0.901816][0.814505,0.815766,0][-6.45325,-0.864795,0.984584][-0.117283,0.47856,-0.870187][0.805777,0.830966,0][-5.87243,-1.14829,0.766524][-0.34609,0.272752,-0.89768][0.819466,0.793276,0][-6.22095,-1.03459,0.903904][-0.234319,0.363073,-0.901816][0.814505,0.815766,0][-6.13818,-0.844395,0.953334][-0.233016,0.364454,-0.901597][0.801825,0.813287,0][-6.13818,-0.844395,0.953334][-0.233016,0.364454,-0.901597][0.801825,0.813287,0][-5.79293,-0.913995,0.812844][-0.3479,0.271615,-0.897324][0.804012,0.791105,0][-5.87243,-1.14829,0.766524][-0.34609,0.272752,-0.89768][0.819466,0.793276,0][-4.513,-1.31019,0.180654][-0.360314,0.263758,-0.894766][0.82296,0.705352,0][-5.87243,-1.14829,0.766524][-0.34609,0.272752,-0.89768][0.819466,0.793276,0][-5.79293,-0.913995,0.812844][-0.3479,0.271615,-0.897324][0.804012,0.791105,0][-5.79293,-0.913995,0.812844][-0.3479,0.271615,-0.897324][0.804012,0.791105,0][-4.38299,-1.02509,0.203064][-0.360314,0.263758,-0.894766][0.803887,0.700183,0][-4.513,-1.31019,0.180654][-0.360314,0.263758,-0.894766][0.82296,0.705352,0][-6.45325,-0.864795,0.984584][-0.189203,0.798308,-0.571758][0.805777,0.830966,0][-6.47381,-0.794495,1.08957][-0.189203,0.798308,-0.571758][0.800945,0.835059,0][-6.3941,-0.799194,1.05669][-0.189203,0.798308,-0.571758][0.800645,0.82972,0][-6.13818,-0.844395,0.953334][0.389717,0.0928289,0.916244][0.969899,0.412435,0][-6.1965,-1.07629,1.00162][0.389857,0.0928229,0.916185][0.987998,0.40935,0][-5.84636,-1.20249,0.864994][0.400172,0.0860899,0.912388][0.993994,0.438109,0][-5.84636,-1.20249,0.864994][0.400172,0.0860899,0.912388][0.993994,0.438109,0][-5.79293,-0.913995,0.812844][0.400401,0.0859219,0.912303][0.971579,0.440434,0][-6.13818,-0.844395,0.953334][0.389717,0.0928289,0.916244][0.969899,0.412435,0][-4.49878,-1.38049,0.285344][0.402115,0.0846629,0.911666][0.993782,0.547404,0][-4.38299,-1.02509,0.203064][0.402115,0.0846629,0.911667][0.96535,0.554139,0][-5.79293,-0.913995,0.812844][0.400401,0.0859219,0.912303][0.971579,0.440434,0][-5.79293,-0.913995,0.812844][0.400401,0.0859219,0.912303][0.971579,0.440434,0][-5.84636,-1.20249,0.864994][0.400172,0.0860899,0.912388][0.993994,0.438109,0][-4.49878,-1.38049,0.285344][0.402115,0.0846629,0.911666][0.993782,0.547404,0][-6.47381,-0.794495,1.08957][0.384231,0.0908309,0.918758][0.96961,0.385397,0][-6.42295,-0.872495,1.07601][0.38613,0.0928909,0.917755][0.974947,0.389973,0][-6.3941,-0.799194,1.05669][0.386118,0.0928779,0.917762][0.969138,0.391762,0][-6.42295,-0.872495,1.07601][0.38613,0.0928909,0.917755][0.974947,0.389973,0][-6.1965,-1.07629,1.00162][0.389857,0.0928229,0.916185][0.987998,0.40935,0][-6.13818,-0.844395,0.953334][0.389717,0.0928289,0.916244][0.969899,0.412435,0][-6.13818,-0.844395,0.953334][0.389717,0.0928289,0.916244][0.969899,0.412435,0][-6.3941,-0.799194,1.05669][0.386118,0.0928779,0.917762][0.969138,0.391762,0][-6.42295,-0.872495,1.07601][0.38613,0.0928909,0.917755][0.974947,0.389973,0][-6.22095,-1.03459,0.903904][-0.634998,-0.772301,-0.018138][0.814505,0.815766,0][-6.1965,-1.07629,1.00162][-0.634998,-0.772301,-0.018138][0.81828,0.81664,0][-6.42295,-0.872495,1.07601][-0.634998,-0.772301,-0.018138][0.80795,0.832102,0][-6.42295,-0.872495,1.07601][-0.634998,-0.772301,-0.018138][0.80795,0.832102,0][-6.45325,-0.864795,0.984584][-0.634998,-0.772301,-0.018138][0.805777,0.830966,0][-6.22095,-1.03459,0.903904][-0.634998,-0.772301,-0.018138][0.814505,0.815766,0][-5.87243,-1.14829,0.766524][-0.323984,-0.844077,-0.427279][0.819466,0.793276,0][-5.84636,-1.20249,0.864994][-0.32467,-0.844221,-0.426473][0.823922,0.793936,0][-6.1965,-1.07629,1.00162][-0.415516,-0.854802,-0.310902][0.81828,0.81664,0][-6.1965,-1.07629,1.00162][-0.415516,-0.854802,-0.310902][0.81828,0.81664,0][-6.22095,-1.03459,0.903904][-0.415516,-0.854802,-0.310902][0.814505,0.815766,0][-5.87243,-1.14829,0.766524][-0.323984,-0.844077,-0.427279][0.819466,0.793276,0][-5.87243,-1.14829,0.766524][-0.323984,-0.844077,-0.427279][0.819466,0.793276,0][-4.513,-1.31019,0.180654][-0.300766,-0.838691,-0.454024][0.82296,0.705352,0][-4.49878,-1.38049,0.285344][-0.300766,-0.838691,-0.454024][0.828325,0.706787,0][-4.49878,-1.38049,0.285344][-0.300766,-0.838691,-0.454024][0.828325,0.706787,0][-5.84636,-1.20249,0.864994][-0.32467,-0.844221,-0.426473][0.823922,0.793936,0][-5.87243,-1.14829,0.766524][-0.323984,-0.844077,-0.427279][0.819466,0.793276,0][-3.84377,-1.18139,-0.0706964][0.854216,-0.365102,-0.370156][0.805791,0.69872,0][-3.87142,-1.26529,-0.0517564][0.854216,-0.365102,-0.370156][0.828434,0.704414,0][-3.8748,-1.24839,-0.0762563][0.854216,-0.365102,-0.370156][0.82296,0.705352,0][-6.42295,-0.872495,1.07601][-0.799772,-0.559308,0.218036][0.80795,0.832102,0][-6.47381,-0.794495,1.08957][-0.799772,-0.559308,0.218036][0.803673,0.836104,0][-6.45325,-0.864795,0.984584][-0.799772,-0.559308,0.218036][0.805777,0.830966,0][-4.96371,-0.523794,0.427154][0.424838,0.0549519,0.9036][0.704381,0.169636,0][-5.13656,-1.09509,0.544154][0.424838,0.0549519,0.9036][0.722768,0.146026,0][-4.32426,-1.07519,0.160044][0.424838,0.0549519,0.9036][0.74197,0.193075,0][-4.32426,-1.07519,0.160044][0.424838,0.0549519,0.9036][0.74197,0.193075,0][-4.22632,-0.754894,0.0955036][0.424838,0.0549519,0.9036][0.727911,0.204429,0][-4.96371,-0.523794,0.427154][0.424838,0.0549519,0.9036][0.704381,0.169636,0][-5.13173,-1.04079,0.444514][-0.205124,-0.853508,-0.479008][0.501464,0.263258,0][-4.32184,-1.04399,0.104234][-0.205124,-0.853508,-0.479008][0.513927,0.333697,0][-4.32426,-1.07519,0.160044][-0.205124,-0.853508,-0.479008][0.508781,0.332638,0][-4.32426,-1.07519,0.160044][-0.205124,-0.853508,-0.479008][0.508781,0.332638,0][-5.13656,-1.09509,0.544154][-0.205124,-0.853508,-0.479008][0.492583,0.260702,0][-5.13173,-1.04079,0.444514][-0.205124,-0.853508,-0.479008][0.501464,0.263258,0][-4.96371,-0.523794,0.427154][-0.384237,0.0959021,-0.91824][0.545522,0.268076,0][-4.22632,-0.754894,0.0955036][-0.384237,0.0959021,-0.91824][0.538755,0.336782,0][-4.32184,-1.04399,0.104234][-0.384237,0.0959021,-0.91824][0.513927,0.333697,0][-4.32184,-1.04399,0.104234][-0.384237,0.0959021,-0.91824][0.513927,0.333697,0][-5.13173,-1.04079,0.444514][-0.384237,0.0959021,-0.91824][0.501464,0.263258,0][-4.96371,-0.523794,0.427154][-0.384237,0.0959021,-0.91824][0.545522,0.268076,0][-4.38299,-1.02509,0.203064][0.464693,0.0519459,0.883947][0.805791,0.69872,0][-4.49878,-1.38049,0.285344][0.464693,0.0519459,0.883947][0.828434,0.704414,0][-3.87142,-1.26529,-0.0517564][0.464694,0.0519459,0.883947][0.828434,0.704414,0][-3.87142,-1.26529,-0.0517564][0.464694,0.0519459,0.883947][0.828434,0.704414,0][-3.84377,-1.18139,-0.0706964][0.464694,0.0519459,0.883947][0.805791,0.69872,0][-4.38299,-1.02509,0.203064][0.464693,0.0519459,0.883947][0.805791,0.69872,0][-4.513,-1.31019,0.180654][-0.138035,-0.829488,-0.541198][0.82296,0.705352,0][-3.8748,-1.24839,-0.0762563][-0.138035,-0.829488,-0.541198][0.82296,0.705352,0][-3.87142,-1.26529,-0.0517564][-0.138035,-0.829488,-0.541198][0.828434,0.704414,0][-3.87142,-1.26529,-0.0517564][-0.138035,-0.829488,-0.541198][0.828434,0.704414,0][-4.49878,-1.38049,0.285344][-0.138035,-0.829488,-0.541198][0.828434,0.704414,0][-4.513,-1.31019,0.180654][-0.138035,-0.829488,-0.541198][0.82296,0.705352,0][-4.38299,-1.02509,0.203064][-0.381881,0.24551,-0.891006][0.805791,0.69872,0][-3.84377,-1.18139,-0.0706964][-0.381881,0.24551,-0.891006][0.805791,0.69872,0][-3.8748,-1.24839,-0.0762563][-0.381881,0.24551,-0.891006][0.82296,0.705352,0][-3.8748,-1.24839,-0.0762563][-0.381881,0.24551,-0.891006][0.82296,0.705352,0][-4.513,-1.31019,0.180654][-0.381881,0.24551,-0.891006][0.82296,0.705352,0][-4.38299,-1.02509,0.203064][-0.381881,0.24551,-0.891006][0.805791,0.69872,0][-4.03276,-1.81859,0.0860136][-0.461877,0.0527861,-0.885372][0.351507,0.906093,0][-2.71908,-1.61749,-0.597826][-0.46686,0.0467681,-0.883093][0.367998,0.708174,0][-4.01151,-2.01749,0.0642436][-0.461714,0.0529821,-0.885445][0.377742,0.90802,0][-2.84855,-1.35079,-0.554636][-0.436602,0.0460761,-0.898474][0.309734,0.971338,0][-2.72402,-1.54629,-0.620076][-0.436602,0.0460761,-0.898474][0.285174,0.985295,0][-4.2152,-1.71119,0.0909936][-0.429734,0.0534281,-0.901374][0.284987,0.78935,0][-4.2152,-1.71119,0.0909936][-0.429734,0.0534281,-0.901374][0.284987,0.78935,0][-4.19668,-1.48139,0.0988736][-0.430695,0.0524031,-0.900975][0.311941,0.793528,0][-2.84855,-1.35079,-0.554636][-0.436602,0.0460761,-0.898474][0.309734,0.971338,0][-2.72402,-1.54629,-0.620076][-0.350757,-0.44741,-0.822675][0.285174,0.985295,0][-2.71908,-1.61749,-0.597826][-0.350757,-0.44741,-0.822675][0.276583,0.984219,0][-4.03276,-1.81859,0.0860136][-0.350757,-0.44741,-0.822675][0.267999,0.807698,0][-4.03276,-1.81859,0.0860136][-0.350757,-0.44741,-0.822675][0.267999,0.807698,0][-4.2152,-1.71119,0.0909936][-0.350757,-0.44741,-0.822675][0.284987,0.78935,0][-2.72402,-1.54629,-0.620076][-0.350757,-0.44741,-0.822675][0.285174,0.985295,0][-3.72172,-1.14049,-0.185306][-0.407909,0.0525161,-0.911511][0.393856,0.533671,0][-2.97936,-1.24809,-0.516376][-0.407909,0.0525161,-0.911511][0.432085,0.438699,0][-4.41877,-1.28569,0.118274][-0.397821,0.0662421,-0.915069][0.387792,0.63016,0][-4.41877,-1.28569,0.118274][-0.397821,0.0662421,-0.915069][0.387792,0.63016,0][-4.38127,-1.07329,0.121064][-0.398899,0.0647821,-0.914703][0.363163,0.619615,0][-3.72172,-1.14049,-0.185306][-0.407909,0.0525161,-0.911511][0.393856,0.533671,0][-2.97936,-1.24809,-0.516376][-0.387227,-0.288623,-0.875644][0.432085,0.438699,0][-2.84855,-1.35079,-0.554636][-0.387227,-0.288623,-0.875644][0.448898,0.425556,0][-4.19668,-1.48139,0.0988736][-0.387227,-0.288623,-0.875644][0.419526,0.611063,0][-4.19668,-1.48139,0.0988736][-0.387227,-0.288623,-0.875644][0.419526,0.611063,0][-4.41877,-1.28569,0.118274][-0.387227,-0.288623,-0.875644][0.387792,0.63016,0][-2.97936,-1.24809,-0.516376][-0.387227,-0.288623,-0.875644][0.432085,0.438699,0][-4.34082,-0.998895,0.0767736][-0.401349,0.00835706,-0.915887][0.441721,0.873363,0][-4.61136,-0.738694,0.208494][-0.354007,0.0364881,-0.934531][0.418617,0.912318,0][-3.6964,-1.01429,-0.207236][-0.407473,-0.0236139,-0.912912][0.428607,0.794479,0][-3.6964,-1.01429,-0.207236][-0.407473,-0.0236139,-0.912912][0.428607,0.794479,0][-3.72172,-1.14049,-0.185306][-0.407159,-0.0215019,-0.913104][0.443589,0.795237,0][-4.34082,-0.998895,0.0767736][-0.401349,0.00835706,-0.915887][0.441721,0.873363,0][-3.90408,-0.632794,-0.148686][-0.355615,0.111836,-0.927917][0.52625,0.871692,0][-3.68537,-0.959495,-0.264666][-0.369696,0.0917711,-0.924609][0.498541,0.905235,0][-4.63765,-0.679395,0.129654][-0.354926,0.0898921,-0.930563][0.501819,0.791704,0][-4.63765,-0.679395,0.129654][-0.354926,0.0898921,-0.930563][0.501819,0.791704,0][-4.53396,-0.450395,0.110874][-0.353139,0.0966161,-0.930569][0.528068,0.796576,0][-3.90408,-0.632794,-0.148686][-0.355615,0.111836,-0.927917][0.52625,0.871692,0][-4.63765,-0.679395,0.129654][-0.354926,0.0898921,-0.930563][0.501819,0.791704,0][-4.99895,-0.570395,0.272854][-0.329017,0.100731,-0.938936][0.50367,0.74959,0][-4.90378,-0.350894,0.261774][-0.343018,0.0978611,-0.934217][0.527908,0.753215,0][-4.90378,-0.350894,0.261774][-0.343018,0.0978611,-0.934217][0.527908,0.753215,0][-4.53396,-0.450395,0.110874][-0.353139,0.0966161,-0.930569][0.528068,0.796576,0][-4.63765,-0.679395,0.129654][-0.354926,0.0898921,-0.930563][0.501819,0.791704,0][-4.63765,-0.679395,0.129654][-0.435957,-0.72105,-0.538543][0.501819,0.791704,0][-3.68537,-0.959495,-0.264666][-0.437875,-0.679412,-0.588783][0.498541,0.905235,0][-3.6964,-1.01429,-0.207236][-0.441228,-0.689915,-0.573878][0.490286,0.903263,0][-3.6964,-1.01429,-0.207236][-0.441228,-0.689915,-0.573878][0.490286,0.903263,0][-4.61136,-0.738694,0.208494][-0.438079,-0.718962,-0.539612][0.491027,0.792422,0][-4.63765,-0.679395,0.129654][-0.435957,-0.72105,-0.538543][0.501819,0.791704,0][-5.17713,0.169705,0.400694][-0.290082,0.110686,-0.950579][0.467988,0.235884,0][-4.62793,-0.220394,0.175764][-0.304855,0.096149,-0.947533][0.468281,0.327957,0][-4.85461,-0.276694,0.244724][-0.323706,0.103569,-0.940472][0.445229,0.306143,0][-4.85461,-0.276694,0.244724][-0.323706,0.103569,-0.940472][0.445229,0.306143,0][-5.31716,-0.0557947,0.419304][-0.289542,0.110779,-0.950733][0.433744,0.237488,0][-5.17713,0.169705,0.400694][-0.290082,0.110686,-0.950579][0.467988,0.235884,0][-4.62793,-0.220394,0.175764][-0.304855,0.096149,-0.947533][0.468281,0.327957,0][-4.53396,-0.450395,0.110874][-0.353139,0.0966161,-0.930569][0.450576,0.355932,0][-4.90378,-0.350894,0.261774][-0.343018,0.0978611,-0.934217][0.433555,0.306105,0][-4.90378,-0.350894,0.261774][-0.343018,0.0978611,-0.934217][0.433555,0.306105,0][-4.85461,-0.276694,0.244724][-0.323706,0.103569,-0.940472][0.445229,0.306143,0][-4.62793,-0.220394,0.175764][-0.304855,0.096149,-0.947533][0.468281,0.327957,0][-5.36567,0.375806,0.441324][-0.246898,0.103968,-0.963448][0.086373,0.264601,0][-5.85181,0.897905,0.603044][-0.19615,0.1218,-0.97298][0.075647,0.33438,0][-5.66011,1.06401,0.587744][-0.1951,0.122239,-0.973136][0.051606,0.329888,0][-5.66011,1.06401,0.587744][-0.1951,0.122239,-0.973136][0.051606,0.329888,0][-5.15925,0.612406,0.408034][-0.247365,0.103859,-0.96334][0.055713,0.261905,0][-5.36567,0.375806,0.441324][-0.246898,0.103968,-0.963448][0.086373,0.264601,0][-5.39776,0.323306,0.525664][-0.689515,-0.479394,-0.542909][0.096287,0.266404,0][-5.87498,0.856206,0.683034][-0.704443,-0.487105,-0.516226][0.084387,0.336241,0][-5.85181,0.897905,0.603044][-0.704443,-0.487105,-0.516226][0.075647,0.33438,0][-5.85181,0.897905,0.603044][-0.704443,-0.487105,-0.516226][0.075647,0.33438,0][-5.36567,0.375806,0.441324][-0.684947,-0.477011,-0.550734][0.086373,0.264601,0][-5.39776,0.323306,0.525664][-0.689515,-0.479394,-0.542909][0.096287,0.266404,0][-5.14269,0.202206,0.361454][-0.585958,-0.38559,-0.712723][0.086971,0.236472,0][-4.62793,-0.220394,0.175764][-0.551578,-0.336467,-0.763251][0.089372,0.170779,0][-5.17713,0.169705,0.400694][-0.601025,-0.40809,-0.687191][0.09256,0.238236,0][-3.90408,-0.632794,-0.148686][-0.355615,0.111836,-0.927917][0.476036,0.442923,0][-4.53396,-0.450395,0.110874][-0.353139,0.0966161,-0.930569][0.450576,0.355932,0][-4.62793,-0.220394,0.175764][-0.304855,0.096149,-0.947533][0.468281,0.327957,0][-4.99971,-0.624694,0.335034][-0.472237,-0.707568,-0.525681][0.495326,0.748143,0][-4.99895,-0.570395,0.272854][-0.471598,-0.707983,-0.525695][0.50367,0.74959,0][-4.63765,-0.679395,0.129654][-0.435957,-0.72105,-0.538543][0.501819,0.791704,0][-4.63765,-0.679395,0.129654][-0.435957,-0.72105,-0.538543][0.501819,0.791704,0][-4.61136,-0.738694,0.208494][-0.438079,-0.718962,-0.539612][0.491027,0.792422,0][-4.99971,-0.624694,0.335034][-0.472237,-0.707568,-0.525681][0.495326,0.748143,0][-4.9837,-0.781795,0.332584][-0.31713,0.045573,-0.947287][0.432338,0.9534,0][-4.99971,-0.624694,0.335034][-0.311451,0.077935,-0.947061][0.416043,0.95982,0][-4.61136,-0.738694,0.208494][-0.354007,0.0364881,-0.934531][0.418617,0.912318,0][-4.61136,-0.738694,0.208494][-0.354007,0.0364881,-0.934531][0.418617,0.912318,0][-4.67639,-0.920394,0.215944][-0.334605,0.0527651,-0.94088][0.439789,0.915409,0][-4.9837,-0.781795,0.332584][-0.31713,0.045573,-0.947287][0.432338,0.9534,0][-4.34082,-0.998895,0.0767736][-0.427781,-0.279302,-0.859648][0.441721,0.873363,0][-3.72172,-1.14049,-0.185306][-0.427781,-0.279302,-0.859648][0.443589,0.795237,0][-4.38127,-1.07329,0.121064][-0.427781,-0.279302,-0.859648][0.451252,0.877415,0][-5.14269,0.202206,0.361454][-0.277929,0.093272,-0.956063][0.086971,0.236472,0][-5.36567,0.375806,0.441324][-0.246898,0.103968,-0.963448][0.086373,0.264601,0][-5.15925,0.612406,0.408034][-0.247365,0.103859,-0.96334][0.055713,0.261905,0][-5.15925,0.612406,0.408034][-0.247365,0.103859,-0.96334][0.055713,0.261905,0][-4.68774,0.218406,0.231304][-0.286542,0.084258,-0.954355][0.059458,0.200431,0][-5.14269,0.202206,0.361454][-0.277929,0.093272,-0.956063][0.086971,0.236472,0][-5.17713,0.169705,0.400694][-0.601025,-0.40809,-0.687191][0.09256,0.238236,0][-5.39776,0.323306,0.525664][-0.689515,-0.479394,-0.542909][0.096287,0.266404,0][-5.36567,0.375806,0.441324][-0.684947,-0.477011,-0.550734][0.086373,0.264601,0][-5.36567,0.375806,0.441324][-0.684947,-0.477011,-0.550734][0.086373,0.264601,0][-5.14269,0.202206,0.361454][-0.585958,-0.38559,-0.712723][0.086971,0.236472,0][-5.17713,0.169705,0.400694][-0.601025,-0.40809,-0.687191][0.09256,0.238236,0][-4.55013,0.538206,0.203154][-0.265813,0.091035,-0.959717][0.480625,0.561503,0][-4.69865,0.256506,0.219484][-0.268298,0.087824,-0.959324][0.510507,0.561792,0][-5.12295,0.649006,0.368764][-0.235832,0.106296,-0.965963][0.496717,0.616119,0][-5.12295,0.649006,0.368764][-0.235832,0.106296,-0.965963][0.496717,0.616119,0][-4.8981,0.850506,0.335364][-0.237545,0.105874,-0.96559][0.470054,0.60592,0][-4.55013,0.538206,0.203154][-0.265813,0.091035,-0.959717][0.480625,0.561503,0][-4.69865,0.256506,0.219484][-0.56669,-0.33264,-0.753799][0.510507,0.561792,0][-4.68774,0.218406,0.231304][-0.580105,-0.355083,-0.733072][0.513764,0.559693,0][-5.15925,0.612406,0.408034][-0.563469,-0.327349,-0.758515][0.503844,0.614862,0][-5.15925,0.612406,0.408034][-0.563469,-0.327349,-0.758515][0.503844,0.614862,0][-5.12295,0.649006,0.368764][-0.563469,-0.327349,-0.758515][0.496717,0.616119,0][-4.69865,0.256506,0.219484][-0.56669,-0.33264,-0.753799][0.510507,0.561792,0][-4.69865,0.256506,0.219484][-0.56669,-0.33264,-0.753799][0.510507,0.561792,0][-4.29524,-0.110294,0.0776837][-0.599459,-0.388794,-0.699635][0.522152,0.509512,0][-4.68774,0.218406,0.231304][-0.580105,-0.355083,-0.733072][0.513764,0.559693,0][-4.33615,0.373706,0.123954][-0.282646,0.079682,-0.955909][0.485185,0.536248,0][-4.29524,-0.110294,0.0776837][-0.303133,0.099595,-0.947729][0.522152,0.509512,0][-4.69865,0.256506,0.219484][-0.268298,0.087824,-0.959324][0.510507,0.561792,0][-4.69865,0.256506,0.219484][-0.268298,0.087824,-0.959324][0.510507,0.561792,0][-4.55013,0.538206,0.203154][-0.265813,0.091035,-0.959717][0.480625,0.561503,0][-4.33615,0.373706,0.123954][-0.282646,0.079682,-0.955909][0.485185,0.536248,0][-4.03005,-0.0598946,-0.00495625][-0.331831,0.124588,-0.935075][0.504432,0.487705,0][-4.02726,-0.329695,-0.0511065][-0.340378,0.151038,-0.928079][0.528193,0.47451,0][-4.29524,-0.110294,0.0776837][-0.303133,0.099595,-0.947729][0.522152,0.509512,0][-4.29524,-0.110294,0.0776837][-0.303133,0.099595,-0.947729][0.522152,0.509512,0][-4.33615,0.373706,0.123954][-0.282646,0.079682,-0.955909][0.485185,0.536248,0][-4.03005,-0.0598946,-0.00495625][-0.331831,0.124588,-0.935075][0.504432,0.487705,0][-4.29524,-0.110294,0.0776837][-0.303133,0.099595,-0.947729][0.062309,0.150039,0][-4.02726,-0.329695,-0.0511065][-0.340378,0.151038,-0.928079][0.063784,0.115557,0][-4.62793,-0.220394,0.175764][-0.304855,0.096149,-0.947533][0.089372,0.170779,0][-5.99434,1.25071,0.644224][-0.063797,0.188653,-0.979969][0.058928,0.365805,0][-5.90875,1.29871,0.677644][-0.062055,0.193519,-0.979132][0.049558,0.364145,0][-5.66011,1.06401,0.587744][-0.1951,0.122239,-0.973136][0.051606,0.329888,0][-5.66011,1.06401,0.587744][-0.1951,0.122239,-0.973136][0.051606,0.329888,0][-5.85181,0.897905,0.603044][-0.19615,0.1218,-0.97298][0.075647,0.33438,0][-5.99434,1.25071,0.644224][-0.063797,0.188653,-0.979969][0.058928,0.365805,0][-5.99434,1.25071,0.644224][-0.063797,0.188653,-0.979969][0.058928,0.365805,0][-5.99202,1.36211,0.708964][0.0561461,0.500968,-0.863643][0.052914,0.375384,0][-5.90875,1.29871,0.677644][-0.062055,0.193519,-0.979132][0.049558,0.364145,0][-5.85181,0.897905,0.603044][-0.928376,-0.302172,-0.216359][0.075647,0.33438,0][-5.87498,0.856206,0.683034][-0.928376,-0.302172,-0.216359][0.084387,0.336241,0][-5.98833,1.24041,0.710584][-0.928376,-0.302172,-0.216359][0.064113,0.368967,0][-5.98833,1.24041,0.710584][-0.928376,-0.302172,-0.216359][0.064113,0.368967,0][-5.99434,1.25071,0.644224][-0.928376,-0.302172,-0.216359][0.058928,0.365805,0][-5.85181,0.897905,0.603044][-0.928376,-0.302172,-0.216359][0.075647,0.33438,0][-5.98833,1.24041,0.710584][-0.995906,-0.0290858,0.085587][0.064113,0.368967,0][-5.99202,1.36211,0.708964][-0.995906,-0.0290858,0.085587][0.052914,0.375384,0][-5.99434,1.25071,0.644224][-0.995906,-0.0290858,0.085587][0.058928,0.365805,0][-5.52984,1.39071,0.504284][-0.053089,0.184893,-0.981324][0.454126,0.681528,0][-5.44259,1.43351,0.537064][-0.051139,0.189488,-0.980551][0.446131,0.677679,0][-5.20909,1.18791,0.449904][-0.166443,0.129449,-0.977517][0.456249,0.647619,0][-5.20909,1.18791,0.449904][-0.166443,0.129449,-0.977517][0.456249,0.647619,0][-5.40788,1.03491,0.466284][-0.169065,0.128435,-0.977201][0.477112,0.657176,0][-5.52984,1.39071,0.504284][-0.053089,0.184893,-0.981324][0.454126,0.681528,0][-5.12295,0.649006,0.368764][-0.235832,0.106296,-0.965963][0.496717,0.616119,0][-5.40788,1.03491,0.466284][-0.169065,0.128435,-0.977201][0.477112,0.657176,0][-5.20909,1.18791,0.449904][-0.166443,0.129449,-0.977517][0.456249,0.647619,0][-5.20909,1.18791,0.449904][-0.166443,0.129449,-0.977517][0.456249,0.647619,0][-4.8981,0.850506,0.335364][-0.237545,0.105874,-0.96559][0.470054,0.60592,0][-5.12295,0.649006,0.368764][-0.235832,0.106296,-0.965963][0.496717,0.616119,0][-5.52984,1.39071,0.504284][-0.053089,0.184893,-0.981324][0.454126,0.681528,0][-5.52173,1.50091,0.567414][0.0848371,0.490688,-0.867196][0.446273,0.688504,0][-5.44259,1.43351,0.537064][-0.051139,0.189488,-0.980551][0.446131,0.677679,0][-5.40788,1.03491,0.466284][-0.943121,-0.253494,-0.215091][0.477112,0.657176,0][-5.4331,0.995505,0.545894][-0.943121,-0.253494,-0.215091][0.483039,0.664937,0][-5.52453,1.38071,0.570214][-0.943121,-0.253494,-0.215091][0.458007,0.685706,0][-5.52453,1.38071,0.570214][-0.943121,-0.253494,-0.215091][0.458007,0.685706,0][-5.52984,1.39071,0.504284][-0.943121,-0.253494,-0.215091][0.454126,0.681528,0][-5.40788,1.03491,0.466284][-0.943121,-0.253494,-0.215091][0.477112,0.657176,0][-5.15925,0.612406,0.408034][-0.725359,-0.344704,-0.595847][0.503844,0.614862,0][-5.4331,0.995505,0.545894][-0.725359,-0.344704,-0.595847][0.483039,0.664937,0][-5.40788,1.03491,0.466284][-0.725359,-0.344704,-0.595847][0.477112,0.657176,0][-5.40788,1.03491,0.466284][-0.725359,-0.344704,-0.595847][0.477112,0.657176,0][-5.12295,0.649006,0.368764][-0.725359,-0.344704,-0.595847][0.496717,0.616119,0][-5.15925,0.612406,0.408034][-0.725359,-0.344704,-0.595847][0.503844,0.614862,0][-5.52453,1.38071,0.570214][-0.99615,0.0251742,0.083968][0.458007,0.685706,0][-5.52173,1.50091,0.567414][-0.99615,0.0251742,0.083968][0.446273,0.688504,0][-5.52984,1.39071,0.504284][-0.99615,0.0251742,0.083968][0.454126,0.681528,0][-5.31716,-0.0557947,0.419304][-0.289542,0.110779,-0.950733][0.433744,0.237488,0][-5.64906,0.191206,0.534324][-0.26658,0.124368,-0.955755][0.434543,0.183031,0][-5.51922,0.369105,0.526374][-0.266646,0.125167,-0.955632][0.462519,0.18267,0][-5.51922,0.369105,0.526374][-0.266646,0.125167,-0.955632][0.462519,0.18267,0][-5.17713,0.169705,0.400694][-0.290082,0.110686,-0.950579][0.467988,0.235884,0][-5.31716,-0.0557947,0.419304][-0.289542,0.110779,-0.950733][0.433744,0.237488,0][-5.85721,0.545405,0.650484][-0.268886,0.153817,-0.950811][0.45266,0.132034,0][-5.51922,0.369105,0.526374][-0.266646,0.125167,-0.955632][0.462519,0.18267,0][-5.64906,0.191206,0.534324][-0.26658,0.124368,-0.955755][0.434543,0.183031,0][-5.85721,0.545405,0.650484][-0.851328,-0.382504,-0.359069][0.45266,0.132034,0][-5.64906,0.191206,0.534324][-0.851328,-0.382504,-0.359069][0.434543,0.183031,0][-5.65807,0.147506,0.602194][-0.851328,-0.382504,-0.359069][0.4243,0.182041,0][-5.31716,-0.0557947,0.419304][-0.583552,-0.603244,-0.543658][0.433744,0.237488,0][-5.32845,-0.112294,0.490084][-0.587713,-0.601632,-0.540955][0.421996,0.238112,0][-5.65807,0.147506,0.602194][-0.625653,-0.585857,-0.515102][0.4243,0.182041,0][-5.65807,0.147506,0.602194][-0.625653,-0.585857,-0.515102][0.4243,0.182041,0][-5.64906,0.191206,0.534324][-0.625654,-0.585857,-0.515102][0.434543,0.183031,0][-5.31716,-0.0557947,0.419304][-0.583552,-0.603244,-0.543658][0.433744,0.237488,0][-4.99895,-0.570395,0.272854][-0.329017,0.100731,-0.938936][0.50367,0.74959,0][-5.32662,-0.398794,0.393274][-0.308497,0.118594,-0.943803][0.512003,0.713258,0][-5.23429,-0.223294,0.389474][-0.308628,0.119165,-0.943689][0.530366,0.7159,0][-5.23429,-0.223294,0.389474][-0.308628,0.119165,-0.943689][0.530366,0.7159,0][-4.90378,-0.350894,0.261774][-0.343018,0.0978611,-0.934217][0.527908,0.753215,0][-4.99895,-0.570395,0.272854][-0.329017,0.100731,-0.938936][0.50367,0.74959,0][-5.55816,-0.116394,0.514604][-0.31448,0.145179,-0.938097][0.527637,0.680197,0][-5.23429,-0.223294,0.389474][-0.308628,0.119165,-0.943689][0.530366,0.7159,0][-5.32662,-0.398794,0.393274][-0.308497,0.118594,-0.943803][0.512003,0.713258,0][-5.55816,-0.116394,0.514604][-0.792081,-0.497295,-0.353985][0.527637,0.680197,0][-5.32662,-0.398794,0.393274][-0.792081,-0.497295,-0.353985][0.512003,0.713258,0][-5.32704,-0.440994,0.453464][-0.792081,-0.497295,-0.353985][0.505571,0.711605,0][-4.99895,-0.570395,0.272854][-0.471598,-0.707983,-0.525695][0.50367,0.74959,0][-4.99971,-0.624694,0.335034][-0.472237,-0.707568,-0.525681][0.495326,0.748143,0][-5.32704,-0.440994,0.453464][-0.545857,-0.655466,-0.521923][0.505571,0.711605,0][-5.32704,-0.440994,0.453464][-0.545857,-0.655466,-0.521923][0.505571,0.711605,0][-5.32662,-0.398794,0.393274][-0.545857,-0.655466,-0.521923][0.512003,0.713258,0][-4.99895,-0.570395,0.272854][-0.471598,-0.707983,-0.525695][0.50367,0.74959,0][-5.39776,0.323306,0.525664][0.308429,0.8263,-0.471275][0.470259,0.19744,0][-5.17713,0.169705,0.400694][0.308429,0.8263,-0.471275][0.467988,0.235884,0][-5.51922,0.369105,0.526374][0.308429,0.8263,-0.471275][0.462519,0.18267,0][-4.85461,-0.276694,0.244724][-0.323706,0.103569,-0.940472][0.445229,0.306143,0][-4.90378,-0.350894,0.261774][-0.343018,0.0978611,-0.934217][0.433555,0.306105,0][-5.32845,-0.112294,0.490084][-0.43549,0.0826381,-0.896393][0.421996,0.238112,0][-4.85461,-0.276694,0.244724][-0.518753,-0.625589,-0.582695][0.445229,0.306143,0][-5.32845,-0.112294,0.490084][-0.587713,-0.601632,-0.540955][0.421996,0.238112,0][-5.31716,-0.0557947,0.419304][-0.583552,-0.603244,-0.543658][0.433744,0.237488,0][-5.1805,-0.605094,0.395054][-0.292397,0.19033,-0.937165][0.4215,0.981568,0][-5.13693,-0.550994,0.420024][-0.291241,0.201353,-0.93522][0.413106,0.980332,0][-4.99971,-0.624694,0.335034][-0.311451,0.077935,-0.947061][0.416043,0.95982,0][-4.99971,-0.624694,0.335034][-0.311451,0.077935,-0.947061][0.416043,0.95982,0][-4.9837,-0.781795,0.332584][-0.31713,0.045573,-0.947287][0.432338,0.9534,0][-5.1805,-0.605094,0.395054][-0.292397,0.19033,-0.937165][0.4215,0.981568,0][-5.1805,-0.605094,0.395054][-0.292397,0.19033,-0.937165][0.4215,0.981568,0][-5.20889,-0.538394,0.449454][-0.230697,0.554187,-0.799785][0.414006,0.98947,0][-5.13693,-0.550994,0.420024][-0.291241,0.201353,-0.93522][0.413106,0.980332,0][-4.9837,-0.781795,0.332584][-0.72102,-0.660165,-0.210507][0.432338,0.9534,0][-4.98103,-0.820495,0.387364][-0.72102,-0.660165,-0.210507][0.439375,0.954544,0][-5.16938,-0.613794,0.441924][-0.72102,-0.660165,-0.210507][0.42688,0.983159,0][-5.16938,-0.613794,0.441924][-0.72102,-0.660165,-0.210507][0.42688,0.983159,0][-5.1805,-0.605094,0.395054][-0.72102,-0.660165,-0.210507][0.4215,0.981568,0][-4.9837,-0.781795,0.332584][-0.72102,-0.660165,-0.210507][0.432338,0.9534,0][-5.16938,-0.613794,0.441924][-0.87431,-0.470271,0.120118][0.42688,0.983159,0][-5.20889,-0.538394,0.449454][-0.87431,-0.470271,0.120118][0.422879,0.992073,0][-5.1805,-0.605094,0.395054][-0.87431,-0.470271,0.120118][0.4215,0.981568,0][-4.9649,-1.07599,0.331244][-0.292674,0.243391,-0.924718][0.345663,0.69247,0][-4.93101,-1.01679,0.358304][-0.293549,0.246952,-0.923495][0.3381,0.688555,0][-4.69733,-1.03749,0.257594][-0.350475,0.135075,-0.926781][0.348538,0.659362,0][-4.69733,-1.03749,0.257594][-0.350475,0.135075,-0.926781][0.348538,0.659362,0][-4.74167,-1.21019,0.252304][-0.351015,0.134234,-0.926699][0.36781,0.669218,0][-4.9649,-1.07599,0.331244][-0.292674,0.243391,-0.924718][0.345663,0.69247,0][-4.41877,-1.28569,0.118274][-0.397821,0.0662421,-0.915069][0.387792,0.63016,0][-4.74167,-1.21019,0.252304][-0.351015,0.134234,-0.926699][0.36781,0.669218,0][-4.69733,-1.03749,0.257594][-0.350475,0.135075,-0.926781][0.348538,0.659362,0][-4.69733,-1.03749,0.257594][-0.350475,0.135075,-0.926781][0.348538,0.659362,0][-4.38127,-1.07329,0.121064][-0.398899,0.0647821,-0.914703][0.363163,0.619615,0][-4.41877,-1.28569,0.118274][-0.397821,0.0662421,-0.915069][0.387792,0.63016,0][-4.9649,-1.07599,0.331244][-0.292674,0.243391,-0.924718][0.345663,0.69247,0][-5.00297,-1.01889,0.390394][-0.353391,0.549015,-0.757428][0.338282,0.699113,0][-4.93101,-1.01679,0.358304][-0.293549,0.246952,-0.923495][0.3381,0.688555,0][-4.74167,-1.21019,0.252304][-0.597382,-0.768679,-0.228621][0.36781,0.669218,0][-4.72994,-1.25059,0.304384][-0.597382,-0.768679,-0.228621][0.374943,0.673157,0][-4.95064,-1.08499,0.377184][-0.597382,-0.768679,-0.228621][0.349417,0.696583,0][-4.95064,-1.08499,0.377184][-0.597382,-0.768679,-0.228621][0.349417,0.696583,0][-4.9649,-1.07599,0.331244][-0.597382,-0.768679,-0.228621][0.345663,0.69247,0][-4.74167,-1.21019,0.252304][-0.597382,-0.768679,-0.228621][0.36781,0.669218,0][-4.41877,-1.28569,0.118274][-0.407531,-0.734178,-0.543048][0.387792,0.63016,0][-4.4048,-1.33709,0.171064][-0.407531,-0.734178,-0.543048][0.39623,0.634119,0][-4.72994,-1.25059,0.304384][-0.407531,-0.734178,-0.543048][0.374943,0.673157,0][-4.72994,-1.25059,0.304384][-0.407531,-0.734178,-0.543048][0.374943,0.673157,0][-4.74167,-1.21019,0.252304][-0.407531,-0.734178,-0.543048][0.36781,0.669218,0][-4.41877,-1.28569,0.118274][-0.407531,-0.734178,-0.543048][0.387792,0.63016,0][-4.95064,-1.08499,0.377184][-0.767514,-0.630669,0.114798][0.349417,0.696583,0][-5.00297,-1.01889,0.390394][-0.767514,-0.630669,0.114798][0.338282,0.699113,0][-4.9649,-1.07599,0.331244][-0.767514,-0.630669,0.114798][0.345663,0.69247,0][-4.8176,-1.54529,0.338144][-0.334415,0.234194,-0.912863][0.310645,0.713767,0][-4.78675,-1.47949,0.367864][-0.335597,0.237692,-0.911525][0.319595,0.716677,0][-4.53629,-1.47679,0.253684][-0.381979,0.121538,-0.916145][0.316538,0.749438,0][-4.53629,-1.47679,0.253684][-0.381979,0.121538,-0.916145][0.316538,0.749438,0][-4.56611,-1.66479,0.244764][-0.382562,0.120412,-0.91605][0.294374,0.744802,0][-4.8176,-1.54529,0.338144][-0.334415,0.234194,-0.912863][0.310645,0.713767,0][-4.2152,-1.71119,0.0909936][-0.429734,0.0534281,-0.901374][0.284987,0.78935,0][-4.56611,-1.66479,0.244764][-0.382562,0.120412,-0.91605][0.294374,0.744802,0][-4.53629,-1.47679,0.253684][-0.381979,0.121538,-0.916145][0.316538,0.749438,0][-4.53629,-1.47679,0.253684][-0.381979,0.121538,-0.916145][0.316538,0.749438,0][-4.19668,-1.48139,0.0988736][-0.430695,0.0524031,-0.900975][0.311941,0.793528,0][-4.2152,-1.71119,0.0909936][-0.429734,0.0534281,-0.901374][0.284987,0.78935,0][-4.8176,-1.54529,0.338144][-0.334415,0.234194,-0.912863][0.310645,0.713767,0][-4.86296,-1.48939,0.404014][-0.418457,0.529546,-0.737885][0.320129,0.706514,0][-4.78675,-1.47949,0.367864][-0.335597,0.237692,-0.911525][0.319595,0.716677,0][-4.56611,-1.66479,0.244764][-0.525991,-0.819063,-0.229062][0.294374,0.744802,0][-4.54804,-1.70759,0.299614][-0.525991,-0.819063,-0.229062][0.286066,0.742885,0][-4.80023,-1.55429,0.387094][-0.525991,-0.819063,-0.229062][0.304848,0.711102,0][-4.80023,-1.55429,0.387094][-0.525991,-0.819063,-0.229062][0.304848,0.711102,0][-4.8176,-1.54529,0.338144][-0.525991,-0.819063,-0.229062][0.310645,0.713767,0][-4.56611,-1.66479,0.244764][-0.525991,-0.819063,-0.229062][0.294374,0.744802,0][-4.2152,-1.71119,0.0909936][-0.361931,-0.755507,-0.546091][0.284987,0.78935,0][-4.19362,-1.76579,0.146154][-0.37043,-0.751738,-0.545593][0.27558,0.787889,0][-4.54804,-1.70759,0.299614][-0.350709,-0.760362,-0.546674][0.286066,0.742885,0][-4.54804,-1.70759,0.299614][-0.350709,-0.760362,-0.546674][0.286066,0.742885,0][-4.56611,-1.66479,0.244764][-0.350709,-0.760362,-0.546674][0.294374,0.744802,0][-4.2152,-1.71119,0.0909936][-0.361931,-0.755507,-0.546091][0.284987,0.78935,0][-4.80023,-1.55429,0.387094][-0.698607,-0.70566,0.118285][0.304848,0.711102,0][-4.86296,-1.48939,0.404014][-0.698607,-0.70566,0.118285][0.311365,0.70178,0][-4.8176,-1.54529,0.338144][-0.698607,-0.70566,0.118285][0.310645,0.713767,0][-4.54816,-1.98116,0.308794][-0.403709,0.213144,-0.889713][0.355373,0.977329,0][-4.53122,-1.92174,0.337934][-0.403709,0.213144,-0.889713][0.34798,0.974683,0][-4.32039,-1.87493,0.230884][-0.437294,0.109628,-0.892612][0.350032,0.946495,0][-4.32039,-1.87493,0.230884][-0.437294,0.109628,-0.892612][0.350032,0.946495,0][-4.31561,-2.03965,0.211844][-0.438001,0.107247,-0.892554][0.370144,0.949881,0][-4.54816,-1.98116,0.308794][-0.403709,0.213144,-0.889713][0.355373,0.977329,0][-4.31561,-2.03965,0.211844][-0.438001,0.107247,-0.892554][0.370144,0.949881,0][-4.32039,-1.87493,0.230884][-0.437294,0.109628,-0.892612][0.350032,0.946495,0][-4.03276,-1.81859,0.0860136][-0.461877,0.0527861,-0.885372][0.351507,0.906093,0][-4.03276,-1.81859,0.0860136][-0.461877,0.0527861,-0.885372][0.351507,0.906093,0][-4.01151,-2.01749,0.0642436][-0.461714,0.0529821,-0.885445][0.377742,0.90802,0][-4.31561,-2.03965,0.211844][-0.438001,0.107247,-0.892554][0.370144,0.949881,0][-4.54816,-1.98116,0.308794][-0.537985,0.489783,-0.686065][0.355373,0.977329,0][-4.59378,-1.94374,0.371274][-0.537985,0.489783,-0.686065][0.347188,0.981922,0][-4.53122,-1.92174,0.337934][-0.537985,0.489783,-0.686065][0.34798,0.974683,0][-4.31561,-2.03965,0.211844][-0.381156,-0.886594,-0.262053][0.370144,0.949881,0][-4.29082,-2.07632,0.256434][-0.381156,-0.886594,-0.262053][0.377783,0.951522,0][-4.52972,-1.98858,0.350494][-0.381156,-0.886594,-0.262053][0.360439,0.979611,0][-4.52972,-1.98858,0.350494][-0.381156,-0.886594,-0.262053][0.360439,0.979611,0][-4.54816,-1.98116,0.308794][-0.381156,-0.886594,-0.262053][0.355373,0.977329,0][-4.31561,-2.03965,0.211844][-0.381156,-0.886594,-0.262053][0.370144,0.949881,0][-4.01151,-2.01749,0.0642436][-0.154534,-0.721749,-0.674683][0.377742,0.90802,0][-3.98192,-2.06397,0.108144][-0.154811,-0.721949,-0.674405][0.386984,0.908526,0][-4.29082,-2.07632,0.256434][-0.23795,-0.776462,-0.583513][0.377783,0.951522,0][-4.29082,-2.07632,0.256434][-0.23795,-0.776462,-0.583513][0.377783,0.951522,0][-4.31561,-2.03965,0.211844][-0.23795,-0.776462,-0.583513][0.370144,0.949881,0][-4.01151,-2.01749,0.0642436][-0.154534,-0.721749,-0.674683][0.377742,0.90802,0][-4.52972,-1.98858,0.350494][-0.549881,-0.829756,0.095584][0.360439,0.979611,0][-4.59378,-1.94374,0.371274][-0.549881,-0.829756,0.095584][0.355717,0.987758,0][-4.54816,-1.98116,0.308794][-0.549881,-0.829756,0.095584][0.355373,0.977329,0][-4.67639,-0.920394,0.215944][-0.448597,-0.74221,-0.49788][0.439789,0.915409,0][-4.34082,-0.998895,0.0767736][-0.391402,-0.763514,-0.513664][0.441721,0.873363,0][-4.40226,-1.02229,0.158504][-0.391402,-0.763514,-0.513664][0.449551,0.883359,0][-4.40226,-1.02229,0.158504][-0.391402,-0.763514,-0.513664][0.449551,0.883359,0][-4.67336,-0.958895,0.270754][-0.454009,-0.740004,-0.496256][0.446862,0.916867,0][-4.67639,-0.920394,0.215944][-0.448597,-0.74221,-0.49788][0.439789,0.915409,0][-4.67639,-0.920394,0.215944][-0.448597,-0.74221,-0.49788][0.439789,0.915409,0][-4.67336,-0.958895,0.270754][-0.454009,-0.740004,-0.496256][0.446862,0.916867,0][-4.98103,-0.820495,0.387364][-0.505132,-0.717426,-0.479731][0.439375,0.954544,0][-4.98103,-0.820495,0.387364][-0.505132,-0.717426,-0.479731][0.439375,0.954544,0][-4.9837,-0.781795,0.332584][-0.505132,-0.717426,-0.479731][0.432338,0.9534,0][-4.67639,-0.920394,0.215944][-0.448597,-0.74221,-0.49788][0.439789,0.915409,0][-4.34082,-0.998895,0.0767736][-0.808515,0.0937031,-0.580967][0.441721,0.873363,0][-4.38127,-1.07329,0.121064][-0.808515,0.0937031,-0.580967][0.451252,0.877415,0][-4.40226,-1.02229,0.158504][-0.808515,0.0937031,-0.580967][0.449551,0.883359,0][-4.4048,-1.33709,0.171064][-0.607528,-0.643037,-0.466276][0.39623,0.634119,0][-4.41877,-1.28569,0.118274][-0.607528,-0.643037,-0.466276][0.387792,0.63016,0][-4.19668,-1.48139,0.0988736][-0.607528,-0.643037,-0.466276][0.419526,0.611063,0][-4.19362,-1.76579,0.146154][-0.37043,-0.751738,-0.545593][0.27558,0.787889,0][-4.2152,-1.71119,0.0909936][-0.361931,-0.755507,-0.546091][0.284987,0.78935,0][-4.03276,-1.81859,0.0860136][-0.438113,-0.718791,-0.539812][0.267999,0.807698,0][-2.69017,-1.66599,-0.556026][-0.136557,-0.70851,-0.692362][0.377339,0.708559,0][-3.98192,-2.06397,0.108144][-0.154811,-0.721949,-0.674405][0.386984,0.908526,0][-4.01151,-2.01749,0.0642436][-0.154534,-0.721749,-0.674683][0.377742,0.90802,0][-4.01151,-2.01749,0.0642436][-0.154534,-0.721749,-0.674683][0.377742,0.90802,0][-2.71908,-1.61749,-0.597826][-0.136557,-0.70851,-0.692362][0.367998,0.708174,0][-2.69017,-1.66599,-0.556026][-0.136557,-0.70851,-0.692362][0.377339,0.708559,0][-3.90408,-0.632794,-0.148686][-0.355615,0.111836,-0.927917][0.079598,0.087942,0][-4.02726,-0.329695,-0.0511065][-0.340378,0.151038,-0.928079][0.063784,0.115557,0][-3.0971,-0.872894,-0.493966][-0.363416,0.12024,-0.923835][0.052373,0.00777,0][-3.68537,-0.959495,-0.264666][-0.369696,0.0917711,-0.924609][0.498541,0.905235,0][-3.90408,-0.632794,-0.148686][-0.355615,0.111836,-0.927917][0.52625,0.871692,0][-3.0971,-0.872894,-0.493966][-0.363416,0.12024,-0.923835][0.522923,0.967911,0][-3.0971,-0.872894,-0.493966][-0.363416,0.12024,-0.923835][0.522923,0.967911,0][-3.09366,-1.09349,-0.522926][-0.373438,0.0928611,-0.922996][0.500786,0.973912,0][-3.68537,-0.959495,-0.264666][-0.369696,0.0917711,-0.924609][0.498541,0.905235,0][-3.68537,-0.959495,-0.264666][-0.437875,-0.679412,-0.588783][0.498541,0.905235,0][-3.09366,-1.09349,-0.522926][-0.422562,-0.633934,-0.647741][0.500786,0.973912,0][-3.06876,-1.14819,-0.482266][-0.422562,-0.633934,-0.647741][0.494022,0.976604,0][-3.06876,-1.14819,-0.482266][-0.422562,-0.633934,-0.647741][0.494022,0.976604,0][-3.6964,-1.01429,-0.207236][-0.441228,-0.689915,-0.573878][0.490286,0.903263,0][-3.68537,-0.959495,-0.264666][-0.437875,-0.679412,-0.588783][0.498541,0.905235,0][-3.72172,-1.14049,-0.185306][-0.407159,-0.0215019,-0.913104][0.443589,0.795237,0][-3.6964,-1.01429,-0.207236][-0.407473,-0.0236139,-0.912912][0.428607,0.794479,0][-3.06876,-1.14819,-0.482266][-0.413692,-0.0683799,-0.907845][0.426867,0.713237,0][-3.06876,-1.14819,-0.482266][-0.413692,-0.0683799,-0.907845][0.426867,0.713237,0][-2.97936,-1.24809,-0.516376][-0.413692,-0.0683799,-0.907845][0.435927,0.699872,0][-3.72172,-1.14049,-0.185306][-0.407159,-0.0215019,-0.913104][0.443589,0.795237,0][-2.84855,-1.35079,-0.554636][0.736354,0.584782,-0.340314][0.309734,0.971338,0][-2.81282,-1.34939,-0.473796][0.736354,0.584782,-0.340314][0.315703,0.980335,0][-2.68903,-1.54399,-0.541366][0.736354,0.584782,-0.340314][0.288504,0.994098,0][-2.68903,-1.54399,-0.541366][0.736354,0.584782,-0.340314][0.288504,0.994098,0][-2.72402,-1.54629,-0.620076][0.736354,0.584782,-0.340314][0.285174,0.985295,0][-2.84855,-1.35079,-0.554636][0.736354,0.584782,-0.340314][0.309734,0.971338,0][-2.71908,-1.61749,-0.597826][0.912029,-0.0612721,-0.405524][0.276583,0.984219,0][-2.72402,-1.54629,-0.620076][0.912029,-0.0612721,-0.405524][0.285174,0.985295,0][-2.68903,-1.54399,-0.541366][0.912029,-0.0612721,-0.405524][0.288504,0.994098,0][-2.68903,-1.54399,-0.541366][0.912029,-0.0612721,-0.405524][0.288504,0.994098,0][-2.6838,-1.61469,-0.519306][0.912029,-0.0612721,-0.405524][0.277199,0.997767,0][-2.71908,-1.61749,-0.597826][0.912029,-0.0612721,-0.405524][0.276583,0.984219,0][-2.84855,-1.35079,-0.554636][0.549272,0.796038,-0.254214][0.448898,0.425556,0][-2.97936,-1.24809,-0.516376][0.549272,0.796038,-0.254214][0.432085,0.438699,0][-2.94327,-1.24679,-0.433496][0.549272,0.796038,-0.254214][0.425755,0.429022,0][-2.94327,-1.24679,-0.433496][0.549272,0.796038,-0.254214][0.425755,0.429022,0][-2.81282,-1.34939,-0.473796][0.549272,0.796038,-0.254214][0.443014,0.416218,0][-2.84855,-1.35079,-0.554636][0.549272,0.796038,-0.254214][0.448898,0.425556,0][-5.15925,0.612406,0.408034][0.602278,0.762846,-0.235217][0.055713,0.261905,0][-5.66011,1.06401,0.587744][0.602278,0.762846,-0.235217][0.051606,0.329888,0][-5.63873,1.06311,0.641864][0.602278,0.762846,-0.235217][0.04596,0.329372,0][-5.63873,1.06311,0.641864][0.602278,0.762846,-0.235217][0.04596,0.329372,0][-5.10869,0.611305,0.531554][0.602278,0.762846,-0.235217][0.042716,0.260624,0][-5.15925,0.612406,0.408034][0.602278,0.762846,-0.235217][0.055713,0.261905,0][-4.55013,0.538206,0.203154][0.605975,0.76672,-0.211977][0.480625,0.561503,0][-4.8981,0.850506,0.335364][0.605975,0.76672,-0.211977][0.470054,0.60592,0][-4.86296,0.846705,0.424654][0.605975,0.76672,-0.211977][0.461535,0.603169,0][-4.86296,0.846705,0.424654][0.605975,0.76672,-0.211977][0.461535,0.603169,0][-4.50619,0.534006,0.311114][0.605975,0.76672,-0.211977][0.470068,0.558671,0][-4.55013,0.538206,0.203154][0.605975,0.76672,-0.211977][0.480625,0.561503,0][-4.33615,0.373706,0.123954][0.551444,0.811307,-0.194141][0.485185,0.536248,0][-4.55013,0.538206,0.203154][0.551444,0.811307,-0.194141][0.480625,0.561503,0][-4.50619,0.534006,0.311114][0.551444,0.811307,-0.194141][0.470068,0.558671,0][-4.50619,0.534006,0.311114][0.551444,0.811307,-0.194141][0.470068,0.558671,0][-4.29305,0.369606,0.228624][0.551444,0.811307,-0.194141][0.475517,0.532805,0][-4.33615,0.373706,0.123954][0.551444,0.811307,-0.194141][0.485185,0.536248,0][-4.03005,-0.0598946,-0.00495625][0.739509,0.6089,-0.286998][0.504432,0.487705,0][-4.33615,0.373706,0.123954][0.739509,0.6089,-0.286998][0.485185,0.536248,0][-4.29305,0.369606,0.228624][0.739509,0.6089,-0.286998][0.475517,0.532805,0][-4.29305,0.369606,0.228624][0.739509,0.6089,-0.286998][0.475517,0.532805,0][-3.98831,-0.0624943,0.0947537][0.739509,0.6089,-0.286998][0.494103,0.486074,0][-4.03005,-0.0598946,-0.00495625][0.739509,0.6089,-0.286998][0.504432,0.487705,0][-5.87498,0.856206,0.683034][-0.671113,-0.684838,0.283908][0.084387,0.336241,0][-5.39776,0.323306,0.525664][-0.671113,-0.684838,0.283908][0.096287,0.266404,0][-5.3717,0.324006,0.588974][-0.671113,-0.684838,0.283908][0.102854,0.267241,0][-5.90875,1.29871,0.677644][0.547323,0.815038,-0.190132][0.049558,0.364145,0][-5.99202,1.36211,0.708964][0.547323,0.815038,-0.190132][0.04874,0.374917,0][-5.97339,1.36051,0.756404][0.547323,0.815038,-0.190132][0.043735,0.374358,0][-5.97339,1.36051,0.756404][0.547323,0.815038,-0.190132][0.043735,0.374358,0][-5.88747,1.29721,0.731814][0.547323,0.815038,-0.190132][0.043916,0.363589,0][-5.90875,1.29871,0.677644][0.547323,0.815038,-0.190132][0.049558,0.364145,0][-5.99202,1.36211,0.708964][-0.930802,-0.0233789,0.364777][0.052914,0.375384,0][-5.98833,1.24041,0.710584][-0.930802,-0.0233789,0.364777][0.064113,0.368967,0][-5.97339,1.36051,0.756404][-0.930802,-0.0233789,0.364777][0.055901,0.37994,0][-5.66011,1.06401,0.587744][0.6228,0.748357,-0.228214][0.051606,0.329888,0][-5.90875,1.29871,0.677644][0.6228,0.748357,-0.228214][0.049558,0.364145,0][-5.88747,1.29721,0.731814][0.6228,0.748357,-0.228214][0.043916,0.363589,0][-5.88747,1.29721,0.731814][0.6228,0.748357,-0.228214][0.043916,0.363589,0][-5.63873,1.06311,0.641864][0.6228,0.748357,-0.228214][0.04596,0.329372,0][-5.66011,1.06401,0.587744][0.6228,0.748357,-0.228214][0.051606,0.329888,0][-5.4331,0.995505,0.545894][-0.725455,-0.62354,0.291399][0.483039,0.664937,0][-5.15925,0.612406,0.408034][-0.725455,-0.62354,0.291399][0.503844,0.614862,0][-5.10869,0.611305,0.531554][-0.725455,-0.62354,0.291399][0.520851,0.618219,0][-4.8981,0.850506,0.335364][0.672722,0.700238,-0.23898][0.470054,0.60592,0][-5.20909,1.18791,0.449904][0.672722,0.700238,-0.23898][0.456249,0.647619,0][-5.17905,1.18521,0.525344][0.672722,0.700238,-0.23898][0.449301,0.645004,0][-5.17905,1.18521,0.525344][0.672722,0.700238,-0.23898][0.449301,0.645004,0][-4.86296,0.846705,0.424654][0.672723,0.700238,-0.23898][0.461535,0.603169,0][-4.8981,0.850506,0.335364][0.672722,0.700238,-0.23898][0.470054,0.60592,0][-5.44259,1.43351,0.537064][0.589711,0.782798,-0.198665][0.446131,0.677679,0][-5.52173,1.50091,0.567414][0.589711,0.782798,-0.198666][0.442842,0.687057,0][-5.42555,1.43171,0.580504][0.589711,0.782798,-0.198665][0.442161,0.676168,0][-5.20909,1.18791,0.449904][0.660943,0.712615,-0.235232][0.456249,0.647619,0][-5.44259,1.43351,0.537064][0.660943,0.712615,-0.235233][0.446131,0.677679,0][-5.42555,1.43171,0.580504][0.660943,0.712615,-0.235233][0.442161,0.676168,0][-5.42555,1.43171,0.580504][0.660943,0.712615,-0.235233][0.442161,0.676168,0][-5.17905,1.18521,0.525344][0.660943,0.712615,-0.235233][0.449301,0.645004,0][-5.20909,1.18791,0.449904][0.660943,0.712615,-0.235232][0.456249,0.647619,0][-5.8391,0.545906,0.695504][-0.824835,-0.453752,0.337278][0.447086,0.129267,0][-5.85721,0.545405,0.650484][-0.824835,-0.453752,0.337278][0.45266,0.132034,0][-5.65807,0.147506,0.602194][-0.824835,-0.453752,0.337278][0.4243,0.182041,0][-5.51922,0.369105,0.526374][0.403822,0.897889,-0.17528][0.462519,0.18267,0][-5.85721,0.545405,0.650484][0.403822,0.897889,-0.17528][0.45266,0.132034,0][-5.8391,0.545906,0.695504][0.403822,0.897889,-0.17528][0.45882,0.130991,0][-5.8391,0.545906,0.695504][0.403822,0.897889,-0.17528][0.45882,0.130991,0][-5.48312,0.370106,0.614554][0.403822,0.897889,-0.17528][0.474601,0.180653,0][-5.51922,0.369105,0.526374][0.403822,0.897889,-0.17528][0.462519,0.18267,0][-4.99971,-0.624694,0.335034][-0.413794,-0.882734,0.22261][0.495326,0.748143,0][-4.94663,-0.618295,0.457294][-0.413794,-0.882734,0.22261][0.482355,0.744661,0][-5.27472,-0.434995,0.576084][-0.413794,-0.882734,0.22261][0.493988,0.706654,0][-5.27472,-0.434995,0.576084][-0.413794,-0.882734,0.22261][0.493988,0.706654,0][-5.32704,-0.440994,0.453464][-0.413794,-0.882734,0.22261][0.505571,0.711605,0][-4.99971,-0.624694,0.335034][-0.413794,-0.882734,0.22261][0.495326,0.748143,0][-4.90378,-0.350894,0.261774][0.300042,0.940105,-0.161792][0.527908,0.753215,0][-5.23429,-0.223294,0.389474][0.300042,0.940105,-0.161792][0.530366,0.7159,0][-5.18224,-0.218894,0.512284][0.300042,0.940105,-0.161792][0.54348,0.716102,0][-5.18224,-0.218894,0.512284][0.300042,0.940105,-0.161792][0.54348,0.716102,0][-4.85104,-0.346594,0.384274][0.300042,0.940105,-0.161792][0.541375,0.754265,0][-4.90378,-0.350894,0.261774][0.300042,0.940105,-0.161792][0.527908,0.753215,0][-5.50672,-0.111794,0.637684][-0.734987,-0.589086,0.335815][0.516279,0.673358,0][-5.55816,-0.116394,0.514604][-0.734987,-0.589086,0.335815][0.527637,0.680197,0][-5.32704,-0.440994,0.453464][-0.734987,-0.589086,0.335815][0.505571,0.711605,0][-5.32704,-0.440994,0.453464][-0.734987,-0.589086,0.335815][0.505571,0.711605,0][-5.27472,-0.434995,0.576084][-0.734987,-0.589086,0.335815][0.493988,0.706654,0][-5.50672,-0.111794,0.637684][-0.734987,-0.589086,0.335815][0.516279,0.673358,0][-5.23429,-0.223294,0.389474][0.259613,0.954866,-0.144335][0.530366,0.7159,0][-5.55816,-0.116394,0.514604][0.259613,0.954866,-0.144335][0.527637,0.680197,0][-5.50672,-0.111794,0.637684][0.259613,0.954866,-0.144335][0.541068,0.679496,0][-5.50672,-0.111794,0.637684][0.259613,0.954866,-0.144335][0.541068,0.679496,0][-5.18224,-0.218894,0.512284][0.259614,0.954866,-0.144335][0.54348,0.716102,0][-5.23429,-0.223294,0.389474][0.259613,0.954866,-0.144335][0.530366,0.7159,0][-5.39776,0.323306,0.525664][0.347507,0.925028,-0.1535][0.470259,0.19744,0][-5.51922,0.369105,0.526374][0.347507,0.925028,-0.1535][0.462519,0.18267,0][-5.48312,0.370106,0.614554][0.347507,0.925028,-0.1535][0.474601,0.180653,0][-5.48312,0.370106,0.614554][0.347507,0.925028,-0.1535][0.474601,0.180653,0][-5.3717,0.324006,0.588974][0.347507,0.925028,-0.1535][0.479466,0.195714,0][-5.39776,0.323306,0.525664][0.347507,0.925028,-0.1535][0.470259,0.19744,0][-5.32845,-0.112294,0.490084][-0.394966,-0.896236,0.201897][0.421996,0.238112,0][-4.90378,-0.350894,0.261774][-0.394966,-0.896236,0.201897][0.433555,0.306105,0][-4.85104,-0.346594,0.384274][-0.394966,-0.896236,0.201898][0.416492,0.307412,0][-5.13693,-0.550994,0.420024][0.128955,0.986026,-0.105467][0.413106,0.980332,0][-5.20889,-0.538394,0.449454][0.128955,0.986026,-0.105467][0.414006,0.98947,0][-5.15627,-0.532194,0.571914][0.128955,0.986026,-0.105467][0.398151,0.990457,0][-5.15627,-0.532194,0.571914][0.128955,0.986026,-0.105467][0.398151,0.990457,0][-5.08418,-0.544794,0.542434][0.128955,0.986026,-0.105467][0.397537,0.98105,0][-5.13693,-0.550994,0.420024][0.128955,0.986026,-0.105467][0.413106,0.980332,0][-5.16938,-0.613794,0.441924][-0.805568,-0.46178,0.37124][0.42688,0.983159,0][-5.11657,-0.607194,0.564274][-0.805568,-0.46178,0.37124][0.441217,0.988324,0][-5.15627,-0.532194,0.571914][-0.805568,-0.46178,0.37124][0.437343,0.997315,0][-5.15627,-0.532194,0.571914][-0.805568,-0.46178,0.37124][0.437343,0.997315,0][-5.20889,-0.538394,0.449454][-0.805568,-0.46178,0.37124][0.422879,0.992073,0][-5.16938,-0.613794,0.441924][-0.805568,-0.46178,0.37124][0.42688,0.983159,0][-4.98103,-0.820495,0.387364][-0.653815,-0.683886,0.323768][0.439375,0.954544,0][-4.92761,-0.812994,0.509394][-0.653815,-0.683886,0.323768][0.453479,0.958136,0][-5.11657,-0.607194,0.564274][-0.653815,-0.683886,0.323768][0.441217,0.988324,0][-5.11657,-0.607194,0.564274][-0.653815,-0.683886,0.323768][0.441217,0.988324,0][-5.16938,-0.613794,0.441924][-0.653815,-0.683886,0.323768][0.42688,0.983159,0][-4.98103,-0.820495,0.387364][-0.653815,-0.683886,0.323768][0.439375,0.954544,0][-5.13693,-0.550994,0.420024][0.361854,0.909873,-0.20296][0.413106,0.980332,0][-5.08418,-0.544794,0.542434][0.361854,0.909873,-0.20296][0.397537,0.98105,0][-4.94663,-0.618295,0.457294][0.361854,0.909873,-0.20296][0.400125,0.96015,0][-4.94663,-0.618295,0.457294][0.361854,0.909873,-0.20296][0.400125,0.96015,0][-4.99971,-0.624694,0.335034][0.361854,0.909873,-0.20296][0.416043,0.95982,0][-5.13693,-0.550994,0.420024][0.361854,0.909873,-0.20296][0.413106,0.980332,0][-4.38127,-1.07329,0.121064][0.0710011,0.992736,-0.097134][0.363163,0.619615,0][-4.69733,-1.03749,0.257594][0.0710011,0.992736,-0.097134][0.348538,0.659362,0][-4.65075,-1.03039,0.362084][0.0710011,0.992736,-0.097134][0.335448,0.654473,0][-4.65075,-1.03039,0.362084][0.0710011,0.992736,-0.097134][0.335448,0.654473,0][-4.32654,-1.06549,0.242504][0.0710011,0.992736,-0.097134][0.347919,0.613863,0][-4.38127,-1.07329,0.121064][0.0710011,0.992736,-0.097134][0.363163,0.619615,0][-4.93101,-1.01679,0.358304][-0.0506539,0.997477,-0.04973][0.3381,0.688555,0][-5.00297,-1.01889,0.390394][-0.0506539,0.997477,-0.04973][0.334391,0.697828,0][-4.9054,-1.01259,0.416224][-0.0506539,0.997477,-0.04973][0.330786,0.685847,0][-4.69733,-1.03749,0.257594][0.0494201,0.994601,-0.091252][0.348538,0.659362,0][-4.93101,-1.01679,0.358304][0.0494201,0.994601,-0.091252][0.3381,0.688555,0][-4.9054,-1.01259,0.416224][0.0494201,0.994601,-0.091252][0.330786,0.685847,0][-4.9054,-1.01259,0.416224][0.0494201,0.994601,-0.091252][0.330786,0.685847,0][-4.65075,-1.03039,0.362084][0.0494201,0.994601,-0.091252][0.335448,0.654473,0][-4.69733,-1.03749,0.257594][0.0494201,0.994601,-0.091252][0.348538,0.659362,0][-4.19668,-1.48139,0.0988736][-0.0202528,0.996862,-0.07653][0.311941,0.793528,0][-4.53629,-1.47679,0.253684][-0.0202528,0.996862,-0.07653][0.316538,0.749438,0][-4.49486,-1.46859,0.344564][-0.0202528,0.996862,-0.07653][0.328409,0.750644,0][-4.49486,-1.46859,0.344564][-0.0202528,0.996862,-0.07653][0.328409,0.750644,0][-4.14101,-1.47129,0.219714][-0.0202528,0.996862,-0.07653][0.327714,0.795221,0][-4.19668,-1.48139,0.0988736][-0.0202528,0.996862,-0.07653][0.311941,0.793528,0][-4.78675,-1.47949,0.367864][-0.141946,0.989395,-0.030793][0.319595,0.716677,0][-4.86296,-1.48939,0.404014][-0.141946,0.989395,-0.030793][0.320129,0.706514,0][-4.85368,-1.48739,0.424534][-0.141946,0.989395,-0.030793][0.322902,0.706645,0][-4.85368,-1.48739,0.424534][-0.141946,0.989395,-0.030793][0.322902,0.706645,0][-4.76326,-1.47459,0.419754][-0.141946,0.989395,-0.030793][0.326411,0.717247,0][-4.78675,-1.47949,0.367864][-0.141946,0.989395,-0.030793][0.319595,0.716677,0][-4.86296,-1.48939,0.404014][-0.626045,-0.696256,0.351134][0.311365,0.70178,0][-4.80023,-1.55429,0.387094][-0.626046,-0.696256,0.351134][0.304848,0.711102,0][-4.85368,-1.48739,0.424534][-0.626046,-0.696256,0.351134][0.308991,0.700256,0][-4.53629,-1.47679,0.253684][-0.0429829,0.996478,-0.071993][0.316538,0.749438,0][-4.78675,-1.47949,0.367864][-0.0429829,0.996479,-0.071993][0.319595,0.716677,0][-4.76326,-1.47459,0.419754][-0.0429829,0.996478,-0.071993][0.326411,0.717247,0][-4.76326,-1.47459,0.419754][-0.0429829,0.996478,-0.071993][0.326411,0.717247,0][-4.49486,-1.46859,0.344564][-0.0429829,0.996479,-0.071993][0.328409,0.750644,0][-4.53629,-1.47679,0.253684][-0.0429829,0.996478,-0.071993][0.316538,0.749438,0][-4.32039,-1.87493,0.230884][-0.195649,0.980616,-0.01067][0.350032,0.946495,0][-4.27337,-1.86395,0.331724][-0.195649,0.980616,-0.01067][0.336558,0.945995,0][-3.98048,-1.80749,0.198874][-0.195649,0.980616,-0.01067][0.336425,0.906018,0][-3.98048,-1.80749,0.198874][-0.195649,0.980616,-0.01067][0.336425,0.906018,0][-4.03276,-1.81859,0.0860136][-0.195649,0.980616,-0.01067][0.351507,0.906093,0][-4.32039,-1.87493,0.230884][-0.195649,0.980616,-0.01067][0.350032,0.946495,0][-4.53122,-1.92174,0.337934][-0.314463,0.948635,0.034714][0.34798,0.974683,0][-4.59378,-1.94374,0.371274][-0.314463,0.948635,0.034714][0.347188,0.981922,0][-4.58173,-1.94065,0.397254][-0.314463,0.948635,0.034714][0.344554,0.981636,0][-4.58173,-1.94065,0.397254][-0.314463,0.948635,0.034714][0.344554,0.981636,0][-4.51214,-1.91696,0.379054][-0.314463,0.948635,0.034714][0.342935,0.974369,0][-4.53122,-1.92174,0.337934][-0.314463,0.948635,0.034714][0.34798,0.974683,0][-4.59378,-1.94374,0.371274][-0.472725,-0.822184,0.317088][0.355717,0.987758,0][-4.52972,-1.98858,0.350494][-0.472725,-0.822184,0.317088][0.360439,0.979611,0][-4.58173,-1.94065,0.397254][-0.472725,-0.822184,0.317088][0.359046,0.989468,0][-4.32039,-1.87493,0.230884][-0.218808,0.975747,-0.006388][0.350032,0.946495,0][-4.53122,-1.92174,0.337934][-0.218808,0.975747,-0.006388][0.34798,0.974683,0][-4.51214,-1.91696,0.379054][-0.218808,0.975747,-0.006388][0.342935,0.974369,0][-4.51214,-1.91696,0.379054][-0.218808,0.975747,-0.006388][0.342935,0.974369,0][-4.27337,-1.86395,0.331724][-0.218808,0.975747,-0.006388][0.336558,0.945995,0][-4.32039,-1.87493,0.230884][-0.218808,0.975747,-0.006388][0.350032,0.946495,0][-4.40226,-1.02229,0.158504][-0.171497,-0.975614,0.136987][0.449551,0.883359,0][-4.34767,-1.01489,0.280014][-0.171497,-0.975614,0.136987][0.464055,0.885425,0][-4.61926,-0.951294,0.392474][-0.171497,-0.975614,0.136987][0.461362,0.918671,0][-4.61926,-0.951294,0.392474][-0.171497,-0.975614,0.136987][0.461362,0.918671,0][-4.67336,-0.958895,0.270754][-0.171497,-0.975614,0.136987][0.446862,0.916867,0][-4.40226,-1.02229,0.158504][-0.171497,-0.975614,0.136987][0.449551,0.883359,0][-4.67336,-0.958895,0.270754][-0.335262,-0.919552,0.204998][0.446862,0.916867,0][-4.61926,-0.951294,0.392474][-0.335262,-0.919552,0.204998][0.461362,0.918671,0][-4.92761,-0.812994,0.509394][-0.335262,-0.919552,0.204998][0.453479,0.958136,0][-4.92761,-0.812994,0.509394][-0.335262,-0.919552,0.204998][0.453479,0.958136,0][-4.98103,-0.820495,0.387364][-0.335262,-0.919552,0.204998][0.439375,0.954544,0][-4.67336,-0.958895,0.270754][-0.335262,-0.919552,0.204998][0.446862,0.916867,0][-4.40226,-1.02229,0.158504][-0.733077,-0.573523,0.365609][0.449551,0.883359,0][-4.38127,-1.07329,0.121064][-0.733077,-0.573523,0.365609][0.451252,0.877415,0][-4.32654,-1.06549,0.242504][-0.733077,-0.573523,0.365609][0.46168,0.879859,0][-4.32654,-1.06549,0.242504][-0.733077,-0.573523,0.365609][0.46168,0.879859,0][-4.34767,-1.01489,0.280014][-0.733077,-0.573523,0.365609][0.464055,0.885425,0][-4.40226,-1.02229,0.158504][-0.733077,-0.573523,0.365609][0.449551,0.883359,0][-4.4048,-1.33709,0.171064][-0.475926,-0.830836,0.288453][0.39623,0.634119,0][-4.19668,-1.48139,0.0988736][-0.475926,-0.830836,0.288453][0.419526,0.611063,0][-4.14101,-1.47129,0.219714][-0.475926,-0.830836,0.288453][0.431673,0.622386,0][-4.19362,-1.76579,0.146154][-0.236292,-0.950152,0.203415][0.27558,0.787889,0][-4.03276,-1.81859,0.0860136][-0.236292,-0.950152,0.203415][0.267999,0.807698,0][-3.98048,-1.80749,0.198874][-0.236292,-0.950152,0.203415][0.254056,0.802987,0][-2.69017,-1.66599,-0.556026][0.892229,0.184209,-0.412304][0.377339,0.708559,0][-2.71908,-1.61749,-0.597826][0.892229,0.184209,-0.412304][0.367998,0.708174,0][-2.6838,-1.61469,-0.519306][0.892229,0.184209,-0.412304][0.37607,0.6999,0][-2.6838,-1.61469,-0.519306][0.892229,0.184209,-0.412304][0.37607,0.6999,0][-2.65431,-1.66299,-0.477996][0.892229,0.184209,-0.412304][0.385739,0.700226,0][-2.69017,-1.66599,-0.556026][0.892229,0.184209,-0.412304][0.377339,0.708559,0][-3.98192,-2.06397,0.108144][0.255507,-0.963464,-0.08033][0.386984,0.908526,0][-2.69017,-1.66599,-0.556026][0.255507,-0.963464,-0.08033][0.377339,0.708559,0][-2.65431,-1.66299,-0.477996][0.255507,-0.963464,-0.08033][0.388764,0.708387,0][-3.0971,-0.872894,-0.493966][0.911582,0.0738569,-0.40443][0.522923,0.967911,0][-3.06083,-0.873694,-0.408806][0.911582,0.0738569,-0.40443][0.526034,0.977717,0][-3.04508,-1.09029,-0.416426][0.911582,0.0738569,-0.40443][0.50309,0.985084,0][-3.04508,-1.09029,-0.416426][0.911582,0.0738569,-0.40443][0.50309,0.985084,0][-3.09366,-1.09349,-0.522926][0.911582,0.0738569,-0.40443][0.500786,0.973912,0][-3.0971,-0.872894,-0.493966][0.911582,0.0738569,-0.40443][0.522923,0.967911,0][-3.06876,-1.14819,-0.482266][0.908887,0.0911459,-0.406961][0.494022,0.976604,0][-3.09366,-1.09349,-0.522926][0.908887,0.0911459,-0.406961][0.500786,0.973912,0][-3.04508,-1.09029,-0.416426][0.908887,0.0911459,-0.406961][0.50309,0.985084,0][-3.04508,-1.09029,-0.416426][0.908887,0.0911459,-0.406961][0.50309,0.985084,0][-3.03231,-1.14719,-0.397946][0.908887,0.0911459,-0.406961][0.495705,0.989075,0][-3.06876,-1.14819,-0.482266][0.908887,0.0911459,-0.406961][0.494022,0.976604,0][-2.97936,-1.24809,-0.516376][0.658655,0.69223,-0.294941][0.435927,0.699872,0][-3.06876,-1.14819,-0.482266][0.658655,0.69223,-0.294941][0.426867,0.713237,0][-3.03231,-1.14719,-0.397946][0.658655,0.69223,-0.294941][0.41801,0.707047,0][-3.03231,-1.14719,-0.397946][0.658655,0.69223,-0.294941][0.41801,0.707047,0][-2.94327,-1.24679,-0.433496][0.658655,0.69223,-0.294941][0.427229,0.693665,0][-2.97936,-1.24809,-0.516376][0.658655,0.69223,-0.294941][0.435927,0.699872,0][-3.05937,-0.627194,-0.368286][0.450427,0.877197,-0.166258][0.505038,0.371386,0][-3.09616,-0.624595,-0.453816][0.450427,0.877197,-0.166258][0.514107,0.371924,0][-4.03005,-0.0598946,-0.00495625][0.450427,0.877197,-0.166258][0.504432,0.487705,0][-4.03005,-0.0598946,-0.00495625][0.450427,0.877197,-0.166258][0.504432,0.487705,0][-3.98831,-0.0624943,0.0947537][0.450427,0.877197,-0.166258][0.494103,0.486074,0][-3.05937,-0.627194,-0.368286][0.450427,0.877197,-0.166258][0.505038,0.371386,0][-3.09616,-0.624595,-0.453816][0.918146,0.0594319,-0.39176][0.514107,0.371924,0][-3.05937,-0.627194,-0.368286][0.918146,0.0594319,-0.39176][0.508968,0.364389,0][-3.06083,-0.873694,-0.408806][0.918146,0.0594319,-0.39176][0.530656,0.353243,0][-3.06083,-0.873694,-0.408806][0.918146,0.0594319,-0.39176][0.530656,0.353243,0][-3.0971,-0.872894,-0.493966][0.918146,0.0594319,-0.39176][0.535927,0.360621,0][-3.09616,-0.624595,-0.453816][0.918146,0.0594319,-0.39176][0.514107,0.371924,0][-5.52453,1.38071,0.570214][0.083593,-0.080237,0.993264][0.692158,0.989395,0][-5.4331,0.995505,0.545894][0.083593,-0.080237,0.993264][0.692084,0.990024,0][-5.17905,1.18521,0.525344][0.083593,-0.080237,0.993264][0.691638,0.989772,0][-5.17905,1.18521,0.525344][0.083593,-0.080237,0.993264][0.691638,0.989772,0][-5.42555,1.43171,0.580504][0.083593,-0.080237,0.993265][0.691997,0.98933,0][-5.52453,1.38071,0.570214][0.083593,-0.080237,0.993264][0.692158,0.989395,0][-5.10869,0.611305,0.531554][0.247648,0.042324,0.967925][0.69165,0.99071,0][-4.86296,0.846705,0.424654][0.267492,0.045667,0.962477][0.691168,0.990385,0][-5.17905,1.18521,0.525344][0.217123,0.037182,0.975436][0.691638,0.989772,0][-5.17905,1.18521,0.525344][0.217123,0.037182,0.975436][0.691638,0.989772,0][-5.4331,0.995505,0.545894][0.217123,0.037182,0.975436][0.692084,0.990024,0][-5.10869,0.611305,0.531554][0.247648,0.042324,0.967925][0.69165,0.99071,0][-5.98833,1.24041,0.710584][0.140314,-0.104935,0.984531][0.692977,0.989519,0][-5.87498,0.856206,0.683034][0.140314,-0.104935,0.984531][0.692867,0.990153,0][-5.63873,1.06311,0.641864][0.140314,-0.104935,0.984531][0.692436,0.989866,0][-5.63873,1.06311,0.641864][0.140314,-0.104935,0.984531][0.692436,0.989866,0][-5.88747,1.29721,0.731814][0.140314,-0.104935,0.984531][0.692817,0.989432,0][-5.98833,1.24041,0.710584][0.140314,-0.104935,0.984531][0.692977,0.989519,0][-5.63873,1.06311,0.641864][0.193868,-0.000169029,0.981028][0.692436,0.989866,0][-5.87498,0.856206,0.683034][0.193868,-0.000169029,0.981028][0.692867,0.990153,0][-5.3717,0.324006,0.588974][0.212717,-0.015699,0.976988][0.692147,0.991121,0][-5.3717,0.324006,0.588974][0.212717,-0.015699,0.976988][0.692147,0.991121,0][-5.10869,0.611305,0.531554][0.244574,-0.042171,0.968713][0.69165,0.99071,0][-5.63873,1.06311,0.641864][0.193868,-0.000169029,0.981028][0.692436,0.989866,0][-5.65807,0.147506,0.602194][0.165609,-0.196244,0.966469][0.692637,0.991364,0][-5.32845,-0.112294,0.490084][0.165609,-0.196244,0.966469][0.692124,0.991854,0][-5.3717,0.324006,0.588974][0.165609,-0.196244,0.966469][0.692147,0.991121,0][-5.3717,0.324006,0.588974][0.165609,-0.196244,0.966469][0.692147,0.991121,0][-5.48312,0.370106,0.614554][0.165609,-0.196244,0.966469][0.692324,0.991027,0][-5.65807,0.147506,0.602194][0.165609,-0.196244,0.966469][0.692637,0.991364,0][-4.94663,-0.618295,0.457294][0.35164,0.123957,0.927892][0.691618,0.992751,0][-4.85104,-0.346594,0.384274][0.321644,0.088976,0.942671][0.691378,0.992333,0][-5.18224,-0.218894,0.512284][0.391803,0.105301,0.914003][0.691929,0.992057,0][-5.18224,-0.218894,0.512284][0.391803,0.105301,0.914003][0.691929,0.992057,0][-5.27472,-0.434995,0.576084][0.391803,0.105301,0.914003][0.692148,0.992388,0][-4.94663,-0.618295,0.457294][0.35164,0.123957,0.927892][0.691618,0.992751,0][-5.11657,-0.607194,0.564274][0.530771,0.208661,0.821427][0.691931,0.992711,0][-4.92761,-0.812994,0.509394][0.530771,0.208661,0.821427][0.691653,0.993076,0][-4.94663,-0.618295,0.457294][0.530771,0.208661,0.821427][0.691618,0.992751,0][-4.94663,-0.618295,0.457294][0.530771,0.208661,0.821427][0.691618,0.992751,0][-5.08418,-0.544794,0.542434][0.530771,0.208661,0.821428][0.691857,0.992618,0][-5.11657,-0.607194,0.564274][0.530771,0.208661,0.821427][0.691931,0.992711,0][-4.85104,-0.346594,0.384274][0.225371,-0.00731003,0.974246][0.691378,0.992333,0][-4.50619,0.534006,0.311114][0.277681,-0.028959,0.960237][0.690622,0.990977,0][-5.32845,-0.112294,0.490084][0.214959,-0.00303503,0.976619][0.692124,0.991854,0][-4.29305,0.369606,0.228624][0.326936,-0.049619,0.943743][0.690285,0.991295,0][-4.50619,0.534006,0.311114][0.277681,-0.028959,0.960237][0.690622,0.990977,0][-4.85104,-0.346594,0.384274][0.225371,-0.00731003,0.974246][0.691378,0.992333,0][-5.10869,0.611305,0.531554][0.244574,-0.042171,0.968713][0.69165,0.99071,0][-5.3717,0.324006,0.588974][0.212717,-0.015699,0.976988][0.692147,0.991121,0][-4.50619,0.534006,0.311114][0.328533,-0.11338,0.937663][0.690622,0.990977,0][-4.86296,0.846705,0.424654][0.267492,0.045667,0.962477][0.691168,0.990385,0][-5.10869,0.611305,0.531554][0.247648,0.042324,0.967925][0.69165,0.99071,0][-4.50619,0.534006,0.311114][0.349726,0.0595149,0.93496][0.690622,0.990977,0][-5.3717,0.324006,0.588974][0.339321,-0.175782,0.924101][0.692147,0.991121,0][-5.32845,-0.112294,0.490084][0.339321,-0.175782,0.924101][0.692124,0.991854,0][-4.50619,0.534006,0.311114][0.339321,-0.175782,0.924101][0.690622,0.990977,0][-4.95064,-1.08499,0.377184][0.111226,-0.354348,0.928475][0.661514,0.983317,0][-4.72994,-1.25059,0.304384][0.111226,-0.354348,0.928475][0.661214,0.982974,0][-4.65075,-1.03039,0.362084][0.111226,-0.354348,0.928475][0.661578,0.982832,0][-4.65075,-1.03039,0.362084][0.111226,-0.354348,0.928475][0.661578,0.982832,0][-4.9054,-1.01259,0.416224][0.111226,-0.354348,0.928475][0.661642,0.983249,0][-4.95064,-1.08499,0.377184][0.111226,-0.354348,0.928475][0.661514,0.983317,0][-4.4048,-1.33709,0.171064][0.371383,-0.26614,0.889519][0.660995,0.982425,0][-4.32654,-1.06549,0.242504][0.375277,-0.263051,0.888804][0.661444,0.98228,0][-4.65075,-1.03039,0.362084][0.288684,-0.328554,0.899285][0.661578,0.982832,0][-4.65075,-1.03039,0.362084][0.288684,-0.328554,0.899285][0.661578,0.982832,0][-4.72994,-1.25059,0.304384][0.288684,-0.328555,0.899285][0.661214,0.982974,0][-4.4048,-1.33709,0.171064][0.371383,-0.26614,0.889519][0.660995,0.982425,0][-4.80023,-1.55429,0.387094][0.210716,-0.287096,0.934438][0.660636,0.983184,0][-4.54804,-1.70759,0.299614][0.210716,-0.287096,0.934438][0.660339,0.982784,0][-4.49486,-1.46859,0.344564][0.210716,-0.287096,0.934438][0.660729,0.982672,0][-4.49486,-1.46859,0.344564][0.210716,-0.287096,0.934438][0.660729,0.982672,0][-4.76326,-1.47459,0.419754][0.210716,-0.287096,0.934438][0.660775,0.983126,0][-4.80023,-1.55429,0.387094][0.210716,-0.287096,0.934438][0.660636,0.983184,0][-4.19362,-1.76579,0.146154][0.423862,-0.204887,0.882249][0.660156,0.982174,0][-4.14101,-1.47129,0.219714][0.42743,-0.202335,0.881115][0.660641,0.982065,0][-4.49486,-1.46859,0.344564][0.332497,-0.266883,0.904555][0.660729,0.982672,0][-4.49486,-1.46859,0.344564][0.332497,-0.266883,0.904555][0.660729,0.982672,0][-4.54804,-1.70759,0.299614][0.332497,-0.266883,0.904555][0.660339,0.982784,0][-4.19362,-1.76579,0.146154][0.423862,-0.204887,0.882249][0.660156,0.982174,0][-4.52972,-1.98858,0.350494][0.240723,-0.359398,0.901601][0.659755,0.982837,0][-4.29082,-2.07632,0.256434][0.240723,-0.359398,0.901601][0.659562,0.98244,0][-4.27337,-1.86395,0.331724][0.240723,-0.359398,0.901601][0.659927,0.982404,0][-4.27337,-1.86395,0.331724][0.240723,-0.359398,0.901601][0.659927,0.982404,0][-4.51214,-1.91696,0.379054][0.240723,-0.359398,0.901601][0.659881,0.982808,0][-4.52972,-1.98858,0.350494][0.240723,-0.359398,0.901601][0.659755,0.982837,0][-4.29082,-2.07632,0.256434][0.430993,-0.31658,0.844998][0.659562,0.98244,0][-3.98192,-2.06397,0.108144][0.455155,-0.158952,0.87611][0.659488,0.981889,0][-3.98048,-1.80749,0.198874][0.455217,-0.158402,0.876177][0.659925,0.981875,0][-3.98048,-1.80749,0.198874][0.455217,-0.158402,0.876177][0.659925,0.981875,0][-4.27337,-1.86395,0.331724][0.430993,-0.31658,0.844998][0.659927,0.982404,0][-4.29082,-2.07632,0.256434][0.430993,-0.31658,0.844998][0.659562,0.98244,0][-2.65431,-1.66299,-0.477996][0.46097,-0.100547,0.881701][0.660013,0.979471,0][-2.6838,-1.61469,-0.519306][0.46097,-0.100547,0.881701][0.660127,0.979487,0][-3.98048,-1.80749,0.198874][0.455217,-0.158402,0.876177][0.659925,0.981875,0][-3.98048,-1.80749,0.198874][0.455217,-0.158402,0.876177][0.659925,0.981875,0][-3.98192,-2.06397,0.108144][0.455155,-0.158952,0.87611][0.659488,0.981889,0][-2.65431,-1.66299,-0.477996][0.46097,-0.100547,0.881701][0.660013,0.979471,0][-3.98048,-1.80749,0.198874][0.0709021,0.8942,0.442017][0.659925,0.981875,0][-2.68903,-1.54399,-0.541366][0.391151,0.404804,0.82652][0.660248,0.97947,0][-4.19362,-1.76579,0.146154][0.0674661,0.896931,0.436994][0.660156,0.982174,0][-2.81282,-1.34939,-0.473796][0.448727,-0.186882,0.87391][0.660589,0.979654,0][-4.14101,-1.47129,0.219714][0.42743,-0.202335,0.881115][0.660641,0.982065,0][-4.19362,-1.76579,0.146154][0.423862,-0.204887,0.882249][0.660156,0.982174,0][-4.19362,-1.76579,0.146154][0.423862,-0.204887,0.882249][0.660156,0.982174,0][-2.68903,-1.54399,-0.541366][0.448727,-0.186882,0.87391][0.660248,0.97947,0][-2.81282,-1.34939,-0.473796][0.448727,-0.186882,0.87391][0.660589,0.979654,0][-4.14101,-1.47129,0.219714][0.238843,0.695939,0.677217][0.660641,0.982065,0][-2.94327,-1.24679,-0.433496][0.421499,0.269993,0.865704][0.660785,0.979854,0][-4.4048,-1.33709,0.171064][0.23413,0.703391,0.671137][0.660995,0.982425,0][-3.03231,-1.14719,-0.397946][0.399999,-0.243106,0.883686][0.660969,0.979989,0][-4.32654,-1.06549,0.242504][0.375277,-0.263051,0.888804][0.661444,0.98228,0][-4.4048,-1.33709,0.171064][0.371383,-0.26614,0.889519][0.660995,0.982425,0][-4.4048,-1.33709,0.171064][0.371383,-0.26614,0.889519][0.660995,0.982425,0][-2.94327,-1.24679,-0.433496][0.399999,-0.243106,0.883686][0.660785,0.979854,0][-3.03231,-1.14719,-0.397946][0.399999,-0.243106,0.883686][0.660969,0.979989,0][-4.34767,-1.01489,0.280014][0.406707,-0.42809,0.807049][0.690682,0.99352,0][-4.32654,-1.06549,0.242504][0.409905,-0.414041,0.812741][0.690642,0.993616,0][-3.04508,-1.09029,-0.416426][0.433573,0.350786,0.830038][0.688339,0.993993,0][-3.98831,-0.0624943,0.0947537][0.330057,-0.041223,0.943061][0.689837,0.992076,0][-4.85104,-0.346594,0.384274][0.321644,0.088976,0.942671][0.691378,0.992333,0][-4.94663,-0.618295,0.457294][0.35164,0.123957,0.927892][0.691618,0.992751,0][-3.04508,-1.09029,-0.416426][0.47987,0.00404793,0.877331][0.688339,0.993993,0][-3.06083,-0.873694,-0.408806][0.447058,-0.0434731,0.893448][0.688322,0.993638,0][-3.98831,-0.0624943,0.0947537][0.408999,-0.0957111,0.907502][0.689837,0.992076,0][-4.34767,-1.01489,0.280014][0.471209,-0.00622407,0.882][0.690682,0.99352,0][-3.04508,-1.09029,-0.416426][0.471209,-0.00622407,0.881999][0.688339,0.993993,0][-3.98831,-0.0624943,0.0947537][0.471209,-0.00622407,0.882][0.689837,0.992076,0][-4.61926,-0.951294,0.392474][0.388834,0.0323969,0.920738][0.691146,0.993363,0][-4.34767,-1.01489,0.280014][0.388834,0.0323969,0.920738][0.690682,0.99352,0][-3.98831,-0.0624943,0.0947537][0.388834,0.0323969,0.920738][0.689837,0.992076,0][-4.92761,-0.812994,0.509394][0.372243,0.0462659,0.926982][0.691653,0.993076,0][-4.61926,-0.951294,0.392474][0.372243,0.0462659,0.926982][0.691146,0.993363,0][-3.98831,-0.0624943,0.0947537][0.372243,0.0462659,0.926982][0.689837,0.992076,0][-4.94663,-0.618295,0.457294][0.198861,0.271405,0.941697][0.691618,0.992751,0][-4.92761,-0.812994,0.509394][0.198861,0.271405,0.941697][0.691653,0.993076,0][-3.98831,-0.0624943,0.0947537][0.198861,0.271405,0.941697][0.689837,0.992076,0][-3.06083,-0.873694,-0.408806][0.447058,-0.0434731,0.893448][0.688322,0.993638,0][-3.05937,-0.627194,-0.368286][0.364722,-0.153126,0.918439][0.688287,0.993231,0][-3.98831,-0.0624943,0.0947537][0.408999,-0.0957111,0.907502][0.689837,0.992076,0][-3.98831,-0.0624943,0.0947537][0.330057,-0.041223,0.943061][0.689837,0.992076,0][-4.29305,0.369606,0.228624][0.334138,-0.0558561,0.940867][0.690285,0.991295,0][-4.85104,-0.346594,0.384274][0.321644,0.088976,0.942671][0.691378,0.992333,0][-5.88747,1.29721,0.731814][0.00431695,-0.356878,0.934141][0.692817,0.989432,0][-5.97339,1.36051,0.756404][0.00431695,-0.356878,0.934141][0.69295,0.989322,0][-5.98833,1.24041,0.710584][0.00431695,-0.356878,0.934141][0.692977,0.989519,0][-5.42555,1.43171,0.580504][-0.116503,0.025796,0.992855][0.691997,0.98933,0][-5.52173,1.50091,0.567414][-0.116503,0.025796,0.992855][0.692127,0.98921,0][-5.52453,1.38071,0.570214][-0.116503,0.025796,0.992855][0.692158,0.989395,0][-5.48312,0.370106,0.614554][0.140659,-0.16472,0.97626][0.692324,0.991027,0][-5.8391,0.545906,0.695504][0.140659,-0.16472,0.976259][0.692881,0.990679,0][-5.65807,0.147506,0.602194][0.140659,-0.16472,0.976259][0.692637,0.991364,0][-5.18224,-0.218894,0.512284][0.388264,0.104186,0.91564][0.691929,0.992057,0][-5.50672,-0.111794,0.637684][0.388264,0.104186,0.91564][0.692472,0.991816,0][-5.27472,-0.434995,0.576084][0.388264,0.104186,0.91564][0.692148,0.992388,0][-5.08418,-0.544794,0.542434][0.393254,0.115247,0.912179][0.691857,0.992618,0][-5.15627,-0.532194,0.571914][0.393254,0.115247,0.912179][0.691981,0.992582,0][-5.11657,-0.607194,0.564274][0.393254,0.115247,0.912179][0.691931,0.992711,0][-4.9054,-1.01259,0.416224][-0.218033,-0.354414,0.909314][0.661642,0.983249,0][-5.00297,-1.01889,0.390394][-0.218033,-0.354414,0.909314][0.661613,0.98339,0][-4.95064,-1.08499,0.377184][-0.218033,-0.354414,0.909314][0.661514,0.983317,0][-4.76326,-1.47459,0.419754][0.106947,-0.418938,0.901695][0.660775,0.983126,0][-4.85368,-1.48739,0.424534][0.106947,-0.418938,0.901695][0.660758,0.983271,0][-4.80023,-1.55429,0.387094][0.106947,-0.418938,0.901695][0.660636,0.983184,0][-4.51214,-1.91696,0.379054][0.36088,-0.420519,0.832424][0.659881,0.982808,0][-4.58173,-1.94065,0.397254][0.36088,-0.420519,0.832424][0.659858,0.982929,0][-4.52972,-1.98858,0.350494][0.36088,-0.420519,0.832424][0.659755,0.982837,0][-4.34082,-0.998895,0.0767736][-0.401349,0.00835706,-0.915887][0.441721,0.873363,0][-4.67639,-0.920394,0.215944][-0.334605,0.0527651,-0.94088][0.439789,0.915409,0][-4.61136,-0.738694,0.208494][-0.354007,0.0364881,-0.934531][0.418617,0.912318,0][-4.02726,-0.329695,-0.0511065][-0.340378,0.151038,-0.928079][0.528193,0.47451,0][-4.03005,-0.0598946,-0.00495625][-0.331831,0.124588,-0.935075][0.504432,0.487705,0][-3.09616,-0.624595,-0.453816][-0.351185,0.152648,-0.923779][0.514107,0.371924,0][-3.09616,-0.624595,-0.453816][-0.351185,0.152648,-0.923779][0.514107,0.371924,0][-3.0971,-0.872894,-0.493966][-0.363416,0.12024,-0.923835][0.535927,0.360621,0][-4.02726,-0.329695,-0.0511065][-0.340378,0.151038,-0.928079][0.528193,0.47451,0][-2.6838,-1.61469,-0.519306][0.428283,0.297734,0.853187][0.660127,0.979487,0][-2.68903,-1.54399,-0.541366][0.391151,0.404804,0.82652][0.660248,0.97947,0][-3.98048,-1.80749,0.198874][0.0709021,0.8942,0.442017][0.659925,0.981875,0][-2.81282,-1.34939,-0.473796][0.436924,0.212185,0.874114][0.660589,0.979654,0][-2.94327,-1.24679,-0.433496][0.421499,0.269993,0.865704][0.660785,0.979854,0][-4.14101,-1.47129,0.219714][0.238843,0.695939,0.677217][0.660641,0.982065,0][-3.04508,-1.09029,-0.416426][0.433573,0.350786,0.830038][0.688339,0.993993,0][-4.32654,-1.06549,0.242504][0.409905,-0.414041,0.812741][0.690642,0.993616,0][-3.03231,-1.14719,-0.397946][0.431347,0.364707,0.825184][0.688339,0.994093,0][-3.90408,-0.632794,-0.148686][-0.355615,0.111836,-0.927917][0.079598,0.087942,0][-4.62793,-0.220394,0.175764][-0.304855,0.096149,-0.947533][0.089372,0.170779,0][-4.02726,-0.329695,-0.0511065][-0.340378,0.151038,-0.928079][0.063784,0.115557,0][-4.67011,0.731405,0.126604][-0.358957,0.133049,-0.923823][0.939948,0.825308,0][-4.65029,1.16911,0.197624][-0.127359,0.184399,-0.974565][0.911443,0.871323,0][-4.43698,0.822906,0.0324237][-0.342682,0.194559,-0.919084][0.907689,0.8177,0][-4.68774,0.218406,0.231304][-0.286542,0.084258,-0.954355][0.059458,0.200431,0][-4.29524,-0.110294,0.0776837][-0.303133,0.099595,-0.947729][0.062309,0.150039,0][-4.62793,-0.220394,0.175764][-0.304855,0.096149,-0.947533][0.089372,0.170779,0][-4.62793,-0.220394,0.175764][-0.304855,0.096149,-0.947533][0.089372,0.170779,0][-5.14269,0.202206,0.361454][-0.277929,0.093272,-0.956063][0.086971,0.236472,0][-4.68774,0.218406,0.231304][-0.286542,0.084258,-0.954355][0.059458,0.200431,0][-4.8932,1.04331,0.226634][-0.852424,-0.461092,-0.246512][0.497837,0.0364107,0][-4.90689,0.996406,0.397064][-0.853727,-0.457475,-0.24873][0.496992,0.0319963,0][-5.19502,1.47121,0.528654][-0.867354,-0.417077,-0.271557][0.511272,0.0286061,0][-5.19502,1.47121,0.528654][-0.867354,-0.417077,-0.271557][0.511272,0.0286061,0][-5.26931,1.73611,0.410664][-0.871468,-0.408142,-0.271962][0.517975,0.0332171,0][-4.8932,1.04331,0.226634][-0.852424,-0.461092,-0.246512][0.497837,0.0364107,0]