version 1.00
474
[1.96456,-1.5413,-0.00190872][0,-2.79253,0][0.838318,0.943065,-0.24975][1.15852,-1.5413,0.140219][0,-3.14159,0][0.848241,0.886788,-0.24975][1.18103,-1.5413,-0.00190684][0,-3.47223,0][0.838318,0.88836,-0.24975][1.96456,-1.5413,-0.00190872][0,-2.79253,0][0.838318,0.943065,-0.24975][1.18103,-1.5413,-0.00190684][0,-3.47223,0][0.838318,0.88836,-0.24975][1.11379,-1.5413,-0.38539][0,-3.43927,0][0.811544,0.883666,-0.24975][1.96456,-1.5413,-0.00190872][0,-2.79253,0][0.838318,0.943065,-0.24975][1.11379,-1.5413,-0.38539][0,-3.43927,0][0.811544,0.883666,-0.24975][1.84608,-1.5413,-0.673854][0,-2.79253,0][0.791405,0.934792,-0.24975][0.955457,-1.5413,-0.696141][0,-3.45575,0][0.789848,0.872611,-0.24975][0.79609,-1.5413,-0.855508][9.22216e-007,-3.14159,4.6016e-007][0.778722,0.861484,-0.24975][1.50492,-1.5413,-1.26475][0,-2.79253,1.9672e-007][0.750149,0.910974,-0.24975][0.955457,-1.5413,-0.696141][0,-3.45575,0][0.789848,0.872611,-0.24975][1.50492,-1.5413,-1.26475][0,-2.79253,1.9672e-007][0.750149,0.910974,-0.24975][1.84608,-1.5413,-0.673854][0,-2.79253,0][0.791405,0.934792,-0.24975][0.955457,-1.5413,-0.696141][0,-3.45575,0][0.789848,0.872611,-0.24975][1.84608,-1.5413,-0.673854][0,-2.79253,0][0.791405,0.934792,-0.24975][1.11379,-1.5413,-0.38539][0,-3.43927,0][0.811544,0.883666,-0.24975][0.982243,-1.5413,-1.70333][0,-2.79253,3.31617e-007][0.719528,0.874481,-0.24975][1.50492,-1.5413,-1.26475][0,-2.79253,1.9672e-007][0.750149,0.910974,-0.24975][0.79609,-1.5413,-0.855508][9.22216e-007,-3.14159,4.6016e-007][0.778722,0.861484,-0.24975][0.982243,-1.5413,-1.70333][0,-2.79253,3.31617e-007][0.719528,0.874481,-0.24975][0.79609,-1.5413,-0.855508][9.22216e-007,-3.14159,4.6016e-007][0.778722,0.861484,-0.24975][0.694159,-1.5413,-0.957439][1.25946e-006,-3.47941,4.86436e-007][0.771605,0.854367,-0.24975][0.982243,-1.5413,-1.70333][0,-2.79253,3.31617e-007][0.719528,0.874481,-0.24975][0.694159,-1.5413,-0.957439][1.25946e-006,-3.47941,4.86436e-007][0.771605,0.854367,-0.24975][0.334768,-1.5413,-1.12998][0,-3.4321,2.10569e-007][0.759559,0.829275,-0.24975][0.34108,-1.5413,-1.9367][0,-2.79253,3.24338e-007][0.703235,0.829716,-0.24975][0.982243,-1.5413,-1.70333][0,-2.79253,3.31617e-007][0.719528,0.874481,-0.24975][0.334768,-1.5413,-1.12998][0,-3.4321,2.10569e-007][0.759559,0.829275,-0.24975][0.34108,-1.5413,-1.9367][0,-2.79253,3.24338e-007][0.703235,0.829716,-0.24975][0.334768,-1.5413,-1.12998][0,-3.4321,2.10569e-007][0.759559,0.829275,-0.24975][-7.53036e-005,-1.5413,-1.18301][-3.56117e-007,-3.45575,-1.61196e-007][0.755856,0.805897,-0.24975][0.34108,-1.5413,-1.9367][0,-2.79253,3.24338e-007][0.703235,0.829716,-0.24975][-7.53036e-005,-1.5413,-1.18301][-3.56117e-007,-3.45575,-1.61196e-007][0.755856,0.805897,-0.24975][-0.350519,-1.5413,-1.1275][0,-3.44389,2.87797e-007][0.759731,0.78143,-0.24975][-1.12337,-1.5413,-0.366887][0,-3.45575,0][0.812836,0.727471,-0.24975][-1.15763,-1.5413,-0.15061][0,-3.14159,0][0.827936,0.725079,-0.24975][-1.84623,-1.5413,0.670037][0,-1.74533,0][0.885232,0.677002,-0.24975][-0.341231,-1.5413,-1.9367][0,-2.79253,3.70247e-007][0.703235,0.782078,-0.24975][0.34108,-1.5413,-1.9367][0,-2.79253,3.24338e-007][0.703235,0.829716,-0.24975][-0.350519,-1.5413,-1.1275][0,-3.44389,2.87797e-007][0.759731,0.78143,-0.24975][-0.341231,-1.5413,-1.9367][0,-2.79253,3.70247e-007][0.703235,0.782078,-0.24975][-0.350519,-1.5413,-1.1275][0,-3.44389,2.87797e-007][0.759731,0.78143,-0.24975][-0.69431,-1.5413,-0.957439][5.70535e-007,-3.46761,6.27837e-007][0.771605,0.757427,-0.24975][-0.341231,-1.5413,-1.9367][0,-2.79253,3.70247e-007][0.703235,0.782078,-0.24975][-0.69431,-1.5413,-0.957439][5.70535e-007,-3.46761,6.27837e-007][0.771605,0.757427,-0.24975][-0.955607,-1.5413,-0.696141][1.91662e-006,-3.45575,1.27103e-006][0.789848,0.739184,-0.24975][-1.84623,-1.5413,0.670037][0,-1.74533,0][0.885232,0.677002,-0.24975][-0.341231,-1.5413,-1.9367][0,-2.79253,3.70247e-007][0.703235,0.782078,-0.24975][-0.955607,-1.5413,-0.696141][1.91662e-006,-3.45575,1.27103e-006][0.789848,0.739184,-0.24975][-1.12337,-1.5413,-0.366887][0,-3.45575,0][0.812836,0.727471,-0.24975][-1.84623,-1.5413,0.670037][0,-1.74533,0][0.885232,0.677002,-0.24975][-0.955607,-1.5413,-0.696141][1.91662e-006,-3.45575,1.27103e-006][0.789848,0.739184,-0.24975][-1.84623,-1.5413,0.670037][0,-1.74533,0][0.885232,0.677002,-0.24975][-0.982394,-1.5413,-1.70333][0,-2.79253,0][0.719528,0.737314,-0.24975][-0.341231,-1.5413,-1.9367][0,-2.79253,3.70247e-007][0.703235,0.782078,-0.24975][-1.84623,-1.5413,0.670037][0,-1.74533,0][0.885232,0.677002,-0.24975][-1.50507,-1.5413,-1.26475][-6.54059e-007,-2.79253,0][0.750149,0.700821,-0.24975][-0.982394,-1.5413,-1.70333][0,-2.79253,0][0.719528,0.737314,-0.24975][-1.84623,-1.5413,0.670037][0,-1.74533,0][0.885232,0.677002,-0.24975][-1.84623,-1.5413,-0.673854][0,-2.79253,0][0.791405,0.677002,-0.24975][-1.50507,-1.5413,-1.26475][-6.54059e-007,-2.79253,0][0.750149,0.700821,-0.24975][-1.84623,-1.5413,0.670037][0,-1.74533,0][0.885232,0.677002,-0.24975][-1.96471,-1.5413,-0.00190837][0,-2.79253,0][0.838318,0.66873,-0.24975][-1.84623,-1.5413,-0.673854][0,-2.79253,0][0.791405,0.677002,-0.24975][-1.84623,-1.5413,0.670037][0,-1.74533,0][0.885232,0.677002,-0.24975][-0.982393,-1.5413,1.69952][0,-2.79253,3.91868e-007][0.957109,0.737314,-0.24975][-1.50507,-1.5413,1.26094][1.23539e-006,-2.79253,-7.13253e-007][0.926488,0.700821,-0.24975][-1.84623,-1.5413,0.670037][0,-1.74533,0][0.885232,0.677002,-0.24975][-0.34123,-1.5413,1.93288][0,-2.79253,2.88849e-007][0.973401,0.782078,-0.24975][-0.982393,-1.5413,1.69952][0,-2.79253,3.91868e-007][0.957109,0.737314,-0.24975][-1.84623,-1.5413,0.670037][0,-1.74533,0][0.885232,0.677002,-0.24975][0.341081,-1.5413,1.93288][0,-2.79253,1.80792e-007][0.973401,0.829716,-0.24975][-0.34123,-1.5413,1.93288][0,-2.79253,2.88849e-007][0.973401,0.782078,-0.24975][-1.84623,-1.5413,0.670037][0,-1.74533,0][0.885232,0.677002,-0.24975][0.982244,-1.5413,1.69952][0,-2.79253,6.06602e-007][0.957109,0.874481,-0.24975][0.341081,-1.5413,1.93288][0,-2.79253,1.80792e-007][0.973401,0.829716,-0.24975][0.364906,-1.5413,1.12139][0,-3.45575,0][0.916745,0.83138,-0.24975][0.45453,-1.5413,1.07572][0,-3.14159,0][0.913557,0.837637,-0.24975][1.50492,-1.5413,1.26093][0,-0.872665,1.92073e-007][0.926488,0.910974,-0.24975][-1.84623,-1.5413,0.670037][0,-1.74533,0][0.885232,0.677002,-0.24975][-0.792011,-1.5413,0.855924][0,-3.15748,0][0.89821,0.750606,-0.24975][-0.69431,-1.5413,0.953625][0,-3.45575,0][0.905032,0.757427,-0.24975][-1.84623,-1.5413,0.670037][0,-1.74533,0][0.885232,0.677002,-0.24975][-0.69431,-1.5413,0.953625][0,-3.45575,0][0.905032,0.757427,-0.24975][-0.365056,-1.5413,1.12139][-6.70137e-007,-3.45575,2.23812e-006][0.916745,0.780415,-0.24975][0.982244,-1.5413,1.69952][0,-2.79253,6.06602e-007][0.957109,0.874481,-0.24975][-1.84623,-1.5413,0.670037][0,-1.74533,0][0.885232,0.677002,-0.24975][-0.365056,-1.5413,1.12139][-6.70137e-007,-3.45575,2.23812e-006][0.916745,0.780415,-0.24975][0.982244,-1.5413,1.69952][0,-2.79253,6.06602e-007][0.957109,0.874481,-0.24975][-0.365056,-1.5413,1.12139][-6.70137e-007,-3.45575,2.23812e-006][0.916745,0.780415,-0.24975][-7.50925e-005,-1.5413,1.1792][-1.51544e-007,-3.45575,1.02942e-006][0.920781,0.805897,-0.24975][1.50492,-1.5413,1.26093][0,-0.872665,1.92073e-007][0.926488,0.910974,-0.24975][0.982244,-1.5413,1.69952][0,-2.79253,6.06602e-007][0.957109,0.874481,-0.24975][-7.50925e-005,-1.5413,1.1792][-1.51544e-007,-3.45575,1.02942e-006][0.920781,0.805897,-0.24975][0.364906,-1.5413,1.12139][0,-3.45575,0][0.916745,0.83138,-0.24975][1.50492,-1.5413,1.26093][0,-0.872665,1.92073e-007][0.926488,0.910974,-0.24975][-7.50925e-005,-1.5413,1.1792][-1.51544e-007,-3.45575,1.02942e-006][0.920781,0.805897,-0.24975][1.84608,-1.5413,0.670036][0,-1.75792,0][0.885232,0.934792,-0.24975][0.961136,-1.5413,0.681182][0,-3.44562,0][0.88601,0.873007,-0.24975][1.12322,-1.5413,0.363074][0,-3.45575,0][0.8638,0.884324,-0.24975][1.12322,-1.5413,0.363074][0,-3.45575,0][0.8638,0.884324,-0.24975][1.15852,-1.5413,0.140219][0,-3.14159,0][0.848241,0.886788,-0.24975][1.96456,-1.5413,-0.00190872][0,-2.79253,0][0.838318,0.943065,-0.24975][1.84608,-1.5413,0.670036][0,-1.75792,0][0.885232,0.934792,-0.24975][1.12322,-1.5413,0.363074][0,-3.45575,0][0.8638,0.884324,-0.24975][1.96456,-1.5413,-0.00190872][0,-2.79253,0][0.838318,0.943065,-0.24975][1.84608,-1.29274,-0.673854][2.90728,0,-1.05816][0.054201,0.240369,0.999001][1.96456,-1.29274,-0.00190873][3.09386,0,0][-0.00157195,0.240369,0.999001][1.96456,-1.5413,-0.00190872][0,-2.79253,0][-0.00157195,0.194859,0.999001][1.96456,-1.5413,-0.00190872][0,-2.79253,0][-0.00157195,0.194859,0.999001][1.84608,-1.5413,-0.673854][0,-2.79253,0][0.054201,0.194859,0.999001][1.84608,-1.29274,-0.673854][2.90728,0,-1.05816][0.054201,0.240369,0.999001][1.50492,-1.29274,-1.26475][2.37004,0,-1.9887][0.109974,0.240369,0.999001][1.84608,-1.29274,-0.673854][2.90728,0,-1.05816][0.054201,0.240369,0.999001][1.84608,-1.5413,-0.673854][0,-2.79253,0][0.054201,0.194859,0.999001][1.84608,-1.5413,-0.673854][0,-2.79253,0][0.054201,0.194859,0.999001][1.50492,-1.5413,-1.26475][0,-2.79253,1.9672e-007][0.109974,0.194859,0.999001][1.50492,-1.29274,-1.26475][2.37004,0,-1.9887][0.109974,0.240369,0.999001][0.982243,-1.29274,-1.70333][1.54693,0,-2.67937][0.165747,0.240369,0.999001][1.50492,-1.29274,-1.26475][2.37004,0,-1.9887][0.109974,0.240369,0.999001][1.50492,-1.5413,-1.26475][0,-2.79253,1.9672e-007][0.109974,0.194859,0.999001][1.50492,-1.5413,-1.26475][0,-2.79253,1.9672e-007][0.109974,0.194859,0.999001][0.982243,-1.5413,-1.70333][0,-2.79253,3.31617e-007][0.165747,0.194859,0.999001][0.982243,-1.29274,-1.70333][1.54693,0,-2.67937][0.165747,0.240369,0.999001][0.34108,-1.29274,-1.9367][0.537244,0,-3.04686][0.22152,0.240369,0.999001][0.982243,-1.29274,-1.70333][1.54693,0,-2.67937][0.165747,0.240369,0.999001][0.982243,-1.5413,-1.70333][0,-2.79253,3.31617e-007][0.165747,0.194859,0.999001][0.982243,-1.5413,-1.70333][0,-2.79253,3.31617e-007][0.165747,0.194859,0.999001][0.34108,-1.5413,-1.9367][0,-2.79253,3.24338e-007][0.22152,0.194859,0.999001][0.34108,-1.29274,-1.9367][0.537244,0,-3.04686][0.22152,0.240369,0.999001][-0.341231,-1.29274,-1.9367][-0.537244,0,-3.04686][0.277293,0.240369,0.999001][0.34108,-1.29274,-1.9367][0.537244,0,-3.04686][0.22152,0.240369,0.999001][0.34108,-1.5413,-1.9367][0,-2.79253,3.24338e-007][0.22152,0.194859,0.999001][0.34108,-1.5413,-1.9367][0,-2.79253,3.24338e-007][0.22152,0.194859,0.999001][-0.341231,-1.5413,-1.9367][0,-2.79253,3.70247e-007][0.277293,0.194859,0.999001][-0.341231,-1.29274,-1.9367][-0.537244,0,-3.04686][0.277293,0.240369,0.999001][-0.982394,-1.29274,-1.70333][-1.54693,-1.12756e-006,-2.67937][0.333066,0.240369,0.999001][-0.341231,-1.29274,-1.9367][-0.537244,0,-3.04686][0.277293,0.240369,0.999001][-0.341231,-1.5413,-1.9367][0,-2.79253,3.70247e-007][0.277293,0.194859,0.999001][-0.341231,-1.5413,-1.9367][0,-2.79253,3.70247e-007][0.277293,0.194859,0.999001][-0.982394,-1.5413,-1.70333][0,-2.79253,0][0.333066,0.194859,0.999001][-0.982394,-1.29274,-1.70333][-1.54693,-1.12756e-006,-2.67937][0.333066,0.240369,0.999001][-1.50507,-1.29274,-1.26475][-2.37004,-1.28349e-007,-1.9887][0.388839,0.240369,0.999001][-0.982394,-1.29274,-1.70333][-1.54693,-1.12756e-006,-2.67937][0.333066,0.240369,0.999001][-0.982394,-1.5413,-1.70333][0,-2.79253,0][0.333066,0.194859,0.999001][-0.982394,-1.5413,-1.70333][0,-2.79253,0][0.333066,0.194859,0.999001][-1.50507,-1.5413,-1.26475][-6.54059e-007,-2.79253,0][0.388839,0.194859,0.999001][-1.50507,-1.29274,-1.26475][-2.37004,-1.28349e-007,-1.9887][0.388839,0.240369,0.999001][-1.84623,-1.29274,-0.673854][-2.90728,0,-1.05816][0.444612,0.240369,0.999001][-1.50507,-1.29274,-1.26475][-2.37004,-1.28349e-007,-1.9887][0.388839,0.240369,0.999001][-1.50507,-1.5413,-1.26475][-6.54059e-007,-2.79253,0][0.388839,0.194859,0.999001][-1.50507,-1.5413,-1.26475][-6.54059e-007,-2.79253,0][0.388839,0.194859,0.999001][-1.84623,-1.5413,-0.673854][0,-2.79253,0][0.444612,0.194859,0.999001][-1.84623,-1.29274,-0.673854][-2.90728,0,-1.05816][0.444612,0.240369,0.999001][-1.96471,-1.29274,-0.00190838][-3.09386,0,2.6438e-007][0.500386,0.240369,0.999001][-1.84623,-1.29274,-0.673854][-2.90728,0,-1.05816][0.444612,0.240369,0.999001][-1.84623,-1.5413,-0.673854][0,-2.79253,0][0.444612,0.194859,0.999001][-1.84623,-1.5413,-0.673854][0,-2.79253,0][0.444612,0.194859,0.999001][-1.96471,-1.5413,-0.00190837][0,-2.79253,0][0.500386,0.194859,0.999001][-1.96471,-1.29274,-0.00190838][-3.09386,0,2.6438e-007][0.500386,0.240369,0.999001][-1.84623,-1.29274,0.670037][-2.90728,0,1.05816][0.556159,0.240369,0.999001][-1.96471,-1.29274,-0.00190838][-3.09386,0,2.6438e-007][0.500386,0.240369,0.999001][-1.96471,-1.5413,-0.00190837][0,-2.79253,0][0.500386,0.194859,0.999001][-1.96471,-1.5413,-0.00190837][0,-2.79253,0][0.500386,0.194859,0.999001][-1.84623,-1.5413,0.670037][0,-1.74533,0][0.556159,0.194859,0.999001][-1.84623,-1.29274,0.670037][-2.90728,0,1.05816][0.556159,0.240369,0.999001][-1.50507,-1.29274,1.26094][-2.37004,0,1.9887][0.611932,0.240369,0.999001][-1.84623,-1.29274,0.670037][-2.90728,0,1.05816][0.556159,0.240369,0.999001][-1.84623,-1.5413,0.670037][0,-1.74533,0][0.556159,0.194859,0.999001][-1.84623,-1.5413,0.670037][0,-1.74533,0][0.556159,0.194859,0.999001][-1.50507,-1.5413,1.26094][1.23539e-006,-2.79253,-7.13253e-007][0.611932,0.194859,0.999001][-1.50507,-1.29274,1.26094][-2.37004,0,1.9887][0.611932,0.240369,0.999001][-0.982393,-1.29274,1.69952][-1.54693,0,2.67937][0.667705,0.240369,0.999001][-1.50507,-1.29274,1.26094][-2.37004,0,1.9887][0.611932,0.240369,0.999001][-1.50507,-1.5413,1.26094][1.23539e-006,-2.79253,-7.13253e-007][0.611932,0.194859,0.999001][-1.50507,-1.5413,1.26094][1.23539e-006,-2.79253,-7.13253e-007][0.611932,0.194859,0.999001][-0.982393,-1.5413,1.69952][0,-2.79253,3.91868e-007][0.667705,0.194859,0.999001][-0.982393,-1.29274,1.69952][-1.54693,0,2.67937][0.667705,0.240369,0.999001][-0.34123,-1.29274,1.93288][-0.537243,0,3.04686][0.723478,0.240369,0.999001][-0.982393,-1.29274,1.69952][-1.54693,0,2.67937][0.667705,0.240369,0.999001][-0.982393,-1.5413,1.69952][0,-2.79253,3.91868e-007][0.667705,0.194859,0.999001][-0.982393,-1.5413,1.69952][0,-2.79253,3.91868e-007][0.667705,0.194859,0.999001][-0.34123,-1.5413,1.93288][0,-2.79253,2.88849e-007][0.723478,0.194859,0.999001][-0.34123,-1.29274,1.93288][-0.537243,0,3.04686][0.723478,0.240369,0.999001][0.341081,-1.29274,1.93288][0.537245,0,3.04686][0.779251,0.240369,0.999001][-0.34123,-1.29274,1.93288][-0.537243,0,3.04686][0.723478,0.240369,0.999001][-0.34123,-1.5413,1.93288][0,-2.79253,2.88849e-007][0.723478,0.194859,0.999001][-0.34123,-1.5413,1.93288][0,-2.79253,2.88849e-007][0.723478,0.194859,0.999001][0.341081,-1.5413,1.93288][0,-2.79253,1.80792e-007][0.779251,0.194859,0.999001][0.341081,-1.29274,1.93288][0.537245,0,3.04686][0.779251,0.240369,0.999001][0.982244,-1.29274,1.69952][1.54693,0,2.67937][0.835024,0.240369,0.999001][0.341081,-1.29274,1.93288][0.537245,0,3.04686][0.779251,0.240369,0.999001][0.341081,-1.5413,1.93288][0,-2.79253,1.80792e-007][0.779251,0.194859,0.999001][0.341081,-1.5413,1.93288][0,-2.79253,1.80792e-007][0.779251,0.194859,0.999001][0.982244,-1.5413,1.69952][0,-2.79253,6.06602e-007][0.835024,0.194859,0.999001][0.982244,-1.29274,1.69952][1.54693,0,2.67937][0.835024,0.240369,0.999001][1.50492,-1.29274,1.26093][2.37004,0,1.9887][0.890797,0.240369,0.999001][0.982244,-1.29274,1.69952][1.54693,0,2.67937][0.835024,0.240369,0.999001][0.982244,-1.5413,1.69952][0,-2.79253,6.06602e-007][0.835024,0.194859,0.999001][0.982244,-1.5413,1.69952][0,-2.79253,6.06602e-007][0.835024,0.194859,0.999001][1.50492,-1.5413,1.26093][0,-0.872665,1.92073e-007][0.890797,0.194859,0.999001][1.50492,-1.29274,1.26093][2.37004,0,1.9887][0.890797,0.240369,0.999001][1.84608,-1.29274,0.670036][2.90728,0,1.05816][0.94657,0.240369,0.999001][1.50492,-1.29274,1.26093][2.37004,0,1.9887][0.890797,0.240369,0.999001][1.50492,-1.5413,1.26093][0,-0.872665,1.92073e-007][0.890797,0.194859,0.999001][1.50492,-1.5413,1.26093][0,-0.872665,1.92073e-007][0.890797,0.194859,0.999001][1.84608,-1.5413,0.670036][0,-1.75792,0][0.94657,0.194859,0.999001][1.84608,-1.29274,0.670036][2.90728,0,1.05816][0.94657,0.240369,0.999001][1.96456,-1.29274,-0.00190873][3.09386,0,0][1.00234,0.240369,0.999001][1.84608,-1.29274,0.670036][2.90728,0,1.05816][0.94657,0.240369,0.999001][1.84608,-1.5413,0.670036][0,-1.75792,0][0.94657,0.194859,0.999001][1.84608,-1.5413,0.670036][0,-1.75792,0][0.94657,0.194859,0.999001][1.96456,-1.5413,-0.00190872][0,-2.79253,0][1.00234,0.194859,0.999001][1.96456,-1.29274,-0.00190873][3.09386,0,0][1.00234,0.240369,0.999001][1.18811,-1.29274,-0.434374][0,3.49066,0][0.0824191,0.782215,-0.178352][1.26437,-1.29274,-0.00190873][0,3.49066,0][0.076481,0.815892,-0.178352][1.96456,-1.29274,-0.00190873][3.09386,0,0][0.0219555,0.815892,-0.178352][1.96456,-1.29274,-0.00190873][3.09386,0,0][0.0219555,0.815892,-0.178352][1.84608,-1.29274,-0.673854][2.90728,0,-1.05816][0.0311821,0.763566,-0.178352][1.18811,-1.29274,-0.434374][0,3.49066,0][0.0824191,0.782215,-0.178352][0.968545,-1.29274,-0.814678][0,3.49066,0][0.0995175,0.7526,-0.178352][1.18811,-1.29274,-0.434374][0,3.49066,0][0.0824191,0.782215,-0.178352][1.84608,-1.29274,-0.673854][2.90728,0,-1.05816][0.0311821,0.763566,-0.178352][1.84608,-1.29274,-0.673854][2.90728,0,-1.05816][0.0311821,0.763566,-0.178352][1.50492,-1.29274,-1.26475][2.37004,0,-1.9887][0.0577487,0.717552,-0.178352][0.968545,-1.29274,-0.814678][0,3.49066,0][0.0995175,0.7526,-0.178352][0.632146,-1.29274,-1.09695][0,3.49066,-4.73103e-007][0.125713,0.730619,-0.178352][0.968545,-1.29274,-0.814678][0,3.49066,0][0.0995175,0.7526,-0.178352][1.50492,-1.29274,-1.26475][2.37004,0,-1.9887][0.0577487,0.717552,-0.178352][1.50492,-1.29274,-1.26475][2.37004,0,-1.9887][0.0577487,0.717552,-0.178352][0.982243,-1.29274,-1.70333][1.54693,0,-2.67937][0.0984511,0.683399,-0.178352][0.632146,-1.29274,-1.09695][0,3.49066,-4.73103e-007][0.125713,0.730619,-0.178352][0.219493,-1.29274,-1.24714][0,3.49066,-5.85263e-007][0.157848,0.718924,-0.178352][0.632146,-1.29274,-1.09695][0,3.49066,-4.73103e-007][0.125713,0.730619,-0.178352][0.982243,-1.29274,-1.70333][1.54693,0,-2.67937][0.0984511,0.683399,-0.178352][0.982243,-1.29274,-1.70333][1.54693,0,-2.67937][0.0984511,0.683399,-0.178352][0.34108,-1.29274,-1.9367][0.537244,0,-3.04686][0.14838,0.665227,-0.178352][0.219493,-1.29274,-1.24714][0,3.49066,-5.85263e-007][0.157848,0.718924,-0.178352][-0.219644,-1.29274,-1.24714][0,3.49066,-5.85263e-007][0.192044,0.718924,-0.178352][0.219493,-1.29274,-1.24714][0,3.49066,-5.85263e-007][0.157848,0.718924,-0.178352][0.34108,-1.29274,-1.9367][0.537244,0,-3.04686][0.14838,0.665227,-0.178352][0.34108,-1.29274,-1.9367][0.537244,0,-3.04686][0.14838,0.665227,-0.178352][-0.341231,-1.29274,-1.9367][-0.537244,0,-3.04686][0.201513,0.665227,-0.178352][-0.219644,-1.29274,-1.24714][0,3.49066,-5.85263e-007][0.192044,0.718924,-0.178352][-0.632297,-1.29274,-1.09695][-2.97146e-007,3.49066,-5.14672e-007][0.224178,0.73062,-0.178352][-0.219644,-1.29274,-1.24714][0,3.49066,-5.85263e-007][0.192044,0.718924,-0.178352][-0.341231,-1.29274,-1.9367][-0.537244,0,-3.04686][0.201513,0.665227,-0.178352][-0.341231,-1.29274,-1.9367][-0.537244,0,-3.04686][0.201513,0.665227,-0.178352][-0.982394,-1.29274,-1.70333][-1.54693,-1.12756e-006,-2.67937][0.251441,0.683399,-0.178352][-0.632297,-1.29274,-1.09695][-2.97146e-007,3.49066,-5.14672e-007][0.224178,0.73062,-0.178352][-0.968695,-1.29274,-0.814677][0,3.49066,-2.34114e-007][0.250374,0.752601,-0.178352][-0.632297,-1.29274,-1.09695][-2.97146e-007,3.49066,-5.14672e-007][0.224178,0.73062,-0.178352][-0.982394,-1.29274,-1.70333][-1.54693,-1.12756e-006,-2.67937][0.251441,0.683399,-0.178352][-0.982394,-1.29274,-1.70333][-1.54693,-1.12756e-006,-2.67937][0.251441,0.683399,-0.178352][-1.50507,-1.29274,-1.26475][-2.37004,-1.28349e-007,-1.9887][0.292143,0.717553,-0.178352][-0.968695,-1.29274,-0.814677][0,3.49066,-2.34114e-007][0.250374,0.752601,-0.178352][-1.18826,-1.29274,-0.434374][0,3.49066,0][0.267472,0.782216,-0.178352][-0.968695,-1.29274,-0.814677][0,3.49066,-2.34114e-007][0.250374,0.752601,-0.178352][-1.50507,-1.29274,-1.26475][-2.37004,-1.28349e-007,-1.9887][0.292143,0.717553,-0.178352][-1.50507,-1.29274,-1.26475][-2.37004,-1.28349e-007,-1.9887][0.292143,0.717553,-0.178352][-1.84623,-1.29274,-0.673854][-2.90728,0,-1.05816][0.318709,0.763567,-0.178352][-1.18826,-1.29274,-0.434374][0,3.49066,0][0.267472,0.782216,-0.178352][-1.26452,-1.29274,-0.0019085][0,3.49066,0][0.27341,0.815893,-0.178352][-1.18826,-1.29274,-0.434374][0,3.49066,0][0.267472,0.782216,-0.178352][-1.84623,-1.29274,-0.673854][-2.90728,0,-1.05816][0.318709,0.763567,-0.178352][-1.84623,-1.29274,-0.673854][-2.90728,0,-1.05816][0.318709,0.763567,-0.178352][-1.96471,-1.29274,-0.00190838][-3.09386,0,2.6438e-007][0.327935,0.815893,-0.178352][-1.26452,-1.29274,-0.0019085][0,3.49066,0][0.27341,0.815893,-0.178352][-1.18826,-1.29274,0.430557][0,3.49066,0][0.267472,0.84957,-0.178352][-1.26452,-1.29274,-0.0019085][0,3.49066,0][0.27341,0.815893,-0.178352][-1.96471,-1.29274,-0.00190838][-3.09386,0,2.6438e-007][0.327935,0.815893,-0.178352][-1.96471,-1.29274,-0.00190838][-3.09386,0,2.6438e-007][0.327935,0.815893,-0.178352][-1.84623,-1.29274,0.670037][-2.90728,0,1.05816][0.318709,0.868219,-0.178352][-1.18826,-1.29274,0.430557][0,3.49066,0][0.267472,0.84957,-0.178352][-0.968695,-1.29274,0.81086][2.24535e-007,3.49066,-4.21742e-007][0.250374,0.879185,-0.178352][-1.18826,-1.29274,0.430557][0,3.49066,0][0.267472,0.84957,-0.178352][-1.84623,-1.29274,0.670037][-2.90728,0,1.05816][0.318709,0.868219,-0.178352][-1.84623,-1.29274,0.670037][-2.90728,0,1.05816][0.318709,0.868219,-0.178352][-1.50507,-1.29274,1.26094][-2.37004,0,1.9887][0.292142,0.914233,-0.178352][-0.968695,-1.29274,0.81086][2.24535e-007,3.49066,-4.21742e-007][0.250374,0.879185,-0.178352][-0.632297,-1.29274,1.09313][2.97146e-007,3.49066,-5.14672e-007][0.224178,0.901165,-0.178352][-0.968695,-1.29274,0.81086][2.24535e-007,3.49066,-4.21742e-007][0.250374,0.879185,-0.178352][-1.50507,-1.29274,1.26094][-2.37004,0,1.9887][0.292142,0.914233,-0.178352][-1.50507,-1.29274,1.26094][-2.37004,0,1.9887][0.292142,0.914233,-0.178352][-0.982393,-1.29274,1.69952][-1.54693,0,2.67937][0.25144,0.948386,-0.178352][-0.632297,-1.29274,1.09313][2.97146e-007,3.49066,-5.14672e-007][0.224178,0.901165,-0.178352][-0.219643,-1.29274,1.24333][0,3.49066,-5.85263e-007][0.192044,0.912861,-0.178352][-0.632297,-1.29274,1.09313][2.97146e-007,3.49066,-5.14672e-007][0.224178,0.901165,-0.178352][-0.982393,-1.29274,1.69952][-1.54693,0,2.67937][0.25144,0.948386,-0.178352][-0.982393,-1.29274,1.69952][-1.54693,0,2.67937][0.25144,0.948386,-0.178352][-0.34123,-1.29274,1.93288][-0.537243,0,3.04686][0.201512,0.966558,-0.178352][-0.219643,-1.29274,1.24333][0,3.49066,-5.85263e-007][0.192044,0.912861,-0.178352][0.219493,-1.29274,1.24332][0,3.49066,-5.85263e-007][0.157847,0.912861,-0.178352][-0.219643,-1.29274,1.24333][0,3.49066,-5.85263e-007][0.192044,0.912861,-0.178352][-0.34123,-1.29274,1.93288][-0.537243,0,3.04686][0.201512,0.966558,-0.178352][-0.34123,-1.29274,1.93288][-0.537243,0,3.04686][0.201512,0.966558,-0.178352][0.341081,-1.29274,1.93288][0.537245,0,3.04686][0.148379,0.966558,-0.178352][0.219493,-1.29274,1.24332][0,3.49066,-5.85263e-007][0.157847,0.912861,-0.178352][0.632147,-1.29274,1.09313][-2.97146e-007,3.49066,-5.14672e-007][0.125713,0.901165,-0.178352][0.219493,-1.29274,1.24332][0,3.49066,-5.85263e-007][0.157847,0.912861,-0.178352][0.341081,-1.29274,1.93288][0.537245,0,3.04686][0.148379,0.966558,-0.178352][0.341081,-1.29274,1.93288][0.537245,0,3.04686][0.148379,0.966558,-0.178352][0.982244,-1.29274,1.69952][1.54693,0,2.67937][0.0984501,0.948385,-0.178352][0.632147,-1.29274,1.09313][-2.97146e-007,3.49066,-5.14672e-007][0.125713,0.901165,-0.178352][0.968545,-1.29274,0.81086][-4.55254e-007,3.49066,-3.82003e-007][0.0995171,0.879184,-0.178352][0.632147,-1.29274,1.09313][-2.97146e-007,3.49066,-5.14672e-007][0.125713,0.901165,-0.178352][0.982244,-1.29274,1.69952][1.54693,0,2.67937][0.0984501,0.948385,-0.178352][0.982244,-1.29274,1.69952][1.54693,0,2.67937][0.0984501,0.948385,-0.178352][1.50492,-1.29274,1.26093][2.37004,0,1.9887][0.057748,0.914232,-0.178352][0.968545,-1.29274,0.81086][-4.55254e-007,3.49066,-3.82003e-007][0.0995171,0.879184,-0.178352][1.18811,-1.29274,0.430556][0,3.49066,-2.19677e-007][0.0824188,0.849569,-0.178352][0.968545,-1.29274,0.81086][-4.55254e-007,3.49066,-3.82003e-007][0.0995171,0.879184,-0.178352][1.50492,-1.29274,1.26093][2.37004,0,1.9887][0.057748,0.914232,-0.178352][1.50492,-1.29274,1.26093][2.37004,0,1.9887][0.057748,0.914232,-0.178352][1.84608,-1.29274,0.670036][2.90728,0,1.05816][0.0311817,0.868218,-0.178352][1.18811,-1.29274,0.430556][0,3.49066,-2.19677e-007][0.0824188,0.849569,-0.178352][1.26437,-1.29274,-0.00190873][0,3.49066,0][0.076481,0.815892,-0.178352][1.18811,-1.29274,0.430556][0,3.49066,-2.19677e-007][0.0824188,0.849569,-0.178352][1.84608,-1.29274,0.670036][2.90728,0,1.05816][0.0311817,0.868218,-0.178352][1.84608,-1.29274,0.670036][2.90728,0,1.05816][0.0311817,0.868218,-0.178352][1.96456,-1.29274,-0.00190873][3.09386,0,0][0.0219555,0.815892,-0.178352][1.26437,-1.29274,-0.00190873][0,3.49066,0][0.076481,0.815892,-0.178352][1.36874,1.52581,-0.500116][0.889094,0.323718,-0.323604][0.058138,0.647849,0.635186][1.45659,1.52581,-0.00190873][0.946154,0.323718,-2.75699e-007][0.00254837,0.647849,0.635186][1.26437,-1.29274,-0.00190873][0,3.49066,0][0.00254837,0.251715,0.642959][1.26437,-1.29274,-0.00190873][0,3.49066,0][0.00254837,0.251715,0.642959][1.18811,-1.29274,-0.434374][0,3.49066,0][0.058138,0.251715,0.642959][1.36874,1.52581,-0.500116][0.889094,0.323718,-0.323604][0.058138,0.647849,0.635186][1.11579,1.52581,-0.938233][0.724796,0.323718,-0.608176][0.113727,0.647849,0.635186][1.36874,1.52581,-0.500116][0.889094,0.323718,-0.323604][0.058138,0.647849,0.635186][1.18811,-1.29274,-0.434374][0,3.49066,0][0.058138,0.251715,0.642959][1.18811,-1.29274,-0.434374][0,3.49066,0][0.058138,0.251715,0.642959][0.968545,-1.29274,-0.814678][0,3.49066,0][0.113727,0.251715,0.642959][1.11579,1.52581,-0.938233][0.724796,0.323718,-0.608176][0.113727,0.647849,0.635186][0.728255,1.52581,-1.26341][0.473077,0.323718,-0.819393][0.169317,0.647849,0.635186][1.11579,1.52581,-0.938233][0.724796,0.323718,-0.608176][0.113727,0.647849,0.635186][0.968545,-1.29274,-0.814678][0,3.49066,0][0.113727,0.251715,0.642959][0.968545,-1.29274,-0.814678][0,3.49066,0][0.113727,0.251715,0.642959][0.632146,-1.29274,-1.09695][0,3.49066,-4.73103e-007][0.169317,0.251715,0.642959][0.728255,1.52581,-1.26341][0.473077,0.323718,-0.819393][0.169317,0.647849,0.635186][0.252871,1.52581,-1.43644][0.164298,0.323718,-0.931779][0.224907,0.647849,0.635186][0.728255,1.52581,-1.26341][0.473077,0.323718,-0.819393][0.169317,0.647849,0.635186][0.632146,-1.29274,-1.09695][0,3.49066,-4.73103e-007][0.169317,0.251715,0.642959][0.632146,-1.29274,-1.09695][0,3.49066,-4.73103e-007][0.169317,0.251715,0.642959][0.219493,-1.29274,-1.24714][0,3.49066,-5.85263e-007][0.224907,0.251715,0.642959][0.252871,1.52581,-1.43644][0.164298,0.323718,-0.931779][0.224907,0.647849,0.635186][-0.253022,1.52581,-1.43644][-0.164298,0.323718,-0.931779][0.280496,0.647849,0.635186][0.252871,1.52581,-1.43644][0.164298,0.323718,-0.931779][0.224907,0.647849,0.635186][0.219493,-1.29274,-1.24714][0,3.49066,-5.85263e-007][0.224907,0.251715,0.642959][0.219493,-1.29274,-1.24714][0,3.49066,-5.85263e-007][0.224907,0.251715,0.642959][-0.219644,-1.29274,-1.24714][0,3.49066,-5.85263e-007][0.280496,0.251715,0.642959][-0.253022,1.52581,-1.43644][-0.164298,0.323718,-0.931779][0.280496,0.647849,0.635186][-0.728406,1.52581,-1.26341][-0.473077,0.323718,-0.819393][0.336086,0.647849,0.635186][-0.253022,1.52581,-1.43644][-0.164298,0.323718,-0.931779][0.280496,0.647849,0.635186][-0.219644,-1.29274,-1.24714][0,3.49066,-5.85263e-007][0.280496,0.251715,0.642959][-0.219644,-1.29274,-1.24714][0,3.49066,-5.85263e-007][0.280496,0.251715,0.642959][-0.632297,-1.29274,-1.09695][-2.97146e-007,3.49066,-5.14672e-007][0.336086,0.251715,0.642959][-0.728406,1.52581,-1.26341][-0.473077,0.323718,-0.819393][0.336086,0.647849,0.635186][-1.11594,1.52581,-0.938232][-0.724796,0.323718,-0.608176][0.391675,0.647849,0.635186][-0.728406,1.52581,-1.26341][-0.473077,0.323718,-0.819393][0.336086,0.647849,0.635186][-0.632297,-1.29274,-1.09695][-2.97146e-007,3.49066,-5.14672e-007][0.336086,0.251715,0.642959][-0.632297,-1.29274,-1.09695][-2.97146e-007,3.49066,-5.14672e-007][0.336086,0.251715,0.642959][-0.968695,-1.29274,-0.814677][0,3.49066,-2.34114e-007][0.391675,0.251715,0.642959][-1.11594,1.52581,-0.938232][-0.724796,0.323718,-0.608176][0.391675,0.647849,0.635186][-1.36889,1.52581,-0.500116][-0.889094,0.323718,-0.323604][0.447265,0.647849,0.635186][-1.11594,1.52581,-0.938232][-0.724796,0.323718,-0.608176][0.391675,0.647849,0.635186][-0.968695,-1.29274,-0.814677][0,3.49066,-2.34114e-007][0.391675,0.251715,0.642959][-0.968695,-1.29274,-0.814677][0,3.49066,-2.34114e-007][0.391675,0.251715,0.642959][-1.18826,-1.29274,-0.434374][0,3.49066,0][0.447265,0.251715,0.642959][-1.36889,1.52581,-0.500116][-0.889094,0.323718,-0.323604][0.447265,0.647849,0.635186][-1.45674,1.52581,-0.00190847][-0.946154,0.323718,0][0.502855,0.647849,0.635186][-1.36889,1.52581,-0.500116][-0.889094,0.323718,-0.323604][0.447265,0.647849,0.635186][-1.18826,-1.29274,-0.434374][0,3.49066,0][0.447265,0.251715,0.642959][-1.18826,-1.29274,-0.434374][0,3.49066,0][0.447265,0.251715,0.642959][-1.26452,-1.29274,-0.0019085][0,3.49066,0][0.502855,0.251715,0.642959][-1.45674,1.52581,-0.00190847][-0.946154,0.323718,0][0.502855,0.647849,0.635186][-1.36889,1.52581,0.496299][-0.889093,0.323718,0.323604][0.558444,0.647849,0.635186][-1.45674,1.52581,-0.00190847][-0.946154,0.323718,0][0.502855,0.647849,0.635186][-1.26452,-1.29274,-0.0019085][0,3.49066,0][0.502855,0.251715,0.642959][-1.26452,-1.29274,-0.0019085][0,3.49066,0][0.502855,0.251715,0.642959][-1.18826,-1.29274,0.430557][0,3.49066,0][0.558444,0.251715,0.642959][-1.36889,1.52581,0.496299][-0.889093,0.323718,0.323604][0.558444,0.647849,0.635186][-1.11594,1.52581,0.934416][-0.724796,0.323718,0.608176][0.614034,0.647849,0.635186][-1.36889,1.52581,0.496299][-0.889093,0.323718,0.323604][0.558444,0.647849,0.635186][-1.18826,-1.29274,0.430557][0,3.49066,0][0.558444,0.251715,0.642959][-1.18826,-1.29274,0.430557][0,3.49066,0][0.558444,0.251715,0.642959][-0.968695,-1.29274,0.81086][2.24535e-007,3.49066,-4.21742e-007][0.614034,0.251715,0.642959][-1.11594,1.52581,0.934416][-0.724796,0.323718,0.608176][0.614034,0.647849,0.635186][-0.728406,1.52581,1.2596][-0.473076,0.323718,0.819393][0.669623,0.647849,0.635186][-1.11594,1.52581,0.934416][-0.724796,0.323718,0.608176][0.614034,0.647849,0.635186][-0.968695,-1.29274,0.81086][2.24535e-007,3.49066,-4.21742e-007][0.614034,0.251715,0.642959][-0.968695,-1.29274,0.81086][2.24535e-007,3.49066,-4.21742e-007][0.614034,0.251715,0.642959][-0.632297,-1.29274,1.09313][2.97146e-007,3.49066,-5.14672e-007][0.669623,0.251715,0.642959][-0.728406,1.52581,1.2596][-0.473076,0.323718,0.819393][0.669623,0.647849,0.635186][-0.253022,1.52581,1.43262][-0.164297,0.323718,0.931779][0.725213,0.647849,0.635186][-0.728406,1.52581,1.2596][-0.473076,0.323718,0.819393][0.669623,0.647849,0.635186][-0.632297,-1.29274,1.09313][2.97146e-007,3.49066,-5.14672e-007][0.669623,0.251715,0.642959][-0.632297,-1.29274,1.09313][2.97146e-007,3.49066,-5.14672e-007][0.669623,0.251715,0.642959][-0.219643,-1.29274,1.24333][0,3.49066,-5.85263e-007][0.725213,0.251715,0.642959][-0.253022,1.52581,1.43262][-0.164297,0.323718,0.931779][0.725213,0.647849,0.635186][0.252872,1.52581,1.43262][0.164298,0.323718,0.931779][0.780802,0.647849,0.635186][-0.253022,1.52581,1.43262][-0.164297,0.323718,0.931779][0.725213,0.647849,0.635186][-0.219643,-1.29274,1.24333][0,3.49066,-5.85263e-007][0.725213,0.251715,0.642959][-0.219643,-1.29274,1.24333][0,3.49066,-5.85263e-007][0.725213,0.251715,0.642959][0.219493,-1.29274,1.24332][0,3.49066,-5.85263e-007][0.780802,0.251715,0.642959][0.252872,1.52581,1.43262][0.164298,0.323718,0.931779][0.780802,0.647849,0.635186][0.728256,1.52581,1.2596][0.473077,0.323718,0.819393][0.836392,0.647849,0.635186][0.252872,1.52581,1.43262][0.164298,0.323718,0.931779][0.780802,0.647849,0.635186][0.219493,-1.29274,1.24332][0,3.49066,-5.85263e-007][0.780802,0.251715,0.642959][0.219493,-1.29274,1.24332][0,3.49066,-5.85263e-007][0.780802,0.251715,0.642959][0.632147,-1.29274,1.09313][-2.97146e-007,3.49066,-5.14672e-007][0.836392,0.251715,0.642959][0.728256,1.52581,1.2596][0.473077,0.323718,0.819393][0.836392,0.647849,0.635186][1.11579,1.52581,0.934415][0.724796,0.323718,0.608176][0.891982,0.647849,0.635186][0.728256,1.52581,1.2596][0.473077,0.323718,0.819393][0.836392,0.647849,0.635186][0.632147,-1.29274,1.09313][-2.97146e-007,3.49066,-5.14672e-007][0.836392,0.251715,0.642959][0.632147,-1.29274,1.09313][-2.97146e-007,3.49066,-5.14672e-007][0.836392,0.251715,0.642959][0.968545,-1.29274,0.81086][-4.55254e-007,3.49066,-3.82003e-007][0.891982,0.251715,0.642959][1.11579,1.52581,0.934415][0.724796,0.323718,0.608176][0.891982,0.647849,0.635186][1.36874,1.52581,0.496298][0.889094,0.323718,0.323603][0.947571,0.647849,0.635186][1.11579,1.52581,0.934415][0.724796,0.323718,0.608176][0.891982,0.647849,0.635186][0.968545,-1.29274,0.81086][-4.55254e-007,3.49066,-3.82003e-007][0.891982,0.251715,0.642959][0.968545,-1.29274,0.81086][-4.55254e-007,3.49066,-3.82003e-007][0.891982,0.251715,0.642959][1.18811,-1.29274,0.430556][0,3.49066,-2.19677e-007][0.947571,0.251715,0.642959][1.36874,1.52581,0.496298][0.889094,0.323718,0.323603][0.947571,0.647849,0.635186][1.45659,1.52581,-0.00190873][0.946154,0.323718,-2.75699e-007][1.00316,0.647849,0.635186][1.36874,1.52581,0.496298][0.889094,0.323718,0.323603][0.947571,0.647849,0.635186][1.18811,-1.29274,0.430556][0,3.49066,-2.19677e-007][0.947571,0.251715,0.642959][1.18811,-1.29274,0.430556][0,3.49066,-2.19677e-007][0.947571,0.251715,0.642959][1.26437,-1.29274,-0.00190873][0,3.49066,0][1.00316,0.251715,0.642959][1.45659,1.52581,-0.00190873][0.946154,0.323718,-2.75699e-007][1.00316,0.647849,0.635186][-1.11394,-1.5413,0.381575][0,-3.40327,0][0.865092,0.728129,-0.24975][-1.84623,-1.5413,0.670037][0,-1.74533,0][0.885232,0.677002,-0.24975][-1.13939,-1.5413,0.261942][0,-3.19408,0][0.85674,0.726353,-0.24975][-1.84623,-1.5413,0.670037][0,-1.74533,0][0.885232,0.677002,-0.24975][-1.15763,-1.5413,-0.15061][0,-3.14159,0][0.827936,0.725079,-0.24975][-1.18118,-1.5413,-0.00190673][0,-3.45575,0][0.838318,0.723435,-0.24975][-1.18118,-1.5413,-0.00190673][0,-3.45575,0][0.838318,0.723435,-0.24975][-1.16525,-1.5413,0.0986304][0,-3.14159,0][0.845338,0.724547,-0.24975][-1.84623,-1.5413,0.670037][0,-1.74533,0][0.885232,0.677002,-0.24975][-1.13939,-1.5413,0.261942][0,-3.19408,0][0.85674,0.726353,-0.24975][-1.84623,-1.5413,0.670037][0,-1.74533,0][0.885232,0.677002,-0.24975][-1.16525,-1.5413,0.0986304][0,-3.14159,0][0.845338,0.724547,-0.24975][-1.84623,-1.5413,0.670037][0,-1.74533,0][0.885232,0.677002,-0.24975][-1.03945,-1.5413,0.52778][0,-3.14159,0][0.8753,0.73333,-0.24975][-0.961286,-1.5413,0.681182][0,-3.43986,0][0.88601,0.738787,-0.24975][-0.961286,-1.5413,0.681182][0,-3.43986,0][0.88601,0.738787,-0.24975][-0.792011,-1.5413,0.855924][0,-3.15748,0][0.89821,0.750606,-0.24975][-1.84623,-1.5413,0.670037][0,-1.74533,0][0.885232,0.677002,-0.24975][1.50492,-1.5413,1.26093][0,-0.872665,1.92073e-007][0.926488,0.910974,-0.24975][0.45453,-1.5413,1.07572][0,-3.14159,0][0.913557,0.837637,-0.24975][0.694159,-1.5413,0.953625][0,-3.46589,0][0.905032,0.854367,-0.24975][0.694159,-1.5413,0.953625][0,-3.46589,0][0.905032,0.854367,-0.24975][0.961136,-1.5413,0.681182][0,-3.44562,0][0.88601,0.873007,-0.24975][1.84608,-1.5413,0.670036][0,-1.75792,0][0.885232,0.934792,-0.24975][1.50492,-1.5413,1.26093][0,-0.872665,1.92073e-007][0.926488,0.910974,-0.24975][0.694159,-1.5413,0.953625][0,-3.46589,0][0.905032,0.854367,-0.24975][1.84608,-1.5413,0.670036][0,-1.75792,0][0.885232,0.934792,-0.24975][-1.03945,-1.5413,0.52778][0,-3.14159,0][0.8753,0.73333,-0.24975][-1.84623,-1.5413,0.670037][0,-1.74533,0][0.885232,0.677002,-0.24975][-1.11394,-1.5413,0.381575][0,-3.40327,0][0.865092,0.728129,-0.24975][-7.52509e-005,1.4328,-0.00190692][0,-1,0][0.838318,0.805897,0.18848][0.546071,1.4328,-0.179361][-0.0820257,-0.996274,0.0266518][0.825929,0.844028,0.18848][0.574177,1.4328,-0.00190692][-0.086247,-0.996274,0][0.838318,0.84599,0.18848][-7.52509e-005,1.4328,-0.00190692][0,-1,0][0.838318,0.805897,0.18848][0.464505,1.4328,-0.339444][-0.0697752,-0.996274,0.0506946][0.814752,0.838333,0.18848][0.546071,1.4328,-0.179361][-0.0820257,-0.996274,0.0266518][0.825929,0.844028,0.18848][-7.52509e-005,1.4328,-0.00190692][0,-1,0][0.838318,0.805897,0.18848][0.337462,1.4328,-0.466487][-0.0506947,-0.996274,0.0697752][0.805882,0.829463,0.18848][0.464505,1.4328,-0.339444][-0.0697752,-0.996274,0.0506946][0.814752,0.838333,0.18848][-7.52509e-005,1.4328,-0.00190692][0,-1,0][0.838318,0.805897,0.18848][0.177378,1.4328,-0.548053][-0.0266517,-0.996274,0.0820257][0.800188,0.818287,0.18848][0.337462,1.4328,-0.466487][-0.0506947,-0.996274,0.0697752][0.805882,0.829463,0.18848][-7.52509e-005,1.4328,-0.00190692][0,-1,0][0.838318,0.805897,0.18848][-7.5276e-005,1.4328,-0.576159][0,-0.996274,0.0862469][0.798225,0.805897,0.18848][0.177378,1.4328,-0.548053][-0.0266517,-0.996274,0.0820257][0.800188,0.818287,0.18848][-7.52509e-005,1.4328,-0.00190692][0,-1,0][0.838318,0.805897,0.18848][-0.177529,1.4328,-0.548053][0.0266517,-0.996274,0.0820257][0.800188,0.793508,0.18848][-7.5276e-005,1.4328,-0.576159][0,-0.996274,0.0862469][0.798225,0.805897,0.18848][-7.52509e-005,1.4328,-0.00190692][0,-1,0][0.838318,0.805897,0.18848][-0.337612,1.4328,-0.466487][0.0506947,-0.996274,0.0697752][0.805882,0.782331,0.18848][-0.177529,1.4328,-0.548053][0.0266517,-0.996274,0.0820257][0.800188,0.793508,0.18848][-7.52509e-005,1.4328,-0.00190692][0,-1,0][0.838318,0.805897,0.18848][-0.464655,1.4328,-0.339444][0.0697752,-0.996274,0.0506946][0.814752,0.773461,0.18848][-0.337612,1.4328,-0.466487][0.0506947,-0.996274,0.0697752][0.805882,0.782331,0.18848][-7.52509e-005,1.4328,-0.00190692][0,-1,0][0.838318,0.805897,0.18848][-0.546222,1.4328,-0.179361][0.0820256,-0.996274,0.0266517][0.825929,0.767766,0.18848][-0.464655,1.4328,-0.339444][0.0697752,-0.996274,0.0506946][0.814752,0.773461,0.18848][-7.52509e-005,1.4328,-0.00190692][0,-1,0][0.838318,0.805897,0.18848][-0.574328,1.4328,-0.00190687][0.0862469,-0.996274,0][0.838318,0.765804,0.18848][-0.546222,1.4328,-0.179361][0.0820256,-0.996274,0.0266517][0.825929,0.767766,0.18848][-7.52509e-005,1.4328,-0.00190692][0,-1,0][0.838318,0.805897,0.18848][-0.546222,1.4328,0.175547][0.0820256,-0.996274,-0.0266518][0.850708,0.767766,0.18848][-0.574328,1.4328,-0.00190687][0.0862469,-0.996274,0][0.838318,0.765804,0.18848][-7.52509e-005,1.4328,-0.00190692][0,-1,0][0.838318,0.805897,0.18848][-0.464655,1.4328,0.33563][0.0697753,-0.996274,-0.0506947][0.861885,0.773461,0.18848][-0.546222,1.4328,0.175547][0.0820256,-0.996274,-0.0266518][0.850708,0.767766,0.18848][-7.52509e-005,1.4328,-0.00190692][0,-1,0][0.838318,0.805897,0.18848][-0.337612,1.4328,0.462673][0.0506946,-0.996274,-0.0697753][0.870754,0.782331,0.18848][-0.464655,1.4328,0.33563][0.0697753,-0.996274,-0.0506947][0.861885,0.773461,0.18848][-7.52509e-005,1.4328,-0.00190692][0,-1,0][0.838318,0.805897,0.18848][-0.177529,1.4328,0.54424][0.0266517,-0.996274,-0.0820257][0.876449,0.793508,0.18848][-0.337612,1.4328,0.462673][0.0506946,-0.996274,-0.0697753][0.870754,0.782331,0.18848][-7.52509e-005,1.4328,-0.00190692][0,-1,0][0.838318,0.805897,0.18848][-7.51756e-005,1.4328,0.572345][0,-0.996274,-0.0862469][0.878412,0.805897,0.18848][-0.177529,1.4328,0.54424][0.0266517,-0.996274,-0.0820257][0.876449,0.793508,0.18848][-7.52509e-005,1.4328,-0.00190692][0,-1,0][0.838318,0.805897,0.18848][0.177379,1.4328,0.54424][-0.0266518,-0.996274,-0.0820257][0.876449,0.818287,0.18848][-7.51756e-005,1.4328,0.572345][0,-0.996274,-0.0862469][0.878412,0.805897,0.18848][-7.52509e-005,1.4328,-0.00190692][0,-1,0][0.838318,0.805897,0.18848][0.337462,1.4328,0.462673][-0.0506947,-0.996274,-0.0697752][0.870754,0.829463,0.18848][0.177379,1.4328,0.54424][-0.0266518,-0.996274,-0.0820257][0.876449,0.818287,0.18848][-7.52509e-005,1.4328,-0.00190692][0,-1,0][0.838318,0.805897,0.18848][0.464505,1.4328,0.33563][-0.0697753,-0.996274,-0.0506947][0.861885,0.838333,0.18848][0.337462,1.4328,0.462673][-0.0506947,-0.996274,-0.0697752][0.870754,0.829463,0.18848][-7.52509e-005,1.4328,-0.00190692][0,-1,0][0.838318,0.805897,0.18848][0.546071,1.4328,0.175547][-0.0820257,-0.996274,-0.0266517][0.850708,0.844028,0.18848][0.464505,1.4328,0.33563][-0.0697753,-0.996274,-0.0506947][0.861885,0.838333,0.18848][-7.52509e-005,1.4328,-0.00190692][0,-1,0][0.838318,0.805897,0.18848][0.574177,1.4328,-0.00190692][-0.086247,-0.996274,0][0.838318,0.84599,0.18848][0.546071,1.4328,0.175547][-0.0820257,-0.996274,-0.0266517][0.850708,0.844028,0.18848][0.574177,1.4328,-0.00190692][-0.086247,-0.996274,0][0.838318,0.84599,0.18848][0.546071,1.4328,-0.179361][-0.0820257,-0.996274,0.0266518][0.825929,0.844028,0.18848][0.72442,1.40309,-0.23731][-0.307215,-0.946391,0.0998201][0.821883,0.85648,0.179949][0.72442,1.40309,-0.23731][-0.307215,-0.946391,0.0998201][0.821883,0.85648,0.179949][0.761704,1.40309,-0.00190691][-0.323025,-0.946391,0][0.838318,0.859083,0.179949][0.574177,1.4328,-0.00190692][-0.086247,-0.996274,0][0.838318,0.84599,0.18848][0.546071,1.4328,-0.179361][-0.0820257,-0.996274,0.0266518][0.825929,0.844028,0.18848][0.464505,1.4328,-0.339444][-0.0697752,-0.996274,0.0506946][0.814752,0.838333,0.18848][0.616217,1.40309,-0.44967][-0.261333,-0.946391,0.189869][0.807057,0.848926,0.179949][0.616217,1.40309,-0.44967][-0.261333,-0.946391,0.189869][0.807057,0.848926,0.179949][0.72442,1.40309,-0.23731][-0.307215,-0.946391,0.0998201][0.821883,0.85648,0.179949][0.546071,1.4328,-0.179361][-0.0820257,-0.996274,0.0266518][0.825929,0.844028,0.18848][0.464505,1.4328,-0.339444][-0.0697752,-0.996274,0.0506946][0.814752,0.838333,0.18848][0.337462,1.4328,-0.466487][-0.0506947,-0.996274,0.0697752][0.805882,0.829463,0.18848][0.447687,1.40309,-0.618199][-0.189869,-0.946391,0.261332][0.79529,0.837159,0.179949][0.447687,1.40309,-0.618199][-0.189869,-0.946391,0.261332][0.79529,0.837159,0.179949][0.616217,1.40309,-0.44967][-0.261333,-0.946391,0.189869][0.807057,0.848926,0.179949][0.464505,1.4328,-0.339444][-0.0697752,-0.996274,0.0506946][0.814752,0.838333,0.18848][0.337462,1.4328,-0.466487][-0.0506947,-0.996274,0.0697752][0.805882,0.829463,0.18848][0.177378,1.4328,-0.548053][-0.0266517,-0.996274,0.0820257][0.800188,0.818287,0.18848][0.235327,1.40309,-0.726402][-0.0998201,-0.946391,0.307215][0.787735,0.822333,0.179949][0.235327,1.40309,-0.726402][-0.0998201,-0.946391,0.307215][0.787735,0.822333,0.179949][0.447687,1.40309,-0.618199][-0.189869,-0.946391,0.261332][0.79529,0.837159,0.179949][0.337462,1.4328,-0.466487][-0.0506947,-0.996274,0.0697752][0.805882,0.829463,0.18848][0.177378,1.4328,-0.548053][-0.0266517,-0.996274,0.0820257][0.800188,0.818287,0.18848][-7.5276e-005,1.4328,-0.576159][0,-0.996274,0.0862469][0.798225,0.805897,0.18848][-7.52842e-005,1.40309,-0.763686][0,-0.946391,0.323025][0.785132,0.805897,0.179949][-7.52842e-005,1.40309,-0.763686][0,-0.946391,0.323025][0.785132,0.805897,0.179949][0.235327,1.40309,-0.726402][-0.0998201,-0.946391,0.307215][0.787735,0.822333,0.179949][0.177378,1.4328,-0.548053][-0.0266517,-0.996274,0.0820257][0.800188,0.818287,0.18848][-7.5276e-005,1.4328,-0.576159][0,-0.996274,0.0862469][0.798225,0.805897,0.18848][-0.177529,1.4328,-0.548053][0.0266517,-0.996274,0.0820257][0.800188,0.793508,0.18848][-0.235478,1.40309,-0.726402][0.0998201,-0.946391,0.307215][0.787735,0.789462,0.179949][-0.235478,1.40309,-0.726402][0.0998201,-0.946391,0.307215][0.787735,0.789462,0.179949][-7.52842e-005,1.40309,-0.763686][0,-0.946391,0.323025][0.785132,0.805897,0.179949][-7.5276e-005,1.4328,-0.576159][0,-0.996274,0.0862469][0.798225,0.805897,0.18848][-0.177529,1.4328,-0.548053][0.0266517,-0.996274,0.0820257][0.800188,0.793508,0.18848][-0.337612,1.4328,-0.466487][0.0506947,-0.996274,0.0697752][0.805882,0.782331,0.18848][-0.447838,1.40309,-0.618199][0.189869,-0.946391,0.261332][0.79529,0.774635,0.179949][-0.447838,1.40309,-0.618199][0.189869,-0.946391,0.261332][0.79529,0.774635,0.179949][-0.235478,1.40309,-0.726402][0.0998201,-0.946391,0.307215][0.787735,0.789462,0.179949][-0.177529,1.4328,-0.548053][0.0266517,-0.996274,0.0820257][0.800188,0.793508,0.18848][-0.337612,1.4328,-0.466487][0.0506947,-0.996274,0.0697752][0.805882,0.782331,0.18848][-0.464655,1.4328,-0.339444][0.0697752,-0.996274,0.0506946][0.814752,0.773461,0.18848][-0.616368,1.40309,-0.44967][0.261332,-0.946391,0.189869][0.807057,0.762869,0.179949][-0.616368,1.40309,-0.44967][0.261332,-0.946391,0.189869][0.807057,0.762869,0.179949][-0.447838,1.40309,-0.618199][0.189869,-0.946391,0.261332][0.79529,0.774635,0.179949][-0.337612,1.4328,-0.466487][0.0506947,-0.996274,0.0697752][0.805882,0.782331,0.18848][-0.464655,1.4328,-0.339444][0.0697752,-0.996274,0.0506946][0.814752,0.773461,0.18848][-0.546222,1.4328,-0.179361][0.0820256,-0.996274,0.0266517][0.825929,0.767766,0.18848][-0.724571,1.40309,-0.23731][0.307215,-0.946391,0.0998201][0.821883,0.755314,0.179949][-0.724571,1.40309,-0.23731][0.307215,-0.946391,0.0998201][0.821883,0.755314,0.179949][-0.616368,1.40309,-0.44967][0.261332,-0.946391,0.189869][0.807057,0.762869,0.179949][-0.464655,1.4328,-0.339444][0.0697752,-0.996274,0.0506946][0.814752,0.773461,0.18848][-0.546222,1.4328,-0.179361][0.0820256,-0.996274,0.0266517][0.825929,0.767766,0.18848][-0.574328,1.4328,-0.00190687][0.0862469,-0.996274,0][0.838318,0.765804,0.18848][-0.761855,1.40309,-0.00190685][0.323025,-0.946391,0][0.838318,0.752711,0.179949][-0.761855,1.40309,-0.00190685][0.323025,-0.946391,0][0.838318,0.752711,0.179949][-0.724571,1.40309,-0.23731][0.307215,-0.946391,0.0998201][0.821883,0.755314,0.179949][-0.546222,1.4328,-0.179361][0.0820256,-0.996274,0.0266517][0.825929,0.767766,0.18848][-0.574328,1.4328,-0.00190687][0.0862469,-0.996274,0][0.838318,0.765804,0.18848][-0.546222,1.4328,0.175547][0.0820256,-0.996274,-0.0266518][0.850708,0.767766,0.18848][-0.724571,1.40309,0.233496][0.307215,-0.946391,-0.0998201][0.854754,0.755314,0.179949][-0.724571,1.40309,0.233496][0.307215,-0.946391,-0.0998201][0.854754,0.755314,0.179949][-0.761855,1.40309,-0.00190685][0.323025,-0.946391,0][0.838318,0.752711,0.179949][-0.574328,1.4328,-0.00190687][0.0862469,-0.996274,0][0.838318,0.765804,0.18848][-0.546222,1.4328,0.175547][0.0820256,-0.996274,-0.0266518][0.850708,0.767766,0.18848][-0.464655,1.4328,0.33563][0.0697753,-0.996274,-0.0506947][0.861885,0.773461,0.18848][-0.616368,1.40309,0.445856][0.261332,-0.946391,-0.189869][0.86958,0.762869,0.179949][-0.616368,1.40309,0.445856][0.261332,-0.946391,-0.189869][0.86958,0.762869,0.179949][-0.724571,1.40309,0.233496][0.307215,-0.946391,-0.0998201][0.854754,0.755314,0.179949][-0.546222,1.4328,0.175547][0.0820256,-0.996274,-0.0266518][0.850708,0.767766,0.18848][-0.464655,1.4328,0.33563][0.0697753,-0.996274,-0.0506947][0.861885,0.773461,0.18848][-0.337612,1.4328,0.462673][0.0506946,-0.996274,-0.0697753][0.870754,0.782331,0.18848][-0.447838,1.40309,0.614386][0.189869,-0.946391,-0.261332][0.881347,0.774635,0.179949][-0.447838,1.40309,0.614386][0.189869,-0.946391,-0.261332][0.881347,0.774635,0.179949][-0.616368,1.40309,0.445856][0.261332,-0.946391,-0.189869][0.86958,0.762869,0.179949][-0.464655,1.4328,0.33563][0.0697753,-0.996274,-0.0506947][0.861885,0.773461,0.18848][-0.337612,1.4328,0.462673][0.0506946,-0.996274,-0.0697753][0.870754,0.782331,0.18848][-0.177529,1.4328,0.54424][0.0266517,-0.996274,-0.0820257][0.876449,0.793508,0.18848][-0.235478,1.40309,0.722588][0.0998201,-0.946391,-0.307215][0.888901,0.789462,0.179949][-0.235478,1.40309,0.722588][0.0998201,-0.946391,-0.307215][0.888901,0.789462,0.179949][-0.447838,1.40309,0.614386][0.189869,-0.946391,-0.261332][0.881347,0.774635,0.179949][-0.337612,1.4328,0.462673][0.0506946,-0.996274,-0.0697753][0.870754,0.782331,0.18848][-0.177529,1.4328,0.54424][0.0266517,-0.996274,-0.0820257][0.876449,0.793508,0.18848][-7.51756e-005,1.4328,0.572345][0,-0.996274,-0.0862469][0.878412,0.805897,0.18848][-7.5151e-005,1.40309,0.759872][0,-0.946391,-0.323024][0.891505,0.805897,0.179949][-7.5151e-005,1.40309,0.759872][0,-0.946391,-0.323024][0.891505,0.805897,0.179949][-0.235478,1.40309,0.722588][0.0998201,-0.946391,-0.307215][0.888901,0.789462,0.179949][-0.177529,1.4328,0.54424][0.0266517,-0.996274,-0.0820257][0.876449,0.793508,0.18848][-7.51756e-005,1.4328,0.572345][0,-0.996274,-0.0862469][0.878412,0.805897,0.18848][0.177379,1.4328,0.54424][-0.0266518,-0.996274,-0.0820257][0.876449,0.818287,0.18848][0.235328,1.40309,0.722588][-0.0998201,-0.946391,-0.307215][0.888901,0.822333,0.179949][0.235328,1.40309,0.722588][-0.0998201,-0.946391,-0.307215][0.888901,0.822333,0.179949][-7.5151e-005,1.40309,0.759872][0,-0.946391,-0.323024][0.891505,0.805897,0.179949][-7.51756e-005,1.4328,0.572345][0,-0.996274,-0.0862469][0.878412,0.805897,0.18848][0.177379,1.4328,0.54424][-0.0266518,-0.996274,-0.0820257][0.876449,0.818287,0.18848][0.337462,1.4328,0.462673][-0.0506947,-0.996274,-0.0697752][0.870754,0.829463,0.18848][0.447688,1.40309,0.614385][-0.189869,-0.946391,-0.261332][0.881347,0.837159,0.179949][0.447688,1.40309,0.614385][-0.189869,-0.946391,-0.261332][0.881347,0.837159,0.179949][0.235328,1.40309,0.722588][-0.0998201,-0.946391,-0.307215][0.888901,0.822333,0.179949][0.177379,1.4328,0.54424][-0.0266518,-0.996274,-0.0820257][0.876449,0.818287,0.18848][0.337462,1.4328,0.462673][-0.0506947,-0.996274,-0.0697752][0.870754,0.829463,0.18848][0.464505,1.4328,0.33563][-0.0697753,-0.996274,-0.0506947][0.861885,0.838333,0.18848][0.616217,1.40309,0.445856][-0.261332,-0.946391,-0.189869][0.86958,0.848926,0.179949][0.616217,1.40309,0.445856][-0.261332,-0.946391,-0.189869][0.86958,0.848926,0.179949][0.447688,1.40309,0.614385][-0.189869,-0.946391,-0.261332][0.881347,0.837159,0.179949][0.337462,1.4328,0.462673][-0.0506947,-0.996274,-0.0697752][0.870754,0.829463,0.18848][0.464505,1.4328,0.33563][-0.0697753,-0.996274,-0.0506947][0.861885,0.838333,0.18848][0.546071,1.4328,0.175547][-0.0820257,-0.996274,-0.0266517][0.850708,0.844028,0.18848][0.72442,1.40309,0.233496][-0.307215,-0.946391,-0.0998201][0.854754,0.85648,0.179949][0.72442,1.40309,0.233496][-0.307215,-0.946391,-0.0998201][0.854754,0.85648,0.179949][0.616217,1.40309,0.445856][-0.261332,-0.946391,-0.189869][0.86958,0.848926,0.179949][0.464505,1.4328,0.33563][-0.0697753,-0.996274,-0.0506947][0.861885,0.838333,0.18848][0.546071,1.4328,0.175547][-0.0820257,-0.996274,-0.0266517][0.850708,0.844028,0.18848][0.574177,1.4328,-0.00190692][-0.086247,-0.996274,0][0.838318,0.84599,0.18848][0.761704,1.40309,-0.00190691][-0.323025,-0.946391,0][0.838318,0.859083,0.179949][0.761704,1.40309,-0.00190691][-0.323025,-0.946391,0][0.838318,0.859083,0.179949][0.72442,1.40309,0.233496][-0.307215,-0.946391,-0.0998201][0.854754,0.85648,0.179949][0.546071,1.4328,0.175547][-0.0820257,-0.996274,-0.0266517][0.850708,0.844028,0.18848][0.761704,1.40309,-0.00190691][-0.323025,-0.946391,0][0.838318,0.859083,0.179949][0.72442,1.40309,-0.23731][-0.307215,-0.946391,0.0998201][0.821883,0.85648,0.179949][0.885311,1.3169,-0.289586][-0.568566,-0.801626,0.184738][0.818233,0.867713,0.155189][0.885311,1.3169,-0.289586][-0.568566,-0.801626,0.184738][0.818233,0.867713,0.155189][0.930875,1.3169,-0.00190691][-0.597826,-0.801626,0][0.838318,0.870894,0.155189][0.761704,1.40309,-0.00190691][-0.323025,-0.946391,0][0.838318,0.859083,0.179949][0.72442,1.40309,-0.23731][-0.307215,-0.946391,0.0998201][0.821883,0.85648,0.179949][0.616217,1.40309,-0.44967][-0.261333,-0.946391,0.189869][0.807057,0.848926,0.179949][0.753079,1.3169,-0.549106][-0.483651,-0.801626,0.351393][0.800114,0.858481,0.155189][0.753079,1.3169,-0.549106][-0.483651,-0.801626,0.351393][0.800114,0.858481,0.155189][0.885311,1.3169,-0.289586][-0.568566,-0.801626,0.184738][0.818233,0.867713,0.155189][0.72442,1.40309,-0.23731][-0.307215,-0.946391,0.0998201][0.821883,0.85648,0.179949][0.616217,1.40309,-0.44967][-0.261333,-0.946391,0.189869][0.807057,0.848926,0.179949][0.447687,1.40309,-0.618199][-0.189869,-0.946391,0.261332][0.79529,0.837159,0.179949][0.547123,1.3169,-0.755061][-0.351393,-0.801626,0.483652][0.785734,0.844102,0.155189][0.547123,1.3169,-0.755061][-0.351393,-0.801626,0.483652][0.785734,0.844102,0.155189][0.753079,1.3169,-0.549106][-0.483651,-0.801626,0.351393][0.800114,0.858481,0.155189][0.616217,1.40309,-0.44967][-0.261333,-0.946391,0.189869][0.807057,0.848926,0.179949][0.447687,1.40309,-0.618199][-0.189869,-0.946391,0.261332][0.79529,0.837159,0.179949][0.235327,1.40309,-0.726402][-0.0998201,-0.946391,0.307215][0.787735,0.822333,0.179949][0.287604,1.3169,-0.887293][-0.184738,-0.801626,0.568566][0.776503,0.825982,0.155189][0.287604,1.3169,-0.887293][-0.184738,-0.801626,0.568566][0.776503,0.825982,0.155189][0.547123,1.3169,-0.755061][-0.351393,-0.801626,0.483652][0.785734,0.844102,0.155189][0.447687,1.40309,-0.618199][-0.189869,-0.946391,0.261332][0.79529,0.837159,0.179949][0.235327,1.40309,-0.726402][-0.0998201,-0.946391,0.307215][0.787735,0.822333,0.179949][-7.52842e-005,1.40309,-0.763686][0,-0.946391,0.323025][0.785132,0.805897,0.179949][-7.52916e-005,1.3169,-0.932857][0,-0.801626,0.597826][0.773321,0.805897,0.155189][-7.52916e-005,1.3169,-0.932857][0,-0.801626,0.597826][0.773321,0.805897,0.155189][0.287604,1.3169,-0.887293][-0.184738,-0.801626,0.568566][0.776503,0.825982,0.155189][0.235327,1.40309,-0.726402][-0.0998201,-0.946391,0.307215][0.787735,0.822333,0.179949][-7.52842e-005,1.40309,-0.763686][0,-0.946391,0.323025][0.785132,0.805897,0.179949][-0.235478,1.40309,-0.726402][0.0998201,-0.946391,0.307215][0.787735,0.789462,0.179949][-0.287755,1.3169,-0.887293][0.184739,-0.801626,0.568567][0.776503,0.785812,0.155189][-0.287755,1.3169,-0.887293][0.184739,-0.801626,0.568567][0.776503,0.785812,0.155189][-7.52916e-005,1.3169,-0.932857][0,-0.801626,0.597826][0.773321,0.805897,0.155189][-7.52842e-005,1.40309,-0.763686][0,-0.946391,0.323025][0.785132,0.805897,0.179949][-0.235478,1.40309,-0.726402][0.0998201,-0.946391,0.307215][0.787735,0.789462,0.179949][-0.447838,1.40309,-0.618199][0.189869,-0.946391,0.261332][0.79529,0.774635,0.179949][-0.547274,1.3169,-0.755061][0.351393,-0.801626,0.483651][0.785734,0.767693,0.155189][-0.547274,1.3169,-0.755061][0.351393,-0.801626,0.483651][0.785734,0.767693,0.155189][-0.287755,1.3169,-0.887293][0.184739,-0.801626,0.568567][0.776503,0.785812,0.155189][-0.235478,1.40309,-0.726402][0.0998201,-0.946391,0.307215][0.787735,0.789462,0.179949][-0.447838,1.40309,-0.618199][0.189869,-0.946391,0.261332][0.79529,0.774635,0.179949][-0.616368,1.40309,-0.44967][0.261332,-0.946391,0.189869][0.807057,0.762869,0.179949][-0.75323,1.3169,-0.549105][0.483651,-0.801626,0.351393][0.800114,0.753314,0.155189][-0.75323,1.3169,-0.549105][0.483651,-0.801626,0.351393][0.800114,0.753314,0.155189][-0.547274,1.3169,-0.755061][0.351393,-0.801626,0.483651][0.785734,0.767693,0.155189][-0.447838,1.40309,-0.618199][0.189869,-0.946391,0.261332][0.79529,0.774635,0.179949][-0.616368,1.40309,-0.44967][0.261332,-0.946391,0.189869][0.807057,0.762869,0.179949][-0.724571,1.40309,-0.23731][0.307215,-0.946391,0.0998201][0.821883,0.755314,0.179949][-0.885461,1.3169,-0.289586][0.568567,-0.801626,0.184738][0.818233,0.744081,0.155189][-0.885461,1.3169,-0.289586][0.568567,-0.801626,0.184738][0.818233,0.744081,0.155189][-0.75323,1.3169,-0.549105][0.483651,-0.801626,0.351393][0.800114,0.753314,0.155189][-0.616368,1.40309,-0.44967][0.261332,-0.946391,0.189869][0.807057,0.762869,0.179949][-0.724571,1.40309,-0.23731][0.307215,-0.946391,0.0998201][0.821883,0.755314,0.179949][-0.761855,1.40309,-0.00190685][0.323025,-0.946391,0][0.838318,0.752711,0.179949][-0.931025,1.3169,-0.00190683][0.597826,-0.801626,0][0.838318,0.7409,0.155189][-0.931025,1.3169,-0.00190683][0.597826,-0.801626,0][0.838318,0.7409,0.155189][-0.885461,1.3169,-0.289586][0.568567,-0.801626,0.184738][0.818233,0.744081,0.155189][-0.724571,1.40309,-0.23731][0.307215,-0.946391,0.0998201][0.821883,0.755314,0.179949][-0.761855,1.40309,-0.00190685][0.323025,-0.946391,0][0.838318,0.752711,0.179949][-0.724571,1.40309,0.233496][0.307215,-0.946391,-0.0998201][0.854754,0.755314,0.179949][-0.885461,1.3169,0.285773][0.568567,-0.801626,-0.184738][0.858404,0.744081,0.155189][-0.885461,1.3169,0.285773][0.568567,-0.801626,-0.184738][0.858404,0.744081,0.155189][-0.931025,1.3169,-0.00190683][0.597826,-0.801626,0][0.838318,0.7409,0.155189][-0.761855,1.40309,-0.00190685][0.323025,-0.946391,0][0.838318,0.752711,0.179949][-0.724571,1.40309,0.233496][0.307215,-0.946391,-0.0998201][0.854754,0.755314,0.179949][-0.616368,1.40309,0.445856][0.261332,-0.946391,-0.189869][0.86958,0.762869,0.179949][-0.75323,1.3169,0.545292][0.483652,-0.801626,-0.351393][0.876523,0.753314,0.155189][-0.75323,1.3169,0.545292][0.483652,-0.801626,-0.351393][0.876523,0.753314,0.155189][-0.885461,1.3169,0.285773][0.568567,-0.801626,-0.184738][0.858404,0.744081,0.155189][-0.724571,1.40309,0.233496][0.307215,-0.946391,-0.0998201][0.854754,0.755314,0.179949][-0.616368,1.40309,0.445856][0.261332,-0.946391,-0.189869][0.86958,0.762869,0.179949][-0.447838,1.40309,0.614386][0.189869,-0.946391,-0.261332][0.881347,0.774635,0.179949][-0.547274,1.3169,0.751248][0.351393,-0.801626,-0.483651][0.890902,0.767693,0.155189][-0.547274,1.3169,0.751248][0.351393,-0.801626,-0.483651][0.890902,0.767693,0.155189][-0.75323,1.3169,0.545292][0.483652,-0.801626,-0.351393][0.876523,0.753314,0.155189][-0.616368,1.40309,0.445856][0.261332,-0.946391,-0.189869][0.86958,0.762869,0.179949][-0.447838,1.40309,0.614386][0.189869,-0.946391,-0.261332][0.881347,0.774635,0.179949][-0.235478,1.40309,0.722588][0.0998201,-0.946391,-0.307215][0.888901,0.789462,0.179949][-0.287755,1.3169,0.883479][0.184738,-0.801626,-0.568566][0.900134,0.785812,0.155189][-0.287755,1.3169,0.883479][0.184738,-0.801626,-0.568566][0.900134,0.785812,0.155189][-0.547274,1.3169,0.751248][0.351393,-0.801626,-0.483651][0.890902,0.767693,0.155189][-0.447838,1.40309,0.614386][0.189869,-0.946391,-0.261332][0.881347,0.774635,0.179949][-0.235478,1.40309,0.722588][0.0998201,-0.946391,-0.307215][0.888901,0.789462,0.179949][-7.5151e-005,1.40309,0.759872][0,-0.946391,-0.323024][0.891505,0.805897,0.179949][-7.51288e-005,1.3169,0.929043][0,-0.801626,-0.597826][0.903316,0.805897,0.155189][-7.51288e-005,1.3169,0.929043][0,-0.801626,-0.597826][0.903316,0.805897,0.155189][-0.287755,1.3169,0.883479][0.184738,-0.801626,-0.568566][0.900134,0.785812,0.155189][-0.235478,1.40309,0.722588][0.0998201,-0.946391,-0.307215][0.888901,0.789462,0.179949][-7.5151e-005,1.40309,0.759872][0,-0.946391,-0.323024][0.891505,0.805897,0.179949][0.235328,1.40309,0.722588][-0.0998201,-0.946391,-0.307215][0.888901,0.822333,0.179949][0.287604,1.3169,0.883479][-0.184738,-0.801626,-0.568566][0.900134,0.825982,0.155189][0.287604,1.3169,0.883479][-0.184738,-0.801626,-0.568566][0.900134,0.825982,0.155189][-7.51288e-005,1.3169,0.929043][0,-0.801626,-0.597826][0.903316,0.805897,0.155189][-7.5151e-005,1.40309,0.759872][0,-0.946391,-0.323024][0.891505,0.805897,0.179949][0.235328,1.40309,0.722588][-0.0998201,-0.946391,-0.307215][0.888901,0.822333,0.179949][0.447688,1.40309,0.614385][-0.189869,-0.946391,-0.261332][0.881347,0.837159,0.179949][0.547123,1.3169,0.751247][-0.351393,-0.801626,-0.483651][0.890902,0.844102,0.155189][0.547123,1.3169,0.751247][-0.351393,-0.801626,-0.483651][0.890902,0.844102,0.155189][0.287604,1.3169,0.883479][-0.184738,-0.801626,-0.568566][0.900134,0.825982,0.155189][0.235328,1.40309,0.722588][-0.0998201,-0.946391,-0.307215][0.888901,0.822333,0.179949][0.447688,1.40309,0.614385][-0.189869,-0.946391,-0.261332][0.881347,0.837159,0.179949][0.616217,1.40309,0.445856][-0.261332,-0.946391,-0.189869][0.86958,0.848926,0.179949][0.753079,1.3169,0.545292][-0.483652,-0.801626,-0.351393][0.876523,0.858481,0.155189][0.753079,1.3169,0.545292][-0.483652,-0.801626,-0.351393][0.876523,0.858481,0.155189][0.547123,1.3169,0.751247][-0.351393,-0.801626,-0.483651][0.890902,0.844102,0.155189][0.447688,1.40309,0.614385][-0.189869,-0.946391,-0.261332][0.881347,0.837159,0.179949][0.616217,1.40309,0.445856][-0.261332,-0.946391,-0.189869][0.86958,0.848926,0.179949][0.72442,1.40309,0.233496][-0.307215,-0.946391,-0.0998201][0.854754,0.85648,0.179949][0.885311,1.3169,0.285772][-0.568566,-0.801626,-0.184738][0.858404,0.867713,0.155189][0.885311,1.3169,0.285772][-0.568566,-0.801626,-0.184738][0.858404,0.867713,0.155189][0.753079,1.3169,0.545292][-0.483652,-0.801626,-0.351393][0.876523,0.858481,0.155189][0.616217,1.40309,0.445856][-0.261332,-0.946391,-0.189869][0.86958,0.848926,0.179949][0.72442,1.40309,0.233496][-0.307215,-0.946391,-0.0998201][0.854754,0.85648,0.179949][0.761704,1.40309,-0.00190691][-0.323025,-0.946391,0][0.838318,0.859083,0.179949][0.930875,1.3169,-0.00190691][-0.597826,-0.801626,0][0.838318,0.870894,0.155189][0.930875,1.3169,-0.00190691][-0.597826,-0.801626,0][0.838318,0.870894,0.155189][0.885311,1.3169,0.285772][-0.568566,-0.801626,-0.184738][0.858404,0.867713,0.155189][0.72442,1.40309,0.233496][-0.307215,-0.946391,-0.0998201][0.854754,0.85648,0.179949][0.930875,1.3169,-0.00190691][-0.597826,-0.801626,0][0.838318,0.870894,0.155189][0.885311,1.3169,-0.289586][-0.568566,-0.801626,0.184738][0.818233,0.867713,0.155189][1.01299,1.18264,-0.331073][-0.774422,-0.580478,0.251625][0.815337,0.876628,0.116626][1.01299,1.18264,-0.331073][-0.774422,-0.580478,0.251625][0.815337,0.876628,0.116626][1.06513,1.18264,-0.0019069][-0.814276,-0.580478,0][0.838318,0.880268,0.116626][0.930875,1.3169,-0.00190691][-0.597826,-0.801626,0][0.838318,0.870894,0.155189][0.885311,1.3169,-0.289586][-0.568566,-0.801626,0.184738][0.818233,0.867713,0.155189][0.753079,1.3169,-0.549106][-0.483651,-0.801626,0.351393][0.800114,0.858481,0.155189][0.861693,1.18264,-0.628018][-0.658763,-0.580478,0.478619][0.794604,0.866064,0.116626][0.861693,1.18264,-0.628018][-0.658763,-0.580478,0.478619][0.794604,0.866064,0.116626][1.01299,1.18264,-0.331073][-0.774422,-0.580478,0.251625][0.815337,0.876628,0.116626][0.885311,1.3169,-0.289586][-0.568566,-0.801626,0.184738][0.818233,0.867713,0.155189][0.753079,1.3169,-0.549106][-0.483651,-0.801626,0.351393][0.800114,0.858481,0.155189][0.547123,1.3169,-0.755061][-0.351393,-0.801626,0.483652][0.785734,0.844102,0.155189][0.626036,1.18264,-0.863675][-0.478619,-0.580478,0.658763][0.778151,0.849611,0.116626][0.626036,1.18264,-0.863675][-0.478619,-0.580478,0.658763][0.778151,0.849611,0.116626][0.861693,1.18264,-0.628018][-0.658763,-0.580478,0.478619][0.794604,0.866064,0.116626][0.753079,1.3169,-0.549106][-0.483651,-0.801626,0.351393][0.800114,0.858481,0.155189][0.547123,1.3169,-0.755061][-0.351393,-0.801626,0.483652][0.785734,0.844102,0.155189][0.287604,1.3169,-0.887293][-0.184738,-0.801626,0.568566][0.776503,0.825982,0.155189][0.329091,1.18264,-1.01498][-0.251625,-0.580478,0.774422][0.767588,0.828879,0.116626][0.329091,1.18264,-1.01498][-0.251625,-0.580478,0.774422][0.767588,0.828879,0.116626][0.626036,1.18264,-0.863675][-0.478619,-0.580478,0.658763][0.778151,0.849611,0.116626][0.547123,1.3169,-0.755061][-0.351393,-0.801626,0.483652][0.785734,0.844102,0.155189][0.287604,1.3169,-0.887293][-0.184738,-0.801626,0.568566][0.776503,0.825982,0.155189][-7.52916e-005,1.3169,-0.932857][0,-0.801626,0.597826][0.773321,0.805897,0.155189][-7.52974e-005,1.18264,-1.06711][0,-0.580478,0.814276][0.763948,0.805897,0.116626][-7.52974e-005,1.18264,-1.06711][0,-0.580478,0.814276][0.763948,0.805897,0.116626][0.329091,1.18264,-1.01498][-0.251625,-0.580478,0.774422][0.767588,0.828879,0.116626][0.287604,1.3169,-0.887293][-0.184738,-0.801626,0.568566][0.776503,0.825982,0.155189][-7.52916e-005,1.3169,-0.932857][0,-0.801626,0.597826][0.773321,0.805897,0.155189][-0.287755,1.3169,-0.887293][0.184739,-0.801626,0.568567][0.776503,0.785812,0.155189][-0.329242,1.18264,-1.01498][0.251625,-0.580478,0.774422][0.767588,0.782916,0.116626][-0.329242,1.18264,-1.01498][0.251625,-0.580478,0.774422][0.767588,0.782916,0.116626][-7.52974e-005,1.18264,-1.06711][0,-0.580478,0.814276][0.763948,0.805897,0.116626][-7.52916e-005,1.3169,-0.932857][0,-0.801626,0.597826][0.773321,0.805897,0.155189][-0.287755,1.3169,-0.887293][0.184739,-0.801626,0.568567][0.776503,0.785812,0.155189][-0.547274,1.3169,-0.755061][0.351393,-0.801626,0.483651][0.785734,0.767693,0.155189][-0.626187,1.18264,-0.863675][0.478619,-0.580478,0.658763][0.778151,0.762183,0.116626][-0.626187,1.18264,-0.863675][0.478619,-0.580478,0.658763][0.778151,0.762183,0.116626][-0.329242,1.18264,-1.01498][0.251625,-0.580478,0.774422][0.767588,0.782916,0.116626][-0.287755,1.3169,-0.887293][0.184739,-0.801626,0.568567][0.776503,0.785812,0.155189][-0.547274,1.3169,-0.755061][0.351393,-0.801626,0.483651][0.785734,0.767693,0.155189][-0.75323,1.3169,-0.549105][0.483651,-0.801626,0.351393][0.800114,0.753314,0.155189][-0.861844,1.18264,-0.628018][0.658763,-0.580478,0.478619][0.794604,0.74573,0.116626][-0.861844,1.18264,-0.628018][0.658763,-0.580478,0.478619][0.794604,0.74573,0.116626][-0.626187,1.18264,-0.863675][0.478619,-0.580478,0.658763][0.778151,0.762183,0.116626][-0.547274,1.3169,-0.755061][0.351393,-0.801626,0.483651][0.785734,0.767693,0.155189][-0.75323,1.3169,-0.549105][0.483651,-0.801626,0.351393][0.800114,0.753314,0.155189][-0.885461,1.3169,-0.289586][0.568567,-0.801626,0.184738][0.818233,0.744081,0.155189][-1.01314,1.18264,-0.331073][0.774422,-0.580478,0.251625][0.815337,0.735167,0.116626][-1.01314,1.18264,-0.331073][0.774422,-0.580478,0.251625][0.815337,0.735167,0.116626][-0.861844,1.18264,-0.628018][0.658763,-0.580478,0.478619][0.794604,0.74573,0.116626][-0.75323,1.3169,-0.549105][0.483651,-0.801626,0.351393][0.800114,0.753314,0.155189][-0.885461,1.3169,-0.289586][0.568567,-0.801626,0.184738][0.818233,0.744081,0.155189][-0.931025,1.3169,-0.00190683][0.597826,-0.801626,0][0.838318,0.7409,0.155189][-1.06528,1.18264,-0.00190681][0.814276,-0.580478,0][0.838318,0.731527,0.116626][-1.06528,1.18264,-0.00190681][0.814276,-0.580478,0][0.838318,0.731527,0.116626][-1.01314,1.18264,-0.331073][0.774422,-0.580478,0.251625][0.815337,0.735167,0.116626][-0.885461,1.3169,-0.289586][0.568567,-0.801626,0.184738][0.818233,0.744081,0.155189][-0.931025,1.3169,-0.00190683][0.597826,-0.801626,0][0.838318,0.7409,0.155189][-0.885461,1.3169,0.285773][0.568567,-0.801626,-0.184738][0.858404,0.744081,0.155189][-1.01314,1.18264,0.32726][0.774422,-0.580478,-0.251625][0.8613,0.735167,0.116626][-1.01314,1.18264,0.32726][0.774422,-0.580478,-0.251625][0.8613,0.735167,0.116626][-1.06528,1.18264,-0.00190681][0.814276,-0.580478,0][0.838318,0.731527,0.116626][-0.931025,1.3169,-0.00190683][0.597826,-0.801626,0][0.838318,0.7409,0.155189][-0.885461,1.3169,0.285773][0.568567,-0.801626,-0.184738][0.858404,0.744081,0.155189][-0.75323,1.3169,0.545292][0.483652,-0.801626,-0.351393][0.876523,0.753314,0.155189][-0.861844,1.18264,0.624205][0.658763,-0.580478,-0.478619][0.882032,0.74573,0.116626][-0.861844,1.18264,0.624205][0.658763,-0.580478,-0.478619][0.882032,0.74573,0.116626][-1.01314,1.18264,0.32726][0.774422,-0.580478,-0.251625][0.8613,0.735167,0.116626][-0.885461,1.3169,0.285773][0.568567,-0.801626,-0.184738][0.858404,0.744081,0.155189][-0.75323,1.3169,0.545292][0.483652,-0.801626,-0.351393][0.876523,0.753314,0.155189][-0.547274,1.3169,0.751248][0.351393,-0.801626,-0.483651][0.890902,0.767693,0.155189][-0.626187,1.18264,0.859862][0.478619,-0.580478,-0.658763][0.898485,0.762183,0.116626][-0.626187,1.18264,0.859862][0.478619,-0.580478,-0.658763][0.898485,0.762183,0.116626][-0.861844,1.18264,0.624205][0.658763,-0.580478,-0.478619][0.882032,0.74573,0.116626][-0.75323,1.3169,0.545292][0.483652,-0.801626,-0.351393][0.876523,0.753314,0.155189][-0.547274,1.3169,0.751248][0.351393,-0.801626,-0.483651][0.890902,0.767693,0.155189][-0.287755,1.3169,0.883479][0.184738,-0.801626,-0.568566][0.900134,0.785812,0.155189][-0.329241,1.18264,1.01116][0.251625,-0.580478,-0.774422][0.909049,0.782916,0.116626][-0.329241,1.18264,1.01116][0.251625,-0.580478,-0.774422][0.909049,0.782916,0.116626][-0.626187,1.18264,0.859862][0.478619,-0.580478,-0.658763][0.898485,0.762183,0.116626][-0.547274,1.3169,0.751248][0.351393,-0.801626,-0.483651][0.890902,0.767693,0.155189][-0.287755,1.3169,0.883479][0.184738,-0.801626,-0.568566][0.900134,0.785812,0.155189][-7.51288e-005,1.3169,0.929043][0,-0.801626,-0.597826][0.903316,0.805897,0.155189][-7.51112e-005,1.18264,1.0633][0,-0.580478,-0.814276][0.912689,0.805897,0.116626][-7.51112e-005,1.18264,1.0633][0,-0.580478,-0.814276][0.912689,0.805897,0.116626][-0.329241,1.18264,1.01116][0.251625,-0.580478,-0.774422][0.909049,0.782916,0.116626][-0.287755,1.3169,0.883479][0.184738,-0.801626,-0.568566][0.900134,0.785812,0.155189][-7.51288e-005,1.3169,0.929043][0,-0.801626,-0.597826][0.903316,0.805897,0.155189][0.287604,1.3169,0.883479][-0.184738,-0.801626,-0.568566][0.900134,0.825982,0.155189][0.329091,1.18264,1.01116][-0.251625,-0.580478,-0.774422][0.909049,0.828879,0.116626][0.329091,1.18264,1.01116][-0.251625,-0.580478,-0.774422][0.909049,0.828879,0.116626][-7.51112e-005,1.18264,1.0633][0,-0.580478,-0.814276][0.912689,0.805897,0.116626][-7.51288e-005,1.3169,0.929043][0,-0.801626,-0.597826][0.903316,0.805897,0.155189][0.287604,1.3169,0.883479][-0.184738,-0.801626,-0.568566][0.900134,0.825982,0.155189][0.547123,1.3169,0.751247][-0.351393,-0.801626,-0.483651][0.890902,0.844102,0.155189][0.626036,1.18264,0.859862][-0.478619,-0.580478,-0.658763][0.898485,0.849611,0.116626][0.626036,1.18264,0.859862][-0.478619,-0.580478,-0.658763][0.898485,0.849611,0.116626][0.329091,1.18264,1.01116][-0.251625,-0.580478,-0.774422][0.909049,0.828879,0.116626][0.287604,1.3169,0.883479][-0.184738,-0.801626,-0.568566][0.900134,0.825982,0.155189][0.547123,1.3169,0.751247][-0.351393,-0.801626,-0.483651][0.890902,0.844102,0.155189][0.753079,1.3169,0.545292][-0.483652,-0.801626,-0.351393][0.876523,0.858481,0.155189][0.861693,1.18264,0.624204][-0.658763,-0.580478,-0.478619][0.882032,0.866064,0.116626][0.861693,1.18264,0.624204][-0.658763,-0.580478,-0.478619][0.882032,0.866064,0.116626][0.626036,1.18264,0.859862][-0.478619,-0.580478,-0.658763][0.898485,0.849611,0.116626][0.547123,1.3169,0.751247][-0.351393,-0.801626,-0.483651][0.890902,0.844102,0.155189][0.753079,1.3169,0.545292][-0.483652,-0.801626,-0.351393][0.876523,0.858481,0.155189][0.885311,1.3169,0.285772][-0.568566,-0.801626,-0.184738][0.858404,0.867713,0.155189][1.01299,1.18264,0.327259][-0.774422,-0.580478,-0.251625][0.8613,0.876628,0.116626][1.01299,1.18264,0.327259][-0.774422,-0.580478,-0.251625][0.8613,0.876628,0.116626][0.861693,1.18264,0.624204][-0.658763,-0.580478,-0.478619][0.882032,0.866064,0.116626][0.753079,1.3169,0.545292][-0.483652,-0.801626,-0.351393][0.876523,0.858481,0.155189][0.885311,1.3169,0.285772][-0.568566,-0.801626,-0.184738][0.858404,0.867713,0.155189][0.930875,1.3169,-0.00190691][-0.597826,-0.801626,0][0.838318,0.870894,0.155189][1.06513,1.18264,-0.0019069][-0.814276,-0.580478,0][0.838318,0.880268,0.116626][1.06513,1.18264,-0.0019069][-0.814276,-0.580478,0][0.838318,0.880268,0.116626][1.01299,1.18264,0.327259][-0.774422,-0.580478,-0.251625][0.8613,0.876628,0.116626][0.885311,1.3169,0.285772][-0.568566,-0.801626,-0.184738][0.858404,0.867713,0.155189][1.06513,1.18264,-0.0019069][-0.814276,-0.580478,0][0.90697,0.86995,0.541647][1.01299,1.18264,-0.331073][-0.774422,-0.580478,0.251625][0.920701,0.86995,0.541647][1.09497,1.01347,-0.357709][-0.905884,-0.304531,0.294339][0.920701,0.843262,0.585477][1.09497,1.01347,-0.357709][-0.905884,-0.304531,0.294339][0.920701,0.843262,0.585477][1.15133,1.01347,-0.0019069][-0.952502,-0.304531,0][0.90697,0.843262,0.585478][1.06513,1.18264,-0.0019069][-0.814276,-0.580478,0][0.90697,0.86995,0.541647][1.01299,1.18264,-0.331073][-0.774422,-0.580478,0.251625][0.920701,0.86995,0.541647][0.861693,1.18264,-0.628018][-0.658763,-0.580478,0.478619][0.934431,0.86995,0.541647][0.931428,1.01347,-0.678684][-0.770591,-0.304531,0.559867][0.934431,0.843262,0.585477][0.931428,1.01347,-0.678684][-0.770591,-0.304531,0.559867][0.934431,0.843262,0.585477][1.09497,1.01347,-0.357709][-0.905884,-0.304531,0.294339][0.920701,0.843262,0.585477][1.01299,1.18264,-0.331073][-0.774422,-0.580478,0.251625][0.920701,0.86995,0.541647][0.861693,1.18264,-0.628018][-0.658763,-0.580478,0.478619][0.934431,0.86995,0.541647][0.626036,1.18264,-0.863675][-0.478619,-0.580478,0.658763][0.948162,0.86995,0.541647][0.676701,1.01347,-0.93341][-0.559867,-0.304531,0.770591][0.948162,0.843262,0.585477][0.676701,1.01347,-0.93341][-0.559867,-0.304531,0.770591][0.948162,0.843262,0.585477][0.931428,1.01347,-0.678684][-0.770591,-0.304531,0.559867][0.934431,0.843262,0.585477][0.861693,1.18264,-0.628018][-0.658763,-0.580478,0.478619][0.934431,0.86995,0.541647][0.626036,1.18264,-0.863675][-0.478619,-0.580478,0.658763][0.948162,0.86995,0.541647][0.329091,1.18264,-1.01498][-0.251625,-0.580478,0.774422][0.961892,0.86995,0.541646][0.355727,1.01347,-1.09695][-0.294339,-0.304531,0.905884][0.961892,0.843262,0.585477][0.355727,1.01347,-1.09695][-0.294339,-0.304531,0.905884][0.961892,0.843262,0.585477][0.676701,1.01347,-0.93341][-0.559867,-0.304531,0.770591][0.948162,0.843262,0.585477][0.626036,1.18264,-0.863675][-0.478619,-0.580478,0.658763][0.948162,0.86995,0.541647][0.329091,1.18264,-1.01498][-0.251625,-0.580478,0.774422][0.961892,0.86995,0.541646][-7.52974e-005,1.18264,-1.06711][0,-0.580478,0.814276][0.975623,0.86995,0.541646][-7.53012e-005,1.01347,-1.15331][0,-0.304531,0.952502][0.975623,0.843262,0.585477][-7.53012e-005,1.01347,-1.15331][0,-0.304531,0.952502][0.975623,0.843262,0.585477][0.355727,1.01347,-1.09695][-0.294339,-0.304531,0.905884][0.961892,0.843262,0.585477][0.329091,1.18264,-1.01498][-0.251625,-0.580478,0.774422][0.961892,0.86995,0.541646][-7.52974e-005,1.18264,-1.06711][0,-0.580478,0.814276][0.975623,0.86995,0.541646][-0.329242,1.18264,-1.01498][0.251625,-0.580478,0.774422][0.989353,0.86995,0.541646][-0.355878,1.01347,-1.09695][0.29434,-0.304531,0.905884][0.989353,0.843262,0.585477][-0.355878,1.01347,-1.09695][0.29434,-0.304531,0.905884][0.989353,0.843262,0.585477][-7.53012e-005,1.01347,-1.15331][0,-0.304531,0.952502][0.975623,0.843262,0.585477][-7.52974e-005,1.18264,-1.06711][0,-0.580478,0.814276][0.975623,0.86995,0.541646][-0.329242,1.18264,-1.01498][0.251625,-0.580478,0.774422][0.989353,0.86995,0.541646][-0.626187,1.18264,-0.863675][0.478619,-0.580478,0.658763][1.00308,0.86995,0.541647][-0.676852,1.01347,-0.93341][0.559867,-0.304531,0.770591][1.00308,0.843262,0.585477][-0.676852,1.01347,-0.93341][0.559867,-0.304531,0.770591][1.00308,0.843262,0.585477][-0.355878,1.01347,-1.09695][0.29434,-0.304531,0.905884][0.989353,0.843262,0.585477][-0.329242,1.18264,-1.01498][0.251625,-0.580478,0.774422][0.989353,0.86995,0.541646][-0.626187,1.18264,-0.863675][0.478619,-0.580478,0.658763][1.00308,0.86995,0.541647][-0.861844,1.18264,-0.628018][0.658763,-0.580478,0.478619][1.01681,0.86995,0.541647][-0.931578,1.01347,-0.678683][0.770591,-0.304531,0.559867][1.01681,0.843262,0.585477][-0.931578,1.01347,-0.678683][0.770591,-0.304531,0.559867][1.01681,0.843262,0.585477][-0.676852,1.01347,-0.93341][0.559867,-0.304531,0.770591][1.00308,0.843262,0.585477][-0.626187,1.18264,-0.863675][0.478619,-0.580478,0.658763][1.00308,0.86995,0.541647][-0.861844,1.18264,-0.628018][0.658763,-0.580478,0.478619][1.01681,0.86995,0.541647][-1.01314,1.18264,-0.331073][0.774422,-0.580478,0.251625][1.03054,0.86995,0.541647][-1.09512,1.01347,-0.357709][0.905884,-0.304531,0.294339][1.03054,0.843262,0.585477][-1.09512,1.01347,-0.357709][0.905884,-0.304531,0.294339][1.03054,0.843262,0.585477][-0.931578,1.01347,-0.678683][0.770591,-0.304531,0.559867][1.01681,0.843262,0.585477][-0.861844,1.18264,-0.628018][0.658763,-0.580478,0.478619][1.01681,0.86995,0.541647][-1.01314,1.18264,-0.331073][0.774422,-0.580478,0.251625][1.03054,0.86995,0.541647][-1.06528,1.18264,-0.00190681][0.814276,-0.580478,0][1.04427,0.86995,0.541647][-1.15148,1.01347,-0.0019068][0.952502,-0.304531,0][1.04427,0.843262,0.585478][-1.15148,1.01347,-0.0019068][0.952502,-0.304531,0][1.04427,0.843262,0.585478][-1.09512,1.01347,-0.357709][0.905884,-0.304531,0.294339][1.03054,0.843262,0.585477][-1.01314,1.18264,-0.331073][0.774422,-0.580478,0.251625][1.03054,0.86995,0.541647][-1.06528,1.18264,-0.00190681][0.814276,-0.580478,0][1.04427,0.86995,0.541647][-1.01314,1.18264,0.32726][0.774422,-0.580478,-0.251625][1.05801,0.86995,0.541648][-1.09512,1.01347,0.353896][0.905884,-0.304531,-0.294339][1.05801,0.843262,0.585478][-1.09512,1.01347,0.353896][0.905884,-0.304531,-0.294339][1.05801,0.843262,0.585478][-1.15148,1.01347,-0.0019068][0.952502,-0.304531,0][1.04427,0.843262,0.585478][-1.06528,1.18264,-0.00190681][0.814276,-0.580478,0][1.04427,0.86995,0.541647][-1.01314,1.18264,0.32726][0.774422,-0.580478,-0.251625][1.05801,0.86995,0.541648][-0.861844,1.18264,0.624205][0.658763,-0.580478,-0.478619][1.07174,0.86995,0.541648][-0.931578,1.01347,0.67487][0.770591,-0.304531,-0.559867][1.07174,0.843262,0.585478][-0.931578,1.01347,0.67487][0.770591,-0.304531,-0.559867][1.07174,0.843262,0.585478][-1.09512,1.01347,0.353896][0.905884,-0.304531,-0.294339][1.05801,0.843262,0.585478][-1.01314,1.18264,0.32726][0.774422,-0.580478,-0.251625][1.05801,0.86995,0.541648][-0.861844,1.18264,0.624205][0.658763,-0.580478,-0.478619][1.07174,0.86995,0.541648][-0.626187,1.18264,0.859862][0.478619,-0.580478,-0.658763][1.08547,0.86995,0.541648][-0.676852,1.01347,0.929596][0.559867,-0.304531,-0.770591][1.08547,0.843262,0.585478][-0.676852,1.01347,0.929596][0.559867,-0.304531,-0.770591][1.08547,0.843262,0.585478][-0.931578,1.01347,0.67487][0.770591,-0.304531,-0.559867][1.07174,0.843262,0.585478][-0.861844,1.18264,0.624205][0.658763,-0.580478,-0.478619][1.07174,0.86995,0.541648][-0.626187,1.18264,0.859862][0.478619,-0.580478,-0.658763][1.08547,0.86995,0.541648][-0.329241,1.18264,1.01116][0.251625,-0.580478,-0.774422][1.0992,0.86995,0.541648][-0.355878,1.01347,1.09314][0.294339,-0.304531,-0.905884][1.0992,0.843262,0.585478][-0.355878,1.01347,1.09314][0.294339,-0.304531,-0.905884][1.0992,0.843262,0.585478][-0.676852,1.01347,0.929596][0.559867,-0.304531,-0.770591][1.08547,0.843262,0.585478][-0.626187,1.18264,0.859862][0.478619,-0.580478,-0.658763][1.08547,0.86995,0.541648][-0.329241,1.18264,1.01116][0.251625,-0.580478,-0.774422][1.0992,0.86995,0.541648][-7.51112e-005,1.18264,1.0633][0,-0.580478,-0.814276][1.11293,0.86995,0.541648][-7.50999e-005,1.01347,1.14949][0,-0.304531,-0.952502][1.11293,0.843262,0.585479][-7.50999e-005,1.01347,1.14949][0,-0.304531,-0.952502][1.11293,0.843262,0.585479][-0.355878,1.01347,1.09314][0.294339,-0.304531,-0.905884][1.0992,0.843262,0.585478][-0.329241,1.18264,1.01116][0.251625,-0.580478,-0.774422][1.0992,0.86995,0.541648][-7.51112e-005,1.18264,1.0633][0,-0.580478,-0.814276][1.11293,0.86995,0.541648][0.329091,1.18264,1.01116][-0.251625,-0.580478,-0.774422][1.12666,0.86995,0.541648][0.355727,1.01347,1.09314][-0.29434,-0.304531,-0.905884][1.12666,0.843262,0.585478][0.355727,1.01347,1.09314][-0.29434,-0.304531,-0.905884][1.12666,0.843262,0.585478][-7.50999e-005,1.01347,1.14949][0,-0.304531,-0.952502][1.11293,0.843262,0.585479][-7.51112e-005,1.18264,1.0633][0,-0.580478,-0.814276][1.11293,0.86995,0.541648][0.329091,1.18264,1.01116][-0.251625,-0.580478,-0.774422][1.12666,0.86995,0.541648][0.626036,1.18264,0.859862][-0.478619,-0.580478,-0.658763][1.14039,0.86995,0.541648][0.676701,1.01347,0.929596][-0.559867,-0.304531,-0.770591][1.14039,0.843262,0.585478][0.676701,1.01347,0.929596][-0.559867,-0.304531,-0.770591][1.14039,0.843262,0.585478][0.355727,1.01347,1.09314][-0.29434,-0.304531,-0.905884][1.12666,0.843262,0.585478][0.329091,1.18264,1.01116][-0.251625,-0.580478,-0.774422][1.12666,0.86995,0.541648][0.626036,1.18264,0.859862][-0.478619,-0.580478,-0.658763][1.14039,0.86995,0.541648][0.861693,1.18264,0.624204][-0.658763,-0.580478,-0.478619][1.15412,0.86995,0.541648][0.931428,1.01347,0.67487][-0.770591,-0.304531,-0.559867][1.15412,0.843262,0.585478][0.931428,1.01347,0.67487][-0.770591,-0.304531,-0.559867][1.15412,0.843262,0.585478][0.676701,1.01347,0.929596][-0.559867,-0.304531,-0.770591][1.14039,0.843262,0.585478][0.626036,1.18264,0.859862][-0.478619,-0.580478,-0.658763][1.14039,0.86995,0.541648][0.861693,1.18264,0.624204][-0.658763,-0.580478,-0.478619][1.15412,0.86995,0.541648][1.01299,1.18264,0.327259][-0.774422,-0.580478,-0.251625][1.16785,0.86995,0.541648][1.09497,1.01347,0.353895][-0.905884,-0.304531,-0.294339][1.16785,0.843262,0.585478][1.09497,1.01347,0.353895][-0.905884,-0.304531,-0.294339][1.16785,0.843262,0.585478][0.931428,1.01347,0.67487][-0.770591,-0.304531,-0.559867][1.15412,0.843262,0.585478][0.861693,1.18264,0.624204][-0.658763,-0.580478,-0.478619][1.15412,0.86995,0.541648][1.01299,1.18264,0.327259][-0.774422,-0.580478,-0.251625][1.16785,0.86995,0.541648][1.06513,1.18264,-0.0019069][-0.814276,-0.580478,0][1.18158,0.86995,0.541647][1.15133,1.01347,-0.0019069][-0.952502,-0.304531,0][1.18158,0.843262,0.585478][1.15133,1.01347,-0.0019069][-0.952502,-0.304531,0][1.18158,0.843262,0.585478][1.09497,1.01347,0.353895][-0.905884,-0.304531,-0.294339][1.16785,0.843262,0.585478][1.01299,1.18264,0.327259][-0.774422,-0.580478,-0.251625][1.16785,0.86995,0.541648][1.15133,1.01347,-0.0019069][-0.952502,-0.304531,0][0.90697,0.843262,0.585478][1.09497,1.01347,-0.357709][-0.905884,-0.304531,0.294339][0.920701,0.843262,0.585477][1.12322,0.825946,-0.366888][-0.948176,-0.0777869,0.308077][0.920701,0.813678,0.60058][1.12322,0.825946,-0.366888][-0.948176,-0.0777869,0.308077][0.920701,0.813678,0.60058][1.18103,0.825946,-0.00190689][-0.996965,-0.0778549,0][0.90697,0.813678,0.60058][1.15133,1.01347,-0.0019069][-0.952502,-0.304531,0][0.90697,0.843262,0.585478][1.09497,1.01347,-0.357709][-0.905884,-0.304531,0.294339][0.920701,0.843262,0.585477][0.931428,1.01347,-0.678684][-0.770591,-0.304531,0.559867][0.934431,0.843262,0.585477][0.955457,0.825946,-0.696142][-0.806561,-0.0778547,0.586001][0.934431,0.813678,0.60058][0.955457,0.825946,-0.696142][-0.806561,-0.0778547,0.586001][0.934431,0.813678,0.60058][1.12322,0.825946,-0.366888][-0.948176,-0.0777869,0.308077][0.920701,0.813678,0.60058][1.09497,1.01347,-0.357709][-0.905884,-0.304531,0.294339][0.920701,0.843262,0.585477][0.931428,1.01347,-0.678684][-0.770591,-0.304531,0.559867][0.934431,0.843262,0.585477][0.676701,1.01347,-0.93341][-0.559867,-0.304531,0.770591][0.948162,0.843262,0.585477][0.694159,0.825946,-0.957439][-0.586001,-0.0778548,0.806561][0.948162,0.813678,0.60058][0.694159,0.825946,-0.957439][-0.586001,-0.0778548,0.806561][0.948162,0.813678,0.60058][0.955457,0.825946,-0.696142][-0.806561,-0.0778547,0.586001][0.934431,0.813678,0.60058][0.931428,1.01347,-0.678684][-0.770591,-0.304531,0.559867][0.934431,0.843262,0.585477][0.676701,1.01347,-0.93341][-0.559867,-0.304531,0.770591][0.948162,0.843262,0.585477][0.355727,1.01347,-1.09695][-0.294339,-0.304531,0.905884][0.961892,0.843262,0.585477][0.364905,0.825946,-1.1252][-0.308086,-0.0777549,0.948176][0.961892,0.813678,0.60058][0.364905,0.825946,-1.1252][-0.308086,-0.0777549,0.948176][0.961892,0.813678,0.60058][0.694159,0.825946,-0.957439][-0.586001,-0.0778548,0.806561][0.948162,0.813678,0.60058][0.676701,1.01347,-0.93341][-0.559867,-0.304531,0.770591][0.948162,0.843262,0.585477][0.355727,1.01347,-1.09695][-0.294339,-0.304531,0.905884][0.961892,0.843262,0.585477][-7.53012e-005,1.01347,-1.15331][0,-0.304531,0.952502][0.975623,0.843262,0.585477][-7.53025e-005,0.825946,-1.18301][1.58938e-007,-0.0778547,0.996965][0.975623,0.813678,0.60058][-7.53025e-005,0.825946,-1.18301][1.58938e-007,-0.0778547,0.996965][0.975623,0.813678,0.60058][0.364905,0.825946,-1.1252][-0.308086,-0.0777549,0.948176][0.961892,0.813678,0.60058][0.355727,1.01347,-1.09695][-0.294339,-0.304531,0.905884][0.961892,0.843262,0.585477][-7.53012e-005,1.01347,-1.15331][0,-0.304531,0.952502][0.975623,0.843262,0.585477][-0.355878,1.01347,-1.09695][0.29434,-0.304531,0.905884][0.989353,0.843262,0.585477][-0.365056,0.825946,-1.1252][0.308385,-0.0773679,0.94811][0.989353,0.813678,0.60058][-0.365056,0.825946,-1.1252][0.308385,-0.0773679,0.94811][0.989353,0.813678,0.60058][-7.53025e-005,0.825946,-1.18301][1.58938e-007,-0.0778547,0.996965][0.975623,0.813678,0.60058][-7.53012e-005,1.01347,-1.15331][0,-0.304531,0.952502][0.975623,0.843262,0.585477][-0.355878,1.01347,-1.09695][0.29434,-0.304531,0.905884][0.714744,0.843262,0.585477][-0.676852,1.01347,-0.93341][0.559867,-0.304531,0.770591][0.728475,0.843262,0.585477][-0.69431,0.825946,-0.957439][0.585773,-0.07742,0.806769][0.728475,0.813678,0.60058][-0.69431,0.825946,-0.957439][0.585773,-0.07742,0.806769][0.728475,0.813678,0.60058][-0.365056,0.825946,-1.1252][0.308385,-0.0773679,0.94811][0.714744,0.813678,0.60058][-0.355878,1.01347,-1.09695][0.29434,-0.304531,0.905884][0.714744,0.843262,0.585477][-0.676852,1.01347,-0.93341][0.559867,-0.304531,0.770591][0.728475,0.843262,0.585477][-0.931578,1.01347,-0.678683][0.770591,-0.304531,0.559867][0.742205,0.843262,0.585477][-0.955607,0.825946,-0.696141][0.806561,-0.0778549,0.586001][0.742205,0.813678,0.60058][-0.955607,0.825946,-0.696141][0.806561,-0.0778549,0.586001][0.742205,0.813678,0.60058][-0.69431,0.825946,-0.957439][0.585773,-0.07742,0.806769][0.728475,0.813678,0.60058][-0.676852,1.01347,-0.93341][0.559867,-0.304531,0.770591][0.728475,0.843262,0.585477][-0.931578,1.01347,-0.678683][0.770591,-0.304531,0.559867][0.742205,0.843262,0.585477][-1.09512,1.01347,-0.357709][0.905884,-0.304531,0.294339][0.755936,0.843262,0.585477][-1.12337,0.825946,-0.366888][0.94817,-0.0778551,0.308079][0.755936,0.813678,0.60058][-1.12337,0.825946,-0.366888][0.94817,-0.0778551,0.308079][0.755936,0.813678,0.60058][-0.955607,0.825946,-0.696141][0.806561,-0.0778549,0.586001][0.742205,0.813678,0.60058][-0.931578,1.01347,-0.678683][0.770591,-0.304531,0.559867][0.742205,0.843262,0.585477][-1.09512,1.01347,-0.357709][0.905884,-0.304531,0.294339][0.755936,0.843262,0.585477][-1.15148,1.01347,-0.0019068][0.952502,-0.304531,0][0.769666,0.843262,0.585478][-1.18118,0.825946,-0.00190679][0.996965,-0.0778549,-1.861e-007][0.769666,0.813678,0.60058][-1.18118,0.825946,-0.00190679][0.996965,-0.0778549,-1.861e-007][0.769666,0.813678,0.60058][-1.12337,0.825946,-0.366888][0.94817,-0.0778551,0.308079][0.755936,0.813678,0.60058][-1.09512,1.01347,-0.357709][0.905884,-0.304531,0.294339][0.755936,0.843262,0.585477][-1.15148,1.01347,-0.0019068][0.952502,-0.304531,0][0.769666,0.843262,0.585478][-1.09512,1.01347,0.353896][0.905884,-0.304531,-0.294339][0.783396,0.843262,0.585478][-1.12337,0.825946,0.363074][0.948171,-0.0778358,-0.308079][0.783396,0.813678,0.600581][-1.12337,0.825946,0.363074][0.948171,-0.0778358,-0.308079][0.783396,0.813678,0.600581][-1.18118,0.825946,-0.00190679][0.996965,-0.0778549,-1.861e-007][0.769666,0.813678,0.60058][-1.15148,1.01347,-0.0019068][0.952502,-0.304531,0][0.769666,0.843262,0.585478][-1.09512,1.01347,0.353896][0.905884,-0.304531,-0.294339][0.783396,0.843262,0.585478][-0.931578,1.01347,0.67487][0.770591,-0.304531,-0.559867][0.797127,0.843262,0.585478][-0.955607,0.825946,0.692328][0.806563,-0.077829,-0.586003][0.797127,0.813678,0.600581][-0.955607,0.825946,0.692328][0.806563,-0.077829,-0.586003][0.797127,0.813678,0.600581][-1.12337,0.825946,0.363074][0.948171,-0.0778358,-0.308079][0.783396,0.813678,0.600581][-1.09512,1.01347,0.353896][0.905884,-0.304531,-0.294339][0.783396,0.843262,0.585478][-0.931578,1.01347,0.67487][0.770591,-0.304531,-0.559867][0.797127,0.843262,0.585478][-0.676852,1.01347,0.929596][0.559867,-0.304531,-0.770591][0.810857,0.843262,0.585478][-0.69431,0.825946,0.953625][0.586001,-0.0778549,-0.806561][0.810857,0.813678,0.600581][-0.69431,0.825946,0.953625][0.586001,-0.0778549,-0.806561][0.810857,0.813678,0.600581][-0.955607,0.825946,0.692328][0.806563,-0.077829,-0.586003][0.797127,0.813678,0.600581][-0.931578,1.01347,0.67487][0.770591,-0.304531,-0.559867][0.797127,0.843262,0.585478][-0.676852,1.01347,0.929596][0.559867,-0.304531,-0.770591][0.810857,0.843262,0.585478][-0.355878,1.01347,1.09314][0.294339,-0.304531,-0.905884][0.824588,0.843262,0.585478][-0.365056,0.825946,1.12139][0.308079,-0.0778554,-0.94817][0.824588,0.813678,0.600581][-0.365056,0.825946,1.12139][0.308079,-0.0778554,-0.94817][0.824588,0.813678,0.600581][-0.69431,0.825946,0.953625][0.586001,-0.0778549,-0.806561][0.810857,0.813678,0.600581][-0.676852,1.01347,0.929596][0.559867,-0.304531,-0.770591][0.810857,0.843262,0.585478][-0.355878,1.01347,1.09314][0.294339,-0.304531,-0.905884][0.824588,0.843262,0.585478][-7.50999e-005,1.01347,1.14949][0,-0.304531,-0.952502][0.838318,0.843262,0.585479][-7.5096e-005,0.825946,1.1792][-3.2745e-007,-0.0778548,-0.996965][0.838318,0.813678,0.600581][-7.5096e-005,0.825946,1.1792][-3.2745e-007,-0.0778548,-0.996965][0.838318,0.813678,0.600581][-0.365056,0.825946,1.12139][0.308079,-0.0778554,-0.94817][0.824588,0.813678,0.600581][-0.355878,1.01347,1.09314][0.294339,-0.304531,-0.905884][0.824588,0.843262,0.585478][-7.50999e-005,1.01347,1.14949][0,-0.304531,-0.952502][0.838318,0.843262,0.585479][0.355727,1.01347,1.09314][-0.29434,-0.304531,-0.905884][0.852049,0.843262,0.585478][0.364906,0.825946,1.12139][-0.308079,-0.0778546,-0.94817][0.852049,0.813678,0.600581][0.364906,0.825946,1.12139][-0.308079,-0.0778546,-0.94817][0.852049,0.813678,0.600581][-7.5096e-005,0.825946,1.1792][-3.2745e-007,-0.0778548,-0.996965][0.838318,0.813678,0.600581][-7.50999e-005,1.01347,1.14949][0,-0.304531,-0.952502][0.838318,0.843262,0.585479][0.355727,1.01347,1.09314][-0.29434,-0.304531,-0.905884][0.852049,0.843262,0.585478][0.676701,1.01347,0.929596][-0.559867,-0.304531,-0.770591][0.865779,0.843262,0.585478][0.694159,0.825946,0.953625][-0.586001,-0.0778545,-0.806561][0.865779,0.813678,0.600581][0.694159,0.825946,0.953625][-0.586001,-0.0778545,-0.806561][0.865779,0.813678,0.600581][0.364906,0.825946,1.12139][-0.308079,-0.0778546,-0.94817][0.852049,0.813678,0.600581][0.355727,1.01347,1.09314][-0.29434,-0.304531,-0.905884][0.852049,0.843262,0.585478][0.676701,1.01347,0.929596][-0.559867,-0.304531,-0.770591][0.865779,0.843262,0.585478][0.931428,1.01347,0.67487][-0.770591,-0.304531,-0.559867][0.87951,0.843262,0.585478][0.955457,0.825946,0.692328][-0.806563,-0.0778139,-0.586004][0.87951,0.813678,0.600581][0.955457,0.825946,0.692328][-0.806563,-0.0778139,-0.586004][0.87951,0.813678,0.600581][0.694159,0.825946,0.953625][-0.586001,-0.0778545,-0.806561][0.865779,0.813678,0.600581][0.676701,1.01347,0.929596][-0.559867,-0.304531,-0.770591][0.865779,0.843262,0.585478][0.931428,1.01347,0.67487][-0.770591,-0.304531,-0.559867][0.87951,0.843262,0.585478][1.09497,1.01347,0.353895][-0.905884,-0.304531,-0.294339][0.89324,0.843262,0.585478][1.12322,0.825946,0.363074][-0.94817,-0.0778549,-0.308079][0.89324,0.813678,0.600581][1.12322,0.825946,0.363074][-0.94817,-0.0778549,-0.308079][0.89324,0.813678,0.600581][0.955457,0.825946,0.692328][-0.806563,-0.0778139,-0.586004][0.87951,0.813678,0.600581][0.931428,1.01347,0.67487][-0.770591,-0.304531,-0.559867][0.87951,0.843262,0.585478][1.09497,1.01347,0.353895][-0.905884,-0.304531,-0.294339][0.89324,0.843262,0.585478][1.15133,1.01347,-0.0019069][-0.952502,-0.304531,0][0.90697,0.843262,0.585478][1.18103,0.825946,-0.00190689][-0.996965,-0.0778549,0][0.90697,0.813678,0.60058][1.18103,0.825946,-0.00190689][-0.996965,-0.0778549,0][0.90697,0.813678,0.60058][1.12322,0.825946,0.363074][-0.94817,-0.0778549,-0.308079][0.89324,0.813678,0.600581][1.09497,1.01347,0.353895][-0.905884,-0.304531,-0.294339][0.89324,0.843262,0.585478][1.18103,-1.5413,-0.00190684][0,-3.47223,0][0.90697,0.66873,0.60058][1.18103,0.825946,-0.00190689][-0.996965,-0.0778549,0][0.90697,0.813678,0.60058][1.12322,0.825946,-0.366888][-0.948176,-0.0777869,0.308077][0.920701,0.813678,0.60058][1.12322,0.825946,-0.366888][-0.948176,-0.0777869,0.308077][0.920701,0.813678,0.60058][1.11379,-1.5413,-0.38539][0,-3.43927,0][0.921462,0.66873,0.599019][1.18103,-1.5413,-0.00190684][0,-3.47223,0][0.90697,0.66873,0.60058][1.11379,-1.5413,-0.38539][0,-3.43927,0][0.921462,0.66873,0.599019][1.12322,0.825946,-0.366888][-0.948176,-0.0777869,0.308077][0.920701,0.813678,0.60058][0.955457,0.825946,-0.696142][-0.806561,-0.0778547,0.586001][0.934431,0.813678,0.60058][0.955457,0.825946,-0.696142][-0.806561,-0.0778547,0.586001][0.934431,0.813678,0.60058][0.955457,-1.5413,-0.696141][0,-3.45575,0][0.934431,0.66873,0.60058][1.11379,-1.5413,-0.38539][0,-3.43927,0][0.921462,0.66873,0.599019][1.15852,-1.5413,0.140219][0,-3.14159,0][0.901635,0.66873,0.59355][1.12322,-1.5413,0.363074][0,-3.45575,0][0.89324,0.66873,0.600581][1.12322,0.825946,0.363074][-0.94817,-0.0778549,-0.308079][0.89324,0.813678,0.600581][1.15852,-1.5413,0.140219][0,-3.14159,0][0.901635,0.66873,0.59355][1.12322,0.825946,0.363074][-0.94817,-0.0778549,-0.308079][0.89324,0.813678,0.600581][1.18103,0.825946,-0.00190689][-0.996965,-0.0778549,0][0.90697,0.813678,0.60058][1.15852,-1.5413,0.140219][0,-3.14159,0][0.901635,0.66873,0.59355][1.18103,0.825946,-0.00190689][-0.996965,-0.0778549,0][0.90697,0.813678,0.60058][1.18103,-1.5413,-0.00190684][0,-3.47223,0][0.90697,0.66873,0.60058][0.79609,-1.5413,-0.855508][9.22216e-007,-3.14159,4.6016e-007][0.942817,0.66873,0.593545][0.955457,-1.5413,-0.696141][0,-3.45575,0][0.934431,0.66873,0.60058][0.955457,0.825946,-0.696142][-0.806561,-0.0778547,0.586001][0.934431,0.813678,0.60058][0.79609,-1.5413,-0.855508][9.22216e-007,-3.14159,4.6016e-007][0.942817,0.66873,0.593545][0.955457,0.825946,-0.696142][-0.806561,-0.0778547,0.586001][0.934431,0.813678,0.60058][0.694159,0.825946,-0.957439][-0.586001,-0.0778548,0.806561][0.948162,0.813678,0.60058][0.79609,-1.5413,-0.855508][9.22216e-007,-3.14159,4.6016e-007][0.942817,0.66873,0.593545][0.694159,0.825946,-0.957439][-0.586001,-0.0778548,0.806561][0.948162,0.813678,0.60058][0.694159,-1.5413,-0.957439][1.25946e-006,-3.47941,4.86436e-007][0.948162,0.66873,0.60058][-1.16525,-1.5413,0.0986304][0,-3.14159,0][0.773428,0.66873,0.594685][-1.18118,-1.5413,-0.00190673][0,-3.45575,0][0.769666,0.66873,0.60058][-1.18118,0.825946,-0.00190679][0.996965,-0.0778549,-1.861e-007][0.769666,0.813678,0.60058][-1.12337,0.825946,0.363074][0.948171,-0.0778358,-0.308079][0.783396,0.813678,0.600581][-1.11394,-1.5413,0.381575][0,-3.40327,0][0.784157,0.66873,0.59902][-1.13939,-1.5413,0.261942][0,-3.19408,0][0.779612,0.66873,0.594664][-1.18118,0.825946,-0.00190679][0.996965,-0.0778549,-1.861e-007][0.769666,0.813678,0.60058][-1.12337,0.825946,0.363074][0.948171,-0.0778358,-0.308079][0.783396,0.813678,0.600581][-1.13939,-1.5413,0.261942][0,-3.19408,0][0.779612,0.66873,0.594664][-1.16525,-1.5413,0.0986304][0,-3.14159,0][0.773428,0.66873,0.594685][-1.18118,0.825946,-0.00190679][0.996965,-0.0778549,-1.861e-007][0.769666,0.813678,0.60058][-1.13939,-1.5413,0.261942][0,-3.19408,0][0.779612,0.66873,0.594664][0.694159,-1.5413,-0.957439][1.25946e-006,-3.47941,4.86436e-007][0.948162,0.66873,0.60058][0.694159,0.825946,-0.957439][-0.586001,-0.0778548,0.806561][0.948162,0.813678,0.60058][0.364905,0.825946,-1.1252][-0.308086,-0.0777549,0.948176][0.961892,0.813678,0.60058][0.364905,0.825946,-1.1252][-0.308086,-0.0777549,0.948176][0.961892,0.813678,0.60058][0.334768,-1.5413,-1.12998][0,-3.4321,2.10569e-007][0.963012,0.66873,0.598349][0.694159,-1.5413,-0.957439][1.25946e-006,-3.47941,4.86436e-007][0.948162,0.66873,0.60058][0.334768,-1.5413,-1.12998][0,-3.4321,2.10569e-007][0.963012,0.66873,0.598349][0.364905,0.825946,-1.1252][-0.308086,-0.0777549,0.948176][0.961892,0.813678,0.60058][-7.53025e-005,0.825946,-1.18301][1.58938e-007,-0.0778547,0.996965][0.975623,0.813678,0.60058][-7.53025e-005,0.825946,-1.18301][1.58938e-007,-0.0778547,0.996965][0.975623,0.813678,0.60058][-7.53036e-005,-1.5413,-1.18301][-3.56117e-007,-3.45575,-1.61196e-007][0.975623,0.66873,0.60058][0.334768,-1.5413,-1.12998][0,-3.4321,2.10569e-007][0.963012,0.66873,0.598349][-0.350519,-1.5413,-1.1275][0,-3.44389,2.87797e-007][0.714205,0.66873,0.599454][-7.53036e-005,-1.5413,-1.18301][-3.56117e-007,-3.45575,-1.61196e-007][0.701014,0.66873,0.60058][-7.53025e-005,0.825946,-1.18301][1.58938e-007,-0.0778547,0.996965][0.701014,0.813678,0.60058][-0.350519,-1.5413,-1.1275][0,-3.44389,2.87797e-007][0.714205,0.66873,0.599454][-7.53025e-005,0.825946,-1.18301][1.58938e-007,-0.0778547,0.996965][0.701014,0.813678,0.60058][-0.365056,0.825946,-1.1252][0.308385,-0.0773679,0.94811][0.714744,0.813678,0.60058][-0.350519,-1.5413,-1.1275][0,-3.44389,2.87797e-007][0.714205,0.66873,0.599454][-0.365056,0.825946,-1.1252][0.308385,-0.0773679,0.94811][0.714744,0.813678,0.60058][-0.69431,0.825946,-0.957439][0.585773,-0.07742,0.806769][0.728475,0.813678,0.60058][-0.350519,-1.5413,-1.1275][0,-3.44389,2.87797e-007][0.714205,0.66873,0.599454][-0.69431,0.825946,-0.957439][0.585773,-0.07742,0.806769][0.728475,0.813678,0.60058][-0.69431,-1.5413,-0.957439][5.70535e-007,-3.46761,6.27837e-007][0.728475,0.66873,0.60058][-1.15763,-1.5413,-0.15061][0,-3.14159,0][0.764082,0.66873,0.593441][-1.12337,-1.5413,-0.366887][0,-3.45575,0][0.755936,0.66873,0.60058][-1.12337,0.825946,-0.366888][0.94817,-0.0778551,0.308079][0.755936,0.813678,0.60058][-1.15763,-1.5413,-0.15061][0,-3.14159,0][0.764082,0.66873,0.593441][-1.12337,0.825946,-0.366888][0.94817,-0.0778551,0.308079][0.755936,0.813678,0.60058][-1.18118,0.825946,-0.00190679][0.996965,-0.0778549,-1.861e-007][0.769666,0.813678,0.60058][-1.15763,-1.5413,-0.15061][0,-3.14159,0][0.764082,0.66873,0.593441][-1.18118,0.825946,-0.00190679][0.996965,-0.0778549,-1.861e-007][0.769666,0.813678,0.60058][-1.18118,-1.5413,-0.00190673][0,-3.45575,0][0.769666,0.66873,0.60058][-0.69431,-1.5413,-0.957439][5.70535e-007,-3.46761,6.27837e-007][0.728475,0.66873,0.60058][-0.69431,0.825946,-0.957439][0.585773,-0.07742,0.806769][0.728475,0.813678,0.60058][-0.955607,0.825946,-0.696141][0.806561,-0.0778549,0.586001][0.742205,0.813678,0.60058][-0.955607,0.825946,-0.696141][0.806561,-0.0778549,0.586001][0.742205,0.813678,0.60058][-0.955607,-1.5413,-0.696141][1.91662e-006,-3.45575,1.27103e-006][0.742205,0.66873,0.60058][-0.69431,-1.5413,-0.957439][5.70535e-007,-3.46761,6.27837e-007][0.728475,0.66873,0.60058][-0.955607,-1.5413,-0.696141][1.91662e-006,-3.45575,1.27103e-006][0.742205,0.66873,0.60058][-0.955607,0.825946,-0.696141][0.806561,-0.0778549,0.586001][0.742205,0.813678,0.60058][-1.12337,0.825946,-0.366888][0.94817,-0.0778551,0.308079][0.755936,0.813678,0.60058][-1.12337,0.825946,-0.366888][0.94817,-0.0778551,0.308079][0.755936,0.813678,0.60058][-1.12337,-1.5413,-0.366887][0,-3.45575,0][0.755936,0.66873,0.60058][-0.955607,-1.5413,-0.696141][1.91662e-006,-3.45575,1.27103e-006][0.742205,0.66873,0.60058][-1.03945,-1.5413,0.52778][0,-3.14159,0][0.790265,0.66873,0.593187][-1.11394,-1.5413,0.381575][0,-3.40327,0][0.784157,0.66873,0.59902][-1.12337,0.825946,0.363074][0.948171,-0.0778358,-0.308079][0.783396,0.813678,0.600581][-1.03945,-1.5413,0.52778][0,-3.14159,0][0.790265,0.66873,0.593187][-1.12337,0.825946,0.363074][0.948171,-0.0778358,-0.308079][0.783396,0.813678,0.600581][-0.955607,0.825946,0.692328][0.806563,-0.077829,-0.586003][0.797127,0.813678,0.600581][-0.69431,0.825946,0.953625][0.586001,-0.0778549,-0.806561][0.810857,0.813678,0.600581][-0.69431,-1.5413,0.953625][0,-3.45575,0][0.810857,0.66873,0.600581][-0.792011,-1.5413,0.855924][0,-3.15748,0][0.805737,0.66873,0.59366][-0.955607,0.825946,0.692328][0.806563,-0.077829,-0.586003][0.797127,0.813678,0.600581][-0.69431,0.825946,0.953625][0.586001,-0.0778549,-0.806561][0.810857,0.813678,0.600581][-0.792011,-1.5413,0.855924][0,-3.15748,0][0.805737,0.66873,0.59366][-0.955607,0.825946,0.692328][0.806563,-0.077829,-0.586003][0.797127,0.813678,0.600581][-0.792011,-1.5413,0.855924][0,-3.15748,0][0.805737,0.66873,0.59366][-0.961286,-1.5413,0.681182][0,-3.43986,0][0.796669,0.66873,0.599619][-1.03945,-1.5413,0.52778][0,-3.14159,0][0.790265,0.66873,0.593187][-0.955607,0.825946,0.692328][0.806563,-0.077829,-0.586003][0.797127,0.813678,0.600581][-0.961286,-1.5413,0.681182][0,-3.43986,0][0.796669,0.66873,0.599619][-0.69431,-1.5413,0.953625][0,-3.45575,0][0.810857,0.66873,0.600581][-0.69431,0.825946,0.953625][0.586001,-0.0778549,-0.806561][0.810857,0.813678,0.600581][-0.365056,0.825946,1.12139][0.308079,-0.0778554,-0.94817][0.824588,0.813678,0.600581][-0.365056,0.825946,1.12139][0.308079,-0.0778554,-0.94817][0.824588,0.813678,0.600581][-0.365056,-1.5413,1.12139][-6.70137e-007,-3.45575,2.23812e-006][0.824588,0.66873,0.600581][-0.69431,-1.5413,0.953625][0,-3.45575,0][0.810857,0.66873,0.600581][-0.365056,-1.5413,1.12139][-6.70137e-007,-3.45575,2.23812e-006][0.824588,0.66873,0.600581][-0.365056,0.825946,1.12139][0.308079,-0.0778554,-0.94817][0.824588,0.813678,0.600581][-7.5096e-005,0.825946,1.1792][-3.2745e-007,-0.0778548,-0.996965][0.838318,0.813678,0.600581][-7.5096e-005,0.825946,1.1792][-3.2745e-007,-0.0778548,-0.996965][0.838318,0.813678,0.600581][-7.50925e-005,-1.5413,1.1792][-1.51544e-007,-3.45575,1.02942e-006][0.838318,0.66873,0.600581][-0.365056,-1.5413,1.12139][-6.70137e-007,-3.45575,2.23812e-006][0.824588,0.66873,0.600581][-7.50925e-005,-1.5413,1.1792][-1.51544e-007,-3.45575,1.02942e-006][0.838318,0.66873,0.600581][-7.5096e-005,0.825946,1.1792][-3.2745e-007,-0.0778548,-0.996965][0.838318,0.813678,0.600581][0.364906,0.825946,1.12139][-0.308079,-0.0778546,-0.94817][0.852049,0.813678,0.600581][0.364906,0.825946,1.12139][-0.308079,-0.0778546,-0.94817][0.852049,0.813678,0.600581][0.364906,-1.5413,1.12139][0,-3.45575,0][0.852049,0.66873,0.600581][-7.50925e-005,-1.5413,1.1792][-1.51544e-007,-3.45575,1.02942e-006][0.838318,0.66873,0.600581][0.45453,-1.5413,1.07572][0,-3.14159,0][0.855766,0.66873,0.59473][0.364906,-1.5413,1.12139][0,-3.45575,0][0.852049,0.66873,0.600581][0.364906,0.825946,1.12139][-0.308079,-0.0778546,-0.94817][0.852049,0.813678,0.600581][0.45453,-1.5413,1.07572][0,-3.14159,0][0.855766,0.66873,0.59473][0.364906,0.825946,1.12139][-0.308079,-0.0778546,-0.94817][0.852049,0.813678,0.600581][0.694159,0.825946,0.953625][-0.586001,-0.0778545,-0.806561][0.865779,0.813678,0.600581][0.45453,-1.5413,1.07572][0,-3.14159,0][0.855766,0.66873,0.59473][0.694159,0.825946,0.953625][-0.586001,-0.0778545,-0.806561][0.865779,0.813678,0.600581][0.694159,-1.5413,0.953625][0,-3.46589,0][0.865779,0.66873,0.600581][0.694159,-1.5413,0.953625][0,-3.46589,0][0.865779,0.66873,0.600581][0.694159,0.825946,0.953625][-0.586001,-0.0778545,-0.806561][0.865779,0.813678,0.600581][0.955457,0.825946,0.692328][-0.806563,-0.0778139,-0.586004][0.87951,0.813678,0.600581][0.955457,0.825946,0.692328][-0.806563,-0.0778139,-0.586004][0.87951,0.813678,0.600581][0.961136,-1.5413,0.681182][0,-3.44562,0][0.879967,0.66873,0.599619][0.694159,-1.5413,0.953625][0,-3.46589,0][0.865779,0.66873,0.600581][0.961136,-1.5413,0.681182][0,-3.44562,0][0.879967,0.66873,0.599619][0.955457,0.825946,0.692328][-0.806563,-0.0778139,-0.586004][0.87951,0.813678,0.600581][1.12322,0.825946,0.363074][-0.94817,-0.0778549,-0.308079][0.89324,0.813678,0.600581][1.12322,0.825946,0.363074][-0.94817,-0.0778549,-0.308079][0.89324,0.813678,0.600581][1.12322,-1.5413,0.363074][0,-3.45575,0][0.89324,0.66873,0.600581][0.961136,-1.5413,0.681182][0,-3.44562,0][0.879967,0.66873,0.599619][1.26226,1.6461,0.457545][0.406181,0.901755,0.147837][0.630596,0.768024,-0.375229][1.34328,1.6461,-0.0019087][0.432249,0.901754,0][0.638977,0.81629,-0.375229][1.26226,1.6461,-0.461363][0.406182,0.901754,-0.147838][0.630596,0.864556,-0.375229][1.26226,1.6461,-0.461363][0.406182,0.901754,-0.147838][0.630596,0.864556,-0.375229][1.02899,1.6461,-0.8654][0.331121,0.901755,-0.277844][0.606463,0.907001,-0.375229][0.671602,1.6461,-1.16529][0.216124,0.901754,-0.374338][0.569489,0.938504,-0.375229][0.671602,1.6461,-1.16529][0.216124,0.901754,-0.374338][0.569489,0.938504,-0.375229][0.233196,1.6461,-1.32485][0.0750592,0.901754,-0.425682][0.524133,0.955267,-0.375229][-0.233346,1.6461,-1.32485][-0.0750592,0.901754,-0.425682][0.475867,0.955267,-0.375229][1.26226,1.6461,-0.461363][0.406182,0.901754,-0.147838][0.630596,0.864556,-0.375229][0.671602,1.6461,-1.16529][0.216124,0.901754,-0.374338][0.569489,0.938504,-0.375229][-0.233346,1.6461,-1.32485][-0.0750592,0.901754,-0.425682][0.475867,0.955267,-0.375229][-0.233346,1.6461,-1.32485][-0.0750592,0.901754,-0.425682][0.475867,0.955267,-0.375229][-0.671752,1.6461,-1.16529][-0.216125,0.901754,-0.374339][0.430512,0.938504,-0.375229][-1.02914,1.6461,-0.8654][-0.331122,0.901754,-0.277844][0.393537,0.907001,-0.375229][-1.02914,1.6461,-0.8654][-0.331122,0.901754,-0.277844][0.393537,0.907001,-0.375229][-1.26241,1.6461,-0.461363][-0.406181,0.901754,-0.147838][0.369404,0.864556,-0.375229][-1.34343,1.6461,-0.00190847][-0.432249,0.901754,0][0.361023,0.81629,-0.375229][-0.233346,1.6461,-1.32485][-0.0750592,0.901754,-0.425682][0.475867,0.955267,-0.375229][-1.02914,1.6461,-0.8654][-0.331122,0.901754,-0.277844][0.393537,0.907001,-0.375229][-1.34343,1.6461,-0.00190847][-0.432249,0.901754,0][0.361023,0.81629,-0.375229][-1.34343,1.6461,-0.00190847][-0.432249,0.901754,0][0.361023,0.81629,-0.375229][-1.26241,1.6461,0.457546][-0.406181,0.901754,0.147838][0.369404,0.768024,-0.375229][-1.02914,1.6461,0.861583][-0.331122,0.901754,0.277844][0.393537,0.725579,-0.375229][-1.02914,1.6461,0.861583][-0.331122,0.901754,0.277844][0.393537,0.725579,-0.375229][-0.671752,1.6461,1.16147][-0.216124,0.901754,0.374338][0.430512,0.694076,-0.375229][-0.233346,1.6461,1.32104][-0.0750589,0.901754,0.425682][0.475867,0.677313,-0.375229][-1.34343,1.6461,-0.00190847][-0.432249,0.901754,0][0.361023,0.81629,-0.375229][-1.02914,1.6461,0.861583][-0.331122,0.901754,0.277844][0.393537,0.725579,-0.375229][-0.233346,1.6461,1.32104][-0.0750589,0.901754,0.425682][0.475867,0.677313,-0.375229][-0.233346,1.6461,-1.32485][-0.0750592,0.901754,-0.425682][0.475867,0.955267,-0.375229][-1.34343,1.6461,-0.00190847][-0.432249,0.901754,0][0.361023,0.81629,-0.375229][-0.233346,1.6461,1.32104][-0.0750589,0.901754,0.425682][0.475867,0.677313,-0.375229][1.26226,1.6461,-0.461363][0.406182,0.901754,-0.147838][0.630596,0.864556,-0.375229][-0.233346,1.6461,-1.32485][-0.0750592,0.901754,-0.425682][0.475867,0.955267,-0.375229][-0.233346,1.6461,1.32104][-0.0750589,0.901754,0.425682][0.475867,0.677313,-0.375229][-0.233346,1.6461,1.32104][-0.0750589,0.901754,0.425682][0.475867,0.677313,-0.375229][0.233196,1.6461,1.32104][0.0750593,0.901754,0.425682][0.524133,0.677313,-0.375229][0.671602,1.6461,1.16147][0.216124,0.901754,0.374338][0.569489,0.694076,-0.375229][1.26226,1.6461,-0.461363][0.406182,0.901754,-0.147838][0.630596,0.864556,-0.375229][-0.233346,1.6461,1.32104][-0.0750589,0.901754,0.425682][0.475867,0.677313,-0.375229][0.671602,1.6461,1.16147][0.216124,0.901754,0.374338][0.569489,0.694076,-0.375229][1.26226,1.6461,0.457545][0.406181,0.901755,0.147837][0.630596,0.768024,-0.375229][1.26226,1.6461,-0.461363][0.406182,0.901754,-0.147838][0.630596,0.864556,-0.375229][0.671602,1.6461,1.16147][0.216124,0.901754,0.374338][0.569489,0.694076,-0.375229][1.02899,1.6461,0.861582][0.331122,0.901754,0.277844][0.606463,0.725579,-0.375229][1.26226,1.6461,0.457545][0.406181,0.901755,0.147837][0.630596,0.768024,-0.375229][0.671602,1.6461,1.16147][0.216124,0.901754,0.374338][0.569489,0.694076,-0.375229][1.36874,1.52581,-0.500116][0.889094,0.323718,-0.323604][0.641611,0.868627,-0.416891][1.26226,1.6461,-0.461363][0.406182,0.901754,-0.147838][0.630596,0.864556,-0.375229][1.34328,1.6461,-0.0019087][0.432249,0.901754,0][0.638977,0.81629,-0.375229][1.34328,1.6461,-0.0019087][0.432249,0.901754,0][0.638977,0.81629,-0.375229][1.45659,1.52581,-0.00190873][0.946154,0.323718,-2.75699e-007][0.650699,0.81629,-0.416891][1.36874,1.52581,-0.500116][0.889094,0.323718,-0.323604][0.641611,0.868627,-0.416891][1.11579,1.52581,-0.938233][0.724796,0.323718,-0.608176][0.615442,0.914652,-0.416891][1.02899,1.6461,-0.8654][0.331121,0.901755,-0.277844][0.606463,0.907001,-0.375229][1.26226,1.6461,-0.461363][0.406182,0.901754,-0.147838][0.630596,0.864556,-0.375229][1.26226,1.6461,-0.461363][0.406182,0.901754,-0.147838][0.630596,0.864556,-0.375229][1.36874,1.52581,-0.500116][0.889094,0.323718,-0.323604][0.641611,0.868627,-0.416891][1.11579,1.52581,-0.938233][0.724796,0.323718,-0.608176][0.615442,0.914652,-0.416891][0.728255,1.52581,-1.26341][0.473077,0.323718,-0.819393][0.57535,0.948813,-0.416891][0.671602,1.6461,-1.16529][0.216124,0.901754,-0.374338][0.569489,0.938504,-0.375229][1.02899,1.6461,-0.8654][0.331121,0.901755,-0.277844][0.606463,0.907001,-0.375229][1.02899,1.6461,-0.8654][0.331121,0.901755,-0.277844][0.606463,0.907001,-0.375229][1.11579,1.52581,-0.938233][0.724796,0.323718,-0.608176][0.615442,0.914652,-0.416891][0.728255,1.52581,-1.26341][0.473077,0.323718,-0.819393][0.57535,0.948813,-0.416891][0.252871,1.52581,-1.43644][0.164298,0.323718,-0.931779][0.526169,0.966989,-0.416891][0.233196,1.6461,-1.32485][0.0750592,0.901754,-0.425682][0.524133,0.955267,-0.375229][0.671602,1.6461,-1.16529][0.216124,0.901754,-0.374338][0.569489,0.938504,-0.375229][0.671602,1.6461,-1.16529][0.216124,0.901754,-0.374338][0.569489,0.938504,-0.375229][0.728255,1.52581,-1.26341][0.473077,0.323718,-0.819393][0.57535,0.948813,-0.416891][0.252871,1.52581,-1.43644][0.164298,0.323718,-0.931779][0.526169,0.966989,-0.416891][-0.253022,1.52581,-1.43644][-0.164298,0.323718,-0.931779][0.473831,0.966989,-0.416891][-0.233346,1.6461,-1.32485][-0.0750592,0.901754,-0.425682][0.475867,0.955267,-0.375229][0.233196,1.6461,-1.32485][0.0750592,0.901754,-0.425682][0.524133,0.955267,-0.375229][0.233196,1.6461,-1.32485][0.0750592,0.901754,-0.425682][0.524133,0.955267,-0.375229][0.252871,1.52581,-1.43644][0.164298,0.323718,-0.931779][0.526169,0.966989,-0.416891][-0.253022,1.52581,-1.43644][-0.164298,0.323718,-0.931779][0.473831,0.966989,-0.416891][-0.728406,1.52581,-1.26341][-0.473077,0.323718,-0.819393][0.42465,0.948813,-0.416891][-0.671752,1.6461,-1.16529][-0.216125,0.901754,-0.374339][0.430512,0.938504,-0.375229][-0.233346,1.6461,-1.32485][-0.0750592,0.901754,-0.425682][0.475867,0.955267,-0.375229][-0.233346,1.6461,-1.32485][-0.0750592,0.901754,-0.425682][0.475867,0.955267,-0.375229][-0.253022,1.52581,-1.43644][-0.164298,0.323718,-0.931779][0.473831,0.966989,-0.416891][-0.728406,1.52581,-1.26341][-0.473077,0.323718,-0.819393][0.42465,0.948813,-0.416891][-1.11594,1.52581,-0.938232][-0.724796,0.323718,-0.608176][0.384558,0.914652,-0.416891][-1.02914,1.6461,-0.8654][-0.331122,0.901754,-0.277844][0.393537,0.907001,-0.375229][-0.671752,1.6461,-1.16529][-0.216125,0.901754,-0.374339][0.430512,0.938504,-0.375229][-0.671752,1.6461,-1.16529][-0.216125,0.901754,-0.374339][0.430512,0.938504,-0.375229][-0.728406,1.52581,-1.26341][-0.473077,0.323718,-0.819393][0.42465,0.948813,-0.416891][-1.11594,1.52581,-0.938232][-0.724796,0.323718,-0.608176][0.384558,0.914652,-0.416891][-1.36889,1.52581,-0.500116][-0.889094,0.323718,-0.323604][0.358389,0.868627,-0.416891][-1.26241,1.6461,-0.461363][-0.406181,0.901754,-0.147838][0.369404,0.864556,-0.375229][-1.02914,1.6461,-0.8654][-0.331122,0.901754,-0.277844][0.393537,0.907001,-0.375229][-1.02914,1.6461,-0.8654][-0.331122,0.901754,-0.277844][0.393537,0.907001,-0.375229][-1.11594,1.52581,-0.938232][-0.724796,0.323718,-0.608176][0.384558,0.914652,-0.416891][-1.36889,1.52581,-0.500116][-0.889094,0.323718,-0.323604][0.358389,0.868627,-0.416891][-1.45674,1.52581,-0.00190847][-0.946154,0.323718,0][0.349301,0.81629,-0.416891][-1.34343,1.6461,-0.00190847][-0.432249,0.901754,0][0.361023,0.81629,-0.375229][-1.26241,1.6461,-0.461363][-0.406181,0.901754,-0.147838][0.369404,0.864556,-0.375229][-1.26241,1.6461,-0.461363][-0.406181,0.901754,-0.147838][0.369404,0.864556,-0.375229][-1.36889,1.52581,-0.500116][-0.889094,0.323718,-0.323604][0.358389,0.868627,-0.416891][-1.45674,1.52581,-0.00190847][-0.946154,0.323718,0][0.349301,0.81629,-0.416891][-1.36889,1.52581,0.496299][-0.889093,0.323718,0.323604][0.358389,0.763953,-0.416891][-1.26241,1.6461,0.457546][-0.406181,0.901754,0.147838][0.369404,0.768024,-0.375229][-1.34343,1.6461,-0.00190847][-0.432249,0.901754,0][0.361023,0.81629,-0.375229][-1.34343,1.6461,-0.00190847][-0.432249,0.901754,0][0.361023,0.81629,-0.375229][-1.45674,1.52581,-0.00190847][-0.946154,0.323718,0][0.349301,0.81629,-0.416891][-1.36889,1.52581,0.496299][-0.889093,0.323718,0.323604][0.358389,0.763953,-0.416891][-1.11594,1.52581,0.934416][-0.724796,0.323718,0.608176][0.384558,0.717928,-0.416891][-1.02914,1.6461,0.861583][-0.331122,0.901754,0.277844][0.393537,0.725579,-0.375229][-1.26241,1.6461,0.457546][-0.406181,0.901754,0.147838][0.369404,0.768024,-0.375229][-1.26241,1.6461,0.457546][-0.406181,0.901754,0.147838][0.369404,0.768024,-0.375229][-1.36889,1.52581,0.496299][-0.889093,0.323718,0.323604][0.358389,0.763953,-0.416891][-1.11594,1.52581,0.934416][-0.724796,0.323718,0.608176][0.384558,0.717928,-0.416891][-0.728406,1.52581,1.2596][-0.473076,0.323718,0.819393][0.42465,0.683767,-0.416891][-0.671752,1.6461,1.16147][-0.216124,0.901754,0.374338][0.430512,0.694076,-0.375229][-1.02914,1.6461,0.861583][-0.331122,0.901754,0.277844][0.393537,0.725579,-0.375229][-1.02914,1.6461,0.861583][-0.331122,0.901754,0.277844][0.393537,0.725579,-0.375229][-1.11594,1.52581,0.934416][-0.724796,0.323718,0.608176][0.384558,0.717928,-0.416891][-0.728406,1.52581,1.2596][-0.473076,0.323718,0.819393][0.42465,0.683767,-0.416891][-0.253022,1.52581,1.43262][-0.164297,0.323718,0.931779][0.473831,0.665591,-0.416891][-0.233346,1.6461,1.32104][-0.0750589,0.901754,0.425682][0.475867,0.677313,-0.375229][-0.671752,1.6461,1.16147][-0.216124,0.901754,0.374338][0.430512,0.694076,-0.375229][-0.671752,1.6461,1.16147][-0.216124,0.901754,0.374338][0.430512,0.694076,-0.375229][-0.728406,1.52581,1.2596][-0.473076,0.323718,0.819393][0.42465,0.683767,-0.416891][-0.253022,1.52581,1.43262][-0.164297,0.323718,0.931779][0.473831,0.665591,-0.416891][0.252872,1.52581,1.43262][0.164298,0.323718,0.931779][0.526169,0.665591,-0.416891][0.233196,1.6461,1.32104][0.0750593,0.901754,0.425682][0.524133,0.677313,-0.375229][-0.233346,1.6461,1.32104][-0.0750589,0.901754,0.425682][0.475867,0.677313,-0.375229][-0.233346,1.6461,1.32104][-0.0750589,0.901754,0.425682][0.475867,0.677313,-0.375229][-0.253022,1.52581,1.43262][-0.164297,0.323718,0.931779][0.473831,0.665591,-0.416891][0.252872,1.52581,1.43262][0.164298,0.323718,0.931779][0.526169,0.665591,-0.416891][0.728256,1.52581,1.2596][0.473077,0.323718,0.819393][0.57535,0.683767,-0.416891][0.671602,1.6461,1.16147][0.216124,0.901754,0.374338][0.569489,0.694076,-0.375229][0.233196,1.6461,1.32104][0.0750593,0.901754,0.425682][0.524133,0.677313,-0.375229][0.233196,1.6461,1.32104][0.0750593,0.901754,0.425682][0.524133,0.677313,-0.375229][0.252872,1.52581,1.43262][0.164298,0.323718,0.931779][0.526169,0.665591,-0.416891][0.728256,1.52581,1.2596][0.473077,0.323718,0.819393][0.57535,0.683767,-0.416891][1.11579,1.52581,0.934415][0.724796,0.323718,0.608176][0.615442,0.717928,-0.416891][1.02899,1.6461,0.861582][0.331122,0.901754,0.277844][0.606463,0.725579,-0.375229][0.671602,1.6461,1.16147][0.216124,0.901754,0.374338][0.569489,0.694076,-0.375229][0.671602,1.6461,1.16147][0.216124,0.901754,0.374338][0.569489,0.694076,-0.375229][0.728256,1.52581,1.2596][0.473077,0.323718,0.819393][0.57535,0.683767,-0.416891][1.11579,1.52581,0.934415][0.724796,0.323718,0.608176][0.615442,0.717928,-0.416891][1.36874,1.52581,0.496298][0.889094,0.323718,0.323603][0.641611,0.763953,-0.416891][1.26226,1.6461,0.457545][0.406181,0.901755,0.147837][0.630596,0.768024,-0.375229][1.02899,1.6461,0.861582][0.331122,0.901754,0.277844][0.606463,0.725579,-0.375229][1.02899,1.6461,0.861582][0.331122,0.901754,0.277844][0.606463,0.725579,-0.375229][1.11579,1.52581,0.934415][0.724796,0.323718,0.608176][0.615442,0.717928,-0.416891][1.36874,1.52581,0.496298][0.889094,0.323718,0.323603][0.641611,0.763953,-0.416891][1.45659,1.52581,-0.00190873][0.946154,0.323718,-2.75699e-007][0.650699,0.81629,-0.416891][1.34328,1.6461,-0.0019087][0.432249,0.901754,0][0.638977,0.81629,-0.375229][1.26226,1.6461,0.457545][0.406181,0.901755,0.147837][0.630596,0.768024,-0.375229][1.26226,1.6461,0.457545][0.406181,0.901755,0.147837][0.630596,0.768024,-0.375229][1.36874,1.52581,0.496298][0.889094,0.323718,0.323603][0.641611,0.763953,-0.416891][1.45659,1.52581,-0.00190873][0.946154,0.323718,-2.75699e-007][0.650699,0.81629,-0.416891]