version 1.00
798
[0.158776,0.188928,0.29691][0.193286,-0.593633,0.794788][0.790477,0.632426,0][0.222752,0.262888,0.296878][0.438918,-0.279433,0.86444][0.779966,0.627766,0][0.098144,0.292888,0.312294][0.04319,-0.139382,1.00047][0.777418,0.64453,0][0.098144,0.292888,0.312294][0.04319,-0.139382,1.00047][0.777418,0.64453,0][0.073378,0.261388,0.312792][0.016946,-0.181614,0.994487][0.783618,0.645956,0][0.158776,0.188928,0.29691][0.193286,-0.593633,0.794788][0.790477,0.632426,0][0.074882,0.189828,0.278884][-0.177302,-0.711336,0.695806][0.795613,0.641495,0][0.158776,0.188928,0.29691][0.193286,-0.593633,0.794788][0.790477,0.632426,0][0.073378,0.261388,0.312792][0.016946,-0.181614,0.994487][0.783618,0.645956,0][0.073378,0.261388,0.312792][0.016946,-0.181614,0.994487][0.783618,0.645956,0][0.03693,0.246868,0.30944][-0.068529,-0.370247,0.938295][0.788199,0.649443,0][0.074882,0.189828,0.278884][-0.177302,-0.711336,0.695806][0.795613,0.641495,0][-0.005824,0.204608,0.26341][0.003467,-0.777354,0.646521][0.802227,0.651155,0][0.074882,0.189828,0.278884][-0.177302,-0.711336,0.695806][0.795613,0.641495,0][0.03693,0.246868,0.30944][-0.068529,-0.370247,0.938295][0.788199,0.649443,0][0.03693,0.246868,0.30944][-0.068529,-0.370247,0.938295][0.788199,0.649443,0][-0.005806,0.245088,0.305066][-0.003631,-0.463436,0.898607][0.791553,0.654615,0][-0.005824,0.204608,0.26341][0.003467,-0.777354,0.646521][0.802227,0.651155,0][-0.005824,0.204608,0.26341][0.003467,-0.777354,0.646521][0.80384,0.660858,0][-0.005806,0.245088,0.305066][-0.003631,-0.463436,0.898607][0.792373,0.659502,0][-0.048544,0.246868,0.309096][0.075962,-0.368772,0.938291][0.789725,0.664758,0][-0.048544,0.246868,0.309096][0.075962,-0.368772,0.938291][0.789725,0.664758,0][-0.08795,0.188868,0.279652][0.213559,-0.70099,0.695895][0.798575,0.671239,0][-0.005824,0.204608,0.26341][0.003467,-0.777354,0.646521][0.80384,0.660858,0][-0.08795,0.188868,0.279652][0.213559,-0.70099,0.695895][0.798575,0.671239,0][-0.048544,0.246868,0.309096][0.075962,-0.368772,0.938291][0.789725,0.664758,0][-0.08513,0.261348,0.312982][-0.003285,-0.174553,0.995892][0.784996,0.668351,0][-0.08513,0.261348,0.312982][-0.003285,-0.174553,0.995892][0.784996,0.668351,0][-0.171048,0.181668,0.298852][-0.062089,-0.633105,0.785823][0.792948,0.679712,0][-0.08795,0.188868,0.279652][0.213559,-0.70099,0.695895][0.798575,0.671239,0][-0.171048,0.181668,0.298852][-0.062089,-0.633105,0.785823][0.792948,0.679712,0][-0.08513,0.261348,0.312982][-0.003285,-0.174553,0.995892][0.784996,0.668351,0][-0.109792,0.293008,0.312538][-0.010381,-0.115512,1.0044][0.778381,0.670177,0][-0.109792,0.293008,0.312538][-0.010381,-0.115512,1.0044][0.778381,0.670177,0][-0.232278,0.246168,0.317618][-0.358722,-0.234101,0.914291][0.782271,0.684094,0][-0.171048,0.181668,0.298852][-0.062089,-0.633105,0.785823][0.792948,0.679712,0][-0.231702,0.337408,0.312144][-0.357814,0.320885,0.887936][0.770437,0.683669,0][-0.232278,0.246168,0.317618][-0.358722,-0.234101,0.914291][0.782271,0.684094,0][-0.109792,0.293008,0.312538][-0.010381,-0.115512,1.0044][0.778381,0.670177,0][-0.109792,0.293008,0.312538][-0.010381,-0.115512,1.0044][0.778381,0.670177,0][-0.1215,0.327208,0.320222][-0.056021,0.096125,1.0049][0.772025,0.670914,0][-0.231702,0.337408,0.312144][-0.357814,0.320885,0.887936][0.770437,0.683669,0][0.222752,0.262888,0.296878][0.438918,-0.279433,0.86444][0.779966,0.627766,0][0.238652,0.351308,0.30225][0.440471,0.262652,0.868883][0.76815,0.628856,0][0.109832,0.327008,0.320146][0.056791,0.099965,1.00449][0.771543,0.644404,0][0.109832,0.327008,0.320146][0.056791,0.099965,1.00449][0.771543,0.644404,0][0.098144,0.292888,0.312294][0.04319,-0.139382,1.00047][0.777418,0.64453,0][0.222752,0.262888,0.296878][0.438918,-0.279433,0.86444][0.779966,0.627766,0][0.223266,0.137148,0.168752][0.353769,-0.886239,0.330031][0.802194,0.619032,0][0.34619,0.224828,0.18587][0.771447,-0.433582,0.475286][0.784658,0.611327,0][0.222752,0.262888,0.296878][0.438918,-0.279433,0.86444][0.779966,0.627766,0][0.222752,0.262888,0.296878][0.438918,-0.279433,0.86444][0.779966,0.627766,0][0.158776,0.188928,0.29691][0.193286,-0.593633,0.794788][0.790477,0.632426,0][0.223266,0.137148,0.168752][0.353769,-0.886239,0.330031][0.802194,0.619032,0][0.101384,0.122908,0.16631][-0.068441,-0.965502,0.29206][0.813676,0.630238,0][0.223266,0.137148,0.168752][0.353769,-0.886239,0.330031][0.802194,0.619032,0][0.158776,0.188928,0.29691][0.193286,-0.593633,0.794788][0.790477,0.632426,0][0.158776,0.188928,0.29691][0.193286,-0.593633,0.794788][0.790477,0.632426,0][0.074882,0.189828,0.278884][-0.177302,-0.711336,0.695806][0.795613,0.641495,0][0.101384,0.122908,0.16631][-0.068441,-0.965502,0.29206][0.813676,0.630238,0][-0.005842,0.148188,0.16602][0.007655,-0.958992,0.320242][0.819979,0.643196,0][0.101384,0.122908,0.16631][-0.068441,-0.965502,0.29206][0.813676,0.630238,0][0.074882,0.189828,0.278884][-0.177302,-0.711336,0.695806][0.795613,0.641495,0][0.074882,0.189828,0.278884][-0.177302,-0.711336,0.695806][0.795613,0.641495,0][-0.005824,0.204608,0.26341][0.003467,-0.777354,0.646521][0.802227,0.651155,0][-0.005842,0.148188,0.16602][0.007655,-0.958992,0.320242][0.819979,0.643196,0][-0.005842,0.148188,0.16602][0.007655,-0.958992,0.320242][0.822244,0.666043,0][-0.005824,0.204608,0.26341][0.003467,-0.777354,0.646521][0.80384,0.660858,0][-0.08795,0.188868,0.279652][0.213559,-0.70099,0.695895][0.798575,0.671239,0][-0.08795,0.188868,0.279652][0.213559,-0.70099,0.695895][0.798575,0.671239,0][-0.11603,0.120288,0.166358][0.124812,-0.964718,0.275092][0.816923,0.680943,0][-0.005842,0.148188,0.16602][0.007655,-0.958992,0.320242][0.822244,0.666043,0][-0.11603,0.120288,0.166358][0.124812,-0.964718,0.275092][0.816923,0.680943,0][-0.08795,0.188868,0.279652][0.213559,-0.70099,0.695895][0.798575,0.671239,0][-0.171048,0.181668,0.298852][-0.062089,-0.633105,0.785823][0.792948,0.679712,0][-0.171048,0.181668,0.298852][-0.062089,-0.633105,0.785823][0.792948,0.679712,0][-0.232722,0.122828,0.186216][-0.296455,-0.911336,0.319223][0.804242,0.692209,0][-0.11603,0.120288,0.166358][0.124812,-0.964718,0.275092][0.816923,0.680943,0][-0.232722,0.122828,0.186216][-0.296455,-0.911336,0.319223][0.804242,0.692209,0][-0.171048,0.181668,0.298852][-0.062089,-0.633105,0.785823][0.792948,0.679712,0][-0.232278,0.246168,0.317618][-0.358722,-0.234101,0.914291][0.782271,0.684094,0][-0.232278,0.246168,0.317618][-0.358722,-0.234101,0.914291][0.782271,0.684094,0][-0.33947,0.209348,0.213138][-0.780761,-0.411194,0.479616][0.788075,0.69915,0][-0.232722,0.122828,0.186216][-0.296455,-0.911336,0.319223][0.804242,0.692209,0][-0.332656,0.347528,0.21196][-0.810472,0.36374,0.467412][0.771764,0.69917,0][-0.33947,0.209348,0.213138][-0.780761,-0.411194,0.479616][0.788075,0.69915,0][-0.232278,0.246168,0.317618][-0.358722,-0.234101,0.914291][0.782271,0.684094,0][-0.232278,0.246168,0.317618][-0.358722,-0.234101,0.914291][0.782271,0.684094,0][-0.231702,0.337408,0.312144][-0.357814,0.320885,0.887936][0.770437,0.683669,0][-0.332656,0.347528,0.21196][-0.810472,0.36374,0.467412][0.771764,0.69917,0][0.349712,0.363488,0.181544][0.826737,0.368044,0.433706][0.766579,0.610282,0][0.238652,0.351308,0.30225][0.440471,0.262652,0.868883][0.76815,0.628856,0][0.222752,0.262888,0.296878][0.438918,-0.279433,0.86444][0.779966,0.627766,0][0.222752,0.262888,0.296878][0.438918,-0.279433,0.86444][0.779966,0.627766,0][0.34619,0.224828,0.18587][0.771447,-0.433582,0.475286][0.784658,0.611327,0][0.349712,0.363488,0.181544][0.826737,0.368044,0.433706][0.766579,0.610282,0][0.24133,0.125288,0.002736][0.380859,-0.934877,0.000903][0.816261,0.602591,0][0.383704,0.217248,0.000614][0.884906,-0.47093,-0.00048][0.789121,0.589018,0][0.34619,0.224828,0.18587][0.771447,-0.433582,0.475286][0.784658,0.611327,0][0.34619,0.224828,0.18587][0.771447,-0.433582,0.475286][0.784658,0.611327,0][0.223266,0.137148,0.168752][0.353769,-0.886239,0.330031][0.802194,0.619032,0][0.24133,0.125288,0.002736][0.380859,-0.934877,0.000903][0.816261,0.602591,0][0.108332,0.101628,0.002736][-0.033959,-1.0105,0.000165][0.830833,0.616546,0][0.24133,0.125288,0.002736][0.380859,-0.934877,0.000903][0.816261,0.602591,0][0.223266,0.137148,0.168752][0.353769,-0.886239,0.330031][0.802194,0.619032,0][0.223266,0.137148,0.168752][0.353769,-0.886239,0.330031][0.802194,0.619032,0][0.101384,0.122908,0.16631][-0.068441,-0.965502,0.29206][0.813676,0.630238,0][0.108332,0.101628,0.002736][-0.033959,-1.0105,0.000165][0.830833,0.616546,0][-0.005848,0.128388,0.002736][0.006921,-1.01105,0.000178][0.837786,0.630287,0][0.108332,0.101628,0.002736][-0.033959,-1.0105,0.000165][0.830833,0.616546,0][0.101384,0.122908,0.16631][-0.068441,-0.965502,0.29206][0.813676,0.630238,0][0.101384,0.122908,0.16631][-0.068441,-0.965502,0.29206][0.813676,0.630238,0][-0.005842,0.148188,0.16602][0.007655,-0.958992,0.320242][0.819979,0.643196,0][-0.005848,0.128388,0.002736][0.006921,-1.01105,0.000178][0.837786,0.630287,0][-0.005848,0.128388,0.002736][0.006921,-1.01105,0.000178][0.840996,0.678925,0][-0.005842,0.148188,0.16602][0.007655,-0.958992,0.320242][0.822244,0.666043,0][-0.11603,0.120288,0.166358][0.124812,-0.964718,0.275092][0.816923,0.680943,0][-0.11603,0.120288,0.166358][0.124812,-0.964718,0.275092][0.816923,0.680943,0][-0.12318,0.0994281,0.002736][0.064278,-1.00899,4.3e-05][0.831295,0.694948,0][-0.005848,0.128388,0.002736][0.006921,-1.01105,0.000178][0.840996,0.678925,0][-0.248166,0.112248,0.002736][-0.332182,-0.953665,0.000496][0.820664,0.711947,0][-0.12318,0.0994281,0.002736][0.064278,-1.00899,4.3e-05][0.831295,0.694948,0][-0.11603,0.120288,0.166358][0.124812,-0.964718,0.275092][0.816923,0.680943,0][-0.11603,0.120288,0.166358][0.124812,-0.964718,0.275092][0.816923,0.680943,0][-0.232722,0.122828,0.186216][-0.296455,-0.911336,0.319223][0.804242,0.692209,0][-0.248166,0.112248,0.002736][-0.332182,-0.953665,0.000496][0.820664,0.711947,0][-0.248166,0.112248,0.002736][-0.332182,-0.953665,0.000496][0.820664,0.711947,0][-0.232722,0.122828,0.186216][-0.296455,-0.911336,0.319223][0.804242,0.692209,0][-0.33947,0.209348,0.213138][-0.780761,-0.411194,0.479616][0.788075,0.69915,0][-0.33947,0.209348,0.213138][-0.780761,-0.411194,0.479616][0.788075,0.69915,0][-0.39353,0.201788,0.001734][-0.901466,-0.437644,-0.00098][0.791412,0.724001,0][-0.248166,0.112248,0.002736][-0.332182,-0.953665,0.000496][0.820664,0.711947,0][-0.39353,0.201788,0.001734][-0.901466,-0.437644,-0.00098][0.791412,0.724001,0][-0.33947,0.209348,0.213138][-0.780761,-0.411194,0.479616][0.788075,0.69915,0][-0.332656,0.347528,0.21196][-0.810472,0.36374,0.467412][0.771764,0.69917,0][-0.332656,0.347528,0.21196][-0.810472,0.36374,0.467412][0.771764,0.69917,0][-0.381138,0.353028,-0.003914][-0.922217,0.390932,-0.004464][0.767399,0.72516,0][-0.39353,0.201788,0.001734][-0.901466,-0.437644,-0.00098][0.791412,0.724001,0][0.383704,0.217248,0.000614][0.884906,-0.47093,-0.00048][0.789121,0.589018,0][0.38364,0.366208,-0.00613][0.921637,0.392333,-0.003851][0.761554,0.587575,0][0.349712,0.363488,0.181544][0.826737,0.368044,0.433706][0.766579,0.610282,0][0.349712,0.363488,0.181544][0.826737,0.368044,0.433706][0.766579,0.610282,0][0.34619,0.224828,0.18587][0.771447,-0.433582,0.475286][0.784658,0.611327,0][0.383704,0.217248,0.000614][0.884906,-0.47093,-0.00048][0.789121,0.589018,0][0.34619,0.224828,-0.185482][0.77089,-0.454752,-0.456036][0.665343,0.72039,0][0.383704,0.217248,0.000614][0.884906,-0.47093,-0.00048][0.666048,0.697957,0][0.24133,0.125288,0.002736][0.380859,-0.934877,0.000903][0.635383,0.712694,0][0.24133,0.125288,0.002736][0.380859,-0.934877,0.000903][0.635383,0.712694,0][0.223266,0.137148,-0.164048][0.349174,-0.892171,-0.318861][0.649662,0.73208,0][0.34619,0.224828,-0.185482][0.77089,-0.454752,-0.456036][0.665343,0.72039,0][0.223266,0.137148,-0.164048][0.349174,-0.892171,-0.318861][0.649662,0.73208,0][0.24133,0.125288,0.002736][0.380859,-0.934877,0.000903][0.635383,0.712694,0][0.108332,0.101628,0.002736][-0.033959,-1.0105,0.000165][0.618754,0.726636,0][0.108332,0.101628,0.002736][-0.033959,-1.0105,0.000165][0.618754,0.726636,0][0.101384,0.122908,-0.161162][-0.067226,-0.968104,-0.283612][0.635414,0.740737,0][0.223266,0.137148,-0.164048][0.349174,-0.892171,-0.318861][0.649662,0.73208,0][0.101384,0.122908,-0.161162][-0.067226,-0.968104,-0.283612][0.635414,0.740737,0][0.108332,0.101628,0.002736][-0.033959,-1.0105,0.000165][0.618754,0.726636,0][-0.005848,0.128388,0.002736][0.006921,-1.01105,0.000178][0.612096,0.739241,0][-0.005848,0.128388,0.002736][0.006921,-1.01105,0.000178][0.612096,0.739241,0][-0.005842,0.148188,-0.161452][0.007166,-0.962855,-0.308445][0.626682,0.751498,0][0.101384,0.122908,-0.161162][-0.067226,-0.968104,-0.283612][0.635414,0.740737,0][-0.11603,0.120288,-0.161][0.122821,-0.967049,-0.267724][0.634054,0.788007,0][-0.005842,0.148188,-0.161452][0.007166,-0.962855,-0.308445][0.627751,0.772374,0][-0.005848,0.128388,0.002736][0.006921,-1.01105,0.000178][0.609442,0.783485,0][-0.005848,0.128388,0.002736][0.006921,-1.01105,0.000178][0.609442,0.783485,0][-0.12318,0.0994281,0.002736][0.064278,-1.00899,4.3e-05][0.616768,0.801932,0][-0.11603,0.120288,-0.161][0.122821,-0.967049,-0.267724][0.634054,0.788007,0][-0.11603,0.120288,-0.161][0.122821,-0.967049,-0.267724][0.634054,0.788007,0][-0.12318,0.0994281,0.002736][0.064278,-1.00899,4.3e-05][0.616768,0.801932,0][-0.248166,0.112248,0.002736][-0.332182,-0.953665,0.000496][0.627576,0.819668,0][-0.248166,0.112248,0.002736][-0.332182,-0.953665,0.000496][0.627576,0.819668,0][-0.232722,0.122828,-0.180972][-0.294557,-0.915186,-0.309869][0.644715,0.801382,0][-0.11603,0.120288,-0.161][0.122821,-0.967049,-0.267724][0.634054,0.788007,0][-0.33947,0.209348,-0.210782][-0.782778,-0.426903,-0.462212][0.659964,0.811153,0][-0.232722,0.122828,-0.180972][-0.294557,-0.915186,-0.309869][0.644715,0.801382,0][-0.248166,0.112248,0.002736][-0.332182,-0.953665,0.000496][0.627576,0.819668,0][-0.248166,0.112248,0.002736][-0.332182,-0.953665,0.000496][0.627576,0.819668,0][-0.39353,0.201788,0.001734][-0.901466,-0.437644,-0.00098][0.650213,0.835751,0][-0.33947,0.209348,-0.210782][-0.782778,-0.426903,-0.462212][0.659964,0.811153,0][-0.33947,0.209348,-0.210782][-0.782778,-0.426903,-0.462212][0.659964,0.811153,0][-0.39353,0.201788,0.001734][-0.901466,-0.437644,-0.00098][0.650213,0.835751,0][-0.381138,0.353028,-0.003914][-0.922217,0.390932,-0.004464][0.673691,0.83922,0][-0.381138,0.353028,-0.003914][-0.922217,0.390932,-0.004464][0.673691,0.83922,0][-0.332656,0.347528,-0.22064][-0.827832,0.32347,-0.465911][0.677119,0.811765,0][-0.33947,0.209348,-0.210782][-0.782778,-0.426903,-0.462212][0.659964,0.811153,0][0.34619,0.224828,-0.185482][0.77089,-0.454752,-0.456036][0.665343,0.72039,0][0.349712,0.363488,-0.194072][0.824829,0.349745,-0.45217][0.683831,0.720614,0][0.38364,0.366208,-0.00613][0.921637,0.392333,-0.003851][0.687936,0.696127,0][0.38364,0.366208,-0.00613][0.921637,0.392333,-0.003851][0.687936,0.696127,0][0.383704,0.217248,0.000614][0.884906,-0.47093,-0.00048][0.666048,0.697957,0][0.34619,0.224828,-0.185482][0.77089,-0.454752,-0.456036][0.665343,0.72039,0][0.222752,0.262888,-0.30121][0.453332,-0.348522,-0.831099][0.674931,0.743139,0][0.34619,0.224828,-0.185482][0.77089,-0.454752,-0.456036][0.665343,0.72039,0][0.223266,0.137148,-0.164048][0.349174,-0.892171,-0.318861][0.649662,0.73208,0][0.223266,0.137148,-0.164048][0.349174,-0.892171,-0.318861][0.649662,0.73208,0][0.158776,0.188928,-0.296186][0.204695,-0.641011,-0.754024][0.662049,0.74604,0][0.222752,0.262888,-0.30121][0.453332,-0.348522,-0.831099][0.674931,0.743139,0][0.158776,0.188928,-0.296186][0.204695,-0.641011,-0.754024][0.662049,0.74604,0][0.223266,0.137148,-0.164048][0.349174,-0.892171,-0.318861][0.649662,0.73208,0][0.101384,0.122908,-0.161162][-0.067226,-0.968104,-0.283612][0.635414,0.740737,0][0.101384,0.122908,-0.161162][-0.067226,-0.968104,-0.283612][0.635414,0.740737,0][0.074882,0.189828,-0.279616][-0.16351,-0.755489,-0.651295][0.654915,0.752241,0][0.158776,0.188928,-0.296186][0.204695,-0.641011,-0.754024][0.662049,0.74604,0][0.074882,0.189828,-0.279616][-0.16351,-0.755489,-0.651295][0.654915,0.752241,0][0.101384,0.122908,-0.161162][-0.067226,-0.968104,-0.283612][0.635414,0.740737,0][-0.005842,0.148188,-0.161452][0.007166,-0.962855,-0.308445][0.626682,0.751498,0][-0.005842,0.148188,-0.161452][0.007166,-0.962855,-0.308445][0.626682,0.751498,0][-0.005824,0.204608,-0.265906][0.002014,-0.813774,-0.60004][0.648697,0.761,0][0.074882,0.189828,-0.279616][-0.16351,-0.755489,-0.651295][0.654915,0.752241,0][-0.087954,0.188868,-0.279832][0.197127,-0.746196,-0.652494][0.653862,0.78103,0][-0.005824,0.204608,-0.265906][0.002014,-0.813774,-0.60004][0.648038,0.769293,0][-0.005842,0.148188,-0.161452][0.007166,-0.962855,-0.308445][0.627751,0.772374,0][-0.005842,0.148188,-0.161452][0.007166,-0.962855,-0.308445][0.627751,0.772374,0][-0.11603,0.120288,-0.161][0.122821,-0.967049,-0.267724][0.634054,0.788007,0][-0.087954,0.188868,-0.279832][0.197127,-0.746196,-0.652494][0.653862,0.78103,0][-0.171048,0.181668,-0.297088][-0.077921,-0.67533,-0.748334][0.657941,0.790514,0][-0.087954,0.188868,-0.279832][0.197127,-0.746196,-0.652494][0.653862,0.78103,0][-0.11603,0.120288,-0.161][0.122821,-0.967049,-0.267724][0.634054,0.788007,0][-0.11603,0.120288,-0.161][0.122821,-0.967049,-0.267724][0.634054,0.788007,0][-0.232722,0.122828,-0.180972][-0.294557,-0.915186,-0.309869][0.644715,0.801382,0][-0.171048,0.181668,-0.297088][-0.077921,-0.67533,-0.748334][0.657941,0.790514,0][-0.232278,0.246168,-0.31942][-0.380961,-0.296592,-0.886538][0.667115,0.796289,0][-0.171048,0.181668,-0.297088][-0.077921,-0.67533,-0.748334][0.657941,0.790514,0][-0.232722,0.122828,-0.180972][-0.294557,-0.915186,-0.309869][0.644715,0.801382,0][-0.232722,0.122828,-0.180972][-0.294557,-0.915186,-0.309869][0.644715,0.801382,0][-0.33947,0.209348,-0.210782][-0.782778,-0.426903,-0.462212][0.659964,0.811153,0][-0.232278,0.246168,-0.31942][-0.380961,-0.296592,-0.886538][0.667115,0.796289,0][-0.232278,0.246168,-0.31942][-0.380961,-0.296592,-0.886538][0.667115,0.796289,0][-0.33947,0.209348,-0.210782][-0.782778,-0.426903,-0.462212][0.659964,0.811153,0][-0.332656,0.347528,-0.22064][-0.827832,0.32347,-0.465911][0.677119,0.811765,0][-0.332656,0.347528,-0.22064][-0.827832,0.32347,-0.465911][0.677119,0.811765,0][-0.231702,0.337408,-0.323016][-0.398784,0.242296,-0.894987][0.679206,0.797547,0][-0.232278,0.246168,-0.31942][-0.380961,-0.296592,-0.886538][0.667115,0.796289,0][0.222752,0.262888,-0.30121][0.453332,-0.348522,-0.831099][0.674931,0.743139,0][0.238652,0.351308,-0.315912][0.483709,0.210629,-0.859494][0.686695,0.742486,0][0.349712,0.363488,-0.194072][0.824829,0.349745,-0.45217][0.683831,0.720614,0][0.349712,0.363488,-0.194072][0.824829,0.349745,-0.45217][0.683831,0.720614,0][0.34619,0.224828,-0.185482][0.77089,-0.454752,-0.456036][0.665343,0.72039,0][0.222752,0.262888,-0.30121][0.453332,-0.348522,-0.831099][0.674931,0.743139,0][0.09811,0.292948,-0.326398][0.077355,-0.253525,-0.975648][0.676609,0.756881,0][0.222752,0.262888,-0.30121][0.453332,-0.348522,-0.831099][0.674931,0.743139,0][0.158776,0.188928,-0.296186][0.204695,-0.641011,-0.754024][0.662049,0.74604,0][0.158776,0.188928,-0.296186][0.204695,-0.641011,-0.754024][0.662049,0.74604,0][0.073378,0.261388,-0.323776][0.041395,-0.296459,-0.965734][0.669823,0.75778,0][0.09811,0.292948,-0.326398][0.077355,-0.253525,-0.975648][0.676609,0.756881,0][0.073378,0.261388,-0.323776][0.041395,-0.296459,-0.965734][0.669823,0.75778,0][0.158776,0.188928,-0.296186][0.204695,-0.641011,-0.754024][0.662049,0.74604,0][0.074882,0.189828,-0.279616][-0.16351,-0.755489,-0.651295][0.654915,0.752241,0][0.074882,0.189828,-0.279616][-0.16351,-0.755489,-0.651295][0.654915,0.752241,0][0.036936,0.246868,-0.31916][-0.048413,-0.473856,-0.891821][0.665115,0.760842,0][0.073378,0.261388,-0.323776][0.041395,-0.296459,-0.965734][0.669823,0.75778,0][0.036936,0.246868,-0.31916][-0.048413,-0.473856,-0.891821][0.665115,0.760842,0][0.074882,0.189828,-0.279616][-0.16351,-0.755489,-0.651295][0.654915,0.752241,0][-0.005824,0.204608,-0.265906][0.002014,-0.813774,-0.60004][0.648697,0.761,0][-0.005824,0.204608,-0.265906][0.002014,-0.813774,-0.60004][0.648697,0.761,0][-0.005806,0.245088,-0.315244][-0.004341,-0.555161,-0.84502][0.662099,0.765618,0][0.036936,0.246868,-0.31916][-0.048413,-0.473856,-0.891821][0.665115,0.760842,0][-0.048546,0.246868,-0.318718][0.048889,-0.471762,-0.892904][0.664125,0.775467,0][-0.005806,0.245088,-0.315244][-0.004341,-0.555161,-0.84502][0.661409,0.769379,0][-0.005824,0.204608,-0.265906][0.002014,-0.813774,-0.60004][0.648038,0.769293,0][-0.005824,0.204608,-0.265906][0.002014,-0.813774,-0.60004][0.648038,0.769293,0][-0.087954,0.188868,-0.279832][0.197127,-0.746196,-0.652494][0.653862,0.78103,0][-0.048546,0.246868,-0.318718][0.048889,-0.471762,-0.892904][0.664125,0.775467,0][-0.085134,0.261348,-0.323388][-0.031635,-0.289872,-0.968108][0.668622,0.780376,0][-0.048546,0.246868,-0.318718][0.048889,-0.471762,-0.892904][0.664125,0.775467,0][-0.087954,0.188868,-0.279832][0.197127,-0.746196,-0.652494][0.653862,0.78103,0][-0.087954,0.188868,-0.279832][0.197127,-0.746196,-0.652494][0.653862,0.78103,0][-0.171048,0.181668,-0.297088][-0.077921,-0.67533,-0.748334][0.657941,0.790514,0][-0.085134,0.261348,-0.323388][-0.031635,-0.289872,-0.968108][0.668622,0.780376,0][-0.109746,0.293068,-0.326146][-0.051724,-0.228256,-0.983588][0.675157,0.783665,0][-0.085134,0.261348,-0.323388][-0.031635,-0.289872,-0.968108][0.668622,0.780376,0][-0.171048,0.181668,-0.297088][-0.077921,-0.67533,-0.748334][0.657941,0.790514,0][-0.171048,0.181668,-0.297088][-0.077921,-0.67533,-0.748334][0.657941,0.790514,0][-0.232278,0.246168,-0.31942][-0.380961,-0.296592,-0.886538][0.667115,0.796289,0][-0.109746,0.293068,-0.326146][-0.051724,-0.228256,-0.983588][0.675157,0.783665,0][-0.109746,0.293068,-0.326146][-0.051724,-0.228256,-0.983588][0.675157,0.783665,0][-0.232278,0.246168,-0.31942][-0.380961,-0.296592,-0.886538][0.667115,0.796289,0][-0.231702,0.337408,-0.323016][-0.398784,0.242296,-0.894987][0.679206,0.797547,0][-0.231702,0.337408,-0.323016][-0.398784,0.242296,-0.894987][0.679206,0.797547,0][-0.121378,0.327348,-0.337478][-0.107791,-0.004992,-1.00518][0.681599,0.785751,0][-0.109746,0.293068,-0.326146][-0.051724,-0.228256,-0.983588][0.675157,0.783665,0][0.109718,0.327148,-0.338028][0.096635,-0.001702,-1.00635][0.683467,0.757375,0][0.238652,0.351308,-0.315912][0.483709,0.210629,-0.859494][0.686695,0.742486,0][0.222752,0.262888,-0.30121][0.453332,-0.348522,-0.831099][0.674931,0.743139,0][0.222752,0.262888,-0.30121][0.453332,-0.348522,-0.831099][0.674931,0.743139,0][0.09811,0.292948,-0.326398][0.077355,-0.253525,-0.975648][0.676609,0.756881,0][0.109718,0.327148,-0.338028][0.096635,-0.001702,-1.00635][0.683467,0.757375,0][0.073378,0.261388,0.312792][0.016946,-0.181614,0.994487][0.783618,0.645956,0][0.098144,0.292888,0.312294][0.04319,-0.139382,1.00047][0.777418,0.64453,0][-0.005934,0.326068,0.314628][0.000364,0.099384,1.00618][0.775865,0.657864,0][0.03693,0.246868,0.30944][-0.068529,-0.370247,0.938295][0.788199,0.649443,0][0.073378,0.261388,0.312792][0.016946,-0.181614,0.994487][0.783618,0.645956,0][-0.005934,0.326068,0.314628][0.000364,0.099384,1.00618][0.775865,0.657864,0][-0.005806,0.245088,0.305066][-0.003631,-0.463436,0.898607][0.791553,0.654615,0][0.03693,0.246868,0.30944][-0.068529,-0.370247,0.938295][0.788199,0.649443,0][-0.005934,0.326068,0.314628][0.000364,0.099384,1.00618][0.775865,0.657864,0][-0.048544,0.246868,0.309096][0.075962,-0.368772,0.938291][0.789725,0.664758,0][-0.005806,0.245088,0.305066][-0.003631,-0.463436,0.898607][0.792373,0.659502,0][-0.005934,0.326068,0.314628][0.000364,0.099384,1.00618][0.775865,0.657864,0][-0.08513,0.261348,0.312982][-0.003285,-0.174553,0.995892][0.784996,0.668351,0][-0.048544,0.246868,0.309096][0.075962,-0.368772,0.938291][0.789725,0.664758,0][-0.005934,0.326068,0.314628][0.000364,0.099384,1.00618][0.775865,0.657864,0][-0.109792,0.293008,0.312538][-0.010381,-0.115512,1.0044][0.778381,0.670177,0][-0.08513,0.261348,0.312982][-0.003285,-0.174553,0.995892][0.784996,0.668351,0][-0.005934,0.326068,0.314628][0.000364,0.099384,1.00618][0.775865,0.657864,0][-0.1215,0.327208,0.320222][-0.056021,0.096125,1.0049][0.772025,0.670914,0][-0.109792,0.293008,0.312538][-0.010381,-0.115512,1.0044][0.778381,0.670177,0][-0.005934,0.326068,0.314628][0.000364,0.099384,1.00618][0.775865,0.657864,0][0.098144,0.292888,0.312294][0.04319,-0.139382,1.00047][0.777418,0.64453,0][0.109832,0.327008,0.320146][0.056791,0.099965,1.00449][0.771543,0.644404,0][-0.005934,0.326068,0.314628][0.000364,0.099384,1.00618][0.775865,0.657864,0][0.09811,0.292948,-0.326398][0.077355,-0.253525,-0.975648][0.676609,0.756881,0][0.073378,0.261388,-0.323776][0.041395,-0.296459,-0.965734][0.669823,0.75778,0][-0.005928,0.326268,-0.335622][-0.002439,-0.009006,-1.01104][0.679516,0.770842,0][0.073378,0.261388,-0.323776][0.041395,-0.296459,-0.965734][0.669823,0.75778,0][0.036936,0.246868,-0.31916][-0.048413,-0.473856,-0.891821][0.665115,0.760842,0][-0.005928,0.326268,-0.335622][-0.002439,-0.009006,-1.01104][0.679516,0.770842,0][0.036936,0.246868,-0.31916][-0.048413,-0.473856,-0.891821][0.665115,0.760842,0][-0.005806,0.245088,-0.315244][-0.004341,-0.555161,-0.84502][0.662099,0.765618,0][-0.005928,0.326268,-0.335622][-0.002439,-0.009006,-1.01104][0.679516,0.770842,0][-0.005806,0.245088,-0.315244][-0.004341,-0.555161,-0.84502][0.661409,0.769379,0][-0.048546,0.246868,-0.318718][0.048889,-0.471762,-0.892904][0.664125,0.775467,0][-0.005928,0.326268,-0.335622][-0.002439,-0.009006,-1.01104][0.679516,0.770842,0][-0.048546,0.246868,-0.318718][0.048889,-0.471762,-0.892904][0.664125,0.775467,0][-0.085134,0.261348,-0.323388][-0.031635,-0.289872,-0.968108][0.668622,0.780376,0][-0.005928,0.326268,-0.335622][-0.002439,-0.009006,-1.01104][0.679516,0.770842,0][-0.085134,0.261348,-0.323388][-0.031635,-0.289872,-0.968108][0.668622,0.780376,0][-0.109746,0.293068,-0.326146][-0.051724,-0.228256,-0.983588][0.675157,0.783665,0][-0.005928,0.326268,-0.335622][-0.002439,-0.009006,-1.01104][0.679516,0.770842,0][-0.109746,0.293068,-0.326146][-0.051724,-0.228256,-0.983588][0.675157,0.783665,0][-0.121378,0.327348,-0.337478][-0.107791,-0.004992,-1.00518][0.681599,0.785751,0][-0.005928,0.326268,-0.335622][-0.002439,-0.009006,-1.01104][0.679516,0.770842,0][0.109718,0.327148,-0.338028][0.096635,-0.001702,-1.00635][0.683467,0.757375,0][0.09811,0.292948,-0.326398][0.077355,-0.253525,-0.975648][0.676609,0.756881,0][-0.005928,0.326268,-0.335622][-0.002439,-0.009006,-1.01104][0.679516,0.770842,0][-0.190088,0.470508,0.21922][-0.528687,0.580634,0.631987][0.748498,0.683771,0][-0.231702,0.337408,0.312144][-0.357814,0.320885,0.887936][0.770437,0.683669,0][-0.1215,0.327208,0.320222][-0.056021,0.096125,1.0049][0.772025,0.670914,0][-0.1215,0.327208,0.320222][-0.056021,0.096125,1.0049][0.772025,0.670914,0][-0.100936,0.479188,0.265966][-0.277523,0.431456,0.870282][0.745565,0.669645,0][-0.190088,0.470508,0.21922][-0.528687,0.580634,0.631987][0.748498,0.683771,0][0.18035,0.475308,0.215984][0.534515,0.506111,0.68852][0.74355,0.635099,0][0.089806,0.479188,0.266032][0.263423,0.384384,0.896433][0.74536,0.647698,0][0.109832,0.327008,0.320146][0.056791,0.099965,1.00449][0.771543,0.644404,0][0.109832,0.327008,0.320146][0.056791,0.099965,1.00449][0.771543,0.644404,0][0.238652,0.351308,0.30225][0.440471,0.262652,0.868883][0.76815,0.628856,0][0.18035,0.475308,0.215984][0.534515,0.506111,0.68852][0.74355,0.635099,0][-0.190088,0.470508,0.21922][-0.528687,0.580634,0.631987][0.748498,0.683771,0][-0.253674,0.460968,0.127292][-0.729633,0.639696,0.262382][0.750476,0.70032,0][-0.332656,0.347528,0.21196][-0.810472,0.36374,0.467412][0.771764,0.69917,0][-0.332656,0.347528,0.21196][-0.810472,0.36374,0.467412][0.771764,0.69917,0][-0.231702,0.337408,0.312144][-0.357814,0.320885,0.887936][0.770437,0.683669,0][-0.190088,0.470508,0.21922][-0.528687,0.580634,0.631987][0.748498,0.683771,0][0.18035,0.475308,0.215984][0.534515,0.506111,0.68852][0.74355,0.635099,0][0.238652,0.351308,0.30225][0.440471,0.262652,0.868883][0.76815,0.628856,0][0.349712,0.363488,0.181544][0.826737,0.368044,0.433706][0.766579,0.610282,0][0.349712,0.363488,0.181544][0.826737,0.368044,0.433706][0.766579,0.610282,0][0.245362,0.471028,0.111282][0.78632,0.550266,0.295657][0.740723,0.616585,0][0.18035,0.475308,0.215984][0.534515,0.506111,0.68852][0.74355,0.635099,0][-0.253674,0.460968,0.127292][-0.729633,0.639696,0.262382][0.750476,0.70032,0][-0.272372,0.463308,-0.01287][-0.780486,0.632098,0.001135][0.744919,0.717805,0][-0.381138,0.353028,-0.003914][-0.922217,0.390932,-0.004464][0.767399,0.72516,0][-0.381138,0.353028,-0.003914][-0.922217,0.390932,-0.004464][0.767399,0.72516,0][-0.332656,0.347528,0.21196][-0.810472,0.36374,0.467412][0.771764,0.69917,0][-0.253674,0.460968,0.127292][-0.729633,0.639696,0.262382][0.750476,0.70032,0][0.245362,0.471028,0.111282][0.78632,0.550266,0.295657][0.740723,0.616585,0][0.349712,0.363488,0.181544][0.826737,0.368044,0.433706][0.766579,0.610282,0][0.38364,0.366208,-0.00613][0.921637,0.392333,-0.003851][0.761554,0.587575,0][0.38364,0.366208,-0.00613][0.921637,0.392333,-0.003851][0.761554,0.587575,0][0.265506,0.472128,-0.0158][0.863575,0.509799,0.002888][0.738898,0.598313,0][0.245362,0.471028,0.111282][0.78632,0.550266,0.295657][0.740723,0.616585,0][-0.253674,0.460968,-0.15303][-0.753786,0.608981,-0.265648][0.699749,0.815052,0][-0.332656,0.347528,-0.22064][-0.827832,0.32347,-0.465911][0.677119,0.811765,0][-0.381138,0.353028,-0.003914][-0.922217,0.390932,-0.004464][0.673691,0.83922,0][-0.381138,0.353028,-0.003914][-0.922217,0.390932,-0.004464][0.673691,0.83922,0][-0.272372,0.463308,-0.01287][-0.780486,0.632098,0.001135][0.700358,0.833335,0][-0.253674,0.460968,-0.15303][-0.753786,0.608981,-0.265648][0.699749,0.815052,0][0.245618,0.471208,-0.142734][0.812318,0.484621,-0.335948][0.706753,0.72537,0][0.265506,0.472128,-0.0158][0.863575,0.509799,0.002888][0.713952,0.70943,0][0.38364,0.366208,-0.00613][0.921637,0.392333,-0.003851][0.687936,0.696127,0][0.38364,0.366208,-0.00613][0.921637,0.392333,-0.003851][0.687936,0.696127,0][0.349712,0.363488,-0.194072][0.824829,0.349745,-0.45217][0.683831,0.720614,0][0.245618,0.471208,-0.142734][0.812318,0.484621,-0.335948][0.706753,0.72537,0][-0.190036,0.470448,-0.247694][-0.573557,0.505631,-0.655988][0.702569,0.800017,0][-0.231702,0.337408,-0.323016][-0.398784,0.242296,-0.894987][0.679206,0.797547,0][-0.332656,0.347528,-0.22064][-0.827832,0.32347,-0.465911][0.677119,0.811765,0][-0.332656,0.347528,-0.22064][-0.827832,0.32347,-0.465911][0.677119,0.811765,0][-0.253674,0.460968,-0.15303][-0.753786,0.608981,-0.265648][0.699749,0.815052,0][-0.190036,0.470448,-0.247694][-0.573557,0.505631,-0.655988][0.702569,0.800017,0][0.245618,0.471208,-0.142734][0.812318,0.484621,-0.335948][0.706753,0.72537,0][0.349712,0.363488,-0.194072][0.824829,0.349745,-0.45217][0.683831,0.720614,0][0.238652,0.351308,-0.315912][0.483709,0.210629,-0.859494][0.686695,0.742486,0][0.238652,0.351308,-0.315912][0.483709,0.210629,-0.859494][0.686695,0.742486,0][0.180598,0.475568,-0.247648][0.609176,0.376902,-0.707716][0.709083,0.747577,0][0.245618,0.471208,-0.142734][0.812318,0.484621,-0.335948][0.706753,0.72537,0][-0.190036,0.470448,-0.247694][-0.573557,0.505631,-0.655988][0.702569,0.800017,0][-0.101002,0.479328,-0.299042][-0.313913,0.327975,-0.902207][0.705715,0.78647,0][-0.121378,0.327348,-0.337478][-0.107791,-0.004992,-1.00518][0.681599,0.785751,0][-0.121378,0.327348,-0.337478][-0.107791,-0.004992,-1.00518][0.681599,0.785751,0][-0.231702,0.337408,-0.323016][-0.398784,0.242296,-0.894987][0.679206,0.797547,0][-0.190036,0.470448,-0.247694][-0.573557,0.505631,-0.655988][0.702569,0.800017,0][0.180598,0.475568,-0.247648][0.609176,0.376902,-0.707716][0.709083,0.747577,0][0.238652,0.351308,-0.315912][0.483709,0.210629,-0.859494][0.686695,0.742486,0][0.109718,0.327148,-0.338028][0.096635,-0.001702,-1.00635][0.683467,0.757375,0][0.109718,0.327148,-0.338028][0.096635,-0.001702,-1.00635][0.683467,0.757375,0][0.089872,0.479328,-0.299656][0.28616,0.263104,-0.932387][0.706157,0.761166,0][0.180598,0.475568,-0.247648][0.609176,0.376902,-0.707716][0.709083,0.747577,0][-0.100936,0.479188,0.265966][-0.277523,0.431456,0.870282][0.745565,0.669645,0][-0.1215,0.327208,0.320222][-0.056021,0.096125,1.0049][0.772025,0.670914,0][-0.005934,0.326068,0.314628][0.000364,0.099384,1.00618][0.775865,0.657864,0][-0.005934,0.326068,0.314628][0.000364,0.099384,1.00618][0.775865,0.657864,0][-0.005564,0.479328,0.277778][-0.004735,0.364418,0.943111][0.745769,0.658738,0][-0.100936,0.479188,0.265966][-0.277523,0.431456,0.870282][0.745565,0.669645,0][0.089806,0.479188,0.266032][0.263423,0.384384,0.896433][0.74536,0.647698,0][-0.005564,0.479328,0.277778][-0.004735,0.364418,0.943111][0.745769,0.658738,0][-0.005934,0.326068,0.314628][0.000364,0.099384,1.00618][0.775865,0.657864,0][-0.005934,0.326068,0.314628][0.000364,0.099384,1.00618][0.775865,0.657864,0][0.109832,0.327008,0.320146][0.056791,0.099965,1.00449][0.771543,0.644404,0][0.089806,0.479188,0.266032][0.263423,0.384384,0.896433][0.74536,0.647698,0][-0.101002,0.479328,-0.299042][-0.313913,0.327975,-0.902207][0.705715,0.78647,0][-0.005564,0.479408,-0.312408][-0.010608,0.248164,-0.980092][0.705644,0.773956,0][-0.005928,0.326268,-0.335622][-0.002439,-0.009006,-1.01104][0.679516,0.770842,0][-0.005928,0.326268,-0.335622][-0.002439,-0.009006,-1.01104][0.679516,0.770842,0][-0.121378,0.327348,-0.337478][-0.107791,-0.004992,-1.00518][0.681599,0.785751,0][-0.101002,0.479328,-0.299042][-0.313913,0.327975,-0.902207][0.705715,0.78647,0][0.089872,0.479328,-0.299656][0.28616,0.263104,-0.932387][0.706157,0.761166,0][0.109718,0.327148,-0.338028][0.096635,-0.001702,-1.00635][0.683467,0.757375,0][-0.005928,0.326268,-0.335622][-0.002439,-0.009006,-1.01104][0.679516,0.770842,0][-0.005928,0.326268,-0.335622][-0.002439,-0.009006,-1.01104][0.679516,0.770842,0][-0.005564,0.479408,-0.312408][-0.010608,0.248164,-0.980092][0.705644,0.773956,0][0.089872,0.479328,-0.299656][0.28616,0.263104,-0.932387][0.706157,0.761166,0][-0.087926,0.668028,0.130484][-0.625845,0.448712,0.648483][0.711999,0.672947,0][-0.190088,0.470508,0.21922][-0.528687,0.580634,0.631987][0.748498,0.683771,0][-0.100936,0.479188,0.265966][-0.277523,0.431456,0.870282][0.745565,0.669645,0][-0.100936,0.479188,0.265966][-0.277523,0.431456,0.870282][0.745565,0.669645,0][-0.02508,0.669648,0.165922][-0.274597,0.39843,0.88682][0.711303,0.663012,0][-0.087926,0.668028,0.130484][-0.625845,0.448712,0.648483][0.711999,0.672947,0][0.107314,0.664308,0.163898][0.321679,0.28558,0.913752][0.70998,0.646097,0][0.089806,0.479188,0.266032][0.263423,0.384384,0.896433][0.74536,0.647698,0][0.18035,0.475308,0.215984][0.534515,0.506111,0.68852][0.74355,0.635099,0][0.18035,0.475308,0.215984][0.534515,0.506111,0.68852][0.74355,0.635099,0][0.170472,0.662648,0.126974][0.693769,0.19786,0.70078][0.708934,0.635794,0][0.107314,0.664308,0.163898][0.321679,0.28558,0.913752][0.70998,0.646097,0][-0.13246,0.662628,0.063582][-0.841215,0.453208,0.305734][0.711772,0.685897,0][-0.253674,0.460968,0.127292][-0.729633,0.639696,0.262382][0.750476,0.70032,0][-0.190088,0.470508,0.21922][-0.528687,0.580634,0.631987][0.748498,0.683771,0][-0.190088,0.470508,0.21922][-0.528687,0.580634,0.631987][0.748498,0.683771,0][-0.087926,0.668028,0.130484][-0.625845,0.448712,0.648483][0.711999,0.672947,0][-0.13246,0.662628,0.063582][-0.841215,0.453208,0.305734][0.711772,0.685897,0][0.170472,0.662648,0.126974][0.693769,0.19786,0.70078][0.708934,0.635794,0][0.18035,0.475308,0.215984][0.534515,0.506111,0.68852][0.74355,0.635099,0][0.245362,0.471028,0.111282][0.78632,0.550266,0.295657][0.740723,0.616585,0][0.245362,0.471028,0.111282][0.78632,0.550266,0.295657][0.740723,0.616585,0][0.216038,0.660508,0.054082][0.934398,0.109443,0.343147][0.706373,0.623119,0][0.170472,0.662648,0.126974][0.693769,0.19786,0.70078][0.708934,0.635794,0][-0.13246,0.662628,0.063582][-0.841215,0.453208,0.305734][0.711772,0.685897,0][-0.145678,0.664688,-0.033882][-0.9077,0.424267,0.001099][0.707776,0.699066,0][-0.272372,0.463308,-0.01287][-0.780486,0.632098,0.001135][0.744919,0.717805,0][-0.272372,0.463308,-0.01287][-0.780486,0.632098,0.001135][0.744919,0.717805,0][-0.253674,0.460968,0.127292][-0.729633,0.639696,0.262382][0.750476,0.70032,0][-0.13246,0.662628,0.063582][-0.841215,0.453208,0.305734][0.711772,0.685897,0][0.216038,0.660508,0.054082][0.934398,0.109443,0.343147][0.706373,0.623119,0][0.245362,0.471028,0.111282][0.78632,0.550266,0.295657][0.740723,0.616585,0][0.265506,0.472128,-0.0158][0.863575,0.509799,0.002888][0.738898,0.598313,0][0.265506,0.472128,-0.0158][0.863575,0.509799,0.002888][0.738898,0.598313,0][0.229588,0.661348,-0.034258][0.998226,0.060179,-0.001817][0.703091,0.610077,0][0.216038,0.660508,0.054082][0.934398,0.109443,0.343147][0.706373,0.623119,0][-0.145678,0.664688,-0.033882][-0.9077,0.424267,0.001099][0.733761,0.815698,0][-0.132666,0.663228,-0.13149][-0.859202,0.409843,-0.315648][0.733133,0.80169,0][-0.253674,0.460968,-0.15303][-0.753786,0.608981,-0.265648][0.699749,0.815052,0][-0.253674,0.460968,-0.15303][-0.753786,0.608981,-0.265648][0.699749,0.815052,0][-0.272372,0.463308,-0.01287][-0.780486,0.632098,0.001135][0.700358,0.833335,0][-0.145678,0.664688,-0.033882][-0.9077,0.424267,0.001099][0.733761,0.815698,0][0.229588,0.661348,-0.034258][0.998226,0.060179,-0.001817][0.745874,0.724546,0][0.265506,0.472128,-0.0158][0.863575,0.509799,0.002888][0.713952,0.70943,0][0.245618,0.471208,-0.142734][0.812318,0.484621,-0.335948][0.706753,0.72537,0][0.245618,0.471208,-0.142734][0.812318,0.484621,-0.335948][0.706753,0.72537,0][0.216098,0.660608,-0.1225][0.938654,0.056291,-0.344107][0.742823,0.736468,0][0.229588,0.661348,-0.034258][0.998226,0.060179,-0.001817][0.745874,0.724546,0][-0.132666,0.663228,-0.13149][-0.859202,0.409843,-0.315648][0.733133,0.80169,0][-0.087818,0.667528,-0.19985][-0.650474,0.357701,-0.679549][0.733272,0.789111,0][-0.190036,0.470448,-0.247694][-0.573557,0.505631,-0.655988][0.702569,0.800017,0][-0.190036,0.470448,-0.247694][-0.573557,0.505631,-0.655988][0.702569,0.800017,0][-0.253674,0.460968,-0.15303][-0.753786,0.608981,-0.265648][0.699749,0.815052,0][-0.132666,0.663228,-0.13149][-0.859202,0.409843,-0.315648][0.733133,0.80169,0][0.171082,0.663968,-0.195826][0.710509,0.085874,-0.706283][0.740748,0.749468,0][0.216098,0.660608,-0.1225][0.938654,0.056291,-0.344107][0.742823,0.736468,0][0.245618,0.471208,-0.142734][0.812318,0.484621,-0.335948][0.706753,0.72537,0][0.245618,0.471208,-0.142734][0.812318,0.484621,-0.335948][0.706753,0.72537,0][0.180598,0.475568,-0.247648][0.609176,0.376902,-0.707716][0.709083,0.747577,0][0.171082,0.663968,-0.195826][0.710509,0.085874,-0.706283][0.740748,0.749468,0][-0.087818,0.667528,-0.19985][-0.650474,0.357701,-0.679549][0.733272,0.789111,0][-0.02502,0.668508,-0.235964][-0.304195,0.274198,-0.923309][0.733315,0.77774,0][-0.101002,0.479328,-0.299042][-0.313913,0.327975,-0.902207][0.705715,0.78647,0][-0.101002,0.479328,-0.299042][-0.313913,0.327975,-0.902207][0.705715,0.78647,0][-0.190036,0.470448,-0.247694][-0.573557,0.505631,-0.655988][0.702569,0.800017,0][-0.087818,0.667528,-0.19985][-0.650474,0.357701,-0.679549][0.733272,0.789111,0][0.107838,0.666108,-0.234552][0.342546,0.140909,-0.9394][0.737568,0.759599,0][0.171082,0.663968,-0.195826][0.710509,0.085874,-0.706283][0.740748,0.749468,0][0.180598,0.475568,-0.247648][0.609176,0.376902,-0.707716][0.709083,0.747577,0][0.180598,0.475568,-0.247648][0.609176,0.376902,-0.707716][0.709083,0.747577,0][0.089872,0.479328,-0.299656][0.28616,0.263104,-0.932387][0.706157,0.761166,0][0.107838,0.666108,-0.234552][0.342546,0.140909,-0.9394][0.737568,0.759599,0][-0.02508,0.669648,0.165922][-0.274597,0.39843,0.88682][0.711303,0.663012,0][-0.100936,0.479188,0.265966][-0.277523,0.431456,0.870282][0.745565,0.669645,0][-0.005564,0.479328,0.277778][-0.004735,0.364418,0.943111][0.745769,0.658738,0][-0.005564,0.479328,0.277778][-0.004735,0.364418,0.943111][0.745769,0.658738,0][0.04119,0.663788,0.173476][0.026944,0.346331,0.949523][0.711229,0.654901,0][-0.02508,0.669648,0.165922][-0.274597,0.39843,0.88682][0.711303,0.663012,0][0.04119,0.663788,0.173476][0.026944,0.346331,0.949523][0.711229,0.654901,0][-0.005564,0.479328,0.277778][-0.004735,0.364418,0.943111][0.745769,0.658738,0][0.089806,0.479188,0.266032][0.263423,0.384384,0.896433][0.74536,0.647698,0][0.089806,0.479188,0.266032][0.263423,0.384384,0.896433][0.74536,0.647698,0][0.107314,0.664308,0.163898][0.321679,0.28558,0.913752][0.70998,0.646097,0][0.04119,0.663788,0.173476][0.026944,0.346331,0.949523][0.711229,0.654901,0][-0.02502,0.668508,-0.235964][-0.304195,0.274198,-0.923309][0.733315,0.77774,0][0.041412,0.665608,-0.244594][0.014016,0.202791,-0.990432][0.734063,0.768095,0][-0.005564,0.479408,-0.312408][-0.010608,0.248164,-0.980092][0.705644,0.773956,0][-0.005564,0.479408,-0.312408][-0.010608,0.248164,-0.980092][0.705644,0.773956,0][-0.101002,0.479328,-0.299042][-0.313913,0.327975,-0.902207][0.705715,0.78647,0][-0.02502,0.668508,-0.235964][-0.304195,0.274198,-0.923309][0.733315,0.77774,0][0.041412,0.665608,-0.244594][0.014016,0.202791,-0.990432][0.734063,0.768095,0][0.107838,0.666108,-0.234552][0.342546,0.140909,-0.9394][0.737568,0.759599,0][0.089872,0.479328,-0.299656][0.28616,0.263104,-0.932387][0.706157,0.761166,0][0.089872,0.479328,-0.299656][0.28616,0.263104,-0.932387][0.706157,0.761166,0][-0.005564,0.479408,-0.312408][-0.010608,0.248164,-0.980092][0.705644,0.773956,0][0.041412,0.665608,-0.244594][0.014016,0.202791,-0.990432][0.734063,0.768095,0][0.25434,1.16421,-0.129156][0.932775,-0.132235,-0.339617][0.800135,0.743951,0][0.216098,0.660608,-0.1225][0.938654,0.056291,-0.344107][0.742823,0.736468,0][0.171082,0.663968,-0.195826][0.710509,0.085874,-0.706283][0.740748,0.749468,0][0.171082,0.663968,-0.195826][0.710509,0.085874,-0.706283][0.740748,0.749468,0][0.223092,1.16699,-0.182042][0.731024,-0.09973,-0.682666][0.80225,0.75358,0][0.25434,1.16421,-0.129156][0.932775,-0.132235,-0.339617][0.800135,0.743951,0][0.263096,1.16465,-0.06716][0.989983,-0.142626,-0.005915][0.800858,0.73515,0][0.229588,0.661348,-0.034258][0.998226,0.060179,-0.001817][0.745874,0.724546,0][0.216098,0.660608,-0.1225][0.938654,0.056291,-0.344107][0.742823,0.736468,0][0.216098,0.660608,-0.1225][0.938654,0.056291,-0.344107][0.742823,0.736468,0][0.25434,1.16421,-0.129156][0.932775,-0.132235,-0.339617][0.800135,0.743951,0][0.263096,1.16465,-0.06716][0.989983,-0.142626,-0.005915][0.800858,0.73515,0][0.25434,1.16421,-0.005166][0.93801,-0.131657,0.324778][0.644431,0.62432,0][0.216038,0.660508,0.054082][0.934398,0.109443,0.343147][0.706373,0.623119,0][0.229588,0.661348,-0.034258][0.998226,0.060179,-0.001817][0.703091,0.610077,0][0.229588,0.661348,-0.034258][0.998226,0.060179,-0.001817][0.703091,0.610077,0][0.263096,1.16465,-0.06716][0.989983,-0.142626,-0.005915][0.644628,0.615246,0][0.25434,1.16421,-0.005166][0.93801,-0.131657,0.324778][0.644431,0.62432,0][0.223092,1.16699,0.04769][0.737376,-0.101905,0.675321][0.643943,0.633621,0][0.170472,0.662648,0.126974][0.693769,0.19786,0.70078][0.708934,0.635794,0][0.216038,0.660508,0.054082][0.934398,0.109443,0.343147][0.706373,0.623119,0][0.216038,0.660508,0.054082][0.934398,0.109443,0.343147][0.706373,0.623119,0][0.25434,1.16421,-0.005166][0.93801,-0.131657,0.324778][0.644431,0.62432,0][0.223092,1.16699,0.04769][0.737376,-0.101905,0.675321][0.643943,0.633621,0][0.17933,1.16969,0.079082][0.396812,-0.054796,0.92645][0.643557,0.641129,0][0.107314,0.664308,0.163898][0.321679,0.28558,0.913752][0.70998,0.646097,0][0.170472,0.662648,0.126974][0.693769,0.19786,0.70078][0.708934,0.635794,0][0.170472,0.662648,0.126974][0.693769,0.19786,0.70078][0.708934,0.635794,0][0.223092,1.16699,0.04769][0.737376,-0.101905,0.675321][0.643943,0.633621,0][0.17933,1.16969,0.079082][0.396812,-0.054796,0.92645][0.643557,0.641129,0][0.133202,1.16865,0.087938][-0.021867,0.018875,1.01066][0.643806,0.647385,0][0.04119,0.663788,0.173476][0.026944,0.346331,0.949523][0.711229,0.654901,0][0.107314,0.664308,0.163898][0.321679,0.28558,0.913752][0.70998,0.646097,0][0.107314,0.664308,0.163898][0.321679,0.28558,0.913752][0.70998,0.646097,0][0.17933,1.16969,0.079082][0.396812,-0.054796,0.92645][0.643557,0.641129,0][0.133202,1.16865,0.087938][-0.021867,0.018875,1.01066][0.643806,0.647385,0][0.087074,1.16815,0.077156][-0.425895,0.094782,0.909873][0.643954,0.65372,0][-0.02508,0.669648,0.165922][-0.274597,0.39843,0.88682][0.711303,0.663012,0][0.04119,0.663788,0.173476][0.026944,0.346331,0.949523][0.711229,0.654901,0][0.04119,0.663788,0.173476][0.026944,0.346331,0.949523][0.711229,0.654901,0][0.133202,1.16865,0.087938][-0.021867,0.018875,1.01066][0.643806,0.647385,0][0.087074,1.16815,0.077156][-0.425895,0.094782,0.909873][0.643954,0.65372,0][0.044598,1.16329,0.045706][-0.742518,0.167075,0.656315][0.644441,0.66069,0][-0.087926,0.668028,0.130484][-0.625845,0.448712,0.648483][0.711999,0.672947,0][-0.02508,0.669648,0.165922][-0.274597,0.39843,0.88682][0.711303,0.663012,0][-0.02508,0.669648,0.165922][-0.274597,0.39843,0.88682][0.711303,0.663012,0][0.087074,1.16815,0.077156][-0.425895,0.094782,0.909873][0.643954,0.65372,0][0.044598,1.16329,0.045706][-0.742518,0.167075,0.656315][0.644441,0.66069,0][0.014876,1.15815,-0.00358][-0.927889,0.207598,0.314678][0.645138,0.668665,0][-0.13246,0.662628,0.063582][-0.841215,0.453208,0.305734][0.711772,0.685897,0][-0.087926,0.668028,0.130484][-0.625845,0.448712,0.648483][0.711999,0.672947,0][-0.087926,0.668028,0.130484][-0.625845,0.448712,0.648483][0.711999,0.672947,0][0.044598,1.16329,0.045706][-0.742518,0.167075,0.656315][0.644441,0.66069,0][0.014876,1.15815,-0.00358][-0.927889,0.207598,0.314678][0.645138,0.668665,0][0.014876,1.15815,-0.00358][-0.927889,0.207598,0.314678][0.645138,0.668665,0][0.00628,1.15927,-0.06716][-0.978195,0.209913,-0.005624][0.64413,0.678553,0][-0.145678,0.664688,-0.033882][-0.9077,0.424267,0.001099][0.707776,0.699066,0][-0.145678,0.664688,-0.033882][-0.9077,0.424267,0.001099][0.707776,0.699066,0][-0.13246,0.662628,0.063582][-0.841215,0.453208,0.305734][0.711772,0.685897,0][0.014876,1.15815,-0.00358][-0.927889,0.207598,0.314678][0.645138,0.668665,0][0.00628,1.15927,-0.06716][-0.978195,0.209913,-0.005624][0.798869,0.799017,0][0.014876,1.15815,-0.13074][-0.923589,0.204878,-0.329064][0.799601,0.78991,0][-0.132666,0.663228,-0.13149][-0.859202,0.409843,-0.315648][0.733133,0.80169,0][-0.132666,0.663228,-0.13149][-0.859202,0.409843,-0.315648][0.733133,0.80169,0][-0.145678,0.664688,-0.033882][-0.9077,0.424267,0.001099][0.733761,0.815698,0][0.00628,1.15927,-0.06716][-0.978195,0.209913,-0.005624][0.798869,0.799017,0][0.014876,1.15815,-0.13074][-0.923589,0.204878,-0.329064][0.799601,0.78991,0][0.044598,1.16329,-0.180074][-0.736541,0.164365,-0.663841][0.801606,0.781963,0][-0.087818,0.667528,-0.19985][-0.650474,0.357701,-0.679549][0.733272,0.789111,0][-0.087818,0.667528,-0.19985][-0.650474,0.357701,-0.679549][0.733272,0.789111,0][-0.132666,0.663228,-0.13149][-0.859202,0.409843,-0.315648][0.733133,0.80169,0][0.014876,1.15815,-0.13074][-0.923589,0.204878,-0.329064][0.799601,0.78991,0][0.044598,1.16329,-0.180074][-0.736541,0.164365,-0.663841][0.801606,0.781963,0][0.087074,1.16815,-0.211872][-0.4241,0.097883,-0.910402][0.803845,0.774854,0][-0.02502,0.668508,-0.235964][-0.304195,0.274198,-0.923309][0.733315,0.77774,0][-0.02502,0.668508,-0.235964][-0.304195,0.274198,-0.923309][0.733315,0.77774,0][-0.087818,0.667528,-0.19985][-0.650474,0.357701,-0.679549][0.733272,0.789111,0][0.044598,1.16329,-0.180074][-0.736541,0.164365,-0.663841][0.801606,0.781963,0][0.087074,1.16815,-0.211872][-0.4241,0.097883,-0.910402][0.803845,0.774854,0][0.133202,1.16865,-0.222878][-0.021076,0.021692,-1.01062][0.803917,0.768459,0][0.041412,0.665608,-0.244594][0.014016,0.202791,-0.990432][0.734063,0.768095,0][0.041412,0.665608,-0.244594][0.014016,0.202791,-0.990432][0.734063,0.768095,0][-0.02502,0.668508,-0.235964][-0.304195,0.274198,-0.923309][0.733315,0.77774,0][0.087074,1.16815,-0.211872][-0.4241,0.097883,-0.910402][0.803845,0.774854,0][0.133202,1.16865,-0.222878][-0.021076,0.021692,-1.01062][0.803917,0.768459,0][0.17933,1.16969,-0.213792][0.395346,-0.048209,-0.927457][0.803423,0.761646,0][0.107838,0.666108,-0.234552][0.342546,0.140909,-0.9394][0.737568,0.759599,0][0.107838,0.666108,-0.234552][0.342546,0.140909,-0.9394][0.737568,0.759599,0][0.041412,0.665608,-0.244594][0.014016,0.202791,-0.990432][0.734063,0.768095,0][0.133202,1.16865,-0.222878][-0.021076,0.021692,-1.01062][0.803917,0.768459,0][0.17933,1.16969,-0.213792][0.395346,-0.048209,-0.927457][0.803423,0.761646,0][0.223092,1.16699,-0.182042][0.731024,-0.09973,-0.682666][0.80225,0.75358,0][0.171082,0.663968,-0.195826][0.710509,0.085874,-0.706283][0.740748,0.749468,0][0.171082,0.663968,-0.195826][0.710509,0.085874,-0.706283][0.740748,0.749468,0][0.107838,0.666108,-0.234552][0.342546,0.140909,-0.9394][0.737568,0.759599,0][0.17933,1.16969,-0.213792][0.395346,-0.048209,-0.927457][0.803423,0.761646,0][0.335138,1.94363,-0.335046][0.324738,0.311199,-0.90423][0.92137,0.755827,0][0.454156,1.96635,-0.251756][0.615832,0.30842,-0.734479][0.928671,0.738172,0][0.34079,1.75133,-0.172102][0.710031,-0.364262,-0.611732][0.888485,0.744513,0][0.34079,1.75133,-0.172102][0.710031,-0.364262,-0.611732][0.888485,0.744513,0][0.287204,1.75569,-0.217404][0.448904,-0.374541,-0.822189][0.886904,0.755361,0][0.335138,1.94363,-0.335046][0.324738,0.311199,-0.90423][0.92137,0.755827,0][0.454156,1.96635,-0.251756][0.615832,0.30842,-0.734479][0.928671,0.738172,0][0.542118,1.94691,-0.136346][0.936953,0.079835,-0.34419][0.924861,0.720128,0][0.378842,1.74691,-0.104688][0.848619,-0.426998,-0.322109][0.889785,0.733045,0][0.378842,1.74691,-0.104688][0.848619,-0.426998,-0.322109][0.889785,0.733045,0][0.34079,1.75133,-0.172102][0.710031,-0.364262,-0.611732][0.888485,0.744513,0][0.454156,1.96635,-0.251756][0.615832,0.30842,-0.734479][0.928671,0.738172,0][0.533846,1.90083,-0.013244][0.941334,-0.341093,0.009185][0.912825,0.707958,0][0.388798,1.74745,-0.027846][0.879055,-0.482002,0.000467][0.888671,0.721398,0][0.378842,1.74691,-0.104688][0.848619,-0.426998,-0.322109][0.889785,0.733045,0][0.378842,1.74691,-0.104688][0.848619,-0.426998,-0.322109][0.889785,0.733045,0][0.542118,1.94691,-0.136346][0.936953,0.079835,-0.34419][0.924861,0.720128,0][0.533846,1.90083,-0.013244][0.941334,-0.341093,0.009185][0.912825,0.707958,0][0.533846,1.90083,-0.013244][0.941334,-0.341093,0.009185][0.537472,0.580424,0][0.54133,1.94625,0.116814][0.938716,0.056118,0.343961][0.522303,0.591357,0][0.378842,1.74691,0.048878][0.8277,-0.481529,0.300098][0.557995,0.607869,0][0.378842,1.74691,0.048878][0.8277,-0.481529,0.300098][0.557995,0.607869,0][0.388798,1.74745,-0.027846][0.879055,-0.482002,0.000467][0.562384,0.597404,0][0.533846,1.90083,-0.013244][0.941334,-0.341093,0.009185][0.537472,0.580424,0][0.54133,1.94625,0.116814][0.938716,0.056118,0.343961][0.522303,0.591357,0][0.454276,1.96529,0.231508][0.638531,0.209788,0.749309][0.515652,0.60697,0][0.34079,1.75133,0.116406][0.665627,-0.453383,0.603153][0.555998,0.618005,0][0.34079,1.75133,0.116406][0.665627,-0.453383,0.603153][0.555998,0.618005,0][0.378842,1.74691,0.048878][0.8277,-0.481529,0.300098][0.557995,0.607869,0][0.54133,1.94625,0.116814][0.938716,0.056118,0.343961][0.522303,0.591357,0][0.335226,1.94515,0.308736][0.319454,0.2097,0.93487][0.516916,0.623898,0][0.287204,1.75569,0.161688][0.42065,-0.469312,0.788123][0.555225,0.627859,0][0.34079,1.75133,0.116406][0.665627,-0.453383,0.603153][0.555998,0.618005,0][0.34079,1.75133,0.116406][0.665627,-0.453383,0.603153][0.555998,0.618005,0][0.454276,1.96529,0.231508][0.638531,0.209788,0.749309][0.515652,0.60697,0][0.335226,1.94515,0.308736][0.319454,0.2097,0.93487][0.516916,0.623898,0][0.228674,1.90081,0.330554][-0.114594,0.005962,1.0044][0.522178,0.638078,0][0.230728,1.75299,0.17463][0.021249,-0.513319,0.870817][0.556409,0.635773,0][0.287204,1.75569,0.161688][0.42065,-0.469312,0.788123][0.555225,0.627859,0][0.287204,1.75569,0.161688][0.42065,-0.469312,0.788123][0.555225,0.627859,0][0.335226,1.94515,0.308736][0.319454,0.2097,0.93487][0.516916,0.623898,0][0.228674,1.90081,0.330554][-0.114594,0.005962,1.0044][0.522178,0.638078,0][0.129108,1.85019,0.284166][-0.50096,-0.206986,0.850227][0.532187,0.65007,0][0.174246,1.75173,0.15618][-0.413574,-0.501167,0.772178][0.558815,0.645597,0][0.230728,1.75299,0.17463][0.021249,-0.513319,0.870817][0.556409,0.635773,0][0.230728,1.75299,0.17463][0.021249,-0.513319,0.870817][0.556409,0.635773,0][0.228674,1.90081,0.330554][-0.114594,0.005962,1.0044][0.522178,0.638078,0][0.129108,1.85019,0.284166][-0.50096,-0.206986,0.850227][0.532187,0.65007,0][0.040826,1.85083,0.200494][-0.777882,-0.063684,0.632173][0.537526,0.663726,0][0.122238,1.74579,0.109872][-0.669597,-0.43263,0.613809][0.56296,0.657131,0][0.174246,1.75173,0.15618][-0.413574,-0.501167,0.772178][0.558815,0.645597,0][0.174246,1.75173,0.15618][-0.413574,-0.501167,0.772178][0.558815,0.645597,0][0.129108,1.85019,0.284166][-0.50096,-0.206986,0.850227][0.532187,0.65007,0][0.040826,1.85083,0.200494][-0.777882,-0.063684,0.632173][0.537526,0.663726,0][-0.020574,1.83543,0.09708][-0.919983,-0.093476,0.38512][0.542789,0.678637,0][0.085864,1.73947,0.045698][-0.837456,-0.432487,0.343913][0.565712,0.668671,0][0.122238,1.74579,0.109872][-0.669597,-0.43263,0.613809][0.56296,0.657131,0][0.122238,1.74579,0.109872][-0.669597,-0.43263,0.613809][0.56296,0.657131,0][0.040826,1.85083,0.200494][-0.777882,-0.063684,0.632173][0.537526,0.663726,0][-0.020574,1.83543,0.09708][-0.919983,-0.093476,0.38512][0.542789,0.678637,0][-0.032428,1.80133,-0.022068][-0.914409,-0.409267,0.002772][0.550348,0.690651,0][0.075632,1.74085,-0.02861][-0.877459,-0.484957,0.002974][0.565631,0.679163,0][0.085864,1.73947,0.045698][-0.837456,-0.432487,0.343913][0.565712,0.668671,0][0.085864,1.73947,0.045698][-0.837456,-0.432487,0.343913][0.565712,0.668671,0][-0.020574,1.83543,0.09708][-0.919983,-0.093476,0.38512][0.542789,0.678637,0][-0.032428,1.80133,-0.022068][-0.914409,-0.409267,0.002772][0.550348,0.690651,0][-0.032428,1.80133,-0.022068][-0.914409,-0.409267,0.002772][0.891575,0.81433,0][-0.020464,1.83509,-0.136898][-0.922171,-0.054247,-0.387288][0.899536,0.804204,0][0.085864,1.73947,-0.104146][-0.855636,-0.393547,-0.344929][0.88061,0.794162,0][0.085864,1.73947,-0.104146][-0.855636,-0.393547,-0.344929][0.88061,0.794162,0][0.075632,1.74085,-0.02861][-0.877459,-0.484957,0.002974][0.878235,0.80472,0][-0.032428,1.80133,-0.022068][-0.914409,-0.409267,0.002772][0.891575,0.81433,0][-0.020464,1.83509,-0.136898][-0.922171,-0.054247,-0.387288][0.899536,0.804204,0][0.040902,1.85153,-0.238806][-0.75137,0.076836,-0.662752][0.904404,0.792101,0][0.122238,1.74579,-0.168264][-0.69313,-0.361262,-0.632959][0.884196,0.784616,0][0.122238,1.74579,-0.168264][-0.69313,-0.361262,-0.632959][0.884196,0.784616,0][0.085864,1.73947,-0.104146][-0.855636,-0.393547,-0.344929][0.88061,0.794162,0][-0.020464,1.83509,-0.136898][-0.922171,-0.054247,-0.387288][0.899536,0.804204,0][0.040902,1.85153,-0.238806][-0.75137,0.076836,-0.662752][0.904404,0.792101,0][0.129108,1.85045,-0.322836][-0.525888,-0.085859,-0.85568][0.907813,0.779529,0][0.174246,1.75173,-0.21345][-0.435822,-0.4151,-0.809814][0.886066,0.774338,0][0.174246,1.75173,-0.21345][-0.435822,-0.4151,-0.809814][0.886066,0.774338,0][0.122238,1.74579,-0.168264][-0.69313,-0.361262,-0.632959][0.884196,0.784616,0][0.040902,1.85153,-0.238806][-0.75137,0.076836,-0.662752][0.904404,0.792101,0][0.129108,1.85045,-0.322836][-0.525888,-0.085859,-0.85568][0.907813,0.779529,0][0.22881,1.90083,-0.360092][-0.110607,0.12334,-0.997277][0.915164,0.768898,0][0.230728,1.75299,-0.231614][0.032666,-0.409836,-0.923702][0.885973,0.764348,0][0.230728,1.75299,-0.231614][0.032666,-0.409836,-0.923702][0.885973,0.764348,0][0.174246,1.75173,-0.21345][-0.435822,-0.4151,-0.809814][0.886066,0.774338,0][0.129108,1.85045,-0.322836][-0.525888,-0.085859,-0.85568][0.907813,0.779529,0][0.22881,1.90083,-0.360092][-0.110607,0.12334,-0.997277][0.915164,0.768898,0][0.335138,1.94363,-0.335046][0.324738,0.311199,-0.90423][0.92137,0.755827,0][0.287204,1.75569,-0.217404][0.448904,-0.374541,-0.822189][0.886904,0.755361,0][0.287204,1.75569,-0.217404][0.448904,-0.374541,-0.822189][0.886904,0.755361,0][0.230728,1.75299,-0.231614][0.032666,-0.409836,-0.923702][0.885973,0.764348,0][0.22881,1.90083,-0.360092][-0.110607,0.12334,-0.997277][0.915164,0.768898,0][0.454276,1.96529,0.231508][0.638531,0.209788,0.749309][0.98583,0.90858,0][0.453592,2.01665,0.12566][0.437983,0.868532,0.26801][0.978842,0.894515,0][0.3501,2.02103,0.181166][0.198045,0.870631,0.473484][0.968237,0.906346,0][0.3501,2.02103,0.181166][0.198045,0.870631,0.473484][0.968237,0.906346,0][0.335226,1.94515,0.308736][0.319454,0.2097,0.93487][0.97607,0.925032,0][0.454276,1.96529,0.231508][0.638531,0.209788,0.749309][0.98583,0.90858,0][0.54133,1.94625,0.116814][0.938716,0.056118,0.343961][0.993682,0.890625,0][0.453592,2.01665,0.12566][0.437983,0.868532,0.26801][0.978842,0.894515,0][0.454276,1.96529,0.231508][0.638531,0.209788,0.749309][0.98583,0.90858,0][0.512522,1.98543,-0.004972][0.802626,0.603092,0.000462][0.983917,0.875607,0][0.54133,1.94625,0.116814][0.938716,0.056118,0.343961][0.993682,0.890625,0][0.533846,1.90083,-0.013244][0.941334,-0.341093,0.009185][0.99527,0.872136,0][0.533846,1.90083,-0.013244][0.941334,-0.341093,0.009185][0.99527,0.872136,0][0.542118,1.94691,-0.136346][0.936953,0.079835,-0.34419][0.986225,0.857256,0][0.512522,1.98543,-0.004972][0.802626,0.603092,0.000462][0.983917,0.875607,0][0.223476,1.95909,0.263696][-0.308101,0.684279,0.676019][0.9597,0.927079,0][0.228674,1.90081,0.330554][-0.114594,0.005962,1.0044][0.966624,0.937097,0][0.335226,1.94515,0.308736][0.319454,0.2097,0.93487][0.97607,0.925032,0][0.335226,1.94515,0.308736][0.319454,0.2097,0.93487][0.97607,0.925032,0][0.3501,2.02103,0.181166][0.198045,0.870631,0.473484][0.968237,0.906346,0][0.223476,1.95909,0.263696][-0.308101,0.684279,0.676019][0.9597,0.927079,0][0.129108,1.85019,0.284166][-0.50096,-0.206986,0.850227][0.953288,0.946046,0][0.228674,1.90081,0.330554][-0.114594,0.005962,1.0044][0.966624,0.937097,0][0.223476,1.95909,0.263696][-0.308101,0.684279,0.676019][0.9597,0.927079,0][0.223476,1.95909,0.263696][-0.308101,0.684279,0.676019][0.9597,0.927079,0][0.107418,1.94551,0.161842][-0.748411,0.433751,0.511412][0.939038,0.931244,0][0.129108,1.85019,0.284166][-0.50096,-0.206986,0.850227][0.953288,0.946046,0][0.040826,1.85083,0.200494][-0.777882,-0.063684,0.632173][0.905621,0.902316,0][0.129108,1.85019,0.284166][-0.50096,-0.206986,0.850227][0.915245,0.915536,0][0.107418,1.94551,0.161842][-0.748411,0.433751,0.511412][0.919361,0.894757,0][0.107418,1.94551,0.161842][-0.748411,0.433751,0.511412][0.919361,0.894757,0][0.04242,1.90497,0.097004][-0.658056,0.730435,0.214612][0.909186,0.886173,0][0.040826,1.85083,0.200494][-0.777882,-0.063684,0.632173][0.905621,0.902316,0][0.04242,1.90497,0.097004][-0.658056,0.730435,0.214612][0.909186,0.886173,0][-0.020574,1.83543,0.09708][-0.919983,-0.093476,0.38512][0.896872,0.889395,0][0.040826,1.85083,0.200494][-0.777882,-0.063684,0.632173][0.905621,0.902316,0][-0.006306,1.88719,-0.012842][-0.82387,0.573058,-0.001228][0.901076,0.87331,0][-0.020464,1.83509,-0.136898][-0.922171,-0.054247,-0.387288][0.890223,0.858606,0][-0.032428,1.80133,-0.022068][-0.914409,-0.409267,0.002772][0.888251,0.874885,0][-0.032428,1.80133,-0.022068][-0.914409,-0.409267,0.002772][0.888251,0.874885,0][-0.020574,1.83543,0.09708][-0.919983,-0.093476,0.38512][0.896872,0.889395,0][-0.006306,1.88719,-0.012842][-0.82387,0.573058,-0.001228][0.901076,0.87331,0][0.542118,1.94691,-0.136346][0.936953,0.079835,-0.34419][0.986225,0.857256,0][0.454156,1.96635,-0.251756][0.615832,0.30842,-0.734479][0.971107,0.844115,0][0.454622,2.01909,-0.125732][0.361998,0.909786,-0.246189][0.97173,0.862456,0][0.345752,2.01967,-0.147426][0.165022,0.916083,-0.393997][0.957004,0.861018,0][0.454622,2.01909,-0.125732][0.361998,0.909786,-0.246189][0.97173,0.862456,0][0.454156,1.96635,-0.251756][0.615832,0.30842,-0.734479][0.971107,0.844115,0][0.454156,1.96635,-0.251756][0.615832,0.30842,-0.734479][0.971107,0.844115,0][0.335138,1.94363,-0.335046][0.324738,0.311199,-0.90423][0.954751,0.833526,0][0.345752,2.01967,-0.147426][0.165022,0.916083,-0.393997][0.957004,0.861018,0][0.335138,1.94363,-0.335046][0.324738,0.311199,-0.90423][0.954751,0.833526,0][0.22881,1.90083,-0.360092][-0.110607,0.12334,-0.997277][0.940002,0.828293,0][0.226618,1.95927,-0.269886][-0.315631,0.788809,-0.546094][0.940669,0.84273,0][0.226618,1.95927,-0.269886][-0.315631,0.788809,-0.546094][0.940669,0.84273,0][0.345752,2.01967,-0.147426][0.165022,0.916083,-0.393997][0.957004,0.861018,0][0.335138,1.94363,-0.335046][0.324738,0.311199,-0.90423][0.954751,0.833526,0][0.226618,1.95927,-0.269886][-0.315631,0.788809,-0.546094][0.916949,0.828064,0][0.22881,1.90083,-0.360092][-0.110607,0.12334,-0.997277][0.90798,0.817168,0][0.129108,1.85045,-0.322836][-0.525888,-0.085859,-0.85568][0.897007,0.827605,0][0.129108,1.85045,-0.322836][-0.525888,-0.085859,-0.85568][0.897007,0.827605,0][0.109518,1.93967,-0.133262][-0.729471,0.525866,-0.449179][0.912051,0.85351,0][0.226618,1.95927,-0.269886][-0.315631,0.788809,-0.546094][0.916949,0.828064,0][0.109518,1.93967,-0.133262][-0.729471,0.525866,-0.449179][0.912051,0.85351,0][0.129108,1.85045,-0.322836][-0.525888,-0.085859,-0.85568][0.897007,0.827605,0][0.040902,1.85153,-0.238806][-0.75137,0.076836,-0.662752][0.89328,0.843042,0][0.040902,1.85153,-0.238806][-0.75137,0.076836,-0.662752][0.89328,0.843042,0][0.043204,1.90417,-0.123282][-0.572725,0.791861,-0.244774][0.903454,0.857558,0][0.109518,1.93967,-0.133262][-0.729471,0.525866,-0.449179][0.912051,0.85351,0][0.040902,1.85153,-0.238806][-0.75137,0.076836,-0.662752][0.89328,0.843042,0][-0.020464,1.83509,-0.136898][-0.922171,-0.054247,-0.387288][0.890223,0.858606,0][0.043204,1.90417,-0.123282][-0.572725,0.791861,-0.244774][0.903454,0.857558,0][0.453592,2.01665,0.12566][0.437983,0.868532,0.26801][0.978842,0.894515,0][0.54133,1.94625,0.116814][0.938716,0.056118,0.343961][0.993682,0.890625,0][0.512522,1.98543,-0.004972][0.802626,0.603092,0.000462][0.983917,0.875607,0][0.512522,1.98543,-0.004972][0.802626,0.603092,0.000462][0.983917,0.875607,0][0.45579,2.03215,0.00256][0.510091,0.869639,0.004265][0.974536,0.879203,0][0.453592,2.01665,0.12566][0.437983,0.868532,0.26801][0.978842,0.894515,0][0.453592,2.01665,0.12566][0.437983,0.868532,0.26801][0.978842,0.894515,0][0.45579,2.03215,0.00256][0.510091,0.869639,0.004265][0.974536,0.879203,0][0.398198,2.05591,0.021468][0.345834,0.948423,0.022546][0.966813,0.883642,0][0.398198,2.05591,0.021468][0.345834,0.948423,0.022546][0.966813,0.883642,0][0.3501,2.02103,0.181166][0.198045,0.870631,0.473484][0.968237,0.906346,0][0.453592,2.01665,0.12566][0.437983,0.868532,0.26801][0.978842,0.894515,0][0.04242,1.90497,0.097004][-0.658056,0.730435,0.214612][0.909186,0.886173,0][0.107418,1.94551,0.161842][-0.748411,0.433751,0.511412][0.919361,0.894757,0][0.065538,1.93265,-0.007158][-0.810316,0.591439,-0.035197][0.912302,0.871559,0][0.065538,1.93265,-0.007158][-0.810316,0.591439,-0.035197][0.912302,0.871559,0][0.023702,1.91613,-0.010372][-0.549828,0.844532,0.000611][0.906304,0.872478,0][0.04242,1.90497,0.097004][-0.658056,0.730435,0.214612][0.909186,0.886173,0][0.04242,1.90497,0.097004][-0.658056,0.730435,0.214612][0.909186,0.886173,0][0.023702,1.91613,-0.010372][-0.549828,0.844532,0.000611][0.906304,0.872478,0][-0.006306,1.88719,-0.012842][-0.82387,0.573058,-0.001228][0.901076,0.87331,0][-0.006306,1.88719,-0.012842][-0.82387,0.573058,-0.001228][0.901076,0.87331,0][-0.020574,1.83543,0.09708][-0.919983,-0.093476,0.38512][0.896872,0.889395,0][0.04242,1.90497,0.097004][-0.658056,0.730435,0.214612][0.909186,0.886173,0][0.512522,1.98543,-0.004972][0.802626,0.603092,0.000462][0.983917,0.875607,0][0.542118,1.94691,-0.136346][0.936953,0.079835,-0.34419][0.986225,0.857256,0][0.454622,2.01909,-0.125732][0.361998,0.909786,-0.246189][0.97173,0.862456,0][0.454622,2.01909,-0.125732][0.361998,0.909786,-0.246189][0.97173,0.862456,0][0.45579,2.03215,0.00256][0.510091,0.869639,0.004265][0.974536,0.879203,0][0.512522,1.98543,-0.004972][0.802626,0.603092,0.000462][0.983917,0.875607,0][0.398198,2.05591,0.021468][0.345834,0.948423,0.022546][0.966813,0.883642,0][0.45579,2.03215,0.00256][0.510091,0.869639,0.004265][0.974536,0.879203,0][0.454622,2.01909,-0.125732][0.361998,0.909786,-0.246189][0.97173,0.862456,0][0.454622,2.01909,-0.125732][0.361998,0.909786,-0.246189][0.97173,0.862456,0][0.345752,2.01967,-0.147426][0.165022,0.916083,-0.393997][0.957004,0.861018,0][0.398198,2.05591,0.021468][0.345834,0.948423,0.022546][0.966813,0.883642,0][0.065538,1.93265,-0.007158][-0.810316,0.591439,-0.035197][0.912302,0.871559,0][0.109518,1.93967,-0.133262][-0.729471,0.525866,-0.449179][0.912051,0.85351,0][0.043204,1.90417,-0.123282][-0.572725,0.791861,-0.244774][0.903454,0.857558,0][0.043204,1.90417,-0.123282][-0.572725,0.791861,-0.244774][0.903454,0.857558,0][0.023702,1.91613,-0.010372][-0.549828,0.844532,0.000611][0.906304,0.872478,0][0.065538,1.93265,-0.007158][-0.810316,0.591439,-0.035197][0.912302,0.871559,0][-0.006306,1.88719,-0.012842][-0.82387,0.573058,-0.001228][0.901076,0.87331,0][0.023702,1.91613,-0.010372][-0.549828,0.844532,0.000611][0.906304,0.872478,0][0.043204,1.90417,-0.123282][-0.572725,0.791861,-0.244774][0.903454,0.857558,0][0.043204,1.90417,-0.123282][-0.572725,0.791861,-0.244774][0.903454,0.857558,0][-0.020464,1.83509,-0.136898][-0.922171,-0.054247,-0.387288][0.890223,0.858606,0][-0.006306,1.88719,-0.012842][-0.82387,0.573058,-0.001228][0.901076,0.87331,0][0.14619,2.07879,0.16197][-0.342355,0.528809,0.789191][0.94112,0.913041,0][0.223476,1.95909,0.263696][-0.308101,0.684279,0.676019][0.9597,0.927079,0][0.3501,2.02103,0.181166][0.198045,0.870631,0.473484][0.968237,0.906346,0][0.3501,2.02103,0.181166][0.198045,0.870631,0.473484][0.968237,0.906346,0][0.201156,2.10861,0.111768][0.287805,0.826656,0.504226][0.94409,0.902771,0][0.14619,2.07879,0.16197][-0.342355,0.528809,0.789191][0.94112,0.913041,0][0.201156,2.10861,0.111768][0.287805,0.826656,0.504226][0.94409,0.902771,0][0.3501,2.02103,0.181166][0.198045,0.870631,0.473484][0.968237,0.906346,0][0.398198,2.05591,0.021468][0.345834,0.948423,0.022546][0.966813,0.883642,0][0.398198,2.05591,0.021468][0.345834,0.948423,0.022546][0.966813,0.883642,0][0.222388,2.14721,0.016786][0.461102,0.897085,-0.012913][0.941024,0.88897,0][0.201156,2.10861,0.111768][0.287805,0.826656,0.504226][0.94409,0.902771,0][0.08491,2.05273,0.101528][-0.9042,0.045983,0.429386][0.931421,0.884249,0][0.059082,2.04601,0.001686][-0.997968,-0.054826,-0.033825][0.927788,0.870906,0][0.065538,1.93265,-0.007158][-0.810316,0.591439,-0.035197][0.912302,0.871559,0][0.065538,1.93265,-0.007158][-0.810316,0.591439,-0.035197][0.912302,0.871559,0][0.107418,1.94551,0.161842][-0.748411,0.433751,0.511412][0.919361,0.894757,0][0.08491,2.05273,0.101528][-0.9042,0.045983,0.429386][0.931421,0.884249,0][0.14619,2.07879,0.16197][-0.342355,0.528809,0.789191][0.94112,0.913041,0][0.08491,2.05273,0.101528][-0.9042,0.045983,0.429386][0.929736,0.917642,0][0.107418,1.94551,0.161842][-0.748411,0.433751,0.511412][0.939038,0.931244,0][0.107418,1.94551,0.161842][-0.748411,0.433751,0.511412][0.939038,0.931244,0][0.223476,1.95909,0.263696][-0.308101,0.684279,0.676019][0.9597,0.927079,0][0.14619,2.07879,0.16197][-0.342355,0.528809,0.789191][0.94112,0.913041,0][0.19798,2.10619,-0.083808][0.340171,0.840987,-0.443538][0.937084,0.874397,0][0.222388,2.14721,0.016786][0.461102,0.897085,-0.012913][0.941024,0.88897,0][0.398198,2.05591,0.021468][0.345834,0.948423,0.022546][0.966813,0.883642,0][0.398198,2.05591,0.021468][0.345834,0.948423,0.022546][0.966813,0.883642,0][0.345752,2.01967,-0.147426][0.165022,0.916083,-0.393997][0.957004,0.861018,0][0.19798,2.10619,-0.083808][0.340171,0.840987,-0.443538][0.937084,0.874397,0][0.147628,2.07899,-0.153006][-0.35881,0.578585,-0.745592][0.929736,0.864815,0][0.19798,2.10619,-0.083808][0.340171,0.840987,-0.443538][0.937084,0.874397,0][0.345752,2.01967,-0.147426][0.165022,0.916083,-0.393997][0.957004,0.861018,0][0.345752,2.01967,-0.147426][0.165022,0.916083,-0.393997][0.957004,0.861018,0][0.226618,1.95927,-0.269886][-0.315631,0.788809,-0.546094][0.940669,0.84273,0][0.147628,2.07899,-0.153006][-0.35881,0.578585,-0.745592][0.929736,0.864815,0][0.147628,2.07899,-0.153006][-0.35881,0.578585,-0.745592][0.931421,0.847169,0][0.226618,1.95927,-0.269886][-0.315631,0.788809,-0.546094][0.916949,0.828064,0][0.109518,1.93967,-0.133262][-0.729471,0.525866,-0.449179][0.912051,0.85351,0][0.109518,1.93967,-0.133262][-0.729471,0.525866,-0.449179][0.912051,0.85351,0][0.086884,2.04951,-0.0727][-0.900227,0.045907,-0.437844][0.926951,0.860561,0][0.147628,2.07899,-0.153006][-0.35881,0.578585,-0.745592][0.931421,0.847169,0][0.086884,2.04951,-0.0727][-0.900227,0.045907,-0.437844][0.926951,0.860561,0][0.109518,1.93967,-0.133262][-0.729471,0.525866,-0.449179][0.912051,0.85351,0][0.065538,1.93265,-0.007158][-0.810316,0.591439,-0.035197][0.912302,0.871559,0][0.065538,1.93265,-0.007158][-0.810316,0.591439,-0.035197][0.912302,0.871559,0][0.059082,2.04601,0.001686][-0.997968,-0.054826,-0.033825][0.927788,0.870906,0][0.086884,2.04951,-0.0727][-0.900227,0.045907,-0.437844][0.926951,0.860561,0][0.287204,1.75569,-0.217404][0.448904,-0.374541,-0.822189][0.886904,0.755361,0][0.34079,1.75133,-0.172102][0.710031,-0.364262,-0.611732][0.888485,0.744513,0][0.223092,1.16699,-0.182042][0.731024,-0.09973,-0.682666][0.80225,0.75358,0][0.223092,1.16699,-0.182042][0.731024,-0.09973,-0.682666][0.80225,0.75358,0][0.17933,1.16969,-0.213792][0.395346,-0.048209,-0.927457][0.803423,0.761646,0][0.287204,1.75569,-0.217404][0.448904,-0.374541,-0.822189][0.886904,0.755361,0][0.34079,1.75133,-0.172102][0.710031,-0.364262,-0.611732][0.888485,0.744513,0][0.378842,1.74691,-0.104688][0.848619,-0.426998,-0.322109][0.889785,0.733045,0][0.25434,1.16421,-0.129156][0.932775,-0.132235,-0.339617][0.800135,0.743951,0][0.25434,1.16421,-0.129156][0.932775,-0.132235,-0.339617][0.800135,0.743951,0][0.223092,1.16699,-0.182042][0.731024,-0.09973,-0.682666][0.80225,0.75358,0][0.34079,1.75133,-0.172102][0.710031,-0.364262,-0.611732][0.888485,0.744513,0][0.378842,1.74691,-0.104688][0.848619,-0.426998,-0.322109][0.889785,0.733045,0][0.388798,1.74745,-0.027846][0.879055,-0.482002,0.000467][0.888671,0.721398,0][0.263096,1.16465,-0.06716][0.989983,-0.142626,-0.005915][0.800858,0.73515,0][0.263096,1.16465,-0.06716][0.989983,-0.142626,-0.005915][0.800858,0.73515,0][0.25434,1.16421,-0.129156][0.932775,-0.132235,-0.339617][0.800135,0.743951,0][0.378842,1.74691,-0.104688][0.848619,-0.426998,-0.322109][0.889785,0.733045,0][0.388798,1.74745,-0.027846][0.879055,-0.482002,0.000467][0.562384,0.597404,0][0.378842,1.74691,0.048878][0.8277,-0.481529,0.300098][0.557995,0.607869,0][0.25434,1.16421,-0.005166][0.93801,-0.131657,0.324778][0.644431,0.62432,0][0.25434,1.16421,-0.005166][0.93801,-0.131657,0.324778][0.644431,0.62432,0][0.263096,1.16465,-0.06716][0.989983,-0.142626,-0.005915][0.644628,0.615246,0][0.388798,1.74745,-0.027846][0.879055,-0.482002,0.000467][0.562384,0.597404,0][0.378842,1.74691,0.048878][0.8277,-0.481529,0.300098][0.557995,0.607869,0][0.34079,1.75133,0.116406][0.665627,-0.453383,0.603153][0.555998,0.618005,0][0.223092,1.16699,0.04769][0.737376,-0.101905,0.675321][0.643943,0.633621,0][0.223092,1.16699,0.04769][0.737376,-0.101905,0.675321][0.643943,0.633621,0][0.25434,1.16421,-0.005166][0.93801,-0.131657,0.324778][0.644431,0.62432,0][0.378842,1.74691,0.048878][0.8277,-0.481529,0.300098][0.557995,0.607869,0][0.287204,1.75569,0.161688][0.42065,-0.469312,0.788123][0.555225,0.627859,0][0.17933,1.16969,0.079082][0.396812,-0.054796,0.92645][0.643557,0.641129,0][0.223092,1.16699,0.04769][0.737376,-0.101905,0.675321][0.643943,0.633621,0][0.223092,1.16699,0.04769][0.737376,-0.101905,0.675321][0.643943,0.633621,0][0.34079,1.75133,0.116406][0.665627,-0.453383,0.603153][0.555998,0.618005,0][0.287204,1.75569,0.161688][0.42065,-0.469312,0.788123][0.555225,0.627859,0][0.230728,1.75299,0.17463][0.021249,-0.513319,0.870817][0.556409,0.635773,0][0.133202,1.16865,0.087938][-0.021867,0.018875,1.01066][0.643806,0.647385,0][0.17933,1.16969,0.079082][0.396812,-0.054796,0.92645][0.643557,0.641129,0][0.17933,1.16969,0.079082][0.396812,-0.054796,0.92645][0.643557,0.641129,0][0.287204,1.75569,0.161688][0.42065,-0.469312,0.788123][0.555225,0.627859,0][0.230728,1.75299,0.17463][0.021249,-0.513319,0.870817][0.556409,0.635773,0][0.174246,1.75173,0.15618][-0.413574,-0.501167,0.772178][0.558815,0.645597,0][0.087074,1.16815,0.077156][-0.425895,0.094782,0.909873][0.643954,0.65372,0][0.133202,1.16865,0.087938][-0.021867,0.018875,1.01066][0.643806,0.647385,0][0.133202,1.16865,0.087938][-0.021867,0.018875,1.01066][0.643806,0.647385,0][0.230728,1.75299,0.17463][0.021249,-0.513319,0.870817][0.556409,0.635773,0][0.174246,1.75173,0.15618][-0.413574,-0.501167,0.772178][0.558815,0.645597,0][0.122238,1.74579,0.109872][-0.669597,-0.43263,0.613809][0.56296,0.657131,0][0.044598,1.16329,0.045706][-0.742518,0.167075,0.656315][0.644441,0.66069,0][0.087074,1.16815,0.077156][-0.425895,0.094782,0.909873][0.643954,0.65372,0][0.087074,1.16815,0.077156][-0.425895,0.094782,0.909873][0.643954,0.65372,0][0.174246,1.75173,0.15618][-0.413574,-0.501167,0.772178][0.558815,0.645597,0][0.122238,1.74579,0.109872][-0.669597,-0.43263,0.613809][0.56296,0.657131,0][0.085864,1.73947,0.045698][-0.837456,-0.432487,0.343913][0.565712,0.668671,0][0.014876,1.15815,-0.00358][-0.927889,0.207598,0.314678][0.645138,0.668665,0][0.044598,1.16329,0.045706][-0.742518,0.167075,0.656315][0.644441,0.66069,0][0.044598,1.16329,0.045706][-0.742518,0.167075,0.656315][0.644441,0.66069,0][0.122238,1.74579,0.109872][-0.669597,-0.43263,0.613809][0.56296,0.657131,0][0.085864,1.73947,0.045698][-0.837456,-0.432487,0.343913][0.565712,0.668671,0][0.075632,1.74085,-0.02861][-0.877459,-0.484957,0.002974][0.565631,0.679163,0][0.00628,1.15927,-0.06716][-0.978195,0.209913,-0.005624][0.64413,0.678553,0][0.014876,1.15815,-0.00358][-0.927889,0.207598,0.314678][0.645138,0.668665,0][0.014876,1.15815,-0.00358][-0.927889,0.207598,0.314678][0.645138,0.668665,0][0.085864,1.73947,0.045698][-0.837456,-0.432487,0.343913][0.565712,0.668671,0][0.075632,1.74085,-0.02861][-0.877459,-0.484957,0.002974][0.565631,0.679163,0][0.085864,1.73947,-0.104146][-0.855636,-0.393547,-0.344929][0.88061,0.794162,0][0.014876,1.15815,-0.13074][-0.923589,0.204878,-0.329064][0.799601,0.78991,0][0.00628,1.15927,-0.06716][-0.978195,0.209913,-0.005624][0.798869,0.799017,0][0.00628,1.15927,-0.06716][-0.978195,0.209913,-0.005624][0.798869,0.799017,0][0.075632,1.74085,-0.02861][-0.877459,-0.484957,0.002974][0.878235,0.80472,0][0.085864,1.73947,-0.104146][-0.855636,-0.393547,-0.344929][0.88061,0.794162,0][0.085864,1.73947,-0.104146][-0.855636,-0.393547,-0.344929][0.88061,0.794162,0][0.122238,1.74579,-0.168264][-0.69313,-0.361262,-0.632959][0.884196,0.784616,0][0.044598,1.16329,-0.180074][-0.736541,0.164365,-0.663841][0.801606,0.781963,0][0.044598,1.16329,-0.180074][-0.736541,0.164365,-0.663841][0.801606,0.781963,0][0.014876,1.15815,-0.13074][-0.923589,0.204878,-0.329064][0.799601,0.78991,0][0.085864,1.73947,-0.104146][-0.855636,-0.393547,-0.344929][0.88061,0.794162,0][0.122238,1.74579,-0.168264][-0.69313,-0.361262,-0.632959][0.884196,0.784616,0][0.174246,1.75173,-0.21345][-0.435822,-0.4151,-0.809814][0.886066,0.774338,0][0.087074,1.16815,-0.211872][-0.4241,0.097883,-0.910402][0.803845,0.774854,0][0.087074,1.16815,-0.211872][-0.4241,0.097883,-0.910402][0.803845,0.774854,0][0.044598,1.16329,-0.180074][-0.736541,0.164365,-0.663841][0.801606,0.781963,0][0.122238,1.74579,-0.168264][-0.69313,-0.361262,-0.632959][0.884196,0.784616,0][0.174246,1.75173,-0.21345][-0.435822,-0.4151,-0.809814][0.886066,0.774338,0][0.230728,1.75299,-0.231614][0.032666,-0.409836,-0.923702][0.885973,0.764348,0][0.133202,1.16865,-0.222878][-0.021076,0.021692,-1.01062][0.803917,0.768459,0][0.133202,1.16865,-0.222878][-0.021076,0.021692,-1.01062][0.803917,0.768459,0][0.087074,1.16815,-0.211872][-0.4241,0.097883,-0.910402][0.803845,0.774854,0][0.174246,1.75173,-0.21345][-0.435822,-0.4151,-0.809814][0.886066,0.774338,0][0.230728,1.75299,-0.231614][0.032666,-0.409836,-0.923702][0.885973,0.764348,0][0.287204,1.75569,-0.217404][0.448904,-0.374541,-0.822189][0.886904,0.755361,0][0.17933,1.16969,-0.213792][0.395346,-0.048209,-0.927457][0.803423,0.761646,0][0.17933,1.16969,-0.213792][0.395346,-0.048209,-0.927457][0.803423,0.761646,0][0.133202,1.16865,-0.222878][-0.021076,0.021692,-1.01062][0.803917,0.768459,0][0.230728,1.75299,-0.231614][0.032666,-0.409836,-0.923702][0.885973,0.764348,0][-0.073156,0.077908,0.231396][0.026834,0.654998,0.769754][0.782867,0.42446,0][-0.178002,0.037128,0.247984][-0.305644,0.462916,0.844091][0.768751,0.414495,0][-0.079936,-0.0121341,0.265132][-0.026534,0.256745,0.97757][0.76357,0.425205,0][-0.079936,-0.0121341,0.265132][-0.026534,0.256745,0.97757][0.76357,0.425205,0][-0.03631,0.020542,0.258618][0.014154,0.369479,0.941042][0.772508,0.42987,0][-0.073156,0.077908,0.231396][0.026834,0.654998,0.769754][0.782867,0.42446,0][0.001318,0.065348,0.220934][-0.028535,0.700047,0.72896][0.783852,0.433254,0][-0.073156,0.077908,0.231396][0.026834,0.654998,0.769754][0.782867,0.42446,0][-0.03631,0.020542,0.258618][0.014154,0.369479,0.941042][0.772508,0.42987,0][-0.03631,0.020542,0.258618][0.014154,0.369479,0.941042][0.772508,0.42987,0][0.002778,0.023748,0.256104][-0.022086,0.447078,0.906589][0.773785,0.434494,0][0.001318,0.065348,0.220934][-0.028535,0.700047,0.72896][0.783852,0.433254,0][0.001318,0.065348,0.220934][-0.028535,0.700047,0.72896][0.784026,0.438088,0][0.002778,0.023748,0.256104][-0.022086,0.447078,0.906589][0.773844,0.436718,0][0.041998,0.023288,0.259196][-0.040897,0.363068,0.942737][0.772606,0.44192,0][0.041998,0.023288,0.259196][-0.040897,0.363068,0.942737][0.772606,0.44192,0][0.075984,0.084148,0.231672][-0.125069,0.644604,0.768619][0.782536,0.447994,0][0.001318,0.065348,0.220934][-0.028535,0.700047,0.72896][0.784026,0.438088,0][0.075984,0.084148,0.231672][-0.125069,0.644604,0.768619][0.782536,0.447994,0][0.041998,0.023288,0.259196][-0.040897,0.363068,0.942737][0.772606,0.44192,0][0.087918,-0.00626993,0.26491][-0.002548,0.231557,0.984203][0.766459,0.446899,0][0.087918,-0.00626993,0.26491][-0.002548,0.231557,0.984203][0.766459,0.446899,0][0.181068,0.062068,0.254122][0.236384,0.468591,0.86347][0.776364,0.457825,0][0.075984,0.084148,0.231672][-0.125069,0.644604,0.768619][0.782536,0.447994,0][0.213096,-0.0638299,0.269328][0.392782,-0.106801,0.923666][0.753767,0.46108,0][0.181068,0.062068,0.254122][0.236384,0.468591,0.86347][0.776364,0.457825,0][0.087918,-0.00626993,0.26491][-0.002548,0.231557,0.984203][0.766459,0.446899,0][0.087918,-0.00626993,0.26491][-0.002548,0.231557,0.984203][0.766459,0.446899,0][0.090732,-0.0576401,0.275984][0.046025,0.025037,1.0097][0.757169,0.44693,0][0.213096,-0.0638299,0.269328][0.392782,-0.106801,0.923666][0.753767,0.46108,0][-0.178002,0.037128,0.247984][-0.305644,0.462916,0.844091][0.768751,0.414495,0][-0.217292,-0.093256,0.265264][-0.426592,-0.127379,0.905549][0.743579,0.410796,0][-0.079122,-0.0634079,0.27657][-0.04216,0.025398,1.00986][0.752581,0.425296,0][-0.079122,-0.0634079,0.27657][-0.04216,0.025398,1.00986][0.752581,0.425296,0][-0.079936,-0.0121341,0.265132][-0.026534,0.256745,0.97757][0.76357,0.425205,0][-0.178002,0.037128,0.247984][-0.305644,0.462916,0.844091][0.768751,0.414495,0][-0.099868,0.145808,0.14176][-0.060892,0.933819,0.382717][0.803759,0.418135,0][-0.265726,0.080248,0.154676][-0.650701,0.631077,0.437238][0.785168,0.40236,0][-0.178002,0.037128,0.247984][-0.305644,0.462916,0.844091][0.768751,0.414495,0][-0.178002,0.037128,0.247984][-0.305644,0.462916,0.844091][0.768751,0.414495,0][-0.073156,0.077908,0.231396][0.026834,0.654998,0.769754][0.782867,0.42446,0][-0.099868,0.145808,0.14176][-0.060892,0.933819,0.382717][0.803759,0.418135,0][-0.00072,0.123288,0.143136][-0.039855,0.926537,0.402723][0.80359,0.429943,0][-0.099868,0.145808,0.14176][-0.060892,0.933819,0.382717][0.803759,0.418135,0][-0.073156,0.077908,0.231396][0.026834,0.654998,0.769754][0.782867,0.42446,0][-0.073156,0.077908,0.231396][0.026834,0.654998,0.769754][0.782867,0.42446,0][0.001318,0.065348,0.220934][-0.028535,0.700047,0.72896][0.783852,0.433254,0][-0.00072,0.123288,0.143136][-0.039855,0.926537,0.402723][0.80359,0.429943,0][-0.00072,0.123288,0.143136][-0.039855,0.926537,0.402723][0.80397,0.441349,0][0.001318,0.065348,0.220934][-0.028535,0.700047,0.72896][0.784026,0.438088,0][0.075984,0.084148,0.231672][-0.125069,0.644604,0.768619][0.782536,0.447994,0][0.075984,0.084148,0.231672][-0.125069,0.644604,0.768619][0.782536,0.447994,0][0.099214,0.155528,0.141442][-0.051638,0.938711,0.371991][0.807268,0.453433,0][-0.00072,0.123288,0.143136][-0.039855,0.926537,0.402723][0.80397,0.441349,0][0.099214,0.155528,0.141442][-0.051638,0.938711,0.371991][0.807268,0.453433,0][0.075984,0.084148,0.231672][-0.125069,0.644604,0.768619][0.782536,0.447994,0][0.181068,0.062068,0.254122][0.236384,0.468591,0.86347][0.776364,0.457825,0][0.181068,0.062068,0.254122][0.236384,0.468591,0.86347][0.776364,0.457825,0][0.256676,0.113928,0.168752][0.587221,0.679822,0.455644][0.791789,0.46734,0][0.099214,0.155528,0.141442][-0.051638,0.938711,0.371991][0.807268,0.453433,0][0.30594,-0.0709801,0.194384][0.82524,-0.152242,0.550371][0.756381,0.47393,0][0.256676,0.113928,0.168752][0.587221,0.679822,0.455644][0.791789,0.46734,0][0.181068,0.062068,0.254122][0.236384,0.468591,0.86347][0.776364,0.457825,0][0.181068,0.062068,0.254122][0.236384,0.468591,0.86347][0.776364,0.457825,0][0.213096,-0.0638299,0.269328][0.392782,-0.106801,0.923666][0.753767,0.46108,0][0.30594,-0.0709801,0.194384][0.82524,-0.152242,0.550371][0.756381,0.47393,0][-0.265726,0.080248,0.154676][-0.650701,0.631077,0.437238][0.785168,0.40236,0][-0.3186,-0.109344,0.17611][-0.842336,-0.218261,0.499304][0.75367,0.39561,0][-0.217292,-0.093256,0.265264][-0.426592,-0.127379,0.905549][0.743579,0.410796,0][-0.217292,-0.093256,0.265264][-0.426592,-0.127379,0.905549][0.743579,0.410796,0][-0.178002,0.037128,0.247984][-0.305644,0.462916,0.844091][0.768751,0.414495,0][-0.265726,0.080248,0.154676][-0.650701,0.631077,0.437238][0.785168,0.40236,0][-0.107004,0.167448,0.017358][-0.087561,1.00717,-0.007694][0.820202,0.410713,0][-0.291538,0.0893281,0.023556][-0.761657,0.655123,-0.006852][0.789286,0.387279,0][-0.265726,0.080248,0.154676][-0.650701,0.631077,0.437238][0.785168,0.40236,0][-0.265726,0.080248,0.154676][-0.650701,0.631077,0.437238][0.785168,0.40236,0][-0.099868,0.145808,0.14176][-0.060892,0.933819,0.382717][0.803759,0.418135,0][-0.107004,0.167448,0.017358][-0.087561,1.00717,-0.007694][0.820202,0.410713,0][-0.001436,0.143648,0.018278][-0.043229,1.01013,-0.004193][0.819441,0.423685,0][-0.107004,0.167448,0.017358][-0.087561,1.00717,-0.007694][0.820202,0.410713,0][-0.099868,0.145808,0.14176][-0.060892,0.933819,0.382717][0.803759,0.418135,0][-0.099868,0.145808,0.14176][-0.060892,0.933819,0.382717][0.803759,0.418135,0][-0.00072,0.123288,0.143136][-0.039855,0.926537,0.402723][0.80359,0.429943,0][-0.001436,0.143648,0.018278][-0.043229,1.01013,-0.004193][0.819441,0.423685,0][-0.001436,0.143648,0.018278][-0.043229,1.01013,-0.004193][0.821482,0.446535,0][-0.00072,0.123288,0.143136][-0.039855,0.926537,0.402723][0.80397,0.441349,0][0.099214,0.155528,0.141442][-0.051638,0.938711,0.371991][0.807268,0.453433,0][0.099214,0.155528,0.141442][-0.051638,0.938711,0.371991][0.807268,0.453433,0][0.10501,0.177168,0.017116][-0.016577,1.01092,-0.006539][0.822809,0.459844,0][-0.001436,0.143648,0.018278][-0.043229,1.01013,-0.004193][0.821482,0.446535,0][0.10501,0.177168,0.017116][-0.016577,1.01092,-0.006539][0.822809,0.459844,0][0.099214,0.155528,0.141442][-0.051638,0.938711,0.371991][0.807268,0.453433,0][0.256676,0.113928,0.168752][0.587221,0.679822,0.455644][0.791789,0.46734,0][0.256676,0.113928,0.168752][0.587221,0.679822,0.455644][0.791789,0.46734,0][0.288182,0.124388,0.021524][0.721959,0.699495,-0.012264][0.799491,0.483028,0][0.10501,0.177168,0.017116][-0.016577,1.01092,-0.006539][0.822809,0.459844,0][0.35055,-0.075062,0.035424][0.985787,-0.169848,-0.002054][0.767366,0.495877,0][0.288182,0.124388,0.021524][0.721959,0.699495,-0.012264][0.799491,0.483028,0][0.256676,0.113928,0.168752][0.587221,0.679822,0.455644][0.791789,0.46734,0][0.256676,0.113928,0.168752][0.587221,0.679822,0.455644][0.791789,0.46734,0][0.30594,-0.0709801,0.194384][0.82524,-0.152242,0.550371][0.756381,0.47393,0][0.35055,-0.075062,0.035424][0.985787,-0.169848,-0.002054][0.767366,0.495877,0][-0.349584,-0.113244,0.038454][-0.970319,-0.244454,0.005128][0.764408,0.376371,0][-0.3186,-0.109344,0.17611][-0.842336,-0.218261,0.499304][0.75367,0.39561,0][-0.265726,0.080248,0.154676][-0.650701,0.631077,0.437238][0.785168,0.40236,0][-0.265726,0.080248,0.154676][-0.650701,0.631077,0.437238][0.785168,0.40236,0][-0.291538,0.0893281,0.023556][-0.761657,0.655123,-0.006852][0.789286,0.387279,0][-0.349584,-0.113244,0.038454][-0.970319,-0.244454,0.005128][0.764408,0.376371,0][-0.265726,0.080248,-0.10287][-0.660993,0.597248,-0.467899][0.65888,0.496618,0][-0.291538,0.0893281,0.023556][-0.761657,0.655123,-0.006852][0.651568,0.479624,0][-0.107004,0.167448,0.017358][-0.087561,1.00717,-0.007694][0.624316,0.500022,0][-0.107004,0.167448,0.017358][-0.087561,1.00717,-0.007694][0.624316,0.500022,0][-0.099868,0.145808,-0.098868][-0.077844,0.928496,-0.392406][0.637162,0.511077,0][-0.265726,0.080248,-0.10287][-0.660993,0.597248,-0.467899][0.65888,0.496618,0][-0.099868,0.145808,-0.098868][-0.077844,0.928496,-0.392406][0.637162,0.511077,0][-0.107004,0.167448,0.017358][-0.087561,1.00717,-0.007694][0.624316,0.500022,0][-0.001436,0.143648,0.018278][-0.043229,1.01013,-0.004193][0.611906,0.512086,0][-0.001436,0.143648,0.018278][-0.043229,1.01013,-0.004193][0.611906,0.512086,0][-0.00072,0.123288,-0.09944][-0.042204,0.940295,-0.369196][0.630388,0.522532,0][-0.099868,0.145808,-0.098868][-0.077844,0.928496,-0.392406][0.637162,0.511077,0][0.099214,0.155528,-0.099706][-0.039496,0.935245,-0.382103][0.63073,0.566391,0][-0.00072,0.123288,-0.09944][-0.042204,0.940295,-0.369196][0.624086,0.553413,0][-0.001436,0.143648,0.018278][-0.043229,1.01013,-0.004193][0.607266,0.561789,0][-0.001436,0.143648,0.018278][-0.043229,1.01013,-0.004193][0.607266,0.561789,0][0.10501,0.177168,0.017116][-0.016577,1.01092,-0.006539][0.613479,0.575073,0][0.099214,0.155528,-0.099706][-0.039496,0.935245,-0.382103][0.63073,0.566391,0][0.256676,0.113928,-0.120638][0.601475,0.644873,-0.486402][0.648832,0.581256,0][0.099214,0.155528,-0.099706][-0.039496,0.935245,-0.382103][0.63073,0.566391,0][0.10501,0.177168,0.017116][-0.016577,1.01092,-0.006539][0.613479,0.575073,0][0.10501,0.177168,0.017116][-0.016577,1.01092,-0.006539][0.613479,0.575073,0][0.288182,0.124388,0.021524][0.721959,0.699495,-0.012264][0.638194,0.596581,0][0.256676,0.113928,-0.120638][0.601475,0.644873,-0.486402][0.648832,0.581256,0][0.30594,-0.0709801,-0.122118][0.852901,-0.151965,-0.505508][0.674581,0.585935,0][0.256676,0.113928,-0.120638][0.601475,0.644873,-0.486402][0.648832,0.581256,0][0.288182,0.124388,0.021524][0.721959,0.699495,-0.012264][0.638194,0.596581,0][0.288182,0.124388,0.021524][0.721959,0.699495,-0.012264][0.638194,0.596581,0][0.35055,-0.075062,0.035424][0.985787,-0.169848,-0.002054][0.670734,0.606517,0][0.30594,-0.0709801,-0.122118][0.852901,-0.151965,-0.505508][0.674581,0.585935,0][-0.3186,-0.109344,-0.09882][-0.835281,-0.258718,-0.492043][0.68468,0.492944,0][-0.349584,-0.113244,0.038454][-0.970319,-0.244454,0.005128][0.678682,0.475526,0][-0.291538,0.0893281,0.023556][-0.761657,0.655123,-0.006852][0.651568,0.479624,0][-0.291538,0.0893281,0.023556][-0.761657,0.655123,-0.006852][0.651568,0.479624,0][-0.265726,0.080248,-0.10287][-0.660993,0.597248,-0.467899][0.65888,0.496618,0][-0.3186,-0.109344,-0.09882][-0.835281,-0.258718,-0.492043][0.68468,0.492944,0][-0.178002,0.037128,-0.188066][-0.465803,0.467101,-0.76308][0.664084,0.511651,0][-0.265726,0.080248,-0.10287][-0.660993,0.597248,-0.467899][0.65888,0.496618,0][-0.099868,0.145808,-0.098868][-0.077844,0.928496,-0.392406][0.637162,0.511077,0][-0.099868,0.145808,-0.098868][-0.077844,0.928496,-0.392406][0.637162,0.511077,0][-0.07308,0.077768,-0.195112][-0.13043,0.782123,-0.627035][0.651387,0.522613,0][-0.178002,0.037128,-0.188066][-0.465803,0.467101,-0.76308][0.664084,0.511651,0][-0.07308,0.077768,-0.195112][-0.13043,0.782123,-0.627035][0.651387,0.522613,0][-0.099868,0.145808,-0.098868][-0.077844,0.928496,-0.392406][0.637162,0.511077,0][-0.00072,0.123288,-0.09944][-0.042204,0.940295,-0.369196][0.630388,0.522532,0][-0.00072,0.123288,-0.09944][-0.042204,0.940295,-0.369196][0.630388,0.522532,0][0.001482,0.065028,-0.204996][-0.038134,0.860503,-0.529461][0.648708,0.531953,0][-0.07308,0.077768,-0.195112][-0.13043,0.782123,-0.627035][0.651387,0.522613,0][0.076056,0.084028,-0.19585][0.01293,0.788881,-0.632279][0.645979,0.554661,0][0.001482,0.065028,-0.204996][-0.038134,0.860503,-0.529461][0.645031,0.546114,0][-0.00072,0.123288,-0.09944][-0.042204,0.940295,-0.369196][0.624086,0.553413,0][-0.00072,0.123288,-0.09944][-0.042204,0.940295,-0.369196][0.624086,0.553413,0][0.099214,0.155528,-0.099706][-0.039496,0.935245,-0.382103][0.63073,0.566391,0][0.076056,0.084028,-0.19585][0.01293,0.788881,-0.632279][0.645979,0.554661,0][0.181068,0.062068,-0.197284][0.388696,0.491585,-0.791311][0.654959,0.565856,0][0.076056,0.084028,-0.19585][0.01293,0.788881,-0.632279][0.645979,0.554661,0][0.099214,0.155528,-0.099706][-0.039496,0.935245,-0.382103][0.63073,0.566391,0][0.099214,0.155528,-0.099706][-0.039496,0.935245,-0.382103][0.63073,0.566391,0][0.256676,0.113928,-0.120638][0.601475,0.644873,-0.486402][0.648832,0.581256,0][0.181068,0.062068,-0.197284][0.388696,0.491585,-0.791311][0.654959,0.565856,0][0.181068,0.062068,-0.197284][0.388696,0.491585,-0.791311][0.654959,0.565856,0][0.256676,0.113928,-0.120638][0.601475,0.644873,-0.486402][0.648832,0.581256,0][0.30594,-0.0709801,-0.122118][0.852901,-0.151965,-0.505508][0.674581,0.585935,0][0.30594,-0.0709801,-0.122118][0.852901,-0.151965,-0.505508][0.674581,0.585935,0][0.213128,-0.06389,-0.202464][0.617565,-0.064154,-0.792642][0.674095,0.567491,0][0.181068,0.062068,-0.197284][0.388696,0.491585,-0.791311][0.654959,0.565856,0][-0.217276,-0.0932839,-0.19007][-0.639318,-0.154506,-0.761954][0.685897,0.510053,0][-0.3186,-0.109344,-0.09882][-0.835281,-0.258718,-0.492043][0.68468,0.492944,0][-0.265726,0.080248,-0.10287][-0.660993,0.597248,-0.467899][0.65888,0.496618,0][-0.265726,0.080248,-0.10287][-0.660993,0.597248,-0.467899][0.65888,0.496618,0][-0.178002,0.037128,-0.188066][-0.465803,0.467101,-0.76308][0.664084,0.511651,0][-0.217276,-0.0932839,-0.19007][-0.639318,-0.154506,-0.761954][0.685897,0.510053,0][-0.079618,-0.012712,-0.267094][-0.468393,0.343862,-0.824476][0.669835,0.528334,0][-0.178002,0.037128,-0.188066][-0.465803,0.467101,-0.76308][0.664084,0.511651,0][-0.07308,0.077768,-0.195112][-0.13043,0.782123,-0.627035][0.651387,0.522613,0][-0.07308,0.077768,-0.195112][-0.13043,0.782123,-0.627035][0.651387,0.522613,0][-0.035974,0.01993,-0.274122][-0.271601,0.611897,-0.756606][0.663078,0.533243,0][-0.079618,-0.012712,-0.267094][-0.468393,0.343862,-0.824476][0.669835,0.528334,0][-0.035974,0.01993,-0.274122][-0.271601,0.611897,-0.756606][0.663078,0.533243,0][-0.07308,0.077768,-0.195112][-0.13043,0.782123,-0.627035][0.651387,0.522613,0][0.001482,0.065028,-0.204996][-0.038134,0.860503,-0.529461][0.648708,0.531953,0][0.001482,0.065028,-0.204996][-0.038134,0.860503,-0.529461][0.648708,0.531953,0][0.00314,0.023088,-0.277778][-0.03893,0.6984,-0.730047][0.660252,0.536943,0][-0.035974,0.01993,-0.274122][-0.271601,0.611897,-0.756606][0.663078,0.533243,0][0.042334,0.022688,-0.275736][0.21735,0.625717,-0.763195][0.65958,0.54693,0][0.00314,0.023088,-0.277778][-0.03893,0.6984,-0.730047][0.658274,0.543078,0][0.001482,0.065028,-0.204996][-0.038134,0.860503,-0.529461][0.645031,0.546114,0][0.001482,0.065028,-0.204996][-0.038134,0.860503,-0.529461][0.645031,0.546114,0][0.076056,0.084028,-0.19585][0.01293,0.788881,-0.632279][0.645979,0.554661,0][0.042334,0.022688,-0.275736][0.21735,0.625717,-0.763195][0.65958,0.54693,0][0.0882,-0.00685811,-0.26816][0.428115,0.358323,-0.840547][0.665203,0.551393,0][0.042334,0.022688,-0.275736][0.21735,0.625717,-0.763195][0.65958,0.54693,0][0.076056,0.084028,-0.19585][0.01293,0.788881,-0.632279][0.645979,0.554661,0][0.076056,0.084028,-0.19585][0.01293,0.788881,-0.632279][0.645979,0.554661,0][0.181068,0.062068,-0.197284][0.388696,0.491585,-0.791311][0.654959,0.565856,0][0.0882,-0.00685811,-0.26816][0.428115,0.358323,-0.840547][0.665203,0.551393,0][0.0882,-0.00685811,-0.26816][0.428115,0.358323,-0.840547][0.665203,0.551393,0][0.181068,0.062068,-0.197284][0.388696,0.491585,-0.791311][0.654959,0.565856,0][0.213128,-0.06389,-0.202464][0.617565,-0.064154,-0.792642][0.674095,0.567491,0][0.213128,-0.06389,-0.202464][0.617565,-0.064154,-0.792642][0.674095,0.567491,0][0.111944,-0.05756,-0.26628][0.508273,0.025034,-0.870377][0.675054,0.553748,0][0.0882,-0.00685811,-0.26816][0.428115,0.358323,-0.840547][0.665203,0.551393,0][-0.099774,-0.0648,-0.265524][-0.512856,-0.001194,-0.867985][0.678635,0.52678,0][-0.217276,-0.0932839,-0.19007][-0.639318,-0.154506,-0.761954][0.685897,0.510053,0][-0.178002,0.037128,-0.188066][-0.465803,0.467101,-0.76308][0.664084,0.511651,0][-0.178002,0.037128,-0.188066][-0.465803,0.467101,-0.76308][0.664084,0.511651,0][-0.079618,-0.012712,-0.267094][-0.468393,0.343862,-0.824476][0.669835,0.528334,0][-0.099774,-0.0648,-0.265524][-0.512856,-0.001194,-0.867985][0.678635,0.52678,0][-0.03631,0.020542,0.258618][0.014154,0.369479,0.941042][0.772508,0.42987,0][-0.079936,-0.0121341,0.265132][-0.026534,0.256745,0.97757][0.76357,0.425205,0][0.005842,-0.059468,0.272294][-0.004803,0.066533,1.00888][0.758336,0.43566,0][0.002778,0.023748,0.256104][-0.022086,0.447078,0.906589][0.773785,0.434494,0][-0.03631,0.020542,0.258618][0.014154,0.369479,0.941042][0.772508,0.42987,0][0.005842,-0.059468,0.272294][-0.004803,0.066533,1.00888][0.758336,0.43566,0][0.041998,0.023288,0.259196][-0.040897,0.363068,0.942737][0.772606,0.44192,0][0.002778,0.023748,0.256104][-0.022086,0.447078,0.906589][0.773844,0.436718,0][0.005842,-0.059468,0.272294][-0.004803,0.066533,1.00888][0.758336,0.43566,0][0.087918,-0.00626993,0.26491][-0.002548,0.231557,0.984203][0.766459,0.446899,0][0.041998,0.023288,0.259196][-0.040897,0.363068,0.942737][0.772606,0.44192,0][0.005842,-0.059468,0.272294][-0.004803,0.066533,1.00888][0.758336,0.43566,0][0.090732,-0.0576401,0.275984][0.046025,0.025037,1.0097][0.757169,0.44693,0][0.087918,-0.00626993,0.26491][-0.002548,0.231557,0.984203][0.766459,0.446899,0][0.005842,-0.059468,0.272294][-0.004803,0.066533,1.00888][0.758336,0.43566,0][-0.079936,-0.0121341,0.265132][-0.026534,0.256745,0.97757][0.76357,0.425205,0][-0.079122,-0.0634079,0.27657][-0.04216,0.025398,1.00986][0.752581,0.425296,0][0.005842,-0.059468,0.272294][-0.004803,0.066533,1.00888][0.758336,0.43566,0][-0.079618,-0.012712,-0.267094][-0.468393,0.343862,-0.824476][0.669835,0.528334,0][-0.035974,0.01993,-0.274122][-0.271601,0.611897,-0.756606][0.663078,0.533243,0][0.006402,-0.0606401,-0.322074][-0.005076,0.07325,-1.00841][0.676362,0.54179,0][-0.035974,0.01993,-0.274122][-0.271601,0.611897,-0.756606][0.663078,0.533243,0][0.00314,0.023088,-0.277778][-0.03893,0.6984,-0.730047][0.660252,0.536943,0][0.006402,-0.0606401,-0.322074][-0.005076,0.07325,-1.00841][0.676362,0.54179,0][0.00314,0.023088,-0.277778][-0.03893,0.6984,-0.730047][0.658274,0.543078,0][0.042334,0.022688,-0.275736][0.21735,0.625717,-0.763195][0.65958,0.54693,0][0.006402,-0.0606401,-0.322074][-0.005076,0.07325,-1.00841][0.676362,0.54179,0][0.042334,0.022688,-0.275736][0.21735,0.625717,-0.763195][0.65958,0.54693,0][0.0882,-0.00685811,-0.26816][0.428115,0.358323,-0.840547][0.665203,0.551393,0][0.006402,-0.0606401,-0.322074][-0.005076,0.07325,-1.00841][0.676362,0.54179,0][0.0882,-0.00685811,-0.26816][0.428115,0.358323,-0.840547][0.665203,0.551393,0][0.111944,-0.05756,-0.26628][0.508273,0.025034,-0.870377][0.675054,0.553748,0][0.006402,-0.0606401,-0.322074][-0.005076,0.07325,-1.00841][0.676362,0.54179,0][-0.099774,-0.0648,-0.265524][-0.512856,-0.001194,-0.867985][0.678635,0.52678,0][-0.079618,-0.012712,-0.267094][-0.468393,0.343862,-0.824476][0.669835,0.528334,0][0.006402,-0.0606401,-0.322074][-0.005076,0.07325,-1.00841][0.676362,0.54179,0][0.18104,-0.203186,0.221722][0.560694,-0.394641,0.738347][0.73291,0.459828,0][0.213096,-0.0638299,0.269328][0.392782,-0.106801,0.923666][0.753767,0.46108,0][0.090732,-0.0576401,0.275984][0.046025,0.025037,1.0097][0.757169,0.44693,0][0.090732,-0.0576401,0.275984][0.046025,0.025037,1.0097][0.757169,0.44693,0][0.06248,-0.217822,0.261296][0.182592,-0.21689,0.970132][0.734031,0.442703,0][0.18104,-0.203186,0.221722][0.560694,-0.394641,0.738347][0.73291,0.459828,0][-0.161498,-0.22157,0.223192][-0.507971,-0.421458,0.762148][0.727298,0.414523,0][-0.03996,-0.221422,0.261894][-0.140475,-0.200347,0.9808][0.732974,0.429905,0][-0.079122,-0.0634079,0.27657][-0.04216,0.025398,1.00986][0.752581,0.425296,0][-0.079122,-0.0634079,0.27657][-0.04216,0.025398,1.00986][0.752581,0.425296,0][-0.217292,-0.093256,0.265264][-0.426592,-0.127379,0.905549][0.743579,0.410796,0][-0.161498,-0.22157,0.223192][-0.507971,-0.421458,0.762148][0.727298,0.414523,0][0.237766,-0.190088,0.14868][0.751185,-0.584695,0.32181][0.737265,0.47254,0][0.30594,-0.0709801,0.194384][0.82524,-0.152242,0.550371][0.756381,0.47393,0][0.213096,-0.0638299,0.269328][0.392782,-0.106801,0.923666][0.753767,0.46108,0][0.213096,-0.0638299,0.269328][0.392782,-0.106801,0.923666][0.753767,0.46108,0][0.18104,-0.203186,0.221722][0.560694,-0.394641,0.738347][0.73291,0.459828,0][0.237766,-0.190088,0.14868][0.751185,-0.584695,0.32181][0.737265,0.47254,0][-0.22212,-0.219326,0.143224][-0.698577,-0.643789,0.330052][0.731742,0.400045,0][-0.161498,-0.22157,0.223192][-0.507971,-0.421458,0.762148][0.727298,0.414523,0][-0.217292,-0.093256,0.265264][-0.426592,-0.127379,0.905549][0.743579,0.410796,0][-0.217292,-0.093256,0.265264][-0.426592,-0.127379,0.905549][0.743579,0.410796,0][-0.3186,-0.109344,0.17611][-0.842336,-0.218261,0.499304][0.75367,0.39561,0][-0.22212,-0.219326,0.143224][-0.698577,-0.643789,0.330052][0.731742,0.400045,0][0.237766,-0.190088,0.14868][0.751185,-0.584695,0.32181][0.737265,0.47254,0][0.254978,-0.191898,0.04284][0.736694,-0.683718,0.000412][0.745553,0.490332,0][0.35055,-0.075062,0.035424][0.985787,-0.169848,-0.002054][0.767366,0.495877,0][0.35055,-0.075062,0.035424][0.985787,-0.169848,-0.002054][0.767366,0.495877,0][0.30594,-0.0709801,0.194384][0.82524,-0.152242,0.550371][0.756381,0.47393,0][0.237766,-0.190088,0.14868][0.751185,-0.584695,0.32181][0.737265,0.47254,0][-0.240542,-0.220924,0.046154][-0.69809,-0.723918,0.005886][0.741291,0.383717,0][-0.22212,-0.219326,0.143224][-0.698577,-0.643789,0.330052][0.731742,0.400045,0][-0.3186,-0.109344,0.17611][-0.842336,-0.218261,0.499304][0.75367,0.39561,0][-0.3186,-0.109344,0.17611][-0.842336,-0.218261,0.499304][0.75367,0.39561,0][-0.349584,-0.113244,0.038454][-0.970319,-0.244454,0.005128][0.764408,0.376371,0][-0.240542,-0.220924,0.046154][-0.69809,-0.723918,0.005886][0.741291,0.383717,0][0.237766,-0.190088,-0.062884][0.746828,-0.631143,-0.231861][0.695693,0.585562,0][0.30594,-0.0709801,-0.122118][0.852901,-0.151965,-0.505508][0.674581,0.585935,0][0.35055,-0.075062,0.035424][0.985787,-0.169848,-0.002054][0.670734,0.606517,0][0.35055,-0.075062,0.035424][0.985787,-0.169848,-0.002054][0.670734,0.606517,0][0.254978,-0.191898,0.04284][0.736694,-0.683718,0.000412][0.69215,0.599661,0][0.237766,-0.190088,-0.062884][0.746828,-0.631143,-0.231861][0.695693,0.585562,0][-0.22212,-0.219326,-0.051154][-0.740965,-0.622439,-0.271273][0.710261,0.499004,0][-0.240542,-0.220924,0.046154][-0.69809,-0.723918,0.005886][0.702902,0.485095,0][-0.349584,-0.113244,0.038454][-0.970319,-0.244454,0.005128][0.678682,0.475526,0][-0.349584,-0.113244,0.038454][-0.970319,-0.244454,0.005128][0.678682,0.475526,0][-0.3186,-0.109344,-0.09882][-0.835281,-0.258718,-0.492043][0.68468,0.492944,0][-0.22212,-0.219326,-0.051154][-0.740965,-0.622439,-0.271273][0.710261,0.499004,0][0.181144,-0.203378,-0.154678][0.727309,-0.480182,-0.500941][0.701037,0.569606,0][0.213128,-0.06389,-0.202464][0.617565,-0.064154,-0.792642][0.674095,0.567491,0][0.30594,-0.0709801,-0.122118][0.852901,-0.151965,-0.505508][0.674581,0.585935,0][0.30594,-0.0709801,-0.122118][0.852901,-0.151965,-0.505508][0.674581,0.585935,0][0.237766,-0.190088,-0.062884][0.746828,-0.631143,-0.231861][0.695693,0.585562,0][0.181144,-0.203378,-0.154678][0.727309,-0.480182,-0.500941][0.701037,0.569606,0][-0.22212,-0.219326,-0.051154][-0.740965,-0.622439,-0.271273][0.710261,0.499004,0][-0.3186,-0.109344,-0.09882][-0.835281,-0.258718,-0.492043][0.68468,0.492944,0][-0.217276,-0.0932839,-0.19007][-0.639318,-0.154506,-0.761954][0.685897,0.510053,0][-0.217276,-0.0932839,-0.19007][-0.639318,-0.154506,-0.761954][0.685897,0.510053,0][-0.161406,-0.221734,-0.149616][-0.755882,-0.375347,-0.545258][0.711202,0.514511,0][-0.22212,-0.219326,-0.051154][-0.740965,-0.622439,-0.271273][0.710261,0.499004,0][0.100182,-0.217132,-0.241176][0.585976,-0.326402,-0.751481][0.706048,0.555396,0][0.111944,-0.05756,-0.26628][0.508273,0.025034,-0.870377][0.675054,0.553748,0][0.213128,-0.06389,-0.202464][0.617565,-0.064154,-0.792642][0.674095,0.567491,0][0.213128,-0.06389,-0.202464][0.617565,-0.064154,-0.792642][0.674095,0.567491,0][0.181144,-0.203378,-0.154678][0.727309,-0.480182,-0.500941][0.701037,0.569606,0][0.100182,-0.217132,-0.241176][0.585976,-0.326402,-0.751481][0.706048,0.555396,0][-0.076976,-0.22336,-0.240622][-0.555162,-0.261197,-0.799365][0.705987,0.529616,0][-0.161406,-0.221734,-0.149616][-0.755882,-0.375347,-0.545258][0.711202,0.514511,0][-0.217276,-0.0932839,-0.19007][-0.639318,-0.154506,-0.761954][0.685897,0.510053,0][-0.217276,-0.0932839,-0.19007][-0.639318,-0.154506,-0.761954][0.685897,0.510053,0][-0.099774,-0.0648,-0.265524][-0.512856,-0.001194,-0.867985][0.678635,0.52678,0][-0.076976,-0.22336,-0.240622][-0.555162,-0.261197,-0.799365][0.705987,0.529616,0][0.06248,-0.217822,0.261296][0.182592,-0.21689,0.970132][0.734031,0.442703,0][0.090732,-0.0576401,0.275984][0.046025,0.025037,1.0097][0.757169,0.44693,0][-0.03996,-0.221422,0.261894][-0.140475,-0.200347,0.9808][0.732974,0.429905,0][0.090732,-0.0576401,0.275984][0.046025,0.025037,1.0097][0.757169,0.44693,0][0.005842,-0.059468,0.272294][-0.004803,0.066533,1.00888][0.758336,0.43566,0][-0.03996,-0.221422,0.261894][-0.140475,-0.200347,0.9808][0.732974,0.429905,0][0.005842,-0.059468,0.272294][-0.004803,0.066533,1.00888][0.758336,0.43566,0][-0.079122,-0.0634079,0.27657][-0.04216,0.025398,1.00986][0.752581,0.425296,0][-0.03996,-0.221422,0.261894][-0.140475,-0.200347,0.9808][0.732974,0.429905,0][0.0118,-0.220604,-0.291148][0.027206,-0.29505,-0.96668][0.70427,0.542741,0][0.006402,-0.0606401,-0.322074][-0.005076,0.07325,-1.00841][0.676362,0.54179,0][0.111944,-0.05756,-0.26628][0.508273,0.025034,-0.870377][0.675054,0.553748,0][0.111944,-0.05756,-0.26628][0.508273,0.025034,-0.870377][0.675054,0.553748,0][0.100182,-0.217132,-0.241176][0.585976,-0.326402,-0.751481][0.706048,0.555396,0][0.0118,-0.220604,-0.291148][0.027206,-0.29505,-0.96668][0.70427,0.542741,0][0.0118,-0.220604,-0.291148][0.027206,-0.29505,-0.96668][0.70427,0.542741,0][-0.076976,-0.22336,-0.240622][-0.555162,-0.261197,-0.799365][0.705987,0.529616,0][-0.099774,-0.0648,-0.265524][-0.512856,-0.001194,-0.867985][0.678635,0.52678,0][-0.099774,-0.0648,-0.265524][-0.512856,-0.001194,-0.867985][0.678635,0.52678,0][0.006402,-0.0606401,-0.322074][-0.005076,0.07325,-1.00841][0.676362,0.54179,0][0.0118,-0.220604,-0.291148][0.027206,-0.29505,-0.96668][0.70427,0.542741,0][0.070654,-0.424026,0.176736][0.75725,-0.277302,0.599317][0.701535,0.448392,0][0.18104,-0.203186,0.221722][0.560694,-0.394641,0.738347][0.73291,0.459828,0][0.06248,-0.217822,0.261296][0.182592,-0.21689,0.970132][0.734031,0.442703,0][0.06248,-0.217822,0.261296][0.182592,-0.21689,0.970132][0.734031,0.442703,0][0.017776,-0.433516,0.2051][0.259738,-0.126309,0.968174][0.702007,0.438485,0][0.070654,-0.424026,0.176736][0.75725,-0.277302,0.599317][0.701535,0.448392,0][-0.080212,-0.433954,0.176736][-0.932071,-0.066597,0.360184][0.697514,0.423871,0][-0.040316,-0.435558,0.205004][-0.300101,-0.054907,0.962912][0.699952,0.430128,0][-0.03996,-0.221422,0.261894][-0.140475,-0.200347,0.9808][0.732974,0.429905,0][-0.03996,-0.221422,0.261894][-0.140475,-0.200347,0.9808][0.732974,0.429905,0][-0.161498,-0.22157,0.223192][-0.507971,-0.421458,0.762148][0.727298,0.414523,0][-0.080212,-0.433954,0.176736][-0.932071,-0.066597,0.360184][0.697514,0.423871,0][0.086736,-0.415364,0.126398][0.843369,-0.477356,-0.259409][0.699932,0.456317,0][0.237766,-0.190088,0.14868][0.751185,-0.584695,0.32181][0.737265,0.47254,0][0.18104,-0.203186,0.221722][0.560694,-0.394641,0.738347][0.73291,0.459828,0][0.18104,-0.203186,0.221722][0.560694,-0.394641,0.738347][0.73291,0.459828,0][0.070654,-0.424026,0.176736][0.75725,-0.277302,0.599317][0.701535,0.448392,0][0.086736,-0.415364,0.126398][0.843369,-0.477356,-0.259409][0.699932,0.456317,0][-0.06609,-0.430268,0.122818][-0.853365,-0.30104,-0.432665][0.694512,0.416934,0][-0.080212,-0.433954,0.176736][-0.932071,-0.066597,0.360184][0.697514,0.423871,0][-0.161498,-0.22157,0.223192][-0.507971,-0.421458,0.762148][0.727298,0.414523,0][-0.161498,-0.22157,0.223192][-0.507971,-0.421458,0.762148][0.727298,0.414523,0][-0.22212,-0.219326,0.143224][-0.698577,-0.643789,0.330052][0.731742,0.400045,0][-0.06609,-0.430268,0.122818][-0.853365,-0.30104,-0.432665][0.694512,0.416934,0][0.082988,-0.356594,0.056788][0.756829,-0.656426,-0.076373][0.708438,0.470485,0][0.254978,-0.191898,0.04284][0.736694,-0.683718,0.000412][0.745553,0.490332,0][0.237766,-0.190088,0.14868][0.751185,-0.584695,0.32181][0.737265,0.47254,0][0.237766,-0.190088,0.14868][0.751185,-0.584695,0.32181][0.737265,0.47254,0][0.086736,-0.415364,0.126398][0.843369,-0.477356,-0.259409][0.699932,0.456317,0][0.082988,-0.356594,0.056788][0.756829,-0.656426,-0.076373][0.708438,0.470485,0][-0.081256,-0.370832,0.05791][-0.772948,-0.641333,-0.014591][0.706996,0.403393,0][-0.06609,-0.430268,0.122818][-0.853365,-0.30104,-0.432665][0.694512,0.416934,0][-0.22212,-0.219326,0.143224][-0.698577,-0.643789,0.330052][0.731742,0.400045,0][-0.22212,-0.219326,0.143224][-0.698577,-0.643789,0.330052][0.731742,0.400045,0][-0.240542,-0.220924,0.046154][-0.69809,-0.723918,0.005886][0.741291,0.383717,0][-0.081256,-0.370832,0.05791][-0.772948,-0.641333,-0.014591][0.706996,0.403393,0][0.082988,-0.356594,0.056788][0.756829,-0.656426,-0.076373][0.727337,0.590547,0][0.073172,-0.41596,-0.024782][0.812223,-0.394725,0.438255][0.735895,0.575726,0][0.237766,-0.190088,-0.062884][0.746828,-0.631143,-0.231861][0.695693,0.585562,0][0.237766,-0.190088,-0.062884][0.746828,-0.631143,-0.231861][0.695693,0.585562,0][0.254978,-0.191898,0.04284][0.736694,-0.683718,0.000412][0.69215,0.599661,0][0.082988,-0.356594,0.056788][0.756829,-0.656426,-0.076373][0.727337,0.590547,0][-0.081256,-0.370832,0.05791][-0.772948,-0.641333,-0.014591][0.728496,0.492134,0][-0.240542,-0.220924,0.046154][-0.69809,-0.723918,0.005886][0.702902,0.485095,0][-0.22212,-0.219326,-0.051154][-0.740965,-0.622439,-0.271273][0.710261,0.499004,0][-0.22212,-0.219326,-0.051154][-0.740965,-0.622439,-0.271273][0.710261,0.499004,0][-0.066074,-0.430298,-0.010094][-0.763056,-0.31607,0.571973][0.74074,0.504476,0][-0.081256,-0.370832,0.05791][-0.772948,-0.641333,-0.014591][0.728496,0.492134,0][0.073172,-0.41596,-0.024782][0.812223,-0.394725,0.438255][0.735895,0.575726,0][0.097184,-0.423426,-0.094606][0.955347,-0.274287,-0.118425][0.736264,0.564563,0][0.181144,-0.203378,-0.154678][0.727309,-0.480182,-0.500941][0.701037,0.569606,0][0.181144,-0.203378,-0.154678][0.727309,-0.480182,-0.500941][0.701037,0.569606,0][0.237766,-0.190088,-0.062884][0.746828,-0.631143,-0.231861][0.695693,0.585562,0][0.073172,-0.41596,-0.024782][0.812223,-0.394725,0.438255][0.735895,0.575726,0][-0.111186,-0.435366,-0.093506][-0.98945,-0.13154,0.064444][0.740227,0.518385,0][-0.066074,-0.430298,-0.010094][-0.763056,-0.31607,0.571973][0.74074,0.504476,0][-0.22212,-0.219326,-0.051154][-0.740965,-0.622439,-0.271273][0.710261,0.499004,0][-0.22212,-0.219326,-0.051154][-0.740965,-0.622439,-0.271273][0.710261,0.499004,0][-0.161406,-0.221734,-0.149616][-0.755882,-0.375347,-0.545258][0.711202,0.514511,0][-0.111186,-0.435366,-0.093506][-0.98945,-0.13154,0.064444][0.740227,0.518385,0][0.097184,-0.423426,-0.094606][0.955347,-0.274287,-0.118425][0.736264,0.564563,0][0.03823,-0.433592,-0.168766][0.606643,-0.302793,-0.744568][0.736097,0.549284,0][0.100182,-0.217132,-0.241176][0.585976,-0.326402,-0.751481][0.706048,0.555396,0][0.100182,-0.217132,-0.241176][0.585976,-0.326402,-0.751481][0.706048,0.555396,0][0.181144,-0.203378,-0.154678][0.727309,-0.480182,-0.500941][0.701037,0.569606,0][0.097184,-0.423426,-0.094606][0.955347,-0.274287,-0.118425][0.736264,0.564563,0][-0.090936,-0.43813,-0.168904][-0.733282,-0.133894,-0.674292][0.737972,0.530167,0][-0.111186,-0.435366,-0.093506][-0.98945,-0.13154,0.064444][0.740227,0.518385,0][-0.161406,-0.221734,-0.149616][-0.755882,-0.375347,-0.545258][0.711202,0.514511,0][-0.161406,-0.221734,-0.149616][-0.755882,-0.375347,-0.545258][0.711202,0.514511,0][-0.076976,-0.22336,-0.240622][-0.555162,-0.261197,-0.799365][0.705987,0.529616,0][-0.090936,-0.43813,-0.168904][-0.733282,-0.133894,-0.674292][0.737972,0.530167,0][-0.03996,-0.221422,0.261894][-0.140475,-0.200347,0.9808][0.732974,0.429905,0][-0.040316,-0.435558,0.205004][-0.300101,-0.054907,0.962912][0.699952,0.430128,0][0.017776,-0.433516,0.2051][0.259738,-0.126309,0.968174][0.702007,0.438485,0][0.017776,-0.433516,0.2051][0.259738,-0.126309,0.968174][0.702007,0.438485,0][0.06248,-0.217822,0.261296][0.182592,-0.21689,0.970132][0.734031,0.442703,0][-0.03996,-0.221422,0.261894][-0.140475,-0.200347,0.9808][0.732974,0.429905,0][0.03823,-0.433592,-0.168766][0.606643,-0.302793,-0.744568][0.736097,0.549284,0][-0.026242,-0.436066,-0.197574][-0.007682,-0.261007,-0.976778][0.736097,0.53968,0][0.0118,-0.220604,-0.291148][0.027206,-0.29505,-0.96668][0.70427,0.542741,0][0.0118,-0.220604,-0.291148][0.027206,-0.29505,-0.96668][0.70427,0.542741,0][0.100182,-0.217132,-0.241176][0.585976,-0.326402,-0.751481][0.706048,0.555396,0][0.03823,-0.433592,-0.168766][0.606643,-0.302793,-0.744568][0.736097,0.549284,0][-0.026242,-0.436066,-0.197574][-0.007682,-0.261007,-0.976778][0.736097,0.53968,0][-0.090936,-0.43813,-0.168904][-0.733282,-0.133894,-0.674292][0.737972,0.530167,0][-0.076976,-0.22336,-0.240622][-0.555162,-0.261197,-0.799365][0.705987,0.529616,0][-0.076976,-0.22336,-0.240622][-0.555162,-0.261197,-0.799365][0.705987,0.529616,0][0.0118,-0.220604,-0.291148][0.027206,-0.29505,-0.96668][0.70427,0.542741,0][-0.026242,-0.436066,-0.197574][-0.007682,-0.261007,-0.976778][0.736097,0.53968,0][-0.147764,-0.81978,0.01524][-0.677389,0.205047,0.714953][0.795599,0.511126,0][-0.066074,-0.430298,-0.010094][-0.763056,-0.31607,0.571973][0.74074,0.504476,0][-0.111186,-0.435366,-0.093506][-0.98945,-0.13154,0.064444][0.740227,0.518385,0][-0.111186,-0.435366,-0.093506][-0.98945,-0.13154,0.064444][0.740227,0.518385,0][-0.176848,-0.825712,-0.059152][-0.986243,0.165375,-0.024193][0.794851,0.521902,0][-0.147764,-0.81978,0.01524][-0.677389,0.205047,0.714953][0.795599,0.511126,0][-0.147876,-0.819578,0.152384][-0.685732,0.029117,-0.735342][0.650476,0.416814,0][-0.174554,-0.824944,0.208898][-0.920623,0.229028,0.321552][0.645917,0.424389,0][-0.080212,-0.433954,0.176736][-0.932071,-0.066597,0.360184][0.697514,0.423871,0][-0.080212,-0.433954,0.176736][-0.932071,-0.066597,0.360184][0.697514,0.423871,0][-0.06609,-0.430268,0.122818][-0.853365,-0.30104,-0.432665][0.694512,0.416934,0][-0.147876,-0.819578,0.152384][-0.685732,0.029117,-0.735342][0.650476,0.416814,0][-0.097628,-0.826532,0.243294][-0.206367,0.178906,0.973004][0.646394,0.435582,0][-0.040316,-0.435558,0.205004][-0.300101,-0.054907,0.962912][0.699952,0.430128,0][-0.080212,-0.433954,0.176736][-0.932071,-0.066597,0.360184][0.697514,0.423871,0][-0.080212,-0.433954,0.176736][-0.932071,-0.066597,0.360184][0.697514,0.423871,0][-0.174554,-0.824944,0.208898][-0.920623,0.229028,0.321552][0.645917,0.424389,0][-0.097628,-0.826532,0.243294][-0.206367,0.178906,0.973004][0.646394,0.435582,0][-0.040316,-0.435558,0.205004][-0.300101,-0.054907,0.962912][0.699952,0.430128,0][-0.097628,-0.826532,0.243294][-0.206367,0.178906,0.973004][0.646394,0.435582,0][-0.03159,-0.821758,0.242138][0.347934,0.114589,0.940954][0.647523,0.444747,0][-0.03159,-0.821758,0.242138][0.347934,0.114589,0.940954][0.647523,0.444747,0][0.017776,-0.433516,0.2051][0.259738,-0.126309,0.968174][0.702007,0.438485,0][-0.040316,-0.435558,0.205004][-0.300101,-0.054907,0.962912][0.699952,0.430128,0][0.005752,-0.812724,0.208548][0.873277,0.00287,0.492614][0.649938,0.451715,0][0.070654,-0.424026,0.176736][0.75725,-0.277302,0.599317][0.701535,0.448392,0][0.017776,-0.433516,0.2051][0.259738,-0.126309,0.968174][0.702007,0.438485,0][0.017776,-0.433516,0.2051][0.259738,-0.126309,0.968174][0.702007,0.438485,0][-0.03159,-0.821758,0.242138][0.347934,0.114589,0.940954][0.647523,0.444747,0][0.005752,-0.812724,0.208548][0.873277,0.00287,0.492614][0.649938,0.451715,0][0.014474,-0.804228,0.155008][0.835227,-0.167107,-0.530291][0.651989,0.458898,0][0.086736,-0.415364,0.126398][0.843369,-0.477356,-0.259409][0.699932,0.456317,0][0.070654,-0.424026,0.176736][0.75725,-0.277302,0.599317][0.701535,0.448392,0][0.070654,-0.424026,0.176736][0.75725,-0.277302,0.599317][0.701535,0.448392,0][0.005752,-0.812724,0.208548][0.873277,0.00287,0.492614][0.649938,0.451715,0][0.014474,-0.804228,0.155008][0.835227,-0.167107,-0.530291][0.651989,0.458898,0][0.04063,-0.812192,-0.056894][0.982903,-0.095164,-0.160001][0.790471,0.562648,0][0.097184,-0.423426,-0.094606][0.955347,-0.274287,-0.118425][0.736264,0.564563,0][0.073172,-0.41596,-0.024782][0.812223,-0.394725,0.438255][0.735895,0.575726,0][0.073172,-0.41596,-0.024782][0.812223,-0.394725,0.438255][0.735895,0.575726,0][0.013038,-0.804512,0.012536][0.664822,0.026733,0.754805][0.793149,0.573487,0][0.04063,-0.812192,-0.056894][0.982903,-0.095164,-0.160001][0.790471,0.562648,0][0.04063,-0.812192,-0.056894][0.982903,-0.095164,-0.160001][0.790471,0.562648,0][-0.019018,-0.822458,-0.125686][0.562634,-0.125354,-0.826412][0.790715,0.550512,0][0.03823,-0.433592,-0.168766][0.606643,-0.302793,-0.744568][0.736097,0.549284,0][0.03823,-0.433592,-0.168766][0.606643,-0.302793,-0.744568][0.736097,0.549284,0][0.097184,-0.423426,-0.094606][0.955347,-0.274287,-0.118425][0.736264,0.564563,0][0.04063,-0.812192,-0.056894][0.982903,-0.095164,-0.160001][0.790471,0.562648,0][-0.019018,-0.822458,-0.125686][0.562634,-0.125354,-0.826412][0.790715,0.550512,0][-0.08423,-0.825698,-0.14869][0.01256,-0.077946,-1.00799][0.791505,0.541181,0][-0.026242,-0.436066,-0.197574][-0.007682,-0.261007,-0.976778][0.736097,0.53968,0][-0.026242,-0.436066,-0.197574][-0.007682,-0.261007,-0.976778][0.736097,0.53968,0][0.03823,-0.433592,-0.168766][0.606643,-0.302793,-0.744568][0.736097,0.549284,0][-0.019018,-0.822458,-0.125686][0.562634,-0.125354,-0.826412][0.790715,0.550512,0][-0.08423,-0.825698,-0.14869][0.01256,-0.077946,-1.00799][0.791505,0.541181,0][-0.149594,-0.829502,-0.128098][-0.686187,0.047503,-0.733949][0.79301,0.532136,0][-0.090936,-0.43813,-0.168904][-0.733282,-0.133894,-0.674292][0.737972,0.530167,0][-0.090936,-0.43813,-0.168904][-0.733282,-0.133894,-0.674292][0.737972,0.530167,0][-0.026242,-0.436066,-0.197574][-0.007682,-0.261007,-0.976778][0.736097,0.53968,0][-0.08423,-0.825698,-0.14869][0.01256,-0.077946,-1.00799][0.791505,0.541181,0][-0.149594,-0.829502,-0.128098][-0.686187,0.047503,-0.733949][0.79301,0.532136,0][-0.176848,-0.825712,-0.059152][-0.986243,0.165375,-0.024193][0.794851,0.521902,0][-0.111186,-0.435366,-0.093506][-0.98945,-0.13154,0.064444][0.740227,0.518385,0][-0.111186,-0.435366,-0.093506][-0.98945,-0.13154,0.064444][0.740227,0.518385,0][-0.090936,-0.43813,-0.168904][-0.733282,-0.133894,-0.674292][0.737972,0.530167,0][-0.149594,-0.829502,-0.128098][-0.686187,0.047503,-0.733949][0.79301,0.532136,0][-0.274514,-1.51947,-0.092318][-0.709492,0.318798,-0.637223][0.894845,0.523268,0][-0.335926,-1.60405,0.004196][-0.912821,0.363746,-0.195351][0.906505,0.507602,0][-0.25896,-1.33622,-0.002206][-0.969302,0.222592,-0.110692][0.869283,0.513347,0][-0.25896,-1.33622,-0.002206][-0.969302,0.222592,-0.110692][0.869283,0.513347,0][-0.213928,-1.34185,-0.098724][-0.663784,0.120927,-0.746479][0.869776,0.527898,0][-0.274514,-1.51947,-0.092318][-0.709492,0.318798,-0.637223][0.894845,0.523268,0][-0.335926,-1.60405,0.004196][-0.912821,0.363746,-0.195351][0.906505,0.507602,0][-0.353078,-1.60945,0.106834][-0.907311,0.39594,-0.154781][0.910905,0.493572,0][-0.237826,-1.32872,0.0945][-0.786108,0.458963,0.424146][0.866389,0.499522,0][-0.237826,-1.32872,0.0945][-0.786108,0.458963,0.424146][0.866389,0.499522,0][-0.25896,-1.33622,-0.002206][-0.969302,0.222592,-0.110692][0.869283,0.513347,0][-0.335926,-1.60405,0.004196][-0.912821,0.363746,-0.195351][0.906505,0.507602,0][-0.353078,-1.60945,0.106834][-0.907311,0.39594,-0.154781][0.910905,0.493572,0][-0.382324,-1.62621,0.206874][-0.903149,0.429264,0.0645][0.917756,0.477832,0][-0.251234,-1.37695,0.169862][-0.793236,0.615606,0.008212][0.877004,0.488682,0][-0.251234,-1.37695,0.169862][-0.793236,0.615606,0.008212][0.877004,0.488682,0][-0.237826,-1.32872,0.0945][-0.786108,0.458963,0.424146][0.866389,0.499522,0][-0.353078,-1.60945,0.106834][-0.907311,0.39594,-0.154781][0.910905,0.493572,0][-0.342912,-1.60293,0.294944][-0.852807,0.329968,0.412212][0.526061,0.405394,0][-0.237852,-1.32868,0.241112][-0.803896,0.368324,-0.475364][0.565443,0.410622,0][-0.251234,-1.37695,0.169862][-0.793236,0.615606,0.008212][0.556625,0.399611,0][-0.251234,-1.37695,0.169862][-0.793236,0.615606,0.008212][0.556625,0.399611,0][-0.382324,-1.62621,0.206874][-0.903149,0.429264,0.0645][0.5189,0.392131,0][-0.342912,-1.60293,0.294944][-0.852807,0.329968,0.412212][0.526061,0.405394,0][-0.342912,-1.60293,0.294944][-0.852807,0.329968,0.412212][0.526061,0.405394,0][-0.290274,-1.5949,0.368274][-0.594753,0.225548,0.780895][0.527854,0.417646,0][-0.256316,-1.33573,0.303722][-0.840219,0.304819,0.455707][0.563643,0.419382,0][-0.256316,-1.33573,0.303722][-0.840219,0.304819,0.455707][0.563643,0.419382,0][-0.237852,-1.32868,0.241112][-0.803896,0.368324,-0.475364][0.565443,0.410622,0][-0.342912,-1.60293,0.294944][-0.852807,0.329968,0.412212][0.526061,0.405394,0][-0.177452,-1.59208,0.407854][-0.164351,0.22311,0.972054][0.528108,0.433965,0][-0.153044,-1.33905,0.34574][-0.173525,0.237587,0.96698][0.565497,0.434343,0][-0.256316,-1.33573,0.303722][-0.840219,0.304819,0.455707][0.563643,0.419382,0][-0.256316,-1.33573,0.303722][-0.840219,0.304819,0.455707][0.563643,0.419382,0][-0.290274,-1.5949,0.368274][-0.594753,0.225548,0.780895][0.527854,0.417646,0][-0.177452,-1.59208,0.407854][-0.164351,0.22311,0.972054][0.528108,0.433965,0][-0.153044,-1.33905,0.34574][-0.173525,0.237587,0.96698][0.565497,0.434343,0][-0.177452,-1.59208,0.407854][-0.164351,0.22311,0.972054][0.528108,0.433965,0][-0.072392,-1.5892,0.40642][0.207172,0.19405,0.969922][0.530216,0.448095,0][-0.072392,-1.5892,0.40642][0.207172,0.19405,0.969922][0.530216,0.448095,0][-0.057816,-1.3304,0.34135][0.289382,0.212606,0.944178][0.56782,0.448135,0][-0.153044,-1.33905,0.34574][-0.173525,0.237587,0.96698][0.565497,0.434343,0][0.017804,-1.58962,0.366704][0.58399,0.169884,0.80298][0.532094,0.46237,0][0.00174,-1.31987,0.298908][0.768034,0.180523,0.621831][0.570234,0.458518,0][-0.057816,-1.3304,0.34135][0.289382,0.212606,0.944178][0.56782,0.448135,0][-0.057816,-1.3304,0.34135][0.289382,0.212606,0.944178][0.56782,0.448135,0][-0.072392,-1.5892,0.40642][0.207172,0.19405,0.969922][0.530216,0.448095,0][0.017804,-1.58962,0.366704][0.58399,0.169884,0.80298][0.532094,0.46237,0][0.072612,-1.59671,0.30759][0.832252,0.215345,0.517524][0.531173,0.473204,0][0.021428,-1.31,0.239386][0.916501,0.315579,-0.252986][0.57262,0.467374,0][0.00174,-1.31987,0.298908][0.768034,0.180523,0.621831][0.570234,0.458518,0][0.00174,-1.31987,0.298908][0.768034,0.180523,0.621831][0.570234,0.458518,0][0.017804,-1.58962,0.366704][0.58399,0.169884,0.80298][0.532094,0.46237,0][0.072612,-1.59671,0.30759][0.832252,0.215345,0.517524][0.531173,0.473204,0][0.072612,-1.59671,0.30759][0.832252,0.215345,0.517524][0.531173,0.473204,0][0.122414,-1.62024,0.209272][0.94019,0.289383,0.186778][0.525938,0.488469,0][0.02436,-1.35901,0.169862][0.809031,0.593238,0.03513][0.56473,0.478037,0][0.02436,-1.35901,0.169862][0.809031,0.593238,0.03513][0.56473,0.478037,0][0.021428,-1.31,0.239386][0.916501,0.315579,-0.252986][0.57262,0.467374,0][0.072612,-1.59671,0.30759][0.832252,0.215345,0.517524][0.531173,0.473204,0][0.111686,-1.60326,0.126068][0.950544,0.283031,-0.136047][0.905563,0.596614,0][0.019788,-1.31014,0.091378][0.800063,0.374075,0.477479][0.863064,0.586582,0][0.02436,-1.35901,0.169862][0.809031,0.593238,0.03513][0.873827,0.598927,0][0.02436,-1.35901,0.169862][0.809031,0.593238,0.03513][0.873827,0.598927,0][0.122414,-1.62024,0.209272][0.94019,0.289383,0.186778][0.911008,0.608168,0][0.111686,-1.60326,0.126068][0.950544,0.283031,-0.136047][0.905563,0.596614,0][0.079094,-1.59841,0.001286][0.899419,0.205915,-0.391026][0.902271,0.579542,0][0.039664,-1.31929,-0.011122][0.959281,0.064168,-0.278279][0.863602,0.57279,0][0.019788,-1.31014,0.091378][0.800063,0.374075,0.477479][0.863064,0.586582,0][0.019788,-1.31014,0.091378][0.800063,0.374075,0.477479][0.863064,0.586582,0][0.111686,-1.60326,0.126068][0.950544,0.283031,-0.136047][0.905563,0.596614,0][0.079094,-1.59841,0.001286][0.899419,0.205915,-0.391026][0.902271,0.579542,0][0.002312,-1.56486,-0.090726][0.61677,0.222949,-0.763998][0.898764,0.563967,0][-0.039928,-1.33084,-0.093846][0.565131,0.008431,-0.834099][0.865971,0.556882,0][0.039664,-1.31929,-0.011122][0.959281,0.064168,-0.278279][0.863602,0.57279,0][0.039664,-1.31929,-0.011122][0.959281,0.064168,-0.278279][0.863602,0.57279,0][0.079094,-1.59841,0.001286][0.899419,0.205915,-0.391026][0.902271,0.579542,0][0.002312,-1.56486,-0.090726][0.61677,0.222949,-0.763998][0.898764,0.563967,0][-0.126824,-1.33552,-0.133284][0.019338,0.010421,-1.01084][0.867489,0.54195,0][-0.09805,-1.56084,-0.1314][0.281873,0.262535,-0.933881][0.898605,0.549026,0][-0.167704,-1.51179,-0.1314][-0.13959,0.202958,-0.980392][0.892556,0.538199,0][-0.167704,-1.51179,-0.1314][-0.13959,0.202958,-0.980392][0.892556,0.538199,0][-0.274514,-1.51947,-0.092318][-0.709492,0.318798,-0.637223][0.894845,0.523268,0][-0.213928,-1.34185,-0.098724][-0.663784,0.120927,-0.746479][0.869776,0.527898,0][-0.213928,-1.34185,-0.098724][-0.663784,0.120927,-0.746479][0.869776,0.527898,0][-0.126824,-1.33552,-0.133284][0.019338,0.010421,-1.01084][0.867489,0.54195,0][-0.167704,-1.51179,-0.1314][-0.13959,0.202958,-0.980392][0.892556,0.538199,0][-0.213928,-1.34185,-0.098724][-0.663784,0.120927,-0.746479][0.869776,0.527898,0][-0.25896,-1.33622,-0.002206][-0.969302,0.222592,-0.110692][0.869283,0.513347,0][-0.176848,-0.825712,-0.059152][-0.986243,0.165375,-0.024193][0.794851,0.521902,0][-0.176848,-0.825712,-0.059152][-0.986243,0.165375,-0.024193][0.794851,0.521902,0][-0.149594,-0.829502,-0.128098][-0.686187,0.047503,-0.733949][0.79301,0.532136,0][-0.213928,-1.34185,-0.098724][-0.663784,0.120927,-0.746479][0.869776,0.527898,0][-0.237826,-1.32872,0.0945][-0.786108,0.458963,0.424146][0.866389,0.499522,0][-0.147764,-0.81978,0.01524][-0.677389,0.205047,0.714953][0.795599,0.511126,0][-0.176848,-0.825712,-0.059152][-0.986243,0.165375,-0.024193][0.794851,0.521902,0][-0.176848,-0.825712,-0.059152][-0.986243,0.165375,-0.024193][0.794851,0.521902,0][-0.25896,-1.33622,-0.002206][-0.969302,0.222592,-0.110692][0.869283,0.513347,0][-0.237826,-1.32872,0.0945][-0.786108,0.458963,0.424146][0.866389,0.499522,0][-0.237852,-1.32868,0.241112][-0.803896,0.368324,-0.475364][0.565443,0.410622,0][-0.256316,-1.33573,0.303722][-0.840219,0.304819,0.455707][0.563643,0.419382,0][-0.174554,-0.824944,0.208898][-0.920623,0.229028,0.321552][0.645917,0.424389,0][-0.174554,-0.824944,0.208898][-0.920623,0.229028,0.321552][0.645917,0.424389,0][-0.147876,-0.819578,0.152384][-0.685732,0.029117,-0.735342][0.650476,0.416814,0][-0.237852,-1.32868,0.241112][-0.803896,0.368324,-0.475364][0.565443,0.410622,0][-0.153044,-1.33905,0.34574][-0.173525,0.237587,0.96698][0.565497,0.434343,0][-0.097628,-0.826532,0.243294][-0.206367,0.178906,0.973004][0.646394,0.435582,0][-0.174554,-0.824944,0.208898][-0.920623,0.229028,0.321552][0.645917,0.424389,0][-0.174554,-0.824944,0.208898][-0.920623,0.229028,0.321552][0.645917,0.424389,0][-0.256316,-1.33573,0.303722][-0.840219,0.304819,0.455707][0.563643,0.419382,0][-0.153044,-1.33905,0.34574][-0.173525,0.237587,0.96698][0.565497,0.434343,0][-0.097628,-0.826532,0.243294][-0.206367,0.178906,0.973004][0.646394,0.435582,0][-0.153044,-1.33905,0.34574][-0.173525,0.237587,0.96698][0.565497,0.434343,0][-0.057816,-1.3304,0.34135][0.289382,0.212606,0.944178][0.56782,0.448135,0][-0.057816,-1.3304,0.34135][0.289382,0.212606,0.944178][0.56782,0.448135,0][-0.03159,-0.821758,0.242138][0.347934,0.114589,0.940954][0.647523,0.444747,0][-0.097628,-0.826532,0.243294][-0.206367,0.178906,0.973004][0.646394,0.435582,0][0.00174,-1.31987,0.298908][0.768034,0.180523,0.621831][0.570234,0.458518,0][0.005752,-0.812724,0.208548][0.873277,0.00287,0.492614][0.649938,0.451715,0][-0.03159,-0.821758,0.242138][0.347934,0.114589,0.940954][0.647523,0.444747,0][-0.03159,-0.821758,0.242138][0.347934,0.114589,0.940954][0.647523,0.444747,0][-0.057816,-1.3304,0.34135][0.289382,0.212606,0.944178][0.56782,0.448135,0][0.00174,-1.31987,0.298908][0.768034,0.180523,0.621831][0.570234,0.458518,0][0.021428,-1.31,0.239386][0.916501,0.315579,-0.252986][0.57262,0.467374,0][0.014474,-0.804228,0.155008][0.835227,-0.167107,-0.530291][0.651989,0.458898,0][0.005752,-0.812724,0.208548][0.873277,0.00287,0.492614][0.649938,0.451715,0][0.005752,-0.812724,0.208548][0.873277,0.00287,0.492614][0.649938,0.451715,0][0.00174,-1.31987,0.298908][0.768034,0.180523,0.621831][0.570234,0.458518,0][0.021428,-1.31,0.239386][0.916501,0.315579,-0.252986][0.57262,0.467374,0][0.039664,-1.31929,-0.011122][0.959281,0.064168,-0.278279][0.863602,0.57279,0][0.04063,-0.812192,-0.056894][0.982903,-0.095164,-0.160001][0.790471,0.562648,0][0.013038,-0.804512,0.012536][0.664822,0.026733,0.754805][0.793149,0.573487,0][0.013038,-0.804512,0.012536][0.664822,0.026733,0.754805][0.793149,0.573487,0][0.019788,-1.31014,0.091378][0.800063,0.374075,0.477479][0.863064,0.586582,0][0.039664,-1.31929,-0.011122][0.959281,0.064168,-0.278279][0.863602,0.57279,0][0.039664,-1.31929,-0.011122][0.959281,0.064168,-0.278279][0.863602,0.57279,0][-0.039928,-1.33084,-0.093846][0.565131,0.008431,-0.834099][0.865971,0.556882,0][-0.019018,-0.822458,-0.125686][0.562634,-0.125354,-0.826412][0.790715,0.550512,0][-0.019018,-0.822458,-0.125686][0.562634,-0.125354,-0.826412][0.790715,0.550512,0][0.04063,-0.812192,-0.056894][0.982903,-0.095164,-0.160001][0.790471,0.562648,0][0.039664,-1.31929,-0.011122][0.959281,0.064168,-0.278279][0.863602,0.57279,0][-0.039928,-1.33084,-0.093846][0.565131,0.008431,-0.834099][0.865971,0.556882,0][-0.126824,-1.33552,-0.133284][0.019338,0.010421,-1.01084][0.867489,0.54195,0][-0.08423,-0.825698,-0.14869][0.01256,-0.077946,-1.00799][0.791505,0.541181,0][-0.08423,-0.825698,-0.14869][0.01256,-0.077946,-1.00799][0.791505,0.541181,0][-0.019018,-0.822458,-0.125686][0.562634,-0.125354,-0.826412][0.790715,0.550512,0][-0.039928,-1.33084,-0.093846][0.565131,0.008431,-0.834099][0.865971,0.556882,0][-0.126824,-1.33552,-0.133284][0.019338,0.010421,-1.01084][0.867489,0.54195,0][-0.213928,-1.34185,-0.098724][-0.663784,0.120927,-0.746479][0.869776,0.527898,0][-0.149594,-0.829502,-0.128098][-0.686187,0.047503,-0.733949][0.79301,0.532136,0][-0.149594,-0.829502,-0.128098][-0.686187,0.047503,-0.733949][0.79301,0.532136,0][-0.08423,-0.825698,-0.14869][0.01256,-0.077946,-1.00799][0.791505,0.541181,0][-0.126824,-1.33552,-0.133284][0.019338,0.010421,-1.01084][0.867489,0.54195,0][-0.11341,-1.32328,0.169068][-0.076959,1.00701,-0.046503][0.859975,0.610667,0][0.02436,-1.35901,0.169862][0.809031,0.593238,0.03513][0.873827,0.598927,0][0.019788,-1.31014,0.091378][0.800063,0.374075,0.477479][0.863064,0.586582,0][0.019788,-1.31014,0.091378][0.800063,0.374075,0.477479][0.863064,0.586582,0][-0.116556,-1.28135,0.119774][-0.053494,0.473683,0.891617][0.853036,0.604942,0][-0.11341,-1.32328,0.169068][-0.076959,1.00701,-0.046503][0.859975,0.610667,0][-0.11341,-1.32328,0.169068][-0.076959,1.00701,-0.046503][0.577022,0.489922,0][-0.116708,-1.27867,0.211586][-0.048003,0.230954,-0.983151][0.583133,0.485489,0][0.021428,-1.31,0.239386][0.916501,0.315579,-0.252986][0.57262,0.467374,0][0.021428,-1.31,0.239386][0.916501,0.315579,-0.252986][0.57262,0.467374,0][0.02436,-1.35901,0.169862][0.809031,0.593238,0.03513][0.56473,0.478037,0][-0.11341,-1.32328,0.169068][-0.076959,1.00701,-0.046503][0.577022,0.489922,0][-0.116556,-1.28135,0.119774][-0.053494,0.473683,0.891617][0.853036,0.604942,0][0.019788,-1.31014,0.091378][0.800063,0.374075,0.477479][0.863064,0.586582,0][0.013038,-0.804512,0.012536][0.664822,0.026733,0.754805][0.793149,0.573487,0][0.013038,-0.804512,0.012536][0.664822,0.026733,0.754805][0.793149,0.573487,0][-0.073632,-0.81122,0.037192][-0.024149,0.131386,1.00221][0.796565,0.586284,0][-0.116556,-1.28135,0.119774][-0.053494,0.473683,0.891617][0.853036,0.604942,0][-0.116708,-1.27867,0.211586][-0.048003,0.230954,-0.983151][0.583133,0.485489,0][-0.073854,-0.798758,0.120078][-0.036438,-0.121242,-1.00311][0.65344,0.473201,0][0.014474,-0.804228,0.155008][0.835227,-0.167107,-0.530291][0.651989,0.458898,0][0.014474,-0.804228,0.155008][0.835227,-0.167107,-0.530291][0.651989,0.458898,0][0.021428,-1.31,0.239386][0.916501,0.315579,-0.252986][0.57262,0.467374,0][-0.116708,-1.27867,0.211586][-0.048003,0.230954,-0.983151][0.583133,0.485489,0][0.013038,-0.804512,0.012536][0.664822,0.026733,0.754805][0.793149,0.573487,0][0.073172,-0.41596,-0.024782][0.812223,-0.394725,0.438255][0.735895,0.575726,0][-0.012976,-0.469888,0.01121][0.03872,-0.291955,0.967218][0.743652,0.585377,0][-0.012976,-0.469888,0.01121][0.03872,-0.291955,0.967218][0.743652,0.585377,0][-0.073632,-0.81122,0.037192][-0.024149,0.131386,1.00221][0.796565,0.586284,0][0.013038,-0.804512,0.012536][0.664822,0.026733,0.754805][0.793149,0.573487,0][-0.013112,-0.474222,0.087144][-0.065219,-0.284999,-0.967837][0.688472,0.470302,0][0.086736,-0.415364,0.126398][0.843369,-0.477356,-0.259409][0.699932,0.456317,0][0.014474,-0.804228,0.155008][0.835227,-0.167107,-0.530291][0.651989,0.458898,0][0.014474,-0.804228,0.155008][0.835227,-0.167107,-0.530291][0.651989,0.458898,0][-0.073854,-0.798758,0.120078][-0.036438,-0.121242,-1.00311][0.65344,0.473201,0][-0.013112,-0.474222,0.087144][-0.065219,-0.284999,-0.967837][0.688472,0.470302,0][0.086736,-0.415364,0.126398][0.843369,-0.477356,-0.259409][0.699932,0.456317,0][-0.013112,-0.474222,0.087144][-0.065219,-0.284999,-0.967837][0.688472,0.470302,0][-0.014272,-0.436564,0.059028][-0.104187,-0.993985,-0.152242][0.69445,0.474649,0][-0.014272,-0.436564,0.059028][-0.104187,-0.993985,-0.152242][0.69445,0.474649,0][0.082988,-0.356594,0.056788][0.756829,-0.656426,-0.076373][0.708438,0.470485,0][0.086736,-0.415364,0.126398][0.843369,-0.477356,-0.259409][0.699932,0.456317,0][0.073172,-0.41596,-0.024782][0.812223,-0.394725,0.438255][0.735895,0.575726,0][0.082988,-0.356594,0.056788][0.756829,-0.656426,-0.076373][0.727337,0.590547,0][-0.014272,-0.436564,0.059028][-0.104187,-0.993985,-0.152242][0.739537,0.59371,0][-0.014272,-0.436564,0.059028][-0.104187,-0.993985,-0.152242][0.739537,0.59371,0][-0.012976,-0.469888,0.01121][0.03872,-0.291955,0.967218][0.743652,0.585377,0][0.073172,-0.41596,-0.024782][0.812223,-0.394725,0.438255][0.735895,0.575726,0][-0.012976,-0.469888,0.01121][0.03872,-0.291955,0.967218][0.744809,0.496568,0][-0.066074,-0.430298,-0.010094][-0.763056,-0.31607,0.571973][0.74074,0.504476,0][-0.147764,-0.81978,0.01524][-0.677389,0.205047,0.714953][0.795599,0.511126,0][-0.147764,-0.81978,0.01524][-0.677389,0.205047,0.714953][0.795599,0.511126,0][-0.073632,-0.81122,0.037192][-0.024149,0.131386,1.00221][0.793583,0.499928,0][-0.012976,-0.469888,0.01121][0.03872,-0.291955,0.967218][0.744809,0.496568,0][-0.147764,-0.81978,0.01524][-0.677389,0.205047,0.714953][0.795599,0.511126,0][-0.237826,-1.32872,0.0945][-0.786108,0.458963,0.424146][0.866389,0.499522,0][-0.116556,-1.28135,0.119774][-0.053494,0.473683,0.891617][0.855268,0.48547,0][-0.116556,-1.28135,0.119774][-0.053494,0.473683,0.891617][0.855268,0.48547,0][-0.073632,-0.81122,0.037192][-0.024149,0.131386,1.00221][0.793583,0.499928,0][-0.147764,-0.81978,0.01524][-0.677389,0.205047,0.714953][0.795599,0.511126,0][-0.237826,-1.32872,0.0945][-0.786108,0.458963,0.424146][0.866389,0.499522,0][-0.251234,-1.37695,0.169862][-0.793236,0.615606,0.008212][0.877004,0.488682,0][-0.11341,-1.32328,0.169068][-0.076959,1.00701,-0.046503][0.863589,0.478763,0][-0.11341,-1.32328,0.169068][-0.076959,1.00701,-0.046503][0.863589,0.478763,0][-0.116556,-1.28135,0.119774][-0.053494,0.473683,0.891617][0.855268,0.48547,0][-0.237826,-1.32872,0.0945][-0.786108,0.458963,0.424146][0.866389,0.499522,0][-0.237852,-1.32868,0.241112][-0.803896,0.368324,-0.475364][0.565443,0.410622,0][-0.116708,-1.27867,0.211586][-0.048003,0.230954,-0.983151][0.579059,0.395764,0][-0.11341,-1.32328,0.169068][-0.076959,1.00701,-0.046503][0.573381,0.390043,0][-0.11341,-1.32328,0.169068][-0.076959,1.00701,-0.046503][0.573381,0.390043,0][-0.251234,-1.37695,0.169862][-0.793236,0.615606,0.008212][0.556625,0.399611,0][-0.237852,-1.32868,0.241112][-0.803896,0.368324,-0.475364][0.565443,0.410622,0][-0.147876,-0.819578,0.152384][-0.685732,0.029117,-0.735342][0.650476,0.416814,0][-0.073854,-0.798758,0.120078][-0.036438,-0.121242,-1.00311][0.658074,0.405697,0][-0.116708,-1.27867,0.211586][-0.048003,0.230954,-0.983151][0.579059,0.395764,0][-0.116708,-1.27867,0.211586][-0.048003,0.230954,-0.983151][0.579059,0.395764,0][-0.237852,-1.32868,0.241112][-0.803896,0.368324,-0.475364][0.565443,0.410622,0][-0.147876,-0.819578,0.152384][-0.685732,0.029117,-0.735342][0.650476,0.416814,0][-0.06609,-0.430268,0.122818][-0.853365,-0.30104,-0.432665][0.694512,0.416934,0][-0.013112,-0.474222,0.087144][-0.065219,-0.284999,-0.967837][0.691173,0.40626,0][-0.073854,-0.798758,0.120078][-0.036438,-0.121242,-1.00311][0.658074,0.405697,0][-0.073854,-0.798758,0.120078][-0.036438,-0.121242,-1.00311][0.658074,0.405697,0][-0.147876,-0.819578,0.152384][-0.685732,0.029117,-0.735342][0.650476,0.416814,0][-0.06609,-0.430268,0.122818][-0.853365,-0.30104,-0.432665][0.694512,0.416934,0][-0.014272,-0.436564,0.059028][-0.104187,-0.993985,-0.152242][0.697345,0.402935,0][-0.013112,-0.474222,0.087144][-0.065219,-0.284999,-0.967837][0.691173,0.40626,0][-0.06609,-0.430268,0.122818][-0.853365,-0.30104,-0.432665][0.694512,0.416934,0][-0.06609,-0.430268,0.122818][-0.853365,-0.30104,-0.432665][0.694512,0.416934,0][-0.081256,-0.370832,0.05791][-0.772948,-0.641333,-0.014591][0.706996,0.403393,0][-0.014272,-0.436564,0.059028][-0.104187,-0.993985,-0.152242][0.697345,0.402935,0][-0.014272,-0.436564,0.059028][-0.104187,-0.993985,-0.152242][0.73913,0.489945,0][-0.081256,-0.370832,0.05791][-0.772948,-0.641333,-0.014591][0.728496,0.492134,0][-0.066074,-0.430298,-0.010094][-0.763056,-0.31607,0.571973][0.74074,0.504476,0][-0.066074,-0.430298,-0.010094][-0.763056,-0.31607,0.571973][0.74074,0.504476,0][-0.012976,-0.469888,0.01121][0.03872,-0.291955,0.967218][0.744809,0.496568,0][-0.014272,-0.436564,0.059028][-0.104187,-0.993985,-0.152242][0.73913,0.489945,0][0.28575,-1.94237,-0.697884][0.972272,0.174181,-0.159898][0.542263,0.84328,0][0.293816,-1.98803,-0.69444][0.77709,-0.616906,-0.156156][0.540883,0.838026,0][0.167902,-1.98803,-1.00531][0.587863,-0.694025,-0.432815][0.495555,0.851716,0][0.167902,-1.98803,-1.00531][0.587863,-0.694025,-0.432815][0.495555,0.851716,0][0.172058,-1.89632,-1.01556][0.771548,0.198496,-0.611826][0.499352,0.858143,0][0.28575,-1.94237,-0.697884][0.972272,0.174181,-0.159898][0.542263,0.84328,0][0.167942,-1.83329,0.370976][0.791856,0.345086,0.512045][0.697742,0.850356,0][0.0477,-1.82945,0.487084][0.522099,0.32101,0.800358][0.720079,0.853517,0][0.064028,-1.93072,0.46868][0.464129,-0.5103,0.735975][0.719528,0.83872,0][0.064028,-1.93072,0.46868][0.464129,-0.5103,0.735975][0.719528,0.83872,0][0.17048,-1.92964,0.367832][0.759007,-0.472198,0.458676][0.69805,0.836585,0][0.167942,-1.83329,0.370976][0.791856,0.345086,0.512045][0.697742,0.850356,0][0.064028,-1.93072,0.46868][0.464129,-0.5103,0.735975][0.752889,0.927741,0][0.06048,-1.98803,0.358678][0.257836,-0.941885,0.259179][0.743851,0.927601,0][0.17048,-1.92964,0.367832][0.759007,-0.472198,0.458676][0.745403,0.935567,0][0.21563,-1.93213,0.22056][0.864771,-0.506299,0.038093][0.675551,0.838245,0][0.181914,-1.92978,0.07125][0.766516,-0.544346,-0.354019][0.653252,0.84258,0][0.187048,-1.83546,0.074846][0.924605,0.225067,-0.312543][0.656923,0.855387,0][0.187048,-1.83546,0.074846][0.924605,0.225067,-0.312543][0.656923,0.855387,0][0.217052,-1.83556,0.221256][0.960652,0.273402,0.064172][0.676704,0.851563,0][0.21563,-1.93213,0.22056][0.864771,-0.506299,0.038093][0.675551,0.838245,0][-0.483148,-1.83546,0.066126][-0.892743,0.317062,-0.327117][0.65715,0.979576,0][-0.48016,-1.92978,0.054894][-0.758803,-0.51553,-0.409754][0.654842,0.992303,0][-0.50447,-1.93213,0.212448][-0.861719,-0.507178,0.077123][0.677937,0.994064,0][-0.50447,-1.93213,0.212448][-0.861719,-0.507178,0.077123][0.677937,0.994064,0][-0.504824,-1.83556,0.21693][-0.94639,0.307405,0.110331][0.678601,0.980474,0][-0.483148,-1.83546,0.066126][-0.892743,0.317062,-0.327117][0.65715,0.979576,0][0.301008,-1.98803,-0.464252][0.759423,-0.594888,0.280742][0.686977,0.947159,0][0.146372,-1.92824,-0.24658][0.646862,-0.662942,0.393744][0.701424,0.935434,0][0.044082,-1.94417,-0.351262][-0.050261,-0.995475,0.169494][0.6941,0.92877,0][0.044082,-1.94417,-0.351262][-0.050261,-0.995475,0.169494][0.6941,0.92877,0][0.123548,-1.98803,-0.54151][-0.030602,-1.00617,0.094541][0.681322,0.935108,0][0.301008,-1.98803,-0.464252][0.759423,-0.594888,0.280742][0.686977,0.947159,0][0.285948,-1.92577,-0.463004][0.889344,0.400852,0.230312][0.578844,0.844962,0][0.130356,-1.85416,-0.24463][0.910285,0.356812,0.218825][0.61166,0.861743,0][0.146372,-1.92824,-0.24658][0.646862,-0.662942,0.393744][0.609188,0.850584,0][0.146372,-1.92824,-0.24658][0.646862,-0.662942,0.393744][0.609188,0.850584,0][0.301008,-1.98803,-0.464252][0.759423,-0.594888,0.280742][0.575278,0.836585,0][0.285948,-1.92577,-0.463004][0.889344,0.400852,0.230312][0.578844,0.844962,0][0.029672,-1.73313,-0.337374][0.405398,0.908232,-0.171425][0.603346,0.888123,0][0.101456,-1.79359,-0.270682][0.762422,0.651525,0.059644][0.610388,0.872232,0][0.248426,-1.8767,-0.464422][0.672124,0.743432,0.088169][0.581355,0.853414,0][0.248426,-1.8767,-0.464422][0.672124,0.743432,0.088169][0.581355,0.853414,0][0.113462,-1.83118,-0.58783][0.274681,0.969333,-0.074458][0.570662,0.876266,0][0.029672,-1.73313,-0.337374][0.405398,0.908232,-0.171425][0.603346,0.888123,0][-0.55664,-1.98491,-0.54678][-0.472702,-0.820181,0.348079][0.557249,0.993582,0][-0.385296,-1.92824,-0.3499][-0.407497,-0.868793,0.312613][0.597425,0.984641,0][-0.432268,-1.85146,-0.331722][-0.949097,0.04494,0.315286][0.599203,0.971128,0][-0.432268,-1.85146,-0.331722][-0.949097,0.04494,0.315286][0.599203,0.971128,0][-0.623476,-1.92348,-0.591296][-0.968707,0.024355,0.249773][0.555112,0.982529,0][-0.55664,-1.98491,-0.54678][-0.472702,-0.820181,0.348079][0.557249,0.993582,0][-0.393016,-1.78645,-0.340258][-0.725047,0.693766,-0.059689][0.600568,0.959647,0][-0.291438,-1.71273,-0.371676][-0.361596,0.873821,-0.353627][0.599854,0.939549,0][-0.366308,-1.83444,-0.612412][-0.152472,0.996103,-0.079332][0.567091,0.943877,0][-0.366308,-1.83444,-0.612412][-0.152472,0.996103,-0.079332][0.567091,0.943877,0][-0.564108,-1.86783,-0.608922][-0.483495,0.879928,0.09503][0.559807,0.972226,0][-0.393016,-1.78645,-0.340258][-0.725047,0.693766,-0.059689][0.600568,0.959647,0][-0.44316,-1.98803,-1.08814][-0.193092,-0.641116,-0.757057][0.474527,0.963661,0][-0.577884,-1.98803,-0.909952][-0.666341,-0.714539,-0.240439][0.502404,0.986738,0][-0.58395,-1.90633,-0.927706][-0.909101,0.17606,-0.38263][0.506607,0.977342,0][-0.58395,-1.90633,-0.927706][-0.909101,0.17606,-0.38263][0.506607,0.977342,0][-0.447186,-1.88853,-1.09755][-0.227947,0.264829,-0.948172][0.48483,0.95701,0][-0.44316,-1.98803,-1.08814][-0.193092,-0.641116,-0.757057][0.474527,0.963661,0][-0.376774,-1.98803,-0.54151][-0.006333,-0.99996,0.149398][0.679416,0.9001,0][-0.306188,-1.94417,-0.373388][-0.035833,-0.99263,0.188823][0.691463,0.904367,0][-0.385296,-1.92824,-0.3499][-0.407497,-0.868793,0.312613][0.692708,0.898809,0][-0.385296,-1.92824,-0.3499][-0.407497,-0.868793,0.312613][0.692708,0.898809,0][-0.55664,-1.98491,-0.54678][-0.472702,-0.820181,0.348079][0.678282,0.887858,0][-0.376774,-1.98803,-0.54151][-0.006333,-0.99996,0.149398][0.679416,0.9001,0][-0.44983,-1.92964,0.367832][-0.758274,-0.471342,0.46079][0.743955,0.892208,0][-0.34616,-1.98803,0.358678][-0.264981,-0.939871,0.259122][0.742907,0.900175,0][-0.349686,-1.93072,0.46868][-0.466618,-0.506421,0.737045][0.751425,0.899329,0][-0.349686,-1.93072,0.46868][-0.466618,-0.506421,0.737045][0.722485,0.9872,0][-0.333092,-1.82945,0.487084][-0.515327,0.320096,0.805196][0.720428,0.972488,0][-0.447518,-1.83329,0.370976][-0.793334,0.339731,0.513285][0.700398,0.978061,0][-0.447518,-1.83329,0.370976][-0.793334,0.339731,0.513285][0.700398,0.978061,0][-0.44983,-1.92964,0.367832][-0.758274,-0.471342,0.46079][0.702051,0.991308,0][-0.349686,-1.93072,0.46868][-0.466618,-0.506421,0.737045][0.722485,0.9872,0][-0.073342,-1.72416,-0.389124][0.16617,0.942787,-0.324354][0.598269,0.905584,0][0.029672,-1.73313,-0.337374][0.405398,0.908232,-0.171425][0.603346,0.888123,0][0.113462,-1.83118,-0.58783][0.274681,0.969333,-0.074458][0.570662,0.876266,0][0.113462,-1.83118,-0.58783][0.274681,0.969333,-0.074458][0.570662,0.876266,0][-0.040452,-1.82123,-0.611922][0.030327,1.0039,-0.116267][0.568163,0.900781,0][-0.073342,-1.72416,-0.389124][0.16617,0.942787,-0.324354][0.598269,0.905584,0][0.172058,-1.89632,-1.01556][0.771548,0.198496,-0.611826][0.499352,0.858143,0][0.167902,-1.98803,-1.00531][0.587863,-0.694025,-0.432815][0.495555,0.851716,0][-0.02813,-1.98803,-1.15326][-0.027028,-0.624195,-0.79493][0.464933,0.882968,0][-0.02813,-1.98803,-1.15326][-0.027028,-0.624195,-0.79493][0.464933,0.882968,0][-0.0266,-1.88219,-1.16016][-0.021281,0.275539,-0.972572][0.476403,0.886926,0][0.172058,-1.89632,-1.01556][0.771548,0.198496,-0.611826][0.499352,0.858143,0][0.044082,-1.94417,-0.351262][-0.050261,-0.995475,0.169494][0.6941,0.92877,0][-0.079566,-1.94417,-0.406902][-0.036725,-0.993862,0.182045][0.690181,0.920347,0][-0.036958,-1.98803,-0.576132][-0.016767,-1.00498,0.109597][0.678491,0.923959,0][-0.036958,-1.98803,-0.576132][-0.016767,-1.00498,0.109597][0.678491,0.923959,0][0.123548,-1.98803,-0.54151][-0.030602,-1.00617,0.094541][0.681322,0.935108,0][0.044082,-1.94417,-0.351262][-0.050261,-0.995475,0.169494][0.6941,0.92877,0][0.064028,-1.93072,0.46868][0.464129,-0.5103,0.735975][0.752889,0.927741,0][-0.068694,-1.91775,0.526288][0.15979,-0.527383,0.847376][0.757146,0.918377,0][-0.07007,-1.98803,0.406648][0.053813,-0.952408,0.335023][0.747097,0.918647,0][-0.07007,-1.98803,0.406648][0.053813,-0.952408,0.335023][0.747097,0.918647,0][0.06048,-1.98803,0.358678][0.257836,-0.941885,0.259179][0.743851,0.927601,0][0.064028,-1.93072,0.46868][0.464129,-0.5103,0.735975][0.752889,0.927741,0][0.0477,-1.82945,0.487084][0.522099,0.32101,0.800358][0.720079,0.853517,0][-0.07446,-1.81649,0.54238][0.202262,0.341988,0.929249][0.736381,0.859829,0][-0.068694,-1.91775,0.526288][0.15979,-0.527383,0.847376][0.739513,0.84589,0][-0.068694,-1.91775,0.526288][0.15979,-0.527383,0.847376][0.739513,0.84589,0][0.064028,-1.93072,0.46868][0.464129,-0.5103,0.735975][0.719528,0.83872,0][0.0477,-1.82945,0.487084][0.522099,0.32101,0.800358][0.720079,0.853517,0][-0.291438,-1.71273,-0.371676][-0.361596,0.873821,-0.353627][0.599854,0.939549,0][-0.17878,-1.70376,-0.389124][0.04705,0.924204,-0.407265][0.597323,0.921703,0][-0.197986,-1.82514,-0.608474][-0.032868,0.994324,-0.180269][0.564557,0.921759,0][-0.197986,-1.82514,-0.608474][-0.032868,0.994324,-0.180269][0.564557,0.921759,0][-0.366308,-1.83444,-0.612412][-0.152472,0.996103,-0.079332][0.567091,0.943877,0][-0.291438,-1.71273,-0.371676][-0.361596,0.873821,-0.353627][0.599854,0.939549,0][-0.215866,-1.89689,-1.00548][-0.184413,0.354842,-0.928225][0.485963,0.925645,0][-0.21471,-1.98803,-0.997008][-0.079418,-0.873079,-0.503554][0.47355,0.92705,0][-0.44316,-1.98803,-1.08814][-0.193092,-0.641116,-0.757057][0.474527,0.963661,0][-0.44316,-1.98803,-1.08814][-0.193092,-0.641116,-0.757057][0.474527,0.963661,0][-0.447186,-1.88853,-1.09755][-0.227947,0.264829,-0.948172][0.48483,0.95701,0][-0.215866,-1.89689,-1.00548][-0.184413,0.354842,-0.928225][0.485963,0.925645,0][-0.201242,-1.98803,-0.576132][0.012851,-1.00423,0.116802][0.677766,0.912374,0][-0.180622,-1.94417,-0.406902][0.023263,-0.99404,0.183338][0.689785,0.913179,0][-0.306188,-1.94417,-0.373388][-0.035833,-0.99263,0.188823][0.691463,0.904367,0][-0.306188,-1.94417,-0.373388][-0.035833,-0.99263,0.188823][0.691463,0.904367,0][-0.376774,-1.98803,-0.54151][-0.006333,-0.99996,0.149398][0.679416,0.9001,0][-0.201242,-1.98803,-0.576132][0.012851,-1.00423,0.116802][0.677766,0.912374,0][-0.203366,-1.98803,0.406648][-0.048731,-0.953024,0.334063][0.746763,0.909412,0][-0.20454,-1.91775,0.526288][-0.146231,-0.531287,0.84744][0.756741,0.909066,0][-0.349686,-1.93072,0.46868][-0.466618,-0.506421,0.737045][0.751425,0.899329,0][-0.349686,-1.93072,0.46868][-0.466618,-0.506421,0.737045][0.751425,0.899329,0][-0.34616,-1.98803,0.358678][-0.264981,-0.939871,0.259122][0.742907,0.900175,0][-0.203366,-1.98803,0.406648][-0.048731,-0.953024,0.334063][0.746763,0.909412,0][-0.20454,-1.91775,0.526288][-0.146231,-0.531287,0.84744][0.742675,0.977344,0][-0.199496,-1.81649,0.54238][-0.187668,0.341255,0.932642][0.738836,0.962368,0][-0.333092,-1.82945,0.487084][-0.515327,0.320096,0.805196][0.720428,0.972488,0][-0.333092,-1.82945,0.487084][-0.515327,0.320096,0.805196][0.720428,0.972488,0][-0.349686,-1.93072,0.46868][-0.466618,-0.506421,0.737045][0.722485,0.9872,0][-0.20454,-1.91775,0.526288][-0.146231,-0.531287,0.84744][0.742675,0.977344,0][-0.073342,-1.72416,-0.389124][0.16617,0.942787,-0.324354][0.598269,0.905584,0][-0.040452,-1.82123,-0.611922][0.030327,1.0039,-0.116267][0.568163,0.900781,0][-0.197986,-1.82514,-0.608474][-0.032868,0.994324,-0.180269][0.564557,0.921759,0][-0.197986,-1.82514,-0.608474][-0.032868,0.994324,-0.180269][0.564557,0.921759,0][-0.17878,-1.70376,-0.389124][0.04705,0.924204,-0.407265][0.597323,0.921703,0][-0.073342,-1.72416,-0.389124][0.16617,0.942787,-0.324354][0.598269,0.905584,0][-0.02813,-1.98803,-1.15326][-0.027028,-0.624195,-0.79493][0.464933,0.882968,0][-0.21471,-1.98803,-0.997008][-0.079418,-0.873079,-0.503554][0.472882,0.920143,0][-0.215866,-1.89689,-1.00548][-0.184413,0.354842,-0.928225][0.484519,0.921106,0][-0.215866,-1.89689,-1.00548][-0.184413,0.354842,-0.928225][0.484519,0.921106,0][-0.0266,-1.88219,-1.16016][-0.021281,0.275539,-0.972572][0.476403,0.886926,0][-0.02813,-1.98803,-1.15326][-0.027028,-0.624195,-0.79493][0.464933,0.882968,0][-0.079566,-1.94417,-0.406902][-0.036725,-0.993862,0.182045][0.690181,0.920347,0][-0.180622,-1.94417,-0.406902][0.023263,-0.99404,0.183338][0.689785,0.913179,0][-0.201242,-1.98803,-0.576132][0.012851,-1.00423,0.116802][0.677766,0.912374,0][-0.201242,-1.98803,-0.576132][0.012851,-1.00423,0.116802][0.677766,0.912374,0][-0.036958,-1.98803,-0.576132][-0.016767,-1.00498,0.109597][0.678491,0.923959,0][-0.079566,-1.94417,-0.406902][-0.036725,-0.993862,0.182045][0.690181,0.920347,0][-0.068694,-1.91775,0.526288][0.15979,-0.527383,0.847376][0.757146,0.918377,0][-0.20454,-1.91775,0.526288][-0.146231,-0.531287,0.84744][0.756741,0.909066,0][-0.203366,-1.98803,0.406648][-0.048731,-0.953024,0.334063][0.746763,0.909412,0][-0.203366,-1.98803,0.406648][-0.048731,-0.953024,0.334063][0.746763,0.909412,0][-0.07007,-1.98803,0.406648][0.053813,-0.952408,0.335023][0.747097,0.918647,0][-0.068694,-1.91775,0.526288][0.15979,-0.527383,0.847376][0.757146,0.918377,0][-0.07446,-1.81649,0.54238][0.202262,0.341988,0.929249][0.736381,0.859829,0][-0.199496,-1.81649,0.54238][-0.187668,0.341255,0.932642][0.751361,0.867854,0][-0.20454,-1.91775,0.526288][-0.146231,-0.531287,0.84744][0.758122,0.853847,0][-0.20454,-1.91775,0.526288][-0.146231,-0.531287,0.84744][0.758122,0.853847,0][-0.068694,-1.91775,0.526288][0.15979,-0.527383,0.847376][0.739513,0.84589,0][-0.07446,-1.81649,0.54238][0.202262,0.341988,0.929249][0.736381,0.859829,0][0.187048,-1.83546,0.074846][0.924605,0.225067,-0.312543][0.656923,0.855387,0][0.181914,-1.92978,0.07125][0.766516,-0.544346,-0.354019][0.653252,0.84258,0][0.122206,-1.88037,-0.053762][0.844012,-0.47711,-0.257717][0.636833,0.854667,0][0.122206,-1.88037,-0.053762][0.844012,-0.47711,-0.257717][0.636833,0.854667,0][0.11556,-1.81487,-0.055752][0.941874,0.272673,-0.202576][0.638024,0.863891,0][0.187048,-1.83546,0.074846][0.924605,0.225067,-0.312543][0.656923,0.855387,0][0.122206,-1.88037,-0.053762][0.844012,-0.47711,-0.257717][0.714691,0.934018,0][0.181914,-1.92978,0.07125][0.766516,-0.544346,-0.354019][0.724784,0.937279,0][0.056476,-1.98177,0.057508][0.2254,-0.925567,-0.337148][0.723304,0.928133,0][0.056476,-1.98177,0.057508][0.2254,-0.925567,-0.337148][0.723304,0.928133,0][0.038916,-1.90905,-0.065484][0.160018,-0.979636,-0.190833][0.712972,0.9278,0][0.122206,-1.88037,-0.053762][0.844012,-0.47711,-0.257717][0.714691,0.934018,0][0.038916,-1.90905,-0.065484][0.160018,-0.979636,-0.190833][0.712972,0.9278,0][0.056476,-1.98177,0.057508][0.2254,-0.925567,-0.337148][0.723304,0.928133,0][-0.071382,-1.98177,0.03353][0.022902,-0.930128,-0.395735][0.72109,0.919451,0][-0.071382,-1.98177,0.03353][0.022902,-0.930128,-0.395735][0.72109,0.919451,0][-0.077736,-1.90905,-0.065484][-0.003198,-0.976628,-0.261663][0.712338,0.919527,0][0.038916,-1.90905,-0.065484][0.160018,-0.979636,-0.190833][0.712972,0.9278,0][-0.077736,-1.90905,-0.065484][-0.003198,-0.976628,-0.261663][0.712338,0.919527,0][-0.071382,-1.98177,0.03353][0.022902,-0.930128,-0.395735][0.72109,0.919451,0][-0.20225,-1.98177,0.03353][-0.014992,-0.930222,-0.395902][0.720718,0.910648,0][-0.20225,-1.98177,0.03353][-0.014992,-0.930222,-0.395902][0.720718,0.910648,0][-0.197134,-1.90905,-0.065484][0.001825,-0.976253,-0.263072][0.711996,0.911478,0][-0.077736,-1.90905,-0.065484][-0.003198,-0.976628,-0.261663][0.712338,0.919527,0][-0.20225,-1.98177,0.03353][-0.014992,-0.930222,-0.395902][0.720718,0.910648,0][-0.342078,-1.98177,0.051328][-0.19991,-0.924776,-0.355269][0.721996,0.9012,0][-0.324708,-1.90905,-0.065484][-0.207261,-0.963222,-0.224876][0.711889,0.902206,0][-0.324708,-1.90905,-0.065484][-0.207261,-0.963222,-0.224876][0.711889,0.902206,0][-0.197134,-1.90905,-0.065484][0.001825,-0.976253,-0.263072][0.711996,0.911478,0][-0.20225,-1.98177,0.03353][-0.014992,-0.930222,-0.395902][0.720718,0.910648,0][-0.342078,-1.98177,0.051328][-0.19991,-0.924776,-0.355269][0.721996,0.9012,0][-0.48016,-1.92978,0.054894][-0.758803,-0.51553,-0.409754][0.721697,0.8912,0][-0.395516,-1.88037,-0.053762][-0.699374,-0.656964,-0.301093][0.712376,0.89668,0][-0.395516,-1.88037,-0.053762][-0.699374,-0.656964,-0.301093][0.712376,0.89668,0][-0.324708,-1.90905,-0.065484][-0.207261,-0.963222,-0.224876][0.711889,0.902206,0][-0.342078,-1.98177,0.051328][-0.19991,-0.924776,-0.355269][0.721996,0.9012,0][-0.395516,-1.88037,-0.053762][-0.699374,-0.656964,-0.301093][0.635537,0.982425,0][-0.48016,-1.92978,0.054894][-0.758803,-0.51553,-0.409754][0.654842,0.992303,0][-0.483148,-1.83546,0.066126][-0.892743,0.317062,-0.327117][0.65715,0.979576,0][-0.483148,-1.83546,0.066126][-0.892743,0.317062,-0.327117][0.65715,0.979576,0][-0.416242,-1.82724,-0.05966][-0.985086,0.050597,-0.166448][0.635741,0.974684,0][-0.395516,-1.88037,-0.053762][-0.699374,-0.656964,-0.301093][0.635537,0.982425,0][0.28575,-1.94237,-0.697884][0.972272,0.174181,-0.159898][0.542263,0.84328,0][0.285948,-1.92577,-0.463004][0.889344,0.400852,0.230312][0.578844,0.844962,0][0.301008,-1.98803,-0.464252][0.759423,-0.594888,0.280742][0.575278,0.836585,0][0.301008,-1.98803,-0.464252][0.759423,-0.594888,0.280742][0.575278,0.836585,0][0.293816,-1.98803,-0.69444][0.77709,-0.616906,-0.156156][0.540883,0.838026,0][0.28575,-1.94237,-0.697884][0.972272,0.174181,-0.159898][0.542263,0.84328,0][0.293816,-1.98803,-0.69444][0.77709,-0.616906,-0.156156][0.670928,0.94727,0][0.301008,-1.98803,-0.464252][0.759423,-0.594888,0.280742][0.686977,0.947159,0][0.123548,-1.98803,-0.54151][-0.030602,-1.00617,0.094541][0.681322,0.935108,0][0.123548,-1.98803,-0.54151][-0.030602,-1.00617,0.094541][0.681322,0.935108,0][0.167902,-1.98803,-1.00531][0.587863,-0.694025,-0.432815][0.648997,0.939508,0][0.293816,-1.98803,-0.69444][0.77709,-0.616906,-0.156156][0.670928,0.94727,0][0.167902,-1.98803,-1.00531][0.587863,-0.694025,-0.432815][0.648997,0.939508,0][0.123548,-1.98803,-0.54151][-0.030602,-1.00617,0.094541][0.681322,0.935108,0][-0.036958,-1.98803,-0.576132][-0.016767,-1.00498,0.109597][0.678491,0.923959,0][-0.036958,-1.98803,-0.576132][-0.016767,-1.00498,0.109597][0.678491,0.923959,0][-0.02813,-1.98803,-1.15326][-0.027028,-0.624195,-0.79493][0.638247,0.926538,0][0.167902,-1.98803,-1.00531][0.587863,-0.694025,-0.432815][0.648997,0.939508,0][-0.036958,-1.98803,-0.576132][-0.016767,-1.00498,0.109597][0.678491,0.923959,0][-0.201242,-1.98803,-0.576132][0.012851,-1.00423,0.116802][0.677766,0.912374,0][-0.21471,-1.98803,-0.997008][-0.079418,-0.873079,-0.503554][0.648163,0.91323,0][-0.21471,-1.98803,-0.997008][-0.079418,-0.873079,-0.503554][0.648163,0.91323,0][-0.02813,-1.98803,-1.15326][-0.027028,-0.624195,-0.79493][0.638247,0.926538,0][-0.036958,-1.98803,-0.576132][-0.016767,-1.00498,0.109597][0.678491,0.923959,0][-0.21471,-1.98803,-0.997008][-0.079418,-0.873079,-0.503554][0.648163,0.91323,0][-0.201242,-1.98803,-0.576132][0.012851,-1.00423,0.116802][0.677766,0.912374,0][-0.376774,-1.98803,-0.54151][-0.006333,-0.99996,0.149398][0.679416,0.9001,0][-0.376774,-1.98803,-0.54151][-0.006333,-0.99996,0.149398][0.679416,0.9001,0][-0.44316,-1.98803,-1.08814][-0.193092,-0.641116,-0.757057][0.64128,0.897856,0][-0.21471,-1.98803,-0.997008][-0.079418,-0.873079,-0.503554][0.648163,0.91323,0][-0.376774,-1.98803,-0.54151][-0.006333,-0.99996,0.149398][0.679416,0.9001,0][-0.55664,-1.98491,-0.54678][-0.472702,-0.820181,0.348079][0.678282,0.887858,0][-0.577884,-1.98803,-0.909952][-0.666341,-0.714539,-0.240439][0.653251,0.887858,0][-0.577884,-1.98803,-0.909952][-0.666341,-0.714539,-0.240439][0.653251,0.887858,0][-0.44316,-1.98803,-1.08814][-0.193092,-0.641116,-0.757057][0.64128,0.897856,0][-0.376774,-1.98803,-0.54151][-0.006333,-0.99996,0.149398][0.679416,0.9001,0][-0.577884,-1.98803,-0.909952][-0.666341,-0.714539,-0.240439][0.502404,0.986738,0][-0.55664,-1.98491,-0.54678][-0.472702,-0.820181,0.348079][0.557249,0.993582,0][-0.623476,-1.92348,-0.591296][-0.968707,0.024355,0.249773][0.555112,0.982529,0][-0.623476,-1.92348,-0.591296][-0.968707,0.024355,0.249773][0.555112,0.982529,0][-0.58395,-1.90633,-0.927706][-0.909101,0.17606,-0.38263][0.506607,0.977342,0][-0.577884,-1.98803,-0.909952][-0.666341,-0.714539,-0.240439][0.502404,0.986738,0][-0.366308,-1.83444,-0.612412][-0.152472,0.996103,-0.079332][0.567091,0.943877,0][-0.453326,-1.76216,-0.992114][-0.247387,0.897749,-0.392126][0.505192,0.948574,0][-0.564082,-1.84696,-0.857944][-0.693527,0.728345,-0.009916][0.521328,0.971654,0][-0.564082,-1.84696,-0.857944][-0.693527,0.728345,-0.009916][0.521328,0.971654,0][-0.564108,-1.86783,-0.608922][-0.483495,0.879928,0.09503][0.559807,0.972226,0][-0.366308,-1.83444,-0.612412][-0.152472,0.996103,-0.079332][0.567091,0.943877,0][-0.366308,-1.83444,-0.612412][-0.152472,0.996103,-0.079332][0.567091,0.943877,0][-0.197986,-1.82514,-0.608474][-0.032868,0.994324,-0.180269][0.564557,0.921759,0][-0.21919,-1.79492,-0.902164][-0.099026,0.991297,-0.172005][0.512665,0.922222,0][-0.21919,-1.79492,-0.902164][-0.099026,0.991297,-0.172005][0.512665,0.922222,0][-0.453326,-1.76216,-0.992114][-0.247387,0.897749,-0.392126][0.505192,0.948574,0][-0.366308,-1.83444,-0.612412][-0.152472,0.996103,-0.079332][0.567091,0.943877,0][-0.040452,-1.82123,-0.611922][0.030327,1.0039,-0.116267][0.568163,0.900781,0][-0.027288,-1.7261,-1.03805][-0.016198,0.915102,-0.429653][0.506913,0.897163,0][-0.21919,-1.79492,-0.902164][-0.099026,0.991297,-0.172005][0.512665,0.922222,0][-0.21919,-1.79492,-0.902164][-0.099026,0.991297,-0.172005][0.512665,0.922222,0][-0.197986,-1.82514,-0.608474][-0.032868,0.994324,-0.180269][0.564557,0.921759,0][-0.040452,-1.82123,-0.611922][0.030327,1.0039,-0.116267][0.568163,0.900781,0][-0.040452,-1.82123,-0.611922][0.030327,1.0039,-0.116267][0.568163,0.900781,0][0.113462,-1.83118,-0.58783][0.274681,0.969333,-0.074458][0.570662,0.876266,0][0.173944,-1.79864,-0.920078][0.636908,0.756433,-0.188151][0.51988,0.865945,0][0.173944,-1.79864,-0.920078][0.636908,0.756433,-0.188151][0.51988,0.865945,0][-0.027288,-1.7261,-1.03805][-0.016198,0.915102,-0.429653][0.506913,0.897163,0][-0.040452,-1.82123,-0.611922][0.030327,1.0039,-0.116267][0.568163,0.900781,0][0.113462,-1.83118,-0.58783][0.274681,0.969333,-0.074458][0.570662,0.876266,0][0.248426,-1.8767,-0.464422][0.672124,0.743432,0.088169][0.581355,0.853414,0][0.276972,-1.89246,-0.721864][0.875937,0.458134,-0.16743][0.5449,0.851588,0][0.276972,-1.89246,-0.721864][0.875937,0.458134,-0.16743][0.5449,0.851588,0][0.173944,-1.79864,-0.920078][0.636908,0.756433,-0.188151][0.51988,0.865945,0][0.113462,-1.83118,-0.58783][0.274681,0.969333,-0.074458][0.570662,0.876266,0][0.28575,-1.94237,-0.697884][0.972272,0.174181,-0.159898][0.542263,0.84328,0][0.172058,-1.89632,-1.01556][0.771548,0.198496,-0.611826][0.499352,0.858143,0][0.173944,-1.79864,-0.920078][0.636908,0.756433,-0.188151][0.51988,0.865945,0][0.173944,-1.79864,-0.920078][0.636908,0.756433,-0.188151][0.51988,0.865945,0][0.276972,-1.89246,-0.721864][0.875937,0.458134,-0.16743][0.5449,0.851588,0][0.28575,-1.94237,-0.697884][0.972272,0.174181,-0.159898][0.542263,0.84328,0][0.172058,-1.89632,-1.01556][0.771548,0.198496,-0.611826][0.499352,0.858143,0][-0.0266,-1.88219,-1.16016][-0.021281,0.275539,-0.972572][0.476403,0.886926,0][-0.027288,-1.7261,-1.03805][-0.016198,0.915102,-0.429653][0.506913,0.897163,0][-0.027288,-1.7261,-1.03805][-0.016198,0.915102,-0.429653][0.506913,0.897163,0][0.173944,-1.79864,-0.920078][0.636908,0.756433,-0.188151][0.51988,0.865945,0][0.172058,-1.89632,-1.01556][0.771548,0.198496,-0.611826][0.499352,0.858143,0][-0.027288,-1.7261,-1.03805][-0.016198,0.915102,-0.429653][0.506913,0.897163,0][-0.0266,-1.88219,-1.16016][-0.021281,0.275539,-0.972572][0.476403,0.886926,0][-0.215866,-1.89689,-1.00548][-0.184413,0.354842,-0.928225][0.484519,0.921106,0][-0.215866,-1.89689,-1.00548][-0.184413,0.354842,-0.928225][0.484519,0.921106,0][-0.21919,-1.79492,-0.902164][-0.099026,0.991297,-0.172005][0.512665,0.922222,0][-0.027288,-1.7261,-1.03805][-0.016198,0.915102,-0.429653][0.506913,0.897163,0][-0.215866,-1.89689,-1.00548][-0.184413,0.354842,-0.928225][0.485963,0.925645,0][-0.447186,-1.88853,-1.09755][-0.227947,0.264829,-0.948172][0.48483,0.95701,0][-0.453326,-1.76216,-0.992114][-0.247387,0.897749,-0.392126][0.505192,0.948574,0][-0.453326,-1.76216,-0.992114][-0.247387,0.897749,-0.392126][0.505192,0.948574,0][-0.21919,-1.79492,-0.902164][-0.099026,0.991297,-0.172005][0.512665,0.922222,0][-0.215866,-1.89689,-1.00548][-0.184413,0.354842,-0.928225][0.485963,0.925645,0][-0.453326,-1.76216,-0.992114][-0.247387,0.897749,-0.392126][0.505192,0.948574,0][-0.447186,-1.88853,-1.09755][-0.227947,0.264829,-0.948172][0.48483,0.95701,0][-0.58395,-1.90633,-0.927706][-0.909101,0.17606,-0.38263][0.506607,0.977342,0][-0.58395,-1.90633,-0.927706][-0.909101,0.17606,-0.38263][0.506607,0.977342,0][-0.564082,-1.84696,-0.857944][-0.693527,0.728345,-0.009916][0.521328,0.971654,0][-0.453326,-1.76216,-0.992114][-0.247387,0.897749,-0.392126][0.505192,0.948574,0][-0.623476,-1.92348,-0.591296][-0.968707,0.024355,0.249773][0.555112,0.982529,0][-0.564108,-1.86783,-0.608922][-0.483495,0.879928,0.09503][0.559807,0.972226,0][-0.564082,-1.84696,-0.857944][-0.693527,0.728345,-0.009916][0.521328,0.971654,0][-0.564082,-1.84696,-0.857944][-0.693527,0.728345,-0.009916][0.521328,0.971654,0][-0.58395,-1.90633,-0.927706][-0.909101,0.17606,-0.38263][0.506607,0.977342,0][-0.623476,-1.92348,-0.591296][-0.968707,0.024355,0.249773][0.555112,0.982529,0][-0.432268,-1.85146,-0.331722][-0.949097,0.04494,0.315286][0.599203,0.971128,0][-0.393016,-1.78645,-0.340258][-0.725047,0.693766,-0.059689][0.600568,0.959647,0][-0.564108,-1.86783,-0.608922][-0.483495,0.879928,0.09503][0.559807,0.972226,0][-0.564108,-1.86783,-0.608922][-0.483495,0.879928,0.09503][0.559807,0.972226,0][-0.623476,-1.92348,-0.591296][-0.968707,0.024355,0.249773][0.555112,0.982529,0][-0.432268,-1.85146,-0.331722][-0.949097,0.04494,0.315286][0.599203,0.971128,0][-0.416242,-1.82724,-0.05966][-0.985086,0.050597,-0.166448][0.635741,0.974684,0][-0.483148,-1.83546,0.066126][-0.892743,0.317062,-0.327117][0.65715,0.979576,0][-0.406088,-1.74947,0.07985][-0.837168,0.512731,-0.207175][0.658187,0.963862,0][-0.406088,-1.74947,0.07985][-0.837168,0.512731,-0.207175][0.658187,0.963862,0][-0.387262,-1.73764,-0.033732][-0.909353,0.402688,-0.12156][0.641789,0.961356,0][-0.416242,-1.82724,-0.05966][-0.985086,0.050597,-0.166448][0.635741,0.974684,0][-0.483148,-1.83546,0.066126][-0.892743,0.317062,-0.327117][0.65715,0.979576,0][-0.504824,-1.83556,0.21693][-0.94639,0.307405,0.110331][0.678601,0.980474,0][-0.442448,-1.75053,0.20041][-0.834479,0.554369,0.055548][0.676187,0.966092,0][-0.442448,-1.75053,0.20041][-0.834479,0.554369,0.055548][0.676187,0.966092,0][-0.406088,-1.74947,0.07985][-0.837168,0.512731,-0.207175][0.658187,0.963862,0][-0.483148,-1.83546,0.066126][-0.892743,0.317062,-0.327117][0.65715,0.979576,0][-0.301652,-1.72417,0.388518][-0.517062,0.485,0.71676][0.709013,0.954829,0][-0.390834,-1.73972,0.303986][-0.737694,0.520467,0.441675][0.69252,0.961777,0][-0.447518,-1.83329,0.370976][-0.793334,0.339731,0.513285][0.700398,0.978061,0][-0.447518,-1.83329,0.370976][-0.793334,0.339731,0.513285][0.700398,0.978061,0][-0.333092,-1.82945,0.487084][-0.515327,0.320096,0.805196][0.720428,0.972488,0][-0.301652,-1.72417,0.388518][-0.517062,0.485,0.71676][0.709013,0.954829,0][-0.190106,-1.71829,0.42985][-0.178858,0.504313,0.857465][0.724319,0.945292,0][-0.301652,-1.72417,0.388518][-0.517062,0.485,0.71676][0.709013,0.954829,0][-0.333092,-1.82945,0.487084][-0.515327,0.320096,0.805196][0.720428,0.972488,0][-0.333092,-1.82945,0.487084][-0.515327,0.320096,0.805196][0.720428,0.972488,0][-0.199496,-1.81649,0.54238][-0.187668,0.341255,0.932642][0.738836,0.962368,0][-0.190106,-1.71829,0.42985][-0.178858,0.504313,0.857465][0.724319,0.945292,0][-0.085708,-1.71829,0.42985][0.185981,0.494154,0.86182][0.725456,0.878371,0][-0.190106,-1.71829,0.42985][-0.178858,0.504313,0.857465][0.738581,0.886037,0][-0.199496,-1.81649,0.54238][-0.187668,0.341255,0.932642][0.751361,0.867854,0][-0.199496,-1.81649,0.54238][-0.187668,0.341255,0.932642][0.751361,0.867854,0][-0.07446,-1.81649,0.54238][0.202262,0.341988,0.929249][0.736381,0.859829,0][-0.085708,-1.71829,0.42985][0.185981,0.494154,0.86182][0.725456,0.878371,0][0.0477,-1.82945,0.487084][0.522099,0.32101,0.800358][0.720079,0.853517,0][0.01629,-1.72417,0.388518][0.517816,0.447279,0.740347][0.710496,0.872524,0][-0.085708,-1.71829,0.42985][0.185981,0.494154,0.86182][0.725456,0.878371,0][-0.085708,-1.71829,0.42985][0.185981,0.494154,0.86182][0.725456,0.878371,0][-0.07446,-1.81649,0.54238][0.202262,0.341988,0.929249][0.736381,0.859829,0][0.0477,-1.82945,0.487084][0.522099,0.32101,0.800358][0.720079,0.853517,0][0.167942,-1.83329,0.370976][0.791856,0.345086,0.512045][0.697742,0.850356,0][0.08746,-1.73972,0.325094][0.715397,0.484718,0.51394][0.697134,0.869032,0][0.01629,-1.72417,0.388518][0.517816,0.447279,0.740347][0.710496,0.872524,0][0.01629,-1.72417,0.388518][0.517816,0.447279,0.740347][0.710496,0.872524,0][0.0477,-1.82945,0.487084][0.522099,0.32101,0.800358][0.720079,0.853517,0][0.167942,-1.83329,0.370976][0.791856,0.345086,0.512045][0.697742,0.850356,0][0.217052,-1.83556,0.221256][0.960652,0.273402,0.064172][0.676704,0.851563,0][0.187048,-1.83546,0.074846][0.924605,0.225067,-0.312543][0.656923,0.855387,0][0.146942,-1.74947,0.112212][0.900276,0.382665,-0.217471][0.663834,0.868491,0][0.146942,-1.74947,0.112212][0.900276,0.382665,-0.217471][0.663834,0.868491,0][0.160472,-1.75053,0.20424][0.879129,0.467085,0.118421][0.676899,0.866153,0][0.217052,-1.83556,0.221256][0.960652,0.273402,0.064172][0.676704,0.851563,0][0.187048,-1.83546,0.074846][0.924605,0.225067,-0.312543][0.656923,0.855387,0][0.11556,-1.81487,-0.055752][0.941874,0.272673,-0.202576][0.638024,0.863891,0][0.087016,-1.73764,-0.033732][0.884567,0.356245,-0.308993][0.643113,0.875474,0][0.087016,-1.73764,-0.033732][0.884567,0.356245,-0.308993][0.643113,0.875474,0][0.146942,-1.74947,0.112212][0.900276,0.382665,-0.217471][0.663834,0.868491,0][0.187048,-1.83546,0.074846][0.924605,0.225067,-0.312543][0.656923,0.855387,0][0.130356,-1.85416,-0.24463][0.910285,0.356812,0.218825][0.61166,0.861743,0][0.285948,-1.92577,-0.463004][0.889344,0.400852,0.230312][0.578844,0.844962,0][0.248426,-1.8767,-0.464422][0.672124,0.743432,0.088169][0.581355,0.853414,0][0.248426,-1.8767,-0.464422][0.672124,0.743432,0.088169][0.581355,0.853414,0][0.101456,-1.79359,-0.270682][0.762422,0.651525,0.059644][0.610388,0.872232,0][0.130356,-1.85416,-0.24463][0.910285,0.356812,0.218825][0.61166,0.861743,0][0.248426,-1.8767,-0.464422][0.672124,0.743432,0.088169][0.581355,0.853414,0][0.285948,-1.92577,-0.463004][0.889344,0.400852,0.230312][0.578844,0.844962,0][0.28575,-1.94237,-0.697884][0.972272,0.174181,-0.159898][0.542263,0.84328,0][0.28575,-1.94237,-0.697884][0.972272,0.174181,-0.159898][0.542263,0.84328,0][0.276972,-1.89246,-0.721864][0.875937,0.458134,-0.16743][0.5449,0.851588,0][0.248426,-1.8767,-0.464422][0.672124,0.743432,0.088169][0.581355,0.853414,0][-0.36884,-1.99935,0.206252][-0.272499,-0.972814,-0.002117][0.732572,0.898794,0][-0.50447,-1.93213,0.212448][-0.861719,-0.507178,0.077123][0.732917,0.888755,0][-0.48016,-1.92978,0.054894][-0.758803,-0.51553,-0.409754][0.721697,0.8912,0][-0.48016,-1.92978,0.054894][-0.758803,-0.51553,-0.409754][0.721697,0.8912,0][-0.342078,-1.98177,0.051328][-0.19991,-0.924776,-0.355269][0.721996,0.9012,0][-0.36884,-1.99935,0.206252][-0.272499,-0.972814,-0.002117][0.732572,0.898794,0][-0.342078,-1.98177,0.051328][-0.19991,-0.924776,-0.355269][0.721996,0.9012,0][-0.20225,-1.98177,0.03353][-0.014992,-0.930222,-0.395902][0.720718,0.910648,0][-0.210082,-2.01181,0.20515][-0.028853,-1.01032,-0.026182][0.732633,0.909318,0][-0.210082,-2.01181,0.20515][-0.028853,-1.01032,-0.026182][0.732633,0.909318,0][-0.36884,-1.99935,0.206252][-0.272499,-0.972814,-0.002117][0.732572,0.898794,0][-0.342078,-1.98177,0.051328][-0.19991,-0.924776,-0.355269][0.721996,0.9012,0][-0.071382,-1.98177,0.03353][0.022902,-0.930128,-0.395735][0.72109,0.919451,0][-0.061696,-2.01181,0.20515][0.033474,-1.01014,-0.027242][0.732879,0.919813,0][-0.210082,-2.01181,0.20515][-0.028853,-1.01032,-0.026182][0.732633,0.909318,0][-0.210082,-2.01181,0.20515][-0.028853,-1.01032,-0.026182][0.732633,0.909318,0][-0.20225,-1.98177,0.03353][-0.014992,-0.930222,-0.395902][0.720718,0.910648,0][-0.071382,-1.98177,0.03353][0.022902,-0.930128,-0.395735][0.72109,0.919451,0][0.056476,-1.98177,0.057508][0.2254,-0.925567,-0.337148][0.723304,0.928133,0][0.08346,-1.99935,0.209318][0.282892,-0.969699,-0.012378][0.733593,0.929823,0][-0.061696,-2.01181,0.20515][0.033474,-1.01014,-0.027242][0.732879,0.919813,0][-0.061696,-2.01181,0.20515][0.033474,-1.01014,-0.027242][0.732879,0.919813,0][-0.071382,-1.98177,0.03353][0.022902,-0.930128,-0.395735][0.72109,0.919451,0][0.056476,-1.98177,0.057508][0.2254,-0.925567,-0.337148][0.723304,0.928133,0][0.181914,-1.92978,0.07125][0.766516,-0.544346,-0.354019][0.724784,0.937279,0][0.21563,-1.93213,0.22056][0.864771,-0.506299,0.038093][0.735067,0.939596,0][0.08346,-1.99935,0.209318][0.282892,-0.969699,-0.012378][0.733593,0.929823,0][0.08346,-1.99935,0.209318][0.282892,-0.969699,-0.012378][0.733593,0.929823,0][0.056476,-1.98177,0.057508][0.2254,-0.925567,-0.337148][0.723304,0.928133,0][0.181914,-1.92978,0.07125][0.766516,-0.544346,-0.354019][0.724784,0.937279,0][0.167942,-1.83329,0.370976][0.791856,0.345086,0.512045][0.697742,0.850356,0][0.217052,-1.83556,0.221256][0.960652,0.273402,0.064172][0.676704,0.851563,0][0.160472,-1.75053,0.20424][0.879129,0.467085,0.118421][0.676899,0.866153,0][0.160472,-1.75053,0.20424][0.879129,0.467085,0.118421][0.676899,0.866153,0][0.08746,-1.73972,0.325094][0.715397,0.484718,0.51394][0.697134,0.869032,0][0.167942,-1.83329,0.370976][0.791856,0.345086,0.512045][0.697742,0.850356,0][0.17048,-1.92964,0.367832][0.759007,-0.472198,0.458676][0.69805,0.836585,0][0.21563,-1.93213,0.22056][0.864771,-0.506299,0.038093][0.675551,0.838245,0][0.217052,-1.83556,0.221256][0.960652,0.273402,0.064172][0.676704,0.851563,0][0.217052,-1.83556,0.221256][0.960652,0.273402,0.064172][0.676704,0.851563,0][0.167942,-1.83329,0.370976][0.791856,0.345086,0.512045][0.697742,0.850356,0][0.17048,-1.92964,0.367832][0.759007,-0.472198,0.458676][0.69805,0.836585,0][0.08346,-1.99935,0.209318][0.282892,-0.969699,-0.012378][0.733593,0.929823,0][0.21563,-1.93213,0.22056][0.864771,-0.506299,0.038093][0.735067,0.939596,0][0.17048,-1.92964,0.367832][0.759007,-0.472198,0.458676][0.745403,0.935567,0][0.17048,-1.92964,0.367832][0.759007,-0.472198,0.458676][0.745403,0.935567,0][0.06048,-1.98803,0.358678][0.257836,-0.941885,0.259179][0.743851,0.927601,0][0.08346,-1.99935,0.209318][0.282892,-0.969699,-0.012378][0.733593,0.929823,0][-0.061696,-2.01181,0.20515][0.033474,-1.01014,-0.027242][0.732879,0.919813,0][0.08346,-1.99935,0.209318][0.282892,-0.969699,-0.012378][0.733593,0.929823,0][0.06048,-1.98803,0.358678][0.257836,-0.941885,0.259179][0.743851,0.927601,0][0.06048,-1.98803,0.358678][0.257836,-0.941885,0.259179][0.743851,0.927601,0][-0.07007,-1.98803,0.406648][0.053813,-0.952408,0.335023][0.747097,0.918647,0][-0.061696,-2.01181,0.20515][0.033474,-1.01014,-0.027242][0.732879,0.919813,0][-0.061696,-2.01181,0.20515][0.033474,-1.01014,-0.027242][0.732879,0.919813,0][-0.07007,-1.98803,0.406648][0.053813,-0.952408,0.335023][0.747097,0.918647,0][-0.203366,-1.98803,0.406648][-0.048731,-0.953024,0.334063][0.746763,0.909412,0][-0.203366,-1.98803,0.406648][-0.048731,-0.953024,0.334063][0.746763,0.909412,0][-0.210082,-2.01181,0.20515][-0.028853,-1.01032,-0.026182][0.732633,0.909318,0][-0.061696,-2.01181,0.20515][0.033474,-1.01014,-0.027242][0.732879,0.919813,0][-0.210082,-2.01181,0.20515][-0.028853,-1.01032,-0.026182][0.732633,0.909318,0][-0.203366,-1.98803,0.406648][-0.048731,-0.953024,0.334063][0.746763,0.909412,0][-0.34616,-1.98803,0.358678][-0.264981,-0.939871,0.259122][0.742907,0.900175,0][-0.34616,-1.98803,0.358678][-0.264981,-0.939871,0.259122][0.742907,0.900175,0][-0.36884,-1.99935,0.206252][-0.272499,-0.972814,-0.002117][0.732572,0.898794,0][-0.210082,-2.01181,0.20515][-0.028853,-1.01032,-0.026182][0.732633,0.909318,0][-0.36884,-1.99935,0.206252][-0.272499,-0.972814,-0.002117][0.732572,0.898794,0][-0.34616,-1.98803,0.358678][-0.264981,-0.939871,0.259122][0.742907,0.900175,0][-0.44983,-1.92964,0.367832][-0.758274,-0.471342,0.46079][0.743955,0.892208,0][-0.44983,-1.92964,0.367832][-0.758274,-0.471342,0.46079][0.743955,0.892208,0][-0.50447,-1.93213,0.212448][-0.861719,-0.507178,0.077123][0.732917,0.888755,0][-0.36884,-1.99935,0.206252][-0.272499,-0.972814,-0.002117][0.732572,0.898794,0][-0.504824,-1.83556,0.21693][-0.94639,0.307405,0.110331][0.678601,0.980474,0][-0.50447,-1.93213,0.212448][-0.861719,-0.507178,0.077123][0.677937,0.994064,0][-0.44983,-1.92964,0.367832][-0.758274,-0.471342,0.46079][0.702051,0.991308,0][-0.44983,-1.92964,0.367832][-0.758274,-0.471342,0.46079][0.702051,0.991308,0][-0.447518,-1.83329,0.370976][-0.793334,0.339731,0.513285][0.700398,0.978061,0][-0.504824,-1.83556,0.21693][-0.94639,0.307405,0.110331][0.678601,0.980474,0][-0.504824,-1.83556,0.21693][-0.94639,0.307405,0.110331][0.678601,0.980474,0][-0.447518,-1.83329,0.370976][-0.793334,0.339731,0.513285][0.700398,0.978061,0][-0.390834,-1.73972,0.303986][-0.737694,0.520467,0.441675][0.69252,0.961777,0][-0.390834,-1.73972,0.303986][-0.737694,0.520467,0.441675][0.69252,0.961777,0][-0.442448,-1.75053,0.20041][-0.834479,0.554369,0.055548][0.676187,0.966092,0][-0.504824,-1.83556,0.21693][-0.94639,0.307405,0.110331][0.678601,0.980474,0][-0.09805,-1.56084,-0.1314][0.281873,0.262535,-0.933881][0.898605,0.549026,0][-0.126824,-1.33552,-0.133284][0.019338,0.010421,-1.01084][0.867489,0.54195,0][-0.039928,-1.33084,-0.093846][0.565131,0.008431,-0.834099][0.865971,0.556882,0][-0.039928,-1.33084,-0.093846][0.565131,0.008431,-0.834099][0.865971,0.556882,0][0.002312,-1.56486,-0.090726][0.61677,0.222949,-0.763998][0.898764,0.563967,0][-0.09805,-1.56084,-0.1314][0.281873,0.262535,-0.933881][0.898605,0.549026,0][-0.406088,-1.74947,0.07985][-0.837168,0.512731,-0.207175][0.931399,0.492987,0][-0.353078,-1.60945,0.106834][-0.907311,0.39594,-0.154781][0.910905,0.493572,0][-0.335926,-1.60405,0.004196][-0.912821,0.363746,-0.195351][0.906505,0.507602,0][-0.335926,-1.60405,0.004196][-0.912821,0.363746,-0.195351][0.906505,0.507602,0][-0.387262,-1.73764,-0.033732][-0.909353,0.402688,-0.12156][0.92766,0.50872,0][-0.406088,-1.74947,0.07985][-0.837168,0.512731,-0.207175][0.931399,0.492987,0][-0.406088,-1.74947,0.07985][-0.837168,0.512731,-0.207175][0.931399,0.492987,0][-0.442448,-1.75053,0.20041][-0.834479,0.554369,0.055548][0.936575,0.475526,0][-0.382324,-1.62621,0.206874][-0.903149,0.429264,0.0645][0.917756,0.477832,0][-0.382324,-1.62621,0.206874][-0.903149,0.429264,0.0645][0.917756,0.477832,0][-0.353078,-1.60945,0.106834][-0.907311,0.39594,-0.154781][0.910905,0.493572,0][-0.406088,-1.74947,0.07985][-0.837168,0.512731,-0.207175][0.931399,0.492987,0][-0.390834,-1.73972,0.303986][-0.737694,0.520467,0.441675][0.50386,0.401251,0][-0.342912,-1.60293,0.294944][-0.852807,0.329968,0.412212][0.526061,0.405394,0][-0.382324,-1.62621,0.206874][-0.903149,0.429264,0.0645][0.5189,0.392131,0][-0.382324,-1.62621,0.206874][-0.903149,0.429264,0.0645][0.5189,0.392131,0][-0.442448,-1.75053,0.20041][-0.834479,0.554369,0.055548][0.497566,0.386349,0][-0.390834,-1.73972,0.303986][-0.737694,0.520467,0.441675][0.50386,0.401251,0][-0.301652,-1.72417,0.388518][-0.517062,0.485,0.71676][0.509607,0.417347,0][-0.290274,-1.5949,0.368274][-0.594753,0.225548,0.780895][0.527854,0.417646,0][-0.342912,-1.60293,0.294944][-0.852807,0.329968,0.412212][0.526061,0.405394,0][-0.342912,-1.60293,0.294944][-0.852807,0.329968,0.412212][0.526061,0.405394,0][-0.390834,-1.73972,0.303986][-0.737694,0.520467,0.441675][0.50386,0.401251,0][-0.301652,-1.72417,0.388518][-0.517062,0.485,0.71676][0.509607,0.417347,0][-0.190106,-1.71829,0.42985][-0.178858,0.504313,0.857465][0.509975,0.433517,0][-0.177452,-1.59208,0.407854][-0.164351,0.22311,0.972054][0.528108,0.433965,0][-0.290274,-1.5949,0.368274][-0.594753,0.225548,0.780895][0.527854,0.417646,0][-0.290274,-1.5949,0.368274][-0.594753,0.225548,0.780895][0.527854,0.417646,0][-0.301652,-1.72417,0.388518][-0.517062,0.485,0.71676][0.509607,0.417347,0][-0.190106,-1.71829,0.42985][-0.178858,0.504313,0.857465][0.509975,0.433517,0][-0.177452,-1.59208,0.407854][-0.164351,0.22311,0.972054][0.528108,0.433965,0][-0.190106,-1.71829,0.42985][-0.178858,0.504313,0.857465][0.509975,0.433517,0][-0.085708,-1.71829,0.42985][0.185981,0.494154,0.86182][0.511425,0.448376,0][-0.085708,-1.71829,0.42985][0.185981,0.494154,0.86182][0.511425,0.448376,0][-0.072392,-1.5892,0.40642][0.207172,0.19405,0.969922][0.530216,0.448095,0][-0.177452,-1.59208,0.407854][-0.164351,0.22311,0.972054][0.528108,0.433965,0][0.01629,-1.72417,0.388518][0.517816,0.447279,0.740347][0.513397,0.464619,0][0.017804,-1.58962,0.366704][0.58399,0.169884,0.80298][0.532094,0.46237,0][-0.072392,-1.5892,0.40642][0.207172,0.19405,0.969922][0.530216,0.448095,0][-0.072392,-1.5892,0.40642][0.207172,0.19405,0.969922][0.530216,0.448095,0][-0.085708,-1.71829,0.42985][0.185981,0.494154,0.86182][0.511425,0.448376,0][0.01629,-1.72417,0.388518][0.517816,0.447279,0.740347][0.513397,0.464619,0][0.01629,-1.72417,0.388518][0.517816,0.447279,0.740347][0.513397,0.464619,0][0.08746,-1.73972,0.325094][0.715397,0.484718,0.51394][0.51018,0.47741,0][0.072612,-1.59671,0.30759][0.832252,0.215345,0.517524][0.531173,0.473204,0][0.072612,-1.59671,0.30759][0.832252,0.215345,0.517524][0.531173,0.473204,0][0.017804,-1.58962,0.366704][0.58399,0.169884,0.80298][0.532094,0.46237,0][0.01629,-1.72417,0.388518][0.517816,0.447279,0.740347][0.513397,0.464619,0][0.08746,-1.73972,0.325094][0.715397,0.484718,0.51394][0.51018,0.47741,0][0.160472,-1.75053,0.20424][0.879129,0.467085,0.118421][0.506811,0.495877,0][0.122414,-1.62024,0.209272][0.94019,0.289383,0.186778][0.525938,0.488469,0][0.122414,-1.62024,0.209272][0.94019,0.289383,0.186778][0.525938,0.488469,0][0.072612,-1.59671,0.30759][0.832252,0.215345,0.517524][0.531173,0.473204,0][0.08746,-1.73972,0.325094][0.715397,0.484718,0.51394][0.51018,0.47741,0][0.146942,-1.74947,0.112212][0.900276,0.382665,-0.217471][0.927055,0.598921,0][0.111686,-1.60326,0.126068][0.950544,0.283031,-0.136047][0.905563,0.596614,0][0.122414,-1.62024,0.209272][0.94019,0.289383,0.186778][0.911008,0.608168,0][0.122414,-1.62024,0.209272][0.94019,0.289383,0.186778][0.911008,0.608168,0][0.160472,-1.75053,0.20424][0.879129,0.467085,0.118421][0.929386,0.610826,0][0.146942,-1.74947,0.112212][0.900276,0.382665,-0.217471][0.927055,0.598921,0][0.146942,-1.74947,0.112212][0.900276,0.382665,-0.217471][0.927055,0.598921,0][0.087016,-1.73764,-0.033732][0.884567,0.356245,-0.308993][0.922873,0.579446,0][0.079094,-1.59841,0.001286][0.899419,0.205915,-0.391026][0.902271,0.579542,0][0.079094,-1.59841,0.001286][0.899419,0.205915,-0.391026][0.902271,0.579542,0][0.111686,-1.60326,0.126068][0.950544,0.283031,-0.136047][0.905563,0.596614,0][0.146942,-1.74947,0.112212][0.900276,0.382665,-0.217471][0.927055,0.598921,0][0.01629,-1.68158,-0.137626][0.638754,0.626162,-0.461632][0.916317,0.563653,0][0.002312,-1.56486,-0.090726][0.61677,0.222949,-0.763998][0.898764,0.563967,0][0.079094,-1.59841,0.001286][0.899419,0.205915,-0.391026][0.902271,0.579542,0][0.079094,-1.59841,0.001286][0.899419,0.205915,-0.391026][0.902271,0.579542,0][0.087016,-1.73764,-0.033732][0.884567,0.356245,-0.308993][0.922873,0.579446,0][0.01629,-1.68158,-0.137626][0.638754,0.626162,-0.461632][0.916317,0.563653,0][-0.085708,-1.67323,-0.182058][0.312007,0.778768,-0.562391][0.916008,0.550533,0][-0.09805,-1.56084,-0.1314][0.281873,0.262535,-0.933881][0.898605,0.549026,0][0.002312,-1.56486,-0.090726][0.61677,0.222949,-0.763998][0.898764,0.563967,0][0.002312,-1.56486,-0.090726][0.61677,0.222949,-0.763998][0.898764,0.563967,0][0.01629,-1.68158,-0.137626][0.638754,0.626162,-0.461632][0.916317,0.563653,0][-0.085708,-1.67323,-0.182058][0.312007,0.778768,-0.562391][0.916008,0.550533,0][-0.190106,-1.62118,-0.182058][0.008995,0.741122,-0.687704][0.910084,0.538475,0][-0.167704,-1.51179,-0.1314][-0.13959,0.202958,-0.980392][0.892556,0.538199,0][-0.09805,-1.56084,-0.1314][0.281873,0.262535,-0.933881][0.898605,0.549026,0][-0.09805,-1.56084,-0.1314][0.281873,0.262535,-0.933881][0.898605,0.549026,0][-0.085708,-1.67323,-0.182058][0.312007,0.778768,-0.562391][0.916008,0.550533,0][-0.190106,-1.62118,-0.182058][0.008995,0.741122,-0.687704][0.910084,0.538475,0][-0.190106,-1.62118,-0.182058][0.008995,0.741122,-0.687704][0.910084,0.538475,0][-0.301652,-1.62953,-0.137626][-0.679321,0.620743,-0.406448][0.912369,0.52597,0][-0.274514,-1.51947,-0.092318][-0.709492,0.318798,-0.637223][0.894845,0.523268,0][-0.274514,-1.51947,-0.092318][-0.709492,0.318798,-0.637223][0.894845,0.523268,0][-0.167704,-1.51179,-0.1314][-0.13959,0.202958,-0.980392][0.892556,0.538199,0][-0.190106,-1.62118,-0.182058][0.008995,0.741122,-0.687704][0.910084,0.538475,0][-0.301652,-1.62953,-0.137626][-0.679321,0.620743,-0.406448][0.912369,0.52597,0][-0.387262,-1.73764,-0.033732][-0.909353,0.402688,-0.12156][0.92766,0.50872,0][-0.335926,-1.60405,0.004196][-0.912821,0.363746,-0.195351][0.906505,0.507602,0][-0.335926,-1.60405,0.004196][-0.912821,0.363746,-0.195351][0.906505,0.507602,0][-0.274514,-1.51947,-0.092318][-0.709492,0.318798,-0.637223][0.894845,0.523268,0][-0.301652,-1.62953,-0.137626][-0.679321,0.620743,-0.406448][0.912369,0.52597,0][-0.085708,-1.67323,-0.182058][0.312007,0.778768,-0.562391][0.625829,0.905725,0][-0.073342,-1.72416,-0.389124][0.16617,0.942787,-0.324354][0.598269,0.905584,0][-0.17878,-1.70376,-0.389124][0.04705,0.924204,-0.407265][0.597323,0.921703,0][-0.17878,-1.70376,-0.389124][0.04705,0.924204,-0.407265][0.597323,0.921703,0][-0.190106,-1.62118,-0.182058][0.008995,0.741122,-0.687704][0.626867,0.922275,0][-0.085708,-1.67323,-0.182058][0.312007,0.778768,-0.562391][0.625829,0.905725,0][-0.085708,-1.67323,-0.182058][0.312007,0.778768,-0.562391][0.625829,0.905725,0][0.01629,-1.68158,-0.137626][0.638754,0.626162,-0.461632][0.630731,0.889775,0][0.029672,-1.73313,-0.337374][0.405398,0.908232,-0.171425][0.603346,0.888123,0][0.029672,-1.73313,-0.337374][0.405398,0.908232,-0.171425][0.603346,0.888123,0][-0.073342,-1.72416,-0.389124][0.16617,0.942787,-0.324354][0.598269,0.905584,0][-0.085708,-1.67323,-0.182058][0.312007,0.778768,-0.562391][0.625829,0.905725,0][0.01629,-1.68158,-0.137626][0.638754,0.626162,-0.461632][0.630731,0.889775,0][0.087016,-1.73764,-0.033732][0.884567,0.356245,-0.308993][0.643113,0.875474,0][0.101456,-1.79359,-0.270682][0.762422,0.651525,0.059644][0.610388,0.872232,0][0.101456,-1.79359,-0.270682][0.762422,0.651525,0.059644][0.610388,0.872232,0][0.029672,-1.73313,-0.337374][0.405398,0.908232,-0.171425][0.603346,0.888123,0][0.01629,-1.68158,-0.137626][0.638754,0.626162,-0.461632][0.630731,0.889775,0][0.11556,-1.81487,-0.055752][0.941874,0.272673,-0.202576][0.638024,0.863891,0][0.130356,-1.85416,-0.24463][0.910285,0.356812,0.218825][0.61166,0.861743,0][0.101456,-1.79359,-0.270682][0.762422,0.651525,0.059644][0.610388,0.872232,0][0.101456,-1.79359,-0.270682][0.762422,0.651525,0.059644][0.610388,0.872232,0][0.087016,-1.73764,-0.033732][0.884567,0.356245,-0.308993][0.643113,0.875474,0][0.11556,-1.81487,-0.055752][0.941874,0.272673,-0.202576][0.638024,0.863891,0][0.130356,-1.85416,-0.24463][0.910285,0.356812,0.218825][0.61166,0.861743,0][0.11556,-1.81487,-0.055752][0.941874,0.272673,-0.202576][0.638024,0.863891,0][0.122206,-1.88037,-0.053762][0.844012,-0.47711,-0.257717][0.636833,0.854667,0][0.122206,-1.88037,-0.053762][0.844012,-0.47711,-0.257717][0.636833,0.854667,0][0.146372,-1.92824,-0.24658][0.646862,-0.662942,0.393744][0.609188,0.850584,0][0.130356,-1.85416,-0.24463][0.910285,0.356812,0.218825][0.61166,0.861743,0][0.146372,-1.92824,-0.24658][0.646862,-0.662942,0.393744][0.701424,0.935434,0][0.122206,-1.88037,-0.053762][0.844012,-0.47711,-0.257717][0.714691,0.934018,0][0.038916,-1.90905,-0.065484][0.160018,-0.979636,-0.190833][0.712972,0.9278,0][0.038916,-1.90905,-0.065484][0.160018,-0.979636,-0.190833][0.712972,0.9278,0][0.044082,-1.94417,-0.351262][-0.050261,-0.995475,0.169494][0.6941,0.92877,0][0.146372,-1.92824,-0.24658][0.646862,-0.662942,0.393744][0.701424,0.935434,0][0.044082,-1.94417,-0.351262][-0.050261,-0.995475,0.169494][0.6941,0.92877,0][0.038916,-1.90905,-0.065484][0.160018,-0.979636,-0.190833][0.712972,0.9278,0][-0.077736,-1.90905,-0.065484][-0.003198,-0.976628,-0.261663][0.712338,0.919527,0][-0.077736,-1.90905,-0.065484][-0.003198,-0.976628,-0.261663][0.712338,0.919527,0][-0.079566,-1.94417,-0.406902][-0.036725,-0.993862,0.182045][0.690181,0.920347,0][0.044082,-1.94417,-0.351262][-0.050261,-0.995475,0.169494][0.6941,0.92877,0][-0.077736,-1.90905,-0.065484][-0.003198,-0.976628,-0.261663][0.712338,0.919527,0][-0.197134,-1.90905,-0.065484][0.001825,-0.976253,-0.263072][0.711996,0.911478,0][-0.180622,-1.94417,-0.406902][0.023263,-0.99404,0.183338][0.689785,0.913179,0][-0.180622,-1.94417,-0.406902][0.023263,-0.99404,0.183338][0.689785,0.913179,0][-0.079566,-1.94417,-0.406902][-0.036725,-0.993862,0.182045][0.690181,0.920347,0][-0.077736,-1.90905,-0.065484][-0.003198,-0.976628,-0.261663][0.712338,0.919527,0][-0.197134,-1.90905,-0.065484][0.001825,-0.976253,-0.263072][0.711996,0.911478,0][-0.324708,-1.90905,-0.065484][-0.207261,-0.963222,-0.224876][0.711889,0.902206,0][-0.306188,-1.94417,-0.373388][-0.035833,-0.99263,0.188823][0.691463,0.904367,0][-0.306188,-1.94417,-0.373388][-0.035833,-0.99263,0.188823][0.691463,0.904367,0][-0.180622,-1.94417,-0.406902][0.023263,-0.99404,0.183338][0.689785,0.913179,0][-0.197134,-1.90905,-0.065484][0.001825,-0.976253,-0.263072][0.711996,0.911478,0][-0.324708,-1.90905,-0.065484][-0.207261,-0.963222,-0.224876][0.711889,0.902206,0][-0.395516,-1.88037,-0.053762][-0.699374,-0.656964,-0.301093][0.712376,0.89668,0][-0.385296,-1.92824,-0.3499][-0.407497,-0.868793,0.312613][0.692708,0.898809,0][-0.385296,-1.92824,-0.3499][-0.407497,-0.868793,0.312613][0.692708,0.898809,0][-0.306188,-1.94417,-0.373388][-0.035833,-0.99263,0.188823][0.691463,0.904367,0][-0.324708,-1.90905,-0.065484][-0.207261,-0.963222,-0.224876][0.711889,0.902206,0][-0.395516,-1.88037,-0.053762][-0.699374,-0.656964,-0.301093][0.635537,0.982425,0][-0.416242,-1.82724,-0.05966][-0.985086,0.050597,-0.166448][0.635741,0.974684,0][-0.432268,-1.85146,-0.331722][-0.949097,0.04494,0.315286][0.599203,0.971128,0][-0.432268,-1.85146,-0.331722][-0.949097,0.04494,0.315286][0.599203,0.971128,0][-0.385296,-1.92824,-0.3499][-0.407497,-0.868793,0.312613][0.597425,0.984641,0][-0.395516,-1.88037,-0.053762][-0.699374,-0.656964,-0.301093][0.635537,0.982425,0][-0.416242,-1.82724,-0.05966][-0.985086,0.050597,-0.166448][0.635741,0.974684,0][-0.387262,-1.73764,-0.033732][-0.909353,0.402688,-0.12156][0.641789,0.961356,0][-0.393016,-1.78645,-0.340258][-0.725047,0.693766,-0.059689][0.600568,0.959647,0][-0.393016,-1.78645,-0.340258][-0.725047,0.693766,-0.059689][0.600568,0.959647,0][-0.432268,-1.85146,-0.331722][-0.949097,0.04494,0.315286][0.599203,0.971128,0][-0.416242,-1.82724,-0.05966][-0.985086,0.050597,-0.166448][0.635741,0.974684,0][-0.301652,-1.62953,-0.137626][-0.679321,0.620743,-0.406448][0.632239,0.939483,0][-0.291438,-1.71273,-0.371676][-0.361596,0.873821,-0.353627][0.599854,0.939549,0][-0.393016,-1.78645,-0.340258][-0.725047,0.693766,-0.059689][0.600568,0.959647,0][-0.393016,-1.78645,-0.340258][-0.725047,0.693766,-0.059689][0.600568,0.959647,0][-0.387262,-1.73764,-0.033732][-0.909353,0.402688,-0.12156][0.641789,0.961356,0][-0.301652,-1.62953,-0.137626][-0.679321,0.620743,-0.406448][0.632239,0.939483,0][-0.190106,-1.62118,-0.182058][0.008995,0.741122,-0.687704][0.626867,0.922275,0][-0.17878,-1.70376,-0.389124][0.04705,0.924204,-0.407265][0.597323,0.921703,0][-0.291438,-1.71273,-0.371676][-0.361596,0.873821,-0.353627][0.599854,0.939549,0][-0.291438,-1.71273,-0.371676][-0.361596,0.873821,-0.353627][0.599854,0.939549,0][-0.301652,-1.62953,-0.137626][-0.679321,0.620743,-0.406448][0.632239,0.939483,0][-0.190106,-1.62118,-0.182058][0.008995,0.741122,-0.687704][0.626867,0.922275,0]