version 1.00
798
[-0.158776,0.18893,0.29691][-0.193287,-0.593633,0.794788][0.790477,0.632426,0][-0.073378,0.26139,0.312792][-0.016946,-0.181614,0.994487][0.783618,0.645956,0][-0.098144,0.29289,0.312294][-0.04319,-0.139382,1.00047][0.777418,0.64453,0][-0.098144,0.29289,0.312294][-0.04319,-0.139382,1.00047][0.777418,0.64453,0][-0.222752,0.26289,0.296878][-0.438918,-0.279433,0.86444][0.779966,0.627766,0][-0.158776,0.18893,0.29691][-0.193287,-0.593633,0.794788][0.790477,0.632426,0][-0.074882,0.18983,0.278884][0.177301,-0.711336,0.695806][0.795613,0.641495,0][-0.03693,0.24687,0.30944][0.068528,-0.370247,0.938295][0.788199,0.649443,0][-0.073378,0.26139,0.312792][-0.016946,-0.181614,0.994487][0.783618,0.645956,0][-0.073378,0.26139,0.312792][-0.016946,-0.181614,0.994487][0.783618,0.645956,0][-0.158776,0.18893,0.29691][-0.193287,-0.593633,0.794788][0.790477,0.632426,0][-0.074882,0.18983,0.278884][0.177301,-0.711336,0.695806][0.795613,0.641495,0][0.005824,0.20461,0.26341][-0.003467,-0.777354,0.646521][0.802227,0.651155,0][0.005806,0.24509,0.305066][0.00363,-0.463436,0.898607][0.791553,0.654615,0][-0.03693,0.24687,0.30944][0.068528,-0.370247,0.938295][0.788199,0.649443,0][-0.03693,0.24687,0.30944][0.068528,-0.370247,0.938295][0.788199,0.649443,0][-0.074882,0.18983,0.278884][0.177301,-0.711336,0.695806][0.795613,0.641495,0][0.005824,0.20461,0.26341][-0.003467,-0.777354,0.646521][0.802227,0.651155,0][0.048544,0.24687,0.309096][-0.075962,-0.368772,0.938291][0.789725,0.664758,0][0.005806,0.24509,0.305066][0.00363,-0.463436,0.898607][0.792373,0.659502,0][0.005824,0.20461,0.26341][-0.003467,-0.777354,0.646521][0.80384,0.660858,0][0.005824,0.20461,0.26341][-0.003467,-0.777354,0.646521][0.80384,0.660858,0][0.08795,0.18887,0.279652][-0.21356,-0.70099,0.695895][0.798575,0.671239,0][0.048544,0.24687,0.309096][-0.075962,-0.368772,0.938291][0.789725,0.664758,0][0.08513,0.26135,0.312982][0.003284,-0.174553,0.995892][0.784996,0.668351,0][0.048544,0.24687,0.309096][-0.075962,-0.368772,0.938291][0.789725,0.664758,0][0.08795,0.18887,0.279652][-0.21356,-0.70099,0.695895][0.798575,0.671239,0][0.08795,0.18887,0.279652][-0.21356,-0.70099,0.695895][0.798575,0.671239,0][0.171048,0.18167,0.298852][0.062088,-0.633105,0.785823][0.792948,0.679712,0][0.08513,0.26135,0.312982][0.003284,-0.174553,0.995892][0.784996,0.668351,0][0.109792,0.29301,0.312538][0.010381,-0.115512,1.0044][0.778381,0.670177,0][0.08513,0.26135,0.312982][0.003284,-0.174553,0.995892][0.784996,0.668351,0][0.171048,0.18167,0.298852][0.062088,-0.633105,0.785823][0.792948,0.679712,0][0.171048,0.18167,0.298852][0.062088,-0.633105,0.785823][0.792948,0.679712,0][0.232278,0.24617,0.317618][0.358722,-0.234101,0.914291][0.782271,0.684094,0][0.109792,0.29301,0.312538][0.010381,-0.115512,1.0044][0.778381,0.670177,0][0.231702,0.33741,0.312144][0.357814,0.320885,0.887936][0.770437,0.683669,0][0.1215,0.32721,0.320222][0.056021,0.096125,1.0049][0.772025,0.670914,0][0.109792,0.29301,0.312538][0.010381,-0.115512,1.0044][0.778381,0.670177,0][0.109792,0.29301,0.312538][0.010381,-0.115512,1.0044][0.778381,0.670177,0][0.232278,0.24617,0.317618][0.358722,-0.234101,0.914291][0.782271,0.684094,0][0.231702,0.33741,0.312144][0.357814,0.320885,0.887936][0.770437,0.683669,0][-0.222752,0.26289,0.296878][-0.438918,-0.279433,0.86444][0.779966,0.627766,0][-0.098144,0.29289,0.312294][-0.04319,-0.139382,1.00047][0.777418,0.64453,0][-0.109832,0.32701,0.320146][-0.056791,0.099965,1.00449][0.771543,0.644404,0][-0.109832,0.32701,0.320146][-0.056791,0.099965,1.00449][0.771543,0.644404,0][-0.238652,0.35131,0.30225][-0.440471,0.262653,0.868883][0.76815,0.628856,0][-0.222752,0.26289,0.296878][-0.438918,-0.279433,0.86444][0.779966,0.627766,0][-0.223266,0.13715,0.168752][-0.35377,-0.886239,0.330031][0.802194,0.619032,0][-0.158776,0.18893,0.29691][-0.193287,-0.593633,0.794788][0.790477,0.632426,0][-0.222752,0.26289,0.296878][-0.438918,-0.279433,0.86444][0.779966,0.627766,0][-0.222752,0.26289,0.296878][-0.438918,-0.279433,0.86444][0.779966,0.627766,0][-0.34619,0.22483,0.18587][-0.771448,-0.433581,0.475286][0.784658,0.611327,0][-0.223266,0.13715,0.168752][-0.35377,-0.886239,0.330031][0.802194,0.619032,0][-0.101384,0.12291,0.16631][0.06844,-0.965502,0.29206][0.813676,0.630238,0][-0.074882,0.18983,0.278884][0.177301,-0.711336,0.695806][0.795613,0.641495,0][-0.158776,0.18893,0.29691][-0.193287,-0.593633,0.794788][0.790477,0.632426,0][-0.158776,0.18893,0.29691][-0.193287,-0.593633,0.794788][0.790477,0.632426,0][-0.223266,0.13715,0.168752][-0.35377,-0.886239,0.330031][0.802194,0.619032,0][-0.101384,0.12291,0.16631][0.06844,-0.965502,0.29206][0.813676,0.630238,0][0.005842,0.14819,0.16602][-0.007656,-0.958992,0.320242][0.819979,0.643196,0][0.005824,0.20461,0.26341][-0.003467,-0.777354,0.646521][0.802227,0.651155,0][-0.074882,0.18983,0.278884][0.177301,-0.711336,0.695806][0.795613,0.641495,0][-0.074882,0.18983,0.278884][0.177301,-0.711336,0.695806][0.795613,0.641495,0][-0.101384,0.12291,0.16631][0.06844,-0.965502,0.29206][0.813676,0.630238,0][0.005842,0.14819,0.16602][-0.007656,-0.958992,0.320242][0.819979,0.643196,0][0.08795,0.18887,0.279652][-0.21356,-0.70099,0.695895][0.798575,0.671239,0][0.005824,0.20461,0.26341][-0.003467,-0.777354,0.646521][0.80384,0.660858,0][0.005842,0.14819,0.16602][-0.007656,-0.958992,0.320242][0.822244,0.666043,0][0.005842,0.14819,0.16602][-0.007656,-0.958992,0.320242][0.822244,0.666043,0][0.11603,0.12029,0.166358][-0.124813,-0.964717,0.275092][0.816923,0.680943,0][0.08795,0.18887,0.279652][-0.21356,-0.70099,0.695895][0.798575,0.671239,0][0.171048,0.18167,0.298852][0.062088,-0.633105,0.785823][0.792948,0.679712,0][0.08795,0.18887,0.279652][-0.21356,-0.70099,0.695895][0.798575,0.671239,0][0.11603,0.12029,0.166358][-0.124813,-0.964717,0.275092][0.816923,0.680943,0][0.11603,0.12029,0.166358][-0.124813,-0.964717,0.275092][0.816923,0.680943,0][0.232722,0.122828,0.186216][0.296454,-0.911336,0.319224][0.804242,0.692209,0][0.171048,0.18167,0.298852][0.062088,-0.633105,0.785823][0.792948,0.679712,0][0.232278,0.24617,0.317618][0.358722,-0.234101,0.914291][0.782271,0.684094,0][0.171048,0.18167,0.298852][0.062088,-0.633105,0.785823][0.792948,0.679712,0][0.232722,0.122828,0.186216][0.296454,-0.911336,0.319224][0.804242,0.692209,0][0.232722,0.122828,0.186216][0.296454,-0.911336,0.319224][0.804242,0.692209,0][0.33947,0.20935,0.213138][0.78076,-0.411194,0.479616][0.788075,0.69915,0][0.232278,0.24617,0.317618][0.358722,-0.234101,0.914291][0.782271,0.684094,0][0.332656,0.34753,0.21196][0.810472,0.36374,0.467412][0.771764,0.69917,0][0.231702,0.33741,0.312144][0.357814,0.320885,0.887936][0.770437,0.683669,0][0.232278,0.24617,0.317618][0.358722,-0.234101,0.914291][0.782271,0.684094,0][0.232278,0.24617,0.317618][0.358722,-0.234101,0.914291][0.782271,0.684094,0][0.33947,0.20935,0.213138][0.78076,-0.411194,0.479616][0.788075,0.69915,0][0.332656,0.34753,0.21196][0.810472,0.36374,0.467412][0.771764,0.69917,0][-0.222752,0.26289,0.296878][-0.438918,-0.279433,0.86444][0.779966,0.627766,0][-0.238652,0.35131,0.30225][-0.440471,0.262653,0.868883][0.76815,0.628856,0][-0.349712,0.36349,0.181544][-0.826737,0.368045,0.433705][0.766579,0.610282,0][-0.349712,0.36349,0.181544][-0.826737,0.368045,0.433705][0.766579,0.610282,0][-0.34619,0.22483,0.18587][-0.771448,-0.433581,0.475286][0.784658,0.611327,0][-0.222752,0.26289,0.296878][-0.438918,-0.279433,0.86444][0.779966,0.627766,0][-0.24133,0.12529,0.002736][-0.380859,-0.934877,0.000903][0.816261,0.602591,0][-0.223266,0.13715,0.168752][-0.35377,-0.886239,0.330031][0.802194,0.619032,0][-0.34619,0.22483,0.18587][-0.771448,-0.433581,0.475286][0.784658,0.611327,0][-0.34619,0.22483,0.18587][-0.771448,-0.433581,0.475286][0.784658,0.611327,0][-0.383704,0.21725,0.000614][-0.884906,-0.470929,-0.000481][0.789121,0.589018,0][-0.24133,0.12529,0.002736][-0.380859,-0.934877,0.000903][0.816261,0.602591,0][-0.108332,0.10163,0.002736][0.033959,-1.0105,0.000165][0.830833,0.616546,0][-0.101384,0.12291,0.16631][0.06844,-0.965502,0.29206][0.813676,0.630238,0][-0.223266,0.13715,0.168752][-0.35377,-0.886239,0.330031][0.802194,0.619032,0][-0.223266,0.13715,0.168752][-0.35377,-0.886239,0.330031][0.802194,0.619032,0][-0.24133,0.12529,0.002736][-0.380859,-0.934877,0.000903][0.816261,0.602591,0][-0.108332,0.10163,0.002736][0.033959,-1.0105,0.000165][0.830833,0.616546,0][0.005848,0.12839,0.002736][-0.006921,-1.01105,0.000178][0.837786,0.630287,0][0.005842,0.14819,0.16602][-0.007656,-0.958992,0.320242][0.819979,0.643196,0][-0.101384,0.12291,0.16631][0.06844,-0.965502,0.29206][0.813676,0.630238,0][-0.101384,0.12291,0.16631][0.06844,-0.965502,0.29206][0.813676,0.630238,0][-0.108332,0.10163,0.002736][0.033959,-1.0105,0.000165][0.830833,0.616546,0][0.005848,0.12839,0.002736][-0.006921,-1.01105,0.000178][0.837786,0.630287,0][0.11603,0.12029,0.166358][-0.124813,-0.964717,0.275092][0.816923,0.680943,0][0.005842,0.14819,0.16602][-0.007656,-0.958992,0.320242][0.822244,0.666043,0][0.005848,0.12839,0.002736][-0.006921,-1.01105,0.000178][0.840996,0.678925,0][0.005848,0.12839,0.002736][-0.006921,-1.01105,0.000178][0.840996,0.678925,0][0.12318,0.09943,0.002736][-0.064278,-1.00899,4.3e-05][0.831295,0.694948,0][0.11603,0.12029,0.166358][-0.124813,-0.964717,0.275092][0.816923,0.680943,0][0.248166,0.11225,0.002736][0.332181,-0.953666,0.000496][0.820664,0.711947,0][0.232722,0.122828,0.186216][0.296454,-0.911336,0.319224][0.804242,0.692209,0][0.11603,0.12029,0.166358][-0.124813,-0.964717,0.275092][0.816923,0.680943,0][0.11603,0.12029,0.166358][-0.124813,-0.964717,0.275092][0.816923,0.680943,0][0.12318,0.09943,0.002736][-0.064278,-1.00899,4.3e-05][0.831295,0.694948,0][0.248166,0.11225,0.002736][0.332181,-0.953666,0.000496][0.820664,0.711947,0][0.33947,0.20935,0.213138][0.78076,-0.411194,0.479616][0.788075,0.69915,0][0.232722,0.122828,0.186216][0.296454,-0.911336,0.319224][0.804242,0.692209,0][0.248166,0.11225,0.002736][0.332181,-0.953666,0.000496][0.820664,0.711947,0][0.248166,0.11225,0.002736][0.332181,-0.953666,0.000496][0.820664,0.711947,0][0.39353,0.20179,0.001734][0.901466,-0.437645,-0.00098][0.791412,0.724001,0][0.33947,0.20935,0.213138][0.78076,-0.411194,0.479616][0.788075,0.69915,0][0.332656,0.34753,0.21196][0.810472,0.36374,0.467412][0.771764,0.69917,0][0.33947,0.20935,0.213138][0.78076,-0.411194,0.479616][0.788075,0.69915,0][0.39353,0.20179,0.001734][0.901466,-0.437645,-0.00098][0.791412,0.724001,0][0.39353,0.20179,0.001734][0.901466,-0.437645,-0.00098][0.791412,0.724001,0][0.381138,0.35303,-0.003914][0.922217,0.390931,-0.004464][0.767399,0.72516,0][0.332656,0.34753,0.21196][0.810472,0.36374,0.467412][0.771764,0.69917,0][-0.383704,0.21725,0.000614][-0.884906,-0.470929,-0.000481][0.789121,0.589018,0][-0.34619,0.22483,0.18587][-0.771448,-0.433581,0.475286][0.784658,0.611327,0][-0.349712,0.36349,0.181544][-0.826737,0.368045,0.433705][0.766579,0.610282,0][-0.349712,0.36349,0.181544][-0.826737,0.368045,0.433705][0.766579,0.610282,0][-0.38364,0.36621,-0.00613][-0.921637,0.392334,-0.003851][0.761554,0.587575,0][-0.383704,0.21725,0.000614][-0.884906,-0.470929,-0.000481][0.789121,0.589018,0][-0.24133,0.12529,0.002736][-0.380859,-0.934877,0.000903][0.635383,0.712694,0][-0.383704,0.21725,0.000614][-0.884906,-0.470929,-0.000481][0.666048,0.697957,0][-0.34619,0.22483,-0.185482][-0.77089,-0.454752,-0.456036][0.665343,0.72039,0][-0.34619,0.22483,-0.185482][-0.77089,-0.454752,-0.456036][0.665343,0.72039,0][-0.223266,0.13715,-0.164048][-0.349174,-0.892171,-0.318861][0.649662,0.73208,0][-0.24133,0.12529,0.002736][-0.380859,-0.934877,0.000903][0.635383,0.712694,0][-0.108332,0.10163,0.002736][0.033959,-1.0105,0.000165][0.618754,0.726636,0][-0.24133,0.12529,0.002736][-0.380859,-0.934877,0.000903][0.635383,0.712694,0][-0.223266,0.13715,-0.164048][-0.349174,-0.892171,-0.318861][0.649662,0.73208,0][-0.223266,0.13715,-0.164048][-0.349174,-0.892171,-0.318861][0.649662,0.73208,0][-0.101384,0.12291,-0.161162][0.067226,-0.968104,-0.283612][0.635414,0.740737,0][-0.108332,0.10163,0.002736][0.033959,-1.0105,0.000165][0.618754,0.726636,0][0.005848,0.12839,0.002736][-0.006921,-1.01105,0.000178][0.612096,0.739241,0][-0.108332,0.10163,0.002736][0.033959,-1.0105,0.000165][0.618754,0.726636,0][-0.101384,0.12291,-0.161162][0.067226,-0.968104,-0.283612][0.635414,0.740737,0][-0.101384,0.12291,-0.161162][0.067226,-0.968104,-0.283612][0.635414,0.740737,0][0.005842,0.14819,-0.161452][-0.007166,-0.962855,-0.308445][0.626682,0.751498,0][0.005848,0.12839,0.002736][-0.006921,-1.01105,0.000178][0.612096,0.739241,0][0.11603,0.12029,-0.161][-0.122822,-0.967049,-0.267724][0.634054,0.788007,0][0.12318,0.09943,0.002736][-0.064278,-1.00899,4.3e-05][0.616768,0.801932,0][0.005848,0.12839,0.002736][-0.006921,-1.01105,0.000178][0.609442,0.783485,0][0.005848,0.12839,0.002736][-0.006921,-1.01105,0.000178][0.609442,0.783485,0][0.005842,0.14819,-0.161452][-0.007166,-0.962855,-0.308445][0.627751,0.772374,0][0.11603,0.12029,-0.161][-0.122822,-0.967049,-0.267724][0.634054,0.788007,0][0.248166,0.11225,0.002736][0.332181,-0.953666,0.000496][0.627576,0.819668,0][0.12318,0.09943,0.002736][-0.064278,-1.00899,4.3e-05][0.616768,0.801932,0][0.11603,0.12029,-0.161][-0.122822,-0.967049,-0.267724][0.634054,0.788007,0][0.11603,0.12029,-0.161][-0.122822,-0.967049,-0.267724][0.634054,0.788007,0][0.232722,0.122828,-0.180972][0.294557,-0.915186,-0.309869][0.644715,0.801382,0][0.248166,0.11225,0.002736][0.332181,-0.953666,0.000496][0.627576,0.819668,0][0.33947,0.20935,-0.210782][0.782778,-0.426903,-0.462212][0.659964,0.811153,0][0.39353,0.20179,0.001734][0.901466,-0.437645,-0.00098][0.650213,0.835751,0][0.248166,0.11225,0.002736][0.332181,-0.953666,0.000496][0.627576,0.819668,0][0.248166,0.11225,0.002736][0.332181,-0.953666,0.000496][0.627576,0.819668,0][0.232722,0.122828,-0.180972][0.294557,-0.915186,-0.309869][0.644715,0.801382,0][0.33947,0.20935,-0.210782][0.782778,-0.426903,-0.462212][0.659964,0.811153,0][0.381138,0.35303,-0.003914][0.922217,0.390931,-0.004464][0.673691,0.83922,0][0.39353,0.20179,0.001734][0.901466,-0.437645,-0.00098][0.650213,0.835751,0][0.33947,0.20935,-0.210782][0.782778,-0.426903,-0.462212][0.659964,0.811153,0][0.33947,0.20935,-0.210782][0.782778,-0.426903,-0.462212][0.659964,0.811153,0][0.332656,0.34753,-0.22064][0.827832,0.32347,-0.465911][0.677119,0.811765,0][0.381138,0.35303,-0.003914][0.922217,0.390931,-0.004464][0.673691,0.83922,0][-0.34619,0.22483,-0.185482][-0.77089,-0.454752,-0.456036][0.665343,0.72039,0][-0.383704,0.21725,0.000614][-0.884906,-0.470929,-0.000481][0.666048,0.697957,0][-0.38364,0.36621,-0.00613][-0.921637,0.392334,-0.003851][0.687936,0.696127,0][-0.38364,0.36621,-0.00613][-0.921637,0.392334,-0.003851][0.687936,0.696127,0][-0.349712,0.36349,-0.194072][-0.824828,0.349746,-0.45217][0.683831,0.720614,0][-0.34619,0.22483,-0.185482][-0.77089,-0.454752,-0.456036][0.665343,0.72039,0][-0.223266,0.13715,-0.164048][-0.349174,-0.892171,-0.318861][0.649662,0.73208,0][-0.34619,0.22483,-0.185482][-0.77089,-0.454752,-0.456036][0.665343,0.72039,0][-0.222752,0.26289,-0.30121][-0.453332,-0.348521,-0.831099][0.674931,0.743139,0][-0.222752,0.26289,-0.30121][-0.453332,-0.348521,-0.831099][0.674931,0.743139,0][-0.158776,0.18893,-0.296186][-0.204696,-0.641011,-0.754024][0.662049,0.74604,0][-0.223266,0.13715,-0.164048][-0.349174,-0.892171,-0.318861][0.649662,0.73208,0][-0.101384,0.12291,-0.161162][0.067226,-0.968104,-0.283612][0.635414,0.740737,0][-0.223266,0.13715,-0.164048][-0.349174,-0.892171,-0.318861][0.649662,0.73208,0][-0.158776,0.18893,-0.296186][-0.204696,-0.641011,-0.754024][0.662049,0.74604,0][-0.158776,0.18893,-0.296186][-0.204696,-0.641011,-0.754024][0.662049,0.74604,0][-0.074882,0.18983,-0.279616][0.16351,-0.755489,-0.651295][0.654915,0.752241,0][-0.101384,0.12291,-0.161162][0.067226,-0.968104,-0.283612][0.635414,0.740737,0][0.005842,0.14819,-0.161452][-0.007166,-0.962855,-0.308445][0.626682,0.751498,0][-0.101384,0.12291,-0.161162][0.067226,-0.968104,-0.283612][0.635414,0.740737,0][-0.074882,0.18983,-0.279616][0.16351,-0.755489,-0.651295][0.654915,0.752241,0][-0.074882,0.18983,-0.279616][0.16351,-0.755489,-0.651295][0.654915,0.752241,0][0.005824,0.20461,-0.265906][-0.002014,-0.813774,-0.60004][0.648697,0.761,0][0.005842,0.14819,-0.161452][-0.007166,-0.962855,-0.308445][0.626682,0.751498,0][0.087954,0.18887,-0.279832][-0.197128,-0.746196,-0.652494][0.653862,0.78103,0][0.11603,0.12029,-0.161][-0.122822,-0.967049,-0.267724][0.634054,0.788007,0][0.005842,0.14819,-0.161452][-0.007166,-0.962855,-0.308445][0.627751,0.772374,0][0.005842,0.14819,-0.161452][-0.007166,-0.962855,-0.308445][0.627751,0.772374,0][0.005824,0.20461,-0.265906][-0.002014,-0.813774,-0.60004][0.648038,0.769293,0][0.087954,0.18887,-0.279832][-0.197128,-0.746196,-0.652494][0.653862,0.78103,0][0.171048,0.181668,-0.297088][0.077921,-0.67533,-0.748334][0.657941,0.790514,0][0.232722,0.122828,-0.180972][0.294557,-0.915186,-0.309869][0.644715,0.801382,0][0.11603,0.12029,-0.161][-0.122822,-0.967049,-0.267724][0.634054,0.788007,0][0.11603,0.12029,-0.161][-0.122822,-0.967049,-0.267724][0.634054,0.788007,0][0.087954,0.18887,-0.279832][-0.197128,-0.746196,-0.652494][0.653862,0.78103,0][0.171048,0.181668,-0.297088][0.077921,-0.67533,-0.748334][0.657941,0.790514,0][0.232278,0.24617,-0.31942][0.380961,-0.296592,-0.886538][0.667115,0.796289,0][0.33947,0.20935,-0.210782][0.782778,-0.426903,-0.462212][0.659964,0.811153,0][0.232722,0.122828,-0.180972][0.294557,-0.915186,-0.309869][0.644715,0.801382,0][0.232722,0.122828,-0.180972][0.294557,-0.915186,-0.309869][0.644715,0.801382,0][0.171048,0.181668,-0.297088][0.077921,-0.67533,-0.748334][0.657941,0.790514,0][0.232278,0.24617,-0.31942][0.380961,-0.296592,-0.886538][0.667115,0.796289,0][0.332656,0.34753,-0.22064][0.827832,0.32347,-0.465911][0.677119,0.811765,0][0.33947,0.20935,-0.210782][0.782778,-0.426903,-0.462212][0.659964,0.811153,0][0.232278,0.24617,-0.31942][0.380961,-0.296592,-0.886538][0.667115,0.796289,0][0.232278,0.24617,-0.31942][0.380961,-0.296592,-0.886538][0.667115,0.796289,0][0.231702,0.33741,-0.323016][0.398785,0.242296,-0.894987][0.679206,0.797547,0][0.332656,0.34753,-0.22064][0.827832,0.32347,-0.465911][0.677119,0.811765,0][-0.222752,0.26289,-0.30121][-0.453332,-0.348521,-0.831099][0.674931,0.743139,0][-0.34619,0.22483,-0.185482][-0.77089,-0.454752,-0.456036][0.665343,0.72039,0][-0.349712,0.36349,-0.194072][-0.824828,0.349746,-0.45217][0.683831,0.720614,0][-0.349712,0.36349,-0.194072][-0.824828,0.349746,-0.45217][0.683831,0.720614,0][-0.238652,0.35131,-0.315912][-0.483708,0.210629,-0.859494][0.686695,0.742486,0][-0.222752,0.26289,-0.30121][-0.453332,-0.348521,-0.831099][0.674931,0.743139,0][-0.158776,0.18893,-0.296186][-0.204696,-0.641011,-0.754024][0.662049,0.74604,0][-0.222752,0.26289,-0.30121][-0.453332,-0.348521,-0.831099][0.674931,0.743139,0][-0.09811,0.29295,-0.326398][-0.077355,-0.253525,-0.975648][0.676609,0.756881,0][-0.09811,0.29295,-0.326398][-0.077355,-0.253525,-0.975648][0.676609,0.756881,0][-0.073378,0.26139,-0.323776][-0.041395,-0.296459,-0.965734][0.669823,0.75778,0][-0.158776,0.18893,-0.296186][-0.204696,-0.641011,-0.754024][0.662049,0.74604,0][-0.074882,0.18983,-0.279616][0.16351,-0.755489,-0.651295][0.654915,0.752241,0][-0.158776,0.18893,-0.296186][-0.204696,-0.641011,-0.754024][0.662049,0.74604,0][-0.073378,0.26139,-0.323776][-0.041395,-0.296459,-0.965734][0.669823,0.75778,0][-0.073378,0.26139,-0.323776][-0.041395,-0.296459,-0.965734][0.669823,0.75778,0][-0.036936,0.24687,-0.31916][0.048413,-0.473856,-0.891821][0.665115,0.760842,0][-0.074882,0.18983,-0.279616][0.16351,-0.755489,-0.651295][0.654915,0.752241,0][0.005824,0.20461,-0.265906][-0.002014,-0.813774,-0.60004][0.648697,0.761,0][-0.074882,0.18983,-0.279616][0.16351,-0.755489,-0.651295][0.654915,0.752241,0][-0.036936,0.24687,-0.31916][0.048413,-0.473856,-0.891821][0.665115,0.760842,0][-0.036936,0.24687,-0.31916][0.048413,-0.473856,-0.891821][0.665115,0.760842,0][0.005806,0.24509,-0.315244][0.00434,-0.555161,-0.84502][0.662099,0.765618,0][0.005824,0.20461,-0.265906][-0.002014,-0.813774,-0.60004][0.648697,0.761,0][0.048546,0.24687,-0.318718][-0.04889,-0.471762,-0.892904][0.664125,0.775467,0][0.087954,0.18887,-0.279832][-0.197128,-0.746196,-0.652494][0.653862,0.78103,0][0.005824,0.20461,-0.265906][-0.002014,-0.813774,-0.60004][0.648038,0.769293,0][0.005824,0.20461,-0.265906][-0.002014,-0.813774,-0.60004][0.648038,0.769293,0][0.005806,0.24509,-0.315244][0.00434,-0.555161,-0.84502][0.661409,0.769379,0][0.048546,0.24687,-0.318718][-0.04889,-0.471762,-0.892904][0.664125,0.775467,0][0.085134,0.26135,-0.323388][0.031634,-0.289872,-0.968108][0.668622,0.780376,0][0.171048,0.181668,-0.297088][0.077921,-0.67533,-0.748334][0.657941,0.790514,0][0.087954,0.18887,-0.279832][-0.197128,-0.746196,-0.652494][0.653862,0.78103,0][0.087954,0.18887,-0.279832][-0.197128,-0.746196,-0.652494][0.653862,0.78103,0][0.048546,0.24687,-0.318718][-0.04889,-0.471762,-0.892904][0.664125,0.775467,0][0.085134,0.26135,-0.323388][0.031634,-0.289872,-0.968108][0.668622,0.780376,0][0.109746,0.29307,-0.326146][0.051724,-0.228256,-0.983588][0.675157,0.783665,0][0.232278,0.24617,-0.31942][0.380961,-0.296592,-0.886538][0.667115,0.796289,0][0.171048,0.181668,-0.297088][0.077921,-0.67533,-0.748334][0.657941,0.790514,0][0.171048,0.181668,-0.297088][0.077921,-0.67533,-0.748334][0.657941,0.790514,0][0.085134,0.26135,-0.323388][0.031634,-0.289872,-0.968108][0.668622,0.780376,0][0.109746,0.29307,-0.326146][0.051724,-0.228256,-0.983588][0.675157,0.783665,0][0.231702,0.33741,-0.323016][0.398785,0.242296,-0.894987][0.679206,0.797547,0][0.232278,0.24617,-0.31942][0.380961,-0.296592,-0.886538][0.667115,0.796289,0][0.109746,0.29307,-0.326146][0.051724,-0.228256,-0.983588][0.675157,0.783665,0][0.109746,0.29307,-0.326146][0.051724,-0.228256,-0.983588][0.675157,0.783665,0][0.121378,0.32735,-0.337478][0.107792,-0.004993,-1.00518][0.681599,0.785751,0][0.231702,0.33741,-0.323016][0.398785,0.242296,-0.894987][0.679206,0.797547,0][-0.222752,0.26289,-0.30121][-0.453332,-0.348521,-0.831099][0.674931,0.743139,0][-0.238652,0.35131,-0.315912][-0.483708,0.210629,-0.859494][0.686695,0.742486,0][-0.109718,0.32715,-0.338028][-0.096635,-0.001702,-1.00635][0.683467,0.757375,0][-0.109718,0.32715,-0.338028][-0.096635,-0.001702,-1.00635][0.683467,0.757375,0][-0.09811,0.29295,-0.326398][-0.077355,-0.253525,-0.975648][0.676609,0.756881,0][-0.222752,0.26289,-0.30121][-0.453332,-0.348521,-0.831099][0.674931,0.743139,0][-0.073378,0.26139,0.312792][-0.016946,-0.181614,0.994487][0.783618,0.645956,0][0.005934,0.32607,0.314628][-0.000364,0.099384,1.00618][0.775865,0.657864,0][-0.098144,0.29289,0.312294][-0.04319,-0.139382,1.00047][0.777418,0.64453,0][-0.03693,0.24687,0.30944][0.068528,-0.370247,0.938295][0.788199,0.649443,0][0.005934,0.32607,0.314628][-0.000364,0.099384,1.00618][0.775865,0.657864,0][-0.073378,0.26139,0.312792][-0.016946,-0.181614,0.994487][0.783618,0.645956,0][0.005806,0.24509,0.305066][0.00363,-0.463436,0.898607][0.791553,0.654615,0][0.005934,0.32607,0.314628][-0.000364,0.099384,1.00618][0.775865,0.657864,0][-0.03693,0.24687,0.30944][0.068528,-0.370247,0.938295][0.788199,0.649443,0][0.048544,0.24687,0.309096][-0.075962,-0.368772,0.938291][0.789725,0.664758,0][0.005934,0.32607,0.314628][-0.000364,0.099384,1.00618][0.775865,0.657864,0][0.005806,0.24509,0.305066][0.00363,-0.463436,0.898607][0.792373,0.659502,0][0.08513,0.26135,0.312982][0.003284,-0.174553,0.995892][0.784996,0.668351,0][0.005934,0.32607,0.314628][-0.000364,0.099384,1.00618][0.775865,0.657864,0][0.048544,0.24687,0.309096][-0.075962,-0.368772,0.938291][0.789725,0.664758,0][0.109792,0.29301,0.312538][0.010381,-0.115512,1.0044][0.778381,0.670177,0][0.005934,0.32607,0.314628][-0.000364,0.099384,1.00618][0.775865,0.657864,0][0.08513,0.26135,0.312982][0.003284,-0.174553,0.995892][0.784996,0.668351,0][0.1215,0.32721,0.320222][0.056021,0.096125,1.0049][0.772025,0.670914,0][0.005934,0.32607,0.314628][-0.000364,0.099384,1.00618][0.775865,0.657864,0][0.109792,0.29301,0.312538][0.010381,-0.115512,1.0044][0.778381,0.670177,0][-0.098144,0.29289,0.312294][-0.04319,-0.139382,1.00047][0.777418,0.64453,0][0.005934,0.32607,0.314628][-0.000364,0.099384,1.00618][0.775865,0.657864,0][-0.109832,0.32701,0.320146][-0.056791,0.099965,1.00449][0.771543,0.644404,0][-0.09811,0.29295,-0.326398][-0.077355,-0.253525,-0.975648][0.676609,0.756881,0][0.005928,0.32627,-0.335622][0.002439,-0.009006,-1.01104][0.679516,0.770842,0][-0.073378,0.26139,-0.323776][-0.041395,-0.296459,-0.965734][0.669823,0.75778,0][-0.073378,0.26139,-0.323776][-0.041395,-0.296459,-0.965734][0.669823,0.75778,0][0.005928,0.32627,-0.335622][0.002439,-0.009006,-1.01104][0.679516,0.770842,0][-0.036936,0.24687,-0.31916][0.048413,-0.473856,-0.891821][0.665115,0.760842,0][-0.036936,0.24687,-0.31916][0.048413,-0.473856,-0.891821][0.665115,0.760842,0][0.005928,0.32627,-0.335622][0.002439,-0.009006,-1.01104][0.679516,0.770842,0][0.005806,0.24509,-0.315244][0.00434,-0.555161,-0.84502][0.662099,0.765618,0][0.005806,0.24509,-0.315244][0.00434,-0.555161,-0.84502][0.661409,0.769379,0][0.005928,0.32627,-0.335622][0.002439,-0.009006,-1.01104][0.679516,0.770842,0][0.048546,0.24687,-0.318718][-0.04889,-0.471762,-0.892904][0.664125,0.775467,0][0.048546,0.24687,-0.318718][-0.04889,-0.471762,-0.892904][0.664125,0.775467,0][0.005928,0.32627,-0.335622][0.002439,-0.009006,-1.01104][0.679516,0.770842,0][0.085134,0.26135,-0.323388][0.031634,-0.289872,-0.968108][0.668622,0.780376,0][0.085134,0.26135,-0.323388][0.031634,-0.289872,-0.968108][0.668622,0.780376,0][0.005928,0.32627,-0.335622][0.002439,-0.009006,-1.01104][0.679516,0.770842,0][0.109746,0.29307,-0.326146][0.051724,-0.228256,-0.983588][0.675157,0.783665,0][0.109746,0.29307,-0.326146][0.051724,-0.228256,-0.983588][0.675157,0.783665,0][0.005928,0.32627,-0.335622][0.002439,-0.009006,-1.01104][0.679516,0.770842,0][0.121378,0.32735,-0.337478][0.107792,-0.004993,-1.00518][0.681599,0.785751,0][-0.109718,0.32715,-0.338028][-0.096635,-0.001702,-1.00635][0.683467,0.757375,0][0.005928,0.32627,-0.335622][0.002439,-0.009006,-1.01104][0.679516,0.770842,0][-0.09811,0.29295,-0.326398][-0.077355,-0.253525,-0.975648][0.676609,0.756881,0][0.1215,0.32721,0.320222][0.056021,0.096125,1.0049][0.772025,0.670914,0][0.231702,0.33741,0.312144][0.357814,0.320885,0.887936][0.770437,0.683669,0][0.190088,0.47051,0.21922][0.528687,0.580634,0.631987][0.748498,0.683771,0][0.190088,0.47051,0.21922][0.528687,0.580634,0.631987][0.748498,0.683771,0][0.100936,0.47919,0.265966][0.277523,0.431456,0.870282][0.745565,0.669645,0][0.1215,0.32721,0.320222][0.056021,0.096125,1.0049][0.772025,0.670914,0][-0.18035,0.47531,0.215984][-0.534515,0.506111,0.68852][0.74355,0.635099,0][-0.238652,0.35131,0.30225][-0.440471,0.262653,0.868883][0.76815,0.628856,0][-0.109832,0.32701,0.320146][-0.056791,0.099965,1.00449][0.771543,0.644404,0][-0.109832,0.32701,0.320146][-0.056791,0.099965,1.00449][0.771543,0.644404,0][-0.089806,0.47919,0.266032][-0.263423,0.384385,0.896433][0.74536,0.647698,0][-0.18035,0.47531,0.215984][-0.534515,0.506111,0.68852][0.74355,0.635099,0][0.190088,0.47051,0.21922][0.528687,0.580634,0.631987][0.748498,0.683771,0][0.231702,0.33741,0.312144][0.357814,0.320885,0.887936][0.770437,0.683669,0][0.332656,0.34753,0.21196][0.810472,0.36374,0.467412][0.771764,0.69917,0][0.332656,0.34753,0.21196][0.810472,0.36374,0.467412][0.771764,0.69917,0][0.253674,0.460968,0.127292][0.729634,0.639695,0.262382][0.750476,0.70032,0][0.190088,0.47051,0.21922][0.528687,0.580634,0.631987][0.748498,0.683771,0][-0.349712,0.36349,0.181544][-0.826737,0.368045,0.433705][0.766579,0.610282,0][-0.238652,0.35131,0.30225][-0.440471,0.262653,0.868883][0.76815,0.628856,0][-0.18035,0.47531,0.215984][-0.534515,0.506111,0.68852][0.74355,0.635099,0][-0.18035,0.47531,0.215984][-0.534515,0.506111,0.68852][0.74355,0.635099,0][-0.245362,0.47103,0.111282][-0.78632,0.550266,0.295657][0.740723,0.616585,0][-0.349712,0.36349,0.181544][-0.826737,0.368045,0.433705][0.766579,0.610282,0][0.253674,0.460968,0.127292][0.729634,0.639695,0.262382][0.750476,0.70032,0][0.332656,0.34753,0.21196][0.810472,0.36374,0.467412][0.771764,0.69917,0][0.381138,0.35303,-0.003914][0.922217,0.390931,-0.004464][0.767399,0.72516,0][0.381138,0.35303,-0.003914][0.922217,0.390931,-0.004464][0.767399,0.72516,0][0.272372,0.46331,-0.01287][0.780487,0.632098,0.001135][0.744919,0.717805,0][0.253674,0.460968,0.127292][0.729634,0.639695,0.262382][0.750476,0.70032,0][-0.38364,0.36621,-0.00613][-0.921637,0.392334,-0.003851][0.761554,0.587575,0][-0.349712,0.36349,0.181544][-0.826737,0.368045,0.433705][0.766579,0.610282,0][-0.245362,0.47103,0.111282][-0.78632,0.550266,0.295657][0.740723,0.616585,0][-0.245362,0.47103,0.111282][-0.78632,0.550266,0.295657][0.740723,0.616585,0][-0.265506,0.47213,-0.0158][-0.863574,0.5098,0.002888][0.738898,0.598313,0][-0.38364,0.36621,-0.00613][-0.921637,0.392334,-0.003851][0.761554,0.587575,0][0.381138,0.35303,-0.003914][0.922217,0.390931,-0.004464][0.673691,0.83922,0][0.332656,0.34753,-0.22064][0.827832,0.32347,-0.465911][0.677119,0.811765,0][0.253674,0.460968,-0.15303][0.753787,0.608981,-0.265648][0.699749,0.815052,0][0.253674,0.460968,-0.15303][0.753787,0.608981,-0.265648][0.699749,0.815052,0][0.272372,0.46331,-0.01287][0.780487,0.632098,0.001135][0.700358,0.833335,0][0.381138,0.35303,-0.003914][0.922217,0.390931,-0.004464][0.673691,0.83922,0][-0.245618,0.47121,-0.142734][-0.812317,0.484622,-0.335948][0.706753,0.72537,0][-0.349712,0.36349,-0.194072][-0.824828,0.349746,-0.45217][0.683831,0.720614,0][-0.38364,0.36621,-0.00613][-0.921637,0.392334,-0.003851][0.687936,0.696127,0][-0.38364,0.36621,-0.00613][-0.921637,0.392334,-0.003851][0.687936,0.696127,0][-0.265506,0.47213,-0.0158][-0.863574,0.5098,0.002888][0.713952,0.70943,0][-0.245618,0.47121,-0.142734][-0.812317,0.484622,-0.335948][0.706753,0.72537,0][0.332656,0.34753,-0.22064][0.827832,0.32347,-0.465911][0.677119,0.811765,0][0.231702,0.33741,-0.323016][0.398785,0.242296,-0.894987][0.679206,0.797547,0][0.190036,0.470448,-0.247694][0.573558,0.50563,-0.655988][0.702569,0.800017,0][0.190036,0.470448,-0.247694][0.573558,0.50563,-0.655988][0.702569,0.800017,0][0.253674,0.460968,-0.15303][0.753787,0.608981,-0.265648][0.699749,0.815052,0][0.332656,0.34753,-0.22064][0.827832,0.32347,-0.465911][0.677119,0.811765,0][-0.238652,0.35131,-0.315912][-0.483708,0.210629,-0.859494][0.686695,0.742486,0][-0.349712,0.36349,-0.194072][-0.824828,0.349746,-0.45217][0.683831,0.720614,0][-0.245618,0.47121,-0.142734][-0.812317,0.484622,-0.335948][0.706753,0.72537,0][-0.245618,0.47121,-0.142734][-0.812317,0.484622,-0.335948][0.706753,0.72537,0][-0.180598,0.47557,-0.247648][-0.609176,0.376903,-0.707716][0.709083,0.747577,0][-0.238652,0.35131,-0.315912][-0.483708,0.210629,-0.859494][0.686695,0.742486,0][0.190036,0.470448,-0.247694][0.573558,0.50563,-0.655988][0.702569,0.800017,0][0.231702,0.33741,-0.323016][0.398785,0.242296,-0.894987][0.679206,0.797547,0][0.121378,0.32735,-0.337478][0.107792,-0.004993,-1.00518][0.681599,0.785751,0][0.121378,0.32735,-0.337478][0.107792,-0.004993,-1.00518][0.681599,0.785751,0][0.101002,0.47933,-0.299042][0.313913,0.327974,-0.902206][0.705715,0.78647,0][0.190036,0.470448,-0.247694][0.573558,0.50563,-0.655988][0.702569,0.800017,0][-0.109718,0.32715,-0.338028][-0.096635,-0.001702,-1.00635][0.683467,0.757375,0][-0.238652,0.35131,-0.315912][-0.483708,0.210629,-0.859494][0.686695,0.742486,0][-0.180598,0.47557,-0.247648][-0.609176,0.376903,-0.707716][0.709083,0.747577,0][-0.180598,0.47557,-0.247648][-0.609176,0.376903,-0.707716][0.709083,0.747577,0][-0.089872,0.47933,-0.299656][-0.28616,0.263104,-0.932387][0.706157,0.761166,0][-0.109718,0.32715,-0.338028][-0.096635,-0.001702,-1.00635][0.683467,0.757375,0][0.005934,0.32607,0.314628][-0.000364,0.099384,1.00618][0.775865,0.657864,0][0.1215,0.32721,0.320222][0.056021,0.096125,1.0049][0.772025,0.670914,0][0.100936,0.47919,0.265966][0.277523,0.431456,0.870282][0.745565,0.669645,0][0.100936,0.47919,0.265966][0.277523,0.431456,0.870282][0.745565,0.669645,0][0.005564,0.47933,0.277778][0.004735,0.364418,0.943111][0.745769,0.658738,0][0.005934,0.32607,0.314628][-0.000364,0.099384,1.00618][0.775865,0.657864,0][-0.089806,0.47919,0.266032][-0.263423,0.384385,0.896433][0.74536,0.647698,0][-0.109832,0.32701,0.320146][-0.056791,0.099965,1.00449][0.771543,0.644404,0][0.005934,0.32607,0.314628][-0.000364,0.099384,1.00618][0.775865,0.657864,0][0.005934,0.32607,0.314628][-0.000364,0.099384,1.00618][0.775865,0.657864,0][0.005564,0.47933,0.277778][0.004735,0.364418,0.943111][0.745769,0.658738,0][-0.089806,0.47919,0.266032][-0.263423,0.384385,0.896433][0.74536,0.647698,0][0.101002,0.47933,-0.299042][0.313913,0.327974,-0.902206][0.705715,0.78647,0][0.121378,0.32735,-0.337478][0.107792,-0.004993,-1.00518][0.681599,0.785751,0][0.005928,0.32627,-0.335622][0.002439,-0.009006,-1.01104][0.679516,0.770842,0][0.005928,0.32627,-0.335622][0.002439,-0.009006,-1.01104][0.679516,0.770842,0][0.005564,0.47941,-0.312408][0.010608,0.248164,-0.980092][0.705644,0.773956,0][0.101002,0.47933,-0.299042][0.313913,0.327974,-0.902206][0.705715,0.78647,0][0.005928,0.32627,-0.335622][0.002439,-0.009006,-1.01104][0.679516,0.770842,0][-0.109718,0.32715,-0.338028][-0.096635,-0.001702,-1.00635][0.683467,0.757375,0][-0.089872,0.47933,-0.299656][-0.28616,0.263104,-0.932387][0.706157,0.761166,0][-0.089872,0.47933,-0.299656][-0.28616,0.263104,-0.932387][0.706157,0.761166,0][0.005564,0.47941,-0.312408][0.010608,0.248164,-0.980092][0.705644,0.773956,0][0.005928,0.32627,-0.335622][0.002439,-0.009006,-1.01104][0.679516,0.770842,0][0.100936,0.47919,0.265966][0.277523,0.431456,0.870282][0.745565,0.669645,0][0.190088,0.47051,0.21922][0.528687,0.580634,0.631987][0.748498,0.683771,0][0.087926,0.66803,0.130484][0.625845,0.448711,0.648483][0.711999,0.672947,0][0.087926,0.66803,0.130484][0.625845,0.448711,0.648483][0.711999,0.672947,0][0.02508,0.66965,0.165922][0.274597,0.39843,0.886821][0.711303,0.663012,0][0.100936,0.47919,0.265966][0.277523,0.431456,0.870282][0.745565,0.669645,0][-0.18035,0.47531,0.215984][-0.534515,0.506111,0.68852][0.74355,0.635099,0][-0.089806,0.47919,0.266032][-0.263423,0.384385,0.896433][0.74536,0.647698,0][-0.107314,0.66431,0.163898][-0.321679,0.28558,0.913752][0.70998,0.646097,0][-0.107314,0.66431,0.163898][-0.321679,0.28558,0.913752][0.70998,0.646097,0][-0.170472,0.66265,0.126974][-0.693769,0.19786,0.70078][0.708934,0.635794,0][-0.18035,0.47531,0.215984][-0.534515,0.506111,0.68852][0.74355,0.635099,0][0.190088,0.47051,0.21922][0.528687,0.580634,0.631987][0.748498,0.683771,0][0.253674,0.460968,0.127292][0.729634,0.639695,0.262382][0.750476,0.70032,0][0.13246,0.66263,0.063582][0.841215,0.453208,0.305734][0.711772,0.685897,0][0.13246,0.66263,0.063582][0.841215,0.453208,0.305734][0.711772,0.685897,0][0.087926,0.66803,0.130484][0.625845,0.448711,0.648483][0.711999,0.672947,0][0.190088,0.47051,0.21922][0.528687,0.580634,0.631987][0.748498,0.683771,0][-0.245362,0.47103,0.111282][-0.78632,0.550266,0.295657][0.740723,0.616585,0][-0.18035,0.47531,0.215984][-0.534515,0.506111,0.68852][0.74355,0.635099,0][-0.170472,0.66265,0.126974][-0.693769,0.19786,0.70078][0.708934,0.635794,0][-0.170472,0.66265,0.126974][-0.693769,0.19786,0.70078][0.708934,0.635794,0][-0.216038,0.66051,0.054082][-0.934398,0.109444,0.343147][0.706373,0.623119,0][-0.245362,0.47103,0.111282][-0.78632,0.550266,0.295657][0.740723,0.616585,0][0.13246,0.66263,0.063582][0.841215,0.453208,0.305734][0.711772,0.685897,0][0.253674,0.460968,0.127292][0.729634,0.639695,0.262382][0.750476,0.70032,0][0.272372,0.46331,-0.01287][0.780487,0.632098,0.001135][0.744919,0.717805,0][0.272372,0.46331,-0.01287][0.780487,0.632098,0.001135][0.744919,0.717805,0][0.145678,0.66469,-0.033882][0.9077,0.424266,0.001099][0.707776,0.699066,0][0.13246,0.66263,0.063582][0.841215,0.453208,0.305734][0.711772,0.685897,0][-0.265506,0.47213,-0.0158][-0.863574,0.5098,0.002888][0.738898,0.598313,0][-0.245362,0.47103,0.111282][-0.78632,0.550266,0.295657][0.740723,0.616585,0][-0.216038,0.66051,0.054082][-0.934398,0.109444,0.343147][0.706373,0.623119,0][-0.216038,0.66051,0.054082][-0.934398,0.109444,0.343147][0.706373,0.623119,0][-0.229588,0.66135,-0.034258][-0.998226,0.06018,-0.001818][0.703091,0.610077,0][-0.265506,0.47213,-0.0158][-0.863574,0.5098,0.002888][0.738898,0.598313,0][0.145678,0.66469,-0.033882][0.9077,0.424266,0.001099][0.733761,0.815698,0][0.272372,0.46331,-0.01287][0.780487,0.632098,0.001135][0.700358,0.833335,0][0.253674,0.460968,-0.15303][0.753787,0.608981,-0.265648][0.699749,0.815052,0][0.253674,0.460968,-0.15303][0.753787,0.608981,-0.265648][0.699749,0.815052,0][0.132666,0.66323,-0.13149][0.859202,0.409842,-0.315648][0.733133,0.80169,0][0.145678,0.66469,-0.033882][0.9077,0.424266,0.001099][0.733761,0.815698,0][-0.245618,0.47121,-0.142734][-0.812317,0.484622,-0.335948][0.706753,0.72537,0][-0.265506,0.47213,-0.0158][-0.863574,0.5098,0.002888][0.713952,0.70943,0][-0.229588,0.66135,-0.034258][-0.998226,0.06018,-0.001818][0.745874,0.724546,0][-0.229588,0.66135,-0.034258][-0.998226,0.06018,-0.001818][0.745874,0.724546,0][-0.216098,0.66061,-0.1225][-0.938654,0.056292,-0.344107][0.742823,0.736468,0][-0.245618,0.47121,-0.142734][-0.812317,0.484622,-0.335948][0.706753,0.72537,0][0.132666,0.66323,-0.13149][0.859202,0.409842,-0.315648][0.733133,0.80169,0][0.253674,0.460968,-0.15303][0.753787,0.608981,-0.265648][0.699749,0.815052,0][0.190036,0.470448,-0.247694][0.573558,0.50563,-0.655988][0.702569,0.800017,0][0.190036,0.470448,-0.247694][0.573558,0.50563,-0.655988][0.702569,0.800017,0][0.087818,0.66753,-0.19985][0.650474,0.357701,-0.679549][0.733272,0.789111,0][0.132666,0.66323,-0.13149][0.859202,0.409842,-0.315648][0.733133,0.80169,0][-0.171082,0.66397,-0.195826][-0.710509,0.085874,-0.706283][0.740748,0.749468,0][-0.180598,0.47557,-0.247648][-0.609176,0.376903,-0.707716][0.709083,0.747577,0][-0.245618,0.47121,-0.142734][-0.812317,0.484622,-0.335948][0.706753,0.72537,0][-0.245618,0.47121,-0.142734][-0.812317,0.484622,-0.335948][0.706753,0.72537,0][-0.216098,0.66061,-0.1225][-0.938654,0.056292,-0.344107][0.742823,0.736468,0][-0.171082,0.66397,-0.195826][-0.710509,0.085874,-0.706283][0.740748,0.749468,0][0.087818,0.66753,-0.19985][0.650474,0.357701,-0.679549][0.733272,0.789111,0][0.190036,0.470448,-0.247694][0.573558,0.50563,-0.655988][0.702569,0.800017,0][0.101002,0.47933,-0.299042][0.313913,0.327974,-0.902206][0.705715,0.78647,0][0.101002,0.47933,-0.299042][0.313913,0.327974,-0.902206][0.705715,0.78647,0][0.02502,0.66851,-0.235964][0.304195,0.274198,-0.923309][0.733315,0.77774,0][0.087818,0.66753,-0.19985][0.650474,0.357701,-0.679549][0.733272,0.789111,0][-0.107838,0.66611,-0.234552][-0.342546,0.140909,-0.9394][0.737568,0.759599,0][-0.089872,0.47933,-0.299656][-0.28616,0.263104,-0.932387][0.706157,0.761166,0][-0.180598,0.47557,-0.247648][-0.609176,0.376903,-0.707716][0.709083,0.747577,0][-0.180598,0.47557,-0.247648][-0.609176,0.376903,-0.707716][0.709083,0.747577,0][-0.171082,0.66397,-0.195826][-0.710509,0.085874,-0.706283][0.740748,0.749468,0][-0.107838,0.66611,-0.234552][-0.342546,0.140909,-0.9394][0.737568,0.759599,0][0.005564,0.47933,0.277778][0.004735,0.364418,0.943111][0.745769,0.658738,0][0.100936,0.47919,0.265966][0.277523,0.431456,0.870282][0.745565,0.669645,0][0.02508,0.66965,0.165922][0.274597,0.39843,0.886821][0.711303,0.663012,0][0.02508,0.66965,0.165922][0.274597,0.39843,0.886821][0.711303,0.663012,0][-0.04119,0.66379,0.173476][-0.026944,0.346331,0.949523][0.711229,0.654901,0][0.005564,0.47933,0.277778][0.004735,0.364418,0.943111][0.745769,0.658738,0][-0.089806,0.47919,0.266032][-0.263423,0.384385,0.896433][0.74536,0.647698,0][0.005564,0.47933,0.277778][0.004735,0.364418,0.943111][0.745769,0.658738,0][-0.04119,0.66379,0.173476][-0.026944,0.346331,0.949523][0.711229,0.654901,0][-0.04119,0.66379,0.173476][-0.026944,0.346331,0.949523][0.711229,0.654901,0][-0.107314,0.66431,0.163898][-0.321679,0.28558,0.913752][0.70998,0.646097,0][-0.089806,0.47919,0.266032][-0.263423,0.384385,0.896433][0.74536,0.647698,0][0.02502,0.66851,-0.235964][0.304195,0.274198,-0.923309][0.733315,0.77774,0][0.101002,0.47933,-0.299042][0.313913,0.327974,-0.902206][0.705715,0.78647,0][0.005564,0.47941,-0.312408][0.010608,0.248164,-0.980092][0.705644,0.773956,0][0.005564,0.47941,-0.312408][0.010608,0.248164,-0.980092][0.705644,0.773956,0][-0.041412,0.66561,-0.244594][-0.014016,0.202791,-0.990432][0.734063,0.768095,0][0.02502,0.66851,-0.235964][0.304195,0.274198,-0.923309][0.733315,0.77774,0][-0.041412,0.66561,-0.244594][-0.014016,0.202791,-0.990432][0.734063,0.768095,0][0.005564,0.47941,-0.312408][0.010608,0.248164,-0.980092][0.705644,0.773956,0][-0.089872,0.47933,-0.299656][-0.28616,0.263104,-0.932387][0.706157,0.761166,0][-0.089872,0.47933,-0.299656][-0.28616,0.263104,-0.932387][0.706157,0.761166,0][-0.107838,0.66611,-0.234552][-0.342546,0.140909,-0.9394][0.737568,0.759599,0][-0.041412,0.66561,-0.244594][-0.014016,0.202791,-0.990432][0.734063,0.768095,0][-0.171082,0.66397,-0.195826][-0.710509,0.085874,-0.706283][0.740748,0.749468,0][-0.216098,0.66061,-0.1225][-0.938654,0.056292,-0.344107][0.742823,0.736468,0][-0.25434,1.16421,-0.129156][-0.932775,-0.132234,-0.339617][0.800135,0.743951,0][-0.25434,1.16421,-0.129156][-0.932775,-0.132234,-0.339617][0.800135,0.743951,0][-0.223092,1.16699,-0.182042][-0.731024,-0.099729,-0.682666][0.80225,0.75358,0][-0.171082,0.66397,-0.195826][-0.710509,0.085874,-0.706283][0.740748,0.749468,0][-0.216098,0.66061,-0.1225][-0.938654,0.056292,-0.344107][0.742823,0.736468,0][-0.229588,0.66135,-0.034258][-0.998226,0.06018,-0.001818][0.745874,0.724546,0][-0.263096,1.16465,-0.06716][-0.989983,-0.142626,-0.005915][0.800858,0.73515,0][-0.263096,1.16465,-0.06716][-0.989983,-0.142626,-0.005915][0.800858,0.73515,0][-0.25434,1.16421,-0.129156][-0.932775,-0.132234,-0.339617][0.800135,0.743951,0][-0.216098,0.66061,-0.1225][-0.938654,0.056292,-0.344107][0.742823,0.736468,0][-0.229588,0.66135,-0.034258][-0.998226,0.06018,-0.001818][0.703091,0.610077,0][-0.216038,0.66051,0.054082][-0.934398,0.109444,0.343147][0.706373,0.623119,0][-0.25434,1.16421,-0.005166][-0.93801,-0.131657,0.324778][0.644431,0.62432,0][-0.25434,1.16421,-0.005166][-0.93801,-0.131657,0.324778][0.644431,0.62432,0][-0.263096,1.16465,-0.06716][-0.989983,-0.142626,-0.005915][0.644628,0.615246,0][-0.229588,0.66135,-0.034258][-0.998226,0.06018,-0.001818][0.703091,0.610077,0][-0.216038,0.66051,0.054082][-0.934398,0.109444,0.343147][0.706373,0.623119,0][-0.170472,0.66265,0.126974][-0.693769,0.19786,0.70078][0.708934,0.635794,0][-0.223092,1.16699,0.04769][-0.737376,-0.101904,0.675321][0.643943,0.633621,0][-0.223092,1.16699,0.04769][-0.737376,-0.101904,0.675321][0.643943,0.633621,0][-0.25434,1.16421,-0.005166][-0.93801,-0.131657,0.324778][0.644431,0.62432,0][-0.216038,0.66051,0.054082][-0.934398,0.109444,0.343147][0.706373,0.623119,0][-0.170472,0.66265,0.126974][-0.693769,0.19786,0.70078][0.708934,0.635794,0][-0.107314,0.66431,0.163898][-0.321679,0.28558,0.913752][0.70998,0.646097,0][-0.17933,1.16969,0.079082][-0.396812,-0.054796,0.92645][0.643557,0.641129,0][-0.17933,1.16969,0.079082][-0.396812,-0.054796,0.92645][0.643557,0.641129,0][-0.223092,1.16699,0.04769][-0.737376,-0.101904,0.675321][0.643943,0.633621,0][-0.170472,0.66265,0.126974][-0.693769,0.19786,0.70078][0.708934,0.635794,0][-0.107314,0.66431,0.163898][-0.321679,0.28558,0.913752][0.70998,0.646097,0][-0.04119,0.66379,0.173476][-0.026944,0.346331,0.949523][0.711229,0.654901,0][-0.133202,1.16865,0.087938][0.021867,0.018875,1.01066][0.643806,0.647385,0][-0.133202,1.16865,0.087938][0.021867,0.018875,1.01066][0.643806,0.647385,0][-0.17933,1.16969,0.079082][-0.396812,-0.054796,0.92645][0.643557,0.641129,0][-0.107314,0.66431,0.163898][-0.321679,0.28558,0.913752][0.70998,0.646097,0][-0.04119,0.66379,0.173476][-0.026944,0.346331,0.949523][0.711229,0.654901,0][0.02508,0.66965,0.165922][0.274597,0.39843,0.886821][0.711303,0.663012,0][-0.087074,1.16815,0.077156][0.425895,0.094781,0.909873][0.643954,0.65372,0][-0.087074,1.16815,0.077156][0.425895,0.094781,0.909873][0.643954,0.65372,0][-0.133202,1.16865,0.087938][0.021867,0.018875,1.01066][0.643806,0.647385,0][-0.04119,0.66379,0.173476][-0.026944,0.346331,0.949523][0.711229,0.654901,0][0.02508,0.66965,0.165922][0.274597,0.39843,0.886821][0.711303,0.663012,0][0.087926,0.66803,0.130484][0.625845,0.448711,0.648483][0.711999,0.672947,0][-0.044598,1.16329,0.045706][0.742518,0.167074,0.656315][0.644441,0.66069,0][-0.044598,1.16329,0.045706][0.742518,0.167074,0.656315][0.644441,0.66069,0][-0.087074,1.16815,0.077156][0.425895,0.094781,0.909873][0.643954,0.65372,0][0.02508,0.66965,0.165922][0.274597,0.39843,0.886821][0.711303,0.663012,0][0.087926,0.66803,0.130484][0.625845,0.448711,0.648483][0.711999,0.672947,0][0.13246,0.66263,0.063582][0.841215,0.453208,0.305734][0.711772,0.685897,0][-0.014876,1.15815,-0.00358][0.927889,0.207598,0.314678][0.645138,0.668665,0][-0.014876,1.15815,-0.00358][0.927889,0.207598,0.314678][0.645138,0.668665,0][-0.044598,1.16329,0.045706][0.742518,0.167074,0.656315][0.644441,0.66069,0][0.087926,0.66803,0.130484][0.625845,0.448711,0.648483][0.711999,0.672947,0][-0.014876,1.15815,-0.00358][0.927889,0.207598,0.314678][0.645138,0.668665,0][0.13246,0.66263,0.063582][0.841215,0.453208,0.305734][0.711772,0.685897,0][0.145678,0.66469,-0.033882][0.9077,0.424266,0.001099][0.707776,0.699066,0][0.145678,0.66469,-0.033882][0.9077,0.424266,0.001099][0.707776,0.699066,0][-0.00628,1.15927,-0.06716][0.978195,0.209913,-0.005624][0.64413,0.678553,0][-0.014876,1.15815,-0.00358][0.927889,0.207598,0.314678][0.645138,0.668665,0][-0.00628,1.15927,-0.06716][0.978195,0.209913,-0.005624][0.798869,0.799017,0][0.145678,0.66469,-0.033882][0.9077,0.424266,0.001099][0.733761,0.815698,0][0.132666,0.66323,-0.13149][0.859202,0.409842,-0.315648][0.733133,0.80169,0][0.132666,0.66323,-0.13149][0.859202,0.409842,-0.315648][0.733133,0.80169,0][-0.014876,1.15815,-0.13074][0.923589,0.204877,-0.329063][0.799601,0.78991,0][-0.00628,1.15927,-0.06716][0.978195,0.209913,-0.005624][0.798869,0.799017,0][-0.014876,1.15815,-0.13074][0.923589,0.204877,-0.329063][0.799601,0.78991,0][0.132666,0.66323,-0.13149][0.859202,0.409842,-0.315648][0.733133,0.80169,0][0.087818,0.66753,-0.19985][0.650474,0.357701,-0.679549][0.733272,0.789111,0][0.087818,0.66753,-0.19985][0.650474,0.357701,-0.679549][0.733272,0.789111,0][-0.044598,1.16329,-0.180074][0.736541,0.164365,-0.663841][0.801606,0.781963,0][-0.014876,1.15815,-0.13074][0.923589,0.204877,-0.329063][0.799601,0.78991,0][-0.044598,1.16329,-0.180074][0.736541,0.164365,-0.663841][0.801606,0.781963,0][0.087818,0.66753,-0.19985][0.650474,0.357701,-0.679549][0.733272,0.789111,0][0.02502,0.66851,-0.235964][0.304195,0.274198,-0.923309][0.733315,0.77774,0][0.02502,0.66851,-0.235964][0.304195,0.274198,-0.923309][0.733315,0.77774,0][-0.087074,1.16815,-0.211872][0.4241,0.097883,-0.910402][0.803845,0.774854,0][-0.044598,1.16329,-0.180074][0.736541,0.164365,-0.663841][0.801606,0.781963,0][-0.087074,1.16815,-0.211872][0.4241,0.097883,-0.910402][0.803845,0.774854,0][0.02502,0.66851,-0.235964][0.304195,0.274198,-0.923309][0.733315,0.77774,0][-0.041412,0.66561,-0.244594][-0.014016,0.202791,-0.990432][0.734063,0.768095,0][-0.041412,0.66561,-0.244594][-0.014016,0.202791,-0.990432][0.734063,0.768095,0][-0.133202,1.16865,-0.222878][0.021076,0.021692,-1.01062][0.803917,0.768459,0][-0.087074,1.16815,-0.211872][0.4241,0.097883,-0.910402][0.803845,0.774854,0][-0.133202,1.16865,-0.222878][0.021076,0.021692,-1.01062][0.803917,0.768459,0][-0.041412,0.66561,-0.244594][-0.014016,0.202791,-0.990432][0.734063,0.768095,0][-0.107838,0.66611,-0.234552][-0.342546,0.140909,-0.9394][0.737568,0.759599,0][-0.107838,0.66611,-0.234552][-0.342546,0.140909,-0.9394][0.737568,0.759599,0][-0.17933,1.16969,-0.213792][-0.395345,-0.048208,-0.927457][0.803423,0.761646,0][-0.133202,1.16865,-0.222878][0.021076,0.021692,-1.01062][0.803917,0.768459,0][-0.17933,1.16969,-0.213792][-0.395345,-0.048208,-0.927457][0.803423,0.761646,0][-0.107838,0.66611,-0.234552][-0.342546,0.140909,-0.9394][0.737568,0.759599,0][-0.171082,0.66397,-0.195826][-0.710509,0.085874,-0.706283][0.740748,0.749468,0][-0.171082,0.66397,-0.195826][-0.710509,0.085874,-0.706283][0.740748,0.749468,0][-0.223092,1.16699,-0.182042][-0.731024,-0.099729,-0.682666][0.80225,0.75358,0][-0.17933,1.16969,-0.213792][-0.395345,-0.048208,-0.927457][0.803423,0.761646,0][-0.335138,1.94363,-0.335046][-0.324738,0.3112,-0.90423][0.92137,0.755827,0][-0.287204,1.75569,-0.217404][-0.448904,-0.374541,-0.822189][0.886904,0.755361,0][-0.34079,1.75133,-0.172102][-0.710032,-0.364262,-0.611732][0.888485,0.744513,0][-0.34079,1.75133,-0.172102][-0.710032,-0.364262,-0.611732][0.888485,0.744513,0][-0.454156,1.96635,-0.251756][-0.615832,0.30842,-0.734479][0.928671,0.738172,0][-0.335138,1.94363,-0.335046][-0.324738,0.3112,-0.90423][0.92137,0.755827,0][-0.454156,1.96635,-0.251756][-0.615832,0.30842,-0.734479][0.928671,0.738172,0][-0.34079,1.75133,-0.172102][-0.710032,-0.364262,-0.611732][0.888485,0.744513,0][-0.378842,1.74691,-0.104688][-0.848619,-0.426998,-0.322109][0.889785,0.733045,0][-0.378842,1.74691,-0.104688][-0.848619,-0.426998,-0.322109][0.889785,0.733045,0][-0.542118,1.94691,-0.136346][-0.936953,0.079836,-0.34419][0.924861,0.720128,0][-0.454156,1.96635,-0.251756][-0.615832,0.30842,-0.734479][0.928671,0.738172,0][-0.378842,1.74691,-0.104688][-0.848619,-0.426998,-0.322109][0.889785,0.733045,0][-0.388798,1.74745,-0.027846][-0.879055,-0.482002,0.000467][0.888671,0.721398,0][-0.533846,1.90083,-0.013244][-0.941334,-0.341092,0.009185][0.912825,0.707958,0][-0.533846,1.90083,-0.013244][-0.941334,-0.341092,0.009185][0.912825,0.707958,0][-0.542118,1.94691,-0.136346][-0.936953,0.079836,-0.34419][0.924861,0.720128,0][-0.378842,1.74691,-0.104688][-0.848619,-0.426998,-0.322109][0.889785,0.733045,0][-0.533846,1.90083,-0.013244][-0.941334,-0.341092,0.009185][0.537472,0.580424,0][-0.388798,1.74745,-0.027846][-0.879055,-0.482002,0.000467][0.562384,0.597404,0][-0.378842,1.74691,0.048878][-0.827701,-0.481528,0.300098][0.557995,0.607869,0][-0.378842,1.74691,0.048878][-0.827701,-0.481528,0.300098][0.557995,0.607869,0][-0.54133,1.94625,0.116814][-0.938716,0.056119,0.343961][0.522303,0.591357,0][-0.533846,1.90083,-0.013244][-0.941334,-0.341092,0.009185][0.537472,0.580424,0][-0.54133,1.94625,0.116814][-0.938716,0.056119,0.343961][0.522303,0.591357,0][-0.378842,1.74691,0.048878][-0.827701,-0.481528,0.300098][0.557995,0.607869,0][-0.34079,1.75133,0.116406][-0.665627,-0.453383,0.603153][0.555998,0.618005,0][-0.34079,1.75133,0.116406][-0.665627,-0.453383,0.603153][0.555998,0.618005,0][-0.454276,1.96529,0.231508][-0.638531,0.209788,0.749309][0.515652,0.60697,0][-0.54133,1.94625,0.116814][-0.938716,0.056119,0.343961][0.522303,0.591357,0][-0.34079,1.75133,0.116406][-0.665627,-0.453383,0.603153][0.555998,0.618005,0][-0.287204,1.75569,0.161688][-0.420651,-0.469312,0.788123][0.555225,0.627859,0][-0.335226,1.94515,0.308736][-0.319454,0.2097,0.93487][0.516916,0.623898,0][-0.335226,1.94515,0.308736][-0.319454,0.2097,0.93487][0.516916,0.623898,0][-0.454276,1.96529,0.231508][-0.638531,0.209788,0.749309][0.515652,0.60697,0][-0.34079,1.75133,0.116406][-0.665627,-0.453383,0.603153][0.555998,0.618005,0][-0.287204,1.75569,0.161688][-0.420651,-0.469312,0.788123][0.555225,0.627859,0][-0.230728,1.75299,0.17463][-0.021249,-0.513319,0.870817][0.556409,0.635773,0][-0.228674,1.90081,0.330554][0.114594,0.005962,1.0044][0.522178,0.638078,0][-0.228674,1.90081,0.330554][0.114594,0.005962,1.0044][0.522178,0.638078,0][-0.335226,1.94515,0.308736][-0.319454,0.2097,0.93487][0.516916,0.623898,0][-0.287204,1.75569,0.161688][-0.420651,-0.469312,0.788123][0.555225,0.627859,0][-0.230728,1.75299,0.17463][-0.021249,-0.513319,0.870817][0.556409,0.635773,0][-0.174246,1.75173,0.15618][0.413574,-0.501167,0.772178][0.558815,0.645597,0][-0.129108,1.85019,0.284166][0.500959,-0.206987,0.850227][0.532187,0.65007,0][-0.129108,1.85019,0.284166][0.500959,-0.206987,0.850227][0.532187,0.65007,0][-0.228674,1.90081,0.330554][0.114594,0.005962,1.0044][0.522178,0.638078,0][-0.230728,1.75299,0.17463][-0.021249,-0.513319,0.870817][0.556409,0.635773,0][-0.174246,1.75173,0.15618][0.413574,-0.501167,0.772178][0.558815,0.645597,0][-0.122238,1.74579,0.109872][0.669597,-0.43263,0.613809][0.56296,0.657131,0][-0.040826,1.85083,0.200494][0.777882,-0.063685,0.632173][0.537526,0.663726,0][-0.040826,1.85083,0.200494][0.777882,-0.063685,0.632173][0.537526,0.663726,0][-0.129108,1.85019,0.284166][0.500959,-0.206987,0.850227][0.532187,0.65007,0][-0.174246,1.75173,0.15618][0.413574,-0.501167,0.772178][0.558815,0.645597,0][-0.122238,1.74579,0.109872][0.669597,-0.43263,0.613809][0.56296,0.657131,0][-0.085864,1.73947,0.045698][0.837456,-0.432488,0.343913][0.565712,0.668671,0][0.020574,1.83543,0.09708][0.919982,-0.093476,0.38512][0.542789,0.678637,0][0.020574,1.83543,0.09708][0.919982,-0.093476,0.38512][0.542789,0.678637,0][-0.040826,1.85083,0.200494][0.777882,-0.063685,0.632173][0.537526,0.663726,0][-0.122238,1.74579,0.109872][0.669597,-0.43263,0.613809][0.56296,0.657131,0][-0.085864,1.73947,0.045698][0.837456,-0.432488,0.343913][0.565712,0.668671,0][-0.075632,1.74085,-0.02861][0.877458,-0.484958,0.002974][0.565631,0.679163,0][0.032428,1.80133,-0.022068][0.914409,-0.409268,0.002772][0.550348,0.690651,0][0.032428,1.80133,-0.022068][0.914409,-0.409268,0.002772][0.550348,0.690651,0][0.020574,1.83543,0.09708][0.919982,-0.093476,0.38512][0.542789,0.678637,0][-0.085864,1.73947,0.045698][0.837456,-0.432488,0.343913][0.565712,0.668671,0][0.032428,1.80133,-0.022068][0.914409,-0.409268,0.002772][0.891575,0.81433,0][-0.075632,1.74085,-0.02861][0.877458,-0.484958,0.002974][0.878235,0.80472,0][-0.085864,1.73947,-0.104146][0.855636,-0.393547,-0.344929][0.88061,0.794162,0][-0.085864,1.73947,-0.104146][0.855636,-0.393547,-0.344929][0.88061,0.794162,0][0.020464,1.83509,-0.136898][0.922171,-0.054248,-0.387288][0.899536,0.804204,0][0.032428,1.80133,-0.022068][0.914409,-0.409268,0.002772][0.891575,0.81433,0][0.020464,1.83509,-0.136898][0.922171,-0.054248,-0.387288][0.899536,0.804204,0][-0.085864,1.73947,-0.104146][0.855636,-0.393547,-0.344929][0.88061,0.794162,0][-0.122238,1.74579,-0.168264][0.693129,-0.361263,-0.632959][0.884196,0.784616,0][-0.122238,1.74579,-0.168264][0.693129,-0.361263,-0.632959][0.884196,0.784616,0][-0.040902,1.85153,-0.238806][0.751371,0.076836,-0.662752][0.904404,0.792101,0][0.020464,1.83509,-0.136898][0.922171,-0.054248,-0.387288][0.899536,0.804204,0][-0.040902,1.85153,-0.238806][0.751371,0.076836,-0.662752][0.904404,0.792101,0][-0.122238,1.74579,-0.168264][0.693129,-0.361263,-0.632959][0.884196,0.784616,0][-0.174246,1.75173,-0.21345][0.435822,-0.415101,-0.809814][0.886066,0.774338,0][-0.174246,1.75173,-0.21345][0.435822,-0.415101,-0.809814][0.886066,0.774338,0][-0.129108,1.85045,-0.322836][0.525888,-0.085859,-0.85568][0.907813,0.779529,0][-0.040902,1.85153,-0.238806][0.751371,0.076836,-0.662752][0.904404,0.792101,0][-0.129108,1.85045,-0.322836][0.525888,-0.085859,-0.85568][0.907813,0.779529,0][-0.174246,1.75173,-0.21345][0.435822,-0.415101,-0.809814][0.886066,0.774338,0][-0.230728,1.75299,-0.231614][-0.032667,-0.409836,-0.923702][0.885973,0.764348,0][-0.230728,1.75299,-0.231614][-0.032667,-0.409836,-0.923702][0.885973,0.764348,0][-0.22881,1.90083,-0.360092][0.110607,0.12334,-0.997277][0.915164,0.768898,0][-0.129108,1.85045,-0.322836][0.525888,-0.085859,-0.85568][0.907813,0.779529,0][-0.22881,1.90083,-0.360092][0.110607,0.12334,-0.997277][0.915164,0.768898,0][-0.230728,1.75299,-0.231614][-0.032667,-0.409836,-0.923702][0.885973,0.764348,0][-0.287204,1.75569,-0.217404][-0.448904,-0.374541,-0.822189][0.886904,0.755361,0][-0.287204,1.75569,-0.217404][-0.448904,-0.374541,-0.822189][0.886904,0.755361,0][-0.335138,1.94363,-0.335046][-0.324738,0.3112,-0.90423][0.92137,0.755827,0][-0.22881,1.90083,-0.360092][0.110607,0.12334,-0.997277][0.915164,0.768898,0][-0.3501,2.02103,0.181166][-0.198044,0.870631,0.473484][0.968237,0.906346,0][-0.453592,2.01665,0.12566][-0.437982,0.868532,0.26801][0.978842,0.894515,0][-0.454276,1.96529,0.231508][-0.638531,0.209788,0.749309][0.98583,0.90858,0][-0.454276,1.96529,0.231508][-0.638531,0.209788,0.749309][0.98583,0.90858,0][-0.335226,1.94515,0.308736][-0.319454,0.2097,0.93487][0.97607,0.925032,0][-0.3501,2.02103,0.181166][-0.198044,0.870631,0.473484][0.968237,0.906346,0][-0.54133,1.94625,0.116814][-0.938716,0.056119,0.343961][0.993682,0.890625,0][-0.454276,1.96529,0.231508][-0.638531,0.209788,0.749309][0.98583,0.90858,0][-0.453592,2.01665,0.12566][-0.437982,0.868532,0.26801][0.978842,0.894515,0][-0.512522,1.98543,-0.004972][-0.802625,0.603092,0.000461][0.983917,0.875607,0][-0.542118,1.94691,-0.136346][-0.936953,0.079836,-0.34419][0.986225,0.857256,0][-0.533846,1.90083,-0.013244][-0.941334,-0.341092,0.009185][0.99527,0.872136,0][-0.533846,1.90083,-0.013244][-0.941334,-0.341092,0.009185][0.99527,0.872136,0][-0.54133,1.94625,0.116814][-0.938716,0.056119,0.343961][0.993682,0.890625,0][-0.512522,1.98543,-0.004972][-0.802625,0.603092,0.000461][0.983917,0.875607,0][-0.335226,1.94515,0.308736][-0.319454,0.2097,0.93487][0.97607,0.925032,0][-0.228674,1.90081,0.330554][0.114594,0.005962,1.0044][0.966624,0.937097,0][-0.223476,1.95909,0.263696][0.308102,0.684279,0.676019][0.9597,0.927079,0][-0.223476,1.95909,0.263696][0.308102,0.684279,0.676019][0.9597,0.927079,0][-0.3501,2.02103,0.181166][-0.198044,0.870631,0.473484][0.968237,0.906346,0][-0.335226,1.94515,0.308736][-0.319454,0.2097,0.93487][0.97607,0.925032,0][-0.129108,1.85019,0.284166][0.500959,-0.206987,0.850227][0.953288,0.946046,0][-0.107418,1.94551,0.161842][0.748411,0.43375,0.511412][0.939038,0.931244,0][-0.223476,1.95909,0.263696][0.308102,0.684279,0.676019][0.9597,0.927079,0][-0.223476,1.95909,0.263696][0.308102,0.684279,0.676019][0.9597,0.927079,0][-0.228674,1.90081,0.330554][0.114594,0.005962,1.0044][0.966624,0.937097,0][-0.129108,1.85019,0.284166][0.500959,-0.206987,0.850227][0.953288,0.946046,0][-0.040826,1.85083,0.200494][0.777882,-0.063685,0.632173][0.905621,0.902316,0][-0.04242,1.90497,0.097004][0.658057,0.730435,0.214612][0.909186,0.886173,0][-0.107418,1.94551,0.161842][0.748411,0.43375,0.511412][0.919361,0.894757,0][-0.107418,1.94551,0.161842][0.748411,0.43375,0.511412][0.919361,0.894757,0][-0.129108,1.85019,0.284166][0.500959,-0.206987,0.850227][0.915245,0.915536,0][-0.040826,1.85083,0.200494][0.777882,-0.063685,0.632173][0.905621,0.902316,0][-0.04242,1.90497,0.097004][0.658057,0.730435,0.214612][0.909186,0.886173,0][-0.040826,1.85083,0.200494][0.777882,-0.063685,0.632173][0.905621,0.902316,0][0.020574,1.83543,0.09708][0.919982,-0.093476,0.38512][0.896872,0.889395,0][0.006306,1.88719,-0.012842][0.82387,0.573057,-0.001228][0.901076,0.87331,0][0.020574,1.83543,0.09708][0.919982,-0.093476,0.38512][0.896872,0.889395,0][0.032428,1.80133,-0.022068][0.914409,-0.409268,0.002772][0.888251,0.874885,0][0.032428,1.80133,-0.022068][0.914409,-0.409268,0.002772][0.888251,0.874885,0][0.020464,1.83509,-0.136898][0.922171,-0.054248,-0.387288][0.890223,0.858606,0][0.006306,1.88719,-0.012842][0.82387,0.573057,-0.001228][0.901076,0.87331,0][-0.542118,1.94691,-0.136346][-0.936953,0.079836,-0.34419][0.986225,0.857256,0][-0.454622,2.01909,-0.125732][-0.361997,0.909786,-0.246189][0.97173,0.862456,0][-0.454156,1.96635,-0.251756][-0.615832,0.30842,-0.734479][0.971107,0.844115,0][-0.345752,2.01967,-0.147426][-0.165021,0.916083,-0.393997][0.957004,0.861018,0][-0.335138,1.94363,-0.335046][-0.324738,0.3112,-0.90423][0.954751,0.833526,0][-0.454156,1.96635,-0.251756][-0.615832,0.30842,-0.734479][0.971107,0.844115,0][-0.454156,1.96635,-0.251756][-0.615832,0.30842,-0.734479][0.971107,0.844115,0][-0.454622,2.01909,-0.125732][-0.361997,0.909786,-0.246189][0.97173,0.862456,0][-0.345752,2.01967,-0.147426][-0.165021,0.916083,-0.393997][0.957004,0.861018,0][-0.335138,1.94363,-0.335046][-0.324738,0.3112,-0.90423][0.954751,0.833526,0][-0.345752,2.01967,-0.147426][-0.165021,0.916083,-0.393997][0.957004,0.861018,0][-0.226618,1.95927,-0.269886][0.315631,0.788809,-0.546094][0.940669,0.84273,0][-0.226618,1.95927,-0.269886][0.315631,0.788809,-0.546094][0.940669,0.84273,0][-0.22881,1.90083,-0.360092][0.110607,0.12334,-0.997277][0.940002,0.828293,0][-0.335138,1.94363,-0.335046][-0.324738,0.3112,-0.90423][0.954751,0.833526,0][-0.129108,1.85045,-0.322836][0.525888,-0.085859,-0.85568][0.897007,0.827605,0][-0.22881,1.90083,-0.360092][0.110607,0.12334,-0.997277][0.90798,0.817168,0][-0.226618,1.95927,-0.269886][0.315631,0.788809,-0.546094][0.916949,0.828064,0][-0.226618,1.95927,-0.269886][0.315631,0.788809,-0.546094][0.916949,0.828064,0][-0.109518,1.93967,-0.133262][0.729471,0.525866,-0.449179][0.912051,0.85351,0][-0.129108,1.85045,-0.322836][0.525888,-0.085859,-0.85568][0.897007,0.827605,0][-0.040902,1.85153,-0.238806][0.751371,0.076836,-0.662752][0.89328,0.843042,0][-0.129108,1.85045,-0.322836][0.525888,-0.085859,-0.85568][0.897007,0.827605,0][-0.109518,1.93967,-0.133262][0.729471,0.525866,-0.449179][0.912051,0.85351,0][-0.109518,1.93967,-0.133262][0.729471,0.525866,-0.449179][0.912051,0.85351,0][-0.043204,1.90417,-0.123282][0.572726,0.791861,-0.244774][0.903454,0.857558,0][-0.040902,1.85153,-0.238806][0.751371,0.076836,-0.662752][0.89328,0.843042,0][-0.040902,1.85153,-0.238806][0.751371,0.076836,-0.662752][0.89328,0.843042,0][-0.043204,1.90417,-0.123282][0.572726,0.791861,-0.244774][0.903454,0.857558,0][0.020464,1.83509,-0.136898][0.922171,-0.054248,-0.387288][0.890223,0.858606,0][-0.453592,2.01665,0.12566][-0.437982,0.868532,0.26801][0.978842,0.894515,0][-0.45579,2.03215,0.00256][-0.51009,0.86964,0.004264][0.974536,0.879203,0][-0.512522,1.98543,-0.004972][-0.802625,0.603092,0.000461][0.983917,0.875607,0][-0.512522,1.98543,-0.004972][-0.802625,0.603092,0.000461][0.983917,0.875607,0][-0.54133,1.94625,0.116814][-0.938716,0.056119,0.343961][0.993682,0.890625,0][-0.453592,2.01665,0.12566][-0.437982,0.868532,0.26801][0.978842,0.894515,0][-0.398198,2.05591,0.021468][-0.345834,0.948423,0.022546][0.966813,0.883642,0][-0.45579,2.03215,0.00256][-0.51009,0.86964,0.004264][0.974536,0.879203,0][-0.453592,2.01665,0.12566][-0.437982,0.868532,0.26801][0.978842,0.894515,0][-0.453592,2.01665,0.12566][-0.437982,0.868532,0.26801][0.978842,0.894515,0][-0.3501,2.02103,0.181166][-0.198044,0.870631,0.473484][0.968237,0.906346,0][-0.398198,2.05591,0.021468][-0.345834,0.948423,0.022546][0.966813,0.883642,0][-0.04242,1.90497,0.097004][0.658057,0.730435,0.214612][0.909186,0.886173,0][-0.023702,1.91613,-0.010372][0.549829,0.844531,0.000611][0.906304,0.872478,0][-0.065538,1.93265,-0.007158][0.810316,0.591438,-0.035197][0.912302,0.871559,0][-0.065538,1.93265,-0.007158][0.810316,0.591438,-0.035197][0.912302,0.871559,0][-0.107418,1.94551,0.161842][0.748411,0.43375,0.511412][0.919361,0.894757,0][-0.04242,1.90497,0.097004][0.658057,0.730435,0.214612][0.909186,0.886173,0][0.006306,1.88719,-0.012842][0.82387,0.573057,-0.001228][0.901076,0.87331,0][-0.023702,1.91613,-0.010372][0.549829,0.844531,0.000611][0.906304,0.872478,0][-0.04242,1.90497,0.097004][0.658057,0.730435,0.214612][0.909186,0.886173,0][-0.04242,1.90497,0.097004][0.658057,0.730435,0.214612][0.909186,0.886173,0][0.020574,1.83543,0.09708][0.919982,-0.093476,0.38512][0.896872,0.889395,0][0.006306,1.88719,-0.012842][0.82387,0.573057,-0.001228][0.901076,0.87331,0][-0.454622,2.01909,-0.125732][-0.361997,0.909786,-0.246189][0.97173,0.862456,0][-0.542118,1.94691,-0.136346][-0.936953,0.079836,-0.34419][0.986225,0.857256,0][-0.512522,1.98543,-0.004972][-0.802625,0.603092,0.000461][0.983917,0.875607,0][-0.512522,1.98543,-0.004972][-0.802625,0.603092,0.000461][0.983917,0.875607,0][-0.45579,2.03215,0.00256][-0.51009,0.86964,0.004264][0.974536,0.879203,0][-0.454622,2.01909,-0.125732][-0.361997,0.909786,-0.246189][0.97173,0.862456,0][-0.398198,2.05591,0.021468][-0.345834,0.948423,0.022546][0.966813,0.883642,0][-0.345752,2.01967,-0.147426][-0.165021,0.916083,-0.393997][0.957004,0.861018,0][-0.454622,2.01909,-0.125732][-0.361997,0.909786,-0.246189][0.97173,0.862456,0][-0.454622,2.01909,-0.125732][-0.361997,0.909786,-0.246189][0.97173,0.862456,0][-0.45579,2.03215,0.00256][-0.51009,0.86964,0.004264][0.974536,0.879203,0][-0.398198,2.05591,0.021468][-0.345834,0.948423,0.022546][0.966813,0.883642,0][-0.043204,1.90417,-0.123282][0.572726,0.791861,-0.244774][0.903454,0.857558,0][-0.109518,1.93967,-0.133262][0.729471,0.525866,-0.449179][0.912051,0.85351,0][-0.065538,1.93265,-0.007158][0.810316,0.591438,-0.035197][0.912302,0.871559,0][-0.065538,1.93265,-0.007158][0.810316,0.591438,-0.035197][0.912302,0.871559,0][-0.023702,1.91613,-0.010372][0.549829,0.844531,0.000611][0.906304,0.872478,0][-0.043204,1.90417,-0.123282][0.572726,0.791861,-0.244774][0.903454,0.857558,0][0.006306,1.88719,-0.012842][0.82387,0.573057,-0.001228][0.901076,0.87331,0][0.020464,1.83509,-0.136898][0.922171,-0.054248,-0.387288][0.890223,0.858606,0][-0.043204,1.90417,-0.123282][0.572726,0.791861,-0.244774][0.903454,0.857558,0][-0.043204,1.90417,-0.123282][0.572726,0.791861,-0.244774][0.903454,0.857558,0][-0.023702,1.91613,-0.010372][0.549829,0.844531,0.000611][0.906304,0.872478,0][0.006306,1.88719,-0.012842][0.82387,0.573057,-0.001228][0.901076,0.87331,0][-0.3501,2.02103,0.181166][-0.198044,0.870631,0.473484][0.968237,0.906346,0][-0.223476,1.95909,0.263696][0.308102,0.684279,0.676019][0.9597,0.927079,0][-0.14619,2.07879,0.16197][0.342355,0.528809,0.789191][0.94112,0.913041,0][-0.14619,2.07879,0.16197][0.342355,0.528809,0.789191][0.94112,0.913041,0][-0.201156,2.10861,0.111768][-0.287805,0.826656,0.504225][0.94409,0.902771,0][-0.3501,2.02103,0.181166][-0.198044,0.870631,0.473484][0.968237,0.906346,0][-0.398198,2.05591,0.021468][-0.345834,0.948423,0.022546][0.966813,0.883642,0][-0.3501,2.02103,0.181166][-0.198044,0.870631,0.473484][0.968237,0.906346,0][-0.201156,2.10861,0.111768][-0.287805,0.826656,0.504225][0.94409,0.902771,0][-0.201156,2.10861,0.111768][-0.287805,0.826656,0.504225][0.94409,0.902771,0][-0.222388,2.14721,0.016786][-0.461101,0.897086,-0.012913][0.941024,0.88897,0][-0.398198,2.05591,0.021468][-0.345834,0.948423,0.022546][0.966813,0.883642,0][-0.08491,2.05273,0.101528][0.9042,0.045982,0.429386][0.931421,0.884249,0][-0.107418,1.94551,0.161842][0.748411,0.43375,0.511412][0.919361,0.894757,0][-0.065538,1.93265,-0.007158][0.810316,0.591438,-0.035197][0.912302,0.871559,0][-0.065538,1.93265,-0.007158][0.810316,0.591438,-0.035197][0.912302,0.871559,0][-0.059082,2.04601,0.001686][0.997968,-0.054827,-0.033824][0.927788,0.870906,0][-0.08491,2.05273,0.101528][0.9042,0.045982,0.429386][0.931421,0.884249,0][-0.14619,2.07879,0.16197][0.342355,0.528809,0.789191][0.94112,0.913041,0][-0.223476,1.95909,0.263696][0.308102,0.684279,0.676019][0.9597,0.927079,0][-0.107418,1.94551,0.161842][0.748411,0.43375,0.511412][0.939038,0.931244,0][-0.107418,1.94551,0.161842][0.748411,0.43375,0.511412][0.939038,0.931244,0][-0.08491,2.05273,0.101528][0.9042,0.045982,0.429386][0.929736,0.917642,0][-0.14619,2.07879,0.16197][0.342355,0.528809,0.789191][0.94112,0.913041,0][-0.19798,2.10619,-0.083808][-0.340171,0.840988,-0.443538][0.937084,0.874397,0][-0.345752,2.01967,-0.147426][-0.165021,0.916083,-0.393997][0.957004,0.861018,0][-0.398198,2.05591,0.021468][-0.345834,0.948423,0.022546][0.966813,0.883642,0][-0.398198,2.05591,0.021468][-0.345834,0.948423,0.022546][0.966813,0.883642,0][-0.222388,2.14721,0.016786][-0.461101,0.897086,-0.012913][0.941024,0.88897,0][-0.19798,2.10619,-0.083808][-0.340171,0.840988,-0.443538][0.937084,0.874397,0][-0.147628,2.07899,-0.153006][0.358811,0.578584,-0.745592][0.929736,0.864815,0][-0.226618,1.95927,-0.269886][0.315631,0.788809,-0.546094][0.940669,0.84273,0][-0.345752,2.01967,-0.147426][-0.165021,0.916083,-0.393997][0.957004,0.861018,0][-0.345752,2.01967,-0.147426][-0.165021,0.916083,-0.393997][0.957004,0.861018,0][-0.19798,2.10619,-0.083808][-0.340171,0.840988,-0.443538][0.937084,0.874397,0][-0.147628,2.07899,-0.153006][0.358811,0.578584,-0.745592][0.929736,0.864815,0][-0.109518,1.93967,-0.133262][0.729471,0.525866,-0.449179][0.912051,0.85351,0][-0.226618,1.95927,-0.269886][0.315631,0.788809,-0.546094][0.916949,0.828064,0][-0.147628,2.07899,-0.153006][0.358811,0.578584,-0.745592][0.931421,0.847169,0][-0.147628,2.07899,-0.153006][0.358811,0.578584,-0.745592][0.931421,0.847169,0][-0.086884,2.04951,-0.0727][0.900227,0.045907,-0.437844][0.926951,0.860561,0][-0.109518,1.93967,-0.133262][0.729471,0.525866,-0.449179][0.912051,0.85351,0][-0.065538,1.93265,-0.007158][0.810316,0.591438,-0.035197][0.912302,0.871559,0][-0.109518,1.93967,-0.133262][0.729471,0.525866,-0.449179][0.912051,0.85351,0][-0.086884,2.04951,-0.0727][0.900227,0.045907,-0.437844][0.926951,0.860561,0][-0.086884,2.04951,-0.0727][0.900227,0.045907,-0.437844][0.926951,0.860561,0][-0.059082,2.04601,0.001686][0.997968,-0.054827,-0.033824][0.927788,0.870906,0][-0.065538,1.93265,-0.007158][0.810316,0.591438,-0.035197][0.912302,0.871559,0][-0.287204,1.75569,-0.217404][-0.448904,-0.374541,-0.822189][0.886904,0.755361,0][-0.17933,1.16969,-0.213792][-0.395345,-0.048208,-0.927457][0.803423,0.761646,0][-0.223092,1.16699,-0.182042][-0.731024,-0.099729,-0.682666][0.80225,0.75358,0][-0.223092,1.16699,-0.182042][-0.731024,-0.099729,-0.682666][0.80225,0.75358,0][-0.34079,1.75133,-0.172102][-0.710032,-0.364262,-0.611732][0.888485,0.744513,0][-0.287204,1.75569,-0.217404][-0.448904,-0.374541,-0.822189][0.886904,0.755361,0][-0.34079,1.75133,-0.172102][-0.710032,-0.364262,-0.611732][0.888485,0.744513,0][-0.223092,1.16699,-0.182042][-0.731024,-0.099729,-0.682666][0.80225,0.75358,0][-0.25434,1.16421,-0.129156][-0.932775,-0.132234,-0.339617][0.800135,0.743951,0][-0.25434,1.16421,-0.129156][-0.932775,-0.132234,-0.339617][0.800135,0.743951,0][-0.378842,1.74691,-0.104688][-0.848619,-0.426998,-0.322109][0.889785,0.733045,0][-0.34079,1.75133,-0.172102][-0.710032,-0.364262,-0.611732][0.888485,0.744513,0][-0.378842,1.74691,-0.104688][-0.848619,-0.426998,-0.322109][0.889785,0.733045,0][-0.25434,1.16421,-0.129156][-0.932775,-0.132234,-0.339617][0.800135,0.743951,0][-0.263096,1.16465,-0.06716][-0.989983,-0.142626,-0.005915][0.800858,0.73515,0][-0.263096,1.16465,-0.06716][-0.989983,-0.142626,-0.005915][0.800858,0.73515,0][-0.388798,1.74745,-0.027846][-0.879055,-0.482002,0.000467][0.888671,0.721398,0][-0.378842,1.74691,-0.104688][-0.848619,-0.426998,-0.322109][0.889785,0.733045,0][-0.388798,1.74745,-0.027846][-0.879055,-0.482002,0.000467][0.562384,0.597404,0][-0.263096,1.16465,-0.06716][-0.989983,-0.142626,-0.005915][0.644628,0.615246,0][-0.25434,1.16421,-0.005166][-0.93801,-0.131657,0.324778][0.644431,0.62432,0][-0.25434,1.16421,-0.005166][-0.93801,-0.131657,0.324778][0.644431,0.62432,0][-0.378842,1.74691,0.048878][-0.827701,-0.481528,0.300098][0.557995,0.607869,0][-0.388798,1.74745,-0.027846][-0.879055,-0.482002,0.000467][0.562384,0.597404,0][-0.378842,1.74691,0.048878][-0.827701,-0.481528,0.300098][0.557995,0.607869,0][-0.25434,1.16421,-0.005166][-0.93801,-0.131657,0.324778][0.644431,0.62432,0][-0.223092,1.16699,0.04769][-0.737376,-0.101904,0.675321][0.643943,0.633621,0][-0.223092,1.16699,0.04769][-0.737376,-0.101904,0.675321][0.643943,0.633621,0][-0.34079,1.75133,0.116406][-0.665627,-0.453383,0.603153][0.555998,0.618005,0][-0.378842,1.74691,0.048878][-0.827701,-0.481528,0.300098][0.557995,0.607869,0][-0.223092,1.16699,0.04769][-0.737376,-0.101904,0.675321][0.643943,0.633621,0][-0.17933,1.16969,0.079082][-0.396812,-0.054796,0.92645][0.643557,0.641129,0][-0.287204,1.75569,0.161688][-0.420651,-0.469312,0.788123][0.555225,0.627859,0][-0.287204,1.75569,0.161688][-0.420651,-0.469312,0.788123][0.555225,0.627859,0][-0.34079,1.75133,0.116406][-0.665627,-0.453383,0.603153][0.555998,0.618005,0][-0.223092,1.16699,0.04769][-0.737376,-0.101904,0.675321][0.643943,0.633621,0][-0.17933,1.16969,0.079082][-0.396812,-0.054796,0.92645][0.643557,0.641129,0][-0.133202,1.16865,0.087938][0.021867,0.018875,1.01066][0.643806,0.647385,0][-0.230728,1.75299,0.17463][-0.021249,-0.513319,0.870817][0.556409,0.635773,0][-0.230728,1.75299,0.17463][-0.021249,-0.513319,0.870817][0.556409,0.635773,0][-0.287204,1.75569,0.161688][-0.420651,-0.469312,0.788123][0.555225,0.627859,0][-0.17933,1.16969,0.079082][-0.396812,-0.054796,0.92645][0.643557,0.641129,0][-0.133202,1.16865,0.087938][0.021867,0.018875,1.01066][0.643806,0.647385,0][-0.087074,1.16815,0.077156][0.425895,0.094781,0.909873][0.643954,0.65372,0][-0.174246,1.75173,0.15618][0.413574,-0.501167,0.772178][0.558815,0.645597,0][-0.174246,1.75173,0.15618][0.413574,-0.501167,0.772178][0.558815,0.645597,0][-0.230728,1.75299,0.17463][-0.021249,-0.513319,0.870817][0.556409,0.635773,0][-0.133202,1.16865,0.087938][0.021867,0.018875,1.01066][0.643806,0.647385,0][-0.087074,1.16815,0.077156][0.425895,0.094781,0.909873][0.643954,0.65372,0][-0.044598,1.16329,0.045706][0.742518,0.167074,0.656315][0.644441,0.66069,0][-0.122238,1.74579,0.109872][0.669597,-0.43263,0.613809][0.56296,0.657131,0][-0.122238,1.74579,0.109872][0.669597,-0.43263,0.613809][0.56296,0.657131,0][-0.174246,1.75173,0.15618][0.413574,-0.501167,0.772178][0.558815,0.645597,0][-0.087074,1.16815,0.077156][0.425895,0.094781,0.909873][0.643954,0.65372,0][-0.044598,1.16329,0.045706][0.742518,0.167074,0.656315][0.644441,0.66069,0][-0.014876,1.15815,-0.00358][0.927889,0.207598,0.314678][0.645138,0.668665,0][-0.085864,1.73947,0.045698][0.837456,-0.432488,0.343913][0.565712,0.668671,0][-0.085864,1.73947,0.045698][0.837456,-0.432488,0.343913][0.565712,0.668671,0][-0.122238,1.74579,0.109872][0.669597,-0.43263,0.613809][0.56296,0.657131,0][-0.044598,1.16329,0.045706][0.742518,0.167074,0.656315][0.644441,0.66069,0][-0.014876,1.15815,-0.00358][0.927889,0.207598,0.314678][0.645138,0.668665,0][-0.00628,1.15927,-0.06716][0.978195,0.209913,-0.005624][0.64413,0.678553,0][-0.075632,1.74085,-0.02861][0.877458,-0.484958,0.002974][0.565631,0.679163,0][-0.075632,1.74085,-0.02861][0.877458,-0.484958,0.002974][0.565631,0.679163,0][-0.085864,1.73947,0.045698][0.837456,-0.432488,0.343913][0.565712,0.668671,0][-0.014876,1.15815,-0.00358][0.927889,0.207598,0.314678][0.645138,0.668665,0][-0.00628,1.15927,-0.06716][0.978195,0.209913,-0.005624][0.798869,0.799017,0][-0.014876,1.15815,-0.13074][0.923589,0.204877,-0.329063][0.799601,0.78991,0][-0.085864,1.73947,-0.104146][0.855636,-0.393547,-0.344929][0.88061,0.794162,0][-0.085864,1.73947,-0.104146][0.855636,-0.393547,-0.344929][0.88061,0.794162,0][-0.075632,1.74085,-0.02861][0.877458,-0.484958,0.002974][0.878235,0.80472,0][-0.00628,1.15927,-0.06716][0.978195,0.209913,-0.005624][0.798869,0.799017,0][-0.085864,1.73947,-0.104146][0.855636,-0.393547,-0.344929][0.88061,0.794162,0][-0.014876,1.15815,-0.13074][0.923589,0.204877,-0.329063][0.799601,0.78991,0][-0.044598,1.16329,-0.180074][0.736541,0.164365,-0.663841][0.801606,0.781963,0][-0.044598,1.16329,-0.180074][0.736541,0.164365,-0.663841][0.801606,0.781963,0][-0.122238,1.74579,-0.168264][0.693129,-0.361263,-0.632959][0.884196,0.784616,0][-0.085864,1.73947,-0.104146][0.855636,-0.393547,-0.344929][0.88061,0.794162,0][-0.122238,1.74579,-0.168264][0.693129,-0.361263,-0.632959][0.884196,0.784616,0][-0.044598,1.16329,-0.180074][0.736541,0.164365,-0.663841][0.801606,0.781963,0][-0.087074,1.16815,-0.211872][0.4241,0.097883,-0.910402][0.803845,0.774854,0][-0.087074,1.16815,-0.211872][0.4241,0.097883,-0.910402][0.803845,0.774854,0][-0.174246,1.75173,-0.21345][0.435822,-0.415101,-0.809814][0.886066,0.774338,0][-0.122238,1.74579,-0.168264][0.693129,-0.361263,-0.632959][0.884196,0.784616,0][-0.174246,1.75173,-0.21345][0.435822,-0.415101,-0.809814][0.886066,0.774338,0][-0.087074,1.16815,-0.211872][0.4241,0.097883,-0.910402][0.803845,0.774854,0][-0.133202,1.16865,-0.222878][0.021076,0.021692,-1.01062][0.803917,0.768459,0][-0.133202,1.16865,-0.222878][0.021076,0.021692,-1.01062][0.803917,0.768459,0][-0.230728,1.75299,-0.231614][-0.032667,-0.409836,-0.923702][0.885973,0.764348,0][-0.174246,1.75173,-0.21345][0.435822,-0.415101,-0.809814][0.886066,0.774338,0][-0.230728,1.75299,-0.231614][-0.032667,-0.409836,-0.923702][0.885973,0.764348,0][-0.133202,1.16865,-0.222878][0.021076,0.021692,-1.01062][0.803917,0.768459,0][-0.17933,1.16969,-0.213792][-0.395345,-0.048208,-0.927457][0.803423,0.761646,0][-0.17933,1.16969,-0.213792][-0.395345,-0.048208,-0.927457][0.803423,0.761646,0][-0.287204,1.75569,-0.217404][-0.448904,-0.374541,-0.822189][0.886904,0.755361,0][-0.230728,1.75299,-0.231614][-0.032667,-0.409836,-0.923702][0.885973,0.764348,0][0.073156,0.0779099,0.231396][-0.026834,0.654998,0.769754][0.782867,0.42446,0][0.03631,0.0205441,0.258618][-0.014154,0.369479,0.941042][0.772508,0.42987,0][0.079936,-0.0121319,0.265132][0.026534,0.256745,0.97757][0.76357,0.425205,0][0.079936,-0.0121319,0.265132][0.026534,0.256745,0.97757][0.76357,0.425205,0][0.178002,0.03713,0.247984][0.305644,0.462916,0.844091][0.768751,0.414495,0][0.073156,0.0779099,0.231396][-0.026834,0.654998,0.769754][0.782867,0.42446,0][-0.001318,0.0653501,0.220934][0.028535,0.700047,0.72896][0.783852,0.433254,0][-0.002778,0.0237499,0.256104][0.022086,0.447078,0.906589][0.773785,0.434494,0][0.03631,0.0205441,0.258618][-0.014154,0.369479,0.941042][0.772508,0.42987,0][0.03631,0.0205441,0.258618][-0.014154,0.369479,0.941042][0.772508,0.42987,0][0.073156,0.0779099,0.231396][-0.026834,0.654998,0.769754][0.782867,0.42446,0][-0.001318,0.0653501,0.220934][0.028535,0.700047,0.72896][0.783852,0.433254,0][-0.041998,0.02329,0.259196][0.040897,0.363068,0.942737][0.772606,0.44192,0][-0.002778,0.0237499,0.256104][0.022086,0.447078,0.906589][0.773844,0.436718,0][-0.001318,0.0653501,0.220934][0.028535,0.700047,0.72896][0.784026,0.438088,0][-0.001318,0.0653501,0.220934][0.028535,0.700047,0.72896][0.784026,0.438088,0][-0.075984,0.08415,0.231672][0.125069,0.644604,0.768619][0.782536,0.447994,0][-0.041998,0.02329,0.259196][0.040897,0.363068,0.942737][0.772606,0.44192,0][-0.087918,-0.00626802,0.26491][0.002547,0.231557,0.984203][0.766459,0.446899,0][-0.041998,0.02329,0.259196][0.040897,0.363068,0.942737][0.772606,0.44192,0][-0.075984,0.08415,0.231672][0.125069,0.644604,0.768619][0.782536,0.447994,0][-0.075984,0.08415,0.231672][0.125069,0.644604,0.768619][0.782536,0.447994,0][-0.181068,0.06207,0.254122][-0.236384,0.468591,0.86347][0.776364,0.457825,0][-0.087918,-0.00626802,0.26491][0.002547,0.231557,0.984203][0.766459,0.446899,0][-0.213096,-0.063828,0.269328][-0.392782,-0.106801,0.923666][0.753767,0.46108,0][-0.090732,-0.0576379,0.275984][-0.046025,0.025037,1.0097][0.757169,0.44693,0][-0.087918,-0.00626802,0.26491][0.002547,0.231557,0.984203][0.766459,0.446899,0][-0.087918,-0.00626802,0.26491][0.002547,0.231557,0.984203][0.766459,0.446899,0][-0.181068,0.06207,0.254122][-0.236384,0.468591,0.86347][0.776364,0.457825,0][-0.213096,-0.063828,0.269328][-0.392782,-0.106801,0.923666][0.753767,0.46108,0][0.178002,0.03713,0.247984][0.305644,0.462916,0.844091][0.768751,0.414495,0][0.079936,-0.0121319,0.265132][0.026534,0.256745,0.97757][0.76357,0.425205,0][0.079122,-0.063406,0.27657][0.04216,0.025398,1.00986][0.752581,0.425296,0][0.079122,-0.063406,0.27657][0.04216,0.025398,1.00986][0.752581,0.425296,0][0.217292,-0.093256,0.265264][0.426592,-0.127379,0.90555][0.743579,0.410796,0][0.178002,0.03713,0.247984][0.305644,0.462916,0.844091][0.768751,0.414495,0][0.099868,0.14581,0.14176][0.060893,0.933819,0.382717][0.803759,0.418135,0][0.073156,0.0779099,0.231396][-0.026834,0.654998,0.769754][0.782867,0.42446,0][0.178002,0.03713,0.247984][0.305644,0.462916,0.844091][0.768751,0.414495,0][0.178002,0.03713,0.247984][0.305644,0.462916,0.844091][0.768751,0.414495,0][0.265726,0.08025,0.154676][0.650701,0.631077,0.437238][0.785168,0.40236,0][0.099868,0.14581,0.14176][0.060893,0.933819,0.382717][0.803759,0.418135,0][0.00072,0.12329,0.143136][0.039855,0.926537,0.402723][0.80359,0.429943,0][-0.001318,0.0653501,0.220934][0.028535,0.700047,0.72896][0.783852,0.433254,0][0.073156,0.0779099,0.231396][-0.026834,0.654998,0.769754][0.782867,0.42446,0][0.073156,0.0779099,0.231396][-0.026834,0.654998,0.769754][0.782867,0.42446,0][0.099868,0.14581,0.14176][0.060893,0.933819,0.382717][0.803759,0.418135,0][0.00072,0.12329,0.143136][0.039855,0.926537,0.402723][0.80359,0.429943,0][-0.075984,0.08415,0.231672][0.125069,0.644604,0.768619][0.782536,0.447994,0][-0.001318,0.0653501,0.220934][0.028535,0.700047,0.72896][0.784026,0.438088,0][0.00072,0.12329,0.143136][0.039855,0.926537,0.402723][0.80397,0.441349,0][0.00072,0.12329,0.143136][0.039855,0.926537,0.402723][0.80397,0.441349,0][-0.099214,0.15553,0.141442][0.051639,0.93871,0.371991][0.807268,0.453433,0][-0.075984,0.08415,0.231672][0.125069,0.644604,0.768619][0.782536,0.447994,0][-0.181068,0.06207,0.254122][-0.236384,0.468591,0.86347][0.776364,0.457825,0][-0.075984,0.08415,0.231672][0.125069,0.644604,0.768619][0.782536,0.447994,0][-0.099214,0.15553,0.141442][0.051639,0.93871,0.371991][0.807268,0.453433,0][-0.099214,0.15553,0.141442][0.051639,0.93871,0.371991][0.807268,0.453433,0][-0.256676,0.11393,0.168752][-0.58722,0.679823,0.455644][0.791789,0.46734,0][-0.181068,0.06207,0.254122][-0.236384,0.468591,0.86347][0.776364,0.457825,0][-0.30594,-0.0709779,0.194384][-0.82524,-0.152242,0.550371][0.756381,0.47393,0][-0.213096,-0.063828,0.269328][-0.392782,-0.106801,0.923666][0.753767,0.46108,0][-0.181068,0.06207,0.254122][-0.236384,0.468591,0.86347][0.776364,0.457825,0][-0.181068,0.06207,0.254122][-0.236384,0.468591,0.86347][0.776364,0.457825,0][-0.256676,0.11393,0.168752][-0.58722,0.679823,0.455644][0.791789,0.46734,0][-0.30594,-0.0709779,0.194384][-0.82524,-0.152242,0.550371][0.756381,0.47393,0][0.265726,0.08025,0.154676][0.650701,0.631077,0.437238][0.785168,0.40236,0][0.178002,0.03713,0.247984][0.305644,0.462916,0.844091][0.768751,0.414495,0][0.217292,-0.093256,0.265264][0.426592,-0.127379,0.90555][0.743579,0.410796,0][0.217292,-0.093256,0.265264][0.426592,-0.127379,0.90555][0.743579,0.410796,0][0.3186,-0.109344,0.17611][0.842336,-0.218261,0.499304][0.75367,0.39561,0][0.265726,0.08025,0.154676][0.650701,0.631077,0.437238][0.785168,0.40236,0][0.107004,0.16745,0.017358][0.087561,1.00717,-0.007694][0.820202,0.410713,0][0.099868,0.14581,0.14176][0.060893,0.933819,0.382717][0.803759,0.418135,0][0.265726,0.08025,0.154676][0.650701,0.631077,0.437238][0.785168,0.40236,0][0.265726,0.08025,0.154676][0.650701,0.631077,0.437238][0.785168,0.40236,0][0.291538,0.08933,0.023556][0.761658,0.655123,-0.006852][0.789286,0.387279,0][0.107004,0.16745,0.017358][0.087561,1.00717,-0.007694][0.820202,0.410713,0][0.001436,0.14365,0.018278][0.04323,1.01013,-0.004193][0.819441,0.423685,0][0.00072,0.12329,0.143136][0.039855,0.926537,0.402723][0.80359,0.429943,0][0.099868,0.14581,0.14176][0.060893,0.933819,0.382717][0.803759,0.418135,0][0.099868,0.14581,0.14176][0.060893,0.933819,0.382717][0.803759,0.418135,0][0.107004,0.16745,0.017358][0.087561,1.00717,-0.007694][0.820202,0.410713,0][0.001436,0.14365,0.018278][0.04323,1.01013,-0.004193][0.819441,0.423685,0][-0.099214,0.15553,0.141442][0.051639,0.93871,0.371991][0.807268,0.453433,0][0.00072,0.12329,0.143136][0.039855,0.926537,0.402723][0.80397,0.441349,0][0.001436,0.14365,0.018278][0.04323,1.01013,-0.004193][0.821482,0.446535,0][0.001436,0.14365,0.018278][0.04323,1.01013,-0.004193][0.821482,0.446535,0][-0.10501,0.17717,0.017116][0.016578,1.01092,-0.006539][0.822809,0.459844,0][-0.099214,0.15553,0.141442][0.051639,0.93871,0.371991][0.807268,0.453433,0][-0.256676,0.11393,0.168752][-0.58722,0.679823,0.455644][0.791789,0.46734,0][-0.099214,0.15553,0.141442][0.051639,0.93871,0.371991][0.807268,0.453433,0][-0.10501,0.17717,0.017116][0.016578,1.01092,-0.006539][0.822809,0.459844,0][-0.10501,0.17717,0.017116][0.016578,1.01092,-0.006539][0.822809,0.459844,0][-0.288182,0.12439,0.021524][-0.721958,0.699495,-0.012264][0.799491,0.483028,0][-0.256676,0.11393,0.168752][-0.58722,0.679823,0.455644][0.791789,0.46734,0][-0.35055,-0.0750599,0.035424][-0.985787,-0.169847,-0.002054][0.767366,0.495877,0][-0.30594,-0.0709779,0.194384][-0.82524,-0.152242,0.550371][0.756381,0.47393,0][-0.256676,0.11393,0.168752][-0.58722,0.679823,0.455644][0.791789,0.46734,0][-0.256676,0.11393,0.168752][-0.58722,0.679823,0.455644][0.791789,0.46734,0][-0.288182,0.12439,0.021524][-0.721958,0.699495,-0.012264][0.799491,0.483028,0][-0.35055,-0.0750599,0.035424][-0.985787,-0.169847,-0.002054][0.767366,0.495877,0][0.265726,0.08025,0.154676][0.650701,0.631077,0.437238][0.785168,0.40236,0][0.3186,-0.109344,0.17611][0.842336,-0.218261,0.499304][0.75367,0.39561,0][0.349584,-0.113242,0.038454][0.970319,-0.244455,0.005129][0.764408,0.376371,0][0.349584,-0.113242,0.038454][0.970319,-0.244455,0.005129][0.764408,0.376371,0][0.291538,0.08933,0.023556][0.761658,0.655123,-0.006852][0.789286,0.387279,0][0.265726,0.08025,0.154676][0.650701,0.631077,0.437238][0.785168,0.40236,0][0.107004,0.16745,0.017358][0.087561,1.00717,-0.007694][0.624316,0.500022,0][0.291538,0.08933,0.023556][0.761658,0.655123,-0.006852][0.651568,0.479624,0][0.265726,0.08025,-0.10287][0.660994,0.597247,-0.467899][0.65888,0.496618,0][0.265726,0.08025,-0.10287][0.660994,0.597247,-0.467899][0.65888,0.496618,0][0.099868,0.14581,-0.098868][0.077845,0.928496,-0.392406][0.637162,0.511077,0][0.107004,0.16745,0.017358][0.087561,1.00717,-0.007694][0.624316,0.500022,0][0.001436,0.14365,0.018278][0.04323,1.01013,-0.004193][0.611906,0.512086,0][0.107004,0.16745,0.017358][0.087561,1.00717,-0.007694][0.624316,0.500022,0][0.099868,0.14581,-0.098868][0.077845,0.928496,-0.392406][0.637162,0.511077,0][0.099868,0.14581,-0.098868][0.077845,0.928496,-0.392406][0.637162,0.511077,0][0.00072,0.12329,-0.09944][0.042204,0.940295,-0.369196][0.630388,0.522532,0][0.001436,0.14365,0.018278][0.04323,1.01013,-0.004193][0.611906,0.512086,0][-0.099214,0.15553,-0.099706][0.039497,0.935245,-0.382103][0.63073,0.566391,0][-0.10501,0.17717,0.017116][0.016578,1.01092,-0.006539][0.613479,0.575073,0][0.001436,0.14365,0.018278][0.04323,1.01013,-0.004193][0.607266,0.561789,0][0.001436,0.14365,0.018278][0.04323,1.01013,-0.004193][0.607266,0.561789,0][0.00072,0.12329,-0.09944][0.042204,0.940295,-0.369196][0.624086,0.553413,0][-0.099214,0.15553,-0.099706][0.039497,0.935245,-0.382103][0.63073,0.566391,0][-0.256676,0.11393,-0.120638][-0.601474,0.644873,-0.486402][0.648832,0.581256,0][-0.288182,0.12439,0.021524][-0.721958,0.699495,-0.012264][0.638194,0.596581,0][-0.10501,0.17717,0.017116][0.016578,1.01092,-0.006539][0.613479,0.575073,0][-0.10501,0.17717,0.017116][0.016578,1.01092,-0.006539][0.613479,0.575073,0][-0.099214,0.15553,-0.099706][0.039497,0.935245,-0.382103][0.63073,0.566391,0][-0.256676,0.11393,-0.120638][-0.601474,0.644873,-0.486402][0.648832,0.581256,0][-0.30594,-0.0709779,-0.122118][-0.852901,-0.151965,-0.505508][0.674581,0.585935,0][-0.35055,-0.0750599,0.035424][-0.985787,-0.169847,-0.002054][0.670734,0.606517,0][-0.288182,0.12439,0.021524][-0.721958,0.699495,-0.012264][0.638194,0.596581,0][-0.288182,0.12439,0.021524][-0.721958,0.699495,-0.012264][0.638194,0.596581,0][-0.256676,0.11393,-0.120638][-0.601474,0.644873,-0.486402][0.648832,0.581256,0][-0.30594,-0.0709779,-0.122118][-0.852901,-0.151965,-0.505508][0.674581,0.585935,0][0.291538,0.08933,0.023556][0.761658,0.655123,-0.006852][0.651568,0.479624,0][0.349584,-0.113242,0.038454][0.970319,-0.244455,0.005129][0.678682,0.475526,0][0.3186,-0.109344,-0.09882][0.835281,-0.258719,-0.492043][0.68468,0.492944,0][0.3186,-0.109344,-0.09882][0.835281,-0.258719,-0.492043][0.68468,0.492944,0][0.265726,0.08025,-0.10287][0.660994,0.597247,-0.467899][0.65888,0.496618,0][0.291538,0.08933,0.023556][0.761658,0.655123,-0.006852][0.651568,0.479624,0][0.099868,0.14581,-0.098868][0.077845,0.928496,-0.392406][0.637162,0.511077,0][0.265726,0.08025,-0.10287][0.660994,0.597247,-0.467899][0.65888,0.496618,0][0.178002,0.03713,-0.188066][0.465804,0.4671,-0.76308][0.664084,0.511651,0][0.178002,0.03713,-0.188066][0.465804,0.4671,-0.76308][0.664084,0.511651,0][0.07308,0.07777,-0.195112][0.130431,0.782123,-0.627035][0.651387,0.522613,0][0.099868,0.14581,-0.098868][0.077845,0.928496,-0.392406][0.637162,0.511077,0][0.00072,0.12329,-0.09944][0.042204,0.940295,-0.369196][0.630388,0.522532,0][0.099868,0.14581,-0.098868][0.077845,0.928496,-0.392406][0.637162,0.511077,0][0.07308,0.07777,-0.195112][0.130431,0.782123,-0.627035][0.651387,0.522613,0][0.07308,0.07777,-0.195112][0.130431,0.782123,-0.627035][0.651387,0.522613,0][-0.001482,0.06503,-0.204996][0.038135,0.860503,-0.529461][0.648708,0.531953,0][0.00072,0.12329,-0.09944][0.042204,0.940295,-0.369196][0.630388,0.522532,0][-0.076056,0.08403,-0.19585][-0.01293,0.788881,-0.632279][0.645979,0.554661,0][-0.099214,0.15553,-0.099706][0.039497,0.935245,-0.382103][0.63073,0.566391,0][0.00072,0.12329,-0.09944][0.042204,0.940295,-0.369196][0.624086,0.553413,0][0.00072,0.12329,-0.09944][0.042204,0.940295,-0.369196][0.624086,0.553413,0][-0.001482,0.06503,-0.204996][0.038135,0.860503,-0.529461][0.645031,0.546114,0][-0.076056,0.08403,-0.19585][-0.01293,0.788881,-0.632279][0.645979,0.554661,0][-0.181068,0.06207,-0.197284][-0.388696,0.491585,-0.791311][0.654959,0.565856,0][-0.256676,0.11393,-0.120638][-0.601474,0.644873,-0.486402][0.648832,0.581256,0][-0.099214,0.15553,-0.099706][0.039497,0.935245,-0.382103][0.63073,0.566391,0][-0.099214,0.15553,-0.099706][0.039497,0.935245,-0.382103][0.63073,0.566391,0][-0.076056,0.08403,-0.19585][-0.01293,0.788881,-0.632279][0.645979,0.554661,0][-0.181068,0.06207,-0.197284][-0.388696,0.491585,-0.791311][0.654959,0.565856,0][-0.30594,-0.0709779,-0.122118][-0.852901,-0.151965,-0.505508][0.674581,0.585935,0][-0.256676,0.11393,-0.120638][-0.601474,0.644873,-0.486402][0.648832,0.581256,0][-0.181068,0.06207,-0.197284][-0.388696,0.491585,-0.791311][0.654959,0.565856,0][-0.181068,0.06207,-0.197284][-0.388696,0.491585,-0.791311][0.654959,0.565856,0][-0.213128,-0.0638881,-0.202464][-0.617565,-0.064153,-0.792642][0.674095,0.567491,0][-0.30594,-0.0709779,-0.122118][-0.852901,-0.151965,-0.505508][0.674581,0.585935,0][0.265726,0.08025,-0.10287][0.660994,0.597247,-0.467899][0.65888,0.496618,0][0.3186,-0.109344,-0.09882][0.835281,-0.258719,-0.492043][0.68468,0.492944,0][0.217276,-0.093282,-0.19007][0.639318,-0.154506,-0.761954][0.685897,0.510053,0][0.217276,-0.093282,-0.19007][0.639318,-0.154506,-0.761954][0.685897,0.510053,0][0.178002,0.03713,-0.188066][0.465804,0.4671,-0.76308][0.664084,0.511651,0][0.265726,0.08025,-0.10287][0.660994,0.597247,-0.467899][0.65888,0.496618,0][0.07308,0.07777,-0.195112][0.130431,0.782123,-0.627035][0.651387,0.522613,0][0.178002,0.03713,-0.188066][0.465804,0.4671,-0.76308][0.664084,0.511651,0][0.079618,-0.0127101,-0.267094][0.468393,0.343861,-0.824476][0.669835,0.528334,0][0.079618,-0.0127101,-0.267094][0.468393,0.343861,-0.824476][0.669835,0.528334,0][0.035974,0.019932,-0.274122][0.271602,0.611896,-0.756606][0.663078,0.533243,0][0.07308,0.07777,-0.195112][0.130431,0.782123,-0.627035][0.651387,0.522613,0][-0.001482,0.06503,-0.204996][0.038135,0.860503,-0.529461][0.648708,0.531953,0][0.07308,0.07777,-0.195112][0.130431,0.782123,-0.627035][0.651387,0.522613,0][0.035974,0.019932,-0.274122][0.271602,0.611896,-0.756606][0.663078,0.533243,0][0.035974,0.019932,-0.274122][0.271602,0.611896,-0.756606][0.663078,0.533243,0][-0.00314,0.02309,-0.277778][0.03893,0.6984,-0.730047][0.660252,0.536943,0][-0.001482,0.06503,-0.204996][0.038135,0.860503,-0.529461][0.648708,0.531953,0][-0.042334,0.0226901,-0.275736][-0.217349,0.625717,-0.763195][0.65958,0.54693,0][-0.076056,0.08403,-0.19585][-0.01293,0.788881,-0.632279][0.645979,0.554661,0][-0.001482,0.06503,-0.204996][0.038135,0.860503,-0.529461][0.645031,0.546114,0][-0.001482,0.06503,-0.204996][0.038135,0.860503,-0.529461][0.645031,0.546114,0][-0.00314,0.02309,-0.277778][0.03893,0.6984,-0.730047][0.658274,0.543078,0][-0.042334,0.0226901,-0.275736][-0.217349,0.625717,-0.763195][0.65958,0.54693,0][-0.0882,-0.00685596,-0.26816][-0.428115,0.358324,-0.840547][0.665203,0.551393,0][-0.181068,0.06207,-0.197284][-0.388696,0.491585,-0.791311][0.654959,0.565856,0][-0.076056,0.08403,-0.19585][-0.01293,0.788881,-0.632279][0.645979,0.554661,0][-0.076056,0.08403,-0.19585][-0.01293,0.788881,-0.632279][0.645979,0.554661,0][-0.042334,0.0226901,-0.275736][-0.217349,0.625717,-0.763195][0.65958,0.54693,0][-0.0882,-0.00685596,-0.26816][-0.428115,0.358324,-0.840547][0.665203,0.551393,0][-0.213128,-0.0638881,-0.202464][-0.617565,-0.064153,-0.792642][0.674095,0.567491,0][-0.181068,0.06207,-0.197284][-0.388696,0.491585,-0.791311][0.654959,0.565856,0][-0.0882,-0.00685596,-0.26816][-0.428115,0.358324,-0.840547][0.665203,0.551393,0][-0.0882,-0.00685596,-0.26816][-0.428115,0.358324,-0.840547][0.665203,0.551393,0][-0.111944,-0.0575581,-0.26628][-0.508273,0.025034,-0.870377][0.675054,0.553748,0][-0.213128,-0.0638881,-0.202464][-0.617565,-0.064153,-0.792642][0.674095,0.567491,0][0.178002,0.03713,-0.188066][0.465804,0.4671,-0.76308][0.664084,0.511651,0][0.217276,-0.093282,-0.19007][0.639318,-0.154506,-0.761954][0.685897,0.510053,0][0.099774,-0.0647981,-0.265524][0.512857,-0.001194,-0.867985][0.678635,0.52678,0][0.099774,-0.0647981,-0.265524][0.512857,-0.001194,-0.867985][0.678635,0.52678,0][0.079618,-0.0127101,-0.267094][0.468393,0.343861,-0.824476][0.669835,0.528334,0][0.178002,0.03713,-0.188066][0.465804,0.4671,-0.76308][0.664084,0.511651,0][0.03631,0.0205441,0.258618][-0.014154,0.369479,0.941042][0.772508,0.42987,0][-0.005842,-0.0594659,0.272294][0.004802,0.066533,1.00888][0.758336,0.43566,0][0.079936,-0.0121319,0.265132][0.026534,0.256745,0.97757][0.76357,0.425205,0][-0.002778,0.0237499,0.256104][0.022086,0.447078,0.906589][0.773785,0.434494,0][-0.005842,-0.0594659,0.272294][0.004802,0.066533,1.00888][0.758336,0.43566,0][0.03631,0.0205441,0.258618][-0.014154,0.369479,0.941042][0.772508,0.42987,0][-0.041998,0.02329,0.259196][0.040897,0.363068,0.942737][0.772606,0.44192,0][-0.005842,-0.0594659,0.272294][0.004802,0.066533,1.00888][0.758336,0.43566,0][-0.002778,0.0237499,0.256104][0.022086,0.447078,0.906589][0.773844,0.436718,0][-0.087918,-0.00626802,0.26491][0.002547,0.231557,0.984203][0.766459,0.446899,0][-0.005842,-0.0594659,0.272294][0.004802,0.066533,1.00888][0.758336,0.43566,0][-0.041998,0.02329,0.259196][0.040897,0.363068,0.942737][0.772606,0.44192,0][-0.090732,-0.0576379,0.275984][-0.046025,0.025037,1.0097][0.757169,0.44693,0][-0.005842,-0.0594659,0.272294][0.004802,0.066533,1.00888][0.758336,0.43566,0][-0.087918,-0.00626802,0.26491][0.002547,0.231557,0.984203][0.766459,0.446899,0][0.079936,-0.0121319,0.265132][0.026534,0.256745,0.97757][0.76357,0.425205,0][-0.005842,-0.0594659,0.272294][0.004802,0.066533,1.00888][0.758336,0.43566,0][0.079122,-0.063406,0.27657][0.04216,0.025398,1.00986][0.752581,0.425296,0][0.079618,-0.0127101,-0.267094][0.468393,0.343861,-0.824476][0.669835,0.528334,0][-0.006402,-0.060638,-0.322074][0.005077,0.07325,-1.00841][0.676362,0.54179,0][0.035974,0.019932,-0.274122][0.271602,0.611896,-0.756606][0.663078,0.533243,0][0.035974,0.019932,-0.274122][0.271602,0.611896,-0.756606][0.663078,0.533243,0][-0.006402,-0.060638,-0.322074][0.005077,0.07325,-1.00841][0.676362,0.54179,0][-0.00314,0.02309,-0.277778][0.03893,0.6984,-0.730047][0.660252,0.536943,0][-0.00314,0.02309,-0.277778][0.03893,0.6984,-0.730047][0.658274,0.543078,0][-0.006402,-0.060638,-0.322074][0.005077,0.07325,-1.00841][0.676362,0.54179,0][-0.042334,0.0226901,-0.275736][-0.217349,0.625717,-0.763195][0.65958,0.54693,0][-0.042334,0.0226901,-0.275736][-0.217349,0.625717,-0.763195][0.65958,0.54693,0][-0.006402,-0.060638,-0.322074][0.005077,0.07325,-1.00841][0.676362,0.54179,0][-0.0882,-0.00685596,-0.26816][-0.428115,0.358324,-0.840547][0.665203,0.551393,0][-0.0882,-0.00685596,-0.26816][-0.428115,0.358324,-0.840547][0.665203,0.551393,0][-0.006402,-0.060638,-0.322074][0.005077,0.07325,-1.00841][0.676362,0.54179,0][-0.111944,-0.0575581,-0.26628][-0.508273,0.025034,-0.870377][0.675054,0.553748,0][0.099774,-0.0647981,-0.265524][0.512857,-0.001194,-0.867985][0.678635,0.52678,0][-0.006402,-0.060638,-0.322074][0.005077,0.07325,-1.00841][0.676362,0.54179,0][0.079618,-0.0127101,-0.267094][0.468393,0.343861,-0.824476][0.669835,0.528334,0][-0.090732,-0.0576379,0.275984][-0.046025,0.025037,1.0097][0.757169,0.44693,0][-0.213096,-0.063828,0.269328][-0.392782,-0.106801,0.923666][0.753767,0.46108,0][-0.18104,-0.203184,0.221722][-0.560695,-0.394641,0.738347][0.73291,0.459828,0][-0.18104,-0.203184,0.221722][-0.560695,-0.394641,0.738347][0.73291,0.459828,0][-0.06248,-0.21782,0.261296][-0.182592,-0.21689,0.970132][0.734031,0.442703,0][-0.090732,-0.0576379,0.275984][-0.046025,0.025037,1.0097][0.757169,0.44693,0][0.161498,-0.22157,0.223192][0.507971,-0.421458,0.762148][0.727298,0.414523,0][0.217292,-0.093256,0.265264][0.426592,-0.127379,0.90555][0.743579,0.410796,0][0.079122,-0.063406,0.27657][0.04216,0.025398,1.00986][0.752581,0.425296,0][0.079122,-0.063406,0.27657][0.04216,0.025398,1.00986][0.752581,0.425296,0][0.03996,-0.22142,0.261894][0.140475,-0.200348,0.9808][0.732974,0.429905,0][0.161498,-0.22157,0.223192][0.507971,-0.421458,0.762148][0.727298,0.414523,0][-0.213096,-0.063828,0.269328][-0.392782,-0.106801,0.923666][0.753767,0.46108,0][-0.30594,-0.0709779,0.194384][-0.82524,-0.152242,0.550371][0.756381,0.47393,0][-0.237766,-0.190086,0.14868][-0.751185,-0.584694,0.32181][0.737265,0.47254,0][-0.237766,-0.190086,0.14868][-0.751185,-0.584694,0.32181][0.737265,0.47254,0][-0.18104,-0.203184,0.221722][-0.560695,-0.394641,0.738347][0.73291,0.459828,0][-0.213096,-0.063828,0.269328][-0.392782,-0.106801,0.923666][0.753767,0.46108,0][0.22212,-0.219324,0.143224][0.698576,-0.643789,0.330052][0.731742,0.400045,0][0.3186,-0.109344,0.17611][0.842336,-0.218261,0.499304][0.75367,0.39561,0][0.217292,-0.093256,0.265264][0.426592,-0.127379,0.90555][0.743579,0.410796,0][0.217292,-0.093256,0.265264][0.426592,-0.127379,0.90555][0.743579,0.410796,0][0.161498,-0.22157,0.223192][0.507971,-0.421458,0.762148][0.727298,0.414523,0][0.22212,-0.219324,0.143224][0.698576,-0.643789,0.330052][0.731742,0.400045,0][-0.237766,-0.190086,0.14868][-0.751185,-0.584694,0.32181][0.737265,0.47254,0][-0.30594,-0.0709779,0.194384][-0.82524,-0.152242,0.550371][0.756381,0.47393,0][-0.35055,-0.0750599,0.035424][-0.985787,-0.169847,-0.002054][0.767366,0.495877,0][-0.35055,-0.0750599,0.035424][-0.985787,-0.169847,-0.002054][0.767366,0.495877,0][-0.254978,-0.191896,0.04284][-0.736694,-0.683718,0.000411][0.745553,0.490332,0][-0.237766,-0.190086,0.14868][-0.751185,-0.584694,0.32181][0.737265,0.47254,0][0.240542,-0.220922,0.046154][0.69809,-0.723919,0.005886][0.741291,0.383717,0][0.349584,-0.113242,0.038454][0.970319,-0.244455,0.005129][0.764408,0.376371,0][0.3186,-0.109344,0.17611][0.842336,-0.218261,0.499304][0.75367,0.39561,0][0.3186,-0.109344,0.17611][0.842336,-0.218261,0.499304][0.75367,0.39561,0][0.22212,-0.219324,0.143224][0.698576,-0.643789,0.330052][0.731742,0.400045,0][0.240542,-0.220922,0.046154][0.69809,-0.723919,0.005886][0.741291,0.383717,0][-0.35055,-0.0750599,0.035424][-0.985787,-0.169847,-0.002054][0.670734,0.606517,0][-0.30594,-0.0709779,-0.122118][-0.852901,-0.151965,-0.505508][0.674581,0.585935,0][-0.237766,-0.190086,-0.062884][-0.746829,-0.631142,-0.231861][0.695693,0.585562,0][-0.237766,-0.190086,-0.062884][-0.746829,-0.631142,-0.231861][0.695693,0.585562,0][-0.254978,-0.191896,0.04284][-0.736694,-0.683718,0.000411][0.69215,0.599661,0][-0.35055,-0.0750599,0.035424][-0.985787,-0.169847,-0.002054][0.670734,0.606517,0][0.22212,-0.219324,-0.051154][0.740964,-0.62244,-0.271273][0.710261,0.499004,0][0.3186,-0.109344,-0.09882][0.835281,-0.258719,-0.492043][0.68468,0.492944,0][0.349584,-0.113242,0.038454][0.970319,-0.244455,0.005129][0.678682,0.475526,0][0.349584,-0.113242,0.038454][0.970319,-0.244455,0.005129][0.678682,0.475526,0][0.240542,-0.220922,0.046154][0.69809,-0.723919,0.005886][0.702902,0.485095,0][0.22212,-0.219324,-0.051154][0.740964,-0.62244,-0.271273][0.710261,0.499004,0][-0.30594,-0.0709779,-0.122118][-0.852901,-0.151965,-0.505508][0.674581,0.585935,0][-0.213128,-0.0638881,-0.202464][-0.617565,-0.064153,-0.792642][0.674095,0.567491,0][-0.181144,-0.203376,-0.154678][-0.727309,-0.480181,-0.500941][0.701037,0.569606,0][-0.181144,-0.203376,-0.154678][-0.727309,-0.480181,-0.500941][0.701037,0.569606,0][-0.237766,-0.190086,-0.062884][-0.746829,-0.631142,-0.231861][0.695693,0.585562,0][-0.30594,-0.0709779,-0.122118][-0.852901,-0.151965,-0.505508][0.674581,0.585935,0][0.217276,-0.093282,-0.19007][0.639318,-0.154506,-0.761954][0.685897,0.510053,0][0.3186,-0.109344,-0.09882][0.835281,-0.258719,-0.492043][0.68468,0.492944,0][0.22212,-0.219324,-0.051154][0.740964,-0.62244,-0.271273][0.710261,0.499004,0][0.22212,-0.219324,-0.051154][0.740964,-0.62244,-0.271273][0.710261,0.499004,0][0.161406,-0.221734,-0.149616][0.755882,-0.375348,-0.545258][0.711202,0.514511,0][0.217276,-0.093282,-0.19007][0.639318,-0.154506,-0.761954][0.685897,0.510053,0][-0.213128,-0.0638881,-0.202464][-0.617565,-0.064153,-0.792642][0.674095,0.567491,0][-0.111944,-0.0575581,-0.26628][-0.508273,0.025034,-0.870377][0.675054,0.553748,0][-0.100182,-0.21713,-0.241176][-0.585977,-0.326402,-0.751481][0.706048,0.555396,0][-0.100182,-0.21713,-0.241176][-0.585977,-0.326402,-0.751481][0.706048,0.555396,0][-0.181144,-0.203376,-0.154678][-0.727309,-0.480181,-0.500941][0.701037,0.569606,0][-0.213128,-0.0638881,-0.202464][-0.617565,-0.064153,-0.792642][0.674095,0.567491,0][0.076976,-0.223358,-0.240622][0.555162,-0.261197,-0.799365][0.705987,0.529616,0][0.099774,-0.0647981,-0.265524][0.512857,-0.001194,-0.867985][0.678635,0.52678,0][0.217276,-0.093282,-0.19007][0.639318,-0.154506,-0.761954][0.685897,0.510053,0][0.217276,-0.093282,-0.19007][0.639318,-0.154506,-0.761954][0.685897,0.510053,0][0.161406,-0.221734,-0.149616][0.755882,-0.375348,-0.545258][0.711202,0.514511,0][0.076976,-0.223358,-0.240622][0.555162,-0.261197,-0.799365][0.705987,0.529616,0][-0.06248,-0.21782,0.261296][-0.182592,-0.21689,0.970132][0.734031,0.442703,0][0.03996,-0.22142,0.261894][0.140475,-0.200348,0.9808][0.732974,0.429905,0][-0.090732,-0.0576379,0.275984][-0.046025,0.025037,1.0097][0.757169,0.44693,0][-0.090732,-0.0576379,0.275984][-0.046025,0.025037,1.0097][0.757169,0.44693,0][0.03996,-0.22142,0.261894][0.140475,-0.200348,0.9808][0.732974,0.429905,0][-0.005842,-0.0594659,0.272294][0.004802,0.066533,1.00888][0.758336,0.43566,0][0.03996,-0.22142,0.261894][0.140475,-0.200348,0.9808][0.732974,0.429905,0][0.079122,-0.063406,0.27657][0.04216,0.025398,1.00986][0.752581,0.425296,0][-0.005842,-0.0594659,0.272294][0.004802,0.066533,1.00888][0.758336,0.43566,0][-0.111944,-0.0575581,-0.26628][-0.508273,0.025034,-0.870377][0.675054,0.553748,0][-0.006402,-0.060638,-0.322074][0.005077,0.07325,-1.00841][0.676362,0.54179,0][-0.0118,-0.220602,-0.291148][-0.027206,-0.29505,-0.96668][0.70427,0.542741,0][-0.0118,-0.220602,-0.291148][-0.027206,-0.29505,-0.96668][0.70427,0.542741,0][-0.100182,-0.21713,-0.241176][-0.585977,-0.326402,-0.751481][0.706048,0.555396,0][-0.111944,-0.0575581,-0.26628][-0.508273,0.025034,-0.870377][0.675054,0.553748,0][-0.0118,-0.220602,-0.291148][-0.027206,-0.29505,-0.96668][0.70427,0.542741,0][-0.006402,-0.060638,-0.322074][0.005077,0.07325,-1.00841][0.676362,0.54179,0][0.099774,-0.0647981,-0.265524][0.512857,-0.001194,-0.867985][0.678635,0.52678,0][0.099774,-0.0647981,-0.265524][0.512857,-0.001194,-0.867985][0.678635,0.52678,0][0.076976,-0.223358,-0.240622][0.555162,-0.261197,-0.799365][0.705987,0.529616,0][-0.0118,-0.220602,-0.291148][-0.027206,-0.29505,-0.96668][0.70427,0.542741,0][-0.06248,-0.21782,0.261296][-0.182592,-0.21689,0.970132][0.734031,0.442703,0][-0.18104,-0.203184,0.221722][-0.560695,-0.394641,0.738347][0.73291,0.459828,0][-0.070654,-0.424024,0.176736][-0.75725,-0.277302,0.599317][0.701535,0.448392,0][-0.070654,-0.424024,0.176736][-0.75725,-0.277302,0.599317][0.701535,0.448392,0][-0.017776,-0.433514,0.2051][-0.259738,-0.126308,0.968174][0.702007,0.438485,0][-0.06248,-0.21782,0.261296][-0.182592,-0.21689,0.970132][0.734031,0.442703,0][0.080212,-0.433952,0.176736][0.932071,-0.066598,0.360184][0.697514,0.423871,0][0.161498,-0.22157,0.223192][0.507971,-0.421458,0.762148][0.727298,0.414523,0][0.03996,-0.22142,0.261894][0.140475,-0.200348,0.9808][0.732974,0.429905,0][0.03996,-0.22142,0.261894][0.140475,-0.200348,0.9808][0.732974,0.429905,0][0.040316,-0.435556,0.205004][0.300101,-0.054907,0.962912][0.699952,0.430128,0][0.080212,-0.433952,0.176736][0.932071,-0.066598,0.360184][0.697514,0.423871,0][-0.18104,-0.203184,0.221722][-0.560695,-0.394641,0.738347][0.73291,0.459828,0][-0.237766,-0.190086,0.14868][-0.751185,-0.584694,0.32181][0.737265,0.47254,0][-0.086736,-0.415362,0.126398][-0.84337,-0.477355,-0.259409][0.699932,0.456317,0][-0.086736,-0.415362,0.126398][-0.84337,-0.477355,-0.259409][0.699932,0.456317,0][-0.070654,-0.424024,0.176736][-0.75725,-0.277302,0.599317][0.701535,0.448392,0][-0.18104,-0.203184,0.221722][-0.560695,-0.394641,0.738347][0.73291,0.459828,0][0.06609,-0.430266,0.122818][0.853365,-0.30104,-0.432665][0.694512,0.416934,0][0.22212,-0.219324,0.143224][0.698576,-0.643789,0.330052][0.731742,0.400045,0][0.161498,-0.22157,0.223192][0.507971,-0.421458,0.762148][0.727298,0.414523,0][0.161498,-0.22157,0.223192][0.507971,-0.421458,0.762148][0.727298,0.414523,0][0.080212,-0.433952,0.176736][0.932071,-0.066598,0.360184][0.697514,0.423871,0][0.06609,-0.430266,0.122818][0.853365,-0.30104,-0.432665][0.694512,0.416934,0][-0.237766,-0.190086,0.14868][-0.751185,-0.584694,0.32181][0.737265,0.47254,0][-0.254978,-0.191896,0.04284][-0.736694,-0.683718,0.000411][0.745553,0.490332,0][-0.082988,-0.356592,0.056788][-0.75683,-0.656425,-0.076373][0.708438,0.470485,0][-0.082988,-0.356592,0.056788][-0.75683,-0.656425,-0.076373][0.708438,0.470485,0][-0.086736,-0.415362,0.126398][-0.84337,-0.477355,-0.259409][0.699932,0.456317,0][-0.237766,-0.190086,0.14868][-0.751185,-0.584694,0.32181][0.737265,0.47254,0][0.081256,-0.370832,0.05791][0.772947,-0.641334,-0.014591][0.706996,0.403393,0][0.240542,-0.220922,0.046154][0.69809,-0.723919,0.005886][0.741291,0.383717,0][0.22212,-0.219324,0.143224][0.698576,-0.643789,0.330052][0.731742,0.400045,0][0.22212,-0.219324,0.143224][0.698576,-0.643789,0.330052][0.731742,0.400045,0][0.06609,-0.430266,0.122818][0.853365,-0.30104,-0.432665][0.694512,0.416934,0][0.081256,-0.370832,0.05791][0.772947,-0.641334,-0.014591][0.706996,0.403393,0][-0.082988,-0.356592,0.056788][-0.75683,-0.656425,-0.076373][0.727337,0.590547,0][-0.254978,-0.191896,0.04284][-0.736694,-0.683718,0.000411][0.69215,0.599661,0][-0.237766,-0.190086,-0.062884][-0.746829,-0.631142,-0.231861][0.695693,0.585562,0][-0.237766,-0.190086,-0.062884][-0.746829,-0.631142,-0.231861][0.695693,0.585562,0][-0.073172,-0.415958,-0.024782][-0.812223,-0.394725,0.438255][0.735895,0.575726,0][-0.082988,-0.356592,0.056788][-0.75683,-0.656425,-0.076373][0.727337,0.590547,0][0.22212,-0.219324,-0.051154][0.740964,-0.62244,-0.271273][0.710261,0.499004,0][0.240542,-0.220922,0.046154][0.69809,-0.723919,0.005886][0.702902,0.485095,0][0.081256,-0.370832,0.05791][0.772947,-0.641334,-0.014591][0.728496,0.492134,0][0.081256,-0.370832,0.05791][0.772947,-0.641334,-0.014591][0.728496,0.492134,0][0.066074,-0.430296,-0.010094][0.763056,-0.316071,0.571973][0.74074,0.504476,0][0.22212,-0.219324,-0.051154][0.740964,-0.62244,-0.271273][0.710261,0.499004,0][-0.073172,-0.415958,-0.024782][-0.812223,-0.394725,0.438255][0.735895,0.575726,0][-0.237766,-0.190086,-0.062884][-0.746829,-0.631142,-0.231861][0.695693,0.585562,0][-0.181144,-0.203376,-0.154678][-0.727309,-0.480181,-0.500941][0.701037,0.569606,0][-0.181144,-0.203376,-0.154678][-0.727309,-0.480181,-0.500941][0.701037,0.569606,0][-0.097184,-0.423424,-0.094606][-0.955347,-0.274286,-0.118425][0.736264,0.564563,0][-0.073172,-0.415958,-0.024782][-0.812223,-0.394725,0.438255][0.735895,0.575726,0][0.111186,-0.435364,-0.093506][0.98945,-0.131541,0.064444][0.740227,0.518385,0][0.161406,-0.221734,-0.149616][0.755882,-0.375348,-0.545258][0.711202,0.514511,0][0.22212,-0.219324,-0.051154][0.740964,-0.62244,-0.271273][0.710261,0.499004,0][0.22212,-0.219324,-0.051154][0.740964,-0.62244,-0.271273][0.710261,0.499004,0][0.066074,-0.430296,-0.010094][0.763056,-0.316071,0.571973][0.74074,0.504476,0][0.111186,-0.435364,-0.093506][0.98945,-0.131541,0.064444][0.740227,0.518385,0][-0.097184,-0.423424,-0.094606][-0.955347,-0.274286,-0.118425][0.736264,0.564563,0][-0.181144,-0.203376,-0.154678][-0.727309,-0.480181,-0.500941][0.701037,0.569606,0][-0.100182,-0.21713,-0.241176][-0.585977,-0.326402,-0.751481][0.706048,0.555396,0][-0.100182,-0.21713,-0.241176][-0.585977,-0.326402,-0.751481][0.706048,0.555396,0][-0.03823,-0.43359,-0.168766][-0.606643,-0.302793,-0.744568][0.736097,0.549284,0][-0.097184,-0.423424,-0.094606][-0.955347,-0.274286,-0.118425][0.736264,0.564563,0][0.090936,-0.438128,-0.168904][0.733282,-0.133895,-0.674292][0.737972,0.530167,0][0.076976,-0.223358,-0.240622][0.555162,-0.261197,-0.799365][0.705987,0.529616,0][0.161406,-0.221734,-0.149616][0.755882,-0.375348,-0.545258][0.711202,0.514511,0][0.161406,-0.221734,-0.149616][0.755882,-0.375348,-0.545258][0.711202,0.514511,0][0.111186,-0.435364,-0.093506][0.98945,-0.131541,0.064444][0.740227,0.518385,0][0.090936,-0.438128,-0.168904][0.733282,-0.133895,-0.674292][0.737972,0.530167,0][-0.017776,-0.433514,0.2051][-0.259738,-0.126308,0.968174][0.702007,0.438485,0][0.040316,-0.435556,0.205004][0.300101,-0.054907,0.962912][0.699952,0.430128,0][0.03996,-0.22142,0.261894][0.140475,-0.200348,0.9808][0.732974,0.429905,0][0.03996,-0.22142,0.261894][0.140475,-0.200348,0.9808][0.732974,0.429905,0][-0.06248,-0.21782,0.261296][-0.182592,-0.21689,0.970132][0.734031,0.442703,0][-0.017776,-0.433514,0.2051][-0.259738,-0.126308,0.968174][0.702007,0.438485,0][-0.03823,-0.43359,-0.168766][-0.606643,-0.302793,-0.744568][0.736097,0.549284,0][-0.100182,-0.21713,-0.241176][-0.585977,-0.326402,-0.751481][0.706048,0.555396,0][-0.0118,-0.220602,-0.291148][-0.027206,-0.29505,-0.96668][0.70427,0.542741,0][-0.0118,-0.220602,-0.291148][-0.027206,-0.29505,-0.96668][0.70427,0.542741,0][0.026242,-0.436064,-0.197574][0.007682,-0.261007,-0.976778][0.736097,0.53968,0][-0.03823,-0.43359,-0.168766][-0.606643,-0.302793,-0.744568][0.736097,0.549284,0][0.026242,-0.436064,-0.197574][0.007682,-0.261007,-0.976778][0.736097,0.53968,0][-0.0118,-0.220602,-0.291148][-0.027206,-0.29505,-0.96668][0.70427,0.542741,0][0.076976,-0.223358,-0.240622][0.555162,-0.261197,-0.799365][0.705987,0.529616,0][0.076976,-0.223358,-0.240622][0.555162,-0.261197,-0.799365][0.705987,0.529616,0][0.090936,-0.438128,-0.168904][0.733282,-0.133895,-0.674292][0.737972,0.530167,0][0.026242,-0.436064,-0.197574][0.007682,-0.261007,-0.976778][0.736097,0.53968,0][0.111186,-0.435364,-0.093506][0.98945,-0.131541,0.064444][0.740227,0.518385,0][0.066074,-0.430296,-0.010094][0.763056,-0.316071,0.571973][0.74074,0.504476,0][0.147764,-0.819778,0.01524][0.677389,0.205046,0.714953][0.795599,0.511126,0][0.147764,-0.819778,0.01524][0.677389,0.205046,0.714953][0.795599,0.511126,0][0.176848,-0.82571,-0.059152][0.986243,0.165374,-0.024192][0.794851,0.521902,0][0.111186,-0.435364,-0.093506][0.98945,-0.131541,0.064444][0.740227,0.518385,0][0.147876,-0.819576,0.152384][0.685732,0.029116,-0.735342][0.650476,0.416814,0][0.06609,-0.430266,0.122818][0.853365,-0.30104,-0.432665][0.694512,0.416934,0][0.080212,-0.433952,0.176736][0.932071,-0.066598,0.360184][0.697514,0.423871,0][0.080212,-0.433952,0.176736][0.932071,-0.066598,0.360184][0.697514,0.423871,0][0.174554,-0.824944,0.208898][0.920623,0.229027,0.321552][0.645917,0.424389,0][0.147876,-0.819576,0.152384][0.685732,0.029116,-0.735342][0.650476,0.416814,0][0.080212,-0.433952,0.176736][0.932071,-0.066598,0.360184][0.697514,0.423871,0][0.040316,-0.435556,0.205004][0.300101,-0.054907,0.962912][0.699952,0.430128,0][0.097628,-0.82653,0.243294][0.206367,0.178906,0.973004][0.646394,0.435582,0][0.097628,-0.82653,0.243294][0.206367,0.178906,0.973004][0.646394,0.435582,0][0.174554,-0.824944,0.208898][0.920623,0.229027,0.321552][0.645917,0.424389,0][0.080212,-0.433952,0.176736][0.932071,-0.066598,0.360184][0.697514,0.423871,0][0.03159,-0.821756,0.242138][-0.347934,0.114589,0.940954][0.647523,0.444747,0][0.097628,-0.82653,0.243294][0.206367,0.178906,0.973004][0.646394,0.435582,0][0.040316,-0.435556,0.205004][0.300101,-0.054907,0.962912][0.699952,0.430128,0][0.040316,-0.435556,0.205004][0.300101,-0.054907,0.962912][0.699952,0.430128,0][-0.017776,-0.433514,0.2051][-0.259738,-0.126308,0.968174][0.702007,0.438485,0][0.03159,-0.821756,0.242138][-0.347934,0.114589,0.940954][0.647523,0.444747,0][-0.017776,-0.433514,0.2051][-0.259738,-0.126308,0.968174][0.702007,0.438485,0][-0.070654,-0.424024,0.176736][-0.75725,-0.277302,0.599317][0.701535,0.448392,0][-0.005752,-0.812722,0.208548][-0.873277,0.002871,0.492614][0.649938,0.451715,0][-0.005752,-0.812722,0.208548][-0.873277,0.002871,0.492614][0.649938,0.451715,0][0.03159,-0.821756,0.242138][-0.347934,0.114589,0.940954][0.647523,0.444747,0][-0.017776,-0.433514,0.2051][-0.259738,-0.126308,0.968174][0.702007,0.438485,0][-0.070654,-0.424024,0.176736][-0.75725,-0.277302,0.599317][0.701535,0.448392,0][-0.086736,-0.415362,0.126398][-0.84337,-0.477355,-0.259409][0.699932,0.456317,0][-0.014474,-0.804226,0.155008][-0.835227,-0.167106,-0.530291][0.651989,0.458898,0][-0.014474,-0.804226,0.155008][-0.835227,-0.167106,-0.530291][0.651989,0.458898,0][-0.005752,-0.812722,0.208548][-0.873277,0.002871,0.492614][0.649938,0.451715,0][-0.070654,-0.424024,0.176736][-0.75725,-0.277302,0.599317][0.701535,0.448392,0][-0.073172,-0.415958,-0.024782][-0.812223,-0.394725,0.438255][0.735895,0.575726,0][-0.097184,-0.423424,-0.094606][-0.955347,-0.274286,-0.118425][0.736264,0.564563,0][-0.04063,-0.81219,-0.056894][-0.982903,-0.095164,-0.160002][0.790471,0.562648,0][-0.04063,-0.81219,-0.056894][-0.982903,-0.095164,-0.160002][0.790471,0.562648,0][-0.013038,-0.80451,0.012536][-0.664822,0.026734,0.754805][0.793149,0.573487,0][-0.073172,-0.415958,-0.024782][-0.812223,-0.394725,0.438255][0.735895,0.575726,0][-0.04063,-0.81219,-0.056894][-0.982903,-0.095164,-0.160002][0.790471,0.562648,0][-0.097184,-0.423424,-0.094606][-0.955347,-0.274286,-0.118425][0.736264,0.564563,0][-0.03823,-0.43359,-0.168766][-0.606643,-0.302793,-0.744568][0.736097,0.549284,0][-0.03823,-0.43359,-0.168766][-0.606643,-0.302793,-0.744568][0.736097,0.549284,0][0.019018,-0.822456,-0.125686][-0.562634,-0.125354,-0.826413][0.790715,0.550512,0][-0.04063,-0.81219,-0.056894][-0.982903,-0.095164,-0.160002][0.790471,0.562648,0][0.019018,-0.822456,-0.125686][-0.562634,-0.125354,-0.826413][0.790715,0.550512,0][-0.03823,-0.43359,-0.168766][-0.606643,-0.302793,-0.744568][0.736097,0.549284,0][0.026242,-0.436064,-0.197574][0.007682,-0.261007,-0.976778][0.736097,0.53968,0][0.026242,-0.436064,-0.197574][0.007682,-0.261007,-0.976778][0.736097,0.53968,0][0.08423,-0.825696,-0.14869][-0.01256,-0.077946,-1.00799][0.791505,0.541181,0][0.019018,-0.822456,-0.125686][-0.562634,-0.125354,-0.826413][0.790715,0.550512,0][0.08423,-0.825696,-0.14869][-0.01256,-0.077946,-1.00799][0.791505,0.541181,0][0.026242,-0.436064,-0.197574][0.007682,-0.261007,-0.976778][0.736097,0.53968,0][0.090936,-0.438128,-0.168904][0.733282,-0.133895,-0.674292][0.737972,0.530167,0][0.090936,-0.438128,-0.168904][0.733282,-0.133895,-0.674292][0.737972,0.530167,0][0.149594,-0.8295,-0.128098][0.686187,0.047503,-0.733949][0.79301,0.532136,0][0.08423,-0.825696,-0.14869][-0.01256,-0.077946,-1.00799][0.791505,0.541181,0][0.149594,-0.8295,-0.128098][0.686187,0.047503,-0.733949][0.79301,0.532136,0][0.090936,-0.438128,-0.168904][0.733282,-0.133895,-0.674292][0.737972,0.530167,0][0.111186,-0.435364,-0.093506][0.98945,-0.131541,0.064444][0.740227,0.518385,0][0.111186,-0.435364,-0.093506][0.98945,-0.131541,0.064444][0.740227,0.518385,0][0.176848,-0.82571,-0.059152][0.986243,0.165374,-0.024192][0.794851,0.521902,0][0.149594,-0.8295,-0.128098][0.686187,0.047503,-0.733949][0.79301,0.532136,0][0.274512,-1.51947,-0.092318][0.709493,0.318797,-0.637223][0.894845,0.523268,0][0.213926,-1.34185,-0.098724][0.663784,0.120926,-0.746479][0.869776,0.527898,0][0.25896,-1.33621,-0.002206][0.969303,0.222591,-0.110692][0.869283,0.513347,0][0.25896,-1.33621,-0.002206][0.969303,0.222591,-0.110692][0.869283,0.513347,0][0.335924,-1.60405,0.004196][0.912821,0.363746,-0.195351][0.906505,0.507602,0][0.274512,-1.51947,-0.092318][0.709493,0.318797,-0.637223][0.894845,0.523268,0][0.335924,-1.60405,0.004196][0.912821,0.363746,-0.195351][0.906505,0.507602,0][0.25896,-1.33621,-0.002206][0.969303,0.222591,-0.110692][0.869283,0.513347,0][0.237824,-1.32872,0.0945][0.786108,0.458962,0.424146][0.866389,0.499522,0][0.237824,-1.32872,0.0945][0.786108,0.458962,0.424146][0.866389,0.499522,0][0.353076,-1.60944,0.106834][0.907311,0.395939,-0.154781][0.910905,0.493572,0][0.335924,-1.60405,0.004196][0.912821,0.363746,-0.195351][0.906505,0.507602,0][0.353076,-1.60944,0.106834][0.907311,0.395939,-0.154781][0.910905,0.493572,0][0.237824,-1.32872,0.0945][0.786108,0.458962,0.424146][0.866389,0.499522,0][0.251232,-1.37695,0.169862][0.793236,0.615605,0.008212][0.877004,0.488682,0][0.251232,-1.37695,0.169862][0.793236,0.615605,0.008212][0.877004,0.488682,0][0.382322,-1.62621,0.206874][0.90315,0.429264,0.0645][0.917756,0.477832,0][0.353076,-1.60944,0.106834][0.907311,0.395939,-0.154781][0.910905,0.493572,0][0.251232,-1.37695,0.169862][0.793236,0.615605,0.008212][0.556625,0.399611,0][0.237852,-1.32868,0.241112][0.803896,0.368324,-0.475364][0.565443,0.410622,0][0.34291,-1.60292,0.294944][0.852807,0.329967,0.412212][0.526061,0.405394,0][0.34291,-1.60292,0.294944][0.852807,0.329967,0.412212][0.526061,0.405394,0][0.382322,-1.62621,0.206874][0.90315,0.429264,0.0645][0.5189,0.392131,0][0.251232,-1.37695,0.169862][0.793236,0.615605,0.008212][0.556625,0.399611,0][0.34291,-1.60292,0.294944][0.852807,0.329967,0.412212][0.526061,0.405394,0][0.237852,-1.32868,0.241112][0.803896,0.368324,-0.475364][0.565443,0.410622,0][0.256316,-1.33573,0.303722][0.840219,0.304819,0.455707][0.563643,0.419382,0][0.256316,-1.33573,0.303722][0.840219,0.304819,0.455707][0.563643,0.419382,0][0.290272,-1.5949,0.368274][0.594753,0.225547,0.780895][0.527854,0.417646,0][0.34291,-1.60292,0.294944][0.852807,0.329967,0.412212][0.526061,0.405394,0][0.256316,-1.33573,0.303722][0.840219,0.304819,0.455707][0.563643,0.419382,0][0.153042,-1.33905,0.34574][0.173525,0.237587,0.966981][0.565497,0.434343,0][0.17745,-1.59208,0.407854][0.164351,0.22311,0.972054][0.528108,0.433965,0][0.17745,-1.59208,0.407854][0.164351,0.22311,0.972054][0.528108,0.433965,0][0.290272,-1.5949,0.368274][0.594753,0.225547,0.780895][0.527854,0.417646,0][0.256316,-1.33573,0.303722][0.840219,0.304819,0.455707][0.563643,0.419382,0][0.07239,-1.5892,0.40642][-0.207172,0.194051,0.969922][0.530216,0.448095,0][0.17745,-1.59208,0.407854][0.164351,0.22311,0.972054][0.528108,0.433965,0][0.153042,-1.33905,0.34574][0.173525,0.237587,0.966981][0.565497,0.434343,0][0.153042,-1.33905,0.34574][0.173525,0.237587,0.966981][0.565497,0.434343,0][0.057814,-1.3304,0.34135][-0.289382,0.212606,0.944178][0.56782,0.448135,0][0.07239,-1.5892,0.40642][-0.207172,0.194051,0.969922][0.530216,0.448095,0][0.057814,-1.3304,0.34135][-0.289382,0.212606,0.944178][0.56782,0.448135,0][-0.001742,-1.31987,0.298908][-0.768034,0.180523,0.62183][0.570234,0.458518,0][-0.017808,-1.58962,0.366704][-0.58399,0.169884,0.80298][0.532094,0.46237,0][-0.017808,-1.58962,0.366704][-0.58399,0.169884,0.80298][0.532094,0.46237,0][0.07239,-1.5892,0.40642][-0.207172,0.194051,0.969922][0.530216,0.448095,0][0.057814,-1.3304,0.34135][-0.289382,0.212606,0.944178][0.56782,0.448135,0][-0.001742,-1.31987,0.298908][-0.768034,0.180523,0.62183][0.570234,0.458518,0][-0.02143,-1.31,0.239386][-0.916501,0.315579,-0.252986][0.57262,0.467374,0][-0.072614,-1.59671,0.30759][-0.832252,0.215345,0.517524][0.531173,0.473204,0][-0.072614,-1.59671,0.30759][-0.832252,0.215345,0.517524][0.531173,0.473204,0][-0.017808,-1.58962,0.366704][-0.58399,0.169884,0.80298][0.532094,0.46237,0][-0.001742,-1.31987,0.298908][-0.768034,0.180523,0.62183][0.570234,0.458518,0][-0.072614,-1.59671,0.30759][-0.832252,0.215345,0.517524][0.531173,0.473204,0][-0.02143,-1.31,0.239386][-0.916501,0.315579,-0.252986][0.57262,0.467374,0][-0.024362,-1.35901,0.169862][-0.809031,0.593239,0.03513][0.56473,0.478037,0][-0.024362,-1.35901,0.169862][-0.809031,0.593239,0.03513][0.56473,0.478037,0][-0.122416,-1.62023,0.209272][-0.94019,0.289384,0.186778][0.525938,0.488469,0][-0.072614,-1.59671,0.30759][-0.832252,0.215345,0.517524][0.531173,0.473204,0][-0.024362,-1.35901,0.169862][-0.809031,0.593239,0.03513][0.873827,0.598927,0][-0.01979,-1.31014,0.091378][-0.800063,0.374076,0.477479][0.863064,0.586582,0][-0.111688,-1.60326,0.126068][-0.950544,0.283032,-0.136047][0.905563,0.596614,0][-0.111688,-1.60326,0.126068][-0.950544,0.283032,-0.136047][0.905563,0.596614,0][-0.122416,-1.62023,0.209272][-0.94019,0.289384,0.186778][0.911008,0.608168,0][-0.024362,-1.35901,0.169862][-0.809031,0.593239,0.03513][0.873827,0.598927,0][-0.01979,-1.31014,0.091378][-0.800063,0.374076,0.477479][0.863064,0.586582,0][-0.039666,-1.31929,-0.011122][-0.959281,0.064169,-0.27828][0.863602,0.57279,0][-0.079096,-1.59841,0.001286][-0.899419,0.205916,-0.391026][0.902271,0.579542,0][-0.079096,-1.59841,0.001286][-0.899419,0.205916,-0.391026][0.902271,0.579542,0][-0.111688,-1.60326,0.126068][-0.950544,0.283032,-0.136047][0.905563,0.596614,0][-0.01979,-1.31014,0.091378][-0.800063,0.374076,0.477479][0.863064,0.586582,0][-0.039666,-1.31929,-0.011122][-0.959281,0.064169,-0.27828][0.863602,0.57279,0][0.039926,-1.33084,-0.093846][-0.565131,0.008431,-0.834099][0.865971,0.556882,0][-0.002314,-1.56486,-0.090726][-0.61677,0.222949,-0.763998][0.898764,0.563967,0][-0.002314,-1.56486,-0.090726][-0.61677,0.222949,-0.763998][0.898764,0.563967,0][-0.079096,-1.59841,0.001286][-0.899419,0.205916,-0.391026][0.902271,0.579542,0][-0.039666,-1.31929,-0.011122][-0.959281,0.064169,-0.27828][0.863602,0.57279,0][0.126822,-1.33552,-0.133284][-0.019338,0.010421,-1.01084][0.867489,0.54195,0][0.167702,-1.51179,-0.1314][0.13959,0.202958,-0.980392][0.892556,0.538199,0][0.098048,-1.56084,-0.1314][-0.281873,0.262535,-0.933881][0.898605,0.549026,0][0.167702,-1.51179,-0.1314][0.13959,0.202958,-0.980392][0.892556,0.538199,0][0.126822,-1.33552,-0.133284][-0.019338,0.010421,-1.01084][0.867489,0.54195,0][0.213926,-1.34185,-0.098724][0.663784,0.120926,-0.746479][0.869776,0.527898,0][0.213926,-1.34185,-0.098724][0.663784,0.120926,-0.746479][0.869776,0.527898,0][0.274512,-1.51947,-0.092318][0.709493,0.318797,-0.637223][0.894845,0.523268,0][0.167702,-1.51179,-0.1314][0.13959,0.202958,-0.980392][0.892556,0.538199,0][0.213926,-1.34185,-0.098724][0.663784,0.120926,-0.746479][0.869776,0.527898,0][0.149594,-0.8295,-0.128098][0.686187,0.047503,-0.733949][0.79301,0.532136,0][0.176848,-0.82571,-0.059152][0.986243,0.165374,-0.024192][0.794851,0.521902,0][0.176848,-0.82571,-0.059152][0.986243,0.165374,-0.024192][0.794851,0.521902,0][0.25896,-1.33621,-0.002206][0.969303,0.222591,-0.110692][0.869283,0.513347,0][0.213926,-1.34185,-0.098724][0.663784,0.120926,-0.746479][0.869776,0.527898,0][0.176848,-0.82571,-0.059152][0.986243,0.165374,-0.024192][0.794851,0.521902,0][0.147764,-0.819778,0.01524][0.677389,0.205046,0.714953][0.795599,0.511126,0][0.237824,-1.32872,0.0945][0.786108,0.458962,0.424146][0.866389,0.499522,0][0.237824,-1.32872,0.0945][0.786108,0.458962,0.424146][0.866389,0.499522,0][0.25896,-1.33621,-0.002206][0.969303,0.222591,-0.110692][0.869283,0.513347,0][0.176848,-0.82571,-0.059152][0.986243,0.165374,-0.024192][0.794851,0.521902,0][0.237852,-1.32868,0.241112][0.803896,0.368324,-0.475364][0.565443,0.410622,0][0.147876,-0.819576,0.152384][0.685732,0.029116,-0.735342][0.650476,0.416814,0][0.174554,-0.824944,0.208898][0.920623,0.229027,0.321552][0.645917,0.424389,0][0.174554,-0.824944,0.208898][0.920623,0.229027,0.321552][0.645917,0.424389,0][0.256316,-1.33573,0.303722][0.840219,0.304819,0.455707][0.563643,0.419382,0][0.237852,-1.32868,0.241112][0.803896,0.368324,-0.475364][0.565443,0.410622,0][0.174554,-0.824944,0.208898][0.920623,0.229027,0.321552][0.645917,0.424389,0][0.097628,-0.82653,0.243294][0.206367,0.178906,0.973004][0.646394,0.435582,0][0.153042,-1.33905,0.34574][0.173525,0.237587,0.966981][0.565497,0.434343,0][0.153042,-1.33905,0.34574][0.173525,0.237587,0.966981][0.565497,0.434343,0][0.256316,-1.33573,0.303722][0.840219,0.304819,0.455707][0.563643,0.419382,0][0.174554,-0.824944,0.208898][0.920623,0.229027,0.321552][0.645917,0.424389,0][0.057814,-1.3304,0.34135][-0.289382,0.212606,0.944178][0.56782,0.448135,0][0.153042,-1.33905,0.34574][0.173525,0.237587,0.966981][0.565497,0.434343,0][0.097628,-0.82653,0.243294][0.206367,0.178906,0.973004][0.646394,0.435582,0][0.097628,-0.82653,0.243294][0.206367,0.178906,0.973004][0.646394,0.435582,0][0.03159,-0.821756,0.242138][-0.347934,0.114589,0.940954][0.647523,0.444747,0][0.057814,-1.3304,0.34135][-0.289382,0.212606,0.944178][0.56782,0.448135,0][0.03159,-0.821756,0.242138][-0.347934,0.114589,0.940954][0.647523,0.444747,0][-0.005752,-0.812722,0.208548][-0.873277,0.002871,0.492614][0.649938,0.451715,0][-0.001742,-1.31987,0.298908][-0.768034,0.180523,0.62183][0.570234,0.458518,0][-0.001742,-1.31987,0.298908][-0.768034,0.180523,0.62183][0.570234,0.458518,0][0.057814,-1.3304,0.34135][-0.289382,0.212606,0.944178][0.56782,0.448135,0][0.03159,-0.821756,0.242138][-0.347934,0.114589,0.940954][0.647523,0.444747,0][-0.005752,-0.812722,0.208548][-0.873277,0.002871,0.492614][0.649938,0.451715,0][-0.014474,-0.804226,0.155008][-0.835227,-0.167106,-0.530291][0.651989,0.458898,0][-0.02143,-1.31,0.239386][-0.916501,0.315579,-0.252986][0.57262,0.467374,0][-0.02143,-1.31,0.239386][-0.916501,0.315579,-0.252986][0.57262,0.467374,0][-0.001742,-1.31987,0.298908][-0.768034,0.180523,0.62183][0.570234,0.458518,0][-0.005752,-0.812722,0.208548][-0.873277,0.002871,0.492614][0.649938,0.451715,0][-0.013038,-0.80451,0.012536][-0.664822,0.026734,0.754805][0.793149,0.573487,0][-0.04063,-0.81219,-0.056894][-0.982903,-0.095164,-0.160002][0.790471,0.562648,0][-0.039666,-1.31929,-0.011122][-0.959281,0.064169,-0.27828][0.863602,0.57279,0][-0.039666,-1.31929,-0.011122][-0.959281,0.064169,-0.27828][0.863602,0.57279,0][-0.01979,-1.31014,0.091378][-0.800063,0.374076,0.477479][0.863064,0.586582,0][-0.013038,-0.80451,0.012536][-0.664822,0.026734,0.754805][0.793149,0.573487,0][-0.039666,-1.31929,-0.011122][-0.959281,0.064169,-0.27828][0.863602,0.57279,0][-0.04063,-0.81219,-0.056894][-0.982903,-0.095164,-0.160002][0.790471,0.562648,0][0.019018,-0.822456,-0.125686][-0.562634,-0.125354,-0.826413][0.790715,0.550512,0][0.019018,-0.822456,-0.125686][-0.562634,-0.125354,-0.826413][0.790715,0.550512,0][0.039926,-1.33084,-0.093846][-0.565131,0.008431,-0.834099][0.865971,0.556882,0][-0.039666,-1.31929,-0.011122][-0.959281,0.064169,-0.27828][0.863602,0.57279,0][0.039926,-1.33084,-0.093846][-0.565131,0.008431,-0.834099][0.865971,0.556882,0][0.019018,-0.822456,-0.125686][-0.562634,-0.125354,-0.826413][0.790715,0.550512,0][0.08423,-0.825696,-0.14869][-0.01256,-0.077946,-1.00799][0.791505,0.541181,0][0.08423,-0.825696,-0.14869][-0.01256,-0.077946,-1.00799][0.791505,0.541181,0][0.126822,-1.33552,-0.133284][-0.019338,0.010421,-1.01084][0.867489,0.54195,0][0.039926,-1.33084,-0.093846][-0.565131,0.008431,-0.834099][0.865971,0.556882,0][0.126822,-1.33552,-0.133284][-0.019338,0.010421,-1.01084][0.867489,0.54195,0][0.08423,-0.825696,-0.14869][-0.01256,-0.077946,-1.00799][0.791505,0.541181,0][0.149594,-0.8295,-0.128098][0.686187,0.047503,-0.733949][0.79301,0.532136,0][0.149594,-0.8295,-0.128098][0.686187,0.047503,-0.733949][0.79301,0.532136,0][0.213926,-1.34185,-0.098724][0.663784,0.120926,-0.746479][0.869776,0.527898,0][0.126822,-1.33552,-0.133284][-0.019338,0.010421,-1.01084][0.867489,0.54195,0][-0.01979,-1.31014,0.091378][-0.800063,0.374076,0.477479][0.863064,0.586582,0][-0.024362,-1.35901,0.169862][-0.809031,0.593239,0.03513][0.873827,0.598927,0][0.113408,-1.32328,0.169068][0.076959,1.00701,-0.046503][0.859975,0.610667,0][0.113408,-1.32328,0.169068][0.076959,1.00701,-0.046503][0.859975,0.610667,0][0.116554,-1.28134,0.119774][0.053494,0.473683,0.891617][0.853036,0.604942,0][-0.01979,-1.31014,0.091378][-0.800063,0.374076,0.477479][0.863064,0.586582,0][0.113408,-1.32328,0.169068][0.076959,1.00701,-0.046503][0.577022,0.489922,0][-0.024362,-1.35901,0.169862][-0.809031,0.593239,0.03513][0.56473,0.478037,0][-0.02143,-1.31,0.239386][-0.916501,0.315579,-0.252986][0.57262,0.467374,0][-0.02143,-1.31,0.239386][-0.916501,0.315579,-0.252986][0.57262,0.467374,0][0.116706,-1.27867,0.211586][0.048003,0.230954,-0.983151][0.583133,0.485489,0][0.113408,-1.32328,0.169068][0.076959,1.00701,-0.046503][0.577022,0.489922,0][-0.013038,-0.80451,0.012536][-0.664822,0.026734,0.754805][0.793149,0.573487,0][-0.01979,-1.31014,0.091378][-0.800063,0.374076,0.477479][0.863064,0.586582,0][0.116554,-1.28134,0.119774][0.053494,0.473683,0.891617][0.853036,0.604942,0][0.116554,-1.28134,0.119774][0.053494,0.473683,0.891617][0.853036,0.604942,0][0.073632,-0.811218,0.037192][0.024149,0.131386,1.00221][0.796565,0.586284,0][-0.013038,-0.80451,0.012536][-0.664822,0.026734,0.754805][0.793149,0.573487,0][0.116706,-1.27867,0.211586][0.048003,0.230954,-0.983151][0.583133,0.485489,0][-0.02143,-1.31,0.239386][-0.916501,0.315579,-0.252986][0.57262,0.467374,0][-0.014474,-0.804226,0.155008][-0.835227,-0.167106,-0.530291][0.651989,0.458898,0][-0.014474,-0.804226,0.155008][-0.835227,-0.167106,-0.530291][0.651989,0.458898,0][0.073854,-0.798758,0.120078][0.036438,-0.121242,-1.00311][0.65344,0.473201,0][0.116706,-1.27867,0.211586][0.048003,0.230954,-0.983151][0.583133,0.485489,0][-0.013038,-0.80451,0.012536][-0.664822,0.026734,0.754805][0.793149,0.573487,0][0.073632,-0.811218,0.037192][0.024149,0.131386,1.00221][0.796565,0.586284,0][0.012976,-0.469886,0.01121][-0.038721,-0.291955,0.967218][0.743652,0.585377,0][0.012976,-0.469886,0.01121][-0.038721,-0.291955,0.967218][0.743652,0.585377,0][-0.073172,-0.415958,-0.024782][-0.812223,-0.394725,0.438255][0.735895,0.575726,0][-0.013038,-0.80451,0.012536][-0.664822,0.026734,0.754805][0.793149,0.573487,0][-0.014474,-0.804226,0.155008][-0.835227,-0.167106,-0.530291][0.651989,0.458898,0][-0.086736,-0.415362,0.126398][-0.84337,-0.477355,-0.259409][0.699932,0.456317,0][0.013112,-0.47422,0.087144][0.065219,-0.285,-0.967837][0.688472,0.470302,0][0.013112,-0.47422,0.087144][0.065219,-0.285,-0.967837][0.688472,0.470302,0][0.073854,-0.798758,0.120078][0.036438,-0.121242,-1.00311][0.65344,0.473201,0][-0.014474,-0.804226,0.155008][-0.835227,-0.167106,-0.530291][0.651989,0.458898,0][0.014272,-0.436562,0.059028][0.104186,-0.993985,-0.152242][0.69445,0.474649,0][0.013112,-0.47422,0.087144][0.065219,-0.285,-0.967837][0.688472,0.470302,0][-0.086736,-0.415362,0.126398][-0.84337,-0.477355,-0.259409][0.699932,0.456317,0][-0.086736,-0.415362,0.126398][-0.84337,-0.477355,-0.259409][0.699932,0.456317,0][-0.082988,-0.356592,0.056788][-0.75683,-0.656425,-0.076373][0.708438,0.470485,0][0.014272,-0.436562,0.059028][0.104186,-0.993985,-0.152242][0.69445,0.474649,0][-0.073172,-0.415958,-0.024782][-0.812223,-0.394725,0.438255][0.735895,0.575726,0][0.012976,-0.469886,0.01121][-0.038721,-0.291955,0.967218][0.743652,0.585377,0][0.014272,-0.436562,0.059028][0.104186,-0.993985,-0.152242][0.739537,0.59371,0][0.014272,-0.436562,0.059028][0.104186,-0.993985,-0.152242][0.739537,0.59371,0][-0.082988,-0.356592,0.056788][-0.75683,-0.656425,-0.076373][0.727337,0.590547,0][-0.073172,-0.415958,-0.024782][-0.812223,-0.394725,0.438255][0.735895,0.575726,0][0.147764,-0.819778,0.01524][0.677389,0.205046,0.714953][0.795599,0.511126,0][0.066074,-0.430296,-0.010094][0.763056,-0.316071,0.571973][0.74074,0.504476,0][0.012976,-0.469886,0.01121][-0.038721,-0.291955,0.967218][0.744809,0.496568,0][0.012976,-0.469886,0.01121][-0.038721,-0.291955,0.967218][0.744809,0.496568,0][0.073632,-0.811218,0.037192][0.024149,0.131386,1.00221][0.793583,0.499928,0][0.147764,-0.819778,0.01524][0.677389,0.205046,0.714953][0.795599,0.511126,0][0.147764,-0.819778,0.01524][0.677389,0.205046,0.714953][0.795599,0.511126,0][0.073632,-0.811218,0.037192][0.024149,0.131386,1.00221][0.793583,0.499928,0][0.116554,-1.28134,0.119774][0.053494,0.473683,0.891617][0.855268,0.48547,0][0.116554,-1.28134,0.119774][0.053494,0.473683,0.891617][0.855268,0.48547,0][0.237824,-1.32872,0.0945][0.786108,0.458962,0.424146][0.866389,0.499522,0][0.147764,-0.819778,0.01524][0.677389,0.205046,0.714953][0.795599,0.511126,0][0.237824,-1.32872,0.0945][0.786108,0.458962,0.424146][0.866389,0.499522,0][0.116554,-1.28134,0.119774][0.053494,0.473683,0.891617][0.855268,0.48547,0][0.113408,-1.32328,0.169068][0.076959,1.00701,-0.046503][0.863589,0.478763,0][0.113408,-1.32328,0.169068][0.076959,1.00701,-0.046503][0.863589,0.478763,0][0.251232,-1.37695,0.169862][0.793236,0.615605,0.008212][0.877004,0.488682,0][0.237824,-1.32872,0.0945][0.786108,0.458962,0.424146][0.866389,0.499522,0][0.113408,-1.32328,0.169068][0.076959,1.00701,-0.046503][0.573381,0.390043,0][0.116706,-1.27867,0.211586][0.048003,0.230954,-0.983151][0.579059,0.395764,0][0.237852,-1.32868,0.241112][0.803896,0.368324,-0.475364][0.565443,0.410622,0][0.237852,-1.32868,0.241112][0.803896,0.368324,-0.475364][0.565443,0.410622,0][0.251232,-1.37695,0.169862][0.793236,0.615605,0.008212][0.556625,0.399611,0][0.113408,-1.32328,0.169068][0.076959,1.00701,-0.046503][0.573381,0.390043,0][0.116706,-1.27867,0.211586][0.048003,0.230954,-0.983151][0.579059,0.395764,0][0.073854,-0.798758,0.120078][0.036438,-0.121242,-1.00311][0.658074,0.405697,0][0.147876,-0.819576,0.152384][0.685732,0.029116,-0.735342][0.650476,0.416814,0][0.147876,-0.819576,0.152384][0.685732,0.029116,-0.735342][0.650476,0.416814,0][0.237852,-1.32868,0.241112][0.803896,0.368324,-0.475364][0.565443,0.410622,0][0.116706,-1.27867,0.211586][0.048003,0.230954,-0.983151][0.579059,0.395764,0][0.073854,-0.798758,0.120078][0.036438,-0.121242,-1.00311][0.658074,0.405697,0][0.013112,-0.47422,0.087144][0.065219,-0.285,-0.967837][0.691173,0.40626,0][0.06609,-0.430266,0.122818][0.853365,-0.30104,-0.432665][0.694512,0.416934,0][0.06609,-0.430266,0.122818][0.853365,-0.30104,-0.432665][0.694512,0.416934,0][0.147876,-0.819576,0.152384][0.685732,0.029116,-0.735342][0.650476,0.416814,0][0.073854,-0.798758,0.120078][0.036438,-0.121242,-1.00311][0.658074,0.405697,0][0.014272,-0.436562,0.059028][0.104186,-0.993985,-0.152242][0.697345,0.402935,0][0.081256,-0.370832,0.05791][0.772947,-0.641334,-0.014591][0.706996,0.403393,0][0.06609,-0.430266,0.122818][0.853365,-0.30104,-0.432665][0.694512,0.416934,0][0.06609,-0.430266,0.122818][0.853365,-0.30104,-0.432665][0.694512,0.416934,0][0.013112,-0.47422,0.087144][0.065219,-0.285,-0.967837][0.691173,0.40626,0][0.014272,-0.436562,0.059028][0.104186,-0.993985,-0.152242][0.697345,0.402935,0][0.066074,-0.430296,-0.010094][0.763056,-0.316071,0.571973][0.74074,0.504476,0][0.081256,-0.370832,0.05791][0.772947,-0.641334,-0.014591][0.728496,0.492134,0][0.014272,-0.436562,0.059028][0.104186,-0.993985,-0.152242][0.73913,0.489945,0][0.014272,-0.436562,0.059028][0.104186,-0.993985,-0.152242][0.73913,0.489945,0][0.012976,-0.469886,0.01121][-0.038721,-0.291955,0.967218][0.744809,0.496568,0][0.066074,-0.430296,-0.010094][0.763056,-0.316071,0.571973][0.74074,0.504476,0][-0.285754,-1.94237,-0.697884][-0.972271,0.174182,-0.159898][0.542263,0.84328,0][-0.17206,-1.89632,-1.01556][-0.771547,0.198497,-0.611826][0.499352,0.858143,0][-0.167904,-1.98803,-1.00531][-0.587863,-0.694024,-0.432815][0.495555,0.851716,0][-0.167904,-1.98803,-1.00531][-0.587863,-0.694024,-0.432815][0.495555,0.851716,0][-0.293818,-1.98803,-0.69444][-0.77709,-0.616906,-0.156156][0.540883,0.838026,0][-0.285754,-1.94237,-0.697884][-0.972271,0.174182,-0.159898][0.542263,0.84328,0][-0.064032,-1.93072,0.46868][-0.464129,-0.5103,0.735975][0.719528,0.83872,0][-0.047702,-1.82945,0.487084][-0.522099,0.32101,0.800358][0.720079,0.853517,0][-0.167944,-1.83329,0.370976][-0.791856,0.345087,0.512045][0.697742,0.850356,0][-0.167944,-1.83329,0.370976][-0.791856,0.345087,0.512045][0.697742,0.850356,0][-0.170482,-1.92964,0.367832][-0.759007,-0.472197,0.458675][0.69805,0.836585,0][-0.064032,-1.93072,0.46868][-0.464129,-0.5103,0.735975][0.719528,0.83872,0][-0.064032,-1.93072,0.46868][-0.464129,-0.5103,0.735975][0.752889,0.927741,0][-0.170482,-1.92964,0.367832][-0.759007,-0.472197,0.458675][0.745403,0.935567,0][-0.060482,-1.98803,0.358678][-0.257836,-0.941885,0.259179][0.743851,0.927601,0][-0.18705,-1.83545,0.074846][-0.924605,0.225068,-0.312543][0.656923,0.855387,0][-0.181916,-1.92978,0.07125][-0.766517,-0.544346,-0.354019][0.653252,0.84258,0][-0.215632,-1.93212,0.22056][-0.864771,-0.506298,0.038093][0.675551,0.838245,0][-0.215632,-1.93212,0.22056][-0.864771,-0.506298,0.038093][0.675551,0.838245,0][-0.217054,-1.83556,0.221256][-0.960652,0.273402,0.064172][0.676704,0.851563,0][-0.18705,-1.83545,0.074846][-0.924605,0.225068,-0.312543][0.656923,0.855387,0][0.483146,-1.83545,0.066126][0.892743,0.317061,-0.327117][0.65715,0.979576,0][0.504822,-1.83556,0.21693][0.94639,0.307404,0.110332][0.678601,0.980474,0][0.504468,-1.93212,0.212448][0.861718,-0.507178,0.077123][0.677937,0.994064,0][0.504468,-1.93212,0.212448][0.861718,-0.507178,0.077123][0.677937,0.994064,0][0.480156,-1.92978,0.054894][0.758803,-0.51553,-0.409754][0.654842,0.992303,0][0.483146,-1.83545,0.066126][0.892743,0.317061,-0.327117][0.65715,0.979576,0][-0.30101,-1.98803,-0.464252][-0.759424,-0.594887,0.280741][0.686977,0.947159,0][-0.123552,-1.98803,-0.54151][0.030601,-1.00617,0.094541][0.681322,0.935108,0][-0.044084,-1.94417,-0.351262][0.05026,-0.995475,0.169494][0.6941,0.92877,0][-0.044084,-1.94417,-0.351262][0.05026,-0.995475,0.169494][0.6941,0.92877,0][-0.146374,-1.92824,-0.24658][-0.646863,-0.662942,0.393744][0.701424,0.935434,0][-0.30101,-1.98803,-0.464252][-0.759424,-0.594887,0.280741][0.686977,0.947159,0][-0.28595,-1.92577,-0.463004][-0.889344,0.400852,0.230311][0.578844,0.844962,0][-0.30101,-1.98803,-0.464252][-0.759424,-0.594887,0.280741][0.575278,0.836585,0][-0.146374,-1.92824,-0.24658][-0.646863,-0.662942,0.393744][0.609188,0.850584,0][-0.146374,-1.92824,-0.24658][-0.646863,-0.662942,0.393744][0.609188,0.850584,0][-0.130358,-1.85416,-0.24463][-0.910285,0.356813,0.218825][0.61166,0.861743,0][-0.28595,-1.92577,-0.463004][-0.889344,0.400852,0.230311][0.578844,0.844962,0][-0.248428,-1.8767,-0.464422][-0.672123,0.743433,0.088169][0.581355,0.853414,0][-0.101458,-1.79359,-0.270682][-0.762421,0.651526,0.059644][0.610388,0.872232,0][-0.029674,-1.73313,-0.337374][-0.405397,0.908232,-0.171425][0.603346,0.888123,0][-0.029674,-1.73313,-0.337374][-0.405397,0.908232,-0.171425][0.603346,0.888123,0][-0.113464,-1.83118,-0.58783][-0.27468,0.969333,-0.074458][0.570662,0.876266,0][-0.248428,-1.8767,-0.464422][-0.672123,0.743433,0.088169][0.581355,0.853414,0][0.556638,-1.98491,-0.54678][0.472702,-0.820181,0.348079][0.557249,0.993582,0][0.623474,-1.92348,-0.591296][0.968707,0.024354,0.249773][0.555112,0.982529,0][0.432266,-1.85145,-0.331722][0.949097,0.044939,0.315286][0.599203,0.971128,0][0.432266,-1.85145,-0.331722][0.949097,0.044939,0.315286][0.599203,0.971128,0][0.385294,-1.92824,-0.3499][0.407497,-0.868793,0.312613][0.597425,0.984641,0][0.556638,-1.98491,-0.54678][0.472702,-0.820181,0.348079][0.557249,0.993582,0][0.393014,-1.78645,-0.340258][0.725048,0.693766,-0.059689][0.600568,0.959647,0][0.564106,-1.86783,-0.608922][0.483496,0.879928,0.09503][0.559807,0.972226,0][0.366306,-1.83444,-0.612412][0.152473,0.996103,-0.079332][0.567091,0.943877,0][0.366306,-1.83444,-0.612412][0.152473,0.996103,-0.079332][0.567091,0.943877,0][0.291436,-1.71273,-0.371676][0.361597,0.873821,-0.353627][0.599854,0.939549,0][0.393014,-1.78645,-0.340258][0.725048,0.693766,-0.059689][0.600568,0.959647,0][0.583948,-1.90633,-0.927706][0.909101,0.17606,-0.382629][0.506607,0.977342,0][0.577882,-1.98803,-0.909952][0.666341,-0.71454,-0.240439][0.502404,0.986738,0][0.443158,-1.98803,-1.08814][0.193091,-0.641117,-0.757057][0.474527,0.963661,0][0.443158,-1.98803,-1.08814][0.193091,-0.641117,-0.757057][0.474527,0.963661,0][0.447184,-1.88853,-1.09755][0.227947,0.264829,-0.948171][0.48483,0.95701,0][0.583948,-1.90633,-0.927706][0.909101,0.17606,-0.382629][0.506607,0.977342,0][0.376772,-1.98803,-0.54151][0.006333,-0.99996,0.149398][0.679416,0.9001,0][0.556638,-1.98491,-0.54678][0.472702,-0.820181,0.348079][0.678282,0.887858,0][0.385294,-1.92824,-0.3499][0.407497,-0.868793,0.312613][0.692708,0.898809,0][0.385294,-1.92824,-0.3499][0.407497,-0.868793,0.312613][0.692708,0.898809,0][0.306186,-1.94417,-0.373388][0.035833,-0.99263,0.188823][0.691463,0.904367,0][0.376772,-1.98803,-0.54151][0.006333,-0.99996,0.149398][0.679416,0.9001,0][0.449826,-1.92964,0.367832][0.758273,-0.471343,0.46079][0.743955,0.892208,0][0.349682,-1.93072,0.46868][0.466617,-0.506421,0.737045][0.751425,0.899329,0][0.346156,-1.98803,0.358678][0.26498,-0.939871,0.259122][0.742907,0.900175,0][0.349682,-1.93072,0.46868][0.466617,-0.506421,0.737045][0.722485,0.9872,0][0.449826,-1.92964,0.367832][0.758273,-0.471343,0.46079][0.702051,0.991308,0][0.447516,-1.83329,0.370976][0.793334,0.339731,0.513285][0.700398,0.978061,0][0.447516,-1.83329,0.370976][0.793334,0.339731,0.513285][0.700398,0.978061,0][0.333088,-1.82945,0.487084][0.515327,0.320095,0.805196][0.720428,0.972488,0][0.349682,-1.93072,0.46868][0.466617,-0.506421,0.737045][0.722485,0.9872,0][0.07334,-1.72416,-0.389124][-0.166169,0.942788,-0.324354][0.598269,0.905584,0][0.04045,-1.82123,-0.611922][-0.030326,1.0039,-0.116267][0.568163,0.900781,0][-0.113464,-1.83118,-0.58783][-0.27468,0.969333,-0.074458][0.570662,0.876266,0][-0.113464,-1.83118,-0.58783][-0.27468,0.969333,-0.074458][0.570662,0.876266,0][-0.029674,-1.73313,-0.337374][-0.405397,0.908232,-0.171425][0.603346,0.888123,0][0.07334,-1.72416,-0.389124][-0.166169,0.942788,-0.324354][0.598269,0.905584,0][-0.17206,-1.89632,-1.01556][-0.771547,0.198497,-0.611826][0.499352,0.858143,0][0.026598,-1.88219,-1.16016][0.021282,0.275539,-0.972572][0.476403,0.886926,0][0.028128,-1.98803,-1.15326][0.027027,-0.624195,-0.79493][0.464933,0.882968,0][0.028128,-1.98803,-1.15326][0.027027,-0.624195,-0.79493][0.464933,0.882968,0][-0.167904,-1.98803,-1.00531][-0.587863,-0.694024,-0.432815][0.495555,0.851716,0][-0.17206,-1.89632,-1.01556][-0.771547,0.198497,-0.611826][0.499352,0.858143,0][0.036956,-1.98803,-0.576132][0.016766,-1.00498,0.109597][0.678491,0.923959,0][0.079564,-1.94417,-0.406902][0.036724,-0.993862,0.182045][0.690181,0.920347,0][-0.044084,-1.94417,-0.351262][0.05026,-0.995475,0.169494][0.6941,0.92877,0][-0.044084,-1.94417,-0.351262][0.05026,-0.995475,0.169494][0.6941,0.92877,0][-0.123552,-1.98803,-0.54151][0.030601,-1.00617,0.094541][0.681322,0.935108,0][0.036956,-1.98803,-0.576132][0.016766,-1.00498,0.109597][0.678491,0.923959,0][0.070066,-1.98803,0.406648][-0.053813,-0.952408,0.335023][0.747097,0.918647,0][0.068692,-1.91775,0.526288][-0.15979,-0.527383,0.847376][0.757146,0.918377,0][-0.064032,-1.93072,0.46868][-0.464129,-0.5103,0.735975][0.752889,0.927741,0][-0.064032,-1.93072,0.46868][-0.464129,-0.5103,0.735975][0.752889,0.927741,0][-0.060482,-1.98803,0.358678][-0.257836,-0.941885,0.259179][0.743851,0.927601,0][0.070066,-1.98803,0.406648][-0.053813,-0.952408,0.335023][0.747097,0.918647,0][0.068692,-1.91775,0.526288][-0.15979,-0.527383,0.847376][0.739513,0.84589,0][0.074458,-1.81648,0.54238][-0.202262,0.341989,0.929249][0.736381,0.859829,0][-0.047702,-1.82945,0.487084][-0.522099,0.32101,0.800358][0.720079,0.853517,0][-0.047702,-1.82945,0.487084][-0.522099,0.32101,0.800358][0.720079,0.853517,0][-0.064032,-1.93072,0.46868][-0.464129,-0.5103,0.735975][0.719528,0.83872,0][0.068692,-1.91775,0.526288][-0.15979,-0.527383,0.847376][0.739513,0.84589,0][0.291436,-1.71273,-0.371676][0.361597,0.873821,-0.353627][0.599854,0.939549,0][0.366306,-1.83444,-0.612412][0.152473,0.996103,-0.079332][0.567091,0.943877,0][0.197984,-1.82514,-0.608474][0.032869,0.994324,-0.180269][0.564557,0.921759,0][0.197984,-1.82514,-0.608474][0.032869,0.994324,-0.180269][0.564557,0.921759,0][0.178778,-1.70375,-0.389124][-0.047049,0.924204,-0.407265][0.597323,0.921703,0][0.291436,-1.71273,-0.371676][0.361597,0.873821,-0.353627][0.599854,0.939549,0][0.215864,-1.89689,-1.00548][0.184413,0.354842,-0.928225][0.485963,0.925645,0][0.447184,-1.88853,-1.09755][0.227947,0.264829,-0.948171][0.48483,0.95701,0][0.443158,-1.98803,-1.08814][0.193091,-0.641117,-0.757057][0.474527,0.963661,0][0.443158,-1.98803,-1.08814][0.193091,-0.641117,-0.757057][0.474527,0.963661,0][0.214708,-1.98803,-0.997008][0.079417,-0.873079,-0.503554][0.47355,0.92705,0][0.215864,-1.89689,-1.00548][0.184413,0.354842,-0.928225][0.485963,0.925645,0][0.20124,-1.98803,-0.576132][-0.012852,-1.00423,0.116802][0.677766,0.912374,0][0.376772,-1.98803,-0.54151][0.006333,-0.99996,0.149398][0.679416,0.9001,0][0.306186,-1.94417,-0.373388][0.035833,-0.99263,0.188823][0.691463,0.904367,0][0.306186,-1.94417,-0.373388][0.035833,-0.99263,0.188823][0.691463,0.904367,0][0.18062,-1.94417,-0.406902][-0.023264,-0.99404,0.183338][0.689785,0.913179,0][0.20124,-1.98803,-0.576132][-0.012852,-1.00423,0.116802][0.677766,0.912374,0][0.203364,-1.98803,0.406648][0.04873,-0.953024,0.334063][0.746763,0.909412,0][0.346156,-1.98803,0.358678][0.26498,-0.939871,0.259122][0.742907,0.900175,0][0.349682,-1.93072,0.46868][0.466617,-0.506421,0.737045][0.751425,0.899329,0][0.349682,-1.93072,0.46868][0.466617,-0.506421,0.737045][0.751425,0.899329,0][0.204536,-1.91775,0.526288][0.14623,-0.531287,0.847441][0.756741,0.909066,0][0.203364,-1.98803,0.406648][0.04873,-0.953024,0.334063][0.746763,0.909412,0][0.204536,-1.91775,0.526288][0.14623,-0.531287,0.847441][0.742675,0.977344,0][0.349682,-1.93072,0.46868][0.466617,-0.506421,0.737045][0.722485,0.9872,0][0.333088,-1.82945,0.487084][0.515327,0.320095,0.805196][0.720428,0.972488,0][0.333088,-1.82945,0.487084][0.515327,0.320095,0.805196][0.720428,0.972488,0][0.199494,-1.81648,0.54238][0.187669,0.341255,0.932642][0.738836,0.962368,0][0.204536,-1.91775,0.526288][0.14623,-0.531287,0.847441][0.742675,0.977344,0][0.197984,-1.82514,-0.608474][0.032869,0.994324,-0.180269][0.564557,0.921759,0][0.04045,-1.82123,-0.611922][-0.030326,1.0039,-0.116267][0.568163,0.900781,0][0.07334,-1.72416,-0.389124][-0.166169,0.942788,-0.324354][0.598269,0.905584,0][0.07334,-1.72416,-0.389124][-0.166169,0.942788,-0.324354][0.598269,0.905584,0][0.178778,-1.70375,-0.389124][-0.047049,0.924204,-0.407265][0.597323,0.921703,0][0.197984,-1.82514,-0.608474][0.032869,0.994324,-0.180269][0.564557,0.921759,0][0.215864,-1.89689,-1.00548][0.184413,0.354842,-0.928225][0.484519,0.921106,0][0.214708,-1.98803,-0.997008][0.079417,-0.873079,-0.503554][0.472882,0.920143,0][0.028128,-1.98803,-1.15326][0.027027,-0.624195,-0.79493][0.464933,0.882968,0][0.028128,-1.98803,-1.15326][0.027027,-0.624195,-0.79493][0.464933,0.882968,0][0.026598,-1.88219,-1.16016][0.021282,0.275539,-0.972572][0.476403,0.886926,0][0.215864,-1.89689,-1.00548][0.184413,0.354842,-0.928225][0.484519,0.921106,0][0.20124,-1.98803,-0.576132][-0.012852,-1.00423,0.116802][0.677766,0.912374,0][0.18062,-1.94417,-0.406902][-0.023264,-0.99404,0.183338][0.689785,0.913179,0][0.079564,-1.94417,-0.406902][0.036724,-0.993862,0.182045][0.690181,0.920347,0][0.079564,-1.94417,-0.406902][0.036724,-0.993862,0.182045][0.690181,0.920347,0][0.036956,-1.98803,-0.576132][0.016766,-1.00498,0.109597][0.678491,0.923959,0][0.20124,-1.98803,-0.576132][-0.012852,-1.00423,0.116802][0.677766,0.912374,0][0.203364,-1.98803,0.406648][0.04873,-0.953024,0.334063][0.746763,0.909412,0][0.204536,-1.91775,0.526288][0.14623,-0.531287,0.847441][0.756741,0.909066,0][0.068692,-1.91775,0.526288][-0.15979,-0.527383,0.847376][0.757146,0.918377,0][0.068692,-1.91775,0.526288][-0.15979,-0.527383,0.847376][0.757146,0.918377,0][0.070066,-1.98803,0.406648][-0.053813,-0.952408,0.335023][0.747097,0.918647,0][0.203364,-1.98803,0.406648][0.04873,-0.953024,0.334063][0.746763,0.909412,0][0.204536,-1.91775,0.526288][0.14623,-0.531287,0.847441][0.758122,0.853847,0][0.199494,-1.81648,0.54238][0.187669,0.341255,0.932642][0.751361,0.867854,0][0.074458,-1.81648,0.54238][-0.202262,0.341989,0.929249][0.736381,0.859829,0][0.074458,-1.81648,0.54238][-0.202262,0.341989,0.929249][0.736381,0.859829,0][0.068692,-1.91775,0.526288][-0.15979,-0.527383,0.847376][0.739513,0.84589,0][0.204536,-1.91775,0.526288][0.14623,-0.531287,0.847441][0.758122,0.853847,0][-0.18705,-1.83545,0.074846][-0.924605,0.225068,-0.312543][0.656923,0.855387,0][-0.115562,-1.81487,-0.055752][-0.941874,0.272673,-0.202576][0.638024,0.863891,0][-0.122208,-1.88037,-0.053762][-0.844013,-0.47711,-0.257717][0.636833,0.854667,0][-0.122208,-1.88037,-0.053762][-0.844013,-0.47711,-0.257717][0.636833,0.854667,0][-0.181916,-1.92978,0.07125][-0.766517,-0.544346,-0.354019][0.653252,0.84258,0][-0.18705,-1.83545,0.074846][-0.924605,0.225068,-0.312543][0.656923,0.855387,0][-0.122208,-1.88037,-0.053762][-0.844013,-0.47711,-0.257717][0.714691,0.934018,0][-0.038918,-1.90905,-0.065484][-0.160019,-0.979636,-0.190833][0.712972,0.9278,0][-0.056478,-1.98176,0.057508][-0.225401,-0.925567,-0.337148][0.723304,0.928133,0][-0.056478,-1.98176,0.057508][-0.225401,-0.925567,-0.337148][0.723304,0.928133,0][-0.181916,-1.92978,0.07125][-0.766517,-0.544346,-0.354019][0.724784,0.937279,0][-0.122208,-1.88037,-0.053762][-0.844013,-0.47711,-0.257717][0.714691,0.934018,0][-0.038918,-1.90905,-0.065484][-0.160019,-0.979636,-0.190833][0.712972,0.9278,0][0.077734,-1.90905,-0.065484][0.003198,-0.976628,-0.261663][0.712338,0.919527,0][0.07138,-1.98176,0.03353][-0.022903,-0.930128,-0.395735][0.72109,0.919451,0][0.07138,-1.98176,0.03353][-0.022903,-0.930128,-0.395735][0.72109,0.919451,0][-0.056478,-1.98176,0.057508][-0.225401,-0.925567,-0.337148][0.723304,0.928133,0][-0.038918,-1.90905,-0.065484][-0.160019,-0.979636,-0.190833][0.712972,0.9278,0][0.077734,-1.90905,-0.065484][0.003198,-0.976628,-0.261663][0.712338,0.919527,0][0.197132,-1.90905,-0.065484][-0.001825,-0.976253,-0.263072][0.711996,0.911478,0][0.202248,-1.98176,0.03353][0.014992,-0.930222,-0.395902][0.720718,0.910648,0][0.202248,-1.98176,0.03353][0.014992,-0.930222,-0.395902][0.720718,0.910648,0][0.07138,-1.98176,0.03353][-0.022903,-0.930128,-0.395735][0.72109,0.919451,0][0.077734,-1.90905,-0.065484][0.003198,-0.976628,-0.261663][0.712338,0.919527,0][0.324706,-1.90905,-0.065484][0.207261,-0.963223,-0.224876][0.711889,0.902206,0][0.342074,-1.98176,0.051328][0.19991,-0.924776,-0.355269][0.721996,0.9012,0][0.202248,-1.98176,0.03353][0.014992,-0.930222,-0.395902][0.720718,0.910648,0][0.202248,-1.98176,0.03353][0.014992,-0.930222,-0.395902][0.720718,0.910648,0][0.197132,-1.90905,-0.065484][-0.001825,-0.976253,-0.263072][0.711996,0.911478,0][0.324706,-1.90905,-0.065484][0.207261,-0.963223,-0.224876][0.711889,0.902206,0][0.395514,-1.88037,-0.053762][0.699373,-0.656965,-0.301093][0.712376,0.89668,0][0.480156,-1.92978,0.054894][0.758803,-0.51553,-0.409754][0.721697,0.8912,0][0.342074,-1.98176,0.051328][0.19991,-0.924776,-0.355269][0.721996,0.9012,0][0.342074,-1.98176,0.051328][0.19991,-0.924776,-0.355269][0.721996,0.9012,0][0.324706,-1.90905,-0.065484][0.207261,-0.963223,-0.224876][0.711889,0.902206,0][0.395514,-1.88037,-0.053762][0.699373,-0.656965,-0.301093][0.712376,0.89668,0][0.395514,-1.88037,-0.053762][0.699373,-0.656965,-0.301093][0.635537,0.982425,0][0.41624,-1.82724,-0.05966][0.985086,0.050597,-0.166448][0.635741,0.974684,0][0.483146,-1.83545,0.066126][0.892743,0.317061,-0.327117][0.65715,0.979576,0][0.483146,-1.83545,0.066126][0.892743,0.317061,-0.327117][0.65715,0.979576,0][0.480156,-1.92978,0.054894][0.758803,-0.51553,-0.409754][0.654842,0.992303,0][0.395514,-1.88037,-0.053762][0.699373,-0.656965,-0.301093][0.635537,0.982425,0][-0.285754,-1.94237,-0.697884][-0.972271,0.174182,-0.159898][0.542263,0.84328,0][-0.293818,-1.98803,-0.69444][-0.77709,-0.616906,-0.156156][0.540883,0.838026,0][-0.30101,-1.98803,-0.464252][-0.759424,-0.594887,0.280741][0.575278,0.836585,0][-0.30101,-1.98803,-0.464252][-0.759424,-0.594887,0.280741][0.575278,0.836585,0][-0.28595,-1.92577,-0.463004][-0.889344,0.400852,0.230311][0.578844,0.844962,0][-0.285754,-1.94237,-0.697884][-0.972271,0.174182,-0.159898][0.542263,0.84328,0][-0.293818,-1.98803,-0.69444][-0.77709,-0.616906,-0.156156][0.670928,0.94727,0][-0.167904,-1.98803,-1.00531][-0.587863,-0.694024,-0.432815][0.648997,0.939508,0][-0.123552,-1.98803,-0.54151][0.030601,-1.00617,0.094541][0.681322,0.935108,0][-0.123552,-1.98803,-0.54151][0.030601,-1.00617,0.094541][0.681322,0.935108,0][-0.30101,-1.98803,-0.464252][-0.759424,-0.594887,0.280741][0.686977,0.947159,0][-0.293818,-1.98803,-0.69444][-0.77709,-0.616906,-0.156156][0.670928,0.94727,0][-0.167904,-1.98803,-1.00531][-0.587863,-0.694024,-0.432815][0.648997,0.939508,0][0.028128,-1.98803,-1.15326][0.027027,-0.624195,-0.79493][0.638247,0.926538,0][0.036956,-1.98803,-0.576132][0.016766,-1.00498,0.109597][0.678491,0.923959,0][0.036956,-1.98803,-0.576132][0.016766,-1.00498,0.109597][0.678491,0.923959,0][-0.123552,-1.98803,-0.54151][0.030601,-1.00617,0.094541][0.681322,0.935108,0][-0.167904,-1.98803,-1.00531][-0.587863,-0.694024,-0.432815][0.648997,0.939508,0][0.214708,-1.98803,-0.997008][0.079417,-0.873079,-0.503554][0.648163,0.91323,0][0.20124,-1.98803,-0.576132][-0.012852,-1.00423,0.116802][0.677766,0.912374,0][0.036956,-1.98803,-0.576132][0.016766,-1.00498,0.109597][0.678491,0.923959,0][0.036956,-1.98803,-0.576132][0.016766,-1.00498,0.109597][0.678491,0.923959,0][0.028128,-1.98803,-1.15326][0.027027,-0.624195,-0.79493][0.638247,0.926538,0][0.214708,-1.98803,-0.997008][0.079417,-0.873079,-0.503554][0.648163,0.91323,0][0.214708,-1.98803,-0.997008][0.079417,-0.873079,-0.503554][0.648163,0.91323,0][0.443158,-1.98803,-1.08814][0.193091,-0.641117,-0.757057][0.64128,0.897856,0][0.376772,-1.98803,-0.54151][0.006333,-0.99996,0.149398][0.679416,0.9001,0][0.376772,-1.98803,-0.54151][0.006333,-0.99996,0.149398][0.679416,0.9001,0][0.20124,-1.98803,-0.576132][-0.012852,-1.00423,0.116802][0.677766,0.912374,0][0.214708,-1.98803,-0.997008][0.079417,-0.873079,-0.503554][0.648163,0.91323,0][0.577882,-1.98803,-0.909952][0.666341,-0.71454,-0.240439][0.653251,0.887858,0][0.556638,-1.98491,-0.54678][0.472702,-0.820181,0.348079][0.678282,0.887858,0][0.376772,-1.98803,-0.54151][0.006333,-0.99996,0.149398][0.679416,0.9001,0][0.376772,-1.98803,-0.54151][0.006333,-0.99996,0.149398][0.679416,0.9001,0][0.443158,-1.98803,-1.08814][0.193091,-0.641117,-0.757057][0.64128,0.897856,0][0.577882,-1.98803,-0.909952][0.666341,-0.71454,-0.240439][0.653251,0.887858,0][0.577882,-1.98803,-0.909952][0.666341,-0.71454,-0.240439][0.502404,0.986738,0][0.583948,-1.90633,-0.927706][0.909101,0.17606,-0.382629][0.506607,0.977342,0][0.623474,-1.92348,-0.591296][0.968707,0.024354,0.249773][0.555112,0.982529,0][0.623474,-1.92348,-0.591296][0.968707,0.024354,0.249773][0.555112,0.982529,0][0.556638,-1.98491,-0.54678][0.472702,-0.820181,0.348079][0.557249,0.993582,0][0.577882,-1.98803,-0.909952][0.666341,-0.71454,-0.240439][0.502404,0.986738,0][0.56408,-1.84696,-0.857944][0.693527,0.728345,-0.009916][0.521328,0.971654,0][0.453324,-1.76216,-0.992114][0.247387,0.897749,-0.392126][0.505192,0.948574,0][0.366306,-1.83444,-0.612412][0.152473,0.996103,-0.079332][0.567091,0.943877,0][0.366306,-1.83444,-0.612412][0.152473,0.996103,-0.079332][0.567091,0.943877,0][0.564106,-1.86783,-0.608922][0.483496,0.879928,0.09503][0.559807,0.972226,0][0.56408,-1.84696,-0.857944][0.693527,0.728345,-0.009916][0.521328,0.971654,0][0.366306,-1.83444,-0.612412][0.152473,0.996103,-0.079332][0.567091,0.943877,0][0.453324,-1.76216,-0.992114][0.247387,0.897749,-0.392126][0.505192,0.948574,0][0.219188,-1.79492,-0.902164][0.099026,0.991297,-0.172005][0.512665,0.922222,0][0.219188,-1.79492,-0.902164][0.099026,0.991297,-0.172005][0.512665,0.922222,0][0.197984,-1.82514,-0.608474][0.032869,0.994324,-0.180269][0.564557,0.921759,0][0.366306,-1.83444,-0.612412][0.152473,0.996103,-0.079332][0.567091,0.943877,0][0.219188,-1.79492,-0.902164][0.099026,0.991297,-0.172005][0.512665,0.922222,0][0.027286,-1.7261,-1.03805][0.016198,0.915102,-0.429653][0.506913,0.897163,0][0.04045,-1.82123,-0.611922][-0.030326,1.0039,-0.116267][0.568163,0.900781,0][0.04045,-1.82123,-0.611922][-0.030326,1.0039,-0.116267][0.568163,0.900781,0][0.197984,-1.82514,-0.608474][0.032869,0.994324,-0.180269][0.564557,0.921759,0][0.219188,-1.79492,-0.902164][0.099026,0.991297,-0.172005][0.512665,0.922222,0][0.04045,-1.82123,-0.611922][-0.030326,1.0039,-0.116267][0.568163,0.900781,0][0.027286,-1.7261,-1.03805][0.016198,0.915102,-0.429653][0.506913,0.897163,0][-0.173946,-1.79864,-0.920078][-0.636907,0.756433,-0.188151][0.51988,0.865945,0][-0.173946,-1.79864,-0.920078][-0.636907,0.756433,-0.188151][0.51988,0.865945,0][-0.113464,-1.83118,-0.58783][-0.27468,0.969333,-0.074458][0.570662,0.876266,0][0.04045,-1.82123,-0.611922][-0.030326,1.0039,-0.116267][0.568163,0.900781,0][-0.276974,-1.89246,-0.721864][-0.875937,0.458135,-0.16743][0.5449,0.851588,0][-0.248428,-1.8767,-0.464422][-0.672123,0.743433,0.088169][0.581355,0.853414,0][-0.113464,-1.83118,-0.58783][-0.27468,0.969333,-0.074458][0.570662,0.876266,0][-0.113464,-1.83118,-0.58783][-0.27468,0.969333,-0.074458][0.570662,0.876266,0][-0.173946,-1.79864,-0.920078][-0.636907,0.756433,-0.188151][0.51988,0.865945,0][-0.276974,-1.89246,-0.721864][-0.875937,0.458135,-0.16743][0.5449,0.851588,0][-0.173946,-1.79864,-0.920078][-0.636907,0.756433,-0.188151][0.51988,0.865945,0][-0.17206,-1.89632,-1.01556][-0.771547,0.198497,-0.611826][0.499352,0.858143,0][-0.285754,-1.94237,-0.697884][-0.972271,0.174182,-0.159898][0.542263,0.84328,0][-0.285754,-1.94237,-0.697884][-0.972271,0.174182,-0.159898][0.542263,0.84328,0][-0.276974,-1.89246,-0.721864][-0.875937,0.458135,-0.16743][0.5449,0.851588,0][-0.173946,-1.79864,-0.920078][-0.636907,0.756433,-0.188151][0.51988,0.865945,0][0.027286,-1.7261,-1.03805][0.016198,0.915102,-0.429653][0.506913,0.897163,0][0.026598,-1.88219,-1.16016][0.021282,0.275539,-0.972572][0.476403,0.886926,0][-0.17206,-1.89632,-1.01556][-0.771547,0.198497,-0.611826][0.499352,0.858143,0][-0.17206,-1.89632,-1.01556][-0.771547,0.198497,-0.611826][0.499352,0.858143,0][-0.173946,-1.79864,-0.920078][-0.636907,0.756433,-0.188151][0.51988,0.865945,0][0.027286,-1.7261,-1.03805][0.016198,0.915102,-0.429653][0.506913,0.897163,0][0.027286,-1.7261,-1.03805][0.016198,0.915102,-0.429653][0.506913,0.897163,0][0.219188,-1.79492,-0.902164][0.099026,0.991297,-0.172005][0.512665,0.922222,0][0.215864,-1.89689,-1.00548][0.184413,0.354842,-0.928225][0.484519,0.921106,0][0.215864,-1.89689,-1.00548][0.184413,0.354842,-0.928225][0.484519,0.921106,0][0.026598,-1.88219,-1.16016][0.021282,0.275539,-0.972572][0.476403,0.886926,0][0.027286,-1.7261,-1.03805][0.016198,0.915102,-0.429653][0.506913,0.897163,0][0.453324,-1.76216,-0.992114][0.247387,0.897749,-0.392126][0.505192,0.948574,0][0.447184,-1.88853,-1.09755][0.227947,0.264829,-0.948171][0.48483,0.95701,0][0.215864,-1.89689,-1.00548][0.184413,0.354842,-0.928225][0.485963,0.925645,0][0.215864,-1.89689,-1.00548][0.184413,0.354842,-0.928225][0.485963,0.925645,0][0.219188,-1.79492,-0.902164][0.099026,0.991297,-0.172005][0.512665,0.922222,0][0.453324,-1.76216,-0.992114][0.247387,0.897749,-0.392126][0.505192,0.948574,0][0.453324,-1.76216,-0.992114][0.247387,0.897749,-0.392126][0.505192,0.948574,0][0.56408,-1.84696,-0.857944][0.693527,0.728345,-0.009916][0.521328,0.971654,0][0.583948,-1.90633,-0.927706][0.909101,0.17606,-0.382629][0.506607,0.977342,0][0.583948,-1.90633,-0.927706][0.909101,0.17606,-0.382629][0.506607,0.977342,0][0.447184,-1.88853,-1.09755][0.227947,0.264829,-0.948171][0.48483,0.95701,0][0.453324,-1.76216,-0.992114][0.247387,0.897749,-0.392126][0.505192,0.948574,0][0.56408,-1.84696,-0.857944][0.693527,0.728345,-0.009916][0.521328,0.971654,0][0.564106,-1.86783,-0.608922][0.483496,0.879928,0.09503][0.559807,0.972226,0][0.623474,-1.92348,-0.591296][0.968707,0.024354,0.249773][0.555112,0.982529,0][0.623474,-1.92348,-0.591296][0.968707,0.024354,0.249773][0.555112,0.982529,0][0.583948,-1.90633,-0.927706][0.909101,0.17606,-0.382629][0.506607,0.977342,0][0.56408,-1.84696,-0.857944][0.693527,0.728345,-0.009916][0.521328,0.971654,0][0.564106,-1.86783,-0.608922][0.483496,0.879928,0.09503][0.559807,0.972226,0][0.393014,-1.78645,-0.340258][0.725048,0.693766,-0.059689][0.600568,0.959647,0][0.432266,-1.85145,-0.331722][0.949097,0.044939,0.315286][0.599203,0.971128,0][0.432266,-1.85145,-0.331722][0.949097,0.044939,0.315286][0.599203,0.971128,0][0.623474,-1.92348,-0.591296][0.968707,0.024354,0.249773][0.555112,0.982529,0][0.564106,-1.86783,-0.608922][0.483496,0.879928,0.09503][0.559807,0.972226,0][0.41624,-1.82724,-0.05966][0.985086,0.050597,-0.166448][0.635741,0.974684,0][0.38726,-1.73764,-0.033732][0.909353,0.402687,-0.12156][0.641789,0.961356,0][0.406086,-1.74947,0.07985][0.837169,0.512731,-0.207175][0.658187,0.963862,0][0.406086,-1.74947,0.07985][0.837169,0.512731,-0.207175][0.658187,0.963862,0][0.483146,-1.83545,0.066126][0.892743,0.317061,-0.327117][0.65715,0.979576,0][0.41624,-1.82724,-0.05966][0.985086,0.050597,-0.166448][0.635741,0.974684,0][0.442446,-1.75053,0.20041][0.834479,0.554368,0.055548][0.676187,0.966092,0][0.504822,-1.83556,0.21693][0.94639,0.307404,0.110332][0.678601,0.980474,0][0.483146,-1.83545,0.066126][0.892743,0.317061,-0.327117][0.65715,0.979576,0][0.483146,-1.83545,0.066126][0.892743,0.317061,-0.327117][0.65715,0.979576,0][0.406086,-1.74947,0.07985][0.837169,0.512731,-0.207175][0.658187,0.963862,0][0.442446,-1.75053,0.20041][0.834479,0.554368,0.055548][0.676187,0.966092,0][0.447516,-1.83329,0.370976][0.793334,0.339731,0.513285][0.700398,0.978061,0][0.390832,-1.73972,0.303986][0.737695,0.520467,0.441675][0.69252,0.961777,0][0.30165,-1.72417,0.388518][0.517062,0.485,0.71676][0.709013,0.954829,0][0.30165,-1.72417,0.388518][0.517062,0.485,0.71676][0.709013,0.954829,0][0.333088,-1.82945,0.487084][0.515327,0.320095,0.805196][0.720428,0.972488,0][0.447516,-1.83329,0.370976][0.793334,0.339731,0.513285][0.700398,0.978061,0][0.333088,-1.82945,0.487084][0.515327,0.320095,0.805196][0.720428,0.972488,0][0.30165,-1.72417,0.388518][0.517062,0.485,0.71676][0.709013,0.954829,0][0.190104,-1.71829,0.42985][0.178858,0.504312,0.857465][0.724319,0.945292,0][0.190104,-1.71829,0.42985][0.178858,0.504312,0.857465][0.724319,0.945292,0][0.199494,-1.81648,0.54238][0.187669,0.341255,0.932642][0.738836,0.962368,0][0.333088,-1.82945,0.487084][0.515327,0.320095,0.805196][0.720428,0.972488,0][0.199494,-1.81648,0.54238][0.187669,0.341255,0.932642][0.751361,0.867854,0][0.190104,-1.71829,0.42985][0.178858,0.504312,0.857465][0.738581,0.886037,0][0.085706,-1.71829,0.42985][-0.18598,0.494155,0.861819][0.725456,0.878371,0][0.085706,-1.71829,0.42985][-0.18598,0.494155,0.861819][0.725456,0.878371,0][0.074458,-1.81648,0.54238][-0.202262,0.341989,0.929249][0.736381,0.859829,0][0.199494,-1.81648,0.54238][0.187669,0.341255,0.932642][0.751361,0.867854,0][-0.047702,-1.82945,0.487084][-0.522099,0.32101,0.800358][0.720079,0.853517,0][0.074458,-1.81648,0.54238][-0.202262,0.341989,0.929249][0.736381,0.859829,0][0.085706,-1.71829,0.42985][-0.18598,0.494155,0.861819][0.725456,0.878371,0][0.085706,-1.71829,0.42985][-0.18598,0.494155,0.861819][0.725456,0.878371,0][-0.016292,-1.72417,0.388518][-0.517816,0.44728,0.740347][0.710496,0.872524,0][-0.047702,-1.82945,0.487084][-0.522099,0.32101,0.800358][0.720079,0.853517,0][-0.167944,-1.83329,0.370976][-0.791856,0.345087,0.512045][0.697742,0.850356,0][-0.047702,-1.82945,0.487084][-0.522099,0.32101,0.800358][0.720079,0.853517,0][-0.016292,-1.72417,0.388518][-0.517816,0.44728,0.740347][0.710496,0.872524,0][-0.016292,-1.72417,0.388518][-0.517816,0.44728,0.740347][0.710496,0.872524,0][-0.087462,-1.73972,0.325094][-0.715396,0.484719,0.513939][0.697134,0.869032,0][-0.167944,-1.83329,0.370976][-0.791856,0.345087,0.512045][0.697742,0.850356,0][-0.146944,-1.74947,0.112212][-0.900275,0.382665,-0.217472][0.663834,0.868491,0][-0.18705,-1.83545,0.074846][-0.924605,0.225068,-0.312543][0.656923,0.855387,0][-0.217054,-1.83556,0.221256][-0.960652,0.273402,0.064172][0.676704,0.851563,0][-0.217054,-1.83556,0.221256][-0.960652,0.273402,0.064172][0.676704,0.851563,0][-0.160474,-1.75053,0.20424][-0.879129,0.467086,0.118421][0.676899,0.866153,0][-0.146944,-1.74947,0.112212][-0.900275,0.382665,-0.217472][0.663834,0.868491,0][-0.087018,-1.73764,-0.033732][-0.884567,0.356246,-0.308993][0.643113,0.875474,0][-0.115562,-1.81487,-0.055752][-0.941874,0.272673,-0.202576][0.638024,0.863891,0][-0.18705,-1.83545,0.074846][-0.924605,0.225068,-0.312543][0.656923,0.855387,0][-0.18705,-1.83545,0.074846][-0.924605,0.225068,-0.312543][0.656923,0.855387,0][-0.146944,-1.74947,0.112212][-0.900275,0.382665,-0.217472][0.663834,0.868491,0][-0.087018,-1.73764,-0.033732][-0.884567,0.356246,-0.308993][0.643113,0.875474,0][-0.248428,-1.8767,-0.464422][-0.672123,0.743433,0.088169][0.581355,0.853414,0][-0.28595,-1.92577,-0.463004][-0.889344,0.400852,0.230311][0.578844,0.844962,0][-0.130358,-1.85416,-0.24463][-0.910285,0.356813,0.218825][0.61166,0.861743,0][-0.130358,-1.85416,-0.24463][-0.910285,0.356813,0.218825][0.61166,0.861743,0][-0.101458,-1.79359,-0.270682][-0.762421,0.651526,0.059644][0.610388,0.872232,0][-0.248428,-1.8767,-0.464422][-0.672123,0.743433,0.088169][0.581355,0.853414,0][-0.248428,-1.8767,-0.464422][-0.672123,0.743433,0.088169][0.581355,0.853414,0][-0.276974,-1.89246,-0.721864][-0.875937,0.458135,-0.16743][0.5449,0.851588,0][-0.285754,-1.94237,-0.697884][-0.972271,0.174182,-0.159898][0.542263,0.84328,0][-0.285754,-1.94237,-0.697884][-0.972271,0.174182,-0.159898][0.542263,0.84328,0][-0.28595,-1.92577,-0.463004][-0.889344,0.400852,0.230311][0.578844,0.844962,0][-0.248428,-1.8767,-0.464422][-0.672123,0.743433,0.088169][0.581355,0.853414,0][0.480156,-1.92978,0.054894][0.758803,-0.51553,-0.409754][0.721697,0.8912,0][0.504468,-1.93212,0.212448][0.861718,-0.507178,0.077123][0.732917,0.888755,0][0.368836,-1.99935,0.206252][0.272498,-0.972814,-0.002117][0.732572,0.898794,0][0.368836,-1.99935,0.206252][0.272498,-0.972814,-0.002117][0.732572,0.898794,0][0.342074,-1.98176,0.051328][0.19991,-0.924776,-0.355269][0.721996,0.9012,0][0.480156,-1.92978,0.054894][0.758803,-0.51553,-0.409754][0.721697,0.8912,0][0.342074,-1.98176,0.051328][0.19991,-0.924776,-0.355269][0.721996,0.9012,0][0.368836,-1.99935,0.206252][0.272498,-0.972814,-0.002117][0.732572,0.898794,0][0.21008,-2.01181,0.20515][0.028852,-1.01032,-0.026182][0.732633,0.909318,0][0.21008,-2.01181,0.20515][0.028852,-1.01032,-0.026182][0.732633,0.909318,0][0.202248,-1.98176,0.03353][0.014992,-0.930222,-0.395902][0.720718,0.910648,0][0.342074,-1.98176,0.051328][0.19991,-0.924776,-0.355269][0.721996,0.9012,0][0.21008,-2.01181,0.20515][0.028852,-1.01032,-0.026182][0.732633,0.909318,0][0.061694,-2.01181,0.20515][-0.033475,-1.01014,-0.027242][0.732879,0.919813,0][0.07138,-1.98176,0.03353][-0.022903,-0.930128,-0.395735][0.72109,0.919451,0][0.07138,-1.98176,0.03353][-0.022903,-0.930128,-0.395735][0.72109,0.919451,0][0.202248,-1.98176,0.03353][0.014992,-0.930222,-0.395902][0.720718,0.910648,0][0.21008,-2.01181,0.20515][0.028852,-1.01032,-0.026182][0.732633,0.909318,0][0.061694,-2.01181,0.20515][-0.033475,-1.01014,-0.027242][0.732879,0.919813,0][-0.083462,-1.99935,0.209318][-0.282893,-0.969699,-0.012378][0.733593,0.929823,0][-0.056478,-1.98176,0.057508][-0.225401,-0.925567,-0.337148][0.723304,0.928133,0][-0.056478,-1.98176,0.057508][-0.225401,-0.925567,-0.337148][0.723304,0.928133,0][0.07138,-1.98176,0.03353][-0.022903,-0.930128,-0.395735][0.72109,0.919451,0][0.061694,-2.01181,0.20515][-0.033475,-1.01014,-0.027242][0.732879,0.919813,0][-0.083462,-1.99935,0.209318][-0.282893,-0.969699,-0.012378][0.733593,0.929823,0][-0.215632,-1.93212,0.22056][-0.864771,-0.506298,0.038093][0.735067,0.939596,0][-0.181916,-1.92978,0.07125][-0.766517,-0.544346,-0.354019][0.724784,0.937279,0][-0.181916,-1.92978,0.07125][-0.766517,-0.544346,-0.354019][0.724784,0.937279,0][-0.056478,-1.98176,0.057508][-0.225401,-0.925567,-0.337148][0.723304,0.928133,0][-0.083462,-1.99935,0.209318][-0.282893,-0.969699,-0.012378][0.733593,0.929823,0][-0.160474,-1.75053,0.20424][-0.879129,0.467086,0.118421][0.676899,0.866153,0][-0.217054,-1.83556,0.221256][-0.960652,0.273402,0.064172][0.676704,0.851563,0][-0.167944,-1.83329,0.370976][-0.791856,0.345087,0.512045][0.697742,0.850356,0][-0.167944,-1.83329,0.370976][-0.791856,0.345087,0.512045][0.697742,0.850356,0][-0.087462,-1.73972,0.325094][-0.715396,0.484719,0.513939][0.697134,0.869032,0][-0.160474,-1.75053,0.20424][-0.879129,0.467086,0.118421][0.676899,0.866153,0][-0.217054,-1.83556,0.221256][-0.960652,0.273402,0.064172][0.676704,0.851563,0][-0.215632,-1.93212,0.22056][-0.864771,-0.506298,0.038093][0.675551,0.838245,0][-0.170482,-1.92964,0.367832][-0.759007,-0.472197,0.458675][0.69805,0.836585,0][-0.170482,-1.92964,0.367832][-0.759007,-0.472197,0.458675][0.69805,0.836585,0][-0.167944,-1.83329,0.370976][-0.791856,0.345087,0.512045][0.697742,0.850356,0][-0.217054,-1.83556,0.221256][-0.960652,0.273402,0.064172][0.676704,0.851563,0][-0.083462,-1.99935,0.209318][-0.282893,-0.969699,-0.012378][0.733593,0.929823,0][-0.060482,-1.98803,0.358678][-0.257836,-0.941885,0.259179][0.743851,0.927601,0][-0.170482,-1.92964,0.367832][-0.759007,-0.472197,0.458675][0.745403,0.935567,0][-0.170482,-1.92964,0.367832][-0.759007,-0.472197,0.458675][0.745403,0.935567,0][-0.215632,-1.93212,0.22056][-0.864771,-0.506298,0.038093][0.735067,0.939596,0][-0.083462,-1.99935,0.209318][-0.282893,-0.969699,-0.012378][0.733593,0.929823,0][0.061694,-2.01181,0.20515][-0.033475,-1.01014,-0.027242][0.732879,0.919813,0][0.070066,-1.98803,0.406648][-0.053813,-0.952408,0.335023][0.747097,0.918647,0][-0.060482,-1.98803,0.358678][-0.257836,-0.941885,0.259179][0.743851,0.927601,0][-0.060482,-1.98803,0.358678][-0.257836,-0.941885,0.259179][0.743851,0.927601,0][-0.083462,-1.99935,0.209318][-0.282893,-0.969699,-0.012378][0.733593,0.929823,0][0.061694,-2.01181,0.20515][-0.033475,-1.01014,-0.027242][0.732879,0.919813,0][0.203364,-1.98803,0.406648][0.04873,-0.953024,0.334063][0.746763,0.909412,0][0.070066,-1.98803,0.406648][-0.053813,-0.952408,0.335023][0.747097,0.918647,0][0.061694,-2.01181,0.20515][-0.033475,-1.01014,-0.027242][0.732879,0.919813,0][0.061694,-2.01181,0.20515][-0.033475,-1.01014,-0.027242][0.732879,0.919813,0][0.21008,-2.01181,0.20515][0.028852,-1.01032,-0.026182][0.732633,0.909318,0][0.203364,-1.98803,0.406648][0.04873,-0.953024,0.334063][0.746763,0.909412,0][0.346156,-1.98803,0.358678][0.26498,-0.939871,0.259122][0.742907,0.900175,0][0.203364,-1.98803,0.406648][0.04873,-0.953024,0.334063][0.746763,0.909412,0][0.21008,-2.01181,0.20515][0.028852,-1.01032,-0.026182][0.732633,0.909318,0][0.21008,-2.01181,0.20515][0.028852,-1.01032,-0.026182][0.732633,0.909318,0][0.368836,-1.99935,0.206252][0.272498,-0.972814,-0.002117][0.732572,0.898794,0][0.346156,-1.98803,0.358678][0.26498,-0.939871,0.259122][0.742907,0.900175,0][0.368836,-1.99935,0.206252][0.272498,-0.972814,-0.002117][0.732572,0.898794,0][0.504468,-1.93212,0.212448][0.861718,-0.507178,0.077123][0.732917,0.888755,0][0.449826,-1.92964,0.367832][0.758273,-0.471343,0.46079][0.743955,0.892208,0][0.449826,-1.92964,0.367832][0.758273,-0.471343,0.46079][0.743955,0.892208,0][0.346156,-1.98803,0.358678][0.26498,-0.939871,0.259122][0.742907,0.900175,0][0.368836,-1.99935,0.206252][0.272498,-0.972814,-0.002117][0.732572,0.898794,0][0.504822,-1.83556,0.21693][0.94639,0.307404,0.110332][0.678601,0.980474,0][0.447516,-1.83329,0.370976][0.793334,0.339731,0.513285][0.700398,0.978061,0][0.449826,-1.92964,0.367832][0.758273,-0.471343,0.46079][0.702051,0.991308,0][0.449826,-1.92964,0.367832][0.758273,-0.471343,0.46079][0.702051,0.991308,0][0.504468,-1.93212,0.212448][0.861718,-0.507178,0.077123][0.677937,0.994064,0][0.504822,-1.83556,0.21693][0.94639,0.307404,0.110332][0.678601,0.980474,0][0.390832,-1.73972,0.303986][0.737695,0.520467,0.441675][0.69252,0.961777,0][0.447516,-1.83329,0.370976][0.793334,0.339731,0.513285][0.700398,0.978061,0][0.504822,-1.83556,0.21693][0.94639,0.307404,0.110332][0.678601,0.980474,0][0.504822,-1.83556,0.21693][0.94639,0.307404,0.110332][0.678601,0.980474,0][0.442446,-1.75053,0.20041][0.834479,0.554368,0.055548][0.676187,0.966092,0][0.390832,-1.73972,0.303986][0.737695,0.520467,0.441675][0.69252,0.961777,0][0.039926,-1.33084,-0.093846][-0.565131,0.008431,-0.834099][0.865971,0.556882,0][0.126822,-1.33552,-0.133284][-0.019338,0.010421,-1.01084][0.867489,0.54195,0][0.098048,-1.56084,-0.1314][-0.281873,0.262535,-0.933881][0.898605,0.549026,0][0.098048,-1.56084,-0.1314][-0.281873,0.262535,-0.933881][0.898605,0.549026,0][-0.002314,-1.56486,-0.090726][-0.61677,0.222949,-0.763998][0.898764,0.563967,0][0.039926,-1.33084,-0.093846][-0.565131,0.008431,-0.834099][0.865971,0.556882,0][0.335924,-1.60405,0.004196][0.912821,0.363746,-0.195351][0.906505,0.507602,0][0.353076,-1.60944,0.106834][0.907311,0.395939,-0.154781][0.910905,0.493572,0][0.406086,-1.74947,0.07985][0.837169,0.512731,-0.207175][0.931399,0.492987,0][0.406086,-1.74947,0.07985][0.837169,0.512731,-0.207175][0.931399,0.492987,0][0.38726,-1.73764,-0.033732][0.909353,0.402687,-0.12156][0.92766,0.50872,0][0.335924,-1.60405,0.004196][0.912821,0.363746,-0.195351][0.906505,0.507602,0][0.406086,-1.74947,0.07985][0.837169,0.512731,-0.207175][0.931399,0.492987,0][0.353076,-1.60944,0.106834][0.907311,0.395939,-0.154781][0.910905,0.493572,0][0.382322,-1.62621,0.206874][0.90315,0.429264,0.0645][0.917756,0.477832,0][0.382322,-1.62621,0.206874][0.90315,0.429264,0.0645][0.917756,0.477832,0][0.442446,-1.75053,0.20041][0.834479,0.554368,0.055548][0.936575,0.475526,0][0.406086,-1.74947,0.07985][0.837169,0.512731,-0.207175][0.931399,0.492987,0][0.382322,-1.62621,0.206874][0.90315,0.429264,0.0645][0.5189,0.392131,0][0.34291,-1.60292,0.294944][0.852807,0.329967,0.412212][0.526061,0.405394,0][0.390832,-1.73972,0.303986][0.737695,0.520467,0.441675][0.50386,0.401251,0][0.390832,-1.73972,0.303986][0.737695,0.520467,0.441675][0.50386,0.401251,0][0.442446,-1.75053,0.20041][0.834479,0.554368,0.055548][0.497566,0.386349,0][0.382322,-1.62621,0.206874][0.90315,0.429264,0.0645][0.5189,0.392131,0][0.34291,-1.60292,0.294944][0.852807,0.329967,0.412212][0.526061,0.405394,0][0.290272,-1.5949,0.368274][0.594753,0.225547,0.780895][0.527854,0.417646,0][0.30165,-1.72417,0.388518][0.517062,0.485,0.71676][0.509607,0.417347,0][0.30165,-1.72417,0.388518][0.517062,0.485,0.71676][0.509607,0.417347,0][0.390832,-1.73972,0.303986][0.737695,0.520467,0.441675][0.50386,0.401251,0][0.34291,-1.60292,0.294944][0.852807,0.329967,0.412212][0.526061,0.405394,0][0.290272,-1.5949,0.368274][0.594753,0.225547,0.780895][0.527854,0.417646,0][0.17745,-1.59208,0.407854][0.164351,0.22311,0.972054][0.528108,0.433965,0][0.190104,-1.71829,0.42985][0.178858,0.504312,0.857465][0.509975,0.433517,0][0.190104,-1.71829,0.42985][0.178858,0.504312,0.857465][0.509975,0.433517,0][0.30165,-1.72417,0.388518][0.517062,0.485,0.71676][0.509607,0.417347,0][0.290272,-1.5949,0.368274][0.594753,0.225547,0.780895][0.527854,0.417646,0][0.085706,-1.71829,0.42985][-0.18598,0.494155,0.861819][0.511425,0.448376,0][0.190104,-1.71829,0.42985][0.178858,0.504312,0.857465][0.509975,0.433517,0][0.17745,-1.59208,0.407854][0.164351,0.22311,0.972054][0.528108,0.433965,0][0.17745,-1.59208,0.407854][0.164351,0.22311,0.972054][0.528108,0.433965,0][0.07239,-1.5892,0.40642][-0.207172,0.194051,0.969922][0.530216,0.448095,0][0.085706,-1.71829,0.42985][-0.18598,0.494155,0.861819][0.511425,0.448376,0][0.07239,-1.5892,0.40642][-0.207172,0.194051,0.969922][0.530216,0.448095,0][-0.017808,-1.58962,0.366704][-0.58399,0.169884,0.80298][0.532094,0.46237,0][-0.016292,-1.72417,0.388518][-0.517816,0.44728,0.740347][0.513397,0.464619,0][-0.016292,-1.72417,0.388518][-0.517816,0.44728,0.740347][0.513397,0.464619,0][0.085706,-1.71829,0.42985][-0.18598,0.494155,0.861819][0.511425,0.448376,0][0.07239,-1.5892,0.40642][-0.207172,0.194051,0.969922][0.530216,0.448095,0][-0.016292,-1.72417,0.388518][-0.517816,0.44728,0.740347][0.513397,0.464619,0][-0.017808,-1.58962,0.366704][-0.58399,0.169884,0.80298][0.532094,0.46237,0][-0.072614,-1.59671,0.30759][-0.832252,0.215345,0.517524][0.531173,0.473204,0][-0.072614,-1.59671,0.30759][-0.832252,0.215345,0.517524][0.531173,0.473204,0][-0.087462,-1.73972,0.325094][-0.715396,0.484719,0.513939][0.51018,0.47741,0][-0.016292,-1.72417,0.388518][-0.517816,0.44728,0.740347][0.513397,0.464619,0][-0.087462,-1.73972,0.325094][-0.715396,0.484719,0.513939][0.51018,0.47741,0][-0.072614,-1.59671,0.30759][-0.832252,0.215345,0.517524][0.531173,0.473204,0][-0.122416,-1.62023,0.209272][-0.94019,0.289384,0.186778][0.525938,0.488469,0][-0.122416,-1.62023,0.209272][-0.94019,0.289384,0.186778][0.525938,0.488469,0][-0.160474,-1.75053,0.20424][-0.879129,0.467086,0.118421][0.506811,0.495877,0][-0.087462,-1.73972,0.325094][-0.715396,0.484719,0.513939][0.51018,0.47741,0][-0.122416,-1.62023,0.209272][-0.94019,0.289384,0.186778][0.911008,0.608168,0][-0.111688,-1.60326,0.126068][-0.950544,0.283032,-0.136047][0.905563,0.596614,0][-0.146944,-1.74947,0.112212][-0.900275,0.382665,-0.217472][0.927055,0.598921,0][-0.146944,-1.74947,0.112212][-0.900275,0.382665,-0.217472][0.927055,0.598921,0][-0.160474,-1.75053,0.20424][-0.879129,0.467086,0.118421][0.929386,0.610826,0][-0.122416,-1.62023,0.209272][-0.94019,0.289384,0.186778][0.911008,0.608168,0][-0.146944,-1.74947,0.112212][-0.900275,0.382665,-0.217472][0.927055,0.598921,0][-0.111688,-1.60326,0.126068][-0.950544,0.283032,-0.136047][0.905563,0.596614,0][-0.079096,-1.59841,0.001286][-0.899419,0.205916,-0.391026][0.902271,0.579542,0][-0.079096,-1.59841,0.001286][-0.899419,0.205916,-0.391026][0.902271,0.579542,0][-0.087018,-1.73764,-0.033732][-0.884567,0.356246,-0.308993][0.922873,0.579446,0][-0.146944,-1.74947,0.112212][-0.900275,0.382665,-0.217472][0.927055,0.598921,0][-0.079096,-1.59841,0.001286][-0.899419,0.205916,-0.391026][0.902271,0.579542,0][-0.002314,-1.56486,-0.090726][-0.61677,0.222949,-0.763998][0.898764,0.563967,0][-0.016292,-1.68158,-0.137626][-0.638754,0.626163,-0.461632][0.916317,0.563653,0][-0.016292,-1.68158,-0.137626][-0.638754,0.626163,-0.461632][0.916317,0.563653,0][-0.087018,-1.73764,-0.033732][-0.884567,0.356246,-0.308993][0.922873,0.579446,0][-0.079096,-1.59841,0.001286][-0.899419,0.205916,-0.391026][0.902271,0.579542,0][-0.002314,-1.56486,-0.090726][-0.61677,0.222949,-0.763998][0.898764,0.563967,0][0.098048,-1.56084,-0.1314][-0.281873,0.262535,-0.933881][0.898605,0.549026,0][0.085706,-1.67323,-0.182058][-0.312006,0.778769,-0.562391][0.916008,0.550533,0][0.085706,-1.67323,-0.182058][-0.312006,0.778769,-0.562391][0.916008,0.550533,0][-0.016292,-1.68158,-0.137626][-0.638754,0.626163,-0.461632][0.916317,0.563653,0][-0.002314,-1.56486,-0.090726][-0.61677,0.222949,-0.763998][0.898764,0.563967,0][0.098048,-1.56084,-0.1314][-0.281873,0.262535,-0.933881][0.898605,0.549026,0][0.167702,-1.51179,-0.1314][0.13959,0.202958,-0.980392][0.892556,0.538199,0][0.190104,-1.62118,-0.182058][-0.008994,0.741122,-0.687704][0.910084,0.538475,0][0.190104,-1.62118,-0.182058][-0.008994,0.741122,-0.687704][0.910084,0.538475,0][0.085706,-1.67323,-0.182058][-0.312006,0.778769,-0.562391][0.916008,0.550533,0][0.098048,-1.56084,-0.1314][-0.281873,0.262535,-0.933881][0.898605,0.549026,0][0.190104,-1.62118,-0.182058][-0.008994,0.741122,-0.687704][0.910084,0.538475,0][0.167702,-1.51179,-0.1314][0.13959,0.202958,-0.980392][0.892556,0.538199,0][0.274512,-1.51947,-0.092318][0.709493,0.318797,-0.637223][0.894845,0.523268,0][0.274512,-1.51947,-0.092318][0.709493,0.318797,-0.637223][0.894845,0.523268,0][0.30165,-1.62953,-0.137626][0.679321,0.620743,-0.406448][0.912369,0.52597,0][0.190104,-1.62118,-0.182058][-0.008994,0.741122,-0.687704][0.910084,0.538475,0][0.30165,-1.62953,-0.137626][0.679321,0.620743,-0.406448][0.912369,0.52597,0][0.274512,-1.51947,-0.092318][0.709493,0.318797,-0.637223][0.894845,0.523268,0][0.335924,-1.60405,0.004196][0.912821,0.363746,-0.195351][0.906505,0.507602,0][0.335924,-1.60405,0.004196][0.912821,0.363746,-0.195351][0.906505,0.507602,0][0.38726,-1.73764,-0.033732][0.909353,0.402687,-0.12156][0.92766,0.50872,0][0.30165,-1.62953,-0.137626][0.679321,0.620743,-0.406448][0.912369,0.52597,0][0.178778,-1.70375,-0.389124][-0.047049,0.924204,-0.407265][0.597323,0.921703,0][0.07334,-1.72416,-0.389124][-0.166169,0.942788,-0.324354][0.598269,0.905584,0][0.085706,-1.67323,-0.182058][-0.312006,0.778769,-0.562391][0.625829,0.905725,0][0.085706,-1.67323,-0.182058][-0.312006,0.778769,-0.562391][0.625829,0.905725,0][0.190104,-1.62118,-0.182058][-0.008994,0.741122,-0.687704][0.626867,0.922275,0][0.178778,-1.70375,-0.389124][-0.047049,0.924204,-0.407265][0.597323,0.921703,0][0.085706,-1.67323,-0.182058][-0.312006,0.778769,-0.562391][0.625829,0.905725,0][0.07334,-1.72416,-0.389124][-0.166169,0.942788,-0.324354][0.598269,0.905584,0][-0.029674,-1.73313,-0.337374][-0.405397,0.908232,-0.171425][0.603346,0.888123,0][-0.029674,-1.73313,-0.337374][-0.405397,0.908232,-0.171425][0.603346,0.888123,0][-0.016292,-1.68158,-0.137626][-0.638754,0.626163,-0.461632][0.630731,0.889775,0][0.085706,-1.67323,-0.182058][-0.312006,0.778769,-0.562391][0.625829,0.905725,0][-0.101458,-1.79359,-0.270682][-0.762421,0.651526,0.059644][0.610388,0.872232,0][-0.087018,-1.73764,-0.033732][-0.884567,0.356246,-0.308993][0.643113,0.875474,0][-0.016292,-1.68158,-0.137626][-0.638754,0.626163,-0.461632][0.630731,0.889775,0][-0.016292,-1.68158,-0.137626][-0.638754,0.626163,-0.461632][0.630731,0.889775,0][-0.029674,-1.73313,-0.337374][-0.405397,0.908232,-0.171425][0.603346,0.888123,0][-0.101458,-1.79359,-0.270682][-0.762421,0.651526,0.059644][0.610388,0.872232,0][-0.101458,-1.79359,-0.270682][-0.762421,0.651526,0.059644][0.610388,0.872232,0][-0.130358,-1.85416,-0.24463][-0.910285,0.356813,0.218825][0.61166,0.861743,0][-0.115562,-1.81487,-0.055752][-0.941874,0.272673,-0.202576][0.638024,0.863891,0][-0.115562,-1.81487,-0.055752][-0.941874,0.272673,-0.202576][0.638024,0.863891,0][-0.087018,-1.73764,-0.033732][-0.884567,0.356246,-0.308993][0.643113,0.875474,0][-0.101458,-1.79359,-0.270682][-0.762421,0.651526,0.059644][0.610388,0.872232,0][-0.130358,-1.85416,-0.24463][-0.910285,0.356813,0.218825][0.61166,0.861743,0][-0.146374,-1.92824,-0.24658][-0.646863,-0.662942,0.393744][0.609188,0.850584,0][-0.122208,-1.88037,-0.053762][-0.844013,-0.47711,-0.257717][0.636833,0.854667,0][-0.122208,-1.88037,-0.053762][-0.844013,-0.47711,-0.257717][0.636833,0.854667,0][-0.115562,-1.81487,-0.055752][-0.941874,0.272673,-0.202576][0.638024,0.863891,0][-0.130358,-1.85416,-0.24463][-0.910285,0.356813,0.218825][0.61166,0.861743,0][-0.146374,-1.92824,-0.24658][-0.646863,-0.662942,0.393744][0.701424,0.935434,0][-0.044084,-1.94417,-0.351262][0.05026,-0.995475,0.169494][0.6941,0.92877,0][-0.038918,-1.90905,-0.065484][-0.160019,-0.979636,-0.190833][0.712972,0.9278,0][-0.038918,-1.90905,-0.065484][-0.160019,-0.979636,-0.190833][0.712972,0.9278,0][-0.122208,-1.88037,-0.053762][-0.844013,-0.47711,-0.257717][0.714691,0.934018,0][-0.146374,-1.92824,-0.24658][-0.646863,-0.662942,0.393744][0.701424,0.935434,0][-0.044084,-1.94417,-0.351262][0.05026,-0.995475,0.169494][0.6941,0.92877,0][0.079564,-1.94417,-0.406902][0.036724,-0.993862,0.182045][0.690181,0.920347,0][0.077734,-1.90905,-0.065484][0.003198,-0.976628,-0.261663][0.712338,0.919527,0][0.077734,-1.90905,-0.065484][0.003198,-0.976628,-0.261663][0.712338,0.919527,0][-0.038918,-1.90905,-0.065484][-0.160019,-0.979636,-0.190833][0.712972,0.9278,0][-0.044084,-1.94417,-0.351262][0.05026,-0.995475,0.169494][0.6941,0.92877,0][0.18062,-1.94417,-0.406902][-0.023264,-0.99404,0.183338][0.689785,0.913179,0][0.197132,-1.90905,-0.065484][-0.001825,-0.976253,-0.263072][0.711996,0.911478,0][0.077734,-1.90905,-0.065484][0.003198,-0.976628,-0.261663][0.712338,0.919527,0][0.077734,-1.90905,-0.065484][0.003198,-0.976628,-0.261663][0.712338,0.919527,0][0.079564,-1.94417,-0.406902][0.036724,-0.993862,0.182045][0.690181,0.920347,0][0.18062,-1.94417,-0.406902][-0.023264,-0.99404,0.183338][0.689785,0.913179,0][0.306186,-1.94417,-0.373388][0.035833,-0.99263,0.188823][0.691463,0.904367,0][0.324706,-1.90905,-0.065484][0.207261,-0.963223,-0.224876][0.711889,0.902206,0][0.197132,-1.90905,-0.065484][-0.001825,-0.976253,-0.263072][0.711996,0.911478,0][0.197132,-1.90905,-0.065484][-0.001825,-0.976253,-0.263072][0.711996,0.911478,0][0.18062,-1.94417,-0.406902][-0.023264,-0.99404,0.183338][0.689785,0.913179,0][0.306186,-1.94417,-0.373388][0.035833,-0.99263,0.188823][0.691463,0.904367,0][0.385294,-1.92824,-0.3499][0.407497,-0.868793,0.312613][0.692708,0.898809,0][0.395514,-1.88037,-0.053762][0.699373,-0.656965,-0.301093][0.712376,0.89668,0][0.324706,-1.90905,-0.065484][0.207261,-0.963223,-0.224876][0.711889,0.902206,0][0.324706,-1.90905,-0.065484][0.207261,-0.963223,-0.224876][0.711889,0.902206,0][0.306186,-1.94417,-0.373388][0.035833,-0.99263,0.188823][0.691463,0.904367,0][0.385294,-1.92824,-0.3499][0.407497,-0.868793,0.312613][0.692708,0.898809,0][0.432266,-1.85145,-0.331722][0.949097,0.044939,0.315286][0.599203,0.971128,0][0.41624,-1.82724,-0.05966][0.985086,0.050597,-0.166448][0.635741,0.974684,0][0.395514,-1.88037,-0.053762][0.699373,-0.656965,-0.301093][0.635537,0.982425,0][0.395514,-1.88037,-0.053762][0.699373,-0.656965,-0.301093][0.635537,0.982425,0][0.385294,-1.92824,-0.3499][0.407497,-0.868793,0.312613][0.597425,0.984641,0][0.432266,-1.85145,-0.331722][0.949097,0.044939,0.315286][0.599203,0.971128,0][0.393014,-1.78645,-0.340258][0.725048,0.693766,-0.059689][0.600568,0.959647,0][0.38726,-1.73764,-0.033732][0.909353,0.402687,-0.12156][0.641789,0.961356,0][0.41624,-1.82724,-0.05966][0.985086,0.050597,-0.166448][0.635741,0.974684,0][0.41624,-1.82724,-0.05966][0.985086,0.050597,-0.166448][0.635741,0.974684,0][0.432266,-1.85145,-0.331722][0.949097,0.044939,0.315286][0.599203,0.971128,0][0.393014,-1.78645,-0.340258][0.725048,0.693766,-0.059689][0.600568,0.959647,0][0.393014,-1.78645,-0.340258][0.725048,0.693766,-0.059689][0.600568,0.959647,0][0.291436,-1.71273,-0.371676][0.361597,0.873821,-0.353627][0.599854,0.939549,0][0.30165,-1.62953,-0.137626][0.679321,0.620743,-0.406448][0.632239,0.939483,0][0.30165,-1.62953,-0.137626][0.679321,0.620743,-0.406448][0.632239,0.939483,0][0.38726,-1.73764,-0.033732][0.909353,0.402687,-0.12156][0.641789,0.961356,0][0.393014,-1.78645,-0.340258][0.725048,0.693766,-0.059689][0.600568,0.959647,0][0.291436,-1.71273,-0.371676][0.361597,0.873821,-0.353627][0.599854,0.939549,0][0.178778,-1.70375,-0.389124][-0.047049,0.924204,-0.407265][0.597323,0.921703,0][0.190104,-1.62118,-0.182058][-0.008994,0.741122,-0.687704][0.626867,0.922275,0][0.190104,-1.62118,-0.182058][-0.008994,0.741122,-0.687704][0.626867,0.922275,0][0.30165,-1.62953,-0.137626][0.679321,0.620743,-0.406448][0.632239,0.939483,0][0.291436,-1.71273,-0.371676][0.361597,0.873821,-0.353627][0.599854,0.939549,0]