version 1.00
1320
[0,-1.47859,0.80364][0.350257,0.056711,0.945332][0.858585,0.401106,0][0.08721,-1.49761,0.77724][0.713082,0.013536,0.708719][0.868686,0.402307,0][0.129506,-1.01697,0.727432][0.730083,0.014965,0.690767][0.868767,0.350327,0][0.129506,-1.01697,0.727432][0.730083,0.014965,0.690767][0.868767,0.350327,0][0,-1.01697,0.781076][0.36697,0.057078,0.938805][0.853674,0.351391,0][0,-1.47859,0.80364][0.350257,0.056711,0.945332][0.858585,0.401106,0][0.08721,-1.64243,0.68005][0.732714,-0.268826,-0.633389][0.88289,0.417,0][0,-1.74687,0.70484][0.283515,-0.344432,-0.906353][0.888629,0.430643,0][0,-1.01697,0.414778][0.342452,-0.25749,-0.914381][0.914481,0.349533,0][0,-1.01697,0.414778][0.342452,-0.25749,-0.914381][0.914481,0.349533,0][0.129506,-1.01697,0.46842][0.747996,-0.208469,-0.637853][0.899498,0.348441,0][0.08721,-1.64243,0.68005][0.732714,-0.268826,-0.633389][0.88289,0.417,0][0.123334,-1.55277,0.712962][0.968634,-0.068716,0.241665][0.877551,0.407334,0][0.08721,-1.64243,0.68005][0.732714,-0.268826,-0.633389][0.88289,0.417,0][0.129506,-1.01697,0.46842][0.747996,-0.208469,-0.637853][0.899498,0.348441,0][0.129506,-1.01697,0.46842][0.747996,-0.208469,-0.637853][0.899498,0.348441,0][0.18315,-1.01697,0.597926][0.979384,-0.061517,0.19476][0.884193,0.349047,0][0.123334,-1.55277,0.712962][0.968634,-0.068716,0.241665][0.877551,0.407334,0][0.08721,-1.49761,0.77724][0.713082,0.013536,0.708719][0.868686,0.402307,0][0.123334,-1.55277,0.712962][0.968634,-0.068716,0.241665][0.877551,0.407334,0][0.18315,-1.01697,0.597926][0.979384,-0.061517,0.19476][0.884193,0.349047,0][0.18315,-1.01697,0.597926][0.979384,-0.061517,0.19476][0.884193,0.349047,0][0.129506,-1.01697,0.727432][0.730083,0.014965,0.690767][0.868767,0.350327,0][0.08721,-1.49761,0.77724][0.713082,0.013536,0.708719][0.868686,0.402307,0][0.08721,2.02073,0.289728][0.568386,0.74017,0.379695][0.895203,0.017016,0][0,2.02073,0.193244][0,1.01108,0][0.904095,0.00323498,0][0,2.02073,0.325852][0.205038,0.876103,0.46016][0.886431,0.01186,0][0,2.02073,0.079184][0.405632,0.00265,-0.92416][0.922455,0.012635,0][0,2.02073,0.193244][0,1.01108,0][0.904095,0.00323498,0][0.08721,2.02073,0.115308][0.836583,0.006155,-0.553875][0.911755,0.016425,0][0.08721,2.02073,0.115308][0.836583,0.006155,-0.553875][0.911755,0.016425,0][0,2.02073,0.193244][0,1.01108,0][0.904095,0.00323498,0][0.123334,2.02073,0.202518][0.946547,0.322451,-0.048905][0.903815,0.017918,0][0.123334,2.02073,0.202518][0.946547,0.322451,-0.048905][0.903815,0.017918,0][0,2.02073,0.193244][0,1.01108,0][0.904095,0.00323498,0][0.08721,2.02073,0.289728][0.568386,0.74017,0.379695][0.895203,0.017016,0][0.226468,-0.22851,0.559878][0.999776,-0.010732,0.018492][0.88495,0.265262,0][0.160138,-0.22851,0.399742][0.73452,0.051814,-0.684146][0.903302,0.264894,0][0.12756,0.955508,0.685976][0.813287,0.00516,-0.588286][0.878808,0.138826,0][0.12756,0.955508,0.685976][0.813287,0.00516,-0.588286][0.878808,0.138826,0][0.180396,0.955508,0.813536][0.999897,0.014469,-0.000624][0.863264,0.139101,0][0.226468,-0.22851,0.559878][0.999776,-0.010732,0.018492][0.88495,0.265262,0][0.160138,-0.22851,0.399742][0.73452,0.051814,-0.684146][0.903302,0.264894,0][0,-0.22851,0.33341][0.382956,0.067695,-0.931544][0.921837,0.264103,0][0,0.955508,0.633136][0.385126,-0.000831,-0.933088][0.8946,0.140895,0][0,0.955508,0.633136][0.385126,-0.000831,-0.933088][0.8946,0.140895,0][0.12756,0.955508,0.685976][0.813287,0.00516,-0.588286][0.878808,0.138826,0][0.160138,-0.22851,0.399742][0.73452,0.051814,-0.684146][0.903302,0.264894,0][0,-0.22851,0.786346][0.381512,-0.105619,0.928618][0.846634,0.266248,0][0.160138,-0.22851,0.720016][0.768617,-0.075704,0.642351][0.865604,0.265695,0][0.12756,0.955508,0.941094][0.806093,0.016284,0.598124][0.848549,0.139883,0][0.12756,0.955508,0.941094][0.806093,0.016284,0.598124][0.848549,0.139883,0][0,0.955508,0.993932][0.385291,0.006104,0.932999][0.833802,0.139126,0][0,-0.22851,0.786346][0.381512,-0.105619,0.928618][0.846634,0.266248,0][0.160138,-0.22851,0.720016][0.768617,-0.075704,0.642351][0.865604,0.265695,0][0.226468,-0.22851,0.559878][0.999776,-0.010732,0.018492][0.88495,0.265262,0][0.180396,0.955508,0.813536][0.999897,0.014469,-0.000624][0.863264,0.139101,0][0.180396,0.955508,0.813536][0.999897,0.014469,-0.000624][0.863264,0.139101,0][0.12756,0.955508,0.941094][0.806093,0.016284,0.598124][0.848549,0.139883,0][0.160138,-0.22851,0.720016][0.768617,-0.075704,0.642351][0.865604,0.265695,0][0.142354,1.55021,0.610724][0.993096,0.009862,-0.118189][0.875431,0.074895,0][0.180396,0.955508,0.813536][0.999897,0.014469,-0.000624][0.863264,0.139101,0][0.12756,0.955508,0.685976][0.813287,0.00516,-0.588286][0.878808,0.138826,0][0.12756,0.955508,0.685976][0.813287,0.00516,-0.588286][0.878808,0.138826,0][0.10066,1.53093,0.511928][0.817659,-0.201665,-0.546031][0.888463,0.075563,0][0.142354,1.55021,0.610724][0.993096,0.009862,-0.118189][0.875431,0.074895,0][0.10066,1.53093,0.511928][0.817659,-0.201665,-0.546031][0.888463,0.075563,0][0.12756,0.955508,0.685976][0.813287,0.00516,-0.588286][0.878808,0.138826,0][0,0.955508,0.633136][0.385126,-0.000831,-0.933088][0.8946,0.140895,0][0,0.955508,0.633136][0.385126,-0.000831,-0.933088][0.8946,0.140895,0][0,1.52295,0.471006][0.366207,-0.364855,-0.867218][0.900856,0.076692,0][0.10066,1.53093,0.511928][0.817659,-0.201665,-0.546031][0.888463,0.075563,0][0,1.57747,0.750444][0.353132,0.460993,0.826006][0.852036,0.068989,0][0,0.955508,0.993932][0.385291,0.006104,0.932999][0.833802,0.139126,0][0.12756,0.955508,0.941094][0.806093,0.016284,0.598124][0.848549,0.139883,0][0.12756,0.955508,0.941094][0.806093,0.016284,0.598124][0.848549,0.139883,0][0.10066,1.56949,0.709522][0.763823,0.337973,0.558238][0.862982,0.072121,0][0,1.57747,0.750444][0.353132,0.460993,0.826006][0.852036,0.068989,0][0.10066,1.56949,0.709522][0.763823,0.337973,0.558238][0.862982,0.072121,0][0.12756,0.955508,0.941094][0.806093,0.016284,0.598124][0.848549,0.139883,0][0.180396,0.955508,0.813536][0.999897,0.014469,-0.000624][0.863264,0.139101,0][0.180396,0.955508,0.813536][0.999897,0.014469,-0.000624][0.863264,0.139101,0][0.142354,1.55021,0.610724][0.993096,0.009862,-0.118189][0.875431,0.074895,0][0.10066,1.56949,0.709522][0.763823,0.337973,0.558238][0.862982,0.072121,0][0.123334,2.02073,0.202518][0.946547,0.322451,-0.048905][0.903815,0.017918,0][0.142354,1.55021,0.610724][0.993096,0.009862,-0.118189][0.875431,0.074895,0][0.10066,1.53093,0.511928][0.817659,-0.201665,-0.546031][0.888463,0.075563,0][0.10066,1.53093,0.511928][0.817659,-0.201665,-0.546031][0.888463,0.075563,0][0.08721,2.02073,0.115308][0.836583,0.006155,-0.553875][0.911755,0.016425,0][0.123334,2.02073,0.202518][0.946547,0.322451,-0.048905][0.903815,0.017918,0][0.08721,2.02073,0.115308][0.836583,0.006155,-0.553875][0.911755,0.016425,0][0.10066,1.53093,0.511928][0.817659,-0.201665,-0.546031][0.888463,0.075563,0][0,1.52295,0.471006][0.366207,-0.364855,-0.867218][0.900856,0.076692,0][0,1.52295,0.471006][0.366207,-0.364855,-0.867218][0.900856,0.076692,0][0,2.02073,0.079184][0.405632,0.00265,-0.92416][0.922455,0.012635,0][0.08721,2.02073,0.115308][0.836583,0.006155,-0.553875][0.911755,0.016425,0][0,2.02073,0.325852][0.205038,0.876103,0.46016][0.886431,0.01186,0][0,1.57747,0.750444][0.353132,0.460993,0.826006][0.852036,0.068989,0][0.10066,1.56949,0.709522][0.763823,0.337973,0.558238][0.862982,0.072121,0][0.10066,1.56949,0.709522][0.763823,0.337973,0.558238][0.862982,0.072121,0][0.08721,2.02073,0.289728][0.568386,0.74017,0.379695][0.895203,0.017016,0][0,2.02073,0.325852][0.205038,0.876103,0.46016][0.886431,0.01186,0][0.08721,2.02073,0.289728][0.568386,0.74017,0.379695][0.895203,0.017016,0][0.10066,1.56949,0.709522][0.763823,0.337973,0.558238][0.862982,0.072121,0][0.142354,1.55021,0.610724][0.993096,0.009862,-0.118189][0.875431,0.074895,0][0.142354,1.55021,0.610724][0.993096,0.009862,-0.118189][0.875431,0.074895,0][0.123334,2.02073,0.202518][0.946547,0.322451,-0.048905][0.903815,0.017918,0][0.08721,2.02073,0.289728][0.568386,0.74017,0.379695][0.895203,0.017016,0][0.214166,-0.610032,0.540152][0.998333,-0.040951,0.041577][0.887311,0.305771,0][0.18315,-1.01697,0.597926][0.979384,-0.061517,0.19476][0.884193,0.349047,0][0.129506,-1.01697,0.46842][0.747996,-0.208469,-0.637853][0.899498,0.348441,0][0.129506,-1.01697,0.46842][0.747996,-0.208469,-0.637853][0.899498,0.348441,0][0.151438,-0.610032,0.387338][0.729317,-0.0423,-0.690462][0.90512,0.304854,0][0.214166,-0.610032,0.540152][0.998333,-0.040951,0.041577][0.887311,0.305771,0][0.151438,-0.610032,0.387338][0.729317,-0.0423,-0.690462][0.90512,0.304854,0][0.129506,-1.01697,0.46842][0.747996,-0.208469,-0.637853][0.899498,0.348441,0][0,-1.01697,0.414778][0.342452,-0.25749,-0.914381][0.914481,0.349533,0][0,-1.01697,0.414778][0.342452,-0.25749,-0.914381][0.914481,0.349533,0][0,-0.610032,0.32404][0.383974,-0.031528,-0.933041][0.922455,0.30488,0][0.151438,-0.610032,0.387338][0.729317,-0.0423,-0.690462][0.90512,0.304854,0][0,-0.610032,0.756262][0.384204,-0.003986,0.933469][0.850875,0.307422,0][0,-1.01697,0.781076][0.36697,0.057078,0.938805][0.853674,0.351391,0][0.129506,-1.01697,0.727432][0.730083,0.014965,0.690767][0.868767,0.350327,0][0.129506,-1.01697,0.727432][0.730083,0.014965,0.690767][0.868767,0.350327,0][0.151438,-0.610032,0.692964][0.741885,-0.020995,0.67763][0.86882,0.306441,0][0,-0.610032,0.756262][0.384204,-0.003986,0.933469][0.850875,0.307422,0][0.151438,-0.610032,0.692964][0.741885,-0.020995,0.67763][0.86882,0.306441,0][0.129506,-1.01697,0.727432][0.730083,0.014965,0.690767][0.868767,0.350327,0][0.18315,-1.01697,0.597926][0.979384,-0.061517,0.19476][0.884193,0.349047,0][0.18315,-1.01697,0.597926][0.979384,-0.061517,0.19476][0.884193,0.349047,0][0.214166,-0.610032,0.540152][0.998333,-0.040951,0.041577][0.887311,0.305771,0][0.151438,-0.610032,0.692964][0.741885,-0.020995,0.67763][0.86882,0.306441,0][0,-0.610032,0.756262][0.384204,-0.003986,0.933469][0.850875,0.307422,0][0.151438,-0.610032,0.692964][0.741885,-0.020995,0.67763][0.86882,0.306441,0][0.160138,-0.22851,0.720016][0.768617,-0.075704,0.642351][0.865604,0.265695,0][0.160138,-0.22851,0.720016][0.768617,-0.075704,0.642351][0.865604,0.265695,0][0,-0.22851,0.786346][0.381512,-0.105619,0.928618][0.846634,0.266248,0][0,-0.610032,0.756262][0.384204,-0.003986,0.933469][0.850875,0.307422,0][0.151438,-0.610032,0.692964][0.741885,-0.020995,0.67763][0.86882,0.306441,0][0.214166,-0.610032,0.540152][0.998333,-0.040951,0.041577][0.887311,0.305771,0][0.226468,-0.22851,0.559878][0.999776,-0.010732,0.018492][0.88495,0.265262,0][0.226468,-0.22851,0.559878][0.999776,-0.010732,0.018492][0.88495,0.265262,0][0.160138,-0.22851,0.720016][0.768617,-0.075704,0.642351][0.865604,0.265695,0][0.151438,-0.610032,0.692964][0.741885,-0.020995,0.67763][0.86882,0.306441,0][0.214166,-0.610032,0.540152][0.998333,-0.040951,0.041577][0.887311,0.305771,0][0.151438,-0.610032,0.387338][0.729317,-0.0423,-0.690462][0.90512,0.304854,0][0.160138,-0.22851,0.399742][0.73452,0.051814,-0.684146][0.903302,0.264894,0][0.160138,-0.22851,0.399742][0.73452,0.051814,-0.684146][0.903302,0.264894,0][0.226468,-0.22851,0.559878][0.999776,-0.010732,0.018492][0.88495,0.265262,0][0.214166,-0.610032,0.540152][0.998333,-0.040951,0.041577][0.887311,0.305771,0][0.151438,-0.610032,0.387338][0.729317,-0.0423,-0.690462][0.90512,0.304854,0][0,-0.610032,0.32404][0.383974,-0.031528,-0.933041][0.922455,0.30488,0][0,-0.22851,0.33341][0.382956,0.067695,-0.931544][0.921837,0.264103,0][0,-0.22851,0.33341][0.382956,0.067695,-0.931544][0.921837,0.264103,0][0.160138,-0.22851,0.399742][0.73452,0.051814,-0.684146][0.903302,0.264894,0][0.151438,-0.610032,0.387338][0.729317,-0.0423,-0.690462][0.90512,0.304854,0][-0.129506,-1.01697,0.727432][-0.730083,0.014965,0.690767][0.868767,0.350327,0][-0.08721,-1.49761,0.77724][-0.713082,0.013536,0.708719][0.868686,0.402307,0][0,-1.47859,0.80364][0.350257,0.056711,0.945332][0.858585,0.401106,0][0,-1.47859,0.80364][0.350257,0.056711,0.945332][0.858585,0.401106,0][0,-1.01697,0.781076][0.36697,0.057078,0.938805][0.853674,0.351391,0][-0.129506,-1.01697,0.727432][-0.730083,0.014965,0.690767][0.868767,0.350327,0][0,-1.01697,0.414778][0.342452,-0.25749,-0.914381][0.914481,0.349533,0][0,-1.74687,0.70484][0.283515,-0.344432,-0.906353][0.888629,0.430643,0][-0.08721,-1.64243,0.68005][-0.732714,-0.268826,-0.63339][0.88289,0.417,0][-0.08721,-1.64243,0.68005][-0.732714,-0.268826,-0.63339][0.88289,0.417,0][-0.129506,-1.01697,0.46842][-0.747996,-0.208469,-0.637853][0.899498,0.348441,0][0,-1.01697,0.414778][0.342452,-0.25749,-0.914381][0.914481,0.349533,0][-0.129506,-1.01697,0.46842][-0.747996,-0.208469,-0.637853][0.899498,0.348441,0][-0.08721,-1.64243,0.68005][-0.732714,-0.268826,-0.63339][0.88289,0.417,0][-0.123334,-1.55277,0.712962][-0.968634,-0.068716,0.241665][0.877551,0.407334,0][-0.123334,-1.55277,0.712962][-0.968634,-0.068716,0.241665][0.877551,0.407334,0][-0.18315,-1.01697,0.597926][-0.979384,-0.061517,0.19476][0.884193,0.349047,0][-0.129506,-1.01697,0.46842][-0.747996,-0.208469,-0.637853][0.899498,0.348441,0][-0.18315,-1.01697,0.597926][-0.979384,-0.061517,0.19476][0.884193,0.349047,0][-0.123334,-1.55277,0.712962][-0.968634,-0.068716,0.241665][0.877551,0.407334,0][-0.08721,-1.49761,0.77724][-0.713082,0.013536,0.708719][0.868686,0.402307,0][-0.08721,-1.49761,0.77724][-0.713082,0.013536,0.708719][0.868686,0.402307,0][-0.129506,-1.01697,0.727432][-0.730083,0.014965,0.690767][0.868767,0.350327,0][-0.18315,-1.01697,0.597926][-0.979384,-0.061517,0.19476][0.884193,0.349047,0][-0.08721,2.02073,0.289728][-0.568386,0.74017,0.379695][0.895203,0.017016,0][0,2.02073,0.325852][0.205038,0.876103,0.46016][0.886431,0.01186,0][0,2.02073,0.193244][0,1.01108,0][0.904095,0.00323498,0][0,2.02073,0.079184][0.405632,0.00265,-0.92416][0.922455,0.012635,0][-0.08721,2.02073,0.115308][-0.836583,0.006155,-0.553875][0.911755,0.016425,0][0,2.02073,0.193244][0,1.01108,0][0.904095,0.00323498,0][-0.08721,2.02073,0.115308][-0.836583,0.006155,-0.553875][0.911755,0.016425,0][-0.123334,2.02073,0.202518][-0.946547,0.322451,-0.048905][0.903815,0.017918,0][0,2.02073,0.193244][0,1.01108,0][0.904095,0.00323498,0][-0.123334,2.02073,0.202518][-0.946547,0.322451,-0.048905][0.903815,0.017918,0][-0.08721,2.02073,0.289728][-0.568386,0.74017,0.379695][0.895203,0.017016,0][0,2.02073,0.193244][0,1.01108,0][0.904095,0.00323498,0][-0.12756,0.955508,0.685976][-0.813287,0.00516,-0.588286][0.878808,0.138826,0][-0.160138,-0.22851,0.399742][-0.73452,0.051814,-0.684146][0.903302,0.264894,0][-0.226468,-0.22851,0.559878][-0.999776,-0.010732,0.018492][0.88495,0.265262,0][-0.226468,-0.22851,0.559878][-0.999776,-0.010732,0.018492][0.88495,0.265262,0][-0.180396,0.955508,0.813536][-0.999897,0.014469,-0.000624][0.863264,0.139101,0][-0.12756,0.955508,0.685976][-0.813287,0.00516,-0.588286][0.878808,0.138826,0][0,0.955508,0.633136][0.385126,-0.000831,-0.933088][0.8946,0.140895,0][0,-0.22851,0.33341][0.382956,0.067695,-0.931544][0.921837,0.264103,0][-0.160138,-0.22851,0.399742][-0.73452,0.051814,-0.684146][0.903302,0.264894,0][-0.160138,-0.22851,0.399742][-0.73452,0.051814,-0.684146][0.903302,0.264894,0][-0.12756,0.955508,0.685976][-0.813287,0.00516,-0.588286][0.878808,0.138826,0][0,0.955508,0.633136][0.385126,-0.000831,-0.933088][0.8946,0.140895,0][-0.12756,0.955508,0.941094][-0.806093,0.016284,0.598124][0.848549,0.139883,0][-0.160138,-0.22851,0.720016][-0.768617,-0.075704,0.642351][0.865604,0.265695,0][0,-0.22851,0.786346][0.381512,-0.105619,0.928618][0.846634,0.266248,0][0,-0.22851,0.786346][0.381512,-0.105619,0.928618][0.846634,0.266248,0][0,0.955508,0.993932][0.385291,0.006104,0.932999][0.833802,0.139126,0][-0.12756,0.955508,0.941094][-0.806093,0.016284,0.598124][0.848549,0.139883,0][-0.160138,-0.22851,0.720016][-0.768617,-0.075704,0.642351][0.865604,0.265695,0][-0.12756,0.955508,0.941094][-0.806093,0.016284,0.598124][0.848549,0.139883,0][-0.180396,0.955508,0.813536][-0.999897,0.014469,-0.000624][0.863264,0.139101,0][-0.180396,0.955508,0.813536][-0.999897,0.014469,-0.000624][0.863264,0.139101,0][-0.226468,-0.22851,0.559878][-0.999776,-0.010732,0.018492][0.88495,0.265262,0][-0.160138,-0.22851,0.720016][-0.768617,-0.075704,0.642351][0.865604,0.265695,0][-0.142354,1.55021,0.610724][-0.993096,0.009862,-0.118189][0.875431,0.074895,0][-0.10066,1.53093,0.511928][-0.817659,-0.201665,-0.546031][0.888463,0.075563,0][-0.12756,0.955508,0.685976][-0.813287,0.00516,-0.588286][0.878808,0.138826,0][-0.12756,0.955508,0.685976][-0.813287,0.00516,-0.588286][0.878808,0.138826,0][-0.180396,0.955508,0.813536][-0.999897,0.014469,-0.000624][0.863264,0.139101,0][-0.142354,1.55021,0.610724][-0.993096,0.009862,-0.118189][0.875431,0.074895,0][-0.10066,1.53093,0.511928][-0.817659,-0.201665,-0.546031][0.888463,0.075563,0][0,1.52295,0.471006][0.366207,-0.364855,-0.867218][0.900856,0.076692,0][0,0.955508,0.633136][0.385126,-0.000831,-0.933088][0.8946,0.140895,0][0,0.955508,0.633136][0.385126,-0.000831,-0.933088][0.8946,0.140895,0][-0.12756,0.955508,0.685976][-0.813287,0.00516,-0.588286][0.878808,0.138826,0][-0.10066,1.53093,0.511928][-0.817659,-0.201665,-0.546031][0.888463,0.075563,0][0,1.57747,0.750444][0.353132,0.460993,0.826006][0.852036,0.068989,0][-0.10066,1.56949,0.709522][-0.763823,0.337973,0.558238][0.862982,0.072121,0][-0.12756,0.955508,0.941094][-0.806093,0.016284,0.598124][0.848549,0.139883,0][-0.12756,0.955508,0.941094][-0.806093,0.016284,0.598124][0.848549,0.139883,0][0,0.955508,0.993932][0.385291,0.006104,0.932999][0.833802,0.139126,0][0,1.57747,0.750444][0.353132,0.460993,0.826006][0.852036,0.068989,0][-0.10066,1.56949,0.709522][-0.763823,0.337973,0.558238][0.862982,0.072121,0][-0.142354,1.55021,0.610724][-0.993096,0.009862,-0.118189][0.875431,0.074895,0][-0.180396,0.955508,0.813536][-0.999897,0.014469,-0.000624][0.863264,0.139101,0][-0.180396,0.955508,0.813536][-0.999897,0.014469,-0.000624][0.863264,0.139101,0][-0.12756,0.955508,0.941094][-0.806093,0.016284,0.598124][0.848549,0.139883,0][-0.10066,1.56949,0.709522][-0.763823,0.337973,0.558238][0.862982,0.072121,0][-0.123334,2.02073,0.202518][-0.946547,0.322451,-0.048905][0.903815,0.017918,0][-0.08721,2.02073,0.115308][-0.836583,0.006155,-0.553875][0.911755,0.016425,0][-0.10066,1.53093,0.511928][-0.817659,-0.201665,-0.546031][0.888463,0.075563,0][-0.10066,1.53093,0.511928][-0.817659,-0.201665,-0.546031][0.888463,0.075563,0][-0.142354,1.55021,0.610724][-0.993096,0.009862,-0.118189][0.875431,0.074895,0][-0.123334,2.02073,0.202518][-0.946547,0.322451,-0.048905][0.903815,0.017918,0][-0.08721,2.02073,0.115308][-0.836583,0.006155,-0.553875][0.911755,0.016425,0][0,2.02073,0.079184][0.405632,0.00265,-0.92416][0.922455,0.012635,0][0,1.52295,0.471006][0.366207,-0.364855,-0.867218][0.900856,0.076692,0][0,1.52295,0.471006][0.366207,-0.364855,-0.867218][0.900856,0.076692,0][-0.10066,1.53093,0.511928][-0.817659,-0.201665,-0.546031][0.888463,0.075563,0][-0.08721,2.02073,0.115308][-0.836583,0.006155,-0.553875][0.911755,0.016425,0][0,2.02073,0.325852][0.205038,0.876103,0.46016][0.886431,0.01186,0][-0.08721,2.02073,0.289728][-0.568386,0.74017,0.379695][0.895203,0.017016,0][-0.10066,1.56949,0.709522][-0.763823,0.337973,0.558238][0.862982,0.072121,0][-0.10066,1.56949,0.709522][-0.763823,0.337973,0.558238][0.862982,0.072121,0][0,1.57747,0.750444][0.353132,0.460993,0.826006][0.852036,0.068989,0][0,2.02073,0.325852][0.205038,0.876103,0.46016][0.886431,0.01186,0][-0.08721,2.02073,0.289728][-0.568386,0.74017,0.379695][0.895203,0.017016,0][-0.123334,2.02073,0.202518][-0.946547,0.322451,-0.048905][0.903815,0.017918,0][-0.142354,1.55021,0.610724][-0.993096,0.009862,-0.118189][0.875431,0.074895,0][-0.142354,1.55021,0.610724][-0.993096,0.009862,-0.118189][0.875431,0.074895,0][-0.10066,1.56949,0.709522][-0.763823,0.337973,0.558238][0.862982,0.072121,0][-0.08721,2.02073,0.289728][-0.568386,0.74017,0.379695][0.895203,0.017016,0][-0.214166,-0.610032,0.540152][-0.998333,-0.040951,0.041576][0.887311,0.305771,0][-0.151438,-0.610032,0.387338][-0.729317,-0.0423,-0.690462][0.90512,0.304854,0][-0.129506,-1.01697,0.46842][-0.747996,-0.208469,-0.637853][0.899498,0.348441,0][-0.129506,-1.01697,0.46842][-0.747996,-0.208469,-0.637853][0.899498,0.348441,0][-0.18315,-1.01697,0.597926][-0.979384,-0.061517,0.19476][0.884193,0.349047,0][-0.214166,-0.610032,0.540152][-0.998333,-0.040951,0.041576][0.887311,0.305771,0][-0.151438,-0.610032,0.387338][-0.729317,-0.0423,-0.690462][0.90512,0.304854,0][0,-0.610032,0.32404][0.383974,-0.031528,-0.933041][0.922455,0.30488,0][0,-1.01697,0.414778][0.342452,-0.25749,-0.914381][0.914481,0.349533,0][0,-1.01697,0.414778][0.342452,-0.25749,-0.914381][0.914481,0.349533,0][-0.129506,-1.01697,0.46842][-0.747996,-0.208469,-0.637853][0.899498,0.348441,0][-0.151438,-0.610032,0.387338][-0.729317,-0.0423,-0.690462][0.90512,0.304854,0][0,-0.610032,0.756262][0.384204,-0.003986,0.933469][0.850875,0.307422,0][-0.151438,-0.610032,0.692964][-0.741885,-0.020995,0.67763][0.86882,0.306441,0][-0.129506,-1.01697,0.727432][-0.730083,0.014965,0.690767][0.868767,0.350327,0][-0.129506,-1.01697,0.727432][-0.730083,0.014965,0.690767][0.868767,0.350327,0][0,-1.01697,0.781076][0.36697,0.057078,0.938805][0.853674,0.351391,0][0,-0.610032,0.756262][0.384204,-0.003986,0.933469][0.850875,0.307422,0][-0.151438,-0.610032,0.692964][-0.741885,-0.020995,0.67763][0.86882,0.306441,0][-0.214166,-0.610032,0.540152][-0.998333,-0.040951,0.041576][0.887311,0.305771,0][-0.18315,-1.01697,0.597926][-0.979384,-0.061517,0.19476][0.884193,0.349047,0][-0.18315,-1.01697,0.597926][-0.979384,-0.061517,0.19476][0.884193,0.349047,0][-0.129506,-1.01697,0.727432][-0.730083,0.014965,0.690767][0.868767,0.350327,0][-0.151438,-0.610032,0.692964][-0.741885,-0.020995,0.67763][0.86882,0.306441,0][-0.160138,-0.22851,0.720016][-0.768617,-0.075704,0.642351][0.865604,0.265695,0][-0.151438,-0.610032,0.692964][-0.741885,-0.020995,0.67763][0.86882,0.306441,0][0,-0.610032,0.756262][0.384204,-0.003986,0.933469][0.850875,0.307422,0][0,-0.610032,0.756262][0.384204,-0.003986,0.933469][0.850875,0.307422,0][0,-0.22851,0.786346][0.381512,-0.105619,0.928618][0.846634,0.266248,0][-0.160138,-0.22851,0.720016][-0.768617,-0.075704,0.642351][0.865604,0.265695,0][-0.226468,-0.22851,0.559878][-0.999776,-0.010732,0.018492][0.88495,0.265262,0][-0.214166,-0.610032,0.540152][-0.998333,-0.040951,0.041576][0.887311,0.305771,0][-0.151438,-0.610032,0.692964][-0.741885,-0.020995,0.67763][0.86882,0.306441,0][-0.151438,-0.610032,0.692964][-0.741885,-0.020995,0.67763][0.86882,0.306441,0][-0.160138,-0.22851,0.720016][-0.768617,-0.075704,0.642351][0.865604,0.265695,0][-0.226468,-0.22851,0.559878][-0.999776,-0.010732,0.018492][0.88495,0.265262,0][-0.160138,-0.22851,0.399742][-0.73452,0.051814,-0.684146][0.903302,0.264894,0][-0.151438,-0.610032,0.387338][-0.729317,-0.0423,-0.690462][0.90512,0.304854,0][-0.214166,-0.610032,0.540152][-0.998333,-0.040951,0.041576][0.887311,0.305771,0][-0.214166,-0.610032,0.540152][-0.998333,-0.040951,0.041576][0.887311,0.305771,0][-0.226468,-0.22851,0.559878][-0.999776,-0.010732,0.018492][0.88495,0.265262,0][-0.160138,-0.22851,0.399742][-0.73452,0.051814,-0.684146][0.903302,0.264894,0][0,-0.22851,0.33341][0.382956,0.067695,-0.931544][0.921837,0.264103,0][0,-0.610032,0.32404][0.383974,-0.031528,-0.933041][0.922455,0.30488,0][-0.151438,-0.610032,0.387338][-0.729317,-0.0423,-0.690462][0.90512,0.304854,0][-0.151438,-0.610032,0.387338][-0.729317,-0.0423,-0.690462][0.90512,0.304854,0][-0.160138,-0.22851,0.399742][-0.73452,0.051814,-0.684146][0.903302,0.264894,0][0,-0.22851,0.33341][0.382956,0.067695,-0.931544][0.921837,0.264103,0][1.2617,1.24575,0.477746][-0.157985,-0.532026,-0.844816][0.453673,0.073137,0][0.676796,1.33219,0.567176][-0.697618,-0.388215,-0.611602][0.403559,0.065768,0][0.766634,1.70721,0.348786][-0.680278,-0.207042,-0.711565][0.401768,0.102473,0][0.766634,1.70721,0.348786][-0.680278,-0.207042,-0.711565][0.401768,0.102473,0][1.31844,1.63425,0.257704][-0.194367,-0.444559,-0.886582][0.449857,0.112138,0][1.2617,1.24575,0.477746][-0.157985,-0.532026,-0.844816][0.453673,0.073137,0][1.37496,1.95533,0.231444][-0.087988,0.86849,-0.509992][0.445237,0.145011,0][1.35703,1.85617,0.140968][-0.194795,0.148363,-0.980551][0.448525,0.133955,0][0.842576,1.91391,0.233916][-0.502349,0.146725,-0.861844][0.403138,0.123683,0][0.842576,1.91391,0.233916][-0.502349,0.146725,-0.861844][0.403138,0.123683,0][0.82189,2.00637,0.305894][-0.56459,0.767968,-0.326559][0.397709,0.132098,0][1.37496,1.95533,0.231444][-0.087988,0.86849,-0.509992][0.445237,0.145011,0][1.33597,1.47631,0.87146][0.181138,0.456275,0.883489][0.588407,0.073612,0][1.3809,1.82813,0.588796][0.112716,0.652404,0.763978][0.585792,0.111776,0][0.80299,1.82007,0.541514][-0.470039,0.630866,0.631213][0.536134,0.10301,0][0.80299,1.82007,0.541514][-0.470039,0.630866,0.631213][0.536134,0.10301,0][0.71835,1.46119,0.787452][-0.508075,0.420404,0.76266][0.537459,0.0652,0][1.33597,1.47631,0.87146][0.181138,0.456275,0.883489][0.588407,0.073612,0][1.22069,0.822508,0.923912][0.273913,-0.877615,0.418776][0.457802,0.018731,0][0.767336,0.965348,0.92579][-0.707373,-0.550668,0.455543][0.415492,0.017175,0][0.797748,0.944288,0.81016][-0.590031,-0.754,-0.312845][0.418094,0.027186,0][0.797748,0.944288,0.81016][-0.590031,-0.754,-0.312845][0.418094,0.027186,0][1.21656,0.807368,0.811334][0.039209,-0.906139,-0.44679][0.455482,0.028194,0][1.22069,0.822508,0.923912][0.273913,-0.877615,0.418776][0.457802,0.018731,0][2.13246,1.77885,0.228334][0.939001,0.190433,-0.290943][0.521671,0.135716,0][2.18034,1.66171,0.320178][0.980683,-0.165788,-0.107833][0.527598,0.12258,0][2.11658,1.59577,0.24925][0.428105,-0.500576,-0.764426][0.518291,0.120434,0][2.11658,1.59577,0.24925][0.428105,-0.500576,-0.764426][0.518291,0.120434,0][2.07154,1.71397,0.177076][0.395105,-0.438804,-0.818624][0.513191,0.13202,0][2.13246,1.77885,0.228334][0.939001,0.190433,-0.290943][0.521671,0.135716,0][0.766634,1.70721,0.348786][-0.680278,-0.207042,-0.711565][0.401768,0.102473,0][0.676796,1.33219,0.567176][-0.697618,-0.388215,-0.611602][0.403559,0.065768,0][0.65258,1.41731,0.688472][-0.980398,0.08306,0.181069][0.390897,0.063724,0][0.65258,1.41731,0.688472][-0.980398,0.08306,0.181069][0.390897,0.063724,0][0.744076,1.79577,0.446916][-0.946147,0.325677,0.032801][0.390722,0.103968,0][0.766634,1.70721,0.348786][-0.680278,-0.207042,-0.711565][0.401768,0.102473,0][1.71583,1.88337,0.057352][-0.099213,0.111867,-0.999852][0.478605,0.14361,0][1.35703,1.85617,0.140968][-0.194795,0.148363,-0.980551][0.448525,0.133955,0][1.37496,1.95533,0.231444][-0.087988,0.86849,-0.509992][0.445237,0.145011,0][1.37496,1.95533,0.231444][-0.087988,0.86849,-0.509992][0.445237,0.145011,0][1.75747,1.98075,0.144398][-0.07251,0.875011,-0.501261][0.478447,0.154804,0][1.71583,1.88337,0.057352][-0.099213,0.111867,-0.999852][0.478605,0.14361,0][1.3809,1.82813,0.588796][0.112716,0.652404,0.763978][0.585792,0.111776,0][1.33597,1.47631,0.87146][0.181138,0.456275,0.883489][0.588407,0.073612,0][1.72953,1.67293,0.568874][0.350623,0.434566,0.841284][0.618572,0.106632,0][1.72953,1.67293,0.568874][0.350623,0.434566,0.841284][0.618572,0.106632,0][1.74744,1.86267,0.405344][0.249017,0.65753,0.725633][0.616461,0.129519,0][1.3809,1.82813,0.588796][0.112716,0.652404,0.763978][0.585792,0.111776,0][1.57225,1.11609,0.685676][0.542424,-0.77371,0.350534][0.487514,0.051597,0][1.22069,0.822508,0.923912][0.273913,-0.877615,0.418776][0.457802,0.018731,0][1.21656,0.807368,0.811334][0.039209,-0.906139,-0.44679][0.455482,0.028194,0][1.21656,0.807368,0.811334][0.039209,-0.906139,-0.44679][0.455482,0.028194,0][1.54664,1.08831,0.584548][0.29639,-0.873874,-0.41088][0.481275,0.059296,0][1.57225,1.11609,0.685676][0.542424,-0.77371,0.350534][0.487514,0.051597,0][1.63118,1.49725,0.260778][0.01595,-0.54898,-0.848906][0.478371,0.106808,0][1.2617,1.24575,0.477746][-0.157985,-0.532026,-0.844816][0.453673,0.073137,0][1.31844,1.63425,0.257704][-0.194367,-0.444559,-0.886582][0.449857,0.112138,0][1.31844,1.63425,0.257704][-0.194367,-0.444559,-0.886582][0.449857,0.112138,0][1.67488,1.71211,0.144872][-0.013555,-0.498526,-0.879526][0.478243,0.127679,0][1.63118,1.49725,0.260778][0.01595,-0.54898,-0.848906][0.478371,0.106808,0][0.65258,1.41731,0.688472][-0.980398,0.08306,0.181069][0.527479,0.063729,0][0.71835,1.46119,0.787452][-0.508075,0.420404,0.76266][0.537459,0.0652,0][0.80299,1.82007,0.541514][-0.470039,0.630866,0.631213][0.536134,0.10301,0][0.80299,1.82007,0.541514][-0.470039,0.630866,0.631213][0.536134,0.10301,0][0.744076,1.79577,0.446916][-0.946147,0.325677,0.032801][0.527124,0.104732,0][0.65258,1.41731,0.688472][-0.980398,0.08306,0.181069][0.527479,0.063729,0][1.22069,0.822508,0.923912][0.273913,-0.877615,0.418776][0.594676,0.016365,0][1.26161,0.947228,1.05019][0.319188,-0.202463,0.936557][0.590224,0.029857,0][0.828236,1.03893,0.971788][-0.433818,-0.050699,0.909571][0.552874,0.025609,0][0.828236,1.03893,0.971788][-0.433818,-0.050699,0.909571][0.552874,0.025609,0][0.767336,0.965348,0.92579][-0.707373,-0.550668,0.455543][0.549879,0.017554,0][1.22069,0.822508,0.923912][0.273913,-0.877615,0.418776][0.594676,0.016365,0][1.26161,0.947228,1.05019][0.319188,-0.202463,0.936557][0.590224,0.029857,0][1.22069,0.822508,0.923912][0.273913,-0.877615,0.418776][0.594676,0.016365,0][1.57225,1.11609,0.685676][0.542424,-0.77371,0.350534][0.627018,0.050257,0][1.57225,1.11609,0.685676][0.542424,-0.77371,0.350534][0.627018,0.050257,0][1.57713,1.18297,0.746176][0.565391,-0.230604,0.801444][0.621948,0.056558,0][1.26161,0.947228,1.05019][0.319188,-0.202463,0.936557][0.590224,0.029857,0][2.18034,1.66171,0.320178][0.980683,-0.165788,-0.107833][0.662032,0.123865,0][2.13246,1.77885,0.228334][0.939001,0.190433,-0.290943][0.656241,0.138738,0][2.10174,1.80771,0.337164][0.620994,0.667836,0.426673][0.647526,0.132195,0][2.10174,1.80771,0.337164][0.620994,0.667836,0.426673][0.647526,0.132195,0][2.15198,1.70565,0.43689][0.692219,0.353768,0.638189][0.651321,0.120526,0][2.18034,1.66171,0.320178][0.980683,-0.165788,-0.107833][0.662032,0.123865,0][1.75929,2.00557,0.264064][0.137732,0.961136,0.281257][0.615046,0.146146,0][1.75747,1.98075,0.144398][-0.07251,0.875011,-0.501261][0.615188,0.156748,0][1.37496,1.95533,0.231444][-0.087988,0.86849,-0.509992][0.580375,0.148391,0][1.37496,1.95533,0.231444][-0.087988,0.86849,-0.509992][0.580375,0.148391,0][1.40615,2.00865,0.40137][0.048186,0.969375,0.283232][0.584484,0.133832,0][1.75929,2.00557,0.264064][0.137732,0.961136,0.281257][0.615046,0.146146,0][1.37496,1.95533,0.231444][-0.087988,0.86849,-0.509992][0.580375,0.148391,0][0.82189,2.00637,0.305894][-0.56459,0.767968,-0.326559][0.532829,0.131572,0][0.873066,2.00855,0.395544][-0.305487,0.892482,0.361047][0.538469,0.124971,0][0.873066,2.00855,0.395544][-0.305487,0.892482,0.361047][0.538469,0.124971,0][1.40615,2.00865,0.40137][0.048186,0.969375,0.283232][0.584484,0.133832,0][1.37496,1.95533,0.231444][-0.087988,0.86849,-0.509992][0.580375,0.148391,0][1.74744,1.86267,0.405344][0.249017,0.65753,0.725633][0.616461,0.129519,0][1.72953,1.67293,0.568874][0.350623,0.434566,0.841284][0.618572,0.106632,0][1.95599,1.72509,0.47817][0.244444,0.497459,0.844826][0.635506,0.118194,0][1.95599,1.72509,0.47817][0.244444,0.497459,0.844826][0.635506,0.118194,0][1.93546,1.84677,0.361544][0.237576,0.700286,0.688608][0.631983,0.133017,0][1.74744,1.86267,0.405344][0.249017,0.65753,0.725633][0.616461,0.129519,0][1.57225,1.11609,0.685676][0.542424,-0.77371,0.350534][0.627018,0.050257,0][1.76245,1.16063,0.623714][0.434773,-0.807768,0.420182][0.641026,0.062716,0][1.75489,1.22093,0.69041][0.41413,-0.206135,0.896919][0.635059,0.067605,0][1.75489,1.22093,0.69041][0.41413,-0.206135,0.896919][0.635059,0.067605,0][1.57713,1.18297,0.746176][0.565391,-0.230604,0.801444][0.621948,0.056558,0][1.57225,1.11609,0.685676][0.542424,-0.77371,0.350534][0.627018,0.050257,0][1.57225,1.11609,0.685676][0.542424,-0.77371,0.350534][0.487514,0.051597,0][1.54664,1.08831,0.584548][0.29639,-0.873874,-0.41088][0.481275,0.059296,0][1.7244,1.12629,0.528784][0.229771,-0.886978,-0.426122][0.494845,0.069702,0][1.7244,1.12629,0.528784][0.229771,-0.886978,-0.426122][0.494845,0.069702,0][1.76245,1.16063,0.623714][0.434773,-0.807768,0.420182][0.502301,0.06323,0][1.57225,1.11609,0.685676][0.542424,-0.77371,0.350534][0.487514,0.051597,0][1.83465,1.60193,0.253396][0.044163,-0.52346,-0.863873][0.494293,0.117498,0][1.63118,1.49725,0.260778][0.01595,-0.54898,-0.848906][0.478371,0.106808,0][1.67488,1.71211,0.144872][-0.013555,-0.498526,-0.879526][0.478243,0.127679,0][1.67488,1.71211,0.144872][-0.013555,-0.498526,-0.879526][0.478243,0.127679,0][1.85863,1.74011,0.17052][0.040723,-0.57494,-0.83068][0.493957,0.131369,0][1.83465,1.60193,0.253396][0.044163,-0.52346,-0.863873][0.494293,0.117498,0][1.87758,1.88237,0.057134][0.051006,-0.03273,-1.00923][0.491955,0.1469,0][1.71583,1.88337,0.057352][-0.099213,0.111867,-0.999852][0.478605,0.14361,0][1.75747,1.98075,0.144398][-0.07251,0.875011,-0.501261][0.478447,0.154804,0][1.75747,1.98075,0.144398][-0.07251,0.875011,-0.501261][0.478447,0.154804,0][1.92926,1.96839,0.11924][0.179956,0.852399,-0.512436][0.493963,0.156498,0][1.87758,1.88237,0.057134][0.051006,-0.03273,-1.00923][0.491955,0.1469,0][1.75747,1.98075,0.144398][-0.07251,0.875011,-0.501261][0.615188,0.156748,0][1.75929,2.00557,0.264064][0.137732,0.961136,0.281257][0.615046,0.146146,0][1.91229,1.98413,0.229886][0.273927,0.919782,0.315555][0.627887,0.149178,0][1.91229,1.98413,0.229886][0.273927,0.919782,0.315555][0.627887,0.149178,0][1.92926,1.96839,0.11924][0.179956,0.852399,-0.512436][0.630823,0.158038,0][1.75747,1.98075,0.144398][-0.07251,0.875011,-0.501261][0.615188,0.156748,0][1.72953,1.67293,0.568874][0.350623,0.434566,0.841284][0.618572,0.106632,0][1.57713,1.18297,0.746176][0.565391,-0.230604,0.801444][0.621948,0.056558,0][1.75489,1.22093,0.69041][0.41413,-0.206135,0.896919][0.635059,0.067605,0][1.75489,1.22093,0.69041][0.41413,-0.206135,0.896919][0.635059,0.067605,0][1.95599,1.72509,0.47817][0.244444,0.497459,0.844826][0.635506,0.118194,0][1.72953,1.67293,0.568874][0.350623,0.434566,0.841284][0.618572,0.106632,0][1.33597,1.47631,0.87146][0.181138,0.456275,0.883489][0.588407,0.073612,0][1.26161,0.947228,1.05019][0.319188,-0.202463,0.936557][0.590224,0.029857,0][1.57713,1.18297,0.746176][0.565391,-0.230604,0.801444][0.621948,0.056558,0][1.57713,1.18297,0.746176][0.565391,-0.230604,0.801444][0.621948,0.056558,0][1.72953,1.67293,0.568874][0.350623,0.434566,0.841284][0.618572,0.106632,0][1.33597,1.47631,0.87146][0.181138,0.456275,0.883489][0.588407,0.073612,0][1.33597,1.47631,0.87146][0.181138,0.456275,0.883489][0.588407,0.073612,0][0.71835,1.46119,0.787452][-0.508075,0.420404,0.76266][0.537459,0.0652,0][0.828236,1.03893,0.971788][-0.433818,-0.050699,0.909571][0.552874,0.025609,0][0.828236,1.03893,0.971788][-0.433818,-0.050699,0.909571][0.552874,0.025609,0][1.26161,0.947228,1.05019][0.319188,-0.202463,0.936557][0.590224,0.029857,0][1.33597,1.47631,0.87146][0.181138,0.456275,0.883489][0.588407,0.073612,0][0.65258,1.41731,0.688472][-0.980398,0.08306,0.181069][0.527479,0.063729,0][0.767336,0.965348,0.92579][-0.707373,-0.550668,0.455543][0.546042,0.020549,0][0.828236,1.03893,0.971788][-0.433818,-0.050699,0.909571][0.552874,0.025609,0][0.828236,1.03893,0.971788][-0.433818,-0.050699,0.909571][0.552874,0.025609,0][0.71835,1.46119,0.787452][-0.508075,0.420404,0.76266][0.537459,0.0652,0][0.65258,1.41731,0.688472][-0.980398,0.08306,0.181069][0.527479,0.063729,0][0.797748,0.944288,0.81016][-0.590031,-0.754,-0.312845][0.418094,0.027186,0][0.767336,0.965348,0.92579][-0.707373,-0.550668,0.455543][0.409574,0.021163,0][0.65258,1.41731,0.688472][-0.980398,0.08306,0.181069][0.390897,0.063724,0][0.65258,1.41731,0.688472][-0.980398,0.08306,0.181069][0.390897,0.063724,0][0.676796,1.33219,0.567176][-0.697618,-0.388215,-0.611602][0.403559,0.065768,0][0.797748,0.944288,0.81016][-0.590031,-0.754,-0.312845][0.418094,0.027186,0][1.2617,1.24575,0.477746][-0.157985,-0.532026,-0.844816][0.453673,0.073137,0][1.21656,0.807368,0.811334][0.039209,-0.906139,-0.44679][0.455482,0.028194,0][0.797748,0.944288,0.81016][-0.590031,-0.754,-0.312845][0.418094,0.027186,0][0.797748,0.944288,0.81016][-0.590031,-0.754,-0.312845][0.418094,0.027186,0][0.676796,1.33219,0.567176][-0.697618,-0.388215,-0.611602][0.403559,0.065768,0][1.2617,1.24575,0.477746][-0.157985,-0.532026,-0.844816][0.453673,0.073137,0][1.2617,1.24575,0.477746][-0.157985,-0.532026,-0.844816][0.453673,0.073137,0][1.63118,1.49725,0.260778][0.01595,-0.54898,-0.848906][0.478371,0.106808,0][1.54664,1.08831,0.584548][0.29639,-0.873874,-0.41088][0.481275,0.059296,0][1.54664,1.08831,0.584548][0.29639,-0.873874,-0.41088][0.481275,0.059296,0][1.21656,0.807368,0.811334][0.039209,-0.906139,-0.44679][0.455482,0.028194,0][1.2617,1.24575,0.477746][-0.157985,-0.532026,-0.844816][0.453673,0.073137,0][1.63118,1.49725,0.260778][0.01595,-0.54898,-0.848906][0.478371,0.106808,0][1.83465,1.60193,0.253396][0.044163,-0.52346,-0.863873][0.494293,0.117498,0][1.7244,1.12629,0.528784][0.229771,-0.886978,-0.426122][0.494845,0.069702,0][1.7244,1.12629,0.528784][0.229771,-0.886978,-0.426122][0.494845,0.069702,0][1.54664,1.08831,0.584548][0.29639,-0.873874,-0.41088][0.481275,0.059296,0][1.63118,1.49725,0.260778][0.01595,-0.54898,-0.848906][0.478371,0.106808,0][1.93882,1.24513,0.540956][0.731877,-0.642429,0.248973][0.514784,0.078476,0][1.88941,1.20337,0.452518][0.491402,-0.788306,-0.392426][0.506025,0.081704,0][2.11658,1.59577,0.24925][0.428105,-0.500576,-0.764426][0.518291,0.120434,0][2.11658,1.59577,0.24925][0.428105,-0.500576,-0.764426][0.518291,0.120434,0][2.18034,1.66171,0.320178][0.980683,-0.165788,-0.107833][0.527598,0.12258,0][1.93882,1.24513,0.540956][0.731877,-0.642429,0.248973][0.514784,0.078476,0][1.93882,1.24513,0.540956][0.731877,-0.642429,0.248973][0.653531,0.07777,0][2.18034,1.66171,0.320178][0.980683,-0.165788,-0.107833][0.662032,0.123865,0][2.15198,1.70565,0.43689][0.692219,0.353768,0.638189][0.651321,0.120526,0][2.15198,1.70565,0.43689][0.692219,0.353768,0.638189][0.651321,0.120526,0][1.9199,1.29801,0.614146][0.644536,-0.247025,0.732514][0.645712,0.080696,0][1.93882,1.24513,0.540956][0.731877,-0.642429,0.248973][0.653531,0.07777,0][2.01454,1.82829,0.062962][0.361788,-0.161597,-0.928634][0.504976,0.145691,0][1.87758,1.88237,0.057134][0.051006,-0.03273,-1.00923][0.491955,0.1469,0][1.92926,1.96839,0.11924][0.179956,0.852399,-0.512436][0.493963,0.156498,0][1.92926,1.96839,0.11924][0.179956,0.852399,-0.512436][0.493963,0.156498,0][2.07842,1.91109,0.124656][0.714088,0.560544,-0.43219][0.508334,0.155553,0][2.01454,1.82829,0.062962][0.361788,-0.161597,-0.928634][0.504976,0.145691,0][1.92926,1.96839,0.11924][0.179956,0.852399,-0.512436][0.630823,0.158038,0][1.91229,1.98413,0.229886][0.273927,0.919782,0.315555][0.627887,0.149178,0][2.04504,1.92295,0.22459][0.557499,0.79056,0.282077][0.641234,0.147174,0][2.04504,1.92295,0.22459][0.557499,0.79056,0.282077][0.641234,0.147174,0][2.07842,1.91109,0.124656][0.714088,0.560544,-0.43219][0.645697,0.155397,0][1.92926,1.96839,0.11924][0.179956,0.852399,-0.512436][0.630823,0.158038,0][2.10174,1.80771,0.337164][0.620994,0.667836,0.426673][0.647526,0.132195,0][1.93546,1.84677,0.361544][0.237576,0.700286,0.688608][0.631983,0.133017,0][1.95599,1.72509,0.47817][0.244444,0.497459,0.844826][0.635506,0.118194,0][1.95599,1.72509,0.47817][0.244444,0.497459,0.844826][0.635506,0.118194,0][2.15198,1.70565,0.43689][0.692219,0.353768,0.638189][0.651321,0.120526,0][2.10174,1.80771,0.337164][0.620994,0.667836,0.426673][0.647526,0.132195,0][1.95599,1.72509,0.47817][0.244444,0.497459,0.844826][0.635506,0.118194,0][1.75489,1.22093,0.69041][0.41413,-0.206135,0.896919][0.635059,0.067605,0][1.9199,1.29801,0.614146][0.644536,-0.247025,0.732514][0.645712,0.080696,0][1.9199,1.29801,0.614146][0.644536,-0.247025,0.732514][0.645712,0.080696,0][2.15198,1.70565,0.43689][0.692219,0.353768,0.638189][0.651321,0.120526,0][1.95599,1.72509,0.47817][0.244444,0.497459,0.844826][0.635506,0.118194,0][1.76245,1.16063,0.623714][0.434773,-0.807768,0.420182][0.641026,0.062716,0][1.93882,1.24513,0.540956][0.731877,-0.642429,0.248973][0.653531,0.07777,0][1.9199,1.29801,0.614146][0.644536,-0.247025,0.732514][0.645712,0.080696,0][1.9199,1.29801,0.614146][0.644536,-0.247025,0.732514][0.645712,0.080696,0][1.75489,1.22093,0.69041][0.41413,-0.206135,0.896919][0.635059,0.067605,0][1.76245,1.16063,0.623714][0.434773,-0.807768,0.420182][0.641026,0.062716,0][1.76245,1.16063,0.623714][0.434773,-0.807768,0.420182][0.502301,0.06323,0][1.7244,1.12629,0.528784][0.229771,-0.886978,-0.426122][0.494845,0.069702,0][1.88941,1.20337,0.452518][0.491402,-0.788306,-0.392426][0.506025,0.081704,0][1.88941,1.20337,0.452518][0.491402,-0.788306,-0.392426][0.506025,0.081704,0][1.93882,1.24513,0.540956][0.731877,-0.642429,0.248973][0.514784,0.078476,0][1.76245,1.16063,0.623714][0.434773,-0.807768,0.420182][0.502301,0.06323,0][1.83465,1.60193,0.253396][0.044163,-0.52346,-0.863873][0.494293,0.117498,0][2.11658,1.59577,0.24925][0.428105,-0.500576,-0.764426][0.518291,0.120434,0][1.88941,1.20337,0.452518][0.491402,-0.788306,-0.392426][0.506025,0.081704,0][1.88941,1.20337,0.452518][0.491402,-0.788306,-0.392426][0.506025,0.081704,0][1.7244,1.12629,0.528784][0.229771,-0.886978,-0.426122][0.494845,0.069702,0][1.83465,1.60193,0.253396][0.044163,-0.52346,-0.863873][0.494293,0.117498,0][1.83465,1.60193,0.253396][0.044163,-0.52346,-0.863873][0.494293,0.117498,0][1.85863,1.74011,0.17052][0.040723,-0.57494,-0.83068][0.493957,0.131369,0][2.07154,1.71397,0.177076][0.395105,-0.438804,-0.818624][0.513191,0.13202,0][2.07154,1.71397,0.177076][0.395105,-0.438804,-0.818624][0.513191,0.13202,0][2.11658,1.59577,0.24925][0.428105,-0.500576,-0.764426][0.518291,0.120434,0][1.83465,1.60193,0.253396][0.044163,-0.52346,-0.863873][0.494293,0.117498,0][1.85863,1.74011,0.17052][0.040723,-0.57494,-0.83068][0.493957,0.131369,0][1.67488,1.71211,0.144872][-0.013555,-0.498526,-0.879526][0.478243,0.127679,0][1.71583,1.88337,0.057352][-0.099213,0.111867,-0.999852][0.478605,0.14361,0][1.71583,1.88337,0.057352][-0.099213,0.111867,-0.999852][0.478605,0.14361,0][1.87758,1.88237,0.057134][0.051006,-0.03273,-1.00923][0.491955,0.1469,0][1.85863,1.74011,0.17052][0.040723,-0.57494,-0.83068][0.493957,0.131369,0][1.67488,1.71211,0.144872][-0.013555,-0.498526,-0.879526][0.478243,0.127679,0][1.31844,1.63425,0.257704][-0.194367,-0.444559,-0.886582][0.449857,0.112138,0][1.35703,1.85617,0.140968][-0.194795,0.148363,-0.980551][0.448525,0.133955,0][1.35703,1.85617,0.140968][-0.194795,0.148363,-0.980551][0.448525,0.133955,0][1.71583,1.88337,0.057352][-0.099213,0.111867,-0.999852][0.478605,0.14361,0][1.67488,1.71211,0.144872][-0.013555,-0.498526,-0.879526][0.478243,0.127679,0][1.31844,1.63425,0.257704][-0.194367,-0.444559,-0.886582][0.449857,0.112138,0][0.766634,1.70721,0.348786][-0.680278,-0.207042,-0.711565][0.401768,0.102473,0][0.842576,1.91391,0.233916][-0.502349,0.146725,-0.861844][0.403138,0.123683,0][0.842576,1.91391,0.233916][-0.502349,0.146725,-0.861844][0.403138,0.123683,0][1.35703,1.85617,0.140968][-0.194795,0.148363,-0.980551][0.448525,0.133955,0][1.31844,1.63425,0.257704][-0.194367,-0.444559,-0.886582][0.449857,0.112138,0][0.842576,1.91391,0.233916][-0.502349,0.146725,-0.861844][0.403138,0.123683,0][0.766634,1.70721,0.348786][-0.680278,-0.207042,-0.711565][0.401768,0.102473,0][0.744076,1.79577,0.446916][-0.946147,0.325677,0.032801][0.390722,0.103968,0][0.744076,1.79577,0.446916][-0.946147,0.325677,0.032801][0.390722,0.103968,0][0.82189,2.00637,0.305894][-0.56459,0.767968,-0.326559][0.393495,0.126915,0][0.842576,1.91391,0.233916][-0.502349,0.146725,-0.861844][0.403138,0.123683,0][0.744076,1.79577,0.446916][-0.946147,0.325677,0.032801][0.527124,0.104732,0][0.80299,1.82007,0.541514][-0.470039,0.630866,0.631213][0.536134,0.10301,0][0.873066,2.00855,0.395544][-0.305487,0.892482,0.361047][0.538469,0.124971,0][0.873066,2.00855,0.395544][-0.305487,0.892482,0.361047][0.538469,0.124971,0][0.82189,2.00637,0.305894][-0.56459,0.767968,-0.326559][0.530233,0.128118,0][0.744076,1.79577,0.446916][-0.946147,0.325677,0.032801][0.527124,0.104732,0][1.3809,1.82813,0.588796][0.112716,0.652404,0.763978][0.585792,0.111776,0][1.40615,2.00865,0.40137][0.048186,0.969375,0.283232][0.584484,0.133832,0][0.873066,2.00855,0.395544][-0.305487,0.892482,0.361047][0.538469,0.124971,0][0.873066,2.00855,0.395544][-0.305487,0.892482,0.361047][0.538469,0.124971,0][0.80299,1.82007,0.541514][-0.470039,0.630866,0.631213][0.536134,0.10301,0][1.3809,1.82813,0.588796][0.112716,0.652404,0.763978][0.585792,0.111776,0][1.40615,2.00865,0.40137][0.048186,0.969375,0.283232][0.584484,0.133832,0][1.3809,1.82813,0.588796][0.112716,0.652404,0.763978][0.585792,0.111776,0][1.74744,1.86267,0.405344][0.249017,0.65753,0.725633][0.616461,0.129519,0][1.74744,1.86267,0.405344][0.249017,0.65753,0.725633][0.616461,0.129519,0][1.75929,2.00557,0.264064][0.137732,0.961136,0.281257][0.615046,0.146146,0][1.40615,2.00865,0.40137][0.048186,0.969375,0.283232][0.584484,0.133832,0][1.75929,2.00557,0.264064][0.137732,0.961136,0.281257][0.615046,0.146146,0][1.74744,1.86267,0.405344][0.249017,0.65753,0.725633][0.616461,0.129519,0][1.93546,1.84677,0.361544][0.237576,0.700286,0.688608][0.631983,0.133017,0][1.93546,1.84677,0.361544][0.237576,0.700286,0.688608][0.631983,0.133017,0][1.91229,1.98413,0.229886][0.273927,0.919782,0.315555][0.627887,0.149178,0][1.75929,2.00557,0.264064][0.137732,0.961136,0.281257][0.615046,0.146146,0][1.93546,1.84677,0.361544][0.237576,0.700286,0.688608][0.631983,0.133017,0][2.10174,1.80771,0.337164][0.620994,0.667836,0.426673][0.647526,0.132195,0][2.04504,1.92295,0.22459][0.557499,0.79056,0.282077][0.641234,0.147174,0][2.04504,1.92295,0.22459][0.557499,0.79056,0.282077][0.641234,0.147174,0][1.91229,1.98413,0.229886][0.273927,0.919782,0.315555][0.627887,0.149178,0][1.93546,1.84677,0.361544][0.237576,0.700286,0.688608][0.631983,0.133017,0][2.13246,1.77885,0.228334][0.939001,0.190433,-0.290943][0.656241,0.138738,0][2.07842,1.91109,0.124656][0.714088,0.560544,-0.43219][0.648248,0.153742,0][2.04504,1.92295,0.22459][0.557499,0.79056,0.282077][0.641234,0.147174,0][2.04504,1.92295,0.22459][0.557499,0.79056,0.282077][0.641234,0.147174,0][2.10174,1.80771,0.337164][0.620994,0.667836,0.426673][0.647526,0.132195,0][2.13246,1.77885,0.228334][0.939001,0.190433,-0.290943][0.656241,0.138738,0][2.07842,1.91109,0.124656][0.714088,0.560544,-0.43219][0.51468,0.1503,0][2.13246,1.77885,0.228334][0.939001,0.190433,-0.290943][0.521671,0.135716,0][2.07154,1.71397,0.177076][0.395105,-0.438804,-0.818624][0.513191,0.13202,0][2.07154,1.71397,0.177076][0.395105,-0.438804,-0.818624][0.513191,0.13202,0][2.01454,1.82829,0.062962][0.361788,-0.161597,-0.928634][0.504976,0.145691,0][2.07842,1.91109,0.124656][0.714088,0.560544,-0.43219][0.51468,0.1503,0][1.85863,1.74011,0.17052][0.040723,-0.57494,-0.83068][0.493957,0.131369,0][1.87758,1.88237,0.057134][0.051006,-0.03273,-1.00923][0.491955,0.1469,0][2.01454,1.82829,0.062962][0.361788,-0.161597,-0.928634][0.504976,0.145691,0][2.01454,1.82829,0.062962][0.361788,-0.161597,-0.928634][0.504976,0.145691,0][2.07154,1.71397,0.177076][0.395105,-0.438804,-0.818624][0.513191,0.13202,0][1.85863,1.74011,0.17052][0.040723,-0.57494,-0.83068][0.493957,0.131369,0][0.229054,-1.53509,0.618496][-0.356957,0.157507,-0.931244][0.639263,0.237026,0][0,-1.56309,0.714802][-0.345585,0.192129,-0.929127][0.658288,0.234519,0][0,-1.21527,0.80172][-0.337352,0.363265,-0.87976][0.656398,0.211217,0][0,-1.21527,0.80172][-0.337352,0.363265,-0.87976][0.656398,0.211217,0][0.458002,-1.16941,0.635258][-0.356747,0.389428,-0.860537][0.618895,0.212996,0][0.229054,-1.53509,0.618496][-0.356957,0.157507,-0.931244][0.639263,0.237026,0][0.457474,-1.57987,0.516522][-0.429945,0.227784,-0.883981][0.618901,0.245182,0][0.229054,-1.53509,0.618496][-0.356957,0.157507,-0.931244][0.639263,0.237026,0][0.458002,-1.16941,0.635258][-0.356747,0.389428,-0.860537][0.618895,0.212996,0][0.458002,-1.16941,0.635258][-0.356747,0.389428,-0.860537][0.618895,0.212996,0][0.8321,-1.16339,0.432318][-0.419584,0.476373,-0.78446][0.58692,0.212143,0][0.457474,-1.57987,0.516522][-0.429945,0.227784,-0.883981][0.618901,0.245182,0][0.591176,-1.62397,0.369582][-0.517655,0.490922,-0.712277][0.599299,0.250788,0][0.457474,-1.57987,0.516522][-0.429945,0.227784,-0.883981][0.618901,0.245182,0][0.8321,-1.16339,0.432318][-0.419584,0.476373,-0.78446][0.58692,0.212143,0][0.8321,-1.16339,0.432318][-0.419584,0.476373,-0.78446][0.58692,0.212143,0][1.06253,-1.24155,0.18585][-0.440004,0.541612,-0.728711][0.558902,0.214425,0][0.591176,-1.62397,0.369582][-0.517655,0.490922,-0.712277][0.599299,0.250788,0][0.634248,-1.69703,0.196712][-0.460933,0.70266,-0.557993][0.584418,0.260337,0][0.591176,-1.62397,0.369582][-0.517655,0.490922,-0.712277][0.599299,0.250788,0][1.06253,-1.24155,0.18585][-0.440004,0.541612,-0.728711][0.558902,0.214425,0][1.06253,-1.24155,0.18585][-0.440004,0.541612,-0.728711][0.558902,0.214425,0][1.14381,-1.42951,0.02377][-0.445626,0.699073,-0.574953][0.543469,0.226586,0][0.634248,-1.69703,0.196712][-0.460933,0.70266,-0.557993][0.584418,0.260337,0][1.0803,-1.64595,-0.20877][-0.456197,0.863615,-0.252383][0.536394,0.247453,0][0.598564,-1.77603,-0.01552][-0.377762,0.840391,-0.412481][0.571675,0.27374,0][0.634248,-1.69703,0.196712][-0.460933,0.70266,-0.557993][0.584418,0.260337,0][0.634248,-1.69703,0.196712][-0.460933,0.70266,-0.557993][0.584418,0.260337,0][1.14381,-1.42951,0.02377][-0.445626,0.699073,-0.574953][0.543469,0.226586,0][1.0803,-1.64595,-0.20877][-0.456197,0.863615,-0.252383][0.536394,0.247453,0][0.91658,-1.80375,-0.371492][-0.375145,0.936306,0.041748][0.538568,0.270966,0][0.58688,-1.87011,-0.163128][-0.256379,0.948456,-0.235621][0.563726,0.287671,0][0.598564,-1.77603,-0.01552][-0.377762,0.840391,-0.412481][0.571675,0.27374,0][0.598564,-1.77603,-0.01552][-0.377762,0.840391,-0.412481][0.571675,0.27374,0][1.0803,-1.64595,-0.20877][-0.456197,0.863615,-0.252383][0.536394,0.247453,0][0.91658,-1.80375,-0.371492][-0.375145,0.936306,0.041748][0.538568,0.270966,0][0.574102,-1.89181,-0.512406][-0.280682,0.967758,0.072016][0.53894,0.300811,0][0.374898,-1.89187,-0.34659][-0.158818,0.983491,-0.171][0.553018,0.312518,0][0.58688,-1.87011,-0.163128][-0.256379,0.948456,-0.235621][0.563726,0.287671,0][0.58688,-1.87011,-0.163128][-0.256379,0.948456,-0.235621][0.563726,0.287671,0][0.91658,-1.80375,-0.371492][-0.375145,0.936306,0.041748][0.538568,0.270966,0][0.574102,-1.89181,-0.512406][-0.280682,0.967758,0.072016][0.53894,0.300811,0][0,-1.97019,-0.541652][-0.025858,1.00119,-0.138624][0.544202,0.345225,0][0,-1.92185,-0.44974][0.000814,0.938667,-0.375745][0.550998,0.343084,0][0.279248,-1.90743,-0.384306][-0.083176,0.951317,-0.331972][0.551841,0.320999,0][0.279248,-1.90743,-0.384306][-0.083176,0.951317,-0.331972][0.551841,0.320999,0][0.33069,-1.95481,-0.531356][-0.148747,0.995742,-0.090331][0.540935,0.320512,0][0,-1.97019,-0.541652][-0.025858,1.00119,-0.138624][0.544202,0.345225,0][0.458002,-1.16941,0.635258][-0.356747,0.389428,-0.860537][0.618895,0.212996,0][0,-1.21527,0.80172][-0.337352,0.363265,-0.87976][0.656398,0.211217,0][0,-0.952312,0.923792][-0.282905,0.266253,-0.932508][0.659068,0.191541,0][0,-0.952312,0.923792][-0.282905,0.266253,-0.932508][0.659068,0.191541,0][0.612712,-0.880272,0.754096][-0.339853,0.313621,-0.897692][0.613085,0.186226,0][0.458002,-1.16941,0.635258][-0.356747,0.389428,-0.860537][0.618895,0.212996,0][0.8321,-1.16339,0.432318][-0.419584,0.476373,-0.78446][0.58692,0.212143,0][0.458002,-1.16941,0.635258][-0.356747,0.389428,-0.860537][0.618895,0.212996,0][0.612712,-0.880272,0.754096][-0.339853,0.313621,-0.897692][0.613085,0.186226,0][0.612712,-0.880272,0.754096][-0.339853,0.313621,-0.897692][0.613085,0.186226,0][1.07045,-0.900592,0.487778][-0.429085,0.421702,-0.810082][0.570216,0.183295,0][0.8321,-1.16339,0.432318][-0.419584,0.476373,-0.78446][0.58692,0.212143,0][1.06253,-1.24155,0.18585][-0.440004,0.541612,-0.728711][0.558902,0.214425,0][0.8321,-1.16339,0.432318][-0.419584,0.476373,-0.78446][0.58692,0.212143,0][1.07045,-0.900592,0.487778][-0.429085,0.421702,-0.810082][0.570216,0.183295,0][1.07045,-0.900592,0.487778][-0.429085,0.421702,-0.810082][0.570216,0.183295,0][1.43424,-1.02121,0.179268][-0.474994,0.474343,-0.75275][0.535296,0.18882,0][1.06253,-1.24155,0.18585][-0.440004,0.541612,-0.728711][0.558902,0.214425,0][1.14381,-1.42951,0.02377][-0.445626,0.699073,-0.574953][0.543469,0.226586,0][1.06253,-1.24155,0.18585][-0.440004,0.541612,-0.728711][0.558902,0.214425,0][1.43424,-1.02121,0.179268][-0.474994,0.474343,-0.75275][0.535296,0.18882,0][1.43424,-1.02121,0.179268][-0.474994,0.474343,-0.75275][0.535296,0.18882,0][1.56515,-1.25115,-0.046812][-0.52791,0.648112,-0.563323][0.516381,0.202744,0][1.14381,-1.42951,0.02377][-0.445626,0.699073,-0.574953][0.543469,0.226586,0][1.4255,-1.43499,-0.382634][-0.448679,0.889756,-0.157535][0.503046,0.228216,0][1.0803,-1.64595,-0.20877][-0.456197,0.863615,-0.252383][0.536394,0.247453,0][1.14381,-1.42951,0.02377][-0.445626,0.699073,-0.574953][0.543469,0.226586,0][1.14381,-1.42951,0.02377][-0.445626,0.699073,-0.574953][0.543469,0.226586,0][1.56515,-1.25115,-0.046812][-0.52791,0.648112,-0.563323][0.516381,0.202744,0][1.4255,-1.43499,-0.382634][-0.448679,0.889756,-0.157535][0.503046,0.228216,0][1.08896,-1.52881,-0.61158][-0.371288,0.9304,0.125343][0.506179,0.25781,0][0.91658,-1.80375,-0.371492][-0.375145,0.936306,0.041748][0.538568,0.270966,0][1.0803,-1.64595,-0.20877][-0.456197,0.863615,-0.252383][0.536394,0.247453,0][1.0803,-1.64595,-0.20877][-0.456197,0.863615,-0.252383][0.536394,0.247453,0][1.4255,-1.43499,-0.382634][-0.448679,0.889756,-0.157535][0.503046,0.228216,0][1.08896,-1.52881,-0.61158][-0.371288,0.9304,0.125343][0.506179,0.25781,0][0.677102,-1.76559,-0.693548][-0.390687,0.907621,0.206076][0.519888,0.295139,0][0.574102,-1.89181,-0.512406][-0.280682,0.967758,0.072016][0.53894,0.300811,0][0.91658,-1.80375,-0.371492][-0.375145,0.936306,0.041748][0.538568,0.270966,0][0.91658,-1.80375,-0.371492][-0.375145,0.936306,0.041748][0.538568,0.270966,0][1.08896,-1.52881,-0.61158][-0.371288,0.9304,0.125343][0.506179,0.25781,0][0.677102,-1.76559,-0.693548][-0.390687,0.907621,0.206076][0.519888,0.295139,0][0,-1.96041,-0.638382][-0.067951,0.998036,0.146576][0.537467,0.347,0][0,-1.97019,-0.541652][-0.025858,1.00119,-0.138624][0.544202,0.345225,0][0.33069,-1.95481,-0.531356][-0.148747,0.995742,-0.090331][0.540935,0.320512,0][0.33069,-1.95481,-0.531356][-0.148747,0.995742,-0.090331][0.540935,0.320512,0][0.368262,-1.93503,-0.694426][-0.227521,0.967993,0.179864][0.530137,0.320556,0][0,-1.96041,-0.638382][-0.067951,0.998036,0.146576][0.537467,0.347,0][0.612712,-0.880272,0.754096][-0.339853,0.313621,-0.897692][0.613085,0.186226,0][0,-0.952312,0.923792][-0.282905,0.266253,-0.932508][0.659068,0.191541,0][0,-0.778492,0.925762][-0.249571,0.0506,-0.977777][0.660351,0.178644,0][0,-0.778492,0.925762][-0.249571,0.0506,-0.977777][0.660351,0.178644,0][0.658492,-0.692252,0.756238][-0.336515,0.096044,-0.947255][0.610612,0.171051,0][0.612712,-0.880272,0.754096][-0.339853,0.313621,-0.897692][0.613085,0.186226,0][1.07045,-0.900592,0.487778][-0.429085,0.421702,-0.810082][0.570216,0.183295,0][0.612712,-0.880272,0.754096][-0.339853,0.313621,-0.897692][0.613085,0.186226,0][0.658492,-0.692252,0.756238][-0.336515,0.096044,-0.947255][0.610612,0.171051,0][0.658492,-0.692252,0.756238][-0.336515,0.096044,-0.947255][0.610612,0.171051,0][1.16046,-0.756632,0.463882][-0.475337,0.228414,-0.859726][0.563982,0.171155,0][1.07045,-0.900592,0.487778][-0.429085,0.421702,-0.810082][0.570216,0.183295,0][1.43424,-1.02121,0.179268][-0.474994,0.474343,-0.75275][0.535296,0.18882,0][1.07045,-0.900592,0.487778][-0.429085,0.421702,-0.810082][0.570216,0.183295,0][1.16046,-0.756632,0.463882][-0.475337,0.228414,-0.859726][0.563982,0.171155,0][1.16046,-0.756632,0.463882][-0.475337,0.228414,-0.859726][0.563982,0.171155,0][1.56231,-0.866632,0.169184][-0.579107,0.348547,-0.746966][0.528678,0.1755,0][1.43424,-1.02121,0.179268][-0.474994,0.474343,-0.75275][0.535296,0.18882,0][1.70313,-1.11299,-0.120758][-0.619347,0.593036,-0.527685][0.506091,0.19227,0][1.56515,-1.25115,-0.046812][-0.52791,0.648112,-0.563323][0.516381,0.202744,0][1.43424,-1.02121,0.179268][-0.474994,0.474343,-0.75275][0.535296,0.18882,0][1.43424,-1.02121,0.179268][-0.474994,0.474343,-0.75275][0.535296,0.18882,0][1.56231,-0.866632,0.169184][-0.579107,0.348547,-0.746966][0.528678,0.1755,0][1.70313,-1.11299,-0.120758][-0.619347,0.593036,-0.527685][0.506091,0.19227,0][1.56552,-1.43909,-0.47991][-0.369679,0.909461,-0.235487][0.489639,0.224365,0][1.4255,-1.43499,-0.382634][-0.448679,0.889756,-0.157535][0.503046,0.228216,0][1.56515,-1.25115,-0.046812][-0.52791,0.648112,-0.563323][0.516381,0.202744,0][1.56515,-1.25115,-0.046812][-0.52791,0.648112,-0.563323][0.516381,0.202744,0][1.70313,-1.11299,-0.120758][-0.619347,0.593036,-0.527685][0.506091,0.19227,0][1.56552,-1.43909,-0.47991][-0.369679,0.909461,-0.235487][0.489639,0.224365,0][1.17816,-1.52195,-0.785626][-0.264957,0.972659,-0.0667][0.491874,0.258495,0][1.08896,-1.52881,-0.61158][-0.371288,0.9304,0.125343][0.506179,0.25781,0][1.4255,-1.43499,-0.382634][-0.448679,0.889756,-0.157535][0.503046,0.228216,0][1.4255,-1.43499,-0.382634][-0.448679,0.889756,-0.157535][0.503046,0.228216,0][1.56552,-1.43909,-0.47991][-0.369679,0.909461,-0.235487][0.489639,0.224365,0][1.17816,-1.52195,-0.785626][-0.264957,0.972659,-0.0667][0.491874,0.258495,0][0.712064,-1.71431,-0.847666][-0.394934,0.923469,0.100188][0.506387,0.295631,0][0.677102,-1.76559,-0.693548][-0.390687,0.907621,0.206076][0.519888,0.295139,0][1.08896,-1.52881,-0.61158][-0.371288,0.9304,0.125343][0.506179,0.25781,0][1.08896,-1.52881,-0.61158][-0.371288,0.9304,0.125343][0.506179,0.25781,0][1.17816,-1.52195,-0.785626][-0.264957,0.972659,-0.0667][0.491874,0.258495,0][0.712064,-1.71431,-0.847666][-0.394934,0.923469,0.100188][0.506387,0.295631,0][0,-1.96095,-0.726128][-0.084785,0.990095,0.186126][0.531451,0.348631,0][0,-1.96041,-0.638382][-0.067951,0.998036,0.146576][0.537467,0.347,0][0.368262,-1.93503,-0.694426][-0.227521,0.967993,0.179864][0.530137,0.320556,0][0.368262,-1.93503,-0.694426][-0.227521,0.967993,0.179864][0.530137,0.320556,0][0.378572,-1.89075,-0.834284][-0.249463,0.958422,0.200222][0.518616,0.322743,0][0,-1.96095,-0.726128][-0.084785,0.990095,0.186126][0.531451,0.348631,0][0,-1.56309,0.714802][-0.345585,0.192129,-0.929127][0.658288,0.234519,0][0.229054,-1.53509,0.618496][-0.356957,0.157507,-0.931244][0.639263,0.237026,0][0.135686,-1.79459,0.636314][-0.263402,-0.045424,-0.974315][0.652929,0.251619,0][0.135686,-1.79459,0.636314][-0.263402,-0.045424,-0.974315][0.652929,0.251619,0][0,-1.79915,0.660714][-0.249117,-0.015123,-0.979087][0.662492,0.249738,0][0,-1.56309,0.714802][-0.345585,0.192129,-0.929127][0.658288,0.234519,0][0.229054,-1.53509,0.618496][-0.356957,0.157507,-0.931244][0.639263,0.237026,0][0.457474,-1.57987,0.516522][-0.429945,0.227784,-0.883981][0.618901,0.245182,0][0.267878,-1.81699,0.60982][-0.277251,-0.07537,-0.968514][0.644276,0.256091,0][0.267878,-1.81699,0.60982][-0.277251,-0.07537,-0.968514][0.644276,0.256091,0][0.135686,-1.79459,0.636314][-0.263402,-0.045424,-0.974315][0.652929,0.251619,0][0.229054,-1.53509,0.618496][-0.356957,0.157507,-0.931244][0.639263,0.237026,0][0,-1.26205,0.875862][-0.020352,-0.33473,0.953842][0.66865,0.202976,0][0,-1.61865,0.839384][0.229331,-0.348198,0.920475][0.67058,0.231006,0][0.281294,-1.61017,0.722684][0.267632,-0.387351,0.893878][0.694185,0.231295,0][0.281294,-1.61017,0.722684][0.267632,-0.387351,0.893878][0.694185,0.231295,0][0.519762,-1.23497,0.968138][0.166925,-0.432254,0.898305][0.705141,0.19511,0][0,-1.26205,0.875862][-0.020352,-0.33473,0.953842][0.66865,0.202976,0][0.519762,-1.23497,0.968138][0.166925,-0.432254,0.898305][0.705141,0.19511,0][0.281294,-1.61017,0.722684][0.267632,-0.387351,0.893878][0.694185,0.231295,0][0.51563,-1.65487,0.617706][0.245866,-0.883882,0.423362][0.714537,0.235914,0][0.51563,-1.65487,0.617706][0.245866,-0.883882,0.423362][0.714537,0.235914,0][0.925438,-1.23015,0.76047][0.385509,-0.538266,0.761986][0.739613,0.195595,0][0.519762,-1.23497,0.968138][0.166925,-0.432254,0.898305][0.705141,0.19511,0][0.925438,-1.23015,0.76047][0.385509,-0.538266,0.761986][0.739613,0.195595,0][0.51563,-1.65487,0.617706][0.245866,-0.883882,0.423362][0.714537,0.235914,0][0.649644,-1.72227,0.438146][-0.231371,-0.937749,0.296957][0.73188,0.244335,0][0.649644,-1.72227,0.438146][-0.231371,-0.937749,0.296957][0.73188,0.244335,0][1.1543,-1.33411,0.519388][0.448525,-0.631863,0.646044][0.766042,0.203898,0][0.925438,-1.23015,0.76047][0.385509,-0.538266,0.761986][0.739613,0.195595,0][1.21316,-1.53301,0.190974][0.452518,-0.745767,0.506732][0.785086,0.224942,0][1.1543,-1.33411,0.519388][0.448525,-0.631863,0.646044][0.766042,0.203898,0][0.649644,-1.72227,0.438146][-0.231371,-0.937749,0.296957][0.73188,0.244335,0][0.649644,-1.72227,0.438146][-0.231371,-0.937749,0.296957][0.73188,0.244335,0][0.693896,-1.80593,0.254142][-0.344607,-0.842501,0.437119][0.742803,0.255431,0][1.21316,-1.53301,0.190974][0.452518,-0.745767,0.506732][0.785086,0.224942,0][1.14842,-1.76143,-0.07736][0.393653,-0.901232,0.227259][0.790076,0.251202,0][1.21316,-1.53301,0.190974][0.452518,-0.745767,0.506732][0.785086,0.224942,0][0.693896,-1.80593,0.254142][-0.344607,-0.842501,0.437119][0.742803,0.255431,0][0.693896,-1.80593,0.254142][-0.344607,-0.842501,0.437119][0.742803,0.255431,0][0.65605,-1.89493,0.031136][-0.423383,-0.795573,0.453981][0.749691,0.272607,0][1.14842,-1.76143,-0.07736][0.393653,-0.901232,0.227259][0.790076,0.251202,0][0.917786,-1.89071,-0.3443][0.313545,-0.956597,-0.081861][0.785071,0.281233,0][1.14842,-1.76143,-0.07736][0.393653,-0.901232,0.227259][0.790076,0.251202,0][0.65605,-1.89493,0.031136][-0.423383,-0.795573,0.453981][0.749691,0.272607,0][0.65605,-1.89493,0.031136][-0.423383,-0.795573,0.453981][0.749691,0.272607,0][0.60752,-1.95647,-0.145436][-0.422613,-0.757446,0.515729][0.754773,0.286978,0][0.917786,-1.89071,-0.3443][0.313545,-0.956597,-0.081861][0.785071,0.281233,0][0.588268,-1.98019,-0.50496][0.276775,-0.970453,-0.046813][0.773075,0.308137,0][0.917786,-1.89071,-0.3443][0.313545,-0.956597,-0.081861][0.785071,0.281233,0][0.60752,-1.95647,-0.145436][-0.422613,-0.757446,0.515729][0.754773,0.286978,0][0.60752,-1.95647,-0.145436][-0.422613,-0.757446,0.515729][0.754773,0.286978,0][0.380766,-1.97843,-0.327834][-0.254338,-0.618626,0.757268][0.751565,0.309269,0][0.588268,-1.98019,-0.50496][0.276775,-0.970453,-0.046813][0.773075,0.308137,0][0,-2.05767,-0.532904][0.02543,-1.0017,0.134939][0.741966,0.341599,0][0.336172,-2.04421,-0.52547][0.141395,-0.996051,0.098615][0.759649,0.323298,0][0.281294,-1.99415,-0.36479][-0.149465,-0.508136,0.860953][0.747963,0.316727,0][0.281294,-1.99415,-0.36479][-0.149465,-0.508136,0.860953][0.747963,0.316727,0][0,-2.00737,-0.42622][-0.150333,-0.475938,0.879011][0.735654,0.335147,0][0,-2.05767,-0.532904][0.02543,-1.0017,0.134939][0.741966,0.341599,0][0,-0.959952,1.00475][-0.03598,0.058319,1.00874][0.667574,0.175801,0][0,-1.26205,0.875862][-0.020352,-0.33473,0.953842][0.66865,0.202976,0][0.519762,-1.23497,0.968138][0.166925,-0.432254,0.898305][0.705141,0.19511,0][0.519762,-1.23497,0.968138][0.166925,-0.432254,0.898305][0.705141,0.19511,0][0.664398,-0.889072,1.04937][0.203059,0.084158,0.986431][0.714012,0.167615,0][0,-0.959952,1.00475][-0.03598,0.058319,1.00874][0.667574,0.175801,0][0.664398,-0.889072,1.04937][0.203059,0.084158,0.986431][0.714012,0.167615,0][0.519762,-1.23497,0.968138][0.166925,-0.432254,0.898305][0.705141,0.19511,0][0.925438,-1.23015,0.76047][0.385509,-0.538266,0.761986][0.739613,0.195595,0][0.925438,-1.23015,0.76047][0.385509,-0.538266,0.761986][0.739613,0.195595,0][1.1341,-0.916512,0.77551][0.53614,0.018,0.853292][0.757031,0.167947,0][0.664398,-0.889072,1.04937][0.203059,0.084158,0.986431][0.714012,0.167615,0][1.1341,-0.916512,0.77551][0.53614,0.018,0.853292][0.757031,0.167947,0][0.925438,-1.23015,0.76047][0.385509,-0.538266,0.761986][0.739613,0.195595,0][1.1543,-1.33411,0.519388][0.448525,-0.631863,0.646044][0.766042,0.203898,0][1.1543,-1.33411,0.519388][0.448525,-0.631863,0.646044][0.766042,0.203898,0][1.49445,-1.05085,0.449196][0.680162,-0.265925,0.691835][0.79165,0.17953,0][1.1341,-0.916512,0.77551][0.53614,0.018,0.853292][0.757031,0.167947,0][1.49445,-1.05085,0.449196][0.680162,-0.265925,0.691835][0.79165,0.17953,0][1.1543,-1.33411,0.519388][0.448525,-0.631863,0.646044][0.766042,0.203898,0][1.21316,-1.53301,0.190974][0.452518,-0.745767,0.506732][0.785086,0.224942,0][1.21316,-1.53301,0.190974][0.452518,-0.745767,0.506732][0.785086,0.224942,0][1.62954,-1.30099,0.072574][0.69688,-0.562545,0.45756][0.815407,0.204259,0][1.49445,-1.05085,0.449196][0.680162,-0.265925,0.691835][0.79165,0.17953,0][1.49446,-1.62159,-0.273866][0.540592,-0.847966,0.066962][0.821418,0.239529,0][1.62954,-1.30099,0.072574][0.69688,-0.562545,0.45756][0.815407,0.204259,0][1.21316,-1.53301,0.190974][0.452518,-0.745767,0.506732][0.785086,0.224942,0][1.21316,-1.53301,0.190974][0.452518,-0.745767,0.506732][0.785086,0.224942,0][1.14842,-1.76143,-0.07736][0.393653,-0.901232,0.227259][0.790076,0.251202,0][1.49446,-1.62159,-0.273866][0.540592,-0.847966,0.066962][0.821418,0.239529,0][1.0323,-1.71625,-0.49303][0.376057,-0.907381,-0.233177][0.806627,0.278474,0][1.49446,-1.62159,-0.273866][0.540592,-0.847966,0.066962][0.821418,0.239529,0][1.14842,-1.76143,-0.07736][0.393653,-0.901232,0.227259][0.790076,0.251202,0][1.14842,-1.76143,-0.07736][0.393653,-0.901232,0.227259][0.790076,0.251202,0][0.917786,-1.89071,-0.3443][0.313545,-0.956597,-0.081861][0.785071,0.281233,0][1.0323,-1.71625,-0.49303][0.376057,-0.907381,-0.233177][0.806627,0.278474,0][0.662826,-1.89529,-0.650426][0.381955,-0.906635,-0.226173][0.787903,0.310276,0][1.0323,-1.71625,-0.49303][0.376057,-0.907381,-0.233177][0.806627,0.278474,0][0.917786,-1.89071,-0.3443][0.313545,-0.956597,-0.081861][0.785071,0.281233,0][0.917786,-1.89071,-0.3443][0.313545,-0.956597,-0.081861][0.785071,0.281233,0][0.588268,-1.98019,-0.50496][0.276775,-0.970453,-0.046813][0.773075,0.308137,0][0.662826,-1.89529,-0.650426][0.381955,-0.906635,-0.226173][0.787903,0.310276,0][0,-2.04933,-0.647504][0.065867,-0.999134,-0.13992][0.748255,0.347771,0][0.378046,-2.02343,-0.705284][0.217546,-0.9718,-0.17177][0.771557,0.330538,0][0.336172,-2.04421,-0.52547][0.141395,-0.996051,0.098615][0.759649,0.323298,0][0.336172,-2.04421,-0.52547][0.141395,-0.996051,0.098615][0.759649,0.323298,0][0,-2.05767,-0.532904][0.02543,-1.0017,0.134939][0.741966,0.341599,0][0,-2.04933,-0.647504][0.065867,-0.999134,-0.13992][0.748255,0.347771,0][0,-0.757812,1.00588][-0.084662,0.883684,0.483794][0.667518,0.16061,0][0,-0.959952,1.00475][-0.03598,0.058319,1.00874][0.667574,0.175801,0][0.664398,-0.889072,1.04937][0.203059,0.084158,0.986431][0.714012,0.167615,0][0.664398,-0.889072,1.04937][0.203059,0.084158,0.986431][0.714012,0.167615,0][0.696272,-0.674892,0.86732][0.095873,0.915459,0.418113][0.721134,0.148805,0][0,-0.757812,1.00588][-0.084662,0.883684,0.483794][0.667518,0.16061,0][0.696272,-0.674892,0.86732][0.095873,0.915459,0.418113][0.721134,0.148805,0][0.664398,-0.889072,1.04937][0.203059,0.084158,0.986431][0.714012,0.167615,0][1.1341,-0.916512,0.77551][0.53614,0.018,0.853292][0.757031,0.167947,0][1.1341,-0.916512,0.77551][0.53614,0.018,0.853292][0.757031,0.167947,0][1.21316,-0.75023,0.567452][0.388694,0.862369,0.352349][0.772084,0.154953,0][0.696272,-0.674892,0.86732][0.095873,0.915459,0.418113][0.721134,0.148805,0][1.21316,-0.75023,0.567452][0.388694,0.862369,0.352349][0.772084,0.154953,0][1.1341,-0.916512,0.77551][0.53614,0.018,0.853292][0.757031,0.167947,0][1.49445,-1.05085,0.449196][0.680162,-0.265925,0.691835][0.79165,0.17953,0][1.49445,-1.05085,0.449196][0.680162,-0.265925,0.691835][0.79165,0.17953,0][1.62954,-0.881052,0.260232][0.761742,0.604408,0.252573][0.809745,0.170019,0][1.21316,-0.75023,0.567452][0.388694,0.862369,0.352349][0.772084,0.154953,0][1.62954,-0.881052,0.260232][0.761742,0.604408,0.252573][0.809745,0.170019,0][1.49445,-1.05085,0.449196][0.680162,-0.265925,0.691835][0.79165,0.17953,0][1.62954,-1.30099,0.072574][0.69688,-0.562545,0.45756][0.815407,0.204259,0][1.62954,-1.30099,0.072574][0.69688,-0.562545,0.45756][0.815407,0.204259,0][1.77575,-1.15281,-0.070902][0.990156,0.116093,-0.080935][0.832007,0.197021,0][1.62954,-0.881052,0.260232][0.761742,0.604408,0.252573][0.809745,0.170019,0][1.62954,-1.50025,-0.449218][0.82435,-0.28607,-0.495733][0.839747,0.2375,0][1.77575,-1.15281,-0.070902][0.990156,0.116093,-0.080935][0.832007,0.197021,0][1.62954,-1.30099,0.072574][0.69688,-0.562545,0.45756][0.815407,0.204259,0][1.62954,-1.30099,0.072574][0.69688,-0.562545,0.45756][0.815407,0.204259,0][1.49446,-1.62159,-0.273866][0.540592,-0.847966,0.066962][0.821418,0.239529,0][1.62954,-1.50025,-0.449218][0.82435,-0.28607,-0.495733][0.839747,0.2375,0][1.21316,-1.60021,-0.794658][0.462091,-0.495087,-0.747586][0.836685,0.280242,0][1.62954,-1.50025,-0.449218][0.82435,-0.28607,-0.495733][0.839747,0.2375,0][1.49446,-1.62159,-0.273866][0.540592,-0.847966,0.066962][0.821418,0.239529,0][1.49446,-1.62159,-0.273866][0.540592,-0.847966,0.066962][0.821418,0.239529,0][1.0323,-1.71625,-0.49303][0.376057,-0.907381,-0.233177][0.806627,0.278474,0][1.21316,-1.60021,-0.794658][0.462091,-0.495087,-0.747586][0.836685,0.280242,0][0.73611,-1.79783,-0.860296][0.255017,-0.528336,-0.822593][0.806615,0.315286,0][1.21316,-1.60021,-0.794658][0.462091,-0.495087,-0.747586][0.836685,0.280242,0][1.0323,-1.71625,-0.49303][0.376057,-0.907381,-0.233177][0.806627,0.278474,0][1.0323,-1.71625,-0.49303][0.376057,-0.907381,-0.233177][0.806627,0.278474,0][0.662826,-1.89529,-0.650426][0.381955,-0.906635,-0.226173][0.787903,0.310276,0][0.73611,-1.79783,-0.860296][0.255017,-0.528336,-0.822593][0.806615,0.315286,0][0,-2.04933,-0.738342][-0.147281,-0.600176,-0.799933][0.753165,0.352606,0][0.389708,-1.97805,-0.84949][0.0319,-0.567382,-0.836252][0.780684,0.337434,0][0.378046,-2.02343,-0.705284][0.217546,-0.9718,-0.17177][0.771557,0.330538,0][0.378046,-2.02343,-0.705284][0.217546,-0.9718,-0.17177][0.771557,0.330538,0][0,-2.04933,-0.647504][0.065867,-0.999134,-0.13992][0.748255,0.347771,0][0,-2.04933,-0.738342][-0.147281,-0.600176,-0.799933][0.753165,0.352606,0][0.185068,-1.78033,0.694998][0.362738,-0.103666,0.936496][0.688079,0.244413,0][0.281294,-1.61017,0.722684][0.267632,-0.387351,0.893878][0.694185,0.231295,0][0,-1.61865,0.839384][0.229331,-0.348198,0.920475][0.67058,0.231006,0][0,-1.61865,0.839384][0.229331,-0.348198,0.920475][0.67058,0.231006,0][0,-1.79045,0.791394][0.438823,-0.170917,0.892308][0.67238,0.244643,0][0.185068,-1.78033,0.694998][0.362738,-0.103666,0.936496][0.688079,0.244413,0][0.330436,-1.81751,0.660764][0.635131,-0.652796,0.42867][0.699558,0.247385,0][0.51563,-1.65487,0.617706][0.245866,-0.883882,0.423362][0.714537,0.235914,0][0.281294,-1.61017,0.722684][0.267632,-0.387351,0.893878][0.694185,0.231295,0][0.281294,-1.61017,0.722684][0.267632,-0.387351,0.893878][0.694185,0.231295,0][0.185068,-1.78033,0.694998][0.362738,-0.103666,0.936496][0.688079,0.244413,0][0.330436,-1.81751,0.660764][0.635131,-0.652796,0.42867][0.699558,0.247385,0][0.457474,-1.57987,0.516522][-0.100642,-0.81946,-0.583448][0.618901,0.245182,0][0.591176,-1.62397,0.369582][-0.736229,-0.658952,-0.184266][0.599299,0.250788,0][0.649644,-1.72227,0.438146][-0.231371,-0.937749,0.296957][0.603827,0.259686,0][0.649644,-1.72227,0.438146][-0.231371,-0.937749,0.296957][0.603827,0.259686,0][0.51563,-1.65487,0.617706][0.245866,-0.883882,0.423362][0.621783,0.254273,0][0.457474,-1.57987,0.516522][-0.100642,-0.81946,-0.583448][0.618901,0.245182,0][0.591176,-1.62397,0.369582][-0.736229,-0.658952,-0.184266][0.599299,0.250788,0][0.634248,-1.69703,0.196712][-0.892858,-0.430319,0.148828][0.584418,0.260337,0][0.693896,-1.80593,0.254142][-0.344607,-0.842501,0.437119][0.589785,0.269442,0][0.693896,-1.80593,0.254142][-0.344607,-0.842501,0.437119][0.589785,0.269442,0][0.649644,-1.72227,0.438146][-0.231371,-0.937749,0.296957][0.603827,0.259686,0][0.591176,-1.62397,0.369582][-0.736229,-0.658952,-0.184266][0.599299,0.250788,0][0.634248,-1.69703,0.196712][-0.892858,-0.430319,0.148828][0.584418,0.260337,0][0.598564,-1.77603,-0.01552][-0.912933,-0.237653,0.33732][0.571675,0.27374,0][0.65605,-1.89493,0.031136][-0.423383,-0.795573,0.453981][0.576814,0.280604,0][0.65605,-1.89493,0.031136][-0.423383,-0.795573,0.453981][0.576814,0.280604,0][0.693896,-1.80593,0.254142][-0.344607,-0.842501,0.437119][0.589785,0.269442,0][0.634248,-1.69703,0.196712][-0.892858,-0.430319,0.148828][0.584418,0.260337,0][0.58688,-1.87011,-0.163128][-0.810581,-0.037851,0.590903][0.563726,0.287671,0][0.60752,-1.95647,-0.145436][-0.422613,-0.757446,0.515729][0.568268,0.292069,0][0.65605,-1.89493,0.031136][-0.423383,-0.795573,0.453981][0.576814,0.280604,0][0.65605,-1.89493,0.031136][-0.423383,-0.795573,0.453981][0.576814,0.280604,0][0.598564,-1.77603,-0.01552][-0.912933,-0.237653,0.33732][0.571675,0.27374,0][0.58688,-1.87011,-0.163128][-0.810581,-0.037851,0.590903][0.563726,0.287671,0][0.58688,-1.87011,-0.163128][-0.810581,-0.037851,0.590903][0.563726,0.287671,0][0.374898,-1.89187,-0.34659][-0.506243,0.145579,0.859706][0.553018,0.312518,0][0.380766,-1.97843,-0.327834][-0.254338,-0.618626,0.757268][0.559188,0.313194,0][0.380766,-1.97843,-0.327834][-0.254338,-0.618626,0.757268][0.559188,0.313194,0][0.60752,-1.95647,-0.145436][-0.422613,-0.757446,0.515729][0.568268,0.292069,0][0.58688,-1.87011,-0.163128][-0.810581,-0.037851,0.590903][0.563726,0.287671,0][0.279248,-1.90743,-0.384306][-0.302233,0.211511,0.940301][0.551841,0.320999,0][0,-1.92185,-0.44974][-0.225577,0.236236,0.956271][0.550998,0.343084,0][0,-2.00737,-0.42622][-0.150333,-0.475938,0.879011][0.557055,0.342836,0][0,-2.00737,-0.42622][-0.150333,-0.475938,0.879011][0.557055,0.342836,0][0.281294,-1.99415,-0.36479][-0.149465,-0.508136,0.860953][0.558064,0.321084,0][0.279248,-1.90743,-0.384306][-0.302233,0.211511,0.940301][0.551841,0.320999,0][0,-0.778492,0.925762][-0.150635,0.985107,-0.169254][0.660351,0.178644,0][0,-0.757812,1.00588][-0.084662,0.883684,0.483794][0.662769,0.172915,0][0.696272,-0.674892,0.86732][0.095873,0.915459,0.418113][0.611863,0.162034,0][0.696272,-0.674892,0.86732][0.095873,0.915459,0.418113][0.611863,0.162034,0][0.658492,-0.692252,0.756238][-0.050519,0.998432,-0.15102][0.610612,0.171051,0][0,-0.778492,0.925762][-0.150635,0.985107,-0.169254][0.660351,0.178644,0][0.658492,-0.692252,0.756238][-0.050519,0.998432,-0.15102][0.610612,0.171051,0][0.696272,-0.674892,0.86732][0.095873,0.915459,0.418113][0.611863,0.162034,0][1.21316,-0.75023,0.567452][0.388694,0.862369,0.352349][0.563752,0.162314,0][1.21316,-0.75023,0.567452][0.388694,0.862369,0.352349][0.563752,0.162314,0][1.16046,-0.756632,0.463882][0.134118,0.995513,-0.11334][0.563982,0.171155,0][0.658492,-0.692252,0.756238][-0.050519,0.998432,-0.15102][0.610612,0.171051,0][1.16046,-0.756632,0.463882][0.134118,0.995513,-0.11334][0.563982,0.171155,0][1.21316,-0.75023,0.567452][0.388694,0.862369,0.352349][0.563752,0.162314,0][1.62954,-0.881052,0.260232][0.761742,0.604408,0.252573][0.526385,0.167697,0][1.62954,-0.881052,0.260232][0.761742,0.604408,0.252573][0.526385,0.167697,0][1.56231,-0.866632,0.169184][0.426891,0.887828,-0.218509][0.528678,0.1755,0][1.16046,-0.756632,0.463882][0.134118,0.995513,-0.11334][0.563982,0.171155,0][1.56231,-0.866632,0.169184][0.426891,0.887828,-0.218509][0.528678,0.1755,0][1.62954,-0.881052,0.260232][0.761742,0.604408,0.252573][0.526385,0.167697,0][1.77575,-1.15281,-0.070902][0.990156,0.116093,-0.080935][0.501049,0.187334,0][1.77575,-1.15281,-0.070902][0.990156,0.116093,-0.080935][0.501049,0.187334,0][1.70313,-1.11299,-0.120758][0.653911,0.585373,-0.492435][0.506091,0.19227,0][1.56231,-0.866632,0.169184][0.426891,0.887828,-0.218509][0.528678,0.1755,0][1.70313,-1.11299,-0.120758][0.653911,0.585373,-0.492435][0.506091,0.19227,0][1.77575,-1.15281,-0.070902][0.990156,0.116093,-0.080935][0.501049,0.187334,0][1.62954,-1.50025,-0.449218][0.82435,-0.28607,-0.495733][0.483683,0.220825,0][1.62954,-1.50025,-0.449218][0.82435,-0.28607,-0.495733][0.483683,0.220825,0][1.56552,-1.43909,-0.47991][0.619849,0.348172,-0.71294][0.489639,0.224365,0][1.70313,-1.11299,-0.120758][0.653911,0.585373,-0.492435][0.506091,0.19227,0][1.56552,-1.43909,-0.47991][0.619849,0.348172,-0.71294][0.489639,0.224365,0][1.62954,-1.50025,-0.449218][0.82435,-0.28607,-0.495733][0.483683,0.220825,0][1.21316,-1.60021,-0.794658][0.462091,-0.495087,-0.747586][0.485871,0.258916,0][1.21316,-1.60021,-0.794658][0.462091,-0.495087,-0.747586][0.485871,0.258916,0][1.17816,-1.52195,-0.785626][0.325331,0.228255,-0.928429][0.491874,0.258495,0][1.56552,-1.43909,-0.47991][0.619849,0.348172,-0.71294][0.489639,0.224365,0][0.712064,-1.71431,-0.847666][-0.017225,0.150046,-0.999732][0.506387,0.295631,0][1.17816,-1.52195,-0.785626][0.325331,0.228255,-0.928429][0.491874,0.258495,0][1.21316,-1.60021,-0.794658][0.462091,-0.495087,-0.747586][0.485871,0.258916,0][1.21316,-1.60021,-0.794658][0.462091,-0.495087,-0.747586][0.485871,0.258916,0][0.73611,-1.79783,-0.860296][0.255017,-0.528336,-0.822593][0.500562,0.298527,0][0.712064,-1.71431,-0.847666][-0.017225,0.150046,-0.999732][0.506387,0.295631,0][0,-1.96095,-0.726128][-0.293929,0.131489,-0.95743][0.531451,0.348631,0][0.378572,-1.89075,-0.834284][-0.194949,0.138901,-0.981904][0.518616,0.322743,0][0.389708,-1.97805,-0.84949][0.0319,-0.567382,-0.836252][0.51256,0.326837,0][0.389708,-1.97805,-0.84949][0.0319,-0.567382,-0.836252][0.51256,0.326837,0][0,-2.04933,-0.738342][-0.147281,-0.600176,-0.799933][0.526254,0.35291,0][0,-1.96095,-0.726128][-0.293929,0.131489,-0.95743][0.531451,0.348631,0][0.267878,-1.81699,0.60982][0.483068,-0.754549,-0.463016][0.644276,0.256091,0][0.457474,-1.57987,0.516522][-0.100642,-0.81946,-0.583448][0.618901,0.245182,0][0.51563,-1.65487,0.617706][0.245866,-0.883882,0.423362][0.621783,0.254273,0][0.51563,-1.65487,0.617706][0.245866,-0.883882,0.423362][0.621783,0.254273,0][0.330436,-1.81751,0.660764][0.635131,-0.652796,0.42867][0.640406,0.260365,0][0.267878,-1.81699,0.60982][0.483068,-0.754549,-0.463016][0.644276,0.256091,0][0.185068,-1.78033,0.694998][0.362738,-0.103666,0.936496][0.688079,0.244413,0][0,-1.79045,0.791394][0.438823,-0.170917,0.892308][0.67238,0.244643,0][0,-2.03447,0.783172][0.576887,-0.335272,0.754758][0.673117,0.263264,0][0.330436,-1.81751,0.660764][0.635131,-0.652796,0.42867][0.699558,0.247385,0][0.185068,-1.78033,0.694998][0.362738,-0.103666,0.936496][0.688079,0.244413,0][0,-2.03447,0.783172][0.576887,-0.335272,0.754758][0.673117,0.263264,0][0,-2.03447,0.783172][0.576887,-0.335272,0.754758][0.668552,0.270583,0][0,-2.03523,0.699258][0.515016,-0.832762,-0.240077][0.66896,0.264635,0][0.267878,-1.81699,0.60982][0.483068,-0.754549,-0.463016][0.644276,0.256091,0][0.267878,-1.81699,0.60982][0.483068,-0.754549,-0.463016][0.644276,0.256091,0][0.330436,-1.81751,0.660764][0.635131,-0.652796,0.42867][0.640406,0.260365,0][0,-2.03447,0.783172][0.576887,-0.335272,0.754758][0.668552,0.270583,0][0.135686,-1.79459,0.636314][-0.263402,-0.045424,-0.974315][0.652929,0.251619,0][0.267878,-1.81699,0.60982][-0.277251,-0.07537,-0.968514][0.644276,0.256091,0][0,-2.03523,0.699258][-0.192918,-0.14667,-0.981184][0.66896,0.264635,0][0,-1.79915,0.660714][-0.249117,-0.015123,-0.979087][0.662492,0.249738,0][0.135686,-1.79459,0.636314][-0.263402,-0.045424,-0.974315][0.652929,0.251619,0][0,-2.03523,0.699258][-0.192918,-0.14667,-0.981184][0.66896,0.264635,0][0.368262,-1.93503,-0.694426][-0.227521,0.967993,0.179864][0.530137,0.320556,0][0.33069,-1.95481,-0.531356][-0.148747,0.995742,-0.090331][0.540935,0.320512,0][0.574102,-1.89181,-0.512406][-0.280682,0.967758,0.072016][0.53894,0.300811,0][0.574102,-1.89181,-0.512406][-0.280682,0.967758,0.072016][0.53894,0.300811,0][0.677102,-1.76559,-0.693548][-0.390687,0.907621,0.206076][0.519888,0.295139,0][0.368262,-1.93503,-0.694426][-0.227521,0.967993,0.179864][0.530137,0.320556,0][0.33069,-1.95481,-0.531356][-0.148747,0.995742,-0.090331][0.540935,0.320512,0][0.279248,-1.90743,-0.384306][-0.083176,0.951317,-0.331972][0.551841,0.320999,0][0.374898,-1.89187,-0.34659][-0.158818,0.983491,-0.171][0.553018,0.312518,0][0.374898,-1.89187,-0.34659][-0.158818,0.983491,-0.171][0.553018,0.312518,0][0.574102,-1.89181,-0.512406][-0.280682,0.967758,0.072016][0.53894,0.300811,0][0.33069,-1.95481,-0.531356][-0.148747,0.995742,-0.090331][0.540935,0.320512,0][0.279248,-1.90743,-0.384306][-0.302233,0.211511,0.940301][0.551841,0.320999,0][0.281294,-1.99415,-0.36479][-0.149465,-0.508136,0.860953][0.558064,0.321084,0][0.380766,-1.97843,-0.327834][-0.254338,-0.618626,0.757268][0.559188,0.313194,0][0.380766,-1.97843,-0.327834][-0.254338,-0.618626,0.757268][0.559188,0.313194,0][0.374898,-1.89187,-0.34659][-0.506243,0.145579,0.859706][0.553018,0.312518,0][0.279248,-1.90743,-0.384306][-0.302233,0.211511,0.940301][0.551841,0.320999,0][0.336172,-2.04421,-0.52547][0.141395,-0.996051,0.098615][0.759649,0.323298,0][0.588268,-1.98019,-0.50496][0.276775,-0.970453,-0.046813][0.773075,0.308137,0][0.380766,-1.97843,-0.327834][-0.254338,-0.618626,0.757268][0.751565,0.309269,0][0.380766,-1.97843,-0.327834][-0.254338,-0.618626,0.757268][0.751565,0.309269,0][0.281294,-1.99415,-0.36479][-0.149465,-0.508136,0.860953][0.747963,0.316727,0][0.336172,-2.04421,-0.52547][0.141395,-0.996051,0.098615][0.759649,0.323298,0][0.378046,-2.02343,-0.705284][0.217546,-0.9718,-0.17177][0.771557,0.330538,0][0.662826,-1.89529,-0.650426][0.381955,-0.906635,-0.226173][0.787903,0.310276,0][0.588268,-1.98019,-0.50496][0.276775,-0.970453,-0.046813][0.773075,0.308137,0][0.588268,-1.98019,-0.50496][0.276775,-0.970453,-0.046813][0.773075,0.308137,0][0.336172,-2.04421,-0.52547][0.141395,-0.996051,0.098615][0.759649,0.323298,0][0.378046,-2.02343,-0.705284][0.217546,-0.9718,-0.17177][0.771557,0.330538,0][0.389708,-1.97805,-0.84949][0.0319,-0.567382,-0.836252][0.780684,0.337434,0][0.73611,-1.79783,-0.860296][0.255017,-0.528336,-0.822593][0.806615,0.315286,0][0.662826,-1.89529,-0.650426][0.381955,-0.906635,-0.226173][0.787903,0.310276,0][0.662826,-1.89529,-0.650426][0.381955,-0.906635,-0.226173][0.787903,0.310276,0][0.378046,-2.02343,-0.705284][0.217546,-0.9718,-0.17177][0.771557,0.330538,0][0.389708,-1.97805,-0.84949][0.0319,-0.567382,-0.836252][0.780684,0.337434,0][0.378572,-1.89075,-0.834284][-0.194949,0.138901,-0.981904][0.518616,0.322743,0][0.712064,-1.71431,-0.847666][-0.017225,0.150046,-0.999732][0.506387,0.295631,0][0.73611,-1.79783,-0.860296][0.255017,-0.528336,-0.822593][0.500562,0.298527,0][0.73611,-1.79783,-0.860296][0.255017,-0.528336,-0.822593][0.500562,0.298527,0][0.389708,-1.97805,-0.84949][0.0319,-0.567382,-0.836252][0.51256,0.326837,0][0.378572,-1.89075,-0.834284][-0.194949,0.138901,-0.981904][0.518616,0.322743,0][0.378572,-1.89075,-0.834284][-0.249463,0.958422,0.200222][0.518616,0.322743,0][0.368262,-1.93503,-0.694426][-0.227521,0.967993,0.179864][0.530137,0.320556,0][0.677102,-1.76559,-0.693548][-0.390687,0.907621,0.206076][0.519888,0.295139,0][0.677102,-1.76559,-0.693548][-0.390687,0.907621,0.206076][0.519888,0.295139,0][0.712064,-1.71431,-0.847666][-0.394934,0.923469,0.100188][0.506387,0.295631,0][0.378572,-1.89075,-0.834284][-0.249463,0.958422,0.200222][0.518616,0.322743,0][0,-1.21527,0.80172][-0.337352,0.363265,-0.87976][0.656398,0.211217,0][0,-1.56309,0.714802][-0.345585,0.192129,-0.929127][0.658288,0.234519,0][-0.229054,-1.53509,0.618496][0.356957,0.157507,-0.931244][0.639263,0.237026,0][-0.229054,-1.53509,0.618496][0.356957,0.157507,-0.931244][0.639263,0.237026,0][-0.458002,-1.16941,0.635258][0.356747,0.389428,-0.860536][0.618895,0.212996,0][0,-1.21527,0.80172][-0.337352,0.363265,-0.87976][0.656398,0.211217,0][-0.458002,-1.16941,0.635258][0.356747,0.389428,-0.860536][0.618895,0.212996,0][-0.229054,-1.53509,0.618496][0.356957,0.157507,-0.931244][0.639263,0.237026,0][-0.457474,-1.57987,0.516522][0.429945,0.227784,-0.883981][0.618901,0.245182,0][-0.457474,-1.57987,0.516522][0.429945,0.227784,-0.883981][0.618901,0.245182,0][-0.8321,-1.16339,0.432318][0.419584,0.476373,-0.78446][0.58692,0.212143,0][-0.458002,-1.16941,0.635258][0.356747,0.389428,-0.860536][0.618895,0.212996,0][-0.8321,-1.16339,0.432318][0.419584,0.476373,-0.78446][0.58692,0.212143,0][-0.457474,-1.57987,0.516522][0.429945,0.227784,-0.883981][0.618901,0.245182,0][-0.591176,-1.62397,0.369582][0.517655,0.490922,-0.712277][0.599299,0.250788,0][-0.591176,-1.62397,0.369582][0.517655,0.490922,-0.712277][0.599299,0.250788,0][-1.06253,-1.24155,0.18585][0.440004,0.541612,-0.728711][0.558902,0.214425,0][-0.8321,-1.16339,0.432318][0.419584,0.476373,-0.78446][0.58692,0.212143,0][-1.06253,-1.24155,0.18585][0.440004,0.541612,-0.728711][0.558902,0.214425,0][-0.591176,-1.62397,0.369582][0.517655,0.490922,-0.712277][0.599299,0.250788,0][-0.634248,-1.69703,0.196712][0.460933,0.70266,-0.557993][0.584418,0.260337,0][-0.634248,-1.69703,0.196712][0.460933,0.70266,-0.557993][0.584418,0.260337,0][-1.14381,-1.42951,0.02377][0.445626,0.699073,-0.574953][0.543469,0.226586,0][-1.06253,-1.24155,0.18585][0.440004,0.541612,-0.728711][0.558902,0.214425,0][-1.0803,-1.64595,-0.20877][0.456197,0.863615,-0.252382][0.536394,0.247453,0][-1.14381,-1.42951,0.02377][0.445626,0.699073,-0.574953][0.543469,0.226586,0][-0.634248,-1.69703,0.196712][0.460933,0.70266,-0.557993][0.584418,0.260337,0][-0.634248,-1.69703,0.196712][0.460933,0.70266,-0.557993][0.584418,0.260337,0][-0.598564,-1.77603,-0.01552][0.377762,0.840391,-0.412481][0.571675,0.27374,0][-1.0803,-1.64595,-0.20877][0.456197,0.863615,-0.252382][0.536394,0.247453,0][-0.91658,-1.80375,-0.371492][0.375145,0.936306,0.041748][0.538568,0.270966,0][-1.0803,-1.64595,-0.20877][0.456197,0.863615,-0.252382][0.536394,0.247453,0][-0.598564,-1.77603,-0.01552][0.377762,0.840391,-0.412481][0.571675,0.27374,0][-0.598564,-1.77603,-0.01552][0.377762,0.840391,-0.412481][0.571675,0.27374,0][-0.58688,-1.87011,-0.163128][0.256379,0.948456,-0.235621][0.563726,0.287671,0][-0.91658,-1.80375,-0.371492][0.375145,0.936306,0.041748][0.538568,0.270966,0][-0.574102,-1.89181,-0.512406][0.280682,0.967758,0.072016][0.53894,0.300811,0][-0.91658,-1.80375,-0.371492][0.375145,0.936306,0.041748][0.538568,0.270966,0][-0.58688,-1.87011,-0.163128][0.256379,0.948456,-0.235621][0.563726,0.287671,0][-0.58688,-1.87011,-0.163128][0.256379,0.948456,-0.235621][0.563726,0.287671,0][-0.374898,-1.89187,-0.34659][0.158818,0.983491,-0.171][0.553018,0.312518,0][-0.574102,-1.89181,-0.512406][0.280682,0.967758,0.072016][0.53894,0.300811,0][0,-1.97019,-0.541652][-0.025858,1.00119,-0.138624][0.544202,0.345225,0][-0.33069,-1.95481,-0.531356][0.148747,0.995742,-0.090331][0.540935,0.320512,0][-0.279248,-1.90743,-0.384306][0.083176,0.951317,-0.331972][0.551841,0.320999,0][-0.279248,-1.90743,-0.384306][0.083176,0.951317,-0.331972][0.551841,0.320999,0][0,-1.92185,-0.44974][0.000814,0.938667,-0.375745][0.550998,0.343084,0][0,-1.97019,-0.541652][-0.025858,1.00119,-0.138624][0.544202,0.345225,0][0,-0.952312,0.923792][-0.282905,0.266253,-0.932508][0.659068,0.191541,0][0,-1.21527,0.80172][-0.337352,0.363265,-0.87976][0.656398,0.211217,0][-0.458002,-1.16941,0.635258][0.356747,0.389428,-0.860536][0.618895,0.212996,0][-0.458002,-1.16941,0.635258][0.356747,0.389428,-0.860536][0.618895,0.212996,0][-0.612712,-0.880272,0.754096][0.339853,0.313621,-0.897692][0.613085,0.186226,0][0,-0.952312,0.923792][-0.282905,0.266253,-0.932508][0.659068,0.191541,0][-0.612712,-0.880272,0.754096][0.339853,0.313621,-0.897692][0.613085,0.186226,0][-0.458002,-1.16941,0.635258][0.356747,0.389428,-0.860536][0.618895,0.212996,0][-0.8321,-1.16339,0.432318][0.419584,0.476373,-0.78446][0.58692,0.212143,0][-0.8321,-1.16339,0.432318][0.419584,0.476373,-0.78446][0.58692,0.212143,0][-1.07045,-0.900592,0.487778][0.429085,0.421702,-0.810082][0.570216,0.183295,0][-0.612712,-0.880272,0.754096][0.339853,0.313621,-0.897692][0.613085,0.186226,0][-1.07045,-0.900592,0.487778][0.429085,0.421702,-0.810082][0.570216,0.183295,0][-0.8321,-1.16339,0.432318][0.419584,0.476373,-0.78446][0.58692,0.212143,0][-1.06253,-1.24155,0.18585][0.440004,0.541612,-0.728711][0.558902,0.214425,0][-1.06253,-1.24155,0.18585][0.440004,0.541612,-0.728711][0.558902,0.214425,0][-1.43424,-1.02121,0.179268][0.474994,0.474343,-0.75275][0.535296,0.18882,0][-1.07045,-0.900592,0.487778][0.429085,0.421702,-0.810082][0.570216,0.183295,0][-1.43424,-1.02121,0.179268][0.474994,0.474343,-0.75275][0.535296,0.18882,0][-1.06253,-1.24155,0.18585][0.440004,0.541612,-0.728711][0.558902,0.214425,0][-1.14381,-1.42951,0.02377][0.445626,0.699073,-0.574953][0.543469,0.226586,0][-1.14381,-1.42951,0.02377][0.445626,0.699073,-0.574953][0.543469,0.226586,0][-1.56515,-1.25115,-0.046812][0.52791,0.648112,-0.563323][0.516381,0.202744,0][-1.43424,-1.02121,0.179268][0.474994,0.474343,-0.75275][0.535296,0.18882,0][-1.4255,-1.43499,-0.382634][0.448679,0.889756,-0.157535][0.503046,0.228216,0][-1.56515,-1.25115,-0.046812][0.52791,0.648112,-0.563323][0.516381,0.202744,0][-1.14381,-1.42951,0.02377][0.445626,0.699073,-0.574953][0.543469,0.226586,0][-1.14381,-1.42951,0.02377][0.445626,0.699073,-0.574953][0.543469,0.226586,0][-1.0803,-1.64595,-0.20877][0.456197,0.863615,-0.252382][0.536394,0.247453,0][-1.4255,-1.43499,-0.382634][0.448679,0.889756,-0.157535][0.503046,0.228216,0][-1.08896,-1.52881,-0.61158][0.371288,0.9304,0.125344][0.506179,0.25781,0][-1.4255,-1.43499,-0.382634][0.448679,0.889756,-0.157535][0.503046,0.228216,0][-1.0803,-1.64595,-0.20877][0.456197,0.863615,-0.252382][0.536394,0.247453,0][-1.0803,-1.64595,-0.20877][0.456197,0.863615,-0.252382][0.536394,0.247453,0][-0.91658,-1.80375,-0.371492][0.375145,0.936306,0.041748][0.538568,0.270966,0][-1.08896,-1.52881,-0.61158][0.371288,0.9304,0.125344][0.506179,0.25781,0][-0.677102,-1.76559,-0.693548][0.390687,0.907621,0.206076][0.519888,0.295139,0][-1.08896,-1.52881,-0.61158][0.371288,0.9304,0.125344][0.506179,0.25781,0][-0.91658,-1.80375,-0.371492][0.375145,0.936306,0.041748][0.538568,0.270966,0][-0.91658,-1.80375,-0.371492][0.375145,0.936306,0.041748][0.538568,0.270966,0][-0.574102,-1.89181,-0.512406][0.280682,0.967758,0.072016][0.53894,0.300811,0][-0.677102,-1.76559,-0.693548][0.390687,0.907621,0.206076][0.519888,0.295139,0][0,-1.96041,-0.638382][-0.067951,0.998036,0.146576][0.537467,0.347,0][-0.368262,-1.93503,-0.694426][0.227521,0.967993,0.179864][0.530137,0.320556,0][-0.33069,-1.95481,-0.531356][0.148747,0.995742,-0.090331][0.540935,0.320512,0][-0.33069,-1.95481,-0.531356][0.148747,0.995742,-0.090331][0.540935,0.320512,0][0,-1.97019,-0.541652][-0.025858,1.00119,-0.138624][0.544202,0.345225,0][0,-1.96041,-0.638382][-0.067951,0.998036,0.146576][0.537467,0.347,0][0,-0.778492,0.925762][-0.249571,0.0506,-0.977777][0.660351,0.178644,0][0,-0.952312,0.923792][-0.282905,0.266253,-0.932508][0.659068,0.191541,0][-0.612712,-0.880272,0.754096][0.339853,0.313621,-0.897692][0.613085,0.186226,0][-0.612712,-0.880272,0.754096][0.339853,0.313621,-0.897692][0.613085,0.186226,0][-0.658492,-0.692252,0.756238][0.336515,0.096044,-0.947255][0.610612,0.171051,0][0,-0.778492,0.925762][-0.249571,0.0506,-0.977777][0.660351,0.178644,0][-0.658492,-0.692252,0.756238][0.336515,0.096044,-0.947255][0.610612,0.171051,0][-0.612712,-0.880272,0.754096][0.339853,0.313621,-0.897692][0.613085,0.186226,0][-1.07045,-0.900592,0.487778][0.429085,0.421702,-0.810082][0.570216,0.183295,0][-1.07045,-0.900592,0.487778][0.429085,0.421702,-0.810082][0.570216,0.183295,0][-1.16046,-0.756632,0.463882][0.475337,0.228414,-0.859726][0.563982,0.171155,0][-0.658492,-0.692252,0.756238][0.336515,0.096044,-0.947255][0.610612,0.171051,0][-1.16046,-0.756632,0.463882][0.475337,0.228414,-0.859726][0.563982,0.171155,0][-1.07045,-0.900592,0.487778][0.429085,0.421702,-0.810082][0.570216,0.183295,0][-1.43424,-1.02121,0.179268][0.474994,0.474343,-0.75275][0.535296,0.18882,0][-1.43424,-1.02121,0.179268][0.474994,0.474343,-0.75275][0.535296,0.18882,0][-1.56231,-0.866632,0.169184][0.579107,0.348547,-0.746966][0.528678,0.1755,0][-1.16046,-0.756632,0.463882][0.475337,0.228414,-0.859726][0.563982,0.171155,0][-1.70313,-1.11299,-0.120758][0.619347,0.593036,-0.527685][0.506091,0.19227,0][-1.56231,-0.866632,0.169184][0.579107,0.348547,-0.746966][0.528678,0.1755,0][-1.43424,-1.02121,0.179268][0.474994,0.474343,-0.75275][0.535296,0.18882,0][-1.43424,-1.02121,0.179268][0.474994,0.474343,-0.75275][0.535296,0.18882,0][-1.56515,-1.25115,-0.046812][0.52791,0.648112,-0.563323][0.516381,0.202744,0][-1.70313,-1.11299,-0.120758][0.619347,0.593036,-0.527685][0.506091,0.19227,0][-1.56552,-1.43909,-0.47991][0.369679,0.909461,-0.235487][0.489639,0.224365,0][-1.70313,-1.11299,-0.120758][0.619347,0.593036,-0.527685][0.506091,0.19227,0][-1.56515,-1.25115,-0.046812][0.52791,0.648112,-0.563323][0.516381,0.202744,0][-1.56515,-1.25115,-0.046812][0.52791,0.648112,-0.563323][0.516381,0.202744,0][-1.4255,-1.43499,-0.382634][0.448679,0.889756,-0.157535][0.503046,0.228216,0][-1.56552,-1.43909,-0.47991][0.369679,0.909461,-0.235487][0.489639,0.224365,0][-1.17816,-1.52195,-0.785626][0.264957,0.972659,-0.0667][0.491874,0.258495,0][-1.56552,-1.43909,-0.47991][0.369679,0.909461,-0.235487][0.489639,0.224365,0][-1.4255,-1.43499,-0.382634][0.448679,0.889756,-0.157535][0.503046,0.228216,0][-1.4255,-1.43499,-0.382634][0.448679,0.889756,-0.157535][0.503046,0.228216,0][-1.08896,-1.52881,-0.61158][0.371288,0.9304,0.125344][0.506179,0.25781,0][-1.17816,-1.52195,-0.785626][0.264957,0.972659,-0.0667][0.491874,0.258495,0][-0.712064,-1.71431,-0.847666][0.394934,0.923469,0.100188][0.506387,0.295631,0][-1.17816,-1.52195,-0.785626][0.264957,0.972659,-0.0667][0.491874,0.258495,0][-1.08896,-1.52881,-0.61158][0.371288,0.9304,0.125344][0.506179,0.25781,0][-1.08896,-1.52881,-0.61158][0.371288,0.9304,0.125344][0.506179,0.25781,0][-0.677102,-1.76559,-0.693548][0.390687,0.907621,0.206076][0.519888,0.295139,0][-0.712064,-1.71431,-0.847666][0.394934,0.923469,0.100188][0.506387,0.295631,0][0,-1.96095,-0.726128][-0.084785,0.990095,0.186126][0.531451,0.348631,0][-0.378504,-1.89075,-0.834284][0.249463,0.958422,0.200222][0.518616,0.322743,0][-0.368262,-1.93503,-0.694426][0.227521,0.967993,0.179864][0.530137,0.320556,0][-0.368262,-1.93503,-0.694426][0.227521,0.967993,0.179864][0.530137,0.320556,0][0,-1.96041,-0.638382][-0.067951,0.998036,0.146576][0.537467,0.347,0][0,-1.96095,-0.726128][-0.084785,0.990095,0.186126][0.531451,0.348631,0][-0.135686,-1.79459,0.636314][0.263402,-0.045424,-0.974315][0.652929,0.251619,0][-0.229054,-1.53509,0.618496][0.356957,0.157507,-0.931244][0.639263,0.237026,0][0,-1.56309,0.714802][-0.345585,0.192129,-0.929127][0.658288,0.234519,0][0,-1.56309,0.714802][-0.345585,0.192129,-0.929127][0.658288,0.234519,0][0,-1.79915,0.660714][-0.249117,-0.015123,-0.979087][0.662492,0.249738,0][-0.135686,-1.79459,0.636314][0.263402,-0.045424,-0.974315][0.652929,0.251619,0][-0.267878,-1.81699,0.60982][0.277251,-0.07537,-0.968514][0.644276,0.256091,0][-0.457474,-1.57987,0.516522][0.429945,0.227784,-0.883981][0.618901,0.245182,0][-0.229054,-1.53509,0.618496][0.356957,0.157507,-0.931244][0.639263,0.237026,0][-0.229054,-1.53509,0.618496][0.356957,0.157507,-0.931244][0.639263,0.237026,0][-0.135686,-1.79459,0.636314][0.263402,-0.045424,-0.974315][0.652929,0.251619,0][-0.267878,-1.81699,0.60982][0.277251,-0.07537,-0.968514][0.644276,0.256091,0][-0.281294,-1.61017,0.722684][-0.267632,-0.387351,0.893878][0.694185,0.231295,0][0,-1.61865,0.839384][0.229331,-0.348198,0.920475][0.67058,0.231006,0][0,-1.26205,0.875862][-0.020352,-0.33473,0.953842][0.66865,0.202976,0][0,-1.26205,0.875862][-0.020352,-0.33473,0.953842][0.66865,0.202976,0][-0.519762,-1.23497,0.968138][-0.166925,-0.432254,0.898305][0.705141,0.19511,0][-0.281294,-1.61017,0.722684][-0.267632,-0.387351,0.893878][0.694185,0.231295,0][-0.51563,-1.65487,0.617706][-0.245866,-0.883882,0.423362][0.714537,0.235914,0][-0.281294,-1.61017,0.722684][-0.267632,-0.387351,0.893878][0.694185,0.231295,0][-0.519762,-1.23497,0.968138][-0.166925,-0.432254,0.898305][0.705141,0.19511,0][-0.519762,-1.23497,0.968138][-0.166925,-0.432254,0.898305][0.705141,0.19511,0][-0.925438,-1.23015,0.76047][-0.385509,-0.538266,0.761986][0.739613,0.195595,0][-0.51563,-1.65487,0.617706][-0.245866,-0.883882,0.423362][0.714537,0.235914,0][-0.649644,-1.72227,0.438146][0.231371,-0.937749,0.296957][0.73188,0.244335,0][-0.51563,-1.65487,0.617706][-0.245866,-0.883882,0.423362][0.714537,0.235914,0][-0.925438,-1.23015,0.76047][-0.385509,-0.538266,0.761986][0.739613,0.195595,0][-0.925438,-1.23015,0.76047][-0.385509,-0.538266,0.761986][0.739613,0.195595,0][-1.1543,-1.33411,0.519388][-0.448525,-0.631863,0.646044][0.766042,0.203898,0][-0.649644,-1.72227,0.438146][0.231371,-0.937749,0.296957][0.73188,0.244335,0][-1.21316,-1.53301,0.190974][-0.452518,-0.745767,0.506732][0.785086,0.224942,0][-0.693896,-1.80593,0.254142][0.344607,-0.842501,0.437119][0.742803,0.255431,0][-0.649644,-1.72227,0.438146][0.231371,-0.937749,0.296957][0.73188,0.244335,0][-0.649644,-1.72227,0.438146][0.231371,-0.937749,0.296957][0.73188,0.244335,0][-1.1543,-1.33411,0.519388][-0.448525,-0.631863,0.646044][0.766042,0.203898,0][-1.21316,-1.53301,0.190974][-0.452518,-0.745767,0.506732][0.785086,0.224942,0][-1.14842,-1.76143,-0.07736][-0.393653,-0.901232,0.227259][0.790076,0.251202,0][-0.65605,-1.89493,0.031136][0.423383,-0.795573,0.453981][0.749691,0.272607,0][-0.693896,-1.80593,0.254142][0.344607,-0.842501,0.437119][0.742803,0.255431,0][-0.693896,-1.80593,0.254142][0.344607,-0.842501,0.437119][0.742803,0.255431,0][-1.21316,-1.53301,0.190974][-0.452518,-0.745767,0.506732][0.785086,0.224942,0][-1.14842,-1.76143,-0.07736][-0.393653,-0.901232,0.227259][0.790076,0.251202,0][-0.917786,-1.89071,-0.3443][-0.313545,-0.956597,-0.081861][0.785071,0.281233,0][-0.607718,-1.95647,-0.145436][0.422613,-0.757446,0.515729][0.754773,0.286978,0][-0.65605,-1.89493,0.031136][0.423383,-0.795573,0.453981][0.749691,0.272607,0][-0.65605,-1.89493,0.031136][0.423383,-0.795573,0.453981][0.749691,0.272607,0][-1.14842,-1.76143,-0.07736][-0.393653,-0.901232,0.227259][0.790076,0.251202,0][-0.917786,-1.89071,-0.3443][-0.313545,-0.956597,-0.081861][0.785071,0.281233,0][-0.588268,-1.98019,-0.50496][-0.276775,-0.970453,-0.046813][0.773075,0.308137,0][-0.380766,-1.97843,-0.327834][0.254338,-0.618626,0.757268][0.751565,0.309269,0][-0.607718,-1.95647,-0.145436][0.422613,-0.757446,0.515729][0.754773,0.286978,0][-0.607718,-1.95647,-0.145436][0.422613,-0.757446,0.515729][0.754773,0.286978,0][-0.917786,-1.89071,-0.3443][-0.313545,-0.956597,-0.081861][0.785071,0.281233,0][-0.588268,-1.98019,-0.50496][-0.276775,-0.970453,-0.046813][0.773075,0.308137,0][0,-2.05767,-0.532904][0.02543,-1.0017,0.134939][0.741966,0.341599,0][0,-2.00737,-0.42622][-0.150333,-0.475938,0.879011][0.735654,0.335147,0][-0.281294,-1.99415,-0.36479][0.149465,-0.508136,0.860953][0.747963,0.316727,0][-0.281294,-1.99415,-0.36479][0.149465,-0.508136,0.860953][0.747963,0.316727,0][-0.336172,-2.04421,-0.52547][-0.141395,-0.996051,0.098615][0.759649,0.323298,0][0,-2.05767,-0.532904][0.02543,-1.0017,0.134939][0.741966,0.341599,0][-0.519762,-1.23497,0.968138][-0.166925,-0.432254,0.898305][0.705141,0.19511,0][0,-1.26205,0.875862][-0.020352,-0.33473,0.953842][0.66865,0.202976,0][0,-0.959952,1.00475][-0.03598,0.058319,1.00874][0.667574,0.175801,0][0,-0.959952,1.00475][-0.03598,0.058319,1.00874][0.667574,0.175801,0][-0.664398,-0.889072,1.04937][-0.203059,0.084158,0.986431][0.714012,0.167615,0][-0.519762,-1.23497,0.968138][-0.166925,-0.432254,0.898305][0.705141,0.19511,0][-0.925438,-1.23015,0.76047][-0.385509,-0.538266,0.761986][0.739613,0.195595,0][-0.519762,-1.23497,0.968138][-0.166925,-0.432254,0.898305][0.705141,0.19511,0][-0.664398,-0.889072,1.04937][-0.203059,0.084158,0.986431][0.714012,0.167615,0][-0.664398,-0.889072,1.04937][-0.203059,0.084158,0.986431][0.714012,0.167615,0][-1.1341,-0.916512,0.77551][-0.53614,0.018,0.853292][0.757031,0.167947,0][-0.925438,-1.23015,0.76047][-0.385509,-0.538266,0.761986][0.739613,0.195595,0][-1.1543,-1.33411,0.519388][-0.448525,-0.631863,0.646044][0.766042,0.203898,0][-0.925438,-1.23015,0.76047][-0.385509,-0.538266,0.761986][0.739613,0.195595,0][-1.1341,-0.916512,0.77551][-0.53614,0.018,0.853292][0.757031,0.167947,0][-1.1341,-0.916512,0.77551][-0.53614,0.018,0.853292][0.757031,0.167947,0][-1.49445,-1.05085,0.449196][-0.680162,-0.265925,0.691835][0.79165,0.17953,0][-1.1543,-1.33411,0.519388][-0.448525,-0.631863,0.646044][0.766042,0.203898,0][-1.21316,-1.53301,0.190974][-0.452518,-0.745767,0.506732][0.785086,0.224942,0][-1.1543,-1.33411,0.519388][-0.448525,-0.631863,0.646044][0.766042,0.203898,0][-1.49445,-1.05085,0.449196][-0.680162,-0.265925,0.691835][0.79165,0.17953,0][-1.49445,-1.05085,0.449196][-0.680162,-0.265925,0.691835][0.79165,0.17953,0][-1.62954,-1.30099,0.072574][-0.69688,-0.562545,0.45756][0.815407,0.204259,0][-1.21316,-1.53301,0.190974][-0.452518,-0.745767,0.506732][0.785086,0.224942,0][-1.49446,-1.62159,-0.273866][-0.540592,-0.847966,0.066962][0.821418,0.239529,0][-1.14842,-1.76143,-0.07736][-0.393653,-0.901232,0.227259][0.790076,0.251202,0][-1.21316,-1.53301,0.190974][-0.452518,-0.745767,0.506732][0.785086,0.224942,0][-1.21316,-1.53301,0.190974][-0.452518,-0.745767,0.506732][0.785086,0.224942,0][-1.62954,-1.30099,0.072574][-0.69688,-0.562545,0.45756][0.815407,0.204259,0][-1.49446,-1.62159,-0.273866][-0.540592,-0.847966,0.066962][0.821418,0.239529,0][-1.0323,-1.71625,-0.49303][-0.376057,-0.907381,-0.233177][0.806627,0.278474,0][-0.917786,-1.89071,-0.3443][-0.313545,-0.956597,-0.081861][0.785071,0.281233,0][-1.14842,-1.76143,-0.07736][-0.393653,-0.901232,0.227259][0.790076,0.251202,0][-1.14842,-1.76143,-0.07736][-0.393653,-0.901232,0.227259][0.790076,0.251202,0][-1.49446,-1.62159,-0.273866][-0.540592,-0.847966,0.066962][0.821418,0.239529,0][-1.0323,-1.71625,-0.49303][-0.376057,-0.907381,-0.233177][0.806627,0.278474,0][-0.662826,-1.89529,-0.650426][-0.381955,-0.906635,-0.226173][0.787903,0.310276,0][-0.588268,-1.98019,-0.50496][-0.276775,-0.970453,-0.046813][0.773075,0.308137,0][-0.917786,-1.89071,-0.3443][-0.313545,-0.956597,-0.081861][0.785071,0.281233,0][-0.917786,-1.89071,-0.3443][-0.313545,-0.956597,-0.081861][0.785071,0.281233,0][-1.0323,-1.71625,-0.49303][-0.376057,-0.907381,-0.233177][0.806627,0.278474,0][-0.662826,-1.89529,-0.650426][-0.381955,-0.906635,-0.226173][0.787903,0.310276,0][0,-2.04933,-0.647504][0.065867,-0.999134,-0.13992][0.748255,0.347771,0][0,-2.05767,-0.532904][0.02543,-1.0017,0.134939][0.741966,0.341599,0][-0.336172,-2.04421,-0.52547][-0.141395,-0.996051,0.098615][0.759649,0.323298,0][-0.336172,-2.04421,-0.52547][-0.141395,-0.996051,0.098615][0.759649,0.323298,0][-0.378046,-2.02343,-0.705284][-0.217546,-0.9718,-0.17177][0.771557,0.330538,0][0,-2.04933,-0.647504][0.065867,-0.999134,-0.13992][0.748255,0.347771,0][-0.664398,-0.889072,1.04937][-0.203059,0.084158,0.986431][0.714012,0.167615,0][0,-0.959952,1.00475][-0.03598,0.058319,1.00874][0.667574,0.175801,0][0,-0.757812,1.00588][-0.084662,0.883684,0.483794][0.667518,0.16061,0][0,-0.757812,1.00588][-0.084662,0.883684,0.483794][0.667518,0.16061,0][-0.696272,-0.674892,0.86732][-0.095873,0.915459,0.418113][0.721134,0.148805,0][-0.664398,-0.889072,1.04937][-0.203059,0.084158,0.986431][0.714012,0.167615,0][-1.1341,-0.916512,0.77551][-0.53614,0.018,0.853292][0.757031,0.167947,0][-0.664398,-0.889072,1.04937][-0.203059,0.084158,0.986431][0.714012,0.167615,0][-0.696272,-0.674892,0.86732][-0.095873,0.915459,0.418113][0.721134,0.148805,0][-0.696272,-0.674892,0.86732][-0.095873,0.915459,0.418113][0.721134,0.148805,0][-1.21316,-0.75023,0.567452][-0.388694,0.862369,0.352349][0.772084,0.154953,0][-1.1341,-0.916512,0.77551][-0.53614,0.018,0.853292][0.757031,0.167947,0][-1.49445,-1.05085,0.449196][-0.680162,-0.265925,0.691835][0.79165,0.17953,0][-1.1341,-0.916512,0.77551][-0.53614,0.018,0.853292][0.757031,0.167947,0][-1.21316,-0.75023,0.567452][-0.388694,0.862369,0.352349][0.772084,0.154953,0][-1.21316,-0.75023,0.567452][-0.388694,0.862369,0.352349][0.772084,0.154953,0][-1.62954,-0.881052,0.260232][-0.761742,0.604408,0.252573][0.809745,0.170019,0][-1.49445,-1.05085,0.449196][-0.680162,-0.265925,0.691835][0.79165,0.17953,0][-1.62954,-1.30099,0.072574][-0.69688,-0.562545,0.45756][0.815407,0.204259,0][-1.49445,-1.05085,0.449196][-0.680162,-0.265925,0.691835][0.79165,0.17953,0][-1.62954,-0.881052,0.260232][-0.761742,0.604408,0.252573][0.809745,0.170019,0][-1.62954,-0.881052,0.260232][-0.761742,0.604408,0.252573][0.809745,0.170019,0][-1.77575,-1.15281,-0.070902][-0.990156,0.116093,-0.080935][0.832007,0.197021,0][-1.62954,-1.30099,0.072574][-0.69688,-0.562545,0.45756][0.815407,0.204259,0][-1.62954,-1.50025,-0.449218][-0.82435,-0.28607,-0.495733][0.839747,0.2375,0][-1.49446,-1.62159,-0.273866][-0.540592,-0.847966,0.066962][0.821418,0.239529,0][-1.62954,-1.30099,0.072574][-0.69688,-0.562545,0.45756][0.815407,0.204259,0][-1.62954,-1.30099,0.072574][-0.69688,-0.562545,0.45756][0.815407,0.204259,0][-1.77575,-1.15281,-0.070902][-0.990156,0.116093,-0.080935][0.832007,0.197021,0][-1.62954,-1.50025,-0.449218][-0.82435,-0.28607,-0.495733][0.839747,0.2375,0][-1.21316,-1.60021,-0.794658][-0.462091,-0.495087,-0.747586][0.836685,0.280242,0][-1.0323,-1.71625,-0.49303][-0.376057,-0.907381,-0.233177][0.806627,0.278474,0][-1.49446,-1.62159,-0.273866][-0.540592,-0.847966,0.066962][0.821418,0.239529,0][-1.49446,-1.62159,-0.273866][-0.540592,-0.847966,0.066962][0.821418,0.239529,0][-1.62954,-1.50025,-0.449218][-0.82435,-0.28607,-0.495733][0.839747,0.2375,0][-1.21316,-1.60021,-0.794658][-0.462091,-0.495087,-0.747586][0.836685,0.280242,0][-0.73611,-1.79783,-0.860296][-0.255017,-0.528336,-0.822593][0.806615,0.315286,0][-0.662826,-1.89529,-0.650426][-0.381955,-0.906635,-0.226173][0.787903,0.310276,0][-1.0323,-1.71625,-0.49303][-0.376057,-0.907381,-0.233177][0.806627,0.278474,0][-1.0323,-1.71625,-0.49303][-0.376057,-0.907381,-0.233177][0.806627,0.278474,0][-1.21316,-1.60021,-0.794658][-0.462091,-0.495087,-0.747586][0.836685,0.280242,0][-0.73611,-1.79783,-0.860296][-0.255017,-0.528336,-0.822593][0.806615,0.315286,0][0,-2.04933,-0.738342][-0.147281,-0.600176,-0.799933][0.753165,0.352606,0][0,-2.04933,-0.647504][0.065867,-0.999134,-0.13992][0.748255,0.347771,0][-0.378046,-2.02343,-0.705284][-0.217546,-0.9718,-0.17177][0.771557,0.330538,0][-0.378046,-2.02343,-0.705284][-0.217546,-0.9718,-0.17177][0.771557,0.330538,0][-0.389708,-1.97805,-0.84949][-0.0319,-0.567382,-0.836252][0.780684,0.337434,0][0,-2.04933,-0.738342][-0.147281,-0.600176,-0.799933][0.753165,0.352606,0][0,-1.61865,0.839384][0.229331,-0.348198,0.920475][0.67058,0.231006,0][-0.281294,-1.61017,0.722684][-0.267632,-0.387351,0.893878][0.694185,0.231295,0][-0.185068,-1.78033,0.694998][-0.362738,-0.103666,0.936496][0.688079,0.244413,0][-0.185068,-1.78033,0.694998][-0.362738,-0.103666,0.936496][0.688079,0.244413,0][0,-1.79045,0.791394][0.438823,-0.170917,0.892308][0.67238,0.244643,0][0,-1.61865,0.839384][0.229331,-0.348198,0.920475][0.67058,0.231006,0][-0.281294,-1.61017,0.722684][-0.267632,-0.387351,0.893878][0.694185,0.231295,0][-0.51563,-1.65487,0.617706][-0.245866,-0.883882,0.423362][0.714537,0.235914,0][-0.330436,-1.81751,0.660764][-0.635131,-0.652796,0.42867][0.699558,0.247385,0][-0.330436,-1.81751,0.660764][-0.635131,-0.652796,0.42867][0.699558,0.247385,0][-0.185068,-1.78033,0.694998][-0.362738,-0.103666,0.936496][0.688079,0.244413,0][-0.281294,-1.61017,0.722684][-0.267632,-0.387351,0.893878][0.694185,0.231295,0][-0.457474,-1.57987,0.516522][0.100642,-0.81946,-0.583448][0.618901,0.245182,0][-0.51563,-1.65487,0.617706][-0.245866,-0.883882,0.423362][0.621783,0.254273,0][-0.649644,-1.72227,0.438146][0.231371,-0.937749,0.296957][0.603827,0.259686,0][-0.649644,-1.72227,0.438146][0.231371,-0.937749,0.296957][0.603827,0.259686,0][-0.591176,-1.62397,0.369582][0.736229,-0.658952,-0.184266][0.599299,0.250788,0][-0.457474,-1.57987,0.516522][0.100642,-0.81946,-0.583448][0.618901,0.245182,0][-0.591176,-1.62397,0.369582][0.736229,-0.658952,-0.184266][0.599299,0.250788,0][-0.649644,-1.72227,0.438146][0.231371,-0.937749,0.296957][0.603827,0.259686,0][-0.693896,-1.80593,0.254142][0.344607,-0.842501,0.437119][0.589785,0.269442,0][-0.693896,-1.80593,0.254142][0.344607,-0.842501,0.437119][0.589785,0.269442,0][-0.634248,-1.69703,0.196712][0.892858,-0.430319,0.148828][0.584418,0.260337,0][-0.591176,-1.62397,0.369582][0.736229,-0.658952,-0.184266][0.599299,0.250788,0][-0.634248,-1.69703,0.196712][0.892858,-0.430319,0.148828][0.584418,0.260337,0][-0.693896,-1.80593,0.254142][0.344607,-0.842501,0.437119][0.589785,0.269442,0][-0.65605,-1.89493,0.031136][0.423383,-0.795573,0.453981][0.576814,0.280604,0][-0.65605,-1.89493,0.031136][0.423383,-0.795573,0.453981][0.576814,0.280604,0][-0.598564,-1.77603,-0.01552][0.912933,-0.237653,0.33732][0.571675,0.27374,0][-0.634248,-1.69703,0.196712][0.892858,-0.430319,0.148828][0.584418,0.260337,0][-0.65605,-1.89493,0.031136][0.423383,-0.795573,0.453981][0.576814,0.280604,0][-0.607718,-1.95647,-0.145436][0.422613,-0.757446,0.515729][0.568268,0.292069,0][-0.58688,-1.87011,-0.163128][0.810581,-0.037851,0.590903][0.563726,0.287671,0][-0.58688,-1.87011,-0.163128][0.810581,-0.037851,0.590903][0.563726,0.287671,0][-0.598564,-1.77603,-0.01552][0.912933,-0.237653,0.33732][0.571675,0.27374,0][-0.65605,-1.89493,0.031136][0.423383,-0.795573,0.453981][0.576814,0.280604,0][-0.58688,-1.87011,-0.163128][0.810581,-0.037851,0.590903][0.563726,0.287671,0][-0.607718,-1.95647,-0.145436][0.422613,-0.757446,0.515729][0.568268,0.292069,0][-0.380766,-1.97843,-0.327834][0.254338,-0.618626,0.757268][0.559188,0.313194,0][-0.380766,-1.97843,-0.327834][0.254338,-0.618626,0.757268][0.559188,0.313194,0][-0.374898,-1.89187,-0.34659][0.506243,0.145579,0.859706][0.553018,0.312518,0][-0.58688,-1.87011,-0.163128][0.810581,-0.037851,0.590903][0.563726,0.287671,0][-0.279248,-1.90743,-0.384306][0.302233,0.211511,0.940301][0.551841,0.320999,0][-0.281294,-1.99415,-0.36479][0.149465,-0.508136,0.860953][0.558064,0.321084,0][0,-2.00737,-0.42622][-0.150333,-0.475938,0.879011][0.557055,0.342836,0][0,-2.00737,-0.42622][-0.150333,-0.475938,0.879011][0.557055,0.342836,0][0,-1.92185,-0.44974][-0.225577,0.236236,0.956271][0.550998,0.343084,0][-0.279248,-1.90743,-0.384306][0.302233,0.211511,0.940301][0.551841,0.320999,0][-0.696272,-0.674892,0.86732][-0.095873,0.915459,0.418113][0.611863,0.162034,0][0,-0.757812,1.00588][-0.084662,0.883684,0.483794][0.662769,0.172915,0][0,-0.778492,0.925762][-0.150635,0.985107,-0.169254][0.660351,0.178644,0][0,-0.778492,0.925762][-0.150635,0.985107,-0.169254][0.660351,0.178644,0][-0.658492,-0.692252,0.756238][0.050519,0.998432,-0.15102][0.610612,0.171051,0][-0.696272,-0.674892,0.86732][-0.095873,0.915459,0.418113][0.611863,0.162034,0][-1.21316,-0.75023,0.567452][-0.388694,0.862369,0.352349][0.563752,0.162314,0][-0.696272,-0.674892,0.86732][-0.095873,0.915459,0.418113][0.611863,0.162034,0][-0.658492,-0.692252,0.756238][0.050519,0.998432,-0.15102][0.610612,0.171051,0][-0.658492,-0.692252,0.756238][0.050519,0.998432,-0.15102][0.610612,0.171051,0][-1.16046,-0.756632,0.463882][-0.134118,0.995513,-0.11334][0.563982,0.171155,0][-1.21316,-0.75023,0.567452][-0.388694,0.862369,0.352349][0.563752,0.162314,0][-1.62954,-0.881052,0.260232][-0.761742,0.604408,0.252573][0.526385,0.167697,0][-1.21316,-0.75023,0.567452][-0.388694,0.862369,0.352349][0.563752,0.162314,0][-1.16046,-0.756632,0.463882][-0.134118,0.995513,-0.11334][0.563982,0.171155,0][-1.16046,-0.756632,0.463882][-0.134118,0.995513,-0.11334][0.563982,0.171155,0][-1.56231,-0.866632,0.169184][-0.426891,0.887828,-0.218509][0.528678,0.1755,0][-1.62954,-0.881052,0.260232][-0.761742,0.604408,0.252573][0.526385,0.167697,0][-1.77575,-1.15281,-0.070902][-0.990156,0.116093,-0.080935][0.501049,0.187334,0][-1.62954,-0.881052,0.260232][-0.761742,0.604408,0.252573][0.526385,0.167697,0][-1.56231,-0.866632,0.169184][-0.426891,0.887828,-0.218509][0.528678,0.1755,0][-1.56231,-0.866632,0.169184][-0.426891,0.887828,-0.218509][0.528678,0.1755,0][-1.70313,-1.11299,-0.120758][-0.653911,0.585373,-0.492435][0.506091,0.19227,0][-1.77575,-1.15281,-0.070902][-0.990156,0.116093,-0.080935][0.501049,0.187334,0][-1.62954,-1.50025,-0.449218][-0.82435,-0.28607,-0.495733][0.483683,0.220825,0][-1.77575,-1.15281,-0.070902][-0.990156,0.116093,-0.080935][0.501049,0.187334,0][-1.70313,-1.11299,-0.120758][-0.653911,0.585373,-0.492435][0.506091,0.19227,0][-1.70313,-1.11299,-0.120758][-0.653911,0.585373,-0.492435][0.506091,0.19227,0][-1.56552,-1.43909,-0.47991][-0.619849,0.348172,-0.71294][0.489639,0.224365,0][-1.62954,-1.50025,-0.449218][-0.82435,-0.28607,-0.495733][0.483683,0.220825,0][-1.21316,-1.60021,-0.794658][-0.462091,-0.495087,-0.747586][0.485871,0.258916,0][-1.62954,-1.50025,-0.449218][-0.82435,-0.28607,-0.495733][0.483683,0.220825,0][-1.56552,-1.43909,-0.47991][-0.619849,0.348172,-0.71294][0.489639,0.224365,0][-1.56552,-1.43909,-0.47991][-0.619849,0.348172,-0.71294][0.489639,0.224365,0][-1.17816,-1.52195,-0.785626][-0.325331,0.228255,-0.928429][0.491874,0.258495,0][-1.21316,-1.60021,-0.794658][-0.462091,-0.495087,-0.747586][0.485871,0.258916,0][-0.712064,-1.71431,-0.847666][0.017225,0.150046,-0.999732][0.506387,0.295631,0][-0.73611,-1.79783,-0.860296][-0.255017,-0.528336,-0.822593][0.500562,0.298527,0][-1.21316,-1.60021,-0.794658][-0.462091,-0.495087,-0.747586][0.485871,0.258916,0][-1.21316,-1.60021,-0.794658][-0.462091,-0.495087,-0.747586][0.485871,0.258916,0][-1.17816,-1.52195,-0.785626][-0.325331,0.228255,-0.928429][0.491874,0.258495,0][-0.712064,-1.71431,-0.847666][0.017225,0.150046,-0.999732][0.506387,0.295631,0][0,-1.96095,-0.726128][-0.293929,0.131489,-0.95743][0.531451,0.348631,0][0,-2.04933,-0.738342][-0.147281,-0.600176,-0.799933][0.526254,0.35291,0][-0.389708,-1.97805,-0.84949][-0.0319,-0.567382,-0.836252][0.51256,0.326837,0][-0.389708,-1.97805,-0.84949][-0.0319,-0.567382,-0.836252][0.51256,0.326837,0][-0.378504,-1.89075,-0.834284][0.194949,0.138901,-0.981904][0.518616,0.322743,0][0,-1.96095,-0.726128][-0.293929,0.131489,-0.95743][0.531451,0.348631,0][-0.267878,-1.81699,0.60982][-0.483068,-0.754549,-0.463016][0.644276,0.256091,0][-0.330436,-1.81751,0.660764][-0.635131,-0.652796,0.42867][0.640406,0.260365,0][-0.51563,-1.65487,0.617706][-0.245866,-0.883882,0.423362][0.621783,0.254273,0][-0.51563,-1.65487,0.617706][-0.245866,-0.883882,0.423362][0.621783,0.254273,0][-0.457474,-1.57987,0.516522][0.100642,-0.81946,-0.583448][0.618901,0.245182,0][-0.267878,-1.81699,0.60982][-0.483068,-0.754549,-0.463016][0.644276,0.256091,0][-0.185068,-1.78033,0.694998][-0.362738,-0.103666,0.936496][0.688079,0.244413,0][0,-2.03447,0.783172][0.576887,-0.335272,0.754758][0.673117,0.263264,0][0,-1.79045,0.791394][0.438823,-0.170917,0.892308][0.67238,0.244643,0][-0.330436,-1.81751,0.660764][-0.635131,-0.652796,0.42867][0.699558,0.247385,0][0,-2.03447,0.783172][-0.576887,-0.335272,0.754758][0.673117,0.263264,0][-0.185068,-1.78033,0.694998][-0.362738,-0.103666,0.936496][0.688079,0.244413,0][0,-2.03447,0.783172][0.576887,-0.335272,0.754758][0.668552,0.270583,0][-0.330436,-1.81751,0.660764][-0.635131,-0.652796,0.42867][0.640406,0.260365,0][-0.267878,-1.81699,0.60982][-0.483068,-0.754549,-0.463016][0.644276,0.256091,0][-0.267878,-1.81699,0.60982][-0.483068,-0.754549,-0.463016][0.644276,0.256091,0][0,-2.03523,0.699258][0.515016,-0.832762,-0.240077][0.66896,0.264635,0][0,-2.03447,0.783172][0.576887,-0.335272,0.754758][0.668552,0.270583,0][-0.135686,-1.79459,0.636314][0.263402,-0.045424,-0.974315][0.652929,0.251619,0][0,-2.03523,0.699258][0.192918,-0.14667,-0.981184][0.66896,0.264635,0][-0.267878,-1.81699,0.60982][0.277251,-0.07537,-0.968514][0.644276,0.256091,0][0,-1.79915,0.660714][-0.249117,-0.015123,-0.979087][0.662492,0.249738,0][0,-2.03523,0.699258][-0.192918,-0.14667,-0.981184][0.66896,0.264635,0][-0.135686,-1.79459,0.636314][0.263402,-0.045424,-0.974315][0.652929,0.251619,0][-0.368262,-1.93503,-0.694426][0.227521,0.967993,0.179864][0.530137,0.320556,0][-0.677102,-1.76559,-0.693548][0.390687,0.907621,0.206076][0.519888,0.295139,0][-0.574102,-1.89181,-0.512406][0.280682,0.967758,0.072016][0.53894,0.300811,0][-0.574102,-1.89181,-0.512406][0.280682,0.967758,0.072016][0.53894,0.300811,0][-0.33069,-1.95481,-0.531356][0.148747,0.995742,-0.090331][0.540935,0.320512,0][-0.368262,-1.93503,-0.694426][0.227521,0.967993,0.179864][0.530137,0.320556,0][-0.33069,-1.95481,-0.531356][0.148747,0.995742,-0.090331][0.540935,0.320512,0][-0.574102,-1.89181,-0.512406][0.280682,0.967758,0.072016][0.53894,0.300811,0][-0.374898,-1.89187,-0.34659][0.158818,0.983491,-0.171][0.553018,0.312518,0][-0.374898,-1.89187,-0.34659][0.158818,0.983491,-0.171][0.553018,0.312518,0][-0.279248,-1.90743,-0.384306][0.083176,0.951317,-0.331972][0.551841,0.320999,0][-0.33069,-1.95481,-0.531356][0.148747,0.995742,-0.090331][0.540935,0.320512,0][-0.380766,-1.97843,-0.327834][0.254338,-0.618626,0.757268][0.559188,0.313194,0][-0.281294,-1.99415,-0.36479][0.149465,-0.508136,0.860953][0.558064,0.321084,0][-0.279248,-1.90743,-0.384306][0.302233,0.211511,0.940301][0.551841,0.320999,0][-0.279248,-1.90743,-0.384306][0.302233,0.211511,0.940301][0.551841,0.320999,0][-0.374898,-1.89187,-0.34659][0.506243,0.145579,0.859706][0.553018,0.312518,0][-0.380766,-1.97843,-0.327834][0.254338,-0.618626,0.757268][0.559188,0.313194,0][-0.380766,-1.97843,-0.327834][0.254338,-0.618626,0.757268][0.751565,0.309269,0][-0.588268,-1.98019,-0.50496][-0.276775,-0.970453,-0.046813][0.773075,0.308137,0][-0.336172,-2.04421,-0.52547][-0.141395,-0.996051,0.098615][0.759649,0.323298,0][-0.336172,-2.04421,-0.52547][-0.141395,-0.996051,0.098615][0.759649,0.323298,0][-0.281294,-1.99415,-0.36479][0.149465,-0.508136,0.860953][0.747963,0.316727,0][-0.380766,-1.97843,-0.327834][0.254338,-0.618626,0.757268][0.751565,0.309269,0][-0.588268,-1.98019,-0.50496][-0.276775,-0.970453,-0.046813][0.773075,0.308137,0][-0.662826,-1.89529,-0.650426][-0.381955,-0.906635,-0.226173][0.787903,0.310276,0][-0.378046,-2.02343,-0.705284][-0.217546,-0.9718,-0.17177][0.771557,0.330538,0][-0.378046,-2.02343,-0.705284][-0.217546,-0.9718,-0.17177][0.771557,0.330538,0][-0.336172,-2.04421,-0.52547][-0.141395,-0.996051,0.098615][0.759649,0.323298,0][-0.588268,-1.98019,-0.50496][-0.276775,-0.970453,-0.046813][0.773075,0.308137,0][-0.662826,-1.89529,-0.650426][-0.381955,-0.906635,-0.226173][0.787903,0.310276,0][-0.73611,-1.79783,-0.860296][-0.255017,-0.528336,-0.822593][0.806615,0.315286,0][-0.389708,-1.97805,-0.84949][-0.0319,-0.567382,-0.836252][0.780684,0.337434,0][-0.389708,-1.97805,-0.84949][-0.0319,-0.567382,-0.836252][0.780684,0.337434,0][-0.378046,-2.02343,-0.705284][-0.217546,-0.9718,-0.17177][0.771557,0.330538,0][-0.662826,-1.89529,-0.650426][-0.381955,-0.906635,-0.226173][0.787903,0.310276,0][-0.73611,-1.79783,-0.860296][-0.255017,-0.528336,-0.822593][0.500562,0.298527,0][-0.712064,-1.71431,-0.847666][0.017225,0.150046,-0.999732][0.506387,0.295631,0][-0.378504,-1.89075,-0.834284][0.194949,0.138901,-0.981904][0.518616,0.322743,0][-0.378504,-1.89075,-0.834284][0.194949,0.138901,-0.981904][0.518616,0.322743,0][-0.389708,-1.97805,-0.84949][-0.0319,-0.567382,-0.836252][0.51256,0.326837,0][-0.73611,-1.79783,-0.860296][-0.255017,-0.528336,-0.822593][0.500562,0.298527,0][-0.378504,-1.89075,-0.834284][0.249463,0.958422,0.200222][0.518616,0.322743,0][-0.712064,-1.71431,-0.847666][0.394934,0.923469,0.100188][0.506387,0.295631,0][-0.677102,-1.76559,-0.693548][0.390687,0.907621,0.206076][0.519888,0.295139,0][-0.677102,-1.76559,-0.693548][0.390687,0.907621,0.206076][0.519888,0.295139,0][-0.368262,-1.93503,-0.694426][0.227521,0.967993,0.179864][0.530137,0.320556,0][-0.378504,-1.89075,-0.834284][0.249463,0.958422,0.200222][0.518616,0.322743,0][-0.766634,1.70721,0.348786][0.680278,-0.207042,-0.711565][0.401768,0.102473,0][-0.676796,1.33219,0.567176][0.697618,-0.388215,-0.611602][0.403559,0.065768,0][-1.2617,1.24575,0.477744][0.157985,-0.532026,-0.844816][0.453673,0.073137,0][-1.2617,1.24575,0.477744][0.157985,-0.532026,-0.844816][0.453673,0.073137,0][-1.31844,1.63425,0.257704][0.194367,-0.444559,-0.886582][0.449857,0.112138,0][-0.766634,1.70721,0.348786][0.680278,-0.207042,-0.711565][0.401768,0.102473,0][-1.37496,1.95533,0.231444][0.087988,0.86849,-0.509992][0.445237,0.145011,0][-0.82189,2.00637,0.305894][0.56459,0.767968,-0.326559][0.397709,0.132098,0][-0.842576,1.91391,0.233916][0.502349,0.146725,-0.861844][0.403138,0.123683,0][-0.842576,1.91391,0.233916][0.502349,0.146725,-0.861844][0.403138,0.123683,0][-1.35703,1.85617,0.140968][0.194795,0.148363,-0.980551][0.448525,0.133955,0][-1.37496,1.95533,0.231444][0.087988,0.86849,-0.509992][0.445237,0.145011,0][-1.33597,1.47631,0.871458][-0.181138,0.456275,0.883489][0.588407,0.073612,0][-0.71835,1.46119,0.787452][0.508075,0.420404,0.76266][0.537459,0.0652,0][-0.80299,1.82007,0.541514][0.470039,0.630866,0.631213][0.536134,0.10301,0][-0.80299,1.82007,0.541514][0.470039,0.630866,0.631213][0.536134,0.10301,0][-1.3809,1.82813,0.588796][-0.112716,0.652404,0.763978][0.585792,0.111776,0][-1.33597,1.47631,0.871458][-0.181138,0.456275,0.883489][0.588407,0.073612,0][-0.797748,0.944288,0.81016][0.590031,-0.754,-0.312845][0.418094,0.027186,0][-0.767336,0.965348,0.925788][0.707373,-0.550668,0.455543][0.415492,0.017175,0][-1.22069,0.822508,0.92391][-0.273913,-0.877615,0.418776][0.457802,0.018731,0][-1.22069,0.822508,0.92391][-0.273913,-0.877615,0.418776][0.457802,0.018731,0][-1.21656,0.807368,0.811332][-0.039209,-0.906139,-0.44679][0.455482,0.028194,0][-0.797748,0.944288,0.81016][0.590031,-0.754,-0.312845][0.418094,0.027186,0][-2.13246,1.77885,0.228332][-0.939001,0.190433,-0.290943][0.521671,0.135716,0][-2.07154,1.71397,0.177074][-0.395105,-0.438804,-0.818624][0.513191,0.13202,0][-2.11658,1.59577,0.249248][-0.428105,-0.500576,-0.764426][0.518291,0.120434,0][-2.11658,1.59577,0.249248][-0.428105,-0.500576,-0.764426][0.518291,0.120434,0][-2.18034,1.66171,0.320176][-0.980683,-0.165788,-0.107833][0.527598,0.12258,0][-2.13246,1.77885,0.228332][-0.939001,0.190433,-0.290943][0.521671,0.135716,0][-0.766634,1.70721,0.348786][0.680278,-0.207042,-0.711565][0.401768,0.102473,0][-0.744076,1.79577,0.446916][0.946147,0.325677,0.032802][0.390722,0.103968,0][-0.65258,1.41731,0.688472][0.980398,0.08306,0.181069][0.390897,0.063724,0][-0.65258,1.41731,0.688472][0.980398,0.08306,0.181069][0.390897,0.063724,0][-0.676796,1.33219,0.567176][0.697618,-0.388215,-0.611602][0.403559,0.065768,0][-0.766634,1.70721,0.348786][0.680278,-0.207042,-0.711565][0.401768,0.102473,0][-1.37496,1.95533,0.231444][0.087988,0.86849,-0.509992][0.445237,0.145011,0][-1.35703,1.85617,0.140968][0.194795,0.148363,-0.980551][0.448525,0.133955,0][-1.71583,1.88337,0.057352][0.099213,0.111867,-0.999852][0.478605,0.14361,0][-1.71583,1.88337,0.057352][0.099213,0.111867,-0.999852][0.478605,0.14361,0][-1.75747,1.98075,0.144398][0.07251,0.875011,-0.501261][0.478447,0.154804,0][-1.37496,1.95533,0.231444][0.087988,0.86849,-0.509992][0.445237,0.145011,0][-1.72953,1.67293,0.568872][-0.350623,0.434566,0.841283][0.618572,0.106632,0][-1.33597,1.47631,0.871458][-0.181138,0.456275,0.883489][0.588407,0.073612,0][-1.3809,1.82813,0.588796][-0.112716,0.652404,0.763978][0.585792,0.111776,0][-1.3809,1.82813,0.588796][-0.112716,0.652404,0.763978][0.585792,0.111776,0][-1.74744,1.86267,0.405344][-0.249017,0.65753,0.725633][0.616461,0.129519,0][-1.72953,1.67293,0.568872][-0.350623,0.434566,0.841283][0.618572,0.106632,0][-1.57225,1.11609,0.685674][-0.542424,-0.77371,0.350534][0.487514,0.051597,0][-1.54664,1.08831,0.584546][-0.29639,-0.873874,-0.41088][0.481275,0.059296,0][-1.21656,0.807368,0.811332][-0.039209,-0.906139,-0.44679][0.455482,0.028194,0][-1.21656,0.807368,0.811332][-0.039209,-0.906139,-0.44679][0.455482,0.028194,0][-1.22069,0.822508,0.92391][-0.273913,-0.877615,0.418776][0.457802,0.018731,0][-1.57225,1.11609,0.685674][-0.542424,-0.77371,0.350534][0.487514,0.051597,0][-1.63118,1.49725,0.260776][-0.01595,-0.54898,-0.848906][0.478371,0.106808,0][-1.67488,1.71211,0.14487][0.013555,-0.498526,-0.879526][0.478243,0.127679,0][-1.31844,1.63425,0.257704][0.194367,-0.444559,-0.886582][0.449857,0.112138,0][-1.31844,1.63425,0.257704][0.194367,-0.444559,-0.886582][0.449857,0.112138,0][-1.2617,1.24575,0.477744][0.157985,-0.532026,-0.844816][0.453673,0.073137,0][-1.63118,1.49725,0.260776][-0.01595,-0.54898,-0.848906][0.478371,0.106808,0][-0.80299,1.82007,0.541514][0.470039,0.630866,0.631213][0.536134,0.10301,0][-0.71835,1.46119,0.787452][0.508075,0.420404,0.76266][0.537459,0.0652,0][-0.65258,1.41731,0.688472][0.980398,0.08306,0.181069][0.527479,0.063729,0][-0.65258,1.41731,0.688472][0.980398,0.08306,0.181069][0.527479,0.063729,0][-0.744076,1.79577,0.446916][0.946147,0.325677,0.032802][0.527124,0.104732,0][-0.80299,1.82007,0.541514][0.470039,0.630866,0.631213][0.536134,0.10301,0][-1.22069,0.822508,0.92391][-0.273913,-0.877615,0.418776][0.594676,0.016365,0][-0.767336,0.965348,0.925788][0.707373,-0.550668,0.455543][0.549879,0.017554,0][-0.828236,1.03893,0.971788][0.433818,-0.050699,0.909571][0.552874,0.025609,0][-0.828236,1.03893,0.971788][0.433818,-0.050699,0.909571][0.552874,0.025609,0][-1.26161,0.947228,1.05018][-0.319188,-0.202463,0.936557][0.590224,0.029857,0][-1.22069,0.822508,0.92391][-0.273913,-0.877615,0.418776][0.594676,0.016365,0][-1.26161,0.947228,1.05018][-0.319188,-0.202463,0.936557][0.590224,0.029857,0][-1.57713,1.18297,0.746174][-0.565391,-0.230604,0.801444][0.621948,0.056558,0][-1.57225,1.11609,0.685674][-0.542424,-0.77371,0.350534][0.627018,0.050257,0][-1.57225,1.11609,0.685674][-0.542424,-0.77371,0.350534][0.627018,0.050257,0][-1.22069,0.822508,0.92391][-0.273913,-0.877615,0.418776][0.594676,0.016365,0][-1.26161,0.947228,1.05018][-0.319188,-0.202463,0.936557][0.590224,0.029857,0][-2.10174,1.80771,0.337162][-0.620994,0.667836,0.426673][0.647526,0.132195,0][-2.13246,1.77885,0.228332][-0.939001,0.190433,-0.290943][0.656241,0.138738,0][-2.18034,1.66171,0.320176][-0.980683,-0.165788,-0.107833][0.662032,0.123865,0][-2.18034,1.66171,0.320176][-0.980683,-0.165788,-0.107833][0.662032,0.123865,0][-2.15198,1.70565,0.436888][-0.692219,0.353768,0.638189][0.651321,0.120526,0][-2.10174,1.80771,0.337162][-0.620994,0.667836,0.426673][0.647526,0.132195,0][-1.75929,2.00557,0.264064][-0.137732,0.961136,0.281257][0.615046,0.146146,0][-1.40615,2.00865,0.40137][-0.048186,0.969375,0.283232][0.584484,0.133832,0][-1.37496,1.95533,0.231444][0.087988,0.86849,-0.509992][0.580375,0.148391,0][-1.37496,1.95533,0.231444][0.087988,0.86849,-0.509992][0.580375,0.148391,0][-1.75747,1.98075,0.144398][0.07251,0.875011,-0.501261][0.615188,0.156748,0][-1.75929,2.00557,0.264064][-0.137732,0.961136,0.281257][0.615046,0.146146,0][-0.873066,2.00855,0.395544][0.305487,0.892482,0.361047][0.538469,0.124971,0][-0.82189,2.00637,0.305894][0.56459,0.767968,-0.326559][0.532829,0.131572,0][-1.37496,1.95533,0.231444][0.087988,0.86849,-0.509992][0.580375,0.148391,0][-1.37496,1.95533,0.231444][0.087988,0.86849,-0.509992][0.580375,0.148391,0][-1.40615,2.00865,0.40137][-0.048186,0.969375,0.283232][0.584484,0.133832,0][-0.873066,2.00855,0.395544][0.305487,0.892482,0.361047][0.538469,0.124971,0][-1.95599,1.72509,0.478168][-0.244444,0.497459,0.844826][0.635506,0.118194,0][-1.72953,1.67293,0.568872][-0.350623,0.434566,0.841283][0.618572,0.106632,0][-1.74744,1.86267,0.405344][-0.249017,0.65753,0.725633][0.616461,0.129519,0][-1.74744,1.86267,0.405344][-0.249017,0.65753,0.725633][0.616461,0.129519,0][-1.93546,1.84677,0.361542][-0.237576,0.700286,0.688608][0.631983,0.133017,0][-1.95599,1.72509,0.478168][-0.244444,0.497459,0.844826][0.635506,0.118194,0][-1.75489,1.22093,0.690408][-0.41413,-0.206135,0.896919][0.635059,0.067605,0][-1.76245,1.16063,0.623712][-0.434773,-0.807768,0.420182][0.641026,0.062716,0][-1.57225,1.11609,0.685674][-0.542424,-0.77371,0.350534][0.627018,0.050257,0][-1.57225,1.11609,0.685674][-0.542424,-0.77371,0.350534][0.627018,0.050257,0][-1.57713,1.18297,0.746174][-0.565391,-0.230604,0.801444][0.621948,0.056558,0][-1.75489,1.22093,0.690408][-0.41413,-0.206135,0.896919][0.635059,0.067605,0][-1.7244,1.12629,0.528782][-0.229771,-0.886978,-0.426122][0.494845,0.069702,0][-1.54664,1.08831,0.584546][-0.29639,-0.873874,-0.41088][0.481275,0.059296,0][-1.57225,1.11609,0.685674][-0.542424,-0.77371,0.350534][0.487514,0.051597,0][-1.57225,1.11609,0.685674][-0.542424,-0.77371,0.350534][0.487514,0.051597,0][-1.76245,1.16063,0.623712][-0.434773,-0.807768,0.420182][0.502301,0.06323,0][-1.7244,1.12629,0.528782][-0.229771,-0.886978,-0.426122][0.494845,0.069702,0][-1.83465,1.60193,0.253394][-0.044163,-0.52346,-0.863873][0.494293,0.117498,0][-1.85863,1.74011,0.170518][-0.040723,-0.57494,-0.83068][0.493957,0.131369,0][-1.67488,1.71211,0.14487][0.013555,-0.498526,-0.879526][0.478243,0.127679,0][-1.67488,1.71211,0.14487][0.013555,-0.498526,-0.879526][0.478243,0.127679,0][-1.63118,1.49725,0.260776][-0.01595,-0.54898,-0.848906][0.478371,0.106808,0][-1.83465,1.60193,0.253394][-0.044163,-0.52346,-0.863873][0.494293,0.117498,0][-1.87758,1.88237,0.057134][-0.051006,-0.03273,-1.00923][0.491955,0.1469,0][-1.92926,1.96839,0.11924][-0.179956,0.852399,-0.512436][0.493963,0.156498,0][-1.75747,1.98075,0.144398][0.07251,0.875011,-0.501261][0.478447,0.154804,0][-1.75747,1.98075,0.144398][0.07251,0.875011,-0.501261][0.478447,0.154804,0][-1.71583,1.88337,0.057352][0.099213,0.111867,-0.999852][0.478605,0.14361,0][-1.87758,1.88237,0.057134][-0.051006,-0.03273,-1.00923][0.491955,0.1469,0][-1.91229,1.98413,0.229886][-0.273927,0.919782,0.315555][0.627887,0.149178,0][-1.75929,2.00557,0.264064][-0.137732,0.961136,0.281257][0.615046,0.146146,0][-1.75747,1.98075,0.144398][0.07251,0.875011,-0.501261][0.615188,0.156748,0][-1.75747,1.98075,0.144398][0.07251,0.875011,-0.501261][0.615188,0.156748,0][-1.92926,1.96839,0.11924][-0.179956,0.852399,-0.512436][0.630823,0.158038,0][-1.91229,1.98413,0.229886][-0.273927,0.919782,0.315555][0.627887,0.149178,0][-1.75489,1.22093,0.690408][-0.41413,-0.206135,0.896919][0.635059,0.067605,0][-1.57713,1.18297,0.746174][-0.565391,-0.230604,0.801444][0.621948,0.056558,0][-1.72953,1.67293,0.568872][-0.350623,0.434566,0.841283][0.618572,0.106632,0][-1.72953,1.67293,0.568872][-0.350623,0.434566,0.841283][0.618572,0.106632,0][-1.95599,1.72509,0.478168][-0.244444,0.497459,0.844826][0.635506,0.118194,0][-1.75489,1.22093,0.690408][-0.41413,-0.206135,0.896919][0.635059,0.067605,0][-1.57713,1.18297,0.746174][-0.565391,-0.230604,0.801444][0.621948,0.056558,0][-1.26161,0.947228,1.05018][-0.319188,-0.202463,0.936557][0.590224,0.029857,0][-1.33597,1.47631,0.871458][-0.181138,0.456275,0.883489][0.588407,0.073612,0][-1.33597,1.47631,0.871458][-0.181138,0.456275,0.883489][0.588407,0.073612,0][-1.72953,1.67293,0.568872][-0.350623,0.434566,0.841283][0.618572,0.106632,0][-1.57713,1.18297,0.746174][-0.565391,-0.230604,0.801444][0.621948,0.056558,0][-0.828236,1.03893,0.971788][0.433818,-0.050699,0.909571][0.552874,0.025609,0][-0.71835,1.46119,0.787452][0.508075,0.420404,0.76266][0.537459,0.0652,0][-1.33597,1.47631,0.871458][-0.181138,0.456275,0.883489][0.588407,0.073612,0][-1.33597,1.47631,0.871458][-0.181138,0.456275,0.883489][0.588407,0.073612,0][-1.26161,0.947228,1.05018][-0.319188,-0.202463,0.936557][0.590224,0.029857,0][-0.828236,1.03893,0.971788][0.433818,-0.050699,0.909571][0.552874,0.025609,0][-0.65258,1.41731,0.688472][0.980398,0.08306,0.181069][0.527479,0.063729,0][-0.71835,1.46119,0.787452][0.508075,0.420404,0.76266][0.537459,0.0652,0][-0.828236,1.03893,0.971788][0.433818,-0.050699,0.909571][0.552874,0.025609,0][-0.828236,1.03893,0.971788][0.433818,-0.050699,0.909571][0.552874,0.025609,0][-0.767336,0.965348,0.925788][0.707373,-0.550668,0.455543][0.546042,0.020549,0][-0.65258,1.41731,0.688472][0.980398,0.08306,0.181069][0.527479,0.063729,0][-0.65258,1.41731,0.688472][0.980398,0.08306,0.181069][0.390897,0.063724,0][-0.767336,0.965348,0.925788][0.707373,-0.550668,0.455543][0.409574,0.021163,0][-0.797748,0.944288,0.81016][0.590031,-0.754,-0.312845][0.418094,0.027186,0][-0.797748,0.944288,0.81016][0.590031,-0.754,-0.312845][0.418094,0.027186,0][-0.676796,1.33219,0.567176][0.697618,-0.388215,-0.611602][0.403559,0.065768,0][-0.65258,1.41731,0.688472][0.980398,0.08306,0.181069][0.390897,0.063724,0][-1.2617,1.24575,0.477744][0.157985,-0.532026,-0.844816][0.453673,0.073137,0][-0.676796,1.33219,0.567176][0.697618,-0.388215,-0.611602][0.403559,0.065768,0][-0.797748,0.944288,0.81016][0.590031,-0.754,-0.312845][0.418094,0.027186,0][-0.797748,0.944288,0.81016][0.590031,-0.754,-0.312845][0.418094,0.027186,0][-1.21656,0.807368,0.811332][-0.039209,-0.906139,-0.44679][0.455482,0.028194,0][-1.2617,1.24575,0.477744][0.157985,-0.532026,-0.844816][0.453673,0.073137,0][-1.54664,1.08831,0.584546][-0.29639,-0.873874,-0.41088][0.481275,0.059296,0][-1.63118,1.49725,0.260776][-0.01595,-0.54898,-0.848906][0.478371,0.106808,0][-1.2617,1.24575,0.477744][0.157985,-0.532026,-0.844816][0.453673,0.073137,0][-1.2617,1.24575,0.477744][0.157985,-0.532026,-0.844816][0.453673,0.073137,0][-1.21656,0.807368,0.811332][-0.039209,-0.906139,-0.44679][0.455482,0.028194,0][-1.54664,1.08831,0.584546][-0.29639,-0.873874,-0.41088][0.481275,0.059296,0][-1.7244,1.12629,0.528782][-0.229771,-0.886978,-0.426122][0.494845,0.069702,0][-1.83465,1.60193,0.253394][-0.044163,-0.52346,-0.863873][0.494293,0.117498,0][-1.63118,1.49725,0.260776][-0.01595,-0.54898,-0.848906][0.478371,0.106808,0][-1.63118,1.49725,0.260776][-0.01595,-0.54898,-0.848906][0.478371,0.106808,0][-1.54664,1.08831,0.584546][-0.29639,-0.873874,-0.41088][0.481275,0.059296,0][-1.7244,1.12629,0.528782][-0.229771,-0.886978,-0.426122][0.494845,0.069702,0][-2.11658,1.59577,0.249248][-0.428105,-0.500576,-0.764426][0.518291,0.120434,0][-1.88941,1.20337,0.452516][-0.491402,-0.788306,-0.392426][0.506025,0.081704,0][-1.93882,1.24513,0.540954][-0.731877,-0.642429,0.248973][0.514784,0.078476,0][-1.93882,1.24513,0.540954][-0.731877,-0.642429,0.248973][0.514784,0.078476,0][-2.18034,1.66171,0.320176][-0.980683,-0.165788,-0.107833][0.527598,0.12258,0][-2.11658,1.59577,0.249248][-0.428105,-0.500576,-0.764426][0.518291,0.120434,0][-1.93882,1.24513,0.540954][-0.731877,-0.642429,0.248973][0.653531,0.07777,0][-1.9199,1.29801,0.614144][-0.644536,-0.247025,0.732514][0.645712,0.080696,0][-2.15198,1.70565,0.436888][-0.692219,0.353768,0.638189][0.651321,0.120526,0][-2.15198,1.70565,0.436888][-0.692219,0.353768,0.638189][0.651321,0.120526,0][-2.18034,1.66171,0.320176][-0.980683,-0.165788,-0.107833][0.662032,0.123865,0][-1.93882,1.24513,0.540954][-0.731877,-0.642429,0.248973][0.653531,0.07777,0][-2.01454,1.82829,0.06296][-0.361788,-0.161597,-0.928634][0.504976,0.145691,0][-2.07842,1.91109,0.124656][-0.714088,0.560544,-0.43219][0.508334,0.155553,0][-1.92926,1.96839,0.11924][-0.179956,0.852399,-0.512436][0.493963,0.156498,0][-1.92926,1.96839,0.11924][-0.179956,0.852399,-0.512436][0.493963,0.156498,0][-1.87758,1.88237,0.057134][-0.051006,-0.03273,-1.00923][0.491955,0.1469,0][-2.01454,1.82829,0.06296][-0.361788,-0.161597,-0.928634][0.504976,0.145691,0][-2.04504,1.92295,0.22459][-0.557499,0.79056,0.282077][0.641234,0.147174,0][-1.91229,1.98413,0.229886][-0.273927,0.919782,0.315555][0.627887,0.149178,0][-1.92926,1.96839,0.11924][-0.179956,0.852399,-0.512436][0.630823,0.158038,0][-1.92926,1.96839,0.11924][-0.179956,0.852399,-0.512436][0.630823,0.158038,0][-2.07842,1.91109,0.124656][-0.714088,0.560544,-0.43219][0.645697,0.155397,0][-2.04504,1.92295,0.22459][-0.557499,0.79056,0.282077][0.641234,0.147174,0][-2.10174,1.80771,0.337162][-0.620994,0.667836,0.426673][0.647526,0.132195,0][-2.15198,1.70565,0.436888][-0.692219,0.353768,0.638189][0.651321,0.120526,0][-1.95599,1.72509,0.478168][-0.244444,0.497459,0.844826][0.635506,0.118194,0][-1.95599,1.72509,0.478168][-0.244444,0.497459,0.844826][0.635506,0.118194,0][-1.93546,1.84677,0.361542][-0.237576,0.700286,0.688608][0.631983,0.133017,0][-2.10174,1.80771,0.337162][-0.620994,0.667836,0.426673][0.647526,0.132195,0][-1.9199,1.29801,0.614144][-0.644536,-0.247025,0.732514][0.645712,0.080696,0][-1.75489,1.22093,0.690408][-0.41413,-0.206135,0.896919][0.635059,0.067605,0][-1.95599,1.72509,0.478168][-0.244444,0.497459,0.844826][0.635506,0.118194,0][-1.95599,1.72509,0.478168][-0.244444,0.497459,0.844826][0.635506,0.118194,0][-2.15198,1.70565,0.436888][-0.692219,0.353768,0.638189][0.651321,0.120526,0][-1.9199,1.29801,0.614144][-0.644536,-0.247025,0.732514][0.645712,0.080696,0][-1.9199,1.29801,0.614144][-0.644536,-0.247025,0.732514][0.645712,0.080696,0][-1.93882,1.24513,0.540954][-0.731877,-0.642429,0.248973][0.653531,0.07777,0][-1.76245,1.16063,0.623712][-0.434773,-0.807768,0.420182][0.641026,0.062716,0][-1.76245,1.16063,0.623712][-0.434773,-0.807768,0.420182][0.641026,0.062716,0][-1.75489,1.22093,0.690408][-0.41413,-0.206135,0.896919][0.635059,0.067605,0][-1.9199,1.29801,0.614144][-0.644536,-0.247025,0.732514][0.645712,0.080696,0][-1.88941,1.20337,0.452516][-0.491402,-0.788306,-0.392426][0.506025,0.081704,0][-1.7244,1.12629,0.528782][-0.229771,-0.886978,-0.426122][0.494845,0.069702,0][-1.76245,1.16063,0.623712][-0.434773,-0.807768,0.420182][0.502301,0.06323,0][-1.76245,1.16063,0.623712][-0.434773,-0.807768,0.420182][0.502301,0.06323,0][-1.93882,1.24513,0.540954][-0.731877,-0.642429,0.248973][0.514784,0.078476,0][-1.88941,1.20337,0.452516][-0.491402,-0.788306,-0.392426][0.506025,0.081704,0][-1.88941,1.20337,0.452516][-0.491402,-0.788306,-0.392426][0.506025,0.081704,0][-2.11658,1.59577,0.249248][-0.428105,-0.500576,-0.764426][0.518291,0.120434,0][-1.83465,1.60193,0.253394][-0.044163,-0.52346,-0.863873][0.494293,0.117498,0][-1.83465,1.60193,0.253394][-0.044163,-0.52346,-0.863873][0.494293,0.117498,0][-1.7244,1.12629,0.528782][-0.229771,-0.886978,-0.426122][0.494845,0.069702,0][-1.88941,1.20337,0.452516][-0.491402,-0.788306,-0.392426][0.506025,0.081704,0][-1.83465,1.60193,0.253394][-0.044163,-0.52346,-0.863873][0.494293,0.117498,0][-2.11658,1.59577,0.249248][-0.428105,-0.500576,-0.764426][0.518291,0.120434,0][-2.07154,1.71397,0.177074][-0.395105,-0.438804,-0.818624][0.513191,0.13202,0][-2.07154,1.71397,0.177074][-0.395105,-0.438804,-0.818624][0.513191,0.13202,0][-1.85863,1.74011,0.170518][-0.040723,-0.57494,-0.83068][0.493957,0.131369,0][-1.83465,1.60193,0.253394][-0.044163,-0.52346,-0.863873][0.494293,0.117498,0][-1.85863,1.74011,0.170518][-0.040723,-0.57494,-0.83068][0.493957,0.131369,0][-1.87758,1.88237,0.057134][-0.051006,-0.03273,-1.00923][0.491955,0.1469,0][-1.71583,1.88337,0.057352][0.099213,0.111867,-0.999852][0.478605,0.14361,0][-1.71583,1.88337,0.057352][0.099213,0.111867,-0.999852][0.478605,0.14361,0][-1.67488,1.71211,0.14487][0.013555,-0.498526,-0.879526][0.478243,0.127679,0][-1.85863,1.74011,0.170518][-0.040723,-0.57494,-0.83068][0.493957,0.131369,0][-1.67488,1.71211,0.14487][0.013555,-0.498526,-0.879526][0.478243,0.127679,0][-1.71583,1.88337,0.057352][0.099213,0.111867,-0.999852][0.478605,0.14361,0][-1.35703,1.85617,0.140968][0.194795,0.148363,-0.980551][0.448525,0.133955,0][-1.35703,1.85617,0.140968][0.194795,0.148363,-0.980551][0.448525,0.133955,0][-1.31844,1.63425,0.257704][0.194367,-0.444559,-0.886582][0.449857,0.112138,0][-1.67488,1.71211,0.14487][0.013555,-0.498526,-0.879526][0.478243,0.127679,0][-0.842576,1.91391,0.233916][0.502349,0.146725,-0.861844][0.403138,0.123683,0][-0.766634,1.70721,0.348786][0.680278,-0.207042,-0.711565][0.401768,0.102473,0][-1.31844,1.63425,0.257704][0.194367,-0.444559,-0.886582][0.449857,0.112138,0][-1.31844,1.63425,0.257704][0.194367,-0.444559,-0.886582][0.449857,0.112138,0][-1.35703,1.85617,0.140968][0.194795,0.148363,-0.980551][0.448525,0.133955,0][-0.842576,1.91391,0.233916][0.502349,0.146725,-0.861844][0.403138,0.123683,0][-0.842576,1.91391,0.233916][0.502349,0.146725,-0.861844][0.403138,0.123683,0][-0.82189,2.00637,0.305894][0.56459,0.767968,-0.326559][0.393495,0.126915,0][-0.744076,1.79577,0.446916][0.946147,0.325677,0.032802][0.390722,0.103968,0][-0.744076,1.79577,0.446916][0.946147,0.325677,0.032802][0.390722,0.103968,0][-0.766634,1.70721,0.348786][0.680278,-0.207042,-0.711565][0.401768,0.102473,0][-0.842576,1.91391,0.233916][0.502349,0.146725,-0.861844][0.403138,0.123683,0][-0.873066,2.00855,0.395544][0.305487,0.892482,0.361047][0.538469,0.124971,0][-0.80299,1.82007,0.541514][0.470039,0.630866,0.631213][0.536134,0.10301,0][-0.744076,1.79577,0.446916][0.946147,0.325677,0.032802][0.527124,0.104732,0][-0.744076,1.79577,0.446916][0.946147,0.325677,0.032802][0.527124,0.104732,0][-0.82189,2.00637,0.305894][0.56459,0.767968,-0.326559][0.530233,0.128118,0][-0.873066,2.00855,0.395544][0.305487,0.892482,0.361047][0.538469,0.124971,0][-1.3809,1.82813,0.588796][-0.112716,0.652404,0.763978][0.585792,0.111776,0][-0.80299,1.82007,0.541514][0.470039,0.630866,0.631213][0.536134,0.10301,0][-0.873066,2.00855,0.395544][0.305487,0.892482,0.361047][0.538469,0.124971,0][-0.873066,2.00855,0.395544][0.305487,0.892482,0.361047][0.538469,0.124971,0][-1.40615,2.00865,0.40137][-0.048186,0.969375,0.283232][0.584484,0.133832,0][-1.3809,1.82813,0.588796][-0.112716,0.652404,0.763978][0.585792,0.111776,0][-1.40615,2.00865,0.40137][-0.048186,0.969375,0.283232][0.584484,0.133832,0][-1.75929,2.00557,0.264064][-0.137732,0.961136,0.281257][0.615046,0.146146,0][-1.74744,1.86267,0.405344][-0.249017,0.65753,0.725633][0.616461,0.129519,0][-1.74744,1.86267,0.405344][-0.249017,0.65753,0.725633][0.616461,0.129519,0][-1.3809,1.82813,0.588796][-0.112716,0.652404,0.763978][0.585792,0.111776,0][-1.40615,2.00865,0.40137][-0.048186,0.969375,0.283232][0.584484,0.133832,0][-1.75929,2.00557,0.264064][-0.137732,0.961136,0.281257][0.615046,0.146146,0][-1.91229,1.98413,0.229886][-0.273927,0.919782,0.315555][0.627887,0.149178,0][-1.93546,1.84677,0.361542][-0.237576,0.700286,0.688608][0.631983,0.133017,0][-1.93546,1.84677,0.361542][-0.237576,0.700286,0.688608][0.631983,0.133017,0][-1.74744,1.86267,0.405344][-0.249017,0.65753,0.725633][0.616461,0.129519,0][-1.75929,2.00557,0.264064][-0.137732,0.961136,0.281257][0.615046,0.146146,0][-2.04504,1.92295,0.22459][-0.557499,0.79056,0.282077][0.641234,0.147174,0][-2.10174,1.80771,0.337162][-0.620994,0.667836,0.426673][0.647526,0.132195,0][-1.93546,1.84677,0.361542][-0.237576,0.700286,0.688608][0.631983,0.133017,0][-1.93546,1.84677,0.361542][-0.237576,0.700286,0.688608][0.631983,0.133017,0][-1.91229,1.98413,0.229886][-0.273927,0.919782,0.315555][0.627887,0.149178,0][-2.04504,1.92295,0.22459][-0.557499,0.79056,0.282077][0.641234,0.147174,0][-2.04504,1.92295,0.22459][-0.557499,0.79056,0.282077][0.641234,0.147174,0][-2.07842,1.91109,0.124656][-0.714088,0.560544,-0.43219][0.648248,0.153742,0][-2.13246,1.77885,0.228332][-0.939001,0.190433,-0.290943][0.656241,0.138738,0][-2.13246,1.77885,0.228332][-0.939001,0.190433,-0.290943][0.656241,0.138738,0][-2.10174,1.80771,0.337162][-0.620994,0.667836,0.426673][0.647526,0.132195,0][-2.04504,1.92295,0.22459][-0.557499,0.79056,0.282077][0.641234,0.147174,0][-2.07842,1.91109,0.124656][-0.714088,0.560544,-0.43219][0.51468,0.1503,0][-2.01454,1.82829,0.06296][-0.361788,-0.161597,-0.928634][0.504976,0.145691,0][-2.07154,1.71397,0.177074][-0.395105,-0.438804,-0.818624][0.513191,0.13202,0][-2.07154,1.71397,0.177074][-0.395105,-0.438804,-0.818624][0.513191,0.13202,0][-2.13246,1.77885,0.228332][-0.939001,0.190433,-0.290943][0.521671,0.135716,0][-2.07842,1.91109,0.124656][-0.714088,0.560544,-0.43219][0.51468,0.1503,0][-2.01454,1.82829,0.06296][-0.361788,-0.161597,-0.928634][0.504976,0.145691,0][-1.87758,1.88237,0.057134][-0.051006,-0.03273,-1.00923][0.491955,0.1469,0][-1.85863,1.74011,0.170518][-0.040723,-0.57494,-0.83068][0.493957,0.131369,0][-1.85863,1.74011,0.170518][-0.040723,-0.57494,-0.83068][0.493957,0.131369,0][-2.07154,1.71397,0.177074][-0.395105,-0.438804,-0.818624][0.513191,0.13202,0][-2.01454,1.82829,0.06296][-0.361788,-0.161597,-0.928634][0.504976,0.145691,0][0.775874,1.66237,-0.614254][-0.379954,0.565109,0.745219][0.725844,0.110014,0][0.32841,1.75845,-0.766046][-0.096266,0.570884,0.828794][0.70295,0.094043,0][0.347042,1.54495,-0.79615][-0.179112,-0.830047,0.548184][0.699024,0.103238,0][0.347042,1.54495,-0.79615][-0.179112,-0.830047,0.548184][0.699024,0.103238,0][0.814728,1.44887,-0.639002][-0.279136,-0.841446,0.484352][0.722788,0.119629,0][0.775874,1.66237,-0.614254][-0.379954,0.565109,0.745219][0.725844,0.110014,0][0,1.71701,0.378136][-0.078107,-1.00798,-0.004836][0.818642,0.088997,0][0,1.86897,0.225404][-0.089666,0.0117,-1.00694][0.812771,0.080959,0][0.821892,1.77495,0.116748][-0.458145,0.161768,-0.884047][0.767989,0.113058,0][0.821892,1.77495,0.116748][-0.458145,0.161768,-0.884047][0.767989,0.113058,0][0.858038,1.62299,0.262148][-0.192542,-0.991766,-0.027974][0.772356,0.121896,0][0,1.71701,0.378136][-0.078107,-1.00798,-0.004836][0.818642,0.088997,0][0.981688,1.67735,-0.426724][-0.761367,0.526684,0.390243][0.73811,0.113947,0][1.02474,1.47775,-0.43811][-0.363006,-0.86453,0.374377][0.735821,0.123113,0][1.1039,1.53917,-0.139888][-0.37724,-0.928605,0.120382][0.750334,0.123884,0][1.1039,1.53917,-0.139888][-0.37724,-0.928605,0.120382][0.750334,0.123884,0][1.05651,1.72443,-0.142308][-0.872972,0.414331,-0.26749][0.751813,0.115175,0][0.981688,1.67735,-0.426724][-0.761367,0.526684,0.390243][0.73811,0.113947,0][0.821892,1.77495,0.116748][-0.458145,0.161768,-0.884047][0.767989,0.113058,0][1.05651,1.72443,-0.142308][-0.872972,0.414331,-0.26749][0.751813,0.115175,0][1.1039,1.53917,-0.139888][-0.37724,-0.928605,0.120382][0.750334,0.123884,0][1.1039,1.53917,-0.139888][-0.37724,-0.928605,0.120382][0.750334,0.123884,0][0.858038,1.62299,0.262148][-0.192542,-0.991766,-0.027974][0.772356,0.121896,0][0.821892,1.77495,0.116748][-0.458145,0.161768,-0.884047][0.767989,0.113058,0][0.909306,1.58215,-0.734006][0.508938,0.178291,-0.851883][0.182935,0.219508,0][0.879,1.47097,-0.723584][0.349435,-0.724768,-0.610055][0.180534,0.228419,0][0.377818,1.56513,-0.89751][0.079272,-0.688564,-0.736028][0.131856,0.21419,0][0.377818,1.56513,-0.89751][0.079272,-0.688564,-0.736028][0.131856,0.21419,0][0.392352,1.67633,-0.91034][0.209019,0.16338,-0.975154][0.137175,0.204726,0][0.909306,1.58215,-0.734006][0.508938,0.178291,-0.851883][0.182935,0.219508,0][0.910734,1.68945,0.332936][0.416834,-0.402386,0.826284][0.279493,0.228205,0][0.942546,1.77625,0.281754][0.483927,0.579743,0.668414][0.277152,0.221311,0][0,1.88847,0.41441][0.132854,0.69303,0.723842][0.368201,0.192754,0][0,1.88847,0.41441][0.132854,0.69303,0.723842][0.368201,0.192754,0][0,1.80167,0.463148][0.087642,-0.154461,0.995274][0.370356,0.201955,0][0.910734,1.68945,0.332936][0.416834,-0.402386,0.826284][0.279493,0.228205,0][1.20394,1.57617,-0.137816][0.709087,-0.664441,0.258443][0.233543,0.232039,0][1.10661,1.50717,-0.480072][0.651395,-0.725351,-0.249755][0.205204,0.231403,0][1.14183,1.61287,-0.482274][0.841981,0.185216,-0.513077][0.208357,0.222592,0][1.14183,1.61287,-0.482274][0.841981,0.185216,-0.513077][0.208357,0.222592,0][1.24426,1.67617,-0.131524][0.950283,0.296595,0.105617][0.236552,0.223943,0][1.20394,1.57617,-0.137816][0.709087,-0.664441,0.258443][0.233543,0.232039,0][1.20394,1.57617,-0.137816][0.709087,-0.664441,0.258443][0.233543,0.232039,0][1.24426,1.67617,-0.131524][0.950283,0.296595,0.105617][0.236552,0.223943,0][0.942546,1.77625,0.281754][0.483927,0.579743,0.668414][0.277152,0.221311,0][0.942546,1.77625,0.281754][0.483927,0.579743,0.668414][0.277152,0.221311,0][0.910734,1.68945,0.332936][0.416834,-0.402386,0.826284][0.279493,0.228205,0][1.20394,1.57617,-0.137816][0.709087,-0.664441,0.258443][0.233543,0.232039,0][0.814728,1.44887,-0.639002][-0.279136,-0.841446,0.484352][0.180019,0.237633,0][0.347042,1.54495,-0.79615][-0.179112,-0.830047,0.548184][0.127672,0.222651,0][0.377818,1.56513,-0.89751][0.079272,-0.688564,-0.736028][0.131856,0.21419,0][0.377818,1.56513,-0.89751][0.079272,-0.688564,-0.736028][0.131856,0.21419,0][0.879,1.47097,-0.723584][0.349435,-0.724768,-0.610055][0.180534,0.228419,0][0.814728,1.44887,-0.639002][-0.279136,-0.841446,0.484352][0.180019,0.237633,0][0.775874,1.66237,-0.614254][-0.379954,0.565109,0.745219][0.187528,0.199912,0][0.840148,1.68447,-0.698838][0.22535,0.930763,-0.322562][0.184189,0.209596,0][0.359184,1.77863,-0.867406][0.17145,0.907314,-0.411112][0.139701,0.195127,0][0.359184,1.77863,-0.867406][0.17145,0.907314,-0.411112][0.139701,0.195127,0][0.32841,1.75845,-0.766046][-0.096266,0.570884,0.828794][0.142495,0.186348,0][0.775874,1.66237,-0.614254][-0.379954,0.565109,0.745219][0.187528,0.199912,0][0.821892,1.77495,0.116748][-0.458145,0.161768,-0.884047][0.269665,0.200803,0][0,1.86897,0.225404][-0.089666,0.0117,-1.00694][0.360427,0.174117,0][0,1.95363,0.310414][0.076699,1.00144,-0.115734][0.364766,0.1831,0][0,1.95363,0.310414][0.076699,1.00144,-0.115734][0.364766,0.1831,0][0.874588,1.84141,0.187536][0.114343,0.996931,-0.122653][0.273966,0.210413,0][0.821892,1.77495,0.116748][-0.458145,0.161768,-0.884047][0.269665,0.200803,0][0.858038,1.62299,0.262148][-0.192542,-0.991766,-0.027974][0.278407,0.237591,0][0.910734,1.68945,0.332936][0.416834,-0.402386,0.826284][0.279493,0.228205,0][0,1.80167,0.463148][0.087642,-0.154461,0.995274][0.370356,0.201955,0][0,1.80167,0.463148][0.087642,-0.154461,0.995274][0.370356,0.201955,0][0,1.71701,0.378136][-0.078107,-1.00798,-0.004836][0.37146,0.211728,0][0.858038,1.62299,0.262148][-0.192542,-0.991766,-0.027974][0.278407,0.237591,0][1.1039,1.53917,-0.139888][-0.37724,-0.928605,0.120382][0.232957,0.241023,0][1.02474,1.47775,-0.43811][-0.363006,-0.86453,0.374377][0.205627,0.240079,0][1.10661,1.50717,-0.480072][0.651395,-0.725351,-0.249755][0.205204,0.231403,0][1.10661,1.50717,-0.480072][0.651395,-0.725351,-0.249755][0.205204,0.231403,0][1.20394,1.57617,-0.137816][0.709087,-0.664441,0.258443][0.233543,0.232039,0][1.1039,1.53917,-0.139888][-0.37724,-0.928605,0.120382][0.232957,0.241023,0][1.05651,1.72443,-0.142308][-0.872972,0.414331,-0.26749][0.241319,0.205812,0][1.15655,1.76141,-0.140236][0.178025,0.978859,-0.178092][0.240682,0.214993,0][1.06355,1.70677,-0.468688][0.206992,0.956176,-0.253391][0.21052,0.212693,0][1.06355,1.70677,-0.468688][0.206992,0.956176,-0.253391][0.21052,0.212693,0][0.981688,1.67735,-0.426724][-0.761367,0.526684,0.390243][0.212898,0.204191,0][1.05651,1.72443,-0.142308][-0.872972,0.414331,-0.26749][0.241319,0.205812,0][1.1039,1.53917,-0.139888][-0.37724,-0.928605,0.120382][0.232957,0.241023,0][1.20394,1.57617,-0.137816][0.709087,-0.664441,0.258443][0.233543,0.232039,0][0.910734,1.68945,0.332936][0.416834,-0.402386,0.826284][0.279493,0.228205,0][0.910734,1.68945,0.332936][0.416834,-0.402386,0.826284][0.279493,0.228205,0][0.858038,1.62299,0.262148][-0.192542,-0.991766,-0.027974][0.278407,0.237591,0][1.1039,1.53917,-0.139888][-0.37724,-0.928605,0.120382][0.232957,0.241023,0][1.05651,1.72443,-0.142308][-0.872972,0.414331,-0.26749][0.241319,0.205812,0][0.821892,1.77495,0.116748][-0.458145,0.161768,-0.884047][0.269665,0.200803,0][0.874588,1.84141,0.187536][0.114343,0.996931,-0.122653][0.273966,0.210413,0][0.874588,1.84141,0.187536][0.114343,0.996931,-0.122653][0.273966,0.210413,0][1.15655,1.76141,-0.140236][0.178025,0.978859,-0.178092][0.240682,0.214993,0][1.05651,1.72443,-0.142308][-0.872972,0.414331,-0.26749][0.241319,0.205812,0][1.14183,1.61287,-0.482274][0.841981,0.185216,-0.513077][0.208357,0.222592,0][1.06355,1.70677,-0.468688][0.206992,0.956176,-0.253391][0.21052,0.212693,0][1.15655,1.76141,-0.140236][0.178025,0.978859,-0.178092][0.240682,0.214993,0][1.15655,1.76141,-0.140236][0.178025,0.978859,-0.178092][0.240682,0.214993,0][1.24426,1.67617,-0.131524][0.950283,0.296595,0.105617][0.236552,0.223943,0][1.14183,1.61287,-0.482274][0.841981,0.185216,-0.513077][0.208357,0.222592,0][0.392352,1.67633,-0.91034][0.209019,0.16338,-0.975154][0.137175,0.204726,0][0.359184,1.77863,-0.867406][0.17145,0.907314,-0.411112][0.139701,0.195127,0][0.840148,1.68447,-0.698838][0.22535,0.930763,-0.322562][0.184189,0.209596,0][0.840148,1.68447,-0.698838][0.22535,0.930763,-0.322562][0.184189,0.209596,0][0.909306,1.58215,-0.734006][0.508938,0.178291,-0.851883][0.182935,0.219508,0][0.392352,1.67633,-0.91034][0.209019,0.16338,-0.975154][0.137175,0.204726,0][0.874588,1.84141,0.187536][0.114343,0.996931,-0.122653][0.273966,0.210413,0][0,1.95363,0.310414][0.076699,1.00144,-0.115734][0.364766,0.1831,0][0,1.88847,0.41441][0.132854,0.69303,0.723842][0.368201,0.192754,0][0,1.88847,0.41441][0.132854,0.69303,0.723842][0.368201,0.192754,0][0.942546,1.77625,0.281754][0.483927,0.579743,0.668414][0.277152,0.221311,0][0.874588,1.84141,0.187536][0.114343,0.996931,-0.122653][0.273966,0.210413,0][0.942546,1.77625,0.281754][0.483927,0.579743,0.668414][0.277152,0.221311,0][1.24426,1.67617,-0.131524][0.950283,0.296595,0.105617][0.236552,0.223943,0][1.15655,1.76141,-0.140236][0.178025,0.978859,-0.178092][0.240682,0.214993,0][1.15655,1.76141,-0.140236][0.178025,0.978859,-0.178092][0.240682,0.214993,0][0.874588,1.84141,0.187536][0.114343,0.996931,-0.122653][0.273966,0.210413,0][0.942546,1.77625,0.281754][0.483927,0.579743,0.668414][0.277152,0.221311,0][0.392352,1.67633,-0.91034][0.209019,0.16338,-0.975154][0.137175,0.204726,0][0.377818,1.56513,-0.89751][0.079272,-0.688564,-0.736028][0.131856,0.21419,0][0,1.59225,-0.976754][0.060322,-0.698907,-0.728072][0.087031,0.201486,0][0,1.59225,-0.976754][0.060322,-0.698907,-0.728072][0.087031,0.201486,0][0,1.70345,-0.991792][0.133307,0.156364,-0.989781][0.090422,0.192089,0][0.392352,1.67633,-0.91034][0.209019,0.16338,-0.975154][0.137175,0.204726,0][0,1.57381,-0.860002][-0.098796,-0.821944,0.580268][0.085892,0.211162,0][0,1.59225,-0.976754][0.060322,-0.698907,-0.728072][0.087031,0.201486,0][0.377818,1.56513,-0.89751][0.079272,-0.688564,-0.736028][0.131856,0.21419,0][0.377818,1.56513,-0.89751][0.079272,-0.688564,-0.736028][0.131856,0.21419,0][0.347042,1.54495,-0.79615][-0.179112,-0.830047,0.548184][0.127672,0.222651,0][0,1.57381,-0.860002][-0.098796,-0.821944,0.580268][0.085892,0.211162,0][0.32841,1.75845,-0.766046][-0.096266,0.570884,0.828794][0.70295,0.094043,0][0,1.78731,-0.824984][-0.060429,0.586977,0.820979][0.680372,0.080959,0][0,1.57381,-0.860002][-0.098796,-0.821944,0.580268][0.675652,0.089768,0][0,1.57381,-0.860002][-0.098796,-0.821944,0.580268][0.675652,0.089768,0][0.347042,1.54495,-0.79615][-0.179112,-0.830047,0.548184][0.699024,0.103238,0][0.32841,1.75845,-0.766046][-0.096266,0.570884,0.828794][0.70295,0.094043,0][0,1.78731,-0.824984][-0.060429,0.586977,0.820979][0.098075,0.174117,0][0.32841,1.75845,-0.766046][-0.096266,0.570884,0.828794][0.142495,0.186348,0][0.359184,1.77863,-0.867406][0.17145,0.907314,-0.411112][0.139701,0.195127,0][0.359184,1.77863,-0.867406][0.17145,0.907314,-0.411112][0.139701,0.195127,0][0,1.80575,-0.941736][0.100998,0.897139,-0.454967][0.093687,0.18303,0][0,1.78731,-0.824984][-0.060429,0.586977,0.820979][0.098075,0.174117,0][0.359184,1.77863,-0.867406][0.17145,0.907314,-0.411112][0.139701,0.195127,0][0.392352,1.67633,-0.91034][0.209019,0.16338,-0.975154][0.137175,0.204726,0][0,1.70345,-0.991792][0.133307,0.156364,-0.989781][0.090422,0.192089,0][0,1.70345,-0.991792][0.133307,0.156364,-0.989781][0.090422,0.192089,0][0,1.80575,-0.941736][0.100998,0.897139,-0.454967][0.093687,0.18303,0][0.359184,1.77863,-0.867406][0.17145,0.907314,-0.411112][0.139701,0.195127,0][1.10661,1.50717,-0.480072][0.651395,-0.725351,-0.249755][0.205204,0.231403,0][0.879,1.47097,-0.723584][0.349435,-0.724768,-0.610055][0.180534,0.228419,0][0.909306,1.58215,-0.734006][0.508938,0.178291,-0.851883][0.182935,0.219508,0][0.909306,1.58215,-0.734006][0.508938,0.178291,-0.851883][0.182935,0.219508,0][1.14183,1.61287,-0.482274][0.841981,0.185216,-0.513077][0.208357,0.222592,0][1.10661,1.50717,-0.480072][0.651395,-0.725351,-0.249755][0.205204,0.231403,0][1.02474,1.47775,-0.43811][-0.363006,-0.86453,0.374377][0.205627,0.240079,0][0.814728,1.44887,-0.639002][-0.279136,-0.841446,0.484352][0.180019,0.237633,0][0.879,1.47097,-0.723584][0.349435,-0.724768,-0.610055][0.180534,0.228419,0][0.879,1.47097,-0.723584][0.349435,-0.724768,-0.610055][0.180534,0.228419,0][1.10661,1.50717,-0.480072][0.651395,-0.725351,-0.249755][0.205204,0.231403,0][1.02474,1.47775,-0.43811][-0.363006,-0.86453,0.374377][0.205627,0.240079,0][0.981688,1.67735,-0.426724][-0.761367,0.526684,0.390243][0.73811,0.113947,0][0.775874,1.66237,-0.614254][-0.379954,0.565109,0.745219][0.725844,0.110014,0][0.814728,1.44887,-0.639002][-0.279136,-0.841446,0.484352][0.722788,0.119629,0][0.814728,1.44887,-0.639002][-0.279136,-0.841446,0.484352][0.722788,0.119629,0][1.02474,1.47775,-0.43811][-0.363006,-0.86453,0.374377][0.735821,0.123113,0][0.981688,1.67735,-0.426724][-0.761367,0.526684,0.390243][0.73811,0.113947,0][0.981688,1.67735,-0.426724][-0.761367,0.526684,0.390243][0.212898,0.204191,0][1.06355,1.70677,-0.468688][0.206992,0.956176,-0.253391][0.21052,0.212693,0][0.840148,1.68447,-0.698838][0.22535,0.930763,-0.322562][0.184189,0.209596,0][0.840148,1.68447,-0.698838][0.22535,0.930763,-0.322562][0.184189,0.209596,0][0.775874,1.66237,-0.614254][-0.379954,0.565109,0.745219][0.187528,0.199912,0][0.981688,1.67735,-0.426724][-0.761367,0.526684,0.390243][0.212898,0.204191,0][1.06355,1.70677,-0.468688][0.206992,0.956176,-0.253391][0.21052,0.212693,0][1.14183,1.61287,-0.482274][0.841981,0.185216,-0.513077][0.208357,0.222592,0][0.909306,1.58215,-0.734006][0.508938,0.178291,-0.851883][0.182935,0.219508,0][0.909306,1.58215,-0.734006][0.508938,0.178291,-0.851883][0.182935,0.219508,0][0.840148,1.68447,-0.698838][0.22535,0.930763,-0.322562][0.184189,0.209596,0][1.06355,1.70677,-0.468688][0.206992,0.956176,-0.253391][0.21052,0.212693,0][-0.775874,1.66237,-0.614254][0.379954,0.565109,0.745219][0.725844,0.110014,0][-0.814728,1.44887,-0.639002][0.279136,-0.841446,0.484352][0.722788,0.119629,0][-0.347042,1.54495,-0.79615][0.179112,-0.830047,0.548184][0.699024,0.103238,0][-0.347042,1.54495,-0.79615][0.179112,-0.830047,0.548184][0.699024,0.103238,0][-0.32841,1.75845,-0.766046][0.096266,0.570884,0.828794][0.70295,0.094043,0][-0.775874,1.66237,-0.614254][0.379954,0.565109,0.745219][0.725844,0.110014,0][-0.821892,1.77495,0.116748][0.458145,0.161768,-0.884047][0.767989,0.113058,0][0,1.86897,0.225404][-0.089666,0.0117,-1.00694][0.812771,0.080959,0][0,1.71701,0.378136][-0.078107,-1.00798,-0.004836][0.818642,0.088997,0][0,1.71701,0.378136][-0.078107,-1.00798,-0.004836][0.818642,0.088997,0][-0.858038,1.62299,0.262148][0.192542,-0.991766,-0.027974][0.772356,0.121896,0][-0.821892,1.77495,0.116748][0.458145,0.161768,-0.884047][0.767989,0.113058,0][-1.1039,1.53917,-0.139888][0.37724,-0.928605,0.120382][0.750334,0.123884,0][-1.02474,1.47775,-0.43811][0.363006,-0.86453,0.374377][0.735821,0.123113,0][-0.981688,1.67735,-0.426724][0.761367,0.526684,0.390243][0.73811,0.113947,0][-0.981688,1.67735,-0.426724][0.761367,0.526684,0.390243][0.73811,0.113947,0][-1.05651,1.72443,-0.142308][0.872972,0.414331,-0.26749][0.751813,0.115175,0][-1.1039,1.53917,-0.139888][0.37724,-0.928605,0.120382][0.750334,0.123884,0][-1.1039,1.53917,-0.139888][0.37724,-0.928605,0.120382][0.750334,0.123884,0][-1.05651,1.72443,-0.142308][0.872972,0.414331,-0.26749][0.751813,0.115175,0][-0.821892,1.77495,0.116748][0.458145,0.161768,-0.884047][0.767989,0.113058,0][-0.821892,1.77495,0.116748][0.458145,0.161768,-0.884047][0.767989,0.113058,0][-0.858038,1.62299,0.262148][0.192542,-0.991766,-0.027974][0.772356,0.121896,0][-1.1039,1.53917,-0.139888][0.37724,-0.928605,0.120382][0.750334,0.123884,0][-0.909306,1.58215,-0.734006][-0.508938,0.178291,-0.851883][0.182935,0.219508,0][-0.392352,1.67633,-0.91034][-0.209019,0.16338,-0.975154][0.137175,0.204726,0][-0.377818,1.56513,-0.89751][-0.079272,-0.688564,-0.736028][0.131856,0.21419,0][-0.377818,1.56513,-0.89751][-0.079272,-0.688564,-0.736028][0.131856,0.21419,0][-0.879,1.47097,-0.723584][-0.349435,-0.724768,-0.610055][0.180534,0.228419,0][-0.909306,1.58215,-0.734006][-0.508938,0.178291,-0.851883][0.182935,0.219508,0][-0.910734,1.68945,0.332936][-0.416834,-0.402386,0.826284][0.279493,0.228205,0][0,1.80167,0.463148][0.087642,-0.154461,0.995274][0.370356,0.201955,0][0,1.88847,0.41441][0.132854,0.69303,0.723842][0.368201,0.192754,0][0,1.88847,0.41441][0.132854,0.69303,0.723842][0.368201,0.192754,0][-0.942546,1.77625,0.281754][-0.483927,0.579743,0.668414][0.277152,0.221311,0][-0.910734,1.68945,0.332936][-0.416834,-0.402386,0.826284][0.279493,0.228205,0][-1.14183,1.61287,-0.482274][-0.841981,0.185216,-0.513077][0.208357,0.222592,0][-1.10661,1.50717,-0.480072][-0.651395,-0.725351,-0.249755][0.205204,0.231403,0][-1.20394,1.57617,-0.137816][-0.709087,-0.664441,0.258443][0.233543,0.232039,0][-1.20394,1.57617,-0.137816][-0.709087,-0.664441,0.258443][0.233543,0.232039,0][-1.24426,1.67617,-0.131524][-0.950283,0.296595,0.105617][0.236552,0.223943,0][-1.14183,1.61287,-0.482274][-0.841981,0.185216,-0.513077][0.208357,0.222592,0][-1.20394,1.57617,-0.137816][-0.709087,-0.664441,0.258443][0.233543,0.232039,0][-0.910734,1.68945,0.332936][-0.416834,-0.402386,0.826284][0.279493,0.228205,0][-0.942546,1.77625,0.281754][-0.483927,0.579743,0.668414][0.277152,0.221311,0][-0.942546,1.77625,0.281754][-0.483927,0.579743,0.668414][0.277152,0.221311,0][-1.24426,1.67617,-0.131524][-0.950283,0.296595,0.105617][0.236552,0.223943,0][-1.20394,1.57617,-0.137816][-0.709087,-0.664441,0.258443][0.233543,0.232039,0][-0.814728,1.44887,-0.639002][0.279136,-0.841446,0.484352][0.180019,0.237633,0][-0.879,1.47097,-0.723584][-0.349435,-0.724768,-0.610055][0.180534,0.228419,0][-0.377818,1.56513,-0.89751][-0.079272,-0.688564,-0.736028][0.131856,0.21419,0][-0.377818,1.56513,-0.89751][-0.079272,-0.688564,-0.736028][0.131856,0.21419,0][-0.347042,1.54495,-0.79615][0.179112,-0.830047,0.548184][0.127672,0.222651,0][-0.814728,1.44887,-0.639002][0.279136,-0.841446,0.484352][0.180019,0.237633,0][-0.359184,1.77863,-0.867406][-0.17145,0.907314,-0.411112][0.139701,0.195127,0][-0.840148,1.68447,-0.698838][-0.22535,0.930763,-0.322563][0.184189,0.209596,0][-0.775874,1.66237,-0.614254][0.379954,0.565109,0.745219][0.187528,0.199912,0][-0.775874,1.66237,-0.614254][0.379954,0.565109,0.745219][0.187528,0.199912,0][-0.32841,1.75845,-0.766046][0.096266,0.570884,0.828794][0.142495,0.186348,0][-0.359184,1.77863,-0.867406][-0.17145,0.907314,-0.411112][0.139701,0.195127,0][-0.821892,1.77495,0.116748][0.458145,0.161768,-0.884047][0.269665,0.200803,0][-0.874588,1.84141,0.187536][-0.114343,0.996931,-0.122653][0.273966,0.210413,0][0,1.95363,0.310414][0.076699,1.00144,-0.115734][0.364766,0.1831,0][0,1.95363,0.310414][0.076699,1.00144,-0.115734][0.364766,0.1831,0][0,1.86897,0.225404][-0.089666,0.0117,-1.00694][0.360427,0.174117,0][-0.821892,1.77495,0.116748][0.458145,0.161768,-0.884047][0.269665,0.200803,0][0,1.80167,0.463148][0.087642,-0.154461,0.995274][0.370356,0.201955,0][-0.910734,1.68945,0.332936][-0.416834,-0.402386,0.826284][0.279493,0.228205,0][-0.858038,1.62299,0.262148][0.192542,-0.991766,-0.027974][0.278407,0.237591,0][-0.858038,1.62299,0.262148][0.192542,-0.991766,-0.027974][0.278407,0.237591,0][0,1.71701,0.378136][-0.078107,-1.00798,-0.004836][0.37146,0.211728,0][0,1.80167,0.463148][0.087642,-0.154461,0.995274][0.370356,0.201955,0][-1.1039,1.53917,-0.139888][0.37724,-0.928605,0.120382][0.232957,0.241023,0][-1.20394,1.57617,-0.137816][-0.709087,-0.664441,0.258443][0.233543,0.232039,0][-1.10661,1.50717,-0.480072][-0.651395,-0.725351,-0.249755][0.205204,0.231403,0][-1.10661,1.50717,-0.480072][-0.651395,-0.725351,-0.249755][0.205204,0.231403,0][-1.02474,1.47775,-0.43811][0.363006,-0.86453,0.374377][0.205627,0.240079,0][-1.1039,1.53917,-0.139888][0.37724,-0.928605,0.120382][0.232957,0.241023,0][-1.06355,1.70677,-0.468688][-0.206992,0.956177,-0.253391][0.21052,0.212693,0][-1.15655,1.76141,-0.140236][-0.178025,0.978859,-0.178092][0.240682,0.214993,0][-1.05651,1.72443,-0.142308][0.872972,0.414331,-0.26749][0.241319,0.205812,0][-1.05651,1.72443,-0.142308][0.872972,0.414331,-0.26749][0.241319,0.205812,0][-0.981688,1.67735,-0.426724][0.761367,0.526684,0.390243][0.212898,0.204191,0][-1.06355,1.70677,-0.468688][-0.206992,0.956177,-0.253391][0.21052,0.212693,0][-0.910734,1.68945,0.332936][-0.416834,-0.402386,0.826284][0.279493,0.228205,0][-1.20394,1.57617,-0.137816][-0.709087,-0.664441,0.258443][0.233543,0.232039,0][-1.1039,1.53917,-0.139888][0.37724,-0.928605,0.120382][0.232957,0.241023,0][-1.1039,1.53917,-0.139888][0.37724,-0.928605,0.120382][0.232957,0.241023,0][-0.858038,1.62299,0.262148][0.192542,-0.991766,-0.027974][0.278407,0.237591,0][-0.910734,1.68945,0.332936][-0.416834,-0.402386,0.826284][0.279493,0.228205,0][-1.05651,1.72443,-0.142308][0.872972,0.414331,-0.26749][0.241319,0.205812,0][-1.15655,1.76141,-0.140236][-0.178025,0.978859,-0.178092][0.240682,0.214993,0][-0.874588,1.84141,0.187536][-0.114343,0.996931,-0.122653][0.273966,0.210413,0][-0.874588,1.84141,0.187536][-0.114343,0.996931,-0.122653][0.273966,0.210413,0][-0.821892,1.77495,0.116748][0.458145,0.161768,-0.884047][0.269665,0.200803,0][-1.05651,1.72443,-0.142308][0.872972,0.414331,-0.26749][0.241319,0.205812,0][-1.15655,1.76141,-0.140236][-0.178025,0.978859,-0.178092][0.240682,0.214993,0][-1.06355,1.70677,-0.468688][-0.206992,0.956177,-0.253391][0.21052,0.212693,0][-1.14183,1.61287,-0.482274][-0.841981,0.185216,-0.513077][0.208357,0.222592,0][-1.14183,1.61287,-0.482274][-0.841981,0.185216,-0.513077][0.208357,0.222592,0][-1.24426,1.67617,-0.131524][-0.950283,0.296595,0.105617][0.236552,0.223943,0][-1.15655,1.76141,-0.140236][-0.178025,0.978859,-0.178092][0.240682,0.214993,0][-0.840148,1.68447,-0.698838][-0.22535,0.930763,-0.322563][0.184189,0.209596,0][-0.359184,1.77863,-0.867406][-0.17145,0.907314,-0.411112][0.139701,0.195127,0][-0.392352,1.67633,-0.91034][-0.209019,0.16338,-0.975154][0.137175,0.204726,0][-0.392352,1.67633,-0.91034][-0.209019,0.16338,-0.975154][0.137175,0.204726,0][-0.909306,1.58215,-0.734006][-0.508938,0.178291,-0.851883][0.182935,0.219508,0][-0.840148,1.68447,-0.698838][-0.22535,0.930763,-0.322563][0.184189,0.209596,0][0,1.88847,0.41441][0.132854,0.69303,0.723842][0.368201,0.192754,0][0,1.95363,0.310414][0.076699,1.00144,-0.115734][0.364766,0.1831,0][-0.874588,1.84141,0.187536][-0.114343,0.996931,-0.122653][0.273966,0.210413,0][-0.874588,1.84141,0.187536][-0.114343,0.996931,-0.122653][0.273966,0.210413,0][-0.942546,1.77625,0.281754][-0.483927,0.579743,0.668414][0.277152,0.221311,0][0,1.88847,0.41441][0.132854,0.69303,0.723842][0.368201,0.192754,0][-0.942546,1.77625,0.281754][-0.483927,0.579743,0.668414][0.277152,0.221311,0][-0.874588,1.84141,0.187536][-0.114343,0.996931,-0.122653][0.273966,0.210413,0][-1.15655,1.76141,-0.140236][-0.178025,0.978859,-0.178092][0.240682,0.214993,0][-1.15655,1.76141,-0.140236][-0.178025,0.978859,-0.178092][0.240682,0.214993,0][-1.24426,1.67617,-0.131524][-0.950283,0.296595,0.105617][0.236552,0.223943,0][-0.942546,1.77625,0.281754][-0.483927,0.579743,0.668414][0.277152,0.221311,0][-0.392352,1.67633,-0.91034][-0.209019,0.16338,-0.975154][0.137175,0.204726,0][0,1.70345,-0.991792][0.133307,0.156364,-0.989781][0.090422,0.192089,0][0,1.59225,-0.976754][0.060322,-0.698907,-0.728072][0.087031,0.201486,0][0,1.59225,-0.976754][0.060322,-0.698907,-0.728072][0.087031,0.201486,0][-0.377818,1.56513,-0.89751][-0.079272,-0.688564,-0.736028][0.131856,0.21419,0][-0.392352,1.67633,-0.91034][-0.209019,0.16338,-0.975154][0.137175,0.204726,0][-0.377818,1.56513,-0.89751][-0.079272,-0.688564,-0.736028][0.131856,0.21419,0][0,1.59225,-0.976754][0.060322,-0.698907,-0.728072][0.087031,0.201486,0][0,1.57381,-0.860002][-0.098796,-0.821944,0.580268][0.085892,0.211162,0][0,1.57381,-0.860002][-0.098796,-0.821944,0.580268][0.085892,0.211162,0][-0.347042,1.54495,-0.79615][0.179112,-0.830047,0.548184][0.127672,0.222651,0][-0.377818,1.56513,-0.89751][-0.079272,-0.688564,-0.736028][0.131856,0.21419,0][-0.32841,1.75845,-0.766046][0.096266,0.570884,0.828794][0.70295,0.094043,0][-0.347042,1.54495,-0.79615][0.179112,-0.830047,0.548184][0.699024,0.103238,0][0,1.57381,-0.860002][-0.098796,-0.821944,0.580268][0.675652,0.089768,0][0,1.57381,-0.860002][-0.098796,-0.821944,0.580268][0.675652,0.089768,0][0,1.78731,-0.824984][-0.060429,0.586977,0.820979][0.680372,0.080959,0][-0.32841,1.75845,-0.766046][0.096266,0.570884,0.828794][0.70295,0.094043,0][0,1.78731,-0.824984][-0.060429,0.586977,0.820979][0.098075,0.174117,0][0,1.80575,-0.941736][0.100998,0.897139,-0.454967][0.093687,0.18303,0][-0.359184,1.77863,-0.867406][-0.17145,0.907314,-0.411112][0.139701,0.195127,0][-0.359184,1.77863,-0.867406][-0.17145,0.907314,-0.411112][0.139701,0.195127,0][-0.32841,1.75845,-0.766046][0.096266,0.570884,0.828794][0.142495,0.186348,0][0,1.78731,-0.824984][-0.060429,0.586977,0.820979][0.098075,0.174117,0][-0.359184,1.77863,-0.867406][-0.17145,0.907314,-0.411112][0.139701,0.195127,0][0,1.80575,-0.941736][0.100998,0.897139,-0.454967][0.093687,0.18303,0][0,1.70345,-0.991792][0.133307,0.156364,-0.989781][0.090422,0.192089,0][0,1.70345,-0.991792][0.133307,0.156364,-0.989781][0.090422,0.192089,0][-0.392352,1.67633,-0.91034][-0.209019,0.16338,-0.975154][0.137175,0.204726,0][-0.359184,1.77863,-0.867406][-0.17145,0.907314,-0.411112][0.139701,0.195127,0][-0.909306,1.58215,-0.734006][-0.508938,0.178291,-0.851883][0.182935,0.219508,0][-0.879,1.47097,-0.723584][-0.349435,-0.724768,-0.610055][0.180534,0.228419,0][-1.10661,1.50717,-0.480072][-0.651395,-0.725351,-0.249755][0.205204,0.231403,0][-1.10661,1.50717,-0.480072][-0.651395,-0.725351,-0.249755][0.205204,0.231403,0][-1.14183,1.61287,-0.482274][-0.841981,0.185216,-0.513077][0.208357,0.222592,0][-0.909306,1.58215,-0.734006][-0.508938,0.178291,-0.851883][0.182935,0.219508,0][-1.02474,1.47775,-0.43811][0.363006,-0.86453,0.374377][0.205627,0.240079,0][-1.10661,1.50717,-0.480072][-0.651395,-0.725351,-0.249755][0.205204,0.231403,0][-0.879,1.47097,-0.723584][-0.349435,-0.724768,-0.610055][0.180534,0.228419,0][-0.879,1.47097,-0.723584][-0.349435,-0.724768,-0.610055][0.180534,0.228419,0][-0.814728,1.44887,-0.639002][0.279136,-0.841446,0.484352][0.180019,0.237633,0][-1.02474,1.47775,-0.43811][0.363006,-0.86453,0.374377][0.205627,0.240079,0][-0.981688,1.67735,-0.426724][0.761367,0.526684,0.390243][0.73811,0.113947,0][-1.02474,1.47775,-0.43811][0.363006,-0.86453,0.374377][0.735821,0.123113,0][-0.814728,1.44887,-0.639002][0.279136,-0.841446,0.484352][0.722788,0.119629,0][-0.814728,1.44887,-0.639002][0.279136,-0.841446,0.484352][0.722788,0.119629,0][-0.775874,1.66237,-0.614254][0.379954,0.565109,0.745219][0.725844,0.110014,0][-0.981688,1.67735,-0.426724][0.761367,0.526684,0.390243][0.73811,0.113947,0][-0.840148,1.68447,-0.698838][-0.22535,0.930763,-0.322563][0.184189,0.209596,0][-1.06355,1.70677,-0.468688][-0.206992,0.956177,-0.253391][0.21052,0.212693,0][-0.981688,1.67735,-0.426724][0.761367,0.526684,0.390243][0.212898,0.204191,0][-0.981688,1.67735,-0.426724][0.761367,0.526684,0.390243][0.212898,0.204191,0][-0.775874,1.66237,-0.614254][0.379954,0.565109,0.745219][0.187528,0.199912,0][-0.840148,1.68447,-0.698838][-0.22535,0.930763,-0.322563][0.184189,0.209596,0][-1.06355,1.70677,-0.468688][-0.206992,0.956177,-0.253391][0.21052,0.212693,0][-0.840148,1.68447,-0.698838][-0.22535,0.930763,-0.322563][0.184189,0.209596,0][-0.909306,1.58215,-0.734006][-0.508938,0.178291,-0.851883][0.182935,0.219508,0][-0.909306,1.58215,-0.734006][-0.508938,0.178291,-0.851883][0.182935,0.219508,0][-1.14183,1.61287,-0.482274][-0.841981,0.185216,-0.513077][0.208357,0.222592,0][-1.06355,1.70677,-0.468688][-0.206992,0.956177,-0.253391][0.21052,0.212693,0][0.847308,1.23357,-0.668362][-0.365524,0.54181,0.769506][0.720833,0.124442,0][0.359438,1.36091,-0.830062][-0.087831,0.506577,0.870503][0.697066,0.106034,0][0.38377,1.08785,-0.86435][-0.218727,-0.863214,0.477741][0.691975,0.117737,0][0.38377,1.08785,-0.86435][-0.218727,-0.863214,0.477741][0.691975,0.117737,0][0.89825,0.960528,-0.699486][-0.279037,-0.850003,0.469233][0.716823,0.136714,0][0.847308,1.23357,-0.668362][-0.365524,0.54181,0.769506][0.720833,0.124442,0][0,1.38847,0.615482][-0.094457,-0.981544,-0.223002][0.831637,0.100071,0][0,1.58283,0.496368][-0.069225,0.229635,-0.982166][0.826213,0.091043,0][0.879234,1.48137,0.388196][-0.480349,0.329788,-0.823191][0.777434,0.121963,0][0.879234,1.48137,0.388196][-0.480349,0.329788,-0.823191][0.777434,0.121963,0][0.910556,1.28703,0.499146][-0.271441,-0.968779,-0.091802][0.781491,0.13158,0][0,1.38847,0.615482][-0.094457,-0.981544,-0.223002][0.831637,0.100071,0][1.0759,1.25953,-0.464206][-0.775332,0.510931,0.38301][0.734429,0.128572,0][1.14379,1.00383,-0.478692][-0.336342,-0.871532,0.383492][0.731732,0.140511,0][1.23266,1.08929,-0.126162][-0.42305,-0.899454,0.17408][0.748984,0.140667,0][1.23266,1.08929,-0.126162][-0.42305,-0.899454,0.17408][0.748984,0.140667,0][1.14643,1.32621,-0.129694][-0.88113,0.428669,-0.211742][0.75051,0.129119,0][1.0759,1.25953,-0.464206][-0.775332,0.510931,0.38301][0.734429,0.128572,0][0.910556,1.28703,0.499146][-0.271441,-0.968779,-0.091802][0.781491,0.13158,0][0.879234,1.48137,0.388196][-0.480349,0.329788,-0.823191][0.777434,0.121963,0][1.14643,1.32621,-0.129694][-0.88113,0.428669,-0.211742][0.75051,0.129119,0][1.14643,1.32621,-0.129694][-0.88113,0.428669,-0.211742][0.75051,0.129119,0][1.23266,1.08929,-0.126162][-0.42305,-0.899454,0.17408][0.748984,0.140667,0][0.910556,1.28703,0.499146][-0.271441,-0.968779,-0.091802][0.781491,0.13158,0][0.989778,1.09985,-0.801838][0.493911,0.124757,-0.870249][0.275258,0.173468,0][0.961046,0.984208,-0.78576][0.327684,-0.712559,-0.636217][0.278316,0.182766,0][0.413736,1.12467,-0.961122][0.055414,-0.643391,-0.777939][0.3313,0.168248,0][0.413736,1.12467,-0.961122][0.055414,-0.643391,-0.777939][0.3313,0.168248,0][0.427474,1.24263,-0.981118][0.20967,0.102769,-0.983249][0.329165,0.157761,0][0.989778,1.09985,-0.801838][0.493911,0.124757,-0.870249][0.275258,0.173468,0][0.969632,1.33803,0.572444][0.373375,-0.556642,0.754928][0.156677,0.175745,0][1.00662,1.43321,0.555988][0.56033,0.402218,0.734532][0.160288,0.167614,0][0,1.54541,0.704604][0.133467,0.460375,0.890015][0.058575,0.143765,0][0,1.54541,0.704604][0.133467,0.460375,0.890015][0.058575,0.143765,0][0,1.45025,0.718][0.061589,-0.424429,0.915567][0.056171,0.152515,0][0.969632,1.33803,0.572444][0.373375,-0.556642,0.754928][0.156677,0.175745,0][1.33618,1.12469,-0.131898][0.70667,-0.671269,0.247329][0.217167,0.182865,0][1.22613,1.03313,-0.526298][0.667564,-0.710254,-0.249501][0.248411,0.18437,0][1.25474,1.14427,-0.534262][0.839468,0.164431,-0.524247][0.245997,0.175514,0][1.25474,1.14427,-0.534262][0.839468,0.164431,-0.524247][0.245997,0.175514,0][1.36464,1.23093,-0.131076][0.972097,0.231289,0.052533][0.217719,0.174043,0][1.33618,1.12469,-0.131898][0.70667,-0.671269,0.247329][0.217167,0.182865,0][1.36464,1.23093,-0.131076][0.972097,0.231289,0.052533][0.217719,0.174043,0][1.00662,1.43321,0.555988][0.56033,0.402218,0.734532][0.160288,0.167614,0][0.969632,1.33803,0.572444][0.373375,-0.556642,0.754928][0.156677,0.175745,0][0.969632,1.33803,0.572444][0.373375,-0.556642,0.754928][0.156677,0.175745,0][1.33618,1.12469,-0.131898][0.70667,-0.671269,0.247329][0.217167,0.182865,0][1.36464,1.23093,-0.131076][0.972097,0.231289,0.052533][0.217719,0.174043,0][0.89825,0.960528,-0.699486][-0.279037,-0.850003,0.469233][0.280072,0.191468,0][0.38377,1.08785,-0.86435][-0.218727,-0.863214,0.477741][0.333874,0.177019,0][0.413736,1.12467,-0.961122][0.055414,-0.643391,-0.777939][0.3313,0.168248,0][0.413736,1.12467,-0.961122][0.055414,-0.643391,-0.777939][0.3313,0.168248,0][0.961046,0.984208,-0.78576][0.327684,-0.712559,-0.636217][0.278316,0.182766,0][0.89825,0.960528,-0.699486][-0.279037,-0.850003,0.469233][0.280072,0.191468,0][0.847308,1.23357,-0.668362][-0.365524,0.54181,0.769506][0.275104,0.149348,0][0.910104,1.25725,-0.754636][0.246895,0.91834,-0.341494][0.276346,0.158683,0][0.389404,1.39771,-0.926832][0.214708,0.918467,-0.362729][0.32875,0.143909,0][0.389404,1.39771,-0.926832][0.214708,0.918467,-0.362729][0.32875,0.143909,0][0.359438,1.36091,-0.830062][-0.087831,0.506577,0.870503][0.326261,0.135162,0][0.847308,1.23357,-0.668362][-0.365524,0.54181,0.769506][0.275104,0.149348,0][0.879234,1.48137,0.388196][-0.480349,0.329788,-0.823191][0.163986,0.147713,0][0,1.58283,0.496368][-0.069225,0.229635,-0.982166][0.066196,0.122595,0][0,1.64459,0.598886][0.095864,1.00296,0.083363][0.06237,0.131693,0][0,1.64459,0.598886][0.095864,1.00296,0.083363][0.06237,0.131693,0][0.938312,1.53237,0.461494][0.186362,0.992972,-0.028002][0.161928,0.15592,0][0.879234,1.48137,0.388196][-0.480349,0.329788,-0.823191][0.163986,0.147713,0][0.910556,1.28703,0.499146][-0.271441,-0.968779,-0.091802][0.154769,0.184212,0][0.969632,1.33803,0.572444][0.373375,-0.556642,0.754928][0.156677,0.175745,0][0,1.45025,0.718][0.061589,-0.424429,0.915567][0.056171,0.152515,0][0,1.45025,0.718][0.061589,-0.424429,0.915567][0.056171,0.152515,0][0,1.38847,0.615482][-0.094457,-0.981544,-0.223002][0.055016,0.16231,0][0.910556,1.28703,0.499146][-0.271441,-0.968779,-0.091802][0.154769,0.184212,0][1.23266,1.08929,-0.126162][-0.42305,-0.899454,0.17408][0.215199,0.191422,0][1.14379,1.00383,-0.478692][-0.336342,-0.871532,0.383492][0.249024,0.192482,0][1.22613,1.03313,-0.526298][0.667564,-0.710254,-0.249501][0.248411,0.18437,0][1.22613,1.03313,-0.526298][0.667564,-0.710254,-0.249501][0.248411,0.18437,0][1.33618,1.12469,-0.131898][0.70667,-0.671269,0.247329][0.217167,0.182865,0][1.23266,1.08929,-0.126162][-0.42305,-0.899454,0.17408][0.215199,0.191422,0][1.14643,1.32621,-0.129694][-0.88113,0.428669,-0.211742][0.218087,0.151638,0][1.24994,1.36161,-0.13543][0.256472,0.95688,-0.198542][0.218199,0.160341,0][1.15825,1.28883,-0.511814][0.228977,0.938215,-0.297383][0.248262,0.160613,0][1.15825,1.28883,-0.511814][0.228977,0.938215,-0.297383][0.248262,0.160613,0][1.0759,1.25953,-0.464206][-0.775332,0.510931,0.38301][0.24845,0.151888,0][1.14643,1.32621,-0.129694][-0.88113,0.428669,-0.211742][0.218087,0.151638,0][0.910556,1.28703,0.499146][-0.271441,-0.968779,-0.091802][0.154769,0.184212,0][1.23266,1.08929,-0.126162][-0.42305,-0.899454,0.17408][0.215199,0.191422,0][1.33618,1.12469,-0.131898][0.70667,-0.671269,0.247329][0.217167,0.182865,0][1.33618,1.12469,-0.131898][0.70667,-0.671269,0.247329][0.217167,0.182865,0][0.969632,1.33803,0.572444][0.373375,-0.556642,0.754928][0.156677,0.175745,0][0.910556,1.28703,0.499146][-0.271441,-0.968779,-0.091802][0.154769,0.184212,0][0.879234,1.48137,0.388196][-0.480349,0.329788,-0.823191][0.163986,0.147713,0][0.938312,1.53237,0.461494][0.186362,0.992972,-0.028002][0.161928,0.15592,0][1.24994,1.36161,-0.13543][0.256472,0.95688,-0.198542][0.218199,0.160341,0][1.24994,1.36161,-0.13543][0.256472,0.95688,-0.198542][0.218199,0.160341,0][1.14643,1.32621,-0.129694][-0.88113,0.428669,-0.211742][0.218087,0.151638,0][0.879234,1.48137,0.388196][-0.480349,0.329788,-0.823191][0.163986,0.147713,0][1.36464,1.23093,-0.131076][0.972097,0.231289,0.052533][0.217719,0.174043,0][1.25474,1.14427,-0.534262][0.839468,0.164431,-0.524247][0.245997,0.175514,0][1.15825,1.28883,-0.511814][0.228977,0.938215,-0.297383][0.248262,0.160613,0][1.15825,1.28883,-0.511814][0.228977,0.938215,-0.297383][0.248262,0.160613,0][1.24994,1.36161,-0.13543][0.256472,0.95688,-0.198542][0.218199,0.160341,0][1.36464,1.23093,-0.131076][0.972097,0.231289,0.052533][0.217719,0.174043,0][0.427474,1.24263,-0.981118][0.20967,0.102769,-0.983249][0.329165,0.157761,0][0.389404,1.39771,-0.926832][0.214708,0.918467,-0.362729][0.32875,0.143909,0][0.910104,1.25725,-0.754636][0.246895,0.91834,-0.341494][0.276346,0.158683,0][0.910104,1.25725,-0.754636][0.246895,0.91834,-0.341494][0.276346,0.158683,0][0.989778,1.09985,-0.801838][0.493911,0.124757,-0.870249][0.275258,0.173468,0][0.427474,1.24263,-0.981118][0.20967,0.102769,-0.983249][0.329165,0.157761,0][0.938312,1.53237,0.461494][0.186362,0.992972,-0.028002][0.161928,0.15592,0][0,1.64459,0.598886][0.095864,1.00296,0.083363][0.06237,0.131693,0][0,1.54541,0.704604][0.133467,0.460375,0.890015][0.058575,0.143765,0][0,1.54541,0.704604][0.133467,0.460375,0.890015][0.058575,0.143765,0][1.00662,1.43321,0.555988][0.56033,0.402218,0.734532][0.160288,0.167614,0][0.938312,1.53237,0.461494][0.186362,0.992972,-0.028002][0.161928,0.15592,0][1.00662,1.43321,0.555988][0.56033,0.402218,0.734532][0.160288,0.167614,0][1.36464,1.23093,-0.131076][0.972097,0.231289,0.052533][0.217719,0.174043,0][1.24994,1.36161,-0.13543][0.256472,0.95688,-0.198542][0.218199,0.160341,0][1.24994,1.36161,-0.13543][0.256472,0.95688,-0.198542][0.218199,0.160341,0][0.938312,1.53237,0.461494][0.186362,0.992972,-0.028002][0.161928,0.15592,0][1.00662,1.43321,0.555988][0.56033,0.402218,0.734532][0.160288,0.167614,0][0.427474,1.24263,-0.981118][0.20967,0.102769,-0.983249][0.329165,0.157761,0][0.413736,1.12467,-0.961122][0.055414,-0.643391,-0.777939][0.3313,0.168248,0][0,1.19107,-1.04965][0.045395,-0.634287,-0.786037][0.383707,0.156369,0][0,1.19107,-1.04965][0.045395,-0.634287,-0.786037][0.383707,0.156369,0][0,1.31113,-1.07321][0.146241,0.093387,-0.99584][0.382479,0.145944,0][0.427474,1.24263,-0.981118][0.20967,0.102769,-0.983249][0.329165,0.157761,0][0,1.14229,-0.94331][-0.142585,-0.873645,0.4881][0.384415,0.166519,0][0,1.19107,-1.04965][0.045395,-0.634287,-0.786037][0.383707,0.156369,0][0.413736,1.12467,-0.961122][0.055414,-0.643391,-0.777939][0.3313,0.168248,0][0.413736,1.12467,-0.961122][0.055414,-0.643391,-0.777939][0.3313,0.168248,0][0.38377,1.08785,-0.86435][-0.218727,-0.863214,0.477741][0.333874,0.177019,0][0,1.14229,-0.94331][-0.142585,-0.873645,0.4881][0.384415,0.166519,0][0.359438,1.36091,-0.830062][-0.087831,0.506577,0.870503][0.697066,0.106034,0][0,1.41533,-0.906136][-0.062389,0.500115,0.876463][0.673782,0.091043,0][0,1.14229,-0.94331][-0.142585,-0.873645,0.4881][0.667688,0.102221,0][0,1.14229,-0.94331][-0.142585,-0.873645,0.4881][0.667688,0.102221,0][0.38377,1.08785,-0.86435][-0.218727,-0.863214,0.477741][0.691975,0.117737,0][0.359438,1.36091,-0.830062][-0.087831,0.506577,0.870503][0.697066,0.106034,0][0,1.41533,-0.906136][-0.062389,0.500115,0.876463][0.374979,0.122595,0][0.359438,1.36091,-0.830062][-0.087831,0.506577,0.870503][0.326261,0.135162,0][0.389404,1.39771,-0.926832][0.214708,0.918467,-0.362729][0.32875,0.143909,0][0.389404,1.39771,-0.926832][0.214708,0.918467,-0.362729][0.32875,0.143909,0][0,1.46413,-1.01247][0.146032,0.925812,-0.378621][0.379265,0.131912,0][0,1.41533,-0.906136][-0.062389,0.500115,0.876463][0.374979,0.122595,0][0.389404,1.39771,-0.926832][0.214708,0.918467,-0.362729][0.32875,0.143909,0][0.427474,1.24263,-0.981118][0.20967,0.102769,-0.983249][0.329165,0.157761,0][0,1.31113,-1.07321][0.146241,0.093387,-0.99584][0.382479,0.145944,0][0,1.31113,-1.07321][0.146241,0.093387,-0.99584][0.382479,0.145944,0][0,1.46413,-1.01247][0.146032,0.925812,-0.378621][0.379265,0.131912,0][0.389404,1.39771,-0.926832][0.214708,0.918467,-0.362729][0.32875,0.143909,0][1.22613,1.03313,-0.526298][0.667564,-0.710254,-0.249501][0.248411,0.18437,0][0.961046,0.984208,-0.78576][0.327684,-0.712559,-0.636217][0.278316,0.182766,0][0.989778,1.09985,-0.801838][0.493911,0.124757,-0.870249][0.275258,0.173468,0][0.989778,1.09985,-0.801838][0.493911,0.124757,-0.870249][0.275258,0.173468,0][1.25474,1.14427,-0.534262][0.839468,0.164431,-0.524247][0.245997,0.175514,0][1.22613,1.03313,-0.526298][0.667564,-0.710254,-0.249501][0.248411,0.18437,0][1.14379,1.00383,-0.478692][-0.336342,-0.871532,0.383492][0.249024,0.192482,0][0.89825,0.960528,-0.699486][-0.279037,-0.850003,0.469233][0.280072,0.191468,0][0.961046,0.984208,-0.78576][0.327684,-0.712559,-0.636217][0.278316,0.182766,0][0.961046,0.984208,-0.78576][0.327684,-0.712559,-0.636217][0.278316,0.182766,0][1.22613,1.03313,-0.526298][0.667564,-0.710254,-0.249501][0.248411,0.18437,0][1.14379,1.00383,-0.478692][-0.336342,-0.871532,0.383492][0.249024,0.192482,0][0.847308,1.23357,-0.668362][-0.365524,0.54181,0.769506][0.720833,0.124442,0][0.89825,0.960528,-0.699486][-0.279037,-0.850003,0.469233][0.716823,0.136714,0][1.14379,1.00383,-0.478692][-0.336342,-0.871532,0.383492][0.731732,0.140511,0][1.14379,1.00383,-0.478692][-0.336342,-0.871532,0.383492][0.731732,0.140511,0][1.0759,1.25953,-0.464206][-0.775332,0.510931,0.38301][0.734429,0.128572,0][0.847308,1.23357,-0.668362][-0.365524,0.54181,0.769506][0.720833,0.124442,0][1.0759,1.25953,-0.464206][-0.775332,0.510931,0.38301][0.24845,0.151888,0][1.15825,1.28883,-0.511814][0.228977,0.938215,-0.297383][0.248262,0.160613,0][0.910104,1.25725,-0.754636][0.246895,0.91834,-0.341494][0.276346,0.158683,0][0.910104,1.25725,-0.754636][0.246895,0.91834,-0.341494][0.276346,0.158683,0][0.847308,1.23357,-0.668362][-0.365524,0.54181,0.769506][0.275104,0.149348,0][1.0759,1.25953,-0.464206][-0.775332,0.510931,0.38301][0.24845,0.151888,0][1.15825,1.28883,-0.511814][0.228977,0.938215,-0.297383][0.248262,0.160613,0][1.25474,1.14427,-0.534262][0.839468,0.164431,-0.524247][0.245997,0.175514,0][0.989778,1.09985,-0.801838][0.493911,0.124757,-0.870249][0.275258,0.173468,0][0.989778,1.09985,-0.801838][0.493911,0.124757,-0.870249][0.275258,0.173468,0][0.910104,1.25725,-0.754636][0.246895,0.91834,-0.341494][0.276346,0.158683,0][1.15825,1.28883,-0.511814][0.228977,0.938215,-0.297383][0.248262,0.160613,0][-0.847308,1.23357,-0.668362][0.365524,0.54181,0.769506][0.720833,0.124442,0][-0.89825,0.960528,-0.699486][0.279037,-0.850003,0.469233][0.716823,0.136714,0][-0.38377,1.08785,-0.86435][0.218727,-0.863214,0.477741][0.691975,0.117737,0][-0.38377,1.08785,-0.86435][0.218727,-0.863214,0.477741][0.691975,0.117737,0][-0.359438,1.36091,-0.830062][0.087831,0.506577,0.870503][0.697066,0.106034,0][-0.847308,1.23357,-0.668362][0.365524,0.54181,0.769506][0.720833,0.124442,0][-0.879234,1.48137,0.388196][0.480349,0.329788,-0.823191][0.777434,0.121963,0][0,1.58283,0.496368][-0.069225,0.229635,-0.982166][0.826213,0.091043,0][0,1.38847,0.615482][-0.094457,-0.981544,-0.223002][0.831637,0.100071,0][0,1.38847,0.615482][-0.094457,-0.981544,-0.223002][0.831637,0.100071,0][-0.910556,1.28703,0.499146][0.271441,-0.968779,-0.091802][0.781491,0.13158,0][-0.879234,1.48137,0.388196][0.480349,0.329788,-0.823191][0.777434,0.121963,0][-1.23266,1.08929,-0.126164][0.42305,-0.899454,0.174081][0.748984,0.140667,0][-1.14379,1.00383,-0.478692][0.336342,-0.871532,0.383492][0.731732,0.140511,0][-1.0759,1.25953,-0.464206][0.775332,0.510931,0.38301][0.734429,0.128572,0][-1.0759,1.25953,-0.464206][0.775332,0.510931,0.38301][0.734429,0.128572,0][-1.14643,1.32621,-0.129694][0.88113,0.428669,-0.211742][0.75051,0.129119,0][-1.23266,1.08929,-0.126164][0.42305,-0.899454,0.174081][0.748984,0.140667,0][-0.910556,1.28703,0.499146][0.271441,-0.968779,-0.091802][0.781491,0.13158,0][-1.23266,1.08929,-0.126164][0.42305,-0.899454,0.174081][0.748984,0.140667,0][-1.14643,1.32621,-0.129694][0.88113,0.428669,-0.211742][0.75051,0.129119,0][-1.14643,1.32621,-0.129694][0.88113,0.428669,-0.211742][0.75051,0.129119,0][-0.879234,1.48137,0.388196][0.480349,0.329788,-0.823191][0.777434,0.121963,0][-0.910556,1.28703,0.499146][0.271441,-0.968779,-0.091802][0.781491,0.13158,0][-0.989778,1.09985,-0.801838][-0.493911,0.124757,-0.870249][0.275258,0.173468,0][-0.427474,1.24263,-0.981118][-0.20967,0.102769,-0.983249][0.329165,0.157761,0][-0.413736,1.12467,-0.961122][-0.055414,-0.643391,-0.777939][0.3313,0.168248,0][-0.413736,1.12467,-0.961122][-0.055414,-0.643391,-0.777939][0.3313,0.168248,0][-0.961046,0.984208,-0.78576][-0.327684,-0.712559,-0.636217][0.278316,0.182766,0][-0.989778,1.09985,-0.801838][-0.493911,0.124757,-0.870249][0.275258,0.173468,0][-0.969632,1.33803,0.572442][-0.373375,-0.556642,0.754928][0.156677,0.175745,0][0,1.45025,0.718][0.061589,-0.424429,0.915567][0.056171,0.152515,0][0,1.54541,0.704604][0.133467,0.460375,0.890015][0.058575,0.143765,0][0,1.54541,0.704604][0.133467,0.460375,0.890015][0.058575,0.143765,0][-1.00662,1.43321,0.555988][-0.56033,0.402218,0.734532][0.160288,0.167614,0][-0.969632,1.33803,0.572442][-0.373375,-0.556642,0.754928][0.156677,0.175745,0][-1.25474,1.14427,-0.534264][-0.839468,0.164431,-0.524248][0.245997,0.175514,0][-1.22613,1.03313,-0.526298][-0.667564,-0.710254,-0.249501][0.248411,0.18437,0][-1.33618,1.12469,-0.1319][-0.70667,-0.671269,0.247329][0.217167,0.182865,0][-1.33618,1.12469,-0.1319][-0.70667,-0.671269,0.247329][0.217167,0.182865,0][-1.36464,1.23093,-0.131078][-0.972097,0.231289,0.052533][0.217719,0.174043,0][-1.25474,1.14427,-0.534264][-0.839468,0.164431,-0.524248][0.245997,0.175514,0][-0.969632,1.33803,0.572442][-0.373375,-0.556642,0.754928][0.156677,0.175745,0][-1.00662,1.43321,0.555988][-0.56033,0.402218,0.734532][0.160288,0.167614,0][-1.36464,1.23093,-0.131078][-0.972097,0.231289,0.052533][0.217719,0.174043,0][-1.36464,1.23093,-0.131078][-0.972097,0.231289,0.052533][0.217719,0.174043,0][-1.33618,1.12469,-0.1319][-0.70667,-0.671269,0.247329][0.217167,0.182865,0][-0.969632,1.33803,0.572442][-0.373375,-0.556642,0.754928][0.156677,0.175745,0][-0.89825,0.960528,-0.699486][0.279037,-0.850003,0.469233][0.280072,0.191468,0][-0.961046,0.984208,-0.78576][-0.327684,-0.712559,-0.636217][0.278316,0.182766,0][-0.413736,1.12467,-0.961122][-0.055414,-0.643391,-0.777939][0.3313,0.168248,0][-0.413736,1.12467,-0.961122][-0.055414,-0.643391,-0.777939][0.3313,0.168248,0][-0.38377,1.08785,-0.86435][0.218727,-0.863214,0.477741][0.333874,0.177019,0][-0.89825,0.960528,-0.699486][0.279037,-0.850003,0.469233][0.280072,0.191468,0][-0.389404,1.39771,-0.926832][-0.214708,0.918467,-0.362729][0.32875,0.143909,0][-0.910104,1.25725,-0.754636][-0.246895,0.91834,-0.341494][0.276346,0.158683,0][-0.847308,1.23357,-0.668362][0.365524,0.54181,0.769506][0.275104,0.149348,0][-0.847308,1.23357,-0.668362][0.365524,0.54181,0.769506][0.275104,0.149348,0][-0.359438,1.36091,-0.830062][0.087831,0.506577,0.870503][0.326261,0.135162,0][-0.389404,1.39771,-0.926832][-0.214708,0.918467,-0.362729][0.32875,0.143909,0][-0.879234,1.48137,0.388196][0.480349,0.329788,-0.823191][0.163986,0.147713,0][-0.938312,1.53237,0.461494][-0.186362,0.992972,-0.028002][0.161928,0.15592,0][0,1.64459,0.598886][0.095864,1.00296,0.083363][0.06237,0.131693,0][0,1.64459,0.598886][0.095864,1.00296,0.083363][0.06237,0.131693,0][0,1.58283,0.496368][-0.069225,0.229635,-0.982166][0.066196,0.122595,0][-0.879234,1.48137,0.388196][0.480349,0.329788,-0.823191][0.163986,0.147713,0][0,1.45025,0.718][0.061589,-0.424429,0.915567][0.056171,0.152515,0][-0.969632,1.33803,0.572442][-0.373375,-0.556642,0.754928][0.156677,0.175745,0][-0.910556,1.28703,0.499146][0.271441,-0.968779,-0.091802][0.154769,0.184212,0][-0.910556,1.28703,0.499146][0.271441,-0.968779,-0.091802][0.154769,0.184212,0][0,1.38847,0.615482][-0.094457,-0.981544,-0.223002][0.055016,0.16231,0][0,1.45025,0.718][0.061589,-0.424429,0.915567][0.056171,0.152515,0][-1.23266,1.08929,-0.126164][0.42305,-0.899454,0.174081][0.215199,0.191422,0][-1.33618,1.12469,-0.1319][-0.70667,-0.671269,0.247329][0.217167,0.182865,0][-1.22613,1.03313,-0.526298][-0.667564,-0.710254,-0.249501][0.248411,0.18437,0][-1.22613,1.03313,-0.526298][-0.667564,-0.710254,-0.249501][0.248411,0.18437,0][-1.14379,1.00383,-0.478692][0.336342,-0.871532,0.383492][0.249024,0.192482,0][-1.23266,1.08929,-0.126164][0.42305,-0.899454,0.174081][0.215199,0.191422,0][-1.15825,1.28883,-0.511816][-0.228977,0.938215,-0.297383][0.248262,0.160613,0][-1.24994,1.36161,-0.13543][-0.256472,0.95688,-0.198542][0.218199,0.160341,0][-1.14643,1.32621,-0.129694][0.88113,0.428669,-0.211742][0.218087,0.151638,0][-1.14643,1.32621,-0.129694][0.88113,0.428669,-0.211742][0.218087,0.151638,0][-1.0759,1.25953,-0.464206][0.775332,0.510931,0.38301][0.24845,0.151888,0][-1.15825,1.28883,-0.511816][-0.228977,0.938215,-0.297383][0.248262,0.160613,0][-0.910556,1.28703,0.499146][0.271441,-0.968779,-0.091802][0.154769,0.184212,0][-0.969632,1.33803,0.572442][-0.373375,-0.556642,0.754928][0.156677,0.175745,0][-1.33618,1.12469,-0.1319][-0.70667,-0.671269,0.247329][0.217167,0.182865,0][-1.33618,1.12469,-0.1319][-0.70667,-0.671269,0.247329][0.217167,0.182865,0][-1.23266,1.08929,-0.126164][0.42305,-0.899454,0.174081][0.215199,0.191422,0][-0.910556,1.28703,0.499146][0.271441,-0.968779,-0.091802][0.154769,0.184212,0][-1.24994,1.36161,-0.13543][-0.256472,0.95688,-0.198542][0.218199,0.160341,0][-0.938312,1.53237,0.461494][-0.186362,0.992972,-0.028002][0.161928,0.15592,0][-0.879234,1.48137,0.388196][0.480349,0.329788,-0.823191][0.163986,0.147713,0][-0.879234,1.48137,0.388196][0.480349,0.329788,-0.823191][0.163986,0.147713,0][-1.14643,1.32621,-0.129694][0.88113,0.428669,-0.211742][0.218087,0.151638,0][-1.24994,1.36161,-0.13543][-0.256472,0.95688,-0.198542][0.218199,0.160341,0][-1.36464,1.23093,-0.131078][-0.972097,0.231289,0.052533][0.217719,0.174043,0][-1.24994,1.36161,-0.13543][-0.256472,0.95688,-0.198542][0.218199,0.160341,0][-1.15825,1.28883,-0.511816][-0.228977,0.938215,-0.297383][0.248262,0.160613,0][-1.15825,1.28883,-0.511816][-0.228977,0.938215,-0.297383][0.248262,0.160613,0][-1.25474,1.14427,-0.534264][-0.839468,0.164431,-0.524248][0.245997,0.175514,0][-1.36464,1.23093,-0.131078][-0.972097,0.231289,0.052533][0.217719,0.174043,0][-0.910104,1.25725,-0.754636][-0.246895,0.91834,-0.341494][0.276346,0.158683,0][-0.389404,1.39771,-0.926832][-0.214708,0.918467,-0.362729][0.32875,0.143909,0][-0.427474,1.24263,-0.981118][-0.20967,0.102769,-0.983249][0.329165,0.157761,0][-0.427474,1.24263,-0.981118][-0.20967,0.102769,-0.983249][0.329165,0.157761,0][-0.989778,1.09985,-0.801838][-0.493911,0.124757,-0.870249][0.275258,0.173468,0][-0.910104,1.25725,-0.754636][-0.246895,0.91834,-0.341494][0.276346,0.158683,0][0,1.54541,0.704604][0.133467,0.460375,0.890015][0.058575,0.143765,0][0,1.64459,0.598886][0.095864,1.00296,0.083363][0.06237,0.131693,0][-0.938312,1.53237,0.461494][-0.186362,0.992972,-0.028002][0.161928,0.15592,0][-0.938312,1.53237,0.461494][-0.186362,0.992972,-0.028002][0.161928,0.15592,0][-1.00662,1.43321,0.555988][-0.56033,0.402218,0.734532][0.160288,0.167614,0][0,1.54541,0.704604][0.133467,0.460375,0.890015][0.058575,0.143765,0][-1.00662,1.43321,0.555988][-0.56033,0.402218,0.734532][0.160288,0.167614,0][-0.938312,1.53237,0.461494][-0.186362,0.992972,-0.028002][0.161928,0.15592,0][-1.24994,1.36161,-0.13543][-0.256472,0.95688,-0.198542][0.218199,0.160341,0][-1.24994,1.36161,-0.13543][-0.256472,0.95688,-0.198542][0.218199,0.160341,0][-1.36464,1.23093,-0.131078][-0.972097,0.231289,0.052533][0.217719,0.174043,0][-1.00662,1.43321,0.555988][-0.56033,0.402218,0.734532][0.160288,0.167614,0][-0.427474,1.24263,-0.981118][-0.20967,0.102769,-0.983249][0.329165,0.157761,0][0,1.31113,-1.07321][0.146241,0.093387,-0.99584][0.382479,0.145944,0][0,1.19107,-1.04965][0.045395,-0.634287,-0.786037][0.383707,0.156369,0][0,1.19107,-1.04965][0.045395,-0.634287,-0.786037][0.383707,0.156369,0][-0.413736,1.12467,-0.961122][-0.055414,-0.643391,-0.777939][0.3313,0.168248,0][-0.427474,1.24263,-0.981118][-0.20967,0.102769,-0.983249][0.329165,0.157761,0][-0.413736,1.12467,-0.961122][-0.055414,-0.643391,-0.777939][0.3313,0.168248,0][0,1.19107,-1.04965][0.045395,-0.634287,-0.786037][0.383707,0.156369,0][0,1.14229,-0.94331][-0.142585,-0.873645,0.4881][0.384415,0.166519,0][0,1.14229,-0.94331][-0.142585,-0.873645,0.4881][0.384415,0.166519,0][-0.38377,1.08785,-0.86435][0.218727,-0.863214,0.477741][0.333874,0.177019,0][-0.413736,1.12467,-0.961122][-0.055414,-0.643391,-0.777939][0.3313,0.168248,0][-0.359438,1.36091,-0.830062][0.087831,0.506577,0.870503][0.697066,0.106034,0][-0.38377,1.08785,-0.86435][0.218727,-0.863214,0.477741][0.691975,0.117737,0][0,1.14229,-0.94331][-0.142585,-0.873645,0.4881][0.667688,0.102221,0][0,1.14229,-0.94331][-0.142585,-0.873645,0.4881][0.667688,0.102221,0][0,1.41533,-0.906136][-0.062389,0.500115,0.876463][0.673782,0.091043,0][-0.359438,1.36091,-0.830062][0.087831,0.506577,0.870503][0.697066,0.106034,0][0,1.41533,-0.906136][-0.062389,0.500115,0.876463][0.374979,0.122595,0][0,1.46413,-1.01247][0.146032,0.925812,-0.378621][0.379265,0.131912,0][-0.389404,1.39771,-0.926832][-0.214708,0.918467,-0.362729][0.32875,0.143909,0][-0.389404,1.39771,-0.926832][-0.214708,0.918467,-0.362729][0.32875,0.143909,0][-0.359438,1.36091,-0.830062][0.087831,0.506577,0.870503][0.326261,0.135162,0][0,1.41533,-0.906136][-0.062389,0.500115,0.876463][0.374979,0.122595,0][-0.389404,1.39771,-0.926832][-0.214708,0.918467,-0.362729][0.32875,0.143909,0][0,1.46413,-1.01247][0.146032,0.925812,-0.378621][0.379265,0.131912,0][0,1.31113,-1.07321][0.146241,0.093387,-0.99584][0.382479,0.145944,0][0,1.31113,-1.07321][0.146241,0.093387,-0.99584][0.382479,0.145944,0][-0.427474,1.24263,-0.981118][-0.20967,0.102769,-0.983249][0.329165,0.157761,0][-0.389404,1.39771,-0.926832][-0.214708,0.918467,-0.362729][0.32875,0.143909,0][-0.989778,1.09985,-0.801838][-0.493911,0.124757,-0.870249][0.275258,0.173468,0][-0.961046,0.984208,-0.78576][-0.327684,-0.712559,-0.636217][0.278316,0.182766,0][-1.22613,1.03313,-0.526298][-0.667564,-0.710254,-0.249501][0.248411,0.18437,0][-1.22613,1.03313,-0.526298][-0.667564,-0.710254,-0.249501][0.248411,0.18437,0][-1.25474,1.14427,-0.534264][-0.839468,0.164431,-0.524248][0.245997,0.175514,0][-0.989778,1.09985,-0.801838][-0.493911,0.124757,-0.870249][0.275258,0.173468,0][-1.14379,1.00383,-0.478692][0.336342,-0.871532,0.383492][0.249024,0.192482,0][-1.22613,1.03313,-0.526298][-0.667564,-0.710254,-0.249501][0.248411,0.18437,0][-0.961046,0.984208,-0.78576][-0.327684,-0.712559,-0.636217][0.278316,0.182766,0][-0.961046,0.984208,-0.78576][-0.327684,-0.712559,-0.636217][0.278316,0.182766,0][-0.89825,0.960528,-0.699486][0.279037,-0.850003,0.469233][0.280072,0.191468,0][-1.14379,1.00383,-0.478692][0.336342,-0.871532,0.383492][0.249024,0.192482,0][-1.14379,1.00383,-0.478692][0.336342,-0.871532,0.383492][0.731732,0.140511,0][-0.89825,0.960528,-0.699486][0.279037,-0.850003,0.469233][0.716823,0.136714,0][-0.847308,1.23357,-0.668362][0.365524,0.54181,0.769506][0.720833,0.124442,0][-0.847308,1.23357,-0.668362][0.365524,0.54181,0.769506][0.720833,0.124442,0][-1.0759,1.25953,-0.464206][0.775332,0.510931,0.38301][0.734429,0.128572,0][-1.14379,1.00383,-0.478692][0.336342,-0.871532,0.383492][0.731732,0.140511,0][-0.910104,1.25725,-0.754636][-0.246895,0.91834,-0.341494][0.276346,0.158683,0][-1.15825,1.28883,-0.511816][-0.228977,0.938215,-0.297383][0.248262,0.160613,0][-1.0759,1.25953,-0.464206][0.775332,0.510931,0.38301][0.24845,0.151888,0][-1.0759,1.25953,-0.464206][0.775332,0.510931,0.38301][0.24845,0.151888,0][-0.847308,1.23357,-0.668362][0.365524,0.54181,0.769506][0.275104,0.149348,0][-0.910104,1.25725,-0.754636][-0.246895,0.91834,-0.341494][0.276346,0.158683,0][-1.15825,1.28883,-0.511816][-0.228977,0.938215,-0.297383][0.248262,0.160613,0][-0.910104,1.25725,-0.754636][-0.246895,0.91834,-0.341494][0.276346,0.158683,0][-0.989778,1.09985,-0.801838][-0.493911,0.124757,-0.870249][0.275258,0.173468,0][-0.989778,1.09985,-0.801838][-0.493911,0.124757,-0.870249][0.275258,0.173468,0][-1.25474,1.14427,-0.534264][-0.839468,0.164431,-0.524248][0.245997,0.175514,0][-1.15825,1.28883,-0.511816][-0.228977,0.938215,-0.297383][0.248262,0.160613,0][0.94247,0.673028,-0.708754][-0.352001,0.553064,0.767942][0.77452,0.089925,0][0.422706,0.948588,-0.912338][-0.019713,0.541468,0.853637][0.797741,0.065211,0][0.454536,0.663908,-0.941468][-0.333704,-0.813749,0.49624][0.802428,0.07766,0][0.454536,0.663908,-0.941468][-0.333704,-0.813749,0.49624][0.802428,0.07766,0][1.00782,0.388348,-0.730332][-0.330288,-0.818966,0.489954][0.777788,0.103054,0][0.94247,0.673028,-0.708754][-0.352001,0.553064,0.767942][0.77452,0.089925,0][0,0.997308,0.801106][-0.099196,-0.953165,-0.32202][0.646511,0.055223,0][0,1.19993,0.70961][-0.061356,0.328566,-0.954189][0.651759,0.046395,0][0.965518,1.09041,0.591234][-0.477125,0.375396,-0.805381][0.703621,0.079974,0][0.965518,1.09041,0.591234][-0.477125,0.375396,-0.805381][0.703621,0.079974,0][1.0271,0.887768,0.675088][-0.27739,-0.96324,-0.125661][0.700908,0.09014,0][0,0.997308,0.801106][-0.099196,-0.953165,-0.32202][0.646511,0.055223,0][1.20826,0.735948,-0.481218][-0.784374,0.500656,0.377723][0.758398,0.093051,0][1.28652,0.469748,-0.490054][-0.276794,-0.844518,0.480364][0.760579,0.105689,0][1.4109,0.618128,-0.112272][-0.393416,-0.892319,0.260432][0.741095,0.103459,0][1.4109,0.618128,-0.112272][-0.393416,-0.892319,0.260432][0.741095,0.103459,0][1.31924,0.865148,-0.116668][-0.892572,0.412378,-0.194394][0.739889,0.091346,0][1.20826,0.735948,-0.481218][-0.784374,0.500656,0.377723][0.758398,0.093051,0][1.0271,0.887768,0.675088][-0.27739,-0.96324,-0.125661][0.700908,0.09014,0][0.965518,1.09041,0.591234][-0.477125,0.375396,-0.805381][0.703621,0.079974,0][1.31924,0.865148,-0.116668][-0.892572,0.412378,-0.194394][0.739889,0.091346,0][1.31924,0.865148,-0.116668][-0.892572,0.412378,-0.194394][0.739889,0.091346,0][1.4109,0.618128,-0.112272][-0.393416,-0.892319,0.260432][0.741095,0.103459,0][1.0271,0.887768,0.675088][-0.27739,-0.96324,-0.125661][0.700908,0.09014,0][1.07854,0.544528,-0.83566][0.50439,0.153836,-0.859382][0.257417,0.073903,0][1.06844,0.410168,-0.819716][0.321654,-0.687261,-0.666473][0.260005,0.084327,0][0.484018,0.688608,-1.03762][-0.018943,-0.646795,-0.776898][0.31535,0.062055,0][0.484018,0.688608,-1.03762][-0.018943,-0.646795,-0.776898][0.31535,0.062055,0][0.48894,0.828308,-1.05681][0.239653,0.111199,-0.975296][0.313767,0.050105,0][1.07854,0.544528,-0.83566][0.50439,0.153836,-0.859382][0.257417,0.073903,0][1.09837,1.04439,0.736516][0.569233,0.415915,0.719757][0.119926,0.062121,0][0,1.15661,0.899578][0.132365,0.402901,0.917628][0.009905,0.031472,0][0,1.04643,0.910114][0.05792,-0.479427,0.888257][0.007555,0.04168,0][0,1.04643,0.910114][0.05792,-0.479427,0.888257][0.007555,0.04168,0][1.08712,0.934208,0.74886][0.401698,-0.545997,0.747805][0.117677,0.071222,0][1.09837,1.04439,0.736516][0.569233,0.415915,0.719757][0.119926,0.062121,0][1.51314,0.655508,-0.12347][0.773698,-0.591805,0.245157][0.191289,0.082099,0][1.36755,0.499188,-0.541084][0.72802,-0.643449,-0.257746][0.226327,0.085522,0][1.37804,0.628108,-0.550336][0.787863,0.214226,-0.584662][0.223406,0.075665,0][1.37804,0.628108,-0.550336][0.787863,0.214226,-0.584662][0.223406,0.075665,0][1.52402,0.778768,-0.125774][0.951833,0.308522,-0.030369][0.192628,0.072414,0][1.51314,0.655508,-0.12347][0.773698,-0.591805,0.245157][0.191289,0.082099,0][1.52402,0.778768,-0.125774][0.951833,0.308522,-0.030369][0.192628,0.072414,0][1.09837,1.04439,0.736516][0.569233,0.415915,0.719757][0.119926,0.062121,0][1.08712,0.934208,0.74886][0.401698,-0.545997,0.747805][0.117677,0.071222,0][1.08712,0.934208,0.74886][0.401698,-0.545997,0.747805][0.117677,0.071222,0][1.51314,0.655508,-0.12347][0.773698,-0.591805,0.245157][0.191289,0.082099,0][1.52402,0.778768,-0.125774][0.951833,0.308522,-0.030369][0.192628,0.072414,0][0.454536,0.663908,-0.941468][-0.333704,-0.813749,0.49624][0.319425,0.07031,0][0.484018,0.688608,-1.03762][-0.018943,-0.646795,-0.776898][0.31535,0.062055,0][1.06844,0.410168,-0.819716][0.321654,-0.687261,-0.666473][0.260005,0.084327,0][1.06844,0.410168,-0.819716][0.321654,-0.687261,-0.666473][0.260005,0.084327,0][1.00782,0.388348,-0.730332][-0.330288,-0.818966,0.489954][0.261292,0.093596,0][0.454536,0.663908,-0.941468][-0.333704,-0.813749,0.49624][0.319425,0.07031,0][0.422706,0.948588,-0.912338][-0.019713,0.541468,0.853637][0.312789,0.029676,0][0.94247,0.673028,-0.708754][-0.352001,0.553064,0.767942][0.256801,0.05051,0][1.00309,0.694848,-0.798138][0.30669,0.887405,-0.372343][0.258656,0.060199,0][1.00309,0.694848,-0.798138][0.30669,0.887405,-0.372343][0.258656,0.060199,0][0.452188,0.973308,-1.01369][0.338365,0.866723,-0.392466][0.315248,0.037995,0][0.422706,0.948588,-0.912338][-0.019713,0.541468,0.853637][0.312789,0.029676,0][0.965518,1.09041,0.591234][-0.477125,0.375396,-0.805381][0.122541,0.043299,0][0,1.19993,0.70961][-0.061356,0.328566,-0.954189][0.01717,0.012209,0][0,1.24905,0.81862][0.101071,0.99104,0.172274][0.013179,0.021246,0][0,1.24905,0.81862][0.101071,0.99104,0.172274][0.013179,0.021246,0][1.02554,1.13683,0.665006][0.194318,0.991768,0.008723][0.120397,0.051311,0][0.965518,1.09041,0.591234][-0.477125,0.375396,-0.805381][0.122541,0.043299,0][1.0271,0.887768,0.675088][-0.27739,-0.96324,-0.125661][0.115598,0.079456,0][1.08712,0.934208,0.74886][0.401698,-0.545997,0.747805][0.117677,0.071222,0][0,1.04643,0.910114][0.05792,-0.479427,0.888257][0.007555,0.04168,0][0,1.04643,0.910114][0.05792,-0.479427,0.888257][0.007555,0.04168,0][0,0.997308,0.801106][-0.099196,-0.953165,-0.32202][0.004873,0.051599,0][1.0271,0.887768,0.675088][-0.27739,-0.96324,-0.125661][0.115598,0.079456,0][1.4109,0.618128,-0.112272][-0.393416,-0.892319,0.260432][0.188733,0.090662,0][1.28652,0.469748,-0.490054][-0.276794,-0.844518,0.480364][0.227306,0.093865,0][1.36755,0.499188,-0.541084][0.72802,-0.643449,-0.257746][0.226327,0.085522,0][1.36755,0.499188,-0.541084][0.72802,-0.643449,-0.257746][0.226327,0.085522,0][1.51314,0.655508,-0.12347][0.773698,-0.591805,0.245157][0.191289,0.082099,0][1.4109,0.618128,-0.112272][-0.393416,-0.892319,0.260432][0.188733,0.090662,0][1.31924,0.865148,-0.116668][-0.892572,0.412378,-0.194394][0.196463,0.051176,0][1.42148,0.902508,-0.127866][0.241786,0.942366,-0.272879][0.194265,0.060173,0][1.2893,0.765388,-0.532248][0.183833,0.908754,-0.402367][0.225046,0.062181,0][1.2893,0.765388,-0.532248][0.183833,0.908754,-0.402367][0.225046,0.062181,0][1.20826,0.735948,-0.481218][-0.784374,0.500656,0.377723][0.227883,0.053422,0][1.31924,0.865148,-0.116668][-0.892572,0.412378,-0.194394][0.196463,0.051176,0][1.0271,0.887768,0.675088][-0.27739,-0.96324,-0.125661][0.115598,0.079456,0][1.4109,0.618128,-0.112272][-0.393416,-0.892319,0.260432][0.188733,0.090662,0][1.51314,0.655508,-0.12347][0.773698,-0.591805,0.245157][0.191289,0.082099,0][1.51314,0.655508,-0.12347][0.773698,-0.591805,0.245157][0.191289,0.082099,0][1.08712,0.934208,0.74886][0.401698,-0.545997,0.747805][0.117677,0.071222,0][1.0271,0.887768,0.675088][-0.27739,-0.96324,-0.125661][0.115598,0.079456,0][0.965518,1.09041,0.591234][-0.477125,0.375396,-0.805381][0.122541,0.043299,0][1.02554,1.13683,0.665006][0.194318,0.991768,0.008723][0.120397,0.051311,0][1.42148,0.902508,-0.127866][0.241786,0.942366,-0.272879][0.194265,0.060173,0][1.42148,0.902508,-0.127866][0.241786,0.942366,-0.272879][0.194265,0.060173,0][1.31924,0.865148,-0.116668][-0.892572,0.412378,-0.194394][0.196463,0.051176,0][0.965518,1.09041,0.591234][-0.477125,0.375396,-0.805381][0.122541,0.043299,0][1.52402,0.778768,-0.125774][0.951833,0.308522,-0.030369][0.192628,0.072414,0][1.37804,0.628108,-0.550336][0.787863,0.214226,-0.584662][0.223406,0.075665,0][1.2893,0.765388,-0.532248][0.183833,0.908754,-0.402367][0.225046,0.062181,0][1.2893,0.765388,-0.532248][0.183833,0.908754,-0.402367][0.225046,0.062181,0][1.42148,0.902508,-0.127866][0.241786,0.942366,-0.272879][0.194265,0.060173,0][1.52402,0.778768,-0.125774][0.951833,0.308522,-0.030369][0.192628,0.072414,0][0.48894,0.828308,-1.05681][0.239653,0.111199,-0.975296][0.313767,0.050105,0][0.452188,0.973308,-1.01369][0.338365,0.866723,-0.392466][0.315248,0.037995,0][1.00309,0.694848,-0.798138][0.30669,0.887405,-0.372343][0.258656,0.060199,0][1.00309,0.694848,-0.798138][0.30669,0.887405,-0.372343][0.258656,0.060199,0][1.07854,0.544528,-0.83566][0.50439,0.153836,-0.859382][0.257417,0.073903,0][0.48894,0.828308,-1.05681][0.239653,0.111199,-0.975296][0.313767,0.050105,0][1.02554,1.13683,0.665006][0.194318,0.991768,0.008723][0.120397,0.051311,0][0,1.24905,0.81862][0.101071,0.99104,0.172274][0.013179,0.021246,0][0,1.15661,0.899578][0.132365,0.402901,0.917628][0.009905,0.031472,0][0,1.15661,0.899578][0.132365,0.402901,0.917628][0.009905,0.031472,0][1.09837,1.04439,0.736516][0.569233,0.415915,0.719757][0.119926,0.062121,0][1.02554,1.13683,0.665006][0.194318,0.991768,0.008723][0.120397,0.051311,0][1.09837,1.04439,0.736516][0.569233,0.415915,0.719757][0.119926,0.062121,0][1.52402,0.778768,-0.125774][0.951833,0.308522,-0.030369][0.192628,0.072414,0][1.42148,0.902508,-0.127866][0.241786,0.942366,-0.272879][0.194265,0.060173,0][1.42148,0.902508,-0.127866][0.241786,0.942366,-0.272879][0.194265,0.060173,0][1.02554,1.13683,0.665006][0.194318,0.991768,0.008723][0.120397,0.051311,0][1.09837,1.04439,0.736516][0.569233,0.415915,0.719757][0.119926,0.062121,0][0.48894,0.828308,-1.05681][0.239653,0.111199,-0.975296][0.313767,0.050105,0][0.484018,0.688608,-1.03762][-0.018943,-0.646795,-0.776898][0.31535,0.062055,0][0,0.820608,-1.12323][-0.031761,-0.664539,-0.761339][0.37347,0.045859,0][0,0.820608,-1.12323][-0.031761,-0.664539,-0.761339][0.37347,0.045859,0][0,0.965348,-1.14548][0.137747,0.091805,-0.997224][0.372163,0.033587,0][0.48894,0.828308,-1.05681][0.239653,0.111199,-0.975296][0.313767,0.050105,0][0,0.793168,-1.02067][-0.212016,-0.822949,0.546887][0.374919,0.054708,0][0,0.820608,-1.12323][-0.031761,-0.664539,-0.761339][0.37347,0.045859,0][0.484018,0.688608,-1.03762][-0.018943,-0.646795,-0.776898][0.31535,0.062055,0][0.484018,0.688608,-1.03762][-0.018943,-0.646795,-0.776898][0.31535,0.062055,0][0.454536,0.663908,-0.941468][-0.333704,-0.813749,0.49624][0.319425,0.07031,0][0,0.793168,-1.02067][-0.212016,-0.822949,0.546887][0.374919,0.054708,0][0.422706,0.948588,-0.912338][-0.019713,0.541468,0.853637][0.797741,0.065211,0][0,1.07785,-0.984402][0.015102,0.564896,0.838416][0.822426,0.046395,0][0,0.793168,-1.02067][-0.212016,-0.822949,0.546887][0.828467,0.058197,0][0,0.793168,-1.02067][-0.212016,-0.822949,0.546887][0.828467,0.058197,0][0.454536,0.663908,-0.941468][-0.333704,-0.813749,0.49624][0.802428,0.07766,0][0.422706,0.948588,-0.912338][-0.019713,0.541468,0.853637][0.797741,0.065211,0][0,1.07785,-0.984402][0.015102,0.564896,0.838416][0.365915,0.012209,0][0.422706,0.948588,-0.912338][-0.019713,0.541468,0.853637][0.312789,0.029676,0][0.452188,0.973308,-1.01369][0.338365,0.866723,-0.392466][0.315248,0.037995,0][0.452188,0.973308,-1.01369][0.338365,0.866723,-0.392466][0.315248,0.037995,0][0,1.10529,-1.09708][0.223978,0.870608,-0.461561][0.370411,0.021115,0][0,1.07785,-0.984402][0.015102,0.564896,0.838416][0.365915,0.012209,0][0.452188,0.973308,-1.01369][0.338365,0.866723,-0.392466][0.315248,0.037995,0][0.48894,0.828308,-1.05681][0.239653,0.111199,-0.975296][0.313767,0.050105,0][0,0.965348,-1.14548][0.137747,0.091805,-0.997224][0.372163,0.033587,0][0,0.965348,-1.14548][0.137747,0.091805,-0.997224][0.372163,0.033587,0][0,1.10529,-1.09708][0.223978,0.870608,-0.461561][0.370411,0.021115,0][0.452188,0.973308,-1.01369][0.338365,0.866723,-0.392466][0.315248,0.037995,0][1.36755,0.499188,-0.541084][0.72802,-0.643449,-0.257746][0.226327,0.085522,0][1.06844,0.410168,-0.819716][0.321654,-0.687261,-0.666473][0.260005,0.084327,0][1.07854,0.544528,-0.83566][0.50439,0.153836,-0.859382][0.257417,0.073903,0][1.07854,0.544528,-0.83566][0.50439,0.153836,-0.859382][0.257417,0.073903,0][1.37804,0.628108,-0.550336][0.787863,0.214226,-0.584662][0.223406,0.075665,0][1.36755,0.499188,-0.541084][0.72802,-0.643449,-0.257746][0.226327,0.085522,0][1.28652,0.469748,-0.490054][-0.276794,-0.844518,0.480364][0.227306,0.093865,0][1.00782,0.388348,-0.730332][-0.330288,-0.818966,0.489954][0.261292,0.093596,0][1.06844,0.410168,-0.819716][0.321654,-0.687261,-0.666473][0.260005,0.084327,0][1.06844,0.410168,-0.819716][0.321654,-0.687261,-0.666473][0.260005,0.084327,0][1.36755,0.499188,-0.541084][0.72802,-0.643449,-0.257746][0.226327,0.085522,0][1.28652,0.469748,-0.490054][-0.276794,-0.844518,0.480364][0.227306,0.093865,0][0.94247,0.673028,-0.708754][-0.352001,0.553064,0.767942][0.77452,0.089925,0][1.00782,0.388348,-0.730332][-0.330288,-0.818966,0.489954][0.777788,0.103054,0][1.28652,0.469748,-0.490054][-0.276794,-0.844518,0.480364][0.760579,0.105689,0][1.28652,0.469748,-0.490054][-0.276794,-0.844518,0.480364][0.760579,0.105689,0][1.20826,0.735948,-0.481218][-0.784374,0.500656,0.377723][0.758398,0.093051,0][0.94247,0.673028,-0.708754][-0.352001,0.553064,0.767942][0.77452,0.089925,0][1.20826,0.735948,-0.481218][-0.784374,0.500656,0.377723][0.227883,0.053422,0][1.2893,0.765388,-0.532248][0.183833,0.908754,-0.402367][0.225046,0.062181,0][1.00309,0.694848,-0.798138][0.30669,0.887405,-0.372343][0.258656,0.060199,0][1.00309,0.694848,-0.798138][0.30669,0.887405,-0.372343][0.258656,0.060199,0][0.94247,0.673028,-0.708754][-0.352001,0.553064,0.767942][0.256801,0.05051,0][1.20826,0.735948,-0.481218][-0.784374,0.500656,0.377723][0.227883,0.053422,0][1.2893,0.765388,-0.532248][0.183833,0.908754,-0.402367][0.225046,0.062181,0][1.37804,0.628108,-0.550336][0.787863,0.214226,-0.584662][0.223406,0.075665,0][1.07854,0.544528,-0.83566][0.50439,0.153836,-0.859382][0.257417,0.073903,0][1.07854,0.544528,-0.83566][0.50439,0.153836,-0.859382][0.257417,0.073903,0][1.00309,0.694848,-0.798138][0.30669,0.887405,-0.372343][0.258656,0.060199,0][1.2893,0.765388,-0.532248][0.183833,0.908754,-0.402367][0.225046,0.062181,0][-0.94247,0.673028,-0.708756][0.352001,0.553064,0.767942][0.77452,0.089925,0][-1.00782,0.388348,-0.730332][0.330288,-0.818966,0.489954][0.777788,0.103054,0][-0.454536,0.663908,-0.94147][0.333704,-0.813749,0.49624][0.802428,0.07766,0][-0.454536,0.663908,-0.94147][0.333704,-0.813749,0.49624][0.802428,0.07766,0][-0.422706,0.948588,-0.912338][0.019713,0.541468,0.853637][0.797741,0.065211,0][-0.94247,0.673028,-0.708756][0.352001,0.553064,0.767942][0.77452,0.089925,0][-0.965518,1.09041,0.591234][0.477125,0.375396,-0.805381][0.703621,0.079974,0][0,1.19993,0.70961][-0.061356,0.328566,-0.954189][0.651759,0.046395,0][0,0.997308,0.801106][-0.099196,-0.953165,-0.32202][0.646511,0.055223,0][0,0.997308,0.801106][-0.099196,-0.953165,-0.32202][0.646511,0.055223,0][-1.0271,0.887768,0.675086][0.27739,-0.96324,-0.125661][0.700908,0.09014,0][-0.965518,1.09041,0.591234][0.477125,0.375396,-0.805381][0.703621,0.079974,0][-1.4109,0.618128,-0.112274][0.393416,-0.892319,0.260432][0.741095,0.103459,0][-1.28652,0.469748,-0.490056][0.276794,-0.844518,0.480364][0.760579,0.105689,0][-1.20826,0.735948,-0.48122][0.784374,0.500656,0.377723][0.758398,0.093051,0][-1.20826,0.735948,-0.48122][0.784374,0.500656,0.377723][0.758398,0.093051,0][-1.31924,0.865148,-0.11667][0.892572,0.412378,-0.194394][0.739889,0.091346,0][-1.4109,0.618128,-0.112274][0.393416,-0.892319,0.260432][0.741095,0.103459,0][-1.0271,0.887768,0.675086][0.27739,-0.96324,-0.125661][0.700908,0.09014,0][-1.4109,0.618128,-0.112274][0.393416,-0.892319,0.260432][0.741095,0.103459,0][-1.31924,0.865148,-0.11667][0.892572,0.412378,-0.194394][0.739889,0.091346,0][-1.31924,0.865148,-0.11667][0.892572,0.412378,-0.194394][0.739889,0.091346,0][-0.965518,1.09041,0.591234][0.477125,0.375396,-0.805381][0.703621,0.079974,0][-1.0271,0.887768,0.675086][0.27739,-0.96324,-0.125661][0.700908,0.09014,0][-1.07854,0.544528,-0.835662][-0.50439,0.153836,-0.859382][0.257417,0.073903,0][-0.48894,0.828308,-1.05681][-0.239653,0.111199,-0.975296][0.313767,0.050105,0][-0.484018,0.688608,-1.03762][0.018943,-0.646795,-0.776898][0.31535,0.062055,0][-0.484018,0.688608,-1.03762][0.018943,-0.646795,-0.776898][0.31535,0.062055,0][-1.06844,0.410168,-0.819718][-0.321654,-0.687261,-0.666473][0.260005,0.084327,0][-1.07854,0.544528,-0.835662][-0.50439,0.153836,-0.859382][0.257417,0.073903,0][0,1.04643,0.910114][0.05792,-0.479427,0.888257][0.007555,0.04168,0][0,1.15661,0.899578][0.132365,0.402901,0.917628][0.009905,0.031472,0][-1.09837,1.04439,0.736514][-0.569233,0.415915,0.719757][0.119926,0.062121,0][-1.09837,1.04439,0.736514][-0.569233,0.415915,0.719757][0.119926,0.062121,0][-1.08712,0.934208,0.748858][-0.401698,-0.545997,0.747805][0.117677,0.071222,0][0,1.04643,0.910114][0.05792,-0.479427,0.888257][0.007555,0.04168,0][-1.37804,0.628108,-0.550338][-0.787863,0.214226,-0.584663][0.223406,0.075665,0][-1.36755,0.499188,-0.541086][-0.72802,-0.643449,-0.257746][0.226327,0.085522,0][-1.51314,0.655508,-0.123472][-0.773698,-0.591805,0.245157][0.191289,0.082099,0][-1.51314,0.655508,-0.123472][-0.773698,-0.591805,0.245157][0.191289,0.082099,0][-1.52402,0.778768,-0.125776][-0.951833,0.308522,-0.030369][0.192628,0.072414,0][-1.37804,0.628108,-0.550338][-0.787863,0.214226,-0.584663][0.223406,0.075665,0][-1.08712,0.934208,0.748858][-0.401698,-0.545997,0.747805][0.117677,0.071222,0][-1.09837,1.04439,0.736514][-0.569233,0.415915,0.719757][0.119926,0.062121,0][-1.52402,0.778768,-0.125776][-0.951833,0.308522,-0.030369][0.192628,0.072414,0][-1.52402,0.778768,-0.125776][-0.951833,0.308522,-0.030369][0.192628,0.072414,0][-1.51314,0.655508,-0.123472][-0.773698,-0.591805,0.245157][0.191289,0.082099,0][-1.08712,0.934208,0.748858][-0.401698,-0.545997,0.747805][0.117677,0.071222,0][-1.06844,0.410168,-0.819718][-0.321654,-0.687261,-0.666473][0.260005,0.084327,0][-0.484018,0.688608,-1.03762][0.018943,-0.646795,-0.776898][0.31535,0.062055,0][-0.454536,0.663908,-0.94147][0.333704,-0.813749,0.49624][0.319425,0.07031,0][-0.454536,0.663908,-0.94147][0.333704,-0.813749,0.49624][0.319425,0.07031,0][-1.00782,0.388348,-0.730332][0.330288,-0.818966,0.489954][0.261292,0.093596,0][-1.06844,0.410168,-0.819718][-0.321654,-0.687261,-0.666473][0.260005,0.084327,0][-0.422706,0.948588,-0.912338][0.019713,0.541468,0.853637][0.312789,0.029676,0][-0.452188,0.973308,-1.01369][-0.338365,0.866723,-0.392467][0.315248,0.037995,0][-1.00309,0.694848,-0.798138][-0.30669,0.887405,-0.372343][0.258656,0.060199,0][-1.00309,0.694848,-0.798138][-0.30669,0.887405,-0.372343][0.258656,0.060199,0][-0.94247,0.673028,-0.708756][0.352001,0.553064,0.767942][0.256801,0.05051,0][-0.422706,0.948588,-0.912338][0.019713,0.541468,0.853637][0.312789,0.029676,0][-0.965518,1.09041,0.591234][0.477125,0.375396,-0.805381][0.122541,0.043299,0][-1.02554,1.13683,0.665004][-0.194318,0.991768,0.008723][0.120397,0.051311,0][0,1.24905,0.81862][0.101071,0.99104,0.172274][0.013179,0.021246,0][0,1.24905,0.81862][0.101071,0.99104,0.172274][0.013179,0.021246,0][0,1.19993,0.70961][-0.061356,0.328566,-0.954189][0.01717,0.012209,0][-0.965518,1.09041,0.591234][0.477125,0.375396,-0.805381][0.122541,0.043299,0][0,1.04643,0.910114][0.05792,-0.479427,0.888257][0.007555,0.04168,0][-1.08712,0.934208,0.748858][-0.401698,-0.545997,0.747805][0.117677,0.071222,0][-1.0271,0.887768,0.675086][0.27739,-0.96324,-0.125661][0.115598,0.079456,0][-1.0271,0.887768,0.675086][0.27739,-0.96324,-0.125661][0.115598,0.079456,0][0,0.997308,0.801106][-0.099196,-0.953165,-0.32202][0.004873,0.051599,0][0,1.04643,0.910114][0.05792,-0.479427,0.888257][0.007555,0.04168,0][-1.4109,0.618128,-0.112274][0.393416,-0.892319,0.260432][0.188733,0.090662,0][-1.51314,0.655508,-0.123472][-0.773698,-0.591805,0.245157][0.191289,0.082099,0][-1.36755,0.499188,-0.541086][-0.72802,-0.643449,-0.257746][0.226327,0.085522,0][-1.36755,0.499188,-0.541086][-0.72802,-0.643449,-0.257746][0.226327,0.085522,0][-1.28652,0.469748,-0.490056][0.276794,-0.844518,0.480364][0.227306,0.093865,0][-1.4109,0.618128,-0.112274][0.393416,-0.892319,0.260432][0.188733,0.090662,0][-1.2893,0.765388,-0.53225][-0.183833,0.908754,-0.402367][0.225046,0.062181,0][-1.42148,0.902508,-0.127868][-0.241786,0.942366,-0.272879][0.194265,0.060173,0][-1.31924,0.865148,-0.11667][0.892572,0.412378,-0.194394][0.196463,0.051176,0][-1.31924,0.865148,-0.11667][0.892572,0.412378,-0.194394][0.196463,0.051176,0][-1.20826,0.735948,-0.48122][0.784374,0.500656,0.377723][0.227883,0.053422,0][-1.2893,0.765388,-0.53225][-0.183833,0.908754,-0.402367][0.225046,0.062181,0][-1.0271,0.887768,0.675086][0.27739,-0.96324,-0.125661][0.115598,0.079456,0][-1.08712,0.934208,0.748858][-0.401698,-0.545997,0.747805][0.117677,0.071222,0][-1.51314,0.655508,-0.123472][-0.773698,-0.591805,0.245157][0.191289,0.082099,0][-1.51314,0.655508,-0.123472][-0.773698,-0.591805,0.245157][0.191289,0.082099,0][-1.4109,0.618128,-0.112274][0.393416,-0.892319,0.260432][0.188733,0.090662,0][-1.0271,0.887768,0.675086][0.27739,-0.96324,-0.125661][0.115598,0.079456,0][-1.42148,0.902508,-0.127868][-0.241786,0.942366,-0.272879][0.194265,0.060173,0][-1.02554,1.13683,0.665004][-0.194318,0.991768,0.008723][0.120397,0.051311,0][-0.965518,1.09041,0.591234][0.477125,0.375396,-0.805381][0.122541,0.043299,0][-0.965518,1.09041,0.591234][0.477125,0.375396,-0.805381][0.122541,0.043299,0][-1.31924,0.865148,-0.11667][0.892572,0.412378,-0.194394][0.196463,0.051176,0][-1.42148,0.902508,-0.127868][-0.241786,0.942366,-0.272879][0.194265,0.060173,0][-1.52402,0.778768,-0.125776][-0.951833,0.308522,-0.030369][0.192628,0.072414,0][-1.42148,0.902508,-0.127868][-0.241786,0.942366,-0.272879][0.194265,0.060173,0][-1.2893,0.765388,-0.53225][-0.183833,0.908754,-0.402367][0.225046,0.062181,0][-1.2893,0.765388,-0.53225][-0.183833,0.908754,-0.402367][0.225046,0.062181,0][-1.37804,0.628108,-0.550338][-0.787863,0.214226,-0.584663][0.223406,0.075665,0][-1.52402,0.778768,-0.125776][-0.951833,0.308522,-0.030369][0.192628,0.072414,0][-1.00309,0.694848,-0.798138][-0.30669,0.887405,-0.372343][0.258656,0.060199,0][-0.452188,0.973308,-1.01369][-0.338365,0.866723,-0.392467][0.315248,0.037995,0][-0.48894,0.828308,-1.05681][-0.239653,0.111199,-0.975296][0.313767,0.050105,0][-0.48894,0.828308,-1.05681][-0.239653,0.111199,-0.975296][0.313767,0.050105,0][-1.07854,0.544528,-0.835662][-0.50439,0.153836,-0.859382][0.257417,0.073903,0][-1.00309,0.694848,-0.798138][-0.30669,0.887405,-0.372343][0.258656,0.060199,0][0,1.15661,0.899578][0.132365,0.402901,0.917628][0.009905,0.031472,0][0,1.24905,0.81862][0.101071,0.99104,0.172274][0.013179,0.021246,0][-1.02554,1.13683,0.665004][-0.194318,0.991768,0.008723][0.120397,0.051311,0][-1.02554,1.13683,0.665004][-0.194318,0.991768,0.008723][0.120397,0.051311,0][-1.09837,1.04439,0.736514][-0.569233,0.415915,0.719757][0.119926,0.062121,0][0,1.15661,0.899578][0.132365,0.402901,0.917628][0.009905,0.031472,0][-1.09837,1.04439,0.736514][-0.569233,0.415915,0.719757][0.119926,0.062121,0][-1.02554,1.13683,0.665004][-0.194318,0.991768,0.008723][0.120397,0.051311,0][-1.42148,0.902508,-0.127868][-0.241786,0.942366,-0.272879][0.194265,0.060173,0][-1.42148,0.902508,-0.127868][-0.241786,0.942366,-0.272879][0.194265,0.060173,0][-1.52402,0.778768,-0.125776][-0.951833,0.308522,-0.030369][0.192628,0.072414,0][-1.09837,1.04439,0.736514][-0.569233,0.415915,0.719757][0.119926,0.062121,0][-0.48894,0.828308,-1.05681][-0.239653,0.111199,-0.975296][0.313767,0.050105,0][0,0.965348,-1.14548][0.137747,0.091805,-0.997224][0.372163,0.033587,0][0,0.820608,-1.12323][-0.031761,-0.664539,-0.761339][0.37347,0.045859,0][0,0.820608,-1.12323][-0.031761,-0.664539,-0.761339][0.37347,0.045859,0][-0.484018,0.688608,-1.03762][0.018943,-0.646795,-0.776898][0.31535,0.062055,0][-0.48894,0.828308,-1.05681][-0.239653,0.111199,-0.975296][0.313767,0.050105,0][-0.484018,0.688608,-1.03762][0.018943,-0.646795,-0.776898][0.31535,0.062055,0][0,0.820608,-1.12323][-0.031761,-0.664539,-0.761339][0.37347,0.045859,0][0,0.793168,-1.02067][-0.212016,-0.822949,0.546887][0.374919,0.054708,0][0,0.793168,-1.02067][-0.212016,-0.822949,0.546887][0.374919,0.054708,0][-0.454536,0.663908,-0.94147][0.333704,-0.813749,0.49624][0.319425,0.07031,0][-0.484018,0.688608,-1.03762][0.018943,-0.646795,-0.776898][0.31535,0.062055,0][-0.422706,0.948588,-0.912338][0.019713,0.541468,0.853637][0.797741,0.065211,0][-0.454536,0.663908,-0.94147][0.333704,-0.813749,0.49624][0.802428,0.07766,0][0,0.793168,-1.02067][-0.212016,-0.822949,0.546887][0.828467,0.058197,0][0,0.793168,-1.02067][-0.212016,-0.822949,0.546887][0.828467,0.058197,0][0,1.07785,-0.984402][0.015102,0.564896,0.838416][0.822426,0.046395,0][-0.422706,0.948588,-0.912338][0.019713,0.541468,0.853637][0.797741,0.065211,0][0,1.07785,-0.984402][0.015102,0.564896,0.838416][0.365915,0.012209,0][0,1.10529,-1.09708][0.223978,0.870608,-0.461561][0.370411,0.021115,0][-0.452188,0.973308,-1.01369][-0.338365,0.866723,-0.392467][0.315248,0.037995,0][-0.452188,0.973308,-1.01369][-0.338365,0.866723,-0.392467][0.315248,0.037995,0][-0.422706,0.948588,-0.912338][0.019713,0.541468,0.853637][0.312789,0.029676,0][0,1.07785,-0.984402][0.015102,0.564896,0.838416][0.365915,0.012209,0][-0.452188,0.973308,-1.01369][-0.338365,0.866723,-0.392467][0.315248,0.037995,0][0,1.10529,-1.09708][0.223978,0.870608,-0.461561][0.370411,0.021115,0][0,0.965348,-1.14548][0.137747,0.091805,-0.997224][0.372163,0.033587,0][0,0.965348,-1.14548][0.137747,0.091805,-0.997224][0.372163,0.033587,0][-0.48894,0.828308,-1.05681][-0.239653,0.111199,-0.975296][0.313767,0.050105,0][-0.452188,0.973308,-1.01369][-0.338365,0.866723,-0.392467][0.315248,0.037995,0][-1.07854,0.544528,-0.835662][-0.50439,0.153836,-0.859382][0.257417,0.073903,0][-1.06844,0.410168,-0.819718][-0.321654,-0.687261,-0.666473][0.260005,0.084327,0][-1.36755,0.499188,-0.541086][-0.72802,-0.643449,-0.257746][0.226327,0.085522,0][-1.36755,0.499188,-0.541086][-0.72802,-0.643449,-0.257746][0.226327,0.085522,0][-1.37804,0.628108,-0.550338][-0.787863,0.214226,-0.584663][0.223406,0.075665,0][-1.07854,0.544528,-0.835662][-0.50439,0.153836,-0.859382][0.257417,0.073903,0][-1.28652,0.469748,-0.490056][0.276794,-0.844518,0.480364][0.227306,0.093865,0][-1.36755,0.499188,-0.541086][-0.72802,-0.643449,-0.257746][0.226327,0.085522,0][-1.06844,0.410168,-0.819718][-0.321654,-0.687261,-0.666473][0.260005,0.084327,0][-1.06844,0.410168,-0.819718][-0.321654,-0.687261,-0.666473][0.260005,0.084327,0][-1.00782,0.388348,-0.730332][0.330288,-0.818966,0.489954][0.261292,0.093596,0][-1.28652,0.469748,-0.490056][0.276794,-0.844518,0.480364][0.227306,0.093865,0][-1.28652,0.469748,-0.490056][0.276794,-0.844518,0.480364][0.760579,0.105689,0][-1.00782,0.388348,-0.730332][0.330288,-0.818966,0.489954][0.777788,0.103054,0][-0.94247,0.673028,-0.708756][0.352001,0.553064,0.767942][0.77452,0.089925,0][-0.94247,0.673028,-0.708756][0.352001,0.553064,0.767942][0.77452,0.089925,0][-1.20826,0.735948,-0.48122][0.784374,0.500656,0.377723][0.758398,0.093051,0][-1.28652,0.469748,-0.490056][0.276794,-0.844518,0.480364][0.760579,0.105689,0][-1.00309,0.694848,-0.798138][-0.30669,0.887405,-0.372343][0.258656,0.060199,0][-1.2893,0.765388,-0.53225][-0.183833,0.908754,-0.402367][0.225046,0.062181,0][-1.20826,0.735948,-0.48122][0.784374,0.500656,0.377723][0.227883,0.053422,0][-1.20826,0.735948,-0.48122][0.784374,0.500656,0.377723][0.227883,0.053422,0][-0.94247,0.673028,-0.708756][0.352001,0.553064,0.767942][0.256801,0.05051,0][-1.00309,0.694848,-0.798138][-0.30669,0.887405,-0.372343][0.258656,0.060199,0][-1.2893,0.765388,-0.53225][-0.183833,0.908754,-0.402367][0.225046,0.062181,0][-1.00309,0.694848,-0.798138][-0.30669,0.887405,-0.372343][0.258656,0.060199,0][-1.07854,0.544528,-0.835662][-0.50439,0.153836,-0.859382][0.257417,0.073903,0][-1.07854,0.544528,-0.835662][-0.50439,0.153836,-0.859382][0.257417,0.073903,0][-1.37804,0.628108,-0.550338][-0.787863,0.214226,-0.584663][0.223406,0.075665,0][-1.2893,0.765388,-0.53225][-0.183833,0.908754,-0.402367][0.225046,0.062181,0][0.515754,0.397048,-0.98502][0.086831,0.717938,0.706497][0.67177,0.016665,0][0,0.563688,-1.02871][0.117146,0.704907,0.715093][0.636303,0.015754,0][0,0.31583,-1.00774][-0.199361,-0.628881,0.76561][0.638555,0.027023,0][0,0.31583,-1.00774][-0.199361,-0.628881,0.76561][0.638555,0.027023,0][0.487178,0.138228,-0.962922][-0.330567,-0.612478,0.731738][0.672828,0.028692,0][0.515754,0.397048,-0.98502][0.086831,0.717938,0.706497][0.67177,0.016665,0][0,0.554268,0.756654][-0.124898,-0.561506,-0.831291][0.846674,0.036067,0][0,0.838948,0.814292][0.010191,0.837161,-0.566864][0.852035,0.023766,0][1.07241,0.726768,0.671382][-0.158503,0.835647,-0.546161][0.788527,0.003057,0][1.07241,0.726768,0.671382][-0.158503,0.835647,-0.546161][0.788527,0.003057,0][1.03164,0.442088,0.622892][-0.5346,-0.597197,-0.611123][0.78495,0.016046,0][0,0.554268,0.756654][-0.124898,-0.561506,-0.831291][0.846674,0.036067,0][1.09888,0.124428,-0.757844][-0.191933,0.827755,0.547214][0.707945,0.023283,0][1.04187,-0.145372,-0.734622][-0.486033,-0.560703,0.682936][0.707861,0.036067,0][1.33019,-0.093232,-0.482914][-0.641521,-0.494994,0.597113][0.72525,0.032064,0][1.33019,-0.093232,-0.482914][-0.641521,-0.494994,0.597113][0.72525,0.032064,0][1.3906,0.181488,-0.49828][-0.537527,0.850893,0.053762][0.725678,0.019058,0][1.09888,0.124428,-0.757844][-0.191933,0.827755,0.547214][0.707945,0.023283,0][1.03164,0.442088,0.622892][-0.5346,-0.597197,-0.611123][0.78495,0.016046,0][1.07241,0.726768,0.671382][-0.158503,0.835647,-0.546161][0.788527,0.003057,0][1.5189,0.39921,-0.125668][-0.467995,0.810592,-0.375928][0.744161,0.00951898,0][1.5189,0.39921,-0.125668][-0.467995,0.810592,-0.375928][0.744161,0.00951898,0][1.45513,0.119628,-0.118074][-0.853785,-0.511292,0.125187][0.74334,0.022745,0][1.03164,0.442088,0.622892][-0.5346,-0.597197,-0.611123][0.78495,0.016046,0][0.547608,0.393528,-1.0831][0.341299,0.739641,-0.596768][0.418118,0.272972,0][0.556328,0.264408,-1.09976][0.159225,-0.103278,-0.992823][0.417328,0.262224,0][0,0.454488,-1.15911][0.049113,-0.098751,-1.00502][0.482253,0.2661,0][0,0.454488,-1.15911][0.049113,-0.098751,-1.00502][0.482253,0.2661,0][0,0.577308,-1.14136][0.22079,0.76452,-0.622861][0.482864,0.276904,0][0.547608,0.393528,-1.0831][0.341299,0.739641,-0.596768][0.418118,0.272972,0][1.12977,0.703768,0.762294][0.490548,0.731819,0.490635][0.19977,0.279846,0][0,0.815988,0.931482][0.133368,0.664585,0.749949][0.084104,0.268228,0][0,0.694148,0.939266][0.099175,-0.150135,0.994829][0.086084,0.25654,0][0,0.694148,0.939266][0.099175,-0.150135,0.994829][0.086084,0.25654,0][1.15273,0.581928,0.76871][0.514764,-0.156399,0.852605][0.204025,0.269964,0][1.12977,0.703768,0.762294][0.490548,0.731819,0.490635][0.19977,0.279846,0][1.49703,0.0258279,-0.542004][0.854799,-0.190199,-0.489023][0.318756,0.257115,0][1.17995,-0.031652,-0.856926][0.501399,-0.148335,-0.862134][0.350065,0.253311,0][1.16254,0.103748,-0.841342][0.448985,0.693049,-0.579556][0.351547,0.264489,0][1.16254,0.103748,-0.841342][0.448985,0.693049,-0.579556][0.351547,0.264489,0][1.47396,0.158808,-0.535948][0.525365,0.644479,-0.569886][0.320915,0.268295,0][1.49703,0.0258279,-0.542004][0.854799,-0.190199,-0.489023][0.318756,0.257115,0][1.15273,0.581928,0.76871][0.514764,-0.156399,0.852605][0.204025,0.269964,0][1.65043,0.243988,-0.114628][0.972665,-0.172421,0.159359][0.28524,0.264651,0][1.62176,0.374588,-0.117996][0.713089,0.677943,-0.207002][0.285563,0.275097,0][1.62176,0.374588,-0.117996][0.713089,0.677943,-0.207002][0.285563,0.275097,0][1.12977,0.703768,0.762294][0.490548,0.731819,0.490635][0.19977,0.279846,0][1.15273,0.581928,0.76871][0.514764,-0.156399,0.852605][0.204025,0.269964,0][0.487178,0.138228,-0.962922][-0.330567,-0.612478,0.731738][0.420238,0.241655,0][0,0.31583,-1.00774][-0.199361,-0.628881,0.76561][0.480511,0.244748,0][0,0.307508,-1.1052][-0.160732,-0.828807,-0.555832][0.480611,0.252995,0][0,0.307508,-1.1052][-0.160732,-0.828807,-0.555832][0.480611,0.252995,0][0.519032,0.123728,-1.05341][-0.146987,-0.81816,-0.575159][0.418707,0.24965,0][0.487178,0.138228,-0.962922][-0.330567,-0.612478,0.731738][0.420238,0.241655,0][0.515754,0.397048,-0.98502][0.086831,0.717938,0.706497][0.41773,0.281467,0][0.547608,0.393528,-1.0831][0.341299,0.739641,-0.596768][0.418118,0.272972,0][0,0.577308,-1.14136][0.22079,0.76452,-0.622861][0.482864,0.276904,0][0,0.577308,-1.14136][0.22079,0.76452,-0.622861][0.482864,0.276904,0][0,0.563688,-1.02871][0.117146,0.704907,0.715093][0.481235,0.28629,0][0.515754,0.397048,-0.98502][0.086831,0.717938,0.706497][0.41773,0.281467,0][1.07241,0.726768,0.671382][-0.158503,0.835647,-0.546161][0.200923,0.288151,0][0,0.838948,0.814292][0.010191,0.837161,-0.566864][0.08473,0.278078,0][0,0.815988,0.931482][0.133368,0.664585,0.749949][0.084104,0.268228,0][0,0.815988,0.931482][0.133368,0.664585,0.749949][0.084104,0.268228,0][1.12977,0.703768,0.762294][0.490548,0.731819,0.490635][0.19977,0.279846,0][1.07241,0.726768,0.671382][-0.158503,0.835647,-0.546161][0.200923,0.288151,0][1.03164,0.442088,0.622892][-0.5346,-0.597197,-0.611123][0.205924,0.246061,0][1.08899,0.419088,0.713802][0.098698,-0.882736,0.482804][0.208008,0.255286,0][0,0.531308,0.873844][-0.013134,-0.884058,0.490455][0.090266,0.241974,0][0,0.531308,0.873844][-0.013134,-0.884058,0.490455][0.090266,0.241974,0][0,0.554268,0.756654][-0.124898,-0.561506,-0.831291][0.092365,0.232222,0][1.03164,0.442088,0.622892][-0.5346,-0.597197,-0.611123][0.205924,0.246061,0][1.33019,-0.093232,-0.482914][-0.641521,-0.494994,0.597113][0.31889,0.236002,0][1.04187,-0.145372,-0.734622][-0.486033,-0.560703,0.682936][0.355201,0.232222,0][1.10553,-0.166052,-0.81812][0.119937,-0.912093,-0.419121][0.353505,0.24093,0][1.10553,-0.166052,-0.81812][0.119937,-0.912093,-0.419121][0.353505,0.24093,0][1.41355,-0.115912,-0.520582][0.416339,-0.917898,0.050436][0.319332,0.24415,0][1.33019,-0.093232,-0.482914][-0.641521,-0.494994,0.597113][0.31889,0.236002,0][1.3906,0.181488,-0.49828][-0.537527,0.850893,0.053762][0.32426,0.276181,0][1.47396,0.158808,-0.535948][0.525365,0.644479,-0.569886][0.320915,0.268295,0][1.16254,0.103748,-0.841342][0.448985,0.693049,-0.579556][0.351547,0.264489,0][1.16254,0.103748,-0.841342][0.448985,0.693049,-0.579556][0.351547,0.264489,0][1.09888,0.124428,-0.757844][-0.191933,0.827755,0.547214][0.354788,0.273899,0][1.3906,0.181488,-0.49828][-0.537527,0.850893,0.053762][0.32426,0.276181,0][1.45513,0.119628,-0.118074][-0.853785,-0.511292,0.125187][0.280515,0.242226,0][1.55798,0.0950079,-0.110402][0.330963,-0.87265,0.385728][0.283839,0.250736,0][1.08899,0.419088,0.713802][0.098698,-0.882736,0.482804][0.208008,0.255286,0][1.08899,0.419088,0.713802][0.098698,-0.882736,0.482804][0.208008,0.255286,0][1.03164,0.442088,0.622892][-0.5346,-0.597197,-0.611123][0.205924,0.246061,0][1.45513,0.119628,-0.118074][-0.853785,-0.511292,0.125187][0.280515,0.242226,0][1.5189,0.39921,-0.125668][-0.467995,0.810592,-0.375928][0.284216,0.282698,0][1.07241,0.726768,0.671382][-0.158503,0.835647,-0.546161][0.200923,0.288151,0][1.12977,0.703768,0.762294][0.490548,0.731819,0.490635][0.19977,0.279846,0][1.12977,0.703768,0.762294][0.490548,0.731819,0.490635][0.19977,0.279846,0][1.62176,0.374588,-0.117996][0.713089,0.677943,-0.207002][0.285563,0.275097,0][1.5189,0.39921,-0.125668][-0.467995,0.810592,-0.375928][0.284216,0.282698,0][1.08899,0.419088,0.713802][0.098698,-0.882736,0.482804][0.208008,0.255286,0][1.15273,0.581928,0.76871][0.514764,-0.156399,0.852605][0.204025,0.269964,0][0,0.694148,0.939266][0.099175,-0.150135,0.994829][0.086084,0.25654,0][0,0.694148,0.939266][0.099175,-0.150135,0.994829][0.086084,0.25654,0][0,0.531308,0.873844][-0.013134,-0.884058,0.490455][0.090266,0.241974,0][1.08899,0.419088,0.713802][0.098698,-0.882736,0.482804][0.208008,0.255286,0][0.556328,0.264408,-1.09976][0.159225,-0.103278,-0.992823][0.417328,0.262224,0][0.519032,0.123728,-1.05341][-0.146987,-0.81816,-0.575159][0.418707,0.24965,0][0,0.307508,-1.1052][-0.160732,-0.828807,-0.555832][0.480611,0.252995,0][0,0.307508,-1.1052][-0.160732,-0.828807,-0.555832][0.480611,0.252995,0][0,0.454488,-1.15911][0.049113,-0.098751,-1.00502][0.482253,0.2661,0][0.556328,0.264408,-1.09976][0.159225,-0.103278,-0.992823][0.417328,0.262224,0][1.41355,-0.115912,-0.520582][0.416339,-0.917898,0.050436][0.319332,0.24415,0][1.10553,-0.166052,-0.81812][0.119937,-0.912093,-0.419121][0.353505,0.24093,0][1.17995,-0.031652,-0.856926][0.501399,-0.148335,-0.862134][0.350065,0.253311,0][1.17995,-0.031652,-0.856926][0.501399,-0.148335,-0.862134][0.350065,0.253311,0][1.49703,0.0258279,-0.542004][0.854799,-0.190199,-0.489023][0.318756,0.257115,0][1.41355,-0.115912,-0.520582][0.416339,-0.917898,0.050436][0.319332,0.24415,0][1.65043,0.243988,-0.114628][0.972665,-0.172421,0.159359][0.28524,0.264651,0][1.15273,0.581928,0.76871][0.514764,-0.156399,0.852605][0.204025,0.269964,0][1.08899,0.419088,0.713802][0.098698,-0.882736,0.482804][0.208008,0.255286,0][1.08899,0.419088,0.713802][0.098698,-0.882736,0.482804][0.208008,0.255286,0][1.55798,0.0950079,-0.110402][0.330963,-0.87265,0.385728][0.283839,0.250736,0][1.65043,0.243988,-0.114628][0.972665,-0.172421,0.159359][0.28524,0.264651,0][1.16254,0.103748,-0.841342][0.448985,0.693049,-0.579556][0.351547,0.264489,0][1.17995,-0.031652,-0.856926][0.501399,-0.148335,-0.862134][0.350065,0.253311,0][0.556328,0.264408,-1.09976][0.159225,-0.103278,-0.992823][0.417328,0.262224,0][0.556328,0.264408,-1.09976][0.159225,-0.103278,-0.992823][0.417328,0.262224,0][0.547608,0.393528,-1.0831][0.341299,0.739641,-0.596768][0.418118,0.272972,0][1.16254,0.103748,-0.841342][0.448985,0.693049,-0.579556][0.351547,0.264489,0][1.09888,0.124428,-0.757844][-0.191933,0.827755,0.547214][0.354788,0.273899,0][1.16254,0.103748,-0.841342][0.448985,0.693049,-0.579556][0.351547,0.264489,0][0.547608,0.393528,-1.0831][0.341299,0.739641,-0.596768][0.418118,0.272972,0][0.547608,0.393528,-1.0831][0.341299,0.739641,-0.596768][0.418118,0.272972,0][0.515754,0.397048,-0.98502][0.086831,0.717938,0.706497][0.41773,0.281467,0][1.09888,0.124428,-0.757844][-0.191933,0.827755,0.547214][0.354788,0.273899,0][1.09888,0.124428,-0.757844][-0.191933,0.827755,0.547214][0.707945,0.023283,0][0.515754,0.397048,-0.98502][0.086831,0.717938,0.706497][0.67177,0.016665,0][0.487178,0.138228,-0.962922][-0.330567,-0.612478,0.731738][0.672828,0.028692,0][0.487178,0.138228,-0.962922][-0.330567,-0.612478,0.731738][0.672828,0.028692,0][1.04187,-0.145372,-0.734622][-0.486033,-0.560703,0.682936][0.707861,0.036067,0][1.09888,0.124428,-0.757844][-0.191933,0.827755,0.547214][0.707945,0.023283,0][1.04187,-0.145372,-0.734622][-0.486033,-0.560703,0.682936][0.355201,0.232222,0][0.487178,0.138228,-0.962922][-0.330567,-0.612478,0.731738][0.420238,0.241655,0][0.519032,0.123728,-1.05341][-0.146987,-0.81816,-0.575159][0.418707,0.24965,0][0.519032,0.123728,-1.05341][-0.146987,-0.81816,-0.575159][0.418707,0.24965,0][1.10553,-0.166052,-0.81812][0.119937,-0.912093,-0.419121][0.353505,0.24093,0][1.04187,-0.145372,-0.734622][-0.486033,-0.560703,0.682936][0.355201,0.232222,0][0.519032,0.123728,-1.05341][-0.146987,-0.81816,-0.575159][0.418707,0.24965,0][0.556328,0.264408,-1.09976][0.159225,-0.103278,-0.992823][0.417328,0.262224,0][1.17995,-0.031652,-0.856926][0.501399,-0.148335,-0.862134][0.350065,0.253311,0][1.17995,-0.031652,-0.856926][0.501399,-0.148335,-0.862134][0.350065,0.253311,0][1.10553,-0.166052,-0.81812][0.119937,-0.912093,-0.419121][0.353505,0.24093,0][0.519032,0.123728,-1.05341][-0.146987,-0.81816,-0.575159][0.418707,0.24965,0][1.65043,0.243988,-0.114628][0.972665,-0.172421,0.159359][0.28524,0.264651,0][1.49703,0.0258279,-0.542004][0.854799,-0.190199,-0.489023][0.318756,0.257115,0][1.47396,0.158808,-0.535948][0.525365,0.644479,-0.569886][0.320915,0.268295,0][1.47396,0.158808,-0.535948][0.525365,0.644479,-0.569886][0.320915,0.268295,0][1.62176,0.374588,-0.117996][0.713089,0.677943,-0.207002][0.285563,0.275097,0][1.65043,0.243988,-0.114628][0.972665,-0.172421,0.159359][0.28524,0.264651,0][1.5189,0.39921,-0.125668][-0.467995,0.810592,-0.375928][0.284216,0.282698,0][1.62176,0.374588,-0.117996][0.713089,0.677943,-0.207002][0.285563,0.275097,0][1.47396,0.158808,-0.535948][0.525365,0.644479,-0.569886][0.320915,0.268295,0][1.47396,0.158808,-0.535948][0.525365,0.644479,-0.569886][0.320915,0.268295,0][1.3906,0.181488,-0.49828][-0.537527,0.850893,0.053762][0.32426,0.276181,0][1.5189,0.39921,-0.125668][-0.467995,0.810592,-0.375928][0.284216,0.282698,0][1.3906,0.181488,-0.49828][-0.537527,0.850893,0.053762][0.725678,0.019058,0][1.33019,-0.093232,-0.482914][-0.641521,-0.494994,0.597113][0.72525,0.032064,0][1.45513,0.119628,-0.118074][-0.853785,-0.511292,0.125187][0.74334,0.022745,0][1.45513,0.119628,-0.118074][-0.853785,-0.511292,0.125187][0.74334,0.022745,0][1.5189,0.39921,-0.125668][-0.467995,0.810592,-0.375928][0.744161,0.00951898,0][1.3906,0.181488,-0.49828][-0.537527,0.850893,0.053762][0.725678,0.019058,0][1.45513,0.119628,-0.118074][-0.853785,-0.511292,0.125187][0.280515,0.242226,0][1.33019,-0.093232,-0.482914][-0.641521,-0.494994,0.597113][0.31889,0.236002,0][1.41355,-0.115912,-0.520582][0.416339,-0.917898,0.050436][0.319332,0.24415,0][1.41355,-0.115912,-0.520582][0.416339,-0.917898,0.050436][0.319332,0.24415,0][1.55798,0.0950079,-0.110402][0.330963,-0.87265,0.385728][0.283839,0.250736,0][1.45513,0.119628,-0.118074][-0.853785,-0.511292,0.125187][0.280515,0.242226,0][1.55798,0.0950079,-0.110402][0.330963,-0.87265,0.385728][0.283839,0.250736,0][1.41355,-0.115912,-0.520582][0.416339,-0.917898,0.050436][0.319332,0.24415,0][1.49703,0.0258279,-0.542004][0.854799,-0.190199,-0.489023][0.318756,0.257115,0][1.49703,0.0258279,-0.542004][0.854799,-0.190199,-0.489023][0.318756,0.257115,0][1.65043,0.243988,-0.114628][0.972665,-0.172421,0.159359][0.28524,0.264651,0][1.55798,0.0950079,-0.110402][0.330963,-0.87265,0.385728][0.283839,0.250736,0][-0.515754,0.397048,-0.985022][-0.086831,0.717938,0.706497][0.67177,0.016665,0][-0.487178,0.138228,-0.962924][0.330567,-0.612478,0.731738][0.672828,0.028692,0][0,0.31583,-1.00774][-0.199361,-0.628881,0.76561][0.638555,0.027023,0][0,0.31583,-1.00774][-0.199361,-0.628881,0.76561][0.638555,0.027023,0][0,0.563688,-1.02871][0.117146,0.704907,0.715093][0.636303,0.015754,0][-0.515754,0.397048,-0.985022][-0.086831,0.717938,0.706497][0.67177,0.016665,0][-1.07241,0.726768,0.67138][0.158503,0.835647,-0.546161][0.788527,0.003057,0][0,0.838948,0.814292][0.010191,0.837161,-0.566864][0.852035,0.023766,0][0,0.554268,0.756654][-0.124898,-0.561506,-0.831291][0.846674,0.036067,0][0,0.554268,0.756654][-0.124898,-0.561506,-0.831291][0.846674,0.036067,0][-1.03164,0.442088,0.62289][0.5346,-0.597197,-0.611122][0.78495,0.016046,0][-1.07241,0.726768,0.67138][0.158503,0.835647,-0.546161][0.788527,0.003057,0][-1.33019,-0.093232,-0.482916][0.641521,-0.494994,0.597113][0.72525,0.032064,0][-1.04187,-0.145372,-0.734624][0.486033,-0.560703,0.682936][0.707861,0.036067,0][-1.09888,0.124428,-0.757846][0.191933,0.827755,0.547214][0.707945,0.023283,0][-1.09888,0.124428,-0.757846][0.191933,0.827755,0.547214][0.707945,0.023283,0][-1.3906,0.181488,-0.498282][0.537527,0.850893,0.053762][0.725678,0.019058,0][-1.33019,-0.093232,-0.482916][0.641521,-0.494994,0.597113][0.72525,0.032064,0][-1.03164,0.442088,0.62289][0.5346,-0.597197,-0.611122][0.78495,0.016046,0][-1.45513,0.119628,-0.118076][0.853785,-0.511292,0.125187][0.74334,0.022745,0][-1.5189,0.39921,-0.12567][0.467995,0.810592,-0.375928][0.744161,0.00951898,0][-1.5189,0.39921,-0.12567][0.467995,0.810592,-0.375928][0.744161,0.00951898,0][-1.07241,0.726768,0.67138][0.158503,0.835647,-0.546161][0.788527,0.003057,0][-1.03164,0.442088,0.62289][0.5346,-0.597197,-0.611122][0.78495,0.016046,0][-0.547608,0.393528,-1.0831][-0.341299,0.739641,-0.596768][0.418118,0.272972,0][0,0.577308,-1.14136][0.22079,0.76452,-0.622861][0.482864,0.276904,0][0,0.454488,-1.15911][0.049113,-0.098751,-1.00502][0.482253,0.2661,0][0,0.454488,-1.15911][0.049113,-0.098751,-1.00502][0.482253,0.2661,0][-0.556328,0.264408,-1.09976][-0.159225,-0.103278,-0.992823][0.417328,0.262224,0][-0.547608,0.393528,-1.0831][-0.341299,0.739641,-0.596768][0.418118,0.272972,0][0,0.694148,0.939266][0.099175,-0.150135,0.994829][0.086084,0.25654,0][0,0.815988,0.931482][0.133368,0.664585,0.749949][0.084104,0.268228,0][-1.12977,0.703768,0.762292][-0.490548,0.731819,0.490635][0.19977,0.279846,0][-1.12977,0.703768,0.762292][-0.490548,0.731819,0.490635][0.19977,0.279846,0][-1.15273,0.581928,0.768708][-0.514764,-0.156399,0.852605][0.204025,0.269964,0][0,0.694148,0.939266][0.099175,-0.150135,0.994829][0.086084,0.25654,0][-1.16254,0.103748,-0.841344][-0.448985,0.693049,-0.579556][0.351547,0.264489,0][-1.17995,-0.031652,-0.856928][-0.501399,-0.148335,-0.862134][0.350065,0.253311,0][-1.49703,0.0258279,-0.542006][-0.854799,-0.190199,-0.489024][0.318756,0.257115,0][-1.49703,0.0258279,-0.542006][-0.854799,-0.190199,-0.489024][0.318756,0.257115,0][-1.47396,0.158808,-0.53595][-0.525365,0.644479,-0.569886][0.320915,0.268295,0][-1.16254,0.103748,-0.841344][-0.448985,0.693049,-0.579556][0.351547,0.264489,0][-1.15273,0.581928,0.768708][-0.514764,-0.156399,0.852605][0.204025,0.269964,0][-1.12977,0.703768,0.762292][-0.490548,0.731819,0.490635][0.19977,0.279846,0][-1.62176,0.374588,-0.117998][-0.713089,0.677943,-0.207002][0.285563,0.275097,0][-1.62176,0.374588,-0.117998][-0.713089,0.677943,-0.207002][0.285563,0.275097,0][-1.65043,0.243988,-0.11463][-0.972665,-0.172421,0.159359][0.28524,0.264651,0][-1.15273,0.581928,0.768708][-0.514764,-0.156399,0.852605][0.204025,0.269964,0][-0.487178,0.138228,-0.962924][0.330567,-0.612478,0.731738][0.420238,0.241655,0][-0.519032,0.123728,-1.05341][0.146987,-0.81816,-0.575159][0.418707,0.24965,0][0,0.307508,-1.1052][-0.160732,-0.828807,-0.555832][0.480611,0.252995,0][0,0.307508,-1.1052][-0.160732,-0.828807,-0.555832][0.480611,0.252995,0][0,0.31583,-1.00774][-0.199361,-0.628881,0.76561][0.480511,0.244748,0][-0.487178,0.138228,-0.962924][0.330567,-0.612478,0.731738][0.420238,0.241655,0][0,0.577308,-1.14136][0.22079,0.76452,-0.622861][0.482864,0.276904,0][-0.547608,0.393528,-1.0831][-0.341299,0.739641,-0.596768][0.418118,0.272972,0][-0.515754,0.397048,-0.985022][-0.086831,0.717938,0.706497][0.41773,0.281467,0][-0.515754,0.397048,-0.985022][-0.086831,0.717938,0.706497][0.41773,0.281467,0][0,0.563688,-1.02871][0.117146,0.704907,0.715093][0.481235,0.28629,0][0,0.577308,-1.14136][0.22079,0.76452,-0.622861][0.482864,0.276904,0][-1.07241,0.726768,0.67138][0.158503,0.835647,-0.546161][0.200923,0.288151,0][-1.12977,0.703768,0.762292][-0.490548,0.731819,0.490635][0.19977,0.279846,0][0,0.815988,0.931482][0.133368,0.664585,0.749949][0.084104,0.268228,0][0,0.815988,0.931482][0.133368,0.664585,0.749949][0.084104,0.268228,0][0,0.838948,0.814292][0.010191,0.837161,-0.566864][0.08473,0.278078,0][-1.07241,0.726768,0.67138][0.158503,0.835647,-0.546161][0.200923,0.288151,0][0,0.531308,0.873844][-0.013134,-0.884058,0.490455][0.090266,0.241974,0][-1.08899,0.419088,0.7138][-0.098698,-0.882736,0.482804][0.208008,0.255286,0][-1.03164,0.442088,0.62289][0.5346,-0.597197,-0.611122][0.205924,0.246061,0][-1.03164,0.442088,0.62289][0.5346,-0.597197,-0.611122][0.205924,0.246061,0][0,0.554268,0.756654][-0.124898,-0.561506,-0.831291][0.092365,0.232222,0][0,0.531308,0.873844][-0.013134,-0.884058,0.490455][0.090266,0.241974,0][-1.33019,-0.093232,-0.482916][0.641521,-0.494994,0.597113][0.31889,0.236002,0][-1.41355,-0.115912,-0.520584][-0.416339,-0.917898,0.050436][0.319332,0.24415,0][-1.10553,-0.166052,-0.818122][-0.119937,-0.912093,-0.419121][0.353505,0.24093,0][-1.10553,-0.166052,-0.818122][-0.119937,-0.912093,-0.419121][0.353505,0.24093,0][-1.04187,-0.145372,-0.734624][0.486033,-0.560703,0.682936][0.355201,0.232222,0][-1.33019,-0.093232,-0.482916][0.641521,-0.494994,0.597113][0.31889,0.236002,0][-1.16254,0.103748,-0.841344][-0.448985,0.693049,-0.579556][0.351547,0.264489,0][-1.47396,0.158808,-0.53595][-0.525365,0.644479,-0.569886][0.320915,0.268295,0][-1.3906,0.181488,-0.498282][0.537527,0.850893,0.053762][0.32426,0.276181,0][-1.3906,0.181488,-0.498282][0.537527,0.850893,0.053762][0.32426,0.276181,0][-1.09888,0.124428,-0.757846][0.191933,0.827755,0.547214][0.354788,0.273899,0][-1.16254,0.103748,-0.841344][-0.448985,0.693049,-0.579556][0.351547,0.264489,0][-1.08899,0.419088,0.7138][-0.098698,-0.882736,0.482804][0.208008,0.255286,0][-1.55798,0.0950079,-0.110404][-0.330963,-0.87265,0.385728][0.283839,0.250736,0][-1.45513,0.119628,-0.118076][0.853785,-0.511292,0.125187][0.280515,0.242226,0][-1.45513,0.119628,-0.118076][0.853785,-0.511292,0.125187][0.280515,0.242226,0][-1.03164,0.442088,0.62289][0.5346,-0.597197,-0.611122][0.205924,0.246061,0][-1.08899,0.419088,0.7138][-0.098698,-0.882736,0.482804][0.208008,0.255286,0][-1.5189,0.39921,-0.12567][0.467995,0.810592,-0.375928][0.284216,0.282698,0][-1.62176,0.374588,-0.117998][-0.713089,0.677943,-0.207002][0.285563,0.275097,0][-1.12977,0.703768,0.762292][-0.490548,0.731819,0.490635][0.19977,0.279846,0][-1.12977,0.703768,0.762292][-0.490548,0.731819,0.490635][0.19977,0.279846,0][-1.07241,0.726768,0.67138][0.158503,0.835647,-0.546161][0.200923,0.288151,0][-1.5189,0.39921,-0.12567][0.467995,0.810592,-0.375928][0.284216,0.282698,0][-1.08899,0.419088,0.7138][-0.098698,-0.882736,0.482804][0.208008,0.255286,0][0,0.531308,0.873844][-0.013134,-0.884058,0.490455][0.090266,0.241974,0][0,0.694148,0.939266][0.099175,-0.150135,0.994829][0.086084,0.25654,0][0,0.694148,0.939266][0.099175,-0.150135,0.994829][0.086084,0.25654,0][-1.15273,0.581928,0.768708][-0.514764,-0.156399,0.852605][0.204025,0.269964,0][-1.08899,0.419088,0.7138][-0.098698,-0.882736,0.482804][0.208008,0.255286,0][-0.556328,0.264408,-1.09976][-0.159225,-0.103278,-0.992823][0.417328,0.262224,0][0,0.454488,-1.15911][0.049113,-0.098751,-1.00502][0.482253,0.2661,0][0,0.307508,-1.1052][-0.160732,-0.828807,-0.555832][0.480611,0.252995,0][0,0.307508,-1.1052][-0.160732,-0.828807,-0.555832][0.480611,0.252995,0][-0.519032,0.123728,-1.05341][0.146987,-0.81816,-0.575159][0.418707,0.24965,0][-0.556328,0.264408,-1.09976][-0.159225,-0.103278,-0.992823][0.417328,0.262224,0][-1.17995,-0.031652,-0.856928][-0.501399,-0.148335,-0.862134][0.350065,0.253311,0][-1.10553,-0.166052,-0.818122][-0.119937,-0.912093,-0.419121][0.353505,0.24093,0][-1.41355,-0.115912,-0.520584][-0.416339,-0.917898,0.050436][0.319332,0.24415,0][-1.41355,-0.115912,-0.520584][-0.416339,-0.917898,0.050436][0.319332,0.24415,0][-1.49703,0.0258279,-0.542006][-0.854799,-0.190199,-0.489024][0.318756,0.257115,0][-1.17995,-0.031652,-0.856928][-0.501399,-0.148335,-0.862134][0.350065,0.253311,0][-1.08899,0.419088,0.7138][-0.098698,-0.882736,0.482804][0.208008,0.255286,0][-1.15273,0.581928,0.768708][-0.514764,-0.156399,0.852605][0.204025,0.269964,0][-1.65043,0.243988,-0.11463][-0.972665,-0.172421,0.159359][0.28524,0.264651,0][-1.65043,0.243988,-0.11463][-0.972665,-0.172421,0.159359][0.28524,0.264651,0][-1.55798,0.0950079,-0.110404][-0.330963,-0.87265,0.385728][0.283839,0.250736,0][-1.08899,0.419088,0.7138][-0.098698,-0.882736,0.482804][0.208008,0.255286,0][-1.16254,0.103748,-0.841344][-0.448985,0.693049,-0.579556][0.351547,0.264489,0][-0.547608,0.393528,-1.0831][-0.341299,0.739641,-0.596768][0.418118,0.272972,0][-0.556328,0.264408,-1.09976][-0.159225,-0.103278,-0.992823][0.417328,0.262224,0][-0.556328,0.264408,-1.09976][-0.159225,-0.103278,-0.992823][0.417328,0.262224,0][-1.17995,-0.031652,-0.856928][-0.501399,-0.148335,-0.862134][0.350065,0.253311,0][-1.16254,0.103748,-0.841344][-0.448985,0.693049,-0.579556][0.351547,0.264489,0][-0.547608,0.393528,-1.0831][-0.341299,0.739641,-0.596768][0.418118,0.272972,0][-1.16254,0.103748,-0.841344][-0.448985,0.693049,-0.579556][0.351547,0.264489,0][-1.09888,0.124428,-0.757846][0.191933,0.827755,0.547214][0.354788,0.273899,0][-1.09888,0.124428,-0.757846][0.191933,0.827755,0.547214][0.354788,0.273899,0][-0.515754,0.397048,-0.985022][-0.086831,0.717938,0.706497][0.41773,0.281467,0][-0.547608,0.393528,-1.0831][-0.341299,0.739641,-0.596768][0.418118,0.272972,0][-1.09888,0.124428,-0.757846][0.191933,0.827755,0.547214][0.707945,0.023283,0][-1.04187,-0.145372,-0.734624][0.486033,-0.560703,0.682936][0.707861,0.036067,0][-0.487178,0.138228,-0.962924][0.330567,-0.612478,0.731738][0.672828,0.028692,0][-0.487178,0.138228,-0.962924][0.330567,-0.612478,0.731738][0.672828,0.028692,0][-0.515754,0.397048,-0.985022][-0.086831,0.717938,0.706497][0.67177,0.016665,0][-1.09888,0.124428,-0.757846][0.191933,0.827755,0.547214][0.707945,0.023283,0][-1.04187,-0.145372,-0.734624][0.486033,-0.560703,0.682936][0.355201,0.232222,0][-1.10553,-0.166052,-0.818122][-0.119937,-0.912093,-0.419121][0.353505,0.24093,0][-0.519032,0.123728,-1.05341][0.146987,-0.81816,-0.575159][0.418707,0.24965,0][-0.519032,0.123728,-1.05341][0.146987,-0.81816,-0.575159][0.418707,0.24965,0][-0.487178,0.138228,-0.962924][0.330567,-0.612478,0.731738][0.420238,0.241655,0][-1.04187,-0.145372,-0.734624][0.486033,-0.560703,0.682936][0.355201,0.232222,0][-1.17995,-0.031652,-0.856928][-0.501399,-0.148335,-0.862134][0.350065,0.253311,0][-0.556328,0.264408,-1.09976][-0.159225,-0.103278,-0.992823][0.417328,0.262224,0][-0.519032,0.123728,-1.05341][0.146987,-0.81816,-0.575159][0.418707,0.24965,0][-0.519032,0.123728,-1.05341][0.146987,-0.81816,-0.575159][0.418707,0.24965,0][-1.10553,-0.166052,-0.818122][-0.119937,-0.912093,-0.419121][0.353505,0.24093,0][-1.17995,-0.031652,-0.856928][-0.501399,-0.148335,-0.862134][0.350065,0.253311,0][-1.47396,0.158808,-0.53595][-0.525365,0.644479,-0.569886][0.320915,0.268295,0][-1.49703,0.0258279,-0.542006][-0.854799,-0.190199,-0.489024][0.318756,0.257115,0][-1.65043,0.243988,-0.11463][-0.972665,-0.172421,0.159359][0.28524,0.264651,0][-1.65043,0.243988,-0.11463][-0.972665,-0.172421,0.159359][0.28524,0.264651,0][-1.62176,0.374588,-0.117998][-0.713089,0.677943,-0.207002][0.285563,0.275097,0][-1.47396,0.158808,-0.53595][-0.525365,0.644479,-0.569886][0.320915,0.268295,0][-1.47396,0.158808,-0.53595][-0.525365,0.644479,-0.569886][0.320915,0.268295,0][-1.62176,0.374588,-0.117998][-0.713089,0.677943,-0.207002][0.285563,0.275097,0][-1.5189,0.39921,-0.12567][0.467995,0.810592,-0.375928][0.284216,0.282698,0][-1.5189,0.39921,-0.12567][0.467995,0.810592,-0.375928][0.284216,0.282698,0][-1.3906,0.181488,-0.498282][0.537527,0.850893,0.053762][0.32426,0.276181,0][-1.47396,0.158808,-0.53595][-0.525365,0.644479,-0.569886][0.320915,0.268295,0][-1.45513,0.119628,-0.118076][0.853785,-0.511292,0.125187][0.74334,0.022745,0][-1.33019,-0.093232,-0.482916][0.641521,-0.494994,0.597113][0.72525,0.032064,0][-1.3906,0.181488,-0.498282][0.537527,0.850893,0.053762][0.725678,0.019058,0][-1.3906,0.181488,-0.498282][0.537527,0.850893,0.053762][0.725678,0.019058,0][-1.5189,0.39921,-0.12567][0.467995,0.810592,-0.375928][0.744161,0.00951898,0][-1.45513,0.119628,-0.118076][0.853785,-0.511292,0.125187][0.74334,0.022745,0][-1.45513,0.119628,-0.118076][0.853785,-0.511292,0.125187][0.280515,0.242226,0][-1.55798,0.0950079,-0.110404][-0.330963,-0.87265,0.385728][0.283839,0.250736,0][-1.41355,-0.115912,-0.520584][-0.416339,-0.917898,0.050436][0.319332,0.24415,0][-1.41355,-0.115912,-0.520584][-0.416339,-0.917898,0.050436][0.319332,0.24415,0][-1.33019,-0.093232,-0.482916][0.641521,-0.494994,0.597113][0.31889,0.236002,0][-1.45513,0.119628,-0.118076][0.853785,-0.511292,0.125187][0.280515,0.242226,0][-1.55798,0.0950079,-0.110404][-0.330963,-0.87265,0.385728][0.283839,0.250736,0][-1.65043,0.243988,-0.11463][-0.972665,-0.172421,0.159359][0.28524,0.264651,0][-1.49703,0.0258279,-0.542006][-0.854799,-0.190199,-0.489024][0.318756,0.257115,0][-1.49703,0.0258279,-0.542006][-0.854799,-0.190199,-0.489024][0.318756,0.257115,0][-1.41355,-0.115912,-0.520584][-0.416339,-0.917898,0.050436][0.319332,0.24415,0][-1.55798,0.0950079,-0.110404][-0.330963,-0.87265,0.385728][0.283839,0.250736,0][0.97626,-0.368812,-0.686694][0.029848,0.949222,0.34691][0.700616,0.051281,0][0.49609,-0.115512,-0.903974][0.155811,0.875222,0.481091][0.668726,0.047562,0][0.43814,-0.345472,-0.82445][-0.319943,-0.40374,0.868695][0.672683,0.036705,0][0.43814,-0.345472,-0.82445][-0.319943,-0.40374,0.868695][0.672683,0.036705,0][0.868224,-0.578272,-0.595176][-0.546737,-0.296444,0.792982][0.70246,0.039748,0][0.97626,-0.368812,-0.686694][0.029848,0.949222,0.34691][0.700616,0.051281,0][0,-0.023692,0.666296][-0.149167,-0.579148,-0.814937][0.820685,0.024937,0][0,0.277688,0.710626][0.010692,0.8249,-0.584554][0.828361,0.036731,0][0.967916,0.174208,0.585448][-0.101612,0.851607,-0.535249][0.773656,0.065695,0][0.967916,0.174208,0.585448][-0.101612,0.851607,-0.535249][0.773656,0.065695,0][0.88632,-0.168312,0.539596][-0.560739,-0.543293,-0.63693][0.76811,0.050258,0][0,-0.023692,0.666296][-0.149167,-0.579148,-0.814937][0.820685,0.024937,0][1.24664,-0.359832,-0.461498][-0.289382,0.963172,-0.094719][0.716212,0.05588,0][1.12468,-0.611732,-0.411114][-0.762395,-0.246188,0.606198][0.716813,0.042756,0][1.23999,-0.422392,-0.108244][-0.940729,-0.338302,0.056059][0.732058,0.051015,0][1.23999,-0.422392,-0.108244][-0.940729,-0.338302,0.056059][0.732058,0.051015,0][1.37642,-0.126412,-0.115928][-0.310432,0.857245,-0.434622][0.733674,0.065988,0][1.24664,-0.359832,-0.461498][-0.289382,0.963172,-0.094719][0.716212,0.05588,0][0.88632,-0.168312,0.539596][-0.560739,-0.543293,-0.63693][0.76811,0.050258,0][0.967916,0.174208,0.585448][-0.101612,0.851607,-0.535249][0.773656,0.065695,0][1.37642,-0.126412,-0.115928][-0.310432,0.857245,-0.434622][0.733674,0.065988,0][1.37642,-0.126412,-0.115928][-0.310432,0.857245,-0.434622][0.733674,0.065988,0][1.23999,-0.422392,-0.108244][-0.940729,-0.338302,0.056059][0.732058,0.051015,0][0.88632,-0.168312,0.539596][-0.560739,-0.543293,-0.63693][0.76811,0.050258,0][1.024,-0.538012,-0.738814][0.395904,-0.435161,-0.820172][0.143236,0.107552,0][0.927446,-0.632452,-0.668942][-0.101906,-0.974854,-0.247639][0.145111,0.095188,0][0.469866,-0.386052,-0.917212][-0.17969,-0.921319,-0.374756][0.089036,0.092514,0][0.469866,-0.386052,-0.917212][-0.17969,-0.921319,-0.374756][0.089036,0.092514,0][0.521658,-0.274472,-0.98544][0.131266,-0.328852,-0.946848][0.087253,0.104259,0][1.024,-0.538012,-0.738814][0.395904,-0.435161,-0.820172][0.143236,0.107552,0][0.941122,-0.19557,0.631866][0.040929,-0.895119,0.468326][0.267804,0.105101,0][1.02369,-0.014732,0.68418][0.486252,-0.220253,0.855605][0.273281,0.12178,0][0,0.118808,0.841542][0.09711,-0.132263,0.99757][0.37467,0.091272,0][0,0.118808,0.841542][0.09711,-0.132263,0.99757][0.37467,0.091272,0][0,-0.042232,0.784244][-0.038982,-0.869534,0.51443][0.368075,0.078353,0][0.941122,-0.19557,0.631866][0.040929,-0.895119,0.468326][0.267804,0.105101,0][1.33612,-0.468252,-0.095466][0.187186,-0.901365,0.417137][0.197958,0.106095,0][1.20201,-0.66185,-0.442416][0.152938,-0.987719,0.150933][0.169529,0.09981,0][1.31301,-0.541932,-0.479498][0.784542,-0.457147,-0.429042][0.168163,0.111867,0][1.31301,-0.541932,-0.479498][0.784542,-0.457147,-0.429042][0.168163,0.111867,0][1.46212,-0.321892,-0.09851][0.906026,-0.358191,0.234107][0.200562,0.121538,0][1.33612,-0.468252,-0.095466][0.187186,-0.901365,0.417137][0.197958,0.106095,0][1.46212,-0.321892,-0.09851][0.906026,-0.358191,0.234107][0.200562,0.121538,0][1.02369,-0.014732,0.68418][0.486252,-0.220253,0.855605][0.273281,0.12178,0][0.941122,-0.19557,0.631866][0.040929,-0.895119,0.468326][0.267804,0.105101,0][0.941122,-0.19557,0.631866][0.040929,-0.895119,0.468326][0.267804,0.105101,0][1.33612,-0.468252,-0.095466][0.187186,-0.901365,0.417137][0.197958,0.106095,0][1.46212,-0.321892,-0.09851][0.906026,-0.358191,0.234107][0.200562,0.121538,0][0.868224,-0.578272,-0.595176][-0.546737,-0.296444,0.792982][0.144901,0.086947,0][0.43814,-0.345472,-0.82445][-0.319943,-0.40374,0.868695][0.089531,0.08324,0][0.469866,-0.386052,-0.917212][-0.17969,-0.921319,-0.374756][0.089036,0.092514,0][0.469866,-0.386052,-0.917212][-0.17969,-0.921319,-0.374756][0.089036,0.092514,0][0.927446,-0.632452,-0.668942][-0.101906,-0.974854,-0.247639][0.145111,0.095188,0][0.868224,-0.578272,-0.595176][-0.546737,-0.296444,0.792982][0.144901,0.086947,0][0.97626,-0.368812,-0.686694][0.029848,0.949222,0.34691][0.136064,0.125609,0][1.03548,-0.423012,-0.760458][0.540426,0.439797,-0.728211][0.138366,0.116822,0][0.527816,-0.153372,-0.995196][0.345889,0.533962,-0.78413][0.082949,0.113549,0][0.527816,-0.153372,-0.995196][0.345889,0.533962,-0.78413][0.082949,0.113549,0][0.49609,-0.115512,-0.903974][0.155811,0.875222,0.481091][0.079652,0.121911,0][0.97626,-0.368812,-0.686694][0.029848,0.949222,0.34691][0.136064,0.125609,0][0.967916,0.174208,0.585448][-0.101612,0.851607,-0.535249][0.276909,0.14319,0][0,0.277688,0.710626][0.010692,0.8249,-0.584554][0.383398,0.11345,0][0,0.259168,0.828574][0.133989,0.663423,0.750866][0.380814,0.103848,0][0,0.259168,0.828574][0.133989,0.663423,0.750866][0.380814,0.103848,0][1.02272,0.146948,0.677718][0.532899,0.656841,0.548208][0.276943,0.134566,0][0.967916,0.174208,0.585448][-0.101612,0.851607,-0.535249][0.276909,0.14319,0][0.88632,-0.168312,0.539596][-0.560739,-0.543293,-0.63693][0.265719,0.096354,0][0.941122,-0.19557,0.631866][0.040929,-0.895119,0.468326][0.267804,0.105101,0][0,-0.042232,0.784244][-0.038982,-0.869534,0.51443][0.368075,0.078353,0][0,-0.042232,0.784244][-0.038982,-0.869534,0.51443][0.368075,0.078353,0][0,-0.023692,0.666296][-0.149167,-0.579148,-0.814937][0.364102,0.069852,0][0.88632,-0.168312,0.539596][-0.560739,-0.543293,-0.63693][0.265719,0.096354,0][1.12468,-0.611732,-0.411114][-0.762395,-0.246188,0.606198][0.171922,0.091666,0][1.20201,-0.66185,-0.442416][0.152938,-0.987719,0.150933][0.169529,0.09981,0][1.33612,-0.468252,-0.095466][0.187186,-0.901365,0.417137][0.197958,0.106095,0][1.33612,-0.468252,-0.095466][0.187186,-0.901365,0.417137][0.197958,0.106095,0][1.23999,-0.422392,-0.108244][-0.940729,-0.338302,0.056059][0.201549,0.097436,0][1.12468,-0.611732,-0.411114][-0.762395,-0.246188,0.606198][0.171922,0.091666,0][1.24664,-0.359832,-0.461498][-0.289382,0.963172,-0.094719][0.166904,0.130965,0][1.37642,-0.126412,-0.115928][-0.310432,0.857245,-0.434622][0.20649,0.142487,0][1.47255,-0.172252,-0.10315][0.857704,0.493641,-0.162948][0.20546,0.132912,0][1.47255,-0.172252,-0.10315][0.857704,0.493641,-0.162948][0.20546,0.132912,0][1.32397,-0.40993,-0.4928][0.683667,0.400377,-0.61981][0.167218,0.12232,0][1.24664,-0.359832,-0.461498][-0.289382,0.963172,-0.094719][0.166904,0.130965,0][1.23999,-0.422392,-0.108244][-0.940729,-0.338302,0.056059][0.201549,0.097436,0][1.33612,-0.468252,-0.095466][0.187186,-0.901365,0.417137][0.197958,0.106095,0][0.941122,-0.19557,0.631866][0.040929,-0.895119,0.468326][0.267804,0.105101,0][0.941122,-0.19557,0.631866][0.040929,-0.895119,0.468326][0.267804,0.105101,0][0.88632,-0.168312,0.539596][-0.560739,-0.543293,-0.63693][0.265719,0.096354,0][1.23999,-0.422392,-0.108244][-0.940729,-0.338302,0.056059][0.201549,0.097436,0][1.37642,-0.126412,-0.115928][-0.310432,0.857245,-0.434622][0.20649,0.142487,0][0.967916,0.174208,0.585448][-0.101612,0.851607,-0.535249][0.276909,0.14319,0][1.02272,0.146948,0.677718][0.532899,0.656841,0.548208][0.276943,0.134566,0][1.02272,0.146948,0.677718][0.532899,0.656841,0.548208][0.276943,0.134566,0][1.47255,-0.172252,-0.10315][0.857704,0.493641,-0.162948][0.20546,0.132912,0][1.37642,-0.126412,-0.115928][-0.310432,0.857245,-0.434622][0.20649,0.142487,0][1.46212,-0.321892,-0.09851][0.906026,-0.358191,0.234107][0.200562,0.121538,0][1.31301,-0.541932,-0.479498][0.784542,-0.457147,-0.429042][0.168163,0.111867,0][1.32397,-0.40993,-0.4928][0.683667,0.400377,-0.61981][0.167218,0.12232,0][1.32397,-0.40993,-0.4928][0.683667,0.400377,-0.61981][0.167218,0.12232,0][1.47255,-0.172252,-0.10315][0.857704,0.493641,-0.162948][0.20546,0.132912,0][1.46212,-0.321892,-0.09851][0.906026,-0.358191,0.234107][0.200562,0.121538,0][0.521658,-0.274472,-0.98544][0.131266,-0.328852,-0.946848][0.087253,0.104259,0][0.527816,-0.153372,-0.995196][0.345889,0.533962,-0.78413][0.082949,0.113549,0][1.03548,-0.423012,-0.760458][0.540426,0.439797,-0.728211][0.138366,0.116822,0][1.03548,-0.423012,-0.760458][0.540426,0.439797,-0.728211][0.138366,0.116822,0][1.024,-0.538012,-0.738814][0.395904,-0.435161,-0.820172][0.143236,0.107552,0][0.521658,-0.274472,-0.98544][0.131266,-0.328852,-0.946848][0.087253,0.104259,0][1.02272,0.146948,0.677718][0.532899,0.656841,0.548208][0.276943,0.134566,0][0,0.259168,0.828574][0.133989,0.663423,0.750866][0.380814,0.103848,0][0,0.118808,0.841542][0.09711,-0.132263,0.99757][0.37467,0.091272,0][0,0.118808,0.841542][0.09711,-0.132263,0.99757][0.37467,0.091272,0][1.02369,-0.014732,0.68418][0.486252,-0.220253,0.855605][0.273281,0.12178,0][1.02272,0.146948,0.677718][0.532899,0.656841,0.548208][0.276943,0.134566,0][1.02369,-0.014732,0.68418][0.486252,-0.220253,0.855605][0.273281,0.12178,0][1.46212,-0.321892,-0.09851][0.906026,-0.358191,0.234107][0.200562,0.121538,0][1.47255,-0.172252,-0.10315][0.857704,0.493641,-0.162948][0.20546,0.132912,0][1.47255,-0.172252,-0.10315][0.857704,0.493641,-0.162948][0.20546,0.132912,0][1.02272,0.146948,0.677718][0.532899,0.656841,0.548208][0.276943,0.134566,0][1.02369,-0.014732,0.68418][0.486252,-0.220253,0.855605][0.273281,0.12178,0][0.521658,-0.274472,-0.98544][0.131266,-0.328852,-0.946848][0.087253,0.104259,0][0.469866,-0.386052,-0.917212][-0.17969,-0.921319,-0.374756][0.089036,0.092514,0][0,-0.251152,-1.01597][-0.120094,-0.923762,-0.392683][0.028409,0.079578,0][0,-0.251152,-1.01597][-0.120094,-0.923762,-0.392683][0.028409,0.079578,0][0,-0.119792,-1.0823][0.068493,-0.267708,-0.972532][0.023558,0.091196,0][0.521658,-0.274472,-0.98544][0.131266,-0.328852,-0.946848][0.087253,0.104259,0][0.43814,-0.345472,-0.82445][-0.319943,-0.40374,0.868695][0.089531,0.08324,0][0,-0.226272,-0.901322][-0.177203,-0.467421,0.878464][0.030854,0.069852,0][0,-0.251152,-1.01597][-0.120094,-0.923762,-0.392683][0.028409,0.079578,0][0,-0.251152,-1.01597][-0.120094,-0.923762,-0.392683][0.028409,0.079578,0][0.469866,-0.386052,-0.917212][-0.17969,-0.921319,-0.374756][0.089036,0.092514,0][0.43814,-0.345472,-0.82445][-0.319943,-0.40374,0.868695][0.089531,0.08324,0][0.49609,-0.115512,-0.903974][0.155811,0.875222,0.481091][0.668726,0.047562,0][0,0.0273681,-0.967024][0.121591,0.866972,0.505496][0.636645,0.035063,0][0,-0.226272,-0.901322][-0.177203,-0.467421,0.878464][0.643275,0.024937,0][0,-0.226272,-0.901322][-0.177203,-0.467421,0.878464][0.643275,0.024937,0][0.43814,-0.345472,-0.82445][-0.319943,-0.40374,0.868695][0.672683,0.036705,0][0.49609,-0.115512,-0.903974][0.155811,0.875222,0.481091][0.668726,0.047562,0][0.49609,-0.115512,-0.903974][0.155811,0.875222,0.481091][0.079652,0.121911,0][0.527816,-0.153372,-0.995196][0.345889,0.533962,-0.78413][0.082949,0.113549,0][0,0.00828791,-1.07836][0.209905,0.594254,-0.790001][0.018419,0.102053,0][0,0.00828791,-1.07836][0.209905,0.594254,-0.790001][0.018419,0.102053,0][0,0.0273681,-0.967024][0.121591,0.866972,0.505496][0.017074,0.111789,0][0.49609,-0.115512,-0.903974][0.155811,0.875222,0.481091][0.079652,0.121911,0][0.527816,-0.153372,-0.995196][0.345889,0.533962,-0.78413][0.082949,0.113549,0][0.521658,-0.274472,-0.98544][0.131266,-0.328852,-0.946848][0.087253,0.104259,0][0,-0.119792,-1.0823][0.068493,-0.267708,-0.972532][0.023558,0.091196,0][0,-0.119792,-1.0823][0.068493,-0.267708,-0.972532][0.023558,0.091196,0][0,0.00828791,-1.07836][0.209905,0.594254,-0.790001][0.018419,0.102053,0][0.527816,-0.153372,-0.995196][0.345889,0.533962,-0.78413][0.082949,0.113549,0][1.20201,-0.66185,-0.442416][0.152938,-0.987719,0.150933][0.169529,0.09981,0][0.927446,-0.632452,-0.668942][-0.101906,-0.974854,-0.247639][0.145111,0.095188,0][1.024,-0.538012,-0.738814][0.395904,-0.435161,-0.820172][0.143236,0.107552,0][1.024,-0.538012,-0.738814][0.395904,-0.435161,-0.820172][0.143236,0.107552,0][1.31301,-0.541932,-0.479498][0.784542,-0.457147,-0.429042][0.168163,0.111867,0][1.20201,-0.66185,-0.442416][0.152938,-0.987719,0.150933][0.169529,0.09981,0][1.12468,-0.611732,-0.411114][-0.762395,-0.246188,0.606198][0.171922,0.091666,0][0.868224,-0.578272,-0.595176][-0.546737,-0.296444,0.792982][0.144901,0.086947,0][0.927446,-0.632452,-0.668942][-0.101906,-0.974854,-0.247639][0.145111,0.095188,0][0.927446,-0.632452,-0.668942][-0.101906,-0.974854,-0.247639][0.145111,0.095188,0][1.20201,-0.66185,-0.442416][0.152938,-0.987719,0.150933][0.169529,0.09981,0][1.12468,-0.611732,-0.411114][-0.762395,-0.246188,0.606198][0.171922,0.091666,0][0.97626,-0.368812,-0.686694][0.029848,0.949222,0.34691][0.700616,0.051281,0][0.868224,-0.578272,-0.595176][-0.546737,-0.296444,0.792982][0.70246,0.039748,0][1.12468,-0.611732,-0.411114][-0.762395,-0.246188,0.606198][0.716813,0.042756,0][1.12468,-0.611732,-0.411114][-0.762395,-0.246188,0.606198][0.716813,0.042756,0][1.24664,-0.359832,-0.461498][-0.289382,0.963172,-0.094719][0.716212,0.05588,0][0.97626,-0.368812,-0.686694][0.029848,0.949222,0.34691][0.700616,0.051281,0][1.24664,-0.359832,-0.461498][-0.289382,0.963172,-0.094719][0.166904,0.130965,0][1.32397,-0.40993,-0.4928][0.683667,0.400377,-0.61981][0.167218,0.12232,0][1.03548,-0.423012,-0.760458][0.540426,0.439797,-0.728211][0.138366,0.116822,0][1.03548,-0.423012,-0.760458][0.540426,0.439797,-0.728211][0.138366,0.116822,0][0.97626,-0.368812,-0.686694][0.029848,0.949222,0.34691][0.136064,0.125609,0][1.24664,-0.359832,-0.461498][-0.289382,0.963172,-0.094719][0.166904,0.130965,0][1.32397,-0.40993,-0.4928][0.683667,0.400377,-0.61981][0.167218,0.12232,0][1.31301,-0.541932,-0.479498][0.784542,-0.457147,-0.429042][0.168163,0.111867,0][1.024,-0.538012,-0.738814][0.395904,-0.435161,-0.820172][0.143236,0.107552,0][1.024,-0.538012,-0.738814][0.395904,-0.435161,-0.820172][0.143236,0.107552,0][1.03548,-0.423012,-0.760458][0.540426,0.439797,-0.728211][0.138366,0.116822,0][1.32397,-0.40993,-0.4928][0.683667,0.400377,-0.61981][0.167218,0.12232,0][-0.97626,-0.368812,-0.686694][-0.029848,0.949222,0.34691][0.700616,0.051281,0][-0.868224,-0.578272,-0.595176][0.546737,-0.296444,0.792982][0.70246,0.039748,0][-0.43814,-0.345472,-0.824452][0.319943,-0.40374,0.868695][0.672683,0.036705,0][-0.43814,-0.345472,-0.824452][0.319943,-0.40374,0.868695][0.672683,0.036705,0][-0.49609,-0.115512,-0.903976][-0.155811,0.875222,0.481091][0.668726,0.047562,0][-0.97626,-0.368812,-0.686694][-0.029848,0.949222,0.34691][0.700616,0.051281,0][-0.967916,0.174208,0.585446][0.101612,0.851607,-0.535249][0.773656,0.065695,0][0,0.277688,0.710626][0.010692,0.8249,-0.584554][0.828361,0.036731,0][0,-0.023692,0.666296][-0.149167,-0.579148,-0.814937][0.820685,0.024937,0][0,-0.023692,0.666296][-0.149167,-0.579148,-0.814937][0.820685,0.024937,0][-0.88632,-0.168312,0.539596][0.560739,-0.543293,-0.63693][0.76811,0.050258,0][-0.967916,0.174208,0.585446][0.101612,0.851607,-0.535249][0.773656,0.065695,0][-1.23999,-0.422392,-0.108246][0.940729,-0.338302,0.056059][0.732058,0.051015,0][-1.12468,-0.611732,-0.411114][0.762395,-0.246188,0.606199][0.716813,0.042756,0][-1.24664,-0.359832,-0.4615][0.289382,0.963172,-0.094719][0.716212,0.05588,0][-1.24664,-0.359832,-0.4615][0.289382,0.963172,-0.094719][0.716212,0.05588,0][-1.37642,-0.126412,-0.11593][0.310432,0.857245,-0.434622][0.733674,0.065988,0][-1.23999,-0.422392,-0.108246][0.940729,-0.338302,0.056059][0.732058,0.051015,0][-0.88632,-0.168312,0.539596][0.560739,-0.543293,-0.63693][0.76811,0.050258,0][-1.23999,-0.422392,-0.108246][0.940729,-0.338302,0.056059][0.732058,0.051015,0][-1.37642,-0.126412,-0.11593][0.310432,0.857245,-0.434622][0.733674,0.065988,0][-1.37642,-0.126412,-0.11593][0.310432,0.857245,-0.434622][0.733674,0.065988,0][-0.967916,0.174208,0.585446][0.101612,0.851607,-0.535249][0.773656,0.065695,0][-0.88632,-0.168312,0.539596][0.560739,-0.543293,-0.63693][0.76811,0.050258,0][-1.024,-0.538012,-0.738816][-0.395904,-0.435161,-0.820172][0.143236,0.107552,0][-0.521658,-0.274472,-0.98544][-0.131266,-0.328852,-0.946848][0.087253,0.104259,0][-0.469866,-0.386052,-0.917214][0.17969,-0.921319,-0.374756][0.089036,0.092514,0][-0.469866,-0.386052,-0.917214][0.17969,-0.921319,-0.374756][0.089036,0.092514,0][-0.927446,-0.632452,-0.668942][0.101906,-0.974854,-0.247639][0.145111,0.095188,0][-1.024,-0.538012,-0.738816][-0.395904,-0.435161,-0.820172][0.143236,0.107552,0][-0.941122,-0.19557,0.631866][-0.040929,-0.895119,0.468326][0.267804,0.105101,0][0,-0.042232,0.784244][-0.038982,-0.869534,0.51443][0.368075,0.078353,0][0,0.118808,0.841542][0.09711,-0.132263,0.99757][0.37467,0.091272,0][0,0.118808,0.841542][0.09711,-0.132263,0.99757][0.37467,0.091272,0][-1.02369,-0.014732,0.684178][-0.486252,-0.220253,0.855605][0.273281,0.12178,0][-0.941122,-0.19557,0.631866][-0.040929,-0.895119,0.468326][0.267804,0.105101,0][-1.31301,-0.541932,-0.4795][-0.784542,-0.457147,-0.429042][0.168163,0.111867,0][-1.20201,-0.66185,-0.442418][-0.152938,-0.987719,0.150933][0.169529,0.09981,0][-1.33612,-0.468252,-0.095468][-0.187186,-0.901365,0.417137][0.197958,0.106095,0][-1.33612,-0.468252,-0.095468][-0.187186,-0.901365,0.417137][0.197958,0.106095,0][-1.46212,-0.321892,-0.098512][-0.906026,-0.358191,0.234107][0.200562,0.121538,0][-1.31301,-0.541932,-0.4795][-0.784542,-0.457147,-0.429042][0.168163,0.111867,0][-0.941122,-0.19557,0.631866][-0.040929,-0.895119,0.468326][0.267804,0.105101,0][-1.02369,-0.014732,0.684178][-0.486252,-0.220253,0.855605][0.273281,0.12178,0][-1.46212,-0.321892,-0.098512][-0.906026,-0.358191,0.234107][0.200562,0.121538,0][-1.46212,-0.321892,-0.098512][-0.906026,-0.358191,0.234107][0.200562,0.121538,0][-1.33612,-0.468252,-0.095468][-0.187186,-0.901365,0.417137][0.197958,0.106095,0][-0.941122,-0.19557,0.631866][-0.040929,-0.895119,0.468326][0.267804,0.105101,0][-0.868224,-0.578272,-0.595176][0.546737,-0.296444,0.792982][0.144901,0.086947,0][-0.927446,-0.632452,-0.668942][0.101906,-0.974854,-0.247639][0.145111,0.095188,0][-0.469866,-0.386052,-0.917214][0.17969,-0.921319,-0.374756][0.089036,0.092514,0][-0.469866,-0.386052,-0.917214][0.17969,-0.921319,-0.374756][0.089036,0.092514,0][-0.43814,-0.345472,-0.824452][0.319943,-0.40374,0.868695][0.089531,0.08324,0][-0.868224,-0.578272,-0.595176][0.546737,-0.296444,0.792982][0.144901,0.086947,0][-0.527816,-0.153372,-0.995198][-0.345889,0.533962,-0.78413][0.082949,0.113549,0][-1.03548,-0.423012,-0.76046][-0.540426,0.439797,-0.728212][0.138366,0.116822,0][-0.97626,-0.368812,-0.686694][-0.029848,0.949222,0.34691][0.136064,0.125609,0][-0.97626,-0.368812,-0.686694][-0.029848,0.949222,0.34691][0.136064,0.125609,0][-0.49609,-0.115512,-0.903976][-0.155811,0.875222,0.481091][0.079652,0.121911,0][-0.527816,-0.153372,-0.995198][-0.345889,0.533962,-0.78413][0.082949,0.113549,0][-0.967916,0.174208,0.585446][0.101612,0.851607,-0.535249][0.276909,0.14319,0][-1.02272,0.146948,0.677716][-0.532899,0.656841,0.548208][0.276943,0.134566,0][0,0.259168,0.828574][0.133989,0.663423,0.750866][0.380814,0.103848,0][0,0.259168,0.828574][0.133989,0.663423,0.750866][0.380814,0.103848,0][0,0.277688,0.710626][0.010692,0.8249,-0.584554][0.383398,0.11345,0][-0.967916,0.174208,0.585446][0.101612,0.851607,-0.535249][0.276909,0.14319,0][0,-0.042232,0.784244][-0.038982,-0.869534,0.51443][0.368075,0.078353,0][-0.941122,-0.19557,0.631866][-0.040929,-0.895119,0.468326][0.267804,0.105101,0][-0.88632,-0.168312,0.539596][0.560739,-0.543293,-0.63693][0.265719,0.096354,0][-0.88632,-0.168312,0.539596][0.560739,-0.543293,-0.63693][0.265719,0.096354,0][0,-0.023692,0.666296][-0.149167,-0.579148,-0.814937][0.364102,0.069852,0][0,-0.042232,0.784244][-0.038982,-0.869534,0.51443][0.368075,0.078353,0][-1.33612,-0.468252,-0.095468][-0.187186,-0.901365,0.417137][0.197958,0.106095,0][-1.20201,-0.66185,-0.442418][-0.152938,-0.987719,0.150933][0.169529,0.09981,0][-1.12468,-0.611732,-0.411114][0.762395,-0.246188,0.606199][0.171922,0.091666,0][-1.12468,-0.611732,-0.411114][0.762395,-0.246188,0.606199][0.171922,0.091666,0][-1.23999,-0.422392,-0.108246][0.940729,-0.338302,0.056059][0.201549,0.097436,0][-1.33612,-0.468252,-0.095468][-0.187186,-0.901365,0.417137][0.197958,0.106095,0][-1.24664,-0.359832,-0.4615][0.289382,0.963172,-0.094719][0.166904,0.130965,0][-1.32397,-0.40993,-0.492802][-0.683667,0.400377,-0.61981][0.167218,0.12232,0][-1.47255,-0.172252,-0.103152][-0.857704,0.493641,-0.162949][0.20546,0.132912,0][-1.47255,-0.172252,-0.103152][-0.857704,0.493641,-0.162949][0.20546,0.132912,0][-1.37642,-0.126412,-0.11593][0.310432,0.857245,-0.434622][0.20649,0.142487,0][-1.24664,-0.359832,-0.4615][0.289382,0.963172,-0.094719][0.166904,0.130965,0][-0.941122,-0.19557,0.631866][-0.040929,-0.895119,0.468326][0.267804,0.105101,0][-1.33612,-0.468252,-0.095468][-0.187186,-0.901365,0.417137][0.197958,0.106095,0][-1.23999,-0.422392,-0.108246][0.940729,-0.338302,0.056059][0.201549,0.097436,0][-1.23999,-0.422392,-0.108246][0.940729,-0.338302,0.056059][0.201549,0.097436,0][-0.88632,-0.168312,0.539596][0.560739,-0.543293,-0.63693][0.265719,0.096354,0][-0.941122,-0.19557,0.631866][-0.040929,-0.895119,0.468326][0.267804,0.105101,0][-1.37642,-0.126412,-0.11593][0.310432,0.857245,-0.434622][0.20649,0.142487,0][-1.47255,-0.172252,-0.103152][-0.857704,0.493641,-0.162949][0.20546,0.132912,0][-1.02272,0.146948,0.677716][-0.532899,0.656841,0.548208][0.276943,0.134566,0][-1.02272,0.146948,0.677716][-0.532899,0.656841,0.548208][0.276943,0.134566,0][-0.967916,0.174208,0.585446][0.101612,0.851607,-0.535249][0.276909,0.14319,0][-1.37642,-0.126412,-0.11593][0.310432,0.857245,-0.434622][0.20649,0.142487,0][-1.46212,-0.321892,-0.098512][-0.906026,-0.358191,0.234107][0.200562,0.121538,0][-1.47255,-0.172252,-0.103152][-0.857704,0.493641,-0.162949][0.20546,0.132912,0][-1.32397,-0.40993,-0.492802][-0.683667,0.400377,-0.61981][0.167218,0.12232,0][-1.32397,-0.40993,-0.492802][-0.683667,0.400377,-0.61981][0.167218,0.12232,0][-1.31301,-0.541932,-0.4795][-0.784542,-0.457147,-0.429042][0.168163,0.111867,0][-1.46212,-0.321892,-0.098512][-0.906026,-0.358191,0.234107][0.200562,0.121538,0][-1.03548,-0.423012,-0.76046][-0.540426,0.439797,-0.728212][0.138366,0.116822,0][-0.527816,-0.153372,-0.995198][-0.345889,0.533962,-0.78413][0.082949,0.113549,0][-0.521658,-0.274472,-0.98544][-0.131266,-0.328852,-0.946848][0.087253,0.104259,0][-0.521658,-0.274472,-0.98544][-0.131266,-0.328852,-0.946848][0.087253,0.104259,0][-1.024,-0.538012,-0.738816][-0.395904,-0.435161,-0.820172][0.143236,0.107552,0][-1.03548,-0.423012,-0.76046][-0.540426,0.439797,-0.728212][0.138366,0.116822,0][0,0.118808,0.841542][0.09711,-0.132263,0.99757][0.37467,0.091272,0][0,0.259168,0.828574][0.133989,0.663423,0.750866][0.380814,0.103848,0][-1.02272,0.146948,0.677716][-0.532899,0.656841,0.548208][0.276943,0.134566,0][-1.02272,0.146948,0.677716][-0.532899,0.656841,0.548208][0.276943,0.134566,0][-1.02369,-0.014732,0.684178][-0.486252,-0.220253,0.855605][0.273281,0.12178,0][0,0.118808,0.841542][0.09711,-0.132263,0.99757][0.37467,0.091272,0][-1.02369,-0.014732,0.684178][-0.486252,-0.220253,0.855605][0.273281,0.12178,0][-1.02272,0.146948,0.677716][-0.532899,0.656841,0.548208][0.276943,0.134566,0][-1.47255,-0.172252,-0.103152][-0.857704,0.493641,-0.162949][0.20546,0.132912,0][-1.47255,-0.172252,-0.103152][-0.857704,0.493641,-0.162949][0.20546,0.132912,0][-1.46212,-0.321892,-0.098512][-0.906026,-0.358191,0.234107][0.200562,0.121538,0][-1.02369,-0.014732,0.684178][-0.486252,-0.220253,0.855605][0.273281,0.12178,0][-0.521658,-0.274472,-0.98544][-0.131266,-0.328852,-0.946848][0.087253,0.104259,0][0,-0.119792,-1.0823][0.068493,-0.267708,-0.972532][0.023558,0.091196,0][0,-0.251152,-1.01597][-0.120094,-0.923762,-0.392683][0.028409,0.079578,0][0,-0.251152,-1.01597][-0.120094,-0.923762,-0.392683][0.028409,0.079578,0][-0.469866,-0.386052,-0.917214][0.17969,-0.921319,-0.374756][0.089036,0.092514,0][-0.521658,-0.274472,-0.98544][-0.131266,-0.328852,-0.946848][0.087253,0.104259,0][-0.43814,-0.345472,-0.824452][0.319943,-0.40374,0.868695][0.089531,0.08324,0][-0.469866,-0.386052,-0.917214][0.17969,-0.921319,-0.374756][0.089036,0.092514,0][0,-0.251152,-1.01597][-0.120094,-0.923762,-0.392683][0.028409,0.079578,0][0,-0.251152,-1.01597][-0.120094,-0.923762,-0.392683][0.028409,0.079578,0][0,-0.226272,-0.901322][-0.177203,-0.467421,0.878464][0.030854,0.069852,0][-0.43814,-0.345472,-0.824452][0.319943,-0.40374,0.868695][0.089531,0.08324,0][-0.49609,-0.115512,-0.903976][-0.155811,0.875222,0.481091][0.668726,0.047562,0][-0.43814,-0.345472,-0.824452][0.319943,-0.40374,0.868695][0.672683,0.036705,0][0,-0.226272,-0.901322][-0.177203,-0.467421,0.878464][0.643275,0.024937,0][0,-0.226272,-0.901322][-0.177203,-0.467421,0.878464][0.643275,0.024937,0][0,0.0273681,-0.967024][0.121591,0.866972,0.505496][0.636645,0.035063,0][-0.49609,-0.115512,-0.903976][-0.155811,0.875222,0.481091][0.668726,0.047562,0][0,0.00828791,-1.07836][0.209905,0.594254,-0.790001][0.018419,0.102053,0][-0.527816,-0.153372,-0.995198][-0.345889,0.533962,-0.78413][0.082949,0.113549,0][-0.49609,-0.115512,-0.903976][-0.155811,0.875222,0.481091][0.079652,0.121911,0][-0.49609,-0.115512,-0.903976][-0.155811,0.875222,0.481091][0.079652,0.121911,0][0,0.0273681,-0.967024][0.121591,0.866972,0.505496][0.017074,0.111789,0][0,0.00828791,-1.07836][0.209905,0.594254,-0.790001][0.018419,0.102053,0][-0.527816,-0.153372,-0.995198][-0.345889,0.533962,-0.78413][0.082949,0.113549,0][0,0.00828791,-1.07836][0.209905,0.594254,-0.790001][0.018419,0.102053,0][0,-0.119792,-1.0823][0.068493,-0.267708,-0.972532][0.023558,0.091196,0][0,-0.119792,-1.0823][0.068493,-0.267708,-0.972532][0.023558,0.091196,0][-0.521658,-0.274472,-0.98544][-0.131266,-0.328852,-0.946848][0.087253,0.104259,0][-0.527816,-0.153372,-0.995198][-0.345889,0.533962,-0.78413][0.082949,0.113549,0][-1.024,-0.538012,-0.738816][-0.395904,-0.435161,-0.820172][0.143236,0.107552,0][-0.927446,-0.632452,-0.668942][0.101906,-0.974854,-0.247639][0.145111,0.095188,0][-1.20201,-0.66185,-0.442418][-0.152938,-0.987719,0.150933][0.169529,0.09981,0][-1.20201,-0.66185,-0.442418][-0.152938,-0.987719,0.150933][0.169529,0.09981,0][-1.31301,-0.541932,-0.4795][-0.784542,-0.457147,-0.429042][0.168163,0.111867,0][-1.024,-0.538012,-0.738816][-0.395904,-0.435161,-0.820172][0.143236,0.107552,0][-1.12468,-0.611732,-0.411114][0.762395,-0.246188,0.606199][0.171922,0.091666,0][-1.20201,-0.66185,-0.442418][-0.152938,-0.987719,0.150933][0.169529,0.09981,0][-0.927446,-0.632452,-0.668942][0.101906,-0.974854,-0.247639][0.145111,0.095188,0][-0.927446,-0.632452,-0.668942][0.101906,-0.974854,-0.247639][0.145111,0.095188,0][-0.868224,-0.578272,-0.595176][0.546737,-0.296444,0.792982][0.144901,0.086947,0][-1.12468,-0.611732,-0.411114][0.762395,-0.246188,0.606199][0.171922,0.091666,0][-1.12468,-0.611732,-0.411114][0.762395,-0.246188,0.606199][0.716813,0.042756,0][-0.868224,-0.578272,-0.595176][0.546737,-0.296444,0.792982][0.70246,0.039748,0][-0.97626,-0.368812,-0.686694][-0.029848,0.949222,0.34691][0.700616,0.051281,0][-0.97626,-0.368812,-0.686694][-0.029848,0.949222,0.34691][0.700616,0.051281,0][-1.24664,-0.359832,-0.4615][0.289382,0.963172,-0.094719][0.716212,0.05588,0][-1.12468,-0.611732,-0.411114][0.762395,-0.246188,0.606199][0.716813,0.042756,0][-1.03548,-0.423012,-0.76046][-0.540426,0.439797,-0.728212][0.138366,0.116822,0][-1.32397,-0.40993,-0.492802][-0.683667,0.400377,-0.61981][0.167218,0.12232,0][-1.24664,-0.359832,-0.4615][0.289382,0.963172,-0.094719][0.166904,0.130965,0][-1.24664,-0.359832,-0.4615][0.289382,0.963172,-0.094719][0.166904,0.130965,0][-0.97626,-0.368812,-0.686694][-0.029848,0.949222,0.34691][0.136064,0.125609,0][-1.03548,-0.423012,-0.76046][-0.540426,0.439797,-0.728212][0.138366,0.116822,0][-1.32397,-0.40993,-0.492802][-0.683667,0.400377,-0.61981][0.167218,0.12232,0][-1.03548,-0.423012,-0.76046][-0.540426,0.439797,-0.728212][0.138366,0.116822,0][-1.024,-0.538012,-0.738816][-0.395904,-0.435161,-0.820172][0.143236,0.107552,0][-1.024,-0.538012,-0.738816][-0.395904,-0.435161,-0.820172][0.143236,0.107552,0][-1.31301,-0.541932,-0.4795][-0.784542,-0.457147,-0.429042][0.168163,0.111867,0][-1.32397,-0.40993,-0.492802][-0.683667,0.400377,-0.61981][0.167218,0.12232,0][0.861408,-1.96845,0.17466][-0.586943,-0.71491,0.398755][0.817395,0.845454,0][0.979922,-2.02275,0.12957][0.094044,-0.983033,0.216535][0.83421,0.832304,0][1.09439,-1.96391,0.2266][0.373923,-0.863833,0.364883][0.818935,0.821519,0][1.09439,-1.96391,0.2266][0.373923,-0.863833,0.364883][0.818935,0.821519,0][1.04662,-1.87325,0.331658][0.152928,-0.321151,0.946169][0.792449,0.832319,0][0.861408,-1.96845,0.17466][-0.586943,-0.71491,0.398755][0.817395,0.845454,0][1.24302,-1.80491,0.167808][0.91358,0.082952,0.402711][0.902236,0.977947,0][1.04662,-1.87325,0.331658][0.152928,-0.321151,0.946169][0.927697,0.98193,0][1.09439,-1.96391,0.2266][0.373923,-0.863833,0.364883][0.905925,0.998254,0][1.09439,-1.96391,0.2266][0.373923,-0.863833,0.364883][0.905925,0.998254,0][1.21577,-1.92167,0.125336][0.659916,-0.72618,0.223047][0.89036,0.989617,0][1.24302,-1.80491,0.167808][0.91358,0.082952,0.402711][0.902236,0.977947,0][1.24302,-1.80491,0.167808][0.91358,0.082952,0.402711][0.902236,0.977947,0][1.21577,-1.92167,0.125336][0.659916,-0.72618,0.223047][0.89036,0.989617,0][1.22269,-1.93827,-0.072958][0.660536,-0.757483,-0.049698][0.862023,0.975572,0][1.22269,-1.93827,-0.072958][0.660536,-0.757483,-0.049698][0.862023,0.975572,0][1.25421,-1.83177,-0.153036][0.94257,-0.053054,-0.333515][0.858328,0.957041,0][1.24302,-1.80491,0.167808][0.91358,0.082952,0.402711][0.902236,0.977947,0][1.25421,-1.83177,-0.153036][0.94257,-0.053054,-0.333515][0.858328,0.957041,0][1.22269,-1.93827,-0.072958][0.660536,-0.757483,-0.049698][0.862023,0.975572,0][1.10822,-1.99711,-0.169988][0.385808,-0.915883,-0.176848][0.843647,0.975362,0][1.10822,-1.99711,-0.169988][0.385808,-0.915883,-0.176848][0.843647,0.975362,0][1.069,-1.92699,-0.310034][0.239561,-0.597801,-0.778618][0.837284,0.94208,0][1.25421,-1.83177,-0.153036][0.94257,-0.053054,-0.333515][0.858328,0.957041,0][0.872598,-1.99531,-0.146184][-0.521746,-0.810436,-0.295281][0.862043,0.868838,0][1.069,-1.92699,-0.310034][0.239561,-0.597801,-0.778618][0.883376,0.881918,0][1.10822,-1.99711,-0.169988][0.385808,-0.915883,-0.176848][0.876463,0.850346,0][1.10822,-1.99711,-0.169988][0.385808,-0.915883,-0.176848][0.876463,0.850346,0][0.986838,-2.03935,-0.068724][0.105933,-1.00455,-0.041025][0.860805,0.846923,0][0.872598,-1.99531,-0.146184][-0.521746,-0.810436,-0.295281][0.862043,0.868838,0][0.861408,-1.96845,0.17466][-0.586943,-0.71491,0.398755][0.817395,0.845454,0][0.872598,-1.99531,-0.146184][-0.521746,-0.810436,-0.295281][0.862043,0.868838,0][0.986838,-2.03935,-0.068724][0.105933,-1.00455,-0.041025][0.860805,0.846923,0][0.986838,-2.03935,-0.068724][0.105933,-1.00455,-0.041025][0.860805,0.846923,0][0.979922,-2.02275,0.12957][0.094044,-0.983033,0.216535][0.83421,0.832304,0][0.861408,-1.96845,0.17466][-0.586943,-0.71491,0.398755][0.817395,0.845454,0][0.992856,-1.77389,0.310034][-0.239562,0.597801,0.778618][0.787121,0.850085,0][0.807646,-1.86909,0.153036][-0.94257,0.053054,0.333515][0.811862,0.862528,0][0.861408,-1.96845,0.17466][-0.586943,-0.71491,0.398755][0.817395,0.845454,0][0.861408,-1.96845,0.17466][-0.586943,-0.71491,0.398755][0.817395,0.845454,0][1.04662,-1.87325,0.331658][0.152928,-0.321151,0.946169][0.792449,0.832319,0][0.992856,-1.77389,0.310034][-0.239562,0.597801,0.778618][0.787121,0.850085,0][1.18926,-1.70555,0.146186][0.521746,0.810435,0.295281][0.911354,0.955361,0][0.992856,-1.77389,0.310034][-0.239562,0.597801,0.778618][0.933035,0.962703,0][1.04662,-1.87325,0.331658][0.152928,-0.321151,0.946169][0.927697,0.98193,0][1.04662,-1.87325,0.331658][0.152928,-0.321151,0.946169][0.927697,0.98193,0][1.24302,-1.80491,0.167808][0.91358,0.082952,0.402711][0.902236,0.977947,0][1.18926,-1.70555,0.146186][0.521746,0.810435,0.295281][0.911354,0.955361,0][1.18926,-1.70555,0.146186][0.521746,0.810435,0.295281][0.911354,0.955361,0][1.24302,-1.80491,0.167808][0.91358,0.082952,0.402711][0.902236,0.977947,0][1.25421,-1.83177,-0.153036][0.94257,-0.053054,-0.333515][0.858328,0.957041,0][1.25421,-1.83177,-0.153036][0.94257,-0.053054,-0.333515][0.858328,0.957041,0][1.20045,-1.73241,-0.17466][0.569528,0.72848,-0.400011][0.866672,0.93664,0][1.18926,-1.70555,0.146186][0.521746,0.810435,0.295281][0.911354,0.955361,0][1.20045,-1.73241,-0.17466][0.569528,0.72848,-0.400011][0.866672,0.93664,0][1.25421,-1.83177,-0.153036][0.94257,-0.053054,-0.333515][0.858328,0.957041,0][1.069,-1.92699,-0.310034][0.239561,-0.597801,-0.778618][0.837284,0.94208,0][1.069,-1.92699,-0.310034][0.239561,-0.597801,-0.778618][0.837284,0.94208,0][1.01524,-1.82761,-0.331658][-0.174244,0.343367,-0.934528][0.845499,0.925703,0][1.20045,-1.73241,-0.17466][0.569528,0.72848,-0.400011][0.866672,0.93664,0][1.01524,-1.82761,-0.331658][-0.174244,0.343367,-0.934528][0.878317,0.898947,0][1.069,-1.92699,-0.310034][0.239561,-0.597801,-0.778618][0.883376,0.881918,0][0.872598,-1.99531,-0.146184][-0.521746,-0.810436,-0.295281][0.862043,0.868838,0][0.872598,-1.99531,-0.146184][-0.521746,-0.810436,-0.295281][0.862043,0.868838,0][0.818834,-1.89595,-0.167808][-0.914024,-0.07008,-0.404123][0.855361,0.886589,0][1.01524,-1.82761,-0.331658][-0.174244,0.343367,-0.934528][0.878317,0.898947,0][0.807646,-1.86909,0.153036][-0.94257,0.053054,0.333515][0.811862,0.862528,0][0.818834,-1.89595,-0.167808][-0.914024,-0.07008,-0.404123][0.855361,0.886589,0][0.872598,-1.99531,-0.146184][-0.521746,-0.810436,-0.295281][0.862043,0.868838,0][0.872598,-1.99531,-0.146184][-0.521746,-0.810436,-0.295281][0.862043,0.868838,0][0.861408,-1.96845,0.17466][-0.586943,-0.71491,0.398755][0.817395,0.845454,0][0.807646,-1.86909,0.153036][-0.94257,0.053054,0.333515][0.811862,0.862528,0][0.953634,-1.70375,0.169988][-0.382106,0.907519,0.22233][0.793131,0.878658,0][0.839168,-1.76259,0.072958][-0.701845,0.716364,0.074445][0.812145,0.883833,0][0.807646,-1.86909,0.153036][-0.94257,0.053054,0.333515][0.811862,0.862528,0][0.807646,-1.86909,0.153036][-0.94257,0.053054,0.333515][0.811862,0.862528,0][0.992856,-1.77389,0.310034][-0.239562,0.597801,0.778618][0.787121,0.850085,0][0.953634,-1.70375,0.169988][-0.382106,0.907519,0.22233][0.793131,0.878658,0][0.953634,-1.70375,0.169988][-0.382106,0.907519,0.22233][0.926016,0.932894,0][0.992856,-1.77389,0.310034][-0.239562,0.597801,0.778618][0.933035,0.962703,0][1.18926,-1.70555,0.146186][0.521746,0.810435,0.295281][0.911354,0.955361,0][1.18926,-1.70555,0.146186][0.521746,0.810435,0.295281][0.911354,0.955361,0][1.07502,-1.66151,0.068724][-0.055725,1.00758,0.062326][0.90802,0.934645,0][0.953634,-1.70375,0.169988][-0.382106,0.907519,0.22233][0.926016,0.932894,0][1.07502,-1.66151,0.068724][-0.055725,1.00758,0.062326][0.90802,0.934645,0][1.18926,-1.70555,0.146186][0.521746,0.810435,0.295281][0.911354,0.955361,0][1.20045,-1.73241,-0.17466][0.569528,0.72848,-0.400011][0.866672,0.93664,0][1.20045,-1.73241,-0.17466][0.569528,0.72848,-0.400011][0.866672,0.93664,0][1.08193,-1.67813,-0.12957][-0.071514,0.973178,-0.264534][0.880755,0.922071,0][1.07502,-1.66151,0.068724][-0.055725,1.00758,0.062326][0.90802,0.934645,0][0.967466,-1.75959,-0.2266][-0.363822,0.821053,-0.461343][0.863965,0.913543,0][1.08193,-1.67813,-0.12957][-0.071514,0.973178,-0.264534][0.880755,0.922071,0][1.20045,-1.73241,-0.17466][0.569528,0.72848,-0.400011][0.866672,0.93664,0][1.20045,-1.73241,-0.17466][0.569528,0.72848,-0.400011][0.866672,0.93664,0][1.01524,-1.82761,-0.331658][-0.174244,0.343367,-0.934528][0.845499,0.925703,0][0.967466,-1.75959,-0.2266][-0.363822,0.821053,-0.461343][0.863965,0.913543,0][0.967466,-1.75959,-0.2266][-0.363822,0.821053,-0.461343][0.856029,0.907111,0][1.01524,-1.82761,-0.331658][-0.174244,0.343367,-0.934528][0.878317,0.898947,0][0.818834,-1.89595,-0.167808][-0.914024,-0.07008,-0.404123][0.855361,0.886589,0][0.818834,-1.89595,-0.167808][-0.914024,-0.07008,-0.404123][0.855361,0.886589,0][0.846084,-1.77919,-0.125336][-0.677119,0.691616,-0.274305][0.840492,0.898118,0][0.967466,-1.75959,-0.2266][-0.363822,0.821053,-0.461343][0.856029,0.907111,0][0.839168,-1.76259,0.072958][-0.701845,0.716364,0.074445][0.812145,0.883833,0][0.846084,-1.77919,-0.125336][-0.677119,0.691616,-0.274305][0.840492,0.898118,0][0.818834,-1.89595,-0.167808][-0.914024,-0.07008,-0.404123][0.855361,0.886589,0][0.818834,-1.89595,-0.167808][-0.914024,-0.07008,-0.404123][0.855361,0.886589,0][0.807646,-1.86909,0.153036][-0.94257,0.053054,0.333515][0.811862,0.862528,0][0.839168,-1.76259,0.072958][-0.701845,0.716364,0.074445][0.812145,0.883833,0][1.09439,-1.96391,0.2266][0.373923,-0.863833,0.364883][0.818935,0.821519,0][0.979922,-2.02275,0.12957][0.094044,-0.983033,0.216535][0.83421,0.832304,0][1.06799,-1.98927,0.05313][0.396579,-0.923794,0.09004][0.849775,0.829754,0][1.21577,-1.92167,0.125336][0.659916,-0.72618,0.223047][0.89036,0.989617,0][1.09439,-1.96391,0.2266][0.373923,-0.863833,0.364883][0.905925,0.998254,0][1.06799,-1.98927,0.05313][0.396579,-0.923794,0.09004][0.871673,0.999256,0][1.22269,-1.93827,-0.072958][0.660536,-0.757483,-0.049698][0.862023,0.975572,0][1.21577,-1.92167,0.125336][0.659916,-0.72618,0.223047][0.89036,0.989617,0][1.06799,-1.98927,0.05313][0.396579,-0.923794,0.09004][0.871673,0.999256,0][1.10822,-1.99711,-0.169988][0.385808,-0.915883,-0.176848][0.843647,0.975362,0][1.22269,-1.93827,-0.072958][0.660536,-0.757483,-0.049698][0.862023,0.975572,0][1.06799,-1.98927,0.05313][0.396579,-0.923794,0.09004][0.871673,0.999256,0][0.986838,-2.03935,-0.068724][0.105933,-1.00455,-0.041025][0.860805,0.846923,0][1.10822,-1.99711,-0.169988][0.385808,-0.915883,-0.176848][0.876463,0.850346,0][1.06799,-1.98927,0.05313][0.396579,-0.923794,0.09004][0.849775,0.829754,0][0.979922,-2.02275,0.12957][0.094044,-0.983033,0.216535][0.83421,0.832304,0][0.986838,-2.03935,-0.068724][0.105933,-1.00455,-0.041025][0.860805,0.846923,0][1.06799,-1.98927,0.05313][0.396579,-0.923794,0.09004][0.849775,0.829754,0][0.839168,-1.76259,0.072958][-0.701845,0.716364,0.074445][0.812145,0.883833,0][0.953634,-1.70375,0.169988][-0.382106,0.907519,0.22233][0.793131,0.878658,0][0.943936,-1.71229,-0.034988][-0.395894,0.919939,-0.125573][0.819966,0.902544,0][0.953634,-1.70375,0.169988][-0.382106,0.907519,0.22233][0.926016,0.932894,0][1.07502,-1.66151,0.068724][-0.055725,1.00758,0.062326][0.90802,0.934645,0][0.943936,-1.71229,-0.034988][-0.395894,0.919939,-0.125573][0.900695,0.913543,0][1.07502,-1.66151,0.068724][-0.055725,1.00758,0.062326][0.90802,0.934645,0][1.08193,-1.67813,-0.12957][-0.071514,0.973178,-0.264534][0.880755,0.922071,0][0.943936,-1.71229,-0.034988][-0.395894,0.919939,-0.125573][0.900695,0.913543,0][1.08193,-1.67813,-0.12957][-0.071514,0.973178,-0.264534][0.880755,0.922071,0][0.967466,-1.75959,-0.2266][-0.363822,0.821053,-0.461343][0.863965,0.913543,0][0.943936,-1.71229,-0.034988][-0.395894,0.919939,-0.125573][0.900695,0.913543,0][0.967466,-1.75959,-0.2266][-0.363822,0.821053,-0.461343][0.856029,0.907111,0][0.846084,-1.77919,-0.125336][-0.677119,0.691616,-0.274305][0.840492,0.898118,0][0.943936,-1.71229,-0.034988][-0.395894,0.919939,-0.125573][0.819966,0.902544,0][0.846084,-1.77919,-0.125336][-0.677119,0.691616,-0.274305][0.840492,0.898118,0][0.839168,-1.76259,0.072958][-0.701845,0.716364,0.074445][0.812145,0.883833,0][0.943936,-1.71229,-0.034988][-0.395894,0.919939,-0.125573][0.819966,0.902544,0][-1.09439,-1.96391,0.2266][-0.373923,-0.863833,0.364883][0.818935,0.821519,0][-0.979922,-2.02275,0.12957][-0.094044,-0.983033,0.216535][0.83421,0.832304,0][-0.861408,-1.96845,0.17466][0.586943,-0.71491,0.398755][0.817395,0.845454,0][-0.861408,-1.96845,0.17466][0.586943,-0.71491,0.398755][0.817395,0.845454,0][-1.04662,-1.87325,0.331658][-0.152928,-0.321151,0.946169][0.792449,0.832319,0][-1.09439,-1.96391,0.2266][-0.373923,-0.863833,0.364883][0.818935,0.821519,0][-1.24302,-1.80491,0.167808][-0.91358,0.082952,0.402711][0.902236,0.977947,0][-1.21577,-1.92167,0.125336][-0.659916,-0.72618,0.223047][0.89036,0.989617,0][-1.09439,-1.96391,0.2266][-0.373923,-0.863833,0.364883][0.905925,0.998254,0][-1.09439,-1.96391,0.2266][-0.373923,-0.863833,0.364883][0.905925,0.998254,0][-1.04662,-1.87325,0.331658][-0.152928,-0.321151,0.946169][0.927697,0.98193,0][-1.24302,-1.80491,0.167808][-0.91358,0.082952,0.402711][0.902236,0.977947,0][-1.22269,-1.93827,-0.072958][-0.660536,-0.757483,-0.049698][0.862023,0.975572,0][-1.21577,-1.92167,0.125336][-0.659916,-0.72618,0.223047][0.89036,0.989617,0][-1.24302,-1.80491,0.167808][-0.91358,0.082952,0.402711][0.902236,0.977947,0][-1.24302,-1.80491,0.167808][-0.91358,0.082952,0.402711][0.902236,0.977947,0][-1.25421,-1.83177,-0.153036][-0.94257,-0.053054,-0.333516][0.858328,0.957041,0][-1.22269,-1.93827,-0.072958][-0.660536,-0.757483,-0.049698][0.862023,0.975572,0][-1.10822,-1.99711,-0.169988][-0.385808,-0.915883,-0.176848][0.843647,0.975362,0][-1.22269,-1.93827,-0.072958][-0.660536,-0.757483,-0.049698][0.862023,0.975572,0][-1.25421,-1.83177,-0.153036][-0.94257,-0.053054,-0.333516][0.858328,0.957041,0][-1.25421,-1.83177,-0.153036][-0.94257,-0.053054,-0.333516][0.858328,0.957041,0][-1.069,-1.92699,-0.310034][-0.239561,-0.597801,-0.778618][0.837284,0.94208,0][-1.10822,-1.99711,-0.169988][-0.385808,-0.915883,-0.176848][0.843647,0.975362,0][-0.872598,-1.99531,-0.146184][0.521746,-0.810436,-0.295281][0.862043,0.868838,0][-0.986838,-2.03935,-0.068724][-0.105933,-1.00455,-0.041025][0.860805,0.846923,0][-1.10822,-1.99711,-0.169988][-0.385808,-0.915883,-0.176848][0.876463,0.850346,0][-1.10822,-1.99711,-0.169988][-0.385808,-0.915883,-0.176848][0.876463,0.850346,0][-1.069,-1.92699,-0.310034][-0.239561,-0.597801,-0.778618][0.883376,0.881918,0][-0.872598,-1.99531,-0.146184][0.521746,-0.810436,-0.295281][0.862043,0.868838,0][-0.861408,-1.96845,0.17466][0.586943,-0.71491,0.398755][0.817395,0.845454,0][-0.979922,-2.02275,0.12957][-0.094044,-0.983033,0.216535][0.83421,0.832304,0][-0.986838,-2.03935,-0.068724][-0.105933,-1.00455,-0.041025][0.860805,0.846923,0][-0.986838,-2.03935,-0.068724][-0.105933,-1.00455,-0.041025][0.860805,0.846923,0][-0.872598,-1.99531,-0.146184][0.521746,-0.810436,-0.295281][0.862043,0.868838,0][-0.861408,-1.96845,0.17466][0.586943,-0.71491,0.398755][0.817395,0.845454,0][-0.992856,-1.77389,0.310034][0.239562,0.597801,0.778618][0.787121,0.850085,0][-1.04662,-1.87325,0.331658][-0.152928,-0.321151,0.946169][0.792449,0.832319,0][-0.861408,-1.96845,0.17466][0.586943,-0.71491,0.398755][0.817395,0.845454,0][-0.861408,-1.96845,0.17466][0.586943,-0.71491,0.398755][0.817395,0.845454,0][-0.807646,-1.86909,0.153036][0.94257,0.053054,0.333516][0.811862,0.862528,0][-0.992856,-1.77389,0.310034][0.239562,0.597801,0.778618][0.787121,0.850085,0][-1.18926,-1.70555,0.146186][-0.521746,0.810435,0.295281][0.911354,0.955361,0][-1.24302,-1.80491,0.167808][-0.91358,0.082952,0.402711][0.902236,0.977947,0][-1.04662,-1.87325,0.331658][-0.152928,-0.321151,0.946169][0.927697,0.98193,0][-1.04662,-1.87325,0.331658][-0.152928,-0.321151,0.946169][0.927697,0.98193,0][-0.992856,-1.77389,0.310034][0.239562,0.597801,0.778618][0.933035,0.962703,0][-1.18926,-1.70555,0.146186][-0.521746,0.810435,0.295281][0.911354,0.955361,0][-1.25421,-1.83177,-0.153036][-0.94257,-0.053054,-0.333516][0.858328,0.957041,0][-1.24302,-1.80491,0.167808][-0.91358,0.082952,0.402711][0.902236,0.977947,0][-1.18926,-1.70555,0.146186][-0.521746,0.810435,0.295281][0.911354,0.955361,0][-1.18926,-1.70555,0.146186][-0.521746,0.810435,0.295281][0.911354,0.955361,0][-1.20045,-1.73241,-0.17466][-0.569528,0.72848,-0.400011][0.866672,0.93664,0][-1.25421,-1.83177,-0.153036][-0.94257,-0.053054,-0.333516][0.858328,0.957041,0][-1.069,-1.92699,-0.310034][-0.239561,-0.597801,-0.778618][0.837284,0.94208,0][-1.25421,-1.83177,-0.153036][-0.94257,-0.053054,-0.333516][0.858328,0.957041,0][-1.20045,-1.73241,-0.17466][-0.569528,0.72848,-0.400011][0.866672,0.93664,0][-1.20045,-1.73241,-0.17466][-0.569528,0.72848,-0.400011][0.866672,0.93664,0][-1.01524,-1.82761,-0.331658][0.174244,0.343367,-0.934528][0.845499,0.925703,0][-1.069,-1.92699,-0.310034][-0.239561,-0.597801,-0.778618][0.837284,0.94208,0][-0.872598,-1.99531,-0.146184][0.521746,-0.810436,-0.295281][0.862043,0.868838,0][-1.069,-1.92699,-0.310034][-0.239561,-0.597801,-0.778618][0.883376,0.881918,0][-1.01524,-1.82761,-0.331658][0.174244,0.343367,-0.934528][0.878317,0.898947,0][-1.01524,-1.82761,-0.331658][0.174244,0.343367,-0.934528][0.878317,0.898947,0][-0.818834,-1.89595,-0.167808][0.914024,-0.07008,-0.404123][0.855361,0.886589,0][-0.872598,-1.99531,-0.146184][0.521746,-0.810436,-0.295281][0.862043,0.868838,0][-0.807646,-1.86909,0.153036][0.94257,0.053054,0.333516][0.811862,0.862528,0][-0.861408,-1.96845,0.17466][0.586943,-0.71491,0.398755][0.817395,0.845454,0][-0.872598,-1.99531,-0.146184][0.521746,-0.810436,-0.295281][0.862043,0.868838,0][-0.872598,-1.99531,-0.146184][0.521746,-0.810436,-0.295281][0.862043,0.868838,0][-0.818834,-1.89595,-0.167808][0.914024,-0.07008,-0.404123][0.855361,0.886589,0][-0.807646,-1.86909,0.153036][0.94257,0.053054,0.333516][0.811862,0.862528,0][-0.953634,-1.70375,0.169988][0.382106,0.907519,0.22233][0.793131,0.878658,0][-0.992856,-1.77389,0.310034][0.239562,0.597801,0.778618][0.787121,0.850085,0][-0.807646,-1.86909,0.153036][0.94257,0.053054,0.333516][0.811862,0.862528,0][-0.807646,-1.86909,0.153036][0.94257,0.053054,0.333516][0.811862,0.862528,0][-0.839168,-1.76259,0.072958][0.701845,0.716364,0.074445][0.812145,0.883833,0][-0.953634,-1.70375,0.169988][0.382106,0.907519,0.22233][0.793131,0.878658,0][-1.18926,-1.70555,0.146186][-0.521746,0.810435,0.295281][0.911354,0.955361,0][-0.992856,-1.77389,0.310034][0.239562,0.597801,0.778618][0.933035,0.962703,0][-0.953634,-1.70375,0.169988][0.382106,0.907519,0.22233][0.926016,0.932894,0][-0.953634,-1.70375,0.169988][0.382106,0.907519,0.22233][0.926016,0.932894,0][-1.07502,-1.66151,0.068724][0.055725,1.00758,0.062326][0.90802,0.934645,0][-1.18926,-1.70555,0.146186][-0.521746,0.810435,0.295281][0.911354,0.955361,0][-1.20045,-1.73241,-0.17466][-0.569528,0.72848,-0.400011][0.866672,0.93664,0][-1.18926,-1.70555,0.146186][-0.521746,0.810435,0.295281][0.911354,0.955361,0][-1.07502,-1.66151,0.068724][0.055725,1.00758,0.062326][0.90802,0.934645,0][-1.07502,-1.66151,0.068724][0.055725,1.00758,0.062326][0.90802,0.934645,0][-1.08193,-1.67813,-0.12957][0.071514,0.973178,-0.264534][0.880755,0.922071,0][-1.20045,-1.73241,-0.17466][-0.569528,0.72848,-0.400011][0.866672,0.93664,0][-0.967466,-1.75959,-0.2266][0.363822,0.821053,-0.461343][0.863965,0.913543,0][-1.01524,-1.82761,-0.331658][0.174244,0.343367,-0.934528][0.845499,0.925703,0][-1.20045,-1.73241,-0.17466][-0.569528,0.72848,-0.400011][0.866672,0.93664,0][-1.20045,-1.73241,-0.17466][-0.569528,0.72848,-0.400011][0.866672,0.93664,0][-1.08193,-1.67813,-0.12957][0.071514,0.973178,-0.264534][0.880755,0.922071,0][-0.967466,-1.75959,-0.2266][0.363822,0.821053,-0.461343][0.863965,0.913543,0][-0.818834,-1.89595,-0.167808][0.914024,-0.07008,-0.404123][0.855361,0.886589,0][-1.01524,-1.82761,-0.331658][0.174244,0.343367,-0.934528][0.878317,0.898947,0][-0.967466,-1.75959,-0.2266][0.363822,0.821053,-0.461343][0.856029,0.907111,0][-0.967466,-1.75959,-0.2266][0.363822,0.821053,-0.461343][0.856029,0.907111,0][-0.846084,-1.77919,-0.125336][0.677119,0.691616,-0.274305][0.840492,0.898118,0][-0.818834,-1.89595,-0.167808][0.914024,-0.07008,-0.404123][0.855361,0.886589,0][-0.839168,-1.76259,0.072958][0.701845,0.716364,0.074445][0.812145,0.883833,0][-0.807646,-1.86909,0.153036][0.94257,0.053054,0.333516][0.811862,0.862528,0][-0.818834,-1.89595,-0.167808][0.914024,-0.07008,-0.404123][0.855361,0.886589,0][-0.818834,-1.89595,-0.167808][0.914024,-0.07008,-0.404123][0.855361,0.886589,0][-0.846084,-1.77919,-0.125336][0.677119,0.691616,-0.274305][0.840492,0.898118,0][-0.839168,-1.76259,0.072958][0.701845,0.716364,0.074445][0.812145,0.883833,0][-1.09439,-1.96391,0.2266][-0.373923,-0.863833,0.364883][0.818935,0.821519,0][-1.06799,-1.98927,0.05313][-0.396579,-0.923794,0.09004][0.849775,0.829754,0][-0.979922,-2.02275,0.12957][-0.094044,-0.983033,0.216535][0.83421,0.832304,0][-1.21577,-1.92167,0.125336][-0.659916,-0.72618,0.223047][0.89036,0.989617,0][-1.06799,-1.98927,0.05313][-0.396579,-0.923794,0.09004][0.871673,0.999256,0][-1.09439,-1.96391,0.2266][-0.373923,-0.863833,0.364883][0.905925,0.998254,0][-1.22269,-1.93827,-0.072958][-0.660536,-0.757483,-0.049698][0.862023,0.975572,0][-1.06799,-1.98927,0.05313][-0.396579,-0.923794,0.09004][0.871673,0.999256,0][-1.21577,-1.92167,0.125336][-0.659916,-0.72618,0.223047][0.89036,0.989617,0][-1.10822,-1.99711,-0.169988][-0.385808,-0.915883,-0.176848][0.843647,0.975362,0][-1.06799,-1.98927,0.05313][-0.396579,-0.923794,0.09004][0.871673,0.999256,0][-1.22269,-1.93827,-0.072958][-0.660536,-0.757483,-0.049698][0.862023,0.975572,0][-0.986838,-2.03935,-0.068724][-0.105933,-1.00455,-0.041025][0.860805,0.846923,0][-1.06799,-1.98927,0.05313][-0.396579,-0.923794,0.09004][0.849775,0.829754,0][-1.10822,-1.99711,-0.169988][-0.385808,-0.915883,-0.176848][0.876463,0.850346,0][-0.979922,-2.02275,0.12957][-0.094044,-0.983033,0.216535][0.83421,0.832304,0][-1.06799,-1.98927,0.05313][-0.396579,-0.923794,0.09004][0.849775,0.829754,0][-0.986838,-2.03935,-0.068724][-0.105933,-1.00455,-0.041025][0.860805,0.846923,0][-0.839168,-1.76259,0.072958][0.701845,0.716364,0.074445][0.812145,0.883833,0][-0.943936,-1.71229,-0.034988][0.395894,0.919939,-0.125573][0.819966,0.902544,0][-0.953634,-1.70375,0.169988][0.382106,0.907519,0.22233][0.793131,0.878658,0][-0.953634,-1.70375,0.169988][0.382106,0.907519,0.22233][0.926016,0.932894,0][-0.943936,-1.71229,-0.034988][0.395894,0.919939,-0.125573][0.900695,0.913543,0][-1.07502,-1.66151,0.068724][0.055725,1.00758,0.062326][0.90802,0.934645,0][-1.07502,-1.66151,0.068724][0.055725,1.00758,0.062326][0.90802,0.934645,0][-0.943936,-1.71229,-0.034988][0.395894,0.919939,-0.125573][0.900695,0.913543,0][-1.08193,-1.67813,-0.12957][0.071514,0.973178,-0.264534][0.880755,0.922071,0][-1.08193,-1.67813,-0.12957][0.071514,0.973178,-0.264534][0.880755,0.922071,0][-0.943936,-1.71229,-0.034988][0.395894,0.919939,-0.125573][0.900695,0.913543,0][-0.967466,-1.75959,-0.2266][0.363822,0.821053,-0.461343][0.863965,0.913543,0][-0.967466,-1.75959,-0.2266][0.363822,0.821053,-0.461343][0.856029,0.907111,0][-0.943936,-1.71229,-0.034988][0.395894,0.919939,-0.125573][0.819966,0.902544,0][-0.846084,-1.77919,-0.125336][0.677119,0.691616,-0.274305][0.840492,0.898118,0][-0.846084,-1.77919,-0.125336][0.677119,0.691616,-0.274305][0.840492,0.898118,0][-0.943936,-1.71229,-0.034988][0.395894,0.919939,-0.125573][0.819966,0.902544,0][-0.839168,-1.76259,0.072958][0.701845,0.716364,0.074445][0.812145,0.883833,0]