version 1.00
979
[-0.25942,-1.75739,0.344272][-0.618055,0.326343,0.72476][0.408489,0.441676,0][-0.34562,-2.05951,0.431848][-0.369832,-0.074554,0.936429][0.436002,0.41747,0][0.1056,-1.87479,0.506806][0.218223,-0.017333,0.986559][0.447833,0.466578,0][0.1056,-1.87479,0.506806][0.218223,-0.017333,0.986559][0.447833,0.466578,0][0.05198,-1.71931,0.424808][0.016275,0.333675,0.954291][0.428523,0.476217,0][-0.25942,-1.75739,0.344272][-0.618055,0.326343,0.72476][0.408489,0.441676,0][0.24446,-1.68743,0.290622][0.713754,0.433475,0.559986][0.442604,0.501871,0][0.1612,-1.71769,0.380324][0.474703,0.387365,0.801165][0.436554,0.487932,0][0.25512,-1.81965,0.393332][0.701161,0.01939,0.720641][0.453507,0.486615,0][0.25512,-1.81965,0.393332][0.701161,0.01939,0.720641][0.453507,0.486615,0][0.34192,-1.78389,0.295048][0.859528,0.080738,0.510404][0.458886,0.502026,0][0.24446,-1.68743,0.290622][0.713754,0.433475,0.559986][0.442604,0.501871,0][0.31086,-1.64513,0.078326][0.84,0.529591,0.14315][0.264032,0.484223,0][0.24446,-1.68743,0.290622][0.713754,0.433475,0.559986][0.248701,0.504597,0][0.34192,-1.78389,0.295048][0.859528,0.080738,0.510404][0.235035,0.493613,0][0.34192,-1.78389,0.295048][0.859528,0.080738,0.510404][0.235035,0.493613,0][0.4144,-1.72227,0.02759][0.929876,0.357298,0.103361][0.254284,0.470977,0][0.31086,-1.64513,0.078326][0.84,0.529591,0.14315][0.264032,0.484223,0][0.23854,-1.60971,-0.207734][0.714737,0.540427,-0.456058][0.293592,0.456775,0][0.31086,-1.64513,0.078326][0.84,0.529591,0.14315][0.264032,0.484223,0][0.4144,-1.72227,0.02759][0.929876,0.357298,0.103361][0.254284,0.470977,0][0.4144,-1.72227,0.02759][0.929876,0.357298,0.103361][0.254284,0.470977,0][0.38234,-1.80877,-0.38698][0.810457,0.356131,-0.473261][0.270045,0.429359,0][0.23854,-1.60971,-0.207734][0.714737,0.540427,-0.456058][0.293592,0.456775,0][0.15542,-1.62701,-0.281538][0.181021,0.574546,-0.811591][0.305341,0.446618,0][0.23854,-1.60971,-0.207734][0.714737,0.540427,-0.456058][0.293592,0.456775,0][0.38234,-1.80877,-0.38698][0.810457,0.356131,-0.473261][0.270045,0.429359,0][0.38234,-1.80877,-0.38698][0.810457,0.356131,-0.473261][0.270045,0.429359,0][0.23558,-1.79495,-0.48698][0.24919,0.463276,-0.862657][0.287474,0.419499,0][0.15542,-1.62701,-0.281538][0.181021,0.574546,-0.811591][0.305341,0.446618,0][-0.25174,-1.72235,-0.216308][-0.653689,0.424437,-0.636635][0.352341,0.418551,0][0.02334,-1.66005,-0.2793][-0.218314,0.509424,-0.845012][0.319648,0.439443,0][0.02988,-1.85621,-0.5125][-0.191996,0.228557,-0.965587][0.304279,0.40543,0][0.02988,-1.85621,-0.5125][-0.191996,0.228557,-0.965587][0.304279,0.40543,0][-0.32576,-2.05951,-0.425488][-0.462604,0.005227,-0.896372][0.340125,0.375849,0][-0.25174,-1.72235,-0.216308][-0.653689,0.424437,-0.636635][0.352341,0.418551,0][-0.32576,-2.05951,-0.425488][-0.462604,0.005227,-0.896372][0.340125,0.375849,0][-0.38816,-2.05091,-0.326002][-0.83596,0.219901,-0.509436][0.355156,0.374575,0][-0.25174,-1.72235,-0.216308][-0.653689,0.424437,-0.636635][0.352341,0.418551,0][-0.25942,-1.75739,0.344272][-0.618055,0.326343,0.72476][0.408489,0.441676,0][-0.33444,-1.74941,0.145058][-0.93386,0.313243,0.180649][0.389417,0.422972,0][-0.4633,-2.06335,0.295758][-0.922234,0.134231,0.367147][0.419683,0.400118,0][-0.4633,-2.06335,0.295758][-0.922234,0.134231,0.367147][0.419683,0.400118,0][-0.34562,-2.05951,0.431848][-0.369832,-0.074554,0.936429][0.436002,0.41747,0][-0.25942,-1.75739,0.344272][-0.618055,0.326343,0.72476][0.408489,0.441676,0][0.24316,-1.88129,0.341822][0.654865,-0.690001,0.328292][0.462928,0.484596,0][0.34658,-1.83967,0.190844][0.799453,-0.565339,0.222051][0.472751,0.504597,0][0.34192,-1.78389,0.295048][0.859528,0.080738,0.510404][0.458886,0.502026,0][0.34192,-1.78389,0.295048][0.859528,0.080738,0.510404][0.458886,0.502026,0][0.25512,-1.81965,0.393332][0.701161,0.01939,0.720641][0.453507,0.486615,0][0.24316,-1.88129,0.341822][0.654865,-0.690001,0.328292][0.462928,0.484596,0][0.25432,-1.96779,-0.139928][0.129783,-0.977406,0.223023][0.320849,0.46993,0][0.25394,-2.00693,-0.248358][0.054315,-0.945845,0.353048][0.30907,0.476607,0][0.3843,-1.91599,-0.25693][0.888738,-0.441512,0.14105][0.300979,0.461139,0][0.3843,-1.91599,-0.25693][0.888738,-0.441512,0.14105][0.300979,0.461139,0][0.39364,-1.84613,-0.027962][0.86069,-0.499768,0.123375][0.321485,0.445167,0][0.25432,-1.96779,-0.139928][0.129783,-0.977406,0.223023][0.320849,0.46993,0][0.3843,-1.91599,-0.25693][0.888738,-0.441512,0.14105][0.250663,0.431579,0][0.38234,-1.80877,-0.38698][0.810457,0.356131,-0.473261][0.270045,0.429359,0][0.4144,-1.72227,0.02759][0.929876,0.357298,0.103361][0.254284,0.470977,0][0.4144,-1.72227,0.02759][0.929876,0.357298,0.103361][0.254284,0.470977,0][0.39364,-1.84613,-0.027962][0.86069,-0.499768,0.123375][0.243253,0.457508,0][0.3843,-1.91599,-0.25693][0.888738,-0.441512,0.14105][0.250663,0.431579,0][0.4144,-1.72227,0.02759][0.929876,0.357298,0.103361][0.254284,0.470977,0][0.34192,-1.78389,0.295048][0.859528,0.080738,0.510404][0.235035,0.493613,0][0.34658,-1.83967,0.190844][0.799453,-0.565339,0.222051][0.233087,0.479384,0][0.34658,-1.83967,0.190844][0.799453,-0.565339,0.222051][0.233087,0.479384,0][0.39364,-1.84613,-0.027962][0.86069,-0.499768,0.123375][0.243253,0.457508,0][0.4144,-1.72227,0.02759][0.929876,0.357298,0.103361][0.254284,0.470977,0][0.1612,-1.71769,0.380324][0.474703,0.387365,0.801165][0.436554,0.487932,0][0.05198,-1.71931,0.424808][0.016275,0.333675,0.954291][0.428523,0.476217,0][0.1056,-1.87479,0.506806][0.218223,-0.017333,0.986559][0.447833,0.466578,0][0.1056,-1.87479,0.506806][0.218223,-0.017333,0.986559][0.447833,0.466578,0][0.25512,-1.81965,0.393332][0.701161,0.01939,0.720641][0.453507,0.486615,0][0.1612,-1.71769,0.380324][0.474703,0.387365,0.801165][0.436554,0.487932,0][0.25512,-1.81965,0.393332][0.701161,0.01939,0.720641][0.453507,0.486615,0][0.1056,-1.87479,0.506806][0.218223,-0.017333,0.986559][0.447833,0.466578,0][0.13014,-1.93811,0.454316][0.463561,-0.717993,0.535807][0.457292,0.465248,0][0.13014,-1.93811,0.454316][0.463561,-0.717993,0.535807][0.457292,0.465248,0][0.24316,-1.88129,0.341822][0.654865,-0.690001,0.328292][0.462928,0.484596,0][0.25512,-1.81965,0.393332][0.701161,0.01939,0.720641][0.453507,0.486615,0][0.06912,-1.90135,-0.029502][0.108862,-1.00423,-0.041173][0.345343,0.480675,0][0.05586,-1.90297,-0.21265][0.079862,-0.997722,0.142521][0.329149,0.49214,0][0.25432,-1.96779,-0.139928][0.129783,-0.977406,0.223023][0.320849,0.46993,0][0.25432,-1.96779,-0.139928][0.129783,-0.977406,0.223023][0.320849,0.46993,0][0.25922,-1.94323,0.035464][0.272128,-0.96835,0.094209][0.337676,0.459331,0][0.06912,-1.90135,-0.029502][0.108862,-1.00423,-0.041173][0.345343,0.480675,0][0.05586,-1.90297,-0.21265][0.079862,-0.997722,0.142521][0.329149,0.49214,0][0.0209,-1.97051,-0.451086][-0.049942,-0.864058,-0.522624][0.310628,0.514281,0][0.25394,-2.00693,-0.248358][0.054315,-0.945845,0.353048][0.30907,0.476607,0][0.25394,-2.00693,-0.248358][0.054315,-0.945845,0.353048][0.30907,0.476607,0][0.25432,-1.96779,-0.139928][0.129783,-0.977406,0.223023][0.320849,0.46993,0][0.05586,-1.90297,-0.21265][0.079862,-0.997722,0.142521][0.329149,0.49214,0][0.02334,-1.66005,-0.2793][-0.218314,0.509424,-0.845012][0.319648,0.439443,0][0.15542,-1.62701,-0.281538][0.181021,0.574546,-0.811591][0.305341,0.446618,0][0.23558,-1.79495,-0.48698][0.24919,0.463276,-0.862657][0.287474,0.419499,0][0.23558,-1.79495,-0.48698][0.24919,0.463276,-0.862657][0.287474,0.419499,0][0.02988,-1.85621,-0.5125][-0.191996,0.228557,-0.965587][0.304279,0.40543,0][0.02334,-1.66005,-0.2793][-0.218314,0.509424,-0.845012][0.319648,0.439443,0][-0.33872,-1.74269,-0.03967][-0.930145,0.328802,-0.172405][0.372363,0.415453,0][-0.49296,-2.06589,-0.01075][-0.994055,0.109511,-0.011227][0.389368,0.379197,0][-0.48146,-2.06709,0.119854][-0.993027,-0.039128,0.112587][0.407314,0.382256,0][-0.48146,-2.06709,0.119854][-0.993027,-0.039128,0.112587][0.407314,0.382256,0][-0.33444,-1.74941,0.145058][-0.93386,0.313243,0.180649][0.389417,0.422972,0][-0.33872,-1.74269,-0.03967][-0.930145,0.328802,-0.172405][0.372363,0.415453,0][-0.23744,-2.07825,0.398196][0.340881,-0.73086,0.607729][0.448006,0.425963,0][0.13014,-1.93811,0.454316][0.463561,-0.717993,0.535807][0.457292,0.465248,0][0.1056,-1.87479,0.506806][0.218223,-0.017333,0.986559][0.447833,0.466578,0][0.1056,-1.87479,0.506806][0.218223,-0.017333,0.986559][0.447833,0.466578,0][-0.34562,-2.05951,0.431848][-0.369832,-0.074554,0.936429][0.436002,0.41747,0][-0.23744,-2.07825,0.398196][0.340881,-0.73086,0.607729][0.448006,0.425963,0][0.24316,-1.88129,0.341822][0.654865,-0.690001,0.328292][0.364816,0.435616,0][0.13014,-1.93811,0.454316][0.463561,-0.717993,0.535807][0.383204,0.438484,0][0.08904,-1.97401,0.332346][0.365211,-0.940661,0.032973][0.37709,0.454195,0][0.08904,-1.97401,0.332346][0.365211,-0.940661,0.032973][0.37709,0.454195,0][0.17612,-1.95039,0.258948][0.341759,-0.94752,0.071309][0.3638,0.451401,0][0.24316,-1.88129,0.341822][0.654865,-0.690001,0.328292][0.364816,0.435616,0][0.06912,-1.90135,-0.029502][0.108862,-1.00423,-0.041173][0.345343,0.480675,0][-0.23066,-2.04667,0.009332][0.552306,-0.842851,-0.006698][0.373321,0.505372,0][-0.30014,-2.07003,-0.16292][0.595029,-0.794272,0.171655][0.359355,0.525236,0][-0.1532,-2.03895,-0.26807][0.551464,-0.824481,0.177828][0.340039,0.520958,0][-0.15198,-2.03269,-0.415002][0.346168,-0.770838,-0.552799][0.324851,0.530344,0][0.0209,-1.97051,-0.451086][-0.049942,-0.864058,-0.522624][0.310628,0.514281,0][0.0209,-1.97051,-0.451086][-0.049942,-0.864058,-0.522624][0.310628,0.514281,0][0.05586,-1.90297,-0.21265][0.079862,-0.997722,0.142521][0.329149,0.49214,0][-0.1532,-2.03895,-0.26807][0.551464,-0.824481,0.177828][0.340039,0.520958,0][0.08904,-1.97401,0.332346][0.365211,-0.940661,0.032973][0.37709,0.454195,0][-0.17066,-2.07181,0.262326][0.516359,-0.843505,-0.195482][0.392831,0.483541,0][-0.34668,-2.08223,0.114346][0.517805,-0.864976,-0.001047][0.392127,0.505529,0][-0.1532,-2.03895,-0.26807][0.551464,-0.824481,0.177828][0.340039,0.520958,0][0.05586,-1.90297,-0.21265][0.079862,-0.997722,0.142521][0.329149,0.49214,0][0.06912,-1.90135,-0.029502][0.108862,-1.00423,-0.041173][0.345343,0.480675,0][0.06912,-1.90135,-0.029502][0.108862,-1.00423,-0.041173][0.345343,0.480675,0][-0.30014,-2.07003,-0.16292][0.595029,-0.794272,0.171655][0.359355,0.525236,0][-0.1532,-2.03895,-0.26807][0.551464,-0.824481,0.177828][0.340039,0.520958,0][-0.15198,-2.03269,-0.415002][0.346168,-0.770838,-0.552799][0.318052,0.379804,0][-0.32576,-2.05951,-0.425488][-0.462604,0.005227,-0.896372][0.340125,0.375849,0][0.02988,-1.85621,-0.5125][-0.191996,0.228557,-0.965587][0.304279,0.40543,0][0.02988,-1.85621,-0.5125][-0.191996,0.228557,-0.965587][0.304279,0.40543,0][0.0209,-1.97051,-0.451086][-0.049942,-0.864058,-0.522624][0.297898,0.390615,0][-0.15198,-2.03269,-0.415002][0.346168,-0.770838,-0.552799][0.318052,0.379804,0][-0.23744,-2.07825,0.398196][0.340881,-0.73086,0.607729][0.407948,0.475902,0][-0.17066,-2.07181,0.262326][0.516359,-0.843505,-0.195482][0.392831,0.483541,0][0.08904,-1.97401,0.332346][0.365211,-0.940661,0.032973][0.37709,0.454195,0][0.08904,-1.97401,0.332346][0.365211,-0.940661,0.032973][0.37709,0.454195,0][0.13014,-1.93811,0.454316][0.463561,-0.717993,0.535807][0.383204,0.438484,0][-0.23744,-2.07825,0.398196][0.340881,-0.73086,0.607729][0.407948,0.475902,0][-0.23066,-2.04667,0.009332][0.552306,-0.842851,-0.006698][0.373321,0.505372,0][0.06912,-1.90135,-0.029502][0.108862,-1.00423,-0.041173][0.345343,0.480675,0][0.08904,-1.97401,0.332346][0.365211,-0.940661,0.032973][0.37709,0.454195,0][0.08904,-1.97401,0.332346][0.365211,-0.940661,0.032973][0.37709,0.454195,0][-0.34668,-2.08223,0.114346][0.517805,-0.864976,-0.001047][0.392127,0.505529,0][-0.23066,-2.04667,0.009332][0.552306,-0.842851,-0.006698][0.373321,0.505372,0][-0.25174,-1.72235,-0.216308][-0.653689,0.424437,-0.636635][0.352341,0.418551,0][-0.38816,-2.05091,-0.326002][-0.83596,0.219901,-0.509436][0.355156,0.374575,0][-0.47972,-2.07647,-0.179936][-0.944126,-0.08713,-0.321645][0.375046,0.367916,0][-0.47972,-2.07647,-0.179936][-0.944126,-0.08713,-0.321645][0.375046,0.367916,0][-0.33872,-1.74269,-0.03967][-0.930145,0.328802,-0.172405][0.372363,0.415453,0][-0.25174,-1.72235,-0.216308][-0.653689,0.424437,-0.636635][0.352341,0.418551,0][-0.47972,-2.07647,-0.179936][-0.944126,-0.08713,-0.321645][0.375046,0.367916,0][-0.49296,-2.06589,-0.01075][-0.994055,0.109511,-0.011227][0.389368,0.379197,0][-0.33872,-1.74269,-0.03967][-0.930145,0.328802,-0.172405][0.372363,0.415453,0][-0.48146,-2.06709,0.119854][-0.993027,-0.039128,0.112587][0.407314,0.382256,0][-0.4633,-2.06335,0.295758][-0.922234,0.134231,0.367147][0.419683,0.400118,0][-0.33444,-1.74941,0.145058][-0.93386,0.313243,0.180649][0.389417,0.422972,0][0.39364,-1.84613,-0.027962][0.86069,-0.499768,0.123375][0.321485,0.445167,0][0.34658,-1.83967,0.190844][0.799453,-0.565339,0.222051][0.34403,0.435209,0][0.25922,-1.94323,0.035464][0.272128,-0.96835,0.094209][0.337676,0.459331,0][0.25922,-1.94323,0.035464][0.272128,-0.96835,0.094209][0.337676,0.459331,0][0.25432,-1.96779,-0.139928][0.129783,-0.977406,0.223023][0.320849,0.46993,0][0.39364,-1.84613,-0.027962][0.86069,-0.499768,0.123375][0.321485,0.445167,0][0.17612,-1.95039,0.258948][0.341759,-0.94752,0.071309][0.3638,0.451401,0][0.25922,-1.94323,0.035464][0.272128,-0.96835,0.094209][0.337676,0.459331,0][0.34658,-1.83967,0.190844][0.799453,-0.565339,0.222051][0.34403,0.435209,0][0.34658,-1.83967,0.190844][0.799453,-0.565339,0.222051][0.34403,0.435209,0][0.24316,-1.88129,0.341822][0.654865,-0.690001,0.328292][0.364816,0.435616,0][0.17612,-1.95039,0.258948][0.341759,-0.94752,0.071309][0.3638,0.451401,0][0.17612,-1.95039,0.258948][0.341759,-0.94752,0.071309][0.3638,0.451401,0][0.08904,-1.97401,0.332346][0.365211,-0.940661,0.032973][0.37709,0.454195,0][0.06912,-1.90135,-0.029502][0.108862,-1.00423,-0.041173][0.345343,0.480675,0][0.06912,-1.90135,-0.029502][0.108862,-1.00423,-0.041173][0.345343,0.480675,0][0.25922,-1.94323,0.035464][0.272128,-0.96835,0.094209][0.337676,0.459331,0][0.17612,-1.95039,0.258948][0.341759,-0.94752,0.071309][0.3638,0.451401,0][0.34888,-2.00791,-0.354538][0.70339,-0.395581,0.600012][0.249977,0.412122,0][0.34946,-2.12625,-0.32908][0.425476,0.198514,0.893202][0.241339,0.402618,0][0.36896,-2.14131,-0.359478][0.983352,-0.128998,-0.130817][0.244778,0.399075,0][0.36896,-2.14131,-0.359478][0.983352,-0.128998,-0.130817][0.244778,0.399075,0][0.37184,-1.99925,-0.40202][0.931184,-0.140142,-0.340908][0.255946,0.409286,0][0.34888,-2.00791,-0.354538][0.70339,-0.395581,0.600012][0.249977,0.412122,0][0.25484,-2.16781,-0.419524][-0.339851,-0.443704,-0.841032][0.256016,0.386966,0][0.23534,-2.15275,-0.389128][-0.980304,-0.127956,0.153299][0.259196,0.383218,0][0.21406,-2.03923,-0.425468][-0.681864,-0.739106,-0.026557][0.270264,0.389155,0][0.21406,-2.03923,-0.425468][-0.681864,-0.739106,-0.026557][0.270264,0.389155,0][0.23702,-2.03055,-0.47295][-0.07826,-0.409579,-0.921013][0.268558,0.394923,0][0.25484,-2.16781,-0.419524][-0.339851,-0.443704,-0.841032][0.256016,0.386966,0][0.31538,-2.01115,-0.453124][0.492504,-0.133428,-0.869777][0.262015,0.402198,0][0.32118,-2.15943,-0.39922][0.506285,-0.358098,-0.794991][0.25013,0.393311,0][0.25484,-2.16781,-0.419524][-0.339851,-0.443704,-0.841032][0.256016,0.386966,0][0.25484,-2.16781,-0.419524][-0.339851,-0.443704,-0.841032][0.256016,0.386966,0][0.23702,-2.03055,-0.47295][-0.07826,-0.409579,-0.921013][0.268558,0.394923,0][0.31538,-2.01115,-0.453124][0.492504,-0.133428,-0.869777][0.262015,0.402198,0][0.26652,-2.03325,-0.349992][-0.264846,-0.679274,0.699401][0.297292,0.483315,0][0.21406,-2.03923,-0.425468][-0.681864,-0.739106,-0.026557][0.295574,0.494431,0][0.23534,-2.15275,-0.389128][-0.980304,-0.127956,0.153299][0.283996,0.49142,0][0.23534,-2.15275,-0.389128][-0.980304,-0.127956,0.153299][0.283996,0.49142,0][0.2877,-2.13355,-0.346978][-0.478132,0.133369,0.877946][0.283727,0.48453,0][0.26652,-2.03325,-0.349992][-0.264846,-0.679274,0.699401][0.297292,0.483315,0][0.24598,-2.24887,-0.334696][-0.835274,-0.393362,0.392835][0.244294,0.379125,0][0.26548,-2.26393,-0.365092][-0.268961,-0.835648,-0.500021][0.246731,0.381895,0][0.30942,-2.26807,-0.334874][0.288309,-0.959226,-0.131121][0.241726,0.386256,0][0.30942,-2.26807,-0.334874][0.288309,-0.959226,-0.131121][0.241726,0.386256,0][0.28992,-2.25301,-0.304476][-0.319031,-0.484883,0.826512][0.239103,0.383979,0][0.24598,-2.24887,-0.334696][-0.835274,-0.393362,0.392835][0.244294,0.379125,0][0.34946,-2.12625,-0.32908][0.425476,0.198514,0.893202][0.241339,0.402618,0][0.33444,-2.22835,-0.288154][0.248517,-0.140955,0.969162][0.23392,0.394983,0][0.35394,-2.24339,-0.318552][0.813953,-0.582206,0.077695][0.237787,0.391514,0][0.35394,-2.24339,-0.318552][0.813953,-0.582206,0.077695][0.237787,0.391514,0][0.36896,-2.14131,-0.359478][0.983352,-0.128998,-0.130817][0.244778,0.399075,0][0.34946,-2.12625,-0.32908][0.425476,0.198514,0.893202][0.241339,0.402618,0][0.24598,-2.24887,-0.334696][-0.835274,-0.393362,0.392835][0.249906,0.377803,0][0.23534,-2.15275,-0.389128][-0.980304,-0.127956,0.153299][0.259196,0.383218,0][0.25484,-2.16781,-0.419524][-0.339851,-0.443704,-0.841032][0.256016,0.386966,0][0.25484,-2.16781,-0.419524][-0.339851,-0.443704,-0.841032][0.256016,0.386966,0][0.26548,-2.26393,-0.365092][-0.268961,-0.835648,-0.500021][0.246731,0.381895,0][0.24598,-2.24887,-0.334696][-0.835274,-0.393362,0.392835][0.249906,0.377803,0][0.26548,-2.26393,-0.365092][-0.268961,-0.835648,-0.500021][0.246731,0.381895,0][0.25484,-2.16781,-0.419524][-0.339851,-0.443704,-0.841032][0.256016,0.386966,0][0.32118,-2.15943,-0.39922][0.506285,-0.358098,-0.794991][0.25013,0.393311,0][0.32118,-2.15943,-0.39922][0.506285,-0.358098,-0.794991][0.25013,0.393311,0][0.30942,-2.26807,-0.334874][0.288309,-0.959226,-0.131121][0.241726,0.386256,0][0.26548,-2.26393,-0.365092][-0.268961,-0.835648,-0.500021][0.246731,0.381895,0][0.2877,-2.13355,-0.346978][-0.478132,0.133369,0.877946][0.283727,0.48453,0][0.23534,-2.15275,-0.389128][-0.980304,-0.127956,0.153299][0.283996,0.49142,0][0.24598,-2.24887,-0.334696][-0.835274,-0.393362,0.392835][0.27323,0.490686,0][0.24598,-2.24887,-0.334696][-0.835274,-0.393362,0.392835][0.27323,0.490686,0][0.28992,-2.25301,-0.304476][-0.319031,-0.484883,0.826512][0.270969,0.486098,0][0.2877,-2.13355,-0.346978][-0.478132,0.133369,0.877946][0.283727,0.48453,0][0.26652,-2.03325,-0.349992][-0.264846,-0.679274,0.699401][0.297292,0.483315,0][0.2877,-2.13355,-0.346978][-0.478132,0.133369,0.877946][0.283727,0.48453,0][0.34946,-2.12625,-0.32908][0.425476,0.198514,0.893202][0.281861,0.478306,0][0.34946,-2.12625,-0.32908][0.425476,0.198514,0.893202][0.281861,0.478306,0][0.34888,-2.00791,-0.354538][0.70339,-0.395581,0.600012][0.292556,0.473336,0][0.26652,-2.03325,-0.349992][-0.264846,-0.679274,0.699401][0.297292,0.483315,0][0.37184,-1.99925,-0.40202][0.931184,-0.140142,-0.340908][0.255946,0.409286,0][0.36896,-2.14131,-0.359478][0.983352,-0.128998,-0.130817][0.244778,0.399075,0][0.32118,-2.15943,-0.39922][0.506285,-0.358098,-0.794991][0.25013,0.393311,0][0.32118,-2.15943,-0.39922][0.506285,-0.358098,-0.794991][0.25013,0.393311,0][0.31538,-2.01115,-0.453124][0.492504,-0.133428,-0.869777][0.262015,0.402198,0][0.37184,-1.99925,-0.40202][0.931184,-0.140142,-0.340908][0.255946,0.409286,0][0.34888,-2.00791,-0.354538][0.70339,-0.395581,0.600012][0.292556,0.473336,0][0.3843,-1.91599,-0.25693][0.888738,-0.441512,0.14105][0.300979,0.461139,0][0.25394,-2.00693,-0.248358][0.054315,-0.945845,0.353048][0.30907,0.476607,0][0.25394,-2.00693,-0.248358][0.054315,-0.945845,0.353048][0.30907,0.476607,0][0.26652,-2.03325,-0.349992][-0.264846,-0.679274,0.699401][0.297292,0.483315,0][0.34888,-2.00791,-0.354538][0.70339,-0.395581,0.600012][0.292556,0.473336,0][0.25394,-2.00693,-0.248358][0.054315,-0.945845,0.353048][0.30907,0.476607,0][0.0209,-1.97051,-0.451086][-0.049942,-0.864058,-0.522624][0.310628,0.514281,0][0.21406,-2.03923,-0.425468][-0.681864,-0.739106,-0.026557][0.295574,0.494431,0][0.21406,-2.03923,-0.425468][-0.681864,-0.739106,-0.026557][0.295574,0.494431,0][0.26652,-2.03325,-0.349992][-0.264846,-0.679274,0.699401][0.297292,0.483315,0][0.25394,-2.00693,-0.248358][0.054315,-0.945845,0.353048][0.30907,0.476607,0][0.0209,-1.97051,-0.451086][-0.049942,-0.864058,-0.522624][0.297898,0.390615,0][0.02988,-1.85621,-0.5125][-0.191996,0.228557,-0.965587][0.304279,0.40543,0][0.23702,-2.03055,-0.47295][-0.07826,-0.409579,-0.921013][0.268558,0.394923,0][0.23702,-2.03055,-0.47295][-0.07826,-0.409579,-0.921013][0.268558,0.394923,0][0.21406,-2.03923,-0.425468][-0.681864,-0.739106,-0.026557][0.270264,0.389155,0][0.0209,-1.97051,-0.451086][-0.049942,-0.864058,-0.522624][0.297898,0.390615,0][0.23558,-1.79495,-0.48698][0.24919,0.463276,-0.862657][0.287474,0.419499,0][0.31538,-2.01115,-0.453124][0.492504,-0.133428,-0.869777][0.262015,0.402198,0][0.23702,-2.03055,-0.47295][-0.07826,-0.409579,-0.921013][0.268558,0.394923,0][0.23702,-2.03055,-0.47295][-0.07826,-0.409579,-0.921013][0.268558,0.394923,0][0.02988,-1.85621,-0.5125][-0.191996,0.228557,-0.965587][0.304279,0.40543,0][0.23558,-1.79495,-0.48698][0.24919,0.463276,-0.862657][0.287474,0.419499,0][0.31538,-2.01115,-0.453124][0.492504,-0.133428,-0.869777][0.262015,0.402198,0][0.23558,-1.79495,-0.48698][0.24919,0.463276,-0.862657][0.287474,0.419499,0][0.38234,-1.80877,-0.38698][0.810457,0.356131,-0.473261][0.270045,0.429359,0][0.38234,-1.80877,-0.38698][0.810457,0.356131,-0.473261][0.270045,0.429359,0][0.37184,-1.99925,-0.40202][0.931184,-0.140142,-0.340908][0.255946,0.409286,0][0.31538,-2.01115,-0.453124][0.492504,-0.133428,-0.869777][0.262015,0.402198,0][0.37184,-1.99925,-0.40202][0.931184,-0.140142,-0.340908][0.255946,0.409286,0][0.38234,-1.80877,-0.38698][0.810457,0.356131,-0.473261][0.270045,0.429359,0][0.3843,-1.91599,-0.25693][0.888738,-0.441512,0.14105][0.250663,0.431579,0][0.3843,-1.91599,-0.25693][0.888738,-0.441512,0.14105][0.250663,0.431579,0][0.34888,-2.00791,-0.354538][0.70339,-0.395581,0.600012][0.249977,0.412122,0][0.37184,-1.99925,-0.40202][0.931184,-0.140142,-0.340908][0.255946,0.409286,0][-0.23708,-2.30865,-0.317148][0.819129,0.20357,-0.543063][0.320763,0.345721,0][-0.16168,-2.39299,-0.268096][0.718723,0.458975,-0.532495][0.313384,0.331965,0][-0.1771,-2.42749,-0.278154][0.099904,-0.51605,-0.86358][0.317484,0.329298,0][-0.1771,-2.42749,-0.278154][0.099904,-0.51605,-0.86358][0.317484,0.329298,0][-0.27116,-2.34183,-0.337132][-0.06578,-0.457898,-0.898992][0.326266,0.34336,0][-0.23708,-2.30865,-0.317148][0.819129,0.20357,-0.543063][0.320763,0.345721,0][-0.2104,-2.39729,-0.178546][-0.066524,0.397061,0.927416][0.332889,0.321787,0][-0.29594,-2.31387,-0.208954][1e-06,0.140356,1.00129][0.342183,0.335474,0][-0.33004,-2.34703,-0.228938][-0.762884,-0.522616,0.392676][0.33783,0.338045,0][-0.33004,-2.34703,-0.228938][-0.762884,-0.522616,0.392676][0.33783,0.338045,0][-0.22582,-2.43181,-0.188604][-0.643538,-0.586824,0.504528][0.328803,0.323237,0][-0.2104,-2.39729,-0.178546][-0.066524,0.397061,0.927416][0.332889,0.321787,0][-0.30838,-2.35459,-0.290576][-0.654028,-0.65124,-0.401103][0.331937,0.340425,0][-0.20604,-2.44197,-0.238788][-0.440114,-0.85865,-0.29493][0.322835,0.326232,0][-0.22582,-2.43181,-0.188604][-0.643538,-0.586824,0.504528][0.328803,0.323237,0][-0.22582,-2.43181,-0.188604][-0.643538,-0.586824,0.504528][0.328803,0.323237,0][-0.33004,-2.34703,-0.228938][-0.762884,-0.522616,0.392676][0.33783,0.338045,0][-0.30838,-2.35459,-0.290576][-0.654028,-0.65124,-0.401103][0.331937,0.340425,0][-0.24414,-2.29071,-0.252914][0.753622,0.514837,0.420266][0.351597,0.557529,0][-0.29594,-2.31387,-0.208954][1e-06,0.140356,1.00129][0.360307,0.557367,0][-0.2104,-2.39729,-0.178546][-0.066524,0.397061,0.927416][0.359708,0.570979,0][-0.2104,-2.39729,-0.178546][-0.066524,0.397061,0.927416][0.359708,0.570979,0][-0.17952,-2.38265,-0.2215][0.569222,0.759361,0.338259][0.354044,0.571661,0][-0.24414,-2.29071,-0.252914][0.753622,0.514837,0.420266][0.351597,0.557529,0][-0.0808001,-2.45803,-0.168986][0.866696,0.142721,0.48375][0.314236,0.311778,0][-0.09622,-2.49253,-0.179044][0.401865,-0.908712,0.177285][0.316366,0.314951,0][-0.09106,-2.47891,-0.23369][0.45866,-0.687876,-0.577972][0.311861,0.318943,0][-0.09106,-2.47891,-0.23369][0.45866,-0.687876,-0.577972][0.311861,0.318943,0][-0.07564,-2.44441,-0.223632][0.905348,0.322518,-0.283453][0.309001,0.315902,0][-0.0808001,-2.45803,-0.168986][0.866696,0.142721,0.48375][0.314236,0.311778,0][-0.16168,-2.39299,-0.268096][0.718723,0.458975,-0.532495][0.313384,0.331965,0][-0.07564,-2.44441,-0.223632][0.905348,0.322518,-0.283453][0.307651,0.321405,0][-0.09106,-2.47891,-0.23369][0.45866,-0.687876,-0.577972][0.311861,0.318943,0][-0.09106,-2.47891,-0.23369][0.45866,-0.687876,-0.577972][0.311861,0.318943,0][-0.1771,-2.42749,-0.278154][0.099904,-0.51605,-0.86358][0.317484,0.329298,0][-0.16168,-2.39299,-0.268096][0.718723,0.458975,-0.532495][0.313384,0.331965,0][-0.12436,-2.44873,-0.134082][0.243627,0.26468,0.944219][0.32639,0.310701,0][-0.2104,-2.39729,-0.178546][-0.066524,0.397061,0.927416][0.332889,0.321787,0][-0.22582,-2.43181,-0.188604][-0.643538,-0.586824,0.504528][0.328803,0.323237,0][-0.22582,-2.43181,-0.188604][-0.643538,-0.586824,0.504528][0.328803,0.323237,0][-0.1398,-2.48323,-0.14414][-0.203999,-0.747137,0.649249][0.322298,0.313028,0][-0.12436,-2.44873,-0.134082][0.243627,0.26468,0.944219][0.32639,0.310701,0][-0.20604,-2.44197,-0.238788][-0.440114,-0.85865,-0.29493][0.322835,0.326232,0][-0.1771,-2.42749,-0.278154][0.099904,-0.51605,-0.86358][0.317484,0.329298,0][-0.09106,-2.47891,-0.23369][0.45866,-0.687876,-0.577972][0.311861,0.318943,0][-0.09106,-2.47891,-0.23369][0.45866,-0.687876,-0.577972][0.311861,0.318943,0][-0.09622,-2.49253,-0.179044][0.401865,-0.908712,0.177285][0.316366,0.314951,0][-0.20604,-2.44197,-0.238788][-0.440114,-0.85865,-0.29493][0.322835,0.326232,0][-0.1398,-2.48323,-0.14414][-0.203999,-0.747137,0.649249][0.322298,0.313028,0][-0.22582,-2.43181,-0.188604][-0.643538,-0.586824,0.504528][0.328803,0.323237,0][-0.20604,-2.44197,-0.238788][-0.440114,-0.85865,-0.29493][0.322835,0.326232,0][-0.20604,-2.44197,-0.238788][-0.440114,-0.85865,-0.29493][0.322835,0.326232,0][-0.09622,-2.49253,-0.179044][0.401865,-0.908712,0.177285][0.316366,0.314951,0][-0.1398,-2.48323,-0.14414][-0.203999,-0.747137,0.649249][0.322298,0.313028,0][-0.07564,-2.44441,-0.223632][0.905348,0.322518,-0.283453][0.351204,0.585937,0][-0.16168,-2.39299,-0.268096][0.718723,0.458975,-0.532495][0.348915,0.573265,0][-0.17952,-2.38265,-0.2215][0.569222,0.759361,0.338259][0.354044,0.571661,0][-0.17952,-2.38265,-0.2215][0.569222,0.759361,0.338259][0.354044,0.571661,0][-0.0808001,-2.45803,-0.168986][0.866696,0.142721,0.48375][0.357111,0.587663,0][-0.07564,-2.44441,-0.223632][0.905348,0.322518,-0.283453][0.351204,0.585937,0][-0.24414,-2.29071,-0.252914][0.753622,0.514837,0.420266][0.351597,0.557529,0][-0.17952,-2.38265,-0.2215][0.569222,0.759361,0.338259][0.354044,0.571661,0][-0.16168,-2.39299,-0.268096][0.718723,0.458975,-0.532495][0.348915,0.573265,0][-0.16168,-2.39299,-0.268096][0.718723,0.458975,-0.532495][0.348915,0.573265,0][-0.23708,-2.30865,-0.317148][0.819129,0.20357,-0.543063][0.344396,0.559856,0][-0.24414,-2.29071,-0.252914][0.753622,0.514837,0.420266][0.351597,0.557529,0][-0.30838,-2.35459,-0.290576][-0.654028,-0.65124,-0.401103][0.331937,0.340425,0][-0.27116,-2.34183,-0.337132][-0.06578,-0.457898,-0.898992][0.326266,0.34336,0][-0.1771,-2.42749,-0.278154][0.099904,-0.51605,-0.86358][0.317484,0.329298,0][-0.1771,-2.42749,-0.278154][0.099904,-0.51605,-0.86358][0.317484,0.329298,0][-0.20604,-2.44197,-0.238788][-0.440114,-0.85865,-0.29493][0.322835,0.326232,0][-0.30838,-2.35459,-0.290576][-0.654028,-0.65124,-0.401103][0.331937,0.340425,0][-0.1532,-2.03895,-0.26807][0.551464,-0.824481,0.177828][0.340039,0.520958,0][-0.27952,-2.18263,-0.268778][0.842932,-0.196512,0.507245][0.349265,0.542406,0][-0.2648,-2.18605,-0.353672][0.769099,-0.332106,-0.554342][0.339243,0.545568,0][-0.2648,-2.18605,-0.353672][0.769099,-0.332106,-0.554342][0.339243,0.545568,0][-0.15198,-2.03269,-0.415002][0.346168,-0.770838,-0.552799][0.324851,0.530344,0][-0.1532,-2.03895,-0.26807][0.551464,-0.824481,0.177828][0.340039,0.520958,0][-0.30014,-2.07003,-0.16292][0.595029,-0.794272,0.171655][0.359355,0.525236,0][-0.34588,-2.19323,-0.204716][0.088423,-0.28294,0.966557][0.361057,0.541665,0][-0.27952,-2.18263,-0.268778][0.842932,-0.196512,0.507245][0.349265,0.542406,0][-0.27952,-2.18263,-0.268778][0.842932,-0.196512,0.507245][0.349265,0.542406,0][-0.1532,-2.03895,-0.26807][0.551464,-0.824481,0.177828][0.340039,0.520958,0][-0.30014,-2.07003,-0.16292][0.595029,-0.794272,0.171655][0.359355,0.525236,0][-0.34588,-2.19323,-0.204716][0.088423,-0.28294,0.966557][0.355829,0.35,0][-0.30014,-2.07003,-0.16292][0.595029,-0.794272,0.171655][0.36924,0.344587,0][-0.47972,-2.07647,-0.179936][-0.944126,-0.08713,-0.321645][0.375046,0.367916,0][-0.47972,-2.07647,-0.179936][-0.944126,-0.08713,-0.321645][0.375046,0.367916,0][-0.4157,-2.18525,-0.24109][-0.882837,-0.453941,0.139467][0.355823,0.358759,0][-0.34588,-2.19323,-0.204716][0.088423,-0.28294,0.966557][0.355829,0.35,0][-0.38816,-2.05091,-0.326002][-0.83596,0.219901,-0.509436][0.355156,0.374575,0][-0.38648,-2.18557,-0.325778][-0.844416,-0.246537,-0.48226][0.345874,0.361736,0][-0.4157,-2.18525,-0.24109][-0.882837,-0.453941,0.139467][0.355823,0.358759,0][-0.4157,-2.18525,-0.24109][-0.882837,-0.453941,0.139467][0.355823,0.358759,0][-0.47972,-2.07647,-0.179936][-0.944126,-0.08713,-0.321645][0.375046,0.367916,0][-0.38816,-2.05091,-0.326002][-0.83596,0.219901,-0.509436][0.355156,0.374575,0][-0.38816,-2.05091,-0.326002][-0.83596,0.219901,-0.509436][0.355156,0.374575,0][-0.32576,-2.05951,-0.425488][-0.462604,0.005227,-0.896372][0.340125,0.375849,0][-0.33464,-2.17809,-0.390048][-0.286885,-0.288754,-0.924535][0.337164,0.363559,0][-0.33464,-2.17809,-0.390048][-0.286885,-0.288754,-0.924535][0.337164,0.363559,0][-0.38648,-2.18557,-0.325778][-0.844416,-0.246537,-0.48226][0.345874,0.361736,0][-0.38816,-2.05091,-0.326002][-0.83596,0.219901,-0.509436][0.355156,0.374575,0][-0.32576,-2.05951,-0.425488][-0.462604,0.005227,-0.896372][0.340125,0.375849,0][-0.15198,-2.03269,-0.415002][0.346168,-0.770838,-0.552799][0.318052,0.379804,0][-0.2648,-2.18605,-0.353672][0.769099,-0.332106,-0.554342][0.326111,0.359984,0][-0.2648,-2.18605,-0.353672][0.769099,-0.332106,-0.554342][0.326111,0.359984,0][-0.33464,-2.17809,-0.390048][-0.286885,-0.288754,-0.924535][0.337164,0.363559,0][-0.32576,-2.05951,-0.425488][-0.462604,0.005227,-0.896372][0.340125,0.375849,0][-0.27952,-2.18263,-0.268778][0.842932,-0.196512,0.507245][0.349265,0.542406,0][-0.24414,-2.29071,-0.252914][0.753622,0.514837,0.420266][0.351597,0.557529,0][-0.23708,-2.30865,-0.317148][0.819129,0.20357,-0.543063][0.344396,0.559856,0][-0.23708,-2.30865,-0.317148][0.819129,0.20357,-0.543063][0.344396,0.559856,0][-0.2648,-2.18605,-0.353672][0.769099,-0.332106,-0.554342][0.339243,0.545568,0][-0.27952,-2.18263,-0.268778][0.842932,-0.196512,0.507245][0.349265,0.542406,0][-0.27952,-2.18263,-0.268778][0.842932,-0.196512,0.507245][0.349265,0.542406,0][-0.34588,-2.19323,-0.204716][0.088423,-0.28294,0.966557][0.361057,0.541665,0][-0.29594,-2.31387,-0.208954][1e-06,0.140356,1.00129][0.360307,0.557367,0][-0.29594,-2.31387,-0.208954][1e-06,0.140356,1.00129][0.360307,0.557367,0][-0.24414,-2.29071,-0.252914][0.753622,0.514837,0.420266][0.351597,0.557529,0][-0.27952,-2.18263,-0.268778][0.842932,-0.196512,0.507245][0.349265,0.542406,0][-0.33004,-2.34703,-0.228938][-0.762884,-0.522616,0.392676][0.33783,0.338045,0][-0.29594,-2.31387,-0.208954][1e-06,0.140356,1.00129][0.342183,0.335474,0][-0.34588,-2.19323,-0.204716][0.088423,-0.28294,0.966557][0.355829,0.35,0][-0.34588,-2.19323,-0.204716][0.088423,-0.28294,0.966557][0.355829,0.35,0][-0.4157,-2.18525,-0.24109][-0.882837,-0.453941,0.139467][0.355823,0.358759,0][-0.33004,-2.34703,-0.228938][-0.762884,-0.522616,0.392676][0.33783,0.338045,0][-0.38648,-2.18557,-0.325778][-0.844416,-0.246537,-0.48226][0.345874,0.361736,0][-0.30838,-2.35459,-0.290576][-0.654028,-0.65124,-0.401103][0.331937,0.340425,0][-0.33004,-2.34703,-0.228938][-0.762884,-0.522616,0.392676][0.33783,0.338045,0][-0.33004,-2.34703,-0.228938][-0.762884,-0.522616,0.392676][0.33783,0.338045,0][-0.4157,-2.18525,-0.24109][-0.882837,-0.453941,0.139467][0.355823,0.358759,0][-0.38648,-2.18557,-0.325778][-0.844416,-0.246537,-0.48226][0.345874,0.361736,0][-0.38648,-2.18557,-0.325778][-0.844416,-0.246537,-0.48226][0.345874,0.361736,0][-0.33464,-2.17809,-0.390048][-0.286885,-0.288754,-0.924535][0.337164,0.363559,0][-0.27116,-2.34183,-0.337132][-0.06578,-0.457898,-0.898992][0.326266,0.34336,0][-0.27116,-2.34183,-0.337132][-0.06578,-0.457898,-0.898992][0.326266,0.34336,0][-0.30838,-2.35459,-0.290576][-0.654028,-0.65124,-0.401103][0.331937,0.340425,0][-0.38648,-2.18557,-0.325778][-0.844416,-0.246537,-0.48226][0.345874,0.361736,0][-0.2648,-2.18605,-0.353672][0.769099,-0.332106,-0.554342][0.326111,0.359984,0][-0.23708,-2.30865,-0.317148][0.819129,0.20357,-0.543063][0.320763,0.345721,0][-0.27116,-2.34183,-0.337132][-0.06578,-0.457898,-0.898992][0.326266,0.34336,0][-0.27116,-2.34183,-0.337132][-0.06578,-0.457898,-0.898992][0.326266,0.34336,0][-0.33464,-2.17809,-0.390048][-0.286885,-0.288754,-0.924535][0.337164,0.363559,0][-0.2648,-2.18605,-0.353672][0.769099,-0.332106,-0.554342][0.326111,0.359984,0][-0.30464,-2.34341,-0.069922][0.545363,0.194789,-0.824797][0.396499,0.33264,0][-0.22044,-2.42617,-0.052292][0.451074,0.439521,-0.7881][0.404376,0.318196,0][-0.23702,-2.46151,-0.054658][-0.214232,-0.549621,-0.820536][0.408448,0.31959,0][-0.23702,-2.46151,-0.054658][-0.214232,-0.549621,-0.820536][0.408448,0.31959,0][-0.35016,-2.38123,-0.075028][-0.385412,-0.495854,-0.79029][0.401333,0.336767,0][-0.30464,-2.34341,-0.069922][0.545363,0.194789,-0.824797][0.396499,0.33264,0][-0.24726,-2.46351,0.04685][-0.373946,-0.586903,0.731351][0.418522,0.324876,0][-0.23068,-2.42815,0.049218][0.278608,0.444043,0.863571][0.422318,0.326448,0][-0.31702,-2.34581,0.05272][0.414262,0.15515,0.907068][0.418599,0.341139,0][-0.31702,-2.34581,0.05272][0.414262,0.15515,0.907068][0.418599,0.341139,0][-0.36256,-2.38363,0.047612][-0.533208,-0.532577,0.669326][0.412818,0.340737,0][-0.24726,-2.46351,0.04685][-0.373946,-0.586903,0.731351][0.418522,0.324876,0][-0.366,-2.39313,-0.017374][-0.727598,-0.68685,-0.09656][0.406964,0.339012,0][-0.2479,-2.47517,-0.006788][-0.482011,-0.882551,-0.076632][0.413388,0.321825,0][-0.24726,-2.46351,0.04685][-0.373946,-0.586903,0.731351][0.418522,0.324876,0][-0.24726,-2.46351,0.04685][-0.373946,-0.586903,0.731351][0.418522,0.324876,0][-0.36256,-2.38363,0.047612][-0.533208,-0.532577,0.669326][0.412818,0.340737,0][-0.366,-2.39313,-0.017374][-0.727598,-0.68685,-0.09656][0.406964,0.339012,0][-0.31702,-2.34581,0.05272][0.414262,0.15515,0.907068][0.400668,0.539266,0][-0.23068,-2.42815,0.049218][0.278608,0.444043,0.863571][0.407599,0.553617,0][-0.21938,-2.41441,-0.00272][0.624458,0.784381,0.091603][0.40183,0.557046,0][-0.21938,-2.41441,-0.00272][0.624458,0.784381,0.091603][0.40183,0.557046,0][-0.2876,-2.32363,-0.008518][0.875357,0.480119,0.091891][0.393064,0.543295,0][-0.31702,-2.34581,0.05272][0.414262,0.15515,0.907068][0.400668,0.539266,0][-0.09996,-2.48687,0.010044][0.976591,0.191258,0.103543][0.421002,0.304363,0][-0.11656,-2.52223,0.007678][0.474957,-0.889212,0.031183][0.41907,0.308094,0][-0.13316,-2.51089,-0.045044][0.232804,-0.699002,-0.691572][0.413334,0.307207,0][-0.13316,-2.51089,-0.045044][0.232804,-0.699002,-0.691572][0.413334,0.307207,0][-0.11658,-2.47555,-0.042676][0.713984,0.337825,-0.622112][0.414487,0.302275,0][-0.09996,-2.48687,0.010044][0.976591,0.191258,0.103543][0.421002,0.304363,0][-0.22044,-2.42617,-0.052292][0.451074,0.439521,-0.7881][0.404376,0.318196,0][-0.11658,-2.47555,-0.042676][0.713984,0.337825,-0.622112][0.409163,0.305407,0][-0.13316,-2.51089,-0.045044][0.232804,-0.699002,-0.691572][0.413334,0.307207,0][-0.13316,-2.51089,-0.045044][0.232804,-0.699002,-0.691572][0.413334,0.307207,0][-0.23702,-2.46151,-0.054658][-0.214232,-0.549621,-0.820536][0.408448,0.31959,0][-0.22044,-2.42617,-0.052292][0.451074,0.439521,-0.7881][0.404376,0.318196,0][-0.12684,-2.47751,0.058832][0.574397,0.312137,0.76653][0.427896,0.313375,0][-0.23068,-2.42815,0.049218][0.278608,0.444043,0.863571][0.422318,0.326448,0][-0.24726,-2.46351,0.04685][-0.373946,-0.586903,0.731351][0.418522,0.324876,0][-0.24726,-2.46351,0.04685][-0.373946,-0.586903,0.731351][0.418522,0.324876,0][-0.14342,-2.51289,0.056464][0.092705,-0.726408,0.697013][0.423668,0.31169,0][-0.12684,-2.47751,0.058832][0.574397,0.312137,0.76653][0.427896,0.313375,0][-0.2479,-2.47517,-0.006788][-0.482011,-0.882551,-0.076632][0.413388,0.321825,0][-0.23702,-2.46151,-0.054658][-0.214232,-0.549621,-0.820536][0.408448,0.31959,0][-0.13316,-2.51089,-0.045044][0.232804,-0.699002,-0.691572][0.413334,0.307207,0][-0.13316,-2.51089,-0.045044][0.232804,-0.699002,-0.691572][0.413334,0.307207,0][-0.11656,-2.52223,0.007678][0.474957,-0.889212,0.031183][0.41907,0.308094,0][-0.2479,-2.47517,-0.006788][-0.482011,-0.882551,-0.076632][0.413388,0.321825,0][-0.14342,-2.51289,0.056464][0.092705,-0.726408,0.697013][0.423668,0.31169,0][-0.24726,-2.46351,0.04685][-0.373946,-0.586903,0.731351][0.418522,0.324876,0][-0.2479,-2.47517,-0.006788][-0.482011,-0.882551,-0.076632][0.413388,0.321825,0][-0.2479,-2.47517,-0.006788][-0.482011,-0.882551,-0.076632][0.413388,0.321825,0][-0.11656,-2.52223,0.007678][0.474957,-0.889212,0.031183][0.41907,0.308094,0][-0.14342,-2.51289,0.056464][0.092705,-0.726408,0.697013][0.423668,0.31169,0][-0.11658,-2.47555,-0.042676][0.713984,0.337825,-0.622112][0.404816,0.572791,0][-0.22044,-2.42617,-0.052292][0.451074,0.439521,-0.7881][0.396793,0.560868,0][-0.21938,-2.41441,-0.00272][0.624458,0.784381,0.091603][0.40183,0.557046,0][-0.21938,-2.41441,-0.00272][0.624458,0.784381,0.091603][0.40183,0.557046,0][-0.09996,-2.48687,0.010044][0.976591,0.191258,0.103543][0.411529,0.572104,0][-0.11658,-2.47555,-0.042676][0.713984,0.337825,-0.622112][0.404816,0.572791,0][-0.2876,-2.32363,-0.008518][0.875357,0.480119,0.091891][0.393064,0.543295,0][-0.21938,-2.41441,-0.00272][0.624458,0.784381,0.091603][0.40183,0.557046,0][-0.22044,-2.42617,-0.052292][0.451074,0.439521,-0.7881][0.396793,0.560868,0][-0.22044,-2.42617,-0.052292][0.451074,0.439521,-0.7881][0.396793,0.560868,0][-0.30464,-2.34341,-0.069922][0.545363,0.194789,-0.824797][0.387156,0.548989,0][-0.2876,-2.32363,-0.008518][0.875357,0.480119,0.091891][0.393064,0.543295,0][-0.366,-2.39313,-0.017374][-0.727598,-0.68685,-0.09656][0.406964,0.339012,0][-0.35016,-2.38123,-0.075028][-0.385412,-0.495854,-0.79029][0.401333,0.336767,0][-0.23702,-2.46151,-0.054658][-0.214232,-0.549621,-0.820536][0.408448,0.31959,0][-0.23702,-2.46151,-0.054658][-0.214232,-0.549621,-0.820536][0.408448,0.31959,0][-0.2479,-2.47517,-0.006788][-0.482011,-0.882551,-0.076632][0.413388,0.321825,0][-0.366,-2.39313,-0.017374][-0.727598,-0.68685,-0.09656][0.406964,0.339012,0][-0.30014,-2.07003,-0.16292][0.595029,-0.794272,0.171655][0.359355,0.525236,0][-0.23066,-2.04667,0.009332][0.552306,-0.842851,-0.006698][0.373321,0.505372,0][-0.32322,-2.21901,-0.008818][0.98964,-0.080908,0.120525][0.385296,0.529412,0][-0.32322,-2.21901,-0.008818][0.98964,-0.080908,0.120525][0.385296,0.529412,0][-0.35112,-2.22703,-0.094132][0.563368,-0.231891,-0.802529][0.376284,0.537396,0][-0.30014,-2.07003,-0.16292][0.595029,-0.794272,0.171655][0.359355,0.525236,0][-0.34668,-2.08223,0.114346][0.517805,-0.864976,-0.001047][0.392127,0.505529,0][-0.36818,-2.23033,0.074714][0.389676,-0.145416,0.919731][0.396778,0.52316,0][-0.32322,-2.21901,-0.008818][0.98964,-0.080908,0.120525][0.385296,0.529412,0][-0.32322,-2.21901,-0.008818][0.98964,-0.080908,0.120525][0.385296,0.529412,0][-0.23066,-2.04667,0.009332][0.552306,-0.842851,-0.006698][0.373321,0.505372,0][-0.34668,-2.08223,0.114346][0.517805,-0.864976,-0.001047][0.392127,0.505529,0][-0.45328,-2.22511,0.06509][-0.702463,-0.37905,0.61168][0.406701,0.360759,0][-0.36818,-2.23033,0.074714][0.389676,-0.145416,0.919731][0.416271,0.355428,0][-0.34668,-2.08223,0.114346][0.517805,-0.864976,-0.001047][0.421204,0.369043,0][-0.34668,-2.08223,0.114346][0.517805,-0.864976,-0.001047][0.421204,0.369043,0][-0.48146,-2.06709,0.119854][-0.993027,-0.039128,0.112587][0.407314,0.382256,0][-0.45328,-2.22511,0.06509][-0.702463,-0.37905,0.61168][0.406701,0.360759,0][-0.49296,-2.06589,-0.01075][-0.994055,0.109511,-0.011227][0.389368,0.379197,0][-0.45892,-2.22813,-0.024274][-0.929,-0.356473,-0.113745][0.39676,0.359684,0][-0.45328,-2.22511,0.06509][-0.702463,-0.37905,0.61168][0.406701,0.360759,0][-0.45328,-2.22511,0.06509][-0.702463,-0.37905,0.61168][0.406701,0.360759,0][-0.48146,-2.06709,0.119854][-0.993027,-0.039128,0.112587][0.407314,0.382256,0][-0.49296,-2.06589,-0.01075][-0.994055,0.109511,-0.011227][0.389368,0.379197,0][-0.49296,-2.06589,-0.01075][-0.994055,0.109511,-0.011227][0.389368,0.379197,0][-0.47972,-2.07647,-0.179936][-0.944126,-0.08713,-0.321645][0.375046,0.367916,0][-0.43624,-2.22181,-0.103756][-0.572668,-0.438508,-0.703375][0.389019,0.356829,0][-0.43624,-2.22181,-0.103756][-0.572668,-0.438508,-0.703375][0.389019,0.356829,0][-0.45892,-2.22813,-0.024274][-0.929,-0.356473,-0.113745][0.39676,0.359684,0][-0.49296,-2.06589,-0.01075][-0.994055,0.109511,-0.011227][0.389368,0.379197,0][-0.30014,-2.07003,-0.16292][0.595029,-0.794272,0.171655][0.36924,0.344587,0][-0.35112,-2.22703,-0.094132][0.563368,-0.231891,-0.802529][0.38694,0.345769,0][-0.43624,-2.22181,-0.103756][-0.572668,-0.438508,-0.703375][0.389019,0.356829,0][-0.43624,-2.22181,-0.103756][-0.572668,-0.438508,-0.703375][0.389019,0.356829,0][-0.47972,-2.07647,-0.179936][-0.944126,-0.08713,-0.321645][0.375046,0.367916,0][-0.30014,-2.07003,-0.16292][0.595029,-0.794272,0.171655][0.36924,0.344587,0][-0.32322,-2.21901,-0.008818][0.98964,-0.080908,0.120525][0.385296,0.529412,0][-0.2876,-2.32363,-0.008518][0.875357,0.480119,0.091891][0.393064,0.543295,0][-0.30464,-2.34341,-0.069922][0.545363,0.194789,-0.824797][0.387156,0.548989,0][-0.30464,-2.34341,-0.069922][0.545363,0.194789,-0.824797][0.387156,0.548989,0][-0.35112,-2.22703,-0.094132][0.563368,-0.231891,-0.802529][0.376284,0.537396,0][-0.32322,-2.21901,-0.008818][0.98964,-0.080908,0.120525][0.385296,0.529412,0][-0.32322,-2.21901,-0.008818][0.98964,-0.080908,0.120525][0.385296,0.529412,0][-0.36818,-2.23033,0.074714][0.389676,-0.145416,0.919731][0.396778,0.52316,0][-0.31702,-2.34581,0.05272][0.414262,0.15515,0.907068][0.400668,0.539266,0][-0.31702,-2.34581,0.05272][0.414262,0.15515,0.907068][0.400668,0.539266,0][-0.2876,-2.32363,-0.008518][0.875357,0.480119,0.091891][0.393064,0.543295,0][-0.32322,-2.21901,-0.008818][0.98964,-0.080908,0.120525][0.385296,0.529412,0][-0.36256,-2.38363,0.047612][-0.533208,-0.532577,0.669326][0.412818,0.340737,0][-0.31702,-2.34581,0.05272][0.414262,0.15515,0.907068][0.418599,0.341139,0][-0.36818,-2.23033,0.074714][0.389676,-0.145416,0.919731][0.416271,0.355428,0][-0.36818,-2.23033,0.074714][0.389676,-0.145416,0.919731][0.416271,0.355428,0][-0.45328,-2.22511,0.06509][-0.702463,-0.37905,0.61168][0.406701,0.360759,0][-0.36256,-2.38363,0.047612][-0.533208,-0.532577,0.669326][0.412818,0.340737,0][-0.45892,-2.22813,-0.024274][-0.929,-0.356473,-0.113745][0.39676,0.359684,0][-0.366,-2.39313,-0.017374][-0.727598,-0.68685,-0.09656][0.406964,0.339012,0][-0.36256,-2.38363,0.047612][-0.533208,-0.532577,0.669326][0.412818,0.340737,0][-0.36256,-2.38363,0.047612][-0.533208,-0.532577,0.669326][0.412818,0.340737,0][-0.45328,-2.22511,0.06509][-0.702463,-0.37905,0.61168][0.406701,0.360759,0][-0.45892,-2.22813,-0.024274][-0.929,-0.356473,-0.113745][0.39676,0.359684,0][-0.45892,-2.22813,-0.024274][-0.929,-0.356473,-0.113745][0.39676,0.359684,0][-0.43624,-2.22181,-0.103756][-0.572668,-0.438508,-0.703375][0.389019,0.356829,0][-0.35016,-2.38123,-0.075028][-0.385412,-0.495854,-0.79029][0.401333,0.336767,0][-0.35016,-2.38123,-0.075028][-0.385412,-0.495854,-0.79029][0.401333,0.336767,0][-0.366,-2.39313,-0.017374][-0.727598,-0.68685,-0.09656][0.406964,0.339012,0][-0.45892,-2.22813,-0.024274][-0.929,-0.356473,-0.113745][0.39676,0.359684,0][-0.35112,-2.22703,-0.094132][0.563368,-0.231891,-0.802529][0.38694,0.345769,0][-0.30464,-2.34341,-0.069922][0.545363,0.194789,-0.824797][0.396499,0.33264,0][-0.35016,-2.38123,-0.075028][-0.385412,-0.495854,-0.79029][0.401333,0.336767,0][-0.35016,-2.38123,-0.075028][-0.385412,-0.495854,-0.79029][0.401333,0.336767,0][-0.43624,-2.22181,-0.103756][-0.572668,-0.438508,-0.703375][0.389019,0.356829,0][-0.35112,-2.22703,-0.094132][0.563368,-0.231891,-0.802529][0.38694,0.345769,0][-0.3432,-2.30725,0.193304][0.127281,0.086492,-0.999119][0.448806,0.376996,0][-0.27174,-2.37483,0.183018][0.117652,0.395736,-0.92278][0.461338,0.37443,0][-0.288,-2.41035,0.185316][-0.477116,-0.535124,-0.709373][0.463606,0.378475,0][-0.288,-2.41035,0.185316][-0.477116,-0.535124,-0.709373][0.463606,0.378475,0][-0.38466,-2.33947,0.202474][-0.657063,-0.451128,-0.61434][0.450387,0.382255,0][-0.3432,-2.30725,0.193304][0.127281,0.086492,-0.999119][0.448806,0.376996,0][-0.26306,-2.41535,0.28414][-0.107316,-0.617644,0.79311][0.468503,0.389194,0][-0.2468,-2.37983,0.281838][0.532898,0.368082,0.772327][0.470376,0.393576,0][-0.31304,-2.31331,0.312756][0.623114,-0.021668,0.790499][0.459334,0.398731,0][-0.31304,-2.31331,0.312756][0.623114,-0.021668,0.790499][0.459334,0.398731,0][-0.35452,-2.34551,0.321924][-0.303691,-0.526384,0.806795][0.456162,0.393787,0][-0.26306,-2.41535,0.28414][-0.107316,-0.617644,0.79311][0.468503,0.389194,0][-0.37984,-2.35323,0.261694][-0.747534,-0.654922,0.148664][0.453481,0.387763,0][-0.28186,-2.42551,0.233576][-0.480296,-0.884253,0.067477][0.46615,0.383545,0][-0.26306,-2.41535,0.28414][-0.107316,-0.617644,0.79311][0.468503,0.389194,0][-0.26306,-2.41535,0.28414][-0.107316,-0.617644,0.79311][0.468503,0.389194,0][-0.35452,-2.34551,0.321924][-0.303691,-0.526384,0.806795][0.456162,0.393787,0][-0.37984,-2.35323,0.261694][-0.747534,-0.654922,0.148664][0.453481,0.387763,0][-0.31304,-2.31331,0.312756][0.623114,-0.021668,0.790499][0.427089,0.495146,0][-0.2468,-2.37983,0.281838][0.532898,0.368082,0.772327][0.435666,0.50234,0][-0.24882,-2.35733,0.228542][0.663889,0.748903,-0.104195][0.430224,0.507627,0][-0.24882,-2.35733,0.228542][0.663889,0.748903,-0.104195][0.430224,0.507627,0][-0.29002,-2.28209,0.241816][0.950034,0.19594,-0.247416][0.418945,0.5021,0][-0.31304,-2.31331,0.312756][0.623114,-0.021668,0.790499][0.427089,0.495146,0][-0.14554,-2.42649,0.254052][0.797682,0.278045,0.542677][0.487274,0.384058,0][-0.1618,-2.46201,0.256354][0.327271,-0.741319,0.60269][0.481726,0.384982,0][-0.1527,-2.46975,0.200978][0.465216,-0.880004,-0.163175][0.480228,0.378906,0][-0.1527,-2.46975,0.200978][0.465216,-0.880004,-0.163175][0.480228,0.378906,0][-0.13644,-2.43425,0.198678][0.956149,0.180838,-0.234497][0.484128,0.377257,0][-0.14554,-2.42649,0.254052][0.797682,0.278045,0.542677][0.487274,0.384058,0][-0.27174,-2.37483,0.183018][0.117652,0.395736,-0.92278][0.461338,0.37443,0][-0.17048,-2.42149,0.155232][0.456414,0.345287,-0.830724][0.474357,0.369956,0][-0.18674,-2.45699,0.157532][-0.00974,-0.672372,-0.755049][0.476105,0.374061,0][-0.18674,-2.45699,0.157532][-0.00974,-0.672372,-0.755049][0.476105,0.374061,0][-0.288,-2.41035,0.185316][-0.477116,-0.535124,-0.709373][0.463606,0.378475,0][-0.27174,-2.37483,0.183018][0.117652,0.395736,-0.92278][0.461338,0.37443,0][-0.1618,-2.46201,0.256354][0.327271,-0.741319,0.60269][0.481726,0.384982,0][-0.14554,-2.42649,0.254052][0.797682,0.278045,0.542677][0.484248,0.389314,0][-0.2468,-2.37983,0.281838][0.532898,0.368082,0.772327][0.470376,0.393576,0][-0.2468,-2.37983,0.281838][0.532898,0.368082,0.772327][0.470376,0.393576,0][-0.26306,-2.41535,0.28414][-0.107316,-0.617644,0.79311][0.468503,0.389194,0][-0.1618,-2.46201,0.256354][0.327271,-0.741319,0.60269][0.481726,0.384982,0][-0.1618,-2.46201,0.256354][0.327271,-0.741319,0.60269][0.481726,0.384982,0][-0.26306,-2.41535,0.28414][-0.107316,-0.617644,0.79311][0.468503,0.389194,0][-0.28186,-2.42551,0.233576][-0.480296,-0.884253,0.067477][0.46615,0.383545,0][-0.28186,-2.42551,0.233576][-0.480296,-0.884253,0.067477][0.46615,0.383545,0][-0.1527,-2.46975,0.200978][0.465216,-0.880004,-0.163175][0.480228,0.378906,0][-0.1618,-2.46201,0.256354][0.327271,-0.741319,0.60269][0.481726,0.384982,0][-0.24882,-2.35733,0.228542][0.663889,0.748903,-0.104195][0.430224,0.507627,0][-0.2468,-2.37983,0.281838][0.532898,0.368082,0.772327][0.435666,0.50234,0][-0.14554,-2.42649,0.254052][0.797682,0.278045,0.542677][0.447927,0.51006,0][-0.14554,-2.42649,0.254052][0.797682,0.278045,0.542677][0.447927,0.51006,0][-0.13644,-2.43425,0.198678][0.956149,0.180838,-0.234497][0.447079,0.516484,0][-0.24882,-2.35733,0.228542][0.663889,0.748903,-0.104195][0.430224,0.507627,0][-0.29002,-2.28209,0.241816][0.950034,0.19594,-0.247416][0.418945,0.5021,0][-0.24882,-2.35733,0.228542][0.663889,0.748903,-0.104195][0.430224,0.507627,0][-0.27174,-2.37483,0.183018][0.117652,0.395736,-0.92278][0.426994,0.513409,0][-0.27174,-2.37483,0.183018][0.117652,0.395736,-0.92278][0.426994,0.513409,0][-0.3432,-2.30725,0.193304][0.127281,0.086492,-0.999119][0.415995,0.51,0][-0.29002,-2.28209,0.241816][0.950034,0.19594,-0.247416][0.418945,0.5021,0][-0.37984,-2.35323,0.261694][-0.747534,-0.654922,0.148664][0.453481,0.387763,0][-0.38466,-2.33947,0.202474][-0.657063,-0.451128,-0.61434][0.450387,0.382255,0][-0.288,-2.41035,0.185316][-0.477116,-0.535124,-0.709373][0.463606,0.378475,0][-0.288,-2.41035,0.185316][-0.477116,-0.535124,-0.709373][0.463606,0.378475,0][-0.28186,-2.42551,0.233576][-0.480296,-0.884253,0.067477][0.46615,0.383545,0][-0.37984,-2.35323,0.261694][-0.747534,-0.654922,0.148664][0.453481,0.387763,0][-0.34668,-2.08223,0.114346][0.517805,-0.864976,-0.001047][0.392127,0.505529,0][-0.17066,-2.07181,0.262326][0.516359,-0.843505,-0.195482][0.392831,0.483541,0][-0.28012,-2.19207,0.247472][0.875659,-0.392323,-0.29069][0.407762,0.49584,0][-0.28012,-2.19207,0.247472][0.875659,-0.392323,-0.29069][0.407762,0.49584,0][-0.34514,-2.19475,0.185976][0.359877,-0.331842,-0.883043][0.405013,0.504512,0][-0.34668,-2.08223,0.114346][0.517805,-0.864976,-0.001047][0.392127,0.505529,0][-0.23744,-2.07825,0.398196][0.340881,-0.73086,0.607729][0.407948,0.475902,0][-0.30662,-2.20247,0.3386][0.649048,-0.423923,0.64181][0.415827,0.487904,0][-0.28012,-2.19207,0.247472][0.875659,-0.392323,-0.29069][0.407762,0.49584,0][-0.28012,-2.19207,0.247472][0.875659,-0.392323,-0.29069][0.407762,0.49584,0][-0.17066,-2.07181,0.262326][0.516359,-0.843505,-0.195482][0.392831,0.483541,0][-0.23744,-2.07825,0.398196][0.340881,-0.73086,0.607729][0.407948,0.475902,0][-0.30662,-2.20247,0.3386][0.649048,-0.423923,0.64181][0.452825,0.40967,0][-0.23744,-2.07825,0.398196][0.340881,-0.73086,0.607729][0.448006,0.425963,0][-0.34562,-2.05951,0.431848][-0.369832,-0.074554,0.936429][0.436002,0.41747,0][-0.34562,-2.05951,0.431848][-0.369832,-0.074554,0.936429][0.436002,0.41747,0][-0.39714,-2.23647,0.356086][-0.446425,-0.364189,0.828198][0.444353,0.400146,0][-0.30662,-2.20247,0.3386][0.649048,-0.423923,0.64181][0.452825,0.40967,0][-0.4633,-2.06335,0.295758][-0.922234,0.134231,0.367147][0.419683,0.400118,0][-0.43134,-2.23735,0.28004][-0.925125,-0.319806,0.212322][0.439369,0.391899,0][-0.39714,-2.23647,0.356086][-0.446425,-0.364189,0.828198][0.444353,0.400146,0][-0.39714,-2.23647,0.356086][-0.446425,-0.364189,0.828198][0.444353,0.400146,0][-0.34562,-2.05951,0.431848][-0.369832,-0.074554,0.936429][0.436002,0.41747,0][-0.4633,-2.06335,0.295758][-0.922234,0.134231,0.367147][0.419683,0.400118,0][-0.4633,-2.06335,0.295758][-0.922234,0.134231,0.367147][0.419683,0.400118,0][-0.48146,-2.06709,0.119854][-0.993027,-0.039128,0.112587][0.407314,0.382256,0][-0.43568,-2.22873,0.203462][-0.762284,-0.386136,-0.528352][0.434985,0.384292,0][-0.43568,-2.22873,0.203462][-0.762284,-0.386136,-0.528352][0.434985,0.384292,0][-0.43134,-2.23735,0.28004][-0.925125,-0.319806,0.212322][0.439369,0.391899,0][-0.4633,-2.06335,0.295758][-0.922234,0.134231,0.367147][0.419683,0.400118,0][-0.34668,-2.08223,0.114346][0.517805,-0.864976,-0.001047][0.421204,0.369043,0][-0.34514,-2.19475,0.185976][0.359877,-0.331842,-0.883043][0.434845,0.375018,0][-0.43568,-2.22873,0.203462][-0.762284,-0.386136,-0.528352][0.434985,0.384292,0][-0.43568,-2.22873,0.203462][-0.762284,-0.386136,-0.528352][0.434985,0.384292,0][-0.48146,-2.06709,0.119854][-0.993027,-0.039128,0.112587][0.407314,0.382256,0][-0.34668,-2.08223,0.114346][0.517805,-0.864976,-0.001047][0.421204,0.369043,0][-0.34514,-2.19475,0.185976][0.359877,-0.331842,-0.883043][0.405013,0.504512,0][-0.28012,-2.19207,0.247472][0.875659,-0.392323,-0.29069][0.407762,0.49584,0][-0.29002,-2.28209,0.241816][0.950034,0.19594,-0.247416][0.418945,0.5021,0][-0.29002,-2.28209,0.241816][0.950034,0.19594,-0.247416][0.418945,0.5021,0][-0.3432,-2.30725,0.193304][0.127281,0.086492,-0.999119][0.415995,0.51,0][-0.34514,-2.19475,0.185976][0.359877,-0.331842,-0.883043][0.405013,0.504512,0][-0.30662,-2.20247,0.3386][0.649048,-0.423923,0.64181][0.415827,0.487904,0][-0.31304,-2.31331,0.312756][0.623114,-0.021668,0.790499][0.427089,0.495146,0][-0.29002,-2.28209,0.241816][0.950034,0.19594,-0.247416][0.418945,0.5021,0][-0.29002,-2.28209,0.241816][0.950034,0.19594,-0.247416][0.418945,0.5021,0][-0.28012,-2.19207,0.247472][0.875659,-0.392323,-0.29069][0.407762,0.49584,0][-0.30662,-2.20247,0.3386][0.649048,-0.423923,0.64181][0.415827,0.487904,0][-0.31304,-2.31331,0.312756][0.623114,-0.021668,0.790499][0.459334,0.398731,0][-0.30662,-2.20247,0.3386][0.649048,-0.423923,0.64181][0.452825,0.40967,0][-0.39714,-2.23647,0.356086][-0.446425,-0.364189,0.828198][0.444353,0.400146,0][-0.39714,-2.23647,0.356086][-0.446425,-0.364189,0.828198][0.444353,0.400146,0][-0.35452,-2.34551,0.321924][-0.303691,-0.526384,0.806795][0.456162,0.393787,0][-0.31304,-2.31331,0.312756][0.623114,-0.021668,0.790499][0.459334,0.398731,0][-0.43134,-2.23735,0.28004][-0.925125,-0.319806,0.212322][0.439369,0.391899,0][-0.37984,-2.35323,0.261694][-0.747534,-0.654922,0.148664][0.453481,0.387763,0][-0.35452,-2.34551,0.321924][-0.303691,-0.526384,0.806795][0.456162,0.393787,0][-0.35452,-2.34551,0.321924][-0.303691,-0.526384,0.806795][0.456162,0.393787,0][-0.39714,-2.23647,0.356086][-0.446425,-0.364189,0.828198][0.444353,0.400146,0][-0.43134,-2.23735,0.28004][-0.925125,-0.319806,0.212322][0.439369,0.391899,0][-0.43134,-2.23735,0.28004][-0.925125,-0.319806,0.212322][0.439369,0.391899,0][-0.43568,-2.22873,0.203462][-0.762284,-0.386136,-0.528352][0.434985,0.384292,0][-0.38466,-2.33947,0.202474][-0.657063,-0.451128,-0.61434][0.450387,0.382255,0][-0.38466,-2.33947,0.202474][-0.657063,-0.451128,-0.61434][0.450387,0.382255,0][-0.37984,-2.35323,0.261694][-0.747534,-0.654922,0.148664][0.453481,0.387763,0][-0.43134,-2.23735,0.28004][-0.925125,-0.319806,0.212322][0.439369,0.391899,0][-0.43568,-2.22873,0.203462][-0.762284,-0.386136,-0.528352][0.434985,0.384292,0][-0.34514,-2.19475,0.185976][0.359877,-0.331842,-0.883043][0.434845,0.375018,0][-0.3432,-2.30725,0.193304][0.127281,0.086492,-0.999119][0.448806,0.376996,0][-0.3432,-2.30725,0.193304][0.127281,0.086492,-0.999119][0.448806,0.376996,0][-0.38466,-2.33947,0.202474][-0.657063,-0.451128,-0.61434][0.450387,0.382255,0][-0.43568,-2.22873,0.203462][-0.762284,-0.386136,-0.528352][0.434985,0.384292,0][-0.24116,-1.59473,0.323038][-0.611788,0.439098,0.668468][0.159751,0.399111,0][-0.25942,-1.75739,0.344272][-0.618055,0.326343,0.72476][0.143721,0.390898,0][0.05198,-1.71931,0.424808][0.016275,0.333675,0.954291][0.1273,0.430597,0][0.05198,-1.71931,0.424808][0.016275,0.333675,0.954291][0.1273,0.430597,0][0.0438,-1.56447,0.396738][0.037594,0.490731,0.883187][0.142064,0.434804,0][-0.24116,-1.59473,0.323038][-0.611788,0.439098,0.668468][0.159751,0.399111,0][0.14374,-1.56319,0.35603][0.455925,0.484948,0.758028][0.141012,0.44896,0][0.1612,-1.71769,0.380324][0.474703,0.387365,0.801165][0.128662,0.458866,0][0.24446,-1.68743,0.290622][0.713754,0.433475,0.559986][0.139437,0.470582,0][0.24446,-1.68743,0.290622][0.713754,0.433475,0.559986][0.139437,0.470582,0][0.21992,-1.53913,0.273944][0.690521,0.52148,0.512734][0.150501,0.460905,0][0.14374,-1.56319,0.35603][0.455925,0.484948,0.758028][0.141012,0.44896,0][0.21992,-1.53913,0.273944][0.690521,0.52148,0.512734][0.150501,0.460905,0][0.24446,-1.68743,0.290622][0.713754,0.433475,0.559986][0.139437,0.470582,0][0.31086,-1.64513,0.078326][0.84,0.529591,0.14315][0.167273,0.487443,0][0.31086,-1.64513,0.078326][0.84,0.529591,0.14315][0.167273,0.487443,0][0.2807,-1.50553,0.07967][0.831218,0.555916,0.083194][0.171562,0.474335,0][0.21992,-1.53913,0.273944][0.690521,0.52148,0.512734][0.150501,0.460905,0][0.2807,-1.50553,0.07967][0.831218,0.555916,0.083194][0.171562,0.474335,0][0.31086,-1.64513,0.078326][0.84,0.529591,0.14315][0.167273,0.487443,0][0.23854,-1.60971,-0.207734][0.714737,0.540427,-0.456058][0.206003,0.487443,0][0.23854,-1.60971,-0.207734][0.714737,0.540427,-0.456058][0.206003,0.487443,0][0.2145,-1.47737,-0.182104][0.654141,0.638906,-0.420293][0.206404,0.47387,0][0.2807,-1.50553,0.07967][0.831218,0.555916,0.083194][0.171562,0.474335,0][0.13844,-1.49113,-0.249642][0.191984,0.604996,-0.7865][0.218743,0.468424,0][0.2145,-1.47737,-0.182104][0.654141,0.638906,-0.420293][0.206404,0.47387,0][0.23854,-1.60971,-0.207734][0.714737,0.540427,-0.456058][0.206003,0.487443,0][0.23854,-1.60971,-0.207734][0.714737,0.540427,-0.456058][0.206003,0.487443,0][0.15542,-1.62701,-0.281538][0.181021,0.574546,-0.811591][0.221225,0.483413,0][0.13844,-1.49113,-0.249642][0.191984,0.604996,-0.7865][0.218743,0.468424,0][-0.23414,-1.56689,-0.18995][-0.59053,0.483536,-0.65725][0.226165,0.417395,0][0.0176,-1.51739,-0.247594][-0.196053,0.547955,-0.826277][0.224468,0.45338,0][0.02334,-1.66005,-0.2793][-0.218314,0.509424,-0.845012][0.238864,0.453203,0][0.02334,-1.66005,-0.2793][-0.218314,0.509424,-0.845012][0.238864,0.453203,0][-0.25174,-1.72235,-0.216308][-0.653689,0.424437,-0.636635][0.242397,0.416271,0][-0.23414,-1.56689,-0.18995][-0.59053,0.483536,-0.65725][0.226165,0.417395,0][-0.24116,-1.59473,0.323038][-0.611788,0.439098,0.668468][0.159751,0.399111,0][-0.30982,-1.58841,0.140738][-0.877514,0.447825,0.185865][0.185861,0.397717,0][-0.33444,-1.74941,0.145058][-0.93386,0.313243,0.180649][0.188015,0.381017,0][-0.33444,-1.74941,0.145058][-0.93386,0.313243,0.180649][0.188015,0.381017,0][-0.25942,-1.75739,0.344272][-0.618055,0.326343,0.72476][0.160233,0.381365,0][-0.24116,-1.59473,0.323038][-0.611788,0.439098,0.668468][0.159751,0.399111,0][0.0438,-1.56447,0.396738][0.037594,0.490731,0.883187][0.142064,0.434804,0][0.05198,-1.71931,0.424808][0.016275,0.333675,0.954291][0.1273,0.430597,0][0.1612,-1.71769,0.380324][0.474703,0.387365,0.801165][0.125015,0.444767,0][0.1612,-1.71769,0.380324][0.474703,0.387365,0.801165][0.125015,0.444767,0][0.14374,-1.56319,0.35603][0.455925,0.484948,0.758028][0.141012,0.44896,0][0.0438,-1.56447,0.396738][0.037594,0.490731,0.883187][0.142064,0.434804,0][0.0176,-1.51739,-0.247594][-0.196053,0.547955,-0.826277][0.224468,0.45338,0][0.13844,-1.49113,-0.249642][0.191984,0.604996,-0.7865][0.218743,0.468424,0][0.15542,-1.62701,-0.281538][0.181021,0.574546,-0.811591][0.233369,0.470368,0][0.15542,-1.62701,-0.281538][0.181021,0.574546,-0.811591][0.233369,0.470368,0][0.02334,-1.66005,-0.2793][-0.218314,0.509424,-0.845012][0.238864,0.453203,0][0.0176,-1.51739,-0.247594][-0.196053,0.547955,-0.826277][0.224468,0.45338,0][-0.30982,-1.58841,0.140738][-0.877514,0.447825,0.185865][0.185861,0.397717,0][-0.31374,-1.58305,-0.028308][-0.876078,0.456642,-0.17072][0.207334,0.40311,0][-0.33872,-1.74269,-0.03967][-0.930145,0.328802,-0.172405][0.212202,0.387172,0][-0.33872,-1.74269,-0.03967][-0.930145,0.328802,-0.172405][0.212202,0.387172,0][-0.33444,-1.74941,0.145058][-0.93386,0.313243,0.180649][0.188015,0.381017,0][-0.30982,-1.58841,0.140738][-0.877514,0.447825,0.185865][0.185861,0.397717,0][-0.25174,-1.72235,-0.216308][-0.653689,0.424437,-0.636635][0.233909,0.401419,0][-0.33872,-1.74269,-0.03967][-0.930145,0.328802,-0.172405][0.212202,0.387172,0][-0.31374,-1.58305,-0.028308][-0.876078,0.456642,-0.17072][0.207334,0.40311,0][-0.31374,-1.58305,-0.028308][-0.876078,0.456642,-0.17072][0.207334,0.40311,0][-0.23414,-1.56689,-0.18995][-0.59053,0.483536,-0.65725][0.226165,0.417395,0][-0.25174,-1.72235,-0.216308][-0.653689,0.424437,-0.636635][0.233909,0.401419,0][-0.09158,-1.39351,-0.02238][-0.427048,0.806028,-0.43147][0.199617,0.433502,0][-0.00176001,-1.39037,-0.042946][-0.101917,0.850189,-0.537439][0.199472,0.444084,0][0.0176,-1.51739,-0.247594][-0.196053,0.547955,-0.826277][0.224468,0.45338,0][0.0176,-1.51739,-0.247594][-0.196053,0.547955,-0.826277][0.224468,0.45338,0][-0.23414,-1.56689,-0.18995][-0.59053,0.483536,-0.65725][0.226165,0.417395,0][-0.09158,-1.39351,-0.02238][-0.427048,0.806028,-0.43147][0.199617,0.433502,0][0.04136,-1.38869,-0.043678][0.065915,0.909563,-0.436504][0.198297,0.449054,0][0.13844,-1.49113,-0.249642][0.191984,0.604996,-0.7865][0.218743,0.468424,0][0.0176,-1.51739,-0.247594][-0.196053,0.547955,-0.826277][0.224468,0.45338,0][0.0176,-1.51739,-0.247594][-0.196053,0.547955,-0.826277][0.224468,0.45338,0][-0.00176001,-1.39037,-0.042946][-0.101917,0.850189,-0.537439][0.199472,0.444084,0][0.04136,-1.38869,-0.043678][0.065915,0.909563,-0.436504][0.198297,0.449054,0][0.04136,-1.38869,-0.043678][0.065915,0.909563,-0.436504][0.198297,0.449054,0][0.0685,-1.38783,-0.01958][0.398622,0.911137,-0.172252][0.194239,0.451432,0][0.2145,-1.47737,-0.182104][0.654141,0.638906,-0.420293][0.206404,0.47387,0][0.2145,-1.47737,-0.182104][0.654141,0.638906,-0.420293][0.206404,0.47387,0][0.13844,-1.49113,-0.249642][0.191984,0.604996,-0.7865][0.218743,0.468424,0][0.04136,-1.38869,-0.043678][0.065915,0.909563,-0.436504][0.198297,0.449054,0][0.0685,-1.38783,-0.01958][0.398622,0.911137,-0.172252][0.194239,0.451432,0][0.09212,-1.38961,0.07382][0.522614,0.861337,0.03418][0.181742,0.450617,0][0.2807,-1.50553,0.07967][0.831218,0.555916,0.083194][0.171562,0.474335,0][0.2807,-1.50553,0.07967][0.831218,0.555916,0.083194][0.171562,0.474335,0][0.2145,-1.47737,-0.182104][0.654141,0.638906,-0.420293][0.206404,0.47387,0][0.0685,-1.38783,-0.01958][0.398622,0.911137,-0.172252][0.194239,0.451432,0][0.07044,-1.39175,0.143134][0.474357,0.827101,0.32887][0.174115,0.445768,0][0.21992,-1.53913,0.273944][0.690521,0.52148,0.512734][0.150501,0.460905,0][0.2807,-1.50553,0.07967][0.831218,0.555916,0.083194][0.171562,0.474335,0][0.2807,-1.50553,0.07967][0.831218,0.555916,0.083194][0.171562,0.474335,0][0.09212,-1.38961,0.07382][0.522614,0.861337,0.03418][0.181742,0.450617,0][0.07044,-1.39175,0.143134][0.474357,0.827101,0.32887][0.174115,0.445768,0][0.04326,-1.39327,0.172422][0.323232,0.799487,0.525638][0.171524,0.441836,0][0.14374,-1.56319,0.35603][0.455925,0.484948,0.758028][0.141012,0.44896,0][0.21992,-1.53913,0.273944][0.690521,0.52148,0.512734][0.150501,0.460905,0][0.21992,-1.53913,0.273944][0.690521,0.52148,0.512734][0.150501,0.460905,0][0.07044,-1.39175,0.143134][0.474357,0.827101,0.32887][0.174115,0.445768,0][0.04326,-1.39327,0.172422][0.323232,0.799487,0.525638][0.171524,0.441836,0][0.00760001,-1.39335,0.186946][0.020179,0.785787,0.635927][0.171028,0.437406,0][0.0438,-1.56447,0.396738][0.037594,0.490731,0.883187][0.142064,0.434804,0][0.14374,-1.56319,0.35603][0.455925,0.484948,0.758028][0.141012,0.44896,0][0.14374,-1.56319,0.35603][0.455925,0.484948,0.758028][0.141012,0.44896,0][0.04326,-1.39327,0.172422][0.323232,0.799487,0.525638][0.171524,0.441836,0][0.00760001,-1.39335,0.186946][0.020179,0.785787,0.635927][0.171028,0.437406,0][-0.09408,-1.39527,0.160652][-0.454911,0.761145,0.481024][0.177435,0.427093,0][-0.24116,-1.59473,0.323038][-0.611788,0.439098,0.668468][0.159751,0.399111,0][0.0438,-1.56447,0.396738][0.037594,0.490731,0.883187][0.142064,0.434804,0][0.0438,-1.56447,0.396738][0.037594,0.490731,0.883187][0.142064,0.434804,0][0.00760001,-1.39335,0.186946][0.020179,0.785787,0.635927][0.171028,0.437406,0][-0.09408,-1.39527,0.160652][-0.454911,0.761145,0.481024][0.177435,0.427093,0][-0.09408,-1.39527,0.160652][-0.454911,0.761145,0.481024][0.177435,0.427093,0][-0.11858,-1.39487,0.095608][-0.688896,0.720073,0.136472][0.185915,0.426685,0][-0.30982,-1.58841,0.140738][-0.877514,0.447825,0.185865][0.185861,0.397717,0][-0.30982,-1.58841,0.140738][-0.877514,0.447825,0.185865][0.185861,0.397717,0][-0.24116,-1.59473,0.323038][-0.611788,0.439098,0.668468][0.159751,0.399111,0][-0.09408,-1.39527,0.160652][-0.454911,0.761145,0.481024][0.177435,0.427093,0][-0.11996,-1.39453,0.035294][-0.672705,0.736844,-0.129332][0.19324,0.428501,0][-0.31374,-1.58305,-0.028308][-0.876078,0.456642,-0.17072][0.207334,0.40311,0][-0.30982,-1.58841,0.140738][-0.877514,0.447825,0.185865][0.185861,0.397717,0][-0.30982,-1.58841,0.140738][-0.877514,0.447825,0.185865][0.185861,0.397717,0][-0.11858,-1.39487,0.095608][-0.688896,0.720073,0.136472][0.185915,0.426685,0][-0.11996,-1.39453,0.035294][-0.672705,0.736844,-0.129332][0.19324,0.428501,0][-0.09158,-1.39351,-0.02238][-0.427048,0.806028,-0.43147][0.199617,0.433502,0][-0.23414,-1.56689,-0.18995][-0.59053,0.483536,-0.65725][0.226165,0.417395,0][-0.31374,-1.58305,-0.028308][-0.876078,0.456642,-0.17072][0.207334,0.40311,0][-0.31374,-1.58305,-0.028308][-0.876078,0.456642,-0.17072][0.207334,0.40311,0][-0.11996,-1.39453,0.035294][-0.672705,0.736844,-0.129332][0.19324,0.428501,0][-0.09158,-1.39351,-0.02238][-0.427048,0.806028,-0.43147][0.199617,0.433502,0][-0.21938,-2.41441,-0.00272][0.624458,0.784381,0.091603][0.40183,0.557046,0][-0.23068,-2.42815,0.049218][0.278608,0.444043,0.863571][0.407599,0.553617,0][-0.12684,-2.47751,0.058832][0.574397,0.312137,0.76653][0.415184,0.566403,0][-0.12684,-2.47751,0.058832][0.574397,0.312137,0.76653][0.415184,0.566403,0][-0.09996,-2.48687,0.010044][0.976591,0.191258,0.103543][0.411529,0.572104,0][-0.21938,-2.41441,-0.00272][0.624458,0.784381,0.091603][0.40183,0.557046,0][-0.12684,-2.47751,0.058832][0.574397,0.312137,0.76653][0.426193,0.307929,0][-0.14342,-2.51289,0.056464][0.092705,-0.726408,0.697013][0.423668,0.31169,0][-0.11656,-2.52223,0.007678][0.474957,-0.889212,0.031183][0.41907,0.308094,0][-0.11656,-2.52223,0.007678][0.474957,-0.889212,0.031183][0.41907,0.308094,0][-0.09996,-2.48687,0.010044][0.976591,0.191258,0.103543][0.421002,0.304363,0][-0.12684,-2.47751,0.058832][0.574397,0.312137,0.76653][0.426193,0.307929,0][-0.28186,-2.42551,0.233576][-0.480296,-0.884253,0.067477][0.46615,0.383545,0][-0.288,-2.41035,0.185316][-0.477116,-0.535124,-0.709373][0.463606,0.378475,0][-0.18674,-2.45699,0.157532][-0.00974,-0.672372,-0.755049][0.476105,0.374061,0][-0.18674,-2.45699,0.157532][-0.00974,-0.672372,-0.755049][0.476105,0.374061,0][-0.1527,-2.46975,0.200978][0.465216,-0.880004,-0.163175][0.480228,0.378906,0][-0.28186,-2.42551,0.233576][-0.480296,-0.884253,0.067477][0.46615,0.383545,0][-0.17048,-2.42149,0.155232][0.456414,0.345287,-0.830724][0.480185,0.371626,0][-0.13644,-2.43425,0.198678][0.956149,0.180838,-0.234497][0.484128,0.377257,0][-0.1527,-2.46975,0.200978][0.465216,-0.880004,-0.163175][0.480228,0.378906,0][-0.1527,-2.46975,0.200978][0.465216,-0.880004,-0.163175][0.480228,0.378906,0][-0.18674,-2.45699,0.157532][-0.00974,-0.672372,-0.755049][0.476105,0.374061,0][-0.17048,-2.42149,0.155232][0.456414,0.345287,-0.830724][0.480185,0.371626,0][-0.17048,-2.42149,0.155232][0.456414,0.345287,-0.830724][0.441123,0.520231,0][-0.27174,-2.37483,0.183018][0.117652,0.395736,-0.92278][0.426994,0.513409,0][-0.24882,-2.35733,0.228542][0.663889,0.748903,-0.104195][0.430224,0.507627,0][-0.24882,-2.35733,0.228542][0.663889,0.748903,-0.104195][0.430224,0.507627,0][-0.13644,-2.43425,0.198678][0.956149,0.180838,-0.234497][0.447079,0.516484,0][-0.17048,-2.42149,0.155232][0.456414,0.345287,-0.830724][0.441123,0.520231,0][-0.17952,-2.38265,-0.2215][0.569222,0.759361,0.338259][0.354044,0.571661,0][-0.2104,-2.39729,-0.178546][-0.066524,0.397061,0.927416][0.359708,0.570979,0][-0.12436,-2.44873,-0.134082][0.243627,0.26468,0.944219][0.361823,0.583739,0][-0.12436,-2.44873,-0.134082][0.243627,0.26468,0.944219][0.361823,0.583739,0][-0.0808001,-2.45803,-0.168986][0.866696,0.142721,0.48375][0.357111,0.587663,0][-0.17952,-2.38265,-0.2215][0.569222,0.759361,0.338259][0.354044,0.571661,0][-0.12436,-2.44873,-0.134082][0.243627,0.26468,0.944219][0.320677,0.308968,0][-0.1398,-2.48323,-0.14414][-0.203999,-0.747137,0.649249][0.322298,0.313028,0][-0.09622,-2.49253,-0.179044][0.401865,-0.908712,0.177285][0.316366,0.314951,0][-0.09622,-2.49253,-0.179044][0.401865,-0.908712,0.177285][0.316366,0.314951,0][-0.0808001,-2.45803,-0.168986][0.866696,0.142721,0.48375][0.314236,0.311778,0][-0.12436,-2.44873,-0.134082][0.243627,0.26468,0.944219][0.320677,0.308968,0][0.32118,-2.15943,-0.39922][0.506285,-0.358098,-0.794991][0.25013,0.393311,0][0.36896,-2.14131,-0.359478][0.983352,-0.128998,-0.130817][0.244778,0.399075,0][0.35394,-2.24339,-0.318552][0.813953,-0.582206,0.077695][0.237787,0.391514,0][0.35394,-2.24339,-0.318552][0.813953,-0.582206,0.077695][0.237787,0.391514,0][0.30942,-2.26807,-0.334874][0.288309,-0.959226,-0.131121][0.241726,0.386256,0][0.32118,-2.15943,-0.39922][0.506285,-0.358098,-0.794991][0.25013,0.393311,0][0.33444,-2.22835,-0.288154][0.248517,-0.140955,0.969162][0.234468,0.389527,0][0.28992,-2.25301,-0.304476][-0.319031,-0.484883,0.826512][0.239103,0.383979,0][0.30942,-2.26807,-0.334874][0.288309,-0.959226,-0.131121][0.241726,0.386256,0][0.30942,-2.26807,-0.334874][0.288309,-0.959226,-0.131121][0.241726,0.386256,0][0.35394,-2.24339,-0.318552][0.813953,-0.582206,0.077695][0.237787,0.391514,0][0.33444,-2.22835,-0.288154][0.248517,-0.140955,0.969162][0.234468,0.389527,0][0.33444,-2.22835,-0.288154][0.248517,-0.140955,0.969162][0.271684,0.481178,0][0.34946,-2.12625,-0.32908][0.425476,0.198514,0.893202][0.281861,0.478306,0][0.2877,-2.13355,-0.346978][-0.478132,0.133369,0.877946][0.283727,0.48453,0][0.2877,-2.13355,-0.346978][-0.478132,0.133369,0.877946][0.283727,0.48453,0][0.28992,-2.25301,-0.304476][-0.319031,-0.484883,0.826512][0.270969,0.486098,0][0.33444,-2.22835,-0.288154][0.248517,-0.140955,0.969162][0.271684,0.481178,0][0.656324,1.33773,0.197772][0.022205,0.73829,0.690438][0.049489,0.598647,0][0.540864,1.28183,0.213374][-0.332863,0.493897,0.815524][0.062748,0.592208,0][0.659844,1.23519,0.231442][-0.00069,0.284898,0.97011][0.064119,0.60454,0][0.659844,1.23519,0.231442][-0.00069,0.284898,0.97011][0.064119,0.60454,0][0.708066,1.26689,0.22676][0.0802,0.372015,0.936648][0.057199,0.606113,0][0.656324,1.33773,0.197772][0.022205,0.73829,0.690438][0.049489,0.598647,0][0.775024,1.30235,0.174764][0.109448,0.816939,0.585359][0.043558,0.607131,0][0.656324,1.33773,0.197772][0.022205,0.73829,0.690438][0.049489,0.598647,0][0.708066,1.26689,0.22676][0.0802,0.372015,0.936648][0.057199,0.606113,0][0.708066,1.26689,0.22676][0.0802,0.372015,0.936648][0.057199,0.606113,0][0.769584,1.26621,0.219916][0.082625,0.553474,0.842003][0.052842,0.610631,0][0.775024,1.30235,0.174764][0.109448,0.816939,0.585359][0.043558,0.607131,0][0.775024,1.30235,0.174764][0.109448,0.816939,0.585359][0.042206,0.614044,0][0.769584,1.26621,0.219916][0.082625,0.553474,0.842003][0.052272,0.613929,0][0.828664,1.24881,0.226682][0.01971,0.372303,0.939827][0.051647,0.622049,0][0.828664,1.24881,0.226682][0.01971,0.372303,0.939827][0.051647,0.622049,0][0.900496,1.30537,0.19875][0.089991,0.732413,0.691066][0.041654,0.629202,0][0.775024,1.30235,0.174764][0.109448,0.816939,0.585359][0.042206,0.614044,0][0.900496,1.30537,0.19875][0.089991,0.732413,0.691066][0.041654,0.629202,0][0.828664,1.24881,0.226682][0.01971,0.372303,0.939827][0.051647,0.622049,0][0.865414,1.20427,0.231696][0.0379,0.246087,0.979925][0.061587,0.625337,0][0.865414,1.20427,0.231696][0.0379,0.246087,0.979925][0.061587,0.625337,0][0.9935,1.23269,0.232514][0.39004,0.33649,0.868064][0.057509,0.635543,0][0.900496,1.30537,0.19875][0.089991,0.732413,0.691066][0.041654,0.629202,0][0.979386,1.14243,0.235326][0.318841,-0.290155,0.913327][0.070909,0.635921,0][0.9935,1.23269,0.232514][0.39004,0.33649,0.868064][0.057509,0.635543,0][0.865414,1.20427,0.231696][0.0379,0.246087,0.979925][0.061587,0.625337,0][0.865414,1.20427,0.231696][0.0379,0.246087,0.979925][0.061587,0.625337,0][0.872046,1.16955,0.242448][0.054738,-0.012958,1.00948][0.068732,0.626119,0][0.979386,1.14243,0.235326][0.318841,-0.290155,0.913327][0.070909,0.635921,0][0.540864,1.28183,0.213374][-0.332863,0.493897,0.815524][0.062748,0.592208,0][0.512166,1.19759,0.22673][-0.462484,-0.114825,0.889066][0.075799,0.594256,0][0.643364,1.20403,0.242354][-0.057407,9.6e-05,1.00941][0.070472,0.604523,0][0.643364,1.20403,0.242354][-0.057407,9.6e-05,1.00941][0.070472,0.604523,0][0.659844,1.23519,0.231442][-0.00069,0.284898,0.97011][0.064119,0.60454,0][0.540864,1.28183,0.213374][-0.332863,0.493897,0.815524][0.062748,0.592208,0][0.618484,1.39213,0.072526][-0.040812,0.984401,0.22701][0.036696,0.583284,0][0.422966,1.32765,0.099376][-0.66225,0.629002,0.422244][0.064436,0.568358,0][0.540864,1.28183,0.213374][-0.332863,0.493897,0.815524][0.062748,0.592208,0][0.540864,1.28183,0.213374][-0.332863,0.493897,0.815524][0.062748,0.592208,0][0.656324,1.33773,0.197772][0.022205,0.73829,0.690438][0.049489,0.598647,0][0.618484,1.39213,0.072526][-0.040812,0.984401,0.22701][0.036696,0.583284,0][0.782064,1.34917,0.072666][0.118266,0.981523,0.211174][0.021811,0.600756,0][0.618484,1.39213,0.072526][-0.040812,0.984401,0.22701][0.036696,0.583284,0][0.656324,1.33773,0.197772][0.022205,0.73829,0.690438][0.049489,0.598647,0][0.656324,1.33773,0.197772][0.022205,0.73829,0.690438][0.049489,0.598647,0][0.775024,1.30235,0.174764][0.109448,0.816939,0.585359][0.043558,0.607131,0][0.782064,1.34917,0.072666][0.118266,0.981523,0.211174][0.021811,0.600756,0][0.782064,1.34917,0.072666][0.118266,0.981523,0.211174][0.02432,0.616897,0][0.775024,1.30235,0.174764][0.109448,0.816939,0.585359][0.042206,0.614044,0][0.900496,1.30537,0.19875][0.089991,0.732413,0.691066][0.041654,0.629202,0][0.900496,1.30537,0.19875][0.089991,0.732413,0.691066][0.041654,0.629202,0][0.952758,1.35135,0.080478][0.28125,0.945597,0.217401][0.025011,0.638089,0][0.782064,1.34917,0.072666][0.118266,0.981523,0.211174][0.02432,0.616897,0][0.952758,1.35135,0.080478][0.28125,0.945597,0.217401][0.025011,0.638089,0][0.900496,1.30537,0.19875][0.089991,0.732413,0.691066][0.041654,0.629202,0][0.9935,1.23269,0.232514][0.39004,0.33649,0.868064][0.057509,0.635543,0][0.9935,1.23269,0.232514][0.39004,0.33649,0.868064][0.057509,0.635543,0][1.10351,1.24371,0.12513][0.814234,0.400739,0.428882][0.050461,0.652591,0][0.952758,1.35135,0.080478][0.28125,0.945597,0.217401][0.025011,0.638089,0][1.07636,1.10853,0.13647][0.754661,-0.437851,0.498362][0.067409,0.6569,0][1.10351,1.24371,0.12513][0.814234,0.400739,0.428882][0.050461,0.652591,0][0.9935,1.23269,0.232514][0.39004,0.33649,0.868064][0.057509,0.635543,0][0.9935,1.23269,0.232514][0.39004,0.33649,0.868064][0.057509,0.635543,0][0.979386,1.14243,0.235326][0.318841,-0.290155,0.913327][0.070909,0.635921,0][1.07636,1.10853,0.13647][0.754661,-0.437851,0.498362][0.067409,0.6569,0][0.398944,1.19125,0.107624][-0.865634,-0.199596,0.465214][0.082958,0.572541,0][0.512166,1.19759,0.22673][-0.462484,-0.114825,0.889066][0.075799,0.594256,0][0.540864,1.28183,0.213374][-0.332863,0.493897,0.815524][0.062748,0.592208,0][0.540864,1.28183,0.213374][-0.332863,0.493897,0.815524][0.062748,0.592208,0][0.422966,1.32765,0.099376][-0.66225,0.629002,0.422244][0.064436,0.568358,0][0.398944,1.19125,0.107624][-0.865634,-0.199596,0.465214][0.082958,0.572541,0][0.606366,1.39553,-0.093092][-0.05107,1.00582,-0.089094][0.026981,0.569519,0][0.384504,1.32409,-0.085806][-0.77497,0.637267,-0.047024][0.065247,0.550114,0][0.422966,1.32765,0.099376][-0.66225,0.629002,0.422244][0.064436,0.568358,0][0.422966,1.32765,0.099376][-0.66225,0.629002,0.422244][0.064436,0.568358,0][0.618484,1.39213,0.072526][-0.040812,0.984401,0.22701][0.036696,0.583284,0][0.606366,1.39553,-0.093092][-0.05107,1.00582,-0.089094][0.026981,0.569519,0][0.782784,1.35407,-0.09174][0.123496,0.999178,-0.09129][0.012627,0.58665,0][0.606366,1.39553,-0.093092][-0.05107,1.00582,-0.089094][0.026981,0.569519,0][0.618484,1.39213,0.072526][-0.040812,0.984401,0.22701][0.036696,0.583284,0][0.618484,1.39213,0.072526][-0.040812,0.984401,0.22701][0.036696,0.583284,0][0.782064,1.34917,0.072666][0.118266,0.981523,0.211174][0.021811,0.600756,0][0.782784,1.35407,-0.09174][0.123496,0.999178,-0.09129][0.012627,0.58665,0][0.782784,1.35407,-0.09174][0.123496,0.999178,-0.09129][0.005331,0.628914,0][0.782064,1.34917,0.072666][0.118266,0.981523,0.211174][0.02432,0.616897,0][0.952758,1.35135,0.080478][0.28125,0.945597,0.217401][0.025011,0.638089,0][0.952758,1.35135,0.080478][0.28125,0.945597,0.217401][0.025011,0.638089,0][0.963916,1.34961,-0.093784][0.31305,0.956041,-0.089898][0.015173,0.653869,0][0.782784,1.35407,-0.09174][0.123496,0.999178,-0.09129][0.005331,0.628914,0][0.963916,1.34961,-0.093784][0.31305,0.956041,-0.089898][0.015173,0.653869,0][0.952758,1.35135,0.080478][0.28125,0.945597,0.217401][0.025011,0.638089,0][1.10351,1.24371,0.12513][0.814234,0.400739,0.428882][0.050461,0.652591,0][1.10351,1.24371,0.12513][0.814234,0.400739,0.428882][0.050461,0.652591,0][1.15524,1.22421,-0.086092][0.938405,0.346468,-0.044911][0.04775,0.675311,0][0.963916,1.34961,-0.093784][0.31305,0.956041,-0.089898][0.015173,0.653869,0][1.15524,1.22421,-0.086092][0.938405,0.346468,-0.044911][0.04775,0.675311,0][1.10351,1.24371,0.12513][0.814234,0.400739,0.428882][0.050461,0.652591,0][1.07636,1.10853,0.13647][0.754661,-0.437851,0.498362][0.067409,0.6569,0][1.07636,1.10853,0.13647][0.754661,-0.437851,0.498362][0.067409,0.6569,0][1.12058,1.07659,-0.07802][0.854906,-0.523615,0.030971][0.067635,0.679915,0][1.15524,1.22421,-0.086092][0.938405,0.346468,-0.044911][0.04775,0.675311,0][0.384504,1.32409,-0.085806][-0.77497,0.637267,-0.047024][0.065247,0.550114,0][0.362464,1.17677,-0.07903][-0.968811,-0.248534,0.031708][0.084547,0.55414,0][0.398944,1.19125,0.107624][-0.865634,-0.199596,0.465214][0.082958,0.572541,0][0.398944,1.19125,0.107624][-0.865634,-0.199596,0.465214][0.082958,0.572541,0][0.422966,1.32765,0.099376][-0.66225,0.629002,0.422244][0.064436,0.568358,0][0.384504,1.32409,-0.085806][-0.77497,0.637267,-0.047024][0.065247,0.550114,0][0.417964,1.29439,-0.27045][-0.671029,0.566308,-0.491185][0.427397,0.677757,0][0.384504,1.32409,-0.085806][-0.77497,0.637267,-0.047024][0.425947,0.659136,0][0.606366,1.39553,-0.093092][-0.05107,1.00582,-0.089094][0.462894,0.678942,0][0.606366,1.39553,-0.093092][-0.05107,1.00582,-0.089094][0.462894,0.678942,0][0.614064,1.36257,-0.256254][-0.045111,0.932774,-0.387471][0.449232,0.695617,0][0.417964,1.29439,-0.27045][-0.671029,0.566308,-0.491185][0.427397,0.677757,0][0.614064,1.36257,-0.256254][-0.045111,0.932774,-0.387471][0.449232,0.695617,0][0.606366,1.39553,-0.093092][-0.05107,1.00582,-0.089094][0.462894,0.678942,0][0.782784,1.35407,-0.09174][0.123496,0.999178,-0.09129][0.476598,0.696824,0][0.782784,1.35407,-0.09174][0.123496,0.999178,-0.09129][0.476598,0.696824,0][0.777664,1.31985,-0.25346][0.111495,0.932047,-0.375316][0.464656,0.710212,0][0.614064,1.36257,-0.256254][-0.045111,0.932774,-0.387471][0.449232,0.695617,0][0.948094,1.32025,-0.265368][0.272883,0.894825,-0.381372][0.462527,0.749224,0][0.777664,1.31985,-0.25346][0.111495,0.932047,-0.375316][0.463623,0.729225,0][0.782784,1.35407,-0.09174][0.123496,0.999178,-0.09129][0.483475,0.739037,0][0.782784,1.35407,-0.09174][0.123496,0.999178,-0.09129][0.483475,0.739037,0][0.963916,1.34961,-0.093784][0.31305,0.956041,-0.089898][0.473051,0.763808,0][0.948094,1.32025,-0.265368][0.272883,0.894825,-0.381372][0.462527,0.749224,0][1.09782,1.20573,-0.297048][0.806019,0.331601,-0.498176][0.437598,0.767142,0][0.948094,1.32025,-0.265368][0.272883,0.894825,-0.381372][0.462527,0.749224,0][0.963916,1.34961,-0.093784][0.31305,0.956041,-0.089898][0.473051,0.763808,0][0.963916,1.34961,-0.093784][0.31305,0.956041,-0.089898][0.473051,0.763808,0][1.15524,1.22421,-0.086092][0.938405,0.346468,-0.044911][0.443694,0.787143,0][1.09782,1.20573,-0.297048][0.806019,0.331601,-0.498176][0.437598,0.767142,0][1.09782,1.20573,-0.297048][0.806019,0.331601,-0.498176][0.437598,0.767142,0][1.15524,1.22421,-0.086092][0.938405,0.346468,-0.044911][0.443694,0.787143,0][1.12058,1.07659,-0.07802][0.854906,-0.523615,0.030971][0.420596,0.792592,0][1.12058,1.07659,-0.07802][0.854906,-0.523615,0.030971][0.420596,0.792592,0][1.07055,1.06977,-0.294352][0.765305,-0.484385,-0.434639][0.418401,0.769121,0][1.09782,1.20573,-0.297048][0.806019,0.331601,-0.498176][0.437598,0.767142,0][0.417964,1.29439,-0.27045][-0.671029,0.566308,-0.491185][0.427397,0.677757,0][0.393904,1.15761,-0.266448][-0.872816,-0.261235,-0.418635][0.407977,0.68178,0][0.362464,1.17677,-0.07903][-0.968811,-0.248534,0.031708][0.405219,0.662097,0][0.362464,1.17677,-0.07903][-0.968811,-0.248534,0.031708][0.405219,0.662097,0][0.384504,1.32409,-0.085806][-0.77497,0.637267,-0.047024][0.425947,0.659136,0][0.417964,1.29439,-0.27045][-0.671029,0.566308,-0.491185][0.427397,0.677757,0][0.532846,1.22825,-0.382256][-0.359639,0.409406,-0.849968][0.420911,0.70191,0][0.417964,1.29439,-0.27045][-0.671029,0.566308,-0.491185][0.427397,0.677757,0][0.614064,1.36257,-0.256254][-0.045111,0.932774,-0.387471][0.449232,0.695617,0][0.614064,1.36257,-0.256254][-0.045111,0.932774,-0.387471][0.449232,0.695617,0][0.648584,1.28615,-0.37566][-8.7e-05,0.654595,-0.770575][0.436261,0.708478,0][0.532846,1.22825,-0.382256][-0.359639,0.409406,-0.849968][0.420911,0.70191,0][0.648584,1.28615,-0.37566][-8.7e-05,0.654595,-0.770575][0.436261,0.708478,0][0.614064,1.36257,-0.256254][-0.045111,0.932774,-0.387471][0.449232,0.695617,0][0.777664,1.31985,-0.25346][0.111495,0.932047,-0.375316][0.464656,0.710212,0][0.777664,1.31985,-0.25346][0.111495,0.932047,-0.375316][0.464656,0.710212,0][0.767904,1.25493,-0.352376][0.099417,0.739762,-0.681857][0.445112,0.718351,0][0.648584,1.28615,-0.37566][-8.7e-05,0.654595,-0.770575][0.436261,0.708478,0][0.89274,1.25363,-0.376588][0.092649,0.642996,-0.774637][0.440094,0.73922,0][0.767904,1.25493,-0.352376][0.099417,0.739762,-0.681857][0.443553,0.7261,0][0.777664,1.31985,-0.25346][0.111495,0.932047,-0.375316][0.463623,0.729225,0][0.777664,1.31985,-0.25346][0.111495,0.932047,-0.375316][0.463623,0.729225,0][0.948094,1.32025,-0.265368][0.272883,0.894825,-0.381372][0.462527,0.749224,0][0.89274,1.25363,-0.376588][0.092649,0.642996,-0.774637][0.440094,0.73922,0][0.984946,1.17563,-0.401906][0.396134,0.232,-0.89891][0.431512,0.748361,0][0.89274,1.25363,-0.376588][0.092649,0.642996,-0.774637][0.440094,0.73922,0][0.948094,1.32025,-0.265368][0.272883,0.894825,-0.381372][0.462527,0.749224,0][0.948094,1.32025,-0.265368][0.272883,0.894825,-0.381372][0.462527,0.749224,0][1.09782,1.20573,-0.297048][0.806019,0.331601,-0.498176][0.437598,0.767142,0][0.984946,1.17563,-0.401906][0.396134,0.232,-0.89891][0.431512,0.748361,0][0.984946,1.17563,-0.401906][0.396134,0.232,-0.89891][0.431512,0.748361,0][1.09782,1.20573,-0.297048][0.806019,0.331601,-0.498176][0.437598,0.767142,0][1.07055,1.06977,-0.294352][0.765305,-0.484385,-0.434639][0.418401,0.769121,0][1.07055,1.06977,-0.294352][0.765305,-0.484385,-0.434639][0.418401,0.769121,0][0.970856,1.08555,-0.397224][0.347155,-0.378541,-0.869359][0.418931,0.748263,0][0.984946,1.17563,-0.401906][0.396134,0.232,-0.89891][0.431512,0.748361,0][0.532846,1.22825,-0.382256][-0.359639,0.409406,-0.849968][0.420911,0.70191,0][0.503866,1.14223,-0.38889][-0.520629,-0.21181,-0.836854][0.408808,0.702181,0][0.393904,1.15761,-0.266448][-0.872816,-0.261235,-0.418635][0.407977,0.68178,0][0.393904,1.15761,-0.266448][-0.872816,-0.261235,-0.418635][0.407977,0.68178,0][0.417964,1.29439,-0.27045][-0.671029,0.566308,-0.491185][0.427397,0.677757,0][0.532846,1.22825,-0.382256][-0.359639,0.409406,-0.849968][0.420911,0.70191,0][0.651284,1.17793,-0.40462][-0.04277,0.226645,-0.9844][0.420411,0.7153,0][0.532846,1.22825,-0.382256][-0.359639,0.409406,-0.849968][0.420911,0.70191,0][0.648584,1.28615,-0.37566][-8.7e-05,0.654595,-0.770575][0.436261,0.708478,0][0.648584,1.28615,-0.37566][-8.7e-05,0.654595,-0.770575][0.436261,0.708478,0][0.699566,1.21023,-0.403224][0.046823,0.314346,-0.959805][0.429276,0.716935,0][0.651284,1.17793,-0.40462][-0.04277,0.226645,-0.9844][0.420411,0.7153,0][0.699566,1.21023,-0.403224][0.046823,0.314346,-0.959805][0.429276,0.716935,0][0.648584,1.28615,-0.37566][-8.7e-05,0.654595,-0.770575][0.436261,0.708478,0][0.767904,1.25493,-0.352376][0.099417,0.739762,-0.681857][0.445112,0.718351,0][0.767904,1.25493,-0.352376][0.099417,0.739762,-0.681857][0.445112,0.718351,0][0.761246,1.21065,-0.397846][0.074874,0.487107,-0.882766][0.434188,0.721956,0][0.699566,1.21023,-0.403224][0.046823,0.314346,-0.959805][0.429276,0.716935,0][0.820184,1.19221,-0.402814][0.038669,0.307007,-0.962548][0.430387,0.732092,0][0.761246,1.21065,-0.397846][0.074874,0.487107,-0.882766][0.433415,0.725511,0][0.767904,1.25493,-0.352376][0.099417,0.739762,-0.681857][0.443553,0.7261,0][0.767904,1.25493,-0.352376][0.099417,0.739762,-0.681857][0.443553,0.7261,0][0.89274,1.25363,-0.376588][0.092649,0.642996,-0.774637][0.440094,0.73922,0][0.820184,1.19221,-0.402814][0.038669,0.307007,-0.962548][0.430387,0.732092,0][0.856786,1.14701,-0.404356][0.069646,0.173864,-0.993526][0.424259,0.736217,0][0.820184,1.19221,-0.402814][0.038669,0.307007,-0.962548][0.430387,0.732092,0][0.89274,1.25363,-0.376588][0.092649,0.642996,-0.774637][0.440094,0.73922,0][0.89274,1.25363,-0.376588][0.092649,0.642996,-0.774637][0.440094,0.73922,0][0.984946,1.17563,-0.401906][0.396134,0.232,-0.89891][0.431512,0.748361,0][0.856786,1.14701,-0.404356][0.069646,0.173864,-0.993526][0.424259,0.736217,0][0.856786,1.14701,-0.404356][0.069646,0.173864,-0.993526][0.424259,0.736217,0][0.984946,1.17563,-0.401906][0.396134,0.232,-0.89891][0.431512,0.748361,0][0.970856,1.08555,-0.397224][0.347155,-0.378541,-0.869359][0.418931,0.748263,0][0.970856,1.08555,-0.397224][0.347155,-0.378541,-0.869359][0.418931,0.748263,0][0.863066,1.11051,-0.412536][0.093979,-0.101294,-1.0015][0.418657,0.737786,0][0.856786,1.14701,-0.404356][0.069646,0.173864,-0.993526][0.424259,0.736217,0][0.634606,1.14491,-0.413102][-0.108753,-0.074045,-1.00235][0.415191,0.715193,0][0.503866,1.14223,-0.38889][-0.520629,-0.21181,-0.836854][0.408808,0.702181,0][0.532846,1.22825,-0.382256][-0.359639,0.409406,-0.849968][0.420911,0.70191,0][0.532846,1.22825,-0.382256][-0.359639,0.409406,-0.849968][0.420911,0.70191,0][0.651284,1.17793,-0.40462][-0.04277,0.226645,-0.9844][0.420411,0.7153,0][0.634606,1.14491,-0.413102][-0.108753,-0.074045,-1.00235][0.415191,0.715193,0][0.708066,1.26689,0.22676][0.0802,0.372015,0.936648][0.057199,0.606113,0][0.659844,1.23519,0.231442][-0.00069,0.284898,0.97011][0.064119,0.60454,0][0.757884,1.18729,0.236774][-0.002932,-0.017045,1.01093][0.066071,0.614818,0][0.769584,1.26621,0.219916][0.082625,0.553474,0.842003][0.052842,0.610631,0][0.708066,1.26689,0.22676][0.0802,0.372015,0.936648][0.057199,0.606113,0][0.757884,1.18729,0.236774][-0.002932,-0.017045,1.01093][0.066071,0.614818,0][0.828664,1.24881,0.226682][0.01971,0.372303,0.939827][0.051647,0.622049,0][0.769584,1.26621,0.219916][0.082625,0.553474,0.842003][0.052272,0.613929,0][0.757884,1.18729,0.236774][-0.002932,-0.017045,1.01093][0.066071,0.614818,0][0.865414,1.20427,0.231696][0.0379,0.246087,0.979925][0.061587,0.625337,0][0.828664,1.24881,0.226682][0.01971,0.372303,0.939827][0.051647,0.622049,0][0.757884,1.18729,0.236774][-0.002932,-0.017045,1.01093][0.066071,0.614818,0][0.872046,1.16955,0.242448][0.054738,-0.012958,1.00948][0.068732,0.626119,0][0.865414,1.20427,0.231696][0.0379,0.246087,0.979925][0.061587,0.625337,0][0.757884,1.18729,0.236774][-0.002932,-0.017045,1.01093][0.066071,0.614818,0][0.659844,1.23519,0.231442][-0.00069,0.284898,0.97011][0.064119,0.60454,0][0.643364,1.20403,0.242354][-0.057407,9.6e-05,1.00941][0.070472,0.604523,0][0.757884,1.18729,0.236774][-0.002932,-0.017045,1.01093][0.066071,0.614818,0][0.651284,1.17793,-0.40462][-0.04277,0.226645,-0.9844][0.420411,0.7153,0][0.699566,1.21023,-0.403224][0.046823,0.314346,-0.959805][0.429276,0.716935,0][0.749106,1.12885,-0.410788][-0.011428,-0.093213,-1.00671][0.41983,0.725744,0][0.699566,1.21023,-0.403224][0.046823,0.314346,-0.959805][0.429276,0.716935,0][0.761246,1.21065,-0.397846][0.074874,0.487107,-0.882766][0.434188,0.721956,0][0.749106,1.12885,-0.410788][-0.011428,-0.093213,-1.00671][0.41983,0.725744,0][0.761246,1.21065,-0.397846][0.074874,0.487107,-0.882766][0.433415,0.725511,0][0.820184,1.19221,-0.402814][0.038669,0.307007,-0.962548][0.430387,0.732092,0][0.749106,1.12885,-0.410788][-0.011428,-0.093213,-1.00671][0.41983,0.725744,0][0.820184,1.19221,-0.402814][0.038669,0.307007,-0.962548][0.430387,0.732092,0][0.856786,1.14701,-0.404356][0.069646,0.173864,-0.993526][0.424259,0.736217,0][0.749106,1.12885,-0.410788][-0.011428,-0.093213,-1.00671][0.41983,0.725744,0][0.856786,1.14701,-0.404356][0.069646,0.173864,-0.993526][0.424259,0.736217,0][0.863066,1.11051,-0.412536][0.093979,-0.101294,-1.0015][0.418657,0.737786,0][0.749106,1.12885,-0.410788][-0.011428,-0.093213,-1.00671][0.41983,0.725744,0][0.634606,1.14491,-0.413102][-0.108753,-0.074045,-1.00235][0.415191,0.715193,0][0.651284,1.17793,-0.40462][-0.04277,0.226645,-0.9844][0.420411,0.7153,0][0.749106,1.12885,-0.410788][-0.011428,-0.093213,-1.00671][0.41983,0.725744,0][0.917338,1.00919,0.154838][0.446527,-0.594501,0.681924][0.094741,0.640122,0][0.979386,1.14243,0.235326][0.318841,-0.290155,0.913327][0.070909,0.635921,0][0.872046,1.16955,0.242448][0.054738,-0.012958,1.00948][0.068732,0.626119,0][0.872046,1.16955,0.242448][0.054738,-0.012958,1.00948][0.068732,0.626119,0][0.828544,1.01805,0.202178][0.182329,-0.388625,0.915023][0.093795,0.627299,0][0.917338,1.00919,0.154838][0.446527,-0.594501,0.681924][0.094741,0.640122,0][0.550344,1.05909,0.152052][-0.593463,-0.356595,0.731488][0.105501,0.597371,0][0.639966,1.04633,0.202246][-0.261896,-0.278634,0.935161][0.097825,0.608348,0][0.643364,1.20403,0.242354][-0.057407,9.6e-05,1.00941][0.070472,0.604523,0][0.643364,1.20403,0.242354][-0.057407,9.6e-05,1.00941][0.070472,0.604523,0][0.512166,1.19759,0.22673][-0.462484,-0.114825,0.889066][0.075799,0.594256,0][0.550344,1.05909,0.152052][-0.593463,-0.356595,0.731488][0.105501,0.597371,0][0.917338,1.00919,0.154838][0.446527,-0.594501,0.681924][0.094741,0.640122,0][0.980382,1.00093,0.062424][0.631721,-0.71584,0.319204][0.09035,0.656738,0][1.07636,1.10853,0.13647][0.754661,-0.437851,0.498362][0.067409,0.6569,0][1.07636,1.10853,0.13647][0.754661,-0.437851,0.498362][0.067409,0.6569,0][0.979386,1.14243,0.235326][0.318841,-0.290155,0.913327][0.070909,0.635921,0][0.917338,1.00919,0.154838][0.446527,-0.594501,0.681924][0.094741,0.640122,0][0.550344,1.05909,0.152052][-0.593463,-0.356595,0.731488][0.105501,0.597371,0][0.512166,1.19759,0.22673][-0.462484,-0.114825,0.889066][0.075799,0.594256,0][0.398944,1.19125,0.107624][-0.865634,-0.199596,0.465214][0.082958,0.572541,0][0.398944,1.19125,0.107624][-0.865634,-0.199596,0.465214][0.082958,0.572541,0][0.485284,1.06357,0.047392][-0.854112,-0.397502,0.344255][0.109813,0.581422,0][0.550344,1.05909,0.152052][-0.593463,-0.356595,0.731488][0.105501,0.597371,0][0.980382,1.00093,0.062424][0.631721,-0.71584,0.319204][0.09035,0.656738,0][0.996636,0.983292,-0.076948][0.679664,-0.739346,0.058413][0.0916,0.671806,0][1.12058,1.07659,-0.07802][0.854906,-0.523615,0.030971][0.067635,0.679915,0][1.12058,1.07659,-0.07802][0.854906,-0.523615,0.030971][0.067635,0.679915,0][1.07636,1.10853,0.13647][0.754661,-0.437851,0.498362][0.067409,0.6569,0][0.980382,1.00093,0.062424][0.631721,-0.71584,0.319204][0.09035,0.656738,0][0.485284,1.06357,0.047392][-0.854112,-0.397502,0.344255][0.109813,0.581422,0][0.398944,1.19125,0.107624][-0.865634,-0.199596,0.465214][0.082958,0.572541,0][0.362464,1.17677,-0.07903][-0.968811,-0.248534,0.031708][0.084547,0.55414,0][0.362464,1.17677,-0.07903][-0.968811,-0.248534,0.031708][0.084547,0.55414,0][0.463504,1.05409,-0.079068][-0.928459,-0.372339,0.049017][0.111045,0.565722,0][0.485284,1.06357,0.047392][-0.854112,-0.397502,0.344255][0.109813,0.581422,0][0.976618,0.97581,-0.216746][0.653094,-0.736485,-0.209367][0.398092,0.768578,0][1.07055,1.06977,-0.294352][0.765305,-0.484385,-0.434639][0.418401,0.769121,0][1.12058,1.07659,-0.07802][0.854906,-0.523615,0.030971][0.420596,0.792592,0][1.12058,1.07659,-0.07802][0.854906,-0.523615,0.030971][0.420596,0.792592,0][0.996636,0.983292,-0.076948][0.679664,-0.739346,0.058413][0.400362,0.785046,0][0.976618,0.97581,-0.216746][0.653094,-0.736485,-0.209367][0.398092,0.768578,0][0.481606,1.04067,-0.205564][-0.878643,-0.38548,-0.290641][0.381495,0.690035,0][0.463504,1.05409,-0.079068][-0.928459,-0.372339,0.049017][0.380975,0.674147,0][0.362464,1.17677,-0.07903][-0.968811,-0.248534,0.031708][0.405219,0.662097,0][0.362464,1.17677,-0.07903][-0.968811,-0.248534,0.031708][0.405219,0.662097,0][0.393904,1.15761,-0.266448][-0.872816,-0.261235,-0.418635][0.407977,0.68178,0][0.481606,1.04067,-0.205564][-0.878643,-0.38548,-0.290641][0.381495,0.690035,0][0.911028,0.96743,-0.310162][0.484743,-0.642683,-0.607477][0.39531,0.750943,0][0.970856,1.08555,-0.397224][0.347155,-0.378541,-0.869359][0.418931,0.748263,0][1.07055,1.06977,-0.294352][0.765305,-0.484385,-0.434639][0.418401,0.769121,0][1.07055,1.06977,-0.294352][0.765305,-0.484385,-0.434639][0.418401,0.769121,0][0.976618,0.97581,-0.216746][0.653094,-0.736485,-0.209367][0.398092,0.768578,0][0.911028,0.96743,-0.310162][0.484743,-0.642683,-0.607477][0.39531,0.750943,0][0.481606,1.04067,-0.205564][-0.878643,-0.38548,-0.290641][0.381495,0.690035,0][0.393904,1.15761,-0.266448][-0.872816,-0.261235,-0.418635][0.407977,0.68178,0][0.503866,1.14223,-0.38889][-0.520629,-0.21181,-0.836854][0.408808,0.702181,0][0.503866,1.14223,-0.38889][-0.520629,-0.21181,-0.836854][0.408808,0.702181,0][0.543824,1.01735,-0.309652][-0.667023,-0.343189,-0.670574][0.384738,0.706934,0][0.481606,1.04067,-0.205564][-0.878643,-0.38548,-0.290641][0.381495,0.690035,0][0.911028,0.96743,-0.310162][0.484743,-0.642683,-0.607477][0.39531,0.750943,0][0.821006,0.96729,-0.360494][0.204742,-0.452495,-0.880157][0.392963,0.739641,0][0.863066,1.11051,-0.412536][0.093979,-0.101294,-1.0015][0.418657,0.737786,0][0.863066,1.11051,-0.412536][0.093979,-0.101294,-1.0015][0.418657,0.737786,0][0.970856,1.08555,-0.397224][0.347155,-0.378541,-0.869359][0.418931,0.748263,0][0.911028,0.96743,-0.310162][0.484743,-0.642683,-0.607477][0.39531,0.750943,0][0.543824,1.01735,-0.309652][-0.667023,-0.343189,-0.670574][0.384738,0.706934,0][0.503866,1.14223,-0.38889][-0.520629,-0.21181,-0.836854][0.408808,0.702181,0][0.634606,1.14491,-0.413102][-0.108753,-0.074045,-1.00235][0.415191,0.715193,0][0.634606,1.14491,-0.413102][-0.108753,-0.074045,-1.00235][0.415191,0.715193,0][0.632264,0.99553,-0.361106][-0.283764,-0.326851,-0.912761][0.392832,0.718603,0][0.543824,1.01735,-0.309652][-0.667023,-0.343189,-0.670574][0.384738,0.706934,0][0.828544,1.01805,0.202178][0.182329,-0.388625,0.915023][0.093795,0.627299,0][0.872046,1.16955,0.242448][0.054738,-0.012958,1.00948][0.068732,0.626119,0][0.757884,1.18729,0.236774][-0.002932,-0.017045,1.01093][0.066071,0.614818,0][0.632264,0.99553,-0.361106][-0.283764,-0.326851,-0.912761][0.392832,0.718603,0][0.749106,1.12885,-0.410788][-0.011428,-0.093213,-1.00671][0.41983,0.725744,0][0.821006,0.96729,-0.360494][0.204742,-0.452495,-0.880157][0.392963,0.739641,0][0.785964,0.82187,0.084356][0.576732,-0.451328,0.691775][0.123421,0.635472,0][0.917338,1.00919,0.154838][0.446527,-0.594501,0.681924][0.094741,0.640122,0][0.828544,1.01805,0.202178][0.182329,-0.388625,0.915023][0.093795,0.627299,0][0.828544,1.01805,0.202178][0.182329,-0.388625,0.915023][0.093795,0.627299,0][0.724064,0.83275,0.119796][0.191612,-0.299481,0.946075][0.123992,0.626278,0][0.785964,0.82187,0.084356][0.576732,-0.451328,0.691775][0.123421,0.635472,0][0.593946,0.85745,0.117296][-0.28836,-0.121902,0.960425][0.122608,0.608335,0][0.639966,1.04633,0.202246][-0.261896,-0.278634,0.935161][0.097825,0.608348,0][0.550344,1.05909,0.152052][-0.593463,-0.356595,0.731488][0.105501,0.597371,0][0.550344,1.05909,0.152052][-0.593463,-0.356595,0.731488][0.105501,0.597371,0][0.531244,0.86515,0.080372][-0.703043,0.033394,0.718251][0.12632,0.598282,0][0.593946,0.85745,0.117296][-0.28836,-0.121902,0.960425][0.122608,0.608335,0][0.829904,0.81459,0.01724][0.780268,-0.530744,0.343816][0.121105,0.647188,0][0.980382,1.00093,0.062424][0.631721,-0.71584,0.319204][0.09035,0.656738,0][0.917338,1.00919,0.154838][0.446527,-0.594501,0.681924][0.094741,0.640122,0][0.917338,1.00919,0.154838][0.446527,-0.594501,0.681924][0.094741,0.640122,0][0.785964,0.82187,0.084356][0.576732,-0.451328,0.691775][0.123421,0.635472,0][0.829904,0.81459,0.01724][0.780268,-0.530744,0.343816][0.121105,0.647188,0][0.531244,0.86515,0.080372][-0.703043,0.033394,0.718251][0.12632,0.598282,0][0.550344,1.05909,0.152052][-0.593463,-0.356595,0.731488][0.105501,0.597371,0][0.485284,1.06357,0.047392][-0.854112,-0.397502,0.344255][0.109813,0.581422,0][0.485284,1.06357,0.047392][-0.854112,-0.397502,0.344255][0.109813,0.581422,0][0.485524,0.86747,0.007586][-0.932184,0.118541,0.346266][0.129944,0.586047,0][0.531244,0.86515,0.080372][-0.703043,0.033394,0.718251][0.12632,0.598282,0][0.829904,0.81459,0.01724][0.780268,-0.530744,0.343816][0.121105,0.647188,0][0.841364,0.80185,-0.079636][0.838809,-0.549339,0.035061][0.122214,0.660694,0][0.996636,0.983292,-0.076948][0.679664,-0.739346,0.058413][0.0916,0.671806,0][0.996636,0.983292,-0.076948][0.679664,-0.739346,0.058413][0.0916,0.671806,0][0.980382,1.00093,0.062424][0.631721,-0.71584,0.319204][0.09035,0.656738,0][0.829904,0.81459,0.01724][0.780268,-0.530744,0.343816][0.121105,0.647188,0][0.485524,0.86747,0.007586][-0.932184,0.118541,0.346266][0.129944,0.586047,0][0.485284,1.06357,0.047392][-0.854112,-0.397502,0.344255][0.109813,0.581422,0][0.463504,1.05409,-0.079068][-0.928459,-0.372339,0.049017][0.111045,0.565722,0][0.463504,1.05409,-0.079068][-0.928459,-0.372339,0.049017][0.111045,0.565722,0][0.470824,0.860752,-0.080312][-0.991164,0.134031,-0.004702][0.132009,0.572929,0][0.485524,0.86747,0.007586][-0.932184,0.118541,0.346266][0.129944,0.586047,0][0.841364,0.80185,-0.079636][0.838809,-0.549339,0.035061][0.367383,0.771741,0][0.827404,0.79647,-0.176974][0.779054,-0.568787,-0.279847][0.367236,0.758463,0][0.976618,0.97581,-0.216746][0.653094,-0.736485,-0.209367][0.398092,0.768578,0][0.976618,0.97581,-0.216746][0.653094,-0.736485,-0.209367][0.398092,0.768578,0][0.996636,0.983292,-0.076948][0.679664,-0.739346,0.058413][0.400362,0.785046,0][0.841364,0.80185,-0.079636][0.838809,-0.549339,0.035061][0.367383,0.771741,0][0.470824,0.860752,-0.080312][-0.991164,0.134031,-0.004702][0.360352,0.683923,0][0.463504,1.05409,-0.079068][-0.928459,-0.372339,0.049017][0.380975,0.674147,0][0.481606,1.04067,-0.205564][-0.878643,-0.38548,-0.290641][0.381495,0.690035,0][0.481606,1.04067,-0.205564][-0.878643,-0.38548,-0.290641][0.381495,0.690035,0][0.483084,0.85157,-0.16826][-0.935885,0.076488,-0.347901][0.364241,0.696483,0][0.470824,0.860752,-0.080312][-0.991164,0.134031,-0.004702][0.360352,0.683923,0][0.827404,0.79647,-0.176974][0.779054,-0.568787,-0.279847][0.367236,0.758463,0][0.781504,0.79279,-0.244666][0.567881,-0.53475,-0.63769][0.3679,0.746579,0][0.911028,0.96743,-0.310162][0.484743,-0.642683,-0.607477][0.39531,0.750943,0][0.911028,0.96743,-0.310162][0.484743,-0.642683,-0.607477][0.39531,0.750943,0][0.976618,0.97581,-0.216746][0.653094,-0.736485,-0.209367][0.398092,0.768578,0][0.827404,0.79647,-0.176974][0.779054,-0.568787,-0.279847][0.367236,0.758463,0][0.526106,0.835032,-0.24098][-0.719095,-0.048393,-0.700942][0.364909,0.709145,0][0.483084,0.85157,-0.16826][-0.935885,0.076488,-0.347901][0.364241,0.696483,0][0.481606,1.04067,-0.205564][-0.878643,-0.38548,-0.290641][0.381495,0.690035,0][0.481606,1.04067,-0.205564][-0.878643,-0.38548,-0.290641][0.381495,0.690035,0][0.543824,1.01735,-0.309652][-0.667023,-0.343189,-0.670574][0.384738,0.706934,0][0.526106,0.835032,-0.24098][-0.719095,-0.048393,-0.700942][0.364909,0.709145,0][0.781504,0.79279,-0.244666][0.567881,-0.53475,-0.63769][0.3679,0.746579,0][0.718786,0.79789,-0.280542][0.178263,-0.414303,-0.904516][0.37028,0.73642,0][0.821006,0.96729,-0.360494][0.204742,-0.452495,-0.880157][0.392963,0.739641,0][0.821006,0.96729,-0.360494][0.204742,-0.452495,-0.880157][0.392963,0.739641,0][0.911028,0.96743,-0.310162][0.484743,-0.642683,-0.607477][0.39531,0.750943,0][0.781504,0.79279,-0.244666][0.567881,-0.53475,-0.63769][0.3679,0.746579,0][0.587806,0.82009,-0.279354][-0.307711,-0.231048,-0.933864][0.366264,0.719243,0][0.526106,0.835032,-0.24098][-0.719095,-0.048393,-0.700942][0.364909,0.709145,0][0.543824,1.01735,-0.309652][-0.667023,-0.343189,-0.670574][0.384738,0.706934,0][0.543824,1.01735,-0.309652][-0.667023,-0.343189,-0.670574][0.384738,0.706934,0][0.632264,0.99553,-0.361106][-0.283764,-0.326851,-0.912761][0.392832,0.718603,0][0.587806,0.82009,-0.279354][-0.307711,-0.231048,-0.933864][0.366264,0.719243,0][0.639966,1.04633,0.202246][-0.261896,-0.278634,0.935161][0.097825,0.608348,0][0.593946,0.85745,0.117296][-0.28836,-0.121902,0.960425][0.122608,0.608335,0][0.724064,0.83275,0.119796][0.191612,-0.299481,0.946075][0.123992,0.626278,0][0.724064,0.83275,0.119796][0.191612,-0.299481,0.946075][0.123992,0.626278,0][0.828544,1.01805,0.202178][0.182329,-0.388625,0.915023][0.093795,0.627299,0][0.639966,1.04633,0.202246][-0.261896,-0.278634,0.935161][0.097825,0.608348,0][0.632264,0.99553,-0.361106][-0.283764,-0.326851,-0.912761][0.392832,0.718603,0][0.821006,0.96729,-0.360494][0.204742,-0.452495,-0.880157][0.392963,0.739641,0][0.718786,0.79789,-0.280542][0.178263,-0.414303,-0.904516][0.37028,0.73642,0][0.718786,0.79789,-0.280542][0.178263,-0.414303,-0.904516][0.37028,0.73642,0][0.587806,0.82009,-0.279354][-0.307711,-0.231048,-0.933864][0.366264,0.719243,0][0.632264,0.99553,-0.361106][-0.283764,-0.326851,-0.912761][0.392832,0.718603,0][0.42292,0.534502,-0.175716][-0.68491,0.177138,-0.715087][0.311784,0.708149,0][0.384758,0.545682,-0.11631][-0.881991,0.300801,-0.369539][0.311478,0.698277,0][0.483084,0.85157,-0.16826][-0.935885,0.076488,-0.347901][0.364241,0.696483,0][0.483084,0.85157,-0.16826][-0.935885,0.076488,-0.347901][0.364241,0.696483,0][0.526106,0.835032,-0.24098][-0.719095,-0.048393,-0.700942][0.364909,0.709145,0][0.42292,0.534502,-0.175716][-0.68491,0.177138,-0.715087][0.311784,0.708149,0][0.384758,0.545682,-0.11631][-0.881991,0.300801,-0.369539][0.311478,0.698277,0][0.374658,0.553922,-0.043328][-0.933476,0.362011,-0.020903][0.3126,0.687777,0][0.470824,0.860752,-0.080312][-0.991164,0.134031,-0.004702][0.360352,0.683923,0][0.470824,0.860752,-0.080312][-0.991164,0.134031,-0.004702][0.360352,0.683923,0][0.483084,0.85157,-0.16826][-0.935885,0.076488,-0.347901][0.364241,0.696483,0][0.384758,0.545682,-0.11631][-0.881991,0.300801,-0.369539][0.311478,0.698277,0][0.386718,0.558822,0.029654][-0.865094,0.390248,0.323921][0.178262,0.586856,0][0.485524,0.86747,0.007586][-0.932184,0.118541,0.346266][0.129944,0.586047,0][0.470824,0.860752,-0.080312][-0.991164,0.134031,-0.004702][0.132009,0.572929,0][0.470824,0.860752,-0.080312][-0.991164,0.134031,-0.004702][0.132009,0.572929,0][0.374658,0.553922,-0.043328][-0.933476,0.362011,-0.020903][0.177187,0.576752,0][0.386718,0.558822,0.029654][-0.865094,0.390248,0.323921][0.178262,0.586856,0][0.426498,0.558322,0.089016][-0.650735,0.36062,0.677748][0.177966,0.597017,0][0.531244,0.86515,0.080372][-0.703043,0.033394,0.718251][0.12632,0.598282,0][0.485524,0.86747,0.007586][-0.932184,0.118541,0.346266][0.129944,0.586047,0][0.485524,0.86747,0.007586][-0.932184,0.118541,0.346266][0.129944,0.586047,0][0.386718,0.558822,0.029654][-0.865094,0.390248,0.323921][0.178262,0.586856,0][0.426498,0.558322,0.089016][-0.650735,0.36062,0.677748][0.177966,0.597017,0][0.482098,0.553322,0.125538][-0.251494,0.240814,0.948489][0.176515,0.606232,0][0.593946,0.85745,0.117296][-0.28836,-0.121902,0.960425][0.122608,0.608335,0][0.531244,0.86515,0.080372][-0.703043,0.033394,0.718251][0.12632,0.598282,0][0.531244,0.86515,0.080372][-0.703043,0.033394,0.718251][0.12632,0.598282,0][0.426498,0.558322,0.089016][-0.650735,0.36062,0.677748][0.177966,0.597017,0][0.482098,0.553322,0.125538][-0.251494,0.240814,0.948489][0.176515,0.606232,0][0.593946,0.85745,0.117296][-0.28836,-0.121902,0.960425][0.122608,0.608335,0][0.482098,0.553322,0.125538][-0.251494,0.240814,0.948489][0.176515,0.606232,0][0.600018,0.535662,0.125538][0.291727,0.031892,0.966573][0.173204,0.62259,0][0.600018,0.535662,0.125538][0.291727,0.031892,0.966573][0.173204,0.62259,0][0.724064,0.83275,0.119796][0.191612,-0.299481,0.946075][0.123992,0.626278,0][0.593946,0.85745,0.117296][-0.28836,-0.121902,0.960425][0.122608,0.608335,0][0.65464,0.524102,0.089016][0.687804,-0.16243,0.715739][0.171644,0.631769,0][0.785964,0.82187,0.084356][0.576732,-0.451328,0.691775][0.123421,0.635472,0][0.724064,0.83275,0.119796][0.191612,-0.299481,0.946075][0.123992,0.626278,0][0.724064,0.83275,0.119796][0.191612,-0.299481,0.946075][0.123992,0.626278,0][0.600018,0.535662,0.125538][0.291727,0.031892,0.966573][0.173204,0.62259,0][0.65464,0.524102,0.089016][0.687804,-0.16243,0.715739][0.171644,0.631769,0][0.692798,0.512924,0.029654][0.886889,-0.28987,0.366276][0.171236,0.641973,0][0.829904,0.81459,0.01724][0.780268,-0.530744,0.343816][0.121105,0.647188,0][0.785964,0.82187,0.084356][0.576732,-0.451328,0.691775][0.123421,0.635472,0][0.785964,0.82187,0.084356][0.576732,-0.451328,0.691775][0.123421,0.635472,0][0.65464,0.524102,0.089016][0.687804,-0.16243,0.715739][0.171644,0.631769,0][0.692798,0.512924,0.029654][0.886889,-0.28987,0.366276][0.171236,0.641973,0][0.702898,0.504704,-0.043328][0.937199,-0.352263,0.016713][0.172418,0.652533,0][0.841364,0.80185,-0.079636][0.838809,-0.549339,0.035061][0.122214,0.660694,0][0.829904,0.81459,0.01724][0.780268,-0.530744,0.343816][0.121105,0.647188,0][0.829904,0.81459,0.01724][0.780268,-0.530744,0.343816][0.121105,0.647188,0][0.692798,0.512924,0.029654][0.886889,-0.28987,0.366276][0.171236,0.641973,0][0.702898,0.504704,-0.043328][0.937199,-0.352263,0.016713][0.172418,0.652533,0][0.69082,0.499802,-0.11631][0.867234,-0.379183,-0.331132][0.319934,0.753095,0][0.827404,0.79647,-0.176974][0.779054,-0.568787,-0.279847][0.367236,0.758463,0][0.841364,0.80185,-0.079636][0.838809,-0.549339,0.035061][0.367383,0.771741,0][0.841364,0.80185,-0.079636][0.838809,-0.549339,0.035061][0.367383,0.771741,0][0.702898,0.504704,-0.043328][0.937199,-0.352263,0.016713][0.319421,0.7635,0][0.69082,0.499802,-0.11631][0.867234,-0.379183,-0.331132][0.319934,0.753095,0][0.69082,0.499802,-0.11631][0.867234,-0.379183,-0.331132][0.319934,0.753095,0][0.651058,0.500304,-0.175716][0.654261,-0.345914,-0.68193][0.319253,0.743175,0][0.781504,0.79279,-0.244666][0.567881,-0.53475,-0.63769][0.3679,0.746579,0][0.781504,0.79279,-0.244666][0.567881,-0.53475,-0.63769][0.3679,0.746579,0][0.827404,0.79647,-0.176974][0.779054,-0.568787,-0.279847][0.367236,0.758463,0][0.69082,0.499802,-0.11631][0.867234,-0.379183,-0.331132][0.319934,0.753095,0][0.651058,0.500304,-0.175716][0.654261,-0.345914,-0.68193][0.319253,0.743175,0][0.595458,0.505242,-0.21265][0.253608,-0.224058,-0.952013][0.31746,0.733856,0][0.718786,0.79789,-0.280542][0.178263,-0.414303,-0.904516][0.37028,0.73642,0][0.718786,0.79789,-0.280542][0.178263,-0.414303,-0.904516][0.37028,0.73642,0][0.781504,0.79279,-0.244666][0.567881,-0.53475,-0.63769][0.3679,0.746579,0][0.651058,0.500304,-0.175716][0.654261,-0.345914,-0.68193][0.319253,0.743175,0][0.595458,0.505242,-0.21265][0.253608,-0.224058,-0.952013][0.31746,0.733856,0][0.477538,0.522922,-0.21265][-0.293907,-0.014073,-0.966321][0.313618,0.717318,0][0.587806,0.82009,-0.279354][-0.307711,-0.231048,-0.933864][0.366264,0.719243,0][0.587806,0.82009,-0.279354][-0.307711,-0.231048,-0.933864][0.366264,0.719243,0][0.718786,0.79789,-0.280542][0.178263,-0.414303,-0.904516][0.37028,0.73642,0][0.595458,0.505242,-0.21265][0.253608,-0.224058,-0.952013][0.31746,0.733856,0][0.477538,0.522922,-0.21265][-0.293907,-0.014073,-0.966321][0.313618,0.717318,0][0.42292,0.534502,-0.175716][-0.68491,0.177138,-0.715087][0.311784,0.708149,0][0.526106,0.835032,-0.24098][-0.719095,-0.048393,-0.700942][0.364909,0.709145,0][0.526106,0.835032,-0.24098][-0.719095,-0.048393,-0.700942][0.364909,0.709145,0][0.587806,0.82009,-0.279354][-0.307711,-0.231048,-0.933864][0.366264,0.719243,0][0.477538,0.522922,-0.21265][-0.293907,-0.014073,-0.966321][0.313618,0.717318,0][0.492482,-0.186272,0.370976][0.115059,-0.542466,0.845268][0.296302,0.633014,0][0.56664,-0.122912,0.364246][0.404802,-0.263561,0.886172][0.284066,0.636221,0][0.448082,-0.073512,0.376882][0.035641,-0.054142,1.00899][0.283038,0.624621,0][0.448082,-0.073512,0.376882][0.035641,-0.054142,1.00899][0.283038,0.624621,0][0.41896,-0.100812,0.380228][0.003463,-0.09232,1.00685][0.288521,0.624018,0][0.492482,-0.186272,0.370976][0.115059,-0.542466,0.845268][0.296302,0.633014,0][0.40942,-0.174552,0.352942][-0.270017,-0.611656,0.75738][0.300428,0.628122,0][0.492482,-0.186272,0.370976][0.115059,-0.542466,0.845268][0.296302,0.633014,0][0.41896,-0.100812,0.380228][0.003463,-0.09232,1.00685][0.288521,0.624018,0][0.41896,-0.100812,0.380228][0.003463,-0.09232,1.00685][0.288521,0.624018,0][0.380722,-0.110012,0.378208][-0.109312,-0.270305,0.967988][0.292436,0.621923,0][0.40942,-0.174552,0.352942][-0.270017,-0.611656,0.75738][0.300428,0.628122,0][0.331602,-0.14943,0.336194][-0.101451,-0.708219,0.714272][0.304562,0.621766,0][0.40942,-0.174552,0.352942][-0.270017,-0.611656,0.75738][0.300428,0.628122,0][0.380722,-0.110012,0.378208][-0.109312,-0.270305,0.967988][0.292436,0.621923,0][0.380722,-0.110012,0.378208][-0.109312,-0.270305,0.967988][0.292436,0.621923,0][0.33816,-0.105832,0.374014][-0.059381,-0.37541,0.93688][0.295245,0.618563,0][0.331602,-0.14943,0.336194][-0.101451,-0.708219,0.714272][0.304562,0.621766,0][0.331602,-0.14943,0.336194][-0.101451,-0.708219,0.714272][0.306435,0.615182,0][0.33816,-0.105832,0.374014][-0.059381,-0.37541,0.93688][0.29617,0.615267,0][0.29622,-0.0973721,0.377864][0.033754,-0.290472,0.967854][0.297684,0.608984,0][0.29622,-0.0973721,0.377864][0.033754,-0.290472,0.967854][0.297684,0.608984,0][0.248302,-0.151312,0.353796][0.118121,-0.660087,0.756507][0.309016,0.603082,0][0.331602,-0.14943,0.336194][-0.101451,-0.708219,0.714272][0.306435,0.615182,0][0.248302,-0.151312,0.353796][0.118121,-0.660087,0.756507][0.309016,0.603082,0][0.29622,-0.0973721,0.377864][0.033754,-0.290472,0.967854][0.297684,0.608984,0][0.26224,-0.077352,0.380424][-0.01549,-0.082222,1.00761][0.293758,0.605466,0][0.26224,-0.077352,0.380424][-0.01549,-0.082222,1.00761][0.293758,0.605466,0][0.16534,-0.144352,0.373568][-0.143448,-0.543825,0.83994][0.303116,0.596709,0][0.248302,-0.151312,0.353796][0.118121,-0.660087,0.756507][0.309016,0.603082,0][0.16534,-0.144352,0.373568][-0.143448,-0.543825,0.83994][0.303116,0.596709,0][0.26224,-0.077352,0.380424][-0.01549,-0.082222,1.00761][0.293758,0.605466,0][0.24252,-0.042552,0.377114][-0.013797,-0.022259,1.01074][0.285484,0.604379,0][0.24252,-0.042552,0.377114][-0.013797,-0.022259,1.01074][0.285484,0.604379,0][0.114562,-0.0700721,0.386414][-0.37689,-0.094881,0.931702][0.289273,0.593929,0][0.16534,-0.144352,0.373568][-0.143448,-0.543825,0.83994][0.303116,0.596709,0][0.12854,0.019208,0.3727][-0.295231,0.449204,0.855215][0.276353,0.59348,0][0.114562,-0.0700721,0.386414][-0.37689,-0.094881,0.931702][0.289273,0.593929,0][0.24252,-0.042552,0.377114][-0.013797,-0.022259,1.01074][0.285484,0.604379,0][0.24252,-0.042552,0.377114][-0.013797,-0.022259,1.01074][0.285484,0.604379,0][0.236102,-0.00645196,0.38167][-0.028028,0.193041,0.992075][0.278794,0.6036,0][0.12854,0.019208,0.3727][-0.295231,0.449204,0.855215][0.276353,0.59348,0][0.56664,-0.122912,0.364246][0.404802,-0.263561,0.886172][0.284066,0.636221,0][0.5955,-0.037712,0.361588][0.485593,0.270382,0.841499][0.27157,0.635009,0][0.46478,-0.0409321,0.381612][0.084111,0.179918,0.991301][0.277106,0.624894,0][0.46478,-0.0409321,0.381612][0.084111,0.179918,0.991301][0.277106,0.624894,0][0.448082,-0.073512,0.376882][0.035641,-0.054142,1.00899][0.283038,0.624621,0][0.56664,-0.122912,0.364246][0.404802,-0.263561,0.886172][0.284066,0.636221,0][0.54686,-0.25831,0.248036][0.224851,-0.896321,0.408907][0.306513,0.652563,0][0.681582,-0.188632,0.25714][0.705977,-0.50007,0.512546][0.285382,0.661414,0][0.56664,-0.122912,0.364246][0.404802,-0.263561,0.886172][0.284066,0.636221,0][0.56664,-0.122912,0.364246][0.404802,-0.263561,0.886172][0.284066,0.636221,0][0.492482,-0.186272,0.370976][0.115059,-0.542466,0.845268][0.296302,0.633014,0][0.54686,-0.25831,0.248036][0.224851,-0.896321,0.408907][0.306513,0.652563,0][0.424222,-0.254472,0.246892][-0.204883,-0.914472,0.378298][0.322976,0.640302,0][0.54686,-0.25831,0.248036][0.224851,-0.896321,0.408907][0.306513,0.652563,0][0.492482,-0.186272,0.370976][0.115059,-0.542466,0.845268][0.296302,0.633014,0][0.492482,-0.186272,0.370976][0.115059,-0.542466,0.845268][0.296302,0.633014,0][0.40942,-0.174552,0.352942][-0.270017,-0.611656,0.75738][0.300428,0.628122,0][0.424222,-0.254472,0.246892][-0.204883,-0.914472,0.378298][0.322976,0.640302,0][0.32194,-0.21371,0.244312][-0.128167,-0.916983,0.405748][0.32825,0.629244,0][0.424222,-0.254472,0.246892][-0.204883,-0.914472,0.378298][0.322976,0.640302,0][0.40942,-0.174552,0.352942][-0.270017,-0.611656,0.75738][0.300428,0.628122,0][0.40942,-0.174552,0.352942][-0.270017,-0.611656,0.75738][0.300428,0.628122,0][0.331602,-0.14943,0.336194][-0.101451,-0.708219,0.714272][0.304562,0.621766,0][0.32194,-0.21371,0.244312][-0.128167,-0.916983,0.405748][0.32825,0.629244,0][0.32194,-0.21371,0.244312][-0.128167,-0.916983,0.405748][0.324973,0.612392,0][0.331602,-0.14943,0.336194][-0.101451,-0.708219,0.714272][0.306435,0.615182,0][0.248302,-0.151312,0.353796][0.118121,-0.660087,0.756507][0.309016,0.603082,0][0.248302,-0.151312,0.353796][0.118121,-0.660087,0.756507][0.309016,0.603082,0][0.20888,-0.224832,0.247178][-0.013781,-0.944216,0.361308][0.328132,0.596394,0][0.32194,-0.21371,0.244312][-0.128167,-0.916983,0.405748][0.324973,0.612392,0][0.20888,-0.224832,0.247178][-0.013781,-0.944216,0.361308][0.328132,0.596394,0][0.248302,-0.151312,0.353796][0.118121,-0.660087,0.756507][0.309016,0.603082,0][0.16534,-0.144352,0.373568][-0.143448,-0.543825,0.83994][0.303116,0.596709,0][0.16534,-0.144352,0.373568][-0.143448,-0.543825,0.83994][0.303116,0.596709,0][0.094162,-0.203252,0.266724][-0.422115,-0.824491,0.400431][0.316612,0.585162,0][0.20888,-0.224832,0.247178][-0.013781,-0.944216,0.361308][0.328132,0.596394,0][0.094162,-0.203252,0.266724][-0.422115,-0.824491,0.400431][0.316612,0.585162,0][0.16534,-0.144352,0.373568][-0.143448,-0.543825,0.83994][0.303116,0.596709,0][0.114562,-0.0700721,0.386414][-0.37689,-0.094881,0.931702][0.289273,0.593929,0][0.114562,-0.0700721,0.386414][-0.37689,-0.094881,0.931702][0.289273,0.593929,0][0.00176001,-0.099792,0.285698][-0.825865,-0.244925,0.514823][0.299417,0.576271,0][0.094162,-0.203252,0.266724][-0.422115,-0.824491,0.400431][0.316612,0.585162,0][0.028882,0.035188,0.27201][-0.742216,0.521608,0.43249][0.283047,0.572306,0][0.00176001,-0.099792,0.285698][-0.825865,-0.244925,0.514823][0.299417,0.576271,0][0.114562,-0.0700721,0.386414][-0.37689,-0.094881,0.931702][0.289273,0.593929,0][0.114562,-0.0700721,0.386414][-0.37689,-0.094881,0.931702][0.289273,0.593929,0][0.12854,0.019208,0.3727][-0.295231,0.449204,0.855215][0.276353,0.59348,0][0.028882,0.035188,0.27201][-0.742216,0.521608,0.43249][0.283047,0.572306,0][0.70548,-0.052992,0.240274][0.877159,0.277303,0.398538][0.266467,0.656805,0][0.5955,-0.037712,0.361588][0.485593,0.270382,0.841499][0.27157,0.635009,0][0.56664,-0.122912,0.364246][0.404802,-0.263561,0.886172][0.284066,0.636221,0][0.56664,-0.122912,0.364246][0.404802,-0.263561,0.886172][0.284066,0.636221,0][0.681582,-0.188632,0.25714][0.705977,-0.50007,0.512546][0.285382,0.661414,0][0.70548,-0.052992,0.240274][0.877159,0.277303,0.398538][0.266467,0.656805,0][0.56074,-0.287532,0.083774][0.240188,-0.977745,0.085554][0.314788,0.667414,0][0.715062,-0.218252,0.073332][0.806376,-0.596467,0.04217][0.285764,0.679915,0][0.681582,-0.188632,0.25714][0.705977,-0.50007,0.512546][0.285382,0.661414,0][0.681582,-0.188632,0.25714][0.705977,-0.50007,0.512546][0.285382,0.661414,0][0.54686,-0.25831,0.248036][0.224851,-0.896321,0.408907][0.306513,0.652563,0][0.56074,-0.287532,0.083774][0.240188,-0.977745,0.085554][0.314788,0.667414,0][0.425762,-0.291112,0.085918][-0.18118,-0.990109,0.091697][0.332467,0.654873,0][0.56074,-0.287532,0.083774][0.240188,-0.977745,0.085554][0.314788,0.667414,0][0.54686,-0.25831,0.248036][0.224851,-0.896321,0.408907][0.306513,0.652563,0][0.54686,-0.25831,0.248036][0.224851,-0.896321,0.408907][0.306513,0.652563,0][0.424222,-0.254472,0.246892][-0.204883,-0.914472,0.378298][0.322976,0.640302,0][0.425762,-0.291112,0.085918][-0.18118,-0.990109,0.091697][0.332467,0.654873,0][0.316822,-0.247832,0.083494][-0.140776,-0.996797,0.091745][0.34043,0.642464,0][0.425762,-0.291112,0.085918][-0.18118,-0.990109,0.091697][0.332467,0.654873,0][0.424222,-0.254472,0.246892][-0.204883,-0.914472,0.378298][0.322976,0.640302,0][0.424222,-0.254472,0.246892][-0.204883,-0.914472,0.378298][0.322976,0.640302,0][0.32194,-0.21371,0.244312][-0.128167,-0.916983,0.405748][0.32825,0.629244,0][0.316822,-0.247832,0.083494][-0.140776,-0.996797,0.091745][0.34043,0.642464,0][0.316822,-0.247832,0.083494][-0.140776,-0.996797,0.091745][0.345413,0.601469,0][0.32194,-0.21371,0.244312][-0.128167,-0.916983,0.405748][0.324973,0.612392,0][0.20888,-0.224832,0.247178][-0.013781,-0.944216,0.361308][0.328132,0.596394,0][0.20888,-0.224832,0.247178][-0.013781,-0.944216,0.361308][0.328132,0.596394,0][0.19654,-0.258972,0.086118][-0.083753,-1.00337,0.091423][0.339882,0.585324,0][0.316822,-0.247832,0.083494][-0.140776,-0.996797,0.091745][0.345413,0.601469,0][0.07486,-0.22781,0.084956][-0.467865,-0.889359,0.086876][0.330935,0.568397,0][0.19654,-0.258972,0.086118][-0.083753,-1.00337,0.091423][0.339882,0.585324,0][0.20888,-0.224832,0.247178][-0.013781,-0.944216,0.361308][0.328132,0.596394,0][0.20888,-0.224832,0.247178][-0.013781,-0.944216,0.361308][0.328132,0.596394,0][0.094162,-0.203252,0.266724][-0.422115,-0.824491,0.400431][0.316612,0.585162,0][0.07486,-0.22781,0.084956][-0.467865,-0.889359,0.086876][0.330935,0.568397,0][0.07486,-0.22781,0.084956][-0.467865,-0.889359,0.086876][0.330935,0.568397,0][0.094162,-0.203252,0.266724][-0.422115,-0.824491,0.400431][0.316612,0.585162,0][0.00176001,-0.099792,0.285698][-0.825865,-0.244925,0.514823][0.299417,0.576271,0][0.00176001,-0.099792,0.285698][-0.825865,-0.244925,0.514823][0.299417,0.576271,0][-0.05566,-0.118172,0.075848][-0.955435,-0.295958,0.038657][0.302513,0.555189,0][0.07486,-0.22781,0.084956][-0.467865,-0.889359,0.086876][0.330935,0.568397,0][-0.05566,-0.118172,0.075848][-0.955435,-0.295958,0.038657][0.302513,0.555189,0][0.00176001,-0.099792,0.285698][-0.825865,-0.244925,0.514823][0.299417,0.576271,0][0.028882,0.035188,0.27201][-0.742216,0.521608,0.43249][0.283047,0.572306,0][0.028882,0.035188,0.27201][-0.742216,0.521608,0.43249][0.283047,0.572306,0][-0.02114,0.028448,0.056526][-0.855014,0.522835,-0.039842][0.282063,0.549889,0][-0.05566,-0.118172,0.075848][-0.955435,-0.295958,0.038657][0.302513,0.555189,0][0.715062,-0.218252,0.073332][0.806376,-0.596467,0.04217][0.285764,0.679915,0][0.7369,-0.072132,0.053126][0.968705,0.247861,-0.03934][0.26564,0.675938,0][0.70548,-0.052992,0.240274][0.877159,0.277303,0.398538][0.266467,0.656805,0][0.70548,-0.052992,0.240274][0.877159,0.277303,0.398538][0.266467,0.656805,0][0.681582,-0.188632,0.25714][0.705977,-0.50007,0.512546][0.285382,0.661414,0][0.715062,-0.218252,0.073332][0.806376,-0.596467,0.04217][0.285764,0.679915,0][0.6766,-0.22189,-0.112686][0.689965,-0.604248,-0.412924][0.204787,0.773328,0][0.715062,-0.218252,0.073332][0.806376,-0.596467,0.04217][0.204452,0.791633,0][0.56074,-0.287532,0.083774][0.240188,-0.977745,0.085554][0.17846,0.778412,0][0.56074,-0.287532,0.083774][0.240188,-0.977745,0.085554][0.17846,0.778412,0][0.5424,-0.288112,-0.083398][0.210865,-0.959575,-0.236729][0.188164,0.760907,0][0.6766,-0.22189,-0.112686][0.689965,-0.604248,-0.412924][0.204787,0.773328,0][0.5424,-0.288112,-0.083398][0.210865,-0.959575,-0.236729][0.188164,0.760907,0][0.56074,-0.287532,0.083774][0.240188,-0.977745,0.085554][0.17846,0.778412,0][0.425762,-0.291112,0.085918][-0.18118,-0.990109,0.091697][0.16124,0.766181,0][0.425762,-0.291112,0.085918][-0.18118,-0.990109,0.091697][0.16124,0.766181,0][0.41982,-0.283812,-0.079234][-0.211708,-0.968777,-0.194764][0.171478,0.751462,0][0.5424,-0.288112,-0.083398][0.210865,-0.959575,-0.236729][0.188164,0.760907,0][0.41982,-0.283812,-0.079234][-0.211708,-0.968777,-0.194764][0.171478,0.751462,0][0.425762,-0.291112,0.085918][-0.18118,-0.990109,0.091697][0.16124,0.766181,0][0.316822,-0.247832,0.083494][-0.140776,-0.996797,0.091745][0.152959,0.752533,0][0.316822,-0.247832,0.083494][-0.140776,-0.996797,0.091745][0.152959,0.752533,0][0.317542,-0.243032,-0.081814][-0.137611,-0.976998,-0.219994][0.166773,0.740094,0][0.41982,-0.283812,-0.079234][-0.211708,-0.968777,-0.194764][0.171478,0.751462,0][0.204482,-0.254152,-0.078834][-0.023238,-0.994822,-0.179048][0.166028,0.709181,0][0.317542,-0.243032,-0.081814][-0.137611,-0.976998,-0.219994][0.168332,0.722281,0][0.316822,-0.247832,0.083494][-0.140776,-0.996797,0.091745][0.148655,0.713577,0][0.316822,-0.247832,0.083494][-0.140776,-0.996797,0.091745][0.148655,0.713577,0][0.19654,-0.258972,0.086118][-0.083753,-1.00337,0.091423][0.153067,0.697083,0][0.204482,-0.254152,-0.078834][-0.023238,-0.994822,-0.179048][0.166028,0.709181,0][0.204482,-0.254152,-0.078834][-0.023238,-0.994822,-0.179048][0.166028,0.709181,0][0.19654,-0.258972,0.086118][-0.083753,-1.00337,0.091423][0.153067,0.697083,0][0.07486,-0.22781,0.084956][-0.467865,-0.889359,0.086876][0.162811,0.68102,0][0.07486,-0.22781,0.084956][-0.467865,-0.889359,0.086876][0.162811,0.68102,0][0.089222,-0.236152,-0.098954][-0.429151,-0.884906,-0.225715][0.175254,0.696292,0][0.204482,-0.254152,-0.078834][-0.023238,-0.994822,-0.179048][0.166028,0.709181,0][-0.00393999,-0.137752,-0.13648][-0.842673,-0.344392,-0.42161][0.193474,0.68465,0][0.089222,-0.236152,-0.098954][-0.429151,-0.884906,-0.225715][0.175254,0.696292,0][0.07486,-0.22781,0.084956][-0.467865,-0.889359,0.086876][0.162811,0.68102,0][0.07486,-0.22781,0.084956][-0.467865,-0.889359,0.086876][0.162811,0.68102,0][-0.05566,-0.118172,0.075848][-0.955435,-0.295958,0.038657][0.186618,0.664878,0][-0.00393999,-0.137752,-0.13648][-0.842673,-0.344392,-0.42161][0.193474,0.68465,0][-0.00393999,-0.137752,-0.13648][-0.842673,-0.344392,-0.42161][0.193474,0.68465,0][-0.05566,-0.118172,0.075848][-0.955435,-0.295958,0.038657][0.186618,0.664878,0][-0.02114,0.028448,0.056526][-0.855014,0.522835,-0.039842][0.209554,0.659136,0][-0.02114,0.028448,0.056526][-0.855014,0.522835,-0.039842][0.209554,0.659136,0][0.02306,-0.00357199,-0.158812][-0.777702,0.400911,-0.493208][0.212834,0.682384,0][-0.00393999,-0.137752,-0.13648][-0.842673,-0.344392,-0.42161][0.193474,0.68465,0][0.6766,-0.22189,-0.112686][0.689965,-0.604248,-0.412924][0.204787,0.773328,0][0.70044,-0.086632,-0.133798][0.860843,0.180212,-0.481916][0.22376,0.769776,0][0.7369,-0.072132,0.053126][0.968705,0.247861,-0.03934][0.225664,0.789403,0][0.7369,-0.072132,0.053126][0.968705,0.247861,-0.03934][0.225664,0.789403,0][0.715062,-0.218252,0.073332][0.806376,-0.596467,0.04217][0.204452,0.791633,0][0.6766,-0.22189,-0.112686][0.689965,-0.604248,-0.412924][0.204787,0.773328,0][0.55862,-0.176472,-0.231384][0.386453,-0.485636,-0.796093][0.212024,0.7482,0][0.6766,-0.22189,-0.112686][0.689965,-0.604248,-0.412924][0.204787,0.773328,0][0.5424,-0.288112,-0.083398][0.210865,-0.959575,-0.236729][0.188164,0.760907,0][0.5424,-0.288112,-0.083398][0.210865,-0.959575,-0.236729][0.188164,0.760907,0][0.4845,-0.239392,-0.219682][0.098792,-0.729551,-0.692863][0.198582,0.744871,0][0.55862,-0.176472,-0.231384][0.386453,-0.485636,-0.796093][0.212024,0.7482,0][0.4845,-0.239392,-0.219682][0.098792,-0.729551,-0.692863][0.198582,0.744871,0][0.5424,-0.288112,-0.083398][0.210865,-0.959575,-0.236729][0.188164,0.760907,0][0.41982,-0.283812,-0.079234][-0.211708,-0.968777,-0.194764][0.171478,0.751462,0][0.41982,-0.283812,-0.079234][-0.211708,-0.968777,-0.194764][0.171478,0.751462,0][0.40192,-0.224572,-0.203264][-0.280762,-0.777871,-0.580185][0.189788,0.739966,0][0.4845,-0.239392,-0.219682][0.098792,-0.729551,-0.692863][0.198582,0.744871,0][0.40192,-0.224572,-0.203264][-0.280762,-0.777871,-0.580185][0.189788,0.739966,0][0.41982,-0.283812,-0.079234][-0.211708,-0.968777,-0.194764][0.171478,0.751462,0][0.317542,-0.243032,-0.081814][-0.137611,-0.976998,-0.219994][0.166773,0.740094,0][0.317542,-0.243032,-0.081814][-0.137611,-0.976998,-0.219994][0.166773,0.740094,0][0.324482,-0.196832,-0.190948][-0.124751,-0.855562,-0.523818][0.185968,0.732377,0][0.40192,-0.224572,-0.203264][-0.280762,-0.777871,-0.580185][0.189788,0.739966,0][0.24078,-0.201412,-0.20339][0.077309,-0.822925,-0.582207][0.191166,0.716637,0][0.324482,-0.196832,-0.190948][-0.124751,-0.855562,-0.523818][0.187673,0.725157,0][0.317542,-0.243032,-0.081814][-0.137611,-0.976998,-0.219994][0.168332,0.722281,0][0.317542,-0.243032,-0.081814][-0.137611,-0.976998,-0.219994][0.168332,0.722281,0][0.204482,-0.254152,-0.078834][-0.023238,-0.994822,-0.179048][0.166028,0.709181,0][0.24078,-0.201412,-0.20339][0.077309,-0.822925,-0.582207][0.191166,0.716637,0][0.15732,-0.197712,-0.219924][-0.185724,-0.720398,-0.684139][0.191198,0.708914,0][0.24078,-0.201412,-0.20339][0.077309,-0.822925,-0.582207][0.191166,0.716637,0][0.204482,-0.254152,-0.078834][-0.023238,-0.994822,-0.179048][0.166028,0.709181,0][0.204482,-0.254152,-0.078834][-0.023238,-0.994822,-0.179048][0.166028,0.709181,0][0.089222,-0.236152,-0.098954][-0.429151,-0.884906,-0.225715][0.175254,0.696292,0][0.15732,-0.197712,-0.219924][-0.185724,-0.720398,-0.684139][0.191198,0.708914,0][0.10602,-0.12711,-0.248006][-0.431877,-0.314364,-0.856027][0.200763,0.703452,0][0.15732,-0.197712,-0.219924][-0.185724,-0.720398,-0.684139][0.191198,0.708914,0][0.089222,-0.236152,-0.098954][-0.429151,-0.884906,-0.225715][0.175254,0.696292,0][0.089222,-0.236152,-0.098954][-0.429151,-0.884906,-0.225715][0.175254,0.696292,0][-0.00393999,-0.137752,-0.13648][-0.842673,-0.344392,-0.42161][0.193474,0.68465,0][0.10602,-0.12711,-0.248006][-0.431877,-0.314364,-0.856027][0.200763,0.703452,0][0.10602,-0.12711,-0.248006][-0.431877,-0.314364,-0.856027][0.200763,0.703452,0][-0.00393999,-0.137752,-0.13648][-0.842673,-0.344392,-0.42161][0.193474,0.68465,0][0.02306,-0.00357199,-0.158812][-0.777702,0.400911,-0.493208][0.212834,0.682384,0][0.02306,-0.00357199,-0.158812][-0.777702,0.400911,-0.493208][0.212834,0.682384,0][0.12,-0.037672,-0.25985][-0.370967,0.218237,-0.91322][0.21376,0.703272,0][0.10602,-0.12711,-0.248006][-0.431877,-0.314364,-0.856027][0.200763,0.703452,0][0.55862,-0.176472,-0.231384][0.386453,-0.485636,-0.796093][0.212024,0.7482,0][0.587202,-0.0930721,-0.254032][0.497768,0.057915,-0.875005][0.223424,0.748382,0][0.70044,-0.086632,-0.133798][0.860843,0.180212,-0.481916][0.22376,0.769776,0][0.70044,-0.086632,-0.133798][0.860843,0.180212,-0.481916][0.22376,0.769776,0][0.6766,-0.22189,-0.112686][0.689965,-0.604248,-0.412924][0.204787,0.773328,0][0.55862,-0.176472,-0.231384][0.386453,-0.485636,-0.796093][0.212024,0.7482,0][0.43948,-0.130652,-0.259192][0.026542,-0.348695,-0.948669][0.211269,0.735637,0][0.55862,-0.176472,-0.231384][0.386453,-0.485636,-0.796093][0.212024,0.7482,0][0.4845,-0.239392,-0.219682][0.098792,-0.729551,-0.692863][0.198582,0.744871,0][0.4845,-0.239392,-0.219682][0.098792,-0.729551,-0.692863][0.198582,0.744871,0][0.4104,-0.157832,-0.253722][-0.015141,-0.384678,-0.934917][0.204233,0.735084,0][0.43948,-0.130652,-0.259192][0.026542,-0.348695,-0.948669][0.211269,0.735637,0][0.4104,-0.157832,-0.253722][-0.015141,-0.384678,-0.934917][0.204233,0.735084,0][0.4845,-0.239392,-0.219682][0.098792,-0.729551,-0.692863][0.198582,0.744871,0][0.40192,-0.224572,-0.203264][-0.280762,-0.777871,-0.580185][0.189788,0.739966,0][0.40192,-0.224572,-0.203264][-0.280762,-0.777871,-0.580185][0.189788,0.739966,0][0.372302,-0.166332,-0.247808][-0.128861,-0.53938,-0.845207][0.19845,0.733044,0][0.4104,-0.157832,-0.253722][-0.015141,-0.384678,-0.934917][0.204233,0.735084,0][0.372302,-0.166332,-0.247808][-0.128861,-0.53938,-0.845207][0.19845,0.733044,0][0.40192,-0.224572,-0.203264][-0.280762,-0.777871,-0.580185][0.189788,0.739966,0][0.324482,-0.196832,-0.190948][-0.124751,-0.855562,-0.523818][0.185968,0.732377,0][0.324482,-0.196832,-0.190948][-0.124751,-0.855562,-0.523818][0.185968,0.732377,0][0.32982,-0.161392,-0.243748][-0.096637,-0.621829,-0.791241][0.197117,0.728864,0][0.372302,-0.166332,-0.247808][-0.128861,-0.53938,-0.845207][0.19845,0.733044,0][0.28778,-0.153612,-0.247368][-0.032384,-0.551976,-0.846482][0.199824,0.721042,0][0.32982,-0.161392,-0.243748][-0.096637,-0.621829,-0.791241][0.197937,0.725429,0][0.324482,-0.196832,-0.190948][-0.124751,-0.855562,-0.523818][0.187673,0.725157,0][0.324482,-0.196832,-0.190948][-0.124751,-0.855562,-0.523818][0.187673,0.725157,0][0.24078,-0.201412,-0.20339][0.077309,-0.822925,-0.582207][0.191166,0.716637,0][0.28778,-0.153612,-0.247368][-0.032384,-0.551976,-0.846482][0.199824,0.721042,0][0.253682,-0.134352,-0.253332][-0.086506,-0.367474,-0.937867][0.203112,0.717566,0][0.28778,-0.153612,-0.247368][-0.032384,-0.551976,-0.846482][0.199824,0.721042,0][0.24078,-0.201412,-0.20339][0.077309,-0.822925,-0.582207][0.191166,0.716637,0][0.24078,-0.201412,-0.20339][0.077309,-0.822925,-0.582207][0.191166,0.716637,0][0.15732,-0.197712,-0.219924][-0.185724,-0.720398,-0.684139][0.191198,0.708914,0][0.253682,-0.134352,-0.253332][-0.086506,-0.367474,-0.937867][0.203112,0.717566,0][0.234002,-0.099692,-0.258954][-0.097592,-0.305172,-0.958861][0.208032,0.715325,0][0.253682,-0.134352,-0.253332][-0.086506,-0.367474,-0.937867][0.203112,0.717566,0][0.15732,-0.197712,-0.219924][-0.185724,-0.720398,-0.684139][0.191198,0.708914,0][0.15732,-0.197712,-0.219924][-0.185724,-0.720398,-0.684139][0.191198,0.708914,0][0.10602,-0.12711,-0.248006][-0.431877,-0.314364,-0.856027][0.200763,0.703452,0][0.234002,-0.099692,-0.258954][-0.097592,-0.305172,-0.958861][0.208032,0.715325,0][0.234002,-0.099692,-0.258954][-0.097592,-0.305172,-0.958861][0.208032,0.715325,0][0.10602,-0.12711,-0.248006][-0.431877,-0.314364,-0.856027][0.200763,0.703452,0][0.12,-0.037672,-0.25985][-0.370967,0.218237,-0.91322][0.21376,0.703272,0][0.12,-0.037672,-0.25985][-0.370967,0.218237,-0.91322][0.21376,0.703272,0][0.2274,-0.06523,-0.273342][-0.120721,-0.078835,-1.00058][0.213326,0.713777,0][0.234002,-0.099692,-0.258954][-0.097592,-0.305172,-0.958861][0.208032,0.715325,0][0.455862,-0.099732,-0.273872][0.081992,-0.1063,-1.00205][0.216563,0.735764,0][0.587202,-0.0930721,-0.254032][0.497768,0.057915,-0.875005][0.223424,0.748382,0][0.55862,-0.176472,-0.231384][0.386453,-0.485636,-0.796093][0.212024,0.7482,0][0.55862,-0.176472,-0.231384][0.386453,-0.485636,-0.796093][0.212024,0.7482,0][0.43948,-0.130652,-0.259192][0.026542,-0.348695,-0.948669][0.211269,0.735637,0][0.455862,-0.099732,-0.273872][0.081992,-0.1063,-1.00205][0.216563,0.735764,0][0.41896,-0.100812,0.380228][0.003463,-0.09232,1.00685][0.288521,0.624018,0][0.448082,-0.073512,0.376882][0.035641,-0.054142,1.00899][0.283038,0.624621,0][0.350122,-0.025192,0.3762][0.030028,0.199942,0.990647][0.282316,0.61461,0][0.380722,-0.110012,0.378208][-0.109312,-0.270305,0.967988][0.292436,0.621923,0][0.41896,-0.100812,0.380228][0.003463,-0.09232,1.00685][0.288521,0.624018,0][0.350122,-0.025192,0.3762][0.030028,0.199942,0.990647][0.282316,0.61461,0][0.33816,-0.105832,0.374014][-0.059381,-0.37541,0.93688][0.295245,0.618563,0][0.380722,-0.110012,0.378208][-0.109312,-0.270305,0.967988][0.292436,0.621923,0][0.350122,-0.025192,0.3762][0.030028,0.199942,0.990647][0.282316,0.61461,0][0.29622,-0.0973721,0.377864][0.033754,-0.290472,0.967854][0.297684,0.608984,0][0.33816,-0.105832,0.374014][-0.059381,-0.37541,0.93688][0.29617,0.615267,0][0.350122,-0.025192,0.3762][0.030028,0.199942,0.990647][0.282316,0.61461,0][0.26224,-0.077352,0.380424][-0.01549,-0.082222,1.00761][0.293758,0.605466,0][0.29622,-0.0973721,0.377864][0.033754,-0.290472,0.967854][0.297684,0.608984,0][0.350122,-0.025192,0.3762][0.030028,0.199942,0.990647][0.282316,0.61461,0][0.24252,-0.042552,0.377114][-0.013797,-0.022259,1.01074][0.285484,0.604379,0][0.26224,-0.077352,0.380424][-0.01549,-0.082222,1.00761][0.293758,0.605466,0][0.350122,-0.025192,0.3762][0.030028,0.199942,0.990647][0.282316,0.61461,0][0.236102,-0.00645196,0.38167][-0.028028,0.193041,0.992075][0.278794,0.6036,0][0.24252,-0.042552,0.377114][-0.013797,-0.022259,1.01074][0.285484,0.604379,0][0.350122,-0.025192,0.3762][0.030028,0.199942,0.990647][0.282316,0.61461,0][0.448082,-0.073512,0.376882][0.035641,-0.054142,1.00899][0.283038,0.624621,0][0.46478,-0.0409321,0.381612][0.084111,0.179918,0.991301][0.277106,0.624894,0][0.350122,-0.025192,0.3762][0.030028,0.199942,0.990647][0.282316,0.61461,0][0.43948,-0.130652,-0.259192][0.026542,-0.348695,-0.948669][0.211269,0.735637,0][0.4104,-0.157832,-0.253722][-0.015141,-0.384678,-0.934917][0.204233,0.735084,0][0.341422,-0.083252,-0.271396][-0.015026,-0.084837,-1.0074][0.211247,0.725072,0][0.4104,-0.157832,-0.253722][-0.015141,-0.384678,-0.934917][0.204233,0.735084,0][0.372302,-0.166332,-0.247808][-0.128861,-0.53938,-0.845207][0.19845,0.733044,0][0.341422,-0.083252,-0.271396][-0.015026,-0.084837,-1.0074][0.211247,0.725072,0][0.372302,-0.166332,-0.247808][-0.128861,-0.53938,-0.845207][0.19845,0.733044,0][0.32982,-0.161392,-0.243748][-0.096637,-0.621829,-0.791241][0.197117,0.728864,0][0.341422,-0.083252,-0.271396][-0.015026,-0.084837,-1.0074][0.211247,0.725072,0][0.32982,-0.161392,-0.243748][-0.096637,-0.621829,-0.791241][0.197937,0.725429,0][0.28778,-0.153612,-0.247368][-0.032384,-0.551976,-0.846482][0.199824,0.721042,0][0.341422,-0.083252,-0.271396][-0.015026,-0.084837,-1.0074][0.211247,0.725072,0][0.28778,-0.153612,-0.247368][-0.032384,-0.551976,-0.846482][0.199824,0.721042,0][0.253682,-0.134352,-0.253332][-0.086506,-0.367474,-0.937867][0.203112,0.717566,0][0.341422,-0.083252,-0.271396][-0.015026,-0.084837,-1.0074][0.211247,0.725072,0][0.253682,-0.134352,-0.253332][-0.086506,-0.367474,-0.937867][0.203112,0.717566,0][0.234002,-0.099692,-0.258954][-0.097592,-0.305172,-0.958861][0.208032,0.715325,0][0.341422,-0.083252,-0.271396][-0.015026,-0.084837,-1.0074][0.211247,0.725072,0][0.234002,-0.099692,-0.258954][-0.097592,-0.305172,-0.958861][0.208032,0.715325,0][0.2274,-0.06523,-0.273342][-0.120721,-0.078835,-1.00058][0.213326,0.713777,0][0.341422,-0.083252,-0.271396][-0.015026,-0.084837,-1.0074][0.211247,0.725072,0][0.455862,-0.099732,-0.273872][0.081992,-0.1063,-1.00205][0.216563,0.735764,0][0.43948,-0.130652,-0.259192][0.026542,-0.348695,-0.948669][0.211269,0.735637,0][0.341422,-0.083252,-0.271396][-0.015026,-0.084837,-1.0074][0.211247,0.725072,0][0.1881,0.135808,0.268102][-0.429728,0.707684,0.576788][0.255817,0.588668,0][0.12854,0.019208,0.3727][-0.295231,0.449204,0.855215][0.276353,0.59348,0][0.236102,-0.00645196,0.38167][-0.028028,0.193041,0.992075][0.278794,0.6036,0][0.236102,-0.00645196,0.38167][-0.028028,0.193041,0.992075][0.278794,0.6036,0][0.278142,0.135328,0.31387][-0.159014,0.546068,0.835609][0.255794,0.602071,0][0.1881,0.135808,0.268102][-0.429728,0.707684,0.576788][0.255817,0.588668,0][0.555002,0.085348,0.264446][0.611765,0.479933,0.639804][0.245432,0.632774,0][0.46672,0.107068,0.313938][0.285842,0.440376,0.863032][0.252947,0.621306,0][0.46478,-0.0409321,0.381612][0.084111,0.179918,0.991301][0.277106,0.624894,0][0.46478,-0.0409321,0.381612][0.084111,0.179918,0.991301][0.277106,0.624894,0][0.5955,-0.037712,0.361588][0.485593,0.270382,0.841499][0.27157,0.635009,0][0.555002,0.085348,0.264446][0.611765,0.479933,0.639804][0.245432,0.632774,0][0.1881,0.135808,0.268102][-0.429728,0.707684,0.576788][0.255817,0.588668,0][0.122582,0.127608,0.177416][-0.624733,0.762841,0.20339][0.260688,0.572454,0][0.028882,0.035188,0.27201][-0.742216,0.521608,0.43249][0.283047,0.572306,0][0.028882,0.035188,0.27201][-0.742216,0.521608,0.43249][0.283047,0.572306,0][0.12854,0.019208,0.3727][-0.295231,0.449204,0.855215][0.276353,0.59348,0][0.1881,0.135808,0.268102][-0.429728,0.707684,0.576788][0.255817,0.588668,0][0.555002,0.085348,0.264446][0.611765,0.479933,0.639804][0.245432,0.632774,0][0.5955,-0.037712,0.361588][0.485593,0.270382,0.841499][0.27157,0.635009,0][0.70548,-0.052992,0.240274][0.877159,0.277303,0.398538][0.266467,0.656805,0][0.70548,-0.052992,0.240274][0.877159,0.277303,0.398538][0.266467,0.656805,0][0.61724,0.062108,0.160562][0.861972,0.450455,0.244583][0.240951,0.648471,0][0.555002,0.085348,0.264446][0.611765,0.479933,0.639804][0.245432,0.632774,0][0.122582,0.127608,0.177416][-0.624733,0.762841,0.20339][0.260688,0.572454,0][0.10256,0.12015,0.037618][-0.67964,0.739547,-0.056106][0.25923,0.557632,0][-0.02114,0.028448,0.056526][-0.855014,0.522835,-0.039842][0.282063,0.549889,0][-0.02114,0.028448,0.056526][-0.855014,0.522835,-0.039842][0.282063,0.549889,0][0.028882,0.035188,0.27201][-0.742216,0.521608,0.43249][0.283047,0.572306,0][0.122582,0.127608,0.177416][-0.624733,0.762841,0.20339][0.260688,0.572454,0][0.61724,0.062108,0.160562][0.861972,0.450455,0.244583][0.240951,0.648471,0][0.70548,-0.052992,0.240274][0.877159,0.277303,0.398538][0.266467,0.656805,0][0.7369,-0.072132,0.053126][0.968705,0.247861,-0.03934][0.26564,0.675938,0][0.7369,-0.072132,0.053126][0.968705,0.247861,-0.03934][0.26564,0.675938,0][0.635622,0.048828,0.033902][0.928558,0.372803,-0.043229][0.239125,0.664236,0][0.61724,0.062108,0.160562][0.861972,0.450455,0.244583][0.240951,0.648471,0][0.118822,0.102508,-0.101754][-0.660135,0.688913,-0.319675][0.232619,0.682199,0][0.02306,-0.00357199,-0.158812][-0.777702,0.400911,-0.493208][0.212834,0.682384,0][-0.02114,0.028448,0.056526][-0.855014,0.522835,-0.039842][0.209554,0.659136,0][-0.02114,0.028448,0.056526][-0.855014,0.522835,-0.039842][0.209554,0.659136,0][0.10256,0.12015,0.037618][-0.67964,0.739547,-0.056106][0.230067,0.666214,0][0.118822,0.102508,-0.101754][-0.660135,0.688913,-0.319675][0.232619,0.682199,0][0.61412,0.039508,-0.092428][0.869712,0.325325,-0.378409][0.249691,0.761249,0][0.635622,0.048828,0.033902][0.928558,0.372803,-0.043229][0.250652,0.776949,0][0.7369,-0.072132,0.053126][0.968705,0.247861,-0.03934][0.225664,0.789403,0][0.7369,-0.072132,0.053126][0.968705,0.247861,-0.03934][0.225664,0.789403,0][0.70044,-0.086632,-0.133798][0.860843,0.180212,-0.481916][0.22376,0.769776,0][0.61412,0.039508,-0.092428][0.869712,0.325325,-0.378409][0.249691,0.761249,0][0.18186,0.093928,-0.196886][-0.50216,0.525206,-0.699039][0.235225,0.700769,0][0.12,-0.037672,-0.25985][-0.370967,0.218237,-0.91322][0.21376,0.703272,0][0.02306,-0.00357199,-0.158812][-0.777702,0.400911,-0.493208][0.212834,0.682384,0][0.02306,-0.00357199,-0.158812][-0.777702,0.400911,-0.493208][0.212834,0.682384,0][0.118822,0.102508,-0.101754][-0.660135,0.688913,-0.319675][0.232619,0.682199,0][0.18186,0.093928,-0.196886][-0.50216,0.525206,-0.699039][0.235225,0.700769,0][0.61412,0.039508,-0.092428][0.869712,0.325325,-0.378409][0.249691,0.761249,0][0.70044,-0.086632,-0.133798][0.860843,0.180212,-0.481916][0.22376,0.769776,0][0.587202,-0.0930721,-0.254032][0.497768,0.057915,-0.875005][0.223424,0.748382,0][0.587202,-0.0930721,-0.254032][0.497768,0.057915,-0.875005][0.223424,0.748382,0][0.54906,0.044028,-0.197304][0.648139,0.216462,-0.738906][0.246139,0.74456,0][0.61412,0.039508,-0.092428][0.869712,0.325325,-0.378409][0.249691,0.761249,0][0.18186,0.093928,-0.196886][-0.50216,0.525206,-0.699039][0.235225,0.700769,0][0.270522,0.084868,-0.248828][-0.228978,0.288696,-0.940923][0.237237,0.711768,0][0.2274,-0.06523,-0.273342][-0.120721,-0.078835,-1.00058][0.213326,0.713777,0][0.2274,-0.06523,-0.273342][-0.120721,-0.078835,-1.00058][0.213326,0.713777,0][0.12,-0.037672,-0.25985][-0.370967,0.218237,-0.91322][0.21376,0.703272,0][0.18186,0.093928,-0.196886][-0.50216,0.525206,-0.699039][0.235225,0.700769,0][0.54906,0.044028,-0.197304][0.648139,0.216462,-0.738906][0.246139,0.74456,0][0.587202,-0.0930721,-0.254032][0.497768,0.057915,-0.875005][0.223424,0.748382,0][0.455862,-0.099732,-0.273872][0.081992,-0.1063,-1.00205][0.216563,0.735764,0][0.455862,-0.099732,-0.273872][0.081992,-0.1063,-1.00205][0.216563,0.735764,0][0.45922,0.05653,-0.24944][0.25871,0.158078,-0.963779][0.237804,0.732791,0][0.54906,0.044028,-0.197304][0.648139,0.216462,-0.738906][0.246139,0.74456,0][0.278142,0.135328,0.31387][-0.159014,0.546068,0.835609][0.255794,0.602071,0][0.236102,-0.00645196,0.38167][-0.028028,0.193041,0.992075][0.278794,0.6036,0][0.350122,-0.025192,0.3762][0.030028,0.199942,0.990647][0.282316,0.61461,0][0.270522,0.084868,-0.248828][-0.228978,0.288696,-0.940923][0.237237,0.711768,0][0.341422,-0.083252,-0.271396][-0.015026,-0.084837,-1.0074][0.211247,0.725072,0][0.2274,-0.06523,-0.273342][-0.120721,-0.078835,-1.00058][0.213326,0.713777,0][0.31708,0.307248,0.161842][-0.543881,0.592719,0.607097][0.227103,0.593943,0][0.1881,0.135808,0.268102][-0.429728,0.707684,0.576788][0.255817,0.588668,0][0.278142,0.135328,0.31387][-0.159014,0.546068,0.835609][0.255794,0.602071,0][0.278142,0.135328,0.31387][-0.159014,0.546068,0.835609][0.255794,0.602071,0][0.37992,0.302708,0.196988][-0.153236,0.502891,0.863352][0.226328,0.60323,0][0.31708,0.307248,0.161842][-0.543881,0.592719,0.607097][0.227103,0.593943,0][0.510002,0.277648,0.195456][0.3182,0.338018,0.896949][0.228212,0.621378,0][0.46672,0.107068,0.313938][0.285842,0.440376,0.863032][0.252947,0.621306,0][0.555002,0.085348,0.264446][0.611765,0.479933,0.639804][0.245432,0.632774,0][0.555002,0.085348,0.264446][0.611765,0.479933,0.639804][0.245432,0.632774,0][0.571702,0.263328,0.158836][0.721978,0.138958,0.685642][0.224605,0.63156,0][0.510002,0.277648,0.195456][0.3182,0.338018,0.896949][0.228212,0.621378,0][0.27134,0.302548,0.095704][-0.76462,0.594846,0.266023][0.229604,0.582379,0][0.122582,0.127608,0.177416][-0.624733,0.762841,0.20339][0.260688,0.572454,0][0.1881,0.135808,0.268102][-0.429728,0.707684,0.576788][0.255817,0.588668,0][0.1881,0.135808,0.268102][-0.429728,0.707684,0.576788][0.255817,0.588668,0][0.31708,0.307248,0.161842][-0.543881,0.592719,0.607097][0.227103,0.593943,0][0.27134,0.302548,0.095704][-0.76462,0.594846,0.266023][0.229604,0.582379,0][0.571702,0.263328,0.158836][0.721978,0.138958,0.685642][0.224605,0.63156,0][0.555002,0.085348,0.264446][0.611765,0.479933,0.639804][0.245432,0.632774,0][0.61724,0.062108,0.160562][0.861972,0.450455,0.244583][0.240951,0.648471,0][0.61724,0.062108,0.160562][0.861972,0.450455,0.244583][0.240951,0.648471,0][0.61546,0.247948,0.086434][0.94228,-0.025947,0.337539][0.221178,0.644064,0][0.571702,0.263328,0.158836][0.721978,0.138958,0.685642][0.224605,0.63156,0][0.27134,0.302548,0.095704][-0.76462,0.594846,0.266023][0.229604,0.582379,0][0.257282,0.297808,-0.001546][-0.840685,0.546317,-0.036342][0.228444,0.568483,0][0.10256,0.12015,0.037618][-0.67964,0.739547,-0.056106][0.25923,0.557632,0][0.10256,0.12015,0.037618][-0.67964,0.739547,-0.056106][0.25923,0.557632,0][0.122582,0.127608,0.177416][-0.624733,0.762841,0.20339][0.260688,0.572454,0][0.27134,0.302548,0.095704][-0.76462,0.594846,0.266023][0.229604,0.582379,0][0.61546,0.247948,0.086434][0.94228,-0.025947,0.337539][0.221178,0.644064,0][0.61724,0.062108,0.160562][0.861972,0.450455,0.244583][0.240951,0.648471,0][0.635622,0.048828,0.033902][0.928558,0.372803,-0.043229][0.239125,0.664236,0][0.635622,0.048828,0.033902][0.928558,0.372803,-0.043229][0.239125,0.664236,0][0.6278,0.238848,-0.001616][0.992915,-0.120053,-0.004562][0.219545,0.657187,0][0.61546,0.247948,0.086434][0.94228,-0.025947,0.337539][0.221178,0.644064,0][0.257282,0.297808,-0.001546][-0.840685,0.546317,-0.036342][0.263351,0.679606,0][0.26862,0.285708,-0.09862][-0.796334,0.498872,-0.353738][0.263563,0.692967,0][0.118822,0.102508,-0.101754][-0.660135,0.688913,-0.319675][0.232619,0.682199,0][0.118822,0.102508,-0.101754][-0.660135,0.688913,-0.319675][0.232619,0.682199,0][0.10256,0.12015,0.037618][-0.67964,0.739547,-0.056106][0.230067,0.666214,0][0.257282,0.297808,-0.001546][-0.840685,0.546317,-0.036342][0.263351,0.679606,0][0.6278,0.238848,-0.001616][0.992915,-0.120053,-0.004562][0.27115,0.767233,0][0.635622,0.048828,0.033902][0.928558,0.372803,-0.043229][0.250652,0.776949,0][0.61412,0.039508,-0.092428][0.869712,0.325325,-0.378409][0.249691,0.761249,0][0.61412,0.039508,-0.092428][0.869712,0.325325,-0.378409][0.249691,0.761249,0][0.613162,0.232228,-0.08943][0.928156,-0.140559,-0.349079][0.267306,0.754715,0][0.6278,0.238848,-0.001616][0.992915,-0.120053,-0.004562][0.27115,0.767233,0][0.26862,0.285708,-0.09862][-0.796334,0.498872,-0.353738][0.263563,0.692967,0][0.312662,0.277148,-0.167088][-0.597722,0.390203,-0.710486][0.263461,0.705103,0][0.18186,0.093928,-0.196886][-0.50216,0.525206,-0.699039][0.235225,0.700769,0][0.18186,0.093928,-0.196886][-0.50216,0.525206,-0.699039][0.235225,0.700769,0][0.118822,0.102508,-0.101754][-0.660135,0.688913,-0.319675][0.232619,0.682199,0][0.26862,0.285708,-0.09862][-0.796334,0.498872,-0.353738][0.263563,0.692967,0][0.568182,0.235628,-0.162758][0.70177,-0.097985,-0.713601][0.266728,0.742358,0][0.613162,0.232228,-0.08943][0.928156,-0.140559,-0.349079][0.267306,0.754715,0][0.61412,0.039508,-0.092428][0.869712,0.325325,-0.378409][0.249691,0.761249,0][0.61412,0.039508,-0.092428][0.869712,0.325325,-0.378409][0.249691,0.761249,0][0.54906,0.044028,-0.197304][0.648139,0.216462,-0.738906][0.246139,0.74456,0][0.568182,0.235628,-0.162758][0.70177,-0.097985,-0.713601][0.266728,0.742358,0][0.312662,0.277148,-0.167088][-0.597722,0.390203,-0.710486][0.263461,0.705103,0][0.374422,0.265588,-0.203144][-0.211932,0.213983,-0.964664][0.261149,0.715334,0][0.270522,0.084868,-0.248828][-0.228978,0.288696,-0.940923][0.237237,0.711768,0][0.270522,0.084868,-0.248828][-0.228978,0.288696,-0.940923][0.237237,0.711768,0][0.18186,0.093928,-0.196886][-0.50216,0.525206,-0.699039][0.235225,0.700769,0][0.312662,0.277148,-0.167088][-0.597722,0.390203,-0.710486][0.263461,0.705103,0][0.50544,0.243628,-0.201518][0.280927,0.027168,-0.969982][0.265037,0.732332,0][0.568182,0.235628,-0.162758][0.70177,-0.097985,-0.713601][0.266728,0.742358,0][0.54906,0.044028,-0.197304][0.648139,0.216462,-0.738906][0.246139,0.74456,0][0.54906,0.044028,-0.197304][0.648139,0.216462,-0.738906][0.246139,0.74456,0][0.45922,0.05653,-0.24944][0.25871,0.158078,-0.963779][0.237804,0.732791,0][0.50544,0.243628,-0.201518][0.280927,0.027168,-0.969982][0.265037,0.732332,0][0.46672,0.107068,0.313938][0.285842,0.440376,0.863032][0.252947,0.621306,0][0.510002,0.277648,0.195456][0.3182,0.338018,0.896949][0.228212,0.621378,0][0.37992,0.302708,0.196988][-0.153236,0.502891,0.863352][0.226328,0.60323,0][0.37992,0.302708,0.196988][-0.153236,0.502891,0.863352][0.226328,0.60323,0][0.278142,0.135328,0.31387][-0.159014,0.546068,0.835609][0.255794,0.602071,0][0.46672,0.107068,0.313938][0.285842,0.440376,0.863032][0.252947,0.621306,0][0.45922,0.05653,-0.24944][0.25871,0.158078,-0.963779][0.237804,0.732791,0][0.270522,0.084868,-0.248828][-0.228978,0.288696,-0.940923][0.237237,0.711768,0][0.374422,0.265588,-0.203144][-0.211932,0.213983,-0.964664][0.261149,0.715334,0][0.374422,0.265588,-0.203144][-0.211932,0.213983,-0.964664][0.261149,0.715334,0][0.50544,0.243628,-0.201518][0.280927,0.027168,-0.969982][0.265037,0.732332,0][0.45922,0.05653,-0.24944][0.25871,0.158078,-0.963779][0.237804,0.732791,0][0.651058,0.500304,-0.175716][0.654261,-0.345914,-0.68193][0.319253,0.743175,0][0.69082,0.499802,-0.11631][0.867234,-0.379183,-0.331132][0.319934,0.753095,0][0.613162,0.232228,-0.08943][0.928156,-0.140559,-0.349079][0.267306,0.754715,0][0.613162,0.232228,-0.08943][0.928156,-0.140559,-0.349079][0.267306,0.754715,0][0.568182,0.235628,-0.162758][0.70177,-0.097985,-0.713601][0.266728,0.742358,0][0.651058,0.500304,-0.175716][0.654261,-0.345914,-0.68193][0.319253,0.743175,0][0.702898,0.504704,-0.043328][0.937199,-0.352263,0.016713][0.319421,0.7635,0][0.6278,0.238848,-0.001616][0.992915,-0.120053,-0.004562][0.27115,0.767233,0][0.613162,0.232228,-0.08943][0.928156,-0.140559,-0.349079][0.267306,0.754715,0][0.613162,0.232228,-0.08943][0.928156,-0.140559,-0.349079][0.267306,0.754715,0][0.69082,0.499802,-0.11631][0.867234,-0.379183,-0.331132][0.319934,0.753095,0][0.702898,0.504704,-0.043328][0.937199,-0.352263,0.016713][0.319421,0.7635,0][0.692798,0.512924,0.029654][0.886889,-0.28987,0.366276][0.171236,0.641973,0][0.61546,0.247948,0.086434][0.94228,-0.025947,0.337539][0.221178,0.644064,0][0.6278,0.238848,-0.001616][0.992915,-0.120053,-0.004562][0.219545,0.657187,0][0.6278,0.238848,-0.001616][0.992915,-0.120053,-0.004562][0.219545,0.657187,0][0.702898,0.504704,-0.043328][0.937199,-0.352263,0.016713][0.172418,0.652533,0][0.692798,0.512924,0.029654][0.886889,-0.28987,0.366276][0.171236,0.641973,0][0.65464,0.524102,0.089016][0.687804,-0.16243,0.715739][0.171644,0.631769,0][0.571702,0.263328,0.158836][0.721978,0.138958,0.685642][0.224605,0.63156,0][0.61546,0.247948,0.086434][0.94228,-0.025947,0.337539][0.221178,0.644064,0][0.61546,0.247948,0.086434][0.94228,-0.025947,0.337539][0.221178,0.644064,0][0.692798,0.512924,0.029654][0.886889,-0.28987,0.366276][0.171236,0.641973,0][0.65464,0.524102,0.089016][0.687804,-0.16243,0.715739][0.171644,0.631769,0][0.600018,0.535662,0.125538][0.291727,0.031892,0.966573][0.173204,0.62259,0][0.510002,0.277648,0.195456][0.3182,0.338018,0.896949][0.228212,0.621378,0][0.571702,0.263328,0.158836][0.721978,0.138958,0.685642][0.224605,0.63156,0][0.571702,0.263328,0.158836][0.721978,0.138958,0.685642][0.224605,0.63156,0][0.65464,0.524102,0.089016][0.687804,-0.16243,0.715739][0.171644,0.631769,0][0.600018,0.535662,0.125538][0.291727,0.031892,0.966573][0.173204,0.62259,0][0.510002,0.277648,0.195456][0.3182,0.338018,0.896949][0.228212,0.621378,0][0.600018,0.535662,0.125538][0.291727,0.031892,0.966573][0.173204,0.62259,0][0.482098,0.553322,0.125538][-0.251494,0.240814,0.948489][0.176515,0.606232,0][0.482098,0.553322,0.125538][-0.251494,0.240814,0.948489][0.176515,0.606232,0][0.37992,0.302708,0.196988][-0.153236,0.502891,0.863352][0.226328,0.60323,0][0.510002,0.277648,0.195456][0.3182,0.338018,0.896949][0.228212,0.621378,0][0.426498,0.558322,0.089016][-0.650735,0.36062,0.677748][0.177966,0.597017,0][0.31708,0.307248,0.161842][-0.543881,0.592719,0.607097][0.227103,0.593943,0][0.37992,0.302708,0.196988][-0.153236,0.502891,0.863352][0.226328,0.60323,0][0.37992,0.302708,0.196988][-0.153236,0.502891,0.863352][0.226328,0.60323,0][0.482098,0.553322,0.125538][-0.251494,0.240814,0.948489][0.176515,0.606232,0][0.426498,0.558322,0.089016][-0.650735,0.36062,0.677748][0.177966,0.597017,0][0.386718,0.558822,0.029654][-0.865094,0.390248,0.323921][0.178262,0.586856,0][0.27134,0.302548,0.095704][-0.76462,0.594846,0.266023][0.229604,0.582379,0][0.31708,0.307248,0.161842][-0.543881,0.592719,0.607097][0.227103,0.593943,0][0.31708,0.307248,0.161842][-0.543881,0.592719,0.607097][0.227103,0.593943,0][0.426498,0.558322,0.089016][-0.650735,0.36062,0.677748][0.177966,0.597017,0][0.386718,0.558822,0.029654][-0.865094,0.390248,0.323921][0.178262,0.586856,0][0.386718,0.558822,0.029654][-0.865094,0.390248,0.323921][0.178262,0.586856,0][0.374658,0.553922,-0.043328][-0.933476,0.362011,-0.020903][0.177187,0.576752,0][0.257282,0.297808,-0.001546][-0.840685,0.546317,-0.036342][0.228444,0.568483,0][0.257282,0.297808,-0.001546][-0.840685,0.546317,-0.036342][0.228444,0.568483,0][0.27134,0.302548,0.095704][-0.76462,0.594846,0.266023][0.229604,0.582379,0][0.386718,0.558822,0.029654][-0.865094,0.390248,0.323921][0.178262,0.586856,0][0.374658,0.553922,-0.043328][-0.933476,0.362011,-0.020903][0.3126,0.687777,0][0.384758,0.545682,-0.11631][-0.881991,0.300801,-0.369539][0.311478,0.698277,0][0.26862,0.285708,-0.09862][-0.796334,0.498872,-0.353738][0.263563,0.692967,0][0.26862,0.285708,-0.09862][-0.796334,0.498872,-0.353738][0.263563,0.692967,0][0.257282,0.297808,-0.001546][-0.840685,0.546317,-0.036342][0.263351,0.679606,0][0.374658,0.553922,-0.043328][-0.933476,0.362011,-0.020903][0.3126,0.687777,0][0.384758,0.545682,-0.11631][-0.881991,0.300801,-0.369539][0.311478,0.698277,0][0.42292,0.534502,-0.175716][-0.68491,0.177138,-0.715087][0.311784,0.708149,0][0.312662,0.277148,-0.167088][-0.597722,0.390203,-0.710486][0.263461,0.705103,0][0.312662,0.277148,-0.167088][-0.597722,0.390203,-0.710486][0.263461,0.705103,0][0.26862,0.285708,-0.09862][-0.796334,0.498872,-0.353738][0.263563,0.692967,0][0.384758,0.545682,-0.11631][-0.881991,0.300801,-0.369539][0.311478,0.698277,0][0.42292,0.534502,-0.175716][-0.68491,0.177138,-0.715087][0.311784,0.708149,0][0.477538,0.522922,-0.21265][-0.293907,-0.014073,-0.966321][0.313618,0.717318,0][0.374422,0.265588,-0.203144][-0.211932,0.213983,-0.964664][0.261149,0.715334,0][0.374422,0.265588,-0.203144][-0.211932,0.213983,-0.964664][0.261149,0.715334,0][0.312662,0.277148,-0.167088][-0.597722,0.390203,-0.710486][0.263461,0.705103,0][0.42292,0.534502,-0.175716][-0.68491,0.177138,-0.715087][0.311784,0.708149,0][0.50544,0.243628,-0.201518][0.280927,0.027168,-0.969982][0.265037,0.732332,0][0.374422,0.265588,-0.203144][-0.211932,0.213983,-0.964664][0.261149,0.715334,0][0.477538,0.522922,-0.21265][-0.293907,-0.014073,-0.966321][0.313618,0.717318,0][0.477538,0.522922,-0.21265][-0.293907,-0.014073,-0.966321][0.313618,0.717318,0][0.595458,0.505242,-0.21265][0.253608,-0.224058,-0.952013][0.31746,0.733856,0][0.50544,0.243628,-0.201518][0.280927,0.027168,-0.969982][0.265037,0.732332,0][0.595458,0.505242,-0.21265][0.253608,-0.224058,-0.952013][0.31746,0.733856,0][0.651058,0.500304,-0.175716][0.654261,-0.345914,-0.68193][0.319253,0.743175,0][0.568182,0.235628,-0.162758][0.70177,-0.097985,-0.713601][0.266728,0.742358,0][0.568182,0.235628,-0.162758][0.70177,-0.097985,-0.713601][0.266728,0.742358,0][0.50544,0.243628,-0.201518][0.280927,0.027168,-0.969982][0.265037,0.732332,0][0.595458,0.505242,-0.21265][0.253608,-0.224058,-0.952013][0.31746,0.733856,0][0.821006,0.96729,-0.360494][0.204742,-0.452495,-0.880157][0.392963,0.739641,0][0.749106,1.12885,-0.410788][-0.011428,-0.093213,-1.00671][0.41983,0.725744,0][0.863066,1.11051,-0.412536][0.093979,-0.101294,-1.0015][0.418657,0.737786,0][0.632264,0.99553,-0.361106][-0.283764,-0.326851,-0.912761][0.392832,0.718603,0][0.634606,1.14491,-0.413102][-0.108753,-0.074045,-1.00235][0.415191,0.715193,0][0.749106,1.12885,-0.410788][-0.011428,-0.093213,-1.00671][0.41983,0.725744,0][0.45922,0.05653,-0.24944][0.25871,0.158078,-0.963779][0.237804,0.732791,0][0.455862,-0.099732,-0.273872][0.081992,-0.1063,-1.00205][0.216563,0.735764,0][0.341422,-0.083252,-0.271396][-0.015026,-0.084837,-1.0074][0.211247,0.725072,0][0.45922,0.05653,-0.24944][0.25871,0.158078,-0.963779][0.237804,0.732791,0][0.341422,-0.083252,-0.271396][-0.015026,-0.084837,-1.0074][0.211247,0.725072,0][0.270522,0.084868,-0.248828][-0.228978,0.288696,-0.940923][0.237237,0.711768,0][0.639966,1.04633,0.202246][-0.261896,-0.278634,0.935161][0.097825,0.608348,0][0.757884,1.18729,0.236774][-0.002932,-0.017045,1.01093][0.066071,0.614818,0][0.643364,1.20403,0.242354][-0.057407,9.6e-05,1.00941][0.070472,0.604523,0][0.828544,1.01805,0.202178][0.182329,-0.388625,0.915023][0.093795,0.627299,0][0.757884,1.18729,0.236774][-0.002932,-0.017045,1.01093][0.066071,0.614818,0][0.639966,1.04633,0.202246][-0.261896,-0.278634,0.935161][0.097825,0.608348,0][0.46672,0.107068,0.313938][0.285842,0.440376,0.863032][0.252947,0.621306,0][0.350122,-0.025192,0.3762][0.030028,0.199942,0.990647][0.282316,0.61461,0][0.46478,-0.0409321,0.381612][0.084111,0.179918,0.991301][0.277106,0.624894,0][0.278142,0.135328,0.31387][-0.159014,0.546068,0.835609][0.255794,0.602071,0][0.350122,-0.025192,0.3762][0.030028,0.199942,0.990647][0.282316,0.61461,0][0.46672,0.107068,0.313938][0.285842,0.440376,0.863032][0.252947,0.621306,0][0.09592,-0.131532,0.088246][-0.657737,0.748355,-0.141382][0.188073,0.938089,0][0.07786,-0.186392,-0.10645][-0.720901,0.595315,-0.369599][0.204998,0.920662,0][0.050002,-0.223692,-0.005602][-0.909116,0.412553,-0.084704][0.208825,0.930478,0][0.050002,-0.223692,-0.005602][-0.909116,0.412553,-0.084704][0.208825,0.930478,0][0.0588,-0.182192,0.08399][-0.866897,0.496386,-0.087339][0.198827,0.938979,0][0.09592,-0.131532,0.088246][-0.657737,0.748355,-0.141382][0.188073,0.938089,0][0.09592,-0.131532,0.088246][-0.657737,0.748355,-0.141382][0.189088,0.942129,0][0.0588,-0.182192,0.08399][-0.866897,0.496386,-0.087339][0.199269,0.940607,0][0.0452,-0.203092,0.161016][-0.922322,0.381558,-0.08404][0.207535,0.947963,0][0.0452,-0.203092,0.161016][-0.922322,0.381558,-0.08404][0.207535,0.947963,0][0.06296,-0.129132,0.248642][-0.767551,0.631069,0.14755][0.197265,0.956233,0][0.09592,-0.131532,0.088246][-0.657737,0.748355,-0.141382][0.189088,0.942129,0][0.02772,-0.248052,0.290146][-0.932221,0.066767,0.359756][0.216911,0.960687,0][0.06296,-0.129132,0.248642][-0.767551,0.631069,0.14755][0.197265,0.956233,0][0.0452,-0.203092,0.161016][-0.922322,0.381558,-0.08404][0.207535,0.947963,0][0.0452,-0.203092,0.161016][-0.922322,0.381558,-0.08404][0.207535,0.947963,0][0.026382,-0.251812,0.16751][-0.984269,0.178598,-0.003566][0.216235,0.948528,0][0.02772,-0.248052,0.290146][-0.932221,0.066767,0.359756][0.216911,0.960687,0][0.07786,-0.186392,-0.10645][-0.720901,0.595315,-0.369599][0.204998,0.920662,0][0.04238,-0.315752,-0.13567][-0.888834,-0.029555,-0.462361][0.225303,0.915611,0][0.0309,-0.272432,-0.001124][-0.980646,0.175669,-0.091255][0.2183,0.930967,0][0.0309,-0.272432,-0.001124][-0.980646,0.175669,-0.091255][0.2183,0.930967,0][0.050002,-0.223692,-0.005602][-0.909116,0.412553,-0.084704][0.208825,0.930478,0][0.07786,-0.186392,-0.10645][-0.720901,0.595315,-0.369599][0.204998,0.920662,0][0.191862,-0.07789,0.09131][-0.22189,0.974692,-0.148069][0.172098,0.934334,0][0.17964,-0.165512,-0.192838][-0.2892,0.67943,-0.689315][0.195239,0.905315,0][0.07786,-0.186392,-0.10645][-0.720901,0.595315,-0.369599][0.204998,0.920662,0][0.07786,-0.186392,-0.10645][-0.720901,0.595315,-0.369599][0.204998,0.920662,0][0.09592,-0.131532,0.088246][-0.657737,0.748355,-0.141382][0.188073,0.938089,0][0.191862,-0.07789,0.09131][-0.22189,0.974692,-0.148069][0.172098,0.934334,0][0.191862,-0.07789,0.09131][-0.22189,0.974692,-0.148069][0.171526,0.945312,0][0.09592,-0.131532,0.088246][-0.657737,0.748355,-0.141382][0.189088,0.942129,0][0.06296,-0.129132,0.248642][-0.767551,0.631069,0.14755][0.197265,0.956233,0][0.06296,-0.129132,0.248642][-0.767551,0.631069,0.14755][0.197265,0.956233,0][0.152502,-0.083992,0.323742][-0.345147,0.818659,0.479893][0.185928,0.968859,0][0.191862,-0.07789,0.09131][-0.22189,0.974692,-0.148069][0.171526,0.945312,0][0.0974,-0.257972,0.386758][-0.58954,0.005433,0.81667][0.214241,0.97612,0][0.152502,-0.083992,0.323742][-0.345147,0.818659,0.479893][0.185928,0.968859,0][0.06296,-0.129132,0.248642][-0.767551,0.631069,0.14755][0.197265,0.956233,0][0.06296,-0.129132,0.248642][-0.767551,0.631069,0.14755][0.197265,0.956233,0][0.02772,-0.248052,0.290146][-0.932221,0.066767,0.359756][0.216911,0.960687,0][0.0974,-0.257972,0.386758][-0.58954,0.005433,0.81667][0.214241,0.97612,0][0.17964,-0.165512,-0.192838][-0.2892,0.67943,-0.689315][0.195239,0.905315,0][0.13158,-0.353752,-0.230912][-0.490921,-0.216395,-0.853862][0.221432,0.899691,0][0.04238,-0.315752,-0.13567][-0.888834,-0.029555,-0.462361][0.225303,0.915611,0][0.04238,-0.315752,-0.13567][-0.888834,-0.029555,-0.462361][0.225303,0.915611,0][0.07786,-0.186392,-0.10645][-0.720901,0.595315,-0.369599][0.204998,0.920662,0][0.17964,-0.165512,-0.192838][-0.2892,0.67943,-0.689315][0.195239,0.905315,0][0.31802,-0.075232,0.096468][0.159353,0.990089,-0.126671][0.158796,0.92723,0][0.31146,-0.178272,-0.212982][0.13896,0.634294,-0.774733][0.185926,0.89336,0][0.17964,-0.165512,-0.192838][-0.2892,0.67943,-0.689315][0.195239,0.905315,0][0.17964,-0.165512,-0.192838][-0.2892,0.67943,-0.689315][0.195239,0.905315,0][0.191862,-0.07789,0.09131][-0.22189,0.974692,-0.148069][0.172098,0.934334,0][0.31802,-0.075232,0.096468][0.159353,0.990089,-0.126671][0.158796,0.92723,0][0.31802,-0.075232,0.096468][0.159353,0.990089,-0.126671][0.157525,0.95187,0][0.191862,-0.07789,0.09131][-0.22189,0.974692,-0.148069][0.171526,0.945312,0][0.152502,-0.083992,0.323742][-0.345147,0.818659,0.479893][0.185928,0.968859,0][0.152502,-0.083992,0.323742][-0.345147,0.818659,0.479893][0.185928,0.968859,0][0.2984,-0.092732,0.361318][0.099383,0.786304,0.627622][0.177084,0.983034,0][0.31802,-0.075232,0.096468][0.159353,0.990089,-0.126671][0.157525,0.95187,0][0.252242,-0.28159,0.439136][-0.058085,-0.079367,1.00625][0.205468,0.992751,0][0.2984,-0.092732,0.361318][0.099383,0.786304,0.627622][0.177084,0.983034,0][0.152502,-0.083992,0.323742][-0.345147,0.818659,0.479893][0.185928,0.968859,0][0.152502,-0.083992,0.323742][-0.345147,0.818659,0.479893][0.185928,0.968859,0][0.0974,-0.257972,0.386758][-0.58954,0.005433,0.81667][0.214241,0.97612,0][0.252242,-0.28159,0.439136][-0.058085,-0.079367,1.00625][0.205468,0.992751,0][0.26804,-0.380732,-0.25482][-0.007618,-0.326879,-0.956751][0.21383,0.88463,0][0.13158,-0.353752,-0.230912][-0.490921,-0.216395,-0.853862][0.221432,0.899691,0][0.17964,-0.165512,-0.192838][-0.2892,0.67943,-0.689315][0.195239,0.905315,0][0.17964,-0.165512,-0.192838][-0.2892,0.67943,-0.689315][0.195239,0.905315,0][0.31146,-0.178272,-0.212982][0.13896,0.634294,-0.774733][0.185926,0.89336,0][0.26804,-0.380732,-0.25482][-0.007618,-0.326879,-0.956751][0.21383,0.88463,0][0.434062,-0.203652,-0.180466][0.563695,0.519433,-0.653941][0.095819,0.874286,0][0.31146,-0.178272,-0.212982][0.13896,0.634294,-0.774733][0.086961,0.88979,0][0.31802,-0.075232,0.096468][0.159353,0.990089,-0.126671][0.057116,0.859799,0][0.31802,-0.075232,0.096468][0.159353,0.990089,-0.126671][0.057116,0.859799,0][0.43028,-0.113632,0.102906][0.508199,0.863563,-0.111892][0.070312,0.849165,0][0.434062,-0.203652,-0.180466][0.563695,0.519433,-0.653941][0.095819,0.874286,0][0.438362,-0.126852,0.337644][0.545885,0.652488,0.540287][0.086646,0.799669,0][0.43028,-0.113632,0.102906][0.508199,0.863563,-0.111892][0.06968,0.821079,0][0.31802,-0.075232,0.096468][0.159353,0.990089,-0.126671][0.054902,0.809889,0][0.31802,-0.075232,0.096468][0.159353,0.990089,-0.126671][0.054902,0.809889,0][0.2984,-0.092732,0.361318][0.099383,0.786304,0.627622][0.080977,0.782283,0][0.438362,-0.126852,0.337644][0.545885,0.652488,0.540287][0.086646,0.799669,0][0.41004,-0.304852,0.401962][0.441101,-0.148218,0.895214][0.11143,0.795489,0][0.438362,-0.126852,0.337644][0.545885,0.652488,0.540287][0.086646,0.799669,0][0.2984,-0.092732,0.361318][0.099383,0.786304,0.627622][0.080977,0.782283,0][0.2984,-0.092732,0.361318][0.099383,0.786304,0.627622][0.080977,0.782283,0][0.252242,-0.28159,0.439136][-0.058085,-0.079367,1.00625][0.106774,0.776794,0][0.41004,-0.304852,0.401962][0.441101,-0.148218,0.895214][0.11143,0.795489,0][0.403162,-0.394472,-0.217704][0.471268,-0.402441,-0.795789][0.119014,0.877963,0][0.26804,-0.380732,-0.25482][-0.007618,-0.326879,-0.956751][0.115846,0.894163,0][0.31146,-0.178272,-0.212982][0.13896,0.634294,-0.774733][0.086961,0.88979,0][0.31146,-0.178272,-0.212982][0.13896,0.634294,-0.774733][0.086961,0.88979,0][0.434062,-0.203652,-0.180466][0.563695,0.519433,-0.653941][0.095819,0.874286,0][0.403162,-0.394472,-0.217704][0.471268,-0.402441,-0.795789][0.119014,0.877963,0][0.508582,-0.250972,-0.085502][0.827711,0.371067,-0.429209][0.100644,0.860183,0][0.434062,-0.203652,-0.180466][0.563695,0.519433,-0.653941][0.095819,0.874286,0][0.43028,-0.113632,0.102906][0.508199,0.863563,-0.111892][0.070312,0.849165,0][0.43028,-0.113632,0.102906][0.508199,0.863563,-0.111892][0.070312,0.849165,0][0.51754,-0.194932,0.108864][0.724105,0.692716,-0.080086][0.083324,0.841766,0][0.508582,-0.250972,-0.085502][0.827711,0.371067,-0.429209][0.100644,0.860183,0][0.50886,-0.195992,0.270326][0.831899,0.432633,0.357258][0.094666,0.812463,0][0.51754,-0.194932,0.108864][0.724105,0.692716,-0.080086][0.082016,0.82893,0][0.43028,-0.113632,0.102906][0.508199,0.863563,-0.111892][0.06968,0.821079,0][0.43028,-0.113632,0.102906][0.508199,0.863563,-0.111892][0.06968,0.821079,0][0.438362,-0.126852,0.337644][0.545885,0.652488,0.540287][0.086646,0.799669,0][0.50886,-0.195992,0.270326][0.831899,0.432633,0.357258][0.094666,0.812463,0][0.50886,-0.195992,0.270326][0.831899,0.432633,0.357258][0.094666,0.812463,0][0.438362,-0.126852,0.337644][0.545885,0.652488,0.540287][0.086646,0.799669,0][0.41004,-0.304852,0.401962][0.441101,-0.148218,0.895214][0.11143,0.795489,0][0.41004,-0.304852,0.401962][0.441101,-0.148218,0.895214][0.11143,0.795489,0][0.493742,-0.317992,0.312848][0.743054,-0.125341,0.664936][0.115315,0.809103,0][0.50886,-0.195992,0.270326][0.831899,0.432633,0.357258][0.094666,0.812463,0][0.49216,-0.383212,-0.113778][0.743693,-0.322288,-0.594146][0.123662,0.861825,0][0.403162,-0.394472,-0.217704][0.471268,-0.402441,-0.795789][0.119014,0.877963,0][0.434062,-0.203652,-0.180466][0.563695,0.519433,-0.653941][0.095819,0.874286,0][0.434062,-0.203652,-0.180466][0.563695,0.519433,-0.653941][0.095819,0.874286,0][0.508582,-0.250972,-0.085502][0.827711,0.371067,-0.429209][0.100644,0.860183,0][0.49216,-0.383212,-0.113778][0.743693,-0.322288,-0.594146][0.123662,0.861825,0][0.57564,-0.30305,0.020328][0.875911,0.28523,-0.39574][0.105357,0.846078,0][0.508582,-0.250972,-0.085502][0.827711,0.371067,-0.429209][0.100644,0.860183,0][0.51754,-0.194932,0.108864][0.724105,0.692716,-0.080086][0.083324,0.841766,0][0.51754,-0.194932,0.108864][0.724105,0.692716,-0.080086][0.083324,0.841766,0][0.5863,-0.261872,0.110042][0.822219,0.575001,-0.023403][0.096549,0.837414,0][0.57564,-0.30305,0.020328][0.875911,0.28523,-0.39574][0.105357,0.846078,0][0.571682,-0.28259,0.186954][0.870083,0.329602,0.373806][0.102624,0.825928,0][0.5863,-0.261872,0.110042][0.822219,0.575001,-0.023403][0.095961,0.832222,0][0.51754,-0.194932,0.108864][0.724105,0.692716,-0.080086][0.082016,0.82893,0][0.51754,-0.194932,0.108864][0.724105,0.692716,-0.080086][0.082016,0.82893,0][0.50886,-0.195992,0.270326][0.831899,0.432633,0.357258][0.094666,0.812463,0][0.571682,-0.28259,0.186954][0.870083,0.329602,0.373806][0.102624,0.825928,0][0.571682,-0.28259,0.186954][0.870083,0.329602,0.373806][0.102624,0.825928,0][0.50886,-0.195992,0.270326][0.831899,0.432633,0.357258][0.094666,0.812463,0][0.493742,-0.317992,0.312848][0.743054,-0.125341,0.664936][0.115315,0.809103,0][0.493742,-0.317992,0.312848][0.743054,-0.125341,0.664936][0.115315,0.809103,0][0.561302,-0.330152,0.21467][0.836251,-0.058737,0.551302][0.111368,0.823615,0][0.571682,-0.28259,0.186954][0.870083,0.329602,0.373806][0.102624,0.825928,0][0.566902,-0.355912,0.004474][0.865862,-0.175608,-0.474365][0.113708,0.847684,0][0.49216,-0.383212,-0.113778][0.743693,-0.322288,-0.594146][0.123662,0.861825,0][0.508582,-0.250972,-0.085502][0.827711,0.371067,-0.429209][0.100644,0.860183,0][0.508582,-0.250972,-0.085502][0.827711,0.371067,-0.429209][0.100644,0.860183,0][0.57564,-0.30305,0.020328][0.875911,0.28523,-0.39574][0.105357,0.846078,0][0.566902,-0.355912,0.004474][0.865862,-0.175608,-0.474365][0.113708,0.847684,0][0.0588,-0.182192,0.08399][-0.866897,0.496386,-0.087339][0.198827,0.938979,0][0.050002,-0.223692,-0.005602][-0.909116,0.412553,-0.084704][0.208825,0.930478,0][0.03272,-0.261672,0.083334][-0.975856,0.212462,-0.060231][0.213721,0.939911,0][0.0452,-0.203092,0.161016][-0.922322,0.381558,-0.08404][0.207535,0.947963,0][0.0588,-0.182192,0.08399][-0.866897,0.496386,-0.087339][0.199269,0.940607,0][0.03272,-0.261672,0.083334][-0.975856,0.212462,-0.060231][0.213721,0.939911,0][0.026382,-0.251812,0.16751][-0.984269,0.178598,-0.003566][0.216235,0.948528,0][0.0452,-0.203092,0.161016][-0.922322,0.381558,-0.08404][0.207535,0.947963,0][0.03272,-0.261672,0.083334][-0.975856,0.212462,-0.060231][0.213721,0.939911,0][0.050002,-0.223692,-0.005602][-0.909116,0.412553,-0.084704][0.208825,0.930478,0][0.0309,-0.272432,-0.001124][-0.980646,0.175669,-0.091255][0.2183,0.930967,0][0.03272,-0.261672,0.083334][-0.975856,0.212462,-0.060231][0.213721,0.939911,0][0.57564,-0.30305,0.020328][0.875911,0.28523,-0.39574][0.105357,0.846078,0][0.5863,-0.261872,0.110042][0.822219,0.575001,-0.023403][0.096549,0.837414,0][0.61964,-0.350792,0.11254][0.998373,-0.048275,0.031528][0.110447,0.835117,0][0.5863,-0.261872,0.110042][0.822219,0.575001,-0.023403][0.095961,0.832222,0][0.571682,-0.28259,0.186954][0.870083,0.329602,0.373806][0.102624,0.825928,0][0.61964,-0.350792,0.11254][0.998373,-0.048275,0.031528][0.110447,0.835117,0][0.571682,-0.28259,0.186954][0.870083,0.329602,0.373806][0.102624,0.825928,0][0.561302,-0.330152,0.21467][0.836251,-0.058737,0.551302][0.111368,0.823615,0][0.61964,-0.350792,0.11254][0.998373,-0.048275,0.031528][0.110447,0.835117,0][0.566902,-0.355912,0.004474][0.865862,-0.175608,-0.474365][0.113708,0.847684,0][0.57564,-0.30305,0.020328][0.875911,0.28523,-0.39574][0.105357,0.846078,0][0.61964,-0.350792,0.11254][0.998373,-0.048275,0.031528][0.110447,0.835117,0][0.05472,-0.39521,0.271984][-0.806738,-0.210495,0.559147][0.237158,0.960957,0][0.02772,-0.248052,0.290146][-0.932221,0.066767,0.359756][0.216911,0.960687,0][0.026382,-0.251812,0.16751][-0.984269,0.178598,-0.003566][0.216235,0.948528,0][0.026382,-0.251812,0.16751][-0.984269,0.178598,-0.003566][0.216235,0.948528,0][0.01758,-0.414252,0.153266][-0.987569,-0.048701,0.151278][0.242362,0.947271,0][0.05472,-0.39521,0.271984][-0.806738,-0.210495,0.559147][0.237158,0.960957,0][0.06252,-0.44343,-0.067554][-0.794393,-0.256442,-0.55803][0.24746,0.918387,0][0.021122,-0.429492,0.02102][-0.974641,-0.046316,-0.221461][0.243635,0.931352,0][0.0309,-0.272432,-0.001124][-0.980646,0.175669,-0.091255][0.2183,0.930967,0][0.0309,-0.272432,-0.001124][-0.980646,0.175669,-0.091255][0.2183,0.930967,0][0.04238,-0.315752,-0.13567][-0.888834,-0.029555,-0.462361][0.225303,0.915611,0][0.06252,-0.44343,-0.067554][-0.794393,-0.256442,-0.55803][0.24746,0.918387,0][0.12688,-0.388112,0.330884][-0.435599,-0.435129,0.799356][0.231085,0.974551,0][0.0974,-0.257972,0.386758][-0.58954,0.005433,0.81667][0.214241,0.97612,0][0.02772,-0.248052,0.290146][-0.932221,0.066767,0.359756][0.216911,0.960687,0][0.02772,-0.248052,0.290146][-0.932221,0.066767,0.359756][0.216911,0.960687,0][0.05472,-0.39521,0.271984][-0.806738,-0.210495,0.559147][0.237158,0.960957,0][0.12688,-0.388112,0.330884][-0.435599,-0.435129,0.799356][0.231085,0.974551,0][0.14398,-0.458412,-0.124244][-0.401787,-0.562455,-0.735456][0.243745,0.905397,0][0.06252,-0.44343,-0.067554][-0.794393,-0.256442,-0.55803][0.24746,0.918387,0][0.04238,-0.315752,-0.13567][-0.888834,-0.029555,-0.462361][0.225303,0.915611,0][0.04238,-0.315752,-0.13567][-0.888834,-0.029555,-0.462361][0.225303,0.915611,0][0.13158,-0.353752,-0.230912][-0.490921,-0.216395,-0.853862][0.221432,0.899691,0][0.14398,-0.458412,-0.124244][-0.401787,-0.562455,-0.735456][0.243745,0.905397,0][0.12688,-0.388112,0.330884][-0.435599,-0.435129,0.799356][0.231085,0.974551,0][0.230542,-0.404032,0.353252][-0.125485,-0.576769,0.820683][0.227198,0.987866,0][0.252242,-0.28159,0.439136][-0.058085,-0.079367,1.00625][0.205468,0.992751,0][0.252242,-0.28159,0.439136][-0.058085,-0.079367,1.00625][0.205468,0.992751,0][0.0974,-0.257972,0.386758][-0.58954,0.005433,0.81667][0.214241,0.97612,0][0.12688,-0.388112,0.330884][-0.435599,-0.435129,0.799356][0.231085,0.974551,0][0.240282,-0.476012,-0.137788][-0.075808,-0.707193,-0.718529][0.239324,0.893413,0][0.14398,-0.458412,-0.124244][-0.401787,-0.562455,-0.735456][0.243745,0.905397,0][0.13158,-0.353752,-0.230912][-0.490921,-0.216395,-0.853862][0.221432,0.899691,0][0.13158,-0.353752,-0.230912][-0.490921,-0.216395,-0.853862][0.221432,0.899691,0][0.26804,-0.380732,-0.25482][-0.007618,-0.326879,-0.956751][0.21383,0.88463,0][0.240282,-0.476012,-0.137788][-0.075808,-0.707193,-0.718529][0.239324,0.893413,0][0.335862,-0.419432,0.341048][0.106687,-0.535138,0.851042][0.13147,0.794889,0][0.41004,-0.304852,0.401962][0.441101,-0.148218,0.895214][0.11143,0.795489,0][0.252242,-0.28159,0.439136][-0.058085,-0.079367,1.00625][0.106774,0.776794,0][0.252242,-0.28159,0.439136][-0.058085,-0.079367,1.00625][0.106774,0.776794,0][0.230542,-0.404032,0.353252][-0.125485,-0.576769,0.820683][0.126163,0.780787,0][0.335862,-0.419432,0.341048][0.106687,-0.535138,0.851042][0.13147,0.794889,0][0.336,-0.48721,-0.114906][0.237503,-0.662867,-0.724724][0.138878,0.874825,0][0.240282,-0.476012,-0.137788][-0.075808,-0.707193,-0.718529][0.136707,0.887204,0][0.26804,-0.380732,-0.25482][-0.007618,-0.326879,-0.956751][0.115846,0.894163,0][0.26804,-0.380732,-0.25482][-0.007618,-0.326879,-0.956751][0.115846,0.894163,0][0.403162,-0.394472,-0.217704][0.471268,-0.402441,-0.795789][0.119014,0.877963,0][0.336,-0.48721,-0.114906][0.237503,-0.662867,-0.724724][0.138878,0.874825,0][0.4265,-0.45113,0.290186][0.45418,-0.419009,0.797394][0.135197,0.80872,0][0.493742,-0.317992,0.312848][0.743054,-0.125341,0.664936][0.115315,0.809103,0][0.41004,-0.304852,0.401962][0.441101,-0.148218,0.895214][0.11143,0.795489,0][0.41004,-0.304852,0.401962][0.441101,-0.148218,0.895214][0.11143,0.795489,0][0.335862,-0.419432,0.341048][0.106687,-0.535138,0.851042][0.13147,0.794889,0][0.4265,-0.45113,0.290186][0.45418,-0.419009,0.797394][0.135197,0.80872,0][0.336,-0.48721,-0.114906][0.237503,-0.662867,-0.724724][0.138878,0.874825,0][0.403162,-0.394472,-0.217704][0.471268,-0.402441,-0.795789][0.119014,0.877963,0][0.49216,-0.383212,-0.113778][0.743693,-0.322288,-0.594146][0.123662,0.861825,0][0.49216,-0.383212,-0.113778][0.743693,-0.322288,-0.594146][0.123662,0.861825,0][0.43076,-0.498792,-0.049542][0.522886,-0.481855,-0.71456][0.142098,0.85929,0][0.336,-0.48721,-0.114906][0.237503,-0.662867,-0.724724][0.138878,0.874825,0][0.512702,-0.484672,0.214878][0.677905,-0.356946,0.651979][0.135494,0.82316,0][0.561302,-0.330152,0.21467][0.836251,-0.058737,0.551302][0.111368,0.823615,0][0.493742,-0.317992,0.312848][0.743054,-0.125341,0.664936][0.115315,0.809103,0][0.493742,-0.317992,0.312848][0.743054,-0.125341,0.664936][0.115315,0.809103,0][0.4265,-0.45113,0.290186][0.45418,-0.419009,0.797394][0.135197,0.80872,0][0.512702,-0.484672,0.214878][0.677905,-0.356946,0.651979][0.135494,0.82316,0][0.51744,-0.506392,0.03901][0.770053,-0.413176,-0.495351][0.137742,0.845345,0][0.43076,-0.498792,-0.049542][0.522886,-0.481855,-0.71456][0.142098,0.85929,0][0.49216,-0.383212,-0.113778][0.743693,-0.322288,-0.594146][0.123662,0.861825,0][0.49216,-0.383212,-0.113778][0.743693,-0.322288,-0.594146][0.123662,0.861825,0][0.566902,-0.355912,0.004474][0.865862,-0.175608,-0.474365][0.113708,0.847684,0][0.51744,-0.506392,0.03901][0.770053,-0.413176,-0.495351][0.137742,0.845345,0][0.01758,-0.414252,0.153266][-0.987569,-0.048701,0.151278][0.242362,0.947271,0][0.026382,-0.251812,0.16751][-0.984269,0.178598,-0.003566][0.216235,0.948528,0][0.021122,-0.429492,0.02102][-0.974641,-0.046316,-0.221461][0.243635,0.931352,0][0.026382,-0.251812,0.16751][-0.984269,0.178598,-0.003566][0.216235,0.948528,0][0.03272,-0.261672,0.083334][-0.975856,0.212462,-0.060231][0.213721,0.939911,0][0.021122,-0.429492,0.02102][-0.974641,-0.046316,-0.221461][0.243635,0.931352,0][0.03272,-0.261672,0.083334][-0.975856,0.212462,-0.060231][0.213721,0.939911,0][0.0309,-0.272432,-0.001124][-0.980646,0.175669,-0.091255][0.2183,0.930967,0][0.021122,-0.429492,0.02102][-0.974641,-0.046316,-0.221461][0.243635,0.931352,0][0.56464,-0.503312,0.129584][0.903764,-0.422586,0.09335][0.135194,0.83387,0][0.61964,-0.350792,0.11254][0.998373,-0.048275,0.031528][0.110447,0.835117,0][0.561302,-0.330152,0.21467][0.836251,-0.058737,0.551302][0.111368,0.823615,0][0.561302,-0.330152,0.21467][0.836251,-0.058737,0.551302][0.111368,0.823615,0][0.512702,-0.484672,0.214878][0.677905,-0.356946,0.651979][0.135494,0.82316,0][0.56464,-0.503312,0.129584][0.903764,-0.422586,0.09335][0.135194,0.83387,0][0.56464,-0.503312,0.129584][0.903764,-0.422586,0.09335][0.135194,0.83387,0][0.51744,-0.506392,0.03901][0.770053,-0.413176,-0.495351][0.137742,0.845345,0][0.566902,-0.355912,0.004474][0.865862,-0.175608,-0.474365][0.113708,0.847684,0][0.566902,-0.355912,0.004474][0.865862,-0.175608,-0.474365][0.113708,0.847684,0][0.61964,-0.350792,0.11254][0.998373,-0.048275,0.031528][0.110447,0.835117,0][0.56464,-0.503312,0.129584][0.903764,-0.422586,0.09335][0.135194,0.83387,0][0.0692,-0.628292,0.19229][-0.712815,-0.091413,0.703206][0.267812,0.952784,0][0.05472,-0.39521,0.271984][-0.806738,-0.210495,0.559147][0.237158,0.960957,0][0.01758,-0.414252,0.153266][-0.987569,-0.048701,0.151278][0.242362,0.947271,0][0.01758,-0.414252,0.153266][-0.987569,-0.048701,0.151278][0.242362,0.947271,0][0.041482,-0.642292,0.128556][-0.979915,0.080538,0.184838][0.269017,0.943623,0][0.0692,-0.628292,0.19229][-0.712815,-0.091413,0.703206][0.267812,0.952784,0][0.075282,-0.657172,-0.02161][-0.564495,-0.054754,-0.832784][0.270262,0.921858,0][0.0441,-0.647032,0.061992][-0.977099,0.083812,-0.198145][0.270296,0.93516,0][0.021122,-0.429492,0.02102][-0.974641,-0.046316,-0.221461][0.243635,0.931352,0][0.021122,-0.429492,0.02102][-0.974641,-0.046316,-0.221461][0.243635,0.931352,0][0.06252,-0.44343,-0.067554][-0.794393,-0.256442,-0.55803][0.24746,0.918387,0][0.075282,-0.657172,-0.02161][-0.564495,-0.054754,-0.832784][0.270262,0.921858,0][0.119422,-0.625172,0.216884][0.074533,-0.451464,0.901545][0.266791,0.961814,0][0.12688,-0.388112,0.330884][-0.435599,-0.435129,0.799356][0.231085,0.974551,0][0.05472,-0.39521,0.271984][-0.806738,-0.210495,0.559147][0.237158,0.960957,0][0.05472,-0.39521,0.271984][-0.806738,-0.210495,0.559147][0.237158,0.960957,0][0.0692,-0.628292,0.19229][-0.712815,-0.091413,0.703206][0.267812,0.952784,0][0.119422,-0.625172,0.216884][0.074533,-0.451464,0.901545][0.266791,0.961814,0][0.129322,-0.662132,-0.02614][0.295188,-0.423134,-0.868425][0.268618,0.914036,0][0.075282,-0.657172,-0.02161][-0.564495,-0.054754,-0.832784][0.270262,0.921858,0][0.06252,-0.44343,-0.067554][-0.794393,-0.256442,-0.55803][0.24746,0.918387,0][0.06252,-0.44343,-0.067554][-0.794393,-0.256442,-0.55803][0.24746,0.918387,0][0.14398,-0.458412,-0.124244][-0.401787,-0.562455,-0.735456][0.243745,0.905397,0][0.129322,-0.662132,-0.02614][0.295188,-0.423134,-0.868425][0.268618,0.914036,0][0.19244,-0.616732,0.190808][-0.036407,-0.675556,0.751366][0.261255,0.973833,0][0.230542,-0.404032,0.353252][-0.125485,-0.576769,0.820683][0.227198,0.987866,0][0.12688,-0.388112,0.330884][-0.435599,-0.435129,0.799356][0.231085,0.974551,0][0.12688,-0.388112,0.330884][-0.435599,-0.435129,0.799356][0.231085,0.974551,0][0.119422,-0.625172,0.216884][0.074533,-0.451464,0.901545][0.266791,0.961814,0][0.19244,-0.616732,0.190808][-0.036407,-0.675556,0.751366][0.261255,0.973833,0][0.19622,-0.645052,0.00229][0.064836,-0.71745,-0.7094][0.264884,0.903308,0][0.129322,-0.662132,-0.02614][0.295188,-0.423134,-0.868425][0.268618,0.914036,0][0.14398,-0.458412,-0.124244][-0.401787,-0.562455,-0.735456][0.243745,0.905397,0][0.14398,-0.458412,-0.124244][-0.401787,-0.562455,-0.735456][0.243745,0.905397,0][0.240282,-0.476012,-0.137788][-0.075808,-0.707193,-0.718529][0.239324,0.893413,0][0.19622,-0.645052,0.00229][0.064836,-0.71745,-0.7094][0.264884,0.903308,0][0.19244,-0.616732,0.190808][-0.036407,-0.675556,0.751366][0.160182,0.789545,0][0.269362,-0.649872,0.20489][-0.574738,-0.280297,0.77848][0.166736,0.801554,0][0.335862,-0.419432,0.341048][0.106687,-0.535138,0.851042][0.13147,0.794889,0][0.335862,-0.419432,0.341048][0.106687,-0.535138,0.851042][0.13147,0.794889,0][0.230542,-0.404032,0.353252][-0.125485,-0.576769,0.820683][0.126163,0.780787,0][0.19244,-0.616732,0.190808][-0.036407,-0.675556,0.751366][0.160182,0.789545,0][0.19622,-0.645052,0.00229][0.064836,-0.71745,-0.7094][0.164339,0.881375,0][0.240282,-0.476012,-0.137788][-0.075808,-0.707193,-0.718529][0.136707,0.887204,0][0.336,-0.48721,-0.114906][0.237503,-0.662867,-0.724724][0.138878,0.874825,0][0.336,-0.48721,-0.114906][0.237503,-0.662867,-0.724724][0.138878,0.874825,0][0.25966,-0.679452,0.007184][-0.45265,-0.338004,-0.835809][0.169123,0.872247,0][0.19622,-0.645052,0.00229][0.064836,-0.71745,-0.7094][0.164339,0.881375,0][0.33598,-0.66453,0.243032][0.036771,-0.274035,0.972524][0.165279,0.811737,0][0.4265,-0.45113,0.290186][0.45418,-0.419009,0.797394][0.135197,0.80872,0][0.335862,-0.419432,0.341048][0.106687,-0.535138,0.851042][0.13147,0.794889,0][0.335862,-0.419432,0.341048][0.106687,-0.535138,0.851042][0.13147,0.794889,0][0.269362,-0.649872,0.20489][-0.574738,-0.280297,0.77848][0.166736,0.801554,0][0.33598,-0.66453,0.243032][0.036771,-0.274035,0.972524][0.165279,0.811737,0][0.342102,-0.698812,-0.011092][0.117794,-0.206659,-0.982542][0.169963,0.859785,0][0.25966,-0.679452,0.007184][-0.45265,-0.338004,-0.835809][0.169123,0.872247,0][0.336,-0.48721,-0.114906][0.237503,-0.662867,-0.724724][0.138878,0.874825,0][0.336,-0.48721,-0.114906][0.237503,-0.662867,-0.724724][0.138878,0.874825,0][0.43076,-0.498792,-0.049542][0.522886,-0.481855,-0.71456][0.142098,0.85929,0][0.342102,-0.698812,-0.011092][0.117794,-0.206659,-0.982542][0.169963,0.859785,0][0.33598,-0.66453,0.243032][0.036771,-0.274035,0.972524][0.165279,0.811737,0][0.40982,-0.690852,0.187516][0.681386,-0.37961,0.635252][0.166704,0.824565,0][0.512702,-0.484672,0.214878][0.677905,-0.356946,0.651979][0.135494,0.82316,0][0.512702,-0.484672,0.214878][0.677905,-0.356946,0.651979][0.135494,0.82316,0][0.4265,-0.45113,0.290186][0.45418,-0.419009,0.797394][0.135197,0.80872,0][0.33598,-0.66453,0.243032][0.036771,-0.274035,0.972524][0.165279,0.811737,0][0.415142,-0.710132,0.021576][0.712404,-0.311139,-0.637688][0.168321,0.849286,0][0.342102,-0.698812,-0.011092][0.117794,-0.206659,-0.982542][0.169963,0.859785,0][0.43076,-0.498792,-0.049542][0.522886,-0.481855,-0.71456][0.142098,0.85929,0][0.43076,-0.498792,-0.049542][0.522886,-0.481855,-0.71456][0.142098,0.85929,0][0.51744,-0.506392,0.03901][0.770053,-0.413176,-0.495351][0.137742,0.845345,0][0.415142,-0.710132,0.021576][0.712404,-0.311139,-0.637688][0.168321,0.849286,0][0.021122,-0.429492,0.02102][-0.974641,-0.046316,-0.221461][0.243635,0.931352,0][0.0441,-0.647032,0.061992][-0.977099,0.083812,-0.198145][0.270296,0.93516,0][0.041482,-0.642292,0.128556][-0.979915,0.080538,0.184838][0.269017,0.943623,0][0.041482,-0.642292,0.128556][-0.979915,0.080538,0.184838][0.269017,0.943623,0][0.01758,-0.414252,0.153266][-0.987569,-0.048701,0.151278][0.242362,0.947271,0][0.021122,-0.429492,0.02102][-0.974641,-0.046316,-0.221461][0.243635,0.931352,0][0.40982,-0.690852,0.187516][0.681386,-0.37961,0.635252][0.166704,0.824565,0][0.44098,-0.70535,0.10153][0.905298,-0.427564,0.040552][0.166563,0.838057,0][0.56464,-0.503312,0.129584][0.903764,-0.422586,0.09335][0.135194,0.83387,0][0.56464,-0.503312,0.129584][0.903764,-0.422586,0.09335][0.135194,0.83387,0][0.512702,-0.484672,0.214878][0.677905,-0.356946,0.651979][0.135494,0.82316,0][0.40982,-0.690852,0.187516][0.681386,-0.37961,0.635252][0.166704,0.824565,0][0.44098,-0.70535,0.10153][0.905298,-0.427564,0.040552][0.166563,0.838057,0][0.415142,-0.710132,0.021576][0.712404,-0.311139,-0.637688][0.168321,0.849286,0][0.51744,-0.506392,0.03901][0.770053,-0.413176,-0.495351][0.137742,0.845345,0][0.51744,-0.506392,0.03901][0.770053,-0.413176,-0.495351][0.137742,0.845345,0][0.56464,-0.503312,0.129584][0.903764,-0.422586,0.09335][0.135194,0.83387,0][0.44098,-0.70535,0.10153][0.905298,-0.427564,0.040552][0.166563,0.838057,0][0.265536,-0.95617,-0.023878][0.09318,0.115603,-1.00002][0.211888,0.858735,0][0.191796,-0.93645,0.004302][-0.673663,0.291755,-0.687914][0.210617,0.869323,0][0.25966,-0.679452,0.007184][-0.45265,-0.338004,-0.835809][0.169123,0.872247,0][0.25966,-0.679452,0.007184][-0.45265,-0.338004,-0.835809][0.169123,0.872247,0][0.342102,-0.698812,-0.011092][0.117794,-0.206659,-0.982542][0.169963,0.859785,0][0.265536,-0.95617,-0.023878][0.09318,0.115603,-1.00002][0.211888,0.858735,0][0.056356,-0.91595,-0.002428][0.653159,-0.171529,-0.746147][0.311141,0.916268,0][-0.011084,-0.91159,-0.009372][-0.475754,0.274013,-0.846057][0.313538,0.925076,0][0.075282,-0.657172,-0.02161][-0.564495,-0.054754,-0.832784][0.270262,0.921858,0][0.075282,-0.657172,-0.02161][-0.564495,-0.054754,-0.832784][0.270262,0.921858,0][0.129322,-0.662132,-0.02614][0.295188,-0.423134,-0.868425][0.268618,0.914036,0][0.056356,-0.91595,-0.002428][0.653159,-0.171529,-0.746147][0.311141,0.916268,0][-0.036324,-0.90283,0.051452][-0.913769,0.346292,-0.220874][0.313689,0.933984,0][0.0441,-0.647032,0.061992][-0.977099,0.083812,-0.198145][0.270296,0.93516,0][0.075282,-0.657172,-0.02161][-0.564495,-0.054754,-0.832784][0.270262,0.921858,0][0.075282,-0.657172,-0.02161][-0.564495,-0.054754,-0.832784][0.270262,0.921858,0][-0.011084,-0.91159,-0.009372][-0.475754,0.274013,-0.846057][0.313538,0.925076,0][-0.036324,-0.90283,0.051452][-0.913769,0.346292,-0.220874][0.313689,0.933984,0][0.0441,-0.647032,0.061992][-0.977099,0.083812,-0.198145][0.270296,0.93516,0][-0.036324,-0.90283,0.051452][-0.913769,0.346292,-0.220874][0.313689,0.933984,0][-0.036944,-0.89593,0.10949][-0.926942,0.315474,0.210694][0.3125,0.941574,0][-0.036944,-0.89593,0.10949][-0.926942,0.315474,0.210694][0.3125,0.941574,0][0.041482,-0.642292,0.128556][-0.979915,0.080538,0.184838][0.269017,0.943623,0][0.0441,-0.647032,0.061992][-0.977099,0.083812,-0.198145][0.270296,0.93516,0][-0.00408399,-0.885728,0.164612][-0.596107,0.173726,0.792994][0.30876,0.949556,0][0.0692,-0.628292,0.19229][-0.712815,-0.091413,0.703206][0.267812,0.952784,0][0.041482,-0.642292,0.128556][-0.979915,0.080538,0.184838][0.269017,0.943623,0][0.041482,-0.642292,0.128556][-0.979915,0.080538,0.184838][0.269017,0.943623,0][-0.036944,-0.89593,0.10949][-0.926942,0.315474,0.210694][0.3125,0.941574,0][-0.00408399,-0.885728,0.164612][-0.596107,0.173726,0.792994][0.30876,0.949556,0][0.049756,-0.884428,0.176152][0.457491,-0.212382,0.873621][0.306994,0.956483,0][0.119422,-0.625172,0.216884][0.074533,-0.451464,0.901545][0.266791,0.961814,0][0.0692,-0.628292,0.19229][-0.712815,-0.091413,0.703206][0.267812,0.952784,0][0.0692,-0.628292,0.19229][-0.712815,-0.091413,0.703206][0.267812,0.952784,0][-0.00408399,-0.885728,0.164612][-0.596107,0.173726,0.792994][0.30876,0.949556,0][0.049756,-0.884428,0.176152][0.457491,-0.212382,0.873621][0.306994,0.956483,0][0.256836,-0.92109,0.215982][0.071563,-0.072713,1.00586][0.209876,0.817144,0][0.33598,-0.66453,0.243032][0.036771,-0.274035,0.972524][0.165279,0.811737,0][0.269362,-0.649872,0.20489][-0.574738,-0.280297,0.77848][0.166736,0.801554,0][0.269362,-0.649872,0.20489][-0.574738,-0.280297,0.77848][0.166736,0.801554,0][0.190496,-0.90597,0.181428][-0.774878,0.209579,0.603775][0.210793,0.807926,0][0.256836,-0.92109,0.215982][0.071563,-0.072713,1.00586][0.209876,0.817144,0][0.256836,-0.92109,0.215982][0.071563,-0.072713,1.00586][0.209876,0.817144,0][0.325556,-0.94727,0.15401][0.781821,-0.22225,0.589934][0.209745,0.829375,0][0.40982,-0.690852,0.187516][0.681386,-0.37961,0.635252][0.166704,0.824565,0][0.40982,-0.690852,0.187516][0.681386,-0.37961,0.635252][0.166704,0.824565,0][0.33598,-0.66453,0.243032][0.036771,-0.274035,0.972524][0.165279,0.811737,0][0.256836,-0.92109,0.215982][0.071563,-0.072713,1.00586][0.209876,0.817144,0][0.325556,-0.94727,0.15401][0.781821,-0.22225,0.589934][0.209745,0.829375,0][0.350356,-0.96029,0.083092][0.975634,-0.207574,0.078251][0.210516,0.839308,0][0.44098,-0.70535,0.10153][0.905298,-0.427564,0.040552][0.166563,0.838057,0][0.44098,-0.70535,0.10153][0.905298,-0.427564,0.040552][0.166563,0.838057,0][0.40982,-0.690852,0.187516][0.681386,-0.37961,0.635252][0.166704,0.824565,0][0.325556,-0.94727,0.15401][0.781821,-0.22225,0.589934][0.209745,0.829375,0][0.350356,-0.96029,0.083092][0.975634,-0.207574,0.078251][0.210516,0.839308,0][0.331996,-0.96743,0.009958][0.771758,-0.081383,-0.63779][0.211906,0.849008,0][0.415142,-0.710132,0.021576][0.712404,-0.311139,-0.637688][0.168321,0.849286,0][0.415142,-0.710132,0.021576][0.712404,-0.311139,-0.637688][0.168321,0.849286,0][0.44098,-0.70535,0.10153][0.905298,-0.427564,0.040552][0.166563,0.838057,0][0.350356,-0.96029,0.083092][0.975634,-0.207574,0.078251][0.210516,0.839308,0][0.331996,-0.96743,0.009958][0.771758,-0.081383,-0.63779][0.211906,0.849008,0][0.265536,-0.95617,-0.023878][0.09318,0.115603,-1.00002][0.211888,0.858735,0][0.342102,-0.698812,-0.011092][0.117794,-0.206659,-0.982542][0.169963,0.859785,0][0.342102,-0.698812,-0.011092][0.117794,-0.206659,-0.982542][0.169963,0.859785,0][0.415142,-0.710132,0.021576][0.712404,-0.311139,-0.637688][0.168321,0.849286,0][0.331996,-0.96743,0.009958][0.771758,-0.081383,-0.63779][0.211906,0.849008,0][0.28278,-1.34901,-0.023208][0.809799,-0.075181,-0.588424][0.274007,0.852912,0][0.2098,-1.35289,-0.107872][0.587377,0.153592,-0.803736][0.273791,0.867545,0][0.21328,-1.21391,-0.077824][0.268667,0.185207,-0.956132][0.25779,0.865682,0][0.21328,-1.21391,-0.077824][0.268667,0.185207,-0.956132][0.25779,0.865682,0][0.30618,-1.22977,-0.027894][0.740166,-0.061161,-0.677117][0.25778,0.852044,0][0.28278,-1.34901,-0.023208][0.809799,-0.075181,-0.588424][0.274007,0.852912,0][0.11334,-1.33801,-0.132368][0.005411,0.498262,-0.879765][0.277907,0.881336,0][0.11816,-1.19033,-0.062046][-0.419728,0.469192,-0.788697][0.257302,0.879417,0][0.21328,-1.21391,-0.077824][0.268667,0.185207,-0.956132][0.25779,0.865682,0][0.21328,-1.21391,-0.077824][0.268667,0.185207,-0.956132][0.25779,0.865682,0][0.2098,-1.35289,-0.107872][0.587377,0.153592,-0.803736][0.273791,0.867545,0][0.11334,-1.33801,-0.132368][0.005411,0.498262,-0.879765][0.277907,0.881336,0][0.02088,-1.34783,-0.096992][0.044438,0.633888,-0.786415][0.281688,0.894276,0][0.0345,-1.22189,-0.007972][0.159992,0.668952,-0.740686][0.263136,0.894241,0][0.11816,-1.19033,-0.062046][-0.419728,0.469192,-0.788697][0.257302,0.879417,0][0.11816,-1.19033,-0.062046][-0.419728,0.469192,-0.788697][0.257302,0.879417,0][0.11334,-1.33801,-0.132368][0.005411,0.498262,-0.879765][0.277907,0.881336,0][0.02088,-1.34783,-0.096992][0.044438,0.633888,-0.786415][0.281688,0.894276,0][0.02088,-1.34783,-0.096992][0.044438,0.633888,-0.786415][0.381905,0.889459,0][-0.09974,-1.30849,-0.133654][-0.062047,0.508601,-0.871591][0.3799,0.907557,0][-0.02666,-1.16857,-0.06912][0.474964,0.295491,-0.839255][0.356275,0.908518,0][-0.02666,-1.16857,-0.06912][0.474964,0.295491,-0.839255][0.356275,0.908518,0][0.0345,-1.22189,-0.007972][0.159992,0.668952,-0.740686][0.361942,0.894115,0][0.02088,-1.34783,-0.096992][0.044438,0.633888,-0.786415][0.381905,0.889459,0][-0.09974,-1.30849,-0.133654][-0.062047,0.508601,-0.871591][0.3799,0.907557,0][-0.17344,-1.29281,-0.093154][-0.641306,0.455117,-0.628261][0.377042,0.918093,0][-0.1008,-1.16399,-0.065024][-0.462756,0.44059,-0.780543][0.358424,0.91854,0][-0.1008,-1.16399,-0.065024][-0.462756,0.44059,-0.780543][0.358424,0.91854,0][-0.02666,-1.16857,-0.06912][0.474964,0.295491,-0.839255][0.356275,0.908518,0][-0.09974,-1.30849,-0.133654][-0.062047,0.508601,-0.871591][0.3799,0.907557,0][-0.20188,-1.27873,-0.018488][-0.880885,0.423731,-0.222454][0.378447,0.92807,0][-0.13458,-1.15133,0.004234][-0.861704,0.448543,-0.249022][0.360982,0.929618,0][-0.1008,-1.16399,-0.065024][-0.462756,0.44059,-0.780543][0.358424,0.91854,0][-0.1008,-1.16399,-0.065024][-0.462756,0.44059,-0.780543][0.358424,0.91854,0][-0.17344,-1.29281,-0.093154][-0.641306,0.455117,-0.628261][0.377042,0.918093,0][-0.20188,-1.27873,-0.018488][-0.880885,0.423731,-0.222454][0.378447,0.92807,0][-0.13458,-1.15133,0.004234][-0.861704,0.448543,-0.249022][0.360982,0.929618,0][-0.20188,-1.27873,-0.018488][-0.880885,0.423731,-0.222454][0.378447,0.92807,0][-0.2033,-1.27123,0.10538][-0.897206,0.430072,0.120022][0.37767,0.942162,0][-0.2033,-1.27123,0.10538][-0.897206,0.430072,0.120022][0.37767,0.942162,0][-0.1314,-1.14109,0.104316][-0.876635,0.436491,0.214815][0.357244,0.942585,0][-0.13458,-1.15133,0.004234][-0.861704,0.448543,-0.249022][0.360982,0.929618,0][-0.18026,-1.27093,0.166828][-0.72998,0.504774,0.471953][0.374495,0.949674,0][-0.09084,-1.13013,0.165884][-0.608942,0.350238,0.721486][0.354697,0.951784,0][-0.1314,-1.14109,0.104316][-0.876635,0.436491,0.214815][0.357244,0.942585,0][-0.1314,-1.14109,0.104316][-0.876635,0.436491,0.214815][0.357244,0.942585,0][-0.2033,-1.27123,0.10538][-0.897206,0.430072,0.120022][0.37767,0.942162,0][-0.18026,-1.27093,0.166828][-0.72998,0.504774,0.471953][0.374495,0.949674,0][-0.12354,-1.27691,0.216242][-0.150007,0.557418,0.829797][0.375103,0.961052,0][-0.03124,-1.12749,0.18753][0.384309,0.124044,0.925154][0.354266,0.959842,0][-0.09084,-1.13013,0.165884][-0.608942,0.350238,0.721486][0.354697,0.951784,0][-0.09084,-1.13013,0.165884][-0.608942,0.350238,0.721486][0.354697,0.951784,0][-0.18026,-1.27093,0.166828][-0.72998,0.504774,0.471953][0.374495,0.949674,0][-0.12354,-1.27691,0.216242][-0.150007,0.557418,0.829797][0.375103,0.961052,0][-0.0244401,-1.31875,0.175046][0.019949,0.625203,0.794352][0.37584,0.975551,0][0.03292,-1.19339,0.112474][0.077713,0.765092,0.656308][0.359751,0.977193,0][-0.03124,-1.12749,0.18753][0.384309,0.124044,0.925154][0.354266,0.959842,0][-0.03124,-1.12749,0.18753][0.384309,0.124044,0.925154][0.354266,0.959842,0][-0.12354,-1.27691,0.216242][-0.150007,0.557418,0.829797][0.375103,0.961052,0][-0.0244401,-1.31875,0.175046][0.019949,0.625203,0.794352][0.37584,0.975551,0][0.05456,-1.30203,0.25874][-0.307802,0.612937,0.741442][0.278529,0.790921,0][0.115,-1.14969,0.193018][-0.572014,0.436623,0.70509][0.251956,0.799858,0][0.03292,-1.19339,0.112474][0.077713,0.765092,0.656308][0.260049,0.783312,0][0.03292,-1.19339,0.112474][0.077713,0.765092,0.656308][0.260049,0.783312,0][-0.0244401,-1.31875,0.175046][0.019949,0.625203,0.794352][0.278531,0.776794,0][0.05456,-1.30203,0.25874][-0.307802,0.612937,0.741442][0.278529,0.790921,0][0.17786,-1.31967,0.266942][0.381114,0.284085,0.890557][0.271027,0.809148,0][0.21416,-1.17211,0.21848][0.276902,0.115434,0.964662][0.252228,0.813365,0][0.115,-1.14969,0.193018][-0.572014,0.436623,0.70509][0.251956,0.799858,0][0.115,-1.14969,0.193018][-0.572014,0.436623,0.70509][0.251956,0.799858,0][0.05456,-1.30203,0.25874][-0.307802,0.612937,0.741442][0.278529,0.790921,0][0.17786,-1.31967,0.266942][0.381114,0.284085,0.890557][0.271027,0.809148,0][0.27258,-1.33617,0.177214][0.80178,0.036839,0.603117][0.27244,0.82541,0][0.29692,-1.20279,0.144174][0.80324,-0.044942,0.600575][0.254914,0.827624,0][0.21416,-1.17211,0.21848][0.276902,0.115434,0.964662][0.252228,0.813365,0][0.21416,-1.17211,0.21848][0.276902,0.115434,0.964662][0.252228,0.813365,0][0.17786,-1.31967,0.266942][0.381114,0.284085,0.890557][0.271027,0.809148,0][0.27258,-1.33617,0.177214][0.80178,0.036839,0.603117][0.27244,0.82541,0][0.30618,-1.22977,-0.027894][0.740166,-0.061161,-0.677117][0.25778,0.852044,0][0.33822,-1.22093,0.059954][0.996621,-0.067917,0.047787][0.255829,0.840216,0][0.32838,-1.34857,0.0682][0.997873,-0.065254,0.009267][0.272876,0.84061,0][0.32838,-1.34857,0.0682][0.997873,-0.065254,0.009267][0.272876,0.84061,0][0.28278,-1.34901,-0.023208][0.809799,-0.075181,-0.588424][0.274007,0.852912,0][0.30618,-1.22977,-0.027894][0.740166,-0.061161,-0.677117][0.25778,0.852044,0][0.30618,-1.22977,-0.027894][0.740166,-0.061161,-0.677117][0.25778,0.852044,0][0.21328,-1.21391,-0.077824][0.268667,0.185207,-0.956132][0.25779,0.865682,0][0.265536,-0.95617,-0.023878][0.09318,0.115603,-1.00002][0.211888,0.858735,0][0.265536,-0.95617,-0.023878][0.09318,0.115603,-1.00002][0.211888,0.858735,0][0.331996,-0.96743,0.009958][0.771758,-0.081383,-0.63779][0.211906,0.849008,0][0.30618,-1.22977,-0.027894][0.740166,-0.061161,-0.677117][0.25778,0.852044,0][0.11816,-1.19033,-0.062046][-0.419728,0.469192,-0.788697][0.257302,0.879417,0][0.191796,-0.93645,0.004302][-0.673663,0.291755,-0.687914][0.210617,0.869323,0][0.265536,-0.95617,-0.023878][0.09318,0.115603,-1.00002][0.211888,0.858735,0][0.265536,-0.95617,-0.023878][0.09318,0.115603,-1.00002][0.211888,0.858735,0][0.21328,-1.21391,-0.077824][0.268667,0.185207,-0.956132][0.25779,0.865682,0][0.11816,-1.19033,-0.062046][-0.419728,0.469192,-0.788697][0.257302,0.879417,0][-0.02666,-1.16857,-0.06912][0.474964,0.295491,-0.839255][0.356275,0.908518,0][-0.1008,-1.16399,-0.065024][-0.462756,0.44059,-0.780543][0.358424,0.91854,0][-0.011084,-0.91159,-0.009372][-0.475754,0.274013,-0.846057][0.313538,0.925076,0][-0.011084,-0.91159,-0.009372][-0.475754,0.274013,-0.846057][0.313538,0.925076,0][0.056356,-0.91595,-0.002428][0.653159,-0.171529,-0.746147][0.311141,0.916268,0][-0.02666,-1.16857,-0.06912][0.474964,0.295491,-0.839255][0.356275,0.908518,0][-0.13458,-1.15133,0.004234][-0.861704,0.448543,-0.249022][0.360982,0.929618,0][-0.036324,-0.90283,0.051452][-0.913769,0.346292,-0.220874][0.313689,0.933984,0][-0.011084,-0.91159,-0.009372][-0.475754,0.274013,-0.846057][0.313538,0.925076,0][-0.011084,-0.91159,-0.009372][-0.475754,0.274013,-0.846057][0.313538,0.925076,0][-0.1008,-1.16399,-0.065024][-0.462756,0.44059,-0.780543][0.358424,0.91854,0][-0.13458,-1.15133,0.004234][-0.861704,0.448543,-0.249022][0.360982,0.929618,0][-0.036324,-0.90283,0.051452][-0.913769,0.346292,-0.220874][0.313689,0.933984,0][-0.13458,-1.15133,0.004234][-0.861704,0.448543,-0.249022][0.360982,0.929618,0][-0.1314,-1.14109,0.104316][-0.876635,0.436491,0.214815][0.357244,0.942585,0][-0.1314,-1.14109,0.104316][-0.876635,0.436491,0.214815][0.357244,0.942585,0][-0.036944,-0.89593,0.10949][-0.926942,0.315474,0.210694][0.3125,0.941574,0][-0.036324,-0.90283,0.051452][-0.913769,0.346292,-0.220874][0.313689,0.933984,0][-0.09084,-1.13013,0.165884][-0.608942,0.350238,0.721486][0.354697,0.951784,0][-0.00408399,-0.885728,0.164612][-0.596107,0.173726,0.792994][0.30876,0.949556,0][-0.036944,-0.89593,0.10949][-0.926942,0.315474,0.210694][0.3125,0.941574,0][-0.036944,-0.89593,0.10949][-0.926942,0.315474,0.210694][0.3125,0.941574,0][-0.1314,-1.14109,0.104316][-0.876635,0.436491,0.214815][0.357244,0.942585,0][-0.09084,-1.13013,0.165884][-0.608942,0.350238,0.721486][0.354697,0.951784,0][-0.03124,-1.12749,0.18753][0.384309,0.124044,0.925154][0.354266,0.959842,0][0.049756,-0.884428,0.176152][0.457491,-0.212382,0.873621][0.306994,0.956483,0][-0.00408399,-0.885728,0.164612][-0.596107,0.173726,0.792994][0.30876,0.949556,0][-0.00408399,-0.885728,0.164612][-0.596107,0.173726,0.792994][0.30876,0.949556,0][-0.09084,-1.13013,0.165884][-0.608942,0.350238,0.721486][0.354697,0.951784,0][-0.03124,-1.12749,0.18753][0.384309,0.124044,0.925154][0.354266,0.959842,0][0.21416,-1.17211,0.21848][0.276902,0.115434,0.964662][0.252228,0.813365,0][0.256836,-0.92109,0.215982][0.071563,-0.072713,1.00586][0.209876,0.817144,0][0.190496,-0.90597,0.181428][-0.774878,0.209579,0.603775][0.210793,0.807926,0][0.190496,-0.90597,0.181428][-0.774878,0.209579,0.603775][0.210793,0.807926,0][0.115,-1.14969,0.193018][-0.572014,0.436623,0.70509][0.251956,0.799858,0][0.21416,-1.17211,0.21848][0.276902,0.115434,0.964662][0.252228,0.813365,0][0.21416,-1.17211,0.21848][0.276902,0.115434,0.964662][0.252228,0.813365,0][0.29692,-1.20279,0.144174][0.80324,-0.044942,0.600575][0.254914,0.827624,0][0.325556,-0.94727,0.15401][0.781821,-0.22225,0.589934][0.209745,0.829375,0][0.325556,-0.94727,0.15401][0.781821,-0.22225,0.589934][0.209745,0.829375,0][0.256836,-0.92109,0.215982][0.071563,-0.072713,1.00586][0.209876,0.817144,0][0.21416,-1.17211,0.21848][0.276902,0.115434,0.964662][0.252228,0.813365,0][0.29692,-1.20279,0.144174][0.80324,-0.044942,0.600575][0.254914,0.827624,0][0.33822,-1.22093,0.059954][0.996621,-0.067917,0.047787][0.255829,0.840216,0][0.350356,-0.96029,0.083092][0.975634,-0.207574,0.078251][0.210516,0.839308,0][0.350356,-0.96029,0.083092][0.975634,-0.207574,0.078251][0.210516,0.839308,0][0.325556,-0.94727,0.15401][0.781821,-0.22225,0.589934][0.209745,0.829375,0][0.29692,-1.20279,0.144174][0.80324,-0.044942,0.600575][0.254914,0.827624,0][0.33822,-1.22093,0.059954][0.996621,-0.067917,0.047787][0.255829,0.840216,0][0.30618,-1.22977,-0.027894][0.740166,-0.061161,-0.677117][0.25778,0.852044,0][0.331996,-0.96743,0.009958][0.771758,-0.081383,-0.63779][0.211906,0.849008,0][0.331996,-0.96743,0.009958][0.771758,-0.081383,-0.63779][0.211906,0.849008,0][0.350356,-0.96029,0.083092][0.975634,-0.207574,0.078251][0.210516,0.839308,0][0.33822,-1.22093,0.059954][0.996621,-0.067917,0.047787][0.255829,0.840216,0][0.09612,-1.12919,0.053562][-0.810154,0.57638,-0.13818][0.247927,0.78253,0][0.04128,-1.16373,0.048626][0.219335,0.949291,-0.26823][0.254525,0.777356,0][0.03292,-1.19339,0.112474][0.077713,0.765092,0.656308][0.260049,0.783312,0][0.03292,-1.19339,0.112474][0.077713,0.765092,0.656308][0.260049,0.783312,0][0.115,-1.14969,0.193018][-0.572014,0.436623,0.70509][0.251956,0.799858,0][0.09612,-1.12919,0.053562][-0.810154,0.57638,-0.13818][0.247927,0.78253,0][0.00581998,-1.11297,0.04878][0.998473,0.05379,-0.015074][0.348809,0.97894,0][-0.03124,-1.12749,0.18753][0.384309,0.124044,0.925154][0.354266,0.959842,0][0.03292,-1.19339,0.112474][0.077713,0.765092,0.656308][0.359751,0.977193,0][0.03292,-1.19339,0.112474][0.077713,0.765092,0.656308][0.359751,0.977193,0][0.04128,-1.16373,0.048626][0.219335,0.949291,-0.26823][0.355638,0.983414,0][0.00581998,-1.11297,0.04878][0.998473,0.05379,-0.015074][0.348809,0.97894,0][0.168516,-0.917448,0.08472][-0.949638,0.309298,-0.068632][0.212729,0.79465,0][0.09612,-1.12919,0.053562][-0.810154,0.57638,-0.13818][0.247927,0.78253,0][0.115,-1.14969,0.193018][-0.572014,0.436623,0.70509][0.251956,0.799858,0][0.115,-1.14969,0.193018][-0.572014,0.436623,0.70509][0.251956,0.799858,0][0.190496,-0.90597,0.181428][-0.774878,0.209579,0.603775][0.210793,0.807926,0][0.168516,-0.917448,0.08472][-0.949638,0.309298,-0.068632][0.212729,0.79465,0][0.00581998,-1.11297,0.04878][0.998473,0.05379,-0.015074][0.348809,0.97894,0][0.088536,-0.89293,0.079466][0.937062,-0.346433,0.067931][0.311365,0.970644,0][0.049756,-0.884428,0.176152][0.457491,-0.212382,0.873621][0.306994,0.956483,0][0.049756,-0.884428,0.176152][0.457491,-0.212382,0.873621][0.306994,0.956483,0][-0.03124,-1.12749,0.18753][0.384309,0.124044,0.925154][0.354266,0.959842,0][0.00581998,-1.11297,0.04878][0.998473,0.05379,-0.015074][0.348809,0.97894,0][0.190496,-0.90597,0.181428][-0.774878,0.209579,0.603775][0.210793,0.807926,0][0.269362,-0.649872,0.20489][-0.574738,-0.280297,0.77848][0.166736,0.801554,0][0.22994,-0.70857,0.084988][-0.949018,-0.317403,-0.028877][0.176853,0.788745,0][0.22994,-0.70857,0.084988][-0.949018,-0.317403,-0.028877][0.176853,0.788745,0][0.168516,-0.917448,0.08472][-0.949638,0.309298,-0.068632][0.212729,0.79465,0][0.190496,-0.90597,0.181428][-0.774878,0.209579,0.603775][0.210793,0.807926,0][0.1543,-0.701612,0.081502][0.751486,-0.665596,0.044154][0.274837,0.976943,0][0.119422,-0.625172,0.216884][0.074533,-0.451464,0.901545][0.266791,0.961814,0][0.049756,-0.884428,0.176152][0.457491,-0.212382,0.873621][0.306994,0.956483,0][0.049756,-0.884428,0.176152][0.457491,-0.212382,0.873621][0.306994,0.956483,0][0.088536,-0.89293,0.079466][0.937062,-0.346433,0.067931][0.311365,0.970644,0][0.1543,-0.701612,0.081502][0.751486,-0.665596,0.044154][0.274837,0.976943,0][0.19244,-0.616732,0.190808][-0.036407,-0.675556,0.751366][0.261255,0.973833,0][0.119422,-0.625172,0.216884][0.074533,-0.451464,0.901545][0.266791,0.961814,0][0.1543,-0.701612,0.081502][0.751486,-0.665596,0.044154][0.274837,0.976943,0][0.1543,-0.701612,0.081502][0.751486,-0.665596,0.044154][0.274837,0.976943,0][0.18388,-0.691052,0.090818][-0.015335,-0.995317,0.177155][0.271975,0.9804,0][0.19244,-0.616732,0.190808][-0.036407,-0.675556,0.751366][0.261255,0.973833,0][0.19244,-0.616732,0.190808][-0.036407,-0.675556,0.751366][0.160182,0.789545,0][0.18388,-0.691052,0.090818][-0.015335,-0.995317,0.177155][0.171478,0.783567,0][0.22994,-0.70857,0.084988][-0.949018,-0.317403,-0.028877][0.176853,0.788745,0][0.22994,-0.70857,0.084988][-0.949018,-0.317403,-0.028877][0.176853,0.788745,0][0.269362,-0.649872,0.20489][-0.574738,-0.280297,0.77848][0.166736,0.801554,0][0.19244,-0.616732,0.190808][-0.036407,-0.675556,0.751366][0.160182,0.789545,0][0.22994,-0.70857,0.084988][-0.949018,-0.317403,-0.028877][0.175574,0.881273,0][0.25966,-0.679452,0.007184][-0.45265,-0.338004,-0.835809][0.169123,0.872247,0][0.191796,-0.93645,0.004302][-0.673663,0.291755,-0.687914][0.210617,0.869323,0][0.191796,-0.93645,0.004302][-0.673663,0.291755,-0.687914][0.210617,0.869323,0][0.168516,-0.917448,0.08472][-0.949638,0.309298,-0.068632][0.209073,0.880292,0][0.22994,-0.70857,0.084988][-0.949018,-0.317403,-0.028877][0.175574,0.881273,0][0.191796,-0.93645,0.004302][-0.673663,0.291755,-0.687914][0.210617,0.869323,0][0.11816,-1.19033,-0.062046][-0.419728,0.469192,-0.788697][0.257302,0.879417,0][0.09612,-1.12919,0.053562][-0.810154,0.57638,-0.13818][0.247555,0.891059,0][0.09612,-1.12919,0.053562][-0.810154,0.57638,-0.13818][0.247555,0.891059,0][0.168516,-0.917448,0.08472][-0.949638,0.309298,-0.068632][0.209073,0.880292,0][0.191796,-0.93645,0.004302][-0.673663,0.291755,-0.687914][0.210617,0.869323,0][0.0345,-1.22189,-0.007972][0.159992,0.668952,-0.740686][0.263136,0.894241,0][0.04128,-1.16373,0.048626][0.219335,0.949291,-0.26823][0.254158,0.896967,0][0.09612,-1.12919,0.053562][-0.810154,0.57638,-0.13818][0.247555,0.891059,0][0.09612,-1.12919,0.053562][-0.810154,0.57638,-0.13818][0.247555,0.891059,0][0.11816,-1.19033,-0.062046][-0.419728,0.469192,-0.788697][0.257302,0.879417,0][0.0345,-1.22189,-0.007972][0.159992,0.668952,-0.740686][0.263136,0.894241,0][0.0345,-1.22189,-0.007972][0.159992,0.668952,-0.740686][0.361942,0.894115,0][-0.02666,-1.16857,-0.06912][0.474964,0.295491,-0.839255][0.356275,0.908518,0][0.00581998,-1.11297,0.04878][0.998473,0.05379,-0.015074][0.349042,0.897026,0][0.00581998,-1.11297,0.04878][0.998473,0.05379,-0.015074][0.349042,0.897026,0][0.04128,-1.16373,0.048626][0.219335,0.949291,-0.26823][0.353745,0.891567,0][0.0345,-1.22189,-0.007972][0.159992,0.668952,-0.740686][0.361942,0.894115,0][0.056356,-0.91595,-0.002428][0.653159,-0.171529,-0.746147][0.311141,0.916268,0][0.088536,-0.89293,0.079466][0.937062,-0.346433,0.067931][0.306583,0.905034,0][0.00581998,-1.11297,0.04878][0.998473,0.05379,-0.015074][0.349042,0.897026,0][0.00581998,-1.11297,0.04878][0.998473,0.05379,-0.015074][0.349042,0.897026,0][-0.02666,-1.16857,-0.06912][0.474964,0.295491,-0.839255][0.356275,0.908518,0][0.056356,-0.91595,-0.002428][0.653159,-0.171529,-0.746147][0.311141,0.916268,0][0.056356,-0.91595,-0.002428][0.653159,-0.171529,-0.746147][0.311141,0.916268,0][0.129322,-0.662132,-0.02614][0.295188,-0.423134,-0.868425][0.268618,0.914036,0][0.1543,-0.701612,0.081502][0.751486,-0.665596,0.044154][0.272264,0.90067,0][0.1543,-0.701612,0.081502][0.751486,-0.665596,0.044154][0.272264,0.90067,0][0.088536,-0.89293,0.079466][0.937062,-0.346433,0.067931][0.306583,0.905034,0][0.056356,-0.91595,-0.002428][0.653159,-0.171529,-0.746147][0.311141,0.916268,0][0.1543,-0.701612,0.081502][0.751486,-0.665596,0.044154][0.272264,0.90067,0][0.129322,-0.662132,-0.02614][0.295188,-0.423134,-0.868425][0.268618,0.914036,0][0.19622,-0.645052,0.00229][0.064836,-0.71745,-0.7094][0.264884,0.903308,0][0.19622,-0.645052,0.00229][0.064836,-0.71745,-0.7094][0.264884,0.903308,0][0.18388,-0.691052,0.090818][-0.015335,-0.995317,0.177155][0.26983,0.896992,0][0.1543,-0.701612,0.081502][0.751486,-0.665596,0.044154][0.272264,0.90067,0][0.22994,-0.70857,0.084988][-0.949018,-0.317403,-0.028877][0.175574,0.881273,0][0.18388,-0.691052,0.090818][-0.015335,-0.995317,0.177155][0.172697,0.887558,0][0.19622,-0.645052,0.00229][0.064836,-0.71745,-0.7094][0.164339,0.881375,0][0.19622,-0.645052,0.00229][0.064836,-0.71745,-0.7094][0.164339,0.881375,0][0.25966,-0.679452,0.007184][-0.45265,-0.338004,-0.835809][0.169123,0.872247,0][0.22994,-0.70857,0.084988][-0.949018,-0.317403,-0.028877][0.175574,0.881273,0][0.32838,-1.34857,0.0682][0.997873,-0.065254,0.009267][0.272876,0.84061,0][0.33822,-1.22093,0.059954][0.996621,-0.067917,0.047787][0.255829,0.840216,0][0.29692,-1.20279,0.144174][0.80324,-0.044942,0.600575][0.254914,0.827624,0][0.29692,-1.20279,0.144174][0.80324,-0.044942,0.600575][0.254914,0.827624,0][0.27258,-1.33617,0.177214][0.80178,0.036839,0.603117][0.27244,0.82541,0][0.32838,-1.34857,0.0682][0.997873,-0.065254,0.009267][0.272876,0.84061,0][-0.22458,-1.56183,0.07682][-0.819743,-0.57811,-0.033444][0.426506,0.93337,0][-0.25248,-1.51519,0.072946][-0.943051,-0.335371,-0.025418][0.418241,0.935273,0][-0.25314,-1.49967,0.019088][-0.983842,-0.179845,-0.020611][0.411961,0.930155,0][-0.25314,-1.49967,0.019088][-0.983842,-0.179845,-0.020611][0.411961,0.930155,0][-0.23796,-1.56077,-0.033046][-0.849433,-0.476434,-0.240162][0.417825,0.922956,0][-0.22458,-1.56183,0.07682][-0.819743,-0.57811,-0.033444][0.426506,0.93337,0][-0.25772,-1.49453,0.12448][-0.987129,-0.151,-0.057839][0.41366,0.943472,0][-0.25248,-1.51519,0.072946][-0.943051,-0.335371,-0.025418][0.41939,0.938619,0][-0.22458,-1.56183,0.07682][-0.819743,-0.57811,-0.033444][0.428982,0.940196,0][-0.22458,-1.56183,0.07682][-0.819743,-0.57811,-0.033444][0.428982,0.940196,0][-0.25134,-1.55629,0.18495][-0.8837,-0.434859,0.18669][0.42134,0.949581,0][-0.25772,-1.49453,0.12448][-0.987129,-0.151,-0.057839][0.41366,0.943472,0][-0.2614,-1.42531,0.164788][-0.985033,0.17426,0.002463][0.399739,0.946493,0][-0.25772,-1.49453,0.12448][-0.987129,-0.151,-0.057839][0.41366,0.943472,0][-0.25134,-1.55629,0.18495][-0.8837,-0.434859,0.18669][0.42134,0.949581,0][-0.25134,-1.55629,0.18495][-0.8837,-0.434859,0.18669][0.42134,0.949581,0][-0.2575,-1.41101,0.244654][-0.886443,0.215611,0.415336][0.398737,0.955199,0][-0.2614,-1.42531,0.164788][-0.985033,0.17426,0.002463][0.399739,0.946493,0][-0.23796,-1.56077,-0.033046][-0.849433,-0.476434,-0.240162][0.417825,0.922956,0][-0.25314,-1.49967,0.019088][-0.983842,-0.179845,-0.020611][0.411961,0.930155,0][-0.25592,-1.43245,-0.035256][-0.98361,0.124861,-0.132834][0.399851,0.926174,0][-0.25592,-1.43245,-0.035256][-0.98361,0.124861,-0.132834][0.399851,0.926174,0][-0.23572,-1.41541,-0.124886][-0.831378,0.137833,-0.544695][0.395339,0.91753,0][-0.23796,-1.56077,-0.033046][-0.849433,-0.476434,-0.240162][0.417825,0.922956,0][-0.1573,-1.63141,0.083628][-0.510425,-0.869324,-0.014769][0.44118,0.927968,0][-0.22458,-1.56183,0.07682][-0.819743,-0.57811,-0.033444][0.426506,0.93337,0][-0.23796,-1.56077,-0.033046][-0.849433,-0.476434,-0.240162][0.417825,0.922956,0][-0.23796,-1.56077,-0.033046][-0.849433,-0.476434,-0.240162][0.417825,0.922956,0][-0.15516,-1.63433,-0.072862][-0.479207,-0.765452,-0.449008][0.435527,0.912295,0][-0.1573,-1.63141,0.083628][-0.510425,-0.869324,-0.014769][0.44118,0.927968,0][-0.25134,-1.55629,0.18495][-0.8837,-0.434859,0.18669][0.42134,0.949581,0][-0.22458,-1.56183,0.07682][-0.819743,-0.57811,-0.033444][0.428982,0.940196,0][-0.1573,-1.63141,0.083628][-0.510425,-0.869324,-0.014769][0.44334,0.944573,0][-0.1573,-1.63141,0.083628][-0.510425,-0.869324,-0.014769][0.44334,0.944573,0][-0.17636,-1.62717,0.236466][-0.529997,-0.721762,0.462803][0.432261,0.960221,0][-0.25134,-1.55629,0.18495][-0.8837,-0.434859,0.18669][0.42134,0.949581,0][-0.18524,-1.40893,0.326988][-0.504167,0.207586,0.84814][0.402188,0.968833,0][-0.2575,-1.41101,0.244654][-0.886443,0.215611,0.415336][0.398737,0.955199,0][-0.25134,-1.55629,0.18495][-0.8837,-0.434859,0.18669][0.42134,0.949581,0][-0.25134,-1.55629,0.18495][-0.8837,-0.434859,0.18669][0.42134,0.949581,0][-0.17636,-1.62717,0.236466][-0.529997,-0.721762,0.462803][0.432261,0.960221,0][-0.18524,-1.40893,0.326988][-0.504167,0.207586,0.84814][0.402188,0.968833,0][-0.15516,-1.63433,-0.072862][-0.479207,-0.765452,-0.449008][0.435527,0.912295,0][-0.23796,-1.56077,-0.033046][-0.849433,-0.476434,-0.240162][0.417825,0.922956,0][-0.23572,-1.41541,-0.124886][-0.831378,0.137833,-0.544695][0.395339,0.91753,0][-0.23572,-1.41541,-0.124886][-0.831378,0.137833,-0.544695][0.395339,0.91753,0][-0.14214,-1.42155,-0.208294][-0.399585,0.082708,-0.923155][0.398198,0.902783,0][-0.15516,-1.63433,-0.072862][-0.479207,-0.765452,-0.449008][0.435527,0.912295,0][-0.0375201,-1.67147,0.090802][-0.155711,-0.998674,0.012008][0.45718,0.917987,0][-0.1573,-1.63141,0.083628][-0.510425,-0.869324,-0.014769][0.44118,0.927968,0][-0.15516,-1.63433,-0.072862][-0.479207,-0.765452,-0.449008][0.435527,0.912295,0][-0.15516,-1.63433,-0.072862][-0.479207,-0.765452,-0.449008][0.435527,0.912295,0][-0.03122,-1.67115,-0.079402][-0.109603,-0.87558,-0.493316][0.440619,0.899006,0][-0.0375201,-1.67147,0.090802][-0.155711,-0.998674,0.012008][0.45718,0.917987,0][-0.17636,-1.62717,0.236466][-0.529997,-0.721762,0.462803][0.432261,0.960221,0][-0.1573,-1.63141,0.083628][-0.510425,-0.869324,-0.014769][0.44334,0.944573,0][-0.0375201,-1.67147,0.090802][-0.155711,-0.998674,0.012008][0.457258,0.953875,0][-0.0375201,-1.67147,0.090802][-0.155711,-0.998674,0.012008][0.457258,0.953875,0][-0.04568,-1.66329,0.260354][-0.149563,-0.821051,0.570342][0.441512,0.973528,0][-0.17636,-1.62717,0.236466][-0.529997,-0.721762,0.462803][0.432261,0.960221,0][-0.02922,-1.42701,0.372526][-0.040477,0.18338,0.993468][0.407991,0.985925,0][-0.18524,-1.40893,0.326988][-0.504167,0.207586,0.84814][0.402188,0.968833,0][-0.17636,-1.62717,0.236466][-0.529997,-0.721762,0.462803][0.432261,0.960221,0][-0.17636,-1.62717,0.236466][-0.529997,-0.721762,0.462803][0.432261,0.960221,0][-0.04568,-1.66329,0.260354][-0.149563,-0.821051,0.570342][0.441512,0.973528,0][-0.02922,-1.42701,0.372526][-0.040477,0.18338,0.993468][0.407991,0.985925,0][-0.15516,-1.63433,-0.072862][-0.479207,-0.765452,-0.449008][0.435527,0.912295,0][-0.14214,-1.42155,-0.208294][-0.399585,0.082708,-0.923155][0.398198,0.902783,0][-0.00484002,-1.44213,-0.228306][0.04759,0.064865,-1.00785][0.403901,0.886398,0][-0.00484002,-1.44213,-0.228306][0.04759,0.064865,-1.00785][0.403901,0.886398,0][-0.03122,-1.67115,-0.079402][-0.109603,-0.87558,-0.493316][0.440619,0.899006,0][-0.15516,-1.63433,-0.072862][-0.479207,-0.765452,-0.449008][0.435527,0.912295,0][-0.0375201,-1.67147,0.090802][-0.155711,-0.998674,0.012008][0.351624,0.865209,0][-0.03122,-1.67115,-0.079402][-0.109603,-0.87558,-0.493316][0.333666,0.883361,0][0.09042,-1.67423,-0.060646][0.276736,-0.871461,-0.429589][0.323834,0.868437,0][0.09042,-1.67423,-0.060646][0.276736,-0.871461,-0.429589][0.323834,0.868437,0][0.08184,-1.67027,0.095526][0.188123,-0.992859,0.018225][0.335582,0.854319,0][-0.0375201,-1.67147,0.090802][-0.155711,-0.998674,0.012008][0.351624,0.865209,0][0.08516,-1.66967,0.249476][0.246472,-0.830975,0.519288][0.325995,0.810084,0][-0.04568,-1.66329,0.260354][-0.149563,-0.821051,0.570342][0.334151,0.796434,0][-0.0375201,-1.67147,0.090802][-0.155711,-0.998674,0.012008][0.351524,0.814061,0][-0.0375201,-1.67147,0.090802][-0.155711,-0.998674,0.012008][0.351524,0.814061,0][0.08184,-1.67027,0.095526][0.188123,-0.992859,0.018225][0.336396,0.825317,0][0.08516,-1.66967,0.249476][0.246472,-0.830975,0.519288][0.325995,0.810084,0][0.12678,-1.45963,0.342512][0.377597,-0.026351,0.935858][0.292803,0.802466,0][-0.02922,-1.42701,0.372526][-0.040477,0.18338,0.993468][0.305511,0.78259,0][-0.04568,-1.66329,0.260354][-0.149563,-0.821051,0.570342][0.334151,0.796434,0][-0.04568,-1.66329,0.260354][-0.149563,-0.821051,0.570342][0.334151,0.796434,0][0.08516,-1.66967,0.249476][0.246472,-0.830975,0.519288][0.325995,0.810084,0][0.12678,-1.45963,0.342512][0.377597,-0.026351,0.935858][0.292803,0.802466,0][-0.03122,-1.67115,-0.079402][-0.109603,-0.87558,-0.493316][0.333666,0.883361,0][-0.00484002,-1.44213,-0.228306][0.04759,0.064865,-1.00785][0.301844,0.896231,0][0.12892,-1.46559,-0.19481][0.421261,-0.118462,-0.909303][0.297235,0.879186,0][0.12892,-1.46559,-0.19481][0.421261,-0.118462,-0.909303][0.297235,0.879186,0][0.09042,-1.67423,-0.060646][0.276736,-0.871461,-0.429589][0.323834,0.868437,0][-0.03122,-1.67115,-0.079402][-0.109603,-0.87558,-0.493316][0.333666,0.883361,0][0.08184,-1.67027,0.095526][0.188123,-0.992859,0.018225][0.335582,0.854319,0][0.09042,-1.67423,-0.060646][0.276736,-0.871461,-0.429589][0.323834,0.868437,0][0.18724,-1.62977,-0.011866][0.554547,-0.766914,-0.346048][0.315236,0.856966,0][0.18724,-1.62977,-0.011866][0.554547,-0.766914,-0.346048][0.315236,0.856966,0][0.19538,-1.62975,0.097826][0.400422,-0.926018,0.029346][0.323339,0.844859,0][0.08184,-1.67027,0.095526][0.188123,-0.992859,0.018225][0.335582,0.854319,0][0.18192,-1.62663,0.20653][0.550142,-0.726217,0.430686][0.31637,0.821338,0][0.08516,-1.66967,0.249476][0.246472,-0.830975,0.519288][0.325995,0.810084,0][0.08184,-1.67027,0.095526][0.188123,-0.992859,0.018225][0.336396,0.825317,0][0.08184,-1.67027,0.095526][0.188123,-0.992859,0.018225][0.336396,0.825317,0][0.19538,-1.62975,0.097826][0.400422,-0.926018,0.029346][0.322336,0.832797,0][0.18192,-1.62663,0.20653][0.550142,-0.726217,0.430686][0.31637,0.821338,0][0.20762,-1.48653,0.267816][0.681079,-0.170425,0.720439][0.294202,0.815311,0][0.12678,-1.45963,0.342512][0.377597,-0.026351,0.935858][0.292803,0.802466,0][0.08516,-1.66967,0.249476][0.246472,-0.830975,0.519288][0.325995,0.810084,0][0.08516,-1.66967,0.249476][0.246472,-0.830975,0.519288][0.325995,0.810084,0][0.18192,-1.62663,0.20653][0.550142,-0.726217,0.430686][0.31637,0.821338,0][0.20762,-1.48653,0.267816][0.681079,-0.170425,0.720439][0.294202,0.815311,0][0.09042,-1.67423,-0.060646][0.276736,-0.871461,-0.429589][0.323834,0.868437,0][0.12892,-1.46559,-0.19481][0.421261,-0.118462,-0.909303][0.297235,0.879186,0][0.21318,-1.48831,-0.102544][0.7152,-0.278666,-0.649398][0.29134,0.865226,0][0.21318,-1.48831,-0.102544][0.7152,-0.278666,-0.649398][0.29134,0.865226,0][0.18724,-1.62977,-0.011866][0.554547,-0.766914,-0.346048][0.315236,0.856966,0][0.09042,-1.67423,-0.060646][0.276736,-0.871461,-0.429589][0.323834,0.868437,0][0.19538,-1.62975,0.097826][0.400422,-0.926018,0.029346][0.323339,0.844859,0][0.18724,-1.62977,-0.011866][0.554547,-0.766914,-0.346048][0.315236,0.856966,0][0.27192,-1.58437,0.045434][0.669539,-0.652145,-0.372449][0.308335,0.846053,0][0.27192,-1.58437,0.045434][0.669539,-0.652145,-0.372449][0.308335,0.846053,0][0.27396,-1.60005,0.099386][0.578531,-0.822664,0.057874][0.312382,0.841819,0][0.19538,-1.62975,0.097826][0.400422,-0.926018,0.029346][0.323339,0.844859,0][0.26882,-1.57947,0.150886][0.658666,-0.597881,0.470437][0.307167,0.832316,0][0.18192,-1.62663,0.20653][0.550142,-0.726217,0.430686][0.31637,0.821338,0][0.19538,-1.62975,0.097826][0.400422,-0.926018,0.029346][0.322336,0.832797,0][0.19538,-1.62975,0.097826][0.400422,-0.926018,0.029346][0.322336,0.832797,0][0.27396,-1.60005,0.099386][0.578531,-0.822664,0.057874][0.311886,0.836845,0][0.26882,-1.57947,0.150886][0.658666,-0.597881,0.470437][0.307167,0.832316,0][0.27256,-1.51065,0.185102][0.777632,-0.168234,0.613019][0.296591,0.82849,0][0.20762,-1.48653,0.267816][0.681079,-0.170425,0.720439][0.294202,0.815311,0][0.18192,-1.62663,0.20653][0.550142,-0.726217,0.430686][0.31637,0.821338,0][0.18192,-1.62663,0.20653][0.550142,-0.726217,0.430686][0.31637,0.821338,0][0.26882,-1.57947,0.150886][0.658666,-0.597881,0.470437][0.307167,0.832316,0][0.27256,-1.51065,0.185102][0.777632,-0.168234,0.613019][0.296591,0.82849,0][0.18724,-1.62977,-0.011866][0.554547,-0.766914,-0.346048][0.315236,0.856966,0][0.21318,-1.48831,-0.102544][0.7152,-0.278666,-0.649398][0.29134,0.865226,0][0.27938,-1.51949,0.003772][0.797256,-0.285168,-0.539612][0.297561,0.850021,0][0.27938,-1.51949,0.003772][0.797256,-0.285168,-0.539612][0.297561,0.850021,0][0.27192,-1.58437,0.045434][0.669539,-0.652145,-0.372449][0.308335,0.846053,0][0.18724,-1.62977,-0.011866][0.554547,-0.766914,-0.346048][0.315236,0.856966,0][-0.25248,-1.51519,0.072946][-0.943051,-0.335371,-0.025418][0.418241,0.935273,0][-0.2549,-1.43055,0.067972][-0.987988,0.151673,-0.037503][0.402829,0.937192,0][-0.25314,-1.49967,0.019088][-0.983842,-0.179845,-0.020611][0.411961,0.930155,0][-0.25772,-1.49453,0.12448][-0.987129,-0.151,-0.057839][0.41366,0.943472,0][-0.2549,-1.43055,0.067972][-0.987988,0.151673,-0.037503][0.402829,0.937192,0][-0.25248,-1.51519,0.072946][-0.943051,-0.335371,-0.025418][0.41939,0.938619,0][-0.2614,-1.42531,0.164788][-0.985033,0.17426,0.002463][0.399739,0.946493,0][-0.2549,-1.43055,0.067972][-0.987988,0.151673,-0.037503][0.402829,0.937192,0][-0.25772,-1.49453,0.12448][-0.987129,-0.151,-0.057839][0.41366,0.943472,0][-0.25314,-1.49967,0.019088][-0.983842,-0.179845,-0.020611][0.411961,0.930155,0][-0.2549,-1.43055,0.067972][-0.987988,0.151673,-0.037503][0.402829,0.937192,0][-0.25592,-1.43245,-0.035256][-0.98361,0.124861,-0.132834][0.399851,0.926174,0][0.27192,-1.58437,0.045434][0.669539,-0.652145,-0.372449][0.308335,0.846053,0][0.33124,-1.52457,0.097506][0.967749,-0.245533,0.067743][0.298986,0.839753,0][0.27396,-1.60005,0.099386][0.578531,-0.822664,0.057874][0.312382,0.841819,0][0.27396,-1.60005,0.099386][0.578531,-0.822664,0.057874][0.311886,0.836845,0][0.33124,-1.52457,0.097506][0.967749,-0.245533,0.067743][0.298986,0.839753,0][0.26882,-1.57947,0.150886][0.658666,-0.597881,0.470437][0.307167,0.832316,0][0.26882,-1.57947,0.150886][0.658666,-0.597881,0.470437][0.307167,0.832316,0][0.33124,-1.52457,0.097506][0.967749,-0.245533,0.067743][0.298986,0.839753,0][0.27256,-1.51065,0.185102][0.777632,-0.168234,0.613019][0.296591,0.82849,0][0.27938,-1.51949,0.003772][0.797256,-0.285168,-0.539612][0.297561,0.850021,0][0.33124,-1.52457,0.097506][0.967749,-0.245533,0.067743][0.298986,0.839753,0][0.27192,-1.58437,0.045434][0.669539,-0.652145,-0.372449][0.308335,0.846053,0][-0.2614,-1.42531,0.164788][-0.985033,0.17426,0.002463][0.399739,0.946493,0][-0.2575,-1.41101,0.244654][-0.886443,0.215611,0.415336][0.398737,0.955199,0][-0.18026,-1.27093,0.166828][-0.72998,0.504774,0.471953][0.374495,0.949674,0][-0.18026,-1.27093,0.166828][-0.72998,0.504774,0.471953][0.374495,0.949674,0][-0.2033,-1.27123,0.10538][-0.897206,0.430072,0.120022][0.37767,0.942162,0][-0.2614,-1.42531,0.164788][-0.985033,0.17426,0.002463][0.399739,0.946493,0][-0.17344,-1.29281,-0.093154][-0.641306,0.455117,-0.628261][0.377042,0.918093,0][-0.23572,-1.41541,-0.124886][-0.831378,0.137833,-0.544695][0.395339,0.91753,0][-0.25592,-1.43245,-0.035256][-0.98361,0.124861,-0.132834][0.399851,0.926174,0][-0.25592,-1.43245,-0.035256][-0.98361,0.124861,-0.132834][0.399851,0.926174,0][-0.20188,-1.27873,-0.018488][-0.880885,0.423731,-0.222454][0.378447,0.92807,0][-0.17344,-1.29281,-0.093154][-0.641306,0.455117,-0.628261][0.377042,0.918093,0][-0.2575,-1.41101,0.244654][-0.886443,0.215611,0.415336][0.398737,0.955199,0][-0.18524,-1.40893,0.326988][-0.504167,0.207586,0.84814][0.402188,0.968833,0][-0.12354,-1.27691,0.216242][-0.150007,0.557418,0.829797][0.375103,0.961052,0][-0.12354,-1.27691,0.216242][-0.150007,0.557418,0.829797][0.375103,0.961052,0][-0.18026,-1.27093,0.166828][-0.72998,0.504774,0.471953][0.374495,0.949674,0][-0.2575,-1.41101,0.244654][-0.886443,0.215611,0.415336][0.398737,0.955199,0][-0.09974,-1.30849,-0.133654][-0.062047,0.508601,-0.871591][0.3799,0.907557,0][-0.14214,-1.42155,-0.208294][-0.399585,0.082708,-0.923155][0.398198,0.902783,0][-0.23572,-1.41541,-0.124886][-0.831378,0.137833,-0.544695][0.395339,0.91753,0][-0.23572,-1.41541,-0.124886][-0.831378,0.137833,-0.544695][0.395339,0.91753,0][-0.17344,-1.29281,-0.093154][-0.641306,0.455117,-0.628261][0.377042,0.918093,0][-0.09974,-1.30849,-0.133654][-0.062047,0.508601,-0.871591][0.3799,0.907557,0][-0.12354,-1.27691,0.216242][-0.150007,0.557418,0.829797][0.375103,0.961052,0][-0.18524,-1.40893,0.326988][-0.504167,0.207586,0.84814][0.402188,0.968833,0][-0.02922,-1.42701,0.372526][-0.040477,0.18338,0.993468][0.407991,0.985925,0][-0.02922,-1.42701,0.372526][-0.040477,0.18338,0.993468][0.407991,0.985925,0][-0.0244401,-1.31875,0.175046][0.019949,0.625203,0.794352][0.37584,0.975551,0][-0.12354,-1.27691,0.216242][-0.150007,0.557418,0.829797][0.375103,0.961052,0][-0.00484002,-1.44213,-0.228306][0.04759,0.064865,-1.00785][0.403901,0.886398,0][-0.14214,-1.42155,-0.208294][-0.399585,0.082708,-0.923155][0.398198,0.902783,0][-0.09974,-1.30849,-0.133654][-0.062047,0.508601,-0.871591][0.3799,0.907557,0][-0.09974,-1.30849,-0.133654][-0.062047,0.508601,-0.871591][0.3799,0.907557,0][0.02088,-1.34783,-0.096992][0.044438,0.633888,-0.786415][0.381905,0.889459,0][-0.00484002,-1.44213,-0.228306][0.04759,0.064865,-1.00785][0.403901,0.886398,0][-0.02922,-1.42701,0.372526][-0.040477,0.18338,0.993468][0.305511,0.78259,0][0.12678,-1.45963,0.342512][0.377597,-0.026351,0.935858][0.292803,0.802466,0][0.05456,-1.30203,0.25874][-0.307802,0.612937,0.741442][0.278529,0.790921,0][0.05456,-1.30203,0.25874][-0.307802,0.612937,0.741442][0.278529,0.790921,0][-0.0244401,-1.31875,0.175046][0.019949,0.625203,0.794352][0.278531,0.776794,0][-0.02922,-1.42701,0.372526][-0.040477,0.18338,0.993468][0.305511,0.78259,0][0.11334,-1.33801,-0.132368][0.005411,0.498262,-0.879765][0.277907,0.881336,0][0.12892,-1.46559,-0.19481][0.421261,-0.118462,-0.909303][0.297235,0.879186,0][-0.00484002,-1.44213,-0.228306][0.04759,0.064865,-1.00785][0.301844,0.896231,0][-0.00484002,-1.44213,-0.228306][0.04759,0.064865,-1.00785][0.301844,0.896231,0][0.02088,-1.34783,-0.096992][0.044438,0.633888,-0.786415][0.281688,0.894276,0][0.11334,-1.33801,-0.132368][0.005411,0.498262,-0.879765][0.277907,0.881336,0][0.12678,-1.45963,0.342512][0.377597,-0.026351,0.935858][0.292803,0.802466,0][0.20762,-1.48653,0.267816][0.681079,-0.170425,0.720439][0.294202,0.815311,0][0.17786,-1.31967,0.266942][0.381114,0.284085,0.890557][0.271027,0.809148,0][0.17786,-1.31967,0.266942][0.381114,0.284085,0.890557][0.271027,0.809148,0][0.05456,-1.30203,0.25874][-0.307802,0.612937,0.741442][0.278529,0.790921,0][0.12678,-1.45963,0.342512][0.377597,-0.026351,0.935858][0.292803,0.802466,0][0.2098,-1.35289,-0.107872][0.587377,0.153592,-0.803736][0.273791,0.867545,0][0.21318,-1.48831,-0.102544][0.7152,-0.278666,-0.649398][0.29134,0.865226,0][0.12892,-1.46559,-0.19481][0.421261,-0.118462,-0.909303][0.297235,0.879186,0][0.12892,-1.46559,-0.19481][0.421261,-0.118462,-0.909303][0.297235,0.879186,0][0.11334,-1.33801,-0.132368][0.005411,0.498262,-0.879765][0.277907,0.881336,0][0.2098,-1.35289,-0.107872][0.587377,0.153592,-0.803736][0.273791,0.867545,0][0.20762,-1.48653,0.267816][0.681079,-0.170425,0.720439][0.294202,0.815311,0][0.27256,-1.51065,0.185102][0.777632,-0.168234,0.613019][0.296591,0.82849,0][0.27258,-1.33617,0.177214][0.80178,0.036839,0.603117][0.27244,0.82541,0][0.27258,-1.33617,0.177214][0.80178,0.036839,0.603117][0.27244,0.82541,0][0.17786,-1.31967,0.266942][0.381114,0.284085,0.890557][0.271027,0.809148,0][0.20762,-1.48653,0.267816][0.681079,-0.170425,0.720439][0.294202,0.815311,0][0.28278,-1.34901,-0.023208][0.809799,-0.075181,-0.588424][0.274007,0.852912,0][0.27938,-1.51949,0.003772][0.797256,-0.285168,-0.539612][0.297561,0.850021,0][0.21318,-1.48831,-0.102544][0.7152,-0.278666,-0.649398][0.29134,0.865226,0][0.21318,-1.48831,-0.102544][0.7152,-0.278666,-0.649398][0.29134,0.865226,0][0.2098,-1.35289,-0.107872][0.587377,0.153592,-0.803736][0.273791,0.867545,0][0.28278,-1.34901,-0.023208][0.809799,-0.075181,-0.588424][0.274007,0.852912,0][-0.2549,-1.43055,0.067972][-0.987988,0.151673,-0.037503][0.402829,0.937192,0][-0.20188,-1.27873,-0.018488][-0.880885,0.423731,-0.222454][0.378447,0.92807,0][-0.25592,-1.43245,-0.035256][-0.98361,0.124861,-0.132834][0.399851,0.926174,0][0.27256,-1.51065,0.185102][0.777632,-0.168234,0.613019][0.296591,0.82849,0][0.33124,-1.52457,0.097506][0.967749,-0.245533,0.067743][0.298986,0.839753,0][0.32838,-1.34857,0.0682][0.997873,-0.065254,0.009267][0.272876,0.84061,0][0.32838,-1.34857,0.0682][0.997873,-0.065254,0.009267][0.272876,0.84061,0][0.27258,-1.33617,0.177214][0.80178,0.036839,0.603117][0.27244,0.82541,0][0.27256,-1.51065,0.185102][0.777632,-0.168234,0.613019][0.296591,0.82849,0][0.32838,-1.34857,0.0682][0.997873,-0.065254,0.009267][0.272876,0.84061,0][0.33124,-1.52457,0.097506][0.967749,-0.245533,0.067743][0.298986,0.839753,0][0.27938,-1.51949,0.003772][0.797256,-0.285168,-0.539612][0.297561,0.850021,0][0.27938,-1.51949,0.003772][0.797256,-0.285168,-0.539612][0.297561,0.850021,0][0.28278,-1.34901,-0.023208][0.809799,-0.075181,-0.588424][0.274007,0.852912,0][0.32838,-1.34857,0.0682][0.997873,-0.065254,0.009267][0.272876,0.84061,0][-0.2033,-1.27123,0.10538][-0.897206,0.430072,0.120022][0.37767,0.942162,0][-0.20188,-1.27873,-0.018488][-0.880885,0.423731,-0.222454][0.378447,0.92807,0][-0.2549,-1.43055,0.067972][-0.987988,0.151673,-0.037503][0.402829,0.937192,0][-0.2033,-1.27123,0.10538][-0.897206,0.430072,0.120022][0.37767,0.942162,0][-0.2549,-1.43055,0.067972][-0.987988,0.151673,-0.037503][0.402829,0.937192,0][-0.2614,-1.42531,0.164788][-0.985033,0.17426,0.002463][0.399739,0.946493,0]