version 1.00
2070
[0.48369,-1.61327,1.47904][0.252148,-0.675639,0.692772][0.673986,0.797312,0][8.75217e-08,-1.34534,1.88216][-7.35153e-08,-0.651246,0.758867][0.619629,0.864259,0][9.33365e-08,-1.61327,1.56432][-5.96809e-08,-0.675639,0.737233][0.614129,0.794146,0][8.75217e-08,-1.34534,1.88216][-7.35153e-08,-0.651246,0.758867][0.619629,0.864259,0][0.48369,-1.61327,1.47904][0.252148,-0.675639,0.692772][0.673986,0.797312,0][0.592396,-1.34534,1.7777][0.259548,-0.651246,0.713102][0.668044,0.865425,0][8.75217e-08,-1.34534,1.88216][-7.35153e-08,-0.651246,0.758867][0.619629,0.864259,0][-0.483691,-1.61327,1.47904][-0.252149,-0.675639,0.692772][0.559636,0.797622,0][9.33365e-08,-1.61327,1.56432][-5.96809e-08,-0.675639,0.737233][0.614129,0.794146,0][0.592396,-1.34534,1.7777][0.259548,-0.651246,0.713102][0.668044,0.865425,0][0.379797,-1.03332,2.01499][0.149277,-0.510874,0.846596][0.64374,0.914536,0][8.75217e-08,-1.34534,1.88216][-7.35153e-08,-0.651246,0.758867][0.619629,0.864259,0][0.379797,-1.03332,2.01499][0.149277,-0.510874,0.846596][0.64374,0.914536,0][0.592396,-1.34534,1.7777][0.259548,-0.651246,0.713102][0.668044,0.865425,0][0.660732,-1.03332,1.96546][0.317905,-0.368838,0.873439][0.667208,0.914923,0][0.537692,-0.998372,1.99426][0.170261,-0.196527,0.965603][0.659872,0.920622,0][0.379797,-1.03332,2.01499][0.149277,-0.510874,0.846596][0.64374,0.914536,0][0.660732,-1.03332,1.96546][0.317905,-0.368838,0.873439][0.667208,0.914923,0][0.537692,-0.998372,1.99426][0.170261,-0.196527,0.965603][0.659872,0.920622,0][0.660732,-1.03332,1.96546][0.317905,-0.368838,0.873439][0.667208,0.914923,0][0.670326,-0.895493,1.99182][0.406181,-0.198853,0.891894][0.668081,0.933169,0][0.379797,-1.03332,2.01499][0.149277,-0.510874,0.846596][0.64374,0.914536,0][8.531e-08,-1.15655,2.00305][0.0356957,-0.53892,0.841601][0.612559,0.888883,0][8.75217e-08,-1.34534,1.88216][-7.35153e-08,-0.651246,0.758867][0.619629,0.864259,0][-0.592398,-1.34534,1.7777][-0.213669,-0.743672,0.63348][0.579152,0.859456,0][8.75217e-08,-1.34534,1.88216][-7.35153e-08,-0.651246,0.758867][0.619629,0.864259,0][8.531e-08,-1.15655,2.00305][0.0356957,-0.53892,0.841601][0.612559,0.888883,0][-0.483691,-1.61327,1.47904][-0.252149,-0.675639,0.692772][0.559636,0.797622,0][8.75217e-08,-1.34534,1.88216][-7.35153e-08,-0.651246,0.758867][0.619629,0.864259,0][-0.592398,-1.34534,1.7777][-0.213669,-0.743672,0.63348][0.579152,0.859456,0][-0.706694,-1.34534,1.71172][-0.325146,-0.759686,0.563167][0.567537,0.857755,0][-0.483691,-1.61327,1.47904][-0.252149,-0.675639,0.692772][0.559636,0.797622,0][-0.592398,-1.34534,1.7777][-0.213669,-0.743672,0.63348][0.579152,0.859456,0][-0.920659,-1.38344,1.53678][-0.325146,-0.759686,0.563167][0.544657,0.845353,0][-0.483691,-1.61327,1.47904][-0.252149,-0.675639,0.692772][0.559636,0.797622,0][-0.706694,-1.34534,1.71172][-0.325146,-0.759686,0.563167][0.567537,0.857755,0][-0.483691,-1.61327,1.47904][-0.252149,-0.675639,0.692772][0.559636,0.797622,0][-0.920659,-1.38344,1.53678][-0.325146,-0.759686,0.563167][0.544657,0.845353,0][-0.885098,-1.55291,1.3287][-0.325146,-0.759686,0.563167][0.530818,0.801472,0][-0.483691,-1.61327,1.47904][-0.252149,-0.675639,0.692772][0.559636,0.797622,0][-0.885098,-1.55291,1.3287][-0.325146,-0.759686,0.563167][0.530818,0.801472,0][-0.90904,-1.61327,1.23346][-0.473542,-0.616289,0.629242][0.523541,0.785183,0][-1.11334,-1.34534,1.47694][-0.522768,-0.622569,0.582341][0.973814,0.099643,0][-0.920659,-1.38344,1.53678][-0.325145,-0.759686,0.563167][0.973814,0.0979053,0][-0.779124,-1.34534,1.6699][-0.415678,-0.555742,0.719974][0.973814,0.10863,0][9.33365e-08,-1.61327,1.56432][-5.96809e-08,-0.675639,0.737233][0.39502,0.800342,0][0.471636,-1.66563,1.44592][0.129854,-0.925123,0.35677][0.388304,0.801585,0][0.48369,-1.61327,1.47904][0.252148,-0.675639,0.692772][0.388549,0.801724,0][0.471636,-1.66563,1.44592][0.129854,-0.925123,0.35677][0.388304,0.801585,0][9.33365e-08,-1.61327,1.56432][-5.96809e-08,-0.675639,0.737233][0.39502,0.800342,0][9.0605e-08,-1.66563,1.52908][3.67233e-08,-0.925123,0.379668][0.394614,0.800238,0][0.886386,-1.66563,1.20646][0.244045,-0.925123,0.290841][0.380838,0.802276,0][0.48369,-1.61327,1.47904][0.252148,-0.675639,0.692772][0.388549,0.801724,0][0.471636,-1.66563,1.44592][0.129854,-0.925123,0.35677][0.388304,0.801585,0][0.48369,-1.61327,1.47904][0.252148,-0.675639,0.692772][0.388549,0.801724,0][0.886386,-1.66563,1.20646][0.244045,-0.925123,0.290841][0.380838,0.802276,0][0.909039,-1.61327,1.23346][0.473884,-0.67564,0.564753][0.380892,0.802433,0][1.22475,-1.61327,0.857216][0.574821,-0.72231,0.384511][0.372974,0.802385,0][0.909039,-1.61327,1.23346][0.473884,-0.67564,0.564753][0.380892,0.802433,0][0.886386,-1.66563,1.20646][0.244045,-0.925123,0.290841][0.380838,0.802276,0][1.22475,-1.61327,0.857216][0.574821,-0.72231,0.384511][0.372974,0.802385,0][0.886386,-1.66563,1.20646][0.244045,-0.925123,0.290841][0.380838,0.802276,0][1.16409,-1.66563,0.875506][0.324202,-0.906029,0.272037][0.373873,0.802234,0][-0.155634,0.88236,-2.92088][0.526526,0.332527,-0.782429][0.75553,0.0093987,0][-0.127788,0.830405,-2.92422][0.526526,0.332527,-0.782429][0.759758,0.0183976,0][-0.172181,0.823093,-2.9572][0.526526,0.332527,-0.782429][0.767783,0.0181181,0][-7.78129e-07,-0.15184,-2.60814][0.0158714,-0.273936,-0.961617][0.753017,0.206566,0][0.188595,-0.246483,-2.53168][0.119767,0.881824,-0.456117][0.741853,0.226884,0][-7.77092e-07,-0.268538,-2.57445][8.47082e-05,0.634668,-0.772785][0.753097,0.228738,0][0.188595,-0.246483,-2.53168][0.119767,0.881824,-0.456117][0.741853,0.226884,0][-7.78129e-07,-0.15184,-2.60814][0.0158714,-0.273936,-0.961617][0.753017,0.206566,0][0.146103,-0.057981,-2.59608][0.244858,-0.265464,-0.932509][0.744003,0.190595,0][0.188595,-0.246483,-2.53168][0.119767,0.881824,-0.456117][0.741853,0.226884,0][0.146103,-0.057981,-2.59608][0.244858,-0.265464,-0.932509][0.744003,0.190595,0][0.168565,-0.0521534,-2.5918][0.117194,0.887167,-0.446318][0.742636,0.189771,0][-0.660734,-1.03332,1.96546][-0.317906,-0.368838,0.873438][0.884315,0.547328,0][-1.24177,-1.03332,1.62999][-0.597468,-0.368838,0.712033][0.983303,0.55698,0][-1.11334,-1.34534,1.47694][-0.522768,-0.622569,0.582341][0.977967,0.490486,0][-0.660734,-1.03332,1.96546][-0.317906,-0.368838,0.873438][0.884315,0.547328,0][-1.11334,-1.34534,1.47694][-0.522768,-0.622569,0.582341][0.977967,0.490486,0][-0.779124,-1.34534,1.6699][-0.415678,-0.555742,0.719974][0.91308,0.479687,0][-0.779124,-1.34534,1.6699][-0.415678,-0.555742,0.719974][0.91308,0.479687,0][-0.596122,-1.32833,1.78794][-0.307981,-0.539141,0.783884][0.877628,0.48466,0][-0.660734,-1.03332,1.96546][-0.317906,-0.368838,0.873438][0.884315,0.547328,0][8.50643e-08,-1.13557,2.01648][-0.0222462,-0.53913,0.841928][0.817118,0.521523,0][-0.660734,-1.03332,1.96546][-0.317906,-0.368838,0.873438][0.884315,0.547328,0][-0.596122,-1.32833,1.78794][-0.307981,-0.539141,0.783884][0.877628,0.48466,0][-0.660734,-1.03332,1.96546][-0.317906,-0.368838,0.873438][0.884315,0.547328,0][8.50643e-08,-1.13557,2.01648][-0.0222462,-0.53913,0.841928][0.817118,0.521523,0][8.38664e-08,-1.03332,2.08196][0.00854726,-0.37391,0.927426][0.823507,0.541764,0][8.50643e-08,-1.13557,2.01648][-0.0222462,-0.53913,0.841928][0.817118,0.521523,0][0.341817,-0.999835,2.0285][0.172361,-0.230078,0.957787][0.792632,0.532847,0][8.38664e-08,-1.03332,2.08196][0.00854726,-0.37391,0.927426][0.823507,0.541764,0][-0.684042,-0.698483,2.02949][-0.341427,-0.0588741,0.938062][0.89161,0.605403,0][-1.24177,-1.03332,1.62999][-0.597468,-0.368838,0.712033][0.983303,0.55698,0][-0.660734,-1.03332,1.96546][-0.317906,-0.368838,0.873438][0.884315,0.547328,0][8.26196e-08,-0.698483,2.15011][1.42703e-05,-0.0588747,0.998265][0.829923,0.593835,0][-0.660734,-1.03332,1.96546][-0.317906,-0.368838,0.873438][0.884315,0.547328,0][8.38664e-08,-1.03332,2.08196][0.00854726,-0.37391,0.927426][0.823507,0.541764,0][8.26196e-08,-0.698483,2.15011][1.42703e-05,-0.0588747,0.998265][0.829923,0.593835,0][8.38664e-08,-1.03332,2.08196][0.00854726,-0.37391,0.927426][0.823507,0.541764,0][0.341817,-0.999835,2.0285][0.172361,-0.230078,0.957787][0.792632,0.532847,0][8.26196e-08,-0.698483,2.15011][1.42703e-05,-0.0588747,0.998265][0.829923,0.593835,0][-0.684042,-0.698483,2.02949][-0.341427,-0.0588741,0.938062][0.89161,0.605403,0][-0.660734,-1.03332,1.96546][-0.317906,-0.368838,0.873438][0.884315,0.547328,0][-0.684042,-0.698483,2.02949][-0.341427,-0.0588741,0.938062][0.89161,0.605403,0][-1.28558,-0.698483,1.6822][-0.641673,-0.0588742,0.764715][0.986962,0.622285,0][-1.24177,-1.03332,1.62999][-0.597468,-0.368838,0.712033][0.983303,0.55698,0][-1.28558,-0.698483,1.6822][-0.641673,-0.0588742,0.764715][0.986962,0.622285,0][-0.684042,-0.698483,2.02949][-0.341427,-0.0588741,0.938062][0.89161,0.605403,0][-0.843853,-0.464537,1.91559][-0.498405,0.0798404,0.86326][0.913682,0.653255,0][-1.27107,-0.42109,1.66491][-0.648043,0.0810599,0.757278][0.985844,0.67695,0][-1.28558,-0.698483,1.6822][-0.641673,-0.0588742,0.764715][0.986962,0.622285,0][-0.843853,-0.464537,1.91559][-0.498405,0.0798404,0.86326][0.913682,0.653255,0][-0.684042,-0.698483,2.02949][-0.341427,-0.0588741,0.938062][0.89161,0.605403,0][-0.674173,-0.343703,2.00238][-0.308194,0.0810159,0.947868][0.893753,0.669198,0][-0.843853,-0.464537,1.91559][-0.498405,0.0798404,0.86326][0.913682,0.653255,0][8.30783e-08,-0.390238,2.12504][0.0033215,0.0810639,0.996703][0.847301,0.646427,0][-0.674173,-0.343703,2.00238][-0.308194,0.0810159,0.947868][0.893753,0.669198,0][-0.684042,-0.698483,2.02949][-0.341427,-0.0588741,0.938062][0.89161,0.605403,0][8.30783e-08,-0.390238,2.12504][0.0033215,0.0810639,0.996703][0.847301,0.646427,0][-0.684042,-0.698483,2.02949][-0.341427,-0.0588741,0.938062][0.89161,0.605403,0][8.26196e-08,-0.698483,2.15011][1.42703e-05,-0.0588747,0.998265][0.829923,0.593835,0][8.30783e-08,-0.390238,2.12504][0.0033215,0.0810639,0.996703][0.847301,0.646427,0][8.26196e-08,-0.698483,2.15011][1.42703e-05,-0.0588747,0.998265][0.829923,0.593835,0][0.450009,-0.329785,2.04077][0.173132,0.0797658,0.981663][0.801732,0.645537,0][8.26196e-08,-0.698483,2.15011][1.42703e-05,-0.0588747,0.998265][0.829923,0.593835,0][0.684025,-0.69848,2.02945][0.420225,-0.0487618,0.906109][0.755073,0.568653,0][0.450009,-0.329785,2.04077][0.173132,0.0797658,0.981663][0.801732,0.645537,0][0.684025,-0.69848,2.02945][0.420225,-0.0487618,0.906109][0.755073,0.568653,0][8.26196e-08,-0.698483,2.15011][1.42703e-05,-0.0588747,0.998265][0.829923,0.593835,0][0.341817,-0.999835,2.0285][0.172361,-0.230078,0.957787][0.792632,0.532847,0][0.341817,-0.999835,2.0285][0.172361,-0.230078,0.957787][0.792632,0.532847,0][0.522493,-0.981625,2.00035][0.17022,-0.19635,0.965646][0.767022,0.526763,0][0.684025,-0.69848,2.02945][0.420225,-0.0487618,0.906109][0.755073,0.568653,0][0.522493,-0.981625,2.00035][0.17022,-0.19635,0.965646][0.767022,0.526763,0][0.672725,-0.861037,1.99841][0.26239,-0.198594,0.944305][0.745736,0.542843,0][0.684025,-0.69848,2.02945][0.420225,-0.0487618,0.906109][0.755073,0.568653,0][0.740723,-0.800013,1.97327][0.561438,-0.137969,0.815936][0.734809,0.550179,0][0.684025,-0.69848,2.02945][0.420225,-0.0487618,0.906109][0.755073,0.568653,0][0.672725,-0.861037,1.99841][0.26239,-0.198594,0.944305][0.745736,0.542843,0][0.740723,-0.800013,1.97327][0.561438,-0.137969,0.815936][0.734809,0.550179,0][0.744288,-0.694013,1.96952][0.706124,-0.0430729,0.706777][0.73662,0.56599,0][0.684025,-0.69848,2.02945][0.420225,-0.0487618,0.906109][0.755073,0.568653,0][0.684025,-0.69848,2.02945][0.420225,-0.0487618,0.906109][0.755073,0.568653,0][0.672211,-0.27324,1.99699][0.398201,0.0784435,0.913938][0.759509,0.636822,0][0.450009,-0.329785,2.04077][0.173132,0.0797658,0.981663][0.801732,0.645537,0][0.684025,-0.69848,2.02945][0.420225,-0.0487618,0.906109][0.755073,0.568653,0][0.744288,-0.694013,1.96952][0.706124,-0.0430729,0.706777][0.73662,0.56599,0][0.818938,-0.527786,1.91207][0.586998,0.0429514,0.808448][0.721623,0.588327,0][0.672211,-0.27324,1.99699][0.398201,0.0784435,0.913938][0.759509,0.636822,0][0.684025,-0.69848,2.02945][0.420225,-0.0487618,0.906109][0.755073,0.568653,0][0.818938,-0.527786,1.91207][0.586998,0.0429514,0.808448][0.721623,0.588327,0][0.818938,-0.527786,1.91207][0.586998,0.0429514,0.808448][0.721623,0.588327,0][0.869439,-0.225991,1.87876][0.469811,0.194001,0.861186][0.713282,0.628834,0][0.672211,-0.27324,1.99699][0.398201,0.0784435,0.913938][0.759509,0.636822,0][0.672211,-0.27324,1.99699][0.398201,0.0784435,0.913938][0.759509,0.636822,0][0.869439,-0.225991,1.87876][0.469811,0.194001,0.861186][0.713282,0.628834,0][0.931573,-0.0718996,1.79486][0.441698,0.285048,0.850677][0.68793,0.650126,0][0.592396,-1.34534,1.7777][0.259548,-0.651246,0.713102][0.668048,0.865424,0][0.909039,-1.61327,1.23346][0.473884,-0.67564,0.564753][0.634085,0.800584,0][1.11334,-1.34534,1.47694][0.48779,-0.651246,0.581326][0.625214,0.869938,0][0.909039,-1.61327,1.23346][0.473884,-0.67564,0.564753][0.634085,0.800584,0][0.592396,-1.34534,1.7777][0.259548,-0.651246,0.713102][0.668048,0.865424,0][0.48369,-1.61327,1.47904][0.252148,-0.675639,0.692772][0.67399,0.797312,0][1.22475,-1.61327,0.857216][0.574821,-0.72231,0.384511][0.579358,0.800494,0][1.11334,-1.34534,1.47694][0.48779,-0.651246,0.581326][0.625214,0.869938,0][0.909039,-1.61327,1.23346][0.473884,-0.67564,0.564753][0.634085,0.800584,0][1.11334,-1.34534,1.47694][0.48779,-0.651246,0.581326][0.625214,0.869938,0][0.660732,-1.03332,1.96546][0.317905,-0.368838,0.873439][0.66721,0.914922,0][0.592396,-1.34534,1.7777][0.259548,-0.651246,0.713102][0.668048,0.865424,0][1.11334,-1.34534,1.47694][0.48779,-0.651246,0.581326][0.625214,0.869938,0][1.22475,-1.61327,0.857216][0.574821,-0.72231,0.384511][0.579358,0.800494,0][1.5,-1.34534,1.01613][0.657198,-0.651246,0.379433][0.586086,0.860989,0][1.4111,-1.53121,0.625523][0.611073,-0.759686,0.222413][0.55299,0.813156,0][1.5,-1.34534,1.01613][0.657198,-0.651246,0.379433][0.586086,0.860989,0][1.22475,-1.61327,0.857216][0.574821,-0.72231,0.384511][0.579358,0.800494,0][1.70574,-1.34534,0.450876][0.770857,-0.601014,0.211098][0.542475,0.859702,0][1.5,-1.34534,1.01613][0.657198,-0.651246,0.379433][0.586086,0.860989,0][1.4111,-1.53121,0.625523][0.611073,-0.759686,0.222413][0.55299,0.813156,0][1.9025,-1.03332,0.485571][0.915373,-0.368838,0.161405][0.535957,0.915645,0][1.5,-1.34534,1.01613][0.657198,-0.651246,0.379433][0.586086,0.860989,0][1.70574,-1.34534,0.450876][0.770857,-0.601014,0.211098][0.542475,0.859702,0][1.70574,-1.34534,0.450876][0.770857,-0.601014,0.211098][0.542475,0.859702,0][1.9025,-1.03332,0.189335][0.954096,-0.299499,3.96544e-08][0.512233,0.916922,0][1.9025,-1.03332,0.485571][0.915373,-0.368838,0.161405][0.535957,0.915645,0][1.96962,-0.698483,0.497405][0.983192,-0.0588973,0.172812][0.539753,0.96773,0][1.9025,-1.03332,0.485571][0.915373,-0.368838,0.161405][0.535957,0.915645,0][1.9025,-1.03332,0.189335][0.954096,-0.299499,3.96544e-08][0.512233,0.916922,0][1.9025,-1.03332,0.189335][0.954096,-0.299499,3.96544e-08][0.512233,0.916922,0][1.95182,-0.787246,-0.0336204][0.99001,-0.140665,-0.00965607][0.501896,0.967383,0][1.96962,-0.698483,0.497405][0.983192,-0.0588973,0.172812][0.539753,0.96773,0][1.9025,-1.03332,0.485571][0.915373,-0.368838,0.161405][0.535957,0.915645,0][1.67303,-1.03332,1.11603][0.804965,-0.368838,0.464747][0.578717,0.91166,0][1.5,-1.34534,1.01613][0.657198,-0.651246,0.379433][0.586086,0.860989,0][1.96962,-0.698483,0.497405][0.983192,-0.0588973,0.172812][0.539753,0.96773,0][1.67303,-1.03332,1.11603][0.804965,-0.368838,0.464747][0.578717,0.91166,0][1.9025,-1.03332,0.485571][0.915373,-0.368838,0.161405][0.535957,0.915645,0][1.11334,-1.34534,1.47694][0.48779,-0.651246,0.581326][0.625214,0.869938,0][1.5,-1.34534,1.01613][0.657198,-0.651246,0.379433][0.586086,0.860989,0][1.67303,-1.03332,1.11603][0.804965,-0.368838,0.464747][0.578717,0.91166,0][1.96962,-0.698483,0.497405][0.983192,-0.0588973,0.172812][0.539753,0.96773,0][1.73205,-0.698483,1.15011][0.864523,-0.058874,0.499133][0.581821,0.967567,0][1.67303,-1.03332,1.11603][0.804965,-0.368838,0.464747][0.578717,0.91166,0][1.67303,-1.03332,1.11603][0.804965,-0.368838,0.464747][0.578717,0.91166,0][1.24177,-1.03332,1.62999][0.595107,-0.364432,0.716266][0.611164,0.909906,0][1.11334,-1.34534,1.47694][0.48779,-0.651246,0.581326][0.625214,0.869938,0][1.73205,-0.698483,1.15011][0.864523,-0.058874,0.499133][0.581821,0.967567,0][1.24177,-1.03332,1.62999][0.595107,-0.364432,0.716266][0.611164,0.909906,0][1.67303,-1.03332,1.11603][0.804965,-0.368838,0.464747][0.578717,0.91166,0][0.660732,-1.03332,1.96546][0.317905,-0.368838,0.873439][0.66721,0.914922,0][1.11334,-1.34534,1.47694][0.48779,-0.651246,0.581326][0.625214,0.869938,0][1.24177,-1.03332,1.62999][0.595107,-0.364432,0.716266][0.611164,0.909906,0][1.73205,-0.698483,1.15011][0.864523,-0.058874,0.499133][0.581821,0.967567,0][1.28558,-0.698483,1.6822][0.628338,-0.061655,0.775493][0.619844,0.965303,0][1.24177,-1.03332,1.62999][0.595107,-0.364432,0.716266][0.611164,0.909906,0][1.24177,-1.03332,1.62999][0.595107,-0.364432,0.716266][0.611164,0.909906,0][1.28558,-0.698483,1.6822][0.628338,-0.061655,0.775493][0.619844,0.965303,0][0.789562,-0.703256,1.94384][0.508069,-0.0139879,0.861203][0.65466,0.954372,0][1.24177,-1.03332,1.62999][0.595107,-0.364432,0.716266][0.611164,0.909906,0][0.789562,-0.703256,1.94384][0.508069,-0.0139879,0.861203][0.65466,0.954372,0][0.765776,-0.811678,1.95611][0.522106,-0.120939,0.844262][0.659466,0.94398,0][0.660732,-1.03332,1.96546][0.317905,-0.368838,0.873439][0.66721,0.914922,0][1.24177,-1.03332,1.62999][0.595107,-0.364432,0.716266][0.611164,0.909906,0][0.765776,-0.811678,1.95611][0.522106,-0.120939,0.844262][0.659466,0.94398,0][0.670326,-0.895493,1.99182][0.406181,-0.198853,0.891894][0.66804,0.933176,0][0.660732,-1.03332,1.96546][0.317905,-0.368838,0.873439][0.66721,0.914922,0][0.765776,-0.811678,1.95611][0.522106,-0.120939,0.844262][0.659466,0.94398,0][1.30302,-1.61327,0.642164][0.666087,-0.705374,0.242437][0.97453,0.149765,0][1.4111,-1.53121,0.625523][0.611073,-0.759686,0.222414][0.972129,0.268485,0][1.25034,-1.61327,0.786882][0.755627,-0.594465,0.275026][0.971934,0.115228,0][1.30302,-1.61327,0.642164][0.666087,-0.705374,0.242437][0.97453,0.149765,0][1.25034,-1.61327,0.786882][0.755627,-0.594465,0.275026][0.971934,0.115228,0][1.24949,-1.66563,0.68774][0.289333,-0.951418,0.105308][0.975136,0.0828298,0][1.24949,-1.66563,0.68774][0.289333,-0.951418,0.105308][0.975136,0.0828298,0][1.25034,-1.61327,0.786882][0.755627,-0.594465,0.275026][0.971934,0.115228,0][1.19422,-1.66563,0.839595][0.0890351,-0.995501,0.0324056][0.972412,0.0465899,0][0.235536,0.260384,-2.43741][0.0648816,0.0100166,-0.997843][0.689468,0.148313,0][0.296797,0.173381,-2.4343][0.0176099,0.217012,-0.97601][0.692052,0.153575,0][0.245279,0.163921,-2.43715][0.00406613,0.273886,-0.961753][0.692783,0.154145,0][0.296797,0.173381,-2.4343][0.0176099,0.217012,-0.97601][0.692052,0.153575,0][0.235536,0.260384,-2.43741][0.0648816,0.0100166,-0.997843][0.689468,0.148313,0][0.285254,0.294268,-2.43325][0.0648816,0.0100166,-0.997843][0.687705,0.146267,0][-1.39273,-1.61327,-0.0954673][-0.726033,-0.675638,-0.12802][0.360094,0.80013,0][-1.35802,-1.66563,0.389564][-0.3739,-0.925123,0.0659282][0.366076,0.801449,0][-1.39273,-1.61327,0.395684][-0.726032,-0.675639,0.128019][0.365753,0.801585,0][-1.35802,-1.66563,0.389564][-0.3739,-0.925123,0.0659282][0.366076,0.801449,0][-1.39273,-1.61327,-0.0954673][-0.726033,-0.675638,-0.12802][0.360094,0.80013,0][-1.35802,-1.66563,-0.0893475][-0.3739,-0.925123,-0.065929][0.360558,0.800031,0][-1.19422,-1.66563,0.839594][-0.328802,-0.925123,0.189833][0.373121,0.802229,0][-1.39273,-1.61327,0.395684][-0.726032,-0.675639,0.128019][0.365753,0.801585,0][-1.35802,-1.66563,0.389564][-0.3739,-0.925123,0.0659282][0.366076,0.801449,0][-1.39273,-1.61327,0.395684][-0.726032,-0.675639,0.128019][0.365753,0.801585,0][-1.19422,-1.66563,0.839594][-0.328802,-0.925123,0.189833][0.373121,0.802229,0][-1.22475,-1.61327,0.857215][-0.638462,-0.675639,0.368616][0.372977,0.802384,0][-1.0182,-1.66563,1.04937][-0.183899,-0.970757,0.154309][0.377535,0.802255,0][-1.22475,-1.61327,0.857215][-0.638462,-0.675639,0.368616][0.372977,0.802384,0][-1.19422,-1.66563,0.839594][-0.328802,-0.925123,0.189833][0.373121,0.802229,0][-1.01444,-1.61327,1.10785][-0.542121,-0.706525,0.454893][0.378252,0.802416,0][-1.22475,-1.61327,0.857215][-0.638462,-0.675639,0.368616][0.372977,0.802384,0][-1.0182,-1.66563,1.04937][-0.183899,-0.970757,0.154309][0.377535,0.802255,0][-0.90904,-1.61327,1.23346][-0.473542,-0.616289,0.629242][0.380895,0.802432,0][-1.0182,-1.66563,1.04937][-0.183899,-0.970757,0.154309][0.377535,0.802255,0][-0.886386,-1.66563,1.20646][-0.244046,-0.925123,0.290842][0.380841,0.802275,0][-0.483691,-1.61327,1.47904][-0.252149,-0.675639,0.692772][0.388552,0.801722,0][-0.90904,-1.61327,1.23346][-0.473542,-0.616289,0.629242][0.380895,0.802432,0][-0.886386,-1.66563,1.20646][-0.244046,-0.925123,0.290842][0.380841,0.802275,0][-0.483691,-1.61327,1.47904][-0.252149,-0.675639,0.692772][0.388552,0.801722,0][-0.886386,-1.66563,1.20646][-0.244046,-0.925123,0.290842][0.380841,0.802275,0][-0.471637,-1.66563,1.44592][-0.129854,-0.925123,0.356771][0.388307,0.801584,0][9.33365e-08,-1.61327,1.56432][-5.96809e-08,-0.675639,0.737233][0.395023,0.800342,0][-0.483691,-1.61327,1.47904][-0.252149,-0.675639,0.692772][0.388552,0.801722,0][-0.471637,-1.66563,1.44592][-0.129854,-0.925123,0.356771][0.388307,0.801584,0][9.33365e-08,-1.61327,1.56432][-5.96809e-08,-0.675639,0.737233][0.395023,0.800342,0][-0.471637,-1.66563,1.44592][-0.129854,-0.925123,0.356771][0.388307,0.801584,0][9.0605e-08,-1.66563,1.52908][3.67233e-08,-0.925123,0.379668][0.394617,0.800237,0][1.30923,-1.61327,0.62509][0.734466,-0.625285,0.263778][0.369341,0.801983,0][1.35802,-1.66563,0.389565][0.373901,-0.925123,0.0659285][0.366073,0.80145,0][1.39273,-1.61327,0.395685][0.729015,-0.672007,0.130168][0.36575,0.801585,0][1.35802,-1.66563,0.389565][0.373901,-0.925123,0.0659285][0.366073,0.80145,0][1.30923,-1.61327,0.62509][0.734466,-0.625285,0.263778][0.369341,0.801983,0][1.24949,-1.66563,0.68774][0.289333,-0.951418,0.105308][0.37074,0.801966,0][1.35802,-1.66563,0.389565][0.373901,-0.925123,0.0659285][0.366073,0.80145,0][1.39273,-1.61327,-0.0954669][0.726033,-0.675638,-0.128019][0.360091,0.800131,0][1.39273,-1.61327,0.395685][0.729015,-0.672007,0.130168][0.36575,0.801585,0][1.39273,-1.61327,-0.0954669][0.726033,-0.675638,-0.128019][0.360091,0.800131,0][1.35802,-1.66563,0.389565][0.373901,-0.925123,0.0659285][0.366073,0.80145,0][1.35802,-1.66563,-0.0893471][0.3739,-0.925123,-0.065929][0.360555,0.800032,0][1.39273,-1.61327,-0.0954669][0.726033,-0.675638,-0.128019][0.267173,0.707193,0][1.70574,-1.34534,0.407592][0.714666,-0.698134,0.0431459][0.18956,0.796731,0][1.39273,-1.61327,0.395685][0.729015,-0.672007,0.130168][0.209317,0.729392,0][1.4111,-1.53121,0.625523][0.625591,-0.749216,0.217513][0.18129,0.771354,0][1.39273,-1.61327,0.395685][0.729015,-0.672007,0.130168][0.209317,0.729392,0][1.70574,-1.34534,0.407592][0.714666,-0.698134,0.0431459][0.18956,0.796731,0][1.39273,-1.61327,0.395685][0.729015,-0.672007,0.130168][0.209317,0.729392,0][1.4111,-1.53121,0.625523][0.625591,-0.749216,0.217513][0.18129,0.771354,0][1.30923,-1.61327,0.62509][0.734466,-0.625285,0.263778][0.16748,0.742897,0][1.70574,-1.34534,0.407592][0.714666,-0.698134,0.0431459][0.18956,0.796731,0][1.39273,-1.61327,-0.0954669][0.726033,-0.675638,-0.128019][0.267173,0.707193,0][1.70574,-1.34534,-0.150659][0.747271,-0.651276,-0.132008][0.247246,0.778638,0][1.70574,-1.34534,-0.150659][0.747271,-0.651276,-0.132008][0.247246,0.778638,0][1.9025,-1.03332,0.138097][0.896147,-0.443756,-3.08939e-07][0.190965,0.832205,0][1.70574,-1.34534,0.407592][0.714666,-0.698134,0.0431459][0.18956,0.796731,0][1.39273,-1.61327,-0.0954669][0.726033,-0.675638,-0.128019][0.267173,0.707193,0][1.3284,-1.61327,-0.272215][0.674343,-0.696434,-0.245441][0.325118,0.691928,0][1.38264,-1.54969,-0.340367][0.611072,-0.759686,-0.222414][0.331901,0.709414,0][1.50676,-1.44572,-0.354479][0.611073,-0.759686,-0.222412][0.319353,0.73733,0][1.39273,-1.61327,-0.0954669][0.726033,-0.675638,-0.128019][0.267173,0.707193,0][1.38264,-1.54969,-0.340367][0.611072,-0.759686,-0.222414][0.331901,0.709414,0][1.70574,-1.34534,-0.150659][0.747271,-0.651276,-0.132008][0.247246,0.778638,0][1.39273,-1.61327,-0.0954669][0.726033,-0.675638,-0.128019][0.267173,0.707193,0][1.50676,-1.44572,-0.354479][0.611073,-0.759686,-0.222412][0.319353,0.73733,0][1.50676,-1.44572,-0.354479][0.611073,-0.759686,-0.222412][0.319353,0.73733,0][1.50574,-1.43427,-0.396378][0.611073,-0.759687,-0.222408][0.331675,0.740013,0][1.57474,-1.37804,-0.398868][0.624444,-0.746046,-0.231266][0.322951,0.752705,0][1.50676,-1.44572,-0.354479][0.611073,-0.759686,-0.222412][0.319353,0.73733,0][1.57474,-1.37804,-0.398868][0.624444,-0.746046,-0.231266][0.322951,0.752705,0][1.70574,-1.34534,-0.150659][0.747271,-0.651276,-0.132008][0.247246,0.778638,0][1.57474,-1.37804,-0.398868][0.624444,-0.746046,-0.231266][0.322951,0.752705,0][1.59673,-1.33742,-0.464756][0.75084,-0.600186,-0.275711][0.336482,0.763103,0][1.70574,-1.34534,-0.150659][0.747271,-0.651276,-0.132008][0.247246,0.778638,0][1.70574,-1.34534,-0.150659][0.747271,-0.651276,-0.132008][0.247246,0.778638,0][1.59673,-1.33742,-0.464756][0.75084,-0.600186,-0.275711][0.336482,0.763103,0][1.69259,-1.15527,-0.537228][0.794842,-0.533415,-0.289299][0.324461,0.793352,0][1.9025,-1.03332,0.138097][0.896147,-0.443756,-3.08939e-07][0.190965,0.832205,0][1.70574,-1.34534,-0.150659][0.747271,-0.651276,-0.132008][0.247246,0.778638,0][1.9025,-1.03332,-0.185354][0.916841,-0.365328,-0.161055][0.225234,0.8207,0][1.9025,-1.03332,-0.185354][0.916841,-0.365328,-0.161055][0.225234,0.8207,0][1.70574,-1.34534,-0.150659][0.747271,-0.651276,-0.132008][0.247246,0.778638,0][1.69259,-1.15527,-0.537228][0.794842,-0.533415,-0.289299][0.324461,0.793352,0][1.94654,-0.813607,-0.0498751][0.983413,-0.178984,-0.0293972][0.195114,0.855107,0][1.9025,-1.03332,0.138097][0.896147,-0.443756,-3.08939e-07][0.190965,0.832205,0][1.9025,-1.03332,-0.185354][0.916841,-0.365328,-0.161055][0.225234,0.8207,0][1.94654,-0.813607,-0.0498751][0.983413,-0.178984,-0.0293972][0.195114,0.855107,0][1.9025,-1.03332,-0.185354][0.916841,-0.365328,-0.161055][0.225234,0.8207,0][1.956,-0.698483,-0.23459][0.95542,-0.140184,-0.259849][0.227634,0.881363,0][1.69259,-1.15527,-0.537228][0.794842,-0.533415,-0.289299][0.324461,0.793352,0][1.74845,-1.03332,-0.608605][0.866592,-0.386694,-0.315414][0.327362,0.816933,0][1.9025,-1.03332,-0.185354][0.916841,-0.365328,-0.161055][0.225234,0.8207,0][1.74845,-1.03332,-0.608605][0.866592,-0.386694,-0.315414][0.327362,0.816933,0][1.956,-0.698483,-0.23459][0.95542,-0.140184,-0.259849][0.227634,0.881363,0][1.9025,-1.03332,-0.185354][0.916841,-0.365328,-0.161055][0.225234,0.8207,0][1.69259,-1.15527,-0.537228][0.794842,-0.533415,-0.289299][0.324461,0.793352,0][1.69324,-1.11995,-0.600565][0.794842,-0.533415,-0.2893][0.343321,0.805979,0][1.74845,-1.03332,-0.608605][0.866592,-0.386694,-0.315414][0.327362,0.816933,0][1.956,-0.698483,-0.23459][0.95542,-0.140184,-0.259849][0.227634,0.881363,0][1.74845,-1.03332,-0.608605][0.866592,-0.386694,-0.315414][0.327362,0.816933,0][1.83167,-0.698483,-0.576203][0.938155,-0.0571721,-0.341461][0.297336,0.868308,0][-1.5,-1.34534,1.01613][-0.657198,-0.651246,0.379433][0.86335,0.50809,0][-1.70574,-1.34534,0.450876][-0.747338,-0.651246,0.131775][0.770044,0.496253,0][-1.39273,-1.61327,0.395684][-0.726032,-0.675639,0.128019][0.780221,0.427771,0][-1.5,-1.34534,1.01613][-0.657198,-0.651246,0.379433][0.86335,0.50809,0][-1.39273,-1.61327,0.395684][-0.726032,-0.675639,0.128019][0.780221,0.427771,0][-1.22475,-1.61327,0.857215][-0.638462,-0.675639,0.368616][0.862767,0.433366,0][-1.5,-1.34534,1.01613][-0.657198,-0.651246,0.379433][0.86335,0.50809,0][-1.22475,-1.61327,0.857215][-0.638462,-0.675639,0.368616][0.862767,0.433366,0][-1.01444,-1.61327,1.10785][-0.542121,-0.706525,0.454893][0.926594,0.421784,0][-1.00888,-1.53577,1.25533][-0.498151,-0.759686,0.417998][0.951491,0.438942,0][-1.5,-1.34534,1.01613][-0.657198,-0.651246,0.379433][0.86335,0.50809,0][-1.01444,-1.61327,1.10785][-0.542121,-0.706525,0.454893][0.926594,0.421784,0][-1.0518,-1.42605,1.40359][-0.498151,-0.759686,0.417998][0.978596,0.465882,0][-1.5,-1.34534,1.01613][-0.657198,-0.651246,0.379433][0.86335,0.50809,0][-1.00888,-1.53577,1.25533][-0.498151,-0.759686,0.417998][0.951491,0.438942,0][-1.11334,-1.34534,1.47694][-0.522768,-0.622569,0.582341][0.979524,0.488098,0][-1.5,-1.34534,1.01613][-0.657198,-0.651246,0.379433][0.86335,0.50809,0][-1.0518,-1.42605,1.40359][-0.498151,-0.759686,0.417998][0.978596,0.465882,0][-1.70574,-1.34534,-0.150659][-0.747338,-0.651246,-0.131776][0.709291,0.52616,0][-1.39273,-1.61327,0.395684][-0.726032,-0.675639,0.128019][0.780221,0.427771,0][-1.70574,-1.34534,0.450876][-0.747338,-0.651246,0.131775][0.770044,0.496253,0][-1.39273,-1.61327,0.395684][-0.726032,-0.675639,0.128019][0.780221,0.427771,0][-1.70574,-1.34534,-0.150659][-0.747338,-0.651246,-0.131776][0.709291,0.52616,0][-1.39273,-1.61327,-0.0954673][-0.726033,-0.675638,-0.12802][0.743297,0.432147,0][-1.22474,-1.61327,-0.556999][-0.638463,-0.675638,-0.368617][0.71731,0.441654,0][-1.39273,-1.61327,-0.0954673][-0.726033,-0.675638,-0.12802][0.743297,0.432147,0][-1.70574,-1.34534,-0.150659][-0.747338,-0.651246,-0.131776][0.709291,0.52616,0][-1.22474,-1.61327,-0.556999][-0.638463,-0.675638,-0.368617][0.71731,0.441654,0][-1.70574,-1.34534,-0.150659][-0.747338,-0.651246,-0.131776][0.709291,0.52616,0][-1.5,-1.34534,-0.715917][-0.642417,-0.704968,-0.300532][0.652291,0.526807,0][-1.5,-1.34534,-0.715917][-0.642417,-0.704968,-0.300532][0.652291,0.526807,0][-1.70574,-1.34534,-0.150659][-0.747338,-0.651246,-0.131776][0.709291,0.52616,0][-1.62749,-1.20008,-0.633464][-0.794842,-0.533415,-0.289299][0.637396,0.543693,0][-1.5,-1.34534,1.01613][-0.657198,-0.651246,0.379433][0.86335,0.50809,0][-1.9025,-1.03332,0.485571][-0.915373,-0.368837,0.161404][0.752836,0.564561,0][-1.70574,-1.34534,0.450876][-0.747338,-0.651246,0.131775][0.770044,0.496253,0][-1.9025,-1.03332,0.485571][-0.915373,-0.368837,0.161404][0.752836,0.564561,0][-1.70574,-1.34534,-0.150659][-0.747338,-0.651246,-0.131776][0.709291,0.52616,0][-1.70574,-1.34534,0.450876][-0.747338,-0.651246,0.131775][0.770044,0.496253,0][-1.11334,-1.34534,1.47694][-0.522768,-0.622569,0.582341][0.979524,0.488098,0][-1.67303,-1.03332,1.11603][-0.804965,-0.368838,0.464747][0.860091,0.570566,0][-1.5,-1.34534,1.01613][-0.657198,-0.651246,0.379433][0.86335,0.50809,0][-1.9025,-1.03332,0.485571][-0.915373,-0.368837,0.161404][0.752836,0.564561,0][-1.5,-1.34534,1.01613][-0.657198,-0.651246,0.379433][0.86335,0.50809,0][-1.67303,-1.03332,1.11603][-0.804965,-0.368838,0.464747][0.860091,0.570566,0][-1.67303,-1.03332,1.11603][-0.804965,-0.368838,0.464747][0.860091,0.570566,0][-1.11334,-1.34534,1.47694][-0.522768,-0.622569,0.582341][0.979524,0.488098,0][-1.24177,-1.03332,1.62999][-0.597468,-0.368838,0.712033][0.982409,0.557097,0][-1.9025,-1.03332,-0.185354][-0.915954,-0.366646,-0.163089][0.673294,0.574681,0][-1.62749,-1.20008,-0.633464][-0.794842,-0.533415,-0.289299][0.637396,0.543693,0][-1.70574,-1.34534,-0.150659][-0.747338,-0.651246,-0.131776][0.709291,0.52616,0][-1.9025,-1.03332,0.485571][-0.915373,-0.368837,0.161404][0.752836,0.564561,0][-1.9025,-1.03332,-0.185354][-0.915954,-0.366646,-0.163089][0.673294,0.574681,0][-1.70574,-1.34534,-0.150659][-0.747338,-0.651246,-0.131776][0.709291,0.52616,0][-1.62749,-1.20008,-0.633464][-0.794842,-0.533415,-0.289299][0.637396,0.543693,0][-1.9025,-1.03332,-0.185354][-0.915954,-0.366646,-0.163089][0.673294,0.574681,0][-1.76363,-1.03332,-0.566911][-0.837024,-0.454508,-0.304652][0.630563,0.580052,0][-1.96962,-0.698483,-0.188076][-0.986594,-0.13446,-0.0924852][0.659647,0.62856,0][-1.76363,-1.03332,-0.566911][-0.837024,-0.454508,-0.304652][0.630563,0.580052,0][-1.9025,-1.03332,-0.185354][-0.915954,-0.366646,-0.163089][0.673294,0.574681,0][-1.9025,-1.03332,0.485571][-0.915373,-0.368837,0.161404][0.752836,0.564561,0][-1.96962,-0.698483,-0.188076][-0.986594,-0.13446,-0.0924852][0.659647,0.62856,0][-1.9025,-1.03332,-0.185354][-0.915954,-0.366646,-0.163089][0.673294,0.574681,0][-1.96962,-0.698483,-0.188076][-0.986594,-0.13446,-0.0924852][0.659647,0.62856,0][-1.9025,-1.03332,0.485571][-0.915373,-0.368837,0.161404][0.752836,0.564561,0][-1.96962,-0.698483,0.497405][-0.9831,-0.058874,0.173346][0.744534,0.633941,0][-1.67303,-1.03332,1.11603][-0.804965,-0.368838,0.464747][0.860091,0.570566,0][-1.96962,-0.698483,0.497405][-0.9831,-0.058874,0.173346][0.744534,0.633941,0][-1.9025,-1.03332,0.485571][-0.915373,-0.368837,0.161404][0.752836,0.564561,0][-1.94807,-0.42944,0.134989][-0.996808,0.0798406,-8.03993e-07][0.694728,0.69473,0][-1.96962,-0.698483,-0.188076][-0.986594,-0.13446,-0.0924852][0.659647,0.62856,0][-1.96962,-0.698483,0.497405][-0.9831,-0.058874,0.173346][0.744534,0.633941,0][-1.94144,-0.346662,0.330221][-0.996808,0.0798405,-8.30926e-07][0.723207,0.711548,0][-1.94807,-0.42944,0.134989][-0.996808,0.0798406,-8.03993e-07][0.694728,0.69473,0][-1.96962,-0.698483,0.497405][-0.9831,-0.058874,0.173346][0.744534,0.633941,0][-1.96962,-0.698483,0.497405][-0.9831,-0.058874,0.173346][0.744534,0.633941,0][-1.93518,-0.268515,0.491332][-0.975371,0.081021,0.205151][0.750987,0.723771,0][-1.94144,-0.346662,0.330221][-0.996808,0.0798405,-8.30926e-07][0.723207,0.711548,0][-1.93518,-0.268515,0.491332][-0.975371,0.081021,0.205151][0.750987,0.723771,0][-1.96962,-0.698483,0.497405][-0.9831,-0.058874,0.173346][0.744534,0.633941,0][-1.84581,-0.251978,0.733004][-0.936693,0.0798406,0.340928][0.798234,0.720808,0][-1.96962,-0.698483,0.497405][-0.9831,-0.058874,0.173346][0.744534,0.633941,0][-1.67303,-1.03332,1.11603][-0.804965,-0.368838,0.464747][0.860091,0.570566,0][-1.73205,-0.698483,1.15011][-0.864523,-0.0588741,0.499133][0.863699,0.630576,0][-1.96962,-0.698483,0.497405][-0.9831,-0.058874,0.173346][0.744534,0.633941,0][-1.73205,-0.698483,1.15011][-0.864523,-0.0588741,0.499133][0.863699,0.630576,0][-1.84581,-0.251978,0.733004][-0.936693,0.0798406,0.340928][0.798234,0.720808,0][-1.24177,-1.03332,1.62999][-0.597468,-0.368838,0.712033][0.982409,0.557097,0][-1.73205,-0.698483,1.15011][-0.864523,-0.0588741,0.499133][0.863699,0.630576,0][-1.67303,-1.03332,1.11603][-0.804965,-0.368838,0.464747][0.860091,0.570566,0][-1.73205,-0.698483,1.15011][-0.864523,-0.0588741,0.499133][0.863699,0.630576,0][-1.6991,-0.230716,1.13109][-0.872672,0.0810492,0.481534][0.878448,0.718742,0][-1.84581,-0.251978,0.733004][-0.936693,0.0798406,0.340928][0.798234,0.720808,0][-1.73205,-0.698483,1.15011][-0.864523,-0.0588741,0.499133][0.863699,0.630576,0][-1.24177,-1.03332,1.62999][-0.597468,-0.368838,0.712033][0.982409,0.557097,0][-1.28558,-0.698483,1.6822][-0.641673,-0.0588742,0.764715][0.984974,0.62259,0][-1.6991,-0.230716,1.13109][-0.872672,0.0810492,0.481534][0.878448,0.718742,0][-1.73205,-0.698483,1.15011][-0.864523,-0.0588741,0.499133][0.863699,0.630576,0][-1.4106,-0.402196,1.49628][-0.763599,0.0798405,0.640736][0.960428,0.684013,0][-1.73205,-0.698483,1.15011][-0.864523,-0.0588741,0.499133][0.863699,0.630576,0][-1.28558,-0.698483,1.6822][-0.641673,-0.0588742,0.764715][0.984974,0.62259,0][-1.4106,-0.402196,1.49628][-0.763599,0.0798405,0.640736][0.960428,0.684013,0][-1.28558,-0.698483,1.6822][-0.641673,-0.0588742,0.764715][0.984974,0.62259,0][-1.27107,-0.42109,1.66491][-0.648043,0.0810599,0.757278][0.982462,0.683112,0][-1.4106,-0.402196,1.49628][-0.763599,0.0798405,0.640736][0.960428,0.684013,0][-1.22474,-1.61327,-0.556999][-0.638463,-0.675638,-0.368617][0.717524,0.441665,0][-0.955589,-1.55222,-0.988718][-0.439381,-0.764159,-0.472235][0.646578,0.505487,0][-0.909039,-1.61327,-0.933242][-0.473884,-0.675638,-0.564753][0.689938,0.447697,0][-0.955589,-1.55222,-0.988718][-0.439381,-0.764159,-0.472235][0.646578,0.505487,0][-1.22474,-1.61327,-0.556999][-0.638463,-0.675638,-0.368617][0.717524,0.441665,0][-1.5,-1.34534,-0.715917][-0.642417,-0.704968,-0.300532][0.652331,0.526739,0][-0.955589,-1.55222,-0.988718][-0.439381,-0.764159,-0.472235][0.646578,0.505487,0][-0.706278,-1.61327,-1.05031][-0.40793,-0.578249,-0.706556][0.65696,0.452461,0][-0.909039,-1.61327,-0.933242][-0.473884,-0.675638,-0.564753][0.689938,0.447697,0][-0.698943,-1.61327,-1.05454][-0.325145,-0.759686,-0.563168][0.922829,0.0244278,0][-0.972488,-1.53006,-1.00886][-0.39168,-0.763948,-0.512806][0.922829,0.0453345,0][-0.989237,-1.50809,-1.02882][-0.45494,-0.762909,-0.459346][0.922829,0.0457473,0][-0.989237,-1.50809,-1.02882][-0.45494,-0.762909,-0.459346][0.922829,0.0457473,0][-0.664141,-1.61327,-1.07463][-0.325145,-0.759686,-0.563168][0.922829,0.0212235,0][-0.698943,-1.61327,-1.05454][-0.325145,-0.759686,-0.563168][0.922829,0.0244278,0][-0.972488,-1.53006,-1.00886][-0.39168,-0.763948,-0.512806][0.922829,0.0453345,0][-1.2855,-1.33769,-0.979044][-0.520854,-0.739346,-0.426706][0.922829,0.08158,0][-0.989237,-1.50809,-1.02882][-0.45494,-0.762909,-0.459346][0.922829,0.0457473,0][-0.972488,-1.53006,-1.00886][-0.39168,-0.763948,-0.512806][0.922829,0.0453345,0][-1.49174,-1.32988,-0.740917][-0.663659,-0.578197,-0.474599][0.922829,0.120831,0][-1.2855,-1.33769,-0.979044][-0.520854,-0.739346,-0.426706][0.922829,0.08158,0][-1.53022,-1.26051,-0.76313][-0.731781,-0.539257,-0.416771][0.922829,0.128646,0][-1.2855,-1.33769,-0.979044][-0.520854,-0.739346,-0.426706][0.922829,0.08158,0][-1.49174,-1.32988,-0.740917][-0.663659,-0.578197,-0.474599][0.922829,0.120831,0][-1.49174,-1.32988,-0.740917][-0.663659,-0.578197,-0.474599][0.922829,0.120831,0][-1.59211,-1.22359,-0.678137][-0.77583,-0.536539,-0.331983][0.922829,0.148243,0][-1.53022,-1.26051,-0.76313][-0.731781,-0.539257,-0.416771][0.922829,0.128646,0][-0.242242,0.240037,-2.4249][0.0745444,0.409811,-0.90912][0.688412,0.149549,0][-0.280092,0.057631,-2.51022][0.0738399,0.434969,-0.897413][0.706772,0.160536,0][-0.293653,0.259541,-2.42019][0.0745444,0.409811,-0.90912][0.687071,0.148373,0][-0.280092,0.057631,-2.51022][0.0738399,0.434969,-0.897413][0.706772,0.160536,0][-0.242242,0.240037,-2.4249][0.0745444,0.409811,-0.90912][0.688412,0.149549,0][-0.221863,0.0717239,-2.49897][0.0738049,0.436162,-0.896836][0.704697,0.159689,0][-0.221863,0.0717239,-2.49897][0.0738049,0.436162,-0.896836][0.704697,0.159689,0][-0.144876,-0.0395178,-2.54968][0.0582348,0.477992,-0.876432][0.715707,0.16639,0][-0.280092,0.057631,-2.51022][0.0738399,0.434969,-0.897413][0.706772,0.160536,0][-0.172581,-0.0911038,-2.57975][0.0525475,0.484477,-0.873225][0.721736,0.169495,0][-0.280092,0.057631,-2.51022][0.0738399,0.434969,-0.897413][0.706772,0.160536,0][-0.144876,-0.0395178,-2.54968][0.0582348,0.477992,-0.876432][0.715707,0.16639,0][-7.71865e-07,-0.0931101,-2.5732][0.0386585,0.500119,-0.865093][0.720883,0.169619,0][-0.172581,-0.0911038,-2.57975][0.0525475,0.484477,-0.873225][0.721736,0.169495,0][-0.144876,-0.0395178,-2.54968][0.0582348,0.477992,-0.876432][0.715707,0.16639,0][-0.172581,-0.0911038,-2.57975][0.0525475,0.484477,-0.873225][0.721736,0.169495,0][-7.71865e-07,-0.0931101,-2.5732][0.0386585,0.500119,-0.865093][0.720883,0.169619,0][-7.78129e-07,-0.15184,-2.60814][0.0386585,0.500119,-0.865093][0.727847,0.173153,0][1.3284,-1.61327,-0.272215][0.674343,-0.696434,-0.245441][0.368514,0.80189,0][1.39273,-1.61327,-0.0954669][0.726033,-0.675638,-0.128019][0.365747,0.801585,0][1.30939,-1.66563,-0.222954][0.331367,-0.935762,-0.120608][0.368162,0.801681,0][1.30939,-1.66563,-0.222954][0.331367,-0.935762,-0.120608][0.368162,0.801681,0][1.39273,-1.61327,-0.0954669][0.726033,-0.675638,-0.128019][0.365747,0.801585,0][1.35802,-1.66563,-0.0893471][0.3739,-0.925123,-0.065929][0.36607,0.801449,0][0.296797,0.173381,-2.4343][0.0176099,0.217012,-0.97601][0.692052,0.153575,0][0.283307,0.0410589,-2.5041][-0.0440736,0.467478,-0.882905][0.706486,0.161541,0][0.245279,0.163921,-2.43715][0.00406613,0.273886,-0.961753][0.692783,0.154145,0][0.283307,0.0410589,-2.5041][-0.0440736,0.467478,-0.882905][0.706486,0.161541,0][0.229545,0.0601949,-2.49087][-0.0440736,0.467478,-0.882905][0.703956,0.16039,0][0.245279,0.163921,-2.43715][0.00406613,0.273886,-0.961753][0.692783,0.154145,0][0.612483,0.397202,1.83289][0.3198,0.378212,0.868726][0.765231,0.885592,0][9.64363e-08,0.397202,1.94089][-1.47191e-08,0.378431,0.925629][0.857396,0.883689,0][8.33227e-08,-0.225991,2.11168][-6.07457e-08,0.171708,0.985148][0.880086,0.795942,0][-0.526225,0.838546,1.5959][-0.296955,0.496149,0.815876][0.924604,0.974259,0][9.64363e-08,0.397202,1.94089][-1.47191e-08,0.378431,0.925629][0.857396,0.883689,0][1.19209e-07,0.838546,1.68869][6.07607e-17,0.496149,0.868238][0.868758,0.96802,0][9.64363e-08,0.397202,1.94089][-1.47191e-08,0.378431,0.925629][0.857396,0.883689,0][-0.526225,0.838546,1.5959][-0.296955,0.496149,0.815876][0.924604,0.974259,0][-0.612484,0.397202,1.83289][-0.316584,0.378431,0.869807][0.900203,0.893512,0][0.526224,0.838546,1.5959][0.303607,0.495839,0.813614][0.798368,0.976143,0][1.19209e-07,0.838546,1.68869][6.07607e-17,0.496149,0.868238][0.868758,0.96802,0][9.64363e-08,0.397202,1.94089][-1.47191e-08,0.378431,0.925629][0.857396,0.883689,0][-0.612484,0.397202,1.83289][-0.316584,0.378431,0.869807][0.900203,0.893512,0][8.33227e-08,-0.225991,2.11168][-6.07457e-08,0.171708,0.985148][0.880086,0.795942,0][9.64363e-08,0.397202,1.94089][-1.47191e-08,0.378431,0.925629][0.857396,0.883689,0][9.64363e-08,0.397202,1.94089][-1.47191e-08,0.378431,0.925629][0.857396,0.883689,0][0.612483,0.397202,1.83289][0.3198,0.378212,0.868726][0.765231,0.885592,0][0.526224,0.838546,1.5959][0.303607,0.495839,0.813614][0.798368,0.976143,0][8.33227e-08,-0.225991,2.11168][-6.07457e-08,0.171708,0.985148][0.880086,0.795942,0][-0.612484,0.397202,1.83289][-0.316584,0.378431,0.869807][0.900203,0.893512,0][-0.670898,-0.225991,1.99338][-0.336941,0.171708,0.925736][0.922816,0.793131,0][0.988979,0.838546,1.32873][0.60282,0.467226,0.646768][0.752122,0.972065,0][0.526224,0.838546,1.5959][0.303607,0.495839,0.813614][0.798368,0.976143,0][0.612483,0.397202,1.83289][0.3198,0.378212,0.868726][0.765231,0.885592,0][-0.670898,-0.225991,1.99338][-0.336941,0.171708,0.925736][0.922816,0.793131,0][8.31292e-08,-0.355988,2.12225][-0.0119998,0.081057,0.996637][0.892807,0.757115,0][8.33227e-08,-0.225991,2.11168][-6.07457e-08,0.171708,0.985148][0.880086,0.795942,0][8.31292e-08,-0.355988,2.12225][-0.0119998,0.081057,0.996637][0.892807,0.757115,0][-0.670898,-0.225991,1.99338][-0.336941,0.171708,0.925736][0.922816,0.793131,0][-0.674173,-0.343703,2.00238][-0.352142,0.0810565,0.93243][0.935904,0.77865,0][0.405543,-0.2662,2.04344][0.173094,0.0798365,0.981664][0.842028,0.757796,0][8.33227e-08,-0.225991,2.11168][-6.07457e-08,0.171708,0.985148][0.880086,0.795942,0][8.31292e-08,-0.355988,2.12225][-0.0119998,0.081057,0.996637][0.892807,0.757115,0][0.405543,-0.2662,2.04344][0.173094,0.0798365,0.981664][0.842028,0.757796,0][0.670897,-0.225991,1.99338][0.263689,0.252466,0.930983][0.80902,0.783266,0][8.33227e-08,-0.225991,2.11168][-6.07457e-08,0.171708,0.985148][0.880086,0.795942,0][0.612483,0.397202,1.83289][0.3198,0.378212,0.868726][0.765231,0.885592,0][8.33227e-08,-0.225991,2.11168][-6.07457e-08,0.171708,0.985148][0.880086,0.795942,0][0.670897,-0.225991,1.99338][0.263689,0.252466,0.930983][0.80902,0.783266,0][0.612483,0.397202,1.83289][0.3198,0.378212,0.868726][0.765231,0.885592,0][0.670897,-0.225991,1.99338][0.263689,0.252466,0.930983][0.80902,0.783266,0][0.76237,-0.0921248,1.89885][0.482728,0.260571,0.836108][0.79145,0.793417,0][0.76237,-0.0921248,1.89885][0.482728,0.260571,0.836108][0.79145,0.793417,0][0.95679,-0.0215363,1.76461][0.482727,0.260571,0.836108][0.751729,0.816199,0][0.612483,0.397202,1.83289][0.3198,0.378212,0.868726][0.765231,0.885592,0][0.95679,-0.0215363,1.76461][0.482727,0.260571,0.836108][0.751729,0.816199,0][1.05386,0.397202,1.57807][0.464638,0.405237,0.787334][0.723657,0.884428,0][0.612483,0.397202,1.83289][0.3198,0.378212,0.868726][0.765231,0.885592,0][1.06707,0.581192,1.43057][0.503666,0.483204,0.716125][0.732858,0.911185,0][0.612483,0.397202,1.83289][0.3198,0.378212,0.868726][0.765231,0.885592,0][1.05386,0.397202,1.57807][0.464638,0.405237,0.787334][0.723657,0.884428,0][0.612483,0.397202,1.83289][0.3198,0.378212,0.868726][0.765231,0.885592,0][1.06707,0.581192,1.43057][0.503666,0.483204,0.716125][0.732858,0.911185,0][0.988979,0.838546,1.32873][0.60282,0.467226,0.646768][0.752122,0.972065,0][1.06707,0.581192,1.43057][0.503666,0.483204,0.716125][0.732858,0.911185,0][1.10959,0.833631,1.16471][0.733184,0.430718,0.526235][0.729924,0.953371,0][0.988979,0.838546,1.32873][0.60282,0.467226,0.646768][0.752122,0.972065,0][-0.920659,-1.38344,1.53678][-0.251824,-0.944904,0.209146][0.973814,0.0979053,0][-1.11334,-1.34534,1.47694][-0.251824,-0.944904,0.209146][0.973814,0.099643,0][-0.91824,-1.43398,1.31138][-0.251824,-0.944904,0.209146][0.973814,0.0814072,0][0.76237,-0.0921248,1.89885][0.764131,-0.0692606,0.641332][0.973814,0.251516,0][0.670897,-0.225991,1.99338][0.764131,-0.0692606,0.641332][0.973814,0.238126,0][0.834151,-0.0866624,1.81392][0.764131,-0.0692606,0.641332][0.973814,0.252586,0][-7.42791e-07,-0.459842,-1.90176][1.79365e-07,0.732832,-0.68041][0.907623,0.00778508,0][-0.215196,-0.166171,-2.35717][0.773333,0.567736,0.282191][0.907623,0.0396643,0][-0.221747,-0.0653055,-2.15276][0.861016,0.0651338,-0.504389][0.907623,0.0506138,0][-7.42791e-07,-0.459842,-1.90176][1.79365e-07,0.732832,-0.68041][0.907623,0.00778508,0][-7.59254e-07,-0.21648,-2.45979][-0.00947663,0.810445,0.585738][0.907623,0.0342031,0][-0.215196,-0.166171,-2.35717][0.773333,0.567736,0.282191][0.907623,0.0396643,0][-7.59254e-07,-0.21648,-2.45979][-0.00947663,0.810445,0.585738][0.907623,0.0342031,0][-0.144876,-0.0395178,-2.54968][0.612933,0.521037,0.593998][0.907623,0.0534132,0][-0.215196,-0.166171,-2.35717][0.773333,0.567736,0.282191][0.907623,0.0396643,0][-0.144876,-0.0395178,-2.54968][0.612933,0.521037,0.593998][0.907623,0.0534132,0][-7.59254e-07,-0.21648,-2.45979][-0.00947663,0.810445,0.585738][0.907623,0.0342031,0][-7.71865e-07,-0.0931101,-2.5732][-0.0263986,0.698088,0.715525][0.907623,0.0475954,0][-0.215196,-0.166171,-2.35717][0.773333,0.567736,0.282191][0.907623,0.0396643,0][-0.144876,-0.0395178,-2.54968][0.612933,0.521037,0.593998][0.907623,0.0534132,0][-0.221863,0.0717239,-2.49897][0.93312,0.178703,0.312013][0.907623,0.0654889,0][-7.59254e-07,-0.21648,-2.45979][-0.00947663,0.810445,0.585738][0.907623,0.0342031,0][0.141867,-0.0115459,-2.55839][-0.603607,0.504869,0.617063][0.907623,0.0564497,0][-7.71865e-07,-0.0931101,-2.5732][-0.0263986,0.698088,0.715525][0.907623,0.0475954,0][0.141867,-0.0115459,-2.55839][-0.603607,0.504869,0.617063][0.907623,0.0564497,0][-7.59254e-07,-0.21648,-2.45979][-0.00947663,0.810445,0.585738][0.907623,0.0342031,0][0.215195,-0.166171,-2.35717][-0.787185,0.557765,0.263132][0.907623,0.0396643,0][-7.42791e-07,-0.459842,-1.90176][1.79365e-07,0.732832,-0.68041][0.907623,0.00778508,0][0.215195,-0.166171,-2.35717][-0.787185,0.557765,0.263132][0.907623,0.0396643,0][-7.59254e-07,-0.21648,-2.45979][-0.00947663,0.810445,0.585738][0.907623,0.0342031,0][0.215195,-0.166171,-2.35717][-0.787185,0.557765,0.263132][0.907623,0.0396643,0][0.209986,0.0569905,-2.50827][-0.702676,0.387594,0.596671][0.907623,0.0638896,0][0.141867,-0.0115459,-2.55839][-0.603607,0.504869,0.617063][0.907623,0.0564497,0][0.209986,0.0569905,-2.50827][-0.702676,0.387594,0.596671][0.907623,0.0638896,0][0.215195,-0.166171,-2.35717][-0.787185,0.557765,0.263132][0.907623,0.0396643,0][0.229545,0.0601949,-2.49087][-0.836664,0.26695,0.478258][0.907623,0.0642374,0][-0.279687,0.106138,-2.36047][0.9994,-0.0135344,0.0318881][0.907623,0.0692247,0][-0.215196,-0.166171,-2.35717][0.773333,0.567736,0.282191][0.907623,0.0396643,0][-0.221863,0.0717239,-2.49897][0.93312,0.178703,0.312013][0.907623,0.0654889,0][-0.215196,-0.166171,-2.35717][0.773333,0.567736,0.282191][0.907623,0.0396643,0][-0.279687,0.106138,-2.36047][0.9994,-0.0135344,0.0318881][0.907623,0.0692247,0][-0.221747,-0.0653055,-2.15276][0.861016,0.0651338,-0.504389][0.907623,0.0506138,0][-0.221863,0.0717239,-2.49897][0.93312,0.178703,0.312013][0.907623,0.0654889,0][-0.242242,0.240037,-2.4249][0.925931,-0.0813129,0.368836][0.907623,0.08376,0][-0.279687,0.106138,-2.36047][0.9994,-0.0135344,0.0318881][0.907623,0.0692247,0][0.215195,-0.166171,-2.35717][-0.787185,0.557765,0.263132][0.907623,0.0396643,0][0.279686,0.106138,-2.36047][-0.998108,0.00121529,0.0614697][0.907623,0.0692247,0][0.229545,0.0601949,-2.49087][-0.836664,0.26695,0.478258][0.907623,0.0642374,0][0.245279,0.163921,-2.43715][-0.930298,-0.0674808,0.360544][0.907623,0.0754974,0][0.229545,0.0601949,-2.49087][-0.836664,0.26695,0.478258][0.907623,0.0642374,0][0.279686,0.106138,-2.36047][-0.998108,0.00121529,0.0614697][0.907623,0.0692247,0][0.279686,0.106138,-2.36047][-0.998108,0.00121529,0.0614697][0.907623,0.0692247,0][0.235536,0.260384,-2.43741][-0.930298,-0.0674808,0.360544][0.907623,0.0859688,0][0.245279,0.163921,-2.43715][-0.930298,-0.0674808,0.360544][0.907623,0.0754974,0][0.221745,-0.0653055,-2.15276][-0.836115,0.0480498,-0.546446][0.907623,0.0506138,0][0.279686,0.106138,-2.36047][-0.998108,0.00121529,0.0614697][0.907623,0.0692247,0][0.215195,-0.166171,-2.35717][-0.787185,0.557765,0.263132][0.907623,0.0396643,0][-7.42791e-07,-0.459842,-1.90176][1.79365e-07,0.732832,-0.68041][0.907623,0.00778508,0][0.221745,-0.0653055,-2.15276][-0.836115,0.0480498,-0.546446][0.907623,0.0506138,0][0.215195,-0.166171,-2.35717][-0.787185,0.557765,0.263132][0.907623,0.0396643,0][0.279686,0.106138,-2.36047][-0.998108,0.00121529,0.0614697][0.907623,0.0692247,0][0.220135,0.351946,-2.4541][-0.982013,-0.166886,0.0883136][0.907623,0.0959082,0][0.235536,0.260384,-2.43741][-0.930298,-0.0674808,0.360544][0.907623,0.0859688,0][-7.42791e-07,-0.459842,-1.90176][1.79365e-07,0.732832,-0.68041][0.907623,0.00778508,0][-6.80159e-07,-0.014204,-2.05176][0.0175071,-0.269491,-0.962844][0.907623,0.0561611,0][0.221745,-0.0653055,-2.15276][-0.836115,0.0480498,-0.546446][0.907623,0.0506138,0][-7.42791e-07,-0.459842,-1.90176][1.79365e-07,0.732832,-0.68041][0.907623,0.00778508,0][-0.221747,-0.0653055,-2.15276][0.861016,0.0651338,-0.504389][0.907623,0.0506138,0][-6.80159e-07,-0.014204,-2.05176][0.0175071,-0.269491,-0.962844][0.907623,0.0561611,0][0.279686,0.106138,-2.36047][-0.998108,0.00121529,0.0614697][0.907623,0.0692247,0][0.221745,-0.0653055,-2.15276][-0.836115,0.0480498,-0.546446][0.907623,0.0506138,0][0.24505,0.150974,-2.2394][-0.884327,-0.197371,-0.423097][0.907623,0.0740919,0][0.24505,0.150974,-2.2394][-0.884327,-0.197371,-0.423097][0.907623,0.0740919,0][0.220135,0.351946,-2.4541][-0.982013,-0.166886,0.0883136][0.907623,0.0959082,0][0.279686,0.106138,-2.36047][-0.998108,0.00121529,0.0614697][0.907623,0.0692247,0][-6.80159e-07,-0.014204,-2.05176][0.0175071,-0.269491,-0.962844][0.907623,0.0561611,0][0.145184,0.183928,-2.15331][-0.490768,-0.336229,-0.803801][0.907623,0.0776692,0][0.221745,-0.0653055,-2.15276][-0.836115,0.0480498,-0.546446][0.907623,0.0506138,0][0.221745,-0.0653055,-2.15276][-0.836115,0.0480498,-0.546446][0.907623,0.0506138,0][0.145184,0.183928,-2.15331][-0.490768,-0.336229,-0.803801][0.907623,0.0776692,0][0.24505,0.150974,-2.2394][-0.884327,-0.197371,-0.423097][0.907623,0.0740919,0][-0.221747,-0.0653055,-2.15276][0.861016,0.0651338,-0.504389][0.907623,0.0506138,0][-0.145185,0.183928,-2.15331][0.466524,-0.339309,-0.816838][0.907623,0.0776692,0][-6.80159e-07,-0.014204,-2.05176][0.0175071,-0.269491,-0.962844][0.907623,0.0561611,0][0.145184,0.183928,-2.15331][-0.490768,-0.336229,-0.803801][0.907623,0.0776692,0][-6.80159e-07,-0.014204,-2.05176][0.0175071,-0.269491,-0.962844][0.907623,0.0561611,0][-6.68857e-07,0.196952,-2.11994][-0.0338535,-0.380454,-0.92418][0.907623,0.079083,0][-6.80159e-07,-0.014204,-2.05176][0.0175071,-0.269491,-0.962844][0.907623,0.0561611,0][-0.145185,0.183928,-2.15331][0.466524,-0.339309,-0.816838][0.907623,0.0776692,0][-6.68857e-07,0.196952,-2.11994][-0.0338535,-0.380454,-0.92418][0.907623,0.079083,0][0.145184,0.183928,-2.15331][-0.490768,-0.336229,-0.803801][0.907623,0.0776692,0][0.112825,0.433742,-2.28709][-0.485774,-0.499489,-0.71731][0.907623,0.104788,0][0.24505,0.150974,-2.2394][-0.884327,-0.197371,-0.423097][0.907623,0.0740919,0][-6.68857e-07,0.196952,-2.11994][-0.0338535,-0.380454,-0.92418][0.907623,0.079083,0][0.112825,0.433742,-2.28709][-0.485774,-0.499489,-0.71731][0.907623,0.104788,0][0.145184,0.183928,-2.15331][-0.490768,-0.336229,-0.803801][0.907623,0.0776692,0][0.19119,0.399363,-2.35625][-0.847322,-0.371709,-0.379312][0.907623,0.101056,0][0.24505,0.150974,-2.2394][-0.884327,-0.197371,-0.423097][0.907623,0.0740919,0][0.112825,0.433742,-2.28709][-0.485774,-0.499489,-0.71731][0.907623,0.104788,0][0.220135,0.351946,-2.4541][-0.982013,-0.166886,0.0883136][0.907623,0.0959082,0][0.24505,0.150974,-2.2394][-0.884327,-0.197371,-0.423097][0.907623,0.0740919,0][0.19119,0.399363,-2.35625][-0.847322,-0.371709,-0.379312][0.907623,0.101056,0][-0.145185,0.183928,-2.15331][0.466524,-0.339309,-0.816838][0.907623,0.0776692,0][-0.221747,-0.0653055,-2.15276][0.861016,0.0651338,-0.504389][0.907623,0.0506138,0][-0.245051,0.150974,-2.2394][0.840592,-0.22896,-0.4909][0.907623,0.0740919,0][-0.221747,-0.0653055,-2.15276][0.861016,0.0651338,-0.504389][0.907623,0.0506138,0][-0.279687,0.106138,-2.36047][0.9994,-0.0135344,0.0318881][0.907623,0.0692247,0][-0.245051,0.150974,-2.2394][0.840592,-0.22896,-0.4909][0.907623,0.0740919,0][-6.68857e-07,0.196952,-2.11994][-0.0338535,-0.380454,-0.92418][0.907623,0.079083,0][-0.145185,0.183928,-2.15331][0.466524,-0.339309,-0.816838][0.907623,0.0776692,0][-0.112826,0.433742,-2.28709][0.485774,-0.499489,-0.717311][0.907623,0.104788,0][-0.245051,0.150974,-2.2394][0.840592,-0.22896,-0.4909][0.907623,0.0740919,0][-0.112826,0.433742,-2.28709][0.485774,-0.499489,-0.717311][0.907623,0.104788,0][-0.145185,0.183928,-2.15331][0.466524,-0.339309,-0.816838][0.907623,0.0776692,0][-0.220136,0.351946,-2.4541][0.981197,-0.170494,0.0904721][0.907623,0.0959082,0][-0.245051,0.150974,-2.2394][0.840592,-0.22896,-0.4909][0.907623,0.0740919,0][-0.279687,0.106138,-2.36047][0.9994,-0.0135344,0.0318881][0.907623,0.0692247,0][-6.79754e-07,0.447107,-2.26045][-5.45662e-08,-0.542702,-0.839926][0.907623,0.106239,0][-6.68857e-07,0.196952,-2.11994][-0.0338535,-0.380454,-0.92418][0.907623,0.079083,0][-0.112826,0.433742,-2.28709][0.485774,-0.499489,-0.717311][0.907623,0.104788,0][0.112825,0.433742,-2.28709][-0.485774,-0.499489,-0.71731][0.907623,0.104788,0][-6.68857e-07,0.196952,-2.11994][-0.0338535,-0.380454,-0.92418][0.907623,0.079083,0][-6.79754e-07,0.447107,-2.26045][-5.45662e-08,-0.542702,-0.839926][0.907623,0.106239,0][-0.220136,0.351946,-2.4541][0.981197,-0.170494,0.0904721][0.907623,0.0959082,0][-0.279687,0.106138,-2.36047][0.9994,-0.0135344,0.0318881][0.907623,0.0692247,0][-0.242242,0.240037,-2.4249][0.925931,-0.0813129,0.368836][0.907623,0.08376,0][-6.79754e-07,0.447107,-2.26045][-5.45662e-08,-0.542702,-0.839926][0.907623,0.106239,0][0.0850003,0.711278,-2.48343][-0.492842,-0.588109,-0.641276][0.907623,0.134915,0][0.112825,0.433742,-2.28709][-0.485774,-0.499489,-0.71731][0.907623,0.104788,0][0.112825,0.433742,-2.28709][-0.485774,-0.499489,-0.71731][0.907623,0.104788,0][0.0850003,0.711278,-2.48343][-0.492842,-0.588109,-0.641276][0.907623,0.134915,0][0.19119,0.399363,-2.35625][-0.847322,-0.371709,-0.379312][0.907623,0.101056,0][-6.79754e-07,0.447107,-2.26045][-5.45662e-08,-0.542702,-0.839926][0.907623,0.106239,0][-0.112826,0.433742,-2.28709][0.485774,-0.499489,-0.717311][0.907623,0.104788,0][-0.0850017,0.711278,-2.48343][0.492842,-0.588109,-0.641276][0.907623,0.134915,0][-0.112826,0.433742,-2.28709][0.485774,-0.499489,-0.717311][0.907623,0.104788,0][-0.245051,0.150974,-2.2394][0.840592,-0.22896,-0.4909][0.907623,0.0740919,0][-0.191192,0.399363,-2.35625][0.847322,-0.37171,-0.379313][0.907623,0.101056,0][-0.245051,0.150974,-2.2394][0.840592,-0.22896,-0.4909][0.907623,0.0740919,0][-0.220136,0.351946,-2.4541][0.981197,-0.170494,0.0904721][0.907623,0.0959082,0][-0.191192,0.399363,-2.35625][0.847322,-0.37171,-0.379313][0.907623,0.101056,0][-0.191192,0.399363,-2.35625][0.847322,-0.37171,-0.379313][0.907623,0.101056,0][-0.0850017,0.711278,-2.48343][0.492842,-0.588109,-0.641276][0.907623,0.134915,0][-0.112826,0.433742,-2.28709][0.485774,-0.499489,-0.717311][0.907623,0.104788,0][0.0850003,0.711278,-2.48343][-0.492842,-0.588109,-0.641276][0.907623,0.134915,0][-6.79754e-07,0.447107,-2.26045][-5.45662e-08,-0.542702,-0.839926][0.907623,0.106239,0][-6.85361e-07,0.726457,-2.46369][1.50762e-08,-0.663937,-0.747789][0.907623,0.136563,0][-6.85361e-07,0.726457,-2.46369][1.50762e-08,-0.663937,-0.747789][0.907623,0.136563,0][-6.79754e-07,0.447107,-2.26045][-5.45662e-08,-0.542702,-0.839926][0.907623,0.106239,0][-0.0850017,0.711278,-2.48343][0.492842,-0.588109,-0.641276][0.907623,0.134915,0][-6.8057e-07,0.892414,-2.64452][-5.36524e-09,-0.223321,-0.974745][0.907623,0.154578,0][0.0850003,0.711278,-2.48343][-0.492842,-0.588109,-0.641276][0.907623,0.134915,0][-6.85361e-07,0.726457,-2.46369][1.50762e-08,-0.663937,-0.747789][0.907623,0.136563,0][-0.0850017,0.711278,-2.48343][0.492842,-0.588109,-0.641276][0.907623,0.134915,0][-6.8057e-07,0.892414,-2.64452][-5.36524e-09,-0.223321,-0.974745][0.907623,0.154578,0][-6.85361e-07,0.726457,-2.46369][1.50762e-08,-0.663937,-0.747789][0.907623,0.136563,0][0.0751654,0.887595,-2.66626][-0.575551,-0.140954,-0.805526][0.907623,0.154055,0][0.0850003,0.711278,-2.48343][-0.492842,-0.588109,-0.641276][0.907623,0.134915,0][-6.8057e-07,0.892414,-2.64452][-5.36524e-09,-0.223321,-0.974745][0.907623,0.154578,0][-6.8057e-07,0.892414,-2.64452][-5.36524e-09,-0.223321,-0.974745][0.907623,0.154578,0][-0.0850017,0.711278,-2.48343][0.492842,-0.588109,-0.641276][0.907623,0.134915,0][-0.0751668,0.887595,-2.66626][0.575551,-0.140954,-0.805527][0.907623,0.154055,0][0.0850003,0.711278,-2.48343][-0.492842,-0.588109,-0.641276][0.907623,0.134915,0][0.0751654,0.887595,-2.66626][-0.575551,-0.140954,-0.805526][0.907623,0.154055,0][0.144799,0.671669,-2.53452][-0.854156,-0.383861,-0.35081][0.907623,0.130616,0][0.144799,0.671669,-2.53452][-0.854156,-0.383861,-0.35081][0.907623,0.130616,0][0.19119,0.399363,-2.35625][-0.847322,-0.371709,-0.379312][0.907623,0.101056,0][0.0850003,0.711278,-2.48343][-0.492842,-0.588109,-0.641276][0.907623,0.134915,0][0.128309,0.874932,-2.72338][-0.903422,0.0411195,-0.426776][0.907623,0.152681,0][0.144799,0.671669,-2.53452][-0.854156,-0.383861,-0.35081][0.907623,0.130616,0][0.0751654,0.887595,-2.66626][-0.575551,-0.140954,-0.805526][0.907623,0.154055,0][-0.144801,0.671669,-2.53452][0.854156,-0.383861,-0.35081][0.907623,0.130616,0][-0.0751668,0.887595,-2.66626][0.575551,-0.140954,-0.805527][0.907623,0.154055,0][-0.0850017,0.711278,-2.48343][0.492842,-0.588109,-0.641276][0.907623,0.134915,0][-0.0850017,0.711278,-2.48343][0.492842,-0.588109,-0.641276][0.907623,0.134915,0][-0.191192,0.399363,-2.35625][0.847322,-0.37171,-0.379313][0.907623,0.101056,0][-0.144801,0.671669,-2.53452][0.854156,-0.383861,-0.35081][0.907623,0.130616,0][-0.0751668,0.887595,-2.66626][0.575551,-0.140954,-0.805527][0.907623,0.154055,0][-0.144801,0.671669,-2.53452][0.854156,-0.383861,-0.35081][0.907623,0.130616,0][-0.128311,0.874932,-2.72338][0.903422,0.0411197,-0.426776][0.907623,0.152681,0][0.16768,0.615326,-2.60704][-0.99315,-0.108748,0.0427479][0.907623,0.124499,0][0.19119,0.399363,-2.35625][-0.847322,-0.371709,-0.379312][0.907623,0.101056,0][0.144799,0.671669,-2.53452][-0.854156,-0.383861,-0.35081][0.907623,0.130616,0][0.144799,0.671669,-2.53452][-0.854156,-0.383861,-0.35081][0.907623,0.130616,0][0.128309,0.874932,-2.72338][-0.903422,0.0411195,-0.426776][0.907623,0.152681,0][0.16768,0.615326,-2.60704][-0.99315,-0.108748,0.0427479][0.907623,0.124499,0][0.19119,0.399363,-2.35625][-0.847322,-0.371709,-0.379312][0.907623,0.101056,0][0.16768,0.615326,-2.60704][-0.99315,-0.108748,0.0427479][0.907623,0.124499,0][0.220135,0.351946,-2.4541][-0.982013,-0.166886,0.0883136][0.907623,0.0959082,0][0.14831,0.857121,-2.80371][-0.972563,0.229965,-0.0351706][0.907623,0.150747,0][0.16768,0.615326,-2.60704][-0.99315,-0.108748,0.0427479][0.907623,0.124499,0][0.128309,0.874932,-2.72338][-0.903422,0.0411195,-0.426776][0.907623,0.152681,0][-0.167681,0.615326,-2.60704][0.99315,-0.108749,0.0427477][0.907623,0.124499,0][-0.128311,0.874932,-2.72338][0.903422,0.0411197,-0.426776][0.907623,0.152681,0][-0.144801,0.671669,-2.53452][0.854156,-0.383861,-0.35081][0.907623,0.130616,0][-0.191192,0.399363,-2.35625][0.847322,-0.37171,-0.379313][0.907623,0.101056,0][-0.167681,0.615326,-2.60704][0.99315,-0.108749,0.0427477][0.907623,0.124499,0][-0.144801,0.671669,-2.53452][0.854156,-0.383861,-0.35081][0.907623,0.130616,0][-0.128311,0.874932,-2.72338][0.903422,0.0411197,-0.426776][0.907623,0.152681,0][-0.167681,0.615326,-2.60704][0.99315,-0.108749,0.0427477][0.907623,0.124499,0][-0.148311,0.857121,-2.80371][0.972554,0.229998,-0.0351975][0.907623,0.150747,0][-0.167681,0.615326,-2.60704][0.99315,-0.108749,0.0427477][0.907623,0.124499,0][-0.191192,0.399363,-2.35625][0.847322,-0.37171,-0.379313][0.907623,0.101056,0][-0.220136,0.351946,-2.4541][0.981197,-0.170494,0.0904721][0.907623,0.0959082,0][0.16768,0.615326,-2.60704][-0.99315,-0.108748,0.0427479][0.907623,0.124499,0][0.14831,0.857121,-2.80371][-0.972563,0.229965,-0.0351706][0.907623,0.150747,0][0.143688,0.559619,-2.68044][-0.88814,0.177498,0.423912][0.907623,0.118452,0][0.143688,0.559619,-2.68044][-0.88814,0.177498,0.423912][0.907623,0.118452,0][0.220135,0.351946,-2.4541][-0.982013,-0.166886,0.0883136][0.907623,0.0959082,0][0.16768,0.615326,-2.60704][-0.99315,-0.108748,0.0427479][0.907623,0.124499,0][0.127787,0.830405,-2.92422][-0.857882,0.428811,0.283124][0.907623,0.147847,0][0.143688,0.559619,-2.68044][-0.88814,0.177498,0.423912][0.907623,0.118452,0][0.14831,0.857121,-2.80371][-0.972563,0.229965,-0.0351706][0.907623,0.150747,0][-0.143689,0.559619,-2.68044][0.88814,0.177498,0.423912][0.907623,0.118452,0][-0.148311,0.857121,-2.80371][0.972554,0.229998,-0.0351975][0.907623,0.150747,0][-0.167681,0.615326,-2.60704][0.99315,-0.108749,0.0427477][0.907623,0.124499,0][-0.220136,0.351946,-2.4541][0.981197,-0.170494,0.0904721][0.907623,0.0959082,0][-0.143689,0.559619,-2.68044][0.88814,0.177498,0.423912][0.907623,0.118452,0][-0.167681,0.615326,-2.60704][0.99315,-0.108749,0.0427477][0.907623,0.124499,0][-0.148311,0.857121,-2.80371][0.972554,0.229998,-0.0351975][0.907623,0.150747,0][-0.143689,0.559619,-2.68044][0.88814,0.177498,0.423912][0.907623,0.118452,0][-0.127788,0.830405,-2.92422][0.858509,0.413344,0.303495][0.907623,0.147847,0][0.143688,0.559619,-2.68044][-0.88814,0.177498,0.423912][0.907623,0.118452,0][0.127787,0.830405,-2.92422][-0.857882,0.428811,0.283124][0.907623,0.147847,0][0.0825822,0.52289,-2.73137][-0.545915,0.431518,0.718171][0.907623,0.114465,0][0.0746738,0.811411,-3.0099][-0.54865,0.634555,0.544356][0.907623,0.145785,0][0.0825822,0.52289,-2.73137][-0.545915,0.431518,0.718171][0.907623,0.114465,0][0.127787,0.830405,-2.92422][-0.857882,0.428811,0.283124][0.907623,0.147847,0][0.220135,0.351946,-2.4541][-0.982013,-0.166886,0.0883136][0.907623,0.0959082,0][0.143688,0.559619,-2.68044][-0.88814,0.177498,0.423912][0.907623,0.118452,0][0.188,0.305465,-2.55277][-0.849009,0.0489044,0.52611][0.907623,0.0908626,0][0.0825822,0.52289,-2.73137][-0.545915,0.431518,0.718171][0.907623,0.114465,0][0.188,0.305465,-2.55277][-0.849009,0.0489044,0.52611][0.907623,0.0908626,0][0.143688,0.559619,-2.68044][-0.88814,0.177498,0.423912][0.907623,0.118452,0][0.188,0.305465,-2.55277][-0.849009,0.0489044,0.52611][0.907623,0.0908626,0][0.235536,0.260384,-2.43741][-0.930298,-0.0674808,0.360544][0.907623,0.0859688,0][0.220135,0.351946,-2.4541][-0.982013,-0.166886,0.0883136][0.907623,0.0959082,0][-7.16802e-07,0.804181,-3.04251][8.34586e-07,0.739048,0.673652][0.907623,0.145,0][0.0825822,0.52289,-2.73137][-0.545915,0.431518,0.718171][0.907623,0.114465,0][0.0746738,0.811411,-3.0099][-0.54865,0.634555,0.544356][0.907623,0.145785,0][0.20248,0.185614,-2.5278][-0.806999,0.0143387,0.590379][0.907623,0.0778523,0][0.235536,0.260384,-2.43741][-0.930298,-0.0674808,0.360544][0.907623,0.0859688,0][0.188,0.305465,-2.55277][-0.849009,0.0489044,0.52611][0.907623,0.0908626,0][0.108655,0.273048,-2.62301][-0.494574,0.211445,0.843023][0.907623,0.0873436,0][0.20248,0.185614,-2.5278][-0.806999,0.0143387,0.590379][0.907623,0.0778523,0][0.188,0.305465,-2.55277][-0.849009,0.0489044,0.52611][0.907623,0.0908626,0][0.188,0.305465,-2.55277][-0.849009,0.0489044,0.52611][0.907623,0.0908626,0][0.0825822,0.52289,-2.73137][-0.545915,0.431518,0.718171][0.907623,0.114465,0][0.108655,0.273048,-2.62301][-0.494574,0.211445,0.843023][0.907623,0.0873436,0][0.20248,0.185614,-2.5278][-0.806999,0.0143387,0.590379][0.907623,0.0778523,0][0.108655,0.273048,-2.62301][-0.494574,0.211445,0.843023][0.907623,0.0873436,0][0.160313,0.174911,-2.56501][-0.67602,0.0746271,0.733094][0.907623,0.0766904,0][0.160313,0.174911,-2.56501][-0.67602,0.0746271,0.733094][0.907623,0.0766904,0][0.108655,0.273048,-2.62301][-0.494574,0.211445,0.843023][0.907623,0.0873436,0][0.12375,0.145427,-2.59588][-0.451485,0.134324,0.88211][0.907623,0.0734897,0][0.0825822,0.52289,-2.73137][-0.545915,0.431518,0.718171][0.907623,0.114465,0][-7.16802e-07,0.804181,-3.04251][8.34586e-07,0.739048,0.673652][0.907623,0.145,0][-7.32113e-07,0.509786,-2.75026][7.02796e-07,0.544067,0.839041][0.907623,0.113042,0][-7.32113e-07,0.509786,-2.75026][7.02796e-07,0.544067,0.839041][0.907623,0.113042,0][0.108655,0.273048,-2.62301][-0.494574,0.211445,0.843023][0.907623,0.0873436,0][0.0825822,0.52289,-2.73137][-0.545915,0.431518,0.718171][0.907623,0.114465,0][-7.16802e-07,0.804181,-3.04251][8.34586e-07,0.739048,0.673652][0.907623,0.145,0][-0.0825836,0.522891,-2.73137][0.545915,0.431518,0.71817][0.907623,0.114465,0][-7.32113e-07,0.509786,-2.75026][7.02796e-07,0.544067,0.839041][0.907623,0.113042,0][-0.0746751,0.811411,-3.0099][0.548658,0.634547,0.544357][0.907623,0.145785,0][-0.0825836,0.522891,-2.73137][0.545915,0.431518,0.71817][0.907623,0.114465,0][-7.16802e-07,0.804181,-3.04251][8.34586e-07,0.739048,0.673652][0.907623,0.145,0][-0.127788,0.830405,-2.92422][0.858509,0.413344,0.303495][0.907623,0.147847,0][-0.0825836,0.522891,-2.73137][0.545915,0.431518,0.71817][0.907623,0.114465,0][-0.0746751,0.811411,-3.0099][0.548658,0.634547,0.544357][0.907623,0.145785,0][-0.0825836,0.522891,-2.73137][0.545915,0.431518,0.71817][0.907623,0.114465,0][-0.127788,0.830405,-2.92422][0.858509,0.413344,0.303495][0.907623,0.147847,0][-0.143689,0.559619,-2.68044][0.88814,0.177498,0.423912][0.907623,0.118452,0][-7.57253e-07,0.260734,-2.64985][-2.0976e-05,0.275681,0.961249][0.907623,0.0860069,0][0.12375,0.145427,-2.59588][-0.451485,0.134324,0.88211][0.907623,0.0734897,0][0.108655,0.273048,-2.62301][-0.494574,0.211445,0.843023][0.907623,0.0873436,0][0.108655,0.273048,-2.62301][-0.494574,0.211445,0.843023][0.907623,0.0873436,0][-7.32113e-07,0.509786,-2.75026][7.02796e-07,0.544067,0.839041][0.907623,0.113042,0][-7.57253e-07,0.260734,-2.64985][-2.0976e-05,0.275681,0.961249][0.907623,0.0860069,0][0.12375,0.145427,-2.59588][-0.451485,0.134324,0.88211][0.907623,0.0734897,0][-7.57253e-07,0.260734,-2.64985][-2.0976e-05,0.275681,0.961249][0.907623,0.0860069,0][-7.66474e-07,0.121061,-2.62417][0.0103437,0.179509,0.983702][0.907623,0.0708447,0][-7.57253e-07,0.260734,-2.64985][-2.0976e-05,0.275681,0.961249][0.907623,0.0860069,0][-0.125504,0.130611,-2.59273][0.475991,0.127933,0.870095][0.907623,0.0718814,0][-7.66474e-07,0.121061,-2.62417][0.0103437,0.179509,0.983702][0.907623,0.0708447,0][-7.32113e-07,0.509786,-2.75026][7.02796e-07,0.544067,0.839041][0.907623,0.113042,0][-0.108657,0.273048,-2.62301][0.494278,0.211122,0.843277][0.907623,0.0873436,0][-7.57253e-07,0.260734,-2.64985][-2.0976e-05,0.275681,0.961249][0.907623,0.0860069,0][-7.57253e-07,0.260734,-2.64985][-2.0976e-05,0.275681,0.961249][0.907623,0.0860069,0][-0.108657,0.273048,-2.62301][0.494278,0.211122,0.843277][0.907623,0.0873436,0][-0.125504,0.130611,-2.59273][0.475991,0.127933,0.870095][0.907623,0.0718814,0][-0.0825836,0.522891,-2.73137][0.545915,0.431518,0.71817][0.907623,0.114465,0][-0.108657,0.273048,-2.62301][0.494278,0.211122,0.843277][0.907623,0.0873436,0][-7.32113e-07,0.509786,-2.75026][7.02796e-07,0.544067,0.839041][0.907623,0.113042,0][-0.108657,0.273048,-2.62301][0.494278,0.211122,0.843277][0.907623,0.0873436,0][-0.215201,0.173466,-2.51507][0.809305,0.00455951,0.587371][0.907623,0.0765335,0][-0.125504,0.130611,-2.59273][0.475991,0.127933,0.870095][0.907623,0.0718814,0][-0.0825836,0.522891,-2.73137][0.545915,0.431518,0.71817][0.907623,0.114465,0][-0.188002,0.305465,-2.55277][0.843634,0.0470663,0.534852][0.907623,0.0908626,0][-0.108657,0.273048,-2.62301][0.494278,0.211122,0.843277][0.907623,0.0873436,0][-0.215201,0.173466,-2.51507][0.809305,0.00455951,0.587371][0.907623,0.0765335,0][-0.108657,0.273048,-2.62301][0.494278,0.211122,0.843277][0.907623,0.0873436,0][-0.188002,0.305465,-2.55277][0.843634,0.0470663,0.534852][0.907623,0.0908626,0][-0.188002,0.305465,-2.55277][0.843634,0.0470663,0.534852][0.907623,0.0908626,0][-0.0825836,0.522891,-2.73137][0.545915,0.431518,0.71817][0.907623,0.114465,0][-0.143689,0.559619,-2.68044][0.88814,0.177498,0.423912][0.907623,0.118452,0][-0.188002,0.305465,-2.55277][0.843634,0.0470663,0.534852][0.907623,0.0908626,0][-0.242242,0.240037,-2.4249][0.925931,-0.0813129,0.368836][0.907623,0.08376,0][-0.215201,0.173466,-2.51507][0.809305,0.00455951,0.587371][0.907623,0.0765335,0][-0.143689,0.559619,-2.68044][0.88814,0.177498,0.423912][0.907623,0.118452,0][-0.220136,0.351946,-2.4541][0.981197,-0.170494,0.0904721][0.907623,0.0959082,0][-0.188002,0.305465,-2.55277][0.843634,0.0470663,0.534852][0.907623,0.0908626,0][-0.242242,0.240037,-2.4249][0.925931,-0.0813129,0.368836][0.907623,0.08376,0][-0.188002,0.305465,-2.55277][0.843634,0.0470663,0.534852][0.907623,0.0908626,0][-0.220136,0.351946,-2.4541][0.981197,-0.170494,0.0904721][0.907623,0.0959082,0][0.0149735,1.0527,1.47285][0.132369,0.812077,0.56834][0.0378301,0.724836,0][0.0291483,1.05114,1.46786][0.157979,0.902725,0.400162][0.0409697,0.724398,0][0.032021,1.05365,1.43632][0.13995,0.985962,0.091063][0.0402088,0.71985,0][1.19209e-07,0.971981,1.55268][0.0201568,0.69559,0.718156][0.0356128,0.735412,0][0.0291483,1.05114,1.46786][0.157979,0.902725,0.400162][0.0409697,0.724398,0][0.0149735,1.0527,1.47285][0.132369,0.812077,0.56834][0.0378301,0.724836,0][0.0291483,1.05114,1.46786][0.157979,0.902725,0.400162][0.0409697,0.724398,0][1.19209e-07,0.971981,1.55268][0.0201568,0.69559,0.718156][0.0356128,0.735412,0][0.0669125,0.971981,1.54089][0.158631,0.694027,0.702255][0.0470163,0.73382,0][1.19209e-07,0.971981,1.55268][0.0201568,0.69559,0.718156][0.0356128,0.735412,0][0.0149735,1.0527,1.47285][0.132369,0.812077,0.56834][0.0378301,0.724836,0][-0.0281392,0.997212,1.52491][-0.104328,0.686725,0.719391][0.030817,0.731665,0][-1.84389,-0.201063,0.712516][-0.907231,0.260571,0.330205][0.723741,0.796124,0][-1.55086,0.397202,1.0455][-0.801619,0.378431,0.462815][0.804506,0.891029,0][-1.76357,0.397202,0.461074][-0.911567,0.378431,0.160733][0.731104,0.888562,0][-1.76357,0.397202,0.461074][-0.911567,0.378431,0.160733][0.731104,0.888562,0][-1.93177,-0.225991,0.490732][-0.960214,0.241154,0.140834][0.721816,0.811762,0][-1.84389,-0.201063,0.712516][-0.907231,0.260571,0.330205][0.723741,0.796124,0][-1.89686,-0.0966321,0.37657][-0.965455,0.260571,4.24524e-08][0.711813,0.838843,0][-1.93177,-0.225991,0.490732][-0.960214,0.241154,0.140834][0.721816,0.811762,0][-1.76357,0.397202,0.461074][-0.911567,0.378431,0.160733][0.731104,0.888562,0][-1.76357,0.397202,0.461074][-0.911567,0.378431,0.160733][0.731104,0.888562,0][-1.76357,0.397202,0.344574][-0.92924,0.369476,-1.46118e-06][0.717757,0.892326,0][-1.89686,-0.0966321,0.37657][-0.965455,0.260571,4.24524e-08][0.711813,0.838843,0][-1.61019,0.669753,0.434029][-0.829465,0.492869,0.262808][0.748378,0.951649,0][-1.76357,0.397202,0.344574][-0.92924,0.369476,-1.46118e-06][0.717757,0.892326,0][-1.76357,0.397202,0.461074][-0.911567,0.378431,0.160733][0.731104,0.888562,0][-1.33245,0.838546,0.919397][-0.751916,0.496148,0.434119][0.80342,0.973742,0][-1.61019,0.669753,0.434029][-0.829465,0.492869,0.262808][0.748378,0.951649,0][-1.76357,0.397202,0.461074][-0.911567,0.378431,0.160733][0.731104,0.888562,0][-1.76357,0.397202,0.461074][-0.911567,0.378431,0.160733][0.731104,0.888562,0][-1.55086,0.397202,1.0455][-0.801619,0.378431,0.462815][0.804506,0.891029,0][-1.33245,0.838546,0.919397][-0.751916,0.496148,0.434119][0.80342,0.973742,0][-1.61019,0.669753,0.434029][-0.829465,0.492869,0.262808][0.748378,0.951649,0][-1.33245,0.838546,0.919397][-0.751916,0.496148,0.434119][0.80342,0.973742,0][-1.47388,0.838546,0.530828][-0.818921,0.490434,0.298063][0.737869,0.980407,0][-1.84389,-0.201063,0.712516][-0.907231,0.260571,0.330205][0.723741,0.796124,0][-1.68398,-0.163671,1.12235][-0.831149,0.250467,0.496445][0.778287,0.784965,0][-1.55086,0.397202,1.0455][-0.801619,0.378431,0.462815][0.804506,0.891029,0][-0.988979,0.838546,1.32873][-0.558093,0.496148,0.665108][0.881945,0.976154,0][-1.33245,0.838546,0.919397][-0.751916,0.496148,0.434119][0.80342,0.973742,0][-1.55086,0.397202,1.0455][-0.801619,0.378431,0.462815][0.804506,0.891029,0][-1.15109,0.397202,1.52193][-0.594984,0.378431,0.709073][0.871812,0.890749,0][-1.55086,0.397202,1.0455][-0.801619,0.378431,0.462815][0.804506,0.891029,0][-1.68398,-0.163671,1.12235][-0.831149,0.250467,0.496445][0.778287,0.784965,0][-1.55086,0.397202,1.0455][-0.801619,0.378431,0.462815][0.804506,0.891029,0][-1.15109,0.397202,1.52193][-0.594984,0.378431,0.709073][0.871812,0.890749,0][-0.988979,0.838546,1.32873][-0.558093,0.496148,0.665108][0.881945,0.976154,0][-0.612484,0.397202,1.83289][-0.316584,0.378431,0.869807][0.900227,0.893513,0][-0.988979,0.838546,1.32873][-0.558093,0.496148,0.665108][0.881945,0.976154,0][-1.15109,0.397202,1.52193][-0.594984,0.378431,0.709073][0.871812,0.890749,0][-0.988979,0.838546,1.32873][-0.558093,0.496148,0.665108][0.881945,0.976154,0][-0.612484,0.397202,1.83289][-0.316584,0.378431,0.869807][0.900227,0.893513,0][-0.526225,0.838546,1.5959][-0.296955,0.496149,0.815876][0.924629,0.974258,0][-1.15109,0.397202,1.52193][-0.594984,0.378431,0.709073][0.871812,0.890749,0][-0.670898,-0.225991,1.99338][-0.336941,0.171708,0.925736][0.922835,0.793147,0][-0.612484,0.397202,1.83289][-0.316584,0.378431,0.869807][0.900227,0.893513,0][-1.68398,-0.163671,1.12235][-0.831149,0.250467,0.496445][0.778287,0.784965,0][-1.26087,-0.225991,1.65276][-0.634562,0.171474,0.75361][0.852501,0.778198,0][-1.15109,0.397202,1.52193][-0.594984,0.378431,0.709073][0.871812,0.890749,0][-0.670898,-0.225991,1.99338][-0.336941,0.171708,0.925736][0.922835,0.793147,0][-1.15109,0.397202,1.52193][-0.594984,0.378431,0.709073][0.871812,0.890749,0][-1.26087,-0.225991,1.65276][-0.634562,0.171474,0.75361][0.852501,0.778198,0][-1.40153,-0.363913,1.50232][-0.769746,0.0967558,0.630975][0.836278,0.757882,0][-1.26087,-0.225991,1.65276][-0.634562,0.171474,0.75361][0.852501,0.778198,0][-1.68398,-0.163671,1.12235][-0.831149,0.250467,0.496445][0.778287,0.784965,0][-1.40153,-0.363913,1.50232][-0.769746,0.0967558,0.630975][0.836278,0.757882,0][-1.26946,-0.390269,1.66299][-0.632101,0.08106,0.770635][0.856689,0.75278,0][-1.26087,-0.225991,1.65276][-0.634562,0.171474,0.75361][0.852501,0.778198,0][-1.26087,-0.225991,1.65276][-0.634562,0.171474,0.75361][0.852501,0.778198,0][-1.26946,-0.390269,1.66299][-0.632101,0.08106,0.770635][0.856689,0.75278,0][-0.927257,-0.416827,1.86302][-0.498405,0.0798403,0.86326][0.890043,0.759918,0][-0.927257,-0.416827,1.86302][-0.498405,0.0798403,0.86326][0.890043,0.759918,0][-0.670898,-0.225991,1.99338][-0.336941,0.171708,0.925736][0.922835,0.793147,0][-1.26087,-0.225991,1.65276][-0.634562,0.171474,0.75361][0.852501,0.778198,0][-0.927257,-0.416827,1.86302][-0.498405,0.0798403,0.86326][0.890043,0.759918,0][-0.674173,-0.343703,2.00238][-0.352142,0.0810565,0.93243][0.935922,0.778667,0][-0.670898,-0.225991,1.99338][-0.336941,0.171708,0.925736][0.922835,0.793147,0][1.11334,-1.34534,-1.17672][0.48779,-0.651246,-0.581326][0.148029,0.0861213,0][0.48369,-1.61327,-1.17882][0.252148,-0.675639,-0.692772][0.204116,0.0403958,0][0.592397,-1.34534,-1.47749][0.259548,-0.651246,-0.713102][0.204116,0.0882597,0][0.48369,-1.61327,-1.17882][0.252148,-0.675639,-0.692772][0.204116,0.0403958,0][1.11334,-1.34534,-1.17672][0.48779,-0.651246,-0.581326][0.148029,0.0861213,0][0.909039,-1.61327,-0.933242][0.473884,-0.675639,-0.564753][0.148029,0.0403958,0][3.49054e-07,-1.34534,-1.58194][2.45051e-09,-0.651246,-0.758867][0.258979,0.0860062,0][0.592397,-1.34534,-1.47749][0.259548,-0.651246,-0.713102][0.204116,0.0882597,0][0.48369,-1.61327,-1.17882][0.252148,-0.675639,-0.692772][0.204116,0.0403958,0][3.49054e-07,-1.34534,-1.58194][2.45051e-09,-0.651246,-0.758867][0.258979,0.0860062,0][0.48369,-1.61327,-1.17882][0.252148,-0.675639,-0.692772][0.204116,0.0403958,0][3.06877e-07,-1.61327,-1.26411][6.92298e-08,-0.675639,-0.737233][0.258824,0.0403958,0][-0.483689,-1.61327,-1.17882][-0.252148,-0.675639,-0.692773][0.330432,0.0403958,0][3.49054e-07,-1.34534,-1.58194][2.45051e-09,-0.651246,-0.758867][0.258979,0.0860062,0][3.06877e-07,-1.61327,-1.26411][6.92298e-08,-0.675639,-0.737233][0.258824,0.0403958,0][3.49054e-07,-1.34534,-1.58194][2.45051e-09,-0.651246,-0.758867][0.258979,0.0860062,0][-0.483689,-1.61327,-1.17882][-0.252148,-0.675639,-0.692773][0.330432,0.0403958,0][-0.592396,-1.34534,-1.47749][-0.259548,-0.651246,-0.713102][0.334643,0.0811397,0][-0.632926,-1.61327,-1.09266][-0.34112,-0.731128,-0.590837][0.363507,0.0403958,0][-0.592396,-1.34534,-1.47749][-0.259548,-0.651246,-0.713102][0.334643,0.0811397,0][-0.483689,-1.61327,-1.17882][-0.252148,-0.675639,-0.692773][0.330432,0.0403958,0][3.75568e-07,-1.03332,-1.78174][-4.51695e-17,-0.368837,-0.929494][0.260658,0.12114,0][0.592397,-1.34534,-1.47749][0.259548,-0.651246,-0.713102][0.204116,0.0882597,0][3.49054e-07,-1.34534,-1.58194][2.45051e-09,-0.651246,-0.758867][0.258979,0.0860062,0][-0.592396,-1.34534,-1.47749][-0.259548,-0.651246,-0.713102][0.334643,0.0811397,0][3.75568e-07,-1.03332,-1.78174][-4.51695e-17,-0.368837,-0.929494][0.260658,0.12114,0][3.49054e-07,-1.34534,-1.58194][2.45051e-09,-0.651246,-0.758867][0.258979,0.0860062,0][-0.592396,-1.34534,-1.47749][-0.259548,-0.651246,-0.713102][0.334643,0.0811397,0][-0.632926,-1.61327,-1.09266][-0.34112,-0.731128,-0.590837][0.363507,0.0403958,0][-1.11334,-1.34534,-1.17672][-0.48779,-0.651246,-0.581326][0.413174,0.0787964,0][-1.11334,-1.34534,-1.17672][-0.48779,-0.651246,-0.581326][0.413174,0.0787964,0][-0.632926,-1.61327,-1.09266][-0.34112,-0.731128,-0.590837][0.363507,0.0403958,0][-0.992976,-1.50319,-1.03327][-0.372007,-0.763443,-0.527982][0.41598,0.0447379,0][-0.992976,-1.50319,-1.03327][-0.372007,-0.763443,-0.527982][0.41598,0.0447379,0][-1.24761,-1.34534,-1.0167][-0.615615,-0.59513,-0.516564][0.452568,0.0790722,0][-1.11334,-1.34534,-1.17672][-0.48779,-0.651246,-0.581326][0.413174,0.0787964,0][-1.11334,-1.34534,-1.17672][-0.48779,-0.651246,-0.581326][0.413174,0.0787964,0][-0.660732,-1.03332,-1.66524][-0.317906,-0.368837,-0.873439][0.334357,0.114494,0][-0.592396,-1.34534,-1.47749][-0.259548,-0.651246,-0.713102][0.334643,0.0811397,0][3.75568e-07,-1.03332,-1.78174][-4.51695e-17,-0.368837,-0.929494][0.260658,0.12114,0][-0.592396,-1.34534,-1.47749][-0.259548,-0.651246,-0.713102][0.334643,0.0811397,0][-0.660732,-1.03332,-1.66524][-0.317906,-0.368837,-0.873439][0.334357,0.114494,0][-1.24761,-1.34534,-1.0167][-0.615615,-0.59513,-0.516564][0.452568,0.0790722,0][-1.24177,-1.03332,-1.32978][-0.597467,-0.368837,-0.712034][0.405216,0.113277,0][-1.11334,-1.34534,-1.17672][-0.48779,-0.651246,-0.581326][0.413174,0.0787964,0][-0.660732,-1.03332,-1.66524][-0.317906,-0.368837,-0.873439][0.334357,0.114494,0][-1.11334,-1.34534,-1.17672][-0.48779,-0.651246,-0.581326][0.413174,0.0787964,0][-1.24177,-1.03332,-1.32978][-0.597467,-0.368837,-0.712034][0.405216,0.113277,0][3.75568e-07,-1.03332,-1.78174][-4.51695e-17,-0.368837,-0.929494][0.260658,0.12114,0][0.660733,-1.03332,-1.66524][0.317906,-0.368837,-0.873439][0.204589,0.121614,0][0.592397,-1.34534,-1.47749][0.259548,-0.651246,-0.713102][0.204116,0.0882597,0][1.11334,-1.34534,-1.17672][0.48779,-0.651246,-0.581326][0.148029,0.0861213,0][0.592397,-1.34534,-1.47749][0.259548,-0.651246,-0.713102][0.204116,0.0882597,0][0.660733,-1.03332,-1.66524][0.317906,-0.368837,-0.873439][0.204589,0.121614,0][-0.660732,-1.03332,-1.66524][-0.317906,-0.368837,-0.873439][0.334357,0.114494,0][3.84611e-07,-0.698482,-1.84989][1.48185e-08,-0.0588738,-0.998265][0.262745,0.150073,0][3.75568e-07,-1.03332,-1.78174][-4.51695e-17,-0.368837,-0.929494][0.260658,0.12114,0][3.84611e-07,-0.698482,-1.84989][1.48185e-08,-0.0588738,-0.998265][0.262745,0.150073,0][0.660733,-1.03332,-1.66524][0.317906,-0.368837,-0.873439][0.204589,0.121614,0][3.75568e-07,-1.03332,-1.78174][-4.51695e-17,-0.368837,-0.929494][0.260658,0.12114,0][1.24431,-1.66563,-0.401765][0.409516,-0.900045,-0.149052][0.370961,0.80199,0][1.22475,-1.61327,-0.556998][0.638462,-0.675639,-0.368617][0.372971,0.802384,0][1.29271,-1.61327,-0.370273][0.669455,-0.701754,-0.243663][0.370048,0.80206,0][1.22475,-1.61327,-0.556998][0.638462,-0.675639,-0.368617][0.372971,0.802384,0][1.24431,-1.66563,-0.401765][0.409516,-0.900045,-0.149052][0.370961,0.80199,0][1.19422,-1.66563,-0.539377][0.328802,-0.925123,-0.189834][0.373115,0.802229,0][0.886386,-1.66563,-0.906244][0.244045,-0.925123,-0.290842][0.380835,0.802275,0][1.22475,-1.61327,-0.556998][0.638462,-0.675639,-0.368617][0.372971,0.802384,0][1.19422,-1.66563,-0.539377][0.328802,-0.925123,-0.189834][0.373115,0.802229,0][1.22475,-1.61327,-0.556998][0.638462,-0.675639,-0.368617][0.372971,0.802384,0][0.886386,-1.66563,-0.906244][0.244045,-0.925123,-0.290842][0.380835,0.802275,0][0.909039,-1.61327,-0.933242][0.473884,-0.675639,-0.564753][0.380889,0.802432,0][0.48369,-1.61327,-1.17882][0.252148,-0.675639,-0.692772][0.388546,0.801722,0][0.909039,-1.61327,-0.933242][0.473884,-0.675639,-0.564753][0.380889,0.802432,0][0.886386,-1.66563,-0.906244][0.244045,-0.925123,-0.290842][0.380835,0.802275,0][0.48369,-1.61327,-1.17882][0.252148,-0.675639,-0.692772][0.388546,0.801722,0][0.886386,-1.66563,-0.906244][0.244045,-0.925123,-0.290842][0.380835,0.802275,0][0.471636,-1.66563,-1.1457][0.129854,-0.925123,-0.356771][0.388301,0.801584,0][3.06877e-07,-1.61327,-1.26411][6.92298e-08,-0.675639,-0.737233][0.395017,0.800342,0][0.48369,-1.61327,-1.17882][0.252148,-0.675639,-0.692772][0.388546,0.801722,0][0.471636,-1.66563,-1.1457][0.129854,-0.925123,-0.356771][0.388301,0.801584,0][3.06877e-07,-1.61327,-1.26411][6.92298e-08,-0.675639,-0.737233][0.395017,0.800342,0][0.471636,-1.66563,-1.1457][0.129854,-0.925123,-0.356771][0.388301,0.801584,0][2.97682e-07,-1.66563,-1.22886][-8.56876e-08,-0.925123,-0.379667][0.394611,0.800238,0][-1.93177,-0.225991,0.490732][-0.960214,0.241154,0.140834][0.721757,0.811769,0][-1.93177,-0.225991,0.255552][-0.991291,0.131686,-1.02703e-06][0.73526,0.84648,0][-1.93854,-0.310461,0.307821][-0.996808,0.0798398,-1.44889e-06][0.734319,0.821992,0][-1.89686,-0.0966321,0.37657][-0.965455,0.260571,4.24524e-08][0.711821,0.838914,0][-1.93177,-0.225991,0.255552][-0.991291,0.131686,-1.02703e-06][0.73526,0.84648,0][-1.93177,-0.225991,0.490732][-0.960214,0.241154,0.140834][0.721757,0.811769,0][-1.93177,-0.225991,0.255552][-0.991291,0.131686,-1.02703e-06][0.73526,0.84648,0][-1.94807,-0.42944,0.134989][-0.996808,0.0798399,-1.41399e-06][0.75324,0.840753,0][-1.93854,-0.310461,0.307821][-0.996808,0.0798398,-1.44889e-06][0.734319,0.821992,0][-1.75689,-1.03332,-0.58541][-0.761928,-0.637084,0.116577][0.973814,0.14821,0][-1.62749,-1.20008,-0.633464][-0.782777,-0.620615,0.0457951][0.973814,0.128697,0][-1.75533,-1.02831,-0.490888][-0.725911,-0.653855,0.213371][0.973814,0.15708,0][-1.96813,-0.679957,-0.196926][-0.621971,-0.684101,0.380997][0.973814,0.21507,0][-1.75689,-1.03332,-0.58541][-0.761928,-0.637084,0.116577][0.973814,0.14821,0][-1.75533,-1.02831,-0.490888][-0.725911,-0.653855,0.213371][0.973814,0.15708,0][-1.75533,-1.02831,-0.490888][-0.725911,-0.653855,0.213371][0.973814,0.15708,0][-1.92213,-0.677739,-0.156203][-0.560223,-0.693876,0.452422][0.973814,0.218897,0][-1.96813,-0.679957,-0.196926][-0.621971,-0.684101,0.380997][0.973814,0.21507,0][-1.94807,-0.42944,0.134989][-0.456361,-0.696727,0.55345][0.973814,0.267499,0][-1.96813,-0.679957,-0.196926][-0.621971,-0.684101,0.380997][0.973814,0.21507,0][-1.92213,-0.677739,-0.156203][-0.560223,-0.693876,0.452422][0.973814,0.218897,0][-1.93854,-0.310461,0.307821][-0.762085,-0.542199,0.353903][0.973814,0.0623311,0][-1.89212,-0.258785,0.496139][-0.700382,-0.625293,0.3442][0.973814,0.0808319,0][-1.93177,-0.225991,0.490732][-0.700382,-0.625293,0.3442][0.973814,0.080717,0][-1.89212,-0.258785,0.496139][-0.700382,-0.625293,0.3442][0.973814,0.0808319,0][-1.93854,-0.310461,0.307821][-0.762085,-0.542199,0.353903][0.973814,0.0623311,0][-1.92092,-0.331904,0.320403][-0.755344,-0.552146,0.352973][0.973814,0.0632647,0][-1.93854,-0.310461,0.307821][-0.762085,-0.542199,0.353903][0.973814,0.0623311,0][-1.94807,-0.42944,0.134989][-0.813405,-0.457226,0.359606][0.973814,0.0444826,0][-1.92092,-0.331904,0.320403][-0.755344,-0.552146,0.352973][0.973814,0.0632647,0][3.06877e-07,-1.61327,-1.26411][6.92298e-08,-0.675639,-0.737233][0.39502,0.800341,0][-0.471636,-1.66563,-1.1457][-0.129854,-0.925123,-0.356771][0.388304,0.801583,0][-0.483689,-1.61327,-1.17882][-0.252148,-0.675639,-0.692773][0.388549,0.801722,0][-0.471636,-1.66563,-1.1457][-0.129854,-0.925123,-0.356771][0.388304,0.801583,0][3.06877e-07,-1.61327,-1.26411][6.92298e-08,-0.675639,-0.737233][0.39502,0.800341,0][2.97682e-07,-1.66563,-1.22886][-8.56876e-08,-0.925123,-0.379667][0.394614,0.800237,0][-0.514589,-1.66563,-1.1209][-0.150103,-0.953874,-0.259986][0.387531,0.801655,0][-0.483689,-1.61327,-1.17882][-0.252148,-0.675639,-0.692773][0.388549,0.801722,0][-0.471636,-1.66563,-1.1457][-0.129854,-0.925123,-0.356771][0.388304,0.801583,0][-0.632926,-1.61327,-1.09266][-0.34112,-0.731128,-0.590837][0.385862,0.80197,0][-0.483689,-1.61327,-1.17882][-0.252148,-0.675639,-0.692773][0.388549,0.801722,0][-0.514589,-1.66563,-1.1209][-0.150103,-0.953874,-0.259986][0.387531,0.801655,0][-0.514589,-1.66563,-1.1209][-0.150103,-0.953874,-0.259986][0.387531,0.801655,0][-0.886385,-1.66563,-0.906245][-0.244046,-0.925123,-0.290843][0.380838,0.802274,0][-0.706278,-1.61327,-1.05031][-0.40793,-0.578249,-0.706556][0.384542,0.802093,0][-0.909039,-1.61327,-0.933242][-0.473884,-0.675638,-0.564753][0.380892,0.802431,0][-0.706278,-1.61327,-1.05031][-0.40793,-0.578249,-0.706556][0.384542,0.802093,0][-0.886385,-1.66563,-0.906245][-0.244046,-0.925123,-0.290843][0.380838,0.802274,0][-1.22474,-1.61327,-0.556999][-0.638463,-0.675638,-0.368617][0.372974,0.802383,0][-0.909039,-1.61327,-0.933242][-0.473884,-0.675638,-0.564753][0.380892,0.802431,0][-0.886385,-1.66563,-0.906245][-0.244046,-0.925123,-0.290843][0.380838,0.802274,0][-1.22474,-1.61327,-0.556999][-0.638463,-0.675638,-0.368617][0.372974,0.802383,0][-0.886385,-1.66563,-0.906245][-0.244046,-0.925123,-0.290843][0.380838,0.802274,0][-1.19422,-1.66563,-0.539377][-0.328802,-0.925123,-0.189835][0.373118,0.802228,0][-1.39273,-1.61327,-0.0954673][-0.726033,-0.675638,-0.12802][0.36575,0.801584,0][-1.22474,-1.61327,-0.556999][-0.638463,-0.675638,-0.368617][0.372974,0.802383,0][-1.19422,-1.66563,-0.539377][-0.328802,-0.925123,-0.189835][0.373118,0.802228,0][-1.39273,-1.61327,-0.0954673][-0.726033,-0.675638,-0.12802][0.36575,0.801584,0][-1.19422,-1.66563,-0.539377][-0.328802,-0.925123,-0.189835][0.373118,0.802228,0][-1.35802,-1.66563,-0.0893475][-0.3739,-0.925123,-0.065929][0.366074,0.801449,0][1.87905,-0.577553,-0.417697][0.936693,0.0798405,-0.340928][0.245801,0.892356,0][1.83167,-0.698483,-0.576203][0.938155,-0.0571721,-0.341461][0.297522,0.869621,0][1.80433,-0.22599,-0.540662][0.928964,0.150676,-0.338117][0.257761,0.905,0][1.87905,-0.577553,-0.417697][0.936693,0.0798405,-0.340928][0.245801,0.892356,0][1.956,-0.698483,-0.23459][0.95542,-0.140184,-0.259849][0.227724,0.882521,0][1.83167,-0.698483,-0.576203][0.938155,-0.0571721,-0.341461][0.297522,0.869621,0][1.83167,-0.698483,-0.576203][0.938155,-0.0571721,-0.341461][0.297522,0.869621,0][1.76074,-0.22599,-0.660414][0.9239,0.182558,-0.336274][0.314558,0.899382,0][1.80433,-0.22599,-0.540662][0.928964,0.150676,-0.338117][0.257761,0.905,0][-7.71865e-07,-0.0931101,-2.5732][-0.255764,0.542426,-0.800224][0.720883,0.169619,0][0.146103,-0.057981,-2.59608][-0.255764,0.542426,-0.800224][0.722888,0.167484,0][-7.78129e-07,-0.15184,-2.60814][-0.255764,0.542426,-0.800224][0.727847,0.173153,0][0.146103,-0.057981,-2.59608][-0.255764,0.542426,-0.800224][0.722888,0.167484,0][-7.71865e-07,-0.0931101,-2.5732][-0.255764,0.542426,-0.800224][0.720883,0.169619,0][0.141867,-0.0115459,-2.55839][-0.255764,0.542426,-0.800224][0.715963,0.164695,0][0.141867,-0.0115459,-2.55839][-0.0364225,0.619062,-0.784497][0.715963,0.164695,0][0.209986,0.0569905,-2.50827][0.0653242,0.751494,-0.656498][0.706519,0.160576,0][0.168565,-0.0521534,-2.5918][-0.0266379,0.623855,-0.781086][0.722082,0.167134,0][0.258027,0.036761,-2.52648][0.112846,0.80156,-0.587169][0.709788,0.16179,0][0.168565,-0.0521534,-2.5918][-0.0266379,0.623855,-0.781086][0.722082,0.167134,0][0.209986,0.0569905,-2.50827][0.0653242,0.751494,-0.656498][0.706519,0.160576,0][0.942135,-0.0942649,1.7684][0.907443,-0.211355,0.363148][0.973814,0.0435432,0][0.967837,-0.031602,1.73717][0.877902,-0.130462,0.460725][0.973814,0.0571443,0][0.931573,-0.0718996,1.79486][0.907869,-0.212907,0.361171][0.973814,0.0446751,0][0.526935,0.911505,1.59785][0.331539,0.245668,0.910895][0.479759,0.340516,0][0.988979,0.838546,1.32873][0.655475,-0.0663932,0.752293][0.480385,0.326886,0][0.990313,0.911505,1.33032][0.63412,0.225038,0.739763][0.480391,0.326924,0][1.11625,0.910969,1.17783][0.76416,0.198284,0.613794][0.480418,0.32061,0][0.990313,0.911505,1.33032][0.63412,0.225038,0.739763][0.480391,0.326924,0][0.988979,0.838546,1.32873][0.655475,-0.0663932,0.752293][0.480385,0.326886,0][1.11625,0.910969,1.17783][0.76416,0.198284,0.613794][0.480418,0.32061,0][0.988979,0.838546,1.32873][0.655475,-0.0663932,0.752293][0.480385,0.326886,0][1.10959,0.833631,1.16471][0.783964,-0.10165,0.612428][0.480414,0.320091,0][0.988979,0.838546,1.32873][0.655475,-0.0663932,0.752293][0.480385,0.326886,0][0.526935,0.911505,1.59785][0.331539,0.245668,0.910895][0.479759,0.340516,0][0.526224,0.838546,1.5959][0.341882,-0.0284497,0.939312][0.479753,0.34046,0][1.19209e-07,0.911505,1.69076][-9.03466e-08,0.245668,0.969354][0.478644,0.349085,0][0.526224,0.838546,1.5959][0.341882,-0.0284497,0.939312][0.479753,0.34046,0][0.526935,0.911505,1.59785][0.331539,0.245668,0.910895][0.479759,0.340516,0][0.526224,0.838546,1.5959][0.341882,-0.0284497,0.939312][0.479753,0.34046,0][1.19209e-07,0.911505,1.69076][-9.03466e-08,0.245668,0.969354][0.478644,0.349085,0][1.19209e-07,0.838546,1.68869][-9.6024e-09,-0.0284481,0.999595][0.47864,0.349017,0][0.168565,-0.0521534,-2.5918][-0.0266379,0.623855,-0.781086][0.742636,0.189771,0][0.146103,-0.057981,-2.59608][-0.0151824,0.629361,-0.776965][0.744003,0.190595,0][0.141867,-0.0115459,-2.55839][-0.0364225,0.619062,-0.784497][0.732292,0.184203,0][0.488765,-0.457899,-1.90731][0.258596,-0.830314,-0.493666][0.613264,0.29384,0][0.497633,-0.496256,-1.7821][0.123757,-0.946299,-0.298668][0.587209,0.306555,0][0.471682,-0.461241,-1.9038][0.243259,-0.847412,-0.47193][0.612685,0.294596,0][0.471682,-0.461241,-1.9038][0.243259,-0.847412,-0.47193][0.612685,0.294596,0][0.433056,-0.285547,-2.11676][0.427246,-0.576977,-0.696103][0.649638,0.2535,0][0.488765,-0.457899,-1.90731][0.258596,-0.830314,-0.493666][0.613264,0.29384,0][0.433056,-0.285547,-2.11676][0.427246,-0.576977,-0.696103][0.649638,0.2535,0][0.471682,-0.461241,-1.9038][0.243259,-0.847412,-0.47193][0.612685,0.294596,0][0.420873,-0.295397,-2.12254][0.426559,-0.578219,-0.695493][0.651615,0.254962,0][0.358905,-0.11567,-2.26972][0.548472,-0.293126,-0.783107][0.673266,0.216283,0][0.433056,-0.285547,-2.11676][0.427246,-0.576977,-0.696103][0.649638,0.2535,0][0.420873,-0.295397,-2.12254][0.426559,-0.578219,-0.695493][0.651615,0.254962,0][0.386003,-0.107036,-2.26127][0.542138,-0.312586,-0.779985][0.670761,0.215163,0][0.433056,-0.285547,-2.11676][0.427246,-0.576977,-0.696103][0.649638,0.2535,0][0.358905,-0.11567,-2.26972][0.548472,-0.293126,-0.783107][0.673266,0.216283,0][0.315346,0.117231,-2.35261][0.770224,-0.0873799,-0.631759][0.67668,0.171289,0][0.386003,-0.107036,-2.26127][0.542138,-0.312586,-0.779985][0.670761,0.215163,0][0.358905,-0.11567,-2.26972][0.548472,-0.293126,-0.783107][0.673266,0.216283,0][0.320936,0.1257,-2.33981][0.793038,-0.0793247,-0.603985][0.673191,0.170404,0][0.386003,-0.107036,-2.26127][0.542138,-0.312586,-0.779985][0.670761,0.215163,0][0.315346,0.117231,-2.35261][0.770224,-0.0873799,-0.631759][0.67668,0.171289,0][0.320936,0.1257,-2.33981][0.793038,-0.0793247,-0.603985][0.673191,0.170404,0][0.315346,0.117231,-2.35261][0.770224,-0.0873799,-0.631759][0.67668,0.171289,0][0.285254,0.294268,-2.43325][0.921086,-0.0205404,-0.388817][0.683304,0.136248,0][-1.0182,-1.66563,1.04937][-0.789351,-0.278324,0.547231][0.973814,0.0416982,0][-0.90904,-1.61327,1.23346][-0.822074,-0.261898,0.505573][0.973814,0.0564888,0][-0.91824,-1.43398,1.31138][-0.941523,-0.258406,0.216243][0.973814,0.0814072,0][-0.90904,-1.61327,1.23346][-0.822074,-0.261898,0.505573][0.973814,0.0564888,0][-0.885098,-1.55291,1.3287][-0.940932,-0.225388,0.252681][0.973814,0.0680913,0][-0.91824,-1.43398,1.31138][-0.941523,-0.258406,0.216243][0.973814,0.0814072,0][-0.885098,-1.55291,1.3287][-0.940932,-0.225388,0.252681][0.973814,0.0680913,0][-0.920659,-1.38344,1.53678][-0.963973,-0.261577,0.0482979][0.973814,0.0979053,0][-0.91824,-1.43398,1.31138][-0.941523,-0.258406,0.216243][0.973814,0.0814072,0][1.93177,-0.225991,0.490732][0.970181,0.171709,0.171069][0.538752,0.893166,0][1.96564,-0.648821,-0.196486][0.992374,0.0434798,-0.115341][0.487711,0.945526,0][1.93177,-0.22599,-0.190514][0.970146,0.171605,-0.171375][0.495989,0.879064,0][1.89013,-0.549271,-0.380628][0.936693,0.0798406,-0.340928][0.462205,0.927056,0][1.93177,-0.22599,-0.190514][0.970146,0.171605,-0.171375][0.495989,0.879064,0][1.96564,-0.648821,-0.196486][0.992374,0.0434798,-0.115341][0.487711,0.945526,0][1.89013,-0.549271,-0.380628][0.936693,0.0798406,-0.340928][0.462205,0.927056,0][1.80433,-0.22599,-0.540662][0.921221,0.195871,-0.336135][0.45763,0.874667,0][1.93177,-0.22599,-0.190514][0.970146,0.171605,-0.171375][0.495989,0.879064,0][1.69648,0.062477,-0.605842][0.906923,0.260128,-0.331399][0.450106,0.832164,0][1.93177,-0.22599,-0.190514][0.970146,0.171605,-0.171375][0.495989,0.879064,0][1.80433,-0.22599,-0.540662][0.921221,0.195871,-0.336135][0.45763,0.874667,0][1.69648,0.062477,-0.605842][0.906923,0.260128,-0.331399][0.450106,0.832164,0][1.76357,0.397203,-0.160857][0.911547,0.378339,-0.161063][0.478254,0.787096,0][1.93177,-0.22599,-0.190514][0.970146,0.171605,-0.171375][0.495989,0.879064,0][1.76357,0.397203,-0.160857][0.911547,0.378339,-0.161063][0.478254,0.787096,0][1.93177,-0.225991,0.490732][0.970181,0.171709,0.171069][0.538752,0.893166,0][1.93177,-0.22599,-0.190514][0.970146,0.171605,-0.171375][0.495989,0.879064,0][1.76357,0.397203,-0.160857][0.911547,0.378339,-0.161063][0.478254,0.787096,0][1.69648,0.062477,-0.605842][0.906923,0.260128,-0.331399][0.450106,0.832164,0][1.56362,0.397203,-0.710216][0.881651,0.34522,-0.321738][0.422306,0.789891,0][1.76357,0.397203,-0.160857][0.911547,0.378339,-0.161063][0.478254,0.787096,0][1.56362,0.397203,-0.710216][0.881651,0.34522,-0.321738][0.422306,0.789891,0][1.56012,0.555009,-0.460179][0.818921,0.490434,-0.298063][0.428178,0.763308,0][1.5152,0.838546,-0.117062][0.855047,0.496149,-0.150768][0.4364,0.708243,0][1.76357,0.397203,-0.160857][0.911547,0.378339,-0.161063][0.478254,0.787096,0][1.56012,0.555009,-0.460179][0.818921,0.490434,-0.298063][0.428178,0.763308,0][1.56012,0.555009,-0.460179][0.818921,0.490434,-0.298063][0.428178,0.763308,0][1.4236,0.838546,-0.36875][0.818921,0.490435,-0.298064][0.410356,0.705834,0][1.5152,0.838546,-0.117062][0.855047,0.496149,-0.150768][0.4364,0.708243,0][1.5152,0.838546,-0.117062][0.855047,0.496149,-0.150768][0.4364,0.708243,0][1.76357,0.397202,0.461075][0.911567,0.378431,0.160734][0.519787,0.781541,0][1.76357,0.397203,-0.160857][0.911547,0.378339,-0.161063][0.478254,0.787096,0][1.76357,0.397203,-0.160857][0.911547,0.378339,-0.161063][0.478254,0.787096,0][1.76357,0.397202,0.461075][0.911567,0.378431,0.160734][0.519787,0.781541,0][1.93177,-0.225991,0.490732][0.970181,0.171709,0.171069][0.538752,0.893166,0][1.5152,0.838546,-0.117062][0.855047,0.496149,-0.150768][0.4364,0.708243,0][1.5152,0.838546,0.41728][0.855047,0.496149,0.150768][0.49632,0.707148,0][1.76357,0.397202,0.461075][0.911567,0.378431,0.160734][0.519787,0.781541,0][1.33245,0.838546,0.919398][0.739949,0.508031,0.440885][0.555648,0.699571,0][1.76357,0.397202,0.461075][0.911567,0.378431,0.160734][0.519787,0.781541,0][1.5152,0.838546,0.41728][0.855047,0.496149,0.150768][0.49632,0.707148,0][1.76357,0.397202,0.461075][0.911567,0.378431,0.160734][0.519787,0.781541,0][1.33245,0.838546,0.919398][0.739949,0.508031,0.440885][0.555648,0.699571,0][1.55086,0.397202,1.0455][0.796753,0.384387,0.466296][0.559444,0.791128,0][1.55086,0.397202,1.0455][0.796753,0.384387,0.466296][0.559444,0.791128,0][1.93177,-0.225991,0.490732][0.970181,0.171709,0.171069][0.538752,0.893166,0][1.76357,0.397202,0.461075][0.911567,0.378431,0.160734][0.519787,0.781541,0][1.14408,0.834133,1.12153][0.641788,0.51196,0.570969][0.585914,0.699123,0][1.55086,0.397202,1.0455][0.796753,0.384387,0.466296][0.559444,0.791128,0][1.33245,0.838546,0.919398][0.739949,0.508031,0.440885][0.555648,0.699571,0][1.09981,0.522852,1.44853][0.605297,0.526228,0.597243][0.615361,0.759623,0][1.55086,0.397202,1.0455][0.796753,0.384387,0.466296][0.559444,0.791128,0][1.14408,0.834133,1.12153][0.641788,0.51196,0.570969][0.585914,0.699123,0][1.55086,0.397202,1.0455][0.796753,0.384387,0.466296][0.559444,0.791128,0][1.09981,0.522852,1.44853][0.605297,0.526228,0.597243][0.615361,0.759623,0][1.15109,0.397202,1.52193][0.582317,0.406721,0.703907][0.61925,0.787097,0][1.09981,0.522852,1.44853][0.605297,0.526228,0.597243][0.615361,0.759623,0][1.0736,0.397202,1.56667][0.462203,0.381412,0.800558][0.628453,0.785254,0][1.15109,0.397202,1.52193][0.582317,0.406721,0.703907][0.61925,0.787097,0][1.15109,0.397202,1.52193][0.582317,0.406721,0.703907][0.61925,0.787097,0][1.0736,0.397202,1.56667][0.462203,0.381412,0.800558][0.628453,0.785254,0][0.99057,-0.0718996,1.7608][0.482727,0.260571,0.836108][0.63827,0.866222,0][1.15109,0.397202,1.52193][0.582317,0.406721,0.703907][0.61925,0.787097,0][1.69877,-0.225991,1.13089][0.853163,0.171709,0.492574][0.576356,0.897274,0][1.55086,0.397202,1.0455][0.796753,0.384387,0.466296][0.559444,0.791128,0][1.93177,-0.225991,0.490732][0.970181,0.171709,0.171069][0.538752,0.893166,0][1.55086,0.397202,1.0455][0.796753,0.384387,0.466296][0.559444,0.791128,0][1.69877,-0.225991,1.13089][0.853163,0.171709,0.492574][0.576356,0.897274,0][0.99057,-0.0718996,1.7608][0.482727,0.260571,0.836108][0.63827,0.866222,0][1.26087,-0.225991,1.65276][0.633241,0.171709,0.754667][0.615075,0.888951,0][1.15109,0.397202,1.52193][0.582317,0.406721,0.703907][0.61925,0.787097,0][1.69877,-0.225991,1.13089][0.853163,0.171709,0.492574][0.576356,0.897274,0][1.15109,0.397202,1.52193][0.582317,0.406721,0.703907][0.61925,0.787097,0][1.26087,-0.225991,1.65276][0.633241,0.171709,0.754667][0.615075,0.888951,0][0.99057,-0.0718996,1.7608][0.482727,0.260571,0.836108][0.63827,0.866222,0][0.908582,-0.225991,1.85616][0.474806,0.124367,0.871259][0.64511,0.887488,0][1.26087,-0.225991,1.65276][0.633241,0.171709,0.754667][0.615075,0.888951,0][1.69877,-0.225991,1.13089][0.853163,0.171709,0.492574][0.576356,0.897274,0][1.96962,-0.698483,0.497405][0.983192,-0.0588973,0.172812][0.539753,0.96773,0][1.93177,-0.225991,0.490732][0.970181,0.171709,0.171069][0.538752,0.893166,0][1.96564,-0.648821,-0.196486][0.992374,0.0434798,-0.115341][0.487711,0.945526,0][1.93177,-0.225991,0.490732][0.970181,0.171709,0.171069][0.538752,0.893166,0][1.96962,-0.698483,0.497405][0.983192,-0.0588973,0.172812][0.539753,0.96773,0][1.95182,-0.787246,-0.0336204][0.99001,-0.140665,-0.00965607][0.501896,0.967383,0][1.96564,-0.648821,-0.196486][0.992374,0.0434798,-0.115341][0.487711,0.945526,0][1.96962,-0.698483,0.497405][0.983192,-0.0588973,0.172812][0.539753,0.96773,0][1.96962,-0.698483,0.497405][0.983192,-0.0588973,0.172812][0.539753,0.96773,0][1.69877,-0.225991,1.13089][0.853163,0.171709,0.492574][0.576356,0.897274,0][1.73205,-0.698483,1.15011][0.864523,-0.058874,0.499133][0.581821,0.967567,0][1.26087,-0.225991,1.65276][0.633241,0.171709,0.754667][0.615075,0.888951,0][1.73205,-0.698483,1.15011][0.864523,-0.058874,0.499133][0.581821,0.967567,0][1.69877,-0.225991,1.13089][0.853163,0.171709,0.492574][0.576356,0.897274,0][1.73205,-0.698483,1.15011][0.864523,-0.058874,0.499133][0.581821,0.967567,0][1.26087,-0.225991,1.65276][0.633241,0.171709,0.754667][0.615075,0.888951,0][1.28558,-0.698483,1.6822][0.628338,-0.061655,0.775493][0.619844,0.965303,0][1.26087,-0.225991,1.65276][0.633241,0.171709,0.754667][0.615075,0.888951,0][0.908582,-0.225991,1.85616][0.474806,0.124367,0.871259][0.64511,0.887488,0][1.28558,-0.698483,1.6822][0.628338,-0.061655,0.775493][0.619844,0.965303,0][0.908582,-0.225991,1.85616][0.474806,0.124367,0.871259][0.64511,0.887488,0][0.887178,-0.523016,1.87018][0.447138,0.0590584,0.892513][0.652737,0.930385,0][1.28558,-0.698483,1.6822][0.628338,-0.061655,0.775493][0.619844,0.965303,0][0.887178,-0.523016,1.87018][0.447138,0.0590584,0.892513][0.652737,0.930385,0][0.789562,-0.703256,1.94384][0.508069,-0.0139879,0.861203][0.65466,0.954372,0][1.28558,-0.698483,1.6822][0.628338,-0.061655,0.775493][0.619844,0.965303,0][-1.84389,-0.201063,0.712516][-0.667385,-0.669351,0.326445][0.973814,0.102069,0][-1.63672,-0.2231,1.10874][-0.68949,-0.647543,0.324486][0.973814,0.139406,0][-1.68398,-0.163671,1.12235][-0.68949,-0.647543,0.324486][0.973814,0.14142,0][-1.63672,-0.2231,1.10874][-0.68949,-0.647543,0.324486][0.973814,0.139406,0][-1.84389,-0.201063,0.712516][-0.667385,-0.669351,0.326445][0.973814,0.102069,0][-1.80845,-0.237679,0.710177][-0.671527,-0.665362,0.326106][0.973814,0.101402,0][-1.84389,-0.201063,0.712516][-0.667385,-0.669351,0.326445][0.973814,0.102069,0][-1.89212,-0.258785,0.496139][-0.648497,-0.687006,0.327834][0.973814,0.0808319,0][-1.80845,-0.237679,0.710177][-0.671527,-0.665362,0.326106][0.973814,0.101402,0][-1.89212,-0.258785,0.496139][-0.648497,-0.687006,0.327834][0.973814,0.0808319,0][-1.84389,-0.201063,0.712516][-0.667385,-0.669351,0.326445][0.973814,0.102069,0][-1.93177,-0.225991,0.490732][-0.648497,-0.687006,0.327834][0.973814,0.080717,0][-0.897824,-1.63781,-0.292063][0.0231731,-0.999696,0.00843425][0.1465,0.890648,0][-0.827401,-1.63493,-0.144177][0.0231731,-0.999696,0.00843446][0.13837,0.907774,0][-0.958079,-1.6369,-0.0188267][0.0233091,-0.999699,0.00766525][0.154127,0.92196,0][-0.741457,-1.63407,-0.277972][0.0225208,-0.999701,0.00956401][0.127921,0.892539,0][-0.827401,-1.63493,-0.144177][0.0231731,-0.999696,0.00843446][0.13837,0.907774,0][-0.897824,-1.63781,-0.292063][0.0231731,-0.999696,0.00843425][0.1465,0.890648,0][-0.551675,-1.62837,-0.123316][0.0231746,-0.999696,0.00843584][0.105601,0.910651,0][-0.827401,-1.63493,-0.144177][0.0231731,-0.999696,0.00843446][0.13837,0.907774,0][-0.741457,-1.63407,-0.277972][0.0225208,-0.999701,0.00956401][0.127921,0.892539,0][-1.29809,-1.64529,-0.0787794][0.185603,-0.98208,0.0327267][0.194479,0.914477,0][-0.897824,-1.63781,-0.292063][0.0231731,-0.999696,0.00843425][0.1465,0.890648,0][-0.958079,-1.6369,-0.0188267][0.0233091,-0.999699,0.00766525][0.154127,0.92196,0][-0.958079,-1.6369,-0.0188267][0.0233091,-0.999699,0.00766525][0.154127,0.92196,0][-1.19408,-1.64273,-0.00784688][0.0246606,-0.999696,-5.67815e-08][0.182224,0.922813,0][-1.29809,-1.64529,-0.0787794][0.185603,-0.98208,0.0327267][0.194479,0.914477,0][1.19209e-07,-1.61327,0.150109][8.54422e-06,-1,1.59649e-06][0.0404242,0.943046,0][-0.551675,-1.62837,-0.123316][0.0231746,-0.999696,0.00843584][0.105601,0.910651,0][-0.741457,-1.63407,-0.277972][0.0225208,-0.999701,0.00956401][0.127921,0.892539,0][-0.785227,-1.6336,-0.10197][0.0237364,-0.999696,0.00668106][0.133423,0.9127,0][-0.551675,-1.62837,-0.123316][0.0231746,-0.999696,0.00843584][0.105601,0.910651,0][1.19209e-07,-1.61327,0.150109][8.54422e-06,-1,1.59649e-06][0.0404242,0.943046,0][-0.930959,-1.63624,0.030301][0.0244853,-0.999699,0.00136426][0.150983,0.927656,0][-0.785227,-1.6336,-0.10197][0.0237364,-0.999696,0.00668106][0.133423,0.9127,0][1.19209e-07,-1.61327,0.150109][8.54422e-06,-1,1.59649e-06][0.0404242,0.943046,0][-0.538694,-1.63012,-0.270429][0.0188909,-0.999696,0.0158511][0.10381,0.893758,0][1.19209e-07,-1.61327,0.150109][8.54422e-06,-1,1.59649e-06][0.0404242,0.943046,0][-0.741457,-1.63407,-0.277972][0.0225208,-0.999701,0.00956401][0.127921,0.892539,0][-0.897824,-1.63781,-0.292063][0.0231731,-0.999696,0.00843425][0.1465,0.890648,0][-1.29809,-1.64529,-0.0787794][0.185603,-0.98208,0.0327267][0.194479,0.914477,0][-1.14152,-1.64529,-0.508948][0.163216,-0.98208,0.0942327][0.17513,0.865288,0][-1.35802,-1.66563,-0.0893475][-0.3739,-0.925123,-0.065929][0.201592,0.913158,0][-1.14152,-1.64529,-0.508948][0.163216,-0.98208,0.0942327][0.17513,0.865288,0][-1.29809,-1.64529,-0.0787794][0.185603,-0.98208,0.0327267][0.194479,0.914477,0][-1.14152,-1.64529,-0.508948][0.163216,-0.98208,0.0942327][0.17513,0.865288,0][-0.796598,-1.63562,-0.309808][0.0197517,-0.999702,0.0143603][0.134428,0.888783,0][-0.897824,-1.63781,-0.292063][0.0231731,-0.999696,0.00843425][0.1465,0.890648,0][-1.14152,-1.64529,-0.508948][0.163216,-0.98208,0.0942327][0.17513,0.865288,0][-1.35802,-1.66563,-0.0893475][-0.3739,-0.925123,-0.065929][0.201592,0.913158,0][-1.19422,-1.66563,-0.539377][-0.328802,-0.925123,-0.189835][0.18135,0.861698,0][-0.796598,-1.63562,-0.309808][0.0197517,-0.999702,0.0143603][0.134428,0.888783,0][-0.847266,-1.64529,-0.859624][0.121143,-0.98208,0.144373][0.139534,0.825477,0][-0.538694,-1.63012,-0.270429][0.0188909,-0.999696,0.0158511][0.10381,0.893758,0][-0.847266,-1.64529,-0.859624][0.121143,-0.98208,0.144373][0.139534,0.825477,0][-0.796598,-1.63562,-0.309808][0.0197517,-0.999702,0.0143603][0.134428,0.888783,0][-1.14152,-1.64529,-0.508948][0.163216,-0.98208,0.0942327][0.17513,0.865288,0][-0.847266,-1.64529,-0.859624][0.121143,-0.98208,0.144373][0.139534,0.825477,0][-1.14152,-1.64529,-0.508948][0.163216,-0.98208,0.0942327][0.17513,0.865288,0][-1.19422,-1.66563,-0.539377][-0.328802,-0.925123,-0.189835][0.18135,0.861698,0][-0.538694,-1.63012,-0.270429][0.0188909,-0.999696,0.0158511][0.10381,0.893758,0][-0.847266,-1.64529,-0.859624][0.121143,-0.98208,0.144373][0.139534,0.825477,0][1.19209e-07,-1.61327,0.150109][8.54422e-06,-1,1.59649e-06][0.0404242,0.943046,0][-1.19422,-1.66563,-0.539377][-0.328802,-0.925123,-0.189835][0.18135,0.861698,0][-0.886385,-1.66563,-0.906245][-0.244046,-0.925123,-0.290843][0.14411,0.820049,0][-0.847266,-1.64529,-0.859624][0.121143,-0.98208,0.144373][0.139534,0.825477,0][-0.514589,-1.66563,-1.1209][-0.150103,-0.953874,-0.259986][0.0995166,0.796012,0][-0.847266,-1.64529,-0.859624][0.121143,-0.98208,0.144373][0.139534,0.825477,0][-0.886385,-1.66563,-0.906245][-0.244046,-0.925123,-0.290843][0.14411,0.820049,0][-0.847266,-1.64529,-0.859624][0.121143,-0.98208,0.144373][0.139534,0.825477,0][-0.450821,-1.64529,-1.08851][0.0644591,-0.98208,0.1771][0.0919842,0.799847,0][1.19209e-07,-1.61327,0.150109][8.54422e-06,-1,1.59649e-06][0.0404242,0.943046,0][-0.847266,-1.64529,-0.859624][0.121143,-0.98208,0.144373][0.139534,0.825477,0][-0.514589,-1.66563,-1.1209][-0.150103,-0.953874,-0.259986][0.0995166,0.796012,0][-0.450821,-1.64529,-1.08851][0.0644591,-0.98208,0.1771][0.0919842,0.799847,0][-0.450821,-1.64529,-1.08851][0.0644591,-0.98208,0.1771][0.0919842,0.799847,0][2.88353e-07,-1.64529,-1.168][-1.40804e-07,-0.98208,0.188466][0.0382152,0.791489,0][1.19209e-07,-1.61327,0.150109][8.54422e-06,-1,1.59649e-06][0.0404242,0.943046,0][-0.514589,-1.66563,-1.1209][-0.150103,-0.953874,-0.259986][0.0995166,0.796012,0][-0.471636,-1.66563,-1.1457][-0.129854,-0.925123,-0.356771][0.0943647,0.793235,0][-0.450821,-1.64529,-1.08851][0.0644591,-0.98208,0.1771][0.0919842,0.799847,0][-0.450821,-1.64529,-1.08851][0.0644591,-0.98208,0.1771][0.0919842,0.799847,0][2.97682e-07,-1.66563,-1.22886][-8.56876e-08,-0.925123,-0.379667][0.0381132,0.784491,0][2.88353e-07,-1.64529,-1.168][-1.40804e-07,-0.98208,0.188466][0.0382152,0.791489,0][2.97682e-07,-1.66563,-1.22886][-8.56876e-08,-0.925123,-0.379667][0.0381132,0.784491,0][-0.450821,-1.64529,-1.08851][0.0644591,-0.98208,0.1771][0.0919842,0.799847,0][-0.471636,-1.66563,-1.1457][-0.129854,-0.925123,-0.356771][0.0943647,0.793235,0][0.871863,-1.63688,-0.253122][-0.0231736,-0.999696,0.00843434][0.14351,0.89517,0][1.29809,-1.64529,-0.078779][-0.185603,-0.98208,0.0327266][0.194512,0.914477,0][1.19209e-07,-1.61327,0.150109][8.54422e-06,-1,1.59649e-06][0.0404569,0.943045,0][1.29809,-1.64529,-0.078779][-0.185603,-0.98208,0.0327266][0.194512,0.914477,0][0.871863,-1.63688,-0.253122][-0.0231736,-0.999696,0.00843434][0.14351,0.89517,0][1.24397,-1.64529,-0.227465][-0.127964,-0.990685,0.0465751][0.187824,0.897475,0][1.30939,-1.66563,-0.222954][0.331367,-0.935762,-0.120608][0.195615,0.89788,0][1.29809,-1.64529,-0.078779][-0.185603,-0.98208,0.0327266][0.194512,0.914477,0][1.24397,-1.64529,-0.227465][-0.127964,-0.990685,0.0465751][0.187824,0.897475,0][1.29809,-1.64529,-0.078779][-0.185603,-0.98208,0.0327266][0.194512,0.914477,0][1.30939,-1.66563,-0.222954][0.331367,-0.935762,-0.120608][0.195615,0.89788,0][1.35802,-1.66563,-0.0893471][0.3739,-0.925123,-0.065929][0.201624,0.913158,0][1.19209e-07,-1.61327,0.150109][8.54422e-06,-1,1.59649e-06][0.0404569,0.943045,0][1.14152,-1.64529,-0.508947][-0.163216,-0.98208,0.0942326][0.175163,0.865288,0][0.871863,-1.63688,-0.253122][-0.0231736,-0.999696,0.00843434][0.14351,0.89517,0][1.14152,-1.64529,-0.508947][-0.163216,-0.98208,0.0942326][0.175163,0.865288,0][1.18862,-1.64529,-0.379539][-0.161776,-0.985069,0.0588818][0.180984,0.880085,0][0.871863,-1.63688,-0.253122][-0.0231736,-0.999696,0.00843434][0.14351,0.89517,0][1.14152,-1.64529,-0.508947][-0.163216,-0.98208,0.0942326][0.175163,0.865288,0][1.24431,-1.66563,-0.401765][0.409516,-0.900045,-0.149052][0.187572,0.877433,0][1.18862,-1.64529,-0.379539][-0.161776,-0.985069,0.0588818][0.180984,0.880085,0][1.24431,-1.66563,-0.401765][0.409516,-0.900045,-0.149052][0.187572,0.877433,0][1.14152,-1.64529,-0.508947][-0.163216,-0.98208,0.0942326][0.175163,0.865288,0][1.19422,-1.66563,-0.539377][0.328802,-0.925123,-0.189834][0.181382,0.861697,0][0.847266,-1.64529,-0.859624][-0.121144,-0.98208,0.144373][0.139567,0.825477,0][1.19422,-1.66563,-0.539377][0.328802,-0.925123,-0.189834][0.181382,0.861697,0][1.14152,-1.64529,-0.508947][-0.163216,-0.98208,0.0942326][0.175163,0.865288,0][0.847266,-1.64529,-0.859624][-0.121144,-0.98208,0.144373][0.139567,0.825477,0][1.14152,-1.64529,-0.508947][-0.163216,-0.98208,0.0942326][0.175163,0.865288,0][1.19209e-07,-1.61327,0.150109][8.54422e-06,-1,1.59649e-06][0.0404569,0.943045,0][1.19422,-1.66563,-0.539377][0.328802,-0.925123,-0.189834][0.181382,0.861697,0][0.847266,-1.64529,-0.859624][-0.121144,-0.98208,0.144373][0.139567,0.825477,0][0.886386,-1.66563,-0.906244][0.244045,-0.925123,-0.290842][0.144143,0.820048,0][0.450821,-1.64529,-1.08851][-0.064459,-0.98208,0.1771][0.0920171,0.799847,0][0.847266,-1.64529,-0.859624][-0.121144,-0.98208,0.144373][0.139567,0.825477,0][1.19209e-07,-1.61327,0.150109][8.54422e-06,-1,1.59649e-06][0.0404569,0.943045,0][0.450821,-1.64529,-1.08851][-0.064459,-0.98208,0.1771][0.0920171,0.799847,0][0.886386,-1.66563,-0.906244][0.244045,-0.925123,-0.290842][0.144143,0.820048,0][0.847266,-1.64529,-0.859624][-0.121144,-0.98208,0.144373][0.139567,0.825477,0][2.88353e-07,-1.64529,-1.168][-1.40804e-07,-0.98208,0.188466][0.038248,0.791488,0][0.450821,-1.64529,-1.08851][-0.064459,-0.98208,0.1771][0.0920171,0.799847,0][1.19209e-07,-1.61327,0.150109][8.54422e-06,-1,1.59649e-06][0.0404569,0.943045,0][0.886386,-1.66563,-0.906244][0.244045,-0.925123,-0.290842][0.144143,0.820048,0][0.450821,-1.64529,-1.08851][-0.064459,-0.98208,0.1771][0.0920171,0.799847,0][0.471636,-1.66563,-1.1457][0.129854,-0.925123,-0.356771][0.0943976,0.793235,0][2.97682e-07,-1.66563,-1.22886][-8.56876e-08,-0.925123,-0.379667][0.038146,0.784491,0][0.450821,-1.64529,-1.08851][-0.064459,-0.98208,0.1771][0.0920171,0.799847,0][2.88353e-07,-1.64529,-1.168][-1.40804e-07,-0.98208,0.188466][0.038248,0.791488,0][0.450821,-1.64529,-1.08851][-0.064459,-0.98208,0.1771][0.0920171,0.799847,0][2.97682e-07,-1.66563,-1.22886][-8.56876e-08,-0.925123,-0.379667][0.038146,0.784491,0][0.471636,-1.66563,-1.1457][0.129854,-0.925123,-0.356771][0.0943976,0.793235,0][1.76074,-0.22599,-0.660414][0.9239,0.182558,-0.336274][0.313577,0.899133,0][1.7069,-0.00599605,-0.625662][0.90394,0.273215,-0.329008][0.281788,0.955132,0][1.80433,-0.22599,-0.540662][0.928964,0.150676,-0.338117][0.258384,0.905241,0][1.29809,-1.64529,-0.078779][-0.185603,-0.98208,0.0327266][0.195278,0.967084,0][1.29809,-1.64529,0.378997][-0.185603,-0.98208,-0.0327269][0.194511,0.914448,0][1.19209e-07,-1.61327,0.150109][8.54422e-06,-1,1.59649e-06][0.0404565,0.943017,0][1.29809,-1.64529,-0.078779][-0.185603,-0.98208,0.0327266][0.195278,0.967084,0][1.35802,-1.66563,0.389565][0.373901,-0.925123,0.0659285][0.201624,0.913129,0][1.29809,-1.64529,0.378997][-0.185603,-0.98208,-0.0327269][0.194511,0.914448,0][1.35802,-1.66563,0.389565][0.373901,-0.925123,0.0659285][0.201624,0.913129,0][1.29809,-1.64529,-0.078779][-0.185603,-0.98208,0.0327266][0.195278,0.967084,0][1.35802,-1.66563,-0.0893471][0.3739,-0.925123,-0.065929][0.202427,0.968195,0][1.24949,-1.66563,0.68774][0.289333,-0.951418,0.105308][0.188212,0.879033,0][1.29809,-1.64529,0.378997][-0.185603,-0.98208,-0.0327269][0.194511,0.914448,0][1.35802,-1.66563,0.389565][0.373901,-0.925123,0.0659285][0.201624,0.913129,0][1.29809,-1.64529,0.378997][-0.185603,-0.98208,-0.0327269][0.194511,0.914448,0][1.24949,-1.66563,0.68774][0.289333,-0.951418,0.105308][0.188212,0.879033,0][1.14152,-1.64529,0.809165][-0.173084,-0.982866,-0.0633745][0.175163,0.865259,0][1.29809,-1.64529,0.378997][-0.185603,-0.98208,-0.0327269][0.194511,0.914448,0][1.14152,-1.64529,0.809165][-0.173084,-0.982866,-0.0633745][0.175163,0.865259,0][1.19209e-07,-1.61327,0.150109][8.54422e-06,-1,1.59649e-06][0.0404565,0.943017,0][1.24949,-1.66563,0.68774][0.289333,-0.951418,0.105308][0.188212,0.879033,0][1.19422,-1.66563,0.839595][0.0890351,-0.995501,0.0324056][0.181382,0.861669,0][1.14152,-1.64529,0.809165][-0.173084,-0.982866,-0.0633745][0.175163,0.865259,0][1.14152,-1.64529,0.809165][-0.173084,-0.982866,-0.0633745][0.175163,0.865259,0][0.850228,-1.6379,0.690134][-0.0188921,-0.999696,-0.0158516][0.140706,0.87945,0][1.19209e-07,-1.61327,0.150109][8.54422e-06,-1,1.59649e-06][0.0404565,0.943017,0][0.850228,-1.6379,0.690134][-0.0188921,-0.999696,-0.0158516][0.140706,0.87945,0][0.847266,-1.64529,1.15984][-0.121143,-0.98208,-0.144374][0.139567,0.825448,0][1.19209e-07,-1.61327,0.150109][8.54422e-06,-1,1.59649e-06][0.0404565,0.943017,0][0.847266,-1.64529,1.15984][-0.121143,-0.98208,-0.144374][0.139567,0.825448,0][0.850228,-1.6379,0.690134][-0.0188921,-0.999696,-0.0158516][0.140706,0.87945,0][1.12395,-1.64529,0.830107][-0.137564,-0.983744,-0.11543][0.173037,0.862882,0][1.16409,-1.66563,0.875506][0.324202,-0.906029,0.272037][0.177737,0.857592,0][0.847266,-1.64529,1.15984][-0.121143,-0.98208,-0.144374][0.139567,0.825448,0][1.12395,-1.64529,0.830107][-0.137564,-0.983744,-0.11543][0.173037,0.862882,0][0.847266,-1.64529,1.15984][-0.121143,-0.98208,-0.144374][0.139567,0.825448,0][1.16409,-1.66563,0.875506][0.324202,-0.906029,0.272037][0.177737,0.857592,0][0.886386,-1.66563,1.20646][0.244045,-0.925123,0.290841][0.144143,0.82002,0][0.471636,-1.66563,1.44592][0.129854,-0.925123,0.35677][0.0943972,0.793206,0][0.847266,-1.64529,1.15984][-0.121143,-0.98208,-0.144374][0.139567,0.825448,0][0.886386,-1.66563,1.20646][0.244045,-0.925123,0.290841][0.144143,0.82002,0][0.847266,-1.64529,1.15984][-0.121143,-0.98208,-0.144374][0.139567,0.825448,0][0.450821,-1.64529,1.38873][-0.064459,-0.98208,-0.1771][0.0920167,0.799818,0][1.19209e-07,-1.61327,0.150109][8.54422e-06,-1,1.59649e-06][0.0404565,0.943017,0][0.847266,-1.64529,1.15984][-0.121143,-0.98208,-0.144374][0.139567,0.825448,0][0.471636,-1.66563,1.44592][0.129854,-0.925123,0.35677][0.0943972,0.793206,0][0.450821,-1.64529,1.38873][-0.064459,-0.98208,-0.1771][0.0920167,0.799818,0][0.450821,-1.64529,1.38873][-0.064459,-0.98208,-0.1771][0.0920167,0.799818,0][8.93234e-08,-1.64529,1.46822][1.94959e-07,-0.98208,-0.188466][0.0382476,0.79146,0][1.19209e-07,-1.61327,0.150109][8.54422e-06,-1,1.59649e-06][0.0404565,0.943017,0][0.471636,-1.66563,1.44592][0.129854,-0.925123,0.35677][0.0943972,0.793206,0][8.93234e-08,-1.64529,1.46822][1.94959e-07,-0.98208,-0.188466][0.0382476,0.79146,0][0.450821,-1.64529,1.38873][-0.064459,-0.98208,-0.1771][0.0920167,0.799818,0][8.93234e-08,-1.64529,1.46822][1.94959e-07,-0.98208,-0.188466][0.0382476,0.79146,0][0.471636,-1.66563,1.44592][0.129854,-0.925123,0.35677][0.0943972,0.793206,0][9.0605e-08,-1.66563,1.52908][3.67233e-08,-0.925123,0.379668][0.0381456,0.784462,0][-1.29809,-1.64529,0.378996][0.185602,-0.98208,-0.0327268][0.194478,0.914449,0][-0.930959,-1.63624,0.030301][0.0244853,-0.999699,0.00136426][0.151384,0.955179,0][1.19209e-07,-1.61327,0.150109][8.54422e-06,-1,1.59649e-06][0.0404238,0.943017,0][-1.19408,-1.64273,-0.00784688][0.0246606,-0.999696,-5.67815e-08][0.182753,0.959109,0][-0.930959,-1.63624,0.030301][0.0244853,-0.999699,0.00136426][0.151384,0.955179,0][-1.29809,-1.64529,0.378996][0.185602,-0.98208,-0.0327268][0.194478,0.914449,0][-1.29809,-1.64529,-0.0787794][0.185603,-0.98208,0.0327267][0.195246,0.967084,0][-1.19408,-1.64273,-0.00784688][0.0246606,-0.999696,-5.67815e-08][0.182753,0.959109,0][-1.29809,-1.64529,0.378996][0.185602,-0.98208,-0.0327268][0.194478,0.914449,0][-1.35802,-1.66563,0.389564][-0.3739,-0.925123,0.0659282][0.201591,0.91313,0][-1.29809,-1.64529,-0.0787794][0.185603,-0.98208,0.0327267][0.195246,0.967084,0][-1.29809,-1.64529,0.378996][0.185602,-0.98208,-0.0327268][0.194478,0.914449,0][-1.29809,-1.64529,-0.0787794][0.185603,-0.98208,0.0327267][0.195246,0.967084,0][-1.35802,-1.66563,0.389564][-0.3739,-0.925123,0.0659282][0.201591,0.91313,0][-1.35802,-1.66563,-0.0893475][-0.3739,-0.925123,-0.065929][0.202394,0.968195,0][-1.29809,-1.64529,0.378996][0.185602,-0.98208,-0.0327268][0.194478,0.914449,0][-1.19422,-1.66563,0.839594][-0.328802,-0.925123,0.189833][0.18135,0.861669,0][-1.35802,-1.66563,0.389564][-0.3739,-0.925123,0.0659282][0.201591,0.91313,0][-1.19422,-1.66563,0.839594][-0.328802,-0.925123,0.189833][0.18135,0.861669,0][-1.29809,-1.64529,0.378996][0.185602,-0.98208,-0.0327268][0.194478,0.914449,0][-1.14152,-1.64529,0.809164][0.163216,-0.98208,-0.0942331][0.17513,0.86526,0][-1.14152,-1.64529,0.809164][0.163216,-0.98208,-0.0942331][0.17513,0.86526,0][-1.29809,-1.64529,0.378996][0.185602,-0.98208,-0.0327268][0.194478,0.914449,0][1.19209e-07,-1.61327,0.150109][8.54422e-06,-1,1.59649e-06][0.0404238,0.943017,0][-1.0182,-1.66563,1.04937][-0.183899,-0.970757,0.154309][0.160055,0.837854,0][-1.19422,-1.66563,0.839594][-0.328802,-0.925123,0.189833][0.18135,0.861669,0][-1.14152,-1.64529,0.809164][0.163216,-0.98208,-0.0942331][0.17513,0.86526,0][-1.14152,-1.64529,0.809164][0.163216,-0.98208,-0.0942331][0.17513,0.86526,0][-0.847267,-1.64529,1.15984][0.121143,-0.98208,-0.144373][0.139534,0.825449,0][-1.0182,-1.66563,1.04937][-0.183899,-0.970757,0.154309][0.160055,0.837854,0][-0.847267,-1.64529,1.15984][0.121143,-0.98208,-0.144373][0.139534,0.825449,0][-1.14152,-1.64529,0.809164][0.163216,-0.98208,-0.0942331][0.17513,0.86526,0][1.19209e-07,-1.61327,0.150109][8.54422e-06,-1,1.59649e-06][0.0404238,0.943017,0][-1.0182,-1.66563,1.04937][-0.183899,-0.970757,0.154309][0.160055,0.837854,0][-0.847267,-1.64529,1.15984][0.121143,-0.98208,-0.144373][0.139534,0.825449,0][-0.886386,-1.66563,1.20646][-0.244046,-0.925123,0.290842][0.14411,0.820021,0][-0.450822,-1.64529,1.38873][0.0644592,-0.98208,-0.1771][0.091984,0.799819,0][-0.847267,-1.64529,1.15984][0.121143,-0.98208,-0.144373][0.139534,0.825449,0][1.19209e-07,-1.61327,0.150109][8.54422e-06,-1,1.59649e-06][0.0404238,0.943017,0][-0.450822,-1.64529,1.38873][0.0644592,-0.98208,-0.1771][0.091984,0.799819,0][-0.886386,-1.66563,1.20646][-0.244046,-0.925123,0.290842][0.14411,0.820021,0][-0.847267,-1.64529,1.15984][0.121143,-0.98208,-0.144373][0.139534,0.825449,0][8.93234e-08,-1.64529,1.46822][1.94959e-07,-0.98208,-0.188466][0.0382148,0.79146,0][-0.450822,-1.64529,1.38873][0.0644592,-0.98208,-0.1771][0.091984,0.799819,0][1.19209e-07,-1.61327,0.150109][8.54422e-06,-1,1.59649e-06][0.0404238,0.943017,0][-0.886386,-1.66563,1.20646][-0.244046,-0.925123,0.290842][0.14411,0.820021,0][-0.450822,-1.64529,1.38873][0.0644592,-0.98208,-0.1771][0.091984,0.799819,0][-0.471637,-1.66563,1.44592][-0.129854,-0.925123,0.356771][0.0943645,0.793207,0][-0.450822,-1.64529,1.38873][0.0644592,-0.98208,-0.1771][0.091984,0.799819,0][8.93234e-08,-1.64529,1.46822][1.94959e-07,-0.98208,-0.188466][0.0382148,0.79146,0][9.0605e-08,-1.66563,1.52908][3.67233e-08,-0.925123,0.379668][0.0381128,0.784463,0][9.0605e-08,-1.66563,1.52908][3.67233e-08,-0.925123,0.379668][0.0381128,0.784463,0][-0.471637,-1.66563,1.44592][-0.129854,-0.925123,0.356771][0.0943645,0.793207,0][-0.450822,-1.64529,1.38873][0.0644592,-0.98208,-0.1771][0.091984,0.799819,0][-0.258746,0.690631,2.42472][-0.203273,-0.621841,0.756303][0.974519,0.225585,0][-0.16935,0.55614,2.33816][-0.20365,-0.621609,0.756392][0.972851,0.104182,0][-0.09023,0.648256,2.43517][-0.203813,-0.621508,0.756431][0.974859,0.187336,0][-0.16935,0.55614,2.33816][-0.20365,-0.621609,0.756392][0.972851,0.104182,0][0.169357,0.569632,2.44065][-0.204146,-0.621302,0.75651][0.975169,0.116367,0][-0.09023,0.648256,2.43517][-0.203813,-0.621508,0.756431][0.974859,0.187336,0][-0.526935,0.911505,1.59785][-0.331539,0.245667,0.910895][0.479757,0.340523,0][-0.990314,0.911505,1.33032][-0.62309,0.245666,0.742568][0.480442,0.327845,0][-0.988979,0.838546,1.32873][-0.642528,-0.0284496,0.765734][0.480435,0.327788,0][-1.33425,0.911505,0.920435][-0.839486,0.245667,0.484677][0.48054,0.311298,0][-0.988979,0.838546,1.32873][-0.642528,-0.0284496,0.765734][0.480435,0.327788,0][-0.990314,0.911505,1.33032][-0.62309,0.245666,0.742568][0.480442,0.327845,0][-0.526935,0.911505,1.59785][-0.331539,0.245667,0.910895][0.479757,0.340523,0][-0.988979,0.838546,1.32873][-0.642528,-0.0284496,0.765734][0.480435,0.327788,0][-0.526225,0.838546,1.5959][-0.341883,-0.0284481,0.939312][0.479752,0.340466,0][1.19209e-07,0.911505,1.69076][-9.03466e-08,0.245668,0.969354][0.478642,0.349091,0][-0.526935,0.911505,1.59785][-0.331539,0.245667,0.910895][0.479757,0.340523,0][-0.526225,0.838546,1.5959][-0.341883,-0.0284481,0.939312][0.479752,0.340466,0][1.19209e-07,0.911505,1.69076][-9.03466e-08,0.245668,0.969354][0.478642,0.349091,0][-0.526225,0.838546,1.5959][-0.341883,-0.0284481,0.939312][0.479752,0.340466,0][1.19209e-07,0.838546,1.68869][-9.6024e-09,-0.0284481,0.999595][0.478638,0.349024,0][-0.988979,0.838546,1.32873][-0.642528,-0.0284496,0.765734][0.480435,0.327788,0][-1.33425,0.911505,0.920435][-0.839486,0.245667,0.484677][0.48054,0.311298,0][-1.33245,0.838546,0.919397][-0.865675,-0.0284489,0.499797][0.480532,0.31126,0][-1.33425,0.911505,0.920435][-0.839486,0.245667,0.484677][0.48054,0.311298,0][-1.46719,0.911505,0.555173][-0.921744,0.194516,0.335487][0.480104,0.296652,0][-1.33245,0.838546,0.919397][-0.865675,-0.0284489,0.499797][0.480532,0.31126,0][-1.47388,0.838546,0.530828][-0.939324,-0.0280163,0.341885][0.480074,0.295788,0][-1.33245,0.838546,0.919397][-0.865675,-0.0284489,0.499797][0.480532,0.31126,0][-1.46719,0.911505,0.555173][-0.921744,0.194516,0.335487][0.480104,0.296652,0][0.907718,-0.0650973,1.77618][0.566381,-0.648817,0.508182][0.973814,0.0476652,0][0.967837,-0.031602,1.73717][0.643381,-0.597695,0.478354][0.973814,0.0571443,0][0.95679,-0.0215363,1.76461][0.623565,-0.611793,0.486699][0.973814,0.0561169,0][0.907718,-0.0650973,1.77618][0.566381,-0.648817,0.508182][0.973814,0.254889,0][0.76237,-0.0921248,1.89885][0.554326,-0.655984,0.512257][0.973814,0.251516,0][0.834151,-0.0866624,1.81392][0.554326,-0.655984,0.512257][0.973814,0.252586,0][0.95679,-0.0215363,1.76461][0.623565,-0.611793,0.486699][0.973814,0.259122,0][0.76237,-0.0921248,1.89885][0.554326,-0.655984,0.512257][0.973814,0.251516,0][0.907718,-0.0650973,1.77618][0.566381,-0.648817,0.508182][0.973814,0.254889,0][-0.0845891,1.11715,1.17511][-0.331885,0.648285,0.685258][0.974083,0.145695,0][-0.0901867,1.09732,1.19116][-0.347089,0.647247,0.678675][0.974083,0.148328,0][0.00127291,1.08667,1.27318][-0.476262,0.630477,0.612921][0.974083,0.26226,0][-0.0901867,1.09732,1.19116][-0.347089,0.647247,0.678675][0.974083,0.148328,0][-0.0845891,1.11715,1.17511][-0.331885,0.648285,0.685258][0.974083,0.145695,0][-0.191067,1.09012,1.17065][-0.195723,0.649741,0.734527][0.974083,0.0432684,0][-1.46829,0.824484,0.493274][-0.611367,-0.0829514,0.786988][0.973814,0.260267,0][-1.4982,0.838546,0.463987][-0.618259,0.0334761,0.785261][0.973814,0.261008,0][-1.61019,0.669753,0.434029][-0.606078,0.269282,0.748436][0.973814,0.232685,0][-0.843853,-0.464537,1.91559][-0.64004,0.453043,0.620565][0.973814,0.21305,0][-0.674173,-0.343703,2.00238][-0.64004,0.453043,0.620565][0.973814,0.222755,0][-0.872695,-0.438198,1.86661][-0.64004,0.453043,0.620565][0.973814,0.208722,0][-1.93177,-0.225991,0.19389][-0.655823,-0.242797,0.714805][0.973814,0.0782518,0][-1.94807,-0.42944,0.134989][-0.682537,-0.152276,0.714811][0.973814,0.0429535,0][-1.89232,-0.229051,0.230911][-0.628709,-0.317572,0.70984][0.973814,0.079652,0][-1.8853,-0.0538042,0.335979][-0.595181,-0.395548,0.699501][0.973814,0.112825,0][-1.93177,-0.225991,0.19389][-0.655823,-0.242797,0.714805][0.973814,0.0782518,0][-1.89232,-0.229051,0.230911][-0.628709,-0.317572,0.70984][0.973814,0.079652,0][-1.8853,-0.0538042,0.335979][-0.595181,-0.395548,0.699501][0.973814,0.112825,0][-1.89232,-0.229051,0.230911][-0.628709,-0.317572,0.70984][0.973814,0.079652,0][-1.82249,-0.104905,0.355345][-0.595181,-0.395548,0.699501][0.973814,0.105699,0][-0.47971,0.971981,1.4681][-0.253707,0.670633,0.697054][0.117261,0.724001,0][-0.453682,1.05615,1.39659][-0.148618,0.775054,0.61417][0.112825,0.714354,0][-0.506375,1.01774,1.40566][-0.373434,0.66497,0.646809][0.121805,0.715578,0][-0.506375,1.01774,1.40566][-0.373434,0.66497,0.646809][0.121805,0.715578,0][-0.628488,0.971981,1.3822][-0.373437,0.66497,0.646808][0.142616,0.712413,0][-0.47971,0.971981,1.4681][-0.253707,0.670633,0.697054][0.117261,0.724001,0][-0.0281392,0.997212,1.52491][-0.104328,0.686725,0.719391][0.0403027,0.731665,0][-0.453682,1.05615,1.39659][-0.148618,0.775054,0.61417][0.112825,0.714354,0][-0.47971,0.971981,1.4681][-0.253707,0.670633,0.697054][0.117261,0.724001,0][1.19209e-07,0.971981,1.55268][0.0201568,0.69559,0.718156][0.035507,0.735412,0][-0.0281392,0.997212,1.52491][-0.104328,0.686725,0.719391][0.0403027,0.731665,0][-0.47971,0.971981,1.4681][-0.253707,0.670633,0.697054][0.117261,0.724001,0][-0.453682,1.05615,1.39659][-0.148618,0.775054,0.61417][0.112825,0.714354,0][-0.0281392,0.997212,1.52491][-0.104328,0.686725,0.719391][0.0403027,0.731665,0][-0.00151117,1.05378,1.47421][-0.0265676,0.873068,0.486874][0.035507,0.725146,0][-0.00151117,1.05378,1.47421][-0.0265676,0.873068,0.486874][0.035507,0.725146,0][-0.282892,1.13567,1.23414][0.0701871,0.987759,0.139302][0.0837349,0.692435,0][-0.453682,1.05615,1.39659][-0.148618,0.775054,0.61417][0.112825,0.714354,0][-0.282892,1.13567,1.23414][0.0701871,0.987759,0.139302][0.0837349,0.692435,0][-0.00151117,1.05378,1.47421][-0.0265676,0.873068,0.486874][0.035507,0.725146,0][0.00127291,1.08667,1.27318][0.0633155,0.980119,0.188035][0.035507,0.699167,0][-0.282892,1.13567,1.23414][0.0701871,0.987759,0.139302][0.0837349,0.692435,0][0.00127291,1.08667,1.27318][0.0633155,0.980119,0.188035][0.035507,0.699167,0][-0.191067,1.09012,1.17065][0.206056,0.911514,-0.355924][0.0712913,0.682432,0][1.51725,0.911506,0.417641][0.954627,0.245667,0.168327][0.47997,0.291637,0][1.33425,0.911505,0.920436][0.840855,0.221159,0.494016][0.480464,0.309948,0][1.33245,0.838546,0.919398][0.856798,-0.0744702,0.510246][0.480458,0.309934,0][1.33425,0.911505,0.920436][0.840855,0.221159,0.494016][0.480464,0.309948,0][1.14408,0.834133,1.12153][0.743731,-0.117682,0.658039][0.480419,0.318988,0][1.33245,0.838546,0.919398][0.856798,-0.0744702,0.510246][0.480458,0.309934,0][1.14408,0.834133,1.12153][0.743731,-0.117682,0.658039][0.480419,0.318988,0][1.33425,0.911505,0.920436][0.840855,0.221159,0.494016][0.480464,0.309948,0][1.13706,0.911197,1.15323][0.736956,0.227199,0.636613][0.480422,0.319663,0][1.51725,0.911506,0.417641][0.954627,0.245667,0.168327][0.47997,0.291637,0][1.33245,0.838546,0.919398][0.856798,-0.0744702,0.510246][0.480458,0.309934,0][1.5152,0.838546,0.41728][0.984409,-0.028449,0.173578][0.479964,0.291646,0][1.51725,0.911506,-0.117423][0.954627,0.245668,-0.168326][0.478967,0.274197,0][1.51725,0.911506,0.417641][0.954627,0.245667,0.168327][0.47997,0.291637,0][1.5152,0.838546,0.41728][0.984409,-0.028449,0.173578][0.479964,0.291646,0][1.51725,0.911506,-0.117423][0.954627,0.245668,-0.168326][0.478967,0.274197,0][1.5152,0.838546,0.41728][0.984409,-0.028449,0.173578][0.479964,0.291646,0][1.5152,0.838546,-0.117062][0.984409,-0.0284495,-0.173578][0.478963,0.27423,0][-1.93177,-0.22599,-0.190515][-0.970181,0.171709,-0.171069][0.529952,0.475534,0][-1.94807,-0.42944,0.134989][-0.996808,0.0798403,-5.00906e-07][0.583038,0.434589,0][-1.93177,-0.225991,0.19389][-0.980732,0.195359,-1.14824e-06][0.58763,0.47766,0][-1.94807,-0.42944,0.134989][-0.996808,0.0798403,-5.00906e-07][0.583038,0.434589,0][-1.93177,-0.22599,-0.190515][-0.970181,0.171709,-0.171069][0.529952,0.475534,0][-1.96813,-0.679957,-0.196926][-0.96923,0.023082,-0.245074][0.531302,0.390031,0][-1.83499,-0.532332,-0.528147][-0.936693,0.0798405,-0.340929][0.469218,0.406702,0][-1.96813,-0.679957,-0.196926][-0.96923,0.023082,-0.245074][0.531302,0.390031,0][-1.93177,-0.22599,-0.190515][-0.970181,0.171709,-0.171069][0.529952,0.475534,0][-1.76887,-0.473136,-0.69596][-0.936693,0.0798405,-0.340928][0.459224,0.430367,0][-1.83499,-0.532332,-0.528147][-0.936693,0.0798405,-0.340929][0.469218,0.406702,0][-1.93177,-0.22599,-0.190515][-0.970181,0.171709,-0.171069][0.529952,0.475534,0][-1.76357,0.397203,-0.160857][-0.911567,0.378431,-0.160734][0.53469,0.580586,0][-1.93177,-0.22599,-0.190515][-0.970181,0.171709,-0.171069][0.529952,0.475534,0][-1.93177,-0.225991,0.19389][-0.980732,0.195359,-1.14824e-06][0.58763,0.47766,0][-1.93177,-0.225991,0.19389][-0.980732,0.195359,-1.14824e-06][0.58763,0.47766,0][-1.8853,-0.0538042,0.335979][-0.965455,0.260571,-2.0716e-06][0.608118,0.504347,0][-1.76357,0.397203,-0.160857][-0.911567,0.378431,-0.160734][0.53469,0.580586,0][-1.8853,-0.0538042,0.335979][-0.965455,0.260571,-2.0716e-06][0.608118,0.504347,0][-1.76357,0.397202,0.295818][-0.921276,0.388909,-1.31826e-06][0.58403,0.579171,0][-1.76357,0.397203,-0.160857][-0.911567,0.378431,-0.160734][0.53469,0.580586,0][-1.76357,0.397202,0.295818][-0.921276,0.388909,-1.31826e-06][0.58403,0.579171,0][-1.5152,0.838546,-0.117062][-0.855047,0.496149,-0.150768][0.522476,0.673592,0][-1.76357,0.397203,-0.160857][-0.911567,0.378431,-0.160734][0.53469,0.580586,0][-1.5152,0.838546,-0.117062][-0.855047,0.496149,-0.150768][0.522476,0.673592,0][-1.76357,0.397202,0.295818][-0.921276,0.388909,-1.31826e-06][0.58403,0.579171,0][-1.61019,0.669753,0.434029][-0.870121,0.492186,0.0253378][0.599782,0.632963,0][-1.5152,0.838546,-0.117062][-0.855047,0.496149,-0.150768][0.522476,0.673592,0][-1.61019,0.669753,0.434029][-0.870121,0.492186,0.0253378][0.599782,0.632963,0][-1.5152,0.838546,0.41728][-0.855047,0.496149,0.150766][0.594527,0.666608,0][-1.61019,0.669753,0.434029][-0.870121,0.492186,0.0253378][0.599782,0.632963,0][-1.4982,0.838546,0.463987][-0.818922,0.490435,0.298061][0.602615,0.671191,0][-1.5152,0.838546,0.41728][-0.855047,0.496149,0.150766][0.594527,0.666608,0][-1.33245,0.838546,-0.61918][-0.751916,0.496149,-0.434119][0.43634,0.672042,0][-1.76357,0.397203,-0.160857][-0.911567,0.378431,-0.160734][0.53469,0.580586,0][-1.5152,0.838546,-0.117062][-0.855047,0.496149,-0.150768][0.522476,0.673592,0][-1.76357,0.397203,-0.160857][-0.911567,0.378431,-0.160734][0.53469,0.580586,0][-1.33245,0.838546,-0.61918][-0.751916,0.496149,-0.434119][0.43634,0.672042,0][-1.55086,0.397203,-0.745282][-0.801618,0.378432,-0.462815][0.434455,0.584079,0][-1.55086,0.397203,-0.745282][-0.801618,0.378432,-0.462815][0.434455,0.584079,0][-1.93177,-0.22599,-0.190515][-0.970181,0.171709,-0.171069][0.529952,0.475534,0][-1.76357,0.397203,-0.160857][-0.911567,0.378431,-0.160734][0.53469,0.580586,0][-1.55086,0.397203,-0.745282][-0.801618,0.378432,-0.462815][0.434455,0.584079,0][-1.33245,0.838546,-0.61918][-0.751916,0.496149,-0.434119][0.43634,0.672042,0][-1.08654,0.838546,-0.912234][-0.667591,0.490435,-0.560176][0.364046,0.666894,0][-1.14987,0.548505,-1.0907][-0.667591,0.490435,-0.560176][0.342221,0.608813,0][-1.55086,0.397203,-0.745282][-0.801618,0.378432,-0.462815][0.434455,0.584079,0][-1.08654,0.838546,-0.912234][-0.667591,0.490435,-0.560176][0.364046,0.666894,0][-1.55086,0.397203,-0.745282][-0.801618,0.378432,-0.462815][0.434455,0.584079,0][-1.14987,0.548505,-1.0907][-0.667591,0.490435,-0.560176][0.342221,0.608813,0][-1.2458,0.397203,-1.10884][-0.701759,0.400992,-0.588847][0.349862,0.578036,0][-1.55086,0.397203,-0.745282][-0.801618,0.378432,-0.462815][0.434455,0.584079,0][-1.2458,0.397203,-1.10884][-0.701759,0.400992,-0.588847][0.349862,0.578036,0][-1.35454,0.148746,-1.08357][-0.73958,0.260572,-0.620583][0.365253,0.532405,0][-1.93177,-0.22599,-0.190515][-0.970181,0.171709,-0.171069][0.529952,0.475534,0][-1.55086,0.397203,-0.745282][-0.801618,0.378432,-0.462815][0.434455,0.584079,0][-1.69877,-0.22599,-0.830677][-0.853163,0.171709,-0.492574][0.43442,0.483573,0][-1.69877,-0.22599,-0.830677][-0.853163,0.171709,-0.492574][0.43442,0.483573,0][-1.55086,0.397203,-0.745282][-0.801618,0.378432,-0.462815][0.434455,0.584079,0][-1.35454,0.148746,-1.08357][-0.73958,0.260572,-0.620583][0.365253,0.532405,0][-1.69877,-0.22599,-0.830677][-0.853163,0.171709,-0.492574][0.43442,0.483573,0][-1.76887,-0.473136,-0.69596][-0.936693,0.0798405,-0.340928][0.459224,0.430367,0][-1.93177,-0.22599,-0.190515][-0.970181,0.171709,-0.171069][0.529952,0.475534,0][-1.69877,-0.22599,-0.830677][-0.853163,0.171709,-0.492574][0.43442,0.483573,0][-1.70819,-0.359748,-0.836117][-0.877287,0.0810301,-0.473077][0.434783,0.460605,0][-1.76887,-0.473136,-0.69596][-0.936693,0.0798405,-0.340928][0.459224,0.430367,0][-1.54922,-0.36449,-1.02617][-0.763598,0.0798407,-0.640736][0.41368,0.445559,0][-1.70819,-0.359748,-0.836117][-0.877287,0.0810301,-0.473077][0.434783,0.460605,0][-1.69877,-0.22599,-0.830677][-0.853163,0.171709,-0.492574][0.43442,0.483573,0][-1.34403,-0.00549382,-1.16085][-0.73958,0.260572,-0.620583][0.352771,0.504229,0][-1.69877,-0.22599,-0.830677][-0.853163,0.171709,-0.492574][0.43442,0.483573,0][-1.35454,0.148746,-1.08357][-0.73958,0.260572,-0.620583][0.365253,0.532405,0][-1.35454,0.148746,-1.08357][-0.73958,0.260572,-0.620583][0.365253,0.532405,0][-1.30233,0.12532,-1.15563][-0.739579,0.260573,-0.620584][0.348426,0.527915,0][-1.34403,-0.00549382,-1.16085][-0.73958,0.260572,-0.620583][0.352771,0.504229,0][-1.34557,-0.22599,-1.2516][-0.748217,0.214475,-0.627831][0.340085,0.463897,0][-1.69877,-0.22599,-0.830677][-0.853163,0.171709,-0.492574][0.43442,0.483573,0][-1.34403,-0.00549382,-1.16085][-0.73958,0.260572,-0.620583][0.352771,0.504229,0][-1.69877,-0.22599,-0.830677][-0.853163,0.171709,-0.492574][0.43442,0.483573,0][-1.34557,-0.22599,-1.2516][-0.748217,0.214475,-0.627831][0.340085,0.463897,0][-1.54922,-0.36449,-1.02617][-0.763598,0.0798407,-0.640736][0.41368,0.445559,0][-1.34403,-0.00549382,-1.16085][-0.73958,0.260572,-0.620583][0.352771,0.504229,0][-1.28463,-0.0695589,-1.25855][-0.739579,0.260572,-0.620584][0.33141,0.492154,0][-1.34557,-0.22599,-1.2516][-0.748217,0.214475,-0.627831][0.340085,0.463897,0][-1.34557,-0.22599,-1.2516][-0.748217,0.214475,-0.627831][0.340085,0.463897,0][-1.44989,-0.338986,-1.14136][-0.763597,0.0798431,-0.640738][0.3697,0.444799,0][-1.54922,-0.36449,-1.02617][-0.763598,0.0798407,-0.640736][0.41368,0.445559,0][-1.44989,-0.338986,-1.14136][-0.763597,0.0798431,-0.640738][0.3697,0.444799,0][-1.49628,-0.391756,-1.09265][-0.763597,0.0798381,-0.640738][0.385347,0.4359,0][-1.54922,-0.36449,-1.02617][-0.763598,0.0798407,-0.640736][0.41368,0.445559,0][0.00127291,1.08667,1.27318][-0.438761,0.33378,0.834314][0.035507,0.699167,0][-0.100458,1.11432,1.20862][-0.438761,0.33378,0.834314][0.0521795,0.687805,0][-0.191067,1.09012,1.17065][-0.438761,0.33378,0.834314][0.0712913,0.682432,0][1.19422,-1.66563,0.839595][-0.569713,-0.496565,0.654867][0.977405,0.0698811,0][1.16478,-1.63218,0.83934][-0.498826,-0.585624,0.638919][0.97625,0.0830181,0][1.14152,-1.64529,0.809165][-0.322543,-0.751734,0.575206][0.977936,0.0991328,0][1.14152,-1.64529,0.809165][-0.322543,-0.751734,0.575206][0.977936,0.0991328,0][1.16478,-1.63218,0.83934][-0.498826,-0.585624,0.638919][0.97625,0.0830181,0][0.850228,-1.6379,0.690134][-0.239703,-0.809248,0.53634][0.97661,0.251391,0][-1.28463,-0.0695589,-1.25855][-0.949655,-0.0896965,-0.300185][0.973814,0.0415263,0][-1.32004,-0.000981808,-1.16701][-0.949655,-0.0896965,-0.300185][0.973814,0.061779,0][-1.31464,0.0127761,-1.18821][-0.949655,-0.0896965,-0.300185][0.973814,0.0638148,0][0.513244,0.978302,1.56023][0.253648,0.670823,0.696892][0.479655,0.339434,0][1.19209e-07,0.978302,1.65073][-5.47338e-08,0.670823,0.741618][0.478569,0.34778,0][1.19209e-07,0.911505,1.69076][-9.03466e-08,0.245668,0.969354][0.478644,0.349085,0][0.513244,0.978302,1.56023][0.253648,0.670823,0.696892][0.479655,0.339434,0][1.19209e-07,1.01407,1.59947][-2.48089e-07,0.999972,0.00744822][0.478473,0.346109,0][1.19209e-07,0.978302,1.65073][-5.47338e-08,0.670823,0.741618][0.478569,0.34778,0][0.513244,0.978302,1.56023][0.253648,0.670823,0.696892][0.479655,0.339434,0][1.19209e-07,0.911505,1.69076][-9.03466e-08,0.245668,0.969354][0.478644,0.349085,0][0.526935,0.911505,1.59785][0.331539,0.245668,0.910895][0.479759,0.340516,0][1.19209e-07,1.01407,1.59947][-2.48089e-07,0.999972,0.00744822][0.478473,0.346109,0][0.513244,0.978302,1.56023][0.253648,0.670823,0.696892][0.479655,0.339434,0][0.495711,1.01407,1.51206][0.0025478,0.999972,0.00699927][0.479522,0.338048,0][0.495711,1.01407,1.51206][0.0025478,0.999972,0.00699927][0.479522,0.338048,0][1.19209e-07,0.971981,1.55268][-5.47136e-07,0.743474,-0.668765][0.478385,0.344584,0][1.19209e-07,1.01407,1.59947][-2.48089e-07,0.999972,0.00744822][0.478473,0.346109,0][1.19209e-07,0.971981,1.55268][-5.47136e-07,0.743474,-0.668765][0.478385,0.344584,0][0.495711,1.01407,1.51206][0.0025478,0.999972,0.00699927][0.479522,0.338048,0][0.479709,0.971981,1.4681][-0.228731,0.743474,-0.628433][0.4794,0.336784,0][0.931632,1.01407,1.26039][0.00478842,0.999972,0.00570708][0.480116,0.325262,0][0.479709,0.971981,1.4681][-0.228731,0.743474,-0.628433][0.4794,0.336784,0][0.495711,1.01407,1.51206][0.0025478,0.999972,0.00699927][0.479522,0.338048,0][0.931632,1.01407,1.26039][0.00478842,0.999972,0.00570708][0.480116,0.325262,0][0.495711,1.01407,1.51206][0.0025478,0.999972,0.00699927][0.479522,0.338048,0][0.513244,0.978302,1.56023][0.253648,0.670823,0.696892][0.479655,0.339434,0][0.479709,0.971981,1.4681][-0.228731,0.743474,-0.628433][0.4794,0.336784,0][0.931632,1.01407,1.26039][0.00478842,0.999972,0.00570708][0.480116,0.325262,0][0.901557,0.971981,1.22454][-0.429872,0.743476,-0.512302][0.479976,0.32441,0][0.964582,0.978302,1.29965][0.478928,0.668821,0.568601][0.480271,0.326195,0][0.513244,0.978302,1.56023][0.253648,0.670823,0.696892][0.479655,0.339434,0][0.526935,0.911505,1.59785][0.331539,0.245668,0.910895][0.479759,0.340516,0][0.513244,0.978302,1.56023][0.253648,0.670823,0.696892][0.479655,0.339434,0][0.964582,0.978302,1.29965][0.478928,0.668821,0.568601][0.480271,0.326195,0][0.931632,1.01407,1.26039][0.00478842,0.999972,0.00570708][0.480116,0.325262,0][0.526935,0.911505,1.59785][0.331539,0.245668,0.910895][0.479759,0.340516,0][0.990313,0.911505,1.33032][0.63412,0.225038,0.739763][0.480391,0.326924,0][0.964582,0.978302,1.29965][0.478928,0.668821,0.568601][0.480271,0.326195,0][1.11625,0.910969,1.17783][0.76416,0.198284,0.613794][0.480418,0.32061,0][0.964582,0.978302,1.29965][0.478928,0.668821,0.568601][0.480271,0.326195,0][0.990313,0.911505,1.33032][0.63412,0.225038,0.739763][0.480391,0.326924,0][0.964582,0.978302,1.29965][0.478928,0.668821,0.568601][0.480271,0.326195,0][1.11625,0.910969,1.17783][0.76416,0.198284,0.613794][0.480418,0.32061,0][1.08568,0.978303,1.15533][0.556334,0.689131,0.464317][0.480296,0.320218,0][1.08568,0.978303,1.15533][0.556334,0.689131,0.464317][0.480296,0.320218,0][0.931632,1.01407,1.26039][0.00478842,0.999972,0.00570708][0.480116,0.325262,0][0.964582,0.978302,1.29965][0.478928,0.668821,0.568601][0.480271,0.326195,0][1.06308,1.01407,1.10373][-0.168011,0.975653,-0.140977][0.480145,0.318774,0][0.931632,1.01407,1.26039][0.00478842,0.999972,0.00570708][0.480116,0.325262,0][1.08568,0.978303,1.15533][0.556334,0.689131,0.464317][0.480296,0.320218,0][0.931632,1.01407,1.26039][0.00478842,0.999972,0.00570708][0.480116,0.325262,0][1.06308,1.01407,1.10373][-0.168011,0.975653,-0.140977][0.480145,0.318774,0][0.901557,0.971981,1.22454][-0.429872,0.743476,-0.512302][0.479976,0.32441,0][1.03619,0.971981,1.06409][-0.516625,0.738361,-0.4335][0.480004,0.317765,0][0.901557,0.971981,1.22454][-0.429872,0.743476,-0.512302][0.479976,0.32441,0][1.06308,1.01407,1.10373][-0.168011,0.975653,-0.140977][0.480145,0.318774,0][-1.62749,-1.20008,-0.633464][-0.217138,-0.96723,0.131597][0.973814,0.128697,0][-1.56361,-1.23063,-0.752642][-0.215275,-0.966768,0.137902][0.973814,0.115298,0][-1.05489,-1.36396,-0.893177][-0.206423,-0.964043,0.167363][0.973814,0.0906093,0][-1.56361,-1.23063,-0.752642][-0.215275,-0.966768,0.137902][0.973814,0.115298,0][-1.24761,-1.34534,-1.0167][-0.204466,-0.963327,0.173768][0.973814,0.0813171,0][-1.05489,-1.36396,-0.893177][-0.206423,-0.964043,0.167363][0.973814,0.0906093,0][0.0886373,0.942757,-2.64845][0.0966088,0.990744,-0.0953581][0.704783,0.017606,0][0.173543,0.882961,-2.68716][0.838119,0.450007,0.308302][0.702078,0.0204067,0][0.151228,0.927859,-2.71565][0.140356,0.975079,-0.171819][0.712301,0.0136838,0][0.217357,0.620676,-2.60893][0.993776,0.104787,-0.0378106][0.701689,0.070359,0][0.200228,0.859014,-2.79518][0.969939,0.235966,-0.0594875][0.72836,0.0194913,0][0.173543,0.882961,-2.68716][0.838119,0.450007,0.308302][0.702078,0.0204067,0][0.200228,0.859014,-2.79518][0.969939,0.235966,-0.0594875][0.72836,0.0194913,0][0.151228,0.927859,-2.71565][0.140356,0.975079,-0.171819][0.712301,0.0136838,0][0.173543,0.882961,-2.68716][0.838119,0.450007,0.308302][0.702078,0.0204067,0][0.188277,0.55071,-2.70124][0.891796,-0.178179,-0.415874][0.727449,0.0783023,0][0.200228,0.859014,-2.79518][0.969939,0.235966,-0.0594875][0.72836,0.0194913,0][0.217357,0.620676,-2.60893][0.993776,0.104787,-0.0378106][0.701689,0.070359,0][0.151228,0.927859,-2.71565][0.140356,0.975079,-0.171819][0.712301,0.0136838,0][0.200228,0.859014,-2.79518][0.969939,0.235966,-0.0594875][0.72836,0.0194913,0][0.174616,0.906905,-2.81016][0.119152,0.966721,-0.226391][0.728592,0.0103369,0][0.200228,0.859014,-2.79518][0.969939,0.235966,-0.0594875][0.72836,0.0194913,0][0.150307,0.875475,-2.95194][0.117583,0.967115,-0.225528][0.763087,0.00913537,0][0.174616,0.906905,-2.81016][0.119152,0.966721,-0.226391][0.728592,0.0103369,0][0.150307,0.875475,-2.95194][0.117583,0.967115,-0.225528][0.763087,0.00913537,0][0.200228,0.859014,-2.79518][0.969939,0.235966,-0.0594875][0.72836,0.0194913,0][0.172179,0.823093,-2.9572][0.904777,0.0292638,-0.42488][0.767783,0.0181181,0][0.188277,0.55071,-2.70124][0.891796,-0.178179,-0.415874][0.727449,0.0783023,0][0.172179,0.823093,-2.9572][0.904777,0.0292638,-0.42488][0.767783,0.0181181,0][0.200228,0.859014,-2.79518][0.969939,0.235966,-0.0594875][0.72836,0.0194913,0][0.0877694,0.853129,-3.05273][0.156191,0.940189,-0.302737][0.787611,0.00828129,0][0.150307,0.875475,-2.95194][0.117583,0.967115,-0.225528][0.763087,0.00913537,0][0.172179,0.823093,-2.9572][0.904777,0.0292638,-0.42488][0.767783,0.0181181,0][0.110139,0.500966,-2.76687][0.551128,-0.43849,-0.709919][0.745764,0.0839496,0][0.172179,0.823093,-2.9572][0.904777,0.0292638,-0.42488][0.767783,0.0181181,0][0.188277,0.55071,-2.70124][0.891796,-0.178179,-0.415874][0.727449,0.0783023,0][0.172179,0.823093,-2.9572][0.904777,0.0292638,-0.42488][0.767783,0.0181181,0][0.100453,0.797555,-3.0724][0.601041,-0.13506,-0.787723][0.795811,0.0171418,0][0.0877694,0.853129,-3.05273][0.156191,0.940189,-0.302737][0.787611,0.00828129,0][0.110139,0.500966,-2.76687][0.551128,-0.43849,-0.709919][0.745764,0.0839496,0][0.100453,0.797555,-3.0724][0.601041,-0.13506,-0.787723][0.795811,0.0171418,0][0.172179,0.823093,-2.9572][0.904777,0.0292638,-0.42488][0.767783,0.0181181,0][-7.31662e-07,0.787834,-3.11625][-7.06839e-07,-0.199332,-0.979932][0.806479,0.0167703,0][0.0877694,0.853129,-3.05273][0.156191,0.940189,-0.302737][0.787611,0.00828129,0][0.100453,0.797555,-3.0724][0.601041,-0.13506,-0.787723][0.795811,0.0171418,0][0.0877694,0.853129,-3.05273][0.156191,0.940189,-0.302737][0.787611,0.00828129,0][-7.31662e-07,0.787834,-3.11625][-7.06839e-07,-0.199332,-0.979932][0.806479,0.0167703,0][-7.28195e-07,0.844623,-3.0911][1.11027e-16,0.906601,-0.42199][0.796946,0.00795603,0][0.100453,0.797555,-3.0724][0.601041,-0.13506,-0.787723][0.795811,0.0171418,0][-7.50309e-07,0.482032,-2.79185][-8.05445e-07,-0.555069,-0.831804][0.752735,0.0860992,0][-7.31662e-07,0.787834,-3.11625][-7.06839e-07,-0.199332,-0.979932][0.806479,0.0167703,0][-7.50309e-07,0.482032,-2.79185][-8.05445e-07,-0.555069,-0.831804][0.752735,0.0860992,0][0.100453,0.797555,-3.0724][0.601041,-0.13506,-0.787723][0.795811,0.0171418,0][0.110139,0.500966,-2.76687][0.551128,-0.43849,-0.709919][0.745764,0.0839496,0][0.230399,0.303342,-2.57919][0.848871,-0.0427543,-0.526869][0.716051,0.127709,0][0.110139,0.500966,-2.76687][0.551128,-0.43849,-0.709919][0.745764,0.0839496,0][0.188277,0.55071,-2.70124][0.891796,-0.178179,-0.415874][0.727449,0.0783023,0][0.188277,0.55071,-2.70124][0.891796,-0.178179,-0.415874][0.727449,0.0783023,0][0.269198,0.360662,-2.4582][0.966876,0.102094,-0.233938][0.68458,0.123358,0][0.230399,0.303342,-2.57919][0.848871,-0.0427543,-0.526869][0.716051,0.127709,0][0.133365,0.26259,-2.6652][0.495521,-0.209594,-0.842929][0.738425,0.130802,0][-7.50309e-07,0.482032,-2.79185][-8.05445e-07,-0.555069,-0.831804][0.752735,0.0860992,0][0.110139,0.500966,-2.76687][0.551128,-0.43849,-0.709919][0.745764,0.0839496,0][0.110139,0.500966,-2.76687][0.551128,-0.43849,-0.709919][0.745764,0.0839496,0][0.230399,0.303342,-2.57919][0.848871,-0.0427543,-0.526869][0.716051,0.127709,0][0.133365,0.26259,-2.6652][0.495521,-0.209594,-0.842929][0.738425,0.130802,0][0.285254,0.294268,-2.43325][0.933834,0.0939065,-0.34516][0.683304,0.136248,0][0.230399,0.303342,-2.57919][0.848871,-0.0427543,-0.526869][0.716051,0.127709,0][0.269198,0.360662,-2.4582][0.966876,0.102094,-0.233938][0.68458,0.123358,0][0.230399,0.303342,-2.57919][0.848871,-0.0427543,-0.526869][0.716051,0.127709,0][0.285254,0.294268,-2.43325][0.933834,0.0939065,-0.34516][0.683304,0.136248,0][0.250858,0.202227,-2.55092][0.821292,0.00348411,-0.570497][0.716333,0.146876,0][0.195557,0.187967,-2.59949][0.676689,-0.0748906,-0.73245][0.728382,0.147081,0][0.230399,0.303342,-2.57919][0.848871,-0.0427543,-0.526869][0.716051,0.127709,0][0.250858,0.202227,-2.55092][0.821292,0.00348411,-0.570497][0.716333,0.146876,0][0.230399,0.303342,-2.57919][0.848871,-0.0427543,-0.526869][0.716051,0.127709,0][0.195557,0.187967,-2.59949][0.676689,-0.0748906,-0.73245][0.728382,0.147081,0][0.133365,0.26259,-2.6652][0.495521,-0.209594,-0.842929][0.738425,0.130802,0][-7.50309e-07,0.482032,-2.79185][-8.05445e-07,-0.555069,-0.831804][0.752735,0.0860992,0][0.133365,0.26259,-2.6652][0.495521,-0.209594,-0.842929][0.738425,0.130802,0][-7.69709e-07,0.247078,-2.69794][3.93111e-05,-0.273111,-0.961982][0.746941,0.131979,0][0.133365,0.26259,-2.6652][0.495521,-0.209594,-0.842929][0.738425,0.130802,0][0.195557,0.187967,-2.59949][0.676689,-0.0748906,-0.73245][0.728382,0.147081,0][0.146455,0.148291,-2.64122][0.449746,-0.134265,-0.883007][0.740564,0.15209,0][-7.69709e-07,0.247078,-2.69794][3.93111e-05,-0.273111,-0.961982][0.746941,0.131979,0][0.133365,0.26259,-2.6652][0.495521,-0.209594,-0.842929][0.738425,0.130802,0][0.146455,0.148291,-2.64122][0.449746,-0.134265,-0.883007][0.740564,0.15209,0][-7.69709e-07,0.247078,-2.69794][3.93111e-05,-0.273111,-0.961982][0.746941,0.131979,0][0.146455,0.148291,-2.64122][0.449746,-0.134265,-0.883007][0.740564,0.15209,0][-7.75022e-07,0.117207,-2.67417][-0.0139587,-0.178403,-0.983858][0.750166,0.156002,0][-0.0877708,0.853129,-3.05273][-0.156206,0.940169,-0.302791][0.787611,0.00828129,0][-7.16802e-07,0.804181,-3.04251][8.34586e-07,0.739048,0.673652][0.788539,0.0173951,0][-7.28195e-07,0.844623,-3.0911][1.11027e-16,0.906601,-0.42199][0.796946,0.00795603,0][-7.16802e-07,0.804181,-3.04251][8.34586e-07,0.739048,0.673652][0.788539,0.0173951,0][-0.0877708,0.853129,-3.05273][-0.156206,0.940169,-0.302791][0.787611,0.00828129,0][-0.0746751,0.811411,-3.0099][0.548658,0.634547,0.544357][0.780604,0.0176715,0][-0.13988,0.871748,-2.96875][0.0294406,0.979348,-0.200025][0.767176,0.00899291,0][-0.0746751,0.811411,-3.0099][0.548658,0.634547,0.544357][0.780604,0.0176715,0][-0.0877708,0.853129,-3.05273][-0.156206,0.940169,-0.302791][0.787611,0.00828129,0][-0.0746751,0.811411,-3.0099][0.548658,0.634547,0.544357][0.780604,0.0176715,0][-0.13988,0.871748,-2.96875][0.0294406,0.979348,-0.200025][0.767176,0.00899291,0][-0.127788,0.830405,-2.92422][0.858509,0.413344,0.303495][0.759758,0.0183976,0][-0.155634,0.88236,-2.92088][-0.172308,0.954659,-0.242766][0.75553,0.0093987,0][-0.148311,0.857121,-2.80371][0.972554,0.229998,-0.0351975][0.730437,0.019419,0][-0.127788,0.830405,-2.92422][0.858509,0.413344,0.303495][0.759758,0.0183976,0][-0.155634,0.88236,-2.92088][-0.172308,0.954659,-0.242766][0.75553,0.0093987,0][-0.174618,0.906905,-2.81016][-0.119084,0.966713,-0.226461][0.728592,0.0103369,0][-0.148311,0.857121,-2.80371][0.972554,0.229998,-0.0351975][0.730437,0.019419,0][-0.174618,0.906905,-2.81016][-0.119084,0.966713,-0.226461][0.728592,0.0103369,0][-0.128311,0.874932,-2.72338][0.903422,0.0411197,-0.426776][0.71089,0.0200999,0][-0.148311,0.857121,-2.80371][0.972554,0.229998,-0.0351975][0.730437,0.019419,0][-0.174618,0.906905,-2.81016][-0.119084,0.966713,-0.226461][0.728592,0.0103369,0][-0.15123,0.927859,-2.71565][-0.140356,0.975079,-0.171817][0.712301,0.0136838,0][-0.128311,0.874932,-2.72338][0.903422,0.0411197,-0.426776][0.71089,0.0200999,0][-0.0886387,0.942757,-2.64845][-0.0966087,0.990744,-0.0953561][0.704783,0.017606,0][-0.128311,0.874932,-2.72338][0.903422,0.0411197,-0.426776][0.71089,0.0200999,0][-0.15123,0.927859,-2.71565][-0.140356,0.975079,-0.171817][0.712301,0.0136838,0][-0.128311,0.874932,-2.72338][0.903422,0.0411197,-0.426776][0.71089,0.0200999,0][-0.0886387,0.942757,-2.64845][-0.0966087,0.990744,-0.0953561][0.704783,0.017606,0][-0.0751668,0.887595,-2.66626][0.575551,-0.140954,-0.805527][0.696993,0.0205839,0][-6.83843e-07,0.948427,-2.62287][-8.87948e-08,0.998381,-0.0568759][0.701329,0.0188739,0][-0.0751668,0.887595,-2.66626][0.575551,-0.140954,-0.805527][0.696993,0.0205839,0][-0.0886387,0.942757,-2.64845][-0.0966087,0.990744,-0.0953561][0.704783,0.017606,0][-0.0751668,0.887595,-2.66626][0.575551,-0.140954,-0.805527][0.696993,0.0205839,0][-6.83843e-07,0.948427,-2.62287][-8.87948e-08,0.998381,-0.0568759][0.701329,0.0188739,0][-6.8057e-07,0.892414,-2.64452][-5.36524e-09,-0.223321,-0.974745][0.691704,0.0207681,0][-0.0886387,0.942757,-2.64845][-0.0966087,0.990744,-0.0953561][0.704783,0.017606,0][-6.80752e-07,0.906467,-2.58113][0.000977428,0.708112,0.706099][0.676459,0.0213732,0][-6.83843e-07,0.948427,-2.62287][-8.87948e-08,0.998381,-0.0568759][0.701329,0.0188739,0][-1.11334,-1.34534,1.47694][0.526266,-0.31606,0.789398][0.973814,0.099643,0][-1.0518,-1.42605,1.40359][0.499023,-0.418647,0.758756][0.973814,0.0866427,0][-0.91824,-1.43398,1.31138][0.447772,-0.658309,0.605086][0.973814,0.0814072,0][-1.0518,-1.42605,1.40359][0.499023,-0.418647,0.758756][0.973814,0.0866427,0][-1.00888,-1.53577,1.25533][0.536427,-0.72003,0.440231][0.973814,0.0667095,0][-0.91824,-1.43398,1.31138][0.447772,-0.658309,0.605086][0.973814,0.0814072,0][-1.00888,-1.53577,1.25533][0.536427,-0.72003,0.440231][0.973814,0.0667095,0][-1.01444,-1.61327,1.10785][0.0484178,-0.76073,0.64726][0.973814,0.0506388,0][-0.91824,-1.43398,1.31138][0.447772,-0.658309,0.605086][0.973814,0.0814072,0][-1.01444,-1.61327,1.10785][0.0484178,-0.76073,0.64726][0.973814,0.0506388,0][-1.0182,-1.66563,1.04937][-0.0264645,-0.743869,0.667801][0.973814,0.0416982,0][-0.91824,-1.43398,1.31138][0.447772,-0.658309,0.605086][0.973814,0.0814072,0][0.834151,-0.0866624,1.81392][0.78044,-0.562283,0.273406][0.973814,0.252586,0][0.670897,-0.225991,1.99338][0.524847,-0.74337,0.414653][0.973814,0.238126,0][0.666209,-0.244306,1.9691][0.508406,-0.751056,0.421235][0.973814,0.236534,0][0.416678,-0.297167,1.98353][0.241033,-0.835827,0.493251][0.973814,0.231395,0][0.666209,-0.244306,1.9691][0.508406,-0.751056,0.421235][0.973814,0.236534,0][0.670897,-0.225991,1.99338][0.524847,-0.74337,0.414653][0.973814,0.238126,0][0.416678,-0.297167,1.98353][0.241033,-0.835827,0.493251][0.973814,0.231395,0][0.670897,-0.225991,1.99338][0.524847,-0.74337,0.414653][0.973814,0.238126,0][0.405543,-0.2662,2.04344][0.250299,-0.835695,0.488839][0.973814,0.233964,0][0.405543,-0.2662,2.04344][0.250299,-0.835695,0.488839][0.973814,0.233964,0][0.00205651,-0.369801,2.09598][0.101375,-0.87376,0.475675][0.973814,0.223734,0][0.416678,-0.297167,1.98353][0.241033,-0.835827,0.493251][0.973814,0.231395,0][0.00205651,-0.369801,2.09598][0.101375,-0.87376,0.475675][0.973814,0.223734,0][0.405543,-0.2662,2.04344][0.250299,-0.835695,0.488839][0.973814,0.233964,0][8.31292e-08,-0.355988,2.12225][0.087577,-0.875617,0.475][0.973814,0.224883,0][-1.51725,0.911506,0.41764][-0.954627,0.245668,0.168326][0.479968,0.291643,0][-1.51725,0.911506,-0.117423][-0.954627,0.245668,-0.168327][0.478966,0.274204,0][-1.5152,0.838546,-0.117062][-0.984409,-0.0284484,-0.173578][0.478961,0.274237,0][-1.51725,0.911506,0.41764][-0.954627,0.245668,0.168326][0.479968,0.291643,0][-1.5152,0.838546,-0.117062][-0.984409,-0.0284484,-0.173578][0.478961,0.274237,0][-1.5152,0.838546,0.41728][-0.984409,-0.0284468,0.173578][0.479963,0.291653,0][-1.4982,0.838546,0.463987][-0.939324,-0.0280146,0.341887][0.480009,0.293354,0][-1.51725,0.911506,0.41764][-0.954627,0.245668,0.168326][0.479968,0.291643,0][-1.5152,0.838546,0.41728][-0.984409,-0.0284468,0.173578][0.479963,0.291653,0][-1.51725,0.911506,0.41764][-0.954627,0.245668,0.168326][0.479968,0.291643,0][-1.4982,0.838546,0.463987][-0.939324,-0.0280146,0.341887][0.480009,0.293354,0][-1.48144,0.911505,0.516033][-0.879595,0.351878,0.320147][0.480065,0.295227,0][1.3861,0.911506,-0.477749][0.985288,0.0854877,0.147986][0.974175,0.264859,0][1.36714,0.978303,-0.414577][0.979276,0.157337,0.127532][0.974077,0.180959,0][1.3801,0.908934,-0.428505][0.984829,0.0946703,0.145425][0.974104,0.191298,0][-0.513245,0.978302,1.56023][-0.253649,0.670822,0.696893][0.479653,0.33944,0][1.19209e-07,0.911505,1.69076][-9.03466e-08,0.245668,0.969354][0.478642,0.349091,0][1.19209e-07,0.978302,1.65073][-5.47338e-08,0.670823,0.741618][0.478567,0.347787,0][1.19209e-07,0.911505,1.69076][-9.03466e-08,0.245668,0.969354][0.478642,0.349091,0][-0.513245,0.978302,1.56023][-0.253649,0.670822,0.696893][0.479653,0.33944,0][-0.526935,0.911505,1.59785][-0.331539,0.245667,0.910895][0.479757,0.340523,0][1.19209e-07,0.978302,1.65073][-5.47338e-08,0.670823,0.741618][0.478567,0.347787,0][-0.495712,1.01407,1.51206][-0.00254743,0.999972,0.00700014][0.47952,0.338055,0][-0.513245,0.978302,1.56023][-0.253649,0.670822,0.696893][0.479653,0.33944,0][-0.964583,0.978302,1.29965][-0.476703,0.670822,0.568112][0.480303,0.326793,0][-0.526935,0.911505,1.59785][-0.331539,0.245667,0.910895][0.479757,0.340523,0][-0.513245,0.978302,1.56023][-0.253649,0.670822,0.696893][0.479653,0.33944,0][-0.495712,1.01407,1.51206][-0.00254743,0.999972,0.00700014][0.47952,0.338055,0][-0.964583,0.978302,1.29965][-0.476703,0.670822,0.568112][0.480303,0.326793,0][-0.513245,0.978302,1.56023][-0.253649,0.670822,0.696893][0.479653,0.33944,0][-0.526935,0.911505,1.59785][-0.331539,0.245667,0.910895][0.479757,0.340523,0][-0.964583,0.978302,1.29965][-0.476703,0.670822,0.568112][0.480303,0.326793,0][-0.990314,0.911505,1.33032][-0.62309,0.245666,0.742568][0.480442,0.327845,0][-0.495712,1.01407,1.51206][-0.00254743,0.999972,0.00700014][0.47952,0.338055,0][1.19209e-07,0.978302,1.65073][-5.47338e-08,0.670823,0.741618][0.478567,0.347787,0][1.19209e-07,1.01407,1.59947][-2.48089e-07,0.999972,0.00744822][0.478471,0.346116,0][-1.33425,0.911505,0.920435][-0.839486,0.245667,0.484677][0.48054,0.311298,0][-0.990314,0.911505,1.33032][-0.62309,0.245666,0.742568][0.480442,0.327845,0][-0.964583,0.978302,1.29965][-0.476703,0.670822,0.568112][0.480303,0.326793,0][1.19209e-07,1.01407,1.59947][-2.48089e-07,0.999972,0.00744822][0.478471,0.346116,0][-0.47971,0.971981,1.4681][0.228731,0.743475,-0.628432][0.479399,0.33679,0][-0.495712,1.01407,1.51206][-0.00254743,0.999972,0.00700014][0.47952,0.338055,0][-0.47971,0.971981,1.4681][0.228731,0.743475,-0.628432][0.479399,0.33679,0][1.19209e-07,1.01407,1.59947][-2.48089e-07,0.999972,0.00744822][0.478471,0.346116,0][1.19209e-07,0.971981,1.55268][-5.47136e-07,0.743474,-0.668765][0.478383,0.344591,0][-0.901558,0.971981,1.22454][0.429873,0.743475,-0.512302][0.479979,0.3245,0][-0.495712,1.01407,1.51206][-0.00254743,0.999972,0.00700014][0.47952,0.338055,0][-0.47971,0.971981,1.4681][0.228731,0.743475,-0.628432][0.479399,0.33679,0][-0.495712,1.01407,1.51206][-0.00254743,0.999972,0.00700014][0.47952,0.338055,0][-0.901558,0.971981,1.22454][0.429873,0.743475,-0.512302][0.479979,0.3245,0][-0.931633,1.01407,1.26038][-0.00478756,0.999972,0.00570617][0.480131,0.325541,0][-0.964583,0.978302,1.29965][-0.476703,0.670822,0.568112][0.480303,0.326793,0][-0.495712,1.01407,1.51206][-0.00254743,0.999972,0.00700014][0.47952,0.338055,0][-0.931633,1.01407,1.26038][-0.00478756,0.999972,0.00570617][0.480131,0.325541,0][-1.21467,0.971981,0.851396][0.579166,0.743476,-0.334382][0.480054,0.309181,0][-0.931633,1.01407,1.26038][-0.00478756,0.999972,0.00570617][0.480131,0.325541,0][-0.901558,0.971981,1.22454][0.429873,0.743475,-0.512302][0.479979,0.3245,0][-0.964583,0.978302,1.29965][-0.476703,0.670822,0.568112][0.480303,0.326793,0][-1.29958,0.978302,0.90042][-0.64226,0.670823,0.370809][0.480394,0.310598,0][-1.33425,0.911505,0.920435][-0.839486,0.245667,0.484677][0.48054,0.311298,0][-0.931633,1.01407,1.26038][-0.00478756,0.999972,0.00570617][0.480131,0.325541,0][-1.29958,0.978302,0.90042][-0.64226,0.670823,0.370809][0.480394,0.310598,0][-0.964583,0.978302,1.29965][-0.476703,0.670822,0.568112][0.480303,0.326793,0][-1.29958,0.978302,0.90042][-0.64226,0.670823,0.370809][0.480394,0.310598,0][-1.46719,0.911505,0.555173][-0.921744,0.194516,0.335487][0.480104,0.296652,0][-1.33425,0.911505,0.920435][-0.839486,0.245667,0.484677][0.48054,0.311298,0][-1.46719,0.911505,0.555173][-0.921744,0.194516,0.335487][0.480104,0.296652,0][-1.29958,0.978302,0.90042][-0.64226,0.670823,0.370809][0.480394,0.310598,0][-1.42208,0.978302,0.563853][-0.708,0.657519,0.25769][0.48001,0.297409,0][-1.29958,0.978302,0.90042][-0.64226,0.670823,0.370809][0.480394,0.310598,0][-0.931633,1.01407,1.26038][-0.00478756,0.999972,0.00570617][0.480131,0.325541,0][-1.25519,1.01407,0.87479][-0.00645161,0.999972,0.00372466][0.480213,0.309801,0][-1.42208,0.978302,0.563853][-0.708,0.657519,0.25769][0.48001,0.297409,0][-1.29958,0.978302,0.90042][-0.64226,0.670823,0.370809][0.480394,0.310598,0][-1.25519,1.01407,0.87479][-0.00645161,0.999972,0.00372466][0.480213,0.309801,0][-0.931633,1.01407,1.26038][-0.00478756,0.999972,0.00570617][0.480131,0.325541,0][-1.21467,0.971981,0.851396][0.579166,0.743476,-0.334382][0.480054,0.309181,0][-1.25519,1.01407,0.87479][-0.00645161,0.999972,0.00372466][0.480213,0.309801,0][-1.25519,1.01407,0.87479][-0.00645161,0.999972,0.00372466][0.480213,0.309801,0][-1.37224,1.01407,0.553197][0.0573112,0.998138,-0.0208597][0.479868,0.297586,0][-1.42208,0.978302,0.563853][-0.708,0.657519,0.25769][0.48001,0.297409,0][-1.21467,0.971981,0.851396][0.579166,0.743476,-0.334382][0.480054,0.309181,0][-1.37224,1.01407,0.553197][0.0573112,0.998138,-0.0208597][0.479868,0.297586,0][-1.25519,1.01407,0.87479][-0.00645161,0.999972,0.00372466][0.480213,0.309801,0][-1.21467,0.971981,0.851396][0.579166,0.743476,-0.334382][0.480054,0.309181,0][-1.33129,0.971981,0.530983][0.633736,0.73836,-0.230661][0.479726,0.297293,0][-1.37224,1.01407,0.553197][0.0573112,0.998138,-0.0208597][0.479868,0.297586,0][-0.188279,0.55071,-2.70124][-0.891796,-0.178179,-0.415874][0.727449,0.0783023,0][-0.2304,0.303342,-2.57919][-0.848561,-0.0421906,-0.527412][0.716051,0.127709,0][-0.269199,0.360662,-2.4582][-0.981053,0.17547,-0.0821238][0.68458,0.123358,0][-0.2304,0.303342,-2.57919][-0.848561,-0.0421906,-0.527412][0.716051,0.127709,0][-0.293653,0.259541,-2.42019][-0.953529,0.125963,-0.273709][0.682636,0.14299,0][-0.269199,0.360662,-2.4582][-0.981053,0.17547,-0.0821238][0.68458,0.123358,0][-0.293653,0.259541,-2.42019][-0.953529,0.125963,-0.273709][0.682636,0.14299,0][-0.258821,0.377331,-2.42302][-0.951508,0.270665,0.146197][0.675428,0.122093,0][-0.269199,0.360662,-2.4582][-0.981053,0.17547,-0.0821238][0.68458,0.123358,0][-0.293653,0.259541,-2.42019][-0.953529,0.125963,-0.273709][0.682636,0.14299,0][-0.2304,0.303342,-2.57919][-0.848561,-0.0421906,-0.527412][0.716051,0.127709,0][-0.257441,0.169701,-2.54183][-0.816837,0.00238635,-0.576864][0.716424,0.153042,0][-0.212468,0.52816,-2.41165][-0.910246,0.323972,0.257865][0.662344,0.0961061,0][-0.269199,0.360662,-2.4582][-0.981053,0.17547,-0.0821238][0.68458,0.123358,0][-0.258821,0.377331,-2.42302][-0.951508,0.270665,0.146197][0.675428,0.122093,0][-0.133366,0.26259,-2.6652][-0.495117,-0.208951,-0.843326][0.738425,0.130802,0][-0.257441,0.169701,-2.54183][-0.816837,0.00238635,-0.576864][0.716424,0.153042,0][-0.2304,0.303342,-2.57919][-0.848561,-0.0421906,-0.527412][0.716051,0.127709,0][-0.257441,0.169701,-2.54183][-0.816837,0.00238635,-0.576864][0.716424,0.153042,0][-0.133366,0.26259,-2.6652][-0.495117,-0.208951,-0.843326][0.738425,0.130802,0][-0.149202,0.124317,-2.63619][-0.480198,-0.125922,-0.868075][0.741012,0.156555,0][-7.69709e-07,0.247078,-2.69794][3.93111e-05,-0.273111,-0.961982][0.746941,0.131979,0][-0.149202,0.124317,-2.63619][-0.480198,-0.125922,-0.868075][0.741012,0.156555,0][-0.133366,0.26259,-2.6652][-0.495117,-0.208951,-0.843326][0.738425,0.130802,0][-0.149202,0.124317,-2.63619][-0.480198,-0.125922,-0.868075][0.741012,0.156555,0][-7.69709e-07,0.247078,-2.69794][3.93111e-05,-0.273111,-0.961982][0.746941,0.131979,0][-7.75022e-07,0.117207,-2.67417][-0.0139587,-0.178403,-0.983858][0.750166,0.156002,0][-0.133366,0.26259,-2.6652][-0.495117,-0.208951,-0.843326][0.738425,0.130802,0][-7.50309e-07,0.482032,-2.79185][-8.05445e-07,-0.555069,-0.831804][0.752735,0.0860992,0][-7.69709e-07,0.247078,-2.69794][3.93111e-05,-0.273111,-0.961982][0.746941,0.131979,0][-0.11014,0.500966,-2.76687][-0.551129,-0.438489,-0.709919][0.745764,0.0839496,0][-0.133366,0.26259,-2.6652][-0.495117,-0.208951,-0.843326][0.738425,0.130802,0][-0.2304,0.303342,-2.57919][-0.848561,-0.0421906,-0.527412][0.716051,0.127709,0][-7.50309e-07,0.482032,-2.79185][-8.05445e-07,-0.555069,-0.831804][0.752735,0.0860992,0][-0.133366,0.26259,-2.6652][-0.495117,-0.208951,-0.843326][0.738425,0.130802,0][-0.11014,0.500966,-2.76687][-0.551129,-0.438489,-0.709919][0.745764,0.0839496,0][-0.11014,0.500966,-2.76687][-0.551129,-0.438489,-0.709919][0.745764,0.0839496,0][-0.2304,0.303342,-2.57919][-0.848561,-0.0421906,-0.527412][0.716051,0.127709,0][-0.188279,0.55071,-2.70124][-0.891796,-0.178179,-0.415874][0.727449,0.0783023,0][-0.100454,0.797555,-3.0724][-0.601036,-0.135092,-0.787722][0.795811,0.0171418,0][-7.50309e-07,0.482032,-2.79185][-8.05445e-07,-0.555069,-0.831804][0.752735,0.0860992,0][-0.11014,0.500966,-2.76687][-0.551129,-0.438489,-0.709919][0.745764,0.0839496,0][-7.50309e-07,0.482032,-2.79185][-8.05445e-07,-0.555069,-0.831804][0.752735,0.0860992,0][-0.100454,0.797555,-3.0724][-0.601036,-0.135092,-0.787722][0.795811,0.0171418,0][-7.31662e-07,0.787834,-3.11625][-7.06839e-07,-0.199332,-0.979932][0.806479,0.0167703,0][-7.31662e-07,0.787834,-3.11625][-7.06839e-07,-0.199332,-0.979932][0.806479,0.0167703,0][-0.100454,0.797555,-3.0724][-0.601036,-0.135092,-0.787722][0.795811,0.0171418,0][-0.0877708,0.853129,-3.05273][-0.156206,0.940169,-0.302791][0.787611,0.00828129,0][-0.0877708,0.853129,-3.05273][-0.156206,0.940169,-0.302791][0.787611,0.00828129,0][-7.28195e-07,0.844623,-3.0911][1.11027e-16,0.906601,-0.42199][0.796946,0.00795603,0][-7.31662e-07,0.787834,-3.11625][-7.06839e-07,-0.199332,-0.979932][0.806479,0.0167703,0][-0.11014,0.500966,-2.76687][-0.551129,-0.438489,-0.709919][0.745764,0.0839496,0][-0.172181,0.823093,-2.9572][-0.903725,-0.0301192,-0.427052][0.767783,0.0181181,0][-0.100454,0.797555,-3.0724][-0.601036,-0.135092,-0.787722][0.795811,0.0171418,0][-0.172181,0.823093,-2.9572][-0.903725,-0.0301192,-0.427052][0.767783,0.0181181,0][-0.0877708,0.853129,-3.05273][-0.156206,0.940169,-0.302791][0.787611,0.00828129,0][-0.100454,0.797555,-3.0724][-0.601036,-0.135092,-0.787722][0.795811,0.0171418,0][-0.172181,0.823093,-2.9572][-0.903725,-0.0301192,-0.427052][0.767783,0.0181181,0][-0.11014,0.500966,-2.76687][-0.551129,-0.438489,-0.709919][0.745764,0.0839496,0][-0.188279,0.55071,-2.70124][-0.891796,-0.178179,-0.415874][0.727449,0.0783023,0][-0.0877708,0.853129,-3.05273][-0.156206,0.940169,-0.302791][0.787611,0.00828129,0][-0.172181,0.823093,-2.9572][-0.903725,-0.0301192,-0.427052][0.767783,0.0181181,0][-0.13988,0.871748,-2.96875][0.0294406,0.979348,-0.200025][0.767176,0.00899291,0][-0.188279,0.55071,-2.70124][-0.891796,-0.178179,-0.415874][0.727449,0.0783023,0][-0.200229,0.859014,-2.79518][-0.969926,0.235986,-0.0596215][0.72836,0.0194913,0][-0.172181,0.823093,-2.9572][-0.903725,-0.0301192,-0.427052][0.767783,0.0181181,0][-0.200229,0.859014,-2.79518][-0.969926,0.235986,-0.0596215][0.72836,0.0194913,0][-0.155634,0.88236,-2.92088][-0.172308,0.954659,-0.242766][0.75553,0.0093987,0][-0.172181,0.823093,-2.9572][-0.903725,-0.0301192,-0.427052][0.767783,0.0181181,0][-0.155634,0.88236,-2.92088][-0.172308,0.954659,-0.242766][0.75553,0.0093987,0][-0.200229,0.859014,-2.79518][-0.969926,0.235986,-0.0596215][0.72836,0.0194913,0][-0.174618,0.906905,-2.81016][-0.119084,0.966713,-0.226461][0.728592,0.0103369,0][-0.15123,0.927859,-2.71565][-0.140356,0.975079,-0.171817][0.712301,0.0136838,0][-0.174618,0.906905,-2.81016][-0.119084,0.966713,-0.226461][0.728592,0.0103369,0][-0.200229,0.859014,-2.79518][-0.969926,0.235986,-0.0596215][0.72836,0.0194913,0][-0.200229,0.859014,-2.79518][-0.969926,0.235986,-0.0596215][0.72836,0.0194913,0][-0.188279,0.55071,-2.70124][-0.891796,-0.178179,-0.415874][0.727449,0.0783023,0][-0.217358,0.620676,-2.60893][-0.993542,0.107869,-0.0351802][0.701689,0.070359,0][-0.188279,0.55071,-2.70124][-0.891796,-0.178179,-0.415874][0.727449,0.0783023,0][-0.269199,0.360662,-2.4582][-0.981053,0.17547,-0.0821238][0.68458,0.123358,0][-0.217358,0.620676,-2.60893][-0.993542,0.107869,-0.0351802][0.701689,0.070359,0][-0.200229,0.859014,-2.79518][-0.969926,0.235986,-0.0596215][0.72836,0.0194913,0][-0.173544,0.882961,-2.68716][-0.838433,0.449941,0.307543][0.702078,0.0204067,0][-0.15123,0.927859,-2.71565][-0.140356,0.975079,-0.171817][0.712301,0.0136838,0][-0.217358,0.620676,-2.60893][-0.993542,0.107869,-0.0351802][0.701689,0.070359,0][-0.173544,0.882961,-2.68716][-0.838433,0.449941,0.307543][0.702078,0.0204067,0][-0.200229,0.859014,-2.79518][-0.969926,0.235986,-0.0596215][0.72836,0.0194913,0][-1.54922,-0.36449,-1.02617][-0.536855,-0.72529,-0.430978][0.973814,0.177443,0][-1.69173,-0.376959,-0.827656][-0.452236,-0.681227,-0.575685][0.973814,0.129449,0][-1.70819,-0.359748,-0.836117][-0.470457,-0.691798,-0.547801][0.973814,0.133101,0][-1.76887,-0.473136,-0.69596][-0.442804,-0.689147,-0.573587][0.973814,0.0891431,0][-1.70819,-0.359748,-0.836117][-0.470457,-0.691798,-0.547801][0.973814,0.133101,0][-1.69173,-0.376959,-0.827656][-0.452236,-0.681227,-0.575685][0.973814,0.129449,0][-1.69173,-0.376959,-0.827656][-0.452236,-0.681227,-0.575685][0.973814,0.129449,0][-1.74914,-0.486837,-0.69565][-0.439736,-0.686678,-0.578883][0.973814,0.0877507,0][-1.76887,-0.473136,-0.69596][-0.442804,-0.689147,-0.573587][0.973814,0.0891431,0][-1.76887,-0.473136,-0.69596][-0.442804,-0.689147,-0.573587][0.973814,0.0891431,0][-1.74914,-0.486837,-0.69565][-0.439736,-0.686678,-0.578883][0.973814,0.0877507,0][-1.83499,-0.532332,-0.528147][-0.502595,-0.733905,-0.456926][0.973814,0.0438848,0][-0.674173,-0.343703,2.00238][-0.0974039,-0.884014,0.457199][0.973814,0.222755,0][0.00205651,-0.369801,2.09598][0.101375,-0.87376,0.475675][0.973814,0.231322,0][8.31292e-08,-0.355988,2.12225][0.087577,-0.875617,0.475][0.973814,0.233983,0][1.47783,0.978303,-0.110471][0.730351,0.670823,-0.12878][0.478884,0.274838,0][1.47783,0.978303,0.41069][0.730351,0.670822,0.128781][0.47986,0.291825,0][1.51725,0.911506,0.417641][0.954627,0.245667,0.168327][0.47997,0.291637,0][1.47783,0.978303,-0.110471][0.730351,0.670823,-0.12878][0.478884,0.274838,0][1.51725,0.911506,0.417641][0.954627,0.245667,0.168327][0.47997,0.291637,0][1.51725,0.911506,-0.117423][0.954627,0.245668,-0.168326][0.478967,0.274197,0][1.42734,1.01407,-0.10157][0.00733547,0.999972,-0.00129328][0.478777,0.275659,0][1.47783,0.978303,0.41069][0.730351,0.670822,0.128781][0.47986,0.291825,0][1.47783,0.978303,-0.110471][0.730351,0.670823,-0.12878][0.478884,0.274838,0][1.29958,0.978302,0.900421][0.643177,0.669102,0.372325][0.480342,0.309661,0][1.51725,0.911506,0.417641][0.954627,0.245667,0.168327][0.47997,0.291637,0][1.47783,0.978303,0.41069][0.730351,0.670822,0.128781][0.47986,0.291825,0][1.51725,0.911506,0.417641][0.954627,0.245667,0.168327][0.47997,0.291637,0][1.29958,0.978302,0.900421][0.643177,0.669102,0.372325][0.480342,0.309661,0][1.33425,0.911505,0.920436][0.840855,0.221159,0.494016][0.480464,0.309948,0][1.47783,0.978303,0.41069][0.730351,0.670822,0.128781][0.47986,0.291825,0][1.42734,1.01407,-0.10157][0.00733547,0.999972,-0.00129328][0.478777,0.275659,0][1.42734,1.01407,0.401788][0.00733519,0.999972,0.00129361][0.47972,0.292065,0][1.42734,1.01407,0.401788][0.00733519,0.999972,0.00129361][0.47972,0.292065,0][1.29958,0.978302,0.900421][0.643177,0.669102,0.372325][0.480342,0.309661,0][1.47783,0.978303,0.41069][0.730351,0.670822,0.128781][0.47986,0.291825,0][1.42734,1.01407,-0.10157][0.00733547,0.999972,-0.00129328][0.478777,0.275659,0][1.38127,0.971981,0.393664][-0.658606,0.743473,-0.11613][0.479592,0.292285,0][1.42734,1.01407,0.401788][0.00733519,0.999972,0.00129361][0.47972,0.292065,0][1.38127,0.971981,0.393664][-0.658606,0.743473,-0.11613][0.479592,0.292285,0][1.42734,1.01407,-0.10157][0.00733547,0.999972,-0.00129328][0.478777,0.275659,0][1.38127,0.971981,-0.0934453][-0.658605,0.743474,0.11613][0.478679,0.276408,0][1.38127,0.971981,0.393664][-0.658606,0.743473,-0.11613][0.479592,0.292285,0][1.25519,1.01407,0.874791][0.0064502,0.999972,0.0037244][0.480185,0.309292,0][1.42734,1.01407,0.401788][0.00733519,0.999972,0.00129361][0.47972,0.292065,0][1.29958,0.978302,0.900421][0.643177,0.669102,0.372325][0.480342,0.309661,0][1.42734,1.01407,0.401788][0.00733519,0.999972,0.00129361][0.47972,0.292065,0][1.25519,1.01407,0.874791][0.0064502,0.999972,0.0037244][0.480185,0.309292,0][1.25519,1.01407,0.874791][0.0064502,0.999972,0.0037244][0.480185,0.309292,0][1.38127,0.971981,0.393664][-0.658606,0.743473,-0.11613][0.479592,0.292285,0][1.21467,0.971981,0.851397][-0.579167,0.743474,-0.334382][0.480042,0.308956,0][1.29958,0.978302,0.900421][0.643177,0.669102,0.372325][0.480342,0.309661,0][1.11512,0.978303,1.12024][0.583126,0.647122,0.491118][0.480303,0.318765,0][1.33425,0.911505,0.920436][0.840855,0.221159,0.494016][0.480464,0.309948,0][1.13706,0.911197,1.15323][0.736956,0.227199,0.636613][0.480422,0.319663,0][1.33425,0.911505,0.920436][0.840855,0.221159,0.494016][0.480464,0.309948,0][1.11512,0.978303,1.12024][0.583126,0.647122,0.491118][0.480303,0.318765,0][1.29958,0.978302,0.900421][0.643177,0.669102,0.372325][0.480342,0.309661,0][1.09036,1.01407,1.07122][-0.0636055,0.996547,-0.0533711][0.48015,0.317427,0][1.11512,0.978303,1.12024][0.583126,0.647122,0.491118][0.480303,0.318765,0][1.09036,1.01407,1.07122][-0.0636055,0.996547,-0.0533711][0.48015,0.317427,0][1.29958,0.978302,0.900421][0.643177,0.669102,0.372325][0.480342,0.309661,0][1.25519,1.01407,0.874791][0.0064502,0.999972,0.0037244][0.480185,0.309292,0][1.21467,0.971981,0.851397][-0.579167,0.743474,-0.334382][0.480042,0.308956,0][1.09036,1.01407,1.07122][-0.0636055,0.996547,-0.0533711][0.48015,0.317427,0][1.25519,1.01407,0.874791][0.0064502,0.999972,0.0037244][0.480185,0.309292,0][1.21467,0.971981,0.851397][-0.579167,0.743474,-0.334382][0.480042,0.308956,0][1.03619,0.971981,1.06409][-0.516626,0.738359,-0.433501][0.480004,0.317765,0][1.09036,1.01407,1.07122][-0.0636055,0.996547,-0.0533711][0.48015,0.317427,0][-0.872695,-0.438198,1.86661][-0.277684,-0.652078,0.705469][0.973814,0.208722,0][-0.674173,-0.343703,2.00238][-0.270386,-0.558569,0.78415][0.973814,0.222755,0][-0.927257,-0.416827,1.86302][-0.275277,-0.862977,0.423667][0.973814,0.208641,0][-0.927257,-0.416827,1.86302][-0.275277,-0.862977,0.423667][0.973814,0.208641,0][-1.24177,-0.404462,1.62377][-0.311991,-0.922704,0.226448][0.973814,0.186084,0][-0.872695,-0.438198,1.86661][-0.277684,-0.652078,0.705469][0.973814,0.208722,0][-1.24177,-0.404462,1.62377][-0.311991,-0.922704,0.226448][0.973814,0.186084,0][-0.927257,-0.416827,1.86302][-0.275277,-0.862977,0.423667][0.973814,0.208641,0][-1.26946,-0.390269,1.66299][-0.308327,-0.922418,0.232551][0.973814,0.189979,0][-1.40153,-0.363913,1.50232][-0.519022,-0.841098,0.152218][0.973814,0.17505,0][-1.24177,-0.404462,1.62377][-0.311991,-0.922704,0.226448][0.973814,0.186084,0][-1.26946,-0.390269,1.66299][-0.308327,-0.922418,0.232551][0.973814,0.189979,0][-1.24177,-0.404462,1.62377][-0.311991,-0.922704,0.226448][0.973814,0.186084,0][-1.40153,-0.363913,1.50232][-0.519022,-0.841098,0.152218][0.973814,0.17505,0][-1.37391,-0.38256,1.47235][-0.526739,-0.836345,0.151901][0.973814,0.171979,0][-1.40153,-0.363913,1.50232][-0.519022,-0.841098,0.152218][0.973814,0.17505,0][-1.63672,-0.2231,1.10874][-0.673299,-0.725449,0.1428][0.973814,0.139406,0][-1.37391,-0.38256,1.47235][-0.526739,-0.836345,0.151901][0.973814,0.171979,0][-1.63672,-0.2231,1.10874][-0.673299,-0.725449,0.1428][0.973814,0.139406,0][-1.40153,-0.363913,1.50232][-0.519022,-0.841098,0.152218][0.973814,0.17505,0][-1.68398,-0.163671,1.12235][-0.673299,-0.725449,0.1428][0.973814,0.14142,0][0.967837,-0.031602,1.73717][0.967061,-0.108567,0.230231][0.973814,0.0571443,0][1.05428,0.39128,1.54976][0.983988,-0.0308645,0.175542][0.973814,0.146621,0][1.05386,0.397202,1.57807][0.978826,-0.0594947,0.195859][0.973814,0.144812,0][0.967837,-0.031602,1.73717][0.967061,-0.108567,0.230231][0.973814,0.0571443,0][1.05386,0.397202,1.57807][0.978826,-0.0594947,0.195859][0.973814,0.144812,0][0.95679,-0.0215363,1.76461][0.967061,-0.108567,0.230231][0.973814,0.0561169,0][1.07324,0.546108,1.41779][0.982249,0.0496709,0.180884][0.973814,0.186242,0][1.05386,0.397202,1.57807][0.978826,-0.0594947,0.195859][0.973814,0.144812,0][1.05428,0.39128,1.54976][0.983988,-0.0308645,0.175542][0.973814,0.146621,0][1.05386,0.397202,1.57807][0.978826,-0.0594947,0.195859][0.973814,0.144812,0][1.07324,0.546108,1.41779][0.982249,0.0496709,0.180884][0.973814,0.186242,0][1.06707,0.581192,1.43057][0.974898,0.0707743,0.211103][0.973814,0.190189,0][1.07324,0.546108,1.41779][0.982249,0.0496709,0.180884][0.973814,0.186242,0][1.12556,0.795737,1.12042][0.96354,0.0975114,0.249165][0.973814,0.257748,0][1.06707,0.581192,1.43057][0.974898,0.0707743,0.211103][0.973814,0.190189,0][1.06707,0.581192,1.43057][0.974898,0.0707743,0.211103][0.973814,0.190189,0][1.12556,0.795737,1.12042][0.96354,0.0975114,0.249165][0.973814,0.257748,0][1.10959,0.833631,1.16471][0.96354,0.0975114,0.249165][0.973814,0.259757,0][1.25034,-1.61327,0.786882][0.621806,0.122974,0.773456][0.973655,0.0436673,0][1.4111,-1.53121,0.625523][0.67869,0.100917,0.727458][0.973655,0.0609711,0][1.22427,-1.59546,0.808737][0.539433,0.151552,0.828278][0.973655,0.043529,0][-1.47783,0.978303,0.410689][-0.730351,0.670823,0.12878][0.479859,0.291831,0][-1.48144,0.911505,0.516033][-0.879595,0.351878,0.320147][0.480065,0.295227,0][-1.43124,0.978302,0.538691][-0.656108,0.715888,0.238803][0.479985,0.296493,0][-1.48144,0.911505,0.516033][-0.879595,0.351878,0.320147][0.480065,0.295227,0][-1.47783,0.978303,0.410689][-0.730351,0.670823,0.12878][0.479859,0.291831,0][-1.51725,0.911506,0.41764][-0.954627,0.245668,0.168326][0.479968,0.291643,0][-1.47783,0.978302,-0.110472][-0.73035,0.670823,-0.128781][0.478882,0.274845,0][-1.51725,0.911506,0.41764][-0.954627,0.245668,0.168326][0.479968,0.291643,0][-1.47783,0.978303,0.410689][-0.730351,0.670823,0.12878][0.479859,0.291831,0][-1.51725,0.911506,0.41764][-0.954627,0.245668,0.168326][0.479968,0.291643,0][-1.47783,0.978302,-0.110472][-0.73035,0.670823,-0.128781][0.478882,0.274845,0][-1.51725,0.911506,-0.117423][-0.954627,0.245668,-0.168327][0.478966,0.274204,0][-1.43124,0.978302,0.538691][-0.656108,0.715888,0.238803][0.479985,0.296493,0][-1.42734,1.01407,0.401788][-0.00733422,0.999972,0.00129295][0.479719,0.292072,0][-1.47783,0.978303,0.410689][-0.730351,0.670823,0.12878][0.479859,0.291831,0][-1.47783,0.978302,-0.110472][-0.73035,0.670823,-0.128781][0.478882,0.274845,0][-1.47783,0.978303,0.410689][-0.730351,0.670823,0.12878][0.479859,0.291831,0][-1.42734,1.01407,0.401788][-0.00733422,0.999972,0.00129295][0.479719,0.292072,0][-1.37741,1.01407,0.538975][0.164783,0.984505,-0.0599764][0.479854,0.297068,0][-1.42734,1.01407,0.401788][-0.00733422,0.999972,0.00129295][0.479719,0.292072,0][-1.43124,0.978302,0.538691][-0.656108,0.715888,0.238803][0.479985,0.296493,0][-1.42734,1.01407,0.401788][-0.00733422,0.999972,0.00129295][0.479719,0.292072,0][-1.42734,1.01407,-0.10157][-0.00733482,0.999972,-0.00129333][0.478775,0.275666,0][-1.47783,0.978302,-0.110472][-0.73035,0.670823,-0.128781][0.478882,0.274845,0][-1.42734,1.01407,0.401788][-0.00733422,0.999972,0.00129295][0.479719,0.292072,0][-1.37741,1.01407,0.538975][0.164783,0.984505,-0.0599764][0.479854,0.297068,0][-1.38127,0.971981,0.393663][0.658606,0.743473,-0.116129][0.479591,0.292291,0][-1.42734,1.01407,-0.10157][-0.00733482,0.999972,-0.00129333][0.478775,0.275666,0][-1.42734,1.01407,0.401788][-0.00733422,0.999972,0.00129295][0.479719,0.292072,0][-1.38127,0.971981,0.393663][0.658606,0.743473,-0.116129][0.479591,0.292291,0][-1.33129,0.971981,0.530983][0.633738,0.738357,-0.230662][0.479726,0.297293,0][-1.38127,0.971981,0.393663][0.658606,0.743473,-0.116129][0.479591,0.292291,0][-1.37741,1.01407,0.538975][0.164783,0.984505,-0.0599764][0.479854,0.297068,0][-1.38127,0.971981,0.393663][0.658606,0.743473,-0.116129][0.479591,0.292291,0][-1.38127,0.971981,-0.0934456][0.658606,0.743473,0.11613][0.478678,0.276415,0][-1.42734,1.01407,-0.10157][-0.00733482,0.999972,-0.00129333][0.478775,0.275666,0][1.4236,0.838546,-0.36875][0.939324,-0.0280182,-0.341885][0.47972,0.287902,0][1.51725,0.911506,-0.117423][0.954627,0.245668,-0.168326][0.479025,0.274561,0][1.5152,0.838546,-0.117062][0.984409,-0.0284495,-0.173578][0.479022,0.274597,0][1.3801,0.908934,-0.428505][0.984829,0.0946703,0.145425][0.983218,0.18006,0][1.38877,0.838546,-0.464444][0.954243,0.221038,0.2014][0.98324,0.199971,0][1.3861,0.911506,-0.477749][0.985288,0.0854877,0.147986][0.983247,0.20949,0][1.38877,0.838546,-0.464444][0.954243,0.221038,0.2014][0.98324,0.199971,0][1.3801,0.908934,-0.428505][0.984829,0.0946703,0.145425][0.983218,0.18006,0][1.37671,0.836855,-0.401725][0.953033,0.225386,0.202309][0.983203,0.16402,0][0.871863,-1.63688,-0.253122][0.234151,-0.735627,0.635631][0.974468,0.259181,0][1.18862,-1.64529,-0.379539][0.15707,-0.709115,0.687376][0.972962,0.131196,0][1.25494,-1.57149,-0.318556][0.208013,-0.687596,0.69566][0.974873,0.110892,0][1.24431,-1.66563,-0.401765][0.121509,-0.665016,0.736878][0.972697,0.108694,0][1.25494,-1.57149,-0.318556][0.208013,-0.687596,0.69566][0.974873,0.110892,0][1.18862,-1.64529,-0.379539][0.15707,-0.709115,0.687376][0.972962,0.131196,0][1.24431,-1.66563,-0.401765][0.121509,-0.665016,0.736878][0.972697,0.108694,0][1.29271,-1.61327,-0.370273][0.242048,-0.660708,0.710547][0.97376,0.092912,0][1.25494,-1.57149,-0.318556][0.208013,-0.687596,0.69566][0.974873,0.110892,0][1.29271,-1.61327,-0.370273][0.242048,-0.660708,0.710547][0.97376,0.092912,0][1.38264,-1.54969,-0.340367][0.234633,-0.665246,0.708799][0.975008,0.0614626,0][1.25494,-1.57149,-0.318556][0.208013,-0.687596,0.69566][0.974873,0.110892,0][1.76074,-0.22599,-0.660414][0.871308,0.106188,0.479111][0.973655,0.266132,0][1.77747,-0.693882,-0.587136][0.864791,-0.0486322,0.499771][0.973655,0.188127,0][1.80791,-0.698483,-0.641473][0.864319,-0.052824,0.500162][0.973655,0.188286,0][1.77747,-0.693882,-0.587136][0.864791,-0.0486322,0.499771][0.973655,0.188127,0][1.71516,-1.01284,-0.614258][0.789375,-0.254965,0.558463][0.973655,0.136248,0][1.80791,-0.698483,-0.641473][0.864319,-0.052824,0.500162][0.973655,0.188286,0][1.73337,-1.03332,-0.650047][0.770556,-0.273453,0.575732][0.973655,0.133489,0][1.80791,-0.698483,-0.641473][0.864319,-0.052824,0.500162][0.973655,0.188286,0][1.71516,-1.01284,-0.614258][0.789375,-0.254965,0.558463][0.973655,0.136248,0][1.71516,-1.01284,-0.614258][0.789375,-0.254965,0.558463][0.973655,0.136248,0][1.64951,-1.12202,-0.599528][0.714995,-0.32277,0.620163][0.973655,0.118086,0][1.73337,-1.03332,-0.650047][0.770556,-0.273453,0.575732][0.973655,0.133489,0][1.65459,-1.16503,-0.623635][0.714995,-0.32277,0.620163][0.973655,0.111434,0][1.73337,-1.03332,-0.650047][0.770556,-0.273453,0.575732][0.973655,0.133489,0][1.64951,-1.12202,-0.599528][0.714995,-0.32277,0.620163][0.973655,0.118086,0][-0.0942574,1.18339,0.704513][-0.320785,0.653283,0.685797][0.974083,0.183736,0][-0.0486389,1.16174,0.746473][-0.320785,0.653283,0.685797][0.974083,0.134001,0][-0.0366761,1.18111,0.741662][-0.320785,0.653283,0.685797][0.974083,0.13564,0][-0.0486389,1.16174,0.746473][-0.320785,0.653283,0.685797][0.974083,0.134001,0][-0.0942574,1.18339,0.704513][-0.320785,0.653283,0.685797][0.974083,0.183736,0][-0.110807,1.16424,0.723059][-0.320785,0.653283,0.685797][0.974083,0.173866,0][1.65749,-1.14814,-0.538184][0.825555,-0.161149,0.540824][0.973655,0.112768,0][1.56739,-1.32443,-0.454791][0.861166,-0.00087741,0.508323][0.973655,0.0824401,0][1.66747,-1.17818,-0.563991][0.825555,-0.161149,0.540824][0.973655,0.108273,0][1.58409,-1.34534,-0.484895][0.852985,-0.0491583,0.519616][0.973655,0.0795158,0][1.66747,-1.17818,-0.563991][0.825555,-0.161149,0.540824][0.973655,0.108273,0][1.56739,-1.32443,-0.454791][0.861166,-0.00087741,0.508323][0.973655,0.0824401,0][1.56739,-1.32443,-0.454791][0.861166,-0.00087741,0.508323][0.973655,0.0824401,0][1.55956,-1.38234,-0.425875][0.872059,0.119145,0.474677][0.973655,0.0724515,0][1.58409,-1.34534,-0.484895][0.852985,-0.0491583,0.519616][0.973655,0.0795158,0][1.55956,-1.38234,-0.425875][0.872059,0.119145,0.474677][0.973655,0.0724515,0][1.56739,-1.32443,-0.454791][0.861166,-0.00087741,0.508323][0.973655,0.0824401,0][1.5432,-1.35724,-0.406798][0.872059,0.119145,0.474677][0.973655,0.0762492,0][1.38264,-1.54969,-0.340367][0.00965515,-0.734988,-0.678011][0.975008,0.0614626,0][1.3284,-1.61327,-0.272215][0.0375834,-0.711804,-0.701372][0.97645,0.0868314,0][1.25494,-1.57149,-0.318556][-0.00776278,-0.751571,-0.659607][0.974873,0.110892,0][1.3284,-1.61327,-0.272215][0.0375834,-0.711804,-0.701372][0.97645,0.0868314,0][1.30939,-1.66563,-0.222954][-0.0900041,-0.734778,-0.67231][0.977602,0.0976058,0][1.25494,-1.57149,-0.318556][-0.00776278,-0.751571,-0.659607][0.974873,0.110892,0][1.24397,-1.64529,-0.227465][-0.0867015,-0.768917,-0.633443][0.977133,0.121765,0][1.25494,-1.57149,-0.318556][-0.00776278,-0.751571,-0.659607][0.974873,0.110892,0][1.30939,-1.66563,-0.222954][-0.0900041,-0.734778,-0.67231][0.977602,0.0976058,0][0.871863,-1.63688,-0.253122][0.0256758,-0.778231,-0.627453][0.974468,0.259181,0][1.25494,-1.57149,-0.318556][-0.00776278,-0.751571,-0.659607][0.974873,0.110892,0][1.24397,-1.64529,-0.227465][-0.0867015,-0.768917,-0.633443][0.977133,0.121765,0][1.66747,-1.17818,-0.563991][0.963219,0.255534,-0.0831314][0.973655,0.108273,0][1.64951,-1.12202,-0.599528][0.963219,0.255534,-0.0831314][0.973655,0.118086,0][1.65749,-1.14814,-0.538184][0.963219,0.255534,-0.0831314][0.973655,0.112768,0][1.64951,-1.12202,-0.599528][0.963219,0.255534,-0.0831314][0.973655,0.118086,0][1.66747,-1.17818,-0.563991][0.963219,0.255534,-0.0831314][0.973655,0.108273,0][1.65459,-1.16503,-0.623635][0.963219,0.255534,-0.0831314][0.973655,0.111434,0][-0.796598,-1.63562,-0.309808][0.0680973,-0.866556,0.494413][0.976378,0.204847,0][-0.538694,-1.63012,-0.270429][-0.086707,-0.736621,0.670725][0.977656,0.0490931,0][-0.730311,-1.60857,-0.271537][-0.0598876,-0.763373,0.643176][0.973823,0.164961,0][-0.796598,-1.63562,-0.309808][0.0680973,-0.866556,0.494413][0.976378,0.204847,0][-0.730311,-1.60857,-0.271537][-0.0598876,-0.763373,0.643176][0.973823,0.164961,0][-0.897824,-1.63781,-0.292063][0.098861,-0.885306,0.454378][0.972475,0.266151,0][1.16478,-1.63218,0.83934][0.390424,-0.787935,-0.47616][0.97625,0.0830181,0][1.22427,-1.59546,0.808737][0.108214,-0.913426,-0.392355][0.981282,0.0624332,0][1.22475,-1.61327,0.857216][0.295945,-0.841302,-0.452357][0.977098,0.0529417,0][1.16478,-1.63218,0.83934][0.390424,-0.787935,-0.47616][0.97625,0.0830181,0][1.22475,-1.61327,0.857216][0.295945,-0.841302,-0.452357][0.977098,0.0529417,0][1.16409,-1.66563,0.875506][0.390424,-0.787935,-0.47616][0.973087,0.0763991,0][1.4909,-1.45487,-0.366783][0.538886,-0.410353,0.735672][0.973655,0.0595573,0][1.48875,-1.44243,-0.358268][0.538886,-0.410353,0.735672][0.973655,0.0614555,0][1.38264,-1.54969,-0.340367][0.538886,-0.410353,0.735672][0.973655,0.0435548,0][1.38127,0.971981,-0.0934453][0.73052,0.670633,-0.128811][0.271013,0.513342,0][1.14876,1.05615,-0.513129][0.512778,0.805861,-0.296052][0.231389,0.456726,0][1.30632,1.05615,-0.0802309][0.583109,0.805861,-0.102818][0.258241,0.515125,0][1.14876,1.05615,-0.513129][0.512778,0.805861,-0.296052][0.231389,0.456726,0][1.38127,0.971981,-0.0934453][0.73052,0.670633,-0.128811][0.271013,0.513342,0][1.21467,0.971981,-0.551178][0.642408,0.670633,-0.370895][0.24262,0.451593,0][1.30632,1.05615,0.380449][0.583109,0.805861,0.102818][0.258241,0.577272,0][1.38127,0.971981,-0.0934453][0.73052,0.670633,-0.128811][0.271013,0.513342,0][1.30632,1.05615,-0.0802309][0.583109,0.805861,-0.102818][0.258241,0.515125,0][1.38127,0.971981,-0.0934453][0.73052,0.670633,-0.128811][0.271013,0.513342,0][1.30632,1.05615,0.380449][0.583109,0.805861,0.102818][0.258241,0.577272,0][1.38127,0.971981,0.393664][0.73052,0.670632,0.128811][0.271013,0.579055,0][1.21467,0.971981,-0.551178][0.642408,0.670633,-0.370895][0.24262,0.451593,0][0.852642,1.05615,-0.86603][0.380598,0.805861,-0.453578][0.180923,0.409118,0][1.14876,1.05615,-0.513129][0.512778,0.805861,-0.296052][0.231389,0.456726,0][0.852642,1.05615,-0.86603][0.380598,0.805861,-0.453578][0.180923,0.409118,0][1.21467,0.971981,-0.551178][0.642408,0.670633,-0.370895][0.24262,0.451593,0][0.901558,0.971981,-0.924325][0.476813,0.670633,-0.568244][0.189259,0.401254,0][1.14876,1.05615,-0.513129][0.512778,0.805861,-0.296052][0.231389,0.456726,0][1.11667,1.13589,-0.0467906][0.248276,0.967699,-0.0437778][0.22592,0.519636,0][1.30632,1.05615,-0.0802309][0.583109,0.805861,-0.102818][0.258241,0.515125,0][1.30632,1.05615,-0.0802309][0.583109,0.805861,-0.102818][0.258241,0.515125,0][1.11667,1.13589,0.347009][0.248276,0.9677,0.043778][0.22592,0.572761,0][1.30632,1.05615,0.380449][0.583109,0.805861,0.102818][0.258241,0.577272,0][1.11667,1.13589,0.347009][0.248276,0.9677,0.043778][0.22592,0.572761,0][1.30632,1.05615,-0.0802309][0.583109,0.805861,-0.102818][0.258241,0.515125,0][1.11667,1.13589,-0.0467906][0.248276,0.967699,-0.0437778][0.22592,0.519636,0][1.14876,1.05615,0.813347][0.512778,0.805861,0.296053][0.231389,0.635672,0][1.38127,0.971981,0.393664][0.73052,0.670632,0.128811][0.271013,0.579055,0][1.30632,1.05615,0.380449][0.583109,0.805861,0.102818][0.258241,0.577272,0][1.14876,1.05615,0.813347][0.512778,0.805861,0.296053][0.231389,0.635672,0][1.30632,1.05615,0.380449][0.583109,0.805861,0.102818][0.258241,0.577272,0][1.11667,1.13589,0.347009][0.248276,0.9677,0.043778][0.22592,0.572761,0][1.38127,0.971981,0.393664][0.73052,0.670632,0.128811][0.271013,0.579055,0][1.14876,1.05615,0.813347][0.512778,0.805861,0.296053][0.231389,0.635672,0][1.21467,0.971981,0.851397][0.642409,0.670633,0.370895][0.24262,0.640805,0][1.14876,1.05615,0.813347][0.512778,0.805861,0.296053][0.231389,0.635672,0][1.03619,0.971981,1.06409][0.572137,0.664968,0.48008][0.212204,0.669499,0][1.21467,0.971981,0.851397][0.642409,0.670633,0.370895][0.24262,0.640805,0][1.03619,0.971981,1.06409][0.572137,0.664968,0.48008][0.212204,0.669499,0][1.14876,1.05615,0.813347][0.512778,0.805861,0.296053][0.231389,0.635672,0][0.97107,1.05615,1.02511][0.484123,0.774987,0.406227][0.201106,0.66424,0][0.958208,1.10146,0.872787][0.29691,0.921833,0.249137][0.198914,0.643691,0][0.97107,1.05615,1.02511][0.484123,0.774987,0.406227][0.201106,0.66424,0][1.14876,1.05615,0.813347][0.512778,0.805861,0.296053][0.231389,0.635672,0][0.981987,1.13589,0.71706][0.21833,0.967699,0.126054][0.202966,0.622683,0][0.958208,1.10146,0.872787][0.29691,0.921833,0.249137][0.198914,0.643691,0][1.14876,1.05615,0.813347][0.512778,0.805861,0.296053][0.231389,0.635672,0][1.11667,1.13589,0.347009][0.248276,0.9677,0.043778][0.22592,0.572761,0][0.981987,1.13589,0.71706][0.21833,0.967699,0.126054][0.202966,0.622683,0][1.14876,1.05615,0.813347][0.512778,0.805861,0.296053][0.231389,0.635672,0][0.958208,1.10146,0.872787][0.29691,0.921833,0.249137][0.198914,0.643691,0][0.981987,1.13589,0.71706][0.21833,0.967699,0.126054][0.202966,0.622683,0][0.928562,1.13589,0.78073][0.201561,0.964763,0.16913][0.193861,0.631272,0][0.643216,1.1689,0.52147][0.0792072,0.996377,0.0309706][0.145232,0.596297,0][0.928562,1.13589,0.78073][0.201561,0.964763,0.16913][0.193861,0.631272,0][0.981987,1.13589,0.71706][0.21833,0.967699,0.126054][0.202966,0.622683,0][1.11667,1.13589,0.347009][0.248276,0.9677,0.043778][0.22592,0.572761,0][0.643216,1.1689,0.52147][0.0792072,0.996377,0.0309706][0.145232,0.596297,0][0.981987,1.13589,0.71706][0.21833,0.967699,0.126054][0.202966,0.622683,0][0.643216,1.1689,0.52147][0.0792072,0.996377,0.0309706][0.145232,0.596297,0][1.11667,1.13589,0.347009][0.248276,0.9677,0.043778][0.22592,0.572761,0][0.3301,1.20329,0.208315][0.0828472,0.996458,0.0143952][0.0918696,0.554051,0][1.11667,1.13589,-0.0467906][0.248276,0.967699,-0.0437778][0.22592,0.519636,0][0.3301,1.20329,0.208315][0.0828472,0.996458,0.0143952][0.0918696,0.554051,0][1.11667,1.13589,0.347009][0.248276,0.9677,0.043778][0.22592,0.572761,0][-1.51725,0.911506,-0.117423][-0.954627,0.245668,-0.168327][0.479025,0.274576,0][-1.33425,0.911506,-0.620218][-0.839485,0.245668,-0.484677][0.480268,0.300886,0][-1.33245,0.838546,-0.61918][-0.865674,-0.0284495,-0.499798][0.480263,0.300886,0][-1.51725,0.911506,-0.117423][-0.954627,0.245668,-0.168327][0.479025,0.274576,0][-1.33245,0.838546,-0.61918][-0.865674,-0.0284495,-0.499798][0.480263,0.300886,0][-1.5152,0.838546,-0.117062][-0.984409,-0.0284484,-0.173578][0.479021,0.274613,0][-1.33425,0.911506,-0.620218][-0.839485,0.245668,-0.484677][0.480268,0.300886,0][-1.08654,0.838546,-0.912234][-0.765743,-0.0280176,-0.642536][0.480422,0.31886,0][-1.33245,0.838546,-0.61918][-0.865674,-0.0284495,-0.499798][0.480263,0.300886,0][0.0669125,0.971981,1.54089][0.569537,0.687405,0.450668][0.974083,0.0390426,0][0.0431113,1.04566,1.45859][0.537992,0.80697,0.243646][0.974083,0.118756,0][0.0291483,1.05114,1.46786][0.550011,0.7782,0.303137][0.974083,0.114327,0][0.0431113,1.04566,1.45859][0.537992,0.80697,0.243646][0.974083,0.118756,0][0.032021,1.05365,1.43632][0.490253,0.868943,0.0677497][0.974083,0.142218,0][0.0291483,1.05114,1.46786][0.550011,0.7782,0.303137][0.974083,0.114327,0][0.032021,1.05365,1.43632][0.490253,0.868943,0.0677497][0.974083,0.142218,0][0.0431113,1.04566,1.45859][0.537992,0.80697,0.243646][0.974083,0.118756,0][0.0354238,1.05251,1.40488][0.490253,0.868943,0.0677497][0.974083,0.161057,0][1.7069,-0.00599605,-0.625662][0.846844,0.468696,0.251356][0.978624,0.119267,0][1.51923,0.389004,-0.708961][0.844894,0.459259,0.274291][0.978449,0.1645,0][1.67501,0.0424002,-0.608466][0.845335,0.461212,0.269615][0.978402,0.124489,0][1.7069,-0.00599605,-0.625662][0.846844,0.468696,0.251356][0.978624,0.119267,0][1.67501,0.0424002,-0.608466][0.845335,0.461212,0.269615][0.978402,0.124489,0][1.80433,-0.22599,-0.540662][0.847169,0.470539,0.246773][0.978431,0.0934149,0][1.51923,0.389004,-0.708961][0.887372,0.0214823,0.460554][0.983039,0.17116,0][1.69176,0.0142156,-0.660399][0.768919,0.315922,0.555839][0.983039,0.139514,0][1.55086,0.397203,-0.745281][0.849429,0.136981,0.509614][0.983039,0.171852,0][1.55086,0.397203,-0.745281][0.849429,0.136981,0.509614][0.983039,0.171852,0][1.51687,0.588558,-0.523815][0.957373,0.0279991,0.287496][0.983039,0.18801,0][1.51923,0.389004,-0.708961][0.887372,0.0214823,0.460554][0.983039,0.17116,0][1.69176,0.0142156,-0.660399][0.768919,0.315922,0.555839][0.983039,0.139514,0][1.51923,0.389004,-0.708961][0.887372,0.0214823,0.460554][0.983039,0.17116,0][1.6744,0.0140587,-0.632802][0.759775,0.328273,0.56123][0.983039,0.139643,0][1.69176,0.0142156,-0.660399][0.768919,0.315922,0.555839][0.983039,0.139514,0][1.6744,0.0140587,-0.632802][0.759775,0.328273,0.56123][0.983039,0.139643,0][1.76074,-0.22599,-0.660414][0.821925,0.236016,0.518397][0.983039,0.119232,0][1.51923,0.389004,-0.708961][0.887372,0.0214823,0.460554][0.983039,0.17116,0][1.51687,0.588558,-0.523815][0.957373,0.0279991,0.287496][0.983039,0.18801,0][1.50906,0.565104,-0.469045][0.952794,0.123999,0.277143][0.983039,0.186029,0][1.38877,0.838546,-0.464444][0.954243,0.221038,0.2014][0.983039,0.209118,0][1.50906,0.565104,-0.469045][0.952794,0.123999,0.277143][0.983039,0.186029,0][1.51687,0.588558,-0.523815][0.957373,0.0279991,0.287496][0.983039,0.18801,0][1.37671,0.836855,-0.401725][0.953033,0.225386,0.202309][0.983039,0.208975,0][1.50906,0.565104,-0.469045][0.952794,0.123999,0.277143][0.983039,0.186029,0][1.38877,0.838546,-0.464444][0.954243,0.221038,0.2014][0.983039,0.209118,0][-1.31572,0.191008,-1.11209][-0.835714,-0.472137,-0.280478][0.973814,0.108163,0][-1.27285,0.136196,-1.14755][-0.835714,-0.472137,-0.280478][0.973814,0.0939071,0][-1.32335,0.170307,-1.08793][-0.835714,-0.472137,-0.280478][0.973814,0.104703,0][-1.27285,0.136196,-1.14755][-0.835714,-0.472137,-0.280478][0.973814,0.0939071,0][-1.31572,0.191008,-1.11209][-0.835714,-0.472137,-0.280478][0.973814,0.108163,0][-1.28172,0.146213,-1.17141][-0.835714,-0.472137,-0.280478][0.973814,0.0949579,0][1.51725,0.911506,-0.117423][0.954627,0.245668,-0.168326][0.479025,0.274561,0][1.4236,0.838546,-0.36875][0.939324,-0.0280182,-0.341885][0.47972,0.287902,0][1.39792,0.911506,-0.445269][0.887072,0.329938,-0.322868][0.479912,0.291904,0][1.51725,0.911506,-0.117423][0.954627,0.245668,-0.168326][0.479025,0.274561,0][1.39792,0.911506,-0.445269][0.887072,0.329938,-0.322868][0.479912,0.291904,0][1.36714,0.978303,-0.414577][0.683053,0.686754,-0.248611][0.479783,0.291347,0][1.36714,0.978303,-0.414577][0.683053,0.686754,-0.248611][0.479783,0.291347,0][1.47783,0.978303,-0.110471][0.730351,0.670823,-0.12878][0.478959,0.275264,0][1.51725,0.911506,-0.117423][0.954627,0.245668,-0.168326][0.479025,0.274561,0][1.47783,0.978303,-0.110471][0.730351,0.670823,-0.12878][0.478959,0.275264,0][1.36714,0.978303,-0.414577][0.683053,0.686754,-0.248611][0.479783,0.291347,0][1.42734,1.01407,-0.10157][0.00733547,0.999972,-0.00129328][0.478872,0.276139,0][1.25519,1.01407,-0.574572][0.00645061,0.999972,-0.00372437][0.480029,0.300844,0][1.42734,1.01407,-0.10157][0.00733547,0.999972,-0.00129328][0.478872,0.276139,0][1.36714,0.978303,-0.414577][0.683053,0.686754,-0.248611][0.479783,0.291347,0][1.25519,1.01407,-0.574572][0.00645061,0.999972,-0.00372437][0.480029,0.300844,0][1.38127,0.971981,-0.0934453][-0.658605,0.743474,0.11613][0.478791,0.276911,0][1.42734,1.01407,-0.10157][0.00733547,0.999972,-0.00129328][0.478872,0.276139,0][1.38127,0.971981,-0.0934453][-0.658605,0.743474,0.11613][0.478791,0.276911,0][1.25519,1.01407,-0.574572][0.00645061,0.999972,-0.00372437][0.480029,0.300844,0][1.21467,0.971981,-0.551178][-0.579168,0.743473,0.334383][0.479904,0.300791,0][1.36714,0.978303,-0.414577][0.683053,0.686754,-0.248611][0.479783,0.291347,0][1.29958,0.978303,-0.600202][0.642259,0.670823,-0.370809][0.480164,0.300872,0][1.25519,1.01407,-0.574572][0.00645061,0.999972,-0.00372437][0.480029,0.300844,0][1.3861,0.911506,-0.477749][0.902266,0.279409,-0.328399][0.479987,0.293609,0][1.29958,0.978303,-0.600202][0.642259,0.670823,-0.370809][0.480164,0.300872,0][1.36714,0.978303,-0.414577][0.683053,0.686754,-0.248611][0.479783,0.291347,0][1.29958,0.978303,-0.600202][0.642259,0.670823,-0.370809][0.480164,0.300872,0][1.3861,0.911506,-0.477749][0.902266,0.279409,-0.328399][0.479987,0.293609,0][1.33425,0.911506,-0.620218][0.839485,0.245668,-0.484678][0.48027,0.300871,0][0.964582,0.978303,-0.999435][0.476703,0.670823,-0.568112][0.480329,0.324921,0][1.29958,0.978303,-0.600202][0.642259,0.670823,-0.370809][0.480164,0.300872,0][1.33425,0.911506,-0.620218][0.839485,0.245668,-0.484678][0.48027,0.300871,0][0.964582,0.978303,-0.999435][0.476703,0.670823,-0.568112][0.480329,0.324921,0][1.25519,1.01407,-0.574572][0.00645061,0.999972,-0.00372437][0.480029,0.300844,0][1.29958,0.978303,-0.600202][0.642259,0.670823,-0.370809][0.480164,0.300872,0][1.33425,0.911506,-0.620218][0.839485,0.245668,-0.484678][0.48027,0.300871,0][0.990313,0.911506,-1.0301][0.623089,0.245668,-0.742568][0.480441,0.325611,0][0.964582,0.978303,-0.999435][0.476703,0.670823,-0.568112][0.480329,0.324921,0][0.526935,0.911506,-1.29763][0.331539,0.245668,-0.910895][0.479766,0.341735,0][0.964582,0.978303,-0.999435][0.476703,0.670823,-0.568112][0.480329,0.324921,0][0.990313,0.911506,-1.0301][0.623089,0.245668,-0.742568][0.480441,0.325611,0][0.931632,1.01407,-0.960167][0.00478694,0.999972,-0.00570467][0.480185,0.324006,0][1.21467,0.971981,-0.551178][-0.579168,0.743473,0.334383][0.479904,0.300791,0][1.25519,1.01407,-0.574572][0.00645061,0.999972,-0.00372437][0.480029,0.300844,0][1.25519,1.01407,-0.574572][0.00645061,0.999972,-0.00372437][0.480029,0.300844,0][0.964582,0.978303,-0.999435][0.476703,0.670823,-0.568112][0.480329,0.324921,0][0.931632,1.01407,-0.960167][0.00478694,0.999972,-0.00570467][0.480185,0.324006,0][1.21467,0.971981,-0.551178][-0.579168,0.743473,0.334383][0.479904,0.300791,0][0.931632,1.01407,-0.960167][0.00478694,0.999972,-0.00570467][0.480185,0.324006,0][0.901558,0.971981,-0.924325][-0.429875,0.743472,0.512305][0.480054,0.32314,0][0.964582,0.978303,-0.999435][0.476703,0.670823,-0.568112][0.480329,0.324921,0][0.526935,0.911506,-1.29763][0.331539,0.245668,-0.910895][0.479766,0.341735,0][0.513244,0.978303,-1.26002][0.253648,0.670823,-0.696892][0.479672,0.340668,0][0.513244,0.978303,-1.26002][0.253648,0.670823,-0.696892][0.479672,0.340668,0][0.931632,1.01407,-0.960167][0.00478694,0.999972,-0.00570467][0.480185,0.324006,0][0.964582,0.978303,-0.999435][0.476703,0.670823,-0.568112][0.480329,0.324921,0][3.57628e-07,0.911506,-1.39054][-2.83946e-08,0.245668,-0.969354][0.478635,0.349377,0][0.513244,0.978303,-1.26002][0.253648,0.670823,-0.696892][0.479672,0.340668,0][0.526935,0.911506,-1.29763][0.331539,0.245668,-0.910895][0.479766,0.341735,0][0.513244,0.978303,-1.26002][0.253648,0.670823,-0.696892][0.479672,0.340668,0][3.57628e-07,0.911506,-1.39054][-2.83946e-08,0.245668,-0.969354][0.478635,0.349377,0][3.57628e-07,0.978303,-1.35051][8.70764e-08,0.670823,-0.741617][0.478568,0.348158,0][0.931632,1.01407,-0.960167][0.00478694,0.999972,-0.00570467][0.480185,0.324006,0][0.513244,0.978303,-1.26002][0.253648,0.670823,-0.696892][0.479672,0.340668,0][0.495711,1.01407,-1.21185][0.00254716,0.999972,-0.00699782][0.479552,0.339294,0][0.495711,1.01407,-1.21185][0.00254716,0.999972,-0.00699782][0.479552,0.339294,0][0.901558,0.971981,-0.924325][-0.429875,0.743472,0.512305][0.480054,0.32314,0][0.931632,1.01407,-0.960167][0.00478694,0.999972,-0.00570467][0.480185,0.324006,0][3.57628e-07,0.978303,-1.35051][8.70764e-08,0.670823,-0.741617][0.478568,0.348158,0][0.495711,1.01407,-1.21185][0.00254716,0.999972,-0.00699782][0.479552,0.339294,0][0.513244,0.978303,-1.26002][0.253648,0.670823,-0.696892][0.479672,0.340668,0][0.901558,0.971981,-0.924325][-0.429875,0.743472,0.512305][0.480054,0.32314,0][0.495711,1.01407,-1.21185][0.00254716,0.999972,-0.00699782][0.479552,0.339294,0][0.479709,0.971981,-1.16788][-0.228731,0.743472,0.628435][0.479442,0.33803,0][0.495711,1.01407,-1.21185][0.00254716,0.999972,-0.00699782][0.479552,0.339294,0][3.57628e-07,0.978303,-1.35051][8.70764e-08,0.670823,-0.741617][0.478568,0.348158,0][3.57628e-07,1.01407,-1.29925][2.05733e-07,0.999972,-0.00744745][0.478482,0.346589,0][3.57628e-07,1.01407,-1.29925][2.05733e-07,0.999972,-0.00744745][0.478482,0.346589,0][0.479709,0.971981,-1.16788][-0.228731,0.743472,0.628435][0.479442,0.33803,0][0.495711,1.01407,-1.21185][0.00254716,0.999972,-0.00699782][0.479552,0.339294,0][0.479709,0.971981,-1.16788][-0.228731,0.743472,0.628435][0.479442,0.33803,0][3.57628e-07,1.01407,-1.29925][2.05733e-07,0.999972,-0.00744745][0.478482,0.346589,0][3.57628e-07,0.971981,-1.25246][3.97115e-08,0.743473,0.668766][0.478403,0.345147,0][-0.964581,0.978303,-0.999435][-0.476702,0.670823,-0.568112][0.480328,0.324934,0][-0.513243,0.978303,-1.26002][-0.253648,0.670823,-0.696892][0.47967,0.340675,0][-0.526934,0.911506,-1.29763][-0.331538,0.245668,-0.910895][0.479764,0.34174,0][-0.513243,0.978303,-1.26002][-0.253648,0.670823,-0.696892][0.47967,0.340675,0][3.57628e-07,0.911506,-1.39054][-2.83946e-08,0.245668,-0.969354][0.478634,0.349383,0][-0.526934,0.911506,-1.29763][-0.331538,0.245668,-0.910895][0.479764,0.34174,0][-0.526934,0.911506,-1.29763][-0.331538,0.245668,-0.910895][0.479764,0.34174,0][-0.990312,0.911506,-1.0301][-0.623088,0.245668,-0.742568][0.48044,0.325624,0][-0.964581,0.978303,-0.999435][-0.476702,0.670823,-0.568112][0.480328,0.324934,0][-0.513243,0.978303,-1.26002][-0.253648,0.670823,-0.696892][0.47967,0.340675,0][3.57628e-07,0.978303,-1.35051][8.70764e-08,0.670823,-0.741617][0.478567,0.348164,0][3.57628e-07,0.911506,-1.39054][-2.83946e-08,0.245668,-0.969354][0.478634,0.349383,0][-1.03574,0.911506,-0.975963][-0.750424,0.200907,-0.629682][0.480435,0.322506,0][-0.964581,0.978303,-0.999435][-0.476702,0.670823,-0.568112][0.480328,0.324934,0][-0.990312,0.911506,-1.0301][-0.623088,0.245668,-0.742568][0.48044,0.325624,0][-0.964581,0.978303,-0.999435][-0.476702,0.670823,-0.568112][0.480328,0.324934,0][-1.03574,0.911506,-0.975963][-0.750424,0.200907,-0.629682][0.480435,0.322506,0][-1.00517,0.978303,-0.951066][-0.57596,0.659319,-0.483289][0.480324,0.322143,0][-0.953772,1.01407,-0.933782][0.0856893,0.993724,0.0719024][0.480182,0.322496,0][-0.964581,0.978303,-0.999435][-0.476702,0.670823,-0.568112][0.480328,0.324934,0][-1.00517,0.978303,-0.951066][-0.57596,0.659319,-0.483289][0.480324,0.322143,0][-0.495711,1.01407,-1.21185][-0.00254759,0.999972,-0.00699888][0.47955,0.3393,0][3.57628e-07,0.978303,-1.35051][8.70764e-08,0.670823,-0.741617][0.478567,0.348164,0][-0.513243,0.978303,-1.26002][-0.253648,0.670823,-0.696892][0.47967,0.340675,0][3.57628e-07,0.978303,-1.35051][8.70764e-08,0.670823,-0.741617][0.478567,0.348164,0][-0.495711,1.01407,-1.21185][-0.00254759,0.999972,-0.00699888][0.47955,0.3393,0][3.57628e-07,1.01407,-1.29925][2.05733e-07,0.999972,-0.00744745][0.47848,0.346595,0][-0.931632,1.01407,-0.960167][-0.00478812,0.999972,-0.00570584][0.480184,0.324018,0][-0.513243,0.978303,-1.26002][-0.253648,0.670823,-0.696892][0.47967,0.340675,0][-0.964581,0.978303,-0.999435][-0.476702,0.670823,-0.568112][0.480328,0.324934,0][-0.513243,0.978303,-1.26002][-0.253648,0.670823,-0.696892][0.47967,0.340675,0][-0.931632,1.01407,-0.960167][-0.00478812,0.999972,-0.00570584][0.480184,0.324018,0][-0.495711,1.01407,-1.21185][-0.00254759,0.999972,-0.00699888][0.47955,0.3393,0][-0.964581,0.978303,-0.999435][-0.476702,0.670823,-0.568112][0.480328,0.324934,0][-0.953772,1.01407,-0.933782][0.0856893,0.993724,0.0719024][0.480182,0.322496,0][-0.931632,1.01407,-0.960167][-0.00478812,0.999972,-0.00570584][0.480184,0.324018,0][-0.479708,0.971981,-1.16788][0.228731,0.743473,0.628434][0.479441,0.338037,0][3.57628e-07,1.01407,-1.29925][2.05733e-07,0.999972,-0.00744745][0.47848,0.346595,0][-0.495711,1.01407,-1.21185][-0.00254759,0.999972,-0.00699888][0.47955,0.3393,0][-0.931632,1.01407,-0.960167][-0.00478812,0.999972,-0.00570584][0.480184,0.324018,0][-0.479708,0.971981,-1.16788][0.228731,0.743473,0.628434][0.479441,0.338037,0][-0.495711,1.01407,-1.21185][-0.00254759,0.999972,-0.00699888][0.47955,0.3393,0][3.57628e-07,1.01407,-1.29925][2.05733e-07,0.999972,-0.00744745][0.47848,0.346595,0][-0.479708,0.971981,-1.16788][0.228731,0.743473,0.628434][0.479441,0.338037,0][3.57628e-07,0.971981,-1.25246][3.97115e-08,0.743473,0.668766][0.478401,0.345152,0][-0.479708,0.971981,-1.16788][0.228731,0.743473,0.628434][0.479441,0.338037,0][-0.931632,1.01407,-0.960167][-0.00478812,0.999972,-0.00570584][0.480184,0.324018,0][-0.901557,0.971981,-0.924325][0.429873,0.743474,0.512304][0.480053,0.323152,0][-0.953772,1.01407,-0.933782][0.0856893,0.993724,0.0719024][0.480182,0.322496,0][-0.901557,0.971981,-0.924325][0.429873,0.743474,0.512304][0.480053,0.323152,0][-0.931632,1.01407,-0.960167][-0.00478812,0.999972,-0.00570584][0.480184,0.324018,0][-0.901557,0.971981,-0.924325][0.429873,0.743474,0.512304][0.480053,0.323152,0][-0.953772,1.01407,-0.933782][0.0856893,0.993724,0.0719024][0.480182,0.322496,0][-1.21466,0.971981,-0.551178][0.579167,0.743474,0.334383][0.479903,0.300805,0][-0.953772,1.01407,-0.933782][0.0856893,0.993724,0.0719024][0.480182,0.322496,0][-1.25518,1.01407,-0.574572][-0.00645165,0.999972,-0.0037242][0.480028,0.300858,0][-1.21466,0.971981,-0.551178][0.579167,0.743474,0.334383][0.479903,0.300805,0][-1.25518,1.01407,-0.574572][-0.00645165,0.999972,-0.0037242][0.480028,0.300858,0][-0.953772,1.01407,-0.933782][0.0856893,0.993724,0.0719024][0.480182,0.322496,0][-1.0245,0.978303,-0.928023][-0.547147,0.699891,-0.459111][0.480321,0.320807,0][-1.42734,1.01407,-0.10157][-0.00733482,0.999972,-0.00129333][0.478872,0.276155,0][-1.21466,0.971981,-0.551178][0.579167,0.743474,0.334383][0.479903,0.300805,0][-1.25518,1.01407,-0.574572][-0.00645165,0.999972,-0.0037242][0.480028,0.300858,0][-1.21466,0.971981,-0.551178][0.579167,0.743474,0.334383][0.479903,0.300805,0][-1.42734,1.01407,-0.10157][-0.00733482,0.999972,-0.00129333][0.478872,0.276155,0][-1.38127,0.971981,-0.0934456][0.658606,0.743473,0.11613][0.47879,0.276926,0][-1.25518,1.01407,-0.574572][-0.00645165,0.999972,-0.0037242][0.480028,0.300858,0][-1.47783,0.978302,-0.110472][-0.73035,0.670823,-0.128781][0.478958,0.275279,0][-1.42734,1.01407,-0.10157][-0.00733482,0.999972,-0.00129333][0.478872,0.276155,0][-1.47783,0.978302,-0.110472][-0.73035,0.670823,-0.128781][0.478958,0.275279,0][-1.25518,1.01407,-0.574572][-0.00645165,0.999972,-0.0037242][0.480028,0.300858,0][-1.29958,0.978303,-0.600203][-0.642259,0.670823,-0.370809][0.480163,0.300886,0][-1.0245,0.978303,-0.928023][-0.547147,0.699891,-0.459111][0.480321,0.320807,0][-1.29958,0.978303,-0.600203][-0.642259,0.670823,-0.370809][0.480163,0.300886,0][-1.25518,1.01407,-0.574572][-0.00645165,0.999972,-0.0037242][0.480028,0.300858,0][-1.29958,0.978303,-0.600203][-0.642259,0.670823,-0.370809][0.480163,0.300886,0][-1.51725,0.911506,-0.117423][-0.954627,0.245668,-0.168327][0.479025,0.274576,0][-1.47783,0.978302,-0.110472][-0.73035,0.670823,-0.128781][0.478958,0.275279,0][-1.51725,0.911506,-0.117423][-0.954627,0.245668,-0.168327][0.479025,0.274576,0][-1.29958,0.978303,-0.600203][-0.642259,0.670823,-0.370809][0.480163,0.300886,0][-1.33425,0.911506,-0.620218][-0.839485,0.245668,-0.484677][0.480268,0.300886,0][-1.29958,0.978303,-0.600203][-0.642259,0.670823,-0.370809][0.480163,0.300886,0][-1.0245,0.978303,-0.928023][-0.547147,0.699891,-0.459111][0.480321,0.320807,0][-1.33425,0.911506,-0.620218][-0.839485,0.245668,-0.484677][0.480268,0.300886,0][-1.04963,0.911506,-0.959404][-0.726146,0.318516,-0.609311][0.480434,0.321546,0][-1.33425,0.911506,-0.620218][-0.839485,0.245668,-0.484677][0.480268,0.300886,0][-1.0245,0.978303,-0.928023][-0.547147,0.699891,-0.459111][0.480321,0.320807,0][-1.08654,0.838546,-0.912234][-0.765743,-0.0280176,-0.642536][0.480422,0.31886,0][-1.33425,0.911506,-0.620218][-0.839485,0.245668,-0.484677][0.480268,0.300886,0][-1.04963,0.911506,-0.959404][-0.726146,0.318516,-0.609311][0.480434,0.321546,0][-1.76357,0.397202,0.295818][-0.509541,0.0623516,0.858184][0.973814,0.182377,0][-1.8853,-0.0538042,0.335979][-0.369444,0.15203,0.916732][0.973814,0.112825,0][-1.71803,0.373538,0.332518][-0.50503,0.065438,0.860618][0.973814,0.18049,0][-1.76357,0.397202,0.295818][-0.509541,0.0623516,0.858184][0.973814,0.182377,0][-1.71803,0.373538,0.332518][-0.50503,0.065438,0.860618][0.973814,0.18049,0][-1.61019,0.669753,0.434029][-0.63715,-0.0319468,0.770078][0.973814,0.232685,0][-1.71803,0.373538,0.332518][-0.50503,0.065438,0.860618][0.973814,0.18049,0][-1.8853,-0.0538042,0.335979][-0.369444,0.15203,0.916732][0.973814,0.112825,0][-1.82249,-0.104905,0.355345][-0.369444,0.15203,0.916732][0.973814,0.105699,0][-1.50142,-0.418767,-1.0899][-0.536786,0.39971,-0.743029][0.973814,0.187239,0][-1.54922,-0.36449,-1.02617][-0.536786,0.39971,-0.743029][0.973814,0.177443,0][-1.48591,-0.398439,-1.09016][-0.536786,0.39971,-0.743029][0.973814,0.18926,0][-0.785227,-1.6336,-0.10197][-0.24337,-0.668164,-0.703085][0.978293,0.119378,0][-0.806314,-1.60352,-0.123073][-0.320492,-0.687743,-0.651379][0.979676,0.123653,0][-0.551675,-1.62837,-0.123316][-0.0593873,-0.600921,-0.797099][0.977458,0.0440013,0][-0.785227,-1.6336,-0.10197][-0.24337,-0.668164,-0.703085][0.978293,0.119378,0][-0.944519,-1.60933,0.00573714][-0.171406,-0.707131,-0.685992][0.973572,0.181028,0][-0.806314,-1.60352,-0.123073][-0.320492,-0.687743,-0.651379][0.979676,0.123653,0][-0.944519,-1.60933,0.00573714][-0.171406,-0.707131,-0.685992][0.973572,0.181028,0][-0.785227,-1.6336,-0.10197][-0.24337,-0.668164,-0.703085][0.978293,0.119378,0][-0.930959,-1.63624,0.030301][-0.210921,-0.711755,-0.670013][0.972058,0.179488,0][-0.930959,-1.63624,0.030301][-0.210921,-0.711755,-0.670013][0.972058,0.179488,0][-1.19408,-1.64273,-0.00784688][0.12632,-0.6333,-0.763528][0.976532,0.257573,0][-0.944519,-1.60933,0.00573714][-0.171406,-0.707131,-0.685992][0.973572,0.181028,0][-1.48591,-0.398439,-1.09016][-0.527734,-0.846255,-0.0731472][0.973814,0.18926,0][-1.54922,-0.36449,-1.02617][-0.527734,-0.846255,-0.0731472][0.973814,0.177443,0][-1.49628,-0.391756,-1.09265][-0.527734,-0.846255,-0.0731472][0.973814,0.190489,0][1.14408,0.834133,1.12153][-0.0796489,0.00961374,0.996777][0.974442,0.246488,0][1.04959,0.887494,1.11346][-0.0796489,0.00961374,0.996777][0.974442,0.152309,0][1.12556,0.795737,1.12042][-0.0796489,0.00961374,0.996777][0.974442,0.255092,0][-0.488766,-0.457899,-1.90731][-0.992389,0.0280939,-0.119896][0.613264,0.29384,0][-0.444768,-0.79376,-1.57842][-0.827497,-0.517195,-0.218537][0.560498,0.368681,0][-0.515115,-0.571869,-1.53529][-0.997503,-0.00128424,-0.070617][0.535846,0.33162,0][-0.444768,-0.79376,-1.57842][-0.827497,-0.517195,-0.218537][0.560498,0.368681,0][-0.488766,-0.457899,-1.90731][-0.992389,0.0280939,-0.119896][0.613264,0.29384,0][-0.420424,-0.653189,-2.00258][-0.826262,-0.457539,-0.328558][0.648056,0.323733,0][-0.420424,-0.653189,-2.00258][-0.826262,-0.457539,-0.328558][0.648056,0.323733,0][-0.259952,-0.951517,-1.60908][-0.450219,-0.839057,-0.305429][0.578024,0.395031,0][-0.444768,-0.79376,-1.57842][-0.827497,-0.517195,-0.218537][0.560498,0.368681,0][-0.515115,-0.571869,-1.53529][-0.997503,-0.00128424,-0.070617][0.535846,0.33162,0][-0.423441,-0.262609,-1.81204][-0.842203,0.529487,0.101675][0.578472,0.263947,0][-0.488766,-0.457899,-1.90731][-0.992389,0.0280939,-0.119896][0.613264,0.29384,0][-0.423441,-0.262609,-1.81204][-0.842203,0.529487,0.101675][0.578472,0.263947,0][-0.515115,-0.571869,-1.53529][-0.997503,-0.00128424,-0.070617][0.535846,0.33162,0][-0.444768,-0.349977,-1.49215][-0.84405,0.528933,0.0883718][0.511195,0.294559,0][-0.259952,-0.951517,-1.60908][-0.450219,-0.839057,-0.305429][0.578024,0.395031,0][-0.420424,-0.653189,-2.00258][-0.826262,-0.457539,-0.328558][0.648056,0.323733,0][-0.245006,-0.792033,-2.07031][-0.453658,-0.765861,-0.455688][0.672792,0.344986,0][-0.245006,-0.792033,-2.07031][-0.453658,-0.765861,-0.455688][0.672792,0.344986,0][-8.06052e-07,-1.01156,-1.62075][-1.2943e-07,-0.943196,-0.332235][0.584695,0.40506,0][-0.259952,-0.951517,-1.60908][-0.450219,-0.839057,-0.305429][0.578024,0.395031,0][-8.06052e-07,-1.01156,-1.62075][-1.2943e-07,-0.943196,-0.332235][0.584695,0.40506,0][-0.245006,-0.792033,-2.07031][-0.453658,-0.765861,-0.455688][0.672792,0.344986,0][-7.80188e-07,-0.844881,-2.09609][-7.13173e-08,-0.868014,-0.49654][0.682208,0.353076,0][-0.216997,-0.538965,-2.37586][-0.453994,-0.536724,-0.711208][0.725745,0.285849,0][-7.80188e-07,-0.844881,-2.09609][-7.13173e-08,-0.868014,-0.49654][0.682208,0.353076,0][-0.245006,-0.792033,-2.07031][-0.453658,-0.765861,-0.455688][0.672792,0.344986,0][-0.216997,-0.538965,-2.37586][-0.453994,-0.536724,-0.711208][0.725745,0.285849,0][-0.245006,-0.792033,-2.07031][-0.453658,-0.765861,-0.455688][0.672792,0.344986,0][-0.420424,-0.653189,-2.00258][-0.826262,-0.457539,-0.328558][0.648056,0.323733,0][-7.80188e-07,-0.844881,-2.09609][-7.13173e-08,-0.868014,-0.49654][0.682208,0.353076,0][-0.216997,-0.538965,-2.37586][-0.453994,-0.536724,-0.711208][0.725745,0.285849,0][-7.89623e-07,-0.576665,-2.4144][-2.0515e-07,-0.62364,-0.781712][0.737067,0.290661,0][-0.216997,-0.538965,-2.37586][-0.453994,-0.536724,-0.711208][0.725745,0.285849,0][-7.77092e-07,-0.268538,-2.57445][-3.32284e-07,0.541986,-0.840388][0.753097,0.228738,0][-7.89623e-07,-0.576665,-2.4144][-2.0515e-07,-0.62364,-0.781712][0.737067,0.290661,0][-0.420424,-0.653189,-2.00258][-0.826262,-0.457539,-0.328558][0.648056,0.323733,0][-0.375201,-0.439917,-2.27459][-0.816049,-0.284237,-0.503262][0.695999,0.273206,0][-0.216997,-0.538965,-2.37586][-0.453994,-0.536724,-0.711208][0.725745,0.285849,0][-0.375201,-0.439917,-2.27459][-0.816049,-0.284237,-0.503262][0.695999,0.273206,0][-0.420424,-0.653189,-2.00258][-0.826262,-0.457539,-0.328558][0.648056,0.323733,0][-0.488766,-0.457899,-1.90731][-0.992389,0.0280939,-0.119896][0.613264,0.29384,0][-7.77092e-07,-0.268538,-2.57445][-3.32284e-07,0.541986,-0.840388][0.753097,0.228738,0][-0.216997,-0.538965,-2.37586][-0.453994,-0.536724,-0.711208][0.725745,0.285849,0][-0.188597,-0.246483,-2.53168][-0.51361,0.374151,-0.772151][0.741853,0.226884,0][-0.188597,-0.246483,-2.53168][-0.51361,0.374151,-0.772151][0.741853,0.226884,0][-0.216997,-0.538965,-2.37586][-0.453994,-0.536724,-0.711208][0.725745,0.285849,0][-0.375201,-0.439917,-2.27459][-0.816049,-0.284237,-0.503262][0.695999,0.273206,0][-7.77092e-07,-0.268538,-2.57445][-3.32284e-07,0.541986,-0.840388][0.753097,0.228738,0][-0.188597,-0.246483,-2.53168][-0.51361,0.374151,-0.772151][0.741853,0.226884,0][-7.77092e-07,-0.268538,-2.57445][1.22465e-16,1,1.62921e-07][0.753097,0.228738,0][-0.488766,-0.457899,-1.90731][-0.992389,0.0280939,-0.119896][0.613264,0.29384,0][-0.439135,-0.300602,-2.13215][-0.979275,0.104586,-0.173441][0.654159,0.255422,0][-0.375201,-0.439917,-2.27459][-0.816049,-0.284237,-0.503262][0.695999,0.273206,0][-0.188597,-0.246483,-2.53168][-0.51361,0.374151,-0.772151][0.741853,0.226884,0][-0.375201,-0.439917,-2.27459][-0.816049,-0.284237,-0.503262][0.695999,0.273206,0][-0.327869,-0.188538,-2.41932][-0.818303,-0.110033,-0.564157][0.712312,0.222014,0][-0.327869,-0.188538,-2.41932][-0.818303,-0.110033,-0.564157][0.712312,0.222014,0][-0.375201,-0.439917,-2.27459][-0.816049,-0.284237,-0.503262][0.695999,0.273206,0][-0.439135,-0.300602,-2.13215][-0.979275,0.104586,-0.173441][0.654159,0.255422,0][-0.172581,-0.0911038,-2.57975][-0.406454,0.796035,-0.448467][0.742479,0.19721,0][-0.188597,-0.246483,-2.53168][-0.51361,0.374151,-0.772151][0.741853,0.226884,0][-0.327869,-0.188538,-2.41932][-0.818303,-0.110033,-0.564157][0.712312,0.222014,0][-0.188597,-0.246483,-2.53168][-0.51361,0.374151,-0.772151][0.741853,0.226884,0][-0.172581,-0.0911038,-2.57975][-0.406454,0.796035,-0.448467][0.742479,0.19721,0][-0.188597,-0.246483,-2.53168][1.22465e-16,1,1.62921e-07][0.741853,0.226884,0][-0.327869,-0.188538,-2.41932][-0.818303,-0.110033,-0.564157][0.712312,0.222014,0][-0.280092,0.057631,-2.51022][-0.873194,0.00279647,-0.487365][0.716673,0.174299,0][-0.172581,-0.0911038,-2.57975][-0.406454,0.796035,-0.448467][0.742479,0.19721,0][-0.488766,-0.457899,-1.90731][-0.992389,0.0280939,-0.119896][0.613264,0.29384,0][-0.382896,-0.161286,-1.98971][-0.840057,0.511259,0.181435][0.61232,0.237639,0][-0.439135,-0.300602,-2.13215][-0.979275,0.104586,-0.173441][0.654159,0.255422,0][-0.382896,-0.161286,-1.98971][-0.840057,0.511259,0.181435][0.61232,0.237639,0][-0.488766,-0.457899,-1.90731][-0.992389,0.0280939,-0.119896][0.613264,0.29384,0][-0.423441,-0.262609,-1.81204][-0.842203,0.529487,0.101675][0.578472,0.263947,0][-0.327869,-0.188538,-2.41932][-0.818303,-0.110033,-0.564157][0.712312,0.222014,0][-0.439135,-0.300602,-2.13215][-0.979275,0.104586,-0.173441][0.654159,0.255422,0][-0.386005,-0.107036,-2.26127][-0.974285,0.173772,-0.143427][0.670761,0.215163,0][-0.280092,0.057631,-2.51022][-0.873194,0.00279647,-0.487365][0.716673,0.174299,0][-0.327869,-0.188538,-2.41932][-0.818303,-0.110033,-0.564157][0.712312,0.222014,0][-0.386005,-0.107036,-2.26127][-0.974285,0.173772,-0.143427][0.670761,0.215163,0][-0.337309,-0.0255344,-2.10323][-0.83294,0.460083,0.307463][0.62921,0.208312,0][-0.439135,-0.300602,-2.13215][-0.979275,0.104586,-0.173441][0.654159,0.255422,0][-0.382896,-0.161286,-1.98971][-0.840057,0.511259,0.181435][0.61232,0.237639,0][-0.439135,-0.300602,-2.13215][-0.979275,0.104586,-0.173441][0.654159,0.255422,0][-0.337309,-0.0255344,-2.10323][-0.83294,0.460083,0.307463][0.62921,0.208312,0][-0.386005,-0.107036,-2.26127][-0.974285,0.173772,-0.143427][0.670761,0.215163,0][-0.280092,0.057631,-2.51022][-0.873194,0.00279647,-0.487365][0.716673,0.174299,0][-0.386005,-0.107036,-2.26127][-0.974285,0.173772,-0.143427][0.670761,0.215163,0][-0.328428,0.115738,-2.36614][-0.974718,0.192172,-0.113996][0.679871,0.170908,0][-0.328428,0.115738,-2.36614][-0.974718,0.192172,-0.113996][0.679871,0.170908,0][-0.293653,0.259541,-2.42019][-0.969235,0.243617,0.0351289][0.682636,0.14299,0][-0.280092,0.057631,-2.51022][-0.873194,0.00279647,-0.487365][0.716673,0.174299,0][-0.386005,-0.107036,-2.26127][-0.974285,0.173772,-0.143427][0.670761,0.215163,0][-0.287101,0.170701,-2.22089][-0.840292,0.395302,0.371007][0.643014,0.168127,0][-0.328428,0.115738,-2.36614][-0.974718,0.192172,-0.113996][0.679871,0.170908,0][-0.293653,0.259541,-2.42019][-0.969235,0.243617,0.0351289][0.682636,0.14299,0][-0.328428,0.115738,-2.36614][-0.974718,0.192172,-0.113996][0.679871,0.170908,0][-0.287101,0.170701,-2.22089][-0.840292,0.395302,0.371007][0.643014,0.168127,0][-0.287101,0.170701,-2.22089][-0.840292,0.395302,0.371007][0.643014,0.168127,0][-0.386005,-0.107036,-2.26127][-0.974285,0.173772,-0.143427][0.670761,0.215163,0][-0.337309,-0.0255344,-2.10323][-0.83294,0.460083,0.307463][0.62921,0.208312,0][1.22475,-1.61327,0.857216][0.295945,-0.841302,-0.452357][0.973655,0.0388526,0][1.22427,-1.59546,0.808737][0.108214,-0.913426,-0.392355][0.973655,0.043529,0][1.4111,-1.53121,0.625523][-0.0151275,-0.938621,-0.34462][0.973655,0.0609711,0][0.744288,-0.694013,1.96952][0.970394,-0.240236,-0.0249499][0.973814,0.200039,0][0.734319,-0.787677,1.93605][0.990511,-0.0615062,-0.1229][0.973814,0.187243,0][0.737672,-0.695275,1.89626][0.953225,-0.302077,0.010544][0.973814,0.198223,0][0.734319,-0.787677,1.93605][0.990511,-0.0615062,-0.1229][0.973814,0.187243,0][0.744288,-0.694013,1.96952][0.970394,-0.240236,-0.0249499][0.973814,0.200039,0][0.740723,-0.800013,1.97327][0.990511,-0.0615062,-0.1229][0.973814,0.187511,0][0.737672,-0.695275,1.89626][0.953225,-0.302077,0.010544][0.973814,0.198223,0][0.818938,-0.527786,1.91207][0.946196,-0.299625,0.122218][0.973814,0.217247,0][0.744288,-0.694013,1.96952][0.970394,-0.240236,-0.0249499][0.973814,0.200039,0][0.818938,-0.527786,1.91207][0.946196,-0.299625,0.122218][0.973814,0.217247,0][0.737672,-0.695275,1.89626][0.953225,-0.302077,0.010544][0.973814,0.198223,0][0.834068,-0.543453,1.82534][0.950769,-0.283516,0.125125][0.973814,0.214805,0][0.871447,-0.238215,1.82834][0.955457,-0.2052,0.212121][0.973814,0.24747,0][0.818938,-0.527786,1.91207][0.946196,-0.299625,0.122218][0.973814,0.217247,0][0.834068,-0.543453,1.82534][0.950769,-0.283516,0.125125][0.973814,0.214805,0][0.818938,-0.527786,1.91207][0.946196,-0.299625,0.122218][0.973814,0.217247,0][0.871447,-0.238215,1.82834][0.955457,-0.2052,0.212121][0.973814,0.24747,0][0.869439,-0.225991,1.87876][0.956251,-0.203253,0.21041][0.973814,0.25127,0][0.942135,-0.0942649,1.7684][0.907443,-0.211355,0.363148][0.973814,0.261772,0][0.869439,-0.225991,1.87876][0.956251,-0.203253,0.21041][0.973814,0.25127,0][0.871447,-0.238215,1.82834][0.955457,-0.2052,0.212121][0.973814,0.24747,0][0.869439,-0.225991,1.87876][0.956251,-0.203253,0.21041][0.973814,0.25127,0][0.942135,-0.0942649,1.7684][0.907443,-0.211355,0.363148][0.973814,0.261772,0][0.931573,-0.0718996,1.79486][0.907869,-0.212907,0.361171][0.973814,0.265659,0][1.48764,-1.43879,-0.430671][0.408736,-0.501684,0.762396][0.973655,0.0632702,0][1.55956,-1.38234,-0.425875][0.408736,-0.501684,0.762396][0.973655,0.0724515,0][1.48092,-1.41409,-0.404605][0.408736,-0.501684,0.762396][0.973655,0.0668851,0][1.55956,-1.38234,-0.425875][0.408736,-0.501684,0.762396][0.973655,0.0724515,0][1.5432,-1.35724,-0.406798][0.408736,-0.501684,0.762396][0.973655,0.0762492,0][1.48092,-1.41409,-0.404605][0.408736,-0.501684,0.762396][0.973655,0.0668851,0][-0.00151117,1.05378,1.47421][-0.0265676,0.873068,0.486874][0.0356128,0.725146,0][0.0198405,1.06062,1.40911][0.181009,0.970171,0.161259][0.0405237,0.717109,0][0.00127291,1.08667,1.27318][0.0633155,0.980119,0.188035][0.0356128,0.699167,0][1.19422,-1.66563,0.839595][0.488063,0.167686,0.856549][0.181382,0.861669,0][1.22427,-1.59546,0.808737][0.539433,0.151552,0.828278][0.185009,0.865165,0][1.16478,-1.63218,0.83934][0.488063,0.167686,0.856549][0.177879,0.861749,0][1.19422,-1.66563,0.839595][0.488063,0.167686,0.856549][0.181382,0.861669,0][1.25034,-1.61327,0.786882][0.621806,0.122974,0.773456][0.188148,0.867632,0][1.22427,-1.59546,0.808737][0.539433,0.151552,0.828278][0.185009,0.865165,0][-0.00151117,1.05378,1.47421][0.807668,0.305662,0.504225][0.974083,0.146769,0][-0.0281392,0.997212,1.52491][0.817752,0.119709,0.562985][0.974083,0.261672,0][0.00708501,1.03937,1.46478][0.791501,0.392577,0.468411][0.974083,0.141236,0][0.00708501,1.03937,1.46478][0.791501,0.392577,0.468411][0.974083,0.141236,0][0.0198405,1.06062,1.40911][0.645097,0.715205,0.268946][0.974083,0.046554,0][-0.00151117,1.05378,1.47421][0.807668,0.305662,0.504225][0.974083,0.146769,0][0.0198405,1.06062,1.40911][0.645097,0.715205,0.268946][0.974083,0.046554,0][0.00708501,1.03937,1.46478][0.791501,0.392577,0.468411][0.974083,0.141236,0][0.0354238,1.05251,1.40488][0.605993,0.762659,0.226106][0.974083,0.0389148,0][0.672211,-0.27324,1.99699][-0.0642703,0.754715,0.652897][0.973814,0.233592,0][0.931573,-0.0718996,1.79486][-0.0826876,0.847329,0.524591][0.973814,0.254119,0][0.834151,-0.0866624,1.81392][0.0282002,0.712923,0.700675][0.973814,0.252586,0][0.931573,-0.0718996,1.79486][-0.0826876,0.847329,0.524591][0.973814,0.254119,0][0.907718,-0.0650973,1.77618][-0.0968154,0.889096,0.447365][0.973814,0.254889,0][0.834151,-0.0866624,1.81392][0.0282002,0.712923,0.700675][0.973814,0.252586,0][0.672211,-0.27324,1.99699][-0.0642703,0.754715,0.652897][0.973814,0.233592,0][0.834151,-0.0866624,1.81392][0.0282002,0.712923,0.700675][0.973814,0.252586,0][0.666209,-0.244306,1.9691][-0.03491,0.732353,0.68003][0.973814,0.236534,0][0.666209,-0.244306,1.9691][-0.03491,0.732353,0.68003][0.973814,0.236534,0][0.450009,-0.329785,2.04077][-0.0649526,0.813526,0.57789][0.973814,0.227911,0][0.672211,-0.27324,1.99699][-0.0642703,0.754715,0.652897][0.973814,0.233592,0][0.450009,-0.329785,2.04077][-0.0649526,0.813526,0.57789][0.973814,0.227911,0][0.666209,-0.244306,1.9691][-0.03491,0.732353,0.68003][0.973814,0.236534,0][0.416678,-0.297167,1.98353][-0.0510498,0.823508,0.565003][0.973814,0.231395,0][-1.47388,0.838546,0.530828][-0.594786,0.557856,-0.578815][0.973814,0.264413,0][-1.46829,0.824484,0.493274][-0.612835,0.644003,-0.457923][0.973814,0.260267,0][-1.61019,0.669753,0.434029][-0.617415,0.702087,-0.354785][0.973814,0.232685,0][1.64951,-1.12202,-0.599528][-0.0580663,-0.89682,-0.438569][0.973655,0.118086,0][1.69324,-1.11995,-0.600565][-0.0580663,-0.89682,-0.438569][0.973655,0.118443,0][1.65749,-1.14814,-0.538184][-0.0580663,-0.89682,-0.438569][0.973655,0.112768,0][1.69324,-1.11995,-0.600565][-0.0580663,-0.89682,-0.438569][0.973655,0.118443,0][1.69259,-1.15527,-0.537228][-0.0580663,-0.89682,-0.438569][0.973655,0.111582,0][1.65749,-1.14814,-0.538184][-0.0580663,-0.89682,-0.438569][0.973655,0.112768,0][3.57628e-07,0.911506,-1.39054][-2.83946e-08,0.245668,-0.969354][0.478635,0.349377,0][0.526935,0.911506,-1.29763][0.331539,0.245668,-0.910895][0.479766,0.341735,0][0.526225,0.838546,-1.29568][0.341882,-0.0284486,-0.939312][0.479761,0.34168,0][3.57628e-07,0.911506,-1.39054][-2.83946e-08,0.245668,-0.969354][0.478635,0.349377,0][0.526225,0.838546,-1.29568][0.341882,-0.0284486,-0.939312][0.479761,0.34168,0][3.57628e-07,0.838546,-1.38847][1.92048e-08,-0.0284478,-0.999595][0.478632,0.349314,0][0.526935,0.911506,-1.29763][0.331539,0.245668,-0.910895][0.479766,0.341735,0][0.988979,0.838546,-1.02851][0.642528,-0.028449,-0.765734][0.480435,0.325576,0][0.526225,0.838546,-1.29568][0.341882,-0.0284486,-0.939312][0.479761,0.34168,0][0.526935,0.911506,-1.29763][0.331539,0.245668,-0.910895][0.479766,0.341735,0][0.990313,0.911506,-1.0301][0.623089,0.245668,-0.742568][0.480441,0.325611,0][0.988979,0.838546,-1.02851][0.642528,-0.028449,-0.765734][0.480435,0.325576,0][1.33425,0.911506,-0.620218][0.839485,0.245668,-0.484678][0.48027,0.300871,0][0.988979,0.838546,-1.02851][0.642528,-0.028449,-0.765734][0.480435,0.325576,0][0.990313,0.911506,-1.0301][0.623089,0.245668,-0.742568][0.480441,0.325611,0][0.988979,0.838546,-1.02851][0.642528,-0.028449,-0.765734][0.480435,0.325576,0][1.33425,0.911506,-0.620218][0.839485,0.245668,-0.484678][0.48027,0.300871,0][1.33245,0.838546,-0.619179][0.865675,-0.0284493,-0.499798][0.480264,0.300871,0][1.33425,0.911506,-0.620218][0.839485,0.245668,-0.484678][0.48027,0.300871,0][1.3861,0.911506,-0.477749][0.902266,0.279409,-0.328399][0.479987,0.293609,0][1.33245,0.838546,-0.619179][0.865675,-0.0284493,-0.499798][0.480264,0.300871,0][1.38877,0.838546,-0.464444][0.939323,-0.0280182,-0.341887][0.479954,0.292967,0][1.33245,0.838546,-0.619179][0.865675,-0.0284493,-0.499798][0.480264,0.300871,0][1.3861,0.911506,-0.477749][0.902266,0.279409,-0.328399][0.479987,0.293609,0][3.57628e-07,0.911506,-1.39054][-2.83946e-08,0.245668,-0.969354][0.478634,0.349383,0][-0.526224,0.838546,-1.29568][-0.341882,-0.0284486,-0.939312][0.479759,0.341685,0][-0.526934,0.911506,-1.29763][-0.331538,0.245668,-0.910895][0.479764,0.34174,0][-0.526224,0.838546,-1.29568][-0.341882,-0.0284486,-0.939312][0.479759,0.341685,0][3.57628e-07,0.911506,-1.39054][-2.83946e-08,0.245668,-0.969354][0.478634,0.349383,0][3.57628e-07,0.838546,-1.38847][1.92048e-08,-0.0284478,-0.999595][0.47863,0.34932,0][-0.988978,0.838546,-1.02851][-0.642527,-0.0284489,-0.765735][0.480434,0.325589,0][-0.526934,0.911506,-1.29763][-0.331538,0.245668,-0.910895][0.479764,0.34174,0][-0.526224,0.838546,-1.29568][-0.341882,-0.0284486,-0.939312][0.479759,0.341685,0][-0.526934,0.911506,-1.29763][-0.331538,0.245668,-0.910895][0.479764,0.34174,0][-0.988978,0.838546,-1.02851][-0.642527,-0.0284489,-0.765735][0.480434,0.325589,0][-0.990312,0.911506,-1.0301][-0.623088,0.245668,-0.742568][0.48044,0.325624,0][-1.03574,0.911506,-0.975963][-0.750424,0.200907,-0.629682][0.480435,0.322506,0][-0.990312,0.911506,-1.0301][-0.623088,0.245668,-0.742568][0.48044,0.325624,0][-0.988978,0.838546,-1.02851][-0.642527,-0.0284489,-0.765735][0.480434,0.325589,0][-0.988978,0.838546,-1.02851][-0.642527,-0.0284489,-0.765735][0.480434,0.325589,0][-1.07015,0.838546,-0.931777][-0.765743,-0.0280165,-0.642537][0.480425,0.319999,0][-1.03574,0.911506,-0.975963][-0.750424,0.200907,-0.629682][0.480435,0.322506,0][-1.14876,1.05615,-0.513129][-0.512778,0.805861,-0.296053][0.231283,0.456726,0][-0.901557,0.971981,-0.924325][-0.476813,0.670632,-0.568244][0.189154,0.401254,0][-1.21466,0.971981,-0.551178][-0.642408,0.670633,-0.370895][0.242515,0.451593,0][-1.38127,0.971981,-0.0934456][-0.73052,0.670632,-0.128811][0.270907,0.513342,0][-1.14876,1.05615,-0.513129][-0.512778,0.805861,-0.296053][0.231283,0.456726,0][-1.21466,0.971981,-0.551178][-0.642408,0.670633,-0.370895][0.242515,0.451593,0][-1.14876,1.05615,-0.513129][-0.512778,0.805861,-0.296053][0.231283,0.456726,0][-1.38127,0.971981,-0.0934456][-0.73052,0.670632,-0.128811][0.270907,0.513342,0][-1.30632,1.05615,-0.0802312][-0.578637,0.809412,-0.100161][0.258135,0.515125,0][-1.38127,0.971981,0.393663][-0.730521,0.670632,0.12881][0.270907,0.579055,0][-1.30632,1.05615,-0.0802312][-0.578637,0.809412,-0.100161][0.258135,0.515125,0][-1.38127,0.971981,-0.0934456][-0.73052,0.670632,-0.128811][0.270907,0.513342,0][-0.901557,0.971981,-0.924325][-0.476813,0.670632,-0.568244][0.189154,0.401254,0][-1.14876,1.05615,-0.513129][-0.512778,0.805861,-0.296053][0.231283,0.456726,0][-0.852642,1.05615,-0.86603][-0.380598,0.805861,-0.453579][0.180817,0.409118,0][-1.30632,1.05615,-0.0802312][-0.578637,0.809412,-0.100161][0.258135,0.515125,0][-1.38127,0.971981,0.393663][-0.730521,0.670632,0.12881][0.270907,0.579055,0][-1.30632,1.05615,0.380449][-0.536355,0.832057,0.141436][0.258135,0.577272,0][-1.38127,0.971981,0.393663][-0.730521,0.670632,0.12881][0.270907,0.579055,0][-1.25677,1.05615,0.516585][-0.465817,0.840223,0.277561][0.249691,0.595638,0][-1.30632,1.05615,0.380449][-0.536355,0.832057,0.141436][0.258135,0.577272,0][-1.25677,1.05615,0.516585][-0.465817,0.840223,0.277561][0.249691,0.595638,0][-1.38127,0.971981,0.393663][-0.730521,0.670632,0.12881][0.270907,0.579055,0][-1.33129,0.971981,0.530983][-0.70183,0.664968,0.255445][0.26239,0.59758,0][-1.30632,1.05615,0.380449][-0.536355,0.832057,0.141436][0.258135,0.577272,0][-1.11667,1.13589,-0.0467909][-0.242653,0.969497,-0.0345657][0.225815,0.519636,0][-1.30632,1.05615,-0.0802312][-0.578637,0.809412,-0.100161][0.258135,0.515125,0][-1.11667,1.13589,-0.0467909][-0.242653,0.969497,-0.0345657][0.225815,0.519636,0][-1.14876,1.05615,-0.513129][-0.512778,0.805861,-0.296053][0.231283,0.456726,0][-1.30632,1.05615,-0.0802312][-0.578637,0.809412,-0.100161][0.258135,0.515125,0][-1.25677,1.05615,0.516585][-0.465817,0.840223,0.277561][0.249691,0.595638,0][-1.1141,1.12585,0.346554][-0.171707,0.954886,0.242302][0.225815,0.572761,0][-1.30632,1.05615,0.380449][-0.536355,0.832057,0.141436][0.258135,0.577272,0][-1.11667,1.13589,-0.0467909][-0.242653,0.969497,-0.0345657][0.225815,0.519636,0][-1.30632,1.05615,0.380449][-0.536355,0.832057,0.141436][0.258135,0.577272,0][-1.1141,1.12585,0.346554][-0.171707,0.954886,0.242302][0.225815,0.572761,0][-1.1141,1.12585,0.346554][-0.171707,0.954886,0.242302][0.225815,0.572761,0][-1.25677,1.05615,0.516585][-0.465817,0.840223,0.277561][0.249691,0.595638,0][-1.08825,1.08702,0.384571][-0.0704961,0.854651,0.514395][0.221811,0.581469,0][-0.281781,1.20543,0.268164][-0.0936678,0.995075,0.0324501][0.0835292,0.562125,0][-1.1141,1.12585,0.346554][-0.171707,0.954886,0.242302][0.225815,0.572761,0][-1.08825,1.08702,0.384571][-0.0704961,0.854651,0.514395][0.221811,0.581469,0][-0.582114,1.13707,0.366334][-0.07562,0.911811,0.403587][0.133129,0.580374,0][-0.281781,1.20543,0.268164][-0.0936678,0.995075,0.0324501][0.0835292,0.562125,0][-1.08825,1.08702,0.384571][-0.0704961,0.854651,0.514395][0.221811,0.581469,0][-0.281781,1.20543,0.268164][-0.0936678,0.995075,0.0324501][0.0835292,0.562125,0][4.09782e-08,1.23158,0.150109][-0.00053232,0.999995,0.00299007][0.035507,0.546199,0][-1.1141,1.12585,0.346554][-0.171707,0.954886,0.242302][0.225815,0.572761,0][-1.11667,1.13589,-0.0467909][-0.242653,0.969497,-0.0345657][0.225815,0.519636,0][-1.1141,1.12585,0.346554][-0.171707,0.954886,0.242302][0.225815,0.572761,0][4.09782e-08,1.23158,0.150109][-0.00053232,0.999995,0.00299007][0.035507,0.546199,0][-1.14876,1.05615,-0.513129][-0.512778,0.805861,-0.296053][0.231283,0.456726,0][-1.11667,1.13589,-0.0467909][-0.242653,0.969497,-0.0345657][0.225815,0.519636,0][-0.981987,1.13589,-0.416842][-0.218331,0.967699,-0.126053][0.202861,0.469715,0][-0.981987,1.13589,-0.416842][-0.218331,0.967699,-0.126053][0.202861,0.469715,0][-1.11667,1.13589,-0.0467909][-0.242653,0.969497,-0.0345657][0.225815,0.519636,0][4.09782e-08,1.23158,0.150109][-0.00053232,0.999995,0.00299007][0.035507,0.546199,0][-0.852642,1.05615,-0.86603][-0.380598,0.805861,-0.453579][0.180817,0.409118,0][-1.14876,1.05615,-0.513129][-0.512778,0.805861,-0.296053][0.231283,0.456726,0][-0.981987,1.13589,-0.416842][-0.218331,0.967699,-0.126053][0.202861,0.469715,0][-0.852642,1.05615,-0.86603][-0.380598,0.805861,-0.453579][0.180817,0.409118,0][-0.981987,1.13589,-0.416842][-0.218331,0.967699,-0.126053][0.202861,0.469715,0][-0.728857,1.13589,-0.718509][-0.162051,0.967699,-0.193125][0.159722,0.429019,0][-0.728857,1.13589,-0.718509][-0.162051,0.967699,-0.193125][0.159722,0.429019,0][-0.981987,1.13589,-0.416842][-0.218331,0.967699,-0.126053][0.202861,0.469715,0][4.09782e-08,1.23158,0.150109][-0.00053232,0.999995,0.00299007][0.035507,0.546199,0][-0.387817,1.13589,-0.915409][-0.0862256,0.967699,-0.236903][0.1016,0.402456,0][-0.852642,1.05615,-0.86603][-0.380598,0.805861,-0.453579][0.180817,0.409118,0][-0.728857,1.13589,-0.718509][-0.162051,0.967699,-0.193125][0.159722,0.429019,0][-0.387817,1.13589,-0.915409][-0.0862256,0.967699,-0.236903][0.1016,0.402456,0][-0.728857,1.13589,-0.718509][-0.162051,0.967699,-0.193125][0.159722,0.429019,0][4.09782e-08,1.23158,0.150109][-0.00053232,0.999995,0.00299007][0.035507,0.546199,0][-0.852642,1.05615,-0.86603][-0.380598,0.805861,-0.453579][0.180817,0.409118,0][-0.387817,1.13589,-0.915409][-0.0862256,0.967699,-0.236903][0.1016,0.402456,0][-0.453681,1.05615,-1.09637][-0.202512,0.805861,-0.556397][0.112825,0.378044,0][-0.453681,1.05615,-1.09637][-0.202512,0.805861,-0.556397][0.112825,0.378044,0][-0.901557,0.971981,-0.924325][-0.476813,0.670632,-0.568244][0.189154,0.401254,0][-0.852642,1.05615,-0.86603][-0.380598,0.805861,-0.453579][0.180817,0.409118,0][-0.479708,0.971981,-1.16788][-0.253707,0.670632,-0.697055][0.117261,0.368397,0][-0.901557,0.971981,-0.924325][-0.476813,0.670632,-0.568244][0.189154,0.401254,0][-0.453681,1.05615,-1.09637][-0.202512,0.805861,-0.556397][0.112825,0.378044,0][-0.453681,1.05615,-1.09637][-0.202512,0.805861,-0.556397][0.112825,0.378044,0][3.57628e-07,0.971981,-1.25246][1.03351e-08,0.670632,-0.74179][0.035507,0.356987,0][-0.479708,0.971981,-1.16788][-0.253707,0.670632,-0.697055][0.117261,0.368397,0][3.57628e-07,0.971981,-1.25246][1.03351e-08,0.670632,-0.74179][0.035507,0.356987,0][-0.453681,1.05615,-1.09637][-0.202512,0.805861,-0.556397][0.112825,0.378044,0][3.42187e-07,1.05615,-1.17637][-4.21496e-08,0.805861,-0.592105][0.035507,0.367252,0][3.42187e-07,1.05615,-1.17637][-4.21496e-08,0.805861,-0.592105][0.035507,0.367252,0][-0.453681,1.05615,-1.09637][-0.202512,0.805861,-0.556397][0.112825,0.378044,0][-0.387817,1.13589,-0.915409][-0.0862256,0.967699,-0.236903][0.1016,0.402456,0][-0.387817,1.13589,-0.915409][-0.0862256,0.967699,-0.236903][0.1016,0.402456,0][2.89759e-07,1.13589,-0.983791][-5.00632e-08,0.9677,-0.252106][0.035507,0.393231,0][3.42187e-07,1.05615,-1.17637][-4.21496e-08,0.805861,-0.592105][0.035507,0.367252,0][2.89759e-07,1.13589,-0.983791][-5.00632e-08,0.9677,-0.252106][0.035507,0.393231,0][-0.387817,1.13589,-0.915409][-0.0862256,0.967699,-0.236903][0.1016,0.402456,0][4.09782e-08,1.23158,0.150109][-0.00053232,0.999995,0.00299007][0.035507,0.546199,0][-0.0366761,1.18111,0.741662][0.37776,0.919123,0.111851][0.0417577,0.626001,0][0.00127291,1.08667,1.27318][-0.0382004,0.984917,0.168756][0.035507,0.699167,0][4.09782e-08,1.23158,0.150109][-0.00053232,0.999995,0.00299007][0.035507,0.546199,0][-0.0366761,1.18111,0.741662][0.37776,0.919123,0.111851][0.0417577,0.626001,0][-0.059726,1.1417,0.863129][-0.416652,0.892906,0.170645][0.0457584,0.6427,0][0.00127291,1.08667,1.27318][-0.0382004,0.984917,0.168756][0.035507,0.699167,0][0.00127291,1.08667,1.27318][-0.0382004,0.984917,0.168756][0.035507,0.699167,0][-0.059726,1.1417,0.863129][-0.416652,0.892906,0.170645][0.0457584,0.6427,0][-0.0845891,1.11715,1.17511][0.0380679,0.995954,0.081404][0.0512142,0.685887,0][-0.0845891,1.11715,1.17511][0.0380679,0.995954,0.081404][0.0512142,0.685887,0][-0.059726,1.1417,0.863129][-0.416652,0.892906,0.170645][0.0457584,0.6427,0][-0.191067,1.09012,1.17065][-0.247887,0.967149,0.0563484][0.0712913,0.682432,0][4.09782e-08,1.23158,0.150109][-0.00053232,0.999995,0.00299007][0.035507,0.546199,0][-0.0793598,1.19219,0.60294][-0.0148284,0.996349,0.0840787][0.0490318,0.607288,0][-0.0366761,1.18111,0.741662][0.37776,0.919123,0.111851][0.0417577,0.626001,0][-0.0942574,1.18339,0.704513][-0.0148279,0.996349,0.0840796][0.0515705,0.62099,0][-0.0366761,1.18111,0.741662][0.37776,0.919123,0.111851][0.0417577,0.626001,0][-0.0793598,1.19219,0.60294][-0.0148284,0.996349,0.0840787][0.0490318,0.607288,0][-0.387818,1.13589,1.21563][-0.0590251,0.972481,0.225381][0.1016,0.689942,0][-0.0793598,1.19219,0.60294][-0.0148284,0.996349,0.0840787][0.0490318,0.607288,0][4.09782e-08,1.23158,0.150109][-0.00053232,0.999995,0.00299007][0.035507,0.546199,0][-0.0793598,1.19219,0.60294][-0.0148284,0.996349,0.0840787][0.0490318,0.607288,0][-0.387818,1.13589,1.21563][-0.0590251,0.972481,0.225381][0.1016,0.689942,0][-0.123149,1.18032,0.735803][-0.0148222,0.996349,0.0840787][0.0564945,0.625211,0][-0.123149,1.18032,0.735803][-0.0148222,0.996349,0.0840787][0.0564945,0.625211,0][-0.387818,1.13589,1.21563][-0.0590251,0.972481,0.225381][0.1016,0.689942,0][-0.058147,1.17946,0.757434][0.104164,0.980241,0.16816][0.0454166,0.628129,0][-0.058147,1.17946,0.757434][0.104164,0.980241,0.16816][0.0454166,0.628129,0][-0.387818,1.13589,1.21563][-0.0590251,0.972481,0.225381][0.1016,0.689942,0][-0.059726,1.1417,0.863129][0.325905,0.890314,0.318004][0.0457584,0.6427,0][-0.059726,1.1417,0.863129][0.325905,0.890314,0.318004][0.0457584,0.6427,0][-0.387818,1.13589,1.21563][-0.0590251,0.972481,0.225381][0.1016,0.689942,0][-0.253025,1.11919,1.14067][0.227351,0.953828,0.196276][0.0763107,0.681569,0][-0.31443,1.13589,1.22857][-0.00287889,0.999863,0.0163255][0.0890932,0.691687,0][-0.253025,1.11919,1.14067][0.227351,0.953828,0.196276][0.0763107,0.681569,0][-0.387818,1.13589,1.21563][-0.0590251,0.972481,0.225381][0.1016,0.689942,0][-0.437219,1.07609,1.35136][-0.177433,0.922783,0.342036][0.110019,0.708252,0][-0.31443,1.13589,1.22857][-0.00287889,0.999863,0.0163255][0.0890932,0.691687,0][-0.387818,1.13589,1.21563][-0.0590251,0.972481,0.225381][0.1016,0.689942,0][-0.728858,1.13589,1.01873][-0.162051,0.967699,0.193125][0.159722,0.663379,0][-0.437219,1.07609,1.35136][-0.177433,0.922783,0.342036][0.110019,0.708252,0][-0.387818,1.13589,1.21563][-0.0590251,0.972481,0.225381][0.1016,0.689942,0][-0.728858,1.13589,1.01873][-0.162051,0.967699,0.193125][0.159722,0.663379,0][-0.387818,1.13589,1.21563][-0.0590251,0.972481,0.225381][0.1016,0.689942,0][4.09782e-08,1.23158,0.150109][-0.00053232,0.999995,0.00299007][0.035507,0.546199,0][-0.437219,1.07609,1.35136][-0.177433,0.922783,0.342036][0.110019,0.708252,0][-0.728858,1.13589,1.01873][-0.162051,0.967699,0.193125][0.159722,0.663379,0][-0.471921,1.05615,1.38606][-0.254134,0.8612,0.440172][0.115933,0.712933,0][-0.471921,1.05615,1.38606][-0.254134,0.8612,0.440172][0.115933,0.712933,0][-0.728858,1.13589,1.01873][-0.162051,0.967699,0.193125][0.159722,0.663379,0][-0.852643,1.05615,1.16625][-0.380598,0.805861,0.453579][0.180817,0.68328,0][-0.471921,1.05615,1.38606][-0.254134,0.8612,0.440172][0.115933,0.712933,0][-0.852643,1.05615,1.16625][-0.380598,0.805861,0.453579][0.180817,0.68328,0][-0.537002,1.01472,1.39109][-0.373438,0.664968,0.646809][0.127025,0.713612,0][-0.852643,1.05615,1.16625][-0.380598,0.805861,0.453579][0.180817,0.68328,0][-0.628488,0.971981,1.3822][-0.373437,0.664969,0.646809][0.142616,0.712413,0][-0.537002,1.01472,1.39109][-0.373438,0.664968,0.646809][0.127025,0.713612,0][-0.901558,0.971981,1.22454][-0.476813,0.670632,0.568244][0.189154,0.691491,0][-0.628488,0.971981,1.3822][-0.373437,0.664969,0.646809][0.142616,0.712413,0][-0.852643,1.05615,1.16625][-0.380598,0.805861,0.453579][0.180817,0.68328,0][-0.981987,1.13589,0.717059][-0.211319,0.976151,0.0497313][0.202861,0.622683,0][-0.728858,1.13589,1.01873][-0.162051,0.967699,0.193125][0.159722,0.663379,0][4.09782e-08,1.23158,0.150109][-0.00053232,0.999995,0.00299007][0.035507,0.546199,0][-0.981987,1.13589,0.717059][-0.211319,0.976151,0.0497313][0.202861,0.622683,0][-0.852643,1.05615,1.16625][-0.380598,0.805861,0.453579][0.180817,0.68328,0][-0.728858,1.13589,1.01873][-0.162051,0.967699,0.193125][0.159722,0.663379,0][-0.281781,1.20543,0.268164][-0.0964384,0.995332,0.00375518][0.0835292,0.562125,0][-0.981987,1.13589,0.717059][-0.211319,0.976151,0.0497313][0.202861,0.622683,0][4.09782e-08,1.23158,0.150109][-0.00053232,0.999995,0.00299007][0.035507,0.546199,0][-0.281781,1.20543,0.268164][-0.0964384,0.995332,0.00375518][0.0835292,0.562125,0][-0.582447,1.1435,0.450842][-0.53988,0.252255,-0.803055][0.137202,0.584361,0][-0.981987,1.13589,0.717059][-0.211319,0.976151,0.0497313][0.202861,0.622683,0][-1.14876,1.05615,0.813347][-0.50199,0.820915,0.272223][0.231283,0.635688,0][-0.901558,0.971981,1.22454][-0.476813,0.670632,0.568244][0.189154,0.691491,0][-0.852643,1.05615,1.16625][-0.380598,0.805861,0.453579][0.180817,0.68328,0][-0.852643,1.05615,1.16625][-0.380598,0.805861,0.453579][0.180817,0.68328,0][-0.981987,1.13589,0.717059][-0.211319,0.976151,0.0497313][0.202861,0.622683,0][-1.14876,1.05615,0.813347][-0.50199,0.820915,0.272223][0.231283,0.635688,0][-1.21467,0.971981,0.851396][-0.642409,0.670632,0.370895][0.242515,0.641712,0][-0.901558,0.971981,1.22454][-0.476813,0.670632,0.568244][0.189154,0.691491,0][-1.14876,1.05615,0.813347][-0.50199,0.820915,0.272223][0.231283,0.635688,0][-1.14876,1.05615,0.813347][-0.50199,0.820915,0.272223][0.231283,0.635688,0][-1.33129,0.971981,0.530983][-0.70183,0.664968,0.255446][0.26239,0.59758,0][-1.21467,0.971981,0.851396][-0.642409,0.670632,0.370895][0.242515,0.641712,0][-1.33129,0.971981,0.530983][-0.70183,0.664968,0.255446][0.26239,0.59758,0][-1.14876,1.05615,0.813347][-0.50199,0.820915,0.272223][0.231283,0.635688,0][-1.24888,1.05615,0.538266][-0.544598,0.823736,0.157712][0.248346,0.598563,0][-0.981987,1.13589,0.717059][-0.211319,0.976151,0.0497313][0.202861,0.622683,0][-1.24888,1.05615,0.538266][-0.544598,0.823736,0.157712][0.248346,0.598563,0][-1.14876,1.05615,0.813347][-0.50199,0.820915,0.272223][0.231283,0.635688,0][-1.24888,1.05615,0.538266][-0.544598,0.823736,0.157712][0.248346,0.598563,0][-0.981987,1.13589,0.717059][-0.211319,0.976151,0.0497313][0.202861,0.622683,0][-1.05838,1.09139,0.488616][-0.209066,0.976002,-0.0609294][0.218847,0.587915,0][-0.981987,1.13589,0.717059][-0.211319,0.976151,0.0497313][0.202861,0.622683,0][-0.656477,1.12234,0.442079][-0.0941731,0.982627,-0.159923][0.144035,0.583389,0][-1.05838,1.09139,0.488616][-0.209066,0.976002,-0.0609294][0.218847,0.587915,0][-0.281781,1.20543,0.268164][0.0574007,0.728352,0.682794][0.974083,0.0392439,0][-0.582114,1.13707,0.366334][0.0574007,0.728352,0.682794][0.974083,0.236631,0][-0.584896,1.09023,0.416534][0.0574007,0.728352,0.682794][0.974083,0.268525,0][1.4909,-1.45487,-0.366783][0.971999,0.234965,-0.0031011][0.973655,0.0595573,0][1.48092,-1.41409,-0.404605][0.971999,0.234965,-0.0031011][0.973655,0.0668851,0][1.48875,-1.44243,-0.358268][0.971999,0.234965,-0.0031011][0.973655,0.0614555,0][1.48092,-1.41409,-0.404605][0.971999,0.234965,-0.0031011][0.973655,0.0668851,0][1.4909,-1.45487,-0.366783][0.971999,0.234965,-0.0031011][0.973655,0.0595573,0][1.48764,-1.43879,-0.430671][0.971999,0.234965,-0.0031011][0.973655,0.0632702,0][-1.33129,0.971981,0.530983][0.345506,0.204759,0.915805][0.974442,0.046992,0][-1.37741,1.01407,0.538975][0.0798489,0.163654,0.983281][0.974442,0.0992707,0][-1.37412,0.983715,0.544518][0.0895803,0.165362,0.982156][0.974442,0.0972477,0][-1.37741,1.01407,0.538975][0.0798489,0.163654,0.983281][0.974442,0.0992707,0][-1.43124,0.978302,0.538691][-0.21404,0.0407569,0.975974][0.974442,0.150556,0][-1.37412,0.983715,0.544518][0.0895803,0.165362,0.982156][0.974442,0.0972477,0][-1.4111,0.929972,0.545953][-0.291635,-0.0278721,0.956124][0.974442,0.165865,0][-1.37412,0.983715,0.544518][0.0895803,0.165362,0.982156][0.974442,0.0972477,0][-1.43124,0.978302,0.538691][-0.21404,0.0407569,0.975974][0.974442,0.150556,0][-1.48144,0.911505,0.516033][-0.473822,-0.189963,0.859888][0.974442,0.202403,0][-1.4111,0.929972,0.545953][-0.291635,-0.0278721,0.956124][0.974442,0.165865,0][-1.43124,0.978302,0.538691][-0.21404,0.0407569,0.975974][0.974442,0.150556,0][-1.4111,0.929972,0.545953][-0.291635,-0.0278721,0.956124][0.974442,0.165865,0][-1.48144,0.911505,0.516033][-0.473822,-0.189963,0.859888][0.974442,0.202403,0][-1.43543,0.878123,0.526428][-0.48309,-0.198282,0.852824][0.974442,0.20621,0][-1.4982,0.838546,0.463987][-0.618259,0.0334761,0.785261][0.974442,0.255948,0][-1.43543,0.878123,0.526428][-0.48309,-0.198282,0.852824][0.974442,0.20621,0][-1.48144,0.911505,0.516033][-0.473822,-0.189963,0.859888][0.974442,0.202403,0][-1.43543,0.878123,0.526428][-0.48309,-0.198282,0.852824][0.974442,0.20621,0][-1.4982,0.838546,0.463987][-0.618259,0.0334761,0.785261][0.974442,0.255948,0][-1.46829,0.824484,0.493274][-0.611367,-0.0829514,0.786988][0.974442,0.248098,0][-0.537002,1.01472,1.39109][-0.13543,0.165378,0.976887][0.974083,0.241172,0][-0.628488,0.971981,1.3822][-0.172811,0.168153,0.970495][0.974083,0.266322,0][-0.513185,1.01725,1.39489][0.0502871,0.14833,0.987659][0.974083,0.235949,0][-0.471921,1.05615,1.38606][0.359721,0.143744,0.921921][0.974083,0.220161,0][-0.537002,1.01472,1.39109][-0.13543,0.165378,0.976887][0.974083,0.241172,0][-0.513185,1.01725,1.39489][0.0502871,0.14833,0.987659][0.974083,0.235949,0][-0.513185,1.01725,1.39489][0.0502871,0.14833,0.987659][0.974083,0.235949,0][-0.464434,1.04453,1.38126][0.430849,0.152081,0.889517][0.974083,0.219572,0][-0.471921,1.05615,1.38606][0.359721,0.143744,0.921921][0.974083,0.220161,0][-0.471921,1.05615,1.38606][0.359721,0.143744,0.921921][0.974083,0.220161,0][-0.464434,1.04453,1.38126][0.430849,0.152081,0.889517][0.974083,0.219572,0][-0.437219,1.07609,1.35136][0.631867,0.208772,0.746431][0.974083,0.205523,0][-0.306597,1.10629,1.23273][0.706767,0.328584,0.626509][0.974083,0.15771,0][-0.437219,1.07609,1.35136][0.631867,0.208772,0.746431][0.974083,0.205523,0][-0.464434,1.04453,1.38126][0.430849,0.152081,0.889517][0.974083,0.219572,0][-0.437219,1.07609,1.35136][0.631867,0.208772,0.746431][0.974083,0.205523,0][-0.306597,1.10629,1.23273][0.706767,0.328584,0.626509][0.974083,0.15771,0][-0.31443,1.13589,1.22857][0.704722,0.325348,0.630489][0.974083,0.156984,0][-0.253025,1.11919,1.14067][0.72437,0.46206,0.511653][0.974083,0.129515,0][-0.31443,1.13589,1.22857][0.704722,0.325348,0.630489][0.974083,0.156984,0][-0.306597,1.10629,1.23273][0.706767,0.328584,0.626509][0.974083,0.15771,0][-0.253025,1.11919,1.14067][0.72437,0.46206,0.511653][0.974083,0.129515,0][-0.306597,1.10629,1.23273][0.706767,0.328584,0.626509][0.974083,0.15771,0][-0.234445,1.07511,1.1584][0.725452,0.460754,0.511298][0.974083,0.130322,0][-0.059726,1.1417,0.863129][0.690638,0.500911,0.521639][0.974083,0.0425723,0][-0.253025,1.11919,1.14067][0.72437,0.46206,0.511653][0.974083,0.129515,0][-0.234445,1.07511,1.1584][0.725452,0.460754,0.511298][0.974083,0.130322,0][-0.194198,0.0274183,-1.70777][0.018426,-0.504467,-0.863234][0.973814,0.262014,0][-0.550668,-0.0781932,-1.65366][-0.147081,-0.678244,-0.719967][0.973814,0.229749,0][-0.552035,-0.0549798,-1.66726][-0.11942,-0.652128,-0.748645][0.973814,0.237663,0][-0.654166,-0.0474972,-1.6472][0.0446421,-0.784685,-0.618285][0.973814,0.228407,0][-0.552035,-0.0549798,-1.66726][-0.11942,-0.652128,-0.748645][0.973814,0.237663,0][-0.550668,-0.0781932,-1.65366][-0.147081,-0.678244,-0.719967][0.973814,0.229749,0][-0.550668,-0.0781932,-1.65366][-0.147081,-0.678244,-0.719967][0.973814,0.229749,0][-0.638951,-0.0707263,-1.60562][0.0915542,-0.779337,-0.619881][0.973814,0.206976,0][-0.654166,-0.0474972,-1.6472][0.0446421,-0.784685,-0.618285][0.973814,0.228407,0][-0.741769,-0.115761,-1.61643][0.373255,-0.708349,-0.599101][0.973814,0.209777,0][-0.654166,-0.0474972,-1.6472][0.0446421,-0.784685,-0.618285][0.973814,0.228407,0][-0.638951,-0.0707263,-1.60562][0.0915542,-0.779337,-0.619881][0.973814,0.206976,0][-0.741769,-0.115761,-1.61643][0.373255,-0.708349,-0.599101][0.973814,0.209777,0][-0.638951,-0.0707263,-1.60562][0.0915542,-0.779337,-0.619881][0.973814,0.206976,0][-0.738508,-0.151948,-1.57625][0.373255,-0.708349,-0.599101][0.973814,0.193931,0][-6.68129e-07,-0.132173,-1.44982][2.03601e-07,0.974554,0.224155][0.486998,0.25818,0][0.259951,-0.19222,-1.46149][0.460788,0.866627,0.191396][0.493669,0.26821,0][-6.75208e-07,-0.0709158,-1.71853][5.80435e-08,0.958414,0.285382][0.544321,0.234605,0][0.259951,-0.19222,-1.46149][0.460788,0.866627,0.191396][0.493669,0.26821,0][0.24801,-0.123764,-1.74431][0.460505,0.853836,0.242693][0.553736,0.242694,0][-6.75208e-07,-0.0709158,-1.71853][5.80435e-08,0.958414,0.285382][0.544321,0.234605,0][-6.75208e-07,-0.0709158,-1.71853][5.80435e-08,0.958414,0.285382][0.544321,0.234605,0][0.24801,-0.123764,-1.74431][0.460505,0.853836,0.242693][0.553736,0.242694,0][-6.35835e-07,-0.0245376,-1.8499][1.44567e-07,0.869668,0.493638][0.571251,0.220183,0][0.259951,-0.19222,-1.46149][0.460788,0.866627,0.191396][0.493669,0.26821,0][0.444767,-0.349977,-1.49215][0.844465,0.52831,0.0881329][0.511195,0.294559,0][0.24801,-0.123764,-1.74431][0.460505,0.853836,0.242693][0.553736,0.242694,0][0.225286,-0.0622383,-1.88845][0.463915,0.781089,0.41795][0.582573,0.224995,0][-6.35835e-07,-0.0245376,-1.8499][1.44567e-07,0.869668,0.493638][0.571251,0.220183,0][0.24801,-0.123764,-1.74431][0.460505,0.853836,0.242693][0.553736,0.242694,0][-6.35835e-07,-0.0245376,-1.8499][1.44567e-07,0.869668,0.493638][0.571251,0.220183,0][0.225286,-0.0622383,-1.88845][0.463915,0.781089,0.41795][0.582573,0.224995,0][-6.60214e-07,0.0544661,-1.9481][1.78352e-07,0.697388,0.716694][0.588425,0.201587,0][0.444767,-0.349977,-1.49215][0.844465,0.52831,0.0881329][0.511195,0.294559,0][0.423439,-0.262609,-1.81204][0.841917,0.530065,0.101031][0.578472,0.263947,0][0.24801,-0.123764,-1.74431][0.460505,0.853836,0.242693][0.553736,0.242694,0][0.423439,-0.262609,-1.81204][0.841917,0.530065,0.101031][0.578472,0.263947,0][0.225286,-0.0622383,-1.88845][0.463915,0.781089,0.41795][0.582573,0.224995,0][0.24801,-0.123764,-1.74431][0.460505,0.853836,0.242693][0.553736,0.242694,0][0.497633,-0.496256,-1.7821][0.997709,0.0265931,-0.0622055][0.587209,0.306555,0][0.423439,-0.262609,-1.81204][0.841917,0.530065,0.101031][0.578472,0.263947,0][0.444767,-0.349977,-1.49215][0.844465,0.52831,0.0881329][0.511195,0.294559,0][0.444767,-0.349977,-1.49215][0.844465,0.52831,0.0881329][0.511195,0.294559,0][0.515113,-0.571869,-1.53528][0.997359,-0.0057422,-0.0723966][0.535846,0.33162,0][0.497633,-0.496256,-1.7821][0.997709,0.0265931,-0.0622055][0.587209,0.306555,0][0.515113,-0.571869,-1.53528][0.997359,-0.0057422,-0.0723966][0.535846,0.33162,0][0.444767,-0.79376,-1.57842][0.826908,-0.517967,-0.218935][0.560498,0.368681,0][0.497633,-0.496256,-1.7821][0.997709,0.0265931,-0.0622055][0.587209,0.306555,0][0.497633,-0.496256,-1.7821][0.997709,0.0265931,-0.0622055][0.587209,0.306555,0][0.488765,-0.457899,-1.90731][0.94708,0.320606,0.0158711][0.613264,0.29384,0][0.423439,-0.262609,-1.81204][0.841917,0.530065,0.101031][0.578472,0.263947,0][0.444767,-0.79376,-1.57842][0.826908,-0.517967,-0.218935][0.560498,0.368681,0][0.420423,-0.653189,-2.00258][0.826804,-0.456956,-0.328002][0.648056,0.323733,0][0.497633,-0.496256,-1.7821][0.997709,0.0265931,-0.0622055][0.587209,0.306555,0][0.423439,-0.262609,-1.81204][0.841917,0.530065,0.101031][0.578472,0.263947,0][0.488765,-0.457899,-1.90731][0.94708,0.320606,0.0158711][0.613264,0.29384,0][0.382895,-0.161287,-1.98971][0.839875,0.511699,0.181035][0.61232,0.237639,0][0.382895,-0.161287,-1.98971][0.839875,0.511699,0.181035][0.61232,0.237639,0][0.225286,-0.0622383,-1.88845][0.463915,0.781089,0.41795][0.582573,0.224995,0][0.423439,-0.262609,-1.81204][0.841917,0.530065,0.101031][0.578472,0.263947,0][0.488765,-0.457899,-1.90731][0.94708,0.320606,0.0158711][0.613264,0.29384,0][0.433056,-0.285547,-2.11676][0.939839,0.339224,0.0403848][0.649638,0.2535,0][0.382895,-0.161287,-1.98971][0.839875,0.511699,0.181035][0.61232,0.237639,0][0.420423,-0.653189,-2.00258][0.826804,-0.456956,-0.328002][0.648056,0.323733,0][0.482344,-0.476246,-1.91626][0.951743,-0.213595,-0.220368][0.616533,0.296649,0][0.497633,-0.496256,-1.7821][0.997709,0.0265931,-0.0622055][0.587209,0.306555,0][0.259951,-0.951517,-1.60908][0.450218,-0.839057,-0.305429][0.578024,0.395031,0][0.420423,-0.653189,-2.00258][0.826804,-0.456956,-0.328002][0.648056,0.323733,0][0.444767,-0.79376,-1.57842][0.826908,-0.517967,-0.218935][0.560498,0.368681,0][0.3752,-0.439917,-2.27459][0.815913,-0.284822,-0.503153][0.695999,0.273206,0][0.482344,-0.476246,-1.91626][0.951743,-0.213595,-0.220368][0.616533,0.296649,0][0.420423,-0.653189,-2.00258][0.826804,-0.456956,-0.328002][0.648056,0.323733,0][0.482344,-0.476246,-1.91626][0.951743,-0.213595,-0.220368][0.616533,0.296649,0][0.3752,-0.439917,-2.27459][0.815913,-0.284822,-0.503153][0.695999,0.273206,0][0.439133,-0.300602,-2.13215][0.938804,-0.0933825,-0.331552][0.654159,0.255422,0][0.420423,-0.653189,-2.00258][0.826804,-0.456956,-0.328002][0.648056,0.323733,0][0.259951,-0.951517,-1.60908][0.450218,-0.839057,-0.305429][0.578024,0.395031,0][0.245004,-0.792033,-2.07031][0.453658,-0.765861,-0.455688][0.672792,0.344986,0][-8.06052e-07,-1.01156,-1.62075][-1.2943e-07,-0.943196,-0.332235][0.584695,0.40506,0][0.245004,-0.792033,-2.07031][0.453658,-0.765861,-0.455688][0.672792,0.344986,0][0.259951,-0.951517,-1.60908][0.450218,-0.839057,-0.305429][0.578024,0.395031,0][0.245004,-0.792033,-2.07031][0.453658,-0.765861,-0.455688][0.672792,0.344986,0][-8.06052e-07,-1.01156,-1.62075][-1.2943e-07,-0.943196,-0.332235][0.584695,0.40506,0][-7.80188e-07,-0.844881,-2.09609][-7.13173e-08,-0.868014,-0.49654][0.682208,0.353076,0][0.216995,-0.538965,-2.37586][0.453994,-0.536724,-0.711208][0.725745,0.285849,0][0.420423,-0.653189,-2.00258][0.826804,-0.456956,-0.328002][0.648056,0.323733,0][0.245004,-0.792033,-2.07031][0.453658,-0.765861,-0.455688][0.672792,0.344986,0][-7.80188e-07,-0.844881,-2.09609][-7.13173e-08,-0.868014,-0.49654][0.682208,0.353076,0][0.216995,-0.538965,-2.37586][0.453994,-0.536724,-0.711208][0.725745,0.285849,0][0.245004,-0.792033,-2.07031][0.453658,-0.765861,-0.455688][0.672792,0.344986,0][0.420423,-0.653189,-2.00258][0.826804,-0.456956,-0.328002][0.648056,0.323733,0][0.216995,-0.538965,-2.37586][0.453994,-0.536724,-0.711208][0.725745,0.285849,0][0.3752,-0.439917,-2.27459][0.815913,-0.284822,-0.503153][0.695999,0.273206,0][0.216995,-0.538965,-2.37586][0.453994,-0.536724,-0.711208][0.725745,0.285849,0][-7.80188e-07,-0.844881,-2.09609][-7.13173e-08,-0.868014,-0.49654][0.682208,0.353076,0][-7.89623e-07,-0.576665,-2.4144][-2.0515e-07,-0.62364,-0.781712][0.737067,0.290661,0][-7.77092e-07,-0.268538,-2.57445][-3.32284e-07,0.541986,-0.840388][0.753097,0.228738,0][0.216995,-0.538965,-2.37586][0.453994,-0.536724,-0.711208][0.725745,0.285849,0][-7.89623e-07,-0.576665,-2.4144][-2.0515e-07,-0.62364,-0.781712][0.737067,0.290661,0][0.216995,-0.538965,-2.37586][0.453994,-0.536724,-0.711208][0.725745,0.285849,0][-7.77092e-07,-0.268538,-2.57445][-3.32284e-07,0.541986,-0.840388][0.753097,0.228738,0][0.188595,-0.246483,-2.53168][0.514,0.374073,-0.771928][0.741853,0.226884,0][0.188595,-0.246483,-2.53168][0.514,0.374073,-0.771928][0.741853,0.226884,0][0.3752,-0.439917,-2.27459][0.815913,-0.284822,-0.503153][0.695999,0.273206,0][0.216995,-0.538965,-2.37586][0.453994,-0.536724,-0.711208][0.725745,0.285849,0][0.3752,-0.439917,-2.27459][0.815913,-0.284822,-0.503153][0.695999,0.273206,0][0.375042,-0.122403,-2.29107][0.931958,0.0185366,-0.362091][0.678595,0.216454,0][0.439133,-0.300602,-2.13215][0.938804,-0.0933825,-0.331552][0.654159,0.255422,0][0.3752,-0.439917,-2.27459][0.815913,-0.284822,-0.503153][0.695999,0.273206,0][0.188595,-0.246483,-2.53168][0.514,0.374073,-0.771928][0.741853,0.226884,0][0.327868,-0.188538,-2.41932][0.818445,-0.110925,-0.563777][0.712312,0.222014,0][0.3752,-0.439917,-2.27459][0.815913,-0.284822,-0.503153][0.695999,0.273206,0][0.327868,-0.188538,-2.41932][0.818445,-0.110925,-0.563777][0.712312,0.222014,0][0.375042,-0.122403,-2.29107][0.931958,0.0185366,-0.362091][0.678595,0.216454,0][0.168565,-0.0521534,-2.5918][0.381124,0.823956,-0.419334][0.742636,0.189771,0][0.327868,-0.188538,-2.41932][0.818445,-0.110925,-0.563777][0.712312,0.222014,0][0.188595,-0.246483,-2.53168][0.514,0.374073,-0.771928][0.741853,0.226884,0][0.258027,0.036761,-2.52648][0.66513,-0.148496,-0.731813][0.721779,0.177205,0][0.327868,-0.188538,-2.41932][0.818445,-0.110925,-0.563777][0.712312,0.222014,0][0.168565,-0.0521534,-2.5918][0.381124,0.823956,-0.419334][0.742636,0.189771,0][0.327868,-0.188538,-2.41932][0.818445,-0.110925,-0.563777][0.712312,0.222014,0][0.258027,0.036761,-2.52648][0.66513,-0.148496,-0.731813][0.721779,0.177205,0][0.283307,0.0410589,-2.5041][0.840969,-0.0287579,-0.540318][0.71638,0.177511,0][0.327868,-0.188538,-2.41932][0.818445,-0.110925,-0.563777][0.712312,0.222014,0][0.283307,0.0410589,-2.5041][0.840969,-0.0287579,-0.540318][0.71638,0.177511,0][0.375042,-0.122403,-2.29107][0.931958,0.0185366,-0.362091][0.678595,0.216454,0][0.328427,0.115738,-2.36614][0.931774,0.0771782,-0.35474][0.679872,0.170908,0][0.375042,-0.122403,-2.29107][0.931958,0.0185366,-0.362091][0.678595,0.216454,0][0.283307,0.0410589,-2.5041][0.840969,-0.0287579,-0.540318][0.71638,0.177511,0][0.283307,0.0410589,-2.5041][0.840969,-0.0287579,-0.540318][0.71638,0.177511,0][0.296797,0.173381,-2.4343][0.930665,0.0919463,-0.354131][0.691604,0.157507,0][0.328427,0.115738,-2.36614][0.931774,0.0771782,-0.35474][0.679872,0.170908,0][0.328427,0.115738,-2.36614][0.931774,0.0771782,-0.35474][0.679872,0.170908,0][0.296797,0.173381,-2.4343][0.930665,0.0919463,-0.354131][0.691604,0.157507,0][0.285254,0.294268,-2.43325][0.930665,0.0919461,-0.354131][0.683304,0.136248,0][0.3301,1.20329,0.208315][0.0828472,0.996458,0.0143952][0.0918696,0.554051,0][1.11667,1.13589,-0.0467906][0.248276,0.967699,-0.0437778][0.22592,0.519636,0][4.09782e-08,1.23158,0.150109][-0.00053232,0.999995,0.00299007][0.0356128,0.546199,0][0.545017,1.17847,0.464775][0.0670131,0.996391,0.0520944][0.128497,0.588648,0][0.3301,1.20329,0.208315][0.0828472,0.996458,0.0143952][0.0918696,0.554051,0][4.09782e-08,1.23158,0.150109][-0.00053232,0.999995,0.00299007][0.0356128,0.546199,0][1.11667,1.13589,-0.0467906][0.248276,0.967699,-0.0437778][0.22592,0.519636,0][0.981987,1.13589,-0.416841][0.218331,0.967699,-0.126053][0.202966,0.469715,0][4.09782e-08,1.23158,0.150109][-0.00053232,0.999995,0.00299007][0.0356128,0.546199,0][1.11667,1.13589,-0.0467906][0.248276,0.967699,-0.0437778][0.22592,0.519636,0][1.14876,1.05615,-0.513129][0.512778,0.805861,-0.296052][0.231389,0.456726,0][0.981987,1.13589,-0.416841][0.218331,0.967699,-0.126053][0.202966,0.469715,0][0.852642,1.05615,-0.86603][0.380598,0.805861,-0.453578][0.180923,0.409118,0][0.981987,1.13589,-0.416841][0.218331,0.967699,-0.126053][0.202966,0.469715,0][1.14876,1.05615,-0.513129][0.512778,0.805861,-0.296052][0.231389,0.456726,0][0.981987,1.13589,-0.416841][0.218331,0.967699,-0.126053][0.202966,0.469715,0][0.852642,1.05615,-0.86603][0.380598,0.805861,-0.453578][0.180923,0.409118,0][0.728858,1.13589,-0.718509][0.162051,0.967699,-0.193125][0.159827,0.429019,0][0.981987,1.13589,-0.416841][0.218331,0.967699,-0.126053][0.202966,0.469715,0][0.728858,1.13589,-0.718509][0.162051,0.967699,-0.193125][0.159827,0.429019,0][4.09782e-08,1.23158,0.150109][-0.00053232,0.999995,0.00299007][0.0356128,0.546199,0][0.852642,1.05615,-0.86603][0.380598,0.805861,-0.453578][0.180923,0.409118,0][0.387817,1.13589,-0.915409][0.0862255,0.967699,-0.236903][0.101706,0.402456,0][0.728858,1.13589,-0.718509][0.162051,0.967699,-0.193125][0.159827,0.429019,0][0.728858,1.13589,-0.718509][0.162051,0.967699,-0.193125][0.159827,0.429019,0][0.387817,1.13589,-0.915409][0.0862255,0.967699,-0.236903][0.101706,0.402456,0][4.09782e-08,1.23158,0.150109][-0.00053232,0.999995,0.00299007][0.0356128,0.546199,0][0.387817,1.13589,-0.915409][0.0862255,0.967699,-0.236903][0.101706,0.402456,0][2.89759e-07,1.13589,-0.983791][-5.00632e-08,0.9677,-0.252106][0.0356128,0.393231,0][4.09782e-08,1.23158,0.150109][-0.00053232,0.999995,0.00299007][0.0356128,0.546199,0][0.387817,1.13589,-0.915409][0.0862255,0.967699,-0.236903][0.101706,0.402456,0][3.42187e-07,1.05615,-1.17637][-4.21496e-08,0.805861,-0.592105][0.0356128,0.367252,0][2.89759e-07,1.13589,-0.983791][-5.00632e-08,0.9677,-0.252106][0.0356128,0.393231,0][4.09782e-08,1.23158,0.150109][-0.00053232,0.999995,0.00299007][0.0356128,0.546199,0][0.728857,1.13589,1.01873][0.162051,0.967699,0.193125][0.159827,0.663379,0][0.545017,1.17847,0.464775][0.0670131,0.996391,0.0520944][0.128497,0.588648,0][0.387817,1.13589,-0.915409][0.0862255,0.967699,-0.236903][0.101706,0.402456,0][0.852642,1.05615,-0.86603][0.380598,0.805861,-0.453578][0.180923,0.409118,0][0.453682,1.05615,-1.09637][0.202512,0.805861,-0.556396][0.112931,0.378044,0][3.42187e-07,1.05615,-1.17637][-4.21496e-08,0.805861,-0.592105][0.0356128,0.367252,0][0.387817,1.13589,-0.915409][0.0862255,0.967699,-0.236903][0.101706,0.402456,0][0.453682,1.05615,-1.09637][0.202512,0.805861,-0.556396][0.112931,0.378044,0][0.901558,0.971981,-0.924325][0.476813,0.670633,-0.568244][0.189259,0.401254,0][0.453682,1.05615,-1.09637][0.202512,0.805861,-0.556396][0.112931,0.378044,0][0.852642,1.05615,-0.86603][0.380598,0.805861,-0.453578][0.180923,0.409118,0][0.453682,1.05615,-1.09637][0.202512,0.805861,-0.556396][0.112931,0.378044,0][3.57628e-07,0.971981,-1.25246][1.03351e-08,0.670632,-0.74179][0.0356128,0.356987,0][3.42187e-07,1.05615,-1.17637][-4.21496e-08,0.805861,-0.592105][0.0356128,0.367252,0][0.453682,1.05615,-1.09637][0.202512,0.805861,-0.556396][0.112931,0.378044,0][0.901558,0.971981,-0.924325][0.476813,0.670633,-0.568244][0.189259,0.401254,0][0.479709,0.971981,-1.16788][0.253707,0.670633,-0.697054][0.117366,0.368397,0][3.57628e-07,0.971981,-1.25246][1.03351e-08,0.670632,-0.74179][0.0356128,0.356987,0][0.453682,1.05615,-1.09637][0.202512,0.805861,-0.556396][0.112931,0.378044,0][0.479709,0.971981,-1.16788][0.253707,0.670633,-0.697054][0.117366,0.368397,0][0.545017,1.17847,0.464775][0.0670131,0.996391,0.0520944][0.128497,0.588648,0][0.728857,1.13589,1.01873][0.162051,0.967699,0.193125][0.159827,0.663379,0][0.89264,1.13589,0.82354][0.162296,0.977299,0.136183][0.18774,0.637047,0][0.728857,1.13589,1.01873][0.162051,0.967699,0.193125][0.159827,0.663379,0][0.93225,1.10014,0.908628][0.296911,0.921832,0.249137][0.19449,0.648526,0][0.89264,1.13589,0.82354][0.162296,0.977299,0.136183][0.18774,0.637047,0][0.728857,1.13589,1.01873][0.162051,0.967699,0.193125][0.159827,0.663379,0][0.940629,1.05615,1.06139][0.436104,0.822135,0.365934][0.195918,0.669134,0][0.93225,1.10014,0.908628][0.296911,0.921832,0.249137][0.19449,0.648526,0][0.940629,1.05615,1.06139][0.436104,0.822135,0.365934][0.195918,0.669134,0][0.901557,0.971981,1.22454][0.476813,0.670632,0.568244][0.189259,0.691145,0][1.03619,0.971981,1.06409][0.572136,0.664969,0.48008][0.212204,0.669499,0][0.901557,0.971981,1.22454][0.476813,0.670632,0.568244][0.189259,0.691145,0][0.940629,1.05615,1.06139][0.436104,0.822135,0.365934][0.195918,0.669134,0][0.852642,1.05615,1.16625][0.380598,0.805861,0.453579][0.180923,0.68328,0][0.940629,1.05615,1.06139][0.436104,0.822135,0.365934][0.195918,0.669134,0][0.728857,1.13589,1.01873][0.162051,0.967699,0.193125][0.159827,0.663379,0][0.852642,1.05615,1.16625][0.380598,0.805861,0.453579][0.180923,0.68328,0][0.852642,1.05615,1.16625][0.380598,0.805861,0.453579][0.180923,0.68328,0][0.479709,0.971981,1.4681][0.250253,0.677452,0.691688][0.117366,0.724001,0][0.901557,0.971981,1.22454][0.476813,0.670632,0.568244][0.189259,0.691145,0][0.387817,1.13589,1.21563][0.0385689,0.969515,0.241977][0.101706,0.689942,0][0.852642,1.05615,1.16625][0.380598,0.805861,0.453579][0.180923,0.68328,0][0.728857,1.13589,1.01873][0.162051,0.967699,0.193125][0.159827,0.663379,0][0.387817,1.13589,1.21563][0.0385689,0.969515,0.241977][0.101706,0.689942,0][0.728857,1.13589,1.01873][0.162051,0.967699,0.193125][0.159827,0.663379,0][4.09782e-08,1.23158,0.150109][-0.00053232,0.999995,0.00299007][0.0356128,0.546199,0][0.00127291,1.08667,1.27318][-0.0382004,0.984917,0.168756][0.0356128,0.699167,0][0.387817,1.13589,1.21563][0.0385689,0.969515,0.241977][0.101706,0.689942,0][4.09782e-08,1.23158,0.150109][-0.00053232,0.999995,0.00299007][0.0356128,0.546199,0][0.387817,1.13589,1.21563][0.0385689,0.969515,0.241977][0.101706,0.689942,0][0.00127291,1.08667,1.27318][-0.0382004,0.984917,0.168756][0.0356128,0.699167,0][0.051789,1.05843,1.40739][-0.0272782,0.980251,0.195865][0.0436564,0.716807,0][0.852642,1.05615,1.16625][0.380598,0.805861,0.453579][0.180923,0.68328,0][0.387817,1.13589,1.21563][0.0385689,0.969515,0.241977][0.101706,0.689942,0][0.453681,1.05615,1.39659][0.188715,0.812621,0.551393][0.112931,0.714354,0][0.479709,0.971981,1.4681][0.250253,0.677452,0.691688][0.117366,0.724001,0][0.852642,1.05615,1.16625][0.380598,0.805861,0.453579][0.180923,0.68328,0][0.453681,1.05615,1.39659][0.188715,0.812621,0.551393][0.112931,0.714354,0][0.051789,1.05843,1.40739][-0.0272782,0.980251,0.195865][0.0436564,0.716807,0][0.453681,1.05615,1.39659][0.188715,0.812621,0.551393][0.112931,0.714354,0][0.387817,1.13589,1.21563][0.0385689,0.969515,0.241977][0.101706,0.689942,0][0.453681,1.05615,1.39659][0.188715,0.812621,0.551393][0.112931,0.714354,0][0.0669125,0.971981,1.54089][0.122729,0.678186,0.72457][0.0470163,0.73382,0][0.479709,0.971981,1.4681][0.250253,0.677452,0.691688][0.117366,0.724001,0][0.051789,1.05843,1.40739][-0.0272782,0.980251,0.195865][0.0436564,0.716807,0][0.0437181,1.05264,1.46645][0.0748858,0.881301,0.466585][0.0422689,0.724216,0][0.453681,1.05615,1.39659][0.188715,0.812621,0.551393][0.112931,0.714354,0][0.0669125,0.971981,1.54089][0.122729,0.678186,0.72457][0.0470163,0.73382,0][0.453681,1.05615,1.39659][0.188715,0.812621,0.551393][0.112931,0.714354,0][0.0437181,1.05264,1.46645][0.0748858,0.881301,0.466585][0.0422689,0.724216,0][-1.24155,-0.116305,-1.32951][-0.527903,-0.742142,-0.412968][0.973814,0.0709589,0][-1.22671,-0.134439,-1.31775][-0.39611,-0.737017,-0.547634][0.973814,0.0642253,0][-1.28463,-0.0695589,-1.25855][-0.761732,-0.646874,-0.0363063][0.973814,0.0393906,0][-1.10242,-0.0628272,-1.39318][-0.0961322,-0.742349,-0.663081][0.973814,0.104814,0][-1.22671,-0.134439,-1.31775][-0.39611,-0.737017,-0.547634][0.973814,0.0642253,0][-1.24155,-0.116305,-1.32951][-0.527903,-0.742142,-0.412968][0.973814,0.0709589,0][-1.22671,-0.134439,-1.31775][-0.39611,-0.737017,-0.547634][0.973814,0.0642253,0][-1.10242,-0.0628272,-1.39318][-0.0961322,-0.742349,-0.663081][0.973814,0.104814,0][-1.07552,-0.0816068,-1.37833][-0.10099,-0.803814,-0.586246][0.973814,0.0965517,0][-0.954803,-0.0448972,-1.47135][-0.362256,-0.829634,-0.424827][0.973814,0.143809,0][-1.07552,-0.0816068,-1.37833][-0.10099,-0.803814,-0.586246][0.973814,0.0965517,0][-1.10242,-0.0628272,-1.39318][-0.0961322,-0.742349,-0.663081][0.973814,0.104814,0][-1.07552,-0.0816068,-1.37833][-0.10099,-0.803814,-0.586246][0.973814,0.0965517,0][-0.954803,-0.0448972,-1.47135][-0.362256,-0.829634,-0.424827][0.973814,0.143809,0][-0.934234,-0.0759941,-1.40633][-0.324481,-0.839735,-0.435381][0.973814,0.116473,0][-0.738508,-0.151948,-1.57625][-0.548032,-0.755485,-0.359031][0.973814,0.193931,0][-0.934234,-0.0759941,-1.40633][-0.324481,-0.839735,-0.435381][0.973814,0.116473,0][-0.954803,-0.0448972,-1.47135][-0.362256,-0.829634,-0.424827][0.973814,0.143809,0][-0.954803,-0.0448972,-1.47135][-0.362256,-0.829634,-0.424827][0.973814,0.143809,0][-0.741769,-0.115761,-1.61643][-0.548032,-0.755485,-0.359031][0.973814,0.209777,0][-0.738508,-0.151948,-1.57625][-0.548032,-0.755485,-0.359031][0.973814,0.193931,0][-1.24177,-1.03332,-1.32978][-0.597467,-0.368837,-0.712034][0.405216,0.113277,0][-0.68404,-0.698482,-1.72928][-0.341427,-0.0588739,-0.938063][0.333351,0.149751,0][-0.660732,-1.03332,-1.66524][-0.317906,-0.368837,-0.873439][0.334357,0.114494,0][3.84611e-07,-0.698482,-1.84989][1.48185e-08,-0.0588738,-0.998265][0.262745,0.150073,0][-0.660732,-1.03332,-1.66524][-0.317906,-0.368837,-0.873439][0.334357,0.114494,0][-0.68404,-0.698482,-1.72928][-0.341427,-0.0588739,-0.938063][0.333351,0.149751,0][-1.24177,-1.03332,-1.32978][-0.597467,-0.368837,-0.712034][0.405216,0.113277,0][-1.24761,-1.34534,-1.0167][-0.615615,-0.59513,-0.516564][0.452568,0.0790722,0][-1.67303,-1.03332,-0.815818][-0.805998,-0.367936,-0.46367][0.496902,0.111015,0][-1.67303,-1.03332,-0.815818][-0.805998,-0.367936,-0.46367][0.496902,0.111015,0][-1.24761,-1.34534,-1.0167][-0.615615,-0.59513,-0.516564][0.452568,0.0790722,0][-1.56361,-1.23063,-0.752642][-0.716225,-0.539086,-0.44318][0.497453,0.0822561,0][-1.62749,-1.20008,-0.633464][-0.794842,-0.533415,-0.2893][0.514787,0.0857817,0][-1.67303,-1.03332,-0.815818][-0.805998,-0.367936,-0.46367][0.496902,0.111015,0][-1.56361,-1.23063,-0.752642][-0.716225,-0.539086,-0.44318][0.497453,0.0822561,0][-1.67303,-1.03332,-0.815818][-0.805998,-0.367936,-0.46367][0.496902,0.111015,0][-1.62749,-1.20008,-0.633464][-0.794842,-0.533415,-0.2893][0.514787,0.0857817,0][-1.75689,-1.03332,-0.58541][-0.896022,-0.305514,-0.322188][0.527149,0.110465,0][-1.75689,-1.03332,-0.58541][-0.896022,-0.305514,-0.322188][0.527149,0.110465,0][-1.73205,-0.698483,-0.849892][-0.865191,-0.0590596,-0.497952][0.495246,0.151983,0][-1.67303,-1.03332,-0.815818][-0.805998,-0.367936,-0.46367][0.496902,0.111015,0][-1.73205,-0.698483,-0.849892][-0.865191,-0.0590596,-0.497952][0.495246,0.151983,0][-1.24177,-1.03332,-1.32978][-0.597467,-0.368837,-0.712034][0.405216,0.113277,0][-1.67303,-1.03332,-0.815818][-0.805998,-0.367936,-0.46367][0.496902,0.111015,0][-1.73205,-0.698483,-0.849892][-0.865191,-0.0590596,-0.497952][0.495246,0.151983,0][-1.75689,-1.03332,-0.58541][-0.896022,-0.305514,-0.322188][0.527149,0.110465,0][-1.96813,-0.679957,-0.196926][-0.96923,0.023082,-0.245074][0.580521,0.157632,0][-1.73205,-0.698483,-0.849892][-0.865191,-0.0590596,-0.497952][0.495246,0.151983,0][-1.96813,-0.679957,-0.196926][-0.96923,0.023082,-0.245074][0.580521,0.157632,0][-1.83499,-0.532332,-0.528147][-0.936693,0.0798405,-0.340929][0.535236,0.174343,0][-1.73205,-0.698483,-0.849892][-0.865191,-0.0590596,-0.497952][0.495246,0.151983,0][-1.83499,-0.532332,-0.528147][-0.936693,0.0798405,-0.340929][0.535236,0.174343,0][-1.76471,-0.49975,-0.713631][-0.936693,0.0798406,-0.340928][0.510441,0.177098,0][-1.76471,-0.49975,-0.713631][-0.936693,0.0798406,-0.340928][0.510441,0.177098,0][-1.71056,-0.393382,-0.837485][-0.835637,0.080952,-0.543284][0.492704,0.188984,0][-1.73205,-0.698483,-0.849892][-0.865191,-0.0590596,-0.497952][0.495246,0.151983,0][-1.73205,-0.698483,-0.849892][-0.865191,-0.0590596,-0.497952][0.495246,0.151983,0][-1.71056,-0.393382,-0.837485][-0.835637,0.080952,-0.543284][0.492704,0.188984,0][-1.54922,-0.36449,-1.02617][-0.763597,0.0798386,-0.640738][0.467539,0.190397,0][-1.73205,-0.698483,-0.849892][-0.865191,-0.0590596,-0.497952][0.495246,0.151983,0][-1.54922,-0.36449,-1.02617][-0.763597,0.0798386,-0.640738][0.467539,0.190397,0][-1.50142,-0.418767,-1.0899][-0.763598,0.0798399,-0.640737][0.459221,0.182869,0][-1.73205,-0.698483,-0.849892][-0.865191,-0.0590596,-0.497952][0.495246,0.151983,0][-1.28557,-0.698482,-1.38198][-0.641672,-0.0588739,-0.764716][0.407535,0.147773,0][-1.24177,-1.03332,-1.32978][-0.597467,-0.368837,-0.712034][0.405216,0.113277,0][-1.28557,-0.698482,-1.38198][-0.641672,-0.0588739,-0.764716][0.407535,0.147773,0][-1.73205,-0.698483,-0.849892][-0.865191,-0.0590596,-0.497952][0.495246,0.151983,0][-1.50142,-0.418767,-1.0899][-0.763598,0.0798399,-0.640737][0.459221,0.182869,0][-0.68404,-0.698482,-1.72928][-0.341427,-0.0588739,-0.938063][0.333351,0.149751,0][-1.24177,-1.03332,-1.32978][-0.597467,-0.368837,-0.712034][0.405216,0.113277,0][-1.28557,-0.698482,-1.38198][-0.641672,-0.0588739,-0.764716][0.407535,0.147773,0][-1.42991,-0.342397,-1.1656][-0.763599,0.0798403,-0.640736][0.4469,0.189079,0][-1.28557,-0.698482,-1.38198][-0.641672,-0.0588739,-0.764716][0.407535,0.147773,0][-1.50142,-0.418767,-1.0899][-0.763598,0.0798399,-0.640737][0.459221,0.182869,0][-1.26087,-0.22599,-1.35254][-0.631742,0.172472,-0.755749][0.38589,0.195439,0][-1.28557,-0.698482,-1.38198][-0.641672,-0.0588739,-0.764716][0.407535,0.147773,0][-1.42991,-0.342397,-1.1656][-0.763599,0.0798403,-0.640736][0.4469,0.189079,0][-1.26087,-0.22599,-1.35254][-0.631742,0.172472,-0.755749][0.38589,0.195439,0][-0.68404,-0.698482,-1.72928][-0.341427,-0.0588739,-0.938063][0.333351,0.149751,0][-1.28557,-0.698482,-1.38198][-0.641672,-0.0588739,-0.764716][0.407535,0.147773,0][-1.42991,-0.342397,-1.1656][-0.763599,0.0798403,-0.640736][0.4469,0.189079,0][-1.33072,-0.22599,-1.2693][-0.757701,0.14718,-0.635788][0.418339,0.194055,0][-1.26087,-0.22599,-1.35254][-0.631742,0.172472,-0.755749][0.38589,0.195439,0][-1.33072,-0.22599,-1.2693][-0.757701,0.14718,-0.635788][0.418339,0.194055,0][-1.24654,-0.144611,-1.33546][-0.630811,0.264286,-0.729541][0.384397,0.20143,0][-1.26087,-0.22599,-1.35254][-0.631742,0.172472,-0.755749][0.38589,0.195439,0][-1.24654,-0.144611,-1.33546][-0.630811,0.264286,-0.729541][0.384397,0.20143,0][-1.33072,-0.22599,-1.2693][-0.757701,0.14718,-0.635788][0.418339,0.194055,0][-1.28463,-0.0695589,-1.25855][-0.739581,0.260572,-0.620583][0.417534,0.200449,0][-1.26087,-0.22599,-1.35254][-0.631742,0.172472,-0.755749][0.38589,0.195439,0][-1.24654,-0.144611,-1.33546][-0.630811,0.264286,-0.729541][0.384397,0.20143,0][-1.10032,-0.082646,-1.40056][-0.460938,0.229044,-0.857365][0.378707,0.207554,0][-1.26087,-0.22599,-1.35254][-0.631742,0.172472,-0.755749][0.38589,0.195439,0][-1.10032,-0.082646,-1.40056][-0.460938,0.229044,-0.857365][0.378707,0.207554,0][-0.97983,-0.0848616,-1.46523][-0.472257,0.270616,-0.838892][0.371663,0.207031,0][-0.97983,-0.0848616,-1.46523][-0.472257,0.270616,-0.838892][0.371663,0.207031,0][-0.742585,-0.167977,-1.62811][-0.490593,0.303417,-0.816858][0.341575,0.197048,0][-1.26087,-0.22599,-1.35254][-0.631742,0.172472,-0.755749][0.38589,0.195439,0][-1.26087,-0.22599,-1.35254][-0.631742,0.172472,-0.755749][0.38589,0.195439,0][-0.670897,-0.22599,-1.69317][-0.343538,0.178613,-0.921997][0.33505,0.190621,0][-0.68404,-0.698482,-1.72928][-0.341427,-0.0588739,-0.938063][0.333351,0.149751,0][-0.742585,-0.167977,-1.62811][-0.490593,0.303417,-0.816858][0.341575,0.197048,0][-0.670897,-0.22599,-1.69317][-0.343538,0.178613,-0.921997][0.33505,0.190621,0][-1.26087,-0.22599,-1.35254][-0.631742,0.172472,-0.755749][0.38589,0.195439,0][-0.742585,-0.167977,-1.62811][-0.490593,0.303417,-0.816858][0.341575,0.197048,0][-0.656251,-0.0697438,-1.65293][-0.298584,0.264169,-0.917095][0.33408,0.20258,0][-0.670897,-0.22599,-1.69317][-0.343538,0.178613,-0.921997][0.33505,0.190621,0][-0.670897,-0.22599,-1.69317][-0.343538,0.178613,-0.921997][0.33505,0.190621,0][-0.656251,-0.0697438,-1.65293][-0.298584,0.264169,-0.917095][0.33408,0.20258,0][-0.531998,-0.0956627,-1.68194][-0.167649,0.260572,-0.950787][0.322052,0.201365,0][-0.670897,-0.22599,-1.69317][-0.343538,0.178613,-0.921997][0.33505,0.190621,0][3.84611e-07,-0.698482,-1.84989][1.48185e-08,-0.0588738,-0.998265][0.262745,0.150073,0][-0.68404,-0.698482,-1.72928][-0.341427,-0.0588739,-0.938063][0.333351,0.149751,0][-0.531998,-0.0956627,-1.68194][-0.167649,0.260572,-0.950787][0.322052,0.201365,0][3.79512e-07,-0.22599,-1.81146][5.8609e-08,0.171709,-0.985148][0.265518,0.194566,0][-0.670897,-0.22599,-1.69317][-0.343538,0.178613,-0.921997][0.33505,0.190621,0][-0.670897,-0.22599,-1.69317][-0.343538,0.178613,-0.921997][0.33505,0.190621,0][3.79512e-07,-0.22599,-1.81146][5.8609e-08,0.171709,-0.985148][0.265518,0.194566,0][3.84611e-07,-0.698482,-1.84989][1.48185e-08,-0.0588738,-0.998265][0.262745,0.150073,0][-0.531998,-0.0956627,-1.68194][-0.167649,0.260572,-0.950787][0.322052,0.201365,0][-0.194198,0.0274183,-1.70777][-0.167649,0.260571,-0.950787][0.291273,0.219993,0][3.79512e-07,-0.22599,-1.81146][5.8609e-08,0.171709,-0.985148][0.265518,0.194566,0][3.68087e-07,0.397203,-1.64067][7.60488e-08,0.378432,-0.925629][0.265184,0.252717,0][3.79512e-07,-0.22599,-1.81146][5.8609e-08,0.171709,-0.985148][0.265518,0.194566,0][-0.194198,0.0274183,-1.70777][-0.167649,0.260571,-0.950787][0.291273,0.219993,0][0.670897,-0.22599,-1.69317][0.336941,0.171709,-0.925736][0.207287,0.193352,0][3.84611e-07,-0.698482,-1.84989][1.48185e-08,-0.0588738,-0.998265][0.262745,0.150073,0][3.79512e-07,-0.22599,-1.81146][5.8609e-08,0.171709,-0.985148][0.265518,0.194566,0][-0.612482,0.397203,-1.53267][-0.317012,0.378055,-0.869815][0.331609,0.256243,0][3.68087e-07,0.397203,-1.64067][7.60488e-08,0.378432,-0.925629][0.265184,0.252717,0][-0.194198,0.0274183,-1.70777][-0.167649,0.260571,-0.950787][0.291273,0.219993,0][-0.194198,0.0274183,-1.70777][-0.167649,0.260571,-0.950787][0.291273,0.219993,0][-0.552035,-0.0549798,-1.66726][-0.167649,0.260572,-0.950787][0.326449,0.210294,0][-0.612482,0.397203,-1.53267][-0.317012,0.378055,-0.869815][0.331609,0.256243,0][-0.552035,-0.0549798,-1.66726][-0.167649,0.260572,-0.950787][0.326449,0.210294,0][-0.654166,-0.0474972,-1.6472][-0.356568,0.262051,-0.896766][0.335065,0.211306,0][-0.612482,0.397203,-1.53267][-0.317012,0.378055,-0.869815][0.331609,0.256243,0][-0.654166,-0.0474972,-1.6472][-0.356568,0.262051,-0.896766][0.335065,0.211306,0][-0.741769,-0.115761,-1.61643][-0.487477,0.248295,-0.837088][0.344038,0.20747,0][-0.954803,-0.0448972,-1.47135][-0.482026,0.259302,-0.836907][0.36696,0.216241,0][-0.612482,0.397203,-1.53267][-0.317012,0.378055,-0.869815][0.331609,0.256243,0][-0.654166,-0.0474972,-1.6472][-0.356568,0.262051,-0.896766][0.335065,0.211306,0][-0.954803,-0.0448972,-1.47135][-0.482026,0.259302,-0.836907][0.36696,0.216241,0][-1.15109,0.397203,-1.22171][-0.594773,0.37814,-0.709405][0.383855,0.263209,0][-0.612482,0.397203,-1.53267][-0.317012,0.378055,-0.869815][0.331609,0.256243,0][-0.954803,-0.0448972,-1.47135][-0.482026,0.259302,-0.836907][0.36696,0.216241,0][-0.954803,-0.0448972,-1.47135][-0.482026,0.259302,-0.836907][0.36696,0.216241,0][-1.10242,-0.0628272,-1.39318][-0.47946,0.261509,-0.837694][0.375926,0.218914,0][-1.15109,0.397203,-1.22171][-0.594773,0.37814,-0.709405][0.383855,0.263209,0][-1.10242,-0.0628272,-1.39318][-0.47946,0.261509,-0.837694][0.375926,0.218914,0][-1.24155,-0.116305,-1.32951][-0.608789,0.264285,-0.748017][0.385841,0.215629,0][-1.15109,0.397203,-1.22171][-0.594773,0.37814,-0.709405][0.383855,0.263209,0][-0.612482,0.397203,-1.53267][-0.317012,0.378055,-0.869815][0.331609,0.256243,0][-1.15109,0.397203,-1.22171][-0.594773,0.37814,-0.709405][0.383855,0.263209,0][-0.988978,0.838546,-1.02851][-0.558092,0.496149,-0.665109][0.387053,0.312106,0][-0.988978,0.838546,-1.02851][-0.558092,0.496149,-0.665109][0.387053,0.312106,0][-0.526224,0.838546,-1.29568][-0.296955,0.496149,-0.815876][0.329448,0.306593,0][-0.612482,0.397203,-1.53267][-0.317012,0.378055,-0.869815][0.331609,0.256243,0][3.68087e-07,0.397203,-1.64067][7.60488e-08,0.378432,-0.925629][0.265184,0.252717,0][-0.612482,0.397203,-1.53267][-0.317012,0.378055,-0.869815][0.331609,0.256243,0][-0.526224,0.838546,-1.29568][-0.296955,0.496149,-0.815876][0.329448,0.306593,0][-0.526224,0.838546,-1.29568][-0.296955,0.496149,-0.815876][0.329448,0.306593,0][3.57628e-07,0.838546,-1.38847][3.63892e-08,0.496149,-0.868237][0.261587,0.305531,0][3.68087e-07,0.397203,-1.64067][7.60488e-08,0.378432,-0.925629][0.265184,0.252717,0][0.526225,0.838546,-1.29568][0.296955,0.496149,-0.815876][0.20506,0.305153,0][3.68087e-07,0.397203,-1.64067][7.60488e-08,0.378432,-0.925629][0.265184,0.252717,0][3.57628e-07,0.838546,-1.38847][3.63892e-08,0.496149,-0.868237][0.261587,0.305531,0][-0.988978,0.838546,-1.02851][-0.558092,0.496149,-0.665109][0.387053,0.312106,0][-1.15109,0.397203,-1.22171][-0.594773,0.37814,-0.709405][0.383855,0.263209,0][-1.14987,0.548505,-1.0907][-0.66759,0.490435,-0.560177][0.400383,0.277975,0][-1.14987,0.548505,-1.0907][-0.66759,0.490435,-0.560177][0.400383,0.277975,0][-1.07015,0.838546,-0.931777][-0.66759,0.490435,-0.560177][0.407085,0.31108,0][-0.988978,0.838546,-1.02851][-0.558092,0.496149,-0.665109][0.387053,0.312106,0][-1.14987,0.548505,-1.0907][-0.66759,0.490435,-0.560177][0.400383,0.277975,0][-1.15109,0.397203,-1.22171][-0.594773,0.37814,-0.709405][0.383855,0.263209,0][-1.23485,0.397203,-1.12189][-0.713972,0.362391,-0.599097][0.407123,0.260218,0][-1.23485,0.397203,-1.12189][-0.713972,0.362391,-0.599097][0.407123,0.260218,0][-1.15109,0.397203,-1.22171][-0.594773,0.37814,-0.709405][0.383855,0.263209,0][-1.28172,0.146213,-1.17141][-0.739581,0.260571,-0.620583][0.400983,0.235906,0][-1.15109,0.397203,-1.22171][-0.594773,0.37814,-0.709405][0.383855,0.263209,0][-1.24155,-0.116305,-1.32951][-0.608789,0.264285,-0.748017][0.385841,0.215629,0][-1.28172,0.146213,-1.17141][-0.739581,0.260571,-0.620583][0.400983,0.235906,0][-1.28172,0.146213,-1.17141][-0.739581,0.260571,-0.620583][0.400983,0.235906,0][-1.31572,0.191008,-1.11209][-0.739581,0.260569,-0.620583][0.412847,0.238939,0][-1.23485,0.397203,-1.12189][-0.713972,0.362391,-0.599097][0.407123,0.260218,0][-1.24155,-0.116305,-1.32951][-0.608789,0.264285,-0.748017][0.385841,0.215629,0][-1.28463,-0.0695589,-1.25855][-0.739579,0.260571,-0.620585][0.396577,0.217632,0][-1.28172,0.146213,-1.17141][-0.739581,0.260571,-0.620583][0.400983,0.235906,0][-1.28463,-0.0695589,-1.25855][-0.739579,0.260571,-0.620585][0.396577,0.217632,0][-1.31464,0.0127761,-1.18821][-0.739583,0.260574,-0.62058][0.405671,0.223643,0][-1.28172,0.146213,-1.17141][-0.739581,0.260571,-0.620583][0.400983,0.235906,0][3.68087e-07,0.397203,-1.64067][7.60488e-08,0.378432,-0.925629][0.265184,0.252717,0][0.526225,0.838546,-1.29568][0.296955,0.496149,-0.815876][0.20506,0.305153,0][0.612483,0.397203,-1.53267][0.316584,0.378432,-0.869807][0.207098,0.253538,0][0.612483,0.397203,-1.53267][0.316584,0.378432,-0.869807][0.207098,0.253538,0][3.79512e-07,-0.22599,-1.81146][5.8609e-08,0.171709,-0.985148][0.265518,0.194566,0][3.68087e-07,0.397203,-1.64067][7.60488e-08,0.378432,-0.925629][0.265184,0.252717,0][0.988979,0.838546,-1.02851][0.558093,0.496149,-0.665108][0.148029,0.308512,0][0.612483,0.397203,-1.53267][0.316584,0.378432,-0.869807][0.207098,0.253538,0][0.526225,0.838546,-1.29568][0.296955,0.496149,-0.815876][0.20506,0.305153,0][3.79512e-07,-0.22599,-1.81146][5.8609e-08,0.171709,-0.985148][0.265518,0.194566,0][0.612483,0.397203,-1.53267][0.316584,0.378432,-0.869807][0.207098,0.253538,0][0.670897,-0.22599,-1.69317][0.336941,0.171709,-0.925736][0.207287,0.193352,0][0.612483,0.397203,-1.53267][0.316584,0.378432,-0.869807][0.207098,0.253538,0][0.988979,0.838546,-1.02851][0.558093,0.496149,-0.665108][0.148029,0.308512,0][1.15109,0.397203,-1.22171][0.594983,0.378432,-0.709073][0.148105,0.255451,0][1.15109,0.397203,-1.22171][0.594983,0.378432,-0.709073][0.148105,0.255451,0][0.670897,-0.22599,-1.69317][0.336941,0.171709,-0.925736][0.207287,0.193352,0][0.612483,0.397203,-1.53267][0.316584,0.378432,-0.869807][0.207098,0.253538,0][1.55086,0.397203,-0.745281][0.753502,0.386419,-0.531897][0.0812625,0.260912,0][1.15109,0.397203,-1.22171][0.594983,0.378432,-0.709073][0.148105,0.255451,0][0.988979,0.838546,-1.02851][0.558093,0.496149,-0.665108][0.148029,0.308512,0][0.988979,0.838546,-1.02851][0.558093,0.496149,-0.665108][0.148029,0.308512,0][1.33245,0.838546,-0.619179][0.751916,0.496149,-0.434119][0.0796879,0.315769,0][1.55086,0.397203,-0.745281][0.753502,0.386419,-0.531897][0.0812625,0.260912,0][1.51687,0.588558,-0.523815][0.818921,0.490435,-0.298063][0.0467529,0.289773,0][1.55086,0.397203,-0.745281][0.753502,0.386419,-0.531897][0.0812625,0.260912,0][1.33245,0.838546,-0.619179][0.751916,0.496149,-0.434119][0.0796879,0.315769,0][1.51687,0.588558,-0.523815][0.818921,0.490435,-0.298063][0.0467529,0.289773,0][1.33245,0.838546,-0.619179][0.751916,0.496149,-0.434119][0.0796879,0.315769,0][1.38877,0.838546,-0.464444][0.818921,0.490435,-0.298065][0.0458735,0.320409,0][1.15109,0.397203,-1.22171][0.594983,0.378432,-0.709073][0.148105,0.255451,0][1.55086,0.397203,-0.745281][0.753502,0.386419,-0.531897][0.0812625,0.260912,0][1.69877,-0.22599,-0.830677][0.853163,0.171709,-0.492574][0.0832227,0.192621,0][1.69176,0.0142156,-0.660399][0.90723,0.260571,-0.330206][0.0487848,0.218984,0][1.69877,-0.22599,-0.830677][0.853163,0.171709,-0.492574][0.0832227,0.192621,0][1.55086,0.397203,-0.745281][0.753502,0.386419,-0.531897][0.0812625,0.260912,0][1.69176,0.0142156,-0.660399][0.90723,0.260571,-0.330206][0.0487848,0.218984,0][1.76074,-0.22599,-0.660414][0.92664,0.166095,-0.337269][0.0495443,0.192523,0][1.69877,-0.22599,-0.830677][0.853163,0.171709,-0.492574][0.0832227,0.192621,0][1.69877,-0.22599,-0.830677][0.853163,0.171709,-0.492574][0.0832227,0.192621,0][1.26087,-0.22599,-1.35254][0.633241,0.171709,-0.754667][0.148143,0.193429,0][1.15109,0.397203,-1.22171][0.594983,0.378432,-0.709073][0.148105,0.255451,0][0.670897,-0.22599,-1.69317][0.336941,0.171709,-0.925736][0.207287,0.193352,0][1.15109,0.397203,-1.22171][0.594983,0.378432,-0.709073][0.148105,0.255451,0][1.26087,-0.22599,-1.35254][0.633241,0.171709,-0.754667][0.148143,0.193429,0][1.76074,-0.22599,-0.660414][0.92664,0.166095,-0.337269][0.0495443,0.192523,0][1.73205,-0.698483,-0.849891][0.864523,-0.0588739,-0.499133][0.0848721,0.145729,0][1.69877,-0.22599,-0.830677][0.853163,0.171709,-0.492574][0.0832227,0.192621,0][1.26087,-0.22599,-1.35254][0.633241,0.171709,-0.754667][0.148143,0.193429,0][1.69877,-0.22599,-0.830677][0.853163,0.171709,-0.492574][0.0832227,0.192621,0][1.73205,-0.698483,-0.849891][0.864523,-0.0588739,-0.499133][0.0848721,0.145729,0][1.76074,-0.22599,-0.660414][0.92664,0.166095,-0.337269][0.0495443,0.192523,0][1.80791,-0.698483,-0.641473][0.938129,-0.0576675,-0.34145][0.050988,0.143054,0][1.73205,-0.698483,-0.849891][0.864523,-0.0588739,-0.499133][0.0848721,0.145729,0][1.26087,-0.22599,-1.35254][0.633241,0.171709,-0.754667][0.148143,0.193429,0][0.684041,-0.698482,-1.72928][0.341427,-0.0588739,-0.938063][0.205751,0.151443,0][0.670897,-0.22599,-1.69317][0.336941,0.171709,-0.925736][0.207287,0.193352,0][3.84611e-07,-0.698482,-1.84989][1.48185e-08,-0.0588738,-0.998265][0.262745,0.150073,0][0.670897,-0.22599,-1.69317][0.336941,0.171709,-0.925736][0.207287,0.193352,0][0.684041,-0.698482,-1.72928][0.341427,-0.0588739,-0.938063][0.205751,0.151443,0][3.84611e-07,-0.698482,-1.84989][1.48185e-08,-0.0588738,-0.998265][0.262745,0.150073,0][0.684041,-0.698482,-1.72928][0.341427,-0.0588739,-0.938063][0.205751,0.151443,0][0.660733,-1.03332,-1.66524][0.317906,-0.368837,-0.873439][0.204589,0.121614,0][0.684041,-0.698482,-1.72928][0.341427,-0.0588739,-0.938063][0.205751,0.151443,0][1.26087,-0.22599,-1.35254][0.633241,0.171709,-0.754667][0.148143,0.193429,0][1.28558,-0.698482,-1.38198][0.641673,-0.0588739,-0.764716][0.148029,0.150392,0][1.26087,-0.22599,-1.35254][0.633241,0.171709,-0.754667][0.148143,0.193429,0][1.73205,-0.698483,-0.849891][0.864523,-0.0588739,-0.499133][0.0848721,0.145729,0][1.28558,-0.698482,-1.38198][0.641673,-0.0588739,-0.764716][0.148029,0.150392,0][0.684041,-0.698482,-1.72928][0.341427,-0.0588739,-0.938063][0.205751,0.151443,0][1.24177,-1.03332,-1.32978][0.597467,-0.368837,-0.712034][0.148029,0.119882,0][0.660733,-1.03332,-1.66524][0.317906,-0.368837,-0.873439][0.204589,0.121614,0][0.684041,-0.698482,-1.72928][0.341427,-0.0588739,-0.938063][0.205751,0.151443,0][1.28558,-0.698482,-1.38198][0.641673,-0.0588739,-0.764716][0.148029,0.150392,0][1.24177,-1.03332,-1.32978][0.597467,-0.368837,-0.712034][0.148029,0.119882,0][1.73205,-0.698483,-0.849891][0.864523,-0.0588739,-0.499133][0.0848721,0.145729,0][1.24177,-1.03332,-1.32978][0.597467,-0.368837,-0.712034][0.148029,0.119882,0][1.28558,-0.698482,-1.38198][0.641673,-0.0588739,-0.764716][0.148029,0.150392,0][0.660733,-1.03332,-1.66524][0.317906,-0.368837,-0.873439][0.204589,0.121614,0][1.24177,-1.03332,-1.32978][0.597467,-0.368837,-0.712034][0.148029,0.119882,0][1.11334,-1.34534,-1.17672][0.48779,-0.651246,-0.581326][0.148029,0.0861213,0][1.67303,-1.03332,-0.815817][0.804965,-0.368837,-0.464747][0.0864407,0.112923,0][1.73205,-0.698483,-0.849891][0.864523,-0.0588739,-0.499133][0.0848721,0.145729,0][1.80791,-0.698483,-0.641473][0.938129,-0.0576675,-0.34145][0.050988,0.143054,0][1.24177,-1.03332,-1.32978][0.597467,-0.368837,-0.712034][0.148029,0.119882,0][1.73205,-0.698483,-0.849891][0.864523,-0.0588739,-0.499133][0.0848721,0.145729,0][1.67303,-1.03332,-0.815817][0.804965,-0.368837,-0.464747][0.0864407,0.112923,0][1.67303,-1.03332,-0.815817][0.804965,-0.368837,-0.464747][0.0864407,0.112923,0][1.11334,-1.34534,-1.17672][0.48779,-0.651246,-0.581326][0.148029,0.0861213,0][1.24177,-1.03332,-1.32978][0.597467,-0.368837,-0.712034][0.148029,0.119882,0][1.80791,-0.698483,-0.641473][0.938129,-0.0576675,-0.34145][0.050988,0.143054,0][1.73337,-1.03332,-0.650047][0.874788,-0.365196,-0.318397][0.0525425,0.108542,0][1.67303,-1.03332,-0.815817][0.804965,-0.368837,-0.464747][0.0864407,0.112923,0][1.67303,-1.03332,-0.815817][0.804965,-0.368837,-0.464747][0.0864407,0.112923,0][1.73337,-1.03332,-0.650047][0.874788,-0.365196,-0.318397][0.0525425,0.108542,0][1.65459,-1.16503,-0.623635][0.794842,-0.533415,-0.2893][0.0597287,0.0929073,0][1.5,-1.34534,-0.715917][0.657198,-0.651246,-0.379434][0.0880407,0.0772432,0][1.67303,-1.03332,-0.815817][0.804965,-0.368837,-0.464747][0.0864407,0.112923,0][1.65459,-1.16503,-0.623635][0.794842,-0.533415,-0.2893][0.0597287,0.0929073,0][1.11334,-1.34534,-1.17672][0.48779,-0.651246,-0.581326][0.148029,0.0861213,0][1.67303,-1.03332,-0.815817][0.804965,-0.368837,-0.464747][0.0864407,0.112923,0][1.5,-1.34534,-0.715917][0.657198,-0.651246,-0.379434][0.0880407,0.0772432,0][1.65459,-1.16503,-0.623635][0.794842,-0.533415,-0.2893][0.0597287,0.0929073,0][1.66747,-1.17818,-0.563991][0.794842,-0.533415,-0.289299][0.0541551,0.089394,0][1.5,-1.34534,-0.715917][0.657198,-0.651246,-0.379434][0.0880407,0.0772432,0][1.66747,-1.17818,-0.563991][0.794842,-0.533415,-0.289299][0.0541551,0.089394,0][1.58409,-1.34534,-0.484895][0.686754,-0.682561,-0.249958][0.0543721,0.068373,0][1.5,-1.34534,-0.715917][0.657198,-0.651246,-0.379434][0.0880407,0.0772432,0][1.22475,-1.61327,-0.556998][0.638462,-0.675639,-0.368617][0.0894177,0.0367326,0][1.11334,-1.34534,-1.17672][0.48779,-0.651246,-0.581326][0.148029,0.0861213,0][1.5,-1.34534,-0.715917][0.657198,-0.651246,-0.379434][0.0880407,0.0772432,0][1.22475,-1.61327,-0.556998][0.638462,-0.675639,-0.368617][0.0894177,0.0367326,0][0.909039,-1.61327,-0.933242][0.473884,-0.675639,-0.564753][0.148029,0.0403958,0][1.11334,-1.34534,-1.17672][0.48779,-0.651246,-0.581326][0.148029,0.0861213,0][1.5,-1.34534,-0.715917][0.657198,-0.651246,-0.379434][0.0880407,0.0772432,0][1.58409,-1.34534,-0.484895][0.686754,-0.682561,-0.249958][0.0543721,0.068373,0][1.48764,-1.43879,-0.430671][0.611073,-0.759686,-0.222413][0.0548346,0.0538054,0][1.22475,-1.61327,-0.556998][0.638462,-0.675639,-0.368617][0.0894177,0.0367326,0][1.5,-1.34534,-0.715917][0.657198,-0.651246,-0.379434][0.0880407,0.0772432,0][1.48764,-1.43879,-0.430671][0.611073,-0.759686,-0.222413][0.0548346,0.0538054,0][1.58409,-1.34534,-0.484895][0.686754,-0.682561,-0.249958][0.0543721,0.068373,0][1.55956,-1.38234,-0.425875][0.611072,-0.759687,-0.222411][0.043133,0.0609121,0][1.48764,-1.43879,-0.430671][0.611073,-0.759686,-0.222413][0.0548346,0.0538054,0][1.48764,-1.43879,-0.430671][0.611073,-0.759686,-0.222413][0.0548346,0.0538054,0][1.38264,-1.54969,-0.340367][0.611073,-0.759686,-0.222413][0.0554903,0.0355573,0][1.22475,-1.61327,-0.556998][0.638462,-0.675639,-0.368617][0.0894177,0.0367326,0][1.48764,-1.43879,-0.430671][0.611073,-0.759686,-0.222413][0.0548346,0.0538054,0][1.4909,-1.45487,-0.366783][0.611073,-0.759686,-0.222412][0.0458675,0.0488846,0][1.38264,-1.54969,-0.340367][0.611073,-0.759686,-0.222413][0.0554903,0.0355573,0][1.29271,-1.61327,-0.370273][0.669455,-0.701754,-0.243663][0.0766691,0.0261768,0][1.22475,-1.61327,-0.556998][0.638462,-0.675639,-0.368617][0.0894177,0.0367326,0][1.38264,-1.54969,-0.340367][0.611073,-0.759686,-0.222413][0.0554903,0.0355573,0][-0.250654,0.390448,-2.39533][-0.738427,0.256726,-0.623552][0.97577,0.116509,0][-0.23832,0.376428,-2.41414][-0.702349,0.293082,-0.648698][0.973883,0.104048,0][-0.293653,0.259541,-2.42019][-0.648301,0.342116,-0.680192][0.976761,0.04264,0][-0.250654,0.390448,-2.39533][-0.738427,0.256726,-0.623552][0.97577,0.116509,0][-0.20699,0.509208,-2.41155][-0.79314,0.453461,-0.406573][0.970152,0.173033,0][-0.23832,0.376428,-2.41414][-0.702349,0.293082,-0.648698][0.973883,0.104048,0][-0.20699,0.509208,-2.41155][-0.79314,0.453461,-0.406573][0.970152,0.173033,0][-0.250654,0.390448,-2.39533][-0.738427,0.256726,-0.623552][0.97577,0.116509,0][-0.215219,0.510064,-2.3977][-0.796121,0.421278,-0.434414][0.971649,0.17722,0][-0.215219,0.510064,-2.3977][-0.796121,0.421278,-0.434414][0.971649,0.17722,0][-0.158816,0.574434,-2.40222][-0.588934,0.801095,-0.106788][0.969146,0.207281,0][-0.20699,0.509208,-2.41155][-0.79314,0.453461,-0.406573][0.970152,0.173033,0][-0.158816,0.574434,-2.40222][-0.588934,0.801095,-0.106788][0.969146,0.207281,0][-0.215219,0.510064,-2.3977][-0.796121,0.421278,-0.434414][0.971649,0.17722,0][-0.16317,0.570048,-2.38333][-0.540437,0.837999,-0.0754089][0.970663,0.210547,0][-0.16317,0.570048,-2.38333][-0.540437,0.837999,-0.0754089][0.970663,0.210547,0][-0.11434,0.586244,-2.35601][-0.293003,0.955236,0.0409174][0.974229,0.229128,0][-0.158816,0.574434,-2.40222][-0.588934,0.801095,-0.106788][0.969146,0.207281,0][-0.11434,0.586244,-2.35601][-0.293003,0.955236,0.0409174][0.974229,0.229128,0][-0.16317,0.570048,-2.38333][-0.540437,0.837999,-0.0754089][0.970663,0.210547,0][-0.119533,0.585226,-2.33324][-0.277749,0.959838,0.0395796][0.975567,0.233635,0][-0.119533,0.585226,-2.33324][-0.277749,0.959838,0.0395796][0.975567,0.233635,0][-0.000343011,0.612739,-2.31466][0.0257525,0.997449,0.0665771][0.976301,0.256442,0][-0.11434,0.586244,-2.35601][-0.293003,0.955236,0.0409174][0.974229,0.229128,0][0.000709152,0.61543,-2.35027][0.0575198,0.995892,0.0699278][0.975073,0.249664,0][-0.11434,0.586244,-2.35601][-0.293003,0.955236,0.0409174][0.974229,0.229128,0][-0.000343011,0.612739,-2.31466][0.0257525,0.997449,0.0665771][0.976301,0.256442,0][-1.07213,1.02313,0.433217][0.191894,0.614552,0.765181][0.974083,0.174898,0][-0.584896,1.09023,0.416534][-0.0517202,0.661563,0.748104][0.974083,0.0481899,0][-1.08825,1.08702,0.384571][0.17246,0.619815,0.765563][0.974083,0.173427,0][-0.582114,1.13707,0.366334][-0.0517202,0.661563,0.748104][0.974083,0.0401514,0][-1.08825,1.08702,0.384571][0.17246,0.619815,0.765563][0.974083,0.173427,0][-0.584896,1.09023,0.416534][-0.0517202,0.661563,0.748104][0.974083,0.0481899,0][-1.25677,1.05615,0.516585][0.302561,0.545097,0.781873][0.974083,0.221338,0][-1.07213,1.02313,0.433217][0.191894,0.614552,0.765181][0.974083,0.174898,0][-1.08825,1.08702,0.384571][0.17246,0.619815,0.765563][0.974083,0.173427,0][-1.26529,1.03179,0.527027][-0.139997,0.529552,0.836646][0.974083,0.229133,0][-1.07213,1.02313,0.433217][0.191894,0.614552,0.765181][0.974083,0.174898,0][-1.25677,1.05615,0.516585][0.302561,0.545097,0.781873][0.974083,0.221338,0][-1.25677,1.05615,0.516585][0.302561,0.545097,0.781873][0.974083,0.221338,0][-1.33129,0.971981,0.530983][-0.381618,0.473592,0.793775][0.974083,0.262387,0][-1.26529,1.03179,0.527027][-0.139997,0.529552,0.836646][0.974083,0.229133,0][-0.551675,-1.62837,-0.123316][-0.0511986,-0.533037,0.844542][0.977458,0.0440013,0][-0.806314,-1.60352,-0.123073][0.200926,-0.638594,0.74285][0.979676,0.123653,0][-0.827401,-1.63493,-0.144177][0.307026,-0.668051,0.677822][0.98106,0.127927,0][-0.958079,-1.6369,-0.0188267][0.27686,-0.708563,0.649066][0.975086,0.182568,0][-0.827401,-1.63493,-0.144177][0.307026,-0.668051,0.677822][0.98106,0.127927,0][-0.806314,-1.60352,-0.123073][0.200926,-0.638594,0.74285][0.979676,0.123653,0][-0.806314,-1.60352,-0.123073][0.200926,-0.638594,0.74285][0.979676,0.123653,0][-0.944519,-1.60933,0.00573714][0.318429,-0.709638,0.628503][0.973572,0.181028,0][-0.958079,-1.6369,-0.0188267][0.27686,-0.708563,0.649066][0.975086,0.182568,0][-0.958079,-1.6369,-0.0188267][0.27686,-0.708563,0.649066][0.975086,0.182568,0][-0.944519,-1.60933,0.00573714][0.318429,-0.709638,0.628503][0.973572,0.181028,0][-1.19408,-1.64273,-0.00784688][0.05084,-0.678067,0.73324][0.976532,0.257573,0][0.234045,0.765413,2.41487][0.802295,0.595986,-0.033513][0.826769,0.212731,0][0.228703,0.768551,2.63771][0.794206,0.599814,0.0972663][0.826769,0.23825,0][0.252847,0.69534,2.62919][0.992401,-0.121382,0.020188][0.848523,0.23825,0][0.234045,0.765413,2.41487][0.802295,0.595986,-0.033513][0.826769,0.212731,0][0.252847,0.69534,2.62919][0.992401,-0.121382,0.020188][0.848523,0.23825,0][0.258754,0.690631,2.42472][0.989844,-0.139812,0.0257115][0.848523,0.212731,0][0.258754,0.690631,2.42472][0.989844,-0.139812,0.0257115][0.848523,0.212731,0][0.258754,0.586211,1.63156][0.987573,-0.155819,0.0205138][0.848523,0.176872,0][0.234045,0.765413,2.41487][0.802295,0.595986,-0.033513][0.826769,0.212731,0][0.258754,0.690631,2.42472][0.989844,-0.139812,0.0257115][0.848523,0.212731,0][0.169357,0.569632,2.44065][0.486217,-0.8704,0.0774378][0.883595,0.212731,0][0.258754,0.586211,1.63156][0.987573,-0.155819,0.0205138][0.848523,0.176872,0][0.169357,0.569632,2.44065][0.486217,-0.8704,0.0774378][0.883595,0.212731,0][0.258754,0.690631,2.42472][0.989844,-0.139812,0.0257115][0.848523,0.212731,0][0.252847,0.69534,2.62919][0.992401,-0.121382,0.020188][0.848523,0.23825,0][0.169357,0.465212,1.64749][0.452258,-0.884257,0.116414][0.883595,0.176872,0][0.258754,0.586211,1.63156][0.987573,-0.155819,0.0205138][0.848523,0.176872,0][0.169357,0.569632,2.44065][0.486217,-0.8704,0.0774378][0.883595,0.212731,0][0.165492,0.576883,2.6154][0.467767,-0.881097,-0.0697307][0.883595,0.23825,0][0.169357,0.569632,2.44065][0.486217,-0.8704,0.0774378][0.883595,0.212731,0][0.252847,0.69534,2.62919][0.992401,-0.121382,0.020188][0.848523,0.23825,0][0.234045,0.660992,1.62171][0.807166,0.585274,-0.0770525][0.826769,0.176872,0][0.234045,0.765413,2.41487][0.802295,0.595986,-0.033513][0.826769,0.212731,0][0.258754,0.586211,1.63156][0.987573,-0.155819,0.0205138][0.848523,0.176872,0][0.252847,0.69534,2.62919][0.992401,-0.121382,0.020188][0.848523,0.23825,0][0.161518,0.54856,2.7387][0.474853,-0.814014,-0.334509][0.883595,0.260298,0][0.165492,0.576883,2.6154][0.467767,-0.881097,-0.0697307][0.883595,0.23825,0][0.234045,0.765413,2.41487][0.802295,0.595986,-0.033513][0.826769,0.212731,0][0.234045,0.660992,1.62171][0.807166,0.585274,-0.0770525][0.826769,0.176872,0][0.169358,0.81163,2.40879][0.368104,0.92768,-0.0625188][0.802394,0.212731,0][0.169358,0.81163,2.40879][0.368104,0.92768,-0.0625188][0.802394,0.212731,0][0.228703,0.768551,2.63771][0.794206,0.599814,0.0972663][0.826769,0.23825,0][0.234045,0.765413,2.41487][0.802295,0.595986,-0.033513][0.826769,0.212731,0][0.169358,0.81163,2.40879][0.368104,0.92768,-0.0625188][0.802394,0.212731,0][0.234045,0.660992,1.62171][0.807166,0.585274,-0.0770525][0.826769,0.176872,0][0.169358,0.707209,1.61563][0.370655,0.920825,-0.121228][0.802394,0.176872,0][0.169358,0.81163,2.40879][0.368104,0.92768,-0.0625188][0.802394,0.212731,0][0.169358,0.707209,1.61563][0.370655,0.920825,-0.121228][0.802394,0.176872,0][3.66076e-06,0.834433,2.40578][4.7488e-07,0.9976,-0.0692371][0.782966,0.212731,0][3.66076e-06,0.834433,2.40578][4.7488e-07,0.9976,-0.0692371][0.782966,0.212731,0][0.169358,0.707209,1.61563][0.370655,0.920825,-0.121228][0.802394,0.176872,0][3.61723e-06,0.730013,1.61263][2.10616e-07,0.991445,-0.130526][0.782966,0.176872,0][3.66076e-06,0.834433,2.40578][4.7488e-07,0.9976,-0.0692371][0.782966,0.212731,0][0.165492,0.813797,2.64298][0.363524,0.922666,0.1286][0.802394,0.23825,0][0.169358,0.81163,2.40879][0.368104,0.92768,-0.0625188][0.802394,0.212731,0][0.228703,0.768551,2.63771][0.794206,0.599814,0.0972663][0.826769,0.23825,0][0.169358,0.81163,2.40879][0.368104,0.92768,-0.0625188][0.802394,0.212731,0][0.165492,0.813797,2.64298][0.363524,0.922666,0.1286][0.802394,0.23825,0][0.165492,0.813797,2.64298][0.363524,0.922666,0.1286][0.802394,0.23825,0][3.66076e-06,0.834433,2.40578][4.7488e-07,0.9976,-0.0692371][0.782966,0.212731,0][3.62108e-06,0.836122,2.64558][2.47102e-07,0.991023,0.133694][0.782966,0.23825,0][0.161518,0.54856,2.7387][0.474853,-0.814014,-0.334509][0.883595,0.260298,0][0.252847,0.69534,2.62919][0.992401,-0.121382,0.020188][0.848523,0.23825,0][0.246775,0.653941,2.78812][0.993568,-0.113053,-0.00640917][0.848523,0.260298,0][0.228703,0.768551,2.63771][0.794206,0.599814,0.0972663][0.826769,0.23825,0][0.246775,0.653941,2.78812][0.993568,-0.113053,-0.00640917][0.848523,0.260298,0][0.252847,0.69534,2.62919][0.992401,-0.121382,0.020188][0.848523,0.23825,0][0.246775,0.653941,2.78812][0.993568,-0.113053,-0.00640917][0.848523,0.260298,0][0.157481,0.496429,2.81729][0.479215,-0.624353,-0.616876][0.883595,0.27679,0][0.161518,0.54856,2.7387][0.474853,-0.814014,-0.334509][0.883595,0.260298,0][0.165492,0.813797,2.64298][0.363524,0.922666,0.1286][0.802394,0.23825,0][0.223211,0.719071,2.81866][0.790374,0.540387,0.288602][0.826769,0.260298,0][0.228703,0.768551,2.63771][0.794206,0.599814,0.0972663][0.826769,0.23825,0][0.246775,0.653941,2.78812][0.993568,-0.113053,-0.00640917][0.848523,0.260298,0][0.228703,0.768551,2.63771][0.794206,0.599814,0.0972663][0.826769,0.23825,0][0.223211,0.719071,2.81866][0.790374,0.540387,0.288602][0.826769,0.260298,0][0.157481,0.496429,2.81729][0.479215,-0.624353,-0.616876][0.883595,0.27679,0][0.246775,0.653941,2.78812][0.993568,-0.113053,-0.00640917][0.848523,0.260298,0][0.240608,0.572854,2.90118][0.994248,-0.0993704,-0.0399556][0.848523,0.27679,0][0.223211,0.719071,2.81866][0.790374,0.540387,0.288602][0.826769,0.260298,0][0.240608,0.572854,2.90118][0.994248,-0.0993704,-0.0399556][0.848523,0.27679,0][0.246775,0.653941,2.78812][0.993568,-0.113053,-0.00640917][0.848523,0.260298,0][0.240608,0.572854,2.90118][0.994248,-0.0993704,-0.0399556][0.848523,0.27679,0][0.153408,0.422043,2.86368][0.475988,-0.327386,-0.816244][0.883595,0.291366,0][0.157481,0.496429,2.81729][0.479215,-0.624353,-0.616876][0.883595,0.27679,0][3.62108e-06,0.836122,2.64558][2.47102e-07,0.991023,0.133694][0.782966,0.23825,0][0.161518,0.759323,2.83754][0.361638,0.833599,0.417528][0.802394,0.260298,0][0.165492,0.813797,2.64298][0.363524,0.922666,0.1286][0.802394,0.23825,0][0.223211,0.719071,2.81866][0.790374,0.540387,0.288602][0.826769,0.260298,0][0.165492,0.813797,2.64298][0.363524,0.922666,0.1286][0.802394,0.23825,0][0.161518,0.759323,2.83754][0.361638,0.833599,0.417528][0.802394,0.260298,0][0.161518,0.759323,2.83754][0.361638,0.833599,0.417528][0.802394,0.260298,0][3.62108e-06,0.836122,2.64558][2.47102e-07,0.991023,0.133694][0.782966,0.23825,0][3.57073e-06,0.779183,2.84685][-3.65924e-07,0.896363,0.44332][0.782966,0.260298,0][0.161518,0.759323,2.83754][0.361638,0.833599,0.417528][0.802394,0.260298,0][0.217632,0.620087,2.95303][0.788024,0.3897,0.476605][0.826769,0.27679,0][0.223211,0.719071,2.81866][0.790374,0.540387,0.288602][0.826769,0.260298,0][0.240608,0.572854,2.90118][0.994248,-0.0993704,-0.0399556][0.848523,0.27679,0][0.223211,0.719071,2.81866][0.790374,0.540387,0.288602][0.826769,0.260298,0][0.217632,0.620087,2.95303][0.788024,0.3897,0.476605][0.826769,0.27679,0][3.57073e-06,0.779183,2.84685][-3.65924e-07,0.896363,0.44332][0.782966,0.260298,0][0.157481,0.649278,2.98507][0.360578,0.611148,0.704614][0.802394,0.27679,0][0.161518,0.759323,2.83754][0.361638,0.833599,0.417528][0.802394,0.260298,0][0.217632,0.620087,2.95303][0.788024,0.3897,0.476605][0.826769,0.27679,0][0.161518,0.759323,2.83754][0.361638,0.833599,0.417528][0.802394,0.260298,0][0.157481,0.649278,2.98507][0.360578,0.611148,0.704614][0.802394,0.27679,0][0.157481,0.649278,2.98507][0.360578,0.611148,0.704614][0.802394,0.27679,0][3.57073e-06,0.779183,2.84685][-3.65924e-07,0.896363,0.44332][0.782966,0.260298,0][3.4725e-06,0.663681,3.00088][-4.18107e-07,0.659529,0.751679][0.782966,0.27679,0][3.38806e-06,0.50182,3.09208][-3.36982e-07,0.315388,0.948963][0.782966,0.291366,0][0.157481,0.649278,2.98507][0.360578,0.611148,0.704614][0.802394,0.27679,0][3.4725e-06,0.663681,3.00088][-4.18107e-07,0.659529,0.751679][0.782966,0.27679,0][0.157481,0.649278,2.98507][0.360578,0.611148,0.704614][0.802394,0.27679,0][3.38806e-06,0.50182,3.09208][-3.36982e-07,0.315388,0.948963][0.782966,0.291366,0][0.153408,0.49495,3.07241][0.360832,0.288725,0.886814][0.802394,0.291366,0][0.153408,0.49495,3.07241][0.360832,0.288725,0.886814][0.802394,0.291366,0][0.217632,0.620087,2.95303][0.788024,0.3897,0.476605][0.826769,0.27679,0][0.157481,0.649278,2.98507][0.360578,0.611148,0.704614][0.802394,0.27679,0][3.28246e-06,0.31603,3.11625][-4.4404e-07,-0.0242744,0.999705][0.782966,0.307812,0][0.153408,0.49495,3.07241][0.360832,0.288725,0.886814][0.802394,0.291366,0][3.38806e-06,0.50182,3.09208][-3.36982e-07,0.315388,0.948963][0.782966,0.291366,0][0.212004,0.481026,3.03254][0.788772,0.172698,0.589927][0.826769,0.291366,0][0.240608,0.572854,2.90118][0.994248,-0.0993704,-0.0399556][0.848523,0.27679,0][0.217632,0.620087,2.95303][0.788024,0.3897,0.476605][0.826769,0.27679,0][0.217632,0.620087,2.95303][0.788024,0.3897,0.476605][0.826769,0.27679,0][0.153408,0.49495,3.07241][0.360832,0.288725,0.886814][0.802394,0.291366,0][0.212004,0.481026,3.03254][0.788772,0.172698,0.589927][0.826769,0.291366,0][0.240608,0.572854,2.90118][0.994248,-0.0993704,-0.0399556][0.848523,0.27679,0][0.212004,0.481026,3.03254][0.788772,0.172698,0.589927][0.826769,0.291366,0][0.234385,0.458497,2.96804][0.993908,-0.0758029,-0.0800025][0.848523,0.291366,0][0.240608,0.572854,2.90118][0.994248,-0.0993704,-0.0399556][0.848523,0.27679,0][0.234385,0.458497,2.96804][0.993908,-0.0758029,-0.0800025][0.848523,0.291366,0][0.153408,0.422043,2.86368][0.475988,-0.327386,-0.816244][0.883595,0.291366,0][0.149316,0.31623,3.09597][0.362292,-0.0281825,0.931638][0.802394,0.307812,0][0.212004,0.481026,3.03254][0.788772,0.172698,0.589927][0.826769,0.291366,0][0.153408,0.49495,3.07241][0.360832,0.288725,0.886814][0.802394,0.291366,0][0.153408,0.49495,3.07241][0.360832,0.288725,0.886814][0.802394,0.291366,0][3.28246e-06,0.31603,3.11625][-4.4404e-07,-0.0242744,0.999705][0.782966,0.307812,0][0.149316,0.31623,3.09597][0.362292,-0.0281825,0.931638][0.802394,0.307812,0][0.206349,0.316634,3.05487][0.791939,-0.0358724,0.609546][0.826769,0.307812,0][0.234385,0.458497,2.96804][0.993908,-0.0758029,-0.0800025][0.848523,0.291366,0][0.212004,0.481026,3.03254][0.788772,0.172698,0.589927][0.826769,0.291366,0][0.212004,0.481026,3.03254][0.788772,0.172698,0.589927][0.826769,0.291366,0][0.149316,0.31623,3.09597][0.362292,-0.0281825,0.931638][0.802394,0.307812,0][0.206349,0.316634,3.05487][0.791939,-0.0358724,0.609546][0.826769,0.307812,0][0.228134,0.317289,2.98837][0.99285,-0.0393933,-0.11268][0.848523,0.307812,0][0.153408,0.422043,2.86368][0.475988,-0.327386,-0.816244][0.883595,0.291366,0][0.234385,0.458497,2.96804][0.993908,-0.0758029,-0.0800025][0.848523,0.291366,0][0.234385,0.458497,2.96804][0.993908,-0.0758029,-0.0800025][0.848523,0.291366,0][0.206349,0.316634,3.05487][0.791939,-0.0358724,0.609546][0.826769,0.307812,0][0.228134,0.317289,2.98837][0.99285,-0.0393933,-0.11268][0.848523,0.307812,0][0.153408,0.422043,2.86368][0.475988,-0.327386,-0.816244][0.883595,0.291366,0][0.228134,0.317289,2.98837][0.99285,-0.0393933,-0.11268][0.848523,0.307812,0][0.149316,0.318348,2.88078][0.470066,-0.0240239,-0.882304][0.883595,0.307812,0][0.149316,0.31623,3.09597][0.362292,-0.0281825,0.931638][0.802394,0.307812,0][3.28246e-06,0.31603,3.11625][-4.4404e-07,-0.0242744,0.999705][0.782966,0.307812,0][0.145219,0.126726,3.06242][0.36406,-0.275458,0.88971][0.802394,0.322751,0][0.200686,0.137773,3.024][0.795342,-0.194073,0.574253][0.826769,0.322751,0][0.206349,0.316634,3.05487][0.791939,-0.0358724,0.609546][0.826769,0.307812,0][0.149316,0.31623,3.09597][0.362292,-0.0281825,0.931638][0.802394,0.307812,0][0.200686,0.137773,3.024][0.795342,-0.194073,0.574253][0.826769,0.322751,0][0.228134,0.317289,2.98837][0.99285,-0.0393933,-0.11268][0.848523,0.307812,0][0.206349,0.316634,3.05487][0.791939,-0.0358724,0.609546][0.826769,0.307812,0][0.149316,0.31623,3.09597][0.362292,-0.0281825,0.931638][0.802394,0.307812,0][0.145219,0.126726,3.06242][0.36406,-0.275458,0.88971][0.802394,0.322751,0][0.200686,0.137773,3.024][0.795342,-0.194073,0.574253][0.826769,0.322751,0][3.28246e-06,0.31603,3.11625][-4.4404e-07,-0.0242744,0.999705][0.782966,0.307812,0][3.17191e-06,0.121275,3.08137][-7.61849e-07,-0.290578,0.956851][0.782966,0.322751,0][0.145219,0.126726,3.06242][0.36406,-0.275458,0.88971][0.802394,0.322751,0][0.221873,0.155649,2.96184][0.991794,0.000141404,-0.12785][0.848523,0.322751,0][0.149316,0.318348,2.88078][0.470066,-0.0240239,-0.882304][0.883595,0.307812,0][0.228134,0.317289,2.98837][0.99285,-0.0393933,-0.11268][0.848523,0.307812,0][0.228134,0.317289,2.98837][0.99285,-0.0393933,-0.11268][0.848523,0.307812,0][0.200686,0.137773,3.024][0.795342,-0.194073,0.574253][0.826769,0.322751,0][0.221873,0.155649,2.96184][0.991794,0.000141404,-0.12785][0.848523,0.322751,0][0.149316,0.318348,2.88078][0.470066,-0.0240239,-0.882304][0.883595,0.307812,0][0.221873,0.155649,2.96184][0.991794,0.000141404,-0.12785][0.848523,0.322751,0][0.145219,0.184572,2.86127][0.465773,0.217945,-0.857645][0.883595,0.322751,0][0.195032,-0.0496373,2.94355][0.797803,-0.306167,0.519397][0.826769,0.341182,0][0.200686,0.137773,3.024][0.795342,-0.194073,0.574253][0.826769,0.322751,0][0.145219,0.126726,3.06242][0.36406,-0.275458,0.88971][0.802394,0.322751,0][0.195032,-0.0496373,2.94355][0.797803,-0.306167,0.519397][0.826769,0.341182,0][0.221873,0.155649,2.96184][0.991794,0.000141404,-0.12785][0.848523,0.322751,0][0.200686,0.137773,3.024][0.795342,-0.194073,0.574253][0.826769,0.322751,0][0.145219,0.126726,3.06242][0.36406,-0.275458,0.88971][0.802394,0.322751,0][3.17191e-06,0.121275,3.08137][-7.61849e-07,-0.290578,0.956851][0.782966,0.322751,0][0.141127,-0.0679514,2.97781][0.365405,-0.454474,0.812362][0.802394,0.341182,0][0.145219,0.126726,3.06242][0.36406,-0.275458,0.88971][0.802394,0.322751,0][0.141127,-0.0679514,2.97781][0.365405,-0.454474,0.812362][0.802394,0.341182,0][0.195032,-0.0496373,2.94355][0.797803,-0.306167,0.519397][0.826769,0.341182,0][3.17191e-06,0.121275,3.08137][-7.61849e-07,-0.290578,0.956851][0.782966,0.322751,0][3.08266e-06,-0.0769874,2.99471][-8.60116e-07,-0.484058,0.875036][0.782966,0.341182,0][0.141127,-0.0679514,2.97781][0.365405,-0.454474,0.812362][0.802394,0.341182,0][0.215621,-0.0200044,2.88812][0.991043,0.0345046,-0.129007][0.848523,0.341182,0][0.145219,0.184572,2.86127][0.465773,0.217945,-0.857645][0.883595,0.322751,0][0.221873,0.155649,2.96184][0.991794,0.000141404,-0.12785][0.848523,0.322751,0][0.221873,0.155649,2.96184][0.991794,0.000141404,-0.12785][0.848523,0.322751,0][0.195032,-0.0496373,2.94355][0.797803,-0.306167,0.519397][0.826769,0.341182,0][0.215621,-0.0200044,2.88812][0.991043,0.0345046,-0.129007][0.848523,0.341182,0][0.145219,0.184572,2.86127][0.465773,0.217945,-0.857645][0.883595,0.322751,0][0.215621,-0.0200044,2.88812][0.991043,0.0345046,-0.129007][0.848523,0.341182,0][0.141127,0.0279427,2.79843][0.463047,0.397018,-0.792442][0.883595,0.341182,0][0.209399,-0.203252,2.76688][0.99057,0.0620101,-0.122173][0.848523,0.361207,0][0.141127,0.0279427,2.79843][0.463047,0.397018,-0.792442][0.883595,0.341182,0][0.215621,-0.0200044,2.88812][0.991043,0.0345046,-0.129007][0.848523,0.341182,0][0.141127,0.0279427,2.79843][0.463047,0.397018,-0.792442][0.883595,0.341182,0][0.209399,-0.203252,2.76688][0.99057,0.0620101,-0.122173][0.848523,0.361207,0][0.137054,-0.142441,2.68905][0.461358,0.530252,-0.711324][0.883595,0.361207,0][0.189403,-0.240835,2.81498][0.799363,-0.387331,0.459341][0.826769,0.361207,0][0.215621,-0.0200044,2.88812][0.991043,0.0345046,-0.129007][0.848523,0.341182,0][0.195032,-0.0496373,2.94355][0.797803,-0.306167,0.519397][0.826769,0.341182,0][0.189403,-0.240835,2.81498][0.799363,-0.387331,0.459341][0.826769,0.361207,0][0.195032,-0.0496373,2.94355][0.797803,-0.306167,0.519397][0.826769,0.341182,0][0.141127,-0.0679514,2.97781][0.365405,-0.454474,0.812362][0.802394,0.341182,0][0.215621,-0.0200044,2.88812][0.991043,0.0345046,-0.129007][0.848523,0.341182,0][0.189403,-0.240835,2.81498][0.799363,-0.387331,0.459341][0.826769,0.361207,0][0.209399,-0.203252,2.76688][0.99057,0.0620101,-0.122173][0.848523,0.361207,0][0.209399,-0.203252,2.76688][0.99057,0.0620101,-0.122173][0.848523,0.361207,0][0.133018,-0.318139,2.5318][0.459957,0.632019,-0.623693][0.883595,0.381603,0][0.137054,-0.142441,2.68905][0.461358,0.530252,-0.711324][0.883595,0.361207,0][0.141127,-0.0679514,2.97781][0.365405,-0.454474,0.812362][0.802394,0.341182,0][3.08266e-06,-0.0769874,2.99471][-8.60116e-07,-0.484058,0.875036][0.782966,0.341182,0][0.137054,-0.264062,2.8447][0.366271,-0.585634,0.723103][0.802394,0.361207,0][0.141127,-0.0679514,2.97781][0.365405,-0.454474,0.812362][0.802394,0.341182,0][0.137054,-0.264062,2.8447][0.366271,-0.585634,0.723103][0.802394,0.361207,0][0.189403,-0.240835,2.81498][0.799363,-0.387331,0.459341][0.826769,0.361207,0][3.08266e-06,-0.0769874,2.99471][-8.60116e-07,-0.484058,0.875036][0.782966,0.341182,0][3.00397e-06,-0.275522,2.85937][-4.88174e-07,-0.626094,0.779748][0.782966,0.361207,0][0.137054,-0.264062,2.8447][0.366271,-0.585634,0.723103][0.802394,0.361207,0][0.133018,-0.318139,2.5318][0.459957,0.632019,-0.623693][0.883595,0.381603,0][0.209399,-0.203252,2.76688][0.99057,0.0620101,-0.122173][0.848523,0.361207,0][0.203231,-0.387674,2.59778][0.990145,0.0844407,-0.111729][0.848523,0.381603,0][0.203231,-0.387674,2.59778][0.990145,0.0844407,-0.111729][0.848523,0.381603,0][0.122088,-0.794864,1.9659][0.481954,0.665651,-0.569762][0.883595,0.405986,0][0.133018,-0.318139,2.5318][0.459957,0.632019,-0.623693][0.883595,0.381603,0][0.122088,-0.794864,1.9659][0.481954,0.665651,-0.569762][0.883595,0.405986,0][0.203231,-0.387674,2.59778][0.990145,0.0844407,-0.111729][0.848523,0.381603,0][0.186533,-0.880416,2.00027][0.997045,0.0432446,-0.0634925][0.848523,0.405986,0][0.209399,-0.203252,2.76688][0.99057,0.0620101,-0.122173][0.848523,0.361207,0][0.183825,-0.430649,2.63856][0.800881,-0.447776,0.3976][0.826769,0.381603,0][0.203231,-0.387674,2.59778][0.990145,0.0844407,-0.111729][0.848523,0.381603,0][0.183825,-0.430649,2.63856][0.800881,-0.447776,0.3976][0.826769,0.381603,0][0.186533,-0.880416,2.00027][0.997045,0.0432446,-0.0634925][0.848523,0.405986,0][0.203231,-0.387674,2.59778][0.990145,0.0844407,-0.111729][0.848523,0.381603,0][0.183825,-0.430649,2.63856][0.800881,-0.447776,0.3976][0.826769,0.381603,0][0.209399,-0.203252,2.76688][0.99057,0.0620101,-0.122173][0.848523,0.361207,0][0.189403,-0.240835,2.81498][0.799363,-0.387331,0.459341][0.826769,0.361207,0][0.183825,-0.430649,2.63856][0.800881,-0.447776,0.3976][0.826769,0.381603,0][0.189403,-0.240835,2.81498][0.799363,-0.387331,0.459341][0.826769,0.361207,0][0.137054,-0.264062,2.8447][0.366271,-0.585634,0.723103][0.802394,0.361207,0][0.186533,-0.880416,2.00027][0.997045,0.0432446,-0.0634925][0.848523,0.405986,0][0.183825,-0.430649,2.63856][0.800881,-0.447776,0.3976][0.826769,0.381603,0][0.168721,-0.93329,2.02151][0.775594,-0.498592,0.387117][0.826769,0.405986,0][0.183825,-0.430649,2.63856][0.800881,-0.447776,0.3976][0.826769,0.381603,0][0.122088,-0.965968,2.03463][0.351795,-0.730867,0.58487][0.802394,0.405986,0][0.168721,-0.93329,2.02151][0.775594,-0.498592,0.387117][0.826769,0.405986,0][0.137054,-0.264062,2.8447][0.366271,-0.585634,0.723103][0.802394,0.361207,0][0.133018,-0.457209,2.66376][0.36716,-0.684689,0.629598][0.802394,0.381603,0][0.183825,-0.430649,2.63856][0.800881,-0.447776,0.3976][0.826769,0.381603,0][0.122088,-0.965968,2.03463][0.351795,-0.730867,0.58487][0.802394,0.405986,0][0.183825,-0.430649,2.63856][0.800881,-0.447776,0.3976][0.826769,0.381603,0][0.133018,-0.457209,2.66376][0.36716,-0.684689,0.629598][0.802394,0.381603,0][0.137054,-0.264062,2.8447][0.366271,-0.585634,0.723103][0.802394,0.361207,0][3.00397e-06,-0.275522,2.85937][-4.88174e-07,-0.626094,0.779748][0.782966,0.361207,0][0.133018,-0.457209,2.66376][0.36716,-0.684689,0.629598][0.802394,0.381603,0][0.133018,-0.457209,2.66376][0.36716,-0.684689,0.629598][0.802394,0.381603,0][2.80052e-06,-0.982091,2.04111][-3.6866e-07,-0.778683,0.627418][0.782966,0.405986,0][0.122088,-0.965968,2.03463][0.351795,-0.730867,0.58487][0.802394,0.405986,0][3.00397e-06,-0.275522,2.85937][-4.88174e-07,-0.626094,0.779748][0.782966,0.361207,0][2.94009e-06,-0.470313,2.6762][-3.33024e-07,-0.733589,0.679594][0.782966,0.381603,0][0.133018,-0.457209,2.66376][0.36716,-0.684689,0.629598][0.802394,0.381603,0][2.80052e-06,-0.982091,2.04111][-3.6866e-07,-0.778683,0.627418][0.782966,0.405986,0][0.133018,-0.457209,2.66376][0.36716,-0.684689,0.629598][0.802394,0.381603,0][2.94009e-06,-0.470313,2.6762][-3.33024e-07,-0.733589,0.679594][0.782966,0.381603,0][-1.32335,0.170307,-1.08793][-0.3518,0.725568,-0.591428][0.973814,0.104703,0][-1.30233,0.12532,-1.15563][-0.3518,0.725568,-0.591428][0.973814,0.0910249,0][-1.35454,0.148746,-1.08357][-0.3518,0.725568,-0.591428][0.973814,0.100033,0][-1.30233,0.12532,-1.15563][-0.3518,0.725568,-0.591428][0.973814,0.0910249,0][-1.32335,0.170307,-1.08793][-0.3518,0.725568,-0.591428][0.973814,0.104703,0][-1.27285,0.136196,-1.14755][-0.3518,0.725568,-0.591428][0.973814,0.0939071,0][0.0437181,1.05264,1.46645][-0.996793,-0.00336153,0.0799514][0.974083,0.114495,0][0.0431113,1.04566,1.45859][-0.987058,0.159138,0.019798][0.974083,0.118756,0][0.0669125,0.971981,1.54089][-0.977041,-0.116064,0.178661][0.974083,0.0390426,0][0.051789,1.05843,1.40739][-0.40426,0.886818,0.223891][0.974083,0.161202,0][0.0431113,1.04566,1.45859][-0.987058,0.159138,0.019798][0.974083,0.118756,0][0.0437181,1.05264,1.46645][-0.996793,-0.00336153,0.0799514][0.974083,0.114495,0][0.051789,1.05843,1.40739][-0.40426,0.886818,0.223891][0.974083,0.161202,0][0.0354238,1.05251,1.40488][-0.362969,0.895386,0.257948][0.974083,0.161057,0][0.0431113,1.04566,1.45859][-0.987058,0.159138,0.019798][0.974083,0.118756,0][0.051789,1.05843,1.40739][-0.40426,0.886818,0.223891][0.974083,0.161202,0][0.00127291,1.08667,1.27318][-0.364896,0.873862,0.321273][0.974083,0.264198,0][0.0354238,1.05251,1.40488][-0.362969,0.895386,0.257948][0.974083,0.161057,0][0.0198405,1.06062,1.40911][0.645097,0.715205,0.268946][0.974083,0.162096,0][0.0354238,1.05251,1.40488][0.605993,0.762659,0.226106][0.974083,0.161057,0][0.00127291,1.08667,1.27318][0.480437,0.87115,0.101376][0.974083,0.264198,0][0.940629,1.05615,1.06139][0.644188,0.7234,-0.248424][0.974083,0.246129,0][1.03619,0.971981,1.06409][0.644188,0.7234,-0.248424][0.974083,0.265175,0][0.950026,1.03211,1.01574][0.644188,0.7234,-0.248424][0.974083,0.24287,0][-0.165485,0.813797,2.64298][-0.363524,0.922666,0.1286][0.802394,0.23825,0][3.66076e-06,0.834433,2.40578][4.7488e-07,0.9976,-0.0692371][0.782966,0.212731,0][-0.16935,0.81163,2.40879][-0.368104,0.92768,-0.0625187][0.802394,0.212731,0][-0.16935,0.70721,1.61563][-0.370656,0.920825,-0.121228][0.802394,0.176872,0][3.66076e-06,0.834433,2.40578][4.7488e-07,0.9976,-0.0692371][0.782966,0.212731,0][3.61723e-06,0.730013,1.61263][2.10616e-07,0.991445,-0.130526][0.782966,0.176872,0][3.66076e-06,0.834433,2.40578][4.7488e-07,0.9976,-0.0692371][0.782966,0.212731,0][-0.16935,0.70721,1.61563][-0.370656,0.920825,-0.121228][0.802394,0.176872,0][-0.16935,0.81163,2.40879][-0.368104,0.92768,-0.0625187][0.802394,0.212731,0][-0.234038,0.660992,1.62172][-0.807168,0.585272,-0.0770521][0.826769,0.176872,0][-0.16935,0.81163,2.40879][-0.368104,0.92768,-0.0625187][0.802394,0.212731,0][-0.16935,0.70721,1.61563][-0.370656,0.920825,-0.121228][0.802394,0.176872,0][3.66076e-06,0.834433,2.40578][4.7488e-07,0.9976,-0.0692371][0.782966,0.212731,0][-0.165485,0.813797,2.64298][-0.363524,0.922666,0.1286][0.802394,0.23825,0][3.62108e-06,0.836122,2.64558][2.47102e-07,0.991023,0.133694][0.782966,0.23825,0][-0.16935,0.81163,2.40879][-0.368104,0.92768,-0.0625187][0.802394,0.212731,0][-0.234038,0.660992,1.62172][-0.807168,0.585272,-0.0770521][0.826769,0.176872,0][-0.234038,0.765412,2.41487][-0.802297,0.595984,-0.0335131][0.826769,0.212731,0][-0.258746,0.58621,1.63156][-0.987572,-0.155822,0.0205142][0.848523,0.176872,0][-0.234038,0.765412,2.41487][-0.802297,0.595984,-0.0335131][0.826769,0.212731,0][-0.234038,0.660992,1.62172][-0.807168,0.585272,-0.0770521][0.826769,0.176872,0][-0.16935,0.81163,2.40879][-0.368104,0.92768,-0.0625187][0.802394,0.212731,0][-0.228696,0.768551,2.63771][-0.794207,0.599813,0.097266][0.826769,0.23825,0][-0.165485,0.813797,2.64298][-0.363524,0.922666,0.1286][0.802394,0.23825,0][-0.228696,0.768551,2.63771][-0.794207,0.599813,0.097266][0.826769,0.23825,0][-0.16935,0.81163,2.40879][-0.368104,0.92768,-0.0625187][0.802394,0.212731,0][-0.234038,0.765412,2.41487][-0.802297,0.595984,-0.0335131][0.826769,0.212731,0][-0.234038,0.765412,2.41487][-0.802297,0.595984,-0.0335131][0.826769,0.212731,0][-0.258746,0.58621,1.63156][-0.987572,-0.155822,0.0205142][0.848523,0.176872,0][-0.258746,0.690631,2.42472][-0.997293,-0.0711152,0.0186735][0.848523,0.212731,0][-0.16935,0.55614,2.33816][-0.485873,-0.866552,0.114083][0.883595,0.212731,0][-0.258746,0.690631,2.42472][-0.997293,-0.0711152,0.0186735][0.848523,0.212731,0][-0.258746,0.58621,1.63156][-0.987572,-0.155822,0.0205142][0.848523,0.176872,0][-0.16935,0.465212,1.64749][-0.452258,-0.884257,0.116414][0.883595,0.176872,0][-0.16935,0.55614,2.33816][-0.485873,-0.866552,0.114083][0.883595,0.212731,0][-0.258746,0.58621,1.63156][-0.987572,-0.155822,0.0205142][0.848523,0.176872,0][-0.25284,0.69534,2.62919][-0.992398,-0.121409,0.0201329][0.848523,0.23825,0][-0.234038,0.765412,2.41487][-0.802297,0.595984,-0.0335131][0.826769,0.212731,0][-0.258746,0.690631,2.42472][-0.997293,-0.0711152,0.0186735][0.848523,0.212731,0][-0.234038,0.765412,2.41487][-0.802297,0.595984,-0.0335131][0.826769,0.212731,0][-0.25284,0.69534,2.62919][-0.992398,-0.121409,0.0201329][0.848523,0.23825,0][-0.228696,0.768551,2.63771][-0.794207,0.599813,0.097266][0.826769,0.23825,0][-0.25284,0.69534,2.62919][-0.992398,-0.121409,0.0201329][0.848523,0.23825,0][-0.258746,0.690631,2.42472][-0.997293,-0.0711152,0.0186735][0.848523,0.212731,0][-0.1689,0.570477,2.46101][-0.473871,-0.879442,0.0450265][0.883595,0.212731,0][-0.165485,0.576883,2.6154][-0.467768,-0.881097,-0.069731][0.883595,0.23825,0][-0.25284,0.69534,2.62919][-0.992398,-0.121409,0.0201329][0.848523,0.23825,0][-0.1689,0.570477,2.46101][-0.473871,-0.879442,0.0450265][0.883595,0.212731,0][-0.16151,0.54856,2.7387][-0.474853,-0.814013,-0.33451][0.883595,0.260298,0][-0.25284,0.69534,2.62919][-0.992398,-0.121409,0.0201329][0.848523,0.23825,0][-0.165485,0.576883,2.6154][-0.467768,-0.881097,-0.069731][0.883595,0.23825,0][-0.25284,0.69534,2.62919][-0.992398,-0.121409,0.0201329][0.848523,0.23825,0][-0.16151,0.54856,2.7387][-0.474853,-0.814013,-0.33451][0.883595,0.260298,0][-0.246768,0.653941,2.78812][-0.993568,-0.113054,-0.00641057][0.848523,0.260298,0][-0.246768,0.653941,2.78812][-0.993568,-0.113054,-0.00641057][0.848523,0.260298,0][-0.228696,0.768551,2.63771][-0.794207,0.599813,0.097266][0.826769,0.23825,0][-0.25284,0.69534,2.62919][-0.992398,-0.121409,0.0201329][0.848523,0.23825,0][-0.157474,0.496429,2.81729][-0.479216,-0.624352,-0.616876][0.883595,0.27679,0][-0.246768,0.653941,2.78812][-0.993568,-0.113054,-0.00641057][0.848523,0.260298,0][-0.16151,0.54856,2.7387][-0.474853,-0.814013,-0.33451][0.883595,0.260298,0][-0.246768,0.653941,2.78812][-0.993568,-0.113054,-0.00641057][0.848523,0.260298,0][-0.157474,0.496429,2.81729][-0.479216,-0.624352,-0.616876][0.883595,0.27679,0][-0.240601,0.572854,2.90118][-0.994248,-0.0993708,-0.0399577][0.848523,0.27679,0][-0.228696,0.768551,2.63771][-0.794207,0.599813,0.097266][0.826769,0.23825,0][-0.246768,0.653941,2.78812][-0.993568,-0.113054,-0.00641057][0.848523,0.260298,0][-0.223204,0.71907,2.81866][-0.790375,0.540386,0.288602][0.826769,0.260298,0][-0.223204,0.71907,2.81866][-0.790375,0.540386,0.288602][0.826769,0.260298,0][-0.165485,0.813797,2.64298][-0.363524,0.922666,0.1286][0.802394,0.23825,0][-0.228696,0.768551,2.63771][-0.794207,0.599813,0.097266][0.826769,0.23825,0][-0.240601,0.572854,2.90118][-0.994248,-0.0993708,-0.0399577][0.848523,0.27679,0][-0.223204,0.71907,2.81866][-0.790375,0.540386,0.288602][0.826769,0.260298,0][-0.246768,0.653941,2.78812][-0.993568,-0.113054,-0.00641057][0.848523,0.260298,0][-0.153401,0.422044,2.86368][-0.475988,-0.327386,-0.816244][0.883595,0.291366,0][-0.240601,0.572854,2.90118][-0.994248,-0.0993708,-0.0399577][0.848523,0.27679,0][-0.157474,0.496429,2.81729][-0.479216,-0.624352,-0.616876][0.883595,0.27679,0][-0.165485,0.813797,2.64298][-0.363524,0.922666,0.1286][0.802394,0.23825,0][-0.223204,0.71907,2.81866][-0.790375,0.540386,0.288602][0.826769,0.260298,0][-0.161511,0.759323,2.83754][-0.361638,0.8336,0.417528][0.802394,0.260298,0][-0.161511,0.759323,2.83754][-0.361638,0.8336,0.417528][0.802394,0.260298,0][3.62108e-06,0.836122,2.64558][2.47102e-07,0.991023,0.133694][0.782966,0.23825,0][-0.165485,0.813797,2.64298][-0.363524,0.922666,0.1286][0.802394,0.23825,0][3.62108e-06,0.836122,2.64558][2.47102e-07,0.991023,0.133694][0.782966,0.23825,0][-0.161511,0.759323,2.83754][-0.361638,0.8336,0.417528][0.802394,0.260298,0][3.57073e-06,0.779183,2.84685][-3.65924e-07,0.896363,0.44332][0.782966,0.260298,0][-0.217625,0.620087,2.95303][-0.788025,0.3897,0.476604][0.826769,0.27679,0][-0.161511,0.759323,2.83754][-0.361638,0.8336,0.417528][0.802394,0.260298,0][-0.223204,0.71907,2.81866][-0.790375,0.540386,0.288602][0.826769,0.260298,0][-0.223204,0.71907,2.81866][-0.790375,0.540386,0.288602][0.826769,0.260298,0][-0.240601,0.572854,2.90118][-0.994248,-0.0993708,-0.0399577][0.848523,0.27679,0][-0.217625,0.620087,2.95303][-0.788025,0.3897,0.476604][0.826769,0.27679,0][-0.157474,0.649279,2.98507][-0.360578,0.611148,0.704614][0.802394,0.27679,0][3.57073e-06,0.779183,2.84685][-3.65924e-07,0.896363,0.44332][0.782966,0.260298,0][-0.161511,0.759323,2.83754][-0.361638,0.8336,0.417528][0.802394,0.260298,0][-0.161511,0.759323,2.83754][-0.361638,0.8336,0.417528][0.802394,0.260298,0][-0.217625,0.620087,2.95303][-0.788025,0.3897,0.476604][0.826769,0.27679,0][-0.157474,0.649279,2.98507][-0.360578,0.611148,0.704614][0.802394,0.27679,0][3.57073e-06,0.779183,2.84685][-3.65924e-07,0.896363,0.44332][0.782966,0.260298,0][-0.157474,0.649279,2.98507][-0.360578,0.611148,0.704614][0.802394,0.27679,0][3.4725e-06,0.663681,3.00088][-4.18107e-07,0.659529,0.751679][0.782966,0.27679,0][3.4725e-06,0.663681,3.00088][-4.18107e-07,0.659529,0.751679][0.782966,0.27679,0][-0.157474,0.649279,2.98507][-0.360578,0.611148,0.704614][0.802394,0.27679,0][3.38806e-06,0.50182,3.09208][-3.36982e-07,0.315388,0.948963][0.782966,0.291366,0][-0.157474,0.649279,2.98507][-0.360578,0.611148,0.704614][0.802394,0.27679,0][-0.153401,0.49495,3.07241][-0.360832,0.288725,0.886814][0.802394,0.291366,0][3.38806e-06,0.50182,3.09208][-3.36982e-07,0.315388,0.948963][0.782966,0.291366,0][-0.153401,0.49495,3.07241][-0.360832,0.288725,0.886814][0.802394,0.291366,0][-0.157474,0.649279,2.98507][-0.360578,0.611148,0.704614][0.802394,0.27679,0][-0.217625,0.620087,2.95303][-0.788025,0.3897,0.476604][0.826769,0.27679,0][3.38806e-06,0.50182,3.09208][-3.36982e-07,0.315388,0.948963][0.782966,0.291366,0][-0.153401,0.49495,3.07241][-0.360832,0.288725,0.886814][0.802394,0.291366,0][3.28246e-06,0.31603,3.11625][-4.4404e-07,-0.0242744,0.999705][0.782966,0.307812,0][-0.240601,0.572854,2.90118][-0.994248,-0.0993708,-0.0399577][0.848523,0.27679,0][-0.211997,0.481026,3.03254][-0.788773,0.172698,0.589925][0.826769,0.291366,0][-0.217625,0.620087,2.95303][-0.788025,0.3897,0.476604][0.826769,0.27679,0][-0.217625,0.620087,2.95303][-0.788025,0.3897,0.476604][0.826769,0.27679,0][-0.211997,0.481026,3.03254][-0.788773,0.172698,0.589925][0.826769,0.291366,0][-0.153401,0.49495,3.07241][-0.360832,0.288725,0.886814][0.802394,0.291366,0][-0.240601,0.572854,2.90118][-0.994248,-0.0993708,-0.0399577][0.848523,0.27679,0][-0.234378,0.458497,2.96804][-0.993908,-0.075803,-0.0800048][0.848523,0.291366,0][-0.211997,0.481026,3.03254][-0.788773,0.172698,0.589925][0.826769,0.291366,0][-0.240601,0.572854,2.90118][-0.994248,-0.0993708,-0.0399577][0.848523,0.27679,0][-0.153401,0.422044,2.86368][-0.475988,-0.327386,-0.816244][0.883595,0.291366,0][-0.234378,0.458497,2.96804][-0.993908,-0.075803,-0.0800048][0.848523,0.291366,0][-0.14931,0.31623,3.09597][-0.362292,-0.0281826,0.931638][0.802394,0.307812,0][-0.153401,0.49495,3.07241][-0.360832,0.288725,0.886814][0.802394,0.291366,0][-0.211997,0.481026,3.03254][-0.788773,0.172698,0.589925][0.826769,0.291366,0][-0.153401,0.49495,3.07241][-0.360832,0.288725,0.886814][0.802394,0.291366,0][-0.14931,0.31623,3.09597][-0.362292,-0.0281826,0.931638][0.802394,0.307812,0][3.28246e-06,0.31603,3.11625][-4.4404e-07,-0.0242744,0.999705][0.782966,0.307812,0][-0.206343,0.316634,3.05487][-0.79194,-0.0358719,0.609544][0.826769,0.307812,0][-0.211997,0.481026,3.03254][-0.788773,0.172698,0.589925][0.826769,0.291366,0][-0.234378,0.458497,2.96804][-0.993908,-0.075803,-0.0800048][0.848523,0.291366,0][-0.211997,0.481026,3.03254][-0.788773,0.172698,0.589925][0.826769,0.291366,0][-0.206343,0.316634,3.05487][-0.79194,-0.0358719,0.609544][0.826769,0.307812,0][-0.14931,0.31623,3.09597][-0.362292,-0.0281826,0.931638][0.802394,0.307812,0][-0.153401,0.422044,2.86368][-0.475988,-0.327386,-0.816244][0.883595,0.291366,0][-0.228127,0.317289,2.98837][-0.99285,-0.0393918,-0.112683][0.848523,0.307812,0][-0.234378,0.458497,2.96804][-0.993908,-0.075803,-0.0800048][0.848523,0.291366,0][-0.234378,0.458497,2.96804][-0.993908,-0.075803,-0.0800048][0.848523,0.291366,0][-0.228127,0.317289,2.98837][-0.99285,-0.0393918,-0.112683][0.848523,0.307812,0][-0.206343,0.316634,3.05487][-0.79194,-0.0358719,0.609544][0.826769,0.307812,0][-0.153401,0.422044,2.86368][-0.475988,-0.327386,-0.816244][0.883595,0.291366,0][-0.14931,0.318348,2.88078][-0.470066,-0.0240231,-0.882304][0.883595,0.307812,0][-0.228127,0.317289,2.98837][-0.99285,-0.0393918,-0.112683][0.848523,0.307812,0][-0.145212,0.126726,3.06241][-0.36406,-0.275457,0.88971][0.802394,0.322751,0][3.28246e-06,0.31603,3.11625][-4.4404e-07,-0.0242744,0.999705][0.782966,0.307812,0][-0.14931,0.31623,3.09597][-0.362292,-0.0281826,0.931638][0.802394,0.307812,0][3.28246e-06,0.31603,3.11625][-4.4404e-07,-0.0242744,0.999705][0.782966,0.307812,0][-0.145212,0.126726,3.06241][-0.36406,-0.275457,0.88971][0.802394,0.322751,0][3.17191e-06,0.121275,3.08137][-7.61849e-07,-0.290578,0.956851][0.782966,0.322751,0][-0.20068,0.137774,3.024][-0.795343,-0.194071,0.574252][0.826769,0.322751,0][-0.14931,0.31623,3.09597][-0.362292,-0.0281826,0.931638][0.802394,0.307812,0][-0.206343,0.316634,3.05487][-0.79194,-0.0358719,0.609544][0.826769,0.307812,0][-0.20068,0.137774,3.024][-0.795343,-0.194071,0.574252][0.826769,0.322751,0][-0.206343,0.316634,3.05487][-0.79194,-0.0358719,0.609544][0.826769,0.307812,0][-0.228127,0.317289,2.98837][-0.99285,-0.0393918,-0.112683][0.848523,0.307812,0][-0.14931,0.31623,3.09597][-0.362292,-0.0281826,0.931638][0.802394,0.307812,0][-0.20068,0.137774,3.024][-0.795343,-0.194071,0.574252][0.826769,0.322751,0][-0.145212,0.126726,3.06241][-0.36406,-0.275457,0.88971][0.802394,0.322751,0][-0.221866,0.155649,2.96184][-0.991793,0.000143897,-0.127853][0.848523,0.322751,0][-0.228127,0.317289,2.98837][-0.99285,-0.0393918,-0.112683][0.848523,0.307812,0][-0.14931,0.318348,2.88078][-0.470066,-0.0240231,-0.882304][0.883595,0.307812,0][-0.228127,0.317289,2.98837][-0.99285,-0.0393918,-0.112683][0.848523,0.307812,0][-0.221866,0.155649,2.96184][-0.991793,0.000143897,-0.127853][0.848523,0.322751,0][-0.20068,0.137774,3.024][-0.795343,-0.194071,0.574252][0.826769,0.322751,0][-0.14931,0.318348,2.88078][-0.470066,-0.0240231,-0.882304][0.883595,0.307812,0][-0.145212,0.184572,2.86127][-0.465772,0.217946,-0.857646][0.883595,0.322751,0][-0.221866,0.155649,2.96184][-0.991793,0.000143897,-0.127853][0.848523,0.322751,0][-0.195026,-0.049637,2.94355][-0.797804,-0.306165,0.519396][0.826769,0.341182,0][-0.145212,0.126726,3.06241][-0.36406,-0.275457,0.88971][0.802394,0.322751,0][-0.20068,0.137774,3.024][-0.795343,-0.194071,0.574252][0.826769,0.322751,0][-0.195026,-0.049637,2.94355][-0.797804,-0.306165,0.519396][0.826769,0.341182,0][-0.20068,0.137774,3.024][-0.795343,-0.194071,0.574252][0.826769,0.322751,0][-0.221866,0.155649,2.96184][-0.991793,0.000143897,-0.127853][0.848523,0.322751,0][-0.141121,-0.0679513,2.97781][-0.365405,-0.454473,0.812363][0.802394,0.341182,0][3.17191e-06,0.121275,3.08137][-7.61849e-07,-0.290578,0.956851][0.782966,0.322751,0][-0.145212,0.126726,3.06241][-0.36406,-0.275457,0.88971][0.802394,0.322751,0][-0.145212,0.126726,3.06241][-0.36406,-0.275457,0.88971][0.802394,0.322751,0][-0.195026,-0.049637,2.94355][-0.797804,-0.306165,0.519396][0.826769,0.341182,0][-0.141121,-0.0679513,2.97781][-0.365405,-0.454473,0.812363][0.802394,0.341182,0][3.17191e-06,0.121275,3.08137][-7.61849e-07,-0.290578,0.956851][0.782966,0.322751,0][-0.141121,-0.0679513,2.97781][-0.365405,-0.454473,0.812363][0.802394,0.341182,0][3.08266e-06,-0.0769874,2.99471][-8.60116e-07,-0.484058,0.875036][0.782966,0.341182,0][-0.215615,-0.0200042,2.88812][-0.991043,0.0345068,-0.129009][0.848523,0.341182,0][-0.221866,0.155649,2.96184][-0.991793,0.000143897,-0.127853][0.848523,0.322751,0][-0.145212,0.184572,2.86127][-0.465772,0.217946,-0.857646][0.883595,0.322751,0][-0.195026,-0.049637,2.94355][-0.797804,-0.306165,0.519396][0.826769,0.341182,0][-0.221866,0.155649,2.96184][-0.991793,0.000143897,-0.127853][0.848523,0.322751,0][-0.215615,-0.0200042,2.88812][-0.991043,0.0345068,-0.129009][0.848523,0.341182,0][-0.215615,-0.0200042,2.88812][-0.991043,0.0345068,-0.129009][0.848523,0.341182,0][-0.145212,0.184572,2.86127][-0.465772,0.217946,-0.857646][0.883595,0.322751,0][-0.141121,0.0279428,2.79843][-0.463046,0.397019,-0.792442][0.883595,0.341182,0][-0.189397,-0.240834,2.81498][-0.799365,-0.387329,0.459339][0.826769,0.361207,0][-0.141121,-0.0679513,2.97781][-0.365405,-0.454473,0.812363][0.802394,0.341182,0][-0.195026,-0.049637,2.94355][-0.797804,-0.306165,0.519396][0.826769,0.341182,0][-0.189397,-0.240834,2.81498][-0.799365,-0.387329,0.459339][0.826769,0.361207,0][-0.195026,-0.049637,2.94355][-0.797804,-0.306165,0.519396][0.826769,0.341182,0][-0.215615,-0.0200042,2.88812][-0.991043,0.0345068,-0.129009][0.848523,0.341182,0][-0.137048,-0.264062,2.8447][-0.366271,-0.585634,0.723103][0.802394,0.361207,0][3.08266e-06,-0.0769874,2.99471][-8.60116e-07,-0.484058,0.875036][0.782966,0.341182,0][-0.141121,-0.0679513,2.97781][-0.365405,-0.454473,0.812363][0.802394,0.341182,0][-0.141121,-0.0679513,2.97781][-0.365405,-0.454473,0.812363][0.802394,0.341182,0][-0.189397,-0.240834,2.81498][-0.799365,-0.387329,0.459339][0.826769,0.361207,0][-0.137048,-0.264062,2.8447][-0.366271,-0.585634,0.723103][0.802394,0.361207,0][3.08266e-06,-0.0769874,2.99471][-8.60116e-07,-0.484058,0.875036][0.782966,0.341182,0][-0.137048,-0.264062,2.8447][-0.366271,-0.585634,0.723103][0.802394,0.361207,0][3.00397e-06,-0.275522,2.85937][-4.88174e-07,-0.626094,0.779748][0.782966,0.361207,0][-0.209393,-0.203251,2.76688][-0.990569,0.0620123,-0.122175][0.848523,0.361207,0][-0.215615,-0.0200042,2.88812][-0.991043,0.0345068,-0.129009][0.848523,0.341182,0][-0.141121,0.0279428,2.79843][-0.463046,0.397019,-0.792442][0.883595,0.341182,0][-0.189397,-0.240834,2.81498][-0.799365,-0.387329,0.459339][0.826769,0.361207,0][-0.215615,-0.0200042,2.88812][-0.991043,0.0345068,-0.129009][0.848523,0.341182,0][-0.209393,-0.203251,2.76688][-0.990569,0.0620123,-0.122175][0.848523,0.361207,0][-0.209393,-0.203251,2.76688][-0.990569,0.0620123,-0.122175][0.848523,0.361207,0][-0.141121,0.0279428,2.79843][-0.463046,0.397019,-0.792442][0.883595,0.341182,0][-0.137048,-0.142441,2.68905][-0.461358,0.530253,-0.711324][0.883595,0.361207,0][-0.133011,-0.318139,2.5318][-0.459956,0.632019,-0.623693][0.883595,0.381603,0][-0.209393,-0.203251,2.76688][-0.990569,0.0620123,-0.122175][0.848523,0.361207,0][-0.137048,-0.142441,2.68905][-0.461358,0.530253,-0.711324][0.883595,0.361207,0][-0.133012,-0.457209,2.66376][-0.36716,-0.684689,0.629598][0.802394,0.381603,0][3.00397e-06,-0.275522,2.85937][-4.88174e-07,-0.626094,0.779748][0.782966,0.361207,0][-0.137048,-0.264062,2.8447][-0.366271,-0.585634,0.723103][0.802394,0.361207,0][3.00397e-06,-0.275522,2.85937][-4.88174e-07,-0.626094,0.779748][0.782966,0.361207,0][-0.133012,-0.457209,2.66376][-0.36716,-0.684689,0.629598][0.802394,0.381603,0][2.94009e-06,-0.470313,2.6762][-3.33024e-07,-0.733589,0.679594][0.782966,0.381603,0][-0.133012,-0.457209,2.66376][-0.36716,-0.684689,0.629598][0.802394,0.381603,0][2.80052e-06,-0.982091,2.04111][-3.6866e-07,-0.778683,0.627418][0.782966,0.405986,0][2.94009e-06,-0.470313,2.6762][-3.33024e-07,-0.733589,0.679594][0.782966,0.381603,0][2.80052e-06,-0.982091,2.04111][-3.6866e-07,-0.778683,0.627418][0.782966,0.405986,0][-0.133012,-0.457209,2.66376][-0.36716,-0.684689,0.629598][0.802394,0.381603,0][-0.122083,-0.965968,2.03463][-0.351796,-0.730867,0.58487][0.802394,0.405986,0][-0.137048,-0.264062,2.8447][-0.366271,-0.585634,0.723103][0.802394,0.361207,0][-0.183819,-0.430649,2.63856][-0.800883,-0.447774,0.397598][0.826769,0.381603,0][-0.133012,-0.457209,2.66376][-0.36716,-0.684689,0.629598][0.802394,0.381603,0][-0.122083,-0.965968,2.03463][-0.351796,-0.730867,0.58487][0.802394,0.405986,0][-0.133012,-0.457209,2.66376][-0.36716,-0.684689,0.629598][0.802394,0.381603,0][-0.183819,-0.430649,2.63856][-0.800883,-0.447774,0.397598][0.826769,0.381603,0][-0.183819,-0.430649,2.63856][-0.800883,-0.447774,0.397598][0.826769,0.381603,0][-0.137048,-0.264062,2.8447][-0.366271,-0.585634,0.723103][0.802394,0.361207,0][-0.189397,-0.240834,2.81498][-0.799365,-0.387329,0.459339][0.826769,0.361207,0][-0.183819,-0.430649,2.63856][-0.800883,-0.447774,0.397598][0.826769,0.381603,0][-0.189397,-0.240834,2.81498][-0.799365,-0.387329,0.459339][0.826769,0.361207,0][-0.209393,-0.203251,2.76688][-0.990569,0.0620123,-0.122175][0.848523,0.361207,0][-0.122083,-0.965968,2.03463][-0.351796,-0.730867,0.58487][0.802394,0.405986,0][-0.183819,-0.430649,2.63856][-0.800883,-0.447774,0.397598][0.826769,0.381603,0][-0.168715,-0.93329,2.02151][-0.775596,-0.49859,0.387116][0.826769,0.405986,0][-0.183819,-0.430649,2.63856][-0.800883,-0.447774,0.397598][0.826769,0.381603,0][-0.186527,-0.880416,2.00027][-0.997045,0.0432471,-0.0634941][0.848523,0.405986,0][-0.168715,-0.93329,2.02151][-0.775596,-0.49859,0.387116][0.826769,0.405986,0][-0.183819,-0.430649,2.63856][-0.800883,-0.447774,0.397598][0.826769,0.381603,0][-0.209393,-0.203251,2.76688][-0.990569,0.0620123,-0.122175][0.848523,0.361207,0][-0.203225,-0.387674,2.59778][-0.990144,0.0844431,-0.111731][0.848523,0.381603,0][-0.186527,-0.880416,2.00027][-0.997045,0.0432471,-0.0634941][0.848523,0.405986,0][-0.183819,-0.430649,2.63856][-0.800883,-0.447774,0.397598][0.826769,0.381603,0][-0.203225,-0.387674,2.59778][-0.990144,0.0844431,-0.111731][0.848523,0.381603,0][-0.209393,-0.203251,2.76688][-0.990569,0.0620123,-0.122175][0.848523,0.361207,0][-0.133011,-0.318139,2.5318][-0.459956,0.632019,-0.623693][0.883595,0.381603,0][-0.203225,-0.387674,2.59778][-0.990144,0.0844431,-0.111731][0.848523,0.381603,0][-0.203225,-0.387674,2.59778][-0.990144,0.0844431,-0.111731][0.848523,0.381603,0][-0.122083,-0.794864,1.9659][-0.481954,0.665651,-0.569762][0.883595,0.405986,0][-0.186527,-0.880416,2.00027][-0.997045,0.0432471,-0.0634941][0.848523,0.405986,0][-0.122083,-0.794864,1.9659][-0.481954,0.665651,-0.569762][0.883595,0.405986,0][-0.203225,-0.387674,2.59778][-0.990144,0.0844431,-0.111731][0.848523,0.381603,0][-0.133011,-0.318139,2.5318][-0.459956,0.632019,-0.623693][0.883595,0.381603,0][-1.27285,0.136196,-1.14755][-0.945499,0.252298,0.205858][0.973814,0.0939071,0][-1.31464,0.0127761,-1.18821][-0.945499,0.252298,0.205858][0.973814,0.0638148,0][-1.32004,-0.000981808,-1.16701][-0.945499,0.252298,0.205858][0.973814,0.061779,0][-1.31464,0.0127761,-1.18821][-0.945499,0.252298,0.205858][0.973814,0.0638148,0][-1.27285,0.136196,-1.14755][-0.945499,0.252298,0.205858][0.973814,0.0939071,0][-1.28172,0.146213,-1.17141][-0.945499,0.252298,0.205858][0.973814,0.0949579,0][1.4111,-1.53121,0.625523][0.0949209,-0.757435,-0.645974][0.973655,0.0609711,0][1.67988,-1.2989,0.392627][0.17848,-0.718913,-0.671796][0.973655,0.0946291,0][1.70574,-1.34534,0.450876][0.130066,-0.742124,-0.657521][0.973655,0.0871004,0][1.67988,-1.2989,0.392627][0.17848,-0.718913,-0.671796][0.973655,0.0946291,0][1.9025,-1.03332,0.189335][0.203718,-0.690608,-0.693945][0.973655,0.128798,0][1.70574,-1.34534,0.450876][0.130066,-0.742124,-0.657521][0.973655,0.0871004,0][1.9025,-1.03332,0.189335][0.203718,-0.690608,-0.693945][0.973655,0.128798,0][1.67988,-1.2989,0.392627][0.17848,-0.718913,-0.671796][0.973655,0.0946291,0][1.83494,-1.01115,0.1477][0.199091,-0.686014,-0.69982][0.973655,0.133339,0][1.87765,-0.798047,-0.0403068][0.22226,-0.720332,-0.657055][0.973655,0.162459,0][1.9025,-1.03332,0.189335][0.203718,-0.690608,-0.693945][0.973655,0.128798,0][1.83494,-1.01115,0.1477][0.199091,-0.686014,-0.69982][0.973655,0.133339,0][1.9025,-1.03332,0.189335][0.203718,-0.690608,-0.693945][0.973655,0.128798,0][1.87765,-0.798047,-0.0403068][0.22226,-0.720332,-0.657055][0.973655,0.162459,0][1.95182,-0.787246,-0.0336204][0.228411,-0.728248,-0.646129][0.973655,0.162825,0][1.8883,-0.682044,-0.199331][0.3621,-0.746561,-0.558149][0.973655,0.182191,0][1.95182,-0.787246,-0.0336204][0.228411,-0.728248,-0.646129][0.973655,0.162825,0][1.87765,-0.798047,-0.0403068][0.22226,-0.720332,-0.657055][0.973655,0.162459,0][1.95182,-0.787246,-0.0336204][0.228411,-0.728248,-0.646129][0.973655,0.162825,0][1.8883,-0.682044,-0.199331][0.3621,-0.746561,-0.558149][0.973655,0.182191,0][1.96564,-0.648821,-0.196486][0.37739,-0.742647,-0.553219][0.973655,0.18453,0][1.89013,-0.549271,-0.380628][0.335792,-0.506077,-0.794437][0.973655,0.204727,0][1.96564,-0.648821,-0.196486][0.37739,-0.742647,-0.553219][0.973655,0.18453,0][1.8883,-0.682044,-0.199331][0.3621,-0.746561,-0.558149][0.973655,0.182191,0][1.8883,-0.682044,-0.199331][0.3621,-0.746561,-0.558149][0.973655,0.182191,0][1.86503,-0.590739,-0.370049][0.433664,-0.64608,-0.628105][0.973655,0.200841,0][1.89013,-0.549271,-0.380628][0.335792,-0.506077,-0.794437][0.973655,0.204727,0][1.89013,-0.549271,-0.380628][0.335792,-0.506077,-0.794437][0.973655,0.204727,0][1.86503,-0.590739,-0.370049][0.433664,-0.64608,-0.628105][0.973655,0.200841,0][1.80433,-0.22599,-0.540662][0.246097,-0.376756,-0.893024][0.973655,0.240335,0][0.65967,-0.870598,1.96117][0.64415,-0.759549,-0.0903144][0.973814,0.178566,0][0.522493,-0.981625,2.00035][0.627186,-0.778792,-0.0110115][0.973814,0.167207,0][0.526542,-0.978348,1.96914][0.627186,-0.778792,-0.0110115][0.973814,0.166143,0][0.522493,-0.981625,2.00035][0.627186,-0.778792,-0.0110115][0.973814,0.167207,0][0.65967,-0.870598,1.96117][0.64415,-0.759549,-0.0903144][0.973814,0.178566,0][0.672725,-0.861037,1.99841][0.649952,-0.749873,-0.123503][0.973814,0.181435,0][0.65967,-0.870598,1.96117][0.64415,-0.759549,-0.0903144][0.973814,0.178566,0][0.740723,-0.800013,1.97327][0.660294,-0.724012,-0.199545][0.973814,0.187511,0][0.672725,-0.861037,1.99841][0.649952,-0.749873,-0.123503][0.973814,0.181435,0][0.740723,-0.800013,1.97327][0.660294,-0.724012,-0.199545][0.973814,0.187511,0][0.65967,-0.870598,1.96117][0.64415,-0.759549,-0.0903144][0.973814,0.178566,0][0.734319,-0.787677,1.93605][0.660294,-0.724012,-0.199545][0.973814,0.187243,0][-1.23485,0.397203,-1.12189][-0.876859,0.383818,0.289485][0.973814,0.154455,0][-1.22866,0.395702,-1.10795][-0.87094,0.383838,0.30681][0.973814,0.154829,0][-1.14987,0.548505,-1.0907][-0.828925,0.381206,0.409348][0.973814,0.19039,0][-1.23485,0.397203,-1.12189][-0.876859,0.383818,0.289485][0.973814,0.154455,0][-1.31572,0.191008,-1.11209][-0.905163,0.381209,0.188043][0.973814,0.108163,0][-1.22866,0.395702,-1.10795][-0.87094,0.383838,0.30681][0.973814,0.154829,0][-1.31572,0.191008,-1.11209][-0.905163,0.381209,0.188043][0.973814,0.108163,0][-1.32335,0.170307,-1.08793][-0.905163,0.381209,0.188043][0.973814,0.104703,0][-1.22866,0.395702,-1.10795][-0.87094,0.383838,0.30681][0.973814,0.154829,0][0.229545,0.0601949,-2.49087][0.215829,0.885986,-0.410422][0.703956,0.16039,0][0.283307,0.0410589,-2.5041][0.215829,0.885986,-0.410422][0.706486,0.161541,0][0.258027,0.036761,-2.52648][0.112846,0.80156,-0.587169][0.709788,0.16179,0][0.258027,0.036761,-2.52648][0.112846,0.80156,-0.587169][0.709788,0.16179,0][0.209986,0.0569905,-2.50827][0.0653242,0.751494,-0.656498][0.706519,0.160576,0][0.229545,0.0601949,-2.49087][0.215829,0.885986,-0.410422][0.703956,0.16039,0][1.12395,-1.64529,0.830107][0.362981,-0.68749,-0.628969][0.975418,0.102933,0][1.16478,-1.63218,0.83934][0.362981,-0.68749,-0.628969][0.97625,0.0830181,0][1.16409,-1.66563,0.875506][0.362981,-0.68749,-0.628969][0.973087,0.0763991,0][-1.34403,-0.00549382,-1.16085][-0.297652,0.705233,-0.643467][0.973814,0.0610701,0][-1.32004,-0.000981808,-1.16701][-0.297652,0.705233,-0.643467][0.973814,0.061779,0][-1.28463,-0.0695589,-1.25855][-0.297652,0.705233,-0.643467][0.973814,0.0415263,0][-1.27285,0.136196,-1.14755][0.0104138,0.0882737,-0.996042][0.973814,0.0939071,0][-1.32004,-0.000981808,-1.16701][0.0104138,0.0882737,-0.996042][0.973814,0.061779,0][-1.30233,0.12532,-1.15563][0.0104138,0.0882737,-0.996042][0.973814,0.0910249,0][-1.30233,0.12532,-1.15563][0.0104138,0.0882737,-0.996042][0.973814,0.0910249,0][-1.32004,-0.000981808,-1.16701][0.0104138,0.0882737,-0.996042][0.973814,0.061779,0][-1.34403,-0.00549382,-1.16085][0.0104138,0.0882737,-0.996042][0.973814,0.0610701,0][0.260695,0.374318,-2.42938][0.799412,0.356105,-0.48387][0.972067,0.0986776,0][0.285254,0.294268,-2.43325][0.88414,0.288995,-0.367122][0.974072,0.0566998,0][0.25608,0.367157,-2.44613][0.833019,0.33241,-0.442247][0.970221,0.0902996,0][0.25608,0.367157,-2.44613][0.833019,0.33241,-0.442247][0.970221,0.0902996,0][0.22834,0.435224,-2.42938][0.595693,0.547316,-0.587873][0.970178,0.129786,0][0.260695,0.374318,-2.42938][0.799412,0.356105,-0.48387][0.972067,0.0986776,0][0.24448,0.426815,-2.41908][0.663239,0.480802,-0.573535][0.971711,0.128394,0][0.260695,0.374318,-2.42938][0.799412,0.356105,-0.48387][0.972067,0.0986776,0][0.22834,0.435224,-2.42938][0.595693,0.547316,-0.587873][0.970178,0.129786,0][0.22834,0.435224,-2.42938][0.595693,0.547316,-0.587873][0.970178,0.129786,0][0.219723,0.486852,-2.38337][0.553478,0.668432,-0.496851][0.974199,0.169827,0][0.24448,0.426815,-2.41908][0.663239,0.480802,-0.573535][0.971711,0.128394,0][0.219723,0.486852,-2.38337][0.553478,0.668432,-0.496851][0.974199,0.169827,0][0.22834,0.435224,-2.42938][0.595693,0.547316,-0.587873][0.970178,0.129786,0][0.199984,0.489645,-2.39215][0.584822,0.705425,-0.400449][0.973239,0.169101,0][0.199984,0.489645,-2.39215][0.584822,0.705425,-0.400449][0.973239,0.169101,0][0.118996,0.57573,-2.34212][0.494317,0.861688,-0.114652][0.975867,0.232847,0][0.219723,0.486852,-2.38337][0.553478,0.668432,-0.496851][0.974199,0.169827,0][0.118996,0.57573,-2.34212][0.494317,0.861688,-0.114652][0.975867,0.232847,0][0.199984,0.489645,-2.39215][0.584822,0.705425,-0.400449][0.973239,0.169101,0][0.106157,0.583852,-2.37614][0.454429,0.888352,-0.0657646][0.973144,0.228172,0][0.106157,0.583852,-2.37614][0.454429,0.888352,-0.0657646][0.973144,0.228172,0][0.000709152,0.61543,-2.35027][0.0575198,0.995892,0.0699278][0.975073,0.249664,0][0.118996,0.57573,-2.34212][0.494317,0.861688,-0.114652][0.975867,0.232847,0][-0.000343011,0.612739,-2.31466][0.0257525,0.997449,0.0665771][0.976301,0.256442,0][0.118996,0.57573,-2.34212][0.494317,0.861688,-0.114652][0.975867,0.232847,0][0.000709152,0.61543,-2.35027][0.0575198,0.995892,0.0699278][0.975073,0.249664,0][-1.2458,0.397203,-1.10884][-0.00334879,-0.0197656,-0.999799][0.973814,0.155124,0][-1.14987,0.548505,-1.0907][0.058706,0.0820206,-0.9949][0.973814,0.19039,0][-1.22866,0.395702,-1.10795][0.0204159,0.0191907,-0.999607][0.973814,0.154829,0][-1.32335,0.170307,-1.08793][-0.0391482,-0.0783936,-0.996154][0.973814,0.104703,0][-1.2458,0.397203,-1.10884][-0.00334879,-0.0197656,-0.999799][0.973814,0.155124,0][-1.22866,0.395702,-1.10795][0.0204159,0.0191907,-0.999607][0.973814,0.154829,0][-1.2458,0.397203,-1.10884][-0.00334879,-0.0197656,-0.999799][0.973814,0.155124,0][-1.32335,0.170307,-1.08793][-0.0391482,-0.0783936,-0.996154][0.973814,0.104703,0][-1.35454,0.148746,-1.08357][-0.0391482,-0.0783936,-0.996154][0.973814,0.100033,0][0.942135,-0.0942649,1.7684][-0.328423,0.558386,0.761802][0.973814,0.261772,0][0.908582,-0.225991,1.85616][-0.401166,0.576439,0.711887][0.973814,0.250217,0][0.99057,-0.0718996,1.7608][-0.237187,0.494915,0.835943][0.973814,0.264073,0][0.908582,-0.225991,1.85616][-0.401166,0.576439,0.711887][0.973814,0.250217,0][0.942135,-0.0942649,1.7684][-0.328423,0.558386,0.761802][0.973814,0.261772,0][0.871447,-0.238215,1.82834][-0.401166,0.576439,0.711887][0.973814,0.24747,0][-0.992976,-1.50319,-1.03327][-0.200687,-0.737777,0.644523][0.973814,0.0654199,0][-0.632926,-1.61327,-1.09266][-0.226669,-0.812894,0.536492][0.973814,0.0500774,0][-1.05489,-1.36396,-0.893177][-0.330019,-0.740044,0.586022][0.973814,0.0906093,0][-1.24761,-1.34534,-1.0167][-0.417367,-0.730073,0.541108][0.973814,0.0813171,0][-0.992976,-1.50319,-1.03327][-0.200687,-0.737777,0.644523][0.973814,0.0654199,0][-1.05489,-1.36396,-0.893177][-0.330019,-0.740044,0.586022][0.973814,0.0906093,0][-0.632926,-1.61327,-1.09266][-0.226669,-0.812894,0.536492][0.973814,0.0500774,0][-0.514589,-1.66563,-1.1209][-0.238809,-0.820167,0.519901][0.973814,0.0427796,0][-1.05489,-1.36396,-0.893177][-0.330019,-0.740044,0.586022][0.973814,0.0906093,0][1.30923,-1.61327,0.62509][0.301083,0.174248,0.937543][0.973655,0.0547425,0][1.4111,-1.53121,0.625523][0.0138353,-0.0224414,0.999652][0.973655,0.0609711,0][1.29656,-1.59458,0.625685][0.266543,0.150374,0.95202][0.973655,0.0561271,0][0.416678,-0.297167,1.98353][-0.0510498,0.823508,0.565003][0.973814,0.221532,0][8.30783e-08,-0.390238,2.12504][-0.0303992,0.833879,0.55111][0.973814,0.233832,0][0.450009,-0.329785,2.04077][-0.0649526,0.813526,0.57789][0.973814,0.226568,0][8.30783e-08,-0.390238,2.12504][-0.0303992,0.833879,0.55111][0.973814,0.233832,0][0.416678,-0.297167,1.98353][-0.0510498,0.823508,0.565003][0.973814,0.221532,0][0.00205651,-0.369801,2.09598][-0.0278563,0.836062,0.547927][0.973814,0.231322,0][8.30783e-08,-0.390238,2.12504][-0.0303992,0.833879,0.55111][0.973814,0.233832,0][0.00205651,-0.369801,2.09598][-0.0278563,0.836062,0.547927][0.973814,0.231322,0][-0.674173,-0.343703,2.00238][-0.0476391,0.818588,0.572401][0.973814,0.222755,0][-0.706694,-1.34534,1.71172][-0.529044,0.386188,0.755626][0.973814,0.110577,0][-0.727851,-1.32517,1.68021][-0.595844,0.396486,0.698404][0.973814,0.111505,0][-0.920659,-1.38344,1.53678][-0.621799,0.3998,0.673443][0.973814,0.0979053,0][-0.706694,-1.34534,1.71172][-0.529044,0.386188,0.755626][0.973814,0.110577,0][-0.597463,-1.31175,1.76585][-0.468919,0.458897,0.754671][0.973814,0.117086,0][-0.727851,-1.32517,1.68021][-0.595844,0.396486,0.698404][0.973814,0.111505,0][-0.597463,-1.31175,1.76585][-0.468919,0.458897,0.754671][0.973814,0.117086,0][-0.706694,-1.34534,1.71172][-0.529044,0.386188,0.755626][0.973814,0.110577,0][-0.592398,-1.34534,1.7777][-0.463462,0.470641,0.750799][0.973814,0.11365,0][8.531e-08,-1.15655,2.00305][-0.358743,0.603301,0.712272][0.973814,0.146562,0][-0.597463,-1.31175,1.76585][-0.468919,0.458897,0.754671][0.973814,0.117086,0][-0.592398,-1.34534,1.7777][-0.463462,0.470641,0.750799][0.973814,0.11365,0][-0.597463,-1.31175,1.76585][-0.468919,0.458897,0.754671][0.973814,0.117086,0][8.531e-08,-1.15655,2.00305][-0.358743,0.603301,0.712272][0.973814,0.146562,0][0.0103434,-1.12215,1.96721][-0.328897,0.627708,0.705556][0.973814,0.148978,0][0.379797,-1.03332,2.01499][-0.138563,0.721876,0.678008][0.973814,0.161751,0][0.0103434,-1.12215,1.96721][-0.328897,0.627708,0.705556][0.973814,0.148978,0][8.531e-08,-1.15655,2.00305][-0.358743,0.603301,0.712272][0.973814,0.146562,0][0.0103434,-1.12215,1.96721][-0.328897,0.627708,0.705556][0.973814,0.148978,0][0.379797,-1.03332,2.01499][-0.138563,0.721876,0.678008][0.973814,0.161751,0][0.359054,-1.01314,1.99244][-0.184121,0.708098,0.681687][0.973814,0.163097,0][0.379797,-1.03332,2.01499][-0.138563,0.721876,0.678008][0.973814,0.161751,0][0.526542,-0.978348,1.96914][-0.267669,0.683691,0.678911][0.973814,0.166143,0][0.359054,-1.01314,1.99244][-0.184121,0.708098,0.681687][0.973814,0.163097,0][0.526542,-0.978348,1.96914][-0.267669,0.683691,0.678911][0.973814,0.166143,0][0.379797,-1.03332,2.01499][-0.138563,0.721876,0.678008][0.973814,0.161751,0][0.537692,-0.998372,1.99426][-0.263745,0.685119,0.679007][0.973814,0.164935,0][0.537692,-0.998372,1.99426][-0.263745,0.685119,0.679007][0.973814,0.164935,0][0.670326,-0.895493,1.99182][-0.383559,0.590287,0.710242][0.973814,0.177037,0][0.526542,-0.978348,1.96914][-0.267669,0.683691,0.678911][0.973814,0.166143,0][0.65967,-0.870598,1.96117][-0.348637,0.583257,0.733664][0.973814,0.178566,0][0.526542,-0.978348,1.96914][-0.267669,0.683691,0.678911][0.973814,0.166143,0][0.670326,-0.895493,1.99182][-0.383559,0.590287,0.710242][0.973814,0.177037,0][0.670326,-0.895493,1.99182][-0.383559,0.590287,0.710242][0.973814,0.177037,0][0.765776,-0.811678,1.95611][-0.396005,0.452061,0.799263][0.973814,0.185326,0][0.65967,-0.870598,1.96117][-0.348637,0.583257,0.733664][0.973814,0.178566,0][0.765776,-0.811678,1.95611][-0.396005,0.452061,0.799263][0.973814,0.185326,0][0.734319,-0.787677,1.93605][-0.441128,0.402131,0.802307][0.973814,0.187243,0][0.65967,-0.870598,1.96117][-0.348637,0.583257,0.733664][0.973814,0.178566,0][0.765776,-0.811678,1.95611][-0.396005,0.452061,0.799263][0.973814,0.185326,0][0.789562,-0.703256,1.94384][-0.538328,0.278891,0.79525][0.973814,0.199429,0][0.734319,-0.787677,1.93605][-0.441128,0.402131,0.802307][0.973814,0.187243,0][0.737672,-0.695275,1.89626][-0.538328,0.278891,0.79525][0.973814,0.198223,0][0.734319,-0.787677,1.93605][-0.441128,0.402131,0.802307][0.973814,0.187243,0][0.789562,-0.703256,1.94384][-0.538328,0.278891,0.79525][0.973814,0.199429,0][1.50676,-1.44572,-0.354479][0.14369,-0.299565,-0.943193][0.973655,0.0608518,0][1.38264,-1.54969,-0.340367][0.14369,-0.299565,-0.943193][0.973655,0.0435548,0][1.48875,-1.44243,-0.358268][0.14369,-0.299565,-0.943193][0.973655,0.0614555,0][1.7069,-0.00599605,-0.625662][0.302758,0.155897,-0.940231][0.973655,0.0899511,0][1.6744,0.0140587,-0.632802][0.175858,-0.0647355,-0.982285][0.973655,0.0902735,0][1.51923,0.389004,-0.708961][0.124332,-0.147842,-0.981165][0.973655,0.169051,0][1.7069,-0.00599605,-0.625662][0.302758,0.155897,-0.940231][0.973655,0.0899511,0][1.76074,-0.22599,-0.660414][0.340785,0.227506,-0.912199][0.973655,0.039255,0][1.6744,0.0140587,-0.632802][0.175858,-0.0647355,-0.982285][0.973655,0.0902735,0][0.99057,-0.0718996,1.7608][-0.237187,0.494915,0.835943][0.973814,0.0480469,0][0.967837,-0.031602,1.73717][-0.344837,0.439887,0.829208][0.973814,0.0571443,0][0.942135,-0.0942649,1.7684][-0.328423,0.558386,0.761802][0.973814,0.0435432,0][0.99057,-0.0718996,1.7608][-0.237187,0.494915,0.835943][0.973814,0.0480469,0][1.0736,0.397202,1.56667][-0.428537,0.533226,0.729401][0.973814,0.145941,0][0.967837,-0.031602,1.73717][-0.344837,0.439887,0.829208][0.973814,0.0571443,0][0.967837,-0.031602,1.73717][-0.344837,0.439887,0.829208][0.973814,0.0571443,0][1.0736,0.397202,1.56667][-0.428537,0.533226,0.729401][0.973814,0.145941,0][1.05428,0.39128,1.54976][-0.428496,0.539399,0.724872][0.973814,0.146621,0][1.09981,0.522852,1.44853][-0.459504,0.645234,0.610351][0.973814,0.179392,0][1.05428,0.39128,1.54976][-0.428496,0.539399,0.724872][0.973814,0.146621,0][1.0736,0.397202,1.56667][-0.428537,0.533226,0.729401][0.973814,0.145941,0][1.07324,0.546108,1.41779][-0.538883,0.652157,0.533195][0.973814,0.186242,0][1.05428,0.39128,1.54976][-0.428496,0.539399,0.724872][0.973814,0.146621,0][1.09981,0.522852,1.44853][-0.459504,0.645234,0.610351][0.973814,0.179392,0][1.14408,0.834133,1.12153][-0.570976,0.652668,0.498006][0.973814,0.262394,0][1.07324,0.546108,1.41779][-0.538883,0.652157,0.533195][0.973814,0.186242,0][1.09981,0.522852,1.44853][-0.459504,0.645234,0.610351][0.973814,0.179392,0][1.07324,0.546108,1.41779][-0.538883,0.652157,0.533195][0.973814,0.186242,0][1.14408,0.834133,1.12153][-0.570976,0.652668,0.498006][0.973814,0.262394,0][1.12556,0.795737,1.12042][-0.570976,0.652668,0.498006][0.973814,0.257748,0][1.50906,0.565104,-0.469045][0.260494,0.617505,-0.742179][0.977907,0.194126,0][1.37671,0.836855,-0.401725][0.517139,0.0154075,-0.855763][0.978624,0.224269,0][1.4236,0.838546,-0.36875][0.472134,0.193091,-0.860119][0.978218,0.225036,0][1.4236,0.838546,-0.36875][0.472134,0.193091,-0.860119][0.978218,0.225036,0][1.56012,0.555009,-0.460179][0.199033,0.693109,-0.69281][0.977542,0.192752,0][1.50906,0.565104,-0.469045][0.260494,0.617505,-0.742179][0.977907,0.194126,0][1.56362,0.397203,-0.710216][0.112768,0.334817,-0.935511][0.978134,0.163547,0][1.50906,0.565104,-0.469045][0.260494,0.617505,-0.742179][0.977907,0.194126,0][1.56012,0.555009,-0.460179][0.199033,0.693109,-0.69281][0.977542,0.192752,0][1.50906,0.565104,-0.469045][0.260494,0.617505,-0.742179][0.977907,0.194126,0][1.56362,0.397203,-0.710216][0.112768,0.334817,-0.935511][0.978134,0.163547,0][1.51923,0.389004,-0.708961][0.109174,0.396095,-0.911696][0.978449,0.1645,0][1.69648,0.062477,-0.605842][0.167629,-0.196086,-0.966153][0.978202,0.125322,0][1.51923,0.389004,-0.708961][0.109174,0.396095,-0.911696][0.978449,0.1645,0][1.56362,0.397203,-0.710216][0.112768,0.334817,-0.935511][0.978134,0.163547,0][1.51923,0.389004,-0.708961][0.109174,0.396095,-0.911696][0.978449,0.1645,0][1.69648,0.062477,-0.605842][0.167629,-0.196086,-0.966153][0.978202,0.125322,0][1.67501,0.0424002,-0.608466][0.191136,-0.173885,-0.966039][0.978402,0.124489,0][1.69648,0.062477,-0.605842][0.167629,-0.196086,-0.966153][0.978202,0.125322,0][1.80433,-0.22599,-0.540662][0.237912,-0.128582,-0.962738][0.978431,0.0934149,0][1.67501,0.0424002,-0.608466][0.191136,-0.173885,-0.966039][0.978402,0.124489,0][1.48875,-1.44243,-0.358268][-0.372898,-0.859281,-0.35012][0.973655,0.0614555,0][1.48092,-1.41409,-0.404605][-0.372898,-0.859281,-0.35012][0.973655,0.0668851,0][1.50574,-1.43427,-0.396378][-0.372898,-0.859281,-0.35012][0.973655,0.0634347,0][1.50574,-1.43427,-0.396378][-0.372898,-0.859281,-0.35012][0.973655,0.0634347,0][1.50676,-1.44572,-0.354479][-0.372898,-0.859281,-0.35012][0.973655,0.0608518,0][1.48875,-1.44243,-0.358268][-0.372898,-0.859281,-0.35012][0.973655,0.0614555,0][0.3301,1.20329,0.208315][0.608499,0.656068,-0.446435][0.974083,0.039121,0][0.545017,1.17847,0.464775][0.608632,0.648027,-0.457853][0.974083,0.10226,0][0.594418,1.15056,0.491086][0.607758,0.610265,-0.50814][0.974083,0.112169,0][0.89264,1.13589,0.82354][0.75218,0.555863,-0.353895][0.974083,0.196852,0][0.594418,1.15056,0.491086][0.607758,0.610265,-0.50814][0.974083,0.112169,0][0.545017,1.17847,0.464775][0.608632,0.648027,-0.457853][0.974083,0.10226,0][0.594418,1.15056,0.491086][0.607758,0.610265,-0.50814][0.974083,0.112169,0][0.89264,1.13589,0.82354][0.75218,0.555863,-0.353895][0.974083,0.196852,0][0.907139,1.09877,0.796533][0.728347,0.566498,-0.385474][0.974083,0.19521,0][0.89264,1.13589,0.82354][0.75218,0.555863,-0.353895][0.974083,0.196852,0][0.938814,1.08109,0.885562][0.893766,0.432296,-0.11959][0.974083,0.214477,0][0.907139,1.09877,0.796533][0.728347,0.566498,-0.385474][0.974083,0.19521,0][0.938814,1.08109,0.885562][0.893766,0.432296,-0.11959][0.974083,0.214477,0][0.89264,1.13589,0.82354][0.75218,0.555863,-0.353895][0.974083,0.196852,0][0.93225,1.10014,0.908628][0.925523,0.375191,-0.0513756][0.974083,0.216328,0][0.950026,1.03211,1.01574][0.953159,0.300687,0.032796][0.974083,0.24287,0][0.938814,1.08109,0.885562][0.893766,0.432296,-0.11959][0.974083,0.214477,0][0.93225,1.10014,0.908628][0.925523,0.375191,-0.0513756][0.974083,0.216328,0][0.950026,1.03211,1.01574][0.953159,0.300687,0.032796][0.974083,0.24287,0][0.93225,1.10014,0.908628][0.925523,0.375191,-0.0513756][0.974083,0.216328,0][0.940629,1.05615,1.06139][0.953159,0.300687,0.032796][0.974083,0.246129,0][-0.779124,-1.34534,1.6699][0.397123,-0.892727,-0.212912][0.973814,0.10863,0][-0.920659,-1.38344,1.53678][0.388213,-0.908847,-0.152605][0.973814,0.0979053,0][-0.727851,-1.32517,1.68021][0.417458,-0.769536,-0.483263][0.973814,0.111505,0][-0.596122,-1.32833,1.78794][0.402491,-0.821249,-0.404415][0.973814,0.116146,0][-0.779124,-1.34534,1.6699][0.397123,-0.892727,-0.212912][0.973814,0.10863,0][-0.727851,-1.32517,1.68021][0.417458,-0.769536,-0.483263][0.973814,0.111505,0][-0.727851,-1.32517,1.68021][0.417458,-0.769536,-0.483263][0.973814,0.111505,0][-0.597463,-1.31175,1.76585][0.407962,-0.797596,-0.444306][0.973814,0.117086,0][-0.596122,-1.32833,1.78794][0.402491,-0.821249,-0.404415][0.973814,0.116146,0][0.0103434,-1.12215,1.96721][0.364443,-0.926154,-0.0970622][0.973814,0.148978,0][-0.596122,-1.32833,1.78794][0.402491,-0.821249,-0.404415][0.973814,0.116146,0][-0.597463,-1.31175,1.76585][0.407962,-0.797596,-0.444306][0.973814,0.117086,0][8.50643e-08,-1.13557,2.01648][0.367958,-0.921862,-0.121563][0.973814,0.149679,0][-0.596122,-1.32833,1.78794][0.402491,-0.821249,-0.404415][0.973814,0.116146,0][0.0103434,-1.12215,1.96721][0.364443,-0.926154,-0.0970622][0.973814,0.148978,0][0.0103434,-1.12215,1.96721][0.364443,-0.926154,-0.0970622][0.973814,0.148978,0][0.341817,-0.999835,2.0285][0.272969,-0.951814,0.139775][0.973814,0.166356,0][8.50643e-08,-1.13557,2.01648][0.367958,-0.921862,-0.121563][0.973814,0.149679,0][0.341817,-0.999835,2.0285][0.272969,-0.951814,0.139775][0.973814,0.166356,0][0.0103434,-1.12215,1.96721][0.364443,-0.926154,-0.0970622][0.973814,0.148978,0][0.359054,-1.01314,1.99244][0.236853,-0.957856,0.162521][0.973814,0.163097,0][0.359054,-1.01314,1.99244][0.236853,-0.957856,0.162521][0.973814,0.163097,0][0.522493,-0.981625,2.00035][0.176217,-0.963935,0.199439][0.973814,0.167207,0][0.341817,-0.999835,2.0285][0.272969,-0.951814,0.139775][0.973814,0.166356,0][0.522493,-0.981625,2.00035][0.176217,-0.963935,0.199439][0.973814,0.167207,0][0.359054,-1.01314,1.99244][0.236853,-0.957856,0.162521][0.973814,0.163097,0][0.526542,-0.978348,1.96914][0.176217,-0.963935,0.199439][0.973814,0.166143,0][1.29656,-1.59458,0.625685][0.266543,0.150374,0.95202][0.193916,0.886087,0][1.24949,-1.66563,0.68774][0.527766,0.332875,0.781446][0.188212,0.879033,0][1.30923,-1.61327,0.62509][0.301083,0.174248,0.937543][0.195425,0.886133,0][-1.34557,-0.22599,-1.2516][0.210171,-0.576133,-0.789873][0.973814,0.243921,0][-1.28463,-0.0695589,-1.25855][0.242345,-0.137063,-0.96046][0.973814,0.260622,0][-1.31764,-0.222341,-1.24507][0.231407,-0.385776,-0.8931][0.973814,0.242734,0][-1.41892,-0.336795,-1.13859][0.131438,-0.732843,-0.667582][0.973814,0.206611,0][-1.34557,-0.22599,-1.2516][0.210171,-0.576133,-0.789873][0.973814,0.243921,0][-1.31764,-0.222341,-1.24507][0.231407,-0.385776,-0.8931][0.973814,0.242734,0][-1.44989,-0.338986,-1.14136][0.072297,-0.695059,-0.715308][0.973814,0.207053,0][-1.34557,-0.22599,-1.2516][0.210171,-0.576133,-0.789873][0.973814,0.243921,0][-1.41892,-0.336795,-1.13859][0.131438,-0.732843,-0.667582][0.973814,0.206611,0][-1.41892,-0.336795,-1.13859][0.131438,-0.732843,-0.667582][0.973814,0.206611,0][-1.48591,-0.398439,-1.09016][0.0236968,-0.660552,-0.750406][0.973814,0.18926,0][-1.44989,-0.338986,-1.14136][0.072297,-0.695059,-0.715308][0.973814,0.207053,0][-1.44989,-0.338986,-1.14136][0.072297,-0.695059,-0.715308][0.973814,0.207053,0][-1.48591,-0.398439,-1.09016][0.0236968,-0.660552,-0.750406][0.973814,0.18926,0][-1.49628,-0.391756,-1.09265][0.0236968,-0.660552,-0.750406][0.973814,0.190489,0][1.76074,-0.22599,-0.660414][0.183744,-0.145679,-0.972119][0.973655,0.266132,0][1.83167,-0.698483,-0.576203][0.192244,-0.0475174,-0.980196][0.973655,0.187189,0][1.77747,-0.693882,-0.587136][0.191952,-0.0513004,-0.980063][0.973655,0.188127,0][1.71516,-1.01284,-0.614258][0.12313,-0.0345333,-0.99179][0.973655,0.136248,0][1.77747,-0.693882,-0.587136][0.191952,-0.0513004,-0.980063][0.973655,0.188127,0][1.83167,-0.698483,-0.576203][0.192244,-0.0475174,-0.980196][0.973655,0.187189,0][1.83167,-0.698483,-0.576203][0.192244,-0.0475174,-0.980196][0.973655,0.187189,0][1.74845,-1.03332,-0.608605][0.105382,-0.052962,-0.99302][0.973655,0.132793,0][1.71516,-1.01284,-0.614258][0.12313,-0.0345333,-0.99179][0.973655,0.136248,0][1.69324,-1.11995,-0.600565][0.0277478,-0.132343,-0.990816][0.973655,0.118443,0][1.71516,-1.01284,-0.614258][0.12313,-0.0345333,-0.99179][0.973655,0.136248,0][1.74845,-1.03332,-0.608605][0.105382,-0.052962,-0.99302][0.973655,0.132793,0][1.71516,-1.01284,-0.614258][0.12313,-0.0345333,-0.99179][0.973655,0.136248,0][1.69324,-1.11995,-0.600565][0.0277478,-0.132343,-0.990816][0.973655,0.118443,0][1.64951,-1.12202,-0.599528][0.0277478,-0.132343,-0.990816][0.973655,0.118086,0][-1.00023,0.974588,-0.923386][0.328871,-0.198896,-0.923193][0.974307,0.124905,0][-1.04963,0.911506,-0.959404][0.463541,-0.280714,-0.840434][0.974389,0.140647,0][-1.0245,0.978303,-0.928023][0.453045,-0.072976,-0.888496][0.974336,0.113204,0][0.219788,1.3814,0.150109][0.702324,-0.711858,-5.10384e-08][0.0490866,0.949966,0][0.148513,1.34923,0.235853][0.480118,-0.832255,0.277197][0.0393754,0.94616,0][0.171488,1.34923,0.150109][0.554393,-0.832255,-6.81843e-08][0.0490866,0.94616,0][0.148513,1.34923,0.235853][0.480118,-0.832255,0.277197][0.0393754,0.94616,0][0.219788,1.3814,0.150109][0.702324,-0.711858,-5.10384e-08][0.0490866,0.949966,0][0.190342,1.3814,0.260003][0.60823,-0.711858,0.351162][0.0366403,0.949966,0][0.25692,1.43118,0.150109][0.894133,-0.447801,-7.2956e-08][0.0490866,0.955854,0][0.190342,1.3814,0.260003][0.60823,-0.711858,0.351162][0.0366403,0.949966,0][0.219788,1.3814,0.150109][0.702324,-0.711858,-5.10384e-08][0.0490866,0.949966,0][0.190342,1.3814,0.260003][0.60823,-0.711858,0.351162][0.0366403,0.949966,0][0.25692,1.43118,0.150109][0.894133,-0.447801,-7.2956e-08][0.0490866,0.955854,0][0.2225,1.43118,0.27857][0.774342,-0.447801,0.447067][0.0345374,0.955854,0][0.109894,1.3814,0.340451][0.351161,-0.711858,0.60823][0.0275288,0.949966,0][0.148513,1.34923,0.235853][0.480118,-0.832255,0.277197][0.0393754,0.94616,0][0.190342,1.3814,0.260003][0.60823,-0.711858,0.351162][0.0366403,0.949966,0][0.2225,1.43118,0.27857][0.774342,-0.447801,0.447067][0.0345374,0.955854,0][0.109894,1.3814,0.340451][0.351161,-0.711858,0.60823][0.0275288,0.949966,0][0.190342,1.3814,0.260003][0.60823,-0.711858,0.351162][0.0366403,0.949966,0][0.148513,1.34923,0.235853][0.480118,-0.832255,0.277197][0.0393754,0.94616,0][0.109894,1.3814,0.340451][0.351161,-0.711858,0.60823][0.0275288,0.949966,0][0.085744,1.34923,0.298622][0.277197,-0.832255,0.480119][0.0322663,0.94616,0][0.109894,1.3814,0.340451][0.351161,-0.711858,0.60823][0.0275288,0.949966,0][1.0326e-07,1.34923,0.321597][1.17963e-07,-0.832255,0.554394][0.0296642,0.94616,0][0.085744,1.34923,0.298622][0.277197,-0.832255,0.480119][0.0322663,0.94616,0][1.0326e-07,1.34923,0.321597][1.17963e-07,-0.832255,0.554394][0.0296642,0.94616,0][0.109894,1.3814,0.340451][0.351161,-0.711858,0.60823][0.0275288,0.949966,0][1.00363e-07,1.3814,0.369897][2.8223e-07,-0.711858,0.702324][0.0241937,0.949966,0][0.109894,1.3814,0.340451][0.351161,-0.711858,0.60823][0.0275288,0.949966,0][9.86262e-08,1.43118,0.407029][2.12672e-07,-0.447801,0.894133][0.0199882,0.955854,0][1.00363e-07,1.3814,0.369897][2.8223e-07,-0.711858,0.702324][0.0241937,0.949966,0][0.304269,1.57815,0.150109][0.990037,0.14081,5.82077e-08][0.0490866,0.97324,0][0.2225,1.43118,0.27857][0.774342,-0.447801,0.447067][0.0345374,0.955854,0][0.25692,1.43118,0.150109][0.894133,-0.447801,-7.2956e-08][0.0490866,0.955854,0][9.86262e-08,1.43118,0.407029][2.12672e-07,-0.447801,0.894133][0.0199882,0.955854,0][0.109894,1.3814,0.340451][0.351161,-0.711858,0.60823][0.0275288,0.949966,0][0.12846,1.43118,0.372609][0.447066,-0.447801,0.774343][0.0238867,0.955854,0][0.109894,1.3814,0.340451][0.351161,-0.711858,0.60823][0.0275288,0.949966,0][0.2225,1.43118,0.27857][0.774342,-0.447801,0.447067][0.0345374,0.955854,0][0.12846,1.43118,0.372609][0.447066,-0.447801,0.774343][0.0238867,0.955854,0][0.12846,1.43118,0.372609][0.447066,-0.447801,0.774343][0.0238867,0.955854,0][9.62244e-08,1.57815,0.454378][2.35112e-07,0.140809,0.990037][0.0146257,0.97324,0][9.86262e-08,1.43118,0.407029][2.12672e-07,-0.447801,0.894133][0.0199882,0.955854,0][0.2225,1.43118,0.27857][0.774342,-0.447801,0.447067][0.0345374,0.955854,0][0.304269,1.57815,0.150109][0.990037,0.14081,5.82077e-08][0.0490866,0.97324,0][0.263505,1.57815,0.302244][0.857397,0.14081,0.495019][0.031856,0.97324,0][0.2225,1.43118,0.27857][0.774342,-0.447801,0.447067][0.0345374,0.955854,0][0.152135,1.57815,0.413614][0.495018,0.140809,0.857397][0.0192425,0.97324,0][0.12846,1.43118,0.372609][0.447066,-0.447801,0.774343][0.0238867,0.955854,0][0.152135,1.57815,0.413614][0.495018,0.140809,0.857397][0.0192425,0.97324,0][0.2225,1.43118,0.27857][0.774342,-0.447801,0.447067][0.0345374,0.955854,0][0.263505,1.57815,0.302244][0.857397,0.14081,0.495019][0.031856,0.97324,0][9.62244e-08,1.57815,0.454378][2.35112e-07,0.140809,0.990037][0.0146257,0.97324,0][0.12846,1.43118,0.372609][0.447066,-0.447801,0.774343][0.0238867,0.955854,0][0.152135,1.57815,0.413614][0.495018,0.140809,0.857397][0.0192425,0.97324,0][0.304269,1.57815,0.150109][0.990037,0.14081,5.82077e-08][0.0490866,0.97324,0][0.223121,1.64427,0.278928][0.472803,0.83782,0.272974][0.0344968,0.981061,0][0.263505,1.57815,0.302244][0.857397,0.14081,0.495019][0.031856,0.97324,0][0.223121,1.64427,0.278928][0.472803,0.83782,0.272974][0.0344968,0.981061,0][0.152135,1.57815,0.413614][0.495018,0.140809,0.857397][0.0192425,0.97324,0][0.263505,1.57815,0.302244][0.857397,0.14081,0.495019][0.031856,0.97324,0][0.223121,1.64427,0.278928][0.472803,0.83782,0.272974][0.0344968,0.981061,0][0.304269,1.57815,0.150109][0.990037,0.14081,5.82077e-08][0.0490866,0.97324,0][0.257638,1.64427,0.150109][0.545946,0.83782,2.02728e-07][0.0490866,0.981061,0][0.257638,1.64427,0.150109][0.545946,0.83782,2.02728e-07][0.0490866,0.981061,0][1.3411e-07,1.66563,0.150109][-8.8978e-08,1,1.83971e-07][0.0490866,0.983587,0][0.223121,1.64427,0.278928][0.472803,0.83782,0.272974][0.0344968,0.981061,0][0.152135,1.57815,0.413614][0.495018,0.140809,0.857397][0.0192425,0.97324,0][0.223121,1.64427,0.278928][0.472803,0.83782,0.272974][0.0344968,0.981061,0][0.128819,1.64427,0.37323][0.272973,0.83782,0.472804][0.0238163,0.981061,0][0.128819,1.64427,0.37323][0.272973,0.83782,0.472804][0.0238163,0.981061,0][9.62244e-08,1.57815,0.454378][2.35112e-07,0.140809,0.990037][0.0146257,0.97324,0][0.152135,1.57815,0.413614][0.495018,0.140809,0.857397][0.0192425,0.97324,0][0.223121,1.64427,0.278928][0.472803,0.83782,0.272974][0.0344968,0.981061,0][1.3411e-07,1.66563,0.150109][-8.8978e-08,1,1.83971e-07][0.0490866,0.983587,0][0.128819,1.64427,0.37323][0.272973,0.83782,0.472804][0.0238163,0.981061,0][9.62244e-08,1.57815,0.454378][2.35112e-07,0.140809,0.990037][0.0146257,0.97324,0][0.128819,1.64427,0.37323][0.272973,0.83782,0.472804][0.0238163,0.981061,0][1.00505e-07,1.64427,0.407747][2.98208e-07,0.83782,0.545947][0.019907,0.981061,0][0.128819,1.64427,0.37323][0.272973,0.83782,0.472804][0.0238163,0.981061,0][1.3411e-07,1.66563,0.150109][-8.8978e-08,1,1.83971e-07][0.0490866,0.983587,0][1.00505e-07,1.64427,0.407747][2.98208e-07,0.83782,0.545947][0.019907,0.981061,0][1.4111,-1.53121,0.625523][0.311819,-0.565495,-0.763534][0.973655,0.0609711,0][1.30302,-1.61327,0.642164][0.117305,-0.633664,-0.764663][0.973655,0.0535738,0][1.29656,-1.59458,0.625685][0.22377,-0.59994,-0.768114][0.973655,0.0561271,0][-0.981987,1.13589,0.717059][0.49719,0.666331,0.555703][0.974083,0.26251,0][-0.584896,1.09023,0.416534][0.49719,0.666331,0.555703][0.974083,0.0455874,0][-0.656477,1.12234,0.442079][0.49719,0.666331,0.555703][0.974083,0.0675318,0][1.09036,1.01407,1.07122][-0.554496,0.418627,0.719225][0.974442,0.0493014,0][1.03619,0.971981,1.06409][-0.42252,0.406447,0.81011][0.974442,0.0649164,0][1.04959,0.887494,1.11346][-0.469172,0.118865,0.875071][0.974442,0.152309,0][1.09036,1.01407,1.07122][-0.554496,0.418627,0.719225][0.974442,0.0493014,0][1.04959,0.887494,1.11346][-0.469172,0.118865,0.875071][0.974442,0.152309,0][1.11512,0.978303,1.12024][-0.584629,0.367948,0.723065][0.974442,0.111276,0][1.11512,0.978303,1.12024][-0.584629,0.367948,0.723065][0.974442,0.111276,0][1.04959,0.887494,1.11346][-0.469172,0.118865,0.875071][0.974442,0.152309,0][1.13706,0.911197,1.15323][-0.401678,-0.051545,0.914329][0.974442,0.186942,0][1.13706,0.911197,1.15323][-0.401678,-0.051545,0.914329][0.974442,0.186942,0][1.04959,0.887494,1.11346][-0.469172,0.118865,0.875071][0.974442,0.152309,0][1.14408,0.834133,1.12153][-0.292868,-0.386414,0.874593][0.974442,0.246488,0][0.931573,-0.0718996,1.79486][-0.0826876,0.847329,0.524591][0.973814,0.0446751,0][0.967837,-0.031602,1.73717][-0.14956,0.85225,0.501299][0.973814,0.0571443,0][0.907718,-0.0650973,1.77618][-0.0968154,0.889096,0.447365][0.973814,0.0476652,0][-1.69173,-0.376959,-0.827656][-0.63797,0.763795,-0.0980412][0.973814,0.129449,0][-1.54922,-0.36449,-1.02617][-0.520228,0.790245,-0.323846][0.973814,0.177443,0][-1.71056,-0.393382,-0.837485][-0.675778,0.737104,0.000978861][0.973814,0.130184,0][-1.76471,-0.49975,-0.713631][-0.677574,0.729448,0.0938004][0.973814,0.0907456,0][-1.69173,-0.376959,-0.827656][-0.63797,0.763795,-0.0980412][0.973814,0.129449,0][-1.71056,-0.393382,-0.837485][-0.675778,0.737104,0.000978861][0.973814,0.130184,0][-1.74914,-0.486837,-0.69565][-0.663302,0.745557,0.0646266][0.973814,0.0877507,0][-1.69173,-0.376959,-0.827656][-0.63797,0.763795,-0.0980412][0.973814,0.129449,0][-1.76471,-0.49975,-0.713631][-0.677574,0.729448,0.0938004][0.973814,0.0907456,0][-1.76471,-0.49975,-0.713631][-0.677574,0.729448,0.0938004][0.973814,0.0907456,0][-1.83499,-0.532332,-0.528147][-0.581585,0.809722,-0.0781554][0.973814,0.0438848,0][-1.74914,-0.486837,-0.69565][-0.663302,0.745557,0.0646266][0.973814,0.0877507,0][-1.00517,0.978303,-0.951066][-0.827946,0.398935,0.394153][0.974337,0.16278,0][-1.00023,0.974588,-0.923386][-0.818518,0.42693,0.384394][0.974307,0.124905,0][-0.953772,1.01407,-0.933782][-0.605139,0.767663,0.210952][0.974269,0.17588,0][-1.03574,0.911506,-0.975963][-0.767925,0.356866,0.531919][0.97439,0.176264,0][-1.00023,0.974588,-0.923386][-0.818518,0.42693,0.384394][0.974307,0.124905,0][-1.00517,0.978303,-0.951066][-0.827946,0.398935,0.394153][0.974337,0.16278,0][-1.00023,0.974588,-0.923386][-0.818518,0.42693,0.384394][0.974307,0.124905,0][-1.03574,0.911506,-0.975963][-0.767925,0.356866,0.531919][0.97439,0.176264,0][-0.994183,0.894302,-0.912206][-0.741785,0.399543,0.538628][0.97429,0.112651,0][-1.07015,0.838546,-0.931777][-0.758767,0.304004,0.576068][0.974385,0.0832518,0][-0.994183,0.894302,-0.912206][-0.741785,0.399543,0.538628][0.97429,0.112651,0][-1.03574,0.911506,-0.975963][-0.767925,0.356866,0.531919][0.97439,0.176264,0][-0.994183,0.894302,-0.912206][-0.741785,0.399543,0.538628][0.97429,0.112651,0][-1.07015,0.838546,-0.931777][-0.758767,0.304004,0.576068][0.974385,0.0832518,0][-1.04834,0.827221,-0.897748][-0.744086,0.337278,0.576697][0.974332,0.0492197,0][0.871447,-0.238215,1.82834][-0.64194,0.076624,0.762916][0.973814,0.24747,0][0.887178,-0.523016,1.87018][-0.638448,0.286038,0.714539][0.973814,0.217467,0][0.908582,-0.225991,1.85616][-0.64194,0.076624,0.762916][0.973814,0.250217,0][0.871447,-0.238215,1.82834][-0.64194,0.076624,0.762916][0.973814,0.24747,0][0.834068,-0.543453,1.82534][-0.622015,0.406533,0.6692][0.973814,0.214805,0][0.887178,-0.523016,1.87018][-0.638448,0.286038,0.714539][0.973814,0.217467,0][0.834068,-0.543453,1.82534][-0.622015,0.406533,0.6692][0.973814,0.214805,0][0.789562,-0.703256,1.94384][-0.573893,0.584873,0.573211][0.973814,0.199429,0][0.887178,-0.523016,1.87018][-0.638448,0.286038,0.714539][0.973814,0.217467,0][0.789562,-0.703256,1.94384][-0.573893,0.584873,0.573211][0.973814,0.199429,0][0.834068,-0.543453,1.82534][-0.622015,0.406533,0.6692][0.973814,0.214805,0][0.737672,-0.695275,1.89626][-0.573893,0.584873,0.573211][0.973814,0.198223,0][-0.190342,1.3814,0.260003][-0.60823,-0.711858,0.351161][0.0366403,0.949966,0][-0.171488,1.34923,0.150109][-0.554393,-0.832255,-4.30498e-07][0.0490866,0.94616,0][-0.148513,1.34923,0.235853][-0.480119,-0.832255,0.277196][0.0393754,0.94616,0][-0.171488,1.34923,0.150109][-0.554393,-0.832255,-4.30498e-07][0.0490866,0.94616,0][-0.190342,1.3814,0.260003][-0.60823,-0.711858,0.351161][0.0366403,0.949966,0][-0.219788,1.3814,0.150109][-0.702324,-0.711858,-8.60049e-08][0.0490866,0.949966,0][-0.085744,1.34923,0.298622][-0.277196,-0.832255,0.480119][0.0322663,0.94616,0][-0.190342,1.3814,0.260003][-0.60823,-0.711858,0.351161][0.0366403,0.949966,0][-0.148513,1.34923,0.235853][-0.480119,-0.832255,0.277196][0.0393754,0.94616,0][-0.190342,1.3814,0.260003][-0.60823,-0.711858,0.351161][0.0366403,0.949966,0][-0.25692,1.43118,0.150109][-0.894134,-0.4478,-8.98327e-07][0.0490866,0.955854,0][-0.219788,1.3814,0.150109][-0.702324,-0.711858,-8.60049e-08][0.0490866,0.949966,0][1.00363e-07,1.3814,0.369897][2.8223e-07,-0.711858,0.702324][0.0241937,0.949966,0][-0.085744,1.34923,0.298622][-0.277196,-0.832255,0.480119][0.0322663,0.94616,0][1.0326e-07,1.34923,0.321597][1.17963e-07,-0.832255,0.554394][0.0296642,0.94616,0][-0.085744,1.34923,0.298622][-0.277196,-0.832255,0.480119][0.0322663,0.94616,0][1.00363e-07,1.3814,0.369897][2.8223e-07,-0.711858,0.702324][0.0241937,0.949966,0][-0.109894,1.3814,0.340451][-0.351162,-0.711858,0.60823][0.0275288,0.949966,0][-0.109894,1.3814,0.340451][-0.351162,-0.711858,0.60823][0.0275288,0.949966,0][-0.190342,1.3814,0.260003][-0.60823,-0.711858,0.351161][0.0366403,0.949966,0][-0.085744,1.34923,0.298622][-0.277196,-0.832255,0.480119][0.0322663,0.94616,0][9.86262e-08,1.43118,0.407029][2.12672e-07,-0.447801,0.894133][0.0199882,0.955854,0][-0.109894,1.3814,0.340451][-0.351162,-0.711858,0.60823][0.0275288,0.949966,0][1.00363e-07,1.3814,0.369897][2.8223e-07,-0.711858,0.702324][0.0241937,0.949966,0][-0.25692,1.43118,0.150109][-0.894134,-0.4478,-8.98327e-07][0.0490866,0.955854,0][-0.190342,1.3814,0.260003][-0.60823,-0.711858,0.351161][0.0366403,0.949966,0][-0.222499,1.43118,0.278569][-0.774343,-0.447801,0.447066][0.0345374,0.955854,0][-0.109894,1.3814,0.340451][-0.351162,-0.711858,0.60823][0.0275288,0.949966,0][-0.222499,1.43118,0.278569][-0.774343,-0.447801,0.447066][0.0345374,0.955854,0][-0.190342,1.3814,0.260003][-0.60823,-0.711858,0.351161][0.0366403,0.949966,0][-0.222499,1.43118,0.278569][-0.774343,-0.447801,0.447066][0.0345374,0.955854,0][-0.304269,1.57815,0.150109][-0.990037,0.14081,-7.5293e-07][0.0490866,0.97324,0][-0.25692,1.43118,0.150109][-0.894134,-0.4478,-8.98327e-07][0.0490866,0.955854,0][-0.109894,1.3814,0.340451][-0.351162,-0.711858,0.60823][0.0275288,0.949966,0][9.86262e-08,1.43118,0.407029][2.12672e-07,-0.447801,0.894133][0.0199882,0.955854,0][-0.12846,1.43118,0.372609][-0.447067,-0.447801,0.774342][0.0238867,0.955854,0][-0.12846,1.43118,0.372609][-0.447067,-0.447801,0.774342][0.0238867,0.955854,0][-0.222499,1.43118,0.278569][-0.774343,-0.447801,0.447066][0.0345374,0.955854,0][-0.109894,1.3814,0.340451][-0.351162,-0.711858,0.60823][0.0275288,0.949966,0][9.62244e-08,1.57815,0.454378][2.35112e-07,0.140809,0.990037][0.0146257,0.97324,0][-0.12846,1.43118,0.372609][-0.447067,-0.447801,0.774342][0.0238867,0.955854,0][9.86262e-08,1.43118,0.407029][2.12672e-07,-0.447801,0.894133][0.0199882,0.955854,0][-0.304269,1.57815,0.150109][-0.990037,0.14081,-7.5293e-07][0.0490866,0.97324,0][-0.222499,1.43118,0.278569][-0.774343,-0.447801,0.447066][0.0345374,0.955854,0][-0.263505,1.57815,0.302244][-0.857397,0.14081,0.495017][0.031856,0.97324,0][-0.12846,1.43118,0.372609][-0.447067,-0.447801,0.774342][0.0238867,0.955854,0][-0.263505,1.57815,0.302244][-0.857397,0.14081,0.495017][0.031856,0.97324,0][-0.222499,1.43118,0.278569][-0.774343,-0.447801,0.447066][0.0345374,0.955854,0][-0.12846,1.43118,0.372609][-0.447067,-0.447801,0.774342][0.0238867,0.955854,0][9.62244e-08,1.57815,0.454378][2.35112e-07,0.140809,0.990037][0.0146257,0.97324,0][-0.152135,1.57815,0.413614][-0.495019,0.140809,0.857396][0.0192425,0.97324,0][-0.263505,1.57815,0.302244][-0.857397,0.14081,0.495017][0.031856,0.97324,0][-0.12846,1.43118,0.372609][-0.447067,-0.447801,0.774342][0.0238867,0.955854,0][-0.152135,1.57815,0.413614][-0.495019,0.140809,0.857396][0.0192425,0.97324,0][9.62244e-08,1.57815,0.454378][2.35112e-07,0.140809,0.990037][0.0146257,0.97324,0][-0.128819,1.64427,0.37323][-0.272974,0.83782,0.472804][0.0238163,0.981061,0][-0.152135,1.57815,0.413614][-0.495019,0.140809,0.857396][0.0192425,0.97324,0][-0.128819,1.64427,0.37323][-0.272974,0.83782,0.472804][0.0238163,0.981061,0][-0.263505,1.57815,0.302244][-0.857397,0.14081,0.495017][0.031856,0.97324,0][-0.152135,1.57815,0.413614][-0.495019,0.140809,0.857396][0.0192425,0.97324,0][-0.128819,1.64427,0.37323][-0.272974,0.83782,0.472804][0.0238163,0.981061,0][9.62244e-08,1.57815,0.454378][2.35112e-07,0.140809,0.990037][0.0146257,0.97324,0][1.00505e-07,1.64427,0.407747][2.98208e-07,0.83782,0.545947][0.019907,0.981061,0][1.00505e-07,1.64427,0.407747][2.98208e-07,0.83782,0.545947][0.019907,0.981061,0][1.3411e-07,1.66563,0.150109][-8.8978e-08,1,1.83971e-07][0.0490866,0.983587,0][-0.128819,1.64427,0.37323][-0.272974,0.83782,0.472804][0.0238163,0.981061,0][-0.263505,1.57815,0.302244][-0.857397,0.14081,0.495017][0.031856,0.97324,0][-0.128819,1.64427,0.37323][-0.272974,0.83782,0.472804][0.0238163,0.981061,0][-0.22312,1.64427,0.278928][-0.472804,0.83782,0.272973][0.0344968,0.981061,0][-0.128819,1.64427,0.37323][-0.272974,0.83782,0.472804][0.0238163,0.981061,0][1.3411e-07,1.66563,0.150109][-8.8978e-08,1,1.83971e-07][0.0490866,0.983587,0][-0.22312,1.64427,0.278928][-0.472804,0.83782,0.272973][0.0344968,0.981061,0][-0.22312,1.64427,0.278928][-0.472804,0.83782,0.272973][0.0344968,0.981061,0][-0.304269,1.57815,0.150109][-0.990037,0.14081,-7.5293e-07][0.0490866,0.97324,0][-0.263505,1.57815,0.302244][-0.857397,0.14081,0.495017][0.031856,0.97324,0][-0.22312,1.64427,0.278928][-0.472804,0.83782,0.272973][0.0344968,0.981061,0][1.3411e-07,1.66563,0.150109][-8.8978e-08,1,1.83971e-07][0.0490866,0.983587,0][-0.257637,1.64427,0.150109][-0.545946,0.83782,-3.29172e-07][0.0490866,0.981061,0][-0.304269,1.57815,0.150109][-0.990037,0.14081,-7.5293e-07][0.0490866,0.97324,0][-0.22312,1.64427,0.278928][-0.472804,0.83782,0.272973][0.0344968,0.981061,0][-0.257637,1.64427,0.150109][-0.545946,0.83782,-3.29172e-07][0.0490866,0.981061,0][1.50574,-1.43427,-0.396378][0.135094,-0.197053,-0.971041][0.973655,0.0634347,0][1.5432,-1.35724,-0.406798][0.135094,-0.197053,-0.971041][0.973655,0.0762492,0][1.57474,-1.37804,-0.398868][0.135094,-0.197053,-0.971041][0.973655,0.0727029,0][1.5432,-1.35724,-0.406798][0.135094,-0.197053,-0.971041][0.973655,0.0762492,0][1.50574,-1.43427,-0.396378][0.135094,-0.197053,-0.971041][0.973655,0.0634347,0][1.48092,-1.41409,-0.404605][0.135094,-0.197053,-0.971041][0.973655,0.0668851,0][1.4236,0.838546,-0.36875][0.472134,0.193091,-0.860119][0.974047,0.0531456,0][1.37671,0.836855,-0.401725][0.517139,0.0154075,-0.855763][0.974065,0.151206,0][1.3801,0.908934,-0.428505][0.553899,-0.312763,-0.771605][0.974104,0.191298,0][1.12395,-1.64529,0.830107][0.353932,-0.592788,-0.723419][0.975418,0.102933,0][0.850228,-1.6379,0.690134][0.353932,-0.592788,-0.723419][0.97661,0.251391,0][1.16478,-1.63218,0.83934][0.353932,-0.592788,-0.723419][0.97625,0.0830181,0][-0.531998,-0.0956627,-1.68194][-0.206627,0.815816,-0.540139][0.973814,0.242395,0][-0.550668,-0.0781932,-1.65366][-0.0422986,0.933028,-0.357308][0.973814,0.229749,0][-0.194198,0.0274183,-1.70777][-0.30613,0.706207,-0.638401][0.973814,0.262014,0][-0.531998,-0.0956627,-1.68194][-0.206627,0.815816,-0.540139][0.973814,0.242395,0][-0.656251,-0.0697438,-1.65293][0.0765124,0.974451,-0.211165][0.973814,0.229884,0][-0.550668,-0.0781932,-1.65366][-0.0422986,0.933028,-0.357308][0.973814,0.229749,0][-0.550668,-0.0781932,-1.65366][-0.0422986,0.933028,-0.357308][0.973814,0.229749,0][-0.656251,-0.0697438,-1.65293][0.0765124,0.974451,-0.211165][0.973814,0.229884,0][-0.638951,-0.0707263,-1.60562][0.0765124,0.974451,-0.211165][0.973814,0.206976,0][-0.0793598,1.19219,0.60294][-0.783867,0.617877,-0.0614777][0.974083,0.261563,0][-0.110807,1.16424,0.723059][-0.783867,0.617877,-0.0614777][0.974083,0.173866,0][-0.0942574,1.18339,0.704513][-0.783867,0.617877,-0.0614777][0.974083,0.183736,0][-0.123149,1.18032,0.735803][0.856932,0.405169,0.318599][0.974083,0.17195,0][-0.110807,1.16424,0.723059][0.856932,0.405169,0.318599][0.974083,0.173866,0][-0.0793598,1.19219,0.60294][0.856932,0.405169,0.318599][0.974083,0.261563,0][0.085744,1.34923,0.298622][0.492371,0.174018,0.852812][0.252298,0.423232,0][1.01367e-07,1.16563,0.354041][1.61612e-07,0.174018,0.984743][0.231588,0.349523,0][0.101966,1.16563,0.326719][0.492371,0.174018,0.852812][0.241798,0.349523,0][1.01367e-07,1.16563,0.354041][1.61612e-07,0.174018,0.984743][0.231588,0.349523,0][0.085744,1.34923,0.298622][0.492371,0.174018,0.852812][0.252298,0.423232,0][1.0326e-07,1.34923,0.321597][1.81212e-07,0.174018,0.984743][0.243712,0.423232,0][0.101966,1.16563,0.326719][0.492371,0.174018,0.852812][0.241798,0.349523,0][0.148513,1.34923,0.235853][0.852812,0.174018,0.492371][0.275754,0.423232,0][0.085744,1.34923,0.298622][0.492371,0.174018,0.852812][0.252298,0.423232,0][0.148513,1.34923,0.235853][0.852812,0.174018,0.492371][0.275754,0.423232,0][0.101966,1.16563,0.326719][0.492371,0.174018,0.852812][0.241798,0.349523,0][0.17661,1.16563,0.252075][0.852812,0.174018,0.492371][0.269692,0.349523,0][0.203932,1.16563,0.150109][0.984743,0.174018,-1.2052e-08][0.307796,0.349523,0][0.148513,1.34923,0.235853][0.852812,0.174018,0.492371][0.275754,0.423232,0][0.17661,1.16563,0.252075][0.852812,0.174018,0.492371][0.269692,0.349523,0][0.148513,1.34923,0.235853][0.852812,0.174018,0.492371][0.275754,0.423232,0][0.203932,1.16563,0.150109][0.984743,0.174018,-1.2052e-08][0.307796,0.349523,0][0.171488,1.34923,0.150109][0.984743,0.174018,-1.93364e-08][0.307796,0.423232,0][0.643216,1.1689,0.52147][-0.552213,0.516296,0.654598][0.974083,0.121317,0][0.3301,1.20329,0.208315][-0.585565,0.497361,0.640114][0.974083,0.039121,0][0.594418,1.15056,0.491086][-0.579661,0.500815,0.642789][0.974083,0.112169,0][0.594418,1.15056,0.491086][-0.579661,0.500815,0.642789][0.974083,0.112169,0][0.907139,1.09877,0.796533][-0.603736,0.599997,0.524887][0.974083,0.19521,0][0.643216,1.1689,0.52147][-0.552213,0.516296,0.654598][0.974083,0.121317,0][0.928562,1.13589,0.78073][-0.591865,0.582619,0.557002][0.974083,0.193646,0][0.643216,1.1689,0.52147][-0.552213,0.516296,0.654598][0.974083,0.121317,0][0.907139,1.09877,0.796533][-0.603736,0.599997,0.524887][0.974083,0.19521,0][0.907139,1.09877,0.796533][-0.603736,0.599997,0.524887][0.974083,0.19521,0][0.958208,1.10146,0.872787][-0.660504,0.6571,0.363255][0.974083,0.212785,0][0.928562,1.13589,0.78073][-0.591865,0.582619,0.557002][0.974083,0.193646,0][0.958208,1.10146,0.872787][-0.660504,0.6571,0.363255][0.974083,0.212785,0][0.907139,1.09877,0.796533][-0.603736,0.599997,0.524887][0.974083,0.19521,0][0.938814,1.08109,0.885562][-0.678526,0.658187,0.32618][0.974083,0.214477,0][0.938814,1.08109,0.885562][-0.678526,0.658187,0.32618][0.974083,0.214477,0][0.97107,1.05615,1.02511][-0.644611,0.393932,0.655205][0.974083,0.24406,0][0.958208,1.10146,0.872787][-0.660504,0.6571,0.363255][0.974083,0.212785,0][0.97107,1.05615,1.02511][-0.644611,0.393932,0.655205][0.974083,0.24406,0][0.938814,1.08109,0.885562][-0.678526,0.658187,0.32618][0.974083,0.214477,0][0.950026,1.03211,1.01574][-0.658048,0.428807,0.618948][0.974083,0.24287,0][0.97107,1.05615,1.02511][-0.644611,0.393932,0.655205][0.974083,0.24406,0][0.950026,1.03211,1.01574][-0.658048,0.428807,0.618948][0.974083,0.24287,0][1.03619,0.971981,1.06409][-0.458757,0.0557245,0.886813][0.974083,0.265175,0][-0.17661,1.16563,0.252075][-0.852812,0.174018,0.492371][0.269692,0.349523,0][-0.085744,1.34923,0.298622][-0.492372,0.174018,0.852812][0.252298,0.423232,0][-0.148513,1.34923,0.235853][-0.852812,0.174018,0.492371][0.275754,0.423232,0][-0.148513,1.34923,0.235853][-0.852812,0.174018,0.492371][0.275754,0.423232,0][-0.203931,1.16563,0.150109][-0.984743,0.174018,-4.46385e-07][0.307796,0.349523,0][-0.17661,1.16563,0.252075][-0.852812,0.174018,0.492371][0.269692,0.349523,0][-0.203931,1.16563,0.150109][-0.984743,0.174018,-4.46385e-07][0.307796,0.349523,0][-0.148513,1.34923,0.235853][-0.852812,0.174018,0.492371][0.275754,0.423232,0][-0.171488,1.34923,0.150109][-0.984743,0.174018,-4.77136e-07][0.307796,0.423232,0][-0.085744,1.34923,0.298622][-0.492372,0.174018,0.852812][0.252298,0.423232,0][-0.17661,1.16563,0.252075][-0.852812,0.174018,0.492371][0.269692,0.349523,0][-0.101966,1.16563,0.326719][-0.492372,0.174018,0.852812][0.241798,0.349523,0][1.01367e-07,1.16563,0.354041][1.61612e-07,0.174018,0.984743][0.231588,0.349523,0][-0.085744,1.34923,0.298622][-0.492372,0.174018,0.852812][0.252298,0.423232,0][-0.101966,1.16563,0.326719][-0.492372,0.174018,0.852812][0.241798,0.349523,0][-0.085744,1.34923,0.298622][-0.492372,0.174018,0.852812][0.252298,0.423232,0][1.01367e-07,1.16563,0.354041][1.61612e-07,0.174018,0.984743][0.231588,0.349523,0][1.0326e-07,1.34923,0.321597][1.81212e-07,0.174018,0.984743][0.243712,0.423232,0][-0.0366761,1.18111,0.741662][-0.849685,0.527199,0.00983008][0.974083,0.13564,0][-0.0486389,1.16174,0.746473][-0.849685,0.527199,0.00983008][0.974083,0.134001,0][-0.059726,1.1417,0.863129][-0.849685,0.527199,0.00983008][0.974083,0.0411741,0][-0.628488,0.971981,1.3822][-0.377036,0.904846,0.197729][0.974083,0.266322,0][-0.506375,1.01774,1.40566][-0.498467,0.8656,0.0476126][0.974083,0.235347,0][-0.513185,1.01725,1.39489][-0.44403,0.888189,0.118139][0.974083,0.235949,0][-0.506375,1.01774,1.40566][-0.498467,0.8656,0.0476126][0.974083,0.235347,0][-0.464434,1.04453,1.38126][-0.595331,0.785642,-0.168365][0.974083,0.219572,0][-0.513185,1.01725,1.39489][-0.44403,0.888189,0.118139][0.974083,0.235949,0][-0.464434,1.04453,1.38126][-0.595331,0.785642,-0.168365][0.974083,0.219572,0][-0.506375,1.01774,1.40566][-0.498467,0.8656,0.0476126][0.974083,0.235347,0][-0.453682,1.05615,1.39659][-0.613968,0.751305,-0.242042][0.974083,0.218245,0][-0.306597,1.10629,1.23273][-0.516664,0.68951,-0.507577][0.974083,0.15771,0][-0.464434,1.04453,1.38126][-0.595331,0.785642,-0.168365][0.974083,0.219572,0][-0.453682,1.05615,1.39659][-0.613968,0.751305,-0.242042][0.974083,0.218245,0][-0.453682,1.05615,1.39659][-0.613968,0.751305,-0.242042][0.974083,0.218245,0][-0.282892,1.13567,1.23414][-0.413278,0.678869,-0.606908][0.974083,0.151672,0][-0.306597,1.10629,1.23273][-0.516664,0.68951,-0.507577][0.974083,0.15771,0][-0.282892,1.13567,1.23414][-0.413278,0.678869,-0.606908][0.974083,0.151672,0][-0.234445,1.07511,1.1584][-0.329477,0.829479,-0.451009][0.974083,0.130322,0][-0.306597,1.10629,1.23273][-0.516664,0.68951,-0.507577][0.974083,0.15771,0][-0.282892,1.13567,1.23414][-0.413278,0.678869,-0.606908][0.974083,0.151672,0][-0.191067,1.09012,1.17065][-0.339406,0.896118,-0.285965][0.974083,0.124918,0][-0.234445,1.07511,1.1584][-0.329477,0.829479,-0.451009][0.974083,0.130322,0][-0.191067,1.09012,1.17065][-0.339406,0.896118,-0.285965][0.974083,0.124918,0][-0.059726,1.1417,0.863129][-0.331199,0.943412,0.0167843][0.974083,0.0425723,0][-0.234445,1.07511,1.1584][-0.329477,0.829479,-0.451009][0.974083,0.130322,0][-1.28463,-0.0695589,-1.25855][-0.870986,0.226645,0.435909][0.973814,0.260622,0][-1.33072,-0.22599,-1.2693][-0.795045,0.5196,0.312921][0.973814,0.248094,0][-1.31764,-0.222341,-1.24507][-0.801876,0.503878,0.321095][0.973814,0.242734,0][-1.33072,-0.22599,-1.2693][-0.795045,0.5196,0.312921][0.973814,0.248094,0][-1.42991,-0.342397,-1.1656][-0.679969,0.725915,0.103386][0.973814,0.212438,0][-1.31764,-0.222341,-1.24507][-0.801876,0.503878,0.321095][0.973814,0.242734,0][-1.41892,-0.336795,-1.13859][-0.685075,0.72359,0.084205][0.973814,0.206611,0][-1.31764,-0.222341,-1.24507][-0.801876,0.503878,0.321095][0.973814,0.242734,0][-1.42991,-0.342397,-1.1656][-0.679969,0.725915,0.103386][0.973814,0.212438,0][-1.42991,-0.342397,-1.1656][-0.679969,0.725915,0.103386][0.973814,0.212438,0][-1.48591,-0.398439,-1.09016][-0.702845,0.711312,0.00669793][0.973814,0.18926,0][-1.41892,-0.336795,-1.13859][-0.685075,0.72359,0.084205][0.973814,0.206611,0][-1.48591,-0.398439,-1.09016][-0.702845,0.711312,0.00669793][0.973814,0.18926,0][-1.42991,-0.342397,-1.1656][-0.679969,0.725915,0.103386][0.973814,0.212438,0][-1.50142,-0.418767,-1.0899][-0.702845,0.711312,0.00669793][0.973814,0.187239,0][-0.514589,-1.66563,-1.1209][-0.297793,0.17505,-0.938444][0.973814,0.0427796,0][-0.706278,-1.61327,-1.05031][-0.27864,0.202111,-0.938888][0.973814,0.0538466,0][-1.05489,-1.36396,-0.893177][-0.314194,0.283689,-0.905982][0.973814,0.0906093,0][-0.706278,-1.61327,-1.05031][-0.27864,0.202111,-0.938888][0.973814,0.0538466,0][-0.955589,-1.55222,-0.988718][-0.177058,0.369539,-0.91219][0.973814,0.0649056,0][-1.05489,-1.36396,-0.893177][-0.314194,0.283689,-0.905982][0.973814,0.0906093,0][-0.955589,-1.55222,-0.988718][-0.177058,0.369539,-0.91219][0.973814,0.0649056,0][-1.5,-1.34534,-0.715917][-0.353671,0.213946,-0.910573][0.973814,0.108087,0][-1.05489,-1.36396,-0.893177][-0.314194,0.283689,-0.905982][0.973814,0.0906093,0][-1.5,-1.34534,-0.715917][-0.353671,0.213946,-0.910573][0.973814,0.108087,0][-1.62749,-1.20008,-0.633464][-0.354536,0.206482,-0.911959][0.973814,0.128697,0][-1.05489,-1.36396,-0.893177][-0.314194,0.283689,-0.905982][0.973814,0.0906093,0][-0.058147,1.17946,0.757434][0.907155,0.391787,0.153536][0.974083,0.12718,0][-0.059726,1.1417,0.863129][0.907155,0.391787,0.153536][0.974083,0.0411741,0][-0.0486389,1.16174,0.746473][0.907155,0.391787,0.153536][0.974083,0.134001,0][1.30302,-1.61327,0.642164][0.117305,-0.633664,-0.764663][0.194657,0.884181,0][1.24949,-1.66563,0.68774][0.00618039,-0.660116,-0.751139][0.188212,0.879033,0][1.29656,-1.59458,0.625685][0.22377,-0.59994,-0.768114][0.193916,0.886087,0][-1.14987,0.548505,-1.0907][-0.848881,-0.0547485,0.525741][0.973814,0.19039,0][-1.04834,0.827221,-0.897748][-0.744086,0.337278,0.576697][0.973814,0.263527,0][-1.07015,0.838546,-0.931777][-0.758767,0.304004,0.576068][0.973814,0.264354,0][-1.08654,0.838546,-0.912234][0.435481,-0.0693541,-0.897522][0.973814,0.265355,0][-1.04834,0.827221,-0.897748][0.423397,-0.175683,-0.888747][0.973814,0.263527,0][-1.14987,0.548505,-1.0907][0.426638,0.404576,-0.808887][0.973814,0.19039,0][1.59673,-1.33742,-0.464756][-0.309061,-0.476496,-0.823063][0.973655,0.080476,0][1.65749,-1.14814,-0.538184][-0.220845,-0.290315,-0.931099][0.973655,0.112768,0][1.69259,-1.15527,-0.537228][-0.220845,-0.290315,-0.931099][0.973655,0.111582,0][1.65749,-1.14814,-0.538184][-0.220845,-0.290315,-0.931099][0.973655,0.112768,0][1.59673,-1.33742,-0.464756][-0.309061,-0.476496,-0.823063][0.973655,0.080476,0][1.56739,-1.32443,-0.454791][-0.337997,-0.540028,-0.770797][0.973655,0.0824401,0][1.57474,-1.37804,-0.398868][-0.401541,-0.686898,-0.605752][0.973655,0.0727029,0][1.56739,-1.32443,-0.454791][-0.337997,-0.540028,-0.770797][0.973655,0.0824401,0][1.59673,-1.33742,-0.464756][-0.309061,-0.476496,-0.823063][0.973655,0.080476,0][1.56739,-1.32443,-0.454791][-0.337997,-0.540028,-0.770797][0.973655,0.0824401,0][1.57474,-1.37804,-0.398868][-0.401541,-0.686898,-0.605752][0.973655,0.0727029,0][1.5432,-1.35724,-0.406798][-0.401541,-0.686898,-0.605752][0.973655,0.0762492,0][-0.0281392,0.997212,1.52491][-0.828696,0.550837,-0.0992027][0.974083,0.261672,0][0.0149735,1.0527,1.47285][-0.735981,0.659274,-0.153916][0.974083,0.135696,0][0.00708501,1.03937,1.46478][-0.749536,0.645499,-0.146722][0.974083,0.141236,0][0.0149735,1.0527,1.47285][-0.735981,0.659274,-0.153916][0.974083,0.135696,0][0.032021,1.05365,1.43632][-0.646347,0.737323,-0.196446][0.974083,0.0773152,0][0.00708501,1.03937,1.46478][-0.749536,0.645499,-0.146722][0.974083,0.141236,0][0.0354238,1.05251,1.40488][-0.646347,0.737323,-0.196446][0.974083,0.0389148,0][0.00708501,1.03937,1.46478][-0.749536,0.645499,-0.146722][0.974083,0.141236,0][0.032021,1.05365,1.43632][-0.646347,0.737323,-0.196446][0.974083,0.0773152,0][-0.281781,1.20543,0.268164][-0.525979,0.477498,-0.703806][0.974083,0.0392439,0][-0.584896,1.09023,0.416534][-0.525979,0.477498,-0.703806][0.974083,0.268525,0][-0.582447,1.1435,0.450842][-0.525979,0.477498,-0.703806][0.974083,0.257986,0][-1.24654,-0.144611,-1.33546][0.185764,0.74765,-0.637583][0.973814,0.0721871,0][-1.28463,-0.0695589,-1.25855][0.185764,0.74765,-0.637583][0.973814,0.0393906,0][-1.22671,-0.134439,-1.31775][0.185764,0.74765,-0.637583][0.973814,0.0642253,0][-0.981987,1.13589,0.717059][-0.490484,0.487709,-0.722195][0.974083,0.26251,0][-0.582447,1.1435,0.450842][-0.490484,0.487709,-0.722195][0.974083,0.0509048,0][-0.584896,1.09023,0.416534][-0.490484,0.487709,-0.722195][0.974083,0.0455874,0][1.70574,-1.34534,0.407592][0.326628,0.469113,0.820516][0.973655,0.0900635,0][1.67988,-1.2989,0.392627][0.324522,0.482668,0.81346][0.973655,0.0946291,0][1.4111,-1.53121,0.625523][0.329334,0.450736,0.829684][0.973655,0.0609711,0][1.70574,-1.34534,0.407592][0.326628,0.469113,0.820516][0.973655,0.0900635,0][1.9025,-1.03332,0.138097][0.294719,0.555863,0.777275][0.973655,0.132306,0][1.67988,-1.2989,0.392627][0.324522,0.482668,0.81346][0.973655,0.0946291,0][1.83494,-1.01115,0.1477][0.298752,0.547903,0.781377][0.973655,0.133339,0][1.67988,-1.2989,0.392627][0.324522,0.482668,0.81346][0.973655,0.0946291,0][1.9025,-1.03332,0.138097][0.294719,0.555863,0.777275][0.973655,0.132306,0][1.9025,-1.03332,0.138097][0.294719,0.555863,0.777275][0.973655,0.132306,0][1.94654,-0.813607,-0.0498751][0.318146,0.692761,0.647198][0.973655,0.161928,0][1.83494,-1.01115,0.1477][0.298752,0.547903,0.781377][0.973655,0.133339,0][1.87765,-0.798047,-0.0403068][0.315321,0.687149,0.654521][0.973655,0.162459,0][1.83494,-1.01115,0.1477][0.298752,0.547903,0.781377][0.973655,0.133339,0][1.94654,-0.813607,-0.0498751][0.318146,0.692761,0.647198][0.973655,0.161928,0][1.94654,-0.813607,-0.0498751][0.318146,0.692761,0.647198][0.973655,0.161928,0][1.8883,-0.682044,-0.199331][0.382799,0.79498,0.470608][0.973655,0.182191,0][1.87765,-0.798047,-0.0403068][0.315321,0.687149,0.654521][0.973655,0.162459,0][1.8883,-0.682044,-0.199331][0.382799,0.79498,0.470608][0.973655,0.182191,0][1.94654,-0.813607,-0.0498751][0.318146,0.692761,0.647198][0.973655,0.161928,0][1.956,-0.698483,-0.23459][0.390438,0.80261,0.450971][0.973655,0.183352,0][1.956,-0.698483,-0.23459][0.390438,0.80261,0.450971][0.973655,0.183352,0][1.86503,-0.590739,-0.370049][0.566894,0.726438,0.388482][0.973655,0.200841,0][1.8883,-0.682044,-0.199331][0.382799,0.79498,0.470608][0.973655,0.182191,0][1.86503,-0.590739,-0.370049][0.566894,0.726438,0.388482][0.973655,0.200841,0][1.956,-0.698483,-0.23459][0.390438,0.80261,0.450971][0.973655,0.183352,0][1.87905,-0.577553,-0.417697][0.806817,0.459449,0.371421][0.973655,0.205108,0][1.87905,-0.577553,-0.417697][0.806817,0.459449,0.371421][0.973655,0.205108,0][1.80433,-0.22599,-0.540662][0.885732,0.309318,0.346124][0.973655,0.240335,0][1.86503,-0.590739,-0.370049][0.566894,0.726438,0.388482][0.973655,0.200841,0][1.3355e-07,1.3814,-0.0696785][-9.49093e-08,-0.711857,-0.702324][0.0241718,0.949966,0][0.085744,1.34923,0.0015965][0.277196,-0.832255,-0.480119][0.0322364,0.94616,0][1.29154e-07,1.34923,-0.0213785][2.52777e-08,-0.832254,-0.554394][0.0296368,0.94616,0][0.085744,1.34923,0.0015965][0.277196,-0.832255,-0.480119][0.0322364,0.94616,0][1.3355e-07,1.3814,-0.0696785][-9.49093e-08,-0.711857,-0.702324][0.0241718,0.949966,0][0.109894,1.3814,-0.0402326][0.351161,-0.711857,-0.608231][0.0275035,0.949966,0][1.3742e-07,1.43118,-0.106811][2.02545e-08,-0.4478,-0.894134][0.0199705,0.955854,0][0.109894,1.3814,-0.0402326][0.351161,-0.711857,-0.608231][0.0275035,0.949966,0][1.3355e-07,1.3814,-0.0696785][-9.49093e-08,-0.711857,-0.702324][0.0241718,0.949966,0][0.085744,1.34923,0.0015965][0.277196,-0.832255,-0.480119][0.0322364,0.94616,0][0.109894,1.3814,-0.0402326][0.351161,-0.711857,-0.608231][0.0275035,0.949966,0][0.190342,1.3814,0.0402153][0.60823,-0.711858,-0.351162][0.0366059,0.949966,0][0.109894,1.3814,-0.0402326][0.351161,-0.711857,-0.608231][0.0275035,0.949966,0][1.3742e-07,1.43118,-0.106811][2.02545e-08,-0.4478,-0.894134][0.0199705,0.955854,0][0.12846,1.43118,-0.07239][0.447066,-0.447801,-0.774343][0.023865,0.955854,0][0.12846,1.43118,-0.07239][0.447066,-0.447801,-0.774343][0.023865,0.955854,0][0.190342,1.3814,0.0402153][0.60823,-0.711858,-0.351162][0.0366059,0.949966,0][0.109894,1.3814,-0.0402326][0.351161,-0.711857,-0.608231][0.0275035,0.949966,0][1.42168e-07,1.57815,-0.15416][-5.87781e-09,0.14081,-0.990037][0.0146131,0.97324,0][0.12846,1.43118,-0.07239][0.447066,-0.447801,-0.774343][0.023865,0.955854,0][1.3742e-07,1.43118,-0.106811][2.02545e-08,-0.4478,-0.894134][0.0199705,0.955854,0][0.148513,1.34923,0.0643654][0.480118,-0.832255,-0.277197][0.0393384,0.94616,0][0.085744,1.34923,0.0015965][0.277196,-0.832255,-0.480119][0.0322364,0.94616,0][0.190342,1.3814,0.0402153][0.60823,-0.711858,-0.351162][0.0366059,0.949966,0][0.190342,1.3814,0.0402153][0.60823,-0.711858,-0.351162][0.0366059,0.949966,0][0.219788,1.3814,0.150109][0.702324,-0.711858,-5.10384e-08][0.0490399,0.949966,0][0.148513,1.34923,0.0643654][0.480118,-0.832255,-0.277197][0.0393384,0.94616,0][0.148513,1.34923,0.0643654][0.480118,-0.832255,-0.277197][0.0393384,0.94616,0][0.219788,1.3814,0.150109][0.702324,-0.711858,-5.10384e-08][0.0490399,0.949966,0][0.171488,1.34923,0.150109][0.554393,-0.832255,-6.81843e-08][0.0490399,0.94616,0][0.190342,1.3814,0.0402153][0.60823,-0.711858,-0.351162][0.0366059,0.949966,0][0.25692,1.43118,0.150109][0.894133,-0.447801,-7.2956e-08][0.0490399,0.955854,0][0.219788,1.3814,0.150109][0.702324,-0.711858,-5.10384e-08][0.0490399,0.949966,0][0.25692,1.43118,0.150109][0.894133,-0.447801,-7.2956e-08][0.0490399,0.955854,0][0.190342,1.3814,0.0402153][0.60823,-0.711858,-0.351162][0.0366059,0.949966,0][0.2225,1.43118,0.0216492][0.774342,-0.447801,-0.447067][0.0345052,0.955854,0][0.190342,1.3814,0.0402153][0.60823,-0.711858,-0.351162][0.0366059,0.949966,0][0.12846,1.43118,-0.07239][0.447066,-0.447801,-0.774343][0.023865,0.955854,0][0.2225,1.43118,0.0216492][0.774342,-0.447801,-0.447067][0.0345052,0.955854,0][0.2225,1.43118,0.0216492][0.774342,-0.447801,-0.447067][0.0345052,0.955854,0][0.304269,1.57815,0.150109][0.990037,0.14081,5.82077e-08][0.0490399,0.97324,0][0.25692,1.43118,0.150109][0.894133,-0.447801,-7.2956e-08][0.0490399,0.955854,0][0.304269,1.57815,0.150109][0.990037,0.14081,5.82077e-08][0.0490399,0.97324,0][0.2225,1.43118,0.0216492][0.774342,-0.447801,-0.447067][0.0345052,0.955854,0][0.263505,1.57815,-0.00202528][0.857397,0.14081,-0.495018][0.0318266,0.97324,0][0.152135,1.57815,-0.113396][0.495018,0.14081,-0.857397][0.0192255,0.97324,0][0.2225,1.43118,0.0216492][0.774342,-0.447801,-0.447067][0.0345052,0.955854,0][0.12846,1.43118,-0.07239][0.447066,-0.447801,-0.774343][0.023865,0.955854,0][0.2225,1.43118,0.0216492][0.774342,-0.447801,-0.447067][0.0345052,0.955854,0][0.152135,1.57815,-0.113396][0.495018,0.14081,-0.857397][0.0192255,0.97324,0][0.263505,1.57815,-0.00202528][0.857397,0.14081,-0.495018][0.0318266,0.97324,0][0.12846,1.43118,-0.07239][0.447066,-0.447801,-0.774343][0.023865,0.955854,0][1.42168e-07,1.57815,-0.15416][-5.87781e-09,0.14081,-0.990037][0.0146131,0.97324,0][0.152135,1.57815,-0.113396][0.495018,0.14081,-0.857397][0.0192255,0.97324,0][0.223121,1.64427,0.0212906][0.472803,0.83782,-0.272973][0.0344646,0.981061,0][0.304269,1.57815,0.150109][0.990037,0.14081,5.82077e-08][0.0490399,0.97324,0][0.263505,1.57815,-0.00202528][0.857397,0.14081,-0.495018][0.0318266,0.97324,0][0.152135,1.57815,-0.113396][0.495018,0.14081,-0.857397][0.0192255,0.97324,0][0.223121,1.64427,0.0212906][0.472803,0.83782,-0.272973][0.0344646,0.981061,0][0.263505,1.57815,-0.00202528][0.857397,0.14081,-0.495018][0.0318266,0.97324,0][0.304269,1.57815,0.150109][0.990037,0.14081,5.82077e-08][0.0490399,0.97324,0][0.223121,1.64427,0.0212906][0.472803,0.83782,-0.272973][0.0344646,0.981061,0][0.257638,1.64427,0.150109][0.545946,0.83782,2.02728e-07][0.0490399,0.981061,0][0.223121,1.64427,0.0212906][0.472803,0.83782,-0.272973][0.0344646,0.981061,0][1.3411e-07,1.66563,0.150109][-8.8978e-08,1,1.83971e-07][0.0490399,0.983587,0][0.257638,1.64427,0.150109][0.545946,0.83782,2.02728e-07][0.0490399,0.981061,0][0.223121,1.64427,0.0212906][0.472803,0.83782,-0.272973][0.0344646,0.981061,0][0.152135,1.57815,-0.113396][0.495018,0.14081,-0.857397][0.0192255,0.97324,0][0.128819,1.64427,-0.0730113][0.272973,0.83782,-0.472804][0.0237948,0.981061,0][0.128819,1.64427,-0.0730113][0.272973,0.83782,-0.472804][0.0237948,0.981061,0][1.3411e-07,1.66563,0.150109][-8.8978e-08,1,1.83971e-07][0.0490399,0.983587,0][0.223121,1.64427,0.0212906][0.472803,0.83782,-0.272973][0.0344646,0.981061,0][1.42168e-07,1.57815,-0.15416][-5.87781e-09,0.14081,-0.990037][0.0146131,0.97324,0][0.128819,1.64427,-0.0730113][0.272973,0.83782,-0.472804][0.0237948,0.981061,0][0.152135,1.57815,-0.113396][0.495018,0.14081,-0.857397][0.0192255,0.97324,0][1.39407e-07,1.64427,-0.107528][-1.51677e-07,0.83782,-0.545946][0.0198894,0.981061,0][1.3411e-07,1.66563,0.150109][-8.8978e-08,1,1.83971e-07][0.0490399,0.983587,0][0.128819,1.64427,-0.0730113][0.272973,0.83782,-0.472804][0.0237948,0.981061,0][0.128819,1.64427,-0.0730113][0.272973,0.83782,-0.472804][0.0237948,0.981061,0][1.42168e-07,1.57815,-0.15416][-5.87781e-09,0.14081,-0.990037][0.0146131,0.97324,0][1.39407e-07,1.64427,-0.107528][-1.51677e-07,0.83782,-0.545946][0.0198894,0.981061,0][-0.638951,-0.0707263,-1.60562][-0.688209,0.724494,0.0384249][0.973814,0.206976,0][-0.742585,-0.167977,-1.62811][-0.688209,0.724494,0.0384249][0.973814,0.214408,0][-0.738508,-0.151948,-1.57625][-0.688209,0.724494,0.0384249][0.973814,0.193931,0][-0.742585,-0.167977,-1.62811][-0.688209,0.724494,0.0384249][0.973814,0.214408,0][-0.638951,-0.0707263,-1.60562][-0.688209,0.724494,0.0384249][0.973814,0.206976,0][-0.656251,-0.0697438,-1.65293][-0.688209,0.724494,0.0384249][0.973814,0.229884,0][-1.07213,1.02313,0.433217][-0.220547,0.603759,-0.766051][0.974083,0.174898,0][-0.656477,1.12234,0.442079][-0.121225,0.579873,-0.805638][0.974083,0.0596916,0][-0.584896,1.09023,0.416534][-0.121225,0.579873,-0.805638][0.974083,0.0481899,0][-0.656477,1.12234,0.442079][-0.121225,0.579873,-0.805638][0.974083,0.0596916,0][-1.07213,1.02313,0.433217][-0.220547,0.603759,-0.766051][0.974083,0.174898,0][-1.05838,1.09139,0.488616][-0.209749,0.601485,-0.770857][0.974083,0.172077,0][-1.24888,1.05615,0.538266][-0.355815,0.626484,-0.693479][0.974083,0.220267,0][-1.05838,1.09139,0.488616][-0.209749,0.601485,-0.770857][0.974083,0.172077,0][-1.07213,1.02313,0.433217][-0.220547,0.603759,-0.766051][0.974083,0.174898,0][-1.24888,1.05615,0.538266][-0.355815,0.626484,-0.693479][0.974083,0.220267,0][-1.07213,1.02313,0.433217][-0.220547,0.603759,-0.766051][0.974083,0.174898,0][-1.26529,1.03179,0.527027][-0.515025,0.636938,-0.573637][0.974083,0.229133,0][-1.24888,1.05615,0.538266][-0.355815,0.626484,-0.693479][0.974083,0.220267,0][-1.26529,1.03179,0.527027][-0.515025,0.636938,-0.573637][0.974083,0.229133,0][-1.33129,0.971981,0.530983][-0.601228,0.631002,-0.490266][0.974083,0.262387,0][-1.37224,1.01407,0.553197][-0.312588,0.267408,-0.911472][0.974442,0.0907761,0][-1.33129,0.971981,0.530983][-0.218425,0.280764,-0.934592][0.974442,0.046992,0][-1.37412,0.983715,0.544518][-0.316664,0.266761,-0.910254][0.974442,0.0972477,0][-1.42208,0.978302,0.563853][-0.350851,0.290385,-0.89027][0.974442,0.142891,0][-1.37224,1.01407,0.553197][-0.312588,0.267408,-0.911472][0.974442,0.0907761,0][-1.37412,0.983715,0.544518][-0.316664,0.266761,-0.910254][0.974442,0.0972477,0][-1.37412,0.983715,0.544518][-0.316664,0.266761,-0.910254][0.974442,0.0972477,0][-1.4111,0.929972,0.545953][-0.299321,0.339553,-0.89169][0.974442,0.165865,0][-1.42208,0.978302,0.563853][-0.350851,0.290385,-0.89027][0.974442,0.142891,0][-1.46719,0.911505,0.555173][-0.366602,0.409497,-0.835413][0.974442,0.19322,0][-1.42208,0.978302,0.563853][-0.350851,0.290385,-0.89027][0.974442,0.142891,0][-1.4111,0.929972,0.545953][-0.299321,0.339553,-0.89169][0.974442,0.165865,0][-1.4111,0.929972,0.545953][-0.299321,0.339553,-0.89169][0.974442,0.165865,0][-1.43543,0.878123,0.526428][-0.473312,0.449329,-0.75768][0.974442,0.20621,0][-1.46719,0.911505,0.555173][-0.366602,0.409497,-0.835413][0.974442,0.19322,0][-1.47388,0.838546,0.530828][-0.594786,0.557856,-0.578815][0.974442,0.236073,0][-1.46719,0.911505,0.555173][-0.366602,0.409497,-0.835413][0.974442,0.19322,0][-1.43543,0.878123,0.526428][-0.473312,0.449329,-0.75768][0.974442,0.20621,0][-1.43543,0.878123,0.526428][-0.473312,0.449329,-0.75768][0.974442,0.20621,0][-1.46829,0.824484,0.493274][-0.612835,0.644003,-0.457923][0.974442,0.248098,0][-1.47388,0.838546,0.530828][-0.594786,0.557856,-0.578815][0.974442,0.236073,0][-0.148513,1.34923,0.0643654][-0.480119,-0.832255,-0.277197][0.0393384,0.94616,0][-0.219788,1.3814,0.150109][-0.702324,-0.711858,-8.60049e-08][0.0490399,0.949966,0][-0.190342,1.3814,0.0402153][-0.60823,-0.711857,-0.351162][0.0366059,0.949966,0][-0.219788,1.3814,0.150109][-0.702324,-0.711858,-8.60049e-08][0.0490399,0.949966,0][-0.148513,1.34923,0.0643654][-0.480119,-0.832255,-0.277197][0.0393384,0.94616,0][-0.171488,1.34923,0.150109][-0.554393,-0.832255,-4.30498e-07][0.0490399,0.94616,0][-0.25692,1.43118,0.150109][-0.894134,-0.4478,-8.98327e-07][0.0490399,0.955854,0][-0.190342,1.3814,0.0402153][-0.60823,-0.711857,-0.351162][0.0366059,0.949966,0][-0.219788,1.3814,0.150109][-0.702324,-0.711858,-8.60049e-08][0.0490399,0.949966,0][-0.190342,1.3814,0.0402153][-0.60823,-0.711857,-0.351162][0.0366059,0.949966,0][-0.0857438,1.34923,0.0015965][-0.277197,-0.832255,-0.480119][0.0322364,0.94616,0][-0.148513,1.34923,0.0643654][-0.480119,-0.832255,-0.277197][0.0393384,0.94616,0][-0.190342,1.3814,0.0402153][-0.60823,-0.711857,-0.351162][0.0366059,0.949966,0][-0.25692,1.43118,0.150109][-0.894134,-0.4478,-8.98327e-07][0.0490399,0.955854,0][-0.222499,1.43118,0.0216492][-0.774342,-0.4478,-0.447067][0.0345052,0.955854,0][-0.304269,1.57815,0.150109][-0.990037,0.14081,-7.5293e-07][0.0490399,0.97324,0][-0.222499,1.43118,0.0216492][-0.774342,-0.4478,-0.447067][0.0345052,0.955854,0][-0.25692,1.43118,0.150109][-0.894134,-0.4478,-8.98327e-07][0.0490399,0.955854,0][-0.0857438,1.34923,0.0015965][-0.277197,-0.832255,-0.480119][0.0322364,0.94616,0][-0.190342,1.3814,0.0402153][-0.60823,-0.711857,-0.351162][0.0366059,0.949966,0][-0.109894,1.3814,-0.0402326][-0.351162,-0.711857,-0.608231][0.0275035,0.949966,0][-0.109894,1.3814,-0.0402326][-0.351162,-0.711857,-0.608231][0.0275035,0.949966,0][1.3355e-07,1.3814,-0.0696785][-9.49093e-08,-0.711857,-0.702324][0.0241718,0.949966,0][-0.0857438,1.34923,0.0015965][-0.277197,-0.832255,-0.480119][0.0322364,0.94616,0][-0.0857438,1.34923,0.0015965][-0.277197,-0.832255,-0.480119][0.0322364,0.94616,0][1.3355e-07,1.3814,-0.0696785][-9.49093e-08,-0.711857,-0.702324][0.0241718,0.949966,0][1.29154e-07,1.34923,-0.0213785][2.52777e-08,-0.832254,-0.554394][0.0296368,0.94616,0][-0.109894,1.3814,-0.0402326][-0.351162,-0.711857,-0.608231][0.0275035,0.949966,0][1.3742e-07,1.43118,-0.106811][2.02545e-08,-0.4478,-0.894134][0.0199705,0.955854,0][1.3355e-07,1.3814,-0.0696785][-9.49093e-08,-0.711857,-0.702324][0.0241718,0.949966,0][-0.190342,1.3814,0.0402153][-0.60823,-0.711857,-0.351162][0.0366059,0.949966,0][-0.12846,1.43118,-0.07239][-0.447067,-0.4478,-0.774342][0.023865,0.955854,0][-0.109894,1.3814,-0.0402326][-0.351162,-0.711857,-0.608231][0.0275035,0.949966,0][1.3742e-07,1.43118,-0.106811][2.02545e-08,-0.4478,-0.894134][0.0199705,0.955854,0][-0.109894,1.3814,-0.0402326][-0.351162,-0.711857,-0.608231][0.0275035,0.949966,0][-0.12846,1.43118,-0.07239][-0.447067,-0.4478,-0.774342][0.023865,0.955854,0][-0.222499,1.43118,0.0216492][-0.774342,-0.4478,-0.447067][0.0345052,0.955854,0][-0.12846,1.43118,-0.07239][-0.447067,-0.4478,-0.774342][0.023865,0.955854,0][-0.190342,1.3814,0.0402153][-0.60823,-0.711857,-0.351162][0.0366059,0.949966,0][-0.12846,1.43118,-0.07239][-0.447067,-0.4478,-0.774342][0.023865,0.955854,0][1.42168e-07,1.57815,-0.15416][-5.87781e-09,0.14081,-0.990037][0.0146131,0.97324,0][1.3742e-07,1.43118,-0.106811][2.02545e-08,-0.4478,-0.894134][0.0199705,0.955854,0][-0.263505,1.57815,-0.00202528][-0.857397,0.14081,-0.495019][0.0318266,0.97324,0][-0.12846,1.43118,-0.07239][-0.447067,-0.4478,-0.774342][0.023865,0.955854,0][-0.222499,1.43118,0.0216492][-0.774342,-0.4478,-0.447067][0.0345052,0.955854,0][-0.222499,1.43118,0.0216492][-0.774342,-0.4478,-0.447067][0.0345052,0.955854,0][-0.304269,1.57815,0.150109][-0.990037,0.14081,-7.5293e-07][0.0490399,0.97324,0][-0.263505,1.57815,-0.00202528][-0.857397,0.14081,-0.495019][0.0318266,0.97324,0][1.42168e-07,1.57815,-0.15416][-5.87781e-09,0.14081,-0.990037][0.0146131,0.97324,0][-0.12846,1.43118,-0.07239][-0.447067,-0.4478,-0.774342][0.023865,0.955854,0][-0.152134,1.57815,-0.113396][-0.495018,0.14081,-0.857397][0.0192255,0.97324,0][-0.12846,1.43118,-0.07239][-0.447067,-0.4478,-0.774342][0.023865,0.955854,0][-0.263505,1.57815,-0.00202528][-0.857397,0.14081,-0.495019][0.0318266,0.97324,0][-0.152134,1.57815,-0.113396][-0.495018,0.14081,-0.857397][0.0192255,0.97324,0][-0.128819,1.64427,-0.0730113][-0.272973,0.83782,-0.472804][0.0237948,0.981061,0][1.42168e-07,1.57815,-0.15416][-5.87781e-09,0.14081,-0.990037][0.0146131,0.97324,0][-0.152134,1.57815,-0.113396][-0.495018,0.14081,-0.857397][0.0192255,0.97324,0][-0.263505,1.57815,-0.00202528][-0.857397,0.14081,-0.495019][0.0318266,0.97324,0][-0.128819,1.64427,-0.0730113][-0.272973,0.83782,-0.472804][0.0237948,0.981061,0][-0.152134,1.57815,-0.113396][-0.495018,0.14081,-0.857397][0.0192255,0.97324,0][1.42168e-07,1.57815,-0.15416][-5.87781e-09,0.14081,-0.990037][0.0146131,0.97324,0][-0.128819,1.64427,-0.0730113][-0.272973,0.83782,-0.472804][0.0237948,0.981061,0][1.39407e-07,1.64427,-0.107528][-1.51677e-07,0.83782,-0.545946][0.0198894,0.981061,0][-0.128819,1.64427,-0.0730113][-0.272973,0.83782,-0.472804][0.0237948,0.981061,0][1.3411e-07,1.66563,0.150109][-8.8978e-08,1,1.83971e-07][0.0490399,0.983587,0][1.39407e-07,1.64427,-0.107528][-1.51677e-07,0.83782,-0.545946][0.0198894,0.981061,0][-0.128819,1.64427,-0.0730113][-0.272973,0.83782,-0.472804][0.0237948,0.981061,0][-0.263505,1.57815,-0.00202528][-0.857397,0.14081,-0.495019][0.0318266,0.97324,0][-0.22312,1.64427,0.0212906][-0.472803,0.83782,-0.272973][0.0344646,0.981061,0][-0.22312,1.64427,0.0212906][-0.472803,0.83782,-0.272973][0.0344646,0.981061,0][1.3411e-07,1.66563,0.150109][-8.8978e-08,1,1.83971e-07][0.0490399,0.983587,0][-0.128819,1.64427,-0.0730113][-0.272973,0.83782,-0.472804][0.0237948,0.981061,0][-0.304269,1.57815,0.150109][-0.990037,0.14081,-7.5293e-07][0.0490399,0.97324,0][-0.22312,1.64427,0.0212906][-0.472803,0.83782,-0.272973][0.0344646,0.981061,0][-0.263505,1.57815,-0.00202528][-0.857397,0.14081,-0.495019][0.0318266,0.97324,0][-0.257637,1.64427,0.150109][-0.545946,0.83782,-3.29172e-07][0.0490399,0.981061,0][1.3411e-07,1.66563,0.150109][-8.8978e-08,1,1.83971e-07][0.0490399,0.983587,0][-0.22312,1.64427,0.0212906][-0.472803,0.83782,-0.272973][0.0344646,0.981061,0][-0.22312,1.64427,0.0212906][-0.472803,0.83782,-0.272973][0.0344646,0.981061,0][-0.304269,1.57815,0.150109][-0.990037,0.14081,-7.5293e-07][0.0490399,0.97324,0][-0.257637,1.64427,0.150109][-0.545946,0.83782,-3.29172e-07][0.0490399,0.981061,0][1.08568,0.978303,1.15533][0.810418,-0.0531061,-0.58344][0.974442,0.106584,0][1.04959,0.887494,1.11346][0.79885,0.0946632,-0.594035][0.974442,0.152309,0][1.06308,1.01407,1.10373][0.875408,-0.129146,-0.465814][0.974442,0.0493014,0][1.06308,1.01407,1.10373][0.875408,-0.129146,-0.465814][0.974442,0.0493014,0][1.04959,0.887494,1.11346][0.79885,0.0946632,-0.594035][0.974442,0.152309,0][1.03619,0.971981,1.06409][0.87893,-0.129011,-0.459172][0.974442,0.0649164,0][1.11625,0.910969,1.17783][0.681109,0.0652855,-0.729265][0.974442,0.181668,0][1.04959,0.887494,1.11346][0.79885,0.0946632,-0.594035][0.974442,0.152309,0][1.08568,0.978303,1.15533][0.810418,-0.0531061,-0.58344][0.974442,0.106584,0][1.10959,0.833631,1.16471][0.776996,0.415889,-0.472561][0.974442,0.238302,0][1.04959,0.887494,1.11346][0.79885,0.0946632,-0.594035][0.974442,0.152309,0][1.11625,0.910969,1.17783][0.681109,0.0652855,-0.729265][0.974442,0.181668,0][1.04959,0.887494,1.11346][0.79885,0.0946632,-0.594035][0.974442,0.152309,0][1.10959,0.833631,1.16471][0.776996,0.415889,-0.472561][0.974442,0.238302,0][1.12556,0.795737,1.12042][0.755542,0.606863,-0.246728][0.974442,0.255092,0][-0.872695,-0.438198,1.86661][-0.175936,0.888937,0.422892][0.973814,0.208722,0][-1.24177,-0.404462,1.62377][-0.196999,0.912669,0.358087][0.973814,0.186084,0][-1.27107,-0.42109,1.66491][-0.194118,0.909639,0.367253][0.973814,0.189787,0][-1.27107,-0.42109,1.66491][-0.194118,0.909639,0.367253][0.973814,0.189787,0][-0.843853,-0.464537,1.91559][-0.175936,0.888937,0.422892][0.973814,0.21305,0][-0.872695,-0.438198,1.86661][-0.175936,0.888937,0.422892][0.973814,0.208722,0][-1.24177,-0.404462,1.62377][-0.196999,0.912669,0.358087][0.973814,0.186084,0][-1.4106,-0.402196,1.49628][-0.128786,0.919166,0.372221][0.973814,0.174011,0][-1.27107,-0.42109,1.66491][-0.194118,0.909639,0.367253][0.973814,0.189787,0][-1.4106,-0.402196,1.49628][-0.128786,0.919166,0.372221][0.973814,0.174011,0][-1.24177,-0.404462,1.62377][-0.196999,0.912669,0.358087][0.973814,0.186084,0][-1.37391,-0.38256,1.47235][-0.128544,0.919121,0.372415][0.973814,0.171979,0][-1.63672,-0.2231,1.10874][-0.116355,0.958177,0.261456][0.973814,0.139406,0][-1.4106,-0.402196,1.49628][-0.128786,0.919166,0.372221][0.973814,0.174011,0][-1.37391,-0.38256,1.47235][-0.128544,0.919121,0.372415][0.973814,0.171979,0][-1.4106,-0.402196,1.49628][-0.128786,0.919166,0.372221][0.973814,0.174011,0][-1.63672,-0.2231,1.10874][-0.116355,0.958177,0.261456][0.973814,0.139406,0][-1.6991,-0.230716,1.13109][-0.131116,0.965829,0.223568][0.973814,0.141435,0][-1.63672,-0.2231,1.10874][-0.116355,0.958177,0.261456][0.973814,0.139406,0][-1.84581,-0.251978,0.733004][-0.235731,0.971296,0.0318713][0.973814,0.103395,0][-1.6991,-0.230716,1.13109][-0.131116,0.965829,0.223568][0.973814,0.141435,0][-1.84581,-0.251978,0.733004][-0.235731,0.971296,0.0318713][0.973814,0.103395,0][-1.63672,-0.2231,1.10874][-0.116355,0.958177,0.261456][0.973814,0.139406,0][-1.80845,-0.237679,0.710177][-0.243439,0.969418,0.0310934][0.973814,0.101402,0][-1.89212,-0.258785,0.496139][-0.316522,0.94139,-0.116612][0.973814,0.0808319,0][-1.84581,-0.251978,0.733004][-0.235731,0.971296,0.0318713][0.973814,0.103395,0][-1.80845,-0.237679,0.710177][-0.243439,0.969418,0.0310934][0.973814,0.101402,0][-1.84581,-0.251978,0.733004][-0.235731,0.971296,0.0318713][0.973814,0.103395,0][-1.89212,-0.258785,0.496139][-0.316522,0.94139,-0.116612][0.973814,0.0808319,0][-1.93518,-0.268515,0.491332][-0.33653,0.917734,-0.21098][0.973814,0.0802574,0][-1.89212,-0.258785,0.496139][-0.316522,0.94139,-0.116612][0.973814,0.0808319,0][-1.94144,-0.346662,0.330221][-0.502543,0.802624,-0.321319][0.973814,0.0640173,0][-1.93518,-0.268515,0.491332][-0.33653,0.917734,-0.21098][0.973814,0.0802574,0][-1.94144,-0.346662,0.330221][-0.502543,0.802624,-0.321319][0.973814,0.0640173,0][-1.89212,-0.258785,0.496139][-0.316522,0.94139,-0.116612][0.973814,0.0808319,0][-1.92092,-0.331904,0.320403][-0.509027,0.79917,-0.319716][0.973814,0.0632647,0][-1.94144,-0.346662,0.330221][-0.502543,0.802624,-0.321319][0.973814,0.0640173,0][-1.92092,-0.331904,0.320403][-0.509027,0.79917,-0.319716][0.973814,0.0632647,0][-1.94807,-0.42944,0.134989][-0.645252,0.710987,-0.279547][0.973814,0.0444826,0][0.148513,1.34923,0.0643654][0.852812,0.174018,-0.492371][0.275632,0.423232,0][0.203932,1.16563,0.150109][0.984743,0.174018,-1.2052e-08][0.307642,0.349523,0][0.17661,1.16563,0.0481436][0.852812,0.174018,-0.492371][0.269576,0.349523,0][0.203932,1.16563,0.150109][0.984743,0.174018,-1.2052e-08][0.307642,0.349523,0][0.148513,1.34923,0.0643654][0.852812,0.174018,-0.492371][0.275632,0.423232,0][0.171488,1.34923,0.150109][0.984743,0.174018,-1.93364e-08][0.307642,0.423232,0][0.101966,1.16563,-0.0265004][0.492371,0.174018,-0.852812][0.24171,0.349523,0][0.148513,1.34923,0.0643654][0.852812,0.174018,-0.492371][0.275632,0.423232,0][0.17661,1.16563,0.0481436][0.852812,0.174018,-0.492371][0.269576,0.349523,0][0.148513,1.34923,0.0643654][0.852812,0.174018,-0.492371][0.275632,0.423232,0][0.101966,1.16563,-0.0265004][0.492371,0.174018,-0.852812][0.24171,0.349523,0][0.085744,1.34923,0.0015965][0.492371,0.174018,-0.852812][0.252199,0.423232,0][1.3216e-07,1.16563,-0.0538223][-7.07054e-08,0.174018,-0.984742][0.23151,0.349523,0][0.085744,1.34923,0.0015965][0.492371,0.174018,-0.852812][0.252199,0.423232,0][0.101966,1.16563,-0.0265004][0.492371,0.174018,-0.852812][0.24171,0.349523,0][0.085744,1.34923,0.0015965][0.492371,0.174018,-0.852812][0.252199,0.423232,0][1.3216e-07,1.16563,-0.0538223][-7.07054e-08,0.174018,-0.984742][0.23151,0.349523,0][1.29154e-07,1.34923,-0.0213785][-7.62999e-08,0.174018,-0.984742][0.243622,0.423232,0][-0.0857438,1.34923,0.0015965][-0.492372,0.174018,-0.852812][0.252199,0.423232,0][-0.17661,1.16563,0.0481436][-0.852812,0.174018,-0.492371][0.269576,0.349523,0][-0.148513,1.34923,0.0643654][-0.852812,0.174018,-0.492371][0.275632,0.423232,0][-0.203931,1.16563,0.150109][-0.984743,0.174018,-4.46385e-07][0.307642,0.349523,0][-0.148513,1.34923,0.0643654][-0.852812,0.174018,-0.492371][0.275632,0.423232,0][-0.17661,1.16563,0.0481436][-0.852812,0.174018,-0.492371][0.269576,0.349523,0][-0.148513,1.34923,0.0643654][-0.852812,0.174018,-0.492371][0.275632,0.423232,0][-0.203931,1.16563,0.150109][-0.984743,0.174018,-4.46385e-07][0.307642,0.349523,0][-0.171488,1.34923,0.150109][-0.984743,0.174018,-4.77136e-07][0.307642,0.423232,0][-0.17661,1.16563,0.0481436][-0.852812,0.174018,-0.492371][0.269576,0.349523,0][-0.0857438,1.34923,0.0015965][-0.492372,0.174018,-0.852812][0.252199,0.423232,0][-0.101966,1.16563,-0.0265004][-0.492372,0.174018,-0.852812][0.24171,0.349523,0][-0.0857438,1.34923,0.0015965][-0.492372,0.174018,-0.852812][0.252199,0.423232,0][1.3216e-07,1.16563,-0.0538223][-7.07054e-08,0.174018,-0.984742][0.23151,0.349523,0][-0.101966,1.16563,-0.0265004][-0.492372,0.174018,-0.852812][0.24171,0.349523,0][1.3216e-07,1.16563,-0.0538223][-7.07054e-08,0.174018,-0.984742][0.23151,0.349523,0][-0.0857438,1.34923,0.0015965][-0.492372,0.174018,-0.852812][0.252199,0.423232,0][1.29154e-07,1.34923,-0.0213785][-7.62999e-08,0.174018,-0.984742][0.243622,0.423232,0][-0.0486389,1.16174,0.746473][0.265511,0.662714,-0.700224][0.974083,0.134001,0][-0.110807,1.16424,0.723059][0.265511,0.662714,-0.700224][0.974083,0.173866,0][-0.058147,1.17946,0.757434][0.265511,0.662714,-0.700224][0.974083,0.12718,0][-0.123149,1.18032,0.735803][0.265511,0.662714,-0.700224][0.974083,0.17195,0][-0.058147,1.17946,0.757434][0.265511,0.662714,-0.700224][0.974083,0.12718,0][-0.110807,1.16424,0.723059][0.265511,0.662714,-0.700224][0.974083,0.173866,0][-1.10032,-0.082646,-1.40056][-0.218537,0.975442,0.0274765][0.973814,0.107232,0][-1.22671,-0.134439,-1.31775][-0.322753,0.941573,0.0962829][0.973814,0.0642253,0][-1.07552,-0.0816068,-1.37833][-0.138894,0.99002,-0.0238448][0.973814,0.0965517,0][-1.22671,-0.134439,-1.31775][-0.322753,0.941573,0.0962829][0.973814,0.0642253,0][-1.10032,-0.082646,-1.40056][-0.218537,0.975442,0.0274765][0.973814,0.107232,0][-1.24654,-0.144611,-1.33546][-0.322753,0.941573,0.0962829][0.973814,0.0721871,0][-1.07552,-0.0816068,-1.37833][-0.138894,0.99002,-0.0238448][0.973814,0.0965517,0][-0.97983,-0.0848616,-1.46523][0.0427497,0.983427,-0.176194][0.973814,0.140555,0][-1.10032,-0.082646,-1.40056][-0.218537,0.975442,0.0274765][0.973814,0.107232,0][-0.97983,-0.0848616,-1.46523][0.0427497,0.983427,-0.176194][0.973814,0.140555,0][-1.07552,-0.0816068,-1.37833][-0.138894,0.99002,-0.0238448][0.973814,0.0965517,0][-0.934234,-0.0759941,-1.40633][0.061131,0.978768,-0.195642][0.973814,0.116473,0][-0.97983,-0.0848616,-1.46523][0.0427497,0.983427,-0.176194][0.973814,0.140555,0][-0.934234,-0.0759941,-1.40633][0.061131,0.978768,-0.195642][0.973814,0.116473,0][-0.738508,-0.151948,-1.57625][0.137691,0.951362,-0.275591][0.973814,0.193931,0][-0.742585,-0.167977,-1.62811][0.137691,0.951362,-0.275591][0.973814,0.214408,0][-0.97983,-0.0848616,-1.46523][0.0427497,0.983427,-0.176194][0.973814,0.140555,0][-0.738508,-0.151948,-1.57625][0.137691,0.951362,-0.275591][0.973814,0.193931,0][0.00127291,1.08667,1.27318][0.486802,0.751453,-0.445358][0.974083,0.26226,0][-0.0901867,1.09732,1.19116][0.301048,0.765637,-0.56848][0.974083,0.148328,0][-0.100458,1.11432,1.20862][0.28851,0.765241,-0.575472][0.974083,0.14901,0][-0.100458,1.11432,1.20862][0.28851,0.765241,-0.575472][0.974083,0.14901,0][-0.0901867,1.09732,1.19116][0.301048,0.765637,-0.56848][0.974083,0.148328,0][-0.191067,1.09012,1.17065][0.0835184,0.738019,-0.669591][0.974083,0.0432684,0][-1.93177,-0.225991,0.255552][-0.300473,0.632659,-0.713764][0.973814,0.0813932,0][-1.89232,-0.229051,0.230911][-0.326554,0.607221,-0.724324][0.973814,0.079652,0][-1.94807,-0.42944,0.134989][-0.436088,0.484369,-0.758428][0.973814,0.0429535,0][-1.93177,-0.225991,0.255552][-0.300473,0.632659,-0.713764][0.973814,0.0813932,0][-1.82249,-0.104905,0.355345][-0.252111,0.370982,-0.893763][0.973814,0.105699,0][-1.89232,-0.229051,0.230911][-0.326554,0.607221,-0.724324][0.973814,0.079652,0][-1.82249,-0.104905,0.355345][-0.252111,0.370982,-0.893763][0.973814,0.105699,0][-1.93177,-0.225991,0.255552][-0.300473,0.632659,-0.713764][0.973814,0.0813932,0][-1.89686,-0.0966321,0.37657][-0.248431,0.409619,-0.877778][0.973814,0.108094,0][-1.89686,-0.0966321,0.37657][-0.248431,0.409619,-0.877778][0.973814,0.108094,0][-1.71803,0.373538,0.332518][-0.183422,0.158017,-0.970251][0.973814,0.18049,0][-1.82249,-0.104905,0.355345][-0.252111,0.370982,-0.893763][0.973814,0.105699,0][-1.71803,0.373538,0.332518][-0.183422,0.158017,-0.970251][0.973814,0.18049,0][-1.89686,-0.0966321,0.37657][-0.248431,0.409619,-0.877778][0.973814,0.108094,0][-1.76357,0.397202,0.344574][-0.162132,0.194421,-0.967426][0.973814,0.184861,0][-1.71803,0.373538,0.332518][-0.183422,0.158017,-0.970251][0.973814,0.18049,0][-1.76357,0.397202,0.344574][-0.162132,0.194421,-0.967426][0.973814,0.184861,0][-1.61019,0.669753,0.434029][-0.0681922,0.345559,-0.935916][0.973814,0.232685,0][-0.16935,0.55614,2.33816][-0.485873,-0.866552,0.114083][0.883519,0.212678,0][0.169357,0.465212,1.64749][0.452258,-0.884257,0.116414][0.933631,0.177063,0][0.169357,0.569632,2.44065][0.486217,-0.8704,0.0774378][0.933631,0.212678,0][-0.16935,0.55614,2.33816][-0.485873,-0.866552,0.114083][0.883519,0.212678,0][-0.16935,0.465212,1.64749][-0.452258,-0.884257,0.116414][0.88397,0.177063,0][0.169357,0.465212,1.64749][0.452258,-0.884257,0.116414][0.933631,0.177063,0][-1.0245,0.978303,-0.928023][0.453045,-0.072976,-0.888496][0.974336,0.113204,0][-0.953772,1.01407,-0.933782][0.11724,-0.379602,-0.917691][0.974269,0.17588,0][-1.00023,0.974588,-0.923386][0.328871,-0.198896,-0.923193][0.974307,0.124905,0][-1.04963,0.911506,-0.959404][0.463541,-0.280714,-0.840434][0.974389,0.140647,0][-1.00023,0.974588,-0.923386][0.328871,-0.198896,-0.923193][0.974307,0.124905,0][-0.994183,0.894302,-0.912206][0.458751,-0.293382,-0.838734][0.97429,0.112651,0][-1.04834,0.827221,-0.897748][0.423397,-0.175683,-0.888747][0.974332,0.0492197,0][-1.04963,0.911506,-0.959404][0.463541,-0.280714,-0.840434][0.974389,0.140647,0][-0.994183,0.894302,-0.912206][0.458751,-0.293382,-0.838734][0.97429,0.112651,0][-1.04963,0.911506,-0.959404][0.463541,-0.280714,-0.840434][0.974389,0.140647,0][-1.04834,0.827221,-0.897748][0.423397,-0.175683,-0.888747][0.974332,0.0492197,0][-1.08654,0.838546,-0.912234][0.435481,-0.0693541,-0.897522][0.974384,0.0409897,0][-0.538694,-1.63012,-0.270429][0.0316586,0.23155,-0.972308][0.10381,0.893758,0][-0.741457,-1.63407,-0.277972][0.0643096,0.21768,-0.973899][0.127921,0.892539,0][-0.730311,-1.60857,-0.271537][0.0492312,0.224124,-0.973316][0.126605,0.893298,0][-0.741457,-1.63407,-0.277972][0.0643096,0.21768,-0.973899][0.127921,0.892539,0][-0.897824,-1.63781,-0.292063][0.0827777,0.209698,-0.974256][0.1465,0.890648,0][-0.730311,-1.60857,-0.271537][0.0492312,0.224124,-0.973316][0.126605,0.893298,0][-1.49174,-1.32988,-0.740917][0.352963,-0.214979,0.910605][0.973814,0.107274,0][-0.972488,-1.53006,-1.00886][0.0385219,-0.513189,0.857411][0.973814,0.065138,0][-1.07931,-1.37551,-0.911554][0.288207,-0.348703,0.89182][0.973814,0.0879186,0][-1.59211,-1.22359,-0.678137][0.35496,-0.203712,0.912417][0.973814,0.122573,0][-1.49174,-1.32988,-0.740917][0.352963,-0.214979,0.910605][0.973814,0.107274,0][-1.07931,-1.37551,-0.911554][0.288207,-0.348703,0.89182][0.973814,0.0879186,0][-0.972488,-1.53006,-1.00886][0.0385219,-0.513189,0.857411][0.973814,0.065138,0][-0.698943,-1.61327,-1.05454][0.448901,0.193506,0.872378][0.973814,0.0534697,0][-1.07931,-1.37551,-0.911554][0.288207,-0.348703,0.89182][0.973814,0.0879186,0][-0.698943,-1.61327,-1.05454][0.448901,0.193506,0.872378][0.973814,0.0534697,0][-0.664141,-1.61327,-1.07463][0.481598,0.268803,0.834151][0.973814,0.0516813,0][-1.07931,-1.37551,-0.911554][0.288207,-0.348703,0.89182][0.973814,0.0879186,0][0.235536,0.260384,-2.43741][0.47589,-0.75504,0.451046][0.689468,0.148313,0][0.20248,0.185614,-2.5278][0.388342,-0.907157,0.162041][0.704803,0.15279,0][0.250858,0.202227,-2.55092][0.419631,-0.872113,0.251651][0.707485,0.151775,0][0.250858,0.202227,-2.55092][0.419631,-0.872113,0.251651][0.707485,0.151775,0][0.285254,0.294268,-2.43325][0.47589,-0.75504,0.451046][0.687705,0.146267,0][0.235536,0.260384,-2.43741][0.47589,-0.75504,0.451046][0.689468,0.148313,0][0.20248,0.185614,-2.5278][0.388342,-0.907157,0.162041][0.704803,0.15279,0][0.195557,0.187967,-2.59949][0.396549,-0.916237,0.0570856][0.714825,0.152614,0][0.250858,0.202227,-2.55092][0.419631,-0.872113,0.251651][0.707485,0.151775,0][0.195557,0.187967,-2.59949][0.396549,-0.916237,0.0570856][0.714825,0.152614,0][0.20248,0.185614,-2.5278][0.388342,-0.907157,0.162041][0.704803,0.15279,0][0.160313,0.174911,-2.56501][0.419093,-0.903949,0.0850683][0.71042,0.15342,0][0.12375,0.145427,-2.59588][0.350685,-0.927608,0.128694][0.715794,0.155187,0][0.195557,0.187967,-2.59949][0.396549,-0.916237,0.0570856][0.714825,0.152614,0][0.160313,0.174911,-2.56501][0.419093,-0.903949,0.0850683][0.71042,0.15342,0][0.195557,0.187967,-2.59949][0.396549,-0.916237,0.0570856][0.714825,0.152614,0][0.12375,0.145427,-2.59588][0.350685,-0.927608,0.128694][0.715794,0.155187,0][0.146455,0.148291,-2.64122][0.358613,-0.92406,0.132324][0.722084,0.154992,0][0.12375,0.145427,-2.59588][0.350685,-0.927608,0.128694][0.715794,0.155187,0][-7.75022e-07,0.117207,-2.67417][0.0802181,-0.993084,0.0857291][0.727807,0.156856,0][0.146455,0.148291,-2.64122][0.358613,-0.92406,0.132324][0.722084,0.154992,0][-7.75022e-07,0.117207,-2.67417][0.0802181,-0.993084,0.0857291][0.727807,0.156856,0][0.12375,0.145427,-2.59588][0.350685,-0.927608,0.128694][0.715794,0.155187,0][-7.66474e-07,0.121061,-2.62417][0.0789302,-0.993156,0.0860841][0.720628,0.156647,0][-0.0886387,0.942757,-2.64845][-0.0966087,0.990744,-0.0953561][0.704783,0.017606,0][-0.15123,0.927859,-2.71565][-0.140356,0.975079,-0.171817][0.712301,0.0136838,0][-0.173544,0.882961,-2.68716][-0.838433,0.449941,0.307543][0.702078,0.0204067,0][-0.269199,0.360662,-2.4582][-0.981053,0.17547,-0.0821238][0.68458,0.123358,0][-0.212468,0.52816,-2.41165][-0.910246,0.323972,0.257865][0.662344,0.0961061,0][-0.217358,0.620676,-2.60893][-0.993542,0.107869,-0.0351802][0.701689,0.070359,0][-0.217358,0.620676,-2.60893][-0.993542,0.107869,-0.0351802][0.701689,0.070359,0][-0.212468,0.52816,-2.41165][-0.910246,0.323972,0.257865][0.662344,0.0961061,0][-0.187401,0.690619,-2.51664][-0.854386,0.375989,0.358687][0.675928,0.0624158,0][-0.173544,0.882961,-2.68716][-0.838433,0.449941,0.307543][0.702078,0.0204067,0][-0.217358,0.620676,-2.60893][-0.993542,0.107869,-0.0351802][0.701689,0.070359,0][-0.187401,0.690619,-2.51664][-0.854386,0.375989,0.358687][0.675928,0.0624158,0][-0.187401,0.690619,-2.51664][-0.854386,0.375989,0.358687][0.675928,0.0624158,0][-0.212468,0.52816,-2.41165][-0.910246,0.323972,0.257865][0.662344,0.0961061,0][-0.165476,0.587207,-2.40366][-0.723609,0.433443,0.537138][0.657257,0.0865206,0][-0.165476,0.587207,-2.40366][-0.723609,0.433443,0.537138][0.657257,0.0865206,0][-0.12102,0.612853,-2.35733][-0.540018,0.523125,0.659334][0.644426,0.0857885,0][-0.187401,0.690619,-2.51664][-0.854386,0.375989,0.358687][0.675928,0.0624158,0][-0.173544,0.882961,-2.68716][-0.838433,0.449941,0.307543][0.702078,0.0204067,0][-0.101769,0.899987,-2.61036][-0.487552,0.635611,0.598574][0.683423,0.021069,0][-0.0886387,0.942757,-2.64845][-0.0966087,0.990744,-0.0953561][0.704783,0.017606,0][-0.187401,0.690619,-2.51664][-0.854386,0.375989,0.358687][0.675928,0.0624158,0][-0.101769,0.899987,-2.61036][-0.487552,0.635611,0.598574][0.683423,0.021069,0][-0.173544,0.882961,-2.68716][-0.838433,0.449941,0.307543][0.702078,0.0204067,0][-6.80752e-07,0.906467,-2.58113][0.000977428,0.708112,0.706099][0.676459,0.0213732,0][-0.0886387,0.942757,-2.64845][-0.0966087,0.990744,-0.0953561][0.704783,0.017606,0][-0.101769,0.899987,-2.61036][-0.487552,0.635611,0.598574][0.683423,0.021069,0][-0.12102,0.612853,-2.35733][-0.540018,0.523125,0.659334][0.644426,0.0857885,0][-0.108916,0.739702,-2.45177][-0.488079,0.586285,0.646567][0.657613,0.0567683,0][-0.187401,0.690619,-2.51664][-0.854386,0.375989,0.358687][0.675928,0.0624158,0][-0.101769,0.899987,-2.61036][-0.487552,0.635611,0.598574][0.683423,0.021069,0][-0.187401,0.690619,-2.51664][-0.854386,0.375989,0.358687][0.675928,0.0624158,0][-0.108916,0.739702,-2.45177][-0.488079,0.586285,0.646567][0.657613,0.0567683,0][-0.108916,0.739702,-2.45177][-0.488079,0.586285,0.646567][0.657613,0.0567683,0][-6.80752e-07,0.906467,-2.58113][0.000977428,0.708112,0.706099][0.676459,0.0213732,0][-0.101769,0.899987,-2.61036][-0.487552,0.635611,0.598574][0.683423,0.021069,0][-0.000945525,0.651839,-2.34871][0.0130857,0.597233,0.801961][0.638355,0.0806084,0][-0.108916,0.739702,-2.45177][-0.488079,0.586285,0.646567][0.657613,0.0567683,0][-0.12102,0.612853,-2.35733][-0.540018,0.523125,0.659334][0.644426,0.0857885,0][-0.108916,0.739702,-2.45177][-0.488079,0.586285,0.646567][0.657613,0.0567683,0][-0.000945525,0.651839,-2.34871][0.0130857,0.597233,0.801961][0.638355,0.0806084,0][-2.04453e-05,0.756584,-2.4291][0.0126938,0.654552,0.75591][0.650642,0.0546188,0][-6.80752e-07,0.906467,-2.58113][0.000977428,0.708112,0.706099][0.676459,0.0213732,0][-0.108916,0.739702,-2.45177][-0.488079,0.586285,0.646567][0.657613,0.0567683,0][-2.04453e-05,0.756584,-2.4291][0.0126938,0.654552,0.75591][0.650642,0.0546188,0][0.0886373,0.942757,-2.64845][0.0966088,0.990744,-0.0953581][0.704783,0.017606,0][-6.83843e-07,0.948427,-2.62287][-8.87948e-08,0.998381,-0.0568759][0.701329,0.0188739,0][-6.80752e-07,0.906467,-2.58113][0.000977428,0.708112,0.706099][0.676459,0.0213732,0][0.0751654,0.887595,-2.66626][-0.575551,-0.140954,-0.805526][0.696993,0.0205839,0][-6.83843e-07,0.948427,-2.62287][-8.87948e-08,0.998381,-0.0568759][0.701329,0.0188739,0][0.0886373,0.942757,-2.64845][0.0966088,0.990744,-0.0953581][0.704783,0.017606,0][-6.83843e-07,0.948427,-2.62287][-8.87948e-08,0.998381,-0.0568759][0.701329,0.0188739,0][0.0751654,0.887595,-2.66626][-0.575551,-0.140954,-0.805526][0.696993,0.0205839,0][-6.8057e-07,0.892414,-2.64452][-5.36524e-09,-0.223321,-0.974745][0.691704,0.0207681,0][0.0886373,0.942757,-2.64845][0.0966088,0.990744,-0.0953581][0.704783,0.017606,0][0.128309,0.874932,-2.72338][-0.903422,0.0411195,-0.426776][0.71089,0.0200999,0][0.0751654,0.887595,-2.66626][-0.575551,-0.140954,-0.805526][0.696993,0.0205839,0][0.128309,0.874932,-2.72338][-0.903422,0.0411195,-0.426776][0.71089,0.0200999,0][0.0886373,0.942757,-2.64845][0.0966088,0.990744,-0.0953581][0.704783,0.017606,0][0.151228,0.927859,-2.71565][0.140356,0.975079,-0.171819][0.712301,0.0136838,0][0.174616,0.906905,-2.81016][0.119152,0.966721,-0.226391][0.728592,0.0103369,0][0.128309,0.874932,-2.72338][-0.903422,0.0411195,-0.426776][0.71089,0.0200999,0][0.151228,0.927859,-2.71565][0.140356,0.975079,-0.171819][0.712301,0.0136838,0][0.128309,0.874932,-2.72338][-0.903422,0.0411195,-0.426776][0.71089,0.0200999,0][0.174616,0.906905,-2.81016][0.119152,0.966721,-0.226391][0.728592,0.0103369,0][0.14831,0.857121,-2.80371][-0.972563,0.229965,-0.0351706][0.730437,0.019419,0][0.174616,0.906905,-2.81016][0.119152,0.966721,-0.226391][0.728592,0.0103369,0][0.127787,0.830405,-2.92422][-0.857882,0.428811,0.283124][0.759758,0.0183976,0][0.14831,0.857121,-2.80371][-0.972563,0.229965,-0.0351706][0.730437,0.019419,0][0.127787,0.830405,-2.92422][-0.857882,0.428811,0.283124][0.759758,0.0183976,0][0.174616,0.906905,-2.81016][0.119152,0.966721,-0.226391][0.728592,0.0103369,0][0.150307,0.875475,-2.95194][0.117583,0.967115,-0.225528][0.763087,0.00913537,0][0.150307,0.875475,-2.95194][0.117583,0.967115,-0.225528][0.763087,0.00913537,0][0.0746738,0.811411,-3.0099][-0.54865,0.634555,0.544356][0.780604,0.0176715,0][0.127787,0.830405,-2.92422][-0.857882,0.428811,0.283124][0.759758,0.0183976,0][0.0746738,0.811411,-3.0099][-0.54865,0.634555,0.544356][0.780604,0.0176715,0][0.150307,0.875475,-2.95194][0.117583,0.967115,-0.225528][0.763087,0.00913537,0][0.0877694,0.853129,-3.05273][0.156191,0.940189,-0.302737][0.787611,0.00828129,0][0.0877694,0.853129,-3.05273][0.156191,0.940189,-0.302737][0.787611,0.00828129,0][-7.16802e-07,0.804181,-3.04251][8.34586e-07,0.739048,0.673652][0.788539,0.0173951,0][0.0746738,0.811411,-3.0099][-0.54865,0.634555,0.544356][0.780604,0.0176715,0][-7.16802e-07,0.804181,-3.04251][8.34586e-07,0.739048,0.673652][0.788539,0.0173951,0][0.0877694,0.853129,-3.05273][0.156191,0.940189,-0.302737][0.787611,0.00828129,0][-7.28195e-07,0.844623,-3.0911][1.11027e-16,0.906601,-0.42199][0.796946,0.00795603,0][0.217357,0.620676,-2.60893][0.993776,0.104787,-0.0378106][0.701689,0.070359,0][0.218984,0.495159,-2.38964][0.896071,0.339982,0.285429][0.659556,0.103022,0][0.242377,0.441846,-2.4338][0.949329,0.277431,0.147666][0.67359,0.110209,0][0.269198,0.360662,-2.4582][0.966876,0.102094,-0.233938][0.68458,0.123358,0][0.217357,0.620676,-2.60893][0.993776,0.104787,-0.0378106][0.701689,0.070359,0][0.242377,0.441846,-2.4338][0.949329,0.277431,0.147666][0.67359,0.110209,0][0.217357,0.620676,-2.60893][0.993776,0.104787,-0.0378106][0.701689,0.070359,0][0.187284,0.690568,-2.51669][0.851205,0.374738,0.367454][0.675928,0.0624158,0][0.218984,0.495159,-2.38964][0.896071,0.339982,0.285429][0.659556,0.103022,0][0.218984,0.495159,-2.38964][0.896071,0.339982,0.285429][0.659556,0.103022,0][0.187284,0.690568,-2.51669][0.851205,0.374738,0.367454][0.675928,0.0624158,0][0.119218,0.615943,-2.37333][0.55266,0.506722,0.661665][0.645286,0.0838962,0][0.269198,0.360662,-2.4582][0.966876,0.102094,-0.233938][0.68458,0.123358,0][0.188277,0.55071,-2.70124][0.891796,-0.178179,-0.415874][0.727449,0.0783023,0][0.217357,0.620676,-2.60893][0.993776,0.104787,-0.0378106][0.701689,0.070359,0][0.119218,0.615943,-2.37333][0.55266,0.506722,0.661665][0.645286,0.0838962,0][0.187284,0.690568,-2.51669][0.851205,0.374738,0.367454][0.675928,0.0624158,0][0.108534,0.739246,-2.45227][0.487798,0.573137,0.658458][0.657613,0.0567683,0][0.108534,0.739246,-2.45227][0.487798,0.573137,0.658458][0.657613,0.0567683,0][-0.000945525,0.651839,-2.34871][0.0130857,0.597233,0.801961][0.638355,0.0806084,0][0.119218,0.615943,-2.37333][0.55266,0.506722,0.661665][0.645286,0.0838962,0][0.108534,0.739246,-2.45227][0.487798,0.573137,0.658458][0.657613,0.0567683,0][-2.04453e-05,0.756584,-2.4291][0.0126938,0.654552,0.75591][0.650642,0.0546188,0][-0.000945525,0.651839,-2.34871][0.0130857,0.597233,0.801961][0.638355,0.0806084,0][-2.04453e-05,0.756584,-2.4291][0.0126938,0.654552,0.75591][0.650642,0.0546188,0][0.108534,0.739246,-2.45227][0.487798,0.573137,0.658458][0.657613,0.0567683,0][-6.80752e-07,0.906467,-2.58113][0.000977428,0.708112,0.706099][0.676459,0.0213732,0][0.187284,0.690568,-2.51669][0.851205,0.374738,0.367454][0.675928,0.0624158,0][0.101767,0.899987,-2.61036][0.487622,0.634877,0.599297][0.683423,0.021069,0][0.108534,0.739246,-2.45227][0.487798,0.573137,0.658458][0.657613,0.0567683,0][0.108534,0.739246,-2.45227][0.487798,0.573137,0.658458][0.657613,0.0567683,0][0.101767,0.899987,-2.61036][0.487622,0.634877,0.599297][0.683423,0.021069,0][-6.80752e-07,0.906467,-2.58113][0.000977428,0.708112,0.706099][0.676459,0.0213732,0][-6.80752e-07,0.906467,-2.58113][0.000977428,0.708112,0.706099][0.676459,0.0213732,0][0.101767,0.899987,-2.61036][0.487622,0.634877,0.599297][0.683423,0.021069,0][0.0886373,0.942757,-2.64845][0.0966088,0.990744,-0.0953581][0.704783,0.017606,0][0.187284,0.690568,-2.51669][0.851205,0.374738,0.367454][0.675928,0.0624158,0][0.173543,0.882961,-2.68716][0.838119,0.450007,0.308302][0.702078,0.0204067,0][0.101767,0.899987,-2.61036][0.487622,0.634877,0.599297][0.683423,0.021069,0][0.173543,0.882961,-2.68716][0.838119,0.450007,0.308302][0.702078,0.0204067,0][0.0886373,0.942757,-2.64845][0.0966088,0.990744,-0.0953581][0.704783,0.017606,0][0.101767,0.899987,-2.61036][0.487622,0.634877,0.599297][0.683423,0.021069,0][0.217357,0.620676,-2.60893][0.993776,0.104787,-0.0378106][0.701689,0.070359,0][0.173543,0.882961,-2.68716][0.838119,0.450007,0.308302][0.702078,0.0204067,0][0.187284,0.690568,-2.51669][0.851205,0.374738,0.367454][0.675928,0.0624158,0][0.482344,-0.476246,-1.91626][0.761665,0.61833,0.193739][0.616533,0.296649,0][0.471682,-0.461241,-1.9038][0.772684,0.614149,0.160562][0.612685,0.294596,0][0.497633,-0.496256,-1.7821][0.812897,0.582378,-0.00577026][0.587209,0.306555,0][0.420873,-0.295397,-2.12254][0.667046,0.625125,0.4053][0.651615,0.254962,0][0.471682,-0.461241,-1.9038][0.772684,0.614149,0.160562][0.612685,0.294596,0][0.482344,-0.476246,-1.91626][0.761665,0.61833,0.193739][0.616533,0.296649,0][0.482344,-0.476246,-1.91626][0.761665,0.61833,0.193739][0.616533,0.296649,0][0.439133,-0.300602,-2.13215][0.66832,0.625276,0.402961][0.654159,0.255422,0][0.420873,-0.295397,-2.12254][0.667046,0.625125,0.4053][0.651615,0.254962,0][0.358905,-0.11567,-2.26972][0.704729,0.485727,0.517133][0.673266,0.216283,0][0.420873,-0.295397,-2.12254][0.667046,0.625125,0.4053][0.651615,0.254962,0][0.439133,-0.300602,-2.13215][0.66832,0.625276,0.402961][0.654159,0.255422,0][0.439133,-0.300602,-2.13215][0.66832,0.625276,0.402961][0.654159,0.255422,0][0.375042,-0.122403,-2.29107][0.707473,0.479533,0.519163][0.678595,0.216454,0][0.358905,-0.11567,-2.26972][0.704729,0.485727,0.517133][0.673266,0.216283,0][0.375042,-0.122403,-2.29107][0.707473,0.479533,0.519163][0.678595,0.216454,0][0.315346,0.117231,-2.35261][0.724133,0.363344,0.586185][0.67668,0.171289,0][0.358905,-0.11567,-2.26972][0.704729,0.485727,0.517133][0.673266,0.216283,0][0.315346,0.117231,-2.35261][0.724133,0.363344,0.586185][0.67668,0.171289,0][0.375042,-0.122403,-2.29107][0.707473,0.479533,0.519163][0.678595,0.216454,0][0.328427,0.115738,-2.36614][0.721697,0.365316,0.587961][0.679872,0.170908,0][0.285254,0.294268,-2.43325][0.681633,0.396091,0.615214][0.683304,0.136248,0][0.315346,0.117231,-2.35261][0.724133,0.363344,0.586185][0.67668,0.171289,0][0.328427,0.115738,-2.36614][0.721697,0.365316,0.587961][0.679872,0.170908,0][-0.233511,0.417982,-2.33722][-0.838176,0.386684,0.384625][0.65311,0.119008,0][-0.293653,0.259541,-2.42019][-0.969235,0.243617,0.0351289][0.682636,0.14299,0][-0.287101,0.170701,-2.22089][-0.840292,0.395302,0.371007][0.643014,0.168127,0][-0.293653,0.259541,-2.42019][-0.969235,0.243617,0.0351289][0.682636,0.14299,0][-0.233511,0.417982,-2.33722][-0.838176,0.386684,0.384625][0.65311,0.119008,0][-0.250654,0.390448,-2.39533][-0.947015,0.282799,0.152272][0.668227,0.121098,0][-0.233511,0.417982,-2.33722][-0.838176,0.386684,0.384625][0.65311,0.119008,0][-0.215219,0.510064,-2.3977][-0.756328,0.450314,0.474537][0.660896,0.0996983,0][-0.250654,0.390448,-2.39533][-0.947015,0.282799,0.152272][0.668227,0.121098,0][-0.233511,0.417982,-2.33722][-0.838176,0.386684,0.384625][0.65311,0.119008,0][-0.136422,0.458053,-2.25216][-0.484553,0.496262,0.720369][0.630736,0.115915,0][-0.215219,0.510064,-2.3977][-0.756328,0.450314,0.474537][0.660896,0.0996983,0][-0.287101,0.170701,-2.22089][-0.840292,0.395302,0.371007][0.643014,0.168127,0][-0.136422,0.458053,-2.25216][-0.484553,0.496262,0.720369][0.630736,0.115915,0][-0.233511,0.417982,-2.33722][-0.838176,0.386684,0.384625][0.65311,0.119008,0][-0.215219,0.510064,-2.3977][-0.756328,0.450314,0.474537][0.660896,0.0996983,0][-0.136422,0.458053,-2.25216][-0.484553,0.496262,0.720369][0.630736,0.115915,0][-0.16317,0.570048,-2.38333][-0.715332,0.452648,0.532363][0.65513,0.0892661,0][-0.136422,0.458053,-2.25216][-0.484553,0.496262,0.720369][0.630736,0.115915,0][-0.119533,0.585226,-2.33324][-0.514225,0.50992,0.689605][0.643515,0.0877929,0][-0.16317,0.570048,-2.38333][-0.715332,0.452648,0.532363][0.65513,0.0892661,0][-2.93655e-06,0.473929,-2.21894][0.0116645,0.539385,0.841978][0.62222,0.114738,0][-0.119533,0.585226,-2.33324][-0.514225,0.50992,0.689605][0.643515,0.0877929,0][-0.136422,0.458053,-2.25216][-0.484553,0.496262,0.720369][0.630736,0.115915,0][-0.119533,0.585226,-2.33324][-0.514225,0.50992,0.689605][0.643515,0.0877929,0][-2.93655e-06,0.473929,-2.21894][0.0116645,0.539385,0.841978][0.62222,0.114738,0][-0.000343011,0.612739,-2.31466][0.0212473,0.582451,0.812588][0.637648,0.0821046,0][-0.136422,0.458053,-2.25216][-0.484553,0.496262,0.720369][0.630736,0.115915,0][-6.60503e-07,0.224652,-2.07832][1.0826e-05,0.555433,0.831561][0.606836,0.165397,0][-2.93655e-06,0.473929,-2.21894][0.0116645,0.539385,0.841978][0.62222,0.114738,0][-0.136422,0.458053,-2.25216][-0.484553,0.496262,0.720369][0.630736,0.115915,0][-0.287101,0.170701,-2.22089][-0.840292,0.395302,0.371007][0.643014,0.168127,0][-0.168816,0.209778,-2.11762][-0.472045,0.518162,0.713219][0.61681,0.16615,0][-6.60503e-07,0.224652,-2.07832][1.0826e-05,0.555433,0.831561][0.606836,0.165397,0][-0.136422,0.458053,-2.25216][-0.484553,0.496262,0.720369][0.630736,0.115915,0][-0.168816,0.209778,-2.11762][-0.472045,0.518162,0.713219][0.61681,0.16615,0][-0.337309,-0.0255344,-2.10323][-0.83294,0.460083,0.307463][0.62921,0.208312,0][-0.168816,0.209778,-2.11762][-0.472045,0.518162,0.713219][0.61681,0.16615,0][-0.287101,0.170701,-2.22089][-0.840292,0.395302,0.371007][0.643014,0.168127,0][-0.168816,0.209778,-2.11762][-0.472045,0.518162,0.713219][0.61681,0.16615,0][-6.60214e-07,0.0544661,-1.9481][1.78352e-07,0.697388,0.716694][0.588425,0.201587,0][-6.60503e-07,0.224652,-2.07832][1.0826e-05,0.555433,0.831561][0.606836,0.165397,0][-0.168816,0.209778,-2.11762][-0.472045,0.518162,0.713219][0.61681,0.16615,0][-0.337309,-0.0255344,-2.10323][-0.83294,0.460083,0.307463][0.62921,0.208312,0][-0.198898,0.0324106,-1.99087][-0.459476,0.641008,0.614809][0.599669,0.203441,0][-6.60214e-07,0.0544661,-1.9481][1.78352e-07,0.697388,0.716694][0.588425,0.201587,0][-0.168816,0.209778,-2.11762][-0.472045,0.518162,0.713219][0.61681,0.16615,0][-0.198898,0.0324106,-1.99087][-0.459476,0.641008,0.614809][0.599669,0.203441,0][-0.382896,-0.161286,-1.98971][-0.840057,0.511259,0.181435][0.61232,0.237639,0][-0.198898,0.0324106,-1.99087][-0.459476,0.641008,0.614809][0.599669,0.203441,0][-0.337309,-0.0255344,-2.10323][-0.83294,0.460083,0.307463][0.62921,0.208312,0][-0.225288,-0.0622383,-1.88845][-0.463915,0.781089,0.41795][0.582573,0.224995,0][-6.60214e-07,0.0544661,-1.9481][1.78352e-07,0.697388,0.716694][0.588425,0.201587,0][-0.198898,0.0324106,-1.99087][-0.459476,0.641008,0.614809][0.599669,0.203441,0][-0.198898,0.0324106,-1.99087][-0.459476,0.641008,0.614809][0.599669,0.203441,0][-0.382896,-0.161286,-1.98971][-0.840057,0.511259,0.181435][0.61232,0.237639,0][-0.225288,-0.0622383,-1.88845][-0.463915,0.781089,0.41795][0.582573,0.224995,0][-6.60214e-07,0.0544661,-1.9481][1.78352e-07,0.697388,0.716694][0.588425,0.201587,0][-0.225288,-0.0622383,-1.88845][-0.463915,0.781089,0.41795][0.582573,0.224995,0][-6.35835e-07,-0.0245376,-1.8499][1.44567e-07,0.869668,0.493638][0.571251,0.220183,0][-0.423441,-0.262609,-1.81204][-0.842203,0.529487,0.101675][0.578472,0.263947,0][-0.225288,-0.0622383,-1.88845][-0.463915,0.781089,0.41795][0.582573,0.224995,0][-0.382896,-0.161286,-1.98971][-0.840057,0.511259,0.181435][0.61232,0.237639,0][-0.248012,-0.123764,-1.74431][-0.460505,0.853836,0.242693][0.553736,0.242694,0][-6.35835e-07,-0.0245376,-1.8499][1.44567e-07,0.869668,0.493638][0.571251,0.220183,0][-0.225288,-0.0622383,-1.88845][-0.463915,0.781089,0.41795][0.582573,0.224995,0][-0.225288,-0.0622383,-1.88845][-0.463915,0.781089,0.41795][0.582573,0.224995,0][-0.423441,-0.262609,-1.81204][-0.842203,0.529487,0.101675][0.578472,0.263947,0][-0.248012,-0.123764,-1.74431][-0.460505,0.853836,0.242693][0.553736,0.242694,0][-0.444768,-0.349977,-1.49215][-0.84405,0.528933,0.0883718][0.511195,0.294559,0][-0.248012,-0.123764,-1.74431][-0.460505,0.853836,0.242693][0.553736,0.242694,0][-0.423441,-0.262609,-1.81204][-0.842203,0.529487,0.101675][0.578472,0.263947,0][-6.35835e-07,-0.0245376,-1.8499][1.44567e-07,0.869668,0.493638][0.571251,0.220183,0][-0.248012,-0.123764,-1.74431][-0.460505,0.853836,0.242693][0.553736,0.242694,0][-6.75208e-07,-0.0709158,-1.71853][5.80435e-08,0.958414,0.285382][0.544321,0.234605,0][-0.248012,-0.123764,-1.74431][-0.460505,0.853836,0.242693][0.553736,0.242694,0][-0.444768,-0.349977,-1.49215][-0.84405,0.528933,0.0883718][0.511195,0.294559,0][-0.259952,-0.19222,-1.46149][-0.460788,0.866627,0.191396][0.493669,0.26821,0][-0.259952,-0.19222,-1.46149][-0.460788,0.866627,0.191396][0.493669,0.26821,0][-6.75208e-07,-0.0709158,-1.71853][5.80435e-08,0.958414,0.285382][0.544321,0.234605,0][-0.248012,-0.123764,-1.74431][-0.460505,0.853836,0.242693][0.553736,0.242694,0][-6.75208e-07,-0.0709158,-1.71853][5.80435e-08,0.958414,0.285382][0.544321,0.234605,0][-0.259952,-0.19222,-1.46149][-0.460788,0.866627,0.191396][0.493669,0.26821,0][-6.68129e-07,-0.132173,-1.44982][2.03601e-07,0.974554,0.224155][0.486998,0.25818,0][1.39792,0.911506,-0.445269][-0.596259,-0.401092,-0.695414][0.974139,0.201628,0][1.3801,0.908934,-0.428505][-0.601781,-0.386309,-0.699017][0.974104,0.191298,0][1.36714,0.978303,-0.414577][-0.686407,0.0177404,-0.727001][0.974077,0.180959,0][-0.149202,0.124317,-2.63619][-0.0993799,-0.973747,0.204792][0.722207,0.156444,0][-7.75022e-07,0.117207,-2.67417][0.0802181,-0.993084,0.0857291][0.727807,0.156856,0][-0.125504,0.130611,-2.59273][-0.0994995,-0.973703,0.204947][0.715865,0.156084,0][-7.75022e-07,0.117207,-2.67417][0.0802181,-0.993084,0.0857291][0.727807,0.156856,0][-7.66474e-07,0.121061,-2.62417][0.0789302,-0.993156,0.0860841][0.720628,0.156647,0][-0.125504,0.130611,-2.59273][-0.0994995,-0.973703,0.204947][0.715865,0.156084,0][-0.215201,0.173466,-2.51507][-0.21546,-0.885552,0.411552][0.703432,0.153531,0][-0.149202,0.124317,-2.63619][-0.0993799,-0.973747,0.204792][0.722207,0.156444,0][-0.125504,0.130611,-2.59273][-0.0994995,-0.973703,0.204947][0.715865,0.156084,0][-0.149202,0.124317,-2.63619][-0.0993799,-0.973747,0.204792][0.722207,0.156444,0][-0.215201,0.173466,-2.51507][-0.21546,-0.885552,0.411552][0.703432,0.153531,0][-0.257441,0.169701,-2.54183][-0.214918,-0.886309,0.410204][0.707334,0.153746,0][-0.242242,0.240037,-2.4249][-0.259536,-0.812295,0.52232][0.688412,0.149549,0][-0.257441,0.169701,-2.54183][-0.214918,-0.886309,0.410204][0.707334,0.153746,0][-0.215201,0.173466,-2.51507][-0.21546,-0.885552,0.411552][0.703432,0.153531,0][-0.257441,0.169701,-2.54183][-0.214918,-0.886309,0.410204][0.707334,0.153746,0][-0.242242,0.240037,-2.4249][-0.259536,-0.812295,0.52232][0.688412,0.149549,0][-0.293653,0.259541,-2.42019][-0.259536,-0.812295,0.52232][0.687071,0.148373,0][0.198897,0.0324105,-1.99087][0.459477,0.641008,0.614808][0.599669,0.203441,0][-6.60214e-07,0.0544661,-1.9481][1.78352e-07,0.697388,0.716694][0.588425,0.201587,0][0.225286,-0.0622383,-1.88845][0.463915,0.781089,0.41795][0.582573,0.224995,0][0.382895,-0.161287,-1.98971][0.839875,0.511699,0.181035][0.61232,0.237639,0][0.198897,0.0324105,-1.99087][0.459477,0.641008,0.614808][0.599669,0.203441,0][0.225286,-0.0622383,-1.88845][0.463915,0.781089,0.41795][0.582573,0.224995,0][0.168815,0.209778,-2.11762][0.472042,0.518173,0.713213][0.61681,0.16615,0][-6.60214e-07,0.0544661,-1.9481][1.78352e-07,0.697388,0.716694][0.588425,0.201587,0][0.198897,0.0324105,-1.99087][0.459477,0.641008,0.614808][0.599669,0.203441,0][0.337308,-0.0255345,-2.10323][0.832687,0.460671,0.307269][0.62921,0.208312,0][0.198897,0.0324105,-1.99087][0.459477,0.641008,0.614808][0.599669,0.203441,0][0.382895,-0.161287,-1.98971][0.839875,0.511699,0.181035][0.61232,0.237639,0][0.337308,-0.0255345,-2.10323][0.832687,0.460671,0.307269][0.62921,0.208312,0][0.168815,0.209778,-2.11762][0.472042,0.518173,0.713213][0.61681,0.16615,0][0.198897,0.0324105,-1.99087][0.459477,0.641008,0.614808][0.599669,0.203441,0][0.433056,-0.285547,-2.11676][0.939839,0.339224,0.0403848][0.649638,0.2535,0][0.337308,-0.0255345,-2.10323][0.832687,0.460671,0.307269][0.62921,0.208312,0][0.382895,-0.161287,-1.98971][0.839875,0.511699,0.181035][0.61232,0.237639,0][-6.60214e-07,0.0544661,-1.9481][1.78352e-07,0.697388,0.716694][0.588425,0.201587,0][0.168815,0.209778,-2.11762][0.472042,0.518173,0.713213][0.61681,0.16615,0][-6.60503e-07,0.224652,-2.07832][1.0826e-05,0.555433,0.831561][0.606836,0.165397,0][0.386003,-0.107036,-2.26127][0.938519,0.328282,0.106834][0.670761,0.215163,0][0.337308,-0.0255345,-2.10323][0.832687,0.460671,0.307269][0.62921,0.208312,0][0.433056,-0.285547,-2.11676][0.939839,0.339224,0.0403848][0.649638,0.2535,0][0.386003,-0.107036,-2.26127][0.938519,0.328282,0.106834][0.670761,0.215163,0][0.287099,0.170701,-2.22089][0.840507,0.395334,0.370486][0.643014,0.168127,0][0.337308,-0.0255345,-2.10323][0.832687,0.460671,0.307269][0.62921,0.208312,0][0.337308,-0.0255345,-2.10323][0.832687,0.460671,0.307269][0.62921,0.208312,0][0.287099,0.170701,-2.22089][0.840507,0.395334,0.370486][0.643014,0.168127,0][0.168815,0.209778,-2.11762][0.472042,0.518173,0.713213][0.61681,0.16615,0][0.386003,-0.107036,-2.26127][0.938519,0.328282,0.106834][0.670761,0.215163,0][0.320936,0.1257,-2.33981][0.943278,0.298465,0.145414][0.673191,0.170404,0][0.287099,0.170701,-2.22089][0.840507,0.395334,0.370486][0.643014,0.168127,0][0.285254,0.294268,-2.43325][0.946865,0.28201,0.154653][0.683304,0.136248,0][0.287099,0.170701,-2.22089][0.840507,0.395334,0.370486][0.643014,0.168127,0][0.320936,0.1257,-2.33981][0.943278,0.298465,0.145414][0.673191,0.170404,0][0.13641,0.458056,-2.25218][0.484543,0.510114,0.710635][0.630736,0.115915,0][-6.60503e-07,0.224652,-2.07832][1.0826e-05,0.555433,0.831561][0.606836,0.165397,0][0.168815,0.209778,-2.11762][0.472042,0.518173,0.713213][0.61681,0.16615,0][0.287099,0.170701,-2.22089][0.840507,0.395334,0.370486][0.643014,0.168127,0][0.13641,0.458056,-2.25218][0.484543,0.510114,0.710635][0.630736,0.115915,0][0.168815,0.209778,-2.11762][0.472042,0.518173,0.713213][0.61681,0.16615,0][-6.60503e-07,0.224652,-2.07832][1.0826e-05,0.555433,0.831561][0.606836,0.165397,0][0.13641,0.458056,-2.25218][0.484543,0.510114,0.710635][0.630736,0.115915,0][-2.93655e-06,0.473929,-2.21894][0.0116645,0.539385,0.841978][0.62222,0.114738,0][0.287099,0.170701,-2.22089][0.840507,0.395334,0.370486][0.643014,0.168127,0][0.285254,0.294268,-2.43325][0.946865,0.28201,0.154653][0.683304,0.136248,0][0.23351,0.417982,-2.33722][0.836033,0.389514,0.38643][0.65311,0.119008,0][0.13641,0.458056,-2.25218][0.484543,0.510114,0.710635][0.630736,0.115915,0][0.287099,0.170701,-2.22089][0.840507,0.395334,0.370486][0.643014,0.168127,0][0.23351,0.417982,-2.33722][0.836033,0.389514,0.38643][0.65311,0.119008,0][0.23351,0.417982,-2.33722][0.836033,0.389514,0.38643][0.65311,0.119008,0][0.285254,0.294268,-2.43325][0.946865,0.28201,0.154653][0.683304,0.136248,0][0.260695,0.374318,-2.42938][0.946876,0.28156,0.155402][0.677083,0.122322,0][0.23351,0.417982,-2.33722][0.836033,0.389514,0.38643][0.65311,0.119008,0][0.260695,0.374318,-2.42938][0.946876,0.28156,0.155402][0.677083,0.122322,0][0.24448,0.426815,-2.41908][0.9469,0.280503,0.15716][0.671229,0.113558,0][0.24448,0.426815,-2.41908][0.9469,0.280503,0.15716][0.671229,0.113558,0][0.219723,0.486852,-2.38337][0.793364,0.441293,0.419325][0.658995,0.104414,0][0.23351,0.417982,-2.33722][0.836033,0.389514,0.38643][0.65311,0.119008,0][0.219723,0.486852,-2.38337][0.793364,0.441293,0.419325][0.658995,0.104414,0][0.13641,0.458056,-2.25218][0.484543,0.510114,0.710635][0.630736,0.115915,0][0.23351,0.417982,-2.33722][0.836033,0.389514,0.38643][0.65311,0.119008,0][0.13641,0.458056,-2.25218][0.484543,0.510114,0.710635][0.630736,0.115915,0][0.219723,0.486852,-2.38337][0.793364,0.441293,0.419325][0.658995,0.104414,0][0.118996,0.57573,-2.34212][0.457356,0.559708,0.691052][0.643273,0.0883249,0][0.118996,0.57573,-2.34212][0.457356,0.559708,0.691052][0.643273,0.0883249,0][-2.93655e-06,0.473929,-2.21894][0.0116645,0.539385,0.841978][0.62222,0.114738,0][0.13641,0.458056,-2.25218][0.484543,0.510114,0.710635][0.630736,0.115915,0][-2.93655e-06,0.473929,-2.21894][0.0116645,0.539385,0.841978][0.62222,0.114738,0][0.118996,0.57573,-2.34212][0.457356,0.559708,0.691052][0.643273,0.0883249,0][-0.000343011,0.612739,-2.31466][0.0212473,0.582451,0.812588][0.637648,0.0821046,0][-7.78129e-07,-0.15184,-2.60814][1.22465e-16,1,1.62921e-07][0.753017,0.206566,0][0.146103,-0.057981,-2.59608][1.22465e-16,1,1.62921e-07][0.744003,0.190595,0][-7.78129e-07,-0.15184,-2.60814][1.22465e-16,1,1.62921e-07][0.753017,0.206566,0][-7.78129e-07,-0.15184,-2.60814][1.22465e-16,1,1.62921e-07][0.753017,0.206566,0][0.146103,-0.057981,-2.59608][1.22465e-16,1,1.62921e-07][0.744003,0.190595,0][-7.78129e-07,-0.15184,-2.60814][1.22465e-16,1,1.62921e-07][0.753017,0.206566,0][-7.78129e-07,-0.15184,-2.60814][1.22465e-16,1,1.62921e-07][0.753017,0.206566,0][0.146103,-0.057981,-2.59608][1.22465e-16,1,1.62921e-07][0.744003,0.190595,0][-7.78129e-07,-0.15184,-2.60814][1.22465e-16,1,1.62921e-07][0.753017,0.206566,0][-7.78129e-07,-0.15184,-2.60814][1.22465e-16,1,1.62921e-07][0.753017,0.206566,0][0.146103,-0.057981,-2.59608][1.22465e-16,1,1.62921e-07][0.744003,0.190595,0][-7.78129e-07,-0.15184,-2.60814][1.22465e-16,1,1.62921e-07][0.753017,0.206566,0][-7.78129e-07,-0.15184,-2.60814][1.22465e-16,1,1.62921e-07][0.753017,0.206566,0][0.146103,-0.057981,-2.59608][1.22465e-16,1,1.62921e-07][0.744003,0.190595,0][-7.78129e-07,-0.15184,-2.60814][1.22465e-16,1,1.62921e-07][0.753017,0.206566,0][-7.78129e-07,-0.15184,-2.60814][1.22465e-16,1,1.62921e-07][0.753017,0.206566,0][0.146103,-0.057981,-2.59608][1.22465e-16,1,1.62921e-07][0.744003,0.190595,0][-7.78129e-07,-0.15184,-2.60814][1.22465e-16,1,1.62921e-07][0.753017,0.206566,0][-7.78129e-07,-0.15184,-2.60814][1.22465e-16,1,1.62921e-07][0.753017,0.206566,0][0.146103,-0.057981,-2.59608][1.22465e-16,1,1.62921e-07][0.744003,0.190595,0][-7.78129e-07,-0.15184,-2.60814][1.22465e-16,1,1.62921e-07][0.753017,0.206566,0][-7.78129e-07,-0.15184,-2.60814][1.22465e-16,1,1.62921e-07][0.753017,0.206566,0][0.146103,-0.057981,-2.59608][1.22465e-16,1,1.62921e-07][0.744003,0.190595,0][-7.78129e-07,-0.15184,-2.60814][1.22465e-16,1,1.62921e-07][0.753017,0.206566,0][-7.78129e-07,-0.15184,-2.60814][1.22465e-16,1,1.62921e-07][0.753017,0.206566,0][0.146103,-0.057981,-2.59608][1.22465e-16,1,1.62921e-07][0.744003,0.190595,0][-7.78129e-07,-0.15184,-2.60814][1.22465e-16,1,1.62921e-07][0.753017,0.206566,0][-7.78129e-07,-0.15184,-2.60814][1.22465e-16,1,1.62921e-07][0.753017,0.206566,0][0.146103,-0.057981,-2.59608][1.22465e-16,1,1.62921e-07][0.744003,0.190595,0][-7.78129e-07,-0.15184,-2.60814][1.22465e-16,1,1.62921e-07][0.753017,0.206566,0][-7.78129e-07,-0.15184,-2.60814][1.22465e-16,1,1.62921e-07][0.753017,0.206566,0][0.146103,-0.057981,-2.59608][1.22465e-16,1,1.62921e-07][0.744003,0.190595,0][-7.78129e-07,-0.15184,-2.60814][1.22465e-16,1,1.62921e-07][0.753017,0.206566,0][-7.78129e-07,-0.15184,-2.60814][1.22465e-16,1,1.62921e-07][0.753017,0.206566,0][0.146103,-0.057981,-2.59608][1.22465e-16,1,1.62921e-07][0.744003,0.190595,0][-7.78129e-07,-0.15184,-2.60814][1.22465e-16,1,1.62921e-07][0.753017,0.206566,0][0.146103,-0.057981,-2.59608][1.22465e-16,1,1.62921e-07][0.744003,0.190595,0][0.168565,-0.0521534,-2.5918][0.381124,0.823956,-0.419334][0.742636,0.189771,0][0.146103,-0.057981,-2.59608][1.22465e-16,1,1.62921e-07][0.744003,0.190595,0][0.168565,-0.0521534,-2.5918][0.381124,0.823956,-0.419334][0.742636,0.189771,0][0.188595,-0.246483,-2.53168][0.514,0.374073,-0.771928][0.741853,0.226884,0][0.168565,-0.0521534,-2.5918][1.22465e-16,1,1.62921e-07][0.742636,0.189771,0][0.146103,-0.057981,-2.59608][1.22465e-16,1,1.62921e-07][0.744003,0.190595,0][0.168565,-0.0521534,-2.5918][1.22465e-16,1,1.62921e-07][0.742636,0.189771,0][0.146103,-0.057981,-2.59608][1.22465e-16,1,1.62921e-07][0.744003,0.190595,0][0.188595,-0.246483,-2.53168][0.514,0.374073,-0.771928][0.741853,0.226884,0][-7.77092e-07,-0.268538,-2.57445][-3.32284e-07,0.541986,-0.840388][0.753097,0.228738,0][0.188595,-0.246483,-2.53168][1.22465e-16,1,1.62921e-07][0.741853,0.226884,0][0.146103,-0.057981,-2.59608][1.22465e-16,1,1.62921e-07][0.744003,0.190595,0][0.168565,-0.0521534,-2.5918][1.22465e-16,1,1.62921e-07][0.742636,0.189771,0][0.146103,-0.057981,-2.59608][1.22465e-16,1,1.62921e-07][0.744003,0.190595,0][0.168565,-0.0521534,-2.5918][1.22465e-16,1,1.62921e-07][0.742636,0.189771,0][0.188595,-0.246483,-2.53168][1.22465e-16,1,1.62921e-07][0.741853,0.226884,0][0.168565,-0.0521534,-2.5918][0.117194,0.887167,-0.446318][0.742636,0.189771,0][0.146103,-0.057981,-2.59608][1.22465e-16,1,1.62921e-07][0.744003,0.190595,0][0.168565,-0.0521534,-2.5918][1.22465e-16,1,1.62921e-07][0.742636,0.189771,0][0.146103,-0.057981,-2.59608][1.22465e-16,1,1.62921e-07][0.744003,0.190595,0][0.168565,-0.0521534,-2.5918][1.22465e-16,1,1.62921e-07][0.742636,0.189771,0][0.188595,-0.246483,-2.53168][1.22465e-16,1,1.62921e-07][0.741853,0.226884,0][0.168565,-0.0521534,-2.5918][1.22465e-16,1,1.62921e-07][0.742636,0.189771,0][0.146103,-0.057981,-2.59608][1.22465e-16,1,1.62921e-07][0.744003,0.190595,0][0.168565,-0.0521534,-2.5918][1.22465e-16,1,1.62921e-07][0.742636,0.189771,0][0.146103,-0.057981,-2.59608][1.22465e-16,1,1.62921e-07][0.744003,0.190595,0][0.168565,-0.0521534,-2.5918][1.22465e-16,1,1.62921e-07][0.742636,0.189771,0][0.188595,-0.246483,-2.53168][1.22465e-16,1,1.62921e-07][0.741853,0.226884,0][0.168565,-0.0521534,-2.5918][1.22465e-16,1,1.62921e-07][0.742636,0.189771,0][0.146103,-0.057981,-2.59608][1.22465e-16,1,1.62921e-07][0.744003,0.190595,0][0.168565,-0.0521534,-2.5918][1.22465e-16,1,1.62921e-07][0.742636,0.189771,0][0.146103,-0.057981,-2.59608][1.22465e-16,1,1.62921e-07][0.744003,0.190595,0][0.168565,-0.0521534,-2.5918][1.22465e-16,1,1.62921e-07][0.742636,0.189771,0][0.188595,-0.246483,-2.53168][1.22465e-16,1,1.62921e-07][0.741853,0.226884,0][0.168565,-0.0521534,-2.5918][1.22465e-16,1,1.62921e-07][0.742636,0.189771,0][0.146103,-0.057981,-2.59608][1.22465e-16,1,1.62921e-07][0.744003,0.190595,0][0.168565,-0.0521534,-2.5918][1.22465e-16,1,1.62921e-07][0.742636,0.189771,0][0.146103,-0.057981,-2.59608][1.22465e-16,1,1.62921e-07][0.744003,0.190595,0][0.168565,-0.0521534,-2.5918][1.22465e-16,1,1.62921e-07][0.742636,0.189771,0][0.188595,-0.246483,-2.53168][1.22465e-16,1,1.62921e-07][0.741853,0.226884,0][0.168565,-0.0521534,-2.5918][1.22465e-16,1,1.62921e-07][0.742636,0.189771,0][0.146103,-0.057981,-2.59608][1.22465e-16,1,1.62921e-07][0.744003,0.190595,0][0.168565,-0.0521534,-2.5918][1.22465e-16,1,1.62921e-07][0.742636,0.189771,0][0.146103,-0.057981,-2.59608][1.22465e-16,1,1.62921e-07][0.744003,0.190595,0][0.168565,-0.0521534,-2.5918][1.22465e-16,1,1.62921e-07][0.742636,0.189771,0][0.188595,-0.246483,-2.53168][1.22465e-16,1,1.62921e-07][0.741853,0.226884,0][0.168565,-0.0521534,-2.5918][1.22465e-16,1,1.62921e-07][0.742636,0.189771,0][0.146103,-0.057981,-2.59608][1.22465e-16,1,1.62921e-07][0.744003,0.190595,0][0.168565,-0.0521534,-2.5918][1.22465e-16,1,1.62921e-07][0.742636,0.189771,0][0.146103,-0.057981,-2.59608][1.22465e-16,1,1.62921e-07][0.744003,0.190595,0][0.168565,-0.0521534,-2.5918][1.22465e-16,1,1.62921e-07][0.742636,0.189771,0][0.188595,-0.246483,-2.53168][1.22465e-16,1,1.62921e-07][0.741853,0.226884,0][0.168565,-0.0521534,-2.5918][1.22465e-16,1,1.62921e-07][0.742636,0.189771,0][0.146103,-0.057981,-2.59608][1.22465e-16,1,1.62921e-07][0.744003,0.190595,0][0.168565,-0.0521534,-2.5918][1.22465e-16,1,1.62921e-07][0.742636,0.189771,0][0.146103,-0.057981,-2.59608][1.22465e-16,1,1.62921e-07][0.744003,0.190595,0][0.146103,-0.057981,-2.59608][1.22465e-16,1,1.62921e-07][0.744003,0.190595,0][0.168565,-0.0521534,-2.5918][1.22465e-16,1,1.62921e-07][0.742636,0.189771,0][0.146103,-0.057981,-2.59608][1.22465e-16,1,1.62921e-07][0.744003,0.190595,0][0.146103,-0.057981,-2.59608][1.22465e-16,1,1.62921e-07][0.744003,0.190595,0][0.168565,-0.0521534,-2.5918][1.22465e-16,1,1.62921e-07][0.742636,0.189771,0][0.146103,-0.057981,-2.59608][1.22465e-16,1,1.62921e-07][0.744003,0.190595,0][0.168565,-0.0521534,-2.5918][1.22465e-16,1,1.62921e-07][0.742636,0.189771,0][0.188595,-0.246483,-2.53168][1.22465e-16,1,1.62921e-07][0.741853,0.226884,0][0.168565,-0.0521534,-2.5918][1.22465e-16,1,1.62921e-07][0.742636,0.189771,0][0.168565,-0.0521534,-2.5918][1.22465e-16,1,1.62921e-07][0.742636,0.189771,0][0.188595,-0.246483,-2.53168][1.22465e-16,1,1.62921e-07][0.741853,0.226884,0][0.168565,-0.0521534,-2.5918][1.22465e-16,1,1.62921e-07][0.742636,0.189771,0][0.168565,-0.0521534,-2.5918][1.22465e-16,1,1.62921e-07][0.742636,0.189771,0][0.188595,-0.246483,-2.53168][1.22465e-16,1,1.62921e-07][0.741853,0.226884,0][0.168565,-0.0521534,-2.5918][1.22465e-16,1,1.62921e-07][0.742636,0.189771,0][0.168565,-0.0521534,-2.5918][1.22465e-16,1,1.62921e-07][0.742636,0.189771,0][0.188595,-0.246483,-2.53168][1.22465e-16,1,1.62921e-07][0.741853,0.226884,0][0.168565,-0.0521534,-2.5918][1.22465e-16,1,1.62921e-07][0.742636,0.189771,0][-0.172581,-0.0911038,-2.57975][-0.406454,0.796035,-0.448467][0.742479,0.19721,0][-7.78129e-07,-0.15184,-2.60814][1.22465e-16,1,1.62921e-07][0.753017,0.206566,0][-0.172581,-0.0911038,-2.57975][1.22465e-16,1,1.62921e-07][0.742479,0.19721,0][-0.172581,-0.0911038,-2.57975][1.22465e-16,1,1.62921e-07][0.742479,0.19721,0][-7.78129e-07,-0.15184,-2.60814][1.22465e-16,1,1.62921e-07][0.753017,0.206566,0][-0.172581,-0.0911038,-2.57975][1.22465e-16,1,1.62921e-07][0.742479,0.19721,0][-0.172581,-0.0911038,-2.57975][1.22465e-16,1,1.62921e-07][0.742479,0.19721,0][-7.78129e-07,-0.15184,-2.60814][1.22465e-16,1,1.62921e-07][0.753017,0.206566,0][-0.172581,-0.0911038,-2.57975][1.22465e-16,1,1.62921e-07][0.742479,0.19721,0][-0.172581,-0.0911038,-2.57975][1.22465e-16,1,1.62921e-07][0.742479,0.19721,0][-7.78129e-07,-0.15184,-2.60814][1.22465e-16,1,1.62921e-07][0.753017,0.206566,0][-0.172581,-0.0911038,-2.57975][1.22465e-16,1,1.62921e-07][0.742479,0.19721,0][-0.172581,-0.0911038,-2.57975][1.22465e-16,1,1.62921e-07][0.742479,0.19721,0][-7.78129e-07,-0.15184,-2.60814][1.22465e-16,1,1.62921e-07][0.753017,0.206566,0][-0.172581,-0.0911038,-2.57975][1.22465e-16,1,1.62921e-07][0.742479,0.19721,0][-0.172581,-0.0911038,-2.57975][1.22465e-16,1,1.62921e-07][0.742479,0.19721,0][-7.78129e-07,-0.15184,-2.60814][1.22465e-16,1,1.62921e-07][0.753017,0.206566,0][-0.172581,-0.0911038,-2.57975][1.22465e-16,1,1.62921e-07][0.742479,0.19721,0][-0.172581,-0.0911038,-2.57975][1.22465e-16,1,1.62921e-07][0.742479,0.19721,0][-7.78129e-07,-0.15184,-2.60814][1.22465e-16,1,1.62921e-07][0.753017,0.206566,0][-0.172581,-0.0911038,-2.57975][1.22465e-16,1,1.62921e-07][0.742479,0.19721,0][-0.172581,-0.0911038,-2.57975][1.22465e-16,1,1.62921e-07][0.742479,0.19721,0][-7.78129e-07,-0.15184,-2.60814][1.22465e-16,1,1.62921e-07][0.753017,0.206566,0][-0.172581,-0.0911038,-2.57975][1.22465e-16,1,1.62921e-07][0.742479,0.19721,0][-0.172581,-0.0911038,-2.57975][1.22465e-16,1,1.62921e-07][0.742479,0.19721,0][-7.78129e-07,-0.15184,-2.60814][1.22465e-16,1,1.62921e-07][0.753017,0.206566,0][-0.172581,-0.0911038,-2.57975][1.22465e-16,1,1.62921e-07][0.742479,0.19721,0][-0.172581,-0.0911038,-2.57975][1.22465e-16,1,1.62921e-07][0.742479,0.19721,0][-7.78129e-07,-0.15184,-2.60814][1.22465e-16,1,1.62921e-07][0.753017,0.206566,0][-0.172581,-0.0911038,-2.57975][1.22465e-16,1,1.62921e-07][0.742479,0.19721,0][-0.172581,-0.0911038,-2.57975][1.22465e-16,1,1.62921e-07][0.742479,0.19721,0][-7.78129e-07,-0.15184,-2.60814][1.22465e-16,1,1.62921e-07][0.753017,0.206566,0][-0.172581,-0.0911038,-2.57975][1.22465e-16,1,1.62921e-07][0.742479,0.19721,0][-0.172581,-0.0911038,-2.57975][1.22465e-16,1,1.62921e-07][0.742479,0.19721,0][-7.78129e-07,-0.15184,-2.60814][1.22465e-16,1,1.62921e-07][0.753017,0.206566,0][-0.172581,-0.0911038,-2.57975][-0.110774,0.899711,-0.422197][0.742479,0.19721,0][-7.78129e-07,-0.15184,-2.60814][0.0158714,-0.273936,-0.961617][0.753017,0.206566,0][-0.188597,-0.246483,-2.53168][-0.119689,0.881804,-0.456175][0.741853,0.226884,0][-0.172581,-0.0911038,-2.57975][-0.110774,0.899711,-0.422197][0.742479,0.19721,0][-0.188597,-0.246483,-2.53168][-0.119689,0.881804,-0.456175][0.741853,0.226884,0][-7.78129e-07,-0.15184,-2.60814][0.0158714,-0.273936,-0.961617][0.753017,0.206566,0][-7.77092e-07,-0.268538,-2.57445][8.47082e-05,0.634668,-0.772785][0.753097,0.228738,0][-0.188597,-0.246483,-2.53168][1.22465e-16,1,1.62921e-07][0.741853,0.226884,0][-0.172581,-0.0911038,-2.57975][1.22465e-16,1,1.62921e-07][0.742479,0.19721,0][-0.188597,-0.246483,-2.53168][-0.119689,0.881804,-0.456175][0.741853,0.226884,0][-7.77092e-07,-0.268538,-2.57445][1.22465e-16,1,1.62921e-07][0.753097,0.228738,0][-0.188597,-0.246483,-2.53168][1.22465e-16,1,1.62921e-07][0.741853,0.226884,0][-7.77092e-07,-0.268538,-2.57445][8.47082e-05,0.634668,-0.772785][0.753097,0.228738,0][0.188595,-0.246483,-2.53168][1.22465e-16,1,1.62921e-07][0.741853,0.226884,0][-7.77092e-07,-0.268538,-2.57445][1.22465e-16,1,1.62921e-07][0.753097,0.228738,0][0.188595,-0.246483,-2.53168][0.119767,0.881824,-0.456117][0.741853,0.226884,0][-0.188597,-0.246483,-2.53168][1.22465e-16,1,1.62921e-07][0.741853,0.226884,0][-0.172581,-0.0911038,-2.57975][1.22465e-16,1,1.62921e-07][0.742479,0.19721,0][-0.188597,-0.246483,-2.53168][1.22465e-16,1,1.62921e-07][0.741853,0.226884,0][0.188595,-0.246483,-2.53168][1.22465e-16,1,1.62921e-07][0.741853,0.226884,0][-7.77092e-07,-0.268538,-2.57445][1.22465e-16,1,1.62921e-07][0.753097,0.228738,0][0.188595,-0.246483,-2.53168][1.22465e-16,1,1.62921e-07][0.741853,0.226884,0][-0.188597,-0.246483,-2.53168][1.22465e-16,1,1.62921e-07][0.741853,0.226884,0][-0.172581,-0.0911038,-2.57975][1.22465e-16,1,1.62921e-07][0.742479,0.19721,0][-0.188597,-0.246483,-2.53168][1.22465e-16,1,1.62921e-07][0.741853,0.226884,0][0.188595,-0.246483,-2.53168][1.22465e-16,1,1.62921e-07][0.741853,0.226884,0][-7.77092e-07,-0.268538,-2.57445][1.22465e-16,1,1.62921e-07][0.753097,0.228738,0][0.188595,-0.246483,-2.53168][1.22465e-16,1,1.62921e-07][0.741853,0.226884,0][-0.188597,-0.246483,-2.53168][1.22465e-16,1,1.62921e-07][0.741853,0.226884,0][-0.172581,-0.0911038,-2.57975][1.22465e-16,1,1.62921e-07][0.742479,0.19721,0][-0.188597,-0.246483,-2.53168][1.22465e-16,1,1.62921e-07][0.741853,0.226884,0][0.188595,-0.246483,-2.53168][1.22465e-16,1,1.62921e-07][0.741853,0.226884,0][-7.77092e-07,-0.268538,-2.57445][1.22465e-16,1,1.62921e-07][0.753097,0.228738,0][0.188595,-0.246483,-2.53168][1.22465e-16,1,1.62921e-07][0.741853,0.226884,0][-0.188597,-0.246483,-2.53168][1.22465e-16,1,1.62921e-07][0.741853,0.226884,0][-0.172581,-0.0911038,-2.57975][1.22465e-16,1,1.62921e-07][0.742479,0.19721,0][-0.188597,-0.246483,-2.53168][1.22465e-16,1,1.62921e-07][0.741853,0.226884,0][0.188595,-0.246483,-2.53168][1.22465e-16,1,1.62921e-07][0.741853,0.226884,0][-7.77092e-07,-0.268538,-2.57445][1.22465e-16,1,1.62921e-07][0.753097,0.228738,0][0.188595,-0.246483,-2.53168][1.22465e-16,1,1.62921e-07][0.741853,0.226884,0][-0.188597,-0.246483,-2.53168][1.22465e-16,1,1.62921e-07][0.741853,0.226884,0][-0.172581,-0.0911038,-2.57975][1.22465e-16,1,1.62921e-07][0.742479,0.19721,0][-0.188597,-0.246483,-2.53168][1.22465e-16,1,1.62921e-07][0.741853,0.226884,0][0.188595,-0.246483,-2.53168][1.22465e-16,1,1.62921e-07][0.741853,0.226884,0][-7.77092e-07,-0.268538,-2.57445][1.22465e-16,1,1.62921e-07][0.753097,0.228738,0][0.188595,-0.246483,-2.53168][1.22465e-16,1,1.62921e-07][0.741853,0.226884,0][-0.188597,-0.246483,-2.53168][1.22465e-16,1,1.62921e-07][0.741853,0.226884,0][-0.172581,-0.0911038,-2.57975][1.22465e-16,1,1.62921e-07][0.742479,0.19721,0][-0.188597,-0.246483,-2.53168][1.22465e-16,1,1.62921e-07][0.741853,0.226884,0][0.188595,-0.246483,-2.53168][1.22465e-16,1,1.62921e-07][0.741853,0.226884,0][-7.77092e-07,-0.268538,-2.57445][1.22465e-16,1,1.62921e-07][0.753097,0.228738,0][0.188595,-0.246483,-2.53168][1.22465e-16,1,1.62921e-07][0.741853,0.226884,0][-0.188597,-0.246483,-2.53168][1.22465e-16,1,1.62921e-07][0.741853,0.226884,0][-0.172581,-0.0911038,-2.57975][1.22465e-16,1,1.62921e-07][0.742479,0.19721,0][-0.188597,-0.246483,-2.53168][1.22465e-16,1,1.62921e-07][0.741853,0.226884,0][-0.188597,-0.246483,-2.53168][1.22465e-16,1,1.62921e-07][0.741853,0.226884,0][-0.172581,-0.0911038,-2.57975][1.22465e-16,1,1.62921e-07][0.742479,0.19721,0][-0.188597,-0.246483,-2.53168][1.22465e-16,1,1.62921e-07][0.741853,0.226884,0][-0.188597,-0.246483,-2.53168][1.22465e-16,1,1.62921e-07][0.741853,0.226884,0][-0.172581,-0.0911038,-2.57975][1.22465e-16,1,1.62921e-07][0.742479,0.19721,0][-0.188597,-0.246483,-2.53168][1.22465e-16,1,1.62921e-07][0.741853,0.226884,0][-0.188597,-0.246483,-2.53168][1.22465e-16,1,1.62921e-07][0.741853,0.226884,0][-0.172581,-0.0911038,-2.57975][1.22465e-16,1,1.62921e-07][0.742479,0.19721,0][-0.188597,-0.246483,-2.53168][1.22465e-16,1,1.62921e-07][0.741853,0.226884,0][0.188595,-0.246483,-2.53168][1.22465e-16,1,1.62921e-07][0.741853,0.226884,0][-7.77092e-07,-0.268538,-2.57445][1.22465e-16,1,1.62921e-07][0.753097,0.228738,0][0.188595,-0.246483,-2.53168][1.22465e-16,1,1.62921e-07][0.741853,0.226884,0][-7.77092e-07,-0.268538,-2.57445][1.22465e-16,1,1.62921e-07][0.753097,0.228738,0][-0.188597,-0.246483,-2.53168][1.22465e-16,1,1.62921e-07][0.741853,0.226884,0][-7.77092e-07,-0.268538,-2.57445][1.22465e-16,1,1.62921e-07][0.753097,0.228738,0][0.188595,-0.246483,-2.53168][1.22465e-16,1,1.62921e-07][0.741853,0.226884,0][-7.77092e-07,-0.268538,-2.57445][1.22465e-16,1,1.62921e-07][0.753097,0.228738,0][0.188595,-0.246483,-2.53168][1.22465e-16,1,1.62921e-07][0.741853,0.226884,0][0.188595,-0.246483,-2.53168][1.22465e-16,1,1.62921e-07][0.741853,0.226884,0][-7.77092e-07,-0.268538,-2.57445][1.22465e-16,1,1.62921e-07][0.753097,0.228738,0][0.188595,-0.246483,-2.53168][1.22465e-16,1,1.62921e-07][0.741853,0.226884,0][0.188595,-0.246483,-2.53168][1.22465e-16,1,1.62921e-07][0.741853,0.226884,0][-7.77092e-07,-0.268538,-2.57445][1.22465e-16,1,1.62921e-07][0.753097,0.228738,0][0.188595,-0.246483,-2.53168][1.22465e-16,1,1.62921e-07][0.741853,0.226884,0][-7.77092e-07,-0.268538,-2.57445][1.22465e-16,1,1.62921e-07][0.753097,0.228738,0][-0.188597,-0.246483,-2.53168][1.22465e-16,1,1.62921e-07][0.741853,0.226884,0][-7.77092e-07,-0.268538,-2.57445][1.22465e-16,1,1.62921e-07][0.753097,0.228738,0][-7.77092e-07,-0.268538,-2.57445][1.22465e-16,1,1.62921e-07][0.753097,0.228738,0][-0.188597,-0.246483,-2.53168][1.22465e-16,1,1.62921e-07][0.741853,0.226884,0][-7.77092e-07,-0.268538,-2.57445][1.22465e-16,1,1.62921e-07][0.753097,0.228738,0][-7.77092e-07,-0.268538,-2.57445][1.22465e-16,1,1.62921e-07][0.753097,0.228738,0][-0.188597,-0.246483,-2.53168][1.22465e-16,1,1.62921e-07][0.741853,0.226884,0][-7.77092e-07,-0.268538,-2.57445][1.22465e-16,1,1.62921e-07][0.753097,0.228738,0][-7.77092e-07,-0.268538,-2.57445][1.22465e-16,1,1.62921e-07][0.753097,0.228738,0][-0.188597,-0.246483,-2.53168][1.22465e-16,1,1.62921e-07][0.741853,0.226884,0][-7.77092e-07,-0.268538,-2.57445][1.22465e-16,1,1.62921e-07][0.753097,0.228738,0][-7.77092e-07,-0.268538,-2.57445][1.22465e-16,1,1.62921e-07][0.753097,0.228738,0][-0.188597,-0.246483,-2.53168][1.22465e-16,1,1.62921e-07][0.741853,0.226884,0][-7.77092e-07,-0.268538,-2.57445][1.22465e-16,1,1.62921e-07][0.753097,0.228738,0][-7.77092e-07,-0.268538,-2.57445][1.22465e-16,1,1.62921e-07][0.753097,0.228738,0][-0.188597,-0.246483,-2.53168][1.22465e-16,1,1.62921e-07][0.741853,0.226884,0][-7.77092e-07,-0.268538,-2.57445][1.22465e-16,1,1.62921e-07][0.753097,0.228738,0][-7.77092e-07,-0.268538,-2.57445][1.22465e-16,1,1.62921e-07][0.753097,0.228738,0][-0.188597,-0.246483,-2.53168][1.22465e-16,1,1.62921e-07][0.741853,0.226884,0][-7.77092e-07,-0.268538,-2.57445][1.22465e-16,1,1.62921e-07][0.753097,0.228738,0][-7.77092e-07,-0.268538,-2.57445][1.22465e-16,1,1.62921e-07][0.753097,0.228738,0][-0.188597,-0.246483,-2.53168][1.22465e-16,1,1.62921e-07][0.741853,0.226884,0][-7.77092e-07,-0.268538,-2.57445][1.22465e-16,1,1.62921e-07][0.753097,0.228738,0][-7.77092e-07,-0.268538,-2.57445][1.22465e-16,1,1.62921e-07][0.753097,0.228738,0][-0.188597,-0.246483,-2.53168][1.22465e-16,1,1.62921e-07][0.741853,0.226884,0][-7.77092e-07,-0.268538,-2.57445][1.22465e-16,1,1.62921e-07][0.753097,0.228738,0][1.4236,0.838546,-0.36875][-0.414223,-0.724107,-0.551443][0.974047,0.0531456,0][1.3801,0.908934,-0.428505][-0.601781,-0.386309,-0.699017][0.974104,0.191298,0][1.39792,0.911506,-0.445269][-0.596259,-0.401092,-0.695414][0.974139,0.201628,0][-1.53022,-1.26051,-0.76313][0.149122,0.947923,-0.281434][0.973814,0.111636,0][-1.59211,-1.22359,-0.678137][0.138759,0.941287,-0.307775][0.973814,0.122573,0][-1.07931,-1.37551,-0.911554][0.275582,0.811676,-0.515012][0.973814,0.0879186,0][-1.2855,-1.33769,-0.979044][0.243113,0.946457,-0.212405][0.973814,0.0853672,0][-1.53022,-1.26051,-0.76313][0.149122,0.947923,-0.281434][0.973814,0.111636,0][-1.07931,-1.37551,-0.911554][0.275582,0.811676,-0.515012][0.973814,0.0879186,0][-0.989237,-1.50809,-1.02882][0.172658,0.715763,-0.676662][0.973814,0.0653684,0][-1.2855,-1.33769,-0.979044][0.243113,0.946457,-0.212405][0.973814,0.0853672,0][-1.07931,-1.37551,-0.911554][0.275582,0.811676,-0.515012][0.973814,0.0879186,0][-0.664141,-1.61327,-1.07463][0.129784,0.70491,-0.697322][0.973814,0.0516813,0][-0.989237,-1.50809,-1.02882][0.172658,0.715763,-0.676662][0.973814,0.0653684,0][-1.07931,-1.37551,-0.911554][0.275582,0.811676,-0.515012][0.973814,0.0879186,0][-0.13988,0.871748,-2.96875][-0.561691,0.524641,0.639731][0.767176,0.00899291,0][-0.172181,0.823093,-2.9572][-0.561691,0.524641,0.639731][0.767783,0.0181181,0][-0.127788,0.830405,-2.92422][-0.561691,0.524641,0.639731][0.759758,0.0183976,0][-1.76363,-1.03332,-0.566911][0.684774,0.693229,-0.224761][0.973814,0.149856,0][-1.75533,-1.02831,-0.490888][0.592711,0.725186,-0.350428][0.973814,0.15708,0][-1.62749,-1.20008,-0.633464][0.743736,0.656797,-0.124391][0.973814,0.128697,0][-1.76363,-1.03332,-0.566911][0.684774,0.693229,-0.224761][0.973814,0.149856,0][-1.96962,-0.698483,-0.188076][0.390704,0.762597,-0.515555][0.973814,0.214165,0][-1.75533,-1.02831,-0.490888][0.592711,0.725186,-0.350428][0.973814,0.15708,0][-1.92213,-0.677739,-0.156203][0.254721,0.771964,-0.5824][0.973814,0.218897,0][-1.75533,-1.02831,-0.490888][0.592711,0.725186,-0.350428][0.973814,0.15708,0][-1.96962,-0.698483,-0.188076][0.390704,0.762597,-0.515555][0.973814,0.214165,0][-1.96962,-0.698483,-0.188076][0.390704,0.762597,-0.515555][0.973814,0.214165,0][-1.94807,-0.42944,0.134989][0.0973797,0.761575,-0.640719][0.973814,0.267499,0][-1.92213,-0.677739,-0.156203][0.254721,0.771964,-0.5824][0.973814,0.218897,0][0.285254,0.294268,-2.43325][0.72064,0.389781,0.573366][0.974072,0.0566998,0][0.269198,0.360662,-2.4582][0.681641,0.265486,0.681823][0.968932,0.0835809,0][0.25608,0.367157,-2.44613][0.603035,0.0951691,0.792018][0.970221,0.0902996,0][0.242377,0.441846,-2.4338][0.397258,-0.280689,0.873727][0.969427,0.131924,0][0.25608,0.367157,-2.44613][0.603035,0.0951691,0.792018][0.970221,0.0902996,0][0.269198,0.360662,-2.4582][0.681641,0.265486,0.681823][0.968932,0.0835809,0][0.25608,0.367157,-2.44613][0.603035,0.0951691,0.792018][0.970221,0.0902996,0][0.242377,0.441846,-2.4338][0.397258,-0.280689,0.873727][0.969427,0.131924,0][0.22834,0.435224,-2.42938][0.383599,-0.30307,0.872353][0.970178,0.129786,0][0.218984,0.495159,-2.38964][0.141122,-0.364902,0.920289][0.973446,0.172009,0][0.22834,0.435224,-2.42938][0.383599,-0.30307,0.872353][0.970178,0.129786,0][0.242377,0.441846,-2.4338][0.397258,-0.280689,0.873727][0.969427,0.131924,0][0.22834,0.435224,-2.42938][0.383599,-0.30307,0.872353][0.970178,0.129786,0][0.218984,0.495159,-2.38964][0.141122,-0.364902,0.920289][0.973446,0.172009,0][0.199984,0.489645,-2.39215][0.103989,-0.305799,0.9464][0.973239,0.169101,0][-0.12102,0.612853,-2.35733][-0.363769,-0.0939794,0.926736][0.974435,0.236602,0][0.000709152,0.61543,-2.35027][0.0715124,-0.0547968,0.995933][0.975073,0.249664,0][-0.000945525,0.651839,-2.34871][0.0637064,-0.0521969,0.996603][0.975443,0.25861,0][0.000709152,0.61543,-2.35027][0.0715124,-0.0547968,0.995933][0.975073,0.249664,0][-0.12102,0.612853,-2.35733][-0.363769,-0.0939794,0.926736][0.974435,0.236602,0][-0.11434,0.586244,-2.35601][-0.386903,-0.100229,0.916657][0.974229,0.229128,0][-0.165476,0.587207,-2.40366][-0.473102,-0.111982,0.873862][0.968702,0.213116,0][-0.11434,0.586244,-2.35601][-0.386903,-0.100229,0.916657][0.974229,0.229128,0][-0.12102,0.612853,-2.35733][-0.363769,-0.0939794,0.926736][0.974435,0.236602,0][-0.11434,0.586244,-2.35601][-0.386903,-0.100229,0.916657][0.974229,0.229128,0][-0.165476,0.587207,-2.40366][-0.473102,-0.111982,0.873862][0.968702,0.213116,0][-0.158816,0.574434,-2.40222][-0.422326,-0.0956817,0.90138][0.969146,0.207281,0][-0.212468,0.52816,-2.41165][-0.191489,-0.00340592,0.981489][0.969706,0.182851,0][-0.158816,0.574434,-2.40222][-0.422326,-0.0956817,0.90138][0.969146,0.207281,0][-0.165476,0.587207,-2.40366][-0.473102,-0.111982,0.873862][0.968702,0.213116,0][-0.158816,0.574434,-2.40222][-0.422326,-0.0956817,0.90138][0.969146,0.207281,0][-0.212468,0.52816,-2.41165][-0.191489,-0.00340592,0.981489][0.969706,0.182851,0][-0.20699,0.509208,-2.41155][-0.266102,0.0229659,0.963671][0.970152,0.173033,0][-0.258821,0.377331,-2.42302][-0.35282,0.0942938,0.930928][0.972759,0.102008,0][-0.20699,0.509208,-2.41155][-0.266102,0.0229659,0.963671][0.970152,0.173033,0][-0.212468,0.52816,-2.41165][-0.191489,-0.00340592,0.981489][0.969706,0.182851,0][-0.20699,0.509208,-2.41155][-0.266102,0.0229659,0.963671][0.970152,0.173033,0][-0.258821,0.377331,-2.42302][-0.35282,0.0942938,0.930928][0.972759,0.102008,0][-0.23832,0.376428,-2.41414][-0.337833,0.0768241,0.938065][0.973883,0.104048,0][-0.293653,0.259541,-2.42019][-0.388603,0.136783,0.911196][0.976761,0.04264,0][-0.23832,0.376428,-2.41414][-0.337833,0.0768241,0.938065][0.973883,0.104048,0][-0.258821,0.377331,-2.42302][-0.35282,0.0942938,0.930928][0.972759,0.102008,0][0.119218,0.615943,-2.37333][0.113409,-0.115684,0.986791][0.973366,0.239404,0][-0.000945525,0.651839,-2.34871][0.0637064,-0.0521969,0.996603][0.975443,0.25861,0][0.000709152,0.61543,-2.35027][0.0715124,-0.0547968,0.995933][0.975073,0.249664,0][0.119218,0.615943,-2.37333][0.113409,-0.115684,0.986791][0.973366,0.239404,0][0.000709152,0.61543,-2.35027][0.0715124,-0.0547968,0.995933][0.975073,0.249664,0][0.106157,0.583852,-2.37614][0.0895708,-0.122149,0.988462][0.973144,0.228172,0][0.119218,0.615943,-2.37333][0.113409,-0.115684,0.986791][0.973366,0.239404,0][0.199984,0.489645,-2.39215][0.103989,-0.305799,0.9464][0.973239,0.169101,0][0.218984,0.495159,-2.38964][0.141122,-0.364902,0.920289][0.973446,0.172009,0][0.199984,0.489645,-2.39215][0.103989,-0.305799,0.9464][0.973239,0.169101,0][0.119218,0.615943,-2.37333][0.113409,-0.115684,0.986791][0.973366,0.239404,0][0.106157,0.583852,-2.37614][0.0895708,-0.122149,0.988462][0.973144,0.228172,0][-0.1689,0.570477,2.46101][-0.0317425,-0.286076,-0.957681][0.975634,0.117132,0][-0.258746,0.690631,2.42472][-0.0163664,-0.300309,-0.953702][0.974519,0.225585,0][-0.09023,0.648256,2.43517][-0.0442666,-0.274378,-0.960603][0.974859,0.187336,0][0.169357,0.569632,2.44065][-0.0586605,-0.260815,-0.963605][0.975169,0.116367,0][-0.1689,0.570477,2.46101][-0.0317425,-0.286076,-0.957681][0.975634,0.117132,0][-0.09023,0.648256,2.43517][-0.0442666,-0.274378,-0.960603][0.974859,0.187336,0][0.161518,0.54856,2.7387][0.474853,-0.814014,-0.334509][0.933631,0.25982,0][-0.16151,0.54856,2.7387][-0.474853,-0.814013,-0.33451][0.88397,0.25982,0][0.165492,0.576883,2.6154][0.467767,-0.881097,-0.0697307][0.933631,0.237694,0][0.157481,0.496429,2.81729][0.479215,-0.624353,-0.616876][0.933631,0.276464,0][-0.16151,0.54856,2.7387][-0.474853,-0.814013,-0.33451][0.88397,0.25982,0][0.161518,0.54856,2.7387][0.474853,-0.814014,-0.334509][0.933631,0.25982,0][-0.165485,0.576883,2.6154][-0.467768,-0.881097,-0.069731][0.88397,0.237694,0][0.165492,0.576883,2.6154][0.467767,-0.881097,-0.0697307][0.933631,0.237694,0][-0.16151,0.54856,2.7387][-0.474853,-0.814013,-0.33451][0.88397,0.25982,0][0.165492,0.576883,2.6154][0.467767,-0.881097,-0.0697307][0.933631,0.237694,0][-0.165485,0.576883,2.6154][-0.467768,-0.881097,-0.069731][0.88397,0.237694,0][-0.1689,0.570477,2.46101][-0.473871,-0.879442,0.0450265][0.883595,0.212678,0][-0.1689,0.570477,2.46101][-0.473871,-0.879442,0.0450265][0.883595,0.212678,0][0.169357,0.569632,2.44065][0.486217,-0.8704,0.0774378][0.933631,0.212678,0][0.165492,0.576883,2.6154][0.467767,-0.881097,-0.0697307][0.933631,0.237694,0][-0.16151,0.54856,2.7387][-0.474853,-0.814013,-0.33451][0.88397,0.25982,0][0.157481,0.496429,2.81729][0.479215,-0.624353,-0.616876][0.933631,0.276464,0][-0.157474,0.496429,2.81729][-0.479216,-0.624352,-0.616876][0.88397,0.276464,0][0.153408,0.422043,2.86368][0.475988,-0.327386,-0.816244][0.933631,0.291614,0][-0.157474,0.496429,2.81729][-0.479216,-0.624352,-0.616876][0.88397,0.276464,0][0.157481,0.496429,2.81729][0.479215,-0.624353,-0.616876][0.933631,0.276464,0][-0.157474,0.496429,2.81729][-0.479216,-0.624352,-0.616876][0.88397,0.276464,0][0.153408,0.422043,2.86368][0.475988,-0.327386,-0.816244][0.933631,0.291614,0][-0.153401,0.422044,2.86368][-0.475988,-0.327386,-0.816244][0.88397,0.291614,0][0.149316,0.318348,2.88078][0.470066,-0.0240239,-0.882304][0.933631,0.307636,0][-0.153401,0.422044,2.86368][-0.475988,-0.327386,-0.816244][0.88397,0.291614,0][0.153408,0.422043,2.86368][0.475988,-0.327386,-0.816244][0.933631,0.291614,0][-0.153401,0.422044,2.86368][-0.475988,-0.327386,-0.816244][0.88397,0.291614,0][0.149316,0.318348,2.88078][0.470066,-0.0240239,-0.882304][0.933631,0.307636,0][-0.14931,0.318348,2.88078][-0.470066,-0.0240231,-0.882304][0.88397,0.307636,0][0.145219,0.184572,2.86127][0.465773,0.217945,-0.857645][0.933631,0.322592,0][-0.14931,0.318348,2.88078][-0.470066,-0.0240231,-0.882304][0.88397,0.307636,0][0.149316,0.318348,2.88078][0.470066,-0.0240239,-0.882304][0.933631,0.307636,0][-0.14931,0.318348,2.88078][-0.470066,-0.0240231,-0.882304][0.88397,0.307636,0][0.145219,0.184572,2.86127][0.465773,0.217945,-0.857645][0.933631,0.322592,0][-0.145212,0.184572,2.86127][-0.465772,0.217946,-0.857646][0.88397,0.322592,0][0.141127,0.0279427,2.79843][0.463047,0.397018,-0.792442][0.933631,0.341147,0][-0.145212,0.184572,2.86127][-0.465772,0.217946,-0.857646][0.88397,0.322592,0][0.145219,0.184572,2.86127][0.465773,0.217945,-0.857645][0.933631,0.322592,0][-0.145212,0.184572,2.86127][-0.465772,0.217946,-0.857646][0.88397,0.322592,0][0.141127,0.0279427,2.79843][0.463047,0.397018,-0.792442][0.933631,0.341147,0][-0.141121,0.0279428,2.79843][-0.463046,0.397019,-0.792442][0.88397,0.341147,0][-0.141121,0.0279428,2.79843][-0.463046,0.397019,-0.792442][0.88397,0.341147,0][0.141127,0.0279427,2.79843][0.463047,0.397018,-0.792442][0.933631,0.341147,0][-0.137048,-0.142441,2.68905][-0.461358,0.530253,-0.711324][0.88397,0.360871,0][0.141127,0.0279427,2.79843][0.463047,0.397018,-0.792442][0.933631,0.341147,0][0.137054,-0.142441,2.68905][0.461358,0.530252,-0.711324][0.933631,0.360871,0][-0.137048,-0.142441,2.68905][-0.461358,0.530253,-0.711324][0.88397,0.360871,0][-0.137048,-0.142441,2.68905][-0.461358,0.530253,-0.711324][0.88397,0.360871,0][0.137054,-0.142441,2.68905][0.461358,0.530252,-0.711324][0.933631,0.360871,0][-0.133011,-0.318139,2.5318][-0.459956,0.632019,-0.623693][0.88397,0.381733,0][0.137054,-0.142441,2.68905][0.461358,0.530252,-0.711324][0.933631,0.360871,0][0.133018,-0.318139,2.5318][0.459957,0.632019,-0.623693][0.933631,0.381733,0][-0.133011,-0.318139,2.5318][-0.459956,0.632019,-0.623693][0.88397,0.381733,0][0.122088,-0.794864,1.9659][0.481954,0.665651,-0.569762][0.933631,0.40487,0][-0.133011,-0.318139,2.5318][-0.459956,0.632019,-0.623693][0.88397,0.381733,0][0.133018,-0.318139,2.5318][0.459957,0.632019,-0.623693][0.933631,0.381733,0][-0.133011,-0.318139,2.5318][-0.459956,0.632019,-0.623693][0.88397,0.381733,0][0.122088,-0.794864,1.9659][0.481954,0.665651,-0.569762][0.933631,0.40487,0][-0.122083,-0.794864,1.9659][-0.481954,0.665651,-0.569762][0.88397,0.40487,0]